from_HexID,to_HexID,Month,TimeIndex,OriginType,DestinationType,Energy_kWh_day,Energy_kWh_annual,DeltaPrice_SEK_per_kWh,PriceComp_SEK_day,PriceComp_SEK_annual
12,2,April,17,fast,fast,0.18458694298485145,5.537608289545544,0.0,0.0,0.0
12,2,February,17,fast,fast,1.9775946428571431,55.37265000000001,0.0,0.0,0.0
12,2,June,16,fast,fast,1.638932829233005,49.16798487699015,0.0,0.0,0.0
12,2,June,17,fast,fast,6.221364750000001,186.64094250000002,0.0,0.0,0.0
12,2,March,17,fast,fast,2.68248093685819,83.1569090426039,0.0,0.0,0.0
12,2,May,16,fast,fast,4.8116274193548385,149.16045,0.0,0.0,0.0
12,2,May,17,fast,fast,7.103353790322581,220.2039675,0.0,0.0,0.0
12,2,May,18,fast,fast,5.6844347822826515,176.21747825076218,0.0,0.0,0.0
12,2,May,20,fast,fast,0.12170765956762786,3.7729374465964636,0.0,0.0,0.0
12,2,September,17,fast,fast,2.715388678793674,81.46166036381022,0.0,0.0,0.0
13,27,April,15,medium,slow,0.27968313521638066,8.39049405649142,0.0,0.0,0.0
13,27,August,15,medium,slow,0.27968313521638066,8.6701771917078,0.0,0.0,0.0
13,27,December,15,slow,slow,0.27968313521638066,8.6701771917078,0.0,0.0,0.0
13,27,February,15,fast,slow,0.27968313521638066,7.831127786058659,0.0,0.0,0.0
13,27,January,15,fast,slow,0.27968313521638066,8.6701771917078,0.0,0.0,0.0
13,27,July,15,medium,slow,0.27968313521638066,8.6701771917078,0.0,0.0,0.0
13,27,June,15,fast,slow,0.27968313521638066,8.39049405649142,0.0,0.0,0.0
13,27,March,15,medium,slow,0.27968313521638066,8.6701771917078,0.0,0.0,0.0
13,27,May,15,fast,slow,0.27968313521638066,8.6701771917078,0.0,0.0,0.0
13,27,November,15,medium,slow,0.27968313521638066,8.39049405649142,0.0,0.0,0.0
13,27,October,15,fast,slow,0.27968313521638066,8.6701771917078,0.0,0.0,0.0
13,27,September,15,fast,slow,0.27968313521638066,8.39049405649142,0.0,0.0,0.0
23,24,April,18,fast,medium,4.659366701380523,139.7810010414157,0.0,0.0,0.0
23,24,April,19,fast,medium,16.409000166626512,492.27000499879534,0.0,0.0,0.0
23,24,April,20,medium,medium,16.409000166626512,492.27000499879534,0.0,0.0,0.0
23,24,April,21,medium,medium,8.443813166666665,253.31439499999993,0.0,0.0,0.0
23,24,April,22,medium,medium,3.248489535336672,97.45468606010016,0.0,0.0,0.0
23,24,August,19,fast,medium,16.409000166626512,508.67900516542187,0.0,0.0,0.0
23,24,August,20,fast,medium,16.409000166626512,508.67900516542187,0.0,0.0,0.0
23,24,August,21,fast,medium,6.339070096696442,196.5111729975897,0.0,0.0,0.0
23,24,August,22,fast,medium,3.9418980271306734,122.19883884105087,0.0,0.0,0.0
23,24,December,18,medium,medium,3.2071914325633197,99.42293440946291,0.0,0.0,0.0
23,24,December,19,medium,medium,16.409000166626512,508.67900516542187,0.0,0.0,0.0
23,24,December,20,medium,medium,16.409000166626512,508.67900516542187,0.0,0.0,0.0
23,24,December,21,medium,medium,6.339070096696442,196.5111729975897,0.0,0.0,0.0
23,24,December,22,medium,medium,1.5407714516129032,47.763915,0.0,0.0,0.0
23,24,February,18,fast,medium,2.863261939475762,80.17133430532134,0.0,0.0,0.0
23,24,February,19,fast,medium,16.409000166626512,459.45200466554235,0.0,0.0,0.0
23,24,February,20,medium,medium,16.409000166626512,459.45200466554235,0.0,0.0,0.0
23,24,February,21,fast,medium,15.966486274809956,447.0616156946788,0.0,0.0,0.0
23,24,February,22,fast,medium,3.713375,103.9745,0.0,0.0,0.0
23,24,January,19,medium,medium,16.409000166626512,508.67900516542187,0.0,0.0,0.0
23,24,January,20,medium,medium,16.409000166626512,508.67900516542187,0.0,0.0,0.0
23,24,January,21,medium,medium,6.339070096696442,196.5111729975897,0.0,0.0,0.0
23,24,July,18,fast,medium,2.5153920777246097,77.9771544094629,0.0,0.0,0.0
23,24,July,19,fast,medium,16.409000166626512,508.67900516542187,0.0,0.0,0.0
23,24,July,20,medium,medium,16.409000166626512,508.67900516542187,0.0,0.0,0.0
23,24,July,21,fast,medium,6.339070096696442,196.5111729975897,0.0,0.0,0.0
23,24,July,22,medium,medium,3.6511187826484996,113.1846822621035,0.0,0.0,0.0
23,24,June,18,medium,medium,4.518740868047189,135.56222604141567,0.0,0.0,0.0
23,24,June,19,medium,medium,20.047540166666668,601.426205,0.0,0.0,0.0
23,24,June,20,fast,medium,20.047540166666668,601.426205,0.0,0.0,0.0
23,24,June,21,medium,medium,13.375477596696442,401.26432790089325,0.0,0.0,0.0
23,24,June,22,medium,medium,3.1691287020033387,95.07386106010016,0.0,0.0,0.0
23,24,March,18,fast,medium,3.1456420967741936,97.514905,0.0,0.0,0.0
23,24,March,19,medium,medium,16.610539112903226,514.9267125,0.0,0.0,0.0
23,24,March,20,fast,medium,16.610539112903226,514.9267125,0.0,0.0,0.0
23,24,March,21,medium,medium,16.018261367969437,496.56610240705254,0.0,0.0,0.0
23,24,March,22,fast,medium,3.863025234261403,119.7537822621035,0.0,0.0,0.0
23,24,May,18,fast,medium,4.364005948692351,135.28418440946288,0.0,0.0,0.0
23,24,May,19,fast,medium,22.0,682.0,0.0,0.0,0.0
23,24,May,20,medium,medium,22.0,682.0,0.0,0.0,0.0
23,24,May,21,fast,medium,13.135608806373861,407.2038729975897,0.0,0.0,0.0
23,24,May,22,fast,medium,2.9292599116807576,90.80705726210348,0.0,0.0,0.0
23,24,November,18,fast,medium,0.7798392499999999,23.395177499999996,0.0,0.0,0.0
23,24,November,19,fast,medium,16.409000166626512,492.27000499879534,0.0,0.0,0.0
23,24,November,20,fast,medium,16.409000166626512,492.27000499879534,0.0,0.0,0.0
23,24,November,21,medium,medium,6.339070096696442,190.17210290089326,0.0,0.0,0.0
23,24,November,22,medium,medium,2.2392388333333337,67.17716500000002,0.0,0.0,0.0
23,24,October,19,medium,medium,16.409000166626512,508.67900516542187,0.0,0.0,0.0
23,24,October,20,fast,medium,16.409000166626512,508.67900516542187,0.0,0.0,0.0
23,24,October,21,fast,medium,6.339070096696442,196.5111729975897,0.0,0.0,0.0
23,24,September,18,medium,medium,3.1000199999999998,93.00059999999999,0.0,0.0,0.0
23,24,September,19,fast,medium,16.409000166626512,492.27000499879534,0.0,0.0,0.0
23,24,September,20,fast,medium,16.409000166626512,492.27000499879534,0.0,0.0,0.0
23,24,September,21,fast,medium,15.9586551314103,478.759653942309,0.0,0.0,0.0
23,24,September,22,medium,medium,4.145253833582286,124.35761500746858,0.0,0.0,0.0
24,23,November,11,fast,medium,0.1393271979166668,4.179815937500004,0.0,0.0,0.0
31,32,April,20,medium,medium,11.407143947519756,342.2143184255927,0.0,0.0,0.0
31,32,April,21,medium,medium,0.5357984457184308,16.073953371552925,0.0,0.0,0.0
31,32,August,20,medium,medium,11.407143947519756,353.6214623731124,0.0,0.0,0.0
31,32,August,21,medium,medium,0.5357984457184308,16.609751817271356,0.0,0.0,0.0
31,32,February,20,medium,medium,11.407143947519756,319.4000305305532,0.0,0.0,0.0
31,32,February,21,medium,medium,0.5357984457184308,15.002356480116063,0.0,0.0,0.0
31,32,July,20,medium,medium,11.407143947519756,353.6214623731124,0.0,0.0,0.0
31,32,July,21,medium,medium,0.5357984457184308,16.609751817271356,0.0,0.0,0.0
31,32,June,20,medium,medium,11.407143947519756,342.2143184255927,0.0,0.0,0.0
31,32,June,21,medium,medium,0.5357984457184308,16.073953371552925,0.0,0.0,0.0
31,32,March,20,fast,medium,11.407143947519756,353.6214623731124,0.0,0.0,0.0
31,32,March,21,medium,medium,0.5357984457184308,16.609751817271356,0.0,0.0,0.0
31,32,May,20,fast,medium,11.407143947519756,353.6214623731124,0.0,0.0,0.0
31,32,May,21,medium,medium,0.5357984457184308,16.609751817271356,0.0,0.0,0.0
31,32,November,20,medium,medium,1.5522688342935602,46.56806502880681,0.0,0.0,0.0
31,32,November,21,medium,medium,0.5357984457184308,16.073953371552925,0.0,0.0,0.0
31,32,September,20,medium,medium,11.407143947519756,342.2143184255927,0.0,0.0,0.0
31,32,September,21,fast,medium,0.5357984457184308,16.073953371552925,0.0,0.0,0.0
31,42,December,20,medium,medium,11.407143947519756,353.6214623731124,0.0,0.0,0.0
31,42,December,21,fast,medium,0.5357984457184308,16.609751817271356,0.0,0.0,0.0
31,42,January,20,fast,medium,11.407143947519756,353.6214623731124,0.0,0.0,0.0
31,42,January,21,fast,medium,0.5357984457184308,16.609751817271356,0.0,0.0,0.0
31,42,November,20,medium,medium,9.854875113226196,295.6462533967859,0.0,0.0,0.0
31,42,October,20,medium,medium,11.407143947519756,353.6214623731124,0.0,0.0,0.0
31,42,October,21,fast,medium,0.5357984457184308,16.609751817271356,0.0,0.0,0.0
32,31,February,24,fast,fast,0.5538271428571431,15.507160000000006,0.0,0.0,0.0
32,31,March,24,fast,fast,2.743575806451611,85.05084999999994,0.0,0.0,0.0
33,32,April,19,fast,medium,2.881693026429801,86.45079079289403,0.0,0.0,0.0
33,32,April,20,medium,medium,2.881693026429801,86.45079079289403,0.0,0.0,0.0
33,32,April,21,medium,medium,2.881693026429801,86.45079079289403,0.0,0.0,0.0
33,32,August,19,fast,medium,2.881693026429801,89.33248381932383,0.0,0.0,0.0
33,32,August,20,medium,medium,2.881693026429801,89.33248381932383,0.0,0.0,0.0
33,32,August,21,medium,medium,2.881693026429801,89.33248381932383,0.0,0.0,0.0
33,32,December,19,medium,medium,2.881693026429801,89.33248381932383,0.0,0.0,0.0
33,32,December,20,medium,medium,2.881693026429801,89.33248381932383,0.0,0.0,0.0
33,32,December,21,medium,medium,2.881693026429801,89.33248381932383,0.0,0.0,0.0
33,32,February,19,medium,medium,2.881693026429801,80.68740474003442,0.0,0.0,0.0
33,32,February,20,medium,medium,2.881693026429801,80.68740474003442,0.0,0.0,0.0
33,32,February,21,fast,medium,2.881693026429801,80.68740474003442,0.0,0.0,0.0
33,32,January,19,medium,medium,2.881693026429801,89.33248381932383,0.0,0.0,0.0
33,32,January,20,fast,medium,2.881693026429801,89.33248381932383,0.0,0.0,0.0
33,32,January,21,fast,medium,2.881693026429801,89.33248381932383,0.0,0.0,0.0
33,32,July,19,fast,medium,2.881693026429801,89.33248381932383,0.0,0.0,0.0
33,32,July,20,medium,medium,2.881693026429801,89.33248381932383,0.0,0.0,0.0
33,32,July,21,medium,medium,2.881693026429801,89.33248381932383,0.0,0.0,0.0
33,32,June,19,medium,medium,11.457480592447524,343.7244177734257,0.0,0.0,0.0
33,32,June,20,medium,medium,11.46762921780715,344.02887653421453,0.0,0.0,0.0
33,32,June,21,medium,medium,9.430524507280051,282.91573521840155,0.0,0.0,0.0
33,32,June,23,fast,medium,0.1,3.0,0.0,0.0,0.0
33,32,March,19,medium,medium,2.881693026429801,89.33248381932383,0.0,0.0,0.0
33,32,March,20,fast,medium,2.881693026429801,89.33248381932383,0.0,0.0,0.0
33,32,March,21,fast,medium,2.881693026429801,89.33248381932383,0.0,0.0,0.0
33,32,May,19,medium,medium,2.881693026429801,89.33248381932383,0.0,0.0,0.0
33,32,May,20,medium,medium,2.881693026429801,89.33248381932383,0.0,0.0,0.0
33,32,May,21,medium,medium,2.881693026429801,89.33248381932383,0.0,0.0,0.0
33,32,November,19,fast,medium,2.881693026429801,86.45079079289403,0.0,0.0,0.0
33,32,November,20,fast,medium,2.881693026429801,86.45079079289403,0.0,0.0,0.0
33,32,November,21,fast,medium,2.881693026429801,86.45079079289403,0.0,0.0,0.0
33,32,October,19,fast,medium,2.881693026429801,89.33248381932383,0.0,0.0,0.0
33,32,October,20,fast,medium,2.881693026429801,89.33248381932383,0.0,0.0,0.0
33,32,October,21,medium,medium,2.881693026429801,89.33248381932383,0.0,0.0,0.0
33,32,September,19,fast,medium,2.881693026429801,86.45079079289403,0.0,0.0,0.0
33,32,September,20,medium,medium,2.881693026429801,86.45079079289403,0.0,0.0,0.0
33,32,September,21,medium,medium,2.881693026429801,86.45079079289403,0.0,0.0,0.0
41,31,April,12,fast,fast,0.515632,15.46896,0.0,0.0,0.0
41,31,April,13,fast,fast,3.9130830000000003,117.39249000000001,0.0,0.0,0.0
41,31,April,14,fast,fast,3.55491953354529,106.64758600635871,0.0,0.0,0.0
41,31,August,12,fast,fast,0.6446832258064515,19.985179999999996,0.0,0.0,0.0
41,31,August,13,fast,fast,2.715668709677419,84.18572999999999,0.0,0.0,0.0
41,31,August,14,fast,fast,2.715668709677419,84.18572999999999,0.0,0.0,0.0
41,31,July,13,fast,fast,2.2654255009739304,70.22819053019184,0.0,0.0,0.0
41,31,July,14,fast,fast,0.1,3.1,0.0,0.0,0.0
41,31,June,13,fast,fast,1.8689533956413662,56.068601869240986,0.0,0.0,0.0
41,31,June,14,fast,fast,1.1205746659212625,33.61723997763788,0.0,0.0,0.0
41,31,May,13,fast,fast,2.9458684574859983,91.32192218206595,0.0,0.0,0.0
41,31,May,14,fast,fast,1.0826244596511003,33.56135824918411,0.0,0.0,0.0
41,56,April,12,medium,medium,1.4927556138074225,44.78266841422268,0.0,0.0,0.0
41,56,April,13,fast,medium,2.30025825,69.00774750000001,0.0,0.0,0.0
41,56,April,14,medium,medium,2.30025825,69.00774750000001,0.0,0.0,0.0
41,56,August,12,fast,medium,1.4926123880009712,46.27098402803011,0.0,0.0,0.0
41,56,August,13,medium,medium,3.6299785667364732,112.52933556883067,0.0,0.0,0.0
41,56,August,14,medium,medium,3.1395090738678713,97.32478128990401,0.0,0.0,0.0
41,56,December,12,fast,medium,2.1372956138074226,66.2561640280301,0.0,0.0,0.0
41,56,December,13,fast,medium,7.007526602647288,217.23332468206593,0.0,0.0,0.0
41,56,December,14,medium,medium,5.85517778354529,181.510511289904,0.0,0.0,0.0
41,56,February,12,fast,medium,2.0372956138074225,57.04427718660783,0.0,0.0,0.0
41,56,February,13,fast,medium,4.437098562915146,124.2387597616241,0.0,0.0,0.0
41,56,February,14,medium,medium,5.85517778354529,163.94497793926814,0.0,0.0,0.0
41,56,January,12,medium,medium,2.1372956138074226,66.2561640280301,0.0,0.0,0.0
41,56,January,13,medium,medium,7.007526602647288,217.23332468206593,0.0,0.0,0.0
41,56,January,14,medium,medium,5.85517778354529,181.510511289904,0.0,0.0,0.0
41,56,July,12,medium,medium,1.7101455331622613,53.0145115280301,0.0,0.0,0.0
41,56,July,13,medium,medium,2.4364700806451616,75.5305725,0.0,0.0,0.0
41,56,July,14,medium,medium,4.1149859575,127.5645646825,0.0,0.0,0.0
41,56,June,12,fast,medium,2.1372956138074226,64.11886841422267,0.0,0.0,0.0
41,56,June,13,fast,medium,3.622810499999999,108.68431499999997,0.0,0.0,0.0
41,56,June,14,fast,medium,4.734603117624028,142.03809352872082,0.0,0.0,0.0
41,56,March,12,medium,medium,2.1372956138074226,66.2561640280301,0.0,0.0,0.0
41,56,March,13,fast,medium,7.007526602647288,217.23332468206593,0.0,0.0,0.0
41,56,March,14,medium,medium,5.85517778354529,181.510511289904,0.0,0.0,0.0
41,56,May,12,medium,medium,2.1372956138074226,66.2561640280301,0.0,0.0,0.0
41,56,May,13,medium,medium,4.06165814516129,125.91140249999998,0.0,0.0,0.0
41,56,May,14,fast,medium,4.77255332389419,147.9491530407199,0.0,0.0,0.0
41,56,November,12,medium,medium,2.1372956138074226,64.11886841422267,0.0,0.0,0.0
41,56,November,13,medium,medium,7.007526602647288,210.22579807941864,0.0,0.0,0.0
41,56,November,14,fast,medium,4.912769083128625,147.38307249385875,0.0,0.0,0.0
41,56,October,12,fast,medium,2.1372956138074226,66.2561640280301,0.0,0.0,0.0
41,56,October,13,fast,medium,7.007526602647288,217.23332468206593,0.0,0.0,0.0
41,56,October,14,fast,medium,5.85517778354529,181.510511289904,0.0,0.0,0.0
41,56,September,12,fast,medium,2.1372956138074226,64.11886841422267,0.0,0.0,0.0
41,56,September,13,medium,medium,7.007526602647288,210.22579807941864,0.0,0.0,0.0
41,56,September,14,medium,medium,5.85517778354529,175.65533350635872,0.0,0.0,0.0
41,57,April,12,medium,medium,0.128908,3.86724,0.0,0.0,0.0
41,57,April,13,medium,medium,0.794185352647288,23.82556057941864,0.0,0.0,0.0
41,57,August,13,medium,medium,0.661879326233396,20.518259113235274,0.0,0.0,0.0
41,57,February,12,fast,medium,0.1,2.8000000000000003,0.0,0.0,0.0
41,57,February,13,fast,medium,2.5704280397321417,71.97198511249996,0.0,0.0,0.0
41,57,July,12,medium,medium,0.4271500806451613,13.2416525,0.0,0.0,0.0
41,57,July,13,medium,medium,2.305631021028196,71.47456165187408,0.0,0.0,0.0
41,57,July,14,fast,medium,1.6401918260452906,50.84594660740401,0.0,0.0,0.0
41,57,June,13,fast,medium,1.5157627070059227,45.47288121017768,0.0,0.0,0.0
41,57,November,14,medium,medium,0.9424087004166651,28.272261012499953,0.0,0.0,0.0
42,31,April,25,fast,fast,14.732142857142858,441.9642857142857,0.0,0.0,0.0
42,31,April,26,fast,fast,22.15967,664.7900999999999,0.0,0.0,0.0
42,31,April,27,fast,fast,19.999999,599.99997,0.0,0.0,0.0
42,31,April,28,fast,fast,18.67632070900429,560.2896212701287,0.0,0.0,0.0
42,31,April,29,fast,fast,8.210681851106013,246.3204555331804,0.0,0.0,0.0
42,31,August,25,fast,fast,14.732142857142858,456.6964285714286,0.0,0.0,0.0
42,31,August,26,fast,fast,14.190738429023344,439.9128912997237,0.0,0.0,0.0
42,31,August,27,fast,fast,3.275348020614558,101.5357886390513,0.0,0.0,0.0
42,31,August,28,fast,fast,2.240889032258064,69.46755999999998,0.0,0.0,0.0
42,31,December,26,fast,fast,11.495838191606879,356.37098393981324,0.0,0.0,0.0
42,31,December,27,fast,fast,3.275348020614558,101.5357886390513,0.0,0.0,0.0
42,31,December,28,fast,fast,1.285989079529692,39.86566146542045,0.0,0.0,0.0
42,31,February,25,fast,fast,1.1078272399968396,31.01916271991151,0.0,0.0,0.0
42,31,February,26,fast,fast,11.495838191606879,321.8834693649926,0.0,0.0,0.0
42,31,February,27,fast,fast,3.275348020614558,91.70974457720763,0.0,0.0,0.0
42,31,February,28,fast,fast,1.285989079529692,36.007694226831376,0.0,0.0,0.0
42,31,January,26,fast,fast,11.495838191606879,356.37098393981324,0.0,0.0,0.0
42,31,January,27,fast,fast,3.275348020614558,101.5357886390513,0.0,0.0,0.0
42,31,January,28,fast,fast,1.285989079529692,39.86566146542045,0.0,0.0,0.0
42,31,July,26,fast,fast,11.495838191606879,356.37098393981324,0.0,0.0,0.0
42,31,July,27,fast,fast,3.275348020614558,101.5357886390513,0.0,0.0,0.0
42,31,July,28,fast,fast,1.285989079529692,39.86566146542045,0.0,0.0,0.0
42,31,June,22,fast,fast,1.0898324213287083,32.69497263986125,0.0,0.0,0.0
42,31,June,25,fast,fast,14.732142857142858,441.9642857142857,0.0,0.0,0.0
42,31,June,26,fast,fast,22.23993533333333,667.1980599999999,0.0,0.0,0.0
42,31,June,27,fast,fast,19.631622992475215,588.9486897742564,0.0,0.0,0.0
42,31,June,28,fast,fast,23.285989079529692,698.5796723858907,0.0,0.0,0.0
42,31,June,29,fast,fast,8.210681851106013,246.3204555331804,0.0,0.0,0.0
42,31,March,25,fast,fast,6.901216018968068,213.9376965880101,0.0,0.0,0.0
42,31,March,26,fast,fast,11.51773,357.04963,0.0,0.0,0.0
42,31,March,27,fast,fast,3.275348020614558,101.5357886390513,0.0,0.0,0.0
42,31,March,28,fast,fast,1.285989079529692,39.86566146542045,0.0,0.0,0.0
42,31,March,29,fast,fast,2.525194571635464,78.28103172069937,0.0,0.0,0.0
42,31,May,22,fast,fast,2.584364454443195,80.11529808773905,0.0,0.0,0.0
42,31,May,26,fast,fast,11.495838191606879,356.37098393981324,0.0,0.0,0.0
42,31,May,27,fast,fast,3.275348020614558,101.5357886390513,0.0,0.0,0.0
42,31,May,28,fast,fast,1.285989079529692,39.86566146542045,0.0,0.0,0.0
42,31,November,26,fast,fast,11.495838191606879,344.87514574820636,0.0,0.0,0.0
42,31,November,27,fast,fast,3.275348020614558,98.26044061843675,0.0,0.0,0.0
42,31,November,28,fast,fast,1.285989079529692,38.57967238589076,0.0,0.0,0.0
42,31,October,26,fast,fast,11.495838191606879,356.37098393981324,0.0,0.0,0.0
42,31,October,27,fast,fast,3.275348020614558,101.5357886390513,0.0,0.0,0.0
42,31,October,28,fast,fast,1.285989079529692,39.86566146542045,0.0,0.0,0.0
42,31,September,25,fast,fast,14.732142857142858,441.9642857142857,0.0,0.0,0.0
42,31,September,26,fast,fast,19.826293382836713,594.7888014851014,0.0,0.0,0.0
42,31,September,27,fast,fast,3.275348020614558,98.26044061843675,0.0,0.0,0.0
42,31,September,28,fast,fast,1.285989079529692,38.57967238589076,0.0,0.0,0.0
42,32,June,21,fast,medium,2.415635545556806,72.46906636670418,0.0,0.0,0.0
42,32,June,22,medium,medium,1.4945320331144867,44.8359609934346,0.0,0.0,0.0
42,32,June,26,fast,medium,11.255902858273547,337.6770857482064,0.0,0.0,0.0
42,32,June,27,fast,medium,5.643725028139343,169.3117508441803,0.0,0.0,0.0
42,32,May,21,fast,medium,2.415635545556806,74.88470191226098,0.0,0.0,0.0
43,32,June,15,medium,medium,16.916049799445688,507.4814939833706,0.0,0.0,0.0
43,32,June,16,medium,medium,21.735463925504924,652.0639177651477,0.0,0.0,0.0
43,32,June,17,medium,medium,21.735463925504924,652.0639177651477,0.0,0.0,0.0
43,32,June,18,medium,medium,16.342141099885204,490.26423299655613,0.0,0.0,0.0
43,32,June,19,medium,medium,7.257281553398059,217.71844660194176,0.0,0.0,0.0
43,32,May,15,medium,medium,21.735463925504924,673.7993816906526,0.0,0.0,0.0
43,32,May,16,medium,medium,21.735463925504924,673.7993816906526,0.0,0.0,0.0
43,32,May,17,medium,medium,21.735463925504924,673.7993816906526,0.0,0.0,0.0
43,32,May,18,fast,medium,16.342141099885204,506.6063740964413,0.0,0.0,0.0
43,32,May,19,fast,medium,7.257281553398059,224.97572815533982,0.0,0.0,0.0
43,32,September,18,medium,medium,0.1381612666074774,4.144837998224322,0.0,0.0,0.0
43,33,February,31,medium,medium,0.1,2.8000000000000003,0.0,0.0,0.0
43,33,February,32,fast,medium,0.30411409745218343,8.515194728661136,0.0,0.0,0.0
43,33,June,31,fast,medium,0.3550059832469087,10.65017949740726,0.0,0.0,0.0
43,33,June,32,fast,medium,3.589948145193458,107.69844435580373,0.0,0.0,0.0
43,33,June,33,fast,medium,1.055045871559633,31.651376146788987,0.0,0.0,0.0
43,33,March,31,medium,medium,0.3550059832469087,11.00518548065417,0.0,0.0,0.0
43,33,March,32,medium,medium,3.589948145193458,111.28839250099719,0.0,0.0,0.0
43,33,March,33,fast,medium,1.055045871559633,32.70642201834862,0.0,0.0,0.0
47,85,April,23,fast,medium,3.7136333333333336,111.409,0.0,0.0,0.0
47,85,April,24,fast,medium,3.7136333333333336,111.409,0.0,0.0,0.0
47,85,April,25,fast,medium,3.7431874999999994,112.29562499999999,0.0,0.0,0.0
47,85,April,43,medium,medium,3.943062592090758,118.29187776272275,0.0,0.0,0.0
47,85,April,44,medium,medium,2.5,75.0,0.0,0.0,0.0
47,85,August,23,fast,medium,2.182554435483871,67.6591875,0.0,0.0,0.0
47,85,August,24,fast,medium,2.182554435483871,67.6591875,0.0,0.0,0.0
47,85,August,25,fast,medium,1.0646297239366387,33.0035214420358,0.0,0.0,0.0
47,85,August,44,medium,medium,0.1,3.1,0.0,0.0,0.0
47,85,December,43,fast,medium,1.2710592693116993,39.40283734866268,0.0,0.0,0.0
47,85,February,23,fast,medium,1.7827410714285716,49.91675000000001,0.0,0.0,0.0
47,85,February,24,fast,medium,1.7827410714285716,49.91675000000001,0.0,0.0,0.0
47,85,February,43,fast,medium,11.0,308.0,0.0,0.0,0.0
47,85,January,43,medium,medium,11.0,341.0,0.0,0.0,0.0
47,85,January,44,medium,medium,9.890046088343212,306.5914287386396,0.0,0.0,0.0
47,85,July,23,fast,medium,2.5376895161290323,78.668375,0.0,0.0,0.0
47,85,July,24,fast,medium,2.5376895161290323,78.668375,0.0,0.0,0.0
47,85,July,25,fast,medium,2.5425040322580648,78.817625,0.0,0.0,0.0
47,85,July,43,fast,medium,2.5,77.5,0.0,0.0,0.0
47,85,July,44,medium,medium,2.5,77.5,0.0,0.0,0.0
47,85,June,23,fast,medium,3.7925562499999996,113.7766875,0.0,0.0,0.0
47,85,June,24,medium,medium,3.7925562499999996,113.7766875,0.0,0.0,0.0
47,85,June,25,fast,medium,5.825907891889786,174.77723675669358,0.0,0.0,0.0
47,85,June,43,fast,medium,9.329199706603367,279.875991198101,0.0,0.0,0.0
47,85,June,44,medium,medium,0.2350316822916667,7.050950468750001,0.0,0.0,0.0
47,85,March,23,fast,medium,2.1526310483870965,66.7315625,0.0,0.0,0.0
47,85,March,24,fast,medium,0.1,3.1,0.0,0.0,0.0
47,85,March,43,fast,medium,1.351444880485195,41.894791295041045,0.0,0.0,0.0
47,85,May,23,fast,medium,4.487451612903227,139.11100000000005,0.0,0.0,0.0
47,85,May,24,fast,medium,4.487451612903227,139.11100000000005,0.0,0.0,0.0
47,85,May,25,fast,medium,4.351145161290323,134.8855,0.0,0.0,0.0
47,85,May,43,fast,medium,2.5,77.5,0.0,0.0,0.0
47,85,May,44,medium,medium,2.5,77.5,0.0,0.0,0.0
47,85,November,43,fast,medium,11.0,330.0,0.0,0.0,0.0
47,85,October,43,medium,medium,11.0,341.0,0.0,0.0,0.0
47,85,October,44,fast,medium,9.890046088343212,306.5914287386396,0.0,0.0,0.0
47,85,September,23,fast,medium,2.2669104166666667,68.0073125,0.0,0.0,0.0
47,85,September,24,fast,medium,2.2669104166666667,68.0073125,0.0,0.0,0.0
47,85,September,43,fast,medium,11.0,330.0,0.0,0.0,0.0
47,105,April,23,fast,medium,3.4165426666666665,102.49628,0.0,0.0,0.0
47,105,April,24,fast,medium,3.4165426666666665,102.49628,0.0,0.0,0.0
47,105,April,25,medium,medium,2.474128352968897,74.22385058906691,0.0,0.0,0.0
47,105,April,43,fast,medium,2.5,75.0,0.0,0.0,0.0
47,105,April,44,fast,medium,2.5,75.0,0.0,0.0,0.0
47,105,August,23,fast,medium,2.0079500806451613,62.246452500000004,0.0,0.0,0.0
47,105,August,24,fast,medium,2.0079500806451613,62.246452500000004,0.0,0.0,0.0
47,105,August,25,fast,medium,1.5896263791678376,49.27841775420296,0.0,0.0,0.0
47,105,August,43,fast,medium,1.2710592693116993,39.40283734866268,0.0,0.0,0.0
47,105,August,44,medium,medium,0.1,3.1,0.0,0.0,0.0
47,105,December,43,medium,medium,11.0,341.0,0.0,0.0,0.0
47,105,December,44,medium,medium,9.890046088343212,306.5914287386396,0.0,0.0,0.0
47,105,February,23,fast,medium,1.6401217857142858,45.923410000000004,0.0,0.0,0.0
47,105,February,24,fast,medium,1.6401217857142858,45.923410000000004,0.0,0.0,0.0
47,105,February,25,medium,medium,1.0008623201203823,28.024144963370706,0.0,0.0,0.0
47,105,February,43,fast,medium,1.2710592693116993,35.58965954072758,0.0,0.0,0.0
47,105,February,44,medium,medium,9.890046088343212,276.92129047360993,0.0,0.0,0.0
47,105,January,43,medium,medium,1.2710592693116993,39.40283734866268,0.0,0.0,0.0
47,105,July,23,fast,medium,2.33467435483871,72.37490500000001,0.0,0.0,0.0
47,105,July,24,fast,medium,2.33467435483871,72.37490500000001,0.0,0.0,0.0
47,105,July,25,fast,medium,1.3694995626463164,42.45448644203581,0.0,0.0,0.0
47,105,July,43,fast,medium,2.5,77.5,0.0,0.0,0.0
47,105,July,44,fast,medium,2.5,77.5,0.0,0.0,0.0
47,105,June,23,fast,medium,3.4891517499999996,104.67455249999999,0.0,0.0,0.0
47,105,June,24,fast,medium,4.547176737290791,136.41530211872373,0.0,0.0,0.0
47,105,June,25,fast,medium,2.486602019635564,74.59806058906692,0.0,0.0,0.0
47,105,June,43,fast,medium,0.2162291477083334,6.486874431250002,0.0,0.0,0.0
47,105,March,23,fast,medium,0.13099074670600586,4.060713147886181,0.0,0.0,0.0
47,105,March,24,fast,medium,1.9804205645161286,61.393037499999984,0.0,0.0,0.0
47,105,March,43,fast,medium,2.5,77.5,0.0,0.0,0.0
47,105,May,23,fast,medium,4.128455483870969,127.98212000000004,0.0,0.0,0.0
47,105,May,24,medium,medium,4.128455483870969,127.98212000000004,0.0,0.0,0.0
47,105,May,25,medium,medium,2.5592439439842933,79.33656226351309,0.0,0.0,0.0
47,105,May,43,fast,medium,3.766907768166025,116.77414081314677,0.0,0.0,0.0
47,105,May,44,medium,medium,2.3900460883432117,74.09142873863956,0.0,0.0,0.0
47,105,November,43,medium,medium,1.2710592693116993,38.13177807935098,0.0,0.0,0.0
47,105,September,23,fast,medium,2.0855575833333333,62.5667275,0.0,0.0,0.0
47,105,September,24,fast,medium,2.0855575833333333,62.5667275,0.0,0.0,0.0
47,106,April,23,fast,medium,3.5650880000000003,106.95264,0.0,0.0,0.0
47,106,April,24,fast,medium,3.5650880000000003,106.95264,0.0,0.0,0.0
47,106,April,25,fast,medium,3.5934599999999994,107.80379999999998,0.0,0.0,0.0
47,106,April,43,fast,medium,2.5,75.0,0.0,0.0,0.0
47,106,April,44,fast,medium,2.3900460883432117,71.70138265029635,0.0,0.0,0.0
47,106,August,23,fast,medium,2.095252258064516,64.95281999999999,0.0,0.0,0.0
47,106,August,24,fast,medium,1.9810919946177545,61.41385183315039,0.0,0.0,0.0
47,106,August,25,fast,medium,1.952864516129032,60.53879999999999,0.0,0.0,0.0
47,106,August,43,medium,medium,11.0,341.0,0.0,0.0,0.0
47,106,August,44,medium,medium,9.690046088343212,300.3914287386396,0.0,0.0,0.0
47,106,February,23,fast,medium,1.7114314285714287,47.920080000000006,0.0,0.0,0.0
47,106,February,24,fast,medium,1.5972711651246674,44.72359262349069,0.0,0.0,0.0
47,106,February,25,fast,medium,1.1668918794103815,32.67297262349068,0.0,0.0,0.0
47,106,July,23,fast,medium,2.436181935483871,75.52164,0.0,0.0,0.0
47,106,July,24,fast,medium,2.436181935483871,75.52164,0.0,0.0,0.0
47,106,July,25,fast,medium,2.440803870967742,75.66492000000001,0.0,0.0,0.0
47,106,July,43,medium,medium,7.271059269311699,225.40283734866267,0.0,0.0,0.0
47,106,July,44,medium,medium,4.890046088343212,151.59142873863956,0.0,0.0,0.0
47,106,June,23,fast,medium,3.6408539999999996,109.22561999999999,0.0,0.0,0.0
47,106,June,24,fast,medium,3.6408539999999996,109.22561999999999,0.0,0.0,0.0
47,106,June,25,fast,medium,3.7064760000000008,111.19428000000002,0.0,0.0,0.0
47,106,June,43,fast,medium,0.22563041500000006,6.768912450000002,0.0,0.0,0.0
47,106,June,44,fast,medium,9.555014406051546,286.65043218154636,0.0,0.0,0.0
47,106,March,23,fast,medium,0.8250151103565357,25.57546842105261,0.0,0.0,0.0
47,106,March,24,fast,medium,1.3551256401932745,42.00889484599151,0.0,0.0,0.0
47,106,March,43,fast,medium,5.9196143888265045,183.50804605362163,0.0,0.0,0.0
47,106,March,44,fast,medium,6.5696527444556025,203.6592350781237,0.0,0.0,0.0
47,106,May,23,fast,medium,4.307953548387098,133.54656000000003,0.0,0.0,0.0
47,106,May,24,fast,medium,3.084575898220117,95.62185284482362,0.0,0.0,0.0
47,106,May,25,medium,medium,4.70440526323998,145.8365631604394,0.0,0.0,0.0
47,106,May,43,medium,medium,2.5,77.5,0.0,0.0,0.0
47,106,May,44,medium,medium,2.5,77.5,0.0,0.0,0.0
47,106,November,44,medium,medium,9.890046088343212,296.70138265029635,0.0,0.0,0.0
47,106,October,43,fast,medium,1.2710592693116993,39.40283734866268,0.0,0.0,0.0
47,106,September,23,fast,medium,2.176234,65.28702,0.0,0.0,0.0
47,106,September,24,fast,medium,2.176234,65.28702,0.0,0.0,0.0
47,106,September,43,fast,medium,1.2710592693116993,38.13177807935098,0.0,0.0,0.0
47,106,September,44,fast,medium,9.890046088343212,296.70138265029635,0.0,0.0,0.0
47,129,April,23,fast,medium,2.8474159970728135,85.4224799121844,0.0,0.0,0.0
47,129,April,43,medium,medium,0.8279966772209405,24.839900316628214,0.0,0.0,0.0
47,129,June,23,fast,medium,2.910554330406147,87.31662991218441,0.0,0.0,0.0
47,129,June,26,medium,medium,0.4036576969685613,12.10973090905684,0.0,0.0,0.0
47,129,March,44,fast,medium,0.8203933438876088,25.43219366051587,0.0,0.0,0.0
47,129,May,43,medium,medium,1.0041515011456745,31.12869653551591,0.0,0.0,0.0
47,131,April,23,fast,medium,0.5546656345119203,16.63996903535761,0.0,0.0,0.0
47,131,April,43,fast,medium,2.5,75.0,0.0,0.0,0.0
47,131,April,44,fast,medium,2.5,75.0,0.0,0.0,0.0
47,131,June,23,fast,medium,0.21056171784525635,6.31685153535769,0.0,0.0,0.0
47,131,June,26,fast,medium,1.17199268172934,35.1597804518802,0.0,0.0,0.0
47,131,June,43,fast,medium,2.5,75.0,0.0,0.0,0.0
47,131,June,44,fast,medium,0.1,3.0,0.0,0.0,0.0
47,131,March,43,medium,medium,2.5,77.5,0.0,0.0,0.0
47,131,March,44,fast,medium,2.5,77.5,0.0,0.0,0.0
47,131,May,26,fast,medium,1.6403703784265726,50.85148173122375,0.0,0.0,0.0
47,131,May,43,medium,medium,2.5,77.5,0.0,0.0,0.0
47,131,May,44,fast,medium,2.5,77.5,0.0,0.0,0.0
49,23,April,37,fast,medium,0.18307093125000026,5.492127937500008,0.0,0.0,0.0
49,23,April,46,fast,medium,7.417904089391946,222.53712268175838,0.0,0.0,0.0
49,23,April,47,fast,medium,7.417904089391946,222.53712268175838,0.0,0.0,0.0
49,23,August,46,medium,medium,7.417904089391946,229.95502677115033,0.0,0.0,0.0
49,23,August,47,medium,medium,7.417904089391946,229.95502677115033,0.0,0.0,0.0
49,23,December,46,fast,medium,7.417904089391946,229.95502677115033,0.0,0.0,0.0
49,23,December,47,fast,medium,7.417904089391946,229.95502677115033,0.0,0.0,0.0
49,23,February,1,fast,medium,0.40861815625000014,11.441308375000004,0.0,0.0,0.0
49,23,February,37,fast,medium,0.8597002497918402,24.071606994171525,0.0,0.0,0.0
49,23,February,38,fast,medium,1.4860446519938744,41.609250255828485,0.0,0.0,0.0
49,23,February,46,fast,medium,7.417904089391946,207.7013145029745,0.0,0.0,0.0
49,23,February,47,fast,medium,7.417904089391946,207.7013145029745,0.0,0.0,0.0
49,23,January,46,medium,medium,7.417904089391946,229.95502677115033,0.0,0.0,0.0
49,23,January,47,medium,medium,7.417904089391946,229.95502677115033,0.0,0.0,0.0
49,23,July,37,fast,medium,0.1,3.1,0.0,0.0,0.0
49,23,July,46,medium,medium,7.417904089391946,229.95502677115033,0.0,0.0,0.0
49,23,July,47,fast,medium,7.417904089391946,229.95502677115033,0.0,0.0,0.0
49,23,June,37,medium,medium,0.33349405208333405,10.004821562500021,0.0,0.0,0.0
49,23,June,38,medium,medium,2.5704375,77.11312500000001,0.0,0.0,0.0
49,23,June,39,medium,medium,0.1,3.0,0.0,0.0,0.0
49,23,June,46,medium,medium,7.417904089391946,222.53712268175838,0.0,0.0,0.0
49,23,June,47,medium,medium,7.417904089391946,222.53712268175838,0.0,0.0,0.0
49,23,March,37,fast,medium,0.8597002497918402,26.65070774354705,0.0,0.0,0.0
49,23,March,38,medium,medium,2.5,77.5,0.0,0.0,0.0
49,23,March,39,medium,medium,0.3934221482098252,12.19608659450458,0.0,0.0,0.0
49,23,March,46,fast,medium,7.417904089391946,229.95502677115033,0.0,0.0,0.0
49,23,March,47,medium,medium,7.417904089391946,229.95502677115033,0.0,0.0,0.0
49,23,May,37,fast,medium,0.8597002497918402,26.65070774354705,0.0,0.0,0.0
49,23,May,38,medium,medium,2.545741935483871,78.91799999999999,0.0,0.0,0.0
49,23,May,39,fast,medium,0.3934221482098252,12.19608659450458,0.0,0.0,0.0
49,23,May,46,fast,medium,7.417904089391946,229.95502677115033,0.0,0.0,0.0
49,23,May,47,medium,medium,7.417904089391946,229.95502677115033,0.0,0.0,0.0
49,23,November,46,fast,medium,7.417904089391946,222.53712268175838,0.0,0.0,0.0
49,23,November,47,fast,medium,7.417904089391946,222.53712268175838,0.0,0.0,0.0
49,23,October,46,fast,medium,7.417904089391946,229.95502677115033,0.0,0.0,0.0
49,23,October,47,fast,medium,7.417904089391946,229.95502677115033,0.0,0.0,0.0
49,23,September,46,fast,medium,7.417904089391946,222.53712268175838,0.0,0.0,0.0
49,23,September,47,fast,medium,7.417904089391946,222.53712268175838,0.0,0.0,0.0
49,24,April,37,fast,medium,0.3754684502399361,11.264053507198083,0.0,0.0,0.0
49,24,April,38,medium,medium,3.7468776019983348,112.40632805995004,0.0,0.0,0.0
49,24,April,39,medium,medium,0.3934221482098252,11.802664446294756,0.0,0.0,0.0
49,24,April,46,medium,medium,22.0,660.0,0.0,0.0,0.0
49,24,April,47,fast,medium,22.0,660.0,0.0,0.0,0.0
49,24,April,48,medium,medium,17.61401356688573,528.420407006572,0.0,0.0,0.0
49,24,August,46,fast,medium,22.0,682.0,0.0,0.0,0.0
49,24,August,47,medium,medium,22.0,682.0,0.0,0.0,0.0
49,24,August,48,fast,medium,17.61401356688573,546.0344205734576,0.0,0.0,0.0
49,24,December,46,fast,medium,22.0,682.0,0.0,0.0,0.0
49,24,December,47,medium,medium,22.0,682.0,0.0,0.0,0.0
49,24,December,48,fast,medium,17.61401356688573,546.0344205734576,0.0,0.0,0.0
49,24,February,1,medium,medium,1.2752998568510823,35.7083959918303,0.0,0.0,0.0
49,24,February,46,medium,medium,22.0,616.0,0.0,0.0,0.0
49,24,February,47,fast,medium,22.0,616.0,0.0,0.0,0.0
49,24,February,48,medium,medium,17.61401356688573,493.1923798728005,0.0,0.0,0.0
49,24,January,46,fast,medium,22.0,682.0,0.0,0.0,0.0
49,24,January,47,fast,medium,22.0,682.0,0.0,0.0,0.0
49,24,January,48,fast,medium,17.61401356688573,546.0344205734576,0.0,0.0,0.0
49,24,July,37,medium,medium,0.7597002497918403,23.550707743547047,0.0,0.0,0.0
49,24,July,38,medium,medium,3.7468776019983348,116.15320566194838,0.0,0.0,0.0
49,24,July,39,medium,medium,0.3934221482098252,12.19608659450458,0.0,0.0,0.0
49,24,July,46,fast,medium,22.0,682.0,0.0,0.0,0.0
49,24,July,47,medium,medium,22.0,682.0,0.0,0.0,0.0
49,24,July,48,fast,medium,17.61401356688573,546.0344205734576,0.0,0.0,0.0
49,24,June,1,medium,medium,7.182587666263604,215.47762998790813,0.0,0.0,0.0
49,24,June,38,medium,medium,0.8223329064059226,24.66998719217768,0.0,0.0,0.0
49,24,June,39,medium,medium,0.10288158333333333,3.0864475,0.0,0.0,0.0
49,24,June,46,medium,medium,22.0,660.0,0.0,0.0,0.0
49,24,June,47,fast,medium,22.0,660.0,0.0,0.0,0.0
49,24,June,48,fast,medium,17.61401356688573,528.420407006572,0.0,0.0,0.0
49,24,March,38,medium,medium,1.2468776019983348,38.65320566194838,0.0,0.0,0.0
49,24,March,46,medium,medium,22.0,682.0,0.0,0.0,0.0
49,24,March,47,medium,medium,22.0,682.0,0.0,0.0,0.0
49,24,March,48,fast,medium,17.61401356688573,546.0344205734576,0.0,0.0,0.0
49,24,May,38,medium,medium,1.201135666514464,37.235205661948385,0.0,0.0,0.0
49,24,May,46,fast,medium,22.0,682.0,0.0,0.0,0.0
49,24,May,47,medium,medium,22.0,682.0,0.0,0.0,0.0
49,24,May,48,fast,medium,17.61401356688573,546.0344205734576,0.0,0.0,0.0
49,24,November,37,fast,medium,0.1,3.0,0.0,0.0,0.0
49,24,November,38,medium,medium,0.6131423644741716,18.394270934225148,0.0,0.0,0.0
49,24,November,46,fast,medium,22.0,660.0,0.0,0.0,0.0
49,24,November,47,fast,medium,22.0,660.0,0.0,0.0,0.0
49,24,November,48,medium,medium,17.61401356688573,528.420407006572,0.0,0.0,0.0
49,24,October,46,fast,medium,22.0,682.0,0.0,0.0,0.0
49,24,October,47,medium,medium,22.0,682.0,0.0,0.0,0.0
49,24,October,48,fast,medium,17.61401356688573,546.0344205734576,0.0,0.0,0.0
49,24,September,46,medium,medium,22.0,660.0,0.0,0.0,0.0
49,24,September,47,medium,medium,22.0,660.0,0.0,0.0,0.0
49,24,September,48,fast,medium,17.61401356688573,528.420407006572,0.0,0.0,0.0
51,62,February,24,fast,medium,3.301645872382318,92.44608442670491,0.0,0.0,0.0
51,62,June,23,medium,medium,16.672780364727778,500.18341094183336,0.0,0.0,0.0
51,62,June,24,medium,medium,14.272780364727778,428.18341094183336,0.0,0.0,0.0
51,62,June,25,fast,medium,3.885375228778372,116.56125686335116,0.0,0.0,0.0
52,53,April,24,fast,medium,1.462725903614458,43.88177710843374,0.0,0.0,0.0
52,53,April,25,medium,medium,8.343509171822426,250.30527515467276,0.0,0.0,0.0
52,53,April,26,fast,medium,7.693764924563118,230.81294773689356,0.0,0.0,0.0
52,53,April,31,fast,medium,7.060273088753152,211.80819266259456,0.0,0.0,0.0
52,53,August,24,medium,medium,1.462725903614458,45.3445030120482,0.0,0.0,0.0
52,53,August,25,medium,medium,4.486964477428279,139.09589880027664,0.0,0.0,0.0
52,53,August,26,medium,medium,7.693764924563118,238.50671266145667,0.0,0.0,0.0
52,53,August,31,fast,medium,9.147727177209589,283.57954249349723,0.0,0.0,0.0
52,53,December,31,fast,medium,9.147727177209589,283.57954249349723,0.0,0.0,0.0
52,53,February,31,medium,medium,9.147727177209589,256.1363609618685,0.0,0.0,0.0
52,53,January,31,medium,medium,9.147727177209589,283.57954249349723,0.0,0.0,0.0
52,53,July,31,medium,medium,9.147727177209589,283.57954249349723,0.0,0.0,0.0
52,53,June,24,fast,medium,1.462725903614458,43.88177710843374,0.0,0.0,0.0
52,53,June,25,medium,medium,8.343509171822426,250.30527515467276,0.0,0.0,0.0
52,53,June,26,fast,medium,7.693764924563118,230.81294773689356,0.0,0.0,0.0
52,53,March,24,fast,medium,1.462725903614458,45.3445030120482,0.0,0.0,0.0
52,53,March,25,fast,medium,0.8043652622076625,24.93532312843754,0.0,0.0,0.0
52,53,March,26,medium,medium,7.693764924563118,238.50671266145667,0.0,0.0,0.0
52,53,March,31,fast,medium,5.933491414313144,183.93823384370745,0.0,0.0,0.0
52,53,May,24,fast,medium,1.462725903614458,45.3445030120482,0.0,0.0,0.0
52,53,May,31,fast,medium,1.364090938506692,42.28681909370745,0.0,0.0,0.0
52,53,November,31,fast,medium,9.147727177209589,274.43181531628767,0.0,0.0,0.0
52,53,October,31,medium,medium,9.147727177209589,283.57954249349723,0.0,0.0,0.0
52,53,September,24,medium,medium,1.462725903614458,43.88177710843374,0.0,0.0,0.0
52,53,September,31,fast,medium,9.147727177209589,274.43181531628767,0.0,0.0,0.0
52,64,April,31,fast,medium,2.087454088456437,62.62362265369311,0.0,0.0,0.0
52,64,June,30,medium,medium,1.20519,36.155699999999996,0.0,0.0,0.0
52,64,June,31,fast,medium,9.147727177209589,274.43181531628767,0.0,0.0,0.0
52,64,March,31,fast,medium,3.214235762896445,99.64130864978979,0.0,0.0,0.0
52,64,May,31,fast,medium,7.783636238702897,241.2927233997898,0.0,0.0,0.0
53,65,February,19,fast,medium,0.5342806249999992,14.959857499999977,0.0,0.0,0.0
55,69,April,23,fast,medium,3.2139061116031904,96.4171833480957,0.0,0.0,0.0
55,69,August,23,medium,medium,3.2139061116031904,99.6310894596989,0.0,0.0,0.0
55,69,December,23,fast,medium,3.2139061116031904,99.6310894596989,0.0,0.0,0.0
55,69,February,23,medium,medium,3.2139061116031904,89.98937112488933,0.0,0.0,0.0
55,69,January,23,medium,medium,3.2139061116031904,99.6310894596989,0.0,0.0,0.0
55,69,July,23,medium,medium,3.2139061116031904,99.6310894596989,0.0,0.0,0.0
55,69,June,23,medium,medium,3.2139061116031904,96.4171833480957,0.0,0.0,0.0
55,69,March,23,medium,medium,3.2139061116031904,99.6310894596989,0.0,0.0,0.0
55,69,May,23,medium,medium,3.2139061116031904,99.6310894596989,0.0,0.0,0.0
55,69,November,23,medium,medium,3.2139061116031904,96.4171833480957,0.0,0.0,0.0
55,69,October,23,fast,medium,3.2139061116031904,99.6310894596989,0.0,0.0,0.0
55,69,September,23,fast,medium,3.2139061116031904,96.4171833480957,0.0,0.0,0.0
56,57,April,25,medium,medium,8.50890988388003,255.2672965164009,0.0,0.0,0.0
56,57,April,26,fast,medium,5.5399175,166.19752499999998,0.0,0.0,0.0
56,57,April,32,medium,medium,2.9639343333333334,88.91803,0.0,0.0,0.0
56,57,April,33,medium,medium,1.4564186666666665,43.69255999999999,0.0,0.0,0.0
56,57,April,34,fast,medium,1.4564186666666665,43.69255999999999,0.0,0.0,0.0
56,57,April,35,fast,medium,10.096836802146797,302.9051040644039,0.0,0.0,0.0
56,57,April,37,medium,medium,5.007033083333333,150.21099249999997,0.0,0.0,0.0
56,57,April,38,medium,medium,1.589328475124564,47.67985425373692,0.0,0.0,0.0
56,57,August,25,medium,medium,3.0051574796960954,93.15988187057896,0.0,0.0,0.0
56,57,August,26,medium,medium,3.0106661290322574,93.33064999999998,0.0,0.0,0.0
56,57,August,33,fast,medium,1.1850950806451614,36.737947500000004,0.0,0.0,0.0
56,57,August,34,fast,medium,1.1850950806451614,36.737947500000004,0.0,0.0,0.0
56,57,August,35,fast,medium,10.096836802146797,313.0019408665507,0.0,0.0,0.0
56,57,December,35,medium,medium,10.096836802146797,313.0019408665507,0.0,0.0,0.0
56,57,February,35,fast,medium,10.096836802146797,282.7114304601103,0.0,0.0,0.0
56,57,January,35,medium,medium,10.096836802146797,313.0019408665507,0.0,0.0,0.0
56,57,July,35,fast,medium,10.096836802146797,313.0019408665507,0.0,0.0,0.0
56,57,June,25,fast,medium,8.63439355700503,259.0318067101509,0.0,0.0,0.0
56,57,June,26,fast,medium,5.559983833333333,166.79951499999999,0.0,0.0,0.0
56,57,June,32,fast,medium,3.5937205833333334,107.8116175,0.0,0.0,0.0
56,57,June,33,medium,medium,2.349728166666667,70.49184500000001,0.0,0.0,0.0
56,57,June,34,medium,medium,2.349728166666667,70.49184500000001,0.0,0.0,0.0
56,57,June,35,medium,medium,10.096836802146797,302.9051040644039,0.0,0.0,0.0
56,57,March,26,medium,medium,0.12002877001868084,3.720891870579106,0.0,0.0,0.0
56,57,March,32,fast,medium,1.4819633870967743,45.940865,0.0,0.0,0.0
56,57,March,33,medium,medium,0.35390499999999997,10.971055,0.0,0.0,0.0
56,57,March,34,medium,medium,0.35390499999999997,10.971055,0.0,0.0,0.0
56,57,March,35,fast,medium,10.096836802146797,313.0019408665507,0.0,0.0,0.0
56,57,March,37,fast,medium,2.752350507492105,85.32286573225525,0.0,0.0,0.0
56,57,May,25,medium,medium,10.442276298611215,323.7105652569477,0.0,0.0,0.0
56,57,May,26,fast,medium,6.439694838709678,199.63054000000002,0.0,0.0,0.0
56,57,May,32,medium,medium,3.6570949193548383,113.3699425,0.0,0.0,0.0
56,57,May,33,fast,medium,2.1813857258064515,67.6229575,0.0,0.0,0.0
56,57,May,34,medium,medium,2.1813857258064515,67.6229575,0.0,0.0,0.0
56,57,May,35,medium,medium,10.096836802146797,313.0019408665507,0.0,0.0,0.0
56,57,May,37,fast,medium,5.1692451612903225,160.2466,0.0,0.0,0.0
56,57,May,38,fast,medium,1.9162997157613935,59.4052911886032,0.0,0.0,0.0
56,57,November,35,fast,medium,10.096836802146797,302.9051040644039,0.0,0.0,0.0
56,57,October,35,fast,medium,10.096836802146797,313.0019408665507,0.0,0.0,0.0
56,57,September,25,medium,medium,3.5484357404487836,106.45307221346351,0.0,0.0,0.0
56,57,September,26,medium,medium,3.7446281666666668,112.338845,0.0,0.0,0.0
56,57,September,35,fast,medium,10.096836802146797,302.9051040644039,0.0,0.0,0.0
57,56,April,19,fast,medium,9.518842989149983,285.56528967449947,0.0,0.0,0.0
57,56,April,20,medium,medium,11.362196389735727,340.86589169207184,0.0,0.0,0.0
57,56,April,21,fast,medium,12.0428155,361.284465,0.0,0.0,0.0
57,56,April,22,medium,medium,7.893465670284313,236.8039701085294,0.0,0.0,0.0
57,56,August,20,medium,medium,3.876860764006788,120.18268368421042,0.0,0.0,0.0
57,56,February,19,medium,medium,5.255506875,147.1541925,0.0,0.0,0.0
57,56,February,20,fast,medium,5.255506875,147.1541925,0.0,0.0,0.0
57,56,July,19,medium,medium,5.590739750318032,173.312932259859,0.0,0.0,0.0
57,56,July,20,fast,medium,7.775204032258064,241.03132499999998,0.0,0.0,0.0
57,56,June,19,medium,medium,9.492104322483314,284.7631296744994,0.0,0.0,0.0
57,56,June,20,fast,medium,11.335457723069059,340.06373169207177,0.0,0.0,0.0
57,56,June,21,medium,medium,12.73325475,381.9976425,0.0,0.0,0.0
57,56,June,22,fast,medium,10.498181639735726,314.9454491920718,0.0,0.0,0.0
57,56,June,23,fast,medium,2.801642072006923,84.04926216020769,0.0,0.0,0.0
57,56,May,19,medium,medium,3.9784689149954335,123.33253636485844,0.0,0.0,0.0
57,56,May,20,fast,medium,13.588600161290323,421.246605,0.0,0.0,0.0
57,56,May,21,medium,medium,14.610667115542178,452.9306805818075,0.0,0.0,0.0
57,56,May,22,fast,medium,9.610667115542178,297.9306805818075,0.0,0.0,0.0
60,85,April,1,fast,medium,4.728155339805825,141.84466019417476,0.0,0.0,0.0
60,85,April,48,medium,medium,4.728155339805825,141.84466019417476,0.0,0.0,0.0
60,85,August,48,fast,medium,4.728155339805825,146.5728155339806,0.0,0.0,0.0
60,85,December,48,fast,medium,4.728155339805825,146.5728155339806,0.0,0.0,0.0
60,85,February,48,medium,medium,4.728155339805825,132.38834951456312,0.0,0.0,0.0
60,85,January,48,fast,medium,4.728155339805825,146.5728155339806,0.0,0.0,0.0
60,85,July,48,medium,medium,4.728155339805825,146.5728155339806,0.0,0.0,0.0
60,85,June,1,medium,medium,4.728155339805825,141.84466019417476,0.0,0.0,0.0
60,85,June,48,medium,medium,4.728155339805825,141.84466019417476,0.0,0.0,0.0
60,85,March,48,medium,medium,4.728155339805825,146.5728155339806,0.0,0.0,0.0
60,85,May,48,fast,medium,4.728155339805825,146.5728155339806,0.0,0.0,0.0
60,85,November,1,fast,medium,4.728155339805825,141.84466019417476,0.0,0.0,0.0
60,85,November,48,fast,medium,4.728155339805825,141.84466019417476,0.0,0.0,0.0
60,85,October,48,medium,medium,4.728155339805825,146.5728155339806,0.0,0.0,0.0
60,85,September,1,medium,medium,4.728155339805825,141.84466019417476,0.0,0.0,0.0
60,85,September,48,fast,medium,4.728155339805825,141.84466019417476,0.0,0.0,0.0
60,105,January,1,medium,medium,4.728155339805825,146.5728155339806,0.0,0.0,0.0
60,106,August,1,fast,medium,4.728155339805825,146.5728155339806,0.0,0.0,0.0
60,106,December,1,fast,medium,4.728155339805825,146.5728155339806,0.0,0.0,0.0
60,106,February,1,fast,medium,4.728155339805825,132.38834951456312,0.0,0.0,0.0
60,106,July,1,fast,medium,4.728155339805825,146.5728155339806,0.0,0.0,0.0
60,106,March,1,fast,medium,4.728155339805825,146.5728155339806,0.0,0.0,0.0
60,106,May,1,medium,medium,4.728155339805825,146.5728155339806,0.0,0.0,0.0
60,106,October,1,fast,medium,4.728155339805825,146.5728155339806,0.0,0.0,0.0
61,23,April,35,medium,medium,2.5880383333333334,77.64115000000001,0.0,0.0,0.0
61,23,August,35,fast,medium,2.6216637096774194,81.271575,0.0,0.0,0.0
61,23,December,35,fast,medium,0.8088830927419353,25.07537587499999,0.0,0.0,0.0
61,23,February,35,medium,medium,2.5,70.0,0.0,0.0,0.0
61,23,January,35,medium,medium,2.5,77.5,0.0,0.0,0.0
61,23,July,35,fast,medium,0.4304199697580637,13.343019062499975,0.0,0.0,0.0
61,23,June,26,fast,medium,2.7623305662026283,82.86991698607885,0.0,0.0,0.0
61,23,June,27,fast,medium,0.9844788163036421,29.53436448910926,0.0,0.0,0.0
61,23,June,32,fast,medium,0.9712758333333333,29.138275,0.0,0.0,0.0
61,23,June,33,fast,medium,0.6350616666666666,19.051849999999998,0.0,0.0,0.0
61,23,June,34,medium,medium,0.6350616666666666,19.051849999999998,0.0,0.0,0.0
61,23,June,35,medium,medium,2.7559216666666666,82.67765,0.0,0.0,0.0
61,23,March,35,fast,medium,2.500615322580645,77.519075,0.0,0.0,0.0
61,23,May,35,medium,medium,2.6917298387096773,83.443625,0.0,0.0,0.0
61,23,November,35,fast,medium,2.5,75.0,0.0,0.0,0.0
61,23,September,35,medium,medium,2.5126341666666665,75.379025,0.0,0.0,0.0
61,24,June,26,medium,medium,21.666459833333334,649.9937950000001,0.0,0.0,0.0
61,24,June,27,fast,medium,6.608573292877499,198.25719878632498,0.0,0.0,0.0
61,24,June,32,fast,medium,5.924782583333333,177.74347749999998,0.0,0.0,0.0
61,62,April,35,medium,medium,4.16597114585608,124.9791343756824,0.0,0.0,0.0
61,62,August,35,fast,medium,4.1323457695119945,128.10271885487182,0.0,0.0,0.0
61,62,December,35,fast,medium,5.945126386447479,184.29891797987185,0.0,0.0,0.0
61,62,February,35,medium,medium,4.254009479189413,119.11226541730358,0.0,0.0,0.0
61,62,January,35,fast,medium,4.254009479189413,131.8742938548718,0.0,0.0,0.0
61,62,July,35,fast,medium,6.32358950943135,196.03127479237185,0.0,0.0,0.0
61,62,June,25,medium,medium,12.978157491282895,389.34472473848683,0.0,0.0,0.0
61,62,June,34,fast,medium,0.6983918405488136,20.95175521646441,0.0,0.0,0.0
61,62,June,35,medium,medium,3.998087812522747,119.9426343756824,0.0,0.0,0.0
61,62,March,35,fast,medium,4.253394156608769,131.85521885487182,0.0,0.0,0.0
61,62,May,35,medium,medium,2.27227237251451,70.44044354794981,0.0,0.0,0.0
61,62,November,35,medium,medium,4.254009479189413,127.6202843756824,0.0,0.0,0.0
61,62,October,35,fast,medium,6.754009479189413,209.3742938548718,0.0,0.0,0.0
61,62,September,35,fast,medium,4.241375312522747,127.2412593756824,0.0,0.0,0.0
61,75,May,35,fast,medium,1.7900072679652266,55.49022530692202,0.0,0.0,0.0
62,51,April,29,fast,medium,2.7837373937499974,83.51212181249993,0.0,0.0,0.0
62,51,August,29,fast,medium,0.7921212736377929,24.55575948277158,0.0,0.0,0.0
62,51,July,29,medium,medium,0.49234777164685883,15.262780921052624,0.0,0.0,0.0
62,51,June,28,medium,medium,0.1380180159279778,4.140540477839334,0.0,0.0,0.0
62,51,June,29,fast,medium,4.31358125,129.40743750000001,0.0,0.0,0.0
62,51,May,29,medium,medium,2.0772884311122652,64.39594136448022,0.0,0.0,0.0
62,51,May,35,fast,medium,0.2875947580645161,8.9154375,0.0,0.0,0.0
62,63,April,29,fast,medium,6.956499181721682,208.69497545165046,0.0,0.0,0.0
62,63,August,29,medium,medium,10.844759925736412,336.18755769782877,0.0,0.0,0.0
62,63,December,29,fast,medium,11.636881199374216,360.7433171806007,0.0,0.0,0.0
62,63,February,29,medium,medium,11.636881199374216,325.83267358247804,0.0,0.0,0.0
62,63,January,29,medium,medium,11.636881199374216,360.7433171806007,0.0,0.0,0.0
62,63,July,29,medium,medium,11.144533427727357,345.48053625954805,0.0,0.0,0.0
62,63,June,29,medium,medium,3.025770876513347,90.7731262954004,0.0,0.0,0.0
62,63,March,29,medium,medium,11.636881199374216,360.7433171806007,0.0,0.0,0.0
62,63,November,29,medium,medium,11.636881199374216,349.10643598122647,0.0,0.0,0.0
62,63,October,29,medium,medium,11.636881199374216,360.7433171806007,0.0,0.0,0.0
62,63,September,29,medium,medium,11.636881199374216,349.10643598122647,0.0,0.0,0.0
62,75,April,26,fast,medium,1.148159094173792,34.44477282521376,0.0,0.0,0.0
62,75,April,27,fast,medium,3.1800886644865614,95.40265993459684,0.0,0.0,0.0
62,75,April,28,medium,medium,3.1800886644865614,95.40265993459684,0.0,0.0,0.0
62,75,April,29,fast,medium,1.8966446239025352,56.899338717076056,0.0,0.0,0.0
62,75,June,26,fast,medium,0.9925094275071302,29.775282825213907,0.0,0.0,0.0
62,75,June,27,fast,medium,3.8473496644865612,115.42048993459684,0.0,0.0,0.0
62,75,June,28,fast,medium,3.8473496644865612,115.42048993459684,0.0,0.0,0.0
62,75,June,29,medium,medium,4.297529072860868,128.92587218582605,0.0,0.0,0.0
62,75,May,29,medium,medium,9.55959276826195,296.34737581612046,0.0,0.0,0.0
63,51,April,38,medium,medium,0.2568185657938496,7.704556973815488,0.0,0.0,0.0
63,51,April,39,medium,medium,2.346031746031746,70.38095238095238,0.0,0.0,0.0
63,51,July,38,medium,medium,0.2430798311793767,7.535474766560678,0.0,0.0,0.0
63,51,July,39,medium,medium,2.346031746031746,72.72698412698414,0.0,0.0,0.0
63,51,June,38,fast,medium,2.346031746031746,70.38095238095238,0.0,0.0,0.0
63,51,June,39,medium,medium,0.3849223157938498,11.547669473815493,0.0,0.0,0.0
63,51,March,38,medium,medium,2.346031746031746,72.72698412698414,0.0,0.0,0.0
63,51,March,39,medium,medium,0.25396825396825395,7.873015873015873,0.0,0.0,0.0
63,51,May,38,medium,medium,0.32323707385836575,10.020349289609339,0.0,0.0,0.0
63,51,May,39,fast,medium,2.346031746031746,72.72698412698414,0.0,0.0,0.0
63,62,April,38,medium,medium,2.089214118412301,62.67642355236903,0.0,0.0,0.0
63,62,August,38,fast,medium,2.346031746031746,72.72698412698414,0.0,0.0,0.0
63,62,August,39,fast,medium,2.346031746031746,72.72698412698414,0.0,0.0,0.0
63,62,December,38,fast,medium,2.346031746031746,72.72698412698414,0.0,0.0,0.0
63,62,December,39,fast,medium,2.346031746031746,72.72698412698414,0.0,0.0,0.0
63,62,February,38,medium,medium,2.346031746031746,65.6888888888889,0.0,0.0,0.0
63,62,February,39,medium,medium,2.346031746031746,65.6888888888889,0.0,0.0,0.0
63,62,January,38,medium,medium,2.346031746031746,72.72698412698414,0.0,0.0,0.0
63,62,January,39,medium,medium,2.346031746031746,72.72698412698414,0.0,0.0,0.0
63,62,July,38,medium,medium,2.102952853026774,65.19153844382998,0.0,0.0,0.0
63,62,June,39,fast,medium,1.961111111111111,58.83333333333333,0.0,0.0,0.0
63,62,March,39,fast,medium,2.092065368412301,64.85402642078132,0.0,0.0,0.0
63,62,May,38,fast,medium,2.0227956103477847,62.706663920781324,0.0,0.0,0.0
63,62,November,38,medium,medium,2.346031746031746,70.38095238095238,0.0,0.0,0.0
63,62,November,39,medium,medium,2.346031746031746,70.38095238095238,0.0,0.0,0.0
63,62,October,38,medium,medium,2.346031746031746,72.72698412698414,0.0,0.0,0.0
63,62,October,39,medium,medium,2.346031746031746,72.72698412698414,0.0,0.0,0.0
63,62,September,38,medium,medium,2.346031746031746,70.38095238095238,0.0,0.0,0.0
63,62,September,39,medium,medium,2.346031746031746,70.38095238095238,0.0,0.0,0.0
64,53,March,25,fast,medium,0.7085321184464135,21.96449567183882,0.0,0.0,0.0
64,78,April,24,fast,fast,15.16383746149933,454.9151238449799,0.0,0.0,0.0
64,78,April,25,fast,fast,20.68794964028777,620.638489208633,0.0,0.0,0.0
64,78,April,26,fast,fast,23.96532012195122,718.9596036585366,0.0,0.0,0.0
64,78,April,27,fast,fast,3.116465306506406,93.49395919519218,0.0,0.0,0.0
64,78,August,24,fast,fast,2.390521754163503,74.10617437906859,0.0,0.0,0.0
64,78,August,25,fast,fast,0.7085321184464135,21.96449567183882,0.0,0.0,0.0
64,78,August,26,fast,fast,2.4950830251770246,77.34757378048776,0.0,0.0,0.0
64,78,December,25,fast,fast,0.7085321184464135,21.96449567183882,0.0,0.0,0.0
64,78,February,25,fast,fast,0.7085321184464135,19.838899316499578,0.0,0.0,0.0
64,78,January,25,fast,fast,0.7085321184464135,21.96449567183882,0.0,0.0,0.0
64,78,July,25,fast,fast,0.7085321184464135,21.96449567183882,0.0,0.0,0.0
64,78,June,24,fast,fast,14.712065520259628,441.3619656077889,0.0,0.0,0.0
64,78,June,25,fast,medium,1.389104118446415,41.67312355339245,0.0,0.0,0.0
64,78,June,25,fast,fast,25.0,750.0,0.0,0.0,0.0
64,78,June,26,fast,fast,20.0,600.0,0.0,0.0,0.0
64,78,June,27,fast,fast,6.989507369697328,209.68522109091987,0.0,0.0,0.0
64,78,June,28,fast,medium,2.475204252100845,74.25612756302534,0.0,0.0,0.0
64,78,March,26,fast,fast,1.7963526219512205,55.68693128048783,0.0,0.0,0.0
64,78,May,24,fast,fast,12.940119998270074,401.1437199463723,0.0,0.0,0.0
64,78,May,25,fast,fast,20.68794964028777,641.3264388489208,0.0,0.0,0.0
64,78,May,26,fast,fast,22.573079929908616,699.765477827167,0.0,0.0,0.0
64,78,May,27,fast,fast,1.056248961778266,32.743717815126246,0.0,0.0,0.0
64,78,November,25,fast,fast,0.7085321184464135,21.255963553392405,0.0,0.0,0.0
64,78,October,25,fast,fast,0.7085321184464135,21.96449567183882,0.0,0.0,0.0
64,78,September,24,fast,fast,2.9332953684841563,87.9988610545247,0.0,0.0,0.0
64,78,September,25,fast,fast,3.125564473621104,93.76693420863312,0.0,0.0,0.0
64,78,September,26,fast,fast,6.402934955284554,192.08804865853662,0.0,0.0,0.0
65,53,April,34,fast,medium,1.628545857774864,48.85637573324592,0.0,0.0,0.0
65,53,August,34,medium,medium,4.553810548569402,141.16812700565146,0.0,0.0,0.0
65,53,December,34,medium,medium,4.553810548569402,141.16812700565146,0.0,0.0,0.0
65,53,February,34,fast,medium,4.553810548569402,127.50669535994325,0.0,0.0,0.0
65,53,January,34,medium,medium,4.553810548569402,141.16812700565146,0.0,0.0,0.0
65,53,July,34,fast,medium,2.979424699224804,92.36216567596892,0.0,0.0,0.0
65,53,March,34,medium,medium,1.3964899999999998,43.29118999999999,0.0,0.0,0.0
65,53,October,34,medium,medium,4.553810548569402,141.16812700565146,0.0,0.0,0.0
65,53,September,34,medium,medium,3.510817593309426,105.32452779928278,0.0,0.0,0.0
65,64,April,34,medium,medium,2.925264690794538,87.75794072383614,0.0,0.0,0.0
65,64,July,34,fast,medium,1.5743858493445975,48.805961329682525,0.0,0.0,0.0
65,64,June,34,medium,medium,4.553810548569402,136.61431645708205,0.0,0.0,0.0
65,64,March,34,medium,medium,3.157320548569402,97.87693700565146,0.0,0.0,0.0
65,64,May,34,medium,medium,4.553810548569402,141.16812700565146,0.0,0.0,0.0
65,64,November,34,medium,medium,4.553810548569402,136.61431645708205,0.0,0.0,0.0
65,64,September,34,fast,medium,1.0429929552599757,31.28978865779927,0.0,0.0,0.0
68,81,June,25,fast,medium,1.9486920813989919,58.460762441969756,0.0,0.0,0.0
68,81,June,26,fast,medium,1.2217221026151606,36.65166307845482,0.0,0.0,0.0
68,81,June,27,fast,medium,2.052206073416862,61.56618220250586,0.0,0.0,0.0
69,81,April,19,medium,medium,8.789701984075279,263.69105952225834,0.0,0.0,0.0
69,81,August,19,medium,medium,5.0460894840752815,156.42877400633373,0.0,0.0,0.0
69,81,December,19,fast,medium,5.0460894840752815,156.42877400633373,0.0,0.0,0.0
69,81,February,19,fast,medium,5.0460894840752815,141.29050555410788,0.0,0.0,0.0
69,81,January,19,fast,medium,5.0460894840752815,156.42877400633373,0.0,0.0,0.0
69,81,July,19,fast,medium,5.0460894840752815,156.42877400633373,0.0,0.0,0.0
69,81,June,19,medium,medium,8.656008650741946,259.6802595222584,0.0,0.0,0.0
69,81,June,29,fast,medium,2.2498379324540423,67.49513797362127,0.0,0.0,0.0
69,81,March,19,fast,medium,5.0460894840752815,156.42877400633373,0.0,0.0,0.0
69,81,May,19,fast,medium,5.0460894840752815,156.42877400633373,0.0,0.0,0.0
69,81,November,19,fast,medium,5.0460894840752815,151.38268452225844,0.0,0.0,0.0
69,81,October,19,fast,medium,5.0460894840752815,156.42877400633373,0.0,0.0,0.0
69,81,September,19,medium,medium,5.0460894840752815,151.38268452225844,0.0,0.0,0.0
70,57,April,35,fast,medium,3.943446441542104,118.30339324626311,0.0,0.0,0.0
70,57,April,36,medium,medium,3.943446441542104,118.30339324626311,0.0,0.0,0.0
70,57,August,35,fast,medium,3.943446441542104,122.24683968780522,0.0,0.0,0.0
70,57,August,36,medium,medium,3.943446441542104,122.24683968780522,0.0,0.0,0.0
70,57,December,35,fast,medium,3.943446441542104,122.24683968780522,0.0,0.0,0.0
70,57,December,36,fast,medium,3.943446441542104,122.24683968780522,0.0,0.0,0.0
70,57,February,35,medium,medium,3.943446441542104,110.41650036317891,0.0,0.0,0.0
70,57,February,36,fast,medium,3.943446441542104,110.41650036317891,0.0,0.0,0.0
70,57,January,35,fast,medium,3.943446441542104,122.24683968780522,0.0,0.0,0.0
70,57,January,36,fast,medium,3.943446441542104,122.24683968780522,0.0,0.0,0.0
70,57,July,35,medium,medium,3.943446441542104,122.24683968780522,0.0,0.0,0.0
70,57,July,36,fast,medium,3.943446441542104,122.24683968780522,0.0,0.0,0.0
70,57,June,35,fast,medium,3.943446441542104,118.30339324626311,0.0,0.0,0.0
70,57,June,36,fast,medium,3.943446441542104,118.30339324626311,0.0,0.0,0.0
70,57,March,35,medium,medium,3.943446441542104,122.24683968780522,0.0,0.0,0.0
70,57,March,36,fast,medium,3.943446441542104,122.24683968780522,0.0,0.0,0.0
70,57,May,35,fast,medium,3.943446441542104,122.24683968780522,0.0,0.0,0.0
70,57,May,36,fast,medium,3.943446441542104,122.24683968780522,0.0,0.0,0.0
70,57,November,35,medium,medium,3.943446441542104,118.30339324626311,0.0,0.0,0.0
70,57,November,36,fast,medium,3.943446441542104,118.30339324626311,0.0,0.0,0.0
70,57,October,35,medium,medium,3.943446441542104,122.24683968780522,0.0,0.0,0.0
70,57,October,36,fast,medium,3.943446441542104,122.24683968780522,0.0,0.0,0.0
70,57,September,35,medium,medium,3.943446441542104,118.30339324626311,0.0,0.0,0.0
70,57,September,36,medium,medium,3.943446441542104,118.30339324626311,0.0,0.0,0.0
72,84,April,21,fast,slow,0.7416829745596871,22.250489236790614,0.0,0.0,0.0
72,84,August,21,slow,slow,0.7416829745596871,22.9921722113503,0.0,0.0,0.0
72,84,December,21,slow,slow,0.7416829745596871,22.9921722113503,0.0,0.0,0.0
72,84,February,21,medium,slow,0.7416829745596871,20.76712328767124,0.0,0.0,0.0
72,84,January,21,medium,slow,0.7416829745596871,22.9921722113503,0.0,0.0,0.0
72,84,July,21,fast,slow,0.7416829745596871,22.9921722113503,0.0,0.0,0.0
72,84,June,21,slow,slow,0.7416829745596871,22.250489236790614,0.0,0.0,0.0
72,84,March,21,medium,slow,0.7416829745596871,22.9921722113503,0.0,0.0,0.0
72,84,May,21,fast,slow,0.7416829745596871,22.9921722113503,0.0,0.0,0.0
72,84,November,21,medium,slow,0.7416829745596871,22.250489236790614,0.0,0.0,0.0
72,84,October,21,medium,slow,0.7416829745596871,22.9921722113503,0.0,0.0,0.0
72,84,September,21,medium,slow,0.7416829745596871,22.250489236790614,0.0,0.0,0.0
75,62,April,13,medium,medium,7.58820825,227.64624750000002,0.0,0.0,0.0
75,62,April,14,medium,medium,9.446399795000001,283.39199385000006,0.0,0.0,0.0
75,62,February,24,fast,medium,2.580947911778508,72.26654152979822,0.0,0.0,0.0
75,62,June,11,medium,medium,1.4740390158500443,44.221170475501324,0.0,0.0,0.0
75,62,June,12,medium,medium,5.8260542140229195,174.7816264206876,0.0,0.0,0.0
75,62,June,13,medium,medium,15.490307733964077,464.7092320189223,0.0,0.0,0.0
75,62,June,14,fast,medium,11.951110499999997,358.5333149999999,0.0,0.0,0.0
75,62,March,24,fast,medium,2.580947911778508,80.00938526513374,0.0,0.0,0.0
75,62,September,20,medium,medium,3.187393048581587,95.62179145744761,0.0,0.0,0.0
77,64,April,35,medium,medium,0.5328757885933089,15.986273657799266,0.0,0.0,0.0
77,64,April,36,fast,medium,0.6585792300000004,19.75737690000001,0.0,0.0,0.0
77,64,August,36,fast,medium,2.16813793064409,67.21227584996679,0.0,0.0,0.0
77,64,August,37,medium,medium,5.049111164113972,156.52244608753313,0.0,0.0,0.0
77,64,December,34,fast,medium,0.2327690447400242,7.21584038694075,0.0,0.0,0.0
77,64,December,35,medium,medium,2.2672309552599756,70.28415961305924,0.0,0.0,0.0
77,64,December,36,medium,medium,4.748010610079575,147.18832891246683,0.0,0.0,0.0
77,64,December,37,fast,medium,5.251989389920424,162.81167108753314,0.0,0.0,0.0
77,64,February,34,medium,medium,0.2327690447400242,6.5175332527206775,0.0,0.0,0.0
77,64,February,35,fast,medium,2.2672309552599756,63.48246674727932,0.0,0.0,0.0
77,64,February,36,medium,medium,4.748010610079575,132.9442970822281,0.0,0.0,0.0
77,64,February,37,fast,medium,5.251989389920424,147.05570291777187,0.0,0.0,0.0
77,64,January,34,medium,medium,0.2327690447400242,7.21584038694075,0.0,0.0,0.0
77,64,January,35,fast,medium,2.2672309552599756,70.28415961305924,0.0,0.0,0.0
77,64,January,36,medium,medium,4.748010610079575,147.18832891246683,0.0,0.0,0.0
77,64,January,37,medium,medium,5.251989389920424,162.81167108753314,0.0,0.0,0.0
77,64,July,36,fast,medium,0.6896358520150585,21.378711412466814,0.0,0.0,0.0
77,64,July,37,fast,medium,2.5237739629042926,78.23699285003308,0.0,0.0,0.0
77,64,June,36,medium,medium,1.1254722964415067,33.7641688932452,0.0,0.0,0.0
77,64,June,37,fast,medium,2.012320983462083,60.3696295038625,0.0,0.0,0.0
77,64,May,35,medium,medium,1.2050993711020221,37.358080504162686,0.0,0.0,0.0
77,64,May,36,fast,medium,1.213481398957796,37.617923367691674,0.0,0.0,0.0
77,64,May,37,medium,medium,3.5220447725817072,109.18338795003292,0.0,0.0,0.0
77,64,November,34,fast,medium,0.2327690447400242,6.983071342200725,0.0,0.0,0.0
77,64,November,35,fast,medium,2.2672309552599756,68.01692865779927,0.0,0.0,0.0
77,64,November,36,medium,medium,4.748010610079575,142.44031830238725,0.0,0.0,0.0
77,64,November,37,fast,medium,5.251989389920424,157.55968169761272,0.0,0.0,0.0
77,64,October,34,medium,medium,0.2327690447400242,7.21584038694075,0.0,0.0,0.0
77,64,October,35,medium,medium,2.2672309552599756,70.28415961305924,0.0,0.0,0.0
77,64,October,36,fast,medium,4.748010610079575,147.18832891246683,0.0,0.0,0.0
77,64,October,37,fast,medium,5.251989389920424,162.81167108753314,0.0,0.0,0.0
77,64,September,34,fast,medium,0.2327690447400242,6.983071342200725,0.0,0.0,0.0
77,64,September,35,fast,medium,2.0183378719266423,60.550136157799265,0.0,0.0,0.0
77,64,September,36,medium,medium,4.499117526746242,134.97352580238726,0.0,0.0,0.0
77,64,September,37,medium,medium,5.251989389920424,157.55968169761272,0.0,0.0,0.0
77,78,April,34,fast,fast,0.2327690447400242,6.983071342200725,0.0,0.0,0.0
77,78,April,35,fast,fast,1.7343551666666668,52.030655,0.0,0.0,0.0
77,78,April,36,fast,fast,4.089431380079574,122.68294140238723,0.0,0.0,0.0
77,78,April,37,fast,fast,5.251989389920424,157.55968169761272,0.0,0.0,0.0
77,78,August,34,fast,fast,0.2327690447400242,7.21584038694075,0.0,0.0,0.0
77,78,August,35,fast,fast,2.2672309552599756,70.28415961305924,0.0,0.0,0.0
77,78,August,36,fast,fast,2.579872679435485,79.97605306250004,0.0,0.0,0.0
77,78,August,37,fast,fast,0.20287822580645162,6.289225,0.0,0.0,0.0
77,78,July,34,fast,fast,0.2327690447400242,7.21584038694075,0.0,0.0,0.0
77,78,July,35,fast,fast,2.2672309552599756,70.28415961305924,0.0,0.0,0.0
77,78,July,36,fast,fast,4.058374758064517,125.80961750000002,0.0,0.0,0.0
77,78,July,37,fast,fast,2.7282154270161314,84.57467823750008,0.0,0.0,0.0
77,78,June,34,fast,fast,0.2327690447400242,6.983071342200725,0.0,0.0,0.0
77,78,June,35,fast,fast,2.2672309552599756,68.01692865779927,0.0,0.0,0.0
77,78,June,36,fast,fast,3.6225383136380684,108.67614940914206,0.0,0.0,0.0
77,78,June,37,fast,fast,3.2396684064583408,97.19005219375022,0.0,0.0,0.0
77,78,March,34,fast,fast,0.2327690447400242,7.21584038694075,0.0,0.0,0.0
77,78,March,35,fast,fast,2.2672309552599756,70.28415961305924,0.0,0.0,0.0
77,78,March,36,fast,fast,4.748010610079575,147.18832891246683,0.0,0.0,0.0
77,78,March,37,fast,fast,5.251989389920424,162.81167108753314,0.0,0.0,0.0
77,78,May,34,fast,fast,0.2327690447400242,7.21584038694075,0.0,0.0,0.0
77,78,May,36,fast,fast,3.534529211121779,109.57040554477516,0.0,0.0,0.0
77,78,May,37,fast,fast,1.7299446173387167,53.62828313750022,0.0,0.0,0.0
77,78,September,35,fast,fast,0.24889308333333332,7.4667924999999995,0.0,0.0,0.0
77,78,September,36,fast,fast,0.24889308333333332,7.4667924999999995,0.0,0.0,0.0
77,90,May,35,medium,medium,1.0621315841579535,32.92607910889656,0.0,0.0,0.0
78,64,April,21,medium,medium,9.779035035365617,293.3710510609685,0.0,0.0,0.0
78,64,August,21,medium,medium,9.779035035365617,303.1500860963341,0.0,0.0,0.0
78,64,December,21,medium,medium,9.318615483870968,288.87708,0.0,0.0,0.0
78,64,February,21,medium,medium,9.779035035365617,273.8129809902373,0.0,0.0,0.0
78,64,January,21,medium,medium,9.143289677419355,283.44198,0.0,0.0,0.0
78,64,July,21,medium,medium,9.779035035365617,303.1500860963341,0.0,0.0,0.0
78,64,June,16,medium,medium,1.2696770246035136,38.09031073810541,0.0,0.0,0.0
78,64,June,17,fast,medium,1.591731463495634,47.75194390486902,0.0,0.0,0.0
78,64,June,21,medium,medium,15.446262785365619,463.3878835609686,0.0,0.0,0.0
78,64,March,17,medium,medium,0.23917445964193096,7.41440824889986,0.0,0.0,0.0
78,64,March,21,medium,medium,9.779035035365617,303.1500860963341,0.0,0.0,0.0
78,64,May,21,medium,medium,10.72084761601078,332.3462760963342,0.0,0.0,0.0
78,64,November,21,medium,medium,9.779035035365617,293.3710510609685,0.0,0.0,0.0
78,64,October,21,medium,medium,9.779035035365617,303.1500860963341,0.0,0.0,0.0
78,64,September,17,medium,medium,4.080191463495634,122.40574390486901,0.0,0.0,0.0
78,64,September,21,medium,medium,8.795224929277476,263.85674787832426,0.0,0.0,0.0
78,79,December,21,medium,medium,0.46041955149464897,14.273006096334118,0.0,0.0,0.0
78,79,January,21,medium,medium,0.6357453579462629,19.70810609633415,0.0,0.0,0.0
78,79,September,21,medium,medium,0.983810106088141,29.51430318264423,0.0,0.0,0.0
79,78,April,29,fast,fast,3.887532055837564,116.62596167512692,0.0,0.0,0.0
79,78,April,31,fast,fast,6.12354503731008,183.7063511193024,0.0,0.0,0.0
79,78,April,32,fast,fast,2.2081495593657587,66.24448678097276,0.0,0.0,0.0
79,78,April,33,fast,fast,7.754445333333333,232.63335999999998,0.0,0.0,0.0
79,78,April,34,fast,fast,7.521676288593309,225.65028865779925,0.0,0.0,0.0
79,78,August,31,fast,fast,6.12354503731008,189.8298961566125,0.0,0.0,0.0
79,78,December,31,fast,fast,6.12354503731008,189.8298961566125,0.0,0.0,0.0
79,78,February,31,fast,fast,6.12354503731008,171.45926104468225,0.0,0.0,0.0
79,78,January,31,fast,fast,6.12354503731008,189.8298961566125,0.0,0.0,0.0
79,78,July,31,fast,fast,6.12354503731008,189.8298961566125,0.0,0.0,0.0
79,78,June,29,fast,fast,0.9212578187926148,27.637734563778444,0.0,0.0,0.0
79,78,June,31,fast,fast,6.12354503731008,183.7063511193024,0.0,0.0,0.0
79,78,June,32,fast,fast,13.050574134057971,391.51722402173914,0.0,0.0,0.0
79,78,June,33,fast,fast,12.510714833333333,375.321445,0.0,0.0,0.0
79,78,June,34,fast,fast,8.50414929215595,255.12447876467849,0.0,0.0,0.0
79,78,June,35,fast,fast,2.774425878073358,83.23277634220074,0.0,0.0,0.0
79,78,June,36,fast,fast,1.4191185196952651,42.57355559085796,0.0,0.0,0.0
79,78,March,31,fast,fast,6.12354503731008,189.8298961566125,0.0,0.0,0.0
79,78,May,31,fast,fast,6.12354503731008,189.8298961566125,0.0,0.0,0.0
79,78,May,33,fast,fast,11.614405080645161,360.0465575,0.0,0.0,0.0
79,78,May,34,fast,fast,11.381636035905137,352.8307171130592,0.0,0.0,0.0
79,78,May,35,fast,fast,3.7770778225806447,117.08941249999998,0.0,0.0,0.0
79,78,May,36,fast,fast,0.24254861145886553,7.519006955224832,0.0,0.0,0.0
79,78,November,31,fast,fast,6.12354503731008,183.7063511193024,0.0,0.0,0.0
79,78,October,31,fast,fast,6.12354503731008,189.8298961566125,0.0,0.0,0.0
79,78,September,31,fast,fast,6.12354503731008,183.7063511193024,0.0,0.0,0.0
80,92,April,31,fast,fast,12.21405214084211,366.4215642252633,0.0,0.0,0.0
80,92,April,32,fast,fast,5.945194051795131,178.35582155385393,0.0,0.0,0.0
80,92,April,33,fast,fast,10.005293621950225,300.15880865850676,0.0,0.0,0.0
80,92,April,34,fast,fast,10.24254115049091,307.27623451472726,0.0,0.0,0.0
80,92,June,31,fast,fast,8.65661089084211,259.6983267252633,0.0,0.0,0.0
80,92,June,32,fast,fast,2.3877528017951306,71.63258405385392,0.0,0.0,0.0
80,92,June,33,fast,fast,5.196549650490908,155.89648951472725,0.0,0.0,0.0
80,92,June,34,fast,fast,5.1965496504909074,155.89648951472722,0.0,0.0,0.0
80,92,June,35,fast,fast,3.3305734504971154,99.91720351491347,0.0,0.0,0.0
80,92,June,36,fast,fast,3.0966970082718692,92.90091024815608,0.0,0.0,0.0
80,92,May,33,fast,fast,6.147456951566177,190.5711654985515,0.0,0.0,0.0
80,92,May,34,fast,fast,6.147456951566177,190.5711654985515,0.0,0.0,0.0
80,92,May,35,fast,fast,4.412694015775034,136.79351448902605,0.0,0.0,0.0
80,92,May,44,fast,fast,6.510207708271868,201.8164389564279,0.0,0.0,0.0
81,68,June,15,fast,medium,1.7773479421245746,53.32043826373724,0.0,0.0,0.0
81,68,June,16,medium,medium,2.4943443688053613,74.83033106416084,0.0,0.0,0.0
81,68,March,20,fast,medium,1.7108720458404063,53.0370334210526,0.0,0.0,0.0
81,68,March,21,fast,medium,0.1,3.1,0.0,0.0,0.0
81,68,September,20,medium,medium,1.6457068333333336,49.371205,0.0,0.0,0.0
81,69,April,31,fast,medium,11.607761546116674,348.2328463835002,0.0,0.0,0.0
81,69,April,32,fast,medium,1.6443850919892,49.331552759676,0.0,0.0,0.0
81,69,April,37,fast,medium,8.61438014053979,258.4314042161937,0.0,0.0,0.0
81,69,December,31,fast,medium,13.04565452032756,404.41529013015435,0.0,0.0,0.0
81,69,December,32,medium,medium,1.6443850919892,50.9759378516652,0.0,0.0,0.0
81,69,February,31,medium,medium,13.04565452032756,365.27832656917167,0.0,0.0,0.0
81,69,February,32,fast,medium,1.6443850919892,46.0427825756976,0.0,0.0,0.0
81,69,January,31,fast,medium,13.04565452032756,404.41529013015435,0.0,0.0,0.0
81,69,January,32,medium,medium,1.6443850919892,50.9759378516652,0.0,0.0,0.0
81,69,June,23,medium,medium,6.3239576441280505,189.7187293238415,0.0,0.0,0.0
81,69,June,31,fast,medium,7.314359375599711,219.43078126799134,0.0,0.0,0.0
81,69,June,35,medium,medium,4.7345508333333335,142.036525,0.0,0.0,0.0
81,69,June,36,fast,medium,0.7237184414273168,21.711553242819505,0.0,0.0,0.0
81,69,June,37,medium,medium,1.3030937500000002,39.09281250000001,0.0,0.0,0.0
81,69,March,22,medium,medium,4.30034745252636,133.31077102831716,0.0,0.0,0.0
81,69,March,24,fast,medium,1.3313591259571549,41.2721329046718,0.0,0.0,0.0
81,69,March,31,fast,medium,4.19790681493388,130.1351112629503,0.0,0.0,0.0
81,69,March,32,fast,medium,1.6443850919892,50.9759378516652,0.0,0.0,0.0
81,69,May,35,medium,medium,15.76589741403239,488.74281983500407,0.0,0.0,0.0
81,69,May,37,fast,medium,10.299470967741938,319.2836000000001,0.0,0.0,0.0
81,69,November,31,fast,medium,13.04565452032756,391.3696356098268,0.0,0.0,0.0
81,69,November,32,medium,medium,1.6443850919892,49.331552759676,0.0,0.0,0.0
81,69,October,31,medium,medium,13.04565452032756,404.41529013015435,0.0,0.0,0.0
81,69,October,32,fast,medium,1.6443850919892,50.9759378516652,0.0,0.0,0.0
81,69,September,22,fast,medium,0.7517638176185031,22.552914528555092,0.0,0.0,0.0
81,69,September,31,medium,medium,8.784678744968094,263.5403623490428,0.0,0.0,0.0
81,96,April,31,fast,medium,1.4378929742108824,43.13678922632647,0.0,0.0,0.0
81,96,August,31,fast,medium,13.04565452032756,404.41529013015435,0.0,0.0,0.0
81,96,August,32,fast,medium,1.6443850919892,50.9759378516652,0.0,0.0,0.0
81,96,July,31,medium,medium,13.04565452032756,404.41529013015435,0.0,0.0,0.0
81,96,July,32,fast,medium,1.6443850919892,50.9759378516652,0.0,0.0,0.0
81,96,June,31,medium,medium,5.731295144727849,171.93885434183545,0.0,0.0,0.0
81,96,June,32,medium,medium,1.6443850919892,49.331552759676,0.0,0.0,0.0
81,96,March,31,medium,medium,8.84774770539368,274.2801788672041,0.0,0.0,0.0
81,96,May,31,fast,medium,13.04565452032756,404.41529013015435,0.0,0.0,0.0
81,96,May,32,fast,medium,1.6443850919892,50.9759378516652,0.0,0.0,0.0
81,96,May,35,medium,medium,8.967612206194373,277.99597839202556,0.0,0.0,0.0
81,96,May,37,fast,medium,0.1,3.1,0.0,0.0,0.0
81,96,September,31,medium,medium,4.260975775359466,127.82927326078396,0.0,0.0,0.0
81,96,September,32,fast,medium,1.6443850919892,49.331552759676,0.0,0.0,0.0
83,103,April,15,medium,medium,6.22258581774697,186.6775745324091,0.0,0.0,0.0
83,103,April,16,fast,medium,17.518806669806086,525.5642000941825,0.0,0.0,0.0
83,103,April,17,medium,medium,21.716483664038147,651.4945099211444,0.0,0.0,0.0
83,103,April,18,medium,medium,5.110145285783062,153.30435857349187,0.0,0.0,0.0
83,103,August,15,medium,medium,5.645379276504455,175.0067575716381,0.0,0.0,0.0
83,103,August,16,medium,medium,10.833634448234982,335.8426678952844,0.0,0.0,0.0
83,103,August,17,fast,medium,10.833634448234982,335.8426678952844,0.0,0.0,0.0
83,103,August,18,fast,medium,2.1753370970082266,67.43545000725503,0.0,0.0,0.0
83,103,December,16,medium,medium,10.833634448234982,335.8426678952844,0.0,0.0,0.0
83,103,December,17,medium,medium,10.833634448234982,335.8426678952844,0.0,0.0,0.0
83,103,February,16,fast,medium,10.833634448234982,303.34176455057946,0.0,0.0,0.0
83,103,February,17,medium,medium,10.833634448234982,303.34176455057946,0.0,0.0,0.0
83,103,January,16,medium,medium,10.833634448234982,335.8426678952844,0.0,0.0,0.0
83,103,January,17,medium,medium,10.833634448234982,335.8426678952844,0.0,0.0,0.0
83,103,July,15,medium,medium,6.22258581774697,192.90016035015609,0.0,0.0,0.0
83,103,July,16,fast,medium,11.813152383499066,366.20772388847104,0.0,0.0,0.0
83,103,July,17,fast,medium,18.69208172855427,579.4545335851824,0.0,0.0,0.0
83,103,July,18,medium,medium,5.110145285783062,158.41450385927493,0.0,0.0,0.0
83,103,June,15,medium,medium,6.22258581774697,186.6775745324091,0.0,0.0,0.0
83,103,June,16,fast,medium,21.83363444823498,655.0090334470494,0.0,0.0,0.0
83,103,June,17,fast,medium,21.83363444823498,655.0090334470494,0.0,0.0,0.0
83,103,June,18,fast,medium,5.110145285783062,153.30435857349187,0.0,0.0,0.0
83,103,March,16,medium,medium,10.833634448234982,335.8426678952844,0.0,0.0,0.0
83,103,March,17,fast,medium,10.833634448234982,335.8426678952844,0.0,0.0,0.0
83,103,March,18,fast,medium,3.1587314169767478,97.92067392627918,0.0,0.0,0.0
83,103,May,15,medium,medium,6.22258581774697,192.90016035015609,0.0,0.0,0.0
83,103,May,16,fast,medium,21.83363444823498,676.8426678952844,0.0,0.0,0.0
83,103,May,17,fast,medium,21.83363444823498,676.8426678952844,0.0,0.0,0.0
83,103,May,18,medium,medium,5.110145285783062,158.41450385927493,0.0,0.0,0.0
83,103,November,15,medium,medium,0.22290800000000033,6.68724000000001,0.0,0.0,0.0
83,103,November,16,fast,medium,10.833634448234982,325.00903344704943,0.0,0.0,0.0
83,103,November,17,fast,medium,10.833634448234982,325.00903344704943,0.0,0.0,0.0
83,103,October,16,medium,medium,10.833634448234982,335.8426678952844,0.0,0.0,0.0
83,103,October,17,medium,medium,10.833634448234982,335.8426678952844,0.0,0.0,0.0
83,103,September,16,fast,medium,10.833634448234982,325.00903344704943,0.0,0.0,0.0
83,103,September,17,fast,medium,10.833634448234982,325.00903344704943,0.0,0.0,0.0
83,103,September,18,medium,medium,3.0330836750412615,90.99251025123785,0.0,0.0,0.0
85,47,August,3,fast,medium,9.021907154304255,279.6791217834319,0.0,0.0,0.0
85,47,February,3,fast,medium,9.021907154304255,252.61340032051913,0.0,0.0,0.0
85,47,June,3,medium,medium,7.642726536205668,229.28179608617003,0.0,0.0,0.0
85,47,March,3,fast,medium,7.642726536205668,236.92452262237572,0.0,0.0,0.0
85,47,May,3,medium,medium,9.021907154304253,279.67912178343187,0.0,0.0,0.0
85,47,September,3,medium,medium,9.021907154304255,270.6572146291277,0.0,0.0,0.0
85,60,April,2,fast,medium,3.0913611265827825,92.74083379748348,0.0,0.0,0.0
85,60,April,3,medium,medium,11.0,330.0,0.0,0.0,0.0
85,60,April,4,fast,medium,2.936368901432555,88.09106704297665,0.0,0.0,0.0
85,60,August,2,fast,medium,4.324271844660194,134.052427184466,0.0,0.0,0.0
85,60,August,3,medium,medium,0.1,3.1,0.0,0.0,0.0
85,60,August,4,fast,medium,8.911883114522958,276.2683765502117,0.0,0.0,0.0
85,60,December,2,fast,medium,4.324271844660194,134.052427184466,0.0,0.0,0.0
85,60,December,3,medium,medium,11.0,341.0,0.0,0.0,0.0
85,60,December,4,fast,medium,8.911883114522958,276.2683765502117,0.0,0.0,0.0
85,60,February,2,fast,medium,4.324271844660194,121.07961165048542,0.0,0.0,0.0
85,60,February,4,medium,medium,2.936368901432555,82.21832924011154,0.0,0.0,0.0
85,60,January,2,fast,medium,4.324271844660194,134.052427184466,0.0,0.0,0.0
85,60,January,3,medium,medium,11.0,341.0,0.0,0.0,0.0
85,60,January,4,medium,medium,8.911883114522958,276.2683765502117,0.0,0.0,0.0
85,60,July,2,medium,medium,3.0913611265827825,95.83219492406626,0.0,0.0,0.0
85,60,July,3,medium,medium,11.0,341.0,0.0,0.0,0.0
85,60,July,4,fast,medium,2.936368901432555,91.0274359444092,0.0,0.0,0.0
85,60,June,2,fast,medium,4.324271844660194,129.72815533980582,0.0,0.0,0.0
85,60,June,3,medium,medium,11.0,330.0,0.0,0.0,0.0
85,60,June,4,fast,medium,8.911883114522958,267.3564934356887,0.0,0.0,0.0
85,60,March,2,fast,medium,3.0913611265827825,95.83219492406626,0.0,0.0,0.0
85,60,March,3,fast,medium,11.0,341.0,0.0,0.0,0.0
85,60,March,4,medium,medium,8.911883114522958,276.2683765502117,0.0,0.0,0.0
85,60,May,2,fast,medium,3.0913611265827825,95.83219492406626,0.0,0.0,0.0
85,60,May,3,fast,medium,0.1,3.1,0.0,0.0,0.0
85,60,November,2,fast,medium,3.0913611265827825,92.74083379748348,0.0,0.0,0.0
85,60,November,3,fast,medium,11.0,330.0,0.0,0.0,0.0
85,60,November,4,fast,medium,8.911883114522958,267.3564934356887,0.0,0.0,0.0
85,60,October,2,fast,medium,3.0913611265827825,95.83219492406626,0.0,0.0,0.0
85,60,October,3,fast,medium,11.0,341.0,0.0,0.0,0.0
85,60,October,4,fast,medium,8.911883114522958,276.2683765502117,0.0,0.0,0.0
85,60,September,2,fast,medium,3.0913611265827825,92.74083379748348,0.0,0.0,0.0
85,60,September,4,fast,medium,8.911883114522958,267.3564934356887,0.0,0.0,0.0
85,105,April,2,fast,medium,11.0,330.0,0.0,0.0,0.0
85,105,April,3,fast,medium,7.642726536205668,229.28179608617003,0.0,0.0,0.0
85,105,April,4,fast,medium,11.0,330.0,0.0,0.0,0.0
85,105,August,2,fast,medium,9.767089281922589,302.77976773960023,0.0,0.0,0.0
85,105,August,3,fast,medium,11.0,341.0,0.0,0.0,0.0
85,105,August,4,fast,medium,5.024485786909597,155.75905939419752,0.0,0.0,0.0
85,105,December,2,fast,medium,9.767089281922589,302.77976773960023,0.0,0.0,0.0
85,105,December,3,fast,medium,7.642726536205668,236.92452262237572,0.0,0.0,0.0
85,105,December,4,fast,medium,5.024485786909597,155.75905939419752,0.0,0.0,0.0
85,105,February,2,fast,medium,9.767089281922589,273.47849989383246,0.0,0.0,0.0
85,105,February,3,fast,medium,9.620819381901413,269.38294269323956,0.0,0.0,0.0
85,105,February,4,fast,medium,11.0,308.0,0.0,0.0,0.0
85,105,January,2,fast,medium,9.767089281922589,302.77976773960023,0.0,0.0,0.0
85,105,January,3,fast,medium,7.642726536205668,236.92452262237572,0.0,0.0,0.0
85,105,January,4,fast,medium,5.024485786909597,155.75905939419752,0.0,0.0,0.0
85,105,July,2,fast,medium,11.0,341.0,0.0,0.0,0.0
85,105,July,3,fast,medium,7.642726536205668,236.92452262237572,0.0,0.0,0.0
85,105,July,4,fast,medium,11.0,341.0,0.0,0.0,0.0
85,105,June,2,fast,medium,9.767089281922589,293.0126784576777,0.0,0.0,0.0
85,105,June,4,fast,medium,5.024485786909597,150.73457360728793,0.0,0.0,0.0
85,105,March,2,fast,medium,11.0,341.0,0.0,0.0,0.0
85,105,March,4,fast,medium,11.0,341.0,0.0,0.0,0.0
85,105,May,2,fast,medium,11.0,341.0,0.0,0.0,0.0
85,105,May,3,fast,medium,11.0,341.0,0.0,0.0,0.0
85,105,May,4,fast,medium,11.0,341.0,0.0,0.0,0.0
85,105,November,2,fast,medium,11.0,330.0,0.0,0.0,0.0
85,105,November,3,fast,medium,7.642726536205668,229.28179608617003,0.0,0.0,0.0
85,105,November,4,fast,medium,5.024485786909597,150.73457360728793,0.0,0.0,0.0
85,105,October,2,fast,medium,11.0,341.0,0.0,0.0,0.0
85,105,October,3,fast,medium,7.642726536205668,236.92452262237572,0.0,0.0,0.0
85,105,October,4,fast,medium,5.024485786909597,155.75905939419752,0.0,0.0,0.0
85,105,September,2,fast,medium,11.0,330.0,0.0,0.0,0.0
85,105,September,3,medium,medium,9.620819381901413,288.6245814570424,0.0,0.0,0.0
85,105,September,4,fast,medium,5.024485786909597,150.73457360728793,0.0,0.0,0.0
85,106,January,1,fast,medium,0.1,3.1,0.0,0.0,0.0
85,106,March,4,fast,medium,0.1,3.1,0.0,0.0,0.0
85,106,May,4,medium,medium,2.936368901432555,91.0274359444092,0.0,0.0,0.0
86,108,April,48,fast,medium,12.37363760217984,371.20912806539525,0.0,0.0,0.0
86,108,August,48,fast,medium,12.37363760217984,383.5827656675751,0.0,0.0,0.0
86,108,December,48,medium,medium,12.37363760217984,383.5827656675751,0.0,0.0,0.0
86,108,February,48,medium,medium,12.37363760217984,346.46185286103554,0.0,0.0,0.0
86,108,January,48,fast,medium,12.37363760217984,383.5827656675751,0.0,0.0,0.0
86,108,July,48,fast,medium,12.37363760217984,383.5827656675751,0.0,0.0,0.0
86,108,June,48,medium,medium,12.37363760217984,371.20912806539525,0.0,0.0,0.0
86,108,March,48,medium,medium,12.37363760217984,383.5827656675751,0.0,0.0,0.0
86,108,May,48,medium,medium,12.37363760217984,383.5827656675751,0.0,0.0,0.0
86,108,November,48,medium,medium,12.37363760217984,371.20912806539525,0.0,0.0,0.0
86,108,October,48,medium,medium,12.37363760217984,383.5827656675751,0.0,0.0,0.0
86,108,September,48,medium,medium,12.37363760217984,371.20912806539525,0.0,0.0,0.0
87,108,April,34,fast,medium,4.30922933218136,129.2768799654408,0.0,0.0,0.0
87,108,February,34,fast,medium,3.2422646477946016,90.78341013824884,0.0,0.0,0.0
87,108,June,34,medium,medium,4.30922933218136,129.2768799654408,0.0,0.0,0.0
87,108,March,34,fast,medium,3.959639647794602,122.74882908163266,0.0,0.0,0.0
87,108,May,34,fast,medium,2.690260867935531,83.39808690600145,0.0,0.0,0.0
87,109,August,34,fast,medium,4.30922933218136,133.58610929762216,0.0,0.0,0.0
87,109,December,34,fast,medium,4.30922933218136,133.58610929762216,0.0,0.0,0.0
87,109,February,34,fast,medium,1.066964684386761,29.87501116282931,0.0,0.0,0.0
87,109,January,34,fast,medium,4.30922933218136,133.58610929762216,0.0,0.0,0.0
87,109,July,34,fast,medium,4.30922933218136,133.58610929762216,0.0,0.0,0.0
87,109,March,34,fast,medium,0.34958968438675697,10.837280215989466,0.0,0.0,0.0
87,109,May,34,fast,medium,1.618968464245829,50.1880223916207,0.0,0.0,0.0
87,109,November,34,fast,medium,4.30922933218136,129.2768799654408,0.0,0.0,0.0
87,109,October,34,fast,medium,4.30922933218136,133.58610929762216,0.0,0.0,0.0
87,109,September,34,fast,medium,4.30922933218136,129.2768799654408,0.0,0.0,0.0
88,87,September,20,medium,medium,1.8938720437319378,56.81616131195813,0.0,0.0,0.0
88,89,August,21,medium,medium,0.18215166935969537,5.646701750150557,0.0,0.0,0.0
88,89,July,37,medium,medium,0.5584729032258064,17.31266,0.0,0.0,0.0
88,89,July,38,medium,medium,0.5584729032258064,17.31266,0.0,0.0,0.0
88,89,June,37,medium,medium,0.6057625000000001,18.172875,0.0,0.0,0.0
88,89,June,38,medium,medium,0.6057625000000001,18.172875,0.0,0.0,0.0
88,109,August,20,medium,medium,1.8209541427699527,56.44957842586854,0.0,0.0,0.0
88,109,August,22,medium,medium,10.991955829937178,340.7506307280525,0.0,0.0,0.0
88,109,February,22,medium,medium,1.3869142170339597,38.83359807695087,0.0,0.0,0.0
88,109,March,22,medium,medium,8.565104378324284,265.5182357280528,0.0,0.0,0.0
88,109,October,22,medium,medium,0.1,3.1,0.0,0.0,0.0
88,109,September,20,medium,medium,0.9315950758700957,27.94785227610287,0.0,0.0,0.0
88,109,September,22,medium,medium,13.59185288370063,407.7555865110189,0.0,0.0,0.0
88,110,April,3,medium,medium,2.892653430615418,86.77960291846254,0.0,0.0,0.0
88,110,April,20,fast,fast,0.1,3.0,0.0,0.0,0.0
88,110,April,21,fast,fast,10.863954953147875,325.91864859443626,0.0,0.0,0.0
88,110,April,22,fast,fast,20.031638866398026,600.9491659919408,0.0,0.0,0.0
88,110,April,23,fast,fast,5.617695965272478,168.53087895817436,0.0,0.0,0.0
88,110,April,31,fast,fast,7.8907201187374065,236.7216035621222,0.0,0.0,0.0
88,110,April,37,medium,medium,2.145758970534345,64.37276911603036,0.0,0.0,0.0
88,110,April,38,medium,medium,5.659848214614733,169.795446438442,0.0,0.0,0.0
88,110,August,3,fast,fast,2.892653430615418,89.67225634907797,0.0,0.0,0.0
88,110,August,20,fast,fast,2.4070368838276224,74.61814339865629,0.0,0.0,0.0
88,110,August,21,fast,fast,11.110307613212159,344.4195360095769,0.0,0.0,0.0
88,110,August,22,fast,fast,15.418717429652702,477.98024031923376,0.0,0.0,0.0
88,110,August,23,fast,fast,7.652946631939145,237.2413455901135,0.0,0.0,0.0
88,110,August,37,medium,medium,2.145758970534345,66.5185280865647,0.0,0.0,0.0
88,110,August,38,fast,fast,5.659848214614733,175.45529465305674,0.0,0.0,0.0
88,110,December,3,medium,medium,2.892653430615418,89.67225634907797,0.0,0.0,0.0
88,110,December,22,fast,fast,13.224655199731359,409.9643111916721,0.0,0.0,0.0
88,110,December,37,fast,medium,2.145758970534345,66.5185280865647,0.0,0.0,0.0
88,110,December,38,medium,medium,5.659848214614733,175.45529465305674,0.0,0.0,0.0
88,110,February,3,medium,medium,2.892653430615418,80.99429605723171,0.0,0.0,0.0
88,110,February,22,fast,fast,11.837740982697397,331.4567475155271,0.0,0.0,0.0
88,110,February,37,medium,medium,2.145758970534345,60.081251174961665,0.0,0.0,0.0
88,110,February,38,fast,fast,5.659848214614733,158.47575000921253,0.0,0.0,0.0
88,110,January,3,fast,fast,2.892653430615418,89.67225634907797,0.0,0.0,0.0
88,110,January,22,fast,fast,13.224655199731359,409.9643111916721,0.0,0.0,0.0
88,110,January,37,medium,medium,2.145758970534345,66.5185280865647,0.0,0.0,0.0
88,110,January,38,fast,fast,5.659848214614733,175.45529465305674,0.0,0.0,0.0
88,110,July,3,medium,medium,2.892653430615418,89.67225634907797,0.0,0.0,0.0
88,110,July,20,fast,fast,2.6405497486657303,81.85704220863764,0.0,0.0,0.0
88,110,July,21,fast,fast,13.776935355147646,427.084996009577,0.0,0.0,0.0
88,110,July,22,fast,fast,21.132057308079876,655.0937765504762,0.0,0.0,0.0
88,110,July,23,fast,fast,7.652946631939145,237.2413455901135,0.0,0.0,0.0
88,110,July,37,medium,medium,1.5872860673085398,49.205868086564735,0.0,0.0,0.0
88,110,July,38,medium,medium,5.101375311388928,158.14263465305677,0.0,0.0,0.0
88,110,June,3,medium,medium,2.892653430615418,86.77960291846254,0.0,0.0,0.0
88,110,June,21,fast,fast,1.6398252796083455,49.194758388250364,0.0,0.0,0.0
88,110,June,22,fast,fast,18.58727169973136,557.6181509919409,0.0,0.0,0.0
88,110,June,31,fast,fast,6.650781461066895,199.52344383200685,0.0,0.0,0.0
88,110,June,37,fast,fast,1.5399964705343478,46.199894116030435,0.0,0.0,0.0
88,110,June,38,medium,medium,5.054085714614736,151.6225714384421,0.0,0.0,0.0
88,110,March,3,fast,fast,2.892653430615418,89.67225634907797,0.0,0.0,0.0
88,110,March,20,fast,fast,0.7425286580211683,23.018388398656217,0.0,0.0,0.0
88,110,March,21,fast,fast,9.635696080954098,298.706578509577,0.0,0.0,0.0
88,110,March,22,fast,fast,13.944105897394639,432.2672828192338,0.0,0.0,0.0
88,110,March,37,fast,fast,2.145758970534345,66.5185280865647,0.0,0.0,0.0
88,110,March,38,fast,fast,5.659848214614733,175.45529465305674,0.0,0.0,0.0
88,110,May,3,medium,medium,2.892653430615418,89.67225634907797,0.0,0.0,0.0
88,110,May,22,fast,fast,14.22165971586039,440.8714511916721,0.0,0.0,0.0
88,110,May,37,fast,fast,2.145758970534345,66.5185280865647,0.0,0.0,0.0
88,110,May,38,fast,medium,5.659848214614733,175.45529465305674,0.0,0.0,0.0
88,110,November,3,fast,fast,2.892653430615418,86.77960291846254,0.0,0.0,0.0
88,110,November,22,fast,fast,13.224655199731359,396.73965599194077,0.0,0.0,0.0
88,110,November,37,fast,fast,2.145758970534345,64.37276911603036,0.0,0.0,0.0
88,110,November,38,fast,fast,5.659848214614733,169.795446438442,0.0,0.0,0.0
88,110,October,3,medium,medium,2.892653430615418,89.67225634907797,0.0,0.0,0.0
88,110,October,22,fast,fast,13.124655199731357,406.8643111916721,0.0,0.0,0.0
88,110,October,37,medium,medium,2.145758970534345,66.5185280865647,0.0,0.0,0.0
88,110,October,38,fast,fast,5.659848214614733,175.45529465305674,0.0,0.0,0.0
88,110,September,3,medium,medium,2.892653430615418,86.77960291846254,0.0,0.0,0.0
88,110,September,20,fast,fast,1.9997744357857918,59.993233073573755,0.0,0.0,0.0
88,110,September,21,fast,fast,12.690065688480981,380.70197065442943,0.0,0.0,0.0
88,110,September,22,fast,fast,16.998475504921522,509.9542651476457,0.0,0.0,0.0
88,110,September,23,fast,fast,7.652946631939145,229.58839895817434,0.0,0.0,0.0
88,110,September,37,medium,medium,2.145758970534345,64.37276911603036,0.0,0.0,0.0
88,110,September,38,medium,medium,5.659848214614733,169.795446438442,0.0,0.0,0.0
89,110,April,28,fast,fast,19.245238095238093,577.3571428571428,0.0,0.0,0.0
89,110,April,29,fast,fast,15.729089240169138,471.8726772050741,0.0,0.0,0.0
89,110,April,30,fast,fast,16.03720285246091,481.1160855738273,0.0,0.0,0.0
89,110,April,34,fast,fast,2.6114540361286984,78.34362108386095,0.0,0.0,0.0
89,110,August,34,medium,medium,2.6114540361286984,80.95507511998966,0.0,0.0,0.0
89,110,December,34,fast,medium,2.6114540361286984,80.95507511998966,0.0,0.0,0.0
89,110,February,34,fast,fast,2.6114540361286984,73.12071301160356,0.0,0.0,0.0
89,110,January,34,fast,fast,2.6114540361286984,80.95507511998966,0.0,0.0,0.0
89,110,July,34,fast,fast,2.6114540361286984,80.95507511998966,0.0,0.0,0.0
89,110,June,28,fast,fast,12.144786984342694,364.34360953028084,0.0,0.0,0.0
89,110,June,29,fast,fast,20.878679984342693,626.3603995302808,0.0,0.0,0.0
89,110,June,30,fast,fast,15.409868685794244,462.29606057382733,0.0,0.0,0.0
89,110,June,34,fast,medium,2.6114540361286984,78.34362108386095,0.0,0.0,0.0
89,110,March,34,fast,fast,2.6114540361286984,80.95507511998966,0.0,0.0,0.0
89,110,May,28,fast,fast,17.218673720901837,533.7788853479569,0.0,0.0,0.0
89,110,May,29,fast,fast,19.523473720901833,605.2276853479568,0.0,0.0,0.0
89,110,May,30,fast,fast,7.285912422353384,225.8632850929549,0.0,0.0,0.0
89,110,May,34,fast,medium,2.6114540361286984,80.95507511998966,0.0,0.0,0.0
89,110,November,34,fast,fast,2.6114540361286984,78.34362108386095,0.0,0.0,0.0
89,110,October,34,fast,fast,2.6114540361286984,80.95507511998966,0.0,0.0,0.0
89,110,September,34,fast,fast,2.6114540361286984,78.34362108386095,0.0,0.0,0.0
90,78,April,29,fast,fast,0.1,3.0,0.0,0.0,0.0
90,78,April,30,fast,fast,10.720388860178561,321.61166580535684,0.0,0.0,0.0
90,78,June,29,fast,fast,1.2794932492550082,38.384797477650245,0.0,0.0,0.0
90,91,March,23,fast,fast,2.2645552708833456,70.20121339738371,0.0,0.0,0.0
91,78,April,27,fast,fast,1.3679709172675132,41.039127518025396,0.0,0.0,0.0
91,78,August,27,fast,fast,1.3679709172675132,42.40709843529291,0.0,0.0,0.0
91,78,December,27,fast,fast,1.3679709172675132,42.40709843529291,0.0,0.0,0.0
91,78,February,27,fast,fast,1.3679709172675132,38.30318568349037,0.0,0.0,0.0
91,78,January,27,fast,fast,1.3679709172675132,42.40709843529291,0.0,0.0,0.0
91,78,July,27,fast,fast,1.3679709172675132,42.40709843529291,0.0,0.0,0.0
91,78,June,27,fast,fast,1.3679709172675132,41.039127518025396,0.0,0.0,0.0
91,78,May,27,fast,fast,1.3679709172675132,42.40709843529291,0.0,0.0,0.0
91,78,November,27,fast,fast,1.3679709172675132,41.039127518025396,0.0,0.0,0.0
91,78,October,27,fast,fast,1.3679709172675132,42.40709843529291,0.0,0.0,0.0
91,90,April,28,fast,medium,2.642136160777703,79.26408482333109,0.0,0.0,0.0
91,90,August,28,fast,medium,2.642136160777703,81.90622098410878,0.0,0.0,0.0
91,90,December,28,medium,medium,2.642136160777703,81.90622098410878,0.0,0.0,0.0
91,90,February,28,medium,medium,2.642136160777703,73.97981250177568,0.0,0.0,0.0
91,90,January,28,medium,medium,2.642136160777703,81.90622098410878,0.0,0.0,0.0
91,90,July,28,fast,medium,2.642136160777703,81.90622098410878,0.0,0.0,0.0
91,90,June,28,fast,medium,2.642136160777703,79.26408482333109,0.0,0.0,0.0
91,90,March,27,medium,medium,1.3679709172675132,42.40709843529291,0.0,0.0,0.0
91,90,March,28,medium,medium,2.642136160777703,81.90622098410878,0.0,0.0,0.0
91,90,May,28,medium,medium,2.642136160777703,81.90622098410878,0.0,0.0,0.0
91,90,November,28,medium,medium,2.642136160777703,79.26408482333109,0.0,0.0,0.0
91,90,October,28,fast,medium,2.642136160777703,81.90622098410878,0.0,0.0,0.0
91,90,September,27,medium,medium,1.3679709172675132,41.039127518025396,0.0,0.0,0.0
91,90,September,28,medium,medium,2.642136160777703,79.26408482333109,0.0,0.0,0.0
92,80,April,17,medium,medium,1.3012454594703797,39.03736378411139,0.0,0.0,0.0
92,80,April,18,fast,medium,10.717487703107238,321.5246310932172,0.0,0.0,0.0
92,80,August,17,medium,medium,1.3012454594703797,40.33860924358177,0.0,0.0,0.0
92,80,August,18,medium,medium,10.717487703107238,332.2421187963244,0.0,0.0,0.0
92,80,December,17,fast,medium,1.3012454594703797,40.33860924358177,0.0,0.0,0.0
92,80,December,18,medium,medium,10.717487703107238,332.2421187963244,0.0,0.0,0.0
92,80,February,17,medium,medium,1.3012454594703797,36.43487286517063,0.0,0.0,0.0
92,80,February,18,medium,medium,10.717487703107238,300.0896556870027,0.0,0.0,0.0
92,80,February,19,fast,medium,0.12529812500000048,3.5083475000000135,0.0,0.0,0.0
92,80,January,17,medium,medium,1.3012454594703797,40.33860924358177,0.0,0.0,0.0
92,80,January,18,medium,medium,10.717487703107238,332.2421187963244,0.0,0.0,0.0
92,80,July,17,medium,medium,1.3012454594703797,40.33860924358177,0.0,0.0,0.0
92,80,July,18,fast,medium,10.717487703107238,332.2421187963244,0.0,0.0,0.0
92,80,June,17,medium,medium,1.3012454594703797,39.03736378411139,0.0,0.0,0.0
92,80,June,18,medium,medium,15.713169679336193,471.3950903800858,0.0,0.0,0.0
92,80,June,19,fast,medium,13.359604833333336,400.7881450000001,0.0,0.0,0.0
92,80,June,20,medium,medium,3.502189070241613,105.06567210724839,0.0,0.0,0.0
92,80,March,17,medium,medium,1.3012454594703797,40.33860924358177,0.0,0.0,0.0
92,80,March,18,medium,medium,10.717487703107238,332.2421187963244,0.0,0.0,0.0
92,80,March,19,fast,medium,1.5836504032258052,49.09316249999996,0.0,0.0,0.0
92,80,May,17,medium,medium,7.630601665328463,236.54865162518234,0.0,0.0,0.0
92,80,May,18,medium,medium,18.94712949385232,587.3610143094219,0.0,0.0,0.0
92,80,May,19,fast,medium,20.66797074621972,640.7070931328113,0.0,0.0,0.0
92,80,May,20,medium,medium,2.3546371856634636,72.99375275556737,0.0,0.0,0.0
92,80,November,17,fast,medium,1.3012454594703797,39.03736378411139,0.0,0.0,0.0
92,80,November,18,medium,medium,10.717487703107238,321.5246310932172,0.0,0.0,0.0
92,80,October,17,medium,medium,1.3012454594703797,40.33860924358177,0.0,0.0,0.0
92,80,October,18,fast,medium,10.717487703107238,332.2421187963244,0.0,0.0,0.0
92,80,September,17,fast,medium,1.3012454594703797,39.03736378411139,0.0,0.0,0.0
92,80,September,18,fast,medium,10.717487703107238,321.5246310932172,0.0,0.0,0.0
92,80,September,19,medium,medium,0.7289510833333352,21.868532500000057,0.0,0.0,0.0
93,80,June,15,medium,medium,5.216850732292702,156.50552196878107,0.0,0.0,0.0
93,80,June,16,fast,medium,2.6708943832546446,80.12683149763933,0.0,0.0,0.0
93,80,March,15,fast,medium,2.953349303688647,91.55382841434806,0.0,0.0,0.0
93,80,May,15,fast,medium,5.367286973555338,166.38589618021547,0.0,0.0,0.0
93,80,May,16,fast,medium,4.632713026444662,143.61410381978453,0.0,0.0,0.0
93,92,April,15,fast,fast,5.367286973555338,161.01860920666013,0.0,0.0,0.0
93,92,April,16,medium,medium,4.632713026444662,138.98139079333987,0.0,0.0,0.0
93,92,August,15,fast,medium,2.953349303688647,91.55382841434806,0.0,0.0,0.0
93,92,August,15,fast,fast,2.413937669866691,74.83206776586741,0.0,0.0,0.0
93,92,August,16,fast,medium,4.632713026444662,143.61410381978453,0.0,0.0,0.0
93,92,December,15,fast,medium,2.953349303688647,91.55382841434806,0.0,0.0,0.0
93,92,December,15,fast,fast,2.413937669866691,74.83206776586741,0.0,0.0,0.0
93,92,December,16,fast,medium,4.632713026444662,143.61410381978453,0.0,0.0,0.0
93,92,February,15,fast,medium,2.953349303688647,82.69378050328211,0.0,0.0,0.0
93,92,February,15,fast,fast,2.413937669866691,67.59025475626734,0.0,0.0,0.0
93,92,February,16,medium,medium,4.632713026444662,129.71596474045054,0.0,0.0,0.0
93,92,January,15,fast,medium,2.953349303688647,91.55382841434806,0.0,0.0,0.0
93,92,January,15,fast,fast,2.413937669866691,74.83206776586741,0.0,0.0,0.0
93,92,January,16,fast,medium,4.632713026444662,143.61410381978453,0.0,0.0,0.0
93,92,July,15,fast,medium,2.953349303688647,91.55382841434806,0.0,0.0,0.0
93,92,July,15,fast,fast,2.413937669866691,74.83206776586741,0.0,0.0,0.0
93,92,July,16,medium,medium,4.632713026444662,143.61410381978453,0.0,0.0,0.0
93,92,June,15,fast,fast,0.1504362412626321,4.513087237878963,0.0,0.0,0.0
93,92,June,16,medium,medium,1.9618186431900178,58.85455929570053,0.0,0.0,0.0
93,92,March,15,fast,fast,2.413937669866691,74.83206776586741,0.0,0.0,0.0
93,92,March,16,medium,medium,4.632713026444662,143.61410381978453,0.0,0.0,0.0
93,92,November,15,fast,medium,2.953349303688647,88.6004791106594,0.0,0.0,0.0
93,92,November,15,fast,fast,2.413937669866691,72.41813009600072,0.0,0.0,0.0
93,92,November,16,medium,medium,4.632713026444662,138.98139079333987,0.0,0.0,0.0
93,92,October,15,medium,medium,2.953349303688647,91.55382841434806,0.0,0.0,0.0
93,92,October,15,fast,fast,2.413937669866691,74.83206776586741,0.0,0.0,0.0
93,92,October,16,fast,medium,4.632713026444662,143.61410381978453,0.0,0.0,0.0
93,92,September,15,fast,fast,5.367286973555338,161.01860920666013,0.0,0.0,0.0
93,92,September,16,fast,medium,4.632713026444662,138.98139079333987,0.0,0.0,0.0
95,94,April,17,fast,fast,6.774145238652615,203.22435715957846,0.0,0.0,0.0
95,94,August,17,fast,fast,12.600616856603764,390.6191225547167,0.0,0.0,0.0
95,94,December,17,fast,fast,17.774145238652615,550.998502398231,0.0,0.0,0.0
95,94,December,18,fast,fast,6.9249295002179,214.6728145067549,0.0,0.0,0.0
95,94,February,17,fast,medium,11.0,308.0,0.0,0.0,0.0
95,94,February,17,fast,fast,6.774145238652615,189.67606668227322,0.0,0.0,0.0
95,94,January,17,fast,fast,17.774145238652615,550.998502398231,0.0,0.0,0.0
95,94,January,18,fast,fast,6.9249295002179,214.6728145067549,0.0,0.0,0.0
95,94,July,17,fast,fast,7.054957179184086,218.70367255470666,0.0,0.0,0.0
95,94,June,17,fast,fast,6.774145238652615,203.22435715957846,0.0,0.0,0.0
95,94,March,17,fast,fast,17.770782985636046,550.8942725547174,0.0,0.0,0.0
95,94,May,17,fast,fast,6.774145238652615,209.99850239823107,0.0,0.0,0.0
95,94,November,17,fast,medium,11.0,330.0,0.0,0.0,0.0
95,94,November,17,fast,fast,6.774145238652615,203.22435715957846,0.0,0.0,0.0
95,94,November,18,fast,fast,6.9249295002179,207.747885006537,0.0,0.0,0.0
95,94,October,17,fast,medium,11.0,341.0,0.0,0.0,0.0
95,94,October,17,fast,fast,6.774145238652615,209.99850239823107,0.0,0.0,0.0
95,94,October,18,fast,fast,6.9249295002179,214.6728145067549,0.0,0.0,0.0
95,94,September,17,fast,fast,6.805325238652614,204.15975715957842,0.0,0.0,0.0
95,94,September,22,fast,fast,2.581334401273886,77.44003203821659,0.0,0.0,0.0
95,96,April,17,fast,medium,14.608722107306683,438.2616632192005,0.0,0.0,0.0
95,96,April,18,fast,medium,20.76200481286125,622.8601443858374,0.0,0.0,0.0
95,96,August,17,fast,medium,8.782250489355533,272.24976517002153,0.0,0.0,0.0
95,96,August,18,fast,medium,20.76200481286125,643.6221491986987,0.0,0.0,0.0
95,96,December,17,medium,medium,3.608722107306683,111.87038532650718,0.0,0.0,0.0
95,96,December,18,medium,medium,13.83707531264335,428.9493346919438,0.0,0.0,0.0
95,96,February,17,medium,medium,3.608722107306683,101.04421900458712,0.0,0.0,0.0
95,96,February,18,fast,medium,20.76200481286125,581.336134760115,0.0,0.0,0.0
95,96,January,17,medium,medium,3.608722107306683,111.87038532650718,0.0,0.0,0.0
95,96,January,18,fast,medium,13.83707531264335,428.9493346919438,0.0,0.0,0.0
95,96,July,17,fast,medium,14.327910166775212,444.16521517003156,0.0,0.0,0.0
95,96,July,18,medium,medium,20.76200481286125,643.6221491986987,0.0,0.0,0.0
95,96,June,13,fast,medium,2.6406815864295368,79.2204475928861,0.0,0.0,0.0
95,96,June,17,medium,medium,14.608722107306683,438.2616632192005,0.0,0.0,0.0
95,96,June,18,fast,medium,20.76200481286125,622.8601443858374,0.0,0.0,0.0
95,96,March,17,fast,medium,3.6120843603232515,111.9746151700208,0.0,0.0,0.0
95,96,March,18,medium,medium,20.76200481286125,643.6221491986987,0.0,0.0,0.0
95,96,May,17,fast,medium,14.608722107306683,452.8703853265072,0.0,0.0,0.0
95,96,May,18,fast,medium,20.76200481286125,643.6221491986987,0.0,0.0,0.0
95,96,November,17,fast,medium,3.608722107306683,108.26166321920049,0.0,0.0,0.0
95,96,November,18,medium,medium,13.83707531264335,415.1122593793005,0.0,0.0,0.0
95,96,October,17,fast,medium,3.608722107306683,111.87038532650718,0.0,0.0,0.0
95,96,October,18,medium,medium,13.83707531264335,428.9493346919438,0.0,0.0,0.0
95,96,September,17,medium,medium,14.577542107306684,437.32626321920054,0.0,0.0,0.0
95,96,September,18,medium,medium,20.76200481286125,622.8601443858374,0.0,0.0,0.0
96,81,June,17,fast,medium,10.323161177192741,309.69483531578226,0.0,0.0,0.0
96,81,June,18,fast,medium,11.2995835992522,338.987507977566,0.0,0.0,0.0
96,81,May,17,fast,medium,19.160587177192742,593.978202492975,0.0,0.0,0.0
96,81,May,18,fast,medium,16.32570403910433,506.09682521223425,0.0,0.0,0.0
96,81,May,19,fast,medium,6.11044484750947,189.42379027279355,0.0,0.0,0.0
96,81,May,20,fast,medium,14.858283842973112,460.6067991321665,0.0,0.0,0.0
96,95,June,21,medium,medium,15.152042750207631,454.5612825062289,0.0,0.0,0.0
96,97,May,19,fast,medium,1.5883172568034354,49.2378349609065,0.0,0.0,0.0
96,97,May,19,fast,fast,25.0,775.0,0.0,0.0,0.0
96,97,May,20,fast,fast,15.47135105053134,479.61188256647154,0.0,0.0,0.0
96,117,April,17,fast,fast,26.813956475322826,804.4186942596848,0.0,0.0,0.0
96,117,April,18,fast,fast,39.500559038757764,1185.016771162733,0.0,0.0,0.0
96,117,April,19,fast,fast,33.020274251107054,990.6082275332117,0.0,0.0,0.0
96,117,April,20,medium,medium,1.6631499999999946,49.89449999999984,0.0,0.0,0.0
96,117,April,20,fast,fast,30.07293566032821,902.1880698098463,0.0,0.0,0.0
96,117,April,21,fast,fast,19.440157497015697,583.2047249104709,0.0,0.0,0.0
96,117,April,22,fast,fast,0.30399645607541004,9.119893682262301,0.0,0.0,0.0
96,117,August,17,fast,fast,14.978943625860456,464.34725240167415,0.0,0.0,0.0
96,117,August,18,fast,fast,7.6487666626760245,237.11176654295676,0.0,0.0,0.0
96,117,August,19,fast,fast,5.402883613484477,167.48939201801878,0.0,0.0,0.0
96,117,August,20,fast,fast,6.486580348615178,201.0839908070705,0.0,0.0,0.0
96,117,August,23,fast,fast,0.1,3.1,0.0,0.0,0.0
96,117,August,24,fast,fast,4.139730357369935,128.33164107846798,0.0,0.0,0.0
96,117,December,17,fast,fast,9.80541524381161,303.9678725581599,0.0,0.0,0.0
96,117,December,18,fast,fast,0.7238371624581248,22.43895203620187,0.0,0.0,0.0
96,117,December,19,fast,fast,5.402883613484477,167.48939201801878,0.0,0.0,0.0
96,117,December,20,fast,fast,6.486580348615206,201.0839908070714,0.0,0.0,0.0
96,117,February,17,fast,fast,9.805415243811268,274.5516268267155,0.0,0.0,0.0
96,117,February,18,fast,fast,7.6487666626760245,214.16546655492868,0.0,0.0,0.0
96,117,February,19,fast,fast,5.402883613484477,151.28074117756535,0.0,0.0,0.0
96,117,February,20,fast,fast,6.486580348615206,181.62424976122577,0.0,0.0,0.0
96,117,January,17,fast,fast,9.80541524381161,303.9678725581599,0.0,0.0,0.0
96,117,January,18,fast,fast,0.7238371624581248,22.43895203620187,0.0,0.0,0.0
96,117,January,19,fast,fast,5.402883613484477,167.48939201801878,0.0,0.0,0.0
96,117,January,20,fast,fast,6.486580348615206,201.0839908070714,0.0,0.0,0.0
96,117,July,17,fast,fast,20.524603174603175,636.2626984126985,0.0,0.0,0.0
96,117,July,18,fast,fast,11.211205866714742,347.547381868157,0.0,0.0,0.0
96,117,July,19,fast,fast,18.892591993042544,585.6703517843189,0.0,0.0,0.0
96,117,July,20,fast,fast,17.608403402263693,545.8605054701745,0.0,0.0,0.0
96,117,June,17,fast,fast,30.233486580442126,907.0045974132638,0.0,0.0,0.0
96,117,June,18,fast,fast,39.999998999999995,1199.9999699999998,0.0,0.0,0.0
96,117,June,19,fast,fast,33.32379425110707,999.713827533212,0.0,0.0,0.0
96,117,June,20,fast,fast,32.03960566032822,961.1881698098466,0.0,0.0,0.0
96,117,June,21,fast,fast,30.911042497015693,927.3312749104708,0.0,0.0,0.0
96,117,June,22,fast,fast,7.869638313569212,236.08914940707635,0.0,0.0,0.0
96,117,March,17,fast,fast,9.808777496828192,304.07210240167393,0.0,0.0,0.0
96,117,March,18,fast,fast,7.6487666626760245,237.11176654295676,0.0,0.0,0.0
96,117,March,19,fast,fast,5.402883613484477,167.48939201801878,0.0,0.0,0.0
96,117,March,20,fast,fast,6.486580348615178,201.0839908070705,0.0,0.0,0.0
96,117,March,26,fast,fast,5.113676031779079,158.52395698515144,0.0,0.0,0.0
96,117,May,16,fast,fast,14.644857703051546,453.9905887945979,0.0,0.0,0.0
96,117,May,17,fast,medium,9.298645095441886,288.25799795869847,0.0,0.0,0.0
96,117,May,17,fast,fast,50.0,1550.0,0.0,0.0,0.0
96,117,May,18,medium,medium,2.340501612903232,72.55555000000018,0.0,0.0,0.0
96,117,May,18,fast,fast,50.0,1550.0,0.0,0.0,0.0
96,117,May,19,fast,fast,46.95726296078448,1455.675151784319,0.0,0.0,0.0
96,117,May,20,fast,fast,45.67307437000564,1415.8653054701747,0.0,0.0,0.0
96,117,May,21,fast,medium,21.545374193548383,667.9065999999999,0.0,0.0,0.0
96,117,May,21,fast,fast,19.440157497015697,602.6448824074866,0.0,0.0,0.0
96,117,November,17,fast,fast,9.80541524381161,294.1624573143483,0.0,0.0,0.0
96,117,November,18,fast,fast,0.7238371624581248,21.715114873743744,0.0,0.0,0.0
96,117,November,19,fast,fast,5.402883613484477,162.0865084045343,0.0,0.0,0.0
96,117,November,20,fast,fast,6.486580348615206,194.59741045845618,0.0,0.0,0.0
96,117,October,17,fast,fast,9.80541524381161,303.9678725581599,0.0,0.0,0.0
96,117,October,18,fast,fast,0.7238371624581248,22.43895203620187,0.0,0.0,0.0
96,117,October,19,fast,fast,5.402883613484477,167.48939201801878,0.0,0.0,0.0
96,117,October,20,fast,fast,6.486580348615178,201.0839908070705,0.0,0.0,0.0
96,117,September,17,fast,fast,20.774235243811603,623.227057314348,0.0,0.0,0.0
96,117,September,18,fast,fast,28.760020705424417,862.8006211627325,0.0,0.0,0.0
96,117,September,19,fast,fast,5.402883613484477,162.0865084045343,0.0,0.0,0.0
96,117,September,20,fast,fast,6.486580348615178,194.59741045845533,0.0,0.0,0.0
96,117,September,23,fast,fast,0.1,3.0,0.0,0.0,0.0
96,117,September,24,fast,fast,6.974091325111864,209.22273975335594,0.0,0.0,0.0
97,96,April,17,medium,medium,13.538565856669834,406.156975700095,0.0,0.0,0.0
97,96,April,33,fast,medium,3.688909658871907,110.66728976615721,0.0,0.0,0.0
97,96,August,17,medium,medium,13.538565856669834,419.69554155676485,0.0,0.0,0.0
97,96,December,17,medium,medium,13.538565856669834,419.69554155676485,0.0,0.0,0.0
97,96,February,17,fast,medium,13.538565856669496,379.0798439867459,0.0,0.0,0.0
97,96,January,17,fast,medium,13.538565856669834,419.69554155676485,0.0,0.0,0.0
97,96,July,17,medium,medium,13.538565856669496,419.6955415567544,0.0,0.0,0.0
97,96,June,17,medium,medium,13.538565856669834,406.156975700095,0.0,0.0,0.0
97,96,June,33,medium,medium,3.688909658871907,110.66728976615721,0.0,0.0,0.0
97,96,March,17,fast,medium,13.538565856669834,419.69554155676485,0.0,0.0,0.0
97,96,May,15,medium,medium,20.413400140880533,632.8154043672965,0.0,0.0,0.0
97,96,May,17,medium,medium,13.538565856669834,419.69554155676485,0.0,0.0,0.0
97,96,May,33,medium,medium,3.688909658871907,114.35619942502912,0.0,0.0,0.0
97,96,May,35,medium,medium,13.390134264919611,415.09416221250797,0.0,0.0,0.0
97,96,November,17,medium,medium,13.538565856669834,406.156975700095,0.0,0.0,0.0
97,96,October,17,medium,medium,13.538565856669834,419.69554155676485,0.0,0.0,0.0
97,96,September,17,medium,medium,13.538565856669834,406.156975700095,0.0,0.0,0.0
98,119,April,20,fast,medium,0.15082902269079312,4.524870680723794,0.0,0.0,0.0
98,119,April,25,medium,medium,5.80548417027471,174.1645251082413,0.0,0.0,0.0
98,119,December,25,medium,medium,5.80548417027471,179.970009278516,0.0,0.0,0.0
98,119,February,25,fast,medium,5.80548417027471,162.55355676769187,0.0,0.0,0.0
98,119,January,25,fast,medium,5.80548417027471,179.970009278516,0.0,0.0,0.0
98,119,July,25,fast,medium,5.80548417027471,179.970009278516,0.0,0.0,0.0
98,119,June,25,fast,medium,5.80548417027471,174.1645251082413,0.0,0.0,0.0
98,119,March,24,medium,medium,1.3262311325679654,41.113165109606925,0.0,0.0,0.0
98,119,May,25,medium,medium,5.80548417027471,179.970009278516,0.0,0.0,0.0
98,119,November,25,fast,medium,5.80548417027471,174.1645251082413,0.0,0.0,0.0
98,119,October,25,medium,medium,5.80548417027471,179.970009278516,0.0,0.0,0.0
98,120,August,25,medium,medium,5.80548417027471,179.970009278516,0.0,0.0,0.0
98,120,March,22,fast,medium,0.18316320663530838,5.67805940569456,0.0,0.0,0.0
98,120,March,25,medium,medium,5.80548417027471,179.970009278516,0.0,0.0,0.0
98,120,September,25,fast,medium,5.80548417027471,174.1645251082413,0.0,0.0,0.0
99,100,April,15,fast,medium,0.6624264136717191,19.872792410151572,0.0,0.0,0.0
99,100,August,15,fast,medium,0.6624264136717191,20.535218823823293,0.0,0.0,0.0
99,100,December,15,fast,medium,0.6624264136717191,20.535218823823293,0.0,0.0,0.0
99,100,February,15,medium,medium,0.6624264136717191,18.547939582808134,0.0,0.0,0.0
99,100,January,15,fast,medium,0.6624264136717191,20.535218823823293,0.0,0.0,0.0
99,100,July,15,fast,medium,0.6624264136717191,20.535218823823293,0.0,0.0,0.0
99,100,November,15,medium,medium,0.6624264136717191,19.872792410151572,0.0,0.0,0.0
99,100,October,15,medium,medium,0.6624264136717191,20.535218823823293,0.0,0.0,0.0
99,100,September,15,fast,medium,0.6624264136717191,19.872792410151572,0.0,0.0,0.0
99,122,June,15,medium,medium,0.6624264136717191,19.872792410151572,0.0,0.0,0.0
99,122,March,15,fast,medium,0.6624264136717191,20.535218823823293,0.0,0.0,0.0
99,122,May,15,fast,medium,0.6624264136717191,20.535218823823293,0.0,0.0,0.0
99,122,May,18,fast,medium,0.30612528491140356,9.489883832253511,0.0,0.0,0.0
100,122,April,34,fast,medium,0.15273421519159963,4.582026455747989,0.0,0.0,0.0
100,122,April,35,fast,medium,0.9244024999999993,27.73207499999998,0.0,0.0,0.0
100,122,April,36,medium,medium,0.9244024999999993,27.73207499999998,0.0,0.0,0.0
100,122,June,34,medium,medium,0.15273421519159963,4.582026455747989,0.0,0.0,0.0
100,122,June,35,fast,medium,2.6871775000000007,80.61532500000001,0.0,0.0,0.0
100,122,June,36,fast,medium,2.6871775000000007,80.61532500000001,0.0,0.0,0.0
100,122,March,34,medium,medium,0.15273421519159963,4.734760670939589,0.0,0.0,0.0
100,122,May,34,fast,medium,0.15273421519159963,4.734760670939589,0.0,0.0,0.0
100,122,May,35,fast,medium,2.013163306451613,62.4080625,0.0,0.0,0.0
100,122,May,36,medium,medium,2.013163306451613,62.4080625,0.0,0.0,0.0
102,103,April,17,medium,medium,4.257656335961855,127.72969007885564,0.0,0.0,0.0
102,103,April,18,fast,medium,5.504676324958737,165.14028974876211,0.0,0.0,0.0
102,103,April,19,fast,medium,5.504676324958737,165.14028974876211,0.0,0.0,0.0
102,103,August,17,medium,medium,4.257656335961855,131.9873464148175,0.0,0.0,0.0
102,103,August,18,fast,medium,5.504676324958737,170.64496607372087,0.0,0.0,0.0
102,103,August,19,medium,medium,5.504676324958737,170.64496607372087,0.0,0.0,0.0
102,103,December,18,medium,medium,5.504676324958737,170.64496607372087,0.0,0.0,0.0
102,103,December,19,fast,medium,5.504676324958737,170.64496607372087,0.0,0.0,0.0
102,103,February,17,medium,medium,4.257656335961855,119.21437740693193,0.0,0.0,0.0
102,103,February,18,fast,medium,5.504676324958737,154.13093709884464,0.0,0.0,0.0
102,103,February,19,medium,medium,5.504676324958737,154.13093709884464,0.0,0.0,0.0
102,103,January,18,fast,medium,0.49073612903225805,15.212819999999999,0.0,0.0,0.0
102,103,January,19,fast,medium,2.943276129032263,91.24156000000016,0.0,0.0,0.0
102,103,July,17,fast,medium,4.257656335961855,131.9873464148175,0.0,0.0,0.0
102,103,July,18,fast,medium,5.504676324958737,170.64496607372087,0.0,0.0,0.0
102,103,July,19,medium,medium,5.504676324958737,170.64496607372087,0.0,0.0,0.0
102,103,June,17,medium,medium,4.257656335961855,127.72969007885564,0.0,0.0,0.0
102,103,June,18,fast,medium,12.599727506768257,377.9918252030477,0.0,0.0,0.0
102,103,June,19,fast,medium,10.786668000000002,323.6000400000001,0.0,0.0,0.0
102,103,March,17,medium,medium,4.257656335961855,131.9873464148175,0.0,0.0,0.0
102,103,March,18,medium,medium,5.504676324958737,170.64496607372087,0.0,0.0,0.0
102,103,March,19,medium,medium,5.504676324958737,170.64496607372087,0.0,0.0,0.0
102,103,May,17,fast,medium,9.102566196926311,282.17955210471564,0.0,0.0,0.0
102,103,May,18,fast,medium,16.504676324958737,511.64496607372087,0.0,0.0,0.0
102,103,May,19,medium,medium,16.504676324958737,511.64496607372087,0.0,0.0,0.0
102,103,May,20,medium,medium,1.7329910141206675,53.72272143774069,0.0,0.0,0.0
102,103,November,17,fast,medium,1.3141195517650175,39.423586552950525,0.0,0.0,0.0
102,103,November,18,fast,medium,5.504676324958737,165.14028974876211,0.0,0.0,0.0
102,103,November,19,fast,medium,4.051782,121.55346,0.0,0.0,0.0
102,103,October,18,medium,medium,5.504676324958737,170.64496607372087,0.0,0.0,0.0
102,103,October,19,medium,medium,5.504676324958737,170.64496607372087,0.0,0.0,0.0
102,103,September,17,medium,medium,4.257656335961855,127.72969007885564,0.0,0.0,0.0
102,103,September,18,medium,medium,5.504676324958737,165.14028974876211,0.0,0.0,0.0
102,103,September,19,medium,medium,5.504676324958737,165.14028974876211,0.0,0.0,0.0
102,127,December,17,medium,medium,4.257656335961855,131.9873464148175,0.0,0.0,0.0
102,127,January,17,fast,medium,4.257656335961855,131.9873464148175,0.0,0.0,0.0
102,127,January,18,medium,medium,5.01394019592648,155.4321460737209,0.0,0.0,0.0
102,127,January,19,fast,medium,2.561400195926474,79.4034060737207,0.0,0.0,0.0
102,127,November,17,fast,medium,2.943536784196837,88.30610352590512,0.0,0.0,0.0
102,127,November,19,fast,medium,1.4528943249587378,43.586829748762135,0.0,0.0,0.0
102,127,October,17,medium,medium,4.257656335961855,131.9873464148175,0.0,0.0,0.0
103,83,April,23,fast,medium,2.887490577061321,86.62471731183963,0.0,0.0,0.0
103,83,April,24,medium,medium,2.5107725714449387,75.32317714334816,0.0,0.0,0.0
103,83,August,23,medium,medium,2.887490577061321,89.51220788890095,0.0,0.0,0.0
103,83,August,24,medium,medium,2.5107725714449387,77.8339497147931,0.0,0.0,0.0
103,83,December,23,fast,medium,2.887490577061321,89.51220788890095,0.0,0.0,0.0
103,83,December,24,fast,medium,2.5107725714449387,77.8339497147931,0.0,0.0,0.0
103,83,February,23,medium,medium,2.887490577061321,80.84973615771699,0.0,0.0,0.0
103,83,February,24,medium,medium,2.5107725714449387,70.30163200045828,0.0,0.0,0.0
103,83,January,23,fast,medium,2.887490577061321,89.51220788890095,0.0,0.0,0.0
103,83,January,24,fast,medium,2.5107725714449387,77.8339497147931,0.0,0.0,0.0
103,83,July,23,medium,medium,2.887490577061321,89.51220788890095,0.0,0.0,0.0
103,83,July,24,fast,medium,2.5107725714449387,77.8339497147931,0.0,0.0,0.0
103,83,June,23,fast,medium,2.887490577061321,86.62471731183963,0.0,0.0,0.0
103,83,June,24,fast,medium,2.5107725714449387,75.32317714334816,0.0,0.0,0.0
103,83,March,23,medium,medium,2.887490577061321,89.51220788890095,0.0,0.0,0.0
103,83,March,24,fast,medium,2.5107725714449387,77.8339497147931,0.0,0.0,0.0
103,83,May,23,fast,medium,2.887490577061321,89.51220788890095,0.0,0.0,0.0
103,83,May,24,medium,medium,2.5107725714449387,77.8339497147931,0.0,0.0,0.0
103,83,November,23,medium,medium,2.887490577061321,86.62471731183963,0.0,0.0,0.0
103,83,November,24,fast,medium,2.5107725714449387,75.32317714334816,0.0,0.0,0.0
103,83,October,23,medium,medium,2.887490577061321,89.51220788890095,0.0,0.0,0.0
103,83,October,24,medium,medium,2.5107725714449387,77.8339497147931,0.0,0.0,0.0
103,83,September,23,fast,medium,2.887490577061321,86.62471731183963,0.0,0.0,0.0
103,83,September,24,fast,medium,2.5107725714449387,75.32317714334816,0.0,0.0,0.0
105,47,April,34,medium,medium,0.6691653333333333,20.074959999999997,0.0,0.0,0.0
105,47,April,35,fast,medium,0.14966516666666668,4.489955,0.0,0.0,0.0
105,47,April,36,medium,medium,0.14966516666666668,4.489955,0.0,0.0,0.0
105,47,August,35,medium,medium,0.2068283064516129,6.4116775,0.0,0.0,0.0
105,47,August,36,fast,medium,0.1751605135823443,5.429975921052673,0.0,0.0,0.0
105,47,July,34,medium,medium,0.6857635483870967,21.25867,0.0,0.0,0.0
105,47,July,35,fast,medium,0.47524903185483913,14.732719987500014,0.0,0.0,0.0
105,47,July,36,medium,medium,0.3502150806451613,10.8566675,0.0,0.0,0.0
105,47,July,37,medium,medium,0.11039580645161291,3.42227,0.0,0.0,0.0
105,47,June,34,fast,medium,1.0796048333333335,32.388145,0.0,0.0,0.0
105,47,June,35,fast,medium,0.5948883772916665,17.846651318749995,0.0,0.0,0.0
105,47,June,36,medium,medium,0.4350668333333333,13.052005,0.0,0.0,0.0
105,47,June,37,medium,medium,0.11974375000000001,3.5923125000000002,0.0,0.0,0.0
105,47,March,34,medium,medium,0.16260499999999997,5.040754999999999,0.0,0.0,0.0
105,47,May,34,medium,medium,1.0022583064516128,31.0700075,0.0,0.0,0.0
105,47,May,35,fast,medium,0.32594072580645156,10.104162499999997,0.0,0.0,0.0
105,47,May,36,fast,medium,0.32594072580645156,10.104162499999997,0.0,0.0,0.0
105,47,May,37,medium,medium,0.1492845608870974,4.62782138750002,0.0,0.0,0.0
105,85,April,34,medium,medium,2.4620750711120167,73.8622521333605,0.0,0.0,0.0
105,85,April,35,fast,medium,6.911038117062763,207.33114351188289,0.0,0.0,0.0
105,85,April,36,medium,medium,5.036350214351732,151.09050643055195,0.0,0.0,0.0
105,85,April,37,fast,medium,1.0216044313996837,30.64813294199051,0.0,0.0,0.0
105,85,August,25,fast,medium,0.9696041470311028,30.057728557964186,0.0,0.0,0.0
105,85,August,33,fast,medium,0.19809797256888828,6.141037149635537,0.0,0.0,0.0
105,85,August,34,fast,medium,11.0,341.0,0.0,0.0,0.0
105,85,August,35,fast,medium,6.601684654697172,204.6522242956123,0.0,0.0,0.0
105,85,August,36,fast,medium,2.804159274193548,86.92893749999999,0.0,0.0,0.0
105,85,August,37,fast,medium,0.1257459677419358,3.89812500000001,0.0,0.0,0.0
105,85,December,25,medium,medium,0.45291129032258065,14.04025,0.0,0.0,0.0
105,85,December,26,medium,medium,1.5303958529688972,47.44227144203582,0.0,0.0,0.0
105,85,December,34,fast,medium,11.0,341.0,0.0,0.0,0.0
105,85,December,35,medium,medium,9.482354341782191,293.9529845952479,0.0,0.0,0.0
105,85,December,36,medium,medium,5.856938993935067,181.56510881198707,0.0,0.0,0.0
105,85,February,25,medium,medium,0.6469581635800566,18.114828580241586,0.0,0.0,0.0
105,85,February,33,medium,medium,0.9347786983753399,26.17380355450952,0.0,0.0,0.0
105,85,February,34,medium,medium,11.0,308.0,0.0,0.0,0.0
105,85,February,35,fast,medium,10.22099078372943,286.18774194442403,0.0,0.0,0.0
105,85,February,36,fast,medium,5.856938993935067,163.99429183018188,0.0,0.0,0.0
105,85,January,25,medium,medium,0.1,3.1,0.0,0.0,0.0
105,85,January,26,medium,medium,1.5303958529688972,47.44227144203582,0.0,0.0,0.0
105,85,January,34,medium,medium,11.0,341.0,0.0,0.0,0.0
105,85,January,35,fast,medium,2.0125,62.3875,0.0,0.0,0.0
105,85,January,36,fast,medium,3.356938993935067,104.06510881198707,0.0,0.0,0.0
105,85,July,34,medium,medium,11.0,341.0,0.0,0.0,0.0
105,85,July,35,fast,medium,8.200675219616526,254.2209318081123,0.0,0.0,0.0
105,85,July,36,fast,medium,1.5264263775627738,47.31921770444599,0.0,0.0,0.0
105,85,July,37,medium,medium,0.1623467741935484,5.03275,0.0,0.0,0.0
105,85,June,33,fast,medium,0.5229807017543862,15.689421052631584,0.0,0.0,0.0
105,85,June,34,fast,medium,3.8843490471518636,116.5304714145559,0.0,0.0,0.0
105,85,June,35,fast,medium,5.206689906437764,156.20069719313292,0.0,0.0,0.0
105,85,June,36,medium,medium,3.1398041666666665,94.194125,0.0,0.0,0.0
105,85,June,37,fast,medium,0.4793988695148045,14.381966085444134,0.0,0.0,0.0
105,85,March,25,fast,medium,0.8819474060436576,27.340369587353386,0.0,0.0,0.0
105,85,March,26,medium,medium,0.1,3.1,0.0,0.0,0.0
105,85,March,33,medium,medium,0.23912499999999998,7.412875,0.0,0.0,0.0
105,85,March,34,fast,medium,4.488316404445349,139.13780853780582,0.0,0.0,0.0
105,85,March,35,medium,medium,7.6176065095358805,236.1458017956123,0.0,0.0,0.0
105,85,March,36,medium,medium,2.501538306451613,77.54768750000001,0.0,0.0,0.0
105,85,March,37,medium,medium,1.248555119514805,38.705208704958956,0.0,0.0,0.0
105,85,May,33,medium,medium,0.6056801280046474,18.77608396814407,0.0,0.0,0.0
105,85,May,34,fast,medium,10.714750275413092,332.15725853780583,0.0,0.0,0.0
105,85,May,35,fast,medium,8.256102238568138,255.93916939561228,0.0,0.0,0.0
105,85,May,36,medium,medium,0.4793245967741935,14.859062499999999,0.0,0.0,0.0
105,85,May,37,fast,medium,0.31953611895161316,9.905619687500009,0.0,0.0,0.0
105,85,November,25,medium,medium,0.1,3.0,0.0,0.0,0.0
105,85,November,26,medium,medium,1.5303958529688972,45.911875589066916,0.0,0.0,0.0
105,85,November,34,fast,medium,11.0,330.0,0.0,0.0,0.0
105,85,November,35,fast,medium,7.72099078372943,231.6297235118829,0.0,0.0,0.0
105,85,November,36,medium,medium,3.356938993935067,100.70816981805201,0.0,0.0,0.0
105,85,November,37,medium,medium,0.1,3.0,0.0,0.0,0.0
105,85,October,26,fast,medium,1.5303958529688972,47.44227144203582,0.0,0.0,0.0
105,85,October,33,medium,medium,0.1,3.1,0.0,0.0,0.0
105,85,October,34,medium,medium,11.0,341.0,0.0,0.0,0.0
105,85,October,36,medium,medium,5.856938993935067,181.56510881198707,0.0,0.0,0.0
105,85,September,25,fast,medium,0.5481186894474774,16.443560683424323,0.0,0.0,0.0
105,85,September,33,medium,medium,0.4429729166666666,13.289187499999999,0.0,0.0,0.0
105,85,September,34,medium,medium,4.23507165444535,127.0521496333605,0.0,0.0,0.0
105,85,September,35,medium,medium,2.5315854166666667,75.9475625,0.0,0.0,0.0
105,85,September,36,medium,medium,3.326616993935067,99.79850981805201,0.0,0.0,0.0
105,106,April,34,fast,medium,11.0,330.0,0.0,0.0,0.0
105,106,April,35,medium,medium,2.711292,81.33876,0.0,0.0,0.0
105,106,April,36,fast,medium,0.211292,6.338760000000001,0.0,0.0,0.0
105,106,April,37,fast,medium,0.21863311665678772,6.558993499703631,0.0,0.0,0.0
105,106,August,34,fast,medium,3.505226968961479,108.66203603780585,0.0,0.0,0.0
105,106,August,35,medium,medium,2.7919929032258066,86.55178000000001,0.0,0.0,0.0
105,106,August,36,medium,medium,2.7919929032258066,86.55178000000001,0.0,0.0,0.0
105,106,August,37,medium,medium,0.1247161290322584,3.8662000000000103,0.0,0.0,0.0
105,106,December,25,fast,medium,0.43479483870967744,13.47864,0.0,0.0,0.0
105,106,December,33,medium,medium,0.9347786983753399,28.978139649635537,0.0,0.0,0.0
105,106,December,34,fast,medium,5.13873640444535,159.30082853780584,0.0,0.0,0.0
105,106,December,35,medium,medium,0.7386364419472398,22.897729700364433,0.0,0.0,0.0
105,106,February,34,medium,medium,5.13873640444535,143.88461932446978,0.0,0.0,0.0
105,106,January,25,fast,medium,0.8118812903225807,25.16832,0.0,0.0,0.0
105,106,January,34,medium,medium,5.13873640444535,159.30082853780584,0.0,0.0,0.0
105,106,January,35,medium,medium,8.208490783729431,254.46321429561237,0.0,0.0,0.0
105,106,January,36,fast,medium,2.5,77.5,0.0,0.0,0.0
105,106,July,33,medium,medium,0.1,3.1,0.0,0.0,0.0
105,106,July,34,fast,medium,2.3956822108969633,74.26614853780586,0.0,0.0,0.0
105,106,July,35,fast,medium,0.49442129032258064,15.32706,0.0,0.0,0.0
105,106,July,36,fast,medium,2.929652293791648,90.81922110754108,0.0,0.0,0.0
105,106,July,37,medium,medium,0.4971404191115787,15.411352992458939,0.0,0.0,0.0
105,106,June,33,medium,medium,0.2652193684210533,7.956581052631599,0.0,0.0,0.0
105,106,June,34,medium,medium,7.935968023960155,238.07904071880463,0.0,0.0,0.0
105,106,June,35,medium,medium,3.114212,93.42636,0.0,0.0,0.0
105,106,June,36,fast,medium,3.114212,93.42636,0.0,0.0,0.0
105,106,June,37,fast,medium,0.26905000000000034,8.071500000000011,0.0,0.0,0.0
105,106,March,33,medium,medium,0.22956,7.116359999999999,0.0,0.0,0.0
105,106,March,34,fast,medium,11.0,341.0,0.0,0.0,0.0
105,106,March,35,medium,medium,2.501476774193548,77.54578,0.0,0.0,0.0
105,106,March,36,medium,medium,2.501476774193548,77.54578,0.0,0.0,0.0
105,106,May,33,medium,medium,0.23823962648556796,7.385428421052607,0.0,0.0,0.0
105,106,May,34,fast,medium,1.4149529032258066,43.86354,0.0,0.0,0.0
105,106,May,35,medium,medium,0.6611256419354846,20.494894900000023,0.0,0.0,0.0
105,106,May,36,fast,medium,2.9601516129032257,91.76469999999999,0.0,0.0,0.0
105,106,May,37,fast,medium,0.10978064516129032,3.4032,0.0,0.0,0.0
105,106,November,25,fast,medium,0.818336,24.550079999999998,0.0,0.0,0.0
105,106,November,34,medium,medium,5.13873640444535,154.1620921333605,0.0,0.0,0.0
105,106,November,35,fast,medium,2.5,75.0,0.0,0.0,0.0
105,106,November,36,fast,medium,2.5,75.0,0.0,0.0,0.0
105,106,November,37,medium,medium,1.1485551195148047,34.456653585444144,0.0,0.0,0.0
105,106,October,33,fast,medium,0.8283405532140495,25.678557149635537,0.0,0.0,0.0
105,106,October,34,medium,medium,5.13873640444535,159.30082853780584,0.0,0.0,0.0
105,106,October,35,fast,medium,10.22099078372943,316.85071429561236,0.0,0.0,0.0
105,106,September,33,medium,medium,0.1,3.0,0.0,0.0,0.0
105,106,September,34,medium,medium,11.0,330.0,0.0,0.0,0.0
105,106,September,35,medium,medium,7.689405367062763,230.6821610118829,0.0,0.0,0.0
105,106,September,36,medium,medium,2.530322,75.90966,0.0,0.0,0.0
105,129,April,34,fast,medium,0.7872533333333332,23.617599999999996,0.0,0.0,0.0
105,129,April,35,fast,medium,0.17607666666666666,5.282299999999999,0.0,0.0,0.0
105,129,April,36,fast,medium,0.17607666666666666,5.282299999999999,0.0,0.0,0.0
105,129,August,26,medium,medium,0.23319337772137283,7.228994709362558,0.0,0.0,0.0
105,129,August,34,medium,medium,0.640591935483871,19.858349999999998,0.0,0.0,0.0
105,129,August,35,fast,medium,0.24332741935483873,7.543150000000001,0.0,0.0,0.0
105,129,August,36,fast,medium,0.24332741935483873,7.543150000000001,0.0,0.0,0.0
105,129,July,34,medium,medium,0.8067806451612902,25.010199999999998,0.0,0.0,0.0
105,129,July,35,medium,medium,0.4120177419354839,12.77255,0.0,0.0,0.0
105,129,July,36,fast,medium,0.4120177419354839,12.77255,0.0,0.0,0.0
105,129,June,34,medium,medium,1.2701233333333333,38.103699999999996,0.0,0.0,0.0
105,129,June,35,medium,medium,0.5118433333333333,15.3553,0.0,0.0,0.0
105,129,June,36,medium,medium,0.5118433333333333,15.3553,0.0,0.0,0.0
105,129,March,34,fast,medium,0.19129999999999997,5.930299999999999,0.0,0.0,0.0
105,129,May,34,medium,medium,1.1791274193548387,36.552949999999996,0.0,0.0,0.0
105,129,May,35,fast,medium,0.3834596774193548,11.88725,0.0,0.0,0.0
105,129,May,36,fast,medium,0.3834596774193548,11.88725,0.0,0.0,0.0
105,129,September,34,medium,medium,0.3543783333333333,10.63135,0.0,0.0,0.0
105,131,April,26,medium,medium,0.1,3.0,0.0,0.0,0.0
105,131,April,33,medium,medium,0.26578270175438545,7.973481052631564,0.0,0.0,0.0
105,131,April,34,fast,medium,1.2202426666666666,36.607279999999996,0.0,0.0,0.0
105,131,April,35,medium,medium,0.27291883333333333,8.187565,0.0,0.0,0.0
105,131,April,36,medium,medium,0.2835549462500012,8.506648387500036,0.0,0.0,0.0
105,131,August,26,fast,medium,1.2972024752475244,40.21327673267326,0.0,0.0,0.0
105,131,August,34,fast,medium,0.9929175,30.7804425,0.0,0.0,0.0
105,131,August,35,fast,medium,0.37715750000000003,11.691882500000002,0.0,0.0,0.0
105,131,August,36,fast,medium,0.37715750000000003,11.691882500000002,0.0,0.0,0.0
105,131,July,26,fast,medium,0.1,3.1,0.0,0.0,0.0
105,131,July,34,fast,medium,1.2505099999999998,38.765809999999995,0.0,0.0,0.0
105,131,July,35,fast,medium,0.6386275,19.797452500000002,0.0,0.0,0.0
105,131,July,36,medium,medium,0.6386275,19.797452500000002,0.0,0.0,0.0
105,131,July,37,medium,medium,0.42931308750000086,13.308705712500027,0.0,0.0,0.0
105,131,June,26,fast,medium,1.5303958529688972,45.911875589066916,0.0,0.0,0.0
105,131,June,33,medium,medium,0.13912059311218106,4.173617793365432,0.0,0.0,0.0
105,131,June,34,medium,medium,1.9686911666666667,59.060735,0.0,0.0,0.0
105,131,June,35,fast,medium,0.7933571666666667,23.800715,0.0,0.0,0.0
105,131,June,36,medium,medium,1.0847964527083331,32.543893581249996,0.0,0.0,0.0
105,131,June,37,fast,medium,0.21835625000000003,6.5506875,0.0,0.0,0.0
105,131,March,33,fast,medium,0.24609869837533999,7.62905964963554,0.0,0.0,0.0
105,131,March,34,medium,medium,0.296515,9.191965,0.0,0.0,0.0
105,131,March,35,fast,medium,0.10190750000000116,3.159132500000036,0.0,0.0,0.0
105,131,March,36,fast,medium,2.5019075,77.5591325,0.0,0.0,0.0
105,131,May,34,fast,medium,1.8276475,56.657072500000005,0.0,0.0,0.0
105,131,May,35,fast,medium,0.5943624999999999,18.425237499999998,0.0,0.0,0.0
105,131,May,36,fast,medium,2.8018399445981,86.8570382825411,0.0,0.0,0.0
105,131,May,37,fast,medium,0.6647473429019013,20.60716762995894,0.0,0.0,0.0
105,131,September,26,medium,medium,0.9054315936685771,27.16294781005731,0.0,0.0,0.0
105,131,September,34,medium,medium,0.5492864166666666,16.478592499999998,0.0,0.0,0.0
106,47,April,2,fast,medium,5.223658686543944,156.70976059631832,0.0,0.0,0.0
106,47,April,3,medium,medium,9.021907154304255,270.6572146291277,0.0,0.0,0.0
106,47,April,27,fast,medium,1.2192407850877205,36.577223552631615,0.0,0.0,0.0
106,47,April,28,medium,medium,2.378281583333333,71.34844749999999,0.0,0.0,0.0
106,47,August,2,fast,medium,5.223658686543944,161.93341928286225,0.0,0.0,0.0
106,47,December,2,fast,medium,5.223658686543944,161.93341928286225,0.0,0.0,0.0
106,47,December,3,fast,medium,9.021907154304255,279.6791217834319,0.0,0.0,0.0
106,47,February,2,fast,medium,5.223658686543944,146.26244322323043,0.0,0.0,0.0
106,47,February,27,fast,medium,1.1332898214285714,31.732115,0.0,0.0,0.0
106,47,February,28,fast,medium,1.1332898214285714,31.732115,0.0,0.0,0.0
106,47,February,29,fast,medium,0.8487416964285714,23.7647675,0.0,0.0,0.0
106,47,January,2,fast,medium,5.223658686543944,161.93341928286225,0.0,0.0,0.0
106,47,January,3,medium,medium,9.021907154304255,279.6791217834319,0.0,0.0,0.0
106,47,July,2,fast,medium,5.223658686543944,161.93341928286225,0.0,0.0,0.0
106,47,July,3,fast,medium,9.021907154304255,279.6791217834319,0.0,0.0,0.0
106,47,July,27,fast,medium,0.6448225297113732,19.98949842105257,0.0,0.0,0.0
106,47,June,2,fast,medium,5.223658686543944,156.70976059631832,0.0,0.0,0.0
106,47,June,3,medium,medium,1.3791806180985873,41.37541854295762,0.0,0.0,0.0
106,47,June,27,fast,medium,2.4155247850877184,72.46574355263155,0.0,0.0,0.0
106,47,June,28,medium,medium,2.443850583333333,73.3155175,0.0,0.0,0.0
106,47,June,29,medium,medium,0.1,3.0,0.0,0.0,0.0
106,47,March,2,fast,medium,5.223658686543944,161.93341928286225,0.0,0.0,0.0
106,47,March,3,fast,medium,1.3791806180985873,42.754599161056206,0.0,0.0,0.0
106,47,May,2,fast,medium,5.223658686543944,161.93341928286225,0.0,0.0,0.0
106,47,May,27,fast,medium,2.7788816935483864,86.14533249999998,0.0,0.0,0.0
106,47,May,28,medium,medium,2.7788816935483864,86.14533249999998,0.0,0.0,0.0
106,47,November,2,fast,medium,5.223658686543944,156.70976059631832,0.0,0.0,0.0
106,47,November,3,fast,medium,9.021907154304255,270.6572146291277,0.0,0.0,0.0
106,47,October,2,fast,medium,5.223658686543944,161.93341928286225,0.0,0.0,0.0
106,47,October,3,medium,medium,9.021907154304255,279.6791217834319,0.0,0.0,0.0
106,47,September,2,fast,medium,5.223658686543944,156.70976059631832,0.0,0.0,0.0
106,60,April,2,medium,medium,1.2329107180774113,36.987321542322334,0.0,0.0,0.0
106,60,April,4,fast,medium,5.975514213090403,179.26542639271207,0.0,0.0,0.0
106,60,August,3,fast,medium,10.9,337.90000000000003,0.0,0.0,0.0
106,60,February,3,medium,medium,11.0,308.0,0.0,0.0,0.0
106,60,February,4,fast,medium,5.975514213090403,167.31439796653126,0.0,0.0,0.0
106,60,July,2,fast,medium,1.2329107180774113,38.22023226039975,0.0,0.0,0.0
106,60,July,4,medium,medium,5.975514213090403,185.24094060580248,0.0,0.0,0.0
106,60,March,2,fast,medium,1.2329107180774113,38.22023226039975,0.0,0.0,0.0
106,60,May,2,fast,medium,1.2329107180774113,38.22023226039975,0.0,0.0,0.0
106,60,May,3,fast,medium,10.9,337.90000000000003,0.0,0.0,0.0
106,60,May,4,fast,medium,8.911883114522958,276.2683765502117,0.0,0.0,0.0
106,60,November,2,medium,medium,1.2329107180774113,36.987321542322334,0.0,0.0,0.0
106,60,October,2,fast,medium,1.2329107180774113,38.22023226039975,0.0,0.0,0.0
106,60,September,2,fast,medium,1.2329107180774113,36.987321542322334,0.0,0.0,0.0
106,60,September,3,fast,medium,11.0,330.0,0.0,0.0,0.0
106,85,April,1,fast,medium,0.9423012244151732,28.269036732455195,0.0,0.0,0.0
106,85,April,26,fast,medium,3.7431874999999994,112.29562499999999,0.0,0.0,0.0
106,85,April,27,fast,medium,8.735078676321098,262.05236028963293,0.0,0.0,0.0
106,85,April,28,medium,medium,6.614346374837299,198.43039124511898,0.0,0.0,0.0
106,85,April,29,fast,medium,4.599439291666665,137.98317874999995,0.0,0.0,0.0
106,85,April,30,fast,medium,0.3402708333333333,10.208124999999999,0.0,0.0,0.0
106,85,August,1,fast,medium,5.6704565642209985,175.78415349085094,0.0,0.0,0.0
106,85,August,3,medium,medium,1.479180618098587,45.85459916105619,0.0,0.0,0.0
106,85,August,26,fast,medium,4.358006131167869,135.09819006620393,0.0,0.0,0.0
106,85,August,27,medium,medium,11.0,341.0,0.0,0.0,0.0
106,85,August,28,medium,medium,6.029618734654432,186.91818077428738,0.0,0.0,0.0
106,85,August,29,medium,medium,4.3066653225806455,133.506625,0.0,0.0,0.0
106,85,December,1,fast,medium,0.18472474442718045,5.726467077242594,0.0,0.0,0.0
106,85,December,26,fast,medium,1.4225154373536832,44.09797855796418,0.0,0.0,0.0
106,85,December,27,fast,medium,11.0,341.0,0.0,0.0,0.0
106,85,December,28,fast,medium,11.0,341.0,0.0,0.0,0.0
106,85,December,29,fast,medium,7.385621838307536,228.9542769875336,0.0,0.0,0.0
106,85,February,1,fast,medium,5.6704565642209985,158.77278379818796,0.0,0.0,0.0
106,85,February,26,fast,medium,3.938595982142857,110.2806875,0.0,0.0,0.0
106,85,February,27,fast,medium,6.37379646021834,178.46630088611352,0.0,0.0,0.0
106,85,February,28,medium,medium,5.099043984970818,142.7732315791829,0.0,0.0,0.0
106,85,February,29,medium,medium,3.8408771061646783,107.54455897261099,0.0,0.0,0.0
106,85,January,1,medium,medium,0.2847247444271801,8.826467077242583,0.0,0.0,0.0
106,85,January,27,fast,medium,11.0,341.0,0.0,0.0,0.0
106,85,January,28,fast,medium,11.0,341.0,0.0,0.0,0.0
106,85,January,29,fast,medium,7.074300144759149,219.3033044875336,0.0,0.0,0.0
106,85,January,30,fast,medium,0.3383931451612904,10.490187500000001,0.0,0.0,0.0
106,85,July,1,fast,medium,5.6704565642209985,175.78415349085094,0.0,0.0,0.0
106,85,July,26,fast,medium,3.513027289354088,108.90384596997673,0.0,0.0,0.0
106,85,July,27,medium,medium,4.680365835645913,145.0913409050233,0.0,0.0,0.0
106,85,July,28,medium,medium,4.937780241935483,153.07118749999998,0.0,0.0,0.0
106,85,July,29,medium,medium,3.500893663434871,108.52770356648101,0.0,0.0,0.0
106,85,June,1,fast,medium,0.9423012244151732,28.269036732455195,0.0,0.0,0.0
106,85,June,26,medium,medium,3.756745833333333,112.70237499999999,0.0,0.0,0.0
106,85,June,27,fast,medium,6.093897916666666,182.8169375,0.0,0.0,0.0
106,85,June,28,medium,medium,6.093897916666666,182.8169375,0.0,0.0,0.0
106,85,June,29,medium,medium,3.553473358110214,106.60420074330642,0.0,0.0,0.0
106,85,June,30,fast,medium,0.40609176630870314,12.182752989261093,0.0,0.0,0.0
106,85,March,1,fast,medium,5.6704565642209985,175.78415349085094,0.0,0.0,0.0
106,85,March,4,fast,medium,6.075514213090402,188.34094060580247,0.0,0.0,0.0
106,85,March,26,fast,medium,1.8455625,57.2124375,0.0,0.0,0.0
106,85,March,27,medium,medium,11.0,341.0,0.0,0.0,0.0
106,85,March,28,medium,medium,11.0,341.0,0.0,0.0,0.0
106,85,March,29,medium,medium,3.854627016129032,119.4934375,0.0,0.0,0.0
106,85,March,30,fast,medium,0.5871971394424087,18.20311132271467,0.0,0.0,0.0
106,85,May,1,fast,medium,5.6704565642209985,175.78415349085094,0.0,0.0,0.0
106,85,May,3,medium,medium,1.479180618098587,45.85459916105619,0.0,0.0,0.0
106,85,May,26,fast,medium,4.351145161290323,134.8855,0.0,0.0,0.0
106,85,May,27,medium,medium,6.586590725806451,204.18431249999998,0.0,0.0,0.0
106,85,May,28,fast,medium,6.586590725806451,204.18431249999998,0.0,0.0,0.0
106,85,May,29,medium,medium,5.916590725806452,183.4143125,0.0,0.0,0.0
106,85,May,30,fast,medium,0.1,3.1,0.0,0.0,0.0
106,85,November,1,fast,medium,0.9423012244151732,28.269036732455195,0.0,0.0,0.0
106,85,November,27,fast,medium,11.0,330.0,0.0,0.0,0.0
106,85,November,28,fast,medium,11.0,330.0,0.0,0.0,0.0
106,85,November,29,fast,medium,7.266236504974202,217.98709514922606,0.0,0.0,0.0
106,85,November,30,medium,medium,0.12976666666666667,3.8930000000000002,0.0,0.0,0.0
106,85,October,1,fast,medium,5.6704565642209985,175.78415349085094,0.0,0.0,0.0
106,85,October,27,medium,medium,8.29892112782796,257.26655496266676,0.0,0.0,0.0
106,85,October,28,medium,medium,11.0,341.0,0.0,0.0,0.0
106,85,October,29,fast,medium,5.615463851613988,174.07937940003364,0.0,0.0,0.0
106,85,October,30,fast,medium,0.7567701612903225,23.459874999999997,0.0,0.0,0.0
106,85,September,1,fast,medium,0.9423012244151732,28.269036732455195,0.0,0.0,0.0
106,85,September,26,fast,medium,5.030154166666667,150.904625,0.0,0.0,0.0
106,85,September,27,medium,medium,11.0,330.0,0.0,0.0,0.0
106,85,September,28,fast,medium,5.7994479611612935,173.9834388348388,0.0,0.0,0.0
106,85,September,29,medium,medium,5.789770671640869,173.69312014922608,0.0,0.0,0.0
106,105,April,1,fast,medium,5.514268180206182,165.42804540618545,0.0,0.0,0.0
106,105,April,3,medium,medium,3.357273463794332,100.71820391382997,0.0,0.0,0.0
106,105,April,26,fast,medium,2.0133366470311027,60.40009941093308,0.0,0.0,0.0
106,105,April,27,fast,medium,5.717675083333333,171.5302525,0.0,0.0,0.0
106,105,April,28,fast,medium,5.717675083333333,171.5302525,0.0,0.0,0.0
106,105,April,29,medium,medium,3.408215261382921,102.24645784148763,0.0,0.0,0.0
106,105,April,30,fast,medium,0.11304916666666642,3.3914749999999927,0.0,0.0,0.0
106,105,August,1,fast,medium,5.514268180206182,170.94231358639163,0.0,0.0,0.0
106,105,August,2,medium,medium,1.2329107180774113,38.22023226039975,0.0,0.0,0.0
106,105,August,4,fast,medium,5.975514213090403,185.24094060580248,0.0,0.0,0.0
106,105,August,26,fast,medium,3.3089920322580655,102.57875300000003,0.0,0.0,0.0
106,105,August,27,medium,medium,8.19892112782796,254.16655496266677,0.0,0.0,0.0
106,105,August,28,fast,medium,11.0,341.0,0.0,0.0,0.0
106,105,August,29,medium,medium,4.162132096774194,129.026095,0.0,0.0,0.0
106,105,December,1,fast,medium,11.0,341.0,0.0,0.0,0.0
106,105,December,2,fast,medium,1.2329107180774113,38.22023226039975,0.0,0.0,0.0
106,105,December,3,medium,medium,3.357273463794332,104.0754773776243,0.0,0.0,0.0
106,105,December,4,medium,medium,5.975514213090403,185.24094060580248,0.0,0.0,0.0
106,105,December,26,fast,medium,8.351403863664478,258.8935197735988,0.0,0.0,0.0
106,105,December,27,fast,medium,8.29892112782796,257.26655496266676,0.0,0.0,0.0
106,105,December,28,medium,medium,8.07530362782796,250.33441246266676,0.0,0.0,0.0
106,105,February,1,fast,medium,5.514268180206182,154.3995090457731,0.0,0.0,0.0
106,105,February,2,fast,medium,1.2329107180774113,34.521500106167515,0.0,0.0,0.0
106,105,February,3,medium,medium,1.3791806180985873,38.617057306760444,0.0,0.0,0.0
106,105,February,26,fast,medium,2.2931124506025315,64.20714861687088,0.0,0.0,0.0
106,105,February,27,fast,medium,11.0,308.0,0.0,0.0,0.0
106,105,February,28,fast,medium,11.0,308.0,0.0,0.0,0.0
106,105,February,29,medium,medium,1.1482975892857143,32.1523325,0.0,0.0,0.0
106,105,February,30,fast,medium,0.1,2.8000000000000003,0.0,0.0,0.0
106,105,January,1,fast,medium,6.271844660194175,194.4271844660194,0.0,0.0,0.0
106,105,January,2,fast,medium,1.2329107180774113,38.22023226039975,0.0,0.0,0.0
106,105,January,3,medium,medium,3.357273463794332,104.0754773776243,0.0,0.0,0.0
106,105,January,4,medium,medium,5.975514213090403,185.24094060580248,0.0,0.0,0.0
106,105,January,26,medium,medium,1.7087141397278387,52.970138331563,0.0,0.0,0.0
106,105,January,27,fast,medium,8.29892112782796,257.26655496266676,0.0,0.0,0.0
106,105,January,28,fast,medium,8.29892112782796,257.26655496266676,0.0,0.0,0.0
106,105,January,29,fast,medium,0.3113216935483871,9.650972500000002,0.0,0.0,0.0
106,105,January,30,medium,medium,0.3113216935483871,9.650972500000002,0.0,0.0,0.0
106,105,July,1,fast,medium,5.514268180206182,170.94231358639163,0.0,0.0,0.0
106,105,July,3,medium,medium,3.357273463794332,104.0754773776243,0.0,0.0,0.0
106,105,July,26,fast,medium,3.041611081864656,94.28994353780433,0.0,0.0,0.0
106,105,July,27,medium,medium,11.0,341.0,0.0,0.0,0.0
106,105,July,28,medium,medium,9.388069192344089,291.0301449626668,0.0,0.0,0.0
106,105,July,29,fast,medium,1.9561908064516127,60.64191499999999,0.0,0.0,0.0
106,105,June,1,fast,medium,5.514268180206182,165.42804540618545,0.0,0.0,0.0
106,105,June,2,medium,medium,1.2329107180774113,36.987321542322334,0.0,0.0,0.0
106,105,June,3,fast,medium,11.0,330.0,0.0,0.0,0.0
106,105,June,4,medium,medium,5.975514213090403,179.26542639271207,0.0,0.0,0.0
106,105,June,26,fast,medium,4.614763532511886,138.44290597535658,0.0,0.0,0.0
106,105,June,27,fast,medium,5.806386083333333,174.19158249999998,0.0,0.0,0.0
106,105,June,28,fast,medium,5.806386083333333,174.19158249999998,0.0,0.0,0.0
106,105,June,29,medium,medium,3.164242230197322,94.92726690591965,0.0,0.0,0.0
106,105,March,1,fast,medium,5.514268180206182,170.94231358639163,0.0,0.0,0.0
106,105,March,3,fast,medium,11.0,341.0,0.0,0.0,0.0
106,105,March,26,fast,medium,0.6470714319101352,20.05921438921419,0.0,0.0,0.0
106,105,March,27,medium,medium,8.29892112782796,257.26655496266676,0.0,0.0,0.0
106,105,March,28,medium,medium,8.29892112782796,257.26655496266676,0.0,0.0,0.0
106,105,March,29,fast,medium,3.7462568548387094,116.1339625,0.0,0.0,0.0
106,105,May,1,fast,medium,5.514268180206182,170.94231358639163,0.0,0.0,0.0
106,105,May,26,fast,medium,4.180469623598806,129.59455833156298,0.0,0.0,0.0
106,105,May,27,medium,medium,6.259663467741935,194.04956749999997,0.0,0.0,0.0
106,105,May,28,medium,medium,6.259663467741935,194.04956749999997,0.0,0.0,0.0
106,105,May,29,fast,medium,3.9368475529872624,122.04227414260514,0.0,0.0,0.0
106,105,May,30,fast,medium,0.6432634677419355,19.941167500000002,0.0,0.0,0.0
106,105,November,1,fast,medium,5.514268180206182,165.42804540618545,0.0,0.0,0.0
106,105,November,3,fast,medium,3.357273463794332,100.71820391382997,0.0,0.0,0.0
106,105,November,4,fast,medium,5.975514213090403,179.26542639271207,0.0,0.0,0.0
106,105,November,26,fast,medium,1.7087141397278387,51.26142419183516,0.0,0.0,0.0
106,105,November,27,fast,medium,8.29892112782796,248.9676338348388,0.0,0.0,0.0
106,105,November,28,fast,medium,8.29892112782796,248.9676338348388,0.0,0.0,0.0
106,105,November,29,fast,medium,0.11938533333333334,3.5815600000000005,0.0,0.0,0.0
106,105,November,30,fast,medium,0.11938533333333334,3.5815600000000005,0.0,0.0,0.0
106,105,October,1,fast,medium,5.514268180206182,170.94231358639163,0.0,0.0,0.0
106,105,October,3,fast,medium,3.357273463794332,104.0754773776243,0.0,0.0,0.0
106,105,October,4,fast,medium,5.975514213090403,185.24094060580248,0.0,0.0,0.0
106,105,October,26,fast,medium,1.7087141397278387,52.970138331563,0.0,0.0,0.0
106,105,October,27,medium,medium,11.0,341.0,0.0,0.0,0.0
106,105,October,28,medium,medium,8.29892112782796,257.26655496266676,0.0,0.0,0.0
106,105,October,29,medium,medium,1.7701579866935477,54.87489758749998,0.0,0.0,0.0
106,105,September,1,fast,medium,5.514268180206182,165.42804540618545,0.0,0.0,0.0
106,105,September,3,fast,medium,1.3791806180985873,41.37541854295762,0.0,0.0,0.0
106,105,September,4,fast,medium,5.975514213090403,179.26542639271207,0.0,0.0,0.0
106,105,September,26,fast,medium,4.202777574033013,126.0833272209904,0.0,0.0,0.0
106,105,September,27,medium,medium,5.546230204833722,166.38690614501166,0.0,0.0,0.0
106,105,September,28,medium,medium,11.0,330.0,0.0,0.0,0.0
106,105,September,29,medium,medium,1.5958511666666666,47.875535,0.0,0.0,0.0
106,129,April,26,fast,medium,0.34636119648737634,10.39083589462129,0.0,0.0,0.0
106,129,April,27,fast,medium,3.207238641666666,96.21715924999998,0.0,0.0,0.0
106,129,April,28,fast,medium,5.297978333333333,158.93935,0.0,0.0,0.0
106,129,April,29,medium,medium,2.2722166666666666,68.1665,0.0,0.0,0.0
106,129,August,26,fast,medium,0.592752533967889,18.375328553004557,0.0,0.0,0.0
106,129,August,29,medium,medium,1.445332258064516,44.805299999999995,0.0,0.0,0.0
106,129,July,26,fast,medium,1.885814422293828,58.46024709110867,0.0,0.0,0.0
106,129,July,27,fast,medium,1.225637737718201,37.99476986926423,0.0,0.0,0.0
106,129,July,28,medium,medium,1.9502241935483868,60.45694999999999,0.0,0.0,0.0
106,129,June,27,fast,medium,4.4243821958157294,132.7314658744719,0.0,0.0,0.0
106,129,June,28,medium,medium,5.375118333333333,161.25355,0.0,0.0,0.0
106,129,June,29,fast,medium,2.4181083333333335,72.54325,0.0,0.0,0.0
106,129,May,27,medium,medium,1.958038119204521,60.69918169534015,0.0,0.0,0.0
106,129,May,28,medium,medium,1.5016498197813979,46.551144413223334,0.0,0.0,0.0
106,129,September,27,medium,medium,1.5279702315750943,45.83910694725283,0.0,0.0,0.0
106,131,April,26,fast,medium,3.0123687962093597,90.3710638862808,0.0,0.0,0.0
106,131,April,27,fast,medium,5.562113941419142,166.86341824257426,0.0,0.0,0.0
106,131,April,28,fast,medium,4.71116881824861,141.3350645474583,0.0,0.0,0.0
106,131,April,29,fast,medium,3.521935833333333,105.658075,0.0,0.0,0.0
106,131,April,30,fast,medium,0.12784176630870348,3.8352529892611043,0.0,0.0,0.0
106,131,August,27,fast,medium,0.1,3.1,0.0,0.0,0.0
106,131,August,28,fast,medium,2.269302393173528,70.34837418837937,0.0,0.0,0.0
106,131,August,29,medium,medium,2.240265,69.448215,0.0,0.0,0.0
106,131,December,28,fast,medium,0.2236175,6.9321425,0.0,0.0,0.0
106,131,February,26,fast,medium,0.5586114931046675,15.641121806930691,0.0,0.0,0.0
106,131,February,27,fast,medium,0.7918348461810467,22.171375693069308,0.0,0.0,0.0
106,131,February,28,medium,medium,2.0665873214285715,57.864445,0.0,0.0,0.0
106,131,February,29,fast,medium,1.5477054464285716,43.335752500000005,0.0,0.0,0.0
106,131,July,26,fast,medium,1.8274574752475248,56.651181732673265,0.0,0.0,0.0
106,131,July,27,medium,medium,1.748095024752475,54.190945767326724,0.0,0.0,0.0
106,131,July,28,medium,medium,3.0228474999999997,93.70827249999999,0.0,0.0,0.0
106,131,July,29,fast,medium,1.928537368421052,59.78465842105261,0.0,0.0,0.0
106,131,July,30,fast,medium,0.13660499999999987,4.234754999999996,0.0,0.0,0.0
106,131,June,26,fast,medium,0.7307287738826203,21.921863216478606,0.0,0.0,0.0
106,131,June,27,fast,medium,5.608588146924513,168.25764440773537,0.0,0.0,0.0
106,131,June,28,fast,medium,4.629526211161295,138.88578633483885,0.0,0.0,0.0
106,131,June,29,fast,medium,3.748067916666667,112.4420375,0.0,0.0,0.0
106,131,March,29,medium,medium,1.3494011700457116,41.83143627141706,0.0,0.0,0.0
106,131,May,27,medium,medium,6.292620024752473,195.07122076732668,0.0,0.0,0.0
106,131,May,28,fast,medium,6.749008324175597,209.2192580494435,0.0,0.0,0.0
106,131,May,29,medium,medium,3.1795623711408982,98.56643350536784,0.0,0.0,0.0
106,131,September,26,medium,medium,0.1,3.0,0.0,0.0,0.0
106,131,September,27,medium,medium,1.224720691419142,36.741620742574256,0.0,0.0,0.0
106,131,September,28,fast,medium,2.4994731666666667,74.984195,0.0,0.0,0.0
107,108,April,19,fast,medium,7.393076062992126,221.79228188976379,0.0,0.0,0.0
107,108,April,20,fast,medium,0.8281154330708667,24.843462992126,0.0,0.0,0.0
107,108,April,21,medium,medium,5.0574815509196505,151.72444652758952,0.0,0.0,0.0
107,108,April,29,fast,medium,2.478454651171056,74.35363953513168,0.0,0.0,0.0
107,108,June,16,fast,medium,0.1,3.0,0.0,0.0,0.0
107,108,June,19,fast,medium,7.352606729658792,220.57820188976376,0.0,0.0,0.0
107,108,June,20,medium,medium,0.7876460997375325,23.629382992125976,0.0,0.0,0.0
107,108,June,21,medium,medium,5.675095289141268,170.25285867423804,0.0,0.0,0.0
107,108,June,29,fast,medium,2.069957984504388,62.098739535131635,0.0,0.0,0.0
107,132,June,15,medium,medium,0.5996249340811532,17.9887480224346,0.0,0.0,0.0
107,132,May,15,medium,medium,0.5234430783476238,16.226735428776337,0.0,0.0,0.0
108,86,December,24,medium,medium,1.1071338676188653,34.32114989618483,0.0,0.0,0.0
108,86,January,24,medium,medium,6.208680285678302,192.46908885602735,0.0,0.0,0.0
108,86,November,24,medium,medium,3.6825202856783017,110.47560857034905,0.0,0.0,0.0
108,86,October,24,medium,medium,6.208680285678302,192.46908885602735,0.0,0.0,0.0
108,107,April,23,fast,medium,6.6319081758601595,198.95724527580478,0.0,0.0,0.0
108,107,April,24,medium,medium,7.0677802856783,212.033408570349,0.0,0.0,0.0
108,107,August,24,medium,medium,0.34196098810283626,10.600790631187923,0.0,0.0,0.0
108,107,December,24,medium,medium,3.0947409341884686,95.93696895984253,0.0,0.0,0.0
108,107,February,24,medium,medium,1.9281461279784153,53.98809158339563,0.0,0.0,0.0
108,107,July,24,medium,medium,6.208680285678302,192.46908885602735,0.0,0.0,0.0
108,107,June,22,medium,medium,3.994943711538461,119.84831134615384,0.0,0.0,0.0
108,107,June,24,medium,medium,8.495325999999999,254.85977999999994,0.0,0.0,0.0
108,107,June,25,medium,medium,0.1,3.0,0.0,0.0,0.0
108,107,May,24,medium,medium,6.208680285678302,192.46908885602735,0.0,0.0,0.0
108,107,November,24,medium,medium,2.52616,75.7848,0.0,0.0,0.0
108,107,September,22,medium,medium,0.1,3.0,0.0,0.0,0.0
108,107,September,24,medium,medium,1.3930190694847369,41.790572084542106,0.0,0.0,0.0
108,132,August,24,medium,medium,5.866719297575465,181.86829822483944,0.0,0.0,0.0
108,132,December,24,medium,medium,2.0068054838709677,62.210969999999996,0.0,0.0,0.0
108,132,February,24,fast,medium,4.280534157699886,119.85495641559682,0.0,0.0,0.0
108,132,March,24,medium,medium,6.208680285678302,192.46908885602735,0.0,0.0,0.0
108,132,September,22,fast,medium,1.346071499526964,40.38214498580892,0.0,0.0,0.0
108,132,September,24,medium,medium,4.815661216193565,144.46983648580695,0.0,0.0,0.0
109,87,August,28,fast,medium,1.0035500120397982,31.110050373233744,0.0,0.0,0.0
109,87,August,29,fast,medium,0.1,3.1,0.0,0.0,0.0
109,87,December,28,fast,medium,0.28853870967741935,8.9447,0.0,0.0,0.0
109,87,February,28,fast,medium,1.492179722250345,41.78103222300966,0.0,0.0,0.0
109,87,July,28,fast,medium,2.4154675352722137,74.87949359343862,0.0,0.0,0.0
109,87,July,29,fast,medium,1.236802965787092,38.34089193939985,0.0,0.0,0.0
109,87,June,28,fast,medium,5.750236666666666,172.50709999999998,0.0,0.0,0.0
109,87,June,29,fast,medium,4.836216666666667,145.0865,0.0,0.0,0.0
109,87,June,30,fast,medium,4.836216666666667,145.0865,0.0,0.0,0.0
109,87,June,31,medium,medium,0.7207502436337734,21.6225073090132,0.0,0.0,0.0
109,87,September,28,fast,medium,0.72666280701754,21.7998842105262,0.0,0.0,0.0
109,88,April,27,fast,fast,5.034497972540038,151.03493917620114,0.0,0.0,0.0
109,88,April,28,fast,fast,7.430412371134022,222.91237113402065,0.0,0.0,0.0
109,88,April,29,fast,fast,0.9606768213058388,28.820304639175163,0.0,0.0,0.0
109,88,April,30,fast,fast,4.313034441149789,129.39103323449365,0.0,0.0,0.0
109,88,August,24,fast,fast,0.8889962903225097,27.5588849999978,0.0,0.0,0.0
109,88,December,28,fast,fast,7.430412371134022,230.34278350515467,0.0,0.0,0.0
109,88,December,29,fast,fast,1.236802965787092,38.34089193939985,0.0,0.0,0.0
109,88,February,28,fast,fast,7.430412371134022,208.0515463917526,0.0,0.0,0.0
109,88,February,29,fast,fast,1.236802965787092,34.63048304203858,0.0,0.0,0.0
109,88,January,28,fast,fast,7.430412371134022,230.34278350515467,0.0,0.0,0.0
109,88,January,29,fast,fast,1.236802965787092,38.34089193939985,0.0,0.0,0.0
109,88,July,28,fast,fast,0.17745253242434345,5.501028505154647,0.0,0.0,0.0
109,88,June,7,fast,fast,0.10081283333333332,3.0243849999999997,0.0,0.0,0.0
109,88,June,27,fast,fast,3.314275972540031,99.42827917620093,0.0,0.0,0.0
109,88,June,28,fast,fast,7.430412371134022,222.91237113402065,0.0,0.0,0.0
109,88,June,29,fast,fast,2.2882909879725055,68.64872963917517,0.0,0.0,0.0
109,88,June,30,fast,fast,5.6406486078164555,169.21945823449366,0.0,0.0,0.0
109,88,March,16,fast,fast,4.498277402713763,139.44659948412664,0.0,0.0,0.0
109,88,March,18,fast,fast,0.1,3.1,0.0,0.0,0.0
109,88,March,24,fast,fast,0.6711540322579914,20.805774999997734,0.0,0.0,0.0
109,88,March,28,fast,fast,7.430412371134022,230.34278350515467,0.0,0.0,0.0
109,88,March,29,fast,fast,1.236802965787092,38.34089193939985,0.0,0.0,0.0
109,88,May,28,fast,fast,7.430412371134022,230.34278350515467,0.0,0.0,0.0
109,88,May,29,fast,fast,5.156285638510141,159.84485479381436,0.0,0.0,0.0
109,88,May,30,fast,fast,8.508643258354091,263.76794100897683,0.0,0.0,0.0
109,88,November,28,fast,fast,7.430412371134022,222.91237113402065,0.0,0.0,0.0
109,88,November,29,fast,fast,1.236802965787092,37.10408897361276,0.0,0.0,0.0
109,88,October,28,fast,fast,7.430412371134022,230.34278350515467,0.0,0.0,0.0
109,88,October,29,fast,fast,1.236802965787092,38.34089193939985,0.0,0.0,0.0
109,108,August,28,fast,medium,0.1,3.1,0.0,0.0,0.0
109,110,August,28,fast,fast,7.819042081344574,242.3903045216818,0.0,0.0,0.0
109,110,August,29,fast,fast,1.136802965787092,35.24089193939985,0.0,0.0,0.0
109,110,June,28,fast,fast,7.570732676264168,227.12198028792503,0.0,0.0,0.0
109,110,June,29,fast,fast,4.121320015657307,123.63960046971923,0.0,0.0,0.0
109,110,June,30,fast,fast,0.9203695055662706,27.61108516698812,0.0,0.0,0.0
109,110,June,31,fast,fast,4.531122324337176,135.93366973011527,0.0,0.0,0.0
109,110,September,28,fast,fast,8.195929286366827,245.8778785910048,0.0,0.0,0.0
109,110,September,29,fast,fast,1.236802965787092,37.10408897361276,0.0,0.0,0.0
109,134,April,28,fast,medium,36.444991915209144,1093.3497574562743,0.0,0.0,0.0
109,134,April,29,fast,fast,3.8862416351485507,116.58724905445652,0.0,0.0,0.0
109,134,April,30,fast,medium,13.730638376654163,411.9191512996249,0.0,0.0,0.0
109,134,April,31,medium,medium,15.213379333333336,456.4013800000001,0.0,0.0,0.0
109,134,April,31,fast,fast,0.43358280248069647,13.007484074420894,0.0,0.0,0.0
109,134,April,32,fast,fast,19.999999,599.99997,0.0,0.0,0.0
109,134,December,28,fast,medium,1.2036410125729198,37.31287138976052,0.0,0.0,0.0
109,134,January,28,fast,medium,1.492179722250345,46.2575713897607,0.0,0.0,0.0
109,134,July,28,fast,medium,6.329672025687799,196.21983279632178,0.0,0.0,0.0
109,134,June,28,fast,medium,44.59049225437582,1337.7147676312745,0.0,0.0,0.0
109,134,June,29,fast,medium,7.548122468481889,226.44367405445666,0.0,0.0,0.0
109,134,June,30,fast,fast,17.392519209987498,521.775576299625,0.0,0.0,0.0
109,134,June,31,fast,fast,24.191629635814035,725.7488890744211,0.0,0.0,0.0
109,134,June,32,fast,medium,5.700010233807605,171.00030701422816,0.0,0.0,0.0
109,134,June,32,fast,fast,25.0,750.0,0.0,0.0,0.0
109,134,June,34,fast,fast,1.7796596553699544,53.38978966109863,0.0,0.0,0.0
109,134,March,28,fast,fast,1.492179722250345,46.2575713897607,0.0,0.0,0.0
109,134,May,28,fast,medium,1.492179722250345,46.2575713897607,0.0,0.0,0.0
109,134,May,31,fast,fast,0.43358280248069647,13.44106687690159,0.0,0.0,0.0
109,134,May,32,fast,fast,7.4061375913344865,229.59026533136907,0.0,0.0,0.0
109,134,May,34,fast,fast,1.7796596553699544,55.16944931646859,0.0,0.0,0.0
109,134,November,28,fast,medium,1.492179722250345,44.76539166751035,0.0,0.0,0.0
109,134,October,28,fast,medium,1.492179722250345,46.2575713897607,0.0,0.0,0.0
110,88,April,16,fast,fast,0.6812510912811938,20.437532738435813,0.0,0.0,0.0
110,88,April,17,fast,fast,17.305318333333336,519.1595500000001,0.0,0.0,0.0
110,88,April,18,fast,fast,17.305318333333336,519.1595500000001,0.0,0.0,0.0
110,88,April,19,fast,fast,13.434066611195306,403.02199833585917,0.0,0.0,0.0
110,88,August,17,fast,fast,0.45898859395943425,14.228646412742462,0.0,0.0,0.0
110,88,February,17,fast,fast,10.568728762500001,295.92440535000003,0.0,0.0,0.0
110,88,February,18,fast,fast,6.314425000000001,176.80390000000003,0.0,0.0,0.0
110,88,July,17,fast,fast,6.566094701722005,203.54893575338215,0.0,0.0,0.0
110,88,July,18,fast,fast,13.31932402493334,412.89904477293356,0.0,0.0,0.0
110,88,July,19,fast,fast,1.2653693548387075,39.22644999999993,0.0,0.0,0.0
110,88,June,16,fast,fast,0.6812510912811938,20.437532738435813,0.0,0.0,0.0
110,88,June,17,fast,fast,8.496975824679694,254.90927474039083,0.0,0.0,0.0
110,88,June,18,fast,fast,19.864708500000003,595.9412550000001,0.0,0.0,0.0
110,88,June,19,fast,fast,13.238223944528634,397.146718335859,0.0,0.0,0.0
110,88,March,17,fast,fast,20.0,620.0,0.0,0.0,0.0
110,88,March,18,fast,fast,7.962726296687542,246.8445151973138,0.0,0.0,0.0
110,88,May,18,fast,fast,18.37453749100701,569.6106622212174,0.0,0.0,0.0
110,88,September,17,fast,fast,19.999999,599.99997,0.0,0.0,0.0
110,88,September,18,fast,fast,8.165408070881092,244.96224212643278,0.0,0.0,0.0
110,134,April,32,fast,fast,4.843408975164868,145.30226925494605,0.0,0.0,0.0
110,134,April,33,fast,fast,6.414486007437738,192.43458022313212,0.0,0.0,0.0
110,134,April,34,fast,fast,3.3155081964180404,99.46524589254122,0.0,0.0,0.0
110,134,June,32,medium,medium,3.521833891831532,105.65501675494596,0.0,0.0,0.0
110,134,June,33,fast,fast,18.534523007437745,556.0356902231323,0.0,0.0,0.0
110,134,June,34,fast,fast,6.775789874381424,203.27369623144273,0.0,0.0,0.0
110,134,May,32,fast,fast,3.057659700971323,94.787450730111,0.0,0.0,0.0
110,134,May,33,fast,fast,20.398504215367847,632.3536306764032,0.0,0.0,0.0
110,134,May,34,fast,fast,6.775789874381424,210.04948610582414,0.0,0.0,0.0
111,136,April,19,fast,fast,1.4446378882160573,43.33913664648172,0.0,0.0,0.0
111,136,August,19,medium,medium,1.4446378882160573,44.78377453469778,0.0,0.0,0.0
111,136,December,19,medium,medium,1.4446378882160573,44.78377453469778,0.0,0.0,0.0
111,136,February,19,fast,medium,1.4446378882160573,40.449860870049605,0.0,0.0,0.0
111,136,January,19,medium,medium,1.4446378882160573,44.78377453469778,0.0,0.0,0.0
111,136,July,19,fast,fast,1.4446378882160573,44.78377453469778,0.0,0.0,0.0
111,136,June,19,medium,medium,1.4446378882160573,43.33913664648172,0.0,0.0,0.0
111,136,March,19,medium,medium,1.4446378882160573,44.78377453469778,0.0,0.0,0.0
111,136,May,15,fast,fast,0.10377286191014079,3.2169587192143645,0.0,0.0,0.0
111,136,May,19,medium,medium,1.4446378882160573,44.78377453469778,0.0,0.0,0.0
111,136,November,19,fast,medium,1.4446378882160573,43.33913664648172,0.0,0.0,0.0
111,136,October,19,medium,medium,1.4446378882160573,44.78377453469778,0.0,0.0,0.0
111,136,September,19,medium,medium,1.4446378882160573,43.33913664648172,0.0,0.0,0.0
116,117,April,16,fast,fast,24.44392019785394,733.3176059356183,0.0,0.0,0.0
116,117,April,17,fast,fast,13.121393524677181,393.6418057403154,0.0,0.0,0.0
116,117,April,18,fast,fast,0.4347909612422427,13.043728837267281,0.0,0.0,0.0
116,117,August,16,fast,fast,24.44392019785394,757.7615261334722,0.0,0.0,0.0
116,117,August,17,fast,fast,11.849741858010518,367.34199759832603,0.0,0.0,0.0
116,117,August,18,fast,fast,17.82387980532974,552.5402739652219,0.0,0.0,0.0
116,117,December,16,fast,fast,24.44392019785394,757.7615261334722,0.0,0.0,0.0
116,117,December,17,fast,fast,11.849741858010518,367.34199759832603,0.0,0.0,0.0
116,117,December,33,fast,fast,0.42833344955431585,13.278336936183791,0.0,0.0,0.0
116,117,February,16,fast,fast,24.44392019785394,684.4297655399104,0.0,0.0,0.0
116,117,February,17,fast,fast,11.849741858010518,331.7927720242945,0.0,0.0,0.0
116,117,February,18,fast,fast,6.922983337323977,193.84353344507136,0.0,0.0,0.0
116,117,February,33,fast,fast,0.42833344955431585,11.993336587520844,0.0,0.0,0.0
116,117,January,16,fast,fast,24.44392019785394,757.7615261334722,0.0,0.0,0.0
116,117,January,17,fast,fast,11.849741858010518,367.34199759832603,0.0,0.0,0.0
116,117,January,33,fast,fast,0.42833344955431585,13.278336936183791,0.0,0.0,0.0
116,117,July,16,fast,fast,24.44392019785394,757.7615261334722,0.0,0.0,0.0
116,117,July,17,fast,fast,11.849741858010518,367.34199759832603,0.0,0.0,0.0
116,117,July,18,fast,fast,21.16313929457558,656.057318131843,0.0,0.0,0.0
116,117,June,15,fast,fast,7.568260805060156,227.04782415180466,0.0,0.0,0.0
116,117,June,16,fast,fast,25.505194494939833,765.155834848195,0.0,0.0,0.0
116,117,June,17,fast,fast,15.608148419557878,468.2444525867363,0.0,0.0,0.0
116,117,June,18,fast,fast,5.841636000000008,175.24908000000025,0.0,0.0,0.0
116,117,March,16,fast,fast,24.44392019785394,757.7615261334722,0.0,0.0,0.0
116,117,March,17,fast,fast,11.849741858010518,367.34199759832603,0.0,0.0,0.0
116,117,March,18,fast,fast,3.4523274865021136,107.02215208156552,0.0,0.0,0.0
116,117,May,15,fast,fast,8.153821699940863,252.76847269816676,0.0,0.0,0.0
116,117,May,16,fast,fast,12.275856791888287,380.55156054853694,0.0,0.0,0.0
116,117,November,16,fast,fast,24.44392019785394,733.3176059356183,0.0,0.0,0.0
116,117,November,17,fast,fast,11.849741858010518,355.4922557403155,0.0,0.0,0.0
116,117,November,33,fast,fast,0.42833344955431585,12.850003486629475,0.0,0.0,0.0
116,117,October,16,fast,fast,24.44392019785394,757.7615261334722,0.0,0.0,0.0
116,117,October,17,fast,fast,11.849741858010518,367.34199759832603,0.0,0.0,0.0
116,117,October,33,fast,fast,0.42833344955431585,13.278336936183791,0.0,0.0,0.0
116,117,September,16,fast,fast,24.44392019785394,733.3176059356183,0.0,0.0,0.0
116,117,September,17,fast,fast,18.070164756188397,542.104942685652,0.0,0.0,0.0
116,117,September,18,fast,fast,10.084379294575584,302.53137883726754,0.0,0.0,0.0
116,117,September,33,fast,fast,0.42833344955431585,12.850003486629475,0.0,0.0,0.0
116,141,April,32,fast,fast,5.578678993181974,167.36036979545923,0.0,0.0,0.0
116,141,April,33,fast,fast,0.42833344955431585,12.850003486629475,0.0,0.0,0.0
116,141,August,33,fast,fast,0.42833344955431585,13.278336936183791,0.0,0.0,0.0
116,141,July,33,fast,fast,0.42833344955431585,13.278336936183791,0.0,0.0,0.0
116,141,June,32,fast,fast,5.578678993181974,167.36036979545923,0.0,0.0,0.0
116,141,June,33,fast,fast,0.42833344955431585,12.850003486629475,0.0,0.0,0.0
116,141,March,32,fast,fast,5.578678993181974,172.9390487886412,0.0,0.0,0.0
116,141,March,33,fast,fast,0.42833344955431585,13.278336936183791,0.0,0.0,0.0
116,141,May,16,medium,medium,15.76569888983662,488.7366655849352,0.0,0.0,0.0
116,141,May,17,medium,medium,11.849741858010518,367.34199759832603,0.0,0.0,0.0
116,141,May,33,fast,fast,0.42833344955431585,13.278336936183791,0.0,0.0,0.0
117,96,July,4,medium,medium,2.1691632140277335,67.24405963485974,0.0,0.0,0.0
117,96,June,2,fast,medium,17.49850546539905,524.9551639619715,0.0,0.0,0.0
117,96,June,4,medium,medium,2.1691632140277335,65.074896420832,0.0,0.0,0.0
117,96,June,34,fast,medium,5.110128755880133,153.30386267640398,0.0,0.0,0.0
117,96,May,4,medium,medium,2.1691632140277335,67.24405963485974,0.0,0.0,0.0
117,116,April,4,fast,fast,2.1691632140277335,65.074896420832,0.0,0.0,0.0
117,116,April,29,fast,fast,21.774905889330967,653.247176679929,0.0,0.0,0.0
117,116,April,30,fast,fast,21.852498205128207,655.5749461538462,0.0,0.0,0.0
117,116,August,4,fast,fast,2.1691632140277335,67.24405963485974,0.0,0.0,0.0
117,116,August,30,fast,fast,1.3911578666106834,43.125893864931186,0.0,0.0,0.0
117,116,December,4,fast,fast,2.1691632140277335,67.24405963485974,0.0,0.0,0.0
117,116,December,30,fast,fast,1.2047619047619047,37.34761904761905,0.0,0.0,0.0
117,116,February,4,fast,fast,2.1691632140277335,60.73656999277654,0.0,0.0,0.0
117,116,February,30,fast,fast,1.2047619047619047,33.733333333333334,0.0,0.0,0.0
117,116,January,4,fast,fast,2.1691632140277335,67.24405963485974,0.0,0.0,0.0
117,116,January,30,fast,fast,1.2047619047619047,37.34761904761905,0.0,0.0,0.0
117,116,July,30,fast,fast,1.2047619047619047,37.34761904761905,0.0,0.0,0.0
117,116,June,29,fast,fast,20.994630889330963,629.8389266799289,0.0,0.0,0.0
117,116,June,30,fast,medium,0.3176745502302367,9.530236506907102,0.0,0.0,0.0
117,116,June,30,fast,fast,22.08533653846154,662.5600961538462,0.0,0.0,0.0
117,116,June,31,fast,fast,3.627272989690699,108.81818969072097,0.0,0.0,0.0
117,116,March,4,fast,fast,2.1691632140277335,67.24405963485974,0.0,0.0,0.0
117,116,March,30,fast,fast,1.2047619047619047,37.34761904761905,0.0,0.0,0.0
117,116,May,29,fast,fast,14.376181695782577,445.6616325692599,0.0,0.0,0.0
117,116,May,30,fast,fast,20.39551529123392,632.2609740282516,0.0,0.0,0.0
117,116,May,31,fast,fast,4.000667726249834,124.02069951374484,0.0,0.0,0.0
117,116,November,4,fast,fast,2.1691632140277335,65.074896420832,0.0,0.0,0.0
117,116,November,30,fast,fast,1.2047619047619047,36.14285714285714,0.0,0.0,0.0
117,116,October,4,fast,fast,2.1691632140277335,67.24405963485974,0.0,0.0,0.0
117,116,October,30,fast,fast,1.2047619047619047,37.34761904761905,0.0,0.0,0.0
117,116,September,4,fast,fast,2.1691632140277335,65.074896420832,0.0,0.0,0.0
117,116,September,30,fast,fast,9.068640751016884,272.05922253050653,0.0,0.0,0.0
117,142,April,31,fast,fast,1.4783468055393314,44.35040416617994,0.0,0.0,0.0
117,142,June,30,fast,fast,5.11733388852155,153.5200166556465,0.0,0.0,0.0
117,142,June,31,fast,fast,1.2356429792087447,37.06928937626234,0.0,0.0,0.0
119,98,April,22,medium,medium,0.1,3.0,0.0,0.0,0.0
119,98,April,29,fast,medium,9.0511310839779,271.533932519337,0.0,0.0,0.0
119,98,April,30,medium,medium,15.09745929239876,452.9237787719628,0.0,0.0,0.0
119,98,April,31,fast,medium,7.34304661904762,220.2913985714286,0.0,0.0,0.0
119,98,August,22,fast,medium,0.1,3.1,0.0,0.0,0.0
119,98,December,22,fast,medium,0.1,3.1,0.0,0.0,0.0
119,98,February,22,medium,medium,0.1,2.8000000000000003,0.0,0.0,0.0
119,98,January,22,medium,medium,0.1,3.1,0.0,0.0,0.0
119,98,July,22,medium,medium,0.1,3.1,0.0,0.0,0.0
119,98,June,22,fast,medium,8.34268860622111,250.28065818663327,0.0,0.0,0.0
119,98,June,29,fast,medium,5.885281917311225,176.55845751933674,0.0,0.0,0.0
119,98,June,30,fast,medium,4.411728350396248,132.35185051188745,0.0,0.0,0.0
119,98,March,22,fast,medium,0.1,3.1,0.0,0.0,0.0
119,98,May,22,fast,medium,0.1,3.1,0.0,0.0,0.0
119,98,November,22,medium,medium,0.1,3.0,0.0,0.0,0.0
119,98,October,22,medium,medium,0.1,3.1,0.0,0.0,0.0
119,98,September,22,fast,medium,0.1,3.0,0.0,0.0,0.0
120,144,April,3,fast,medium,5.97200346693257,179.1601040079771,0.0,0.0,0.0
120,144,April,4,medium,medium,1.8651400738496946,55.95420221549084,0.0,0.0,0.0
120,144,August,3,fast,medium,5.97200346693257,185.13210747490967,0.0,0.0,0.0
120,144,August,4,fast,medium,1.8651400738496946,57.81934228934053,0.0,0.0,0.0
120,144,December,3,medium,medium,5.97200346693257,185.13210747490967,0.0,0.0,0.0
120,144,December,4,fast,medium,1.8651400738496946,57.81934228934053,0.0,0.0,0.0
120,144,February,3,fast,medium,5.97200346693257,167.21609707411196,0.0,0.0,0.0
120,144,February,4,medium,medium,1.8651400738496946,52.22392206779145,0.0,0.0,0.0
120,144,January,3,medium,medium,5.97200346693257,185.13210747490967,0.0,0.0,0.0
120,144,January,4,fast,medium,1.8651400738496946,57.81934228934053,0.0,0.0,0.0
120,144,July,3,fast,medium,5.97200346693257,185.13210747490967,0.0,0.0,0.0
120,144,July,4,fast,medium,1.8651400738496946,57.81934228934053,0.0,0.0,0.0
120,144,June,3,medium,medium,5.97200346693257,179.1601040079771,0.0,0.0,0.0
120,144,June,4,fast,medium,1.8651400738496946,55.95420221549084,0.0,0.0,0.0
120,144,June,27,medium,medium,3.882494664564849,116.47483993694547,0.0,0.0,0.0
120,144,June,28,medium,medium,0.4211530104786334,12.634590314359002,0.0,0.0,0.0
120,144,June,29,medium,medium,7.067663374980539,212.02990124941616,0.0,0.0,0.0
120,144,June,30,fast,medium,18.682878369467858,560.4863510840357,0.0,0.0,0.0
120,144,June,31,medium,medium,6.935251148274656,208.05753444823966,0.0,0.0,0.0
120,144,March,3,medium,medium,5.97200346693257,185.13210747490967,0.0,0.0,0.0
120,144,March,4,fast,medium,1.8651400738496946,57.81934228934053,0.0,0.0,0.0
120,144,May,3,fast,medium,5.97200346693257,185.13210747490967,0.0,0.0,0.0
120,144,May,4,medium,medium,1.8651400738496946,57.81934228934053,0.0,0.0,0.0
120,144,November,3,fast,medium,5.97200346693257,179.1601040079771,0.0,0.0,0.0
120,144,November,4,medium,medium,1.8651400738496946,55.95420221549084,0.0,0.0,0.0
120,144,October,3,fast,medium,5.97200346693257,185.13210747490967,0.0,0.0,0.0
120,144,October,4,medium,medium,1.8651400738496946,57.81934228934053,0.0,0.0,0.0
120,144,September,3,fast,medium,5.97200346693257,179.1601040079771,0.0,0.0,0.0
120,144,September,4,medium,medium,1.8651400738496946,55.95420221549084,0.0,0.0,0.0
123,124,March,22,fast,medium,0.23695637096774114,7.345647499999975,0.0,0.0,0.0
123,148,April,28,fast,fast,8.428084075504557,252.84252226513672,0.0,0.0,0.0
123,148,April,29,fast,fast,4.120129010774843,123.60387032324527,0.0,0.0,0.0
123,148,April,40,fast,fast,2.3844982899456966,71.5349486983709,0.0,0.0,0.0
123,148,April,41,fast,fast,5.493198079901525,164.79594239704574,0.0,0.0,0.0
123,148,August,40,fast,fast,2.3844982899456966,73.9194469883166,0.0,0.0,0.0
123,148,August,41,fast,fast,5.493198079901525,170.28914047694727,0.0,0.0,0.0
123,148,December,40,fast,fast,2.3844982899456966,73.9194469883166,0.0,0.0,0.0
123,148,December,41,fast,fast,5.493198079901525,170.28914047694727,0.0,0.0,0.0
123,148,February,40,fast,fast,2.3844982899456966,66.7659521184795,0.0,0.0,0.0
123,148,February,41,fast,fast,5.493198079901525,153.8095462372427,0.0,0.0,0.0
123,148,January,40,fast,fast,2.3844982899456966,73.9194469883166,0.0,0.0,0.0
123,148,January,41,fast,fast,5.493198079901525,170.28914047694727,0.0,0.0,0.0
123,148,July,40,fast,fast,2.3844982899456966,73.9194469883166,0.0,0.0,0.0
123,148,July,41,fast,fast,5.493198079901525,170.28914047694727,0.0,0.0,0.0
123,148,June,28,fast,fast,0.21265721086272293,6.379716325881688,0.0,0.0,0.0
123,148,June,40,fast,fast,2.3844982899456966,71.5349486983709,0.0,0.0,0.0
123,148,June,41,fast,fast,5.493198079901525,164.79594239704574,0.0,0.0,0.0
123,148,March,40,fast,fast,2.3844982899456966,73.9194469883166,0.0,0.0,0.0
123,148,March,41,fast,fast,5.493198079901525,170.28914047694727,0.0,0.0,0.0
123,148,May,40,fast,fast,2.3844982899456966,73.9194469883166,0.0,0.0,0.0
123,148,May,41,fast,fast,5.493198079901525,170.28914047694727,0.0,0.0,0.0
123,148,November,40,fast,fast,2.3844982899456966,71.5349486983709,0.0,0.0,0.0
123,148,November,41,fast,fast,5.493198079901525,164.79594239704574,0.0,0.0,0.0
123,148,October,40,fast,fast,2.3844982899456966,73.9194469883166,0.0,0.0,0.0
123,148,October,41,fast,fast,5.493198079901525,170.28914047694727,0.0,0.0,0.0
123,148,September,40,fast,fast,2.3844982899456966,71.5349486983709,0.0,0.0,0.0
123,148,September,41,fast,fast,5.493198079901525,164.79594239704574,0.0,0.0,0.0
124,123,May,16,medium,medium,1.4434566691748465,44.74715674442024,0.0,0.0,0.0
125,149,April,25,fast,fast,3.0962045344699263,92.88613603409779,0.0,0.0,0.0
125,150,March,25,fast,medium,0.3775039996014362,11.702623987644522,0.0,0.0,0.0
127,103,April,27,medium,medium,15.023660234145424,450.7098070243627,0.0,0.0,0.0
127,103,April,28,medium,medium,23.503017999999997,705.0905399999999,0.0,0.0,0.0
127,103,August,28,medium,medium,5.723735408560309,177.43579766536956,0.0,0.0,0.0
127,103,December,28,fast,medium,5.723735408560309,177.43579766536956,0.0,0.0,0.0
127,103,February,28,medium,medium,5.723735408560309,160.26459143968864,0.0,0.0,0.0
127,103,January,28,fast,medium,5.723735408560309,177.43579766536956,0.0,0.0,0.0
127,103,July,28,fast,medium,5.723735408560309,177.43579766536956,0.0,0.0,0.0
127,103,June,27,fast,medium,16.9730869001297,509.192607003891,0.0,0.0,0.0
127,103,June,28,fast,medium,24.201924773949187,726.0577432184756,0.0,0.0,0.0
127,103,March,28,medium,medium,5.723735408560309,177.43579766536956,0.0,0.0,0.0
127,103,May,28,medium,medium,5.723735408560309,177.43579766536956,0.0,0.0,0.0
127,103,November,28,medium,medium,5.723735408560309,171.71206225680925,0.0,0.0,0.0
127,103,October,28,medium,medium,5.723735408560309,177.43579766536956,0.0,0.0,0.0
127,103,September,28,medium,medium,5.723735408560309,171.71206225680925,0.0,0.0,0.0
129,85,April,14,fast,medium,1.4194039843750001,42.58211953125,0.0,0.0,0.0
129,85,April,15,medium,medium,1.3836849380228988,41.510548140686964,0.0,0.0,0.0
129,85,April,16,fast,medium,1.7074730267321343,51.22419080196403,0.0,0.0,0.0
129,85,August,16,fast,medium,0.54997357809847,17.04918092105257,0.0,0.0,0.0
129,85,December,24,medium,medium,0.11416026344676133,3.5389681668496014,0.0,0.0,0.0
129,85,February,15,fast,medium,0.1322700892857143,3.7035625000000003,0.0,0.0,0.0
129,85,July,14,fast,medium,1.9987070312500004,61.95991796875001,0.0,0.0,0.0
129,85,July,15,medium,medium,1.3243185483870967,41.053875,0.0,0.0,0.0
129,85,July,16,fast,medium,1.3243185483870967,41.053875,0.0,0.0,0.0
129,85,July,17,fast,medium,0.1,3.1,0.0,0.0,0.0
129,85,June,14,medium,medium,2.1326764125279642,63.98029237583893,0.0,0.0,0.0
129,85,June,15,medium,medium,0.8868056046895654,26.604168140686962,0.0,0.0,0.0
129,85,June,16,fast,medium,1.8502666666666667,55.508,0.0,0.0,0.0
129,85,March,14,fast,medium,0.1,3.1,0.0,0.0,0.0
129,85,March,15,fast,medium,0.6723043671482158,20.841435381594692,0.0,0.0,0.0
129,85,March,16,medium,medium,1.114736385978623,34.55682796533731,0.0,0.0,0.0
129,85,March,24,fast,medium,0.11416026344676133,3.5389681668496014,0.0,0.0,0.0
129,85,March,25,medium,medium,0.11416026344676133,3.5389681668496014,0.0,0.0,0.0
129,85,May,14,medium,medium,1.1671431451612901,36.181437499999994,0.0,0.0,0.0
129,85,May,15,medium,medium,0.3225900778078452,10.000292412043201,0.0,0.0,0.0
129,85,May,16,fast,medium,2.1103629032258064,65.42125,0.0,0.0,0.0
129,85,October,24,fast,medium,0.11416026344676133,3.5389681668496014,0.0,0.0,0.0
129,85,September,16,fast,medium,0.7802583333333333,23.40775,0.0,0.0,0.0
129,105,April,14,medium,medium,1.305851665625,39.175549968750005,0.0,0.0,0.0
129,105,April,15,fast,medium,1.4364726666666667,43.09418,0.0,0.0,0.0
129,105,April,16,fast,medium,1.4364726666666667,43.09418,0.0,0.0,0.0
129,105,August,25,medium,medium,0.11416026344676133,3.5389681668496014,0.0,0.0,0.0
129,105,February,15,fast,medium,0.12168848214285714,3.4072775,0.0,0.0,0.0
129,105,July,14,fast,medium,0.6441242741935485,19.967852500000003,0.0,0.0,0.0
129,105,July,15,fast,medium,0.41414507780784526,12.838497412043203,0.0,0.0,0.0
129,105,July,16,fast,medium,2.2368611665170803,69.34269616202948,0.0,0.0,0.0
129,105,July,17,fast,medium,0.2518178712845155,7.80635400981998,0.0,0.0,0.0
129,105,June,14,fast,medium,0.9577544999999998,28.732634999999995,0.0,0.0,0.0
129,105,June,15,medium,medium,1.7022453333333334,51.06736,0.0,0.0,0.0
129,105,June,16,fast,medium,0.7852443600654673,23.557330801964017,0.0,0.0,0.0
129,105,March,14,fast,medium,0.9336145782454611,28.942051925609295,0.0,0.0,0.0
129,105,March,15,fast,medium,0.6584176612903226,20.410947500000002,0.0,0.0,0.0
129,105,March,16,fast,medium,0.6584176612903226,20.410947500000002,0.0,0.0,0.0
129,105,May,15,fast,medium,1.9415338709677419,60.18755,0.0,0.0,0.0
129,105,May,16,fast,medium,1.6852843819026262,52.24381583898141,0.0,0.0,0.0
129,105,May,25,medium,medium,0.47420545737170094,14.70036917852273,0.0,0.0,0.0
129,105,October,25,fast,medium,0.11416026344676133,3.5389681668496014,0.0,0.0,0.0
129,105,September,15,fast,medium,0.7178376666666667,21.535130000000002,0.0,0.0,0.0
129,106,April,14,medium,medium,1.3626278250000001,40.87883475,0.0,0.0,0.0
129,106,April,16,fast,medium,1.498928,44.96784,0.0,0.0,0.0
129,106,August,16,fast,medium,0.19113252971137507,5.925108421052627,0.0,0.0,0.0
129,106,August,24,fast,medium,0.11416026344676133,3.5389681668496014,0.0,0.0,0.0
129,106,February,15,fast,medium,0.1269792857142857,3.55542,0.0,0.0,0.0
129,106,February,16,medium,medium,0.1269792857142857,3.55542,0.0,0.0,0.0
129,106,February,24,medium,medium,0.11416026344676133,3.1964873765093174,0.0,0.0,0.0
129,106,February,25,fast,medium,0.11416026344676133,3.1964873765093174,0.0,0.0,0.0
129,106,July,14,medium,medium,1.2536099487510817,38.86190841128353,0.0,0.0,0.0
129,106,July,15,medium,medium,1.2713458064516128,39.411719999999995,0.0,0.0,0.0
129,106,July,16,fast,medium,1.2713458064516128,39.411719999999995,0.0,0.0,0.0
129,106,July,17,medium,medium,0.1,3.1,0.0,0.0,0.0
129,106,June,14,fast,medium,0.1,3.0,0.0,0.0,0.0
129,106,June,16,fast,medium,1.776256,53.28768,0.0,0.0,0.0
129,106,March,14,fast,medium,0.1,3.1,0.0,0.0,0.0
129,106,March,16,fast,medium,0.6870445161290323,21.29838,0.0,0.0,0.0
129,106,May,14,fast,medium,1.1204574193548384,34.734179999999995,0.0,0.0,0.0
129,106,May,24,fast,medium,1.2233776501669809,37.92470715517641,0.0,0.0,0.0
129,106,November,24,fast,medium,0.11416026344676133,3.42480790340284,0.0,0.0,0.0
129,106,September,16,fast,medium,0.43932211813464883,13.179663544039466,0.0,0.0,0.0
129,131,April,14,fast,medium,0.2720002166946303,8.160006500838909,0.0,0.0,0.0
129,131,April,24,medium,medium,5.643253596780095,169.29760790340285,0.0,0.0,0.0
129,131,April,25,fast,medium,5.619610263446761,168.58830790340284,0.0,0.0,0.0
129,131,December,25,fast,medium,0.11416026344676133,3.5389681668496014,0.0,0.0,0.0
129,131,February,15,medium,medium,0.1640149107142857,4.5924175,0.0,0.0,0.0
129,131,January,24,fast,medium,0.11416026344676133,3.5389681668496014,0.0,0.0,0.0
129,131,January,25,fast,medium,0.11416026344676133,3.5389681668496014,0.0,0.0,0.0
129,131,July,24,fast,medium,1.383116322957199,42.87660601167317,0.0,0.0,0.0
129,131,July,25,fast,medium,2.4163236770428016,74.90603398832685,0.0,0.0,0.0
129,131,June,24,fast,medium,5.5801152634467615,167.40345790340285,0.0,0.0,0.0
129,131,June,25,fast,medium,5.608763596780095,168.26290790340286,0.0,0.0,0.0
129,131,March,13,fast,medium,0.1,3.1,0.0,0.0,0.0
129,131,March,14,medium,medium,1.3475295655085977,41.77341653076653,0.0,0.0,0.0
129,131,March,15,medium,medium,0.8874325000000001,27.510407500000003,0.0,0.0,0.0
129,131,March,16,fast,medium,0.35924469989329544,11.136585696692158,0.0,0.0,0.0
129,131,May,14,fast,medium,1.2098033291316659,37.50390320308164,0.0,0.0,0.0
129,131,May,15,medium,medium,0.1168499999999999,3.622349999999997,0.0,0.0,0.0
129,131,May,24,fast,medium,3.8008213229571997,117.82546101167318,0.0,0.0,0.0
129,131,May,25,fast,medium,4.659038677042802,144.43019898832685,0.0,0.0,0.0
129,131,November,25,fast,medium,0.11416026344676133,3.42480790340284,0.0,0.0,0.0
129,131,September,24,fast,medium,0.7153233006324582,21.459699018973744,0.0,0.0,0.0
129,131,September,25,fast,medium,0.11416026344676133,3.42480790340284,0.0,0.0,0.0
131,47,August,17,fast,medium,1.0010668845500845,31.03307342105262,0.0,0.0,0.0
131,47,August,19,fast,medium,0.1,3.1,0.0,0.0,0.0
131,85,April,17,fast,medium,1.4560515350877195,43.68154605263158,0.0,0.0,0.0
131,85,April,18,medium,medium,2.377104166666667,71.313125,0.0,0.0,0.0
131,85,August,17,fast,medium,1.5969455645161292,49.50531250000001,0.0,0.0,0.0
131,85,August,18,fast,medium,1.5969455645161292,49.50531250000001,0.0,0.0,0.0
131,85,August,19,fast,medium,1.8381995967741933,56.98418749999999,0.0,0.0,0.0
131,85,December,19,fast,medium,0.24194153225806453,7.5001875,0.0,0.0,0.0
131,85,December,20,fast,medium,0.1,3.1,0.0,0.0,0.0
131,85,February,16,fast,medium,0.1322700892857143,3.7035625000000003,0.0,0.0,0.0
131,85,February,17,fast,medium,2.1533813909166692,60.29467894566674,0.0,0.0,0.0
131,85,February,18,medium,medium,3.3673660714285716,94.28625000000001,0.0,0.0,0.0
131,85,February,19,fast,medium,1.510203125,42.2856875,0.0,0.0,0.0
131,85,February,22,fast,medium,0.3589223000824402,10.049824402308325,0.0,0.0,0.0
131,85,July,17,fast,medium,1.8270443548387094,56.63837499999999,0.0,0.0,0.0
131,85,July,18,medium,medium,0.6482578522920206,20.09599342105264,0.0,0.0,0.0
131,85,July,19,fast,medium,2.234254032258064,69.26187499999999,0.0,0.0,0.0
131,85,June,18,fast,medium,2.72866875,81.86006250000001,0.0,0.0,0.0
131,85,June,19,medium,medium,3.093254166666667,92.79762500000001,0.0,0.0,0.0
131,85,March,17,fast,medium,2.7226657220652735,84.40263738402348,0.0,0.0,0.0
131,85,March,18,fast,medium,1.2891975806451614,39.96512500000001,0.0,0.0,0.0
131,85,March,19,fast,medium,1.6846471774193548,52.224062499999995,0.0,0.0,0.0
131,85,November,16,medium,medium,0.1,3.0,0.0,0.0,0.0
131,85,November,17,medium,medium,2.81960625,84.5881875,0.0,0.0,0.0
131,85,November,18,medium,medium,1.8398367031249987,55.19510109374996,0.0,0.0,0.0
131,85,November,19,fast,medium,0.60294375,18.0883125,0.0,0.0,0.0
131,85,November,22,fast,medium,0.9177208333333334,27.531625000000002,0.0,0.0,0.0
131,85,October,17,fast,medium,1.0295907258064518,31.91731250000001,0.0,0.0,0.0
131,85,October,18,fast,medium,1.029320667244054,31.908940684565675,0.0,0.0,0.0
131,85,September,17,fast,medium,1.5791997234387045,47.375991703161134,0.0,0.0,0.0
131,85,September,18,medium,medium,2.1230545473946285,63.69163642183886,0.0,0.0,0.0
131,85,September,19,fast,medium,1.1378203456402427,34.13461036920728,0.0,0.0,0.0
131,105,April,17,fast,medium,2.1869358333333335,65.608075,0.0,0.0,0.0
131,105,April,18,fast,medium,1.6034913123893488,48.104739371680466,0.0,0.0,0.0
131,105,August,17,fast,medium,1.469189919354839,45.54488750000001,0.0,0.0,0.0
131,105,August,18,fast,medium,1.469189919354839,45.54488750000001,0.0,0.0,0.0
131,105,August,19,fast,medium,1.691143629032258,52.42545249999999,0.0,0.0,0.0
131,105,December,19,fast,medium,0.22258620967741935,6.9001725,0.0,0.0,0.0
131,105,February,16,fast,medium,0.12168848214285714,3.4072775,0.0,0.0,0.0
131,105,February,17,fast,medium,0.7979767857142858,22.34335,0.0,0.0,0.0
131,105,February,18,medium,medium,1.0285397955967768,28.79911427670975,0.0,0.0,0.0
131,105,February,19,fast,medium,1.389386875,38.9028325,0.0,0.0,0.0
131,105,February,22,fast,medium,1.400125,39.203500000000005,0.0,0.0,0.0
131,105,July,17,fast,medium,1.1368726119107584,35.24305096923351,0.0,0.0,0.0
131,105,July,18,fast,medium,1.7728808064516126,54.95930499999999,0.0,0.0,0.0
131,105,July,19,fast,medium,0.6739213328165965,20.89156131731449,0.0,0.0,0.0
131,105,July,22,fast,medium,0.915076237507978,28.367363362747316,0.0,0.0,0.0
131,105,June,17,medium,medium,0.9108616525501105,27.325849576503316,0.0,0.0,0.0
131,105,June,19,medium,medium,2.691818034700121,80.75454104100363,0.0,0.0,0.0
131,105,March,17,fast,medium,1.5445141479100002,47.879938585210006,0.0,0.0,0.0
131,105,March,18,fast,medium,1.3069078909430156,40.514144619233484,0.0,0.0,0.0
131,105,March,19,fast,medium,1.5498754032258064,48.0461375,0.0,0.0,0.0
131,105,March,22,medium,medium,0.22111480008244033,6.85455880255565,0.0,0.0,0.0
131,105,May,17,fast,medium,2.7412355638404335,84.97830247905344,0.0,0.0,0.0
131,105,November,16,fast,medium,0.1,3.0,0.0,0.0,0.0
131,105,November,17,fast,medium,1.5214102641794287,45.64230792538286,0.0,0.0,0.0
131,105,November,18,medium,medium,2.7940377500000007,83.82113250000002,0.0,0.0,0.0
131,105,November,19,fast,medium,0.55470825,16.6412475,0.0,0.0,0.0
131,105,November,22,fast,medium,0.8443031666666667,25.329095000000002,0.0,0.0,0.0
131,105,October,18,fast,medium,0.3108046264855683,9.634943421052617,0.0,0.0,0.0
131,105,September,17,fast,medium,1.3347831155724448,40.04349346717334,0.0,0.0,0.0
131,105,September,18,medium,medium,1.16886,35.0658,0.0,0.0,0.0
131,105,September,19,fast,medium,1.4558175833333336,43.6745275,0.0,0.0,0.0
131,106,April,17,fast,medium,0.5296904429373486,15.890713288120457,0.0,0.0,0.0
131,106,April,18,fast,medium,2.28202,68.4606,0.0,0.0,0.0
131,106,April,19,medium,medium,2.95218,88.5654,0.0,0.0,0.0
131,106,August,17,fast,medium,1.5330677419354841,47.52510000000001,0.0,0.0,0.0
131,106,August,18,fast,medium,1.5330677419354841,47.52510000000001,0.0,0.0,0.0
131,106,August,19,fast,medium,1.7646716129032256,54.70481999999999,0.0,0.0,0.0
131,106,December,19,fast,medium,0.23226387096774193,7.20018,0.0,0.0,0.0
131,106,February,17,fast,medium,3.0867367601560916,86.42862928437056,0.0,0.0,0.0
131,106,February,18,fast,medium,1.2055985844867663,33.756760365629454,0.0,0.0,0.0
131,106,February,19,fast,medium,1.449795,40.59426,0.0,0.0,0.0
131,106,February,22,fast,medium,1.4609999999999999,40.907999999999994,0.0,0.0,0.0
131,106,July,17,medium,medium,1.7499625806451609,54.24883999999999,0.0,0.0,0.0
131,106,July,18,fast,medium,1.0300153293846663,31.930475210924655,0.0,0.0,0.0
131,106,July,19,fast,medium,2.137360956513516,66.258189651919,0.0,0.0,0.0
131,106,June,17,fast,medium,2.6195220000000004,78.58566,0.0,0.0,0.0
131,106,June,19,fast,medium,0.1,3.0,0.0,0.0,0.0
131,106,March,17,fast,medium,1.237629677419355,38.36652,0.0,0.0,0.0
131,106,March,18,medium,medium,1.8773460112903226,58.19772635,0.0,0.0,0.0
131,106,March,19,fast,medium,1.6172612903225807,50.1351,0.0,0.0,0.0
131,106,May,18,medium,medium,0.7477822086849502,23.181248469233456,0.0,0.0,0.0
131,106,November,16,medium,medium,0.1,3.0,0.0,0.0,0.0
131,106,November,17,fast,medium,1.8965840129696698,56.8975203890901,0.0,0.0,0.0
131,106,November,18,medium,medium,1.8175433442696285,54.52630032808885,0.0,0.0,0.0
131,106,November,19,fast,medium,0.5788260000000001,17.364780000000003,0.0,0.0,0.0
131,106,November,22,fast,medium,0.8810120000000001,26.430360000000004,0.0,0.0,0.0
131,106,October,17,fast,medium,0.7992627827702006,24.77714626587622,0.0,0.0,0.0
131,106,October,18,fast,medium,0.9884070967741937,30.640620000000006,0.0,0.0,0.0
131,106,September,17,fast,medium,2.6140117083834795,78.42035125150439,0.0,0.0,0.0
131,106,September,18,fast,medium,1.2196799999999999,36.590399999999995,0.0,0.0,0.0
131,106,September,19,fast,medium,1.281659368421052,38.44978105263156,0.0,0.0,0.0
131,129,April,2,fast,medium,4.300340007555722,129.01020022667166,0.0,0.0,0.0
131,129,April,3,medium,medium,4.300340007555722,129.01020022667166,0.0,0.0,0.0
131,129,April,18,fast,medium,0.39318990167194534,11.79569705015836,0.0,0.0,0.0
131,129,April,19,medium,medium,2.4601499999999996,73.80449999999999,0.0,0.0,0.0
131,129,April,22,fast,medium,0.8160541334157738,24.481624002473215,0.0,0.0,0.0
131,129,August,2,fast,medium,4.300340007555722,133.31054023422737,0.0,0.0,0.0
131,129,August,3,medium,medium,4.300340007555722,133.31054023422737,0.0,0.0,0.0
131,129,August,18,medium,medium,1.2775564516129034,39.60425000000001,0.0,0.0,0.0
131,129,August,19,medium,medium,1.4705596774193546,45.587349999999994,0.0,0.0,0.0
131,129,August,22,medium,medium,0.8243315850907775,25.554279137814103,0.0,0.0,0.0
131,129,December,2,medium,medium,4.300340007555722,133.31054023422737,0.0,0.0,0.0
131,129,December,3,fast,medium,4.300340007555722,133.31054023422737,0.0,0.0,0.0
131,129,December,19,medium,medium,0.19355322580645162,6.0001500000000005,0.0,0.0,0.0
131,129,December,20,fast,medium,0.19355322580645162,6.0001500000000005,0.0,0.0,0.0
131,129,December,22,medium,medium,0.5051709677419355,15.6603,0.0,0.0,0.0
131,129,December,26,fast,medium,0.21414022874544109,6.638347091108674,0.0,0.0,0.0
131,129,February,2,medium,medium,4.300340007555722,120.4095202115602,0.0,0.0,0.0
131,129,February,3,medium,medium,4.300340007555722,120.4095202115602,0.0,0.0,0.0
131,129,February,18,fast,medium,0.4263761673110843,11.93853268471036,0.0,0.0,0.0
131,129,February,19,medium,medium,0.881377672394628,24.678574827049587,0.0,0.0,0.0
131,129,January,2,medium,medium,4.300340007555722,133.31054023422737,0.0,0.0,0.0
131,129,January,3,medium,medium,4.300340007555722,133.31054023422737,0.0,0.0,0.0
131,129,July,2,medium,medium,4.300340007555722,133.31054023422737,0.0,0.0,0.0
131,129,July,3,fast,medium,4.300340007555722,133.31054023422737,0.0,0.0,0.0
131,129,July,18,fast,medium,1.5416354838709676,47.790699999999994,0.0,0.0,0.0
131,129,July,19,fast,medium,1.7874032258064516,55.4095,0.0,0.0,0.0
131,129,July,22,medium,medium,1.1491285625744616,35.62298543980831,0.0,0.0,0.0
131,129,June,2,medium,medium,4.300340007555722,129.01020022667166,0.0,0.0,0.0
131,129,June,3,medium,medium,4.300340007555722,129.01020022667166,0.0,0.0,0.0
131,129,June,17,fast,medium,0.18948164484451735,5.684449345335521,0.0,0.0,0.0
131,129,June,18,medium,medium,2.1829350000000005,65.48805000000002,0.0,0.0,0.0
131,129,June,19,medium,medium,1.3853034850052786,41.55910455015836,0.0,0.0,0.0
131,129,June,22,fast,medium,0.5700355500824399,17.101066502473195,0.0,0.0,0.0
131,129,March,2,medium,medium,4.300340007555722,133.31054023422737,0.0,0.0,0.0
131,129,March,3,fast,medium,4.300340007555722,133.31054023422737,0.0,0.0,0.0
131,129,March,18,medium,medium,1.031358064516129,31.9721,0.0,0.0,0.0
131,129,March,19,medium,medium,1.3477177419354838,41.77925,0.0,0.0,0.0
131,129,May,2,medium,medium,4.300340007555722,133.31054023422737,0.0,0.0,0.0
131,129,May,3,medium,medium,4.300340007555722,133.31054023422737,0.0,0.0,0.0
131,129,May,17,medium,medium,0.49895148355419416,15.46749599018002,0.0,0.0,0.0
131,129,May,18,medium,medium,2.4924048387096773,77.26455,0.0,0.0,0.0
131,129,May,19,medium,medium,3.123816129032258,96.83829999999999,0.0,0.0,0.0
131,129,November,2,medium,medium,4.300340007555722,129.01020022667166,0.0,0.0,0.0
131,129,November,3,medium,medium,4.300340007555722,129.01020022667166,0.0,0.0,0.0
131,129,November,18,fast,medium,0.255685,7.6705499999999995,0.0,0.0,0.0
131,129,October,2,medium,medium,4.300340007555722,133.31054023422737,0.0,0.0,0.0
131,129,October,3,medium,medium,4.300340007555722,133.31054023422737,0.0,0.0,0.0
131,129,September,2,fast,medium,4.300340007555722,129.01020022667166,0.0,0.0,0.0
131,129,September,3,medium,medium,4.300340007555722,129.01020022667166,0.0,0.0,0.0
131,129,September,18,fast,medium,1.0164,30.491999999999997,0.0,0.0,0.0
131,129,September,19,medium,medium,1.2659283333333335,37.977850000000004,0.0,0.0,0.0
131,129,September,22,fast,medium,0.9454131254199977,28.36239376259993,0.0,0.0,0.0
132,107,June,28,medium,medium,8.050331333333332,241.50993999999997,0.0,0.0,0.0
132,107,June,30,fast,medium,0.1,3.0,0.0,0.0,0.0
132,107,June,32,medium,medium,14.648458838774747,439.4537651632424,0.0,0.0,0.0
132,107,June,33,fast,medium,1.3458097321462237,40.374291964386714,0.0,0.0,0.0
132,108,June,28,medium,medium,8.502781066600585,255.08343199801755,0.0,0.0,0.0
132,108,June,29,medium,medium,9.145807466282065,274.37422398846195,0.0,0.0,0.0
132,108,June,30,fast,medium,1.8303037271689493,54.90911181506848,0.0,0.0,0.0
132,108,June,32,fast,medium,4.9672547276168535,149.01764182850562,0.0,0.0,0.0
132,155,April,28,fast,medium,4.126362771544752,123.79088314634257,0.0,0.0,0.0
132,155,June,16,medium,medium,0.2236235766072987,6.708707298218961,0.0,0.0,0.0
132,155,June,28,fast,medium,4.951760771544752,148.55282314634255,0.0,0.0,0.0
134,109,April,17,medium,medium,10.742111734287278,322.2633520286183,0.0,0.0,0.0
134,109,April,18,fast,medium,7.986786775212387,239.60360325637163,0.0,0.0,0.0
134,109,July,17,medium,medium,8.951518084734822,277.4970606267795,0.0,0.0,0.0
134,109,June,17,fast,medium,16.12974413632871,483.8923240898613,0.0,0.0,0.0
134,109,March,17,fast,medium,3.6953292308835586,114.55520615739032,0.0,0.0,0.0
134,109,May,17,medium,medium,12.133021223348962,376.1236579238178,0.0,0.0,0.0
134,109,September,17,medium,medium,3.3617643921738747,100.85293176521624,0.0,0.0,0.0
134,110,August,17,medium,medium,12.133021223348933,376.12365792381695,0.0,0.0,0.0
134,110,December,17,fast,fast,11.490752276851744,356.21332058240404,0.0,0.0,0.0
134,110,February,17,fast,fast,10.974858037220415,307.2960250421716,0.0,0.0,0.0
134,110,January,17,medium,medium,12.133021223348948,376.1236579238174,0.0,0.0,0.0
134,110,July,20,fast,fast,4.059717215807051,125.85123369001859,0.0,0.0,0.0
134,110,March,17,fast,fast,7.026429900806903,217.819326925014,0.0,0.0,0.0
134,110,November,17,fast,fast,11.303513930077557,339.10541790232674,0.0,0.0,0.0
134,110,October,17,medium,medium,12.133021223348962,376.1236579238178,0.0,0.0,0.0
134,110,September,17,medium,medium,7.371213287903679,221.13639863711035,0.0,0.0,0.0
134,110,September,29,fast,fast,7.340822254467124,220.2246676340137,0.0,0.0,0.0
134,156,April,15,fast,fast,1.4694775867738379,44.08432760321514,0.0,0.0,0.0
134,156,April,16,fast,fast,3.7950245761786103,113.8507372853583,0.0,0.0,0.0
134,156,April,17,fast,fast,5.387632402041433,161.628972061243,0.0,0.0,0.0
134,156,April,18,fast,fast,2.8272025513803882,84.81607654141165,0.0,0.0,0.0
134,156,April,19,fast,fast,7.572314500882598,227.16943502647794,0.0,0.0,0.0
134,156,August,17,fast,fast,3.9967229129797595,123.89841030237254,0.0,0.0,0.0
134,156,August,19,fast,fast,1.641428464953373,50.884282413554565,0.0,0.0,0.0
134,156,August,20,fast,fast,8.325942158469884,258.1042069125664,0.0,0.0,0.0
134,156,August,21,fast,fast,1.2398684003051876,38.43592040946082,0.0,0.0,0.0
134,156,December,17,fast,fast,4.63899185947696,143.80874764378575,0.0,0.0,0.0
134,156,February,17,fast,fast,5.154886099108296,144.3368107750323,0.0,0.0,0.0
134,156,February,18,fast,fast,4.689726340608329,131.31233753703322,0.0,0.0,0.0
134,156,January,17,fast,fast,3.9967229129797417,123.89841030237199,0.0,0.0,0.0
134,156,July,15,fast,fast,2.8706387545958845,88.98980139247242,0.0,0.0,0.0
134,156,July,17,fast,fast,7.178226051593869,222.52500759940995,0.0,0.0,0.0
134,156,July,18,fast,fast,0.1,3.1,0.0,0.0,0.0
134,156,July,19,fast,fast,4.081123787534018,126.51483741355457,0.0,0.0,0.0
134,156,July,20,fast,fast,10.765637481050529,333.7347619125664,0.0,0.0,0.0
134,156,June,16,fast,fast,6.1720701828389934,185.1621054851698,0.0,0.0,0.0
134,156,June,19,fast,fast,7.20953583421592,216.2860750264776,0.0,0.0,0.0
134,156,March,15,fast,fast,4.2370955483480595,131.34996199878984,0.0,0.0,0.0
134,156,March,17,fast,fast,5.4079850046382525,167.64753514378583,0.0,0.0,0.0
134,156,March,18,fast,fast,3.3108266850811248,102.63562723751487,0.0,0.0,0.0
134,156,March,19,fast,fast,0.6955455617275685,21.561912413554623,0.0,0.0,0.0
134,156,March,20,fast,fast,2.7780742684524986,86.12030232202746,0.0,0.0,0.0
134,156,May,17,fast,fast,3.9967229129797417,123.89841030237199,0.0,0.0,0.0
134,156,November,17,fast,fast,4.82623020625115,144.7869061875345,0.0,0.0,0.0
134,156,October,17,fast,fast,3.996722912979749,123.89841030237221,0.0,0.0,0.0
134,156,September,17,fast,fast,5.396766456251154,161.9029936875346,0.0,0.0,0.0
134,156,September,18,fast,fast,3.6862741044359666,110.588223133079,0.0,0.0,0.0
134,156,September,19,fast,fast,0.1,3.0,0.0,0.0,0.0
134,156,September,20,fast,fast,6.750280809007521,202.50842427022562,0.0,0.0,0.0
134,156,September,25,fast,fast,0.5647813259205563,16.94343977761669,0.0,0.0,0.0
134,156,September,26,fast,fast,2.304465285385792,69.13395856157376,0.0,0.0,0.0
135,136,April,17,medium,medium,12.187646887866432,365.62940663599295,0.0,0.0,0.0
135,136,April,17,fast,fast,4.610404793669879,138.31214381009636,0.0,0.0,0.0
135,136,April,33,fast,fast,4.89072158444041,146.7216475332123,0.0,0.0,0.0
135,136,August,17,medium,medium,2.84785766821841,88.2835877147707,0.0,0.0,0.0
135,136,August,17,fast,fast,4.610404793669886,142.92254860376647,0.0,0.0,0.0
135,136,August,24,fast,fast,2.559913179635034,79.35730856868605,0.0,0.0,0.0
135,136,December,17,fast,medium,2.8478576682184205,88.28358771477103,0.0,0.0,0.0
135,136,December,17,fast,fast,4.610404793669886,142.92254860376647,0.0,0.0,0.0
135,136,February,17,medium,medium,2.847857668218424,79.74001471011587,0.0,0.0,0.0
135,136,February,17,fast,fast,4.610404793669886,129.0913342227568,0.0,0.0,0.0
135,136,January,17,fast,medium,2.847857668218424,88.28358771477114,0.0,0.0,0.0
135,136,January,17,fast,fast,4.610404793669879,142.92254860376624,0.0,0.0,0.0
135,136,July,17,medium,medium,3.594956479178883,111.44365085454538,0.0,0.0,0.0
135,136,July,17,fast,fast,4.610404793669879,142.92254860376624,0.0,0.0,0.0
135,136,July,33,fast,fast,13.126110747583366,406.90943317508436,0.0,0.0,0.0
135,136,June,15,fast,fast,9.895238095238096,296.8571428571429,0.0,0.0,0.0
135,136,June,16,fast,fast,4.784702380387188,143.54107141161563,0.0,0.0,0.0
135,136,June,17,medium,medium,13.847857668218424,415.43573004655275,0.0,0.0,0.0
135,136,June,17,fast,fast,4.610404793669879,138.31214381009636,0.0,0.0,0.0
135,136,June,18,medium,medium,3.32549197583603,99.7647592750809,0.0,0.0,0.0
135,136,June,33,fast,fast,16.491085899513777,494.7325769854133,0.0,0.0,0.0
135,136,June,34,fast,fast,0.8732314078106924,26.196942234320773,0.0,0.0,0.0
135,136,March,17,medium,medium,0.10939564516129074,3.391265000000013,0.0,0.0,0.0
135,136,March,17,fast,fast,4.610404793669886,142.92254860376647,0.0,0.0,0.0
135,136,March,24,fast,fast,2.507167871687921,77.72220402232554,0.0,0.0,0.0
135,136,May,15,fast,fast,13.669935092317395,423.76798786183923,0.0,0.0,0.0
135,136,May,16,fast,fast,8.822870543766978,273.50898685677635,0.0,0.0,0.0
135,136,May,17,medium,medium,21.513730887096777,666.9256575,0.0,0.0,0.0
135,136,May,17,fast,fast,4.610404793669879,142.92254860376624,0.0,0.0,0.0
135,136,May,18,fast,medium,6.404199446066009,198.5301828280463,0.0,0.0,0.0
135,136,May,33,fast,fast,15.682555579302923,486.1592229583906,0.0,0.0,0.0
135,136,November,17,medium,medium,2.84785766821841,85.4357300465523,0.0,0.0,0.0
135,136,November,17,fast,fast,4.610404793669886,138.3121438100966,0.0,0.0,0.0
135,136,October,17,medium,medium,2.84785766821841,88.2835877147707,0.0,0.0,0.0
135,136,October,17,fast,fast,4.610404793669886,142.92254860376647,0.0,0.0,0.0
135,136,September,17,fast,fast,4.610404793669886,138.3121438100966,0.0,0.0,0.0
135,157,April,21,fast,fast,1.5315692639297964,45.94707791789389,0.0,0.0,0.0
135,157,April,25,fast,fast,7.71215830981977,231.3647492945931,0.0,0.0,0.0
135,157,April,33,fast,fast,8.33827718915919,250.1483156747757,0.0,0.0,0.0
135,157,April,34,fast,fast,0.8732314078106924,26.196942234320773,0.0,0.0,0.0
135,157,August,24,fast,fast,6.436162174873759,199.52102742108653,0.0,0.0,0.0
135,157,December,25,fast,fast,7.71215830981977,239.0769076044129,0.0,0.0,0.0
135,157,January,18,fast,fast,5.699258513786496,176.67701392738138,0.0,0.0,0.0
135,157,January,25,fast,fast,7.71215830981977,239.0769076044129,0.0,0.0,0.0
135,157,July,21,fast,fast,6.514009852241564,201.93430541948848,0.0,0.0,0.0
135,157,July,25,fast,fast,11.7984126984127,365.7507936507937,0.0,0.0,0.0
135,157,June,25,fast,fast,7.71215830981977,231.3647492945931,0.0,0.0,0.0
135,157,June,33,fast,fast,6.750320480174594,202.5096144052378,0.0,0.0,0.0
135,157,March,24,fast,fast,5.871208626486657,182.00746742108637,0.0,0.0,0.0
135,157,March,25,fast,fast,0.21279491125313044,6.5966422488470435,0.0,0.0,0.0
135,157,May,25,fast,fast,7.71215830981977,239.0769076044129,0.0,0.0,0.0
135,157,May,33,fast,fast,19.54644319429668,605.939739023197,0.0,0.0,0.0
135,157,May,34,fast,fast,0.8732314078106924,27.070173642131465,0.0,0.0,0.0
135,157,November,25,fast,fast,7.71215830981977,231.3647492945931,0.0,0.0,0.0
135,157,October,18,fast,fast,5.699258513786511,176.67701392738184,0.0,0.0,0.0
135,157,October,25,fast,fast,7.71215830981977,239.0769076044129,0.0,0.0,0.0
135,157,September,24,fast,fast,8.028803099604938,240.86409298814812,0.0,0.0,0.0
135,158,April,17,fast,fast,17.320472192286168,519.614165768585,0.0,0.0,0.0
135,158,April,18,fast,fast,24.169636012644816,725.0890803793445,0.0,0.0,0.0
135,158,April,19,fast,fast,17.27663334703979,518.2990004111937,0.0,0.0,0.0
135,158,April,20,fast,fast,37.38114398343231,1121.4343195029692,0.0,0.0,0.0
135,158,August,17,fast,fast,26.66026141193418,826.4681037699596,0.0,0.0,0.0
135,158,August,18,fast,fast,24.169636012644816,749.2587163919893,0.0,0.0,0.0
135,158,August,19,fast,fast,19.08113334703978,591.5151337582332,0.0,0.0,0.0
135,158,August,20,fast,fast,28.085027794129665,870.6358616180196,0.0,0.0,0.0
135,158,August,21,fast,fast,12.585469263929795,390.14954718182366,0.0,0.0,0.0
135,158,August,25,fast,fast,24.21215830981977,750.5769076044129,0.0,0.0,0.0
135,158,December,17,fast,fast,26.660261411934176,826.4681037699595,0.0,0.0,0.0
135,158,December,18,fast,fast,24.169636012644816,749.2587163919893,0.0,0.0,0.0
135,158,December,19,fast,fast,2.5811333470397813,80.01513375823322,0.0,0.0,0.0
135,158,December,20,fast,fast,22.6856439834323,703.2549634864013,0.0,0.0,0.0
135,158,February,17,fast,fast,26.660261411934176,746.4873195341569,0.0,0.0,0.0
135,158,February,18,fast,fast,24.169636012644816,676.7498083540548,0.0,0.0,0.0
135,158,February,19,fast,fast,17.033055498933553,476.9255539701395,0.0,0.0,0.0
135,158,February,20,fast,fast,22.6856439834323,635.1980315361044,0.0,0.0,0.0
135,158,February,25,fast,fast,7.71215830981977,215.94043267495357,0.0,0.0,0.0
135,158,January,17,fast,fast,26.66026141193418,826.4681037699596,0.0,0.0,0.0
135,158,January,18,fast,fast,18.47037749885832,572.5817024646079,0.0,0.0,0.0
135,158,January,19,fast,fast,2.5811333470397813,80.01513375823322,0.0,0.0,0.0
135,158,January,20,fast,fast,22.6856439834323,703.2549634864013,0.0,0.0,0.0
135,158,July,17,medium,medium,9.94111161290322,308.17445999999984,0.0,0.0,0.0
135,158,July,17,fast,fast,15.9720509880705,495.13358063018546,0.0,0.0,0.0
135,158,July,18,fast,fast,24.169636012644816,749.2587163919893,0.0,0.0,0.0
135,158,July,19,fast,fast,19.177483283576525,594.5019817908723,0.0,0.0,0.0
135,158,July,20,fast,fast,39.1856439834323,1214.7549634864013,0.0,0.0,0.0
135,158,July,21,fast,fast,6.071459411688231,188.21524176233515,0.0,0.0,0.0
135,158,July,25,fast,fast,0.1,3.1,0.0,0.0,0.0
135,158,June,17,fast,fast,15.66026141193418,469.80784235802537,0.0,0.0,0.0
135,158,June,18,fast,fast,22.222702143239907,666.6810642971972,0.0,0.0,0.0
135,158,June,19,fast,fast,16.84303334703978,505.29100041119335,0.0,0.0,0.0
135,158,June,20,fast,fast,36.9475439834323,1108.426319502969,0.0,0.0,0.0
135,158,March,17,medium,medium,10.918881657704567,338.4853313888416,0.0,0.0,0.0
135,158,March,17,fast,fast,18.479841777286733,572.8750950958887,0.0,0.0,0.0
135,158,March,18,fast,fast,24.169636012644816,749.2587163919893,0.0,0.0,0.0
135,158,March,19,fast,fast,19.08113334703978,591.5151337582332,0.0,0.0,0.0
135,158,March,20,fast,fast,24.38287073260832,755.8689927108579,0.0,0.0,0.0
135,158,March,21,fast,fast,12.585469263929795,390.14954718182366,0.0,0.0,0.0
135,158,March,25,fast,fast,7.49936339856664,232.48026535556585,0.0,0.0,0.0
135,158,May,16,fast,fast,10.59200212639228,328.3520659181607,0.0,0.0,0.0
135,158,May,17,fast,fast,15.66026141193418,485.46810376995955,0.0,0.0,0.0
135,158,May,18,fast,fast,31.49329140528848,976.2920335639429,0.0,0.0,0.0
135,158,May,19,fast,fast,2.5811333470397813,80.01513375823322,0.0,0.0,0.0
135,158,May,20,fast,fast,22.6856439834323,703.2549634864013,0.0,0.0,0.0
135,158,November,17,fast,fast,26.66026141193418,799.8078423580254,0.0,0.0,0.0
135,158,November,18,fast,fast,24.169636012644816,725.0890803793445,0.0,0.0,0.0
135,158,November,19,fast,fast,2.5811333470397813,77.43400041119344,0.0,0.0,0.0
135,158,November,20,fast,fast,22.6856439834323,680.5693195029689,0.0,0.0,0.0
135,158,October,17,fast,fast,26.66026141193418,826.4681037699596,0.0,0.0,0.0
135,158,October,18,fast,fast,18.470377498858305,572.5817024646075,0.0,0.0,0.0
135,158,October,19,fast,fast,2.5811333470397813,80.01513375823322,0.0,0.0,0.0
135,158,October,20,fast,fast,22.6856439834323,703.2549634864013,0.0,0.0,0.0
135,158,September,17,medium,medium,6.585928605485321,197.57785816455964,0.0,0.0,0.0
135,158,September,17,fast,fast,22.922190474667275,687.6657142400182,0.0,0.0,0.0
135,158,September,18,fast,fast,32.085211405288476,962.5563421586543,0.0,0.0,0.0
135,158,September,19,fast,fast,19.08113334703978,572.4340004111934,0.0,0.0,0.0
135,158,September,20,fast,fast,39.1856439834323,1175.569319502969,0.0,0.0,0.0
135,158,September,21,fast,fast,31.413558666666667,942.40676,0.0,0.0,0.0
135,158,September,25,fast,fast,22.050596392952542,661.5178917885762,0.0,0.0,0.0
136,111,August,28,fast,fast,4.084161004625109,126.60899114337838,0.0,0.0,0.0
136,111,March,22,fast,fast,6.181213138606676,191.61760729680697,0.0,0.0,0.0
136,111,March,28,fast,fast,2.437933305907915,75.57593248314537,0.0,0.0,0.0
136,111,September,22,fast,fast,7.2293916386066766,216.8817491582003,0.0,0.0,0.0
136,111,September,28,fast,fast,4.084161004625116,122.52483013875349,0.0,0.0,0.0
136,135,April,28,fast,fast,4.6480707790612,139.442123371836,0.0,0.0,0.0
136,135,December,28,fast,fast,4.6480707790612,144.09019415089722,0.0,0.0,0.0
136,135,February,28,fast,fast,4.6480707790612,130.1459818137136,0.0,0.0,0.0
136,135,January,28,fast,fast,4.6480707790612,144.09019415089722,0.0,0.0,0.0
136,135,July,28,fast,fast,4.6480707790612,144.09019415089722,0.0,0.0,0.0
136,135,June,28,fast,fast,4.6480707790612,139.442123371836,0.0,0.0,0.0
136,135,March,28,fast,fast,2.210137473153285,68.51426166775184,0.0,0.0,0.0
136,135,May,28,fast,fast,4.6480707790612,144.09019415089722,0.0,0.0,0.0
136,135,November,28,fast,fast,4.648070779061197,139.4421233718359,0.0,0.0,0.0
136,135,October,28,fast,fast,4.6480707790612,144.09019415089722,0.0,0.0,0.0
136,137,August,28,fast,fast,0.563909774436091,17.481203007518822,0.0,0.0,0.0
136,137,September,21,fast,fast,9.014166105713388,270.4249831714016,0.0,0.0,0.0
136,137,September,28,fast,fast,0.5639097744360839,16.917293233082518,0.0,0.0,0.0
136,158,April,19,fast,fast,4.14431522769646,124.32945683089379,0.0,0.0,0.0
136,158,August,19,fast,fast,3.185512727696455,98.75089455859012,0.0,0.0,0.0
136,158,December,19,fast,fast,3.185512727696455,98.75089455859012,0.0,0.0,0.0
136,158,February,19,fast,fast,3.185512727696455,89.19435637550075,0.0,0.0,0.0
136,158,January,19,fast,fast,3.185512727696455,98.75089455859012,0.0,0.0,0.0
136,158,July,19,fast,fast,3.1855127276964517,98.75089455859,0.0,0.0,0.0
136,158,June,19,fast,fast,3.9325738943631166,117.9772168308935,0.0,0.0,0.0
136,158,March,19,fast,fast,3.185512727696455,98.75089455859012,0.0,0.0,0.0
136,158,May,19,fast,fast,3.185512727696455,98.75089455859012,0.0,0.0,0.0
136,158,November,19,fast,fast,3.185512727696455,95.56538183089366,0.0,0.0,0.0
136,158,October,19,fast,fast,3.185512727696455,98.75089455859012,0.0,0.0,0.0
136,158,September,19,fast,fast,3.185512727696455,95.56538183089366,0.0,0.0,0.0
137,136,April,18,medium,medium,4.19737061538811,125.92111846164329,0.0,0.0,0.0
137,136,April,18,fast,fast,0.6600288978519089,19.800866935557266,0.0,0.0,0.0
137,136,August,18,fast,fast,0.6600288978519089,20.460895833409175,0.0,0.0,0.0
137,136,December,18,fast,fast,0.6600288978519089,20.460895833409175,0.0,0.0,0.0
137,136,February,18,fast,fast,0.6600288978519089,18.48080913985345,0.0,0.0,0.0
137,136,January,18,fast,fast,0.6600288978519089,20.460895833409175,0.0,0.0,0.0
137,136,July,18,medium,medium,4.19737061538811,130.1184890770314,0.0,0.0,0.0
137,136,July,18,fast,fast,0.6600288978519089,20.460895833409175,0.0,0.0,0.0
137,136,June,13,fast,fast,2.200959499999998,66.02878499999994,0.0,0.0,0.0
137,136,June,14,fast,fast,7.522681742636127,225.68045227908382,0.0,0.0,0.0
137,136,June,15,fast,fast,2.7291418115033217,81.87425434509964,0.0,0.0,0.0
137,136,June,16,fast,fast,4.0381681633797974,121.14504490139393,0.0,0.0,0.0
137,136,June,18,fast,medium,4.197370615388124,125.92111846164372,0.0,0.0,0.0
137,136,June,18,fast,fast,0.6600288978518947,19.80086693555684,0.0,0.0,0.0
137,136,March,18,medium,medium,0.10939564516129074,3.391265000000013,0.0,0.0,0.0
137,136,March,18,fast,fast,0.6600288978519089,20.460895833409175,0.0,0.0,0.0
137,136,May,18,medium,medium,4.197370615388124,130.11848907703182,0.0,0.0,0.0
137,136,May,18,fast,fast,0.6600288978518947,20.460895833408735,0.0,0.0,0.0
137,136,November,18,fast,fast,0.6600288978519089,19.800866935557266,0.0,0.0,0.0
137,136,October,18,fast,fast,0.6600288978519089,20.460895833409175,0.0,0.0,0.0
137,136,September,18,fast,fast,0.6600288978519089,19.800866935557266,0.0,0.0,0.0
137,159,June,20,fast,fast,4.40756781532831,132.2270344598493,0.0,0.0,0.0
137,160,April,35,fast,fast,8.79578346293011,263.8735038879033,0.0,0.0,0.0
137,160,August,18,medium,medium,4.19737061538811,130.1184890770314,0.0,0.0,0.0
137,160,August,35,fast,fast,6.052932087379027,187.64089470874984,0.0,0.0,0.0
137,160,December,18,medium,medium,4.19737061538811,130.1184890770314,0.0,0.0,0.0
137,160,February,18,medium,medium,4.19737061538811,117.52637723086707,0.0,0.0,0.0
137,160,January,18,fast,fast,4.19737061538811,130.1184890770314,0.0,0.0,0.0
137,160,July,35,fast,fast,12.590503654403108,390.30561328649634,0.0,0.0,0.0
137,160,June,35,fast,fast,12.130747138258194,363.9224141477458,0.0,0.0,0.0
137,160,March,18,medium,medium,4.087974970226819,126.72722407703138,0.0,0.0,0.0
137,160,May,35,fast,fast,11.340110912467622,351.5434382864963,0.0,0.0,0.0
137,160,November,18,medium,medium,4.19737061538811,125.92111846164329,0.0,0.0,0.0
137,160,October,18,medium,medium,4.19737061538811,130.1184890770314,0.0,0.0,0.0
137,160,September,18,medium,medium,4.19737061538811,125.92111846164329,0.0,0.0,0.0
138,137,July,17,medium,medium,2.9034753453629776,90.0077357062523,0.0,0.0,0.0
138,137,May,17,medium,medium,2.1112140872148473,65.44763670366027,0.0,0.0,0.0
138,160,April,17,medium,medium,3.046189764786874,91.38569294360622,0.0,0.0,0.0
138,160,August,17,medium,medium,3.046189764786874,94.43188270839309,0.0,0.0,0.0
138,160,December,17,medium,medium,3.046189764786874,94.43188270839309,0.0,0.0,0.0
138,160,February,17,medium,medium,3.046189764786874,85.29331341403247,0.0,0.0,0.0
138,160,January,17,medium,medium,3.046189764786874,94.43188270839309,0.0,0.0,0.0
138,160,July,17,fast,medium,0.1427144194238963,4.424147002140785,0.0,0.0,0.0
138,160,June,17,medium,medium,3.046189764786874,91.38569294360622,0.0,0.0,0.0
138,160,March,17,medium,medium,3.046189764786874,94.43188270839309,0.0,0.0,0.0
138,160,May,17,medium,medium,6.584949095046575,204.13342194644383,0.0,0.0,0.0
138,160,November,17,medium,medium,3.046189764786874,91.38569294360622,0.0,0.0,0.0
138,160,October,17,medium,medium,3.046189764786874,94.43188270839309,0.0,0.0,0.0
138,160,September,17,medium,medium,3.046189764786874,91.38569294360622,0.0,0.0,0.0
138,161,April,17,medium,medium,5.649973417474548,169.49920252423647,0.0,0.0,0.0
138,161,April,18,medium,medium,0.22071602243730126,6.621480673119038,0.0,0.0,0.0
138,161,August,17,medium,medium,5.649973417474548,175.149175941711,0.0,0.0,0.0
138,161,August,18,medium,medium,0.22071602243730126,6.842196695556339,0.0,0.0,0.0
138,161,December,17,medium,medium,5.649973417474548,175.149175941711,0.0,0.0,0.0
138,161,December,18,medium,medium,0.22071602243730126,6.842196695556339,0.0,0.0,0.0
138,161,February,17,medium,medium,5.649973417474548,158.19925568928736,0.0,0.0,0.0
138,161,February,18,medium,medium,0.22071602243730126,6.180048628244435,0.0,0.0,0.0
138,161,January,17,fast,medium,5.649973417474548,175.149175941711,0.0,0.0,0.0
138,161,January,18,medium,medium,0.22071602243730126,6.842196695556339,0.0,0.0,0.0
138,161,July,17,medium,medium,5.649973417474548,175.149175941711,0.0,0.0,0.0
138,161,July,18,medium,medium,0.22071602243730126,6.842196695556339,0.0,0.0,0.0
138,161,June,17,medium,medium,5.649973417474548,169.49920252423647,0.0,0.0,0.0
138,161,June,18,medium,medium,0.22071602243730126,6.621480673119038,0.0,0.0,0.0
138,161,March,17,medium,medium,5.649973417474548,175.149175941711,0.0,0.0,0.0
138,161,March,18,medium,medium,0.22071602243730126,6.842196695556339,0.0,0.0,0.0
138,161,May,16,fast,medium,3.569866575036462,110.66586382613033,0.0,0.0,0.0
138,161,May,18,medium,medium,0.22071602243730126,6.842196695556339,0.0,0.0,0.0
138,161,May,19,medium,medium,4.370010976360202,135.47034026716628,0.0,0.0,0.0
138,161,November,17,medium,medium,5.649973417474548,169.49920252423647,0.0,0.0,0.0
138,161,November,18,medium,medium,0.22071602243730126,6.621480673119038,0.0,0.0,0.0
138,161,October,17,fast,medium,5.649973417474548,175.149175941711,0.0,0.0,0.0
138,161,October,18,medium,medium,0.22071602243730126,6.842196695556339,0.0,0.0,0.0
138,161,September,17,medium,medium,5.649973417474548,169.49920252423647,0.0,0.0,0.0
138,161,September,18,medium,medium,0.22071602243730126,6.621480673119038,0.0,0.0,0.0
139,140,December,16,fast,fast,5.473729703550873,169.68562081007707,0.0,0.0,0.0
139,140,December,17,fast,fast,1.851425134081154,57.394179156515776,0.0,0.0,0.0
139,140,December,18,fast,fast,2.978836911807363,92.34394426602826,0.0,0.0,0.0
139,140,January,16,fast,fast,5.473729703550873,169.68562081007707,0.0,0.0,0.0
139,140,January,17,fast,fast,1.851425134081154,57.394179156515776,0.0,0.0,0.0
139,140,January,18,fast,fast,2.978836911807363,92.34394426602826,0.0,0.0,0.0
139,140,July,16,fast,fast,2.1580189378087757,66.89858707207205,0.0,0.0,0.0
139,140,June,16,fast,fast,5.473729703550873,164.2118911065262,0.0,0.0,0.0
139,140,June,17,fast,fast,7.3356728937873985,220.07018681362194,0.0,0.0,0.0
139,140,June,18,fast,fast,2.978836911807363,89.3651073542209,0.0,0.0,0.0
139,140,May,16,fast,fast,7.188132929357323,222.83212081007701,0.0,0.0,0.0
139,140,May,17,fast,fast,10.6111004409232,328.9441136686192,0.0,0.0,0.0
139,140,May,18,fast,fast,6.333900178207479,196.35090552443185,0.0,0.0,0.0
139,140,November,16,fast,fast,4.528452644872608,135.85357934617826,0.0,0.0,0.0
139,140,October,16,fast,fast,1.3949494152237492,43.243431871936224,0.0,0.0,0.0
139,161,March,16,medium,medium,0.10826570546888625,3.356236869535474,0.0,0.0,0.0
139,162,April,16,medium,medium,5.473729703550873,164.2118911065262,0.0,0.0,0.0
139,162,April,17,medium,medium,1.851425134081154,55.54275402243462,0.0,0.0,0.0
139,162,April,18,medium,medium,2.978836911807363,89.3651073542209,0.0,0.0,0.0
139,162,August,16,medium,medium,5.473729703550873,169.68562081007707,0.0,0.0,0.0
139,162,August,17,medium,medium,1.851425134081154,57.394179156515776,0.0,0.0,0.0
139,162,August,18,medium,medium,2.978836911807363,92.34394426602826,0.0,0.0,0.0
139,162,February,16,medium,medium,5.473729703550873,153.26443169942445,0.0,0.0,0.0
139,162,February,17,medium,medium,1.851425134081154,51.839903754272314,0.0,0.0,0.0
139,162,February,18,medium,medium,2.978836911807363,83.40743353060617,0.0,0.0,0.0
139,162,July,16,medium,medium,3.3157107657420966,102.787033738005,0.0,0.0,0.0
139,162,July,17,medium,medium,1.851425134081154,57.394179156515776,0.0,0.0,0.0
139,162,July,18,fast,medium,2.978836911807363,92.34394426602826,0.0,0.0,0.0
139,162,March,16,medium,medium,5.365463998081987,166.3293839405416,0.0,0.0,0.0
139,162,March,17,medium,medium,1.851425134081154,57.394179156515776,0.0,0.0,0.0
139,162,March,18,medium,medium,2.978836911807363,92.34394426602826,0.0,0.0,0.0
139,162,May,16,medium,medium,9.285596774193548,287.8535,0.0,0.0,0.0
139,162,May,17,medium,medium,2.2403246931579517,69.4500654878965,0.0,0.0,0.0
139,162,May,18,medium,medium,7.644936733599884,236.99303874159642,0.0,0.0,0.0
139,162,November,16,medium,medium,0.945277058678263,28.35831176034789,0.0,0.0,0.0
139,162,November,17,medium,medium,1.851425134081154,55.54275402243462,0.0,0.0,0.0
139,162,November,18,medium,medium,2.978836911807363,89.3651073542209,0.0,0.0,0.0
139,162,October,16,medium,medium,4.078780288327122,126.44218893814079,0.0,0.0,0.0
139,162,October,17,medium,medium,1.851425134081154,57.394179156515776,0.0,0.0,0.0
139,162,October,18,medium,medium,2.978836911807363,92.34394426602826,0.0,0.0,0.0
139,162,September,16,medium,medium,5.473729703550873,164.2118911065262,0.0,0.0,0.0
139,162,September,17,medium,medium,2.1485664872935835,64.4569946188075,0.0,0.0,0.0
139,162,September,18,medium,medium,5.590199999999999,167.706,0.0,0.0,0.0
140,139,August,24,fast,fast,3.0,93.0,0.0,0.0,0.0
140,139,December,24,fast,fast,1.8002447809803797,55.80758821039177,0.0,0.0,0.0
140,139,February,24,fast,fast,3.0,84.0,0.0,0.0,0.0
140,139,January,24,fast,fast,2.0477038709677373,63.47881999999986,0.0,0.0,0.0
140,139,July,24,fast,fast,3.0,93.0,0.0,0.0,0.0
140,139,March,24,fast,fast,3.0,93.0,0.0,0.0,0.0
140,139,November,24,fast,fast,3.0,90.0,0.0,0.0,0.0
140,139,October,24,fast,fast,3.0,93.0,0.0,0.0,0.0
140,139,September,24,fast,fast,3.0,90.0,0.0,0.0,0.0
140,141,March,22,fast,fast,2.3714753913071753,73.51573713052244,0.0,0.0,0.0
140,162,August,19,medium,medium,8.169843512019327,253.26514887259913,0.0,0.0,0.0
140,162,February,19,medium,medium,8.169843512019327,228.75561833654115,0.0,0.0,0.0
140,162,February,20,medium,medium,1.6448937499999996,46.05702499999999,0.0,0.0,0.0
140,162,July,19,medium,medium,7.97090704013182,247.09811824408644,0.0,0.0,0.0
140,162,March,19,medium,medium,8.169843512019327,253.26514887259913,0.0,0.0,0.0
140,162,November,19,medium,medium,2.6529525,79.588575,0.0,0.0,0.0
140,162,September,19,medium,medium,6.962605833333334,208.87817500000003,0.0,0.0,0.0
140,163,April,19,fast,fast,8.169843512019327,245.0953053605798,0.0,0.0,0.0
140,163,April,24,fast,fast,3.0,90.0,0.0,0.0,0.0
140,163,December,19,fast,fast,8.169843512019327,253.26514887259913,0.0,0.0,0.0
140,163,December,24,fast,fast,1.1997552190196203,37.19241178960823,0.0,0.0,0.0
140,163,January,19,fast,fast,8.169843512019327,253.26514887259913,0.0,0.0,0.0
140,163,January,24,fast,fast,0.9522961290322627,29.521180000000143,0.0,0.0,0.0
140,163,July,19,fast,fast,0.19893647188750752,6.167030628512733,0.0,0.0,0.0
140,163,June,19,fast,fast,8.169843512019327,245.0953053605798,0.0,0.0,0.0
140,163,June,24,fast,fast,3.0,90.0,0.0,0.0,0.0
140,163,May,19,fast,fast,8.169843512019327,253.26514887259913,0.0,0.0,0.0
140,163,May,24,fast,fast,3.0,93.0,0.0,0.0,0.0
140,163,November,19,fast,fast,5.516891012019325,165.50673036057975,0.0,0.0,0.0
140,163,October,19,fast,fast,8.169843512019327,253.26514887259913,0.0,0.0,0.0
140,163,September,19,fast,fast,1.207237678685992,36.21713036057976,0.0,0.0,0.0
141,116,September,20,fast,fast,0.5900844865615689,17.702534596847066,0.0,0.0,0.0
141,140,August,26,fast,fast,9.194737096774192,285.03684999999996,0.0,0.0,0.0
141,140,August,28,fast,fast,1.8460841935483856,57.228609999999954,0.0,0.0,0.0
141,140,August,29,fast,fast,5.145010360482097,159.495321174945,0.0,0.0,0.0
141,140,June,2,fast,fast,7.5,225.0,0.0,0.0,0.0
141,140,March,23,fast,fast,0.5313905961614349,16.47310848100448,0.0,0.0,0.0
141,140,March,26,fast,fast,1.2939425,40.1122175,0.0,0.0,0.0
141,140,March,29,fast,fast,0.31200057300509076,9.672017763157815,0.0,0.0,0.0
141,140,September,26,fast,fast,11.436296833333333,343.088905,0.0,0.0,0.0
141,140,September,28,fast,fast,1.610982833333333,48.32948499999999,0.0,0.0,0.0
141,142,April,24,fast,fast,1.9832601668706928,59.497805006120785,0.0,0.0,0.0
141,142,April,25,fast,fast,1.0896624310704226,32.68987293211268,0.0,0.0,0.0
141,142,April,29,fast,fast,0.7780618524323586,23.341855572970758,0.0,0.0,0.0
141,142,August,20,fast,fast,3.124781033047121,96.86821202446075,0.0,0.0,0.0
141,142,August,23,fast,fast,0.4896703613692637,15.179781202447174,0.0,0.0,0.0
141,142,August,24,fast,fast,12.761341770093207,395.6015948728894,0.0,0.0,0.0
141,142,August,25,fast,fast,1.0896624310704226,33.7795353631831,0.0,0.0,0.0
141,142,December,24,fast,fast,1.9832601668706928,61.48106517299148,0.0,0.0,0.0
141,142,December,25,fast,fast,1.0896624310704226,33.7795353631831,0.0,0.0,0.0
141,142,February,24,fast,fast,1.9832601668706928,55.5312846723794,0.0,0.0,0.0
141,142,February,25,fast,fast,1.0896624310704226,30.510548069971833,0.0,0.0,0.0
141,142,January,24,fast,fast,1.9832601668706928,61.48106517299148,0.0,0.0,0.0
141,142,January,25,fast,fast,1.0896624310704226,33.7795353631831,0.0,0.0,0.0
141,142,July,20,fast,fast,2.2691656464628593,70.34413504034865,0.0,0.0,0.0
141,142,July,24,fast,fast,1.9832601668706928,61.48106517299148,0.0,0.0,0.0
141,142,July,25,fast,fast,1.0896624310704226,33.7795353631831,0.0,0.0,0.0
141,142,June,24,fast,fast,1.9832601668706928,59.497805006120785,0.0,0.0,0.0
141,142,June,25,fast,fast,1.0896624310704226,32.68987293211268,0.0,0.0,0.0
141,142,March,20,fast,fast,5.3042541685277325,164.4318792243597,0.0,0.0,0.0
141,142,March,24,fast,fast,1.9832601668706928,61.48106517299148,0.0,0.0,0.0
141,142,March,25,fast,fast,1.0896624310704226,33.7795353631831,0.0,0.0,0.0
141,142,May,24,fast,fast,1.9832601668706928,61.48106517299148,0.0,0.0,0.0
141,142,May,25,fast,fast,1.0896624310704226,33.7795353631831,0.0,0.0,0.0
141,142,November,24,fast,fast,1.9832601668706928,59.497805006120785,0.0,0.0,0.0
141,142,November,25,fast,fast,1.0896624310704226,32.68987293211268,0.0,0.0,0.0
141,142,October,24,fast,fast,1.9832601668706928,61.48106517299148,0.0,0.0,0.0
141,142,October,25,fast,fast,1.0896624310704226,33.7795353631831,0.0,0.0,0.0
141,142,September,20,fast,fast,10.066181218863138,301.98543656589413,0.0,0.0,0.0
141,142,September,23,fast,fast,1.8224948640574326,54.67484592172298,0.0,0.0,0.0
141,142,September,24,fast,fast,1.9832601668706928,59.497805006120785,0.0,0.0,0.0
141,142,September,25,fast,fast,1.0896624310704226,32.68987293211268,0.0,0.0,0.0
142,117,August,26,fast,fast,8.185742702461972,253.75802377632115,0.0,0.0,0.0
142,117,August,27,fast,fast,2.24816593626727,69.69314402428537,0.0,0.0,0.0
142,117,February,26,fast,fast,4.782381234241047,133.90667455874933,0.0,0.0,0.0
142,117,March,26,fast,fast,8.185742702461972,253.75802377632115,0.0,0.0,0.0
142,117,September,26,fast,fast,8.185742702461972,245.5722810738592,0.0,0.0,0.0
142,117,September,27,fast,fast,1.4382442185395181,43.14732655618555,0.0,0.0,0.0
142,141,April,33,fast,fast,18.150845217112348,544.5253565133704,0.0,0.0,0.0
142,141,April,34,fast,fast,18.337827097881465,550.134812936444,0.0,0.0,0.0
142,141,August,33,fast,fast,2.189636227865039,67.87872306381621,0.0,0.0,0.0
142,141,August,34,fast,fast,16.286900205690415,504.89390637640287,0.0,0.0,0.0
142,141,December,33,fast,fast,1.4335841963592202,44.441110087135826,0.0,0.0,0.0
142,141,December,34,fast,fast,16.286900205690415,504.89390637640287,0.0,0.0,0.0
142,141,February,33,fast,fast,1.4335841963592202,40.140357498058165,0.0,0.0,0.0
142,141,February,34,fast,fast,16.286900205690415,456.0332057593316,0.0,0.0,0.0
142,141,January,33,fast,fast,1.4335841963592202,44.441110087135826,0.0,0.0,0.0
142,141,January,34,fast,fast,16.286900205690415,504.89390637640287,0.0,0.0,0.0
142,141,July,33,fast,fast,1.4335841963592202,44.441110087135826,0.0,0.0,0.0
142,141,July,34,fast,fast,16.286900205690415,504.89390637640287,0.0,0.0,0.0
142,141,June,16,fast,medium,1.2530417336772643,37.59125201031793,0.0,0.0,0.0
142,141,June,32,fast,fast,10.152002890259318,304.56008670777953,0.0,0.0,0.0
142,141,June,33,fast,medium,4.974910666666666,149.24732,0.0,0.0,0.0
142,141,June,33,fast,fast,24.571666550445684,737.1499965133705,0.0,0.0,0.0
142,141,June,34,fast,medium,4.974910666666666,149.24732,0.0,0.0,0.0
142,141,June,34,fast,fast,24.7586484312148,742.7594529364441,0.0,0.0,0.0
142,141,March,32,fast,fast,0.82636745843093,25.61739121135883,0.0,0.0,0.0
142,141,March,33,fast,fast,1.4335841963592202,44.441110087135826,0.0,0.0,0.0
142,141,March,34,fast,fast,16.286900205690415,504.89390637640287,0.0,0.0,0.0
142,141,May,33,fast,fast,24.571666550445684,761.7216630638162,0.0,0.0,0.0
142,141,May,34,fast,fast,24.7586484312148,767.5181013676588,0.0,0.0,0.0
142,141,November,33,fast,fast,1.4335841963592202,43.007525890776606,0.0,0.0,0.0
142,141,November,34,fast,fast,16.286900205690415,488.60700617071245,0.0,0.0,0.0
142,141,October,33,fast,fast,1.4335841963592202,44.441110087135826,0.0,0.0,0.0
142,141,October,34,fast,fast,16.286900205690415,504.89390637640287,0.0,0.0,0.0
142,141,September,33,fast,fast,1.4335841963592202,43.007525890776606,0.0,0.0,0.0
142,141,September,34,fast,fast,16.286900205690415,488.60700617071245,0.0,0.0,0.0
142,164,June,35,fast,fast,5.191315811327215,155.73947433981644,0.0,0.0,0.0
142,164,May,35,fast,fast,0.5245699188543282,16.261667484484175,0.0,0.0,0.0
144,120,April,2,fast,medium,0.8152677326589952,24.458031979769856,0.0,0.0,0.0
144,120,August,2,fast,medium,0.8152677326589952,25.27329971242885,0.0,0.0,0.0
144,120,December,2,medium,medium,0.8152677326589952,25.27329971242885,0.0,0.0,0.0
144,120,February,2,medium,medium,0.8152677326589952,22.827496514451866,0.0,0.0,0.0
144,120,January,2,fast,medium,0.8152677326589952,25.27329971242885,0.0,0.0,0.0
144,120,July,2,fast,medium,0.8152677326589952,25.27329971242885,0.0,0.0,0.0
144,120,June,2,medium,medium,0.8152677326589952,24.458031979769856,0.0,0.0,0.0
144,120,June,15,fast,medium,17.253045333333333,517.59136,0.0,0.0,0.0
144,120,June,16,fast,medium,7.445857914946011,223.37573744838033,0.0,0.0,0.0
144,120,March,2,fast,medium,0.8152677326589952,25.27329971242885,0.0,0.0,0.0
144,120,May,2,fast,medium,0.8152677326589952,25.27329971242885,0.0,0.0,0.0
144,120,May,15,fast,medium,15.56940207685906,482.6514643826309,0.0,0.0,0.0
144,120,May,16,medium,medium,8.985833249587824,278.56083073722255,0.0,0.0,0.0
144,120,November,2,medium,medium,0.8152677326589952,24.458031979769856,0.0,0.0,0.0
144,120,October,2,fast,medium,0.8152677326589952,25.27329971242885,0.0,0.0,0.0
144,120,September,2,fast,medium,0.8152677326589952,24.458031979769856,0.0,0.0,0.0
146,121,April,31,medium,medium,10.178303519798789,305.34910559396366,0.0,0.0,0.0
146,121,August,31,fast,medium,10.178303519798789,315.5274091137625,0.0,0.0,0.0
146,121,December,31,medium,medium,10.178303519798789,315.5274091137625,0.0,0.0,0.0
146,121,February,31,fast,medium,10.178303519798789,284.9924985543661,0.0,0.0,0.0
146,121,January,31,fast,medium,10.178303519798789,315.5274091137625,0.0,0.0,0.0
146,121,July,31,medium,medium,10.178303519798789,315.5274091137625,0.0,0.0,0.0
146,121,June,31,fast,medium,10.178303519798789,305.34910559396366,0.0,0.0,0.0
146,121,March,31,fast,medium,10.178303519798789,315.5274091137625,0.0,0.0,0.0
146,121,May,31,medium,medium,10.178303519798789,315.5274091137625,0.0,0.0,0.0
146,121,November,31,medium,medium,10.178303519798789,305.34910559396366,0.0,0.0,0.0
146,121,October,31,medium,medium,10.178303519798789,315.5274091137625,0.0,0.0,0.0
146,121,September,31,fast,medium,10.178303519798789,305.34910559396366,0.0,0.0,0.0
148,123,April,18,fast,medium,0.9679934746251444,29.039804238754332,0.0,0.0,0.0
148,123,April,19,fast,medium,1.058706674631516,31.761200238945477,0.0,0.0,0.0
148,123,February,18,medium,medium,1.4730268208919455,41.24475098497447,0.0,0.0,0.0
148,123,June,18,medium,medium,2.838317057958479,85.14951173875437,0.0,0.0,0.0
148,123,June,19,fast,medium,4.777911474625144,143.33734423875433,0.0,0.0,0.0
148,123,June,20,medium,medium,4.777911474625144,143.33734423875433,0.0,0.0,0.0
148,147,August,18,fast,medium,3.316432430813137,102.80940535520725,0.0,0.0,0.0
148,147,December,18,medium,medium,3.316432430813137,102.80940535520725,0.0,0.0,0.0
148,147,January,18,fast,medium,3.316432430813137,102.80940535520725,0.0,0.0,0.0
148,147,July,18,fast,medium,3.316432430813137,102.80940535520725,0.0,0.0,0.0
148,147,November,18,medium,medium,3.316432430813137,99.49297292439411,0.0,0.0,0.0
148,147,October,18,medium,medium,3.316432430813137,102.80940535520725,0.0,0.0,0.0
148,149,August,21,fast,fast,6.860580153470362,212.67798475758124,0.0,0.0,0.0
148,149,February,18,fast,fast,1.8434056099211915,51.61535707779336,0.0,0.0,0.0
148,149,July,21,fast,fast,6.860580153470362,212.67798475758124,0.0,0.0,0.0
148,149,June,19,fast,medium,0.35393002729616896,10.617900818885069,0.0,0.0,0.0
148,149,March,18,medium,medium,3.316432430813137,102.80940535520725,0.0,0.0,0.0
148,149,March,21,fast,fast,14.080603298631654,436.4987022575813,0.0,0.0,0.0
148,149,March,22,fast,fast,2.781527987509664,86.22736761279958,0.0,0.0,0.0
148,149,May,18,fast,medium,4.029156543716361,124.90385285520719,0.0,0.0,0.0
148,149,September,18,fast,fast,3.316432430813137,99.49297292439411,0.0,0.0,0.0
148,149,September,21,fast,fast,6.860580153470362,205.81740460411086,0.0,0.0,0.0
148,172,April,18,fast,medium,2.348438956187991,70.45316868563972,0.0,0.0,0.0
148,172,June,18,medium,medium,0.4781153728546599,14.343461185639796,0.0,0.0,0.0
149,148,April,29,fast,fast,5.376538787186881,161.29616361560642,0.0,0.0,0.0
149,148,April,30,fast,fast,25.0,750.0,0.0,0.0,0.0
149,148,April,31,fast,fast,18.504563,555.13689,0.0,0.0,0.0
149,148,April,32,medium,medium,7.765356225445288,232.96068676335864,0.0,0.0,0.0
149,148,April,32,fast,fast,25.0,750.0,0.0,0.0,0.0
149,148,April,34,fast,fast,4.501936816212648,135.05810448637945,0.0,0.0,0.0
149,148,August,31,fast,fast,3.084738439477812,95.62689162381217,0.0,0.0,0.0
149,148,August,32,fast,medium,7.765356225445288,240.72604298880393,0.0,0.0,0.0
149,148,August,32,fast,fast,25.0,775.0,0.0,0.0,0.0
149,148,August,34,fast,fast,4.501936816212648,139.56004130259208,0.0,0.0,0.0
149,148,December,32,fast,medium,7.765356225445288,240.72604298880393,0.0,0.0,0.0
149,148,December,32,fast,fast,25.0,775.0,0.0,0.0,0.0
149,148,December,34,fast,fast,4.501936816212648,139.56004130259208,0.0,0.0,0.0
149,148,February,32,medium,medium,7.765356225445288,217.42997431246806,0.0,0.0,0.0
149,148,February,32,fast,fast,25.0,700.0,0.0,0.0,0.0
149,148,February,34,fast,fast,4.501936816212648,126.05423085395415,0.0,0.0,0.0
149,148,January,32,fast,medium,7.765356225445288,240.72604298880393,0.0,0.0,0.0
149,148,January,32,fast,fast,25.0,775.0,0.0,0.0,0.0
149,148,January,34,fast,fast,4.501936816212648,139.56004130259208,0.0,0.0,0.0
149,148,July,32,medium,medium,7.765356225445288,240.72604298880393,0.0,0.0,0.0
149,148,July,32,fast,fast,25.0,775.0,0.0,0.0,0.0
149,148,July,34,fast,fast,4.501936816212648,139.56004130259208,0.0,0.0,0.0
149,148,July,36,fast,fast,1.766108779163897,54.7493721540808,0.0,0.0,0.0
149,148,July,37,fast,fast,1.500084193548387,46.50261,0.0,0.0,0.0
149,148,July,38,fast,fast,1.500084193548387,46.50261,0.0,0.0,0.0
149,148,July,39,fast,fast,0.19122701612903228,5.928037500000001,0.0,0.0,0.0
149,148,June,29,fast,fast,3.3997067038535427,101.99120111560629,0.0,0.0,0.0
149,148,June,30,medium,medium,2.9291512500000003,87.8745375,0.0,0.0,0.0
149,148,June,30,fast,fast,25.0,750.0,0.0,0.0,0.0
149,148,June,31,fast,fast,22.43647175,673.0941525,0.0,0.0,0.0
149,148,June,32,fast,medium,7.765356225445288,232.96068676335864,0.0,0.0,0.0
149,148,June,32,fast,fast,25.0,750.0,0.0,0.0,0.0
149,148,June,33,fast,fast,3.225177158786387,96.75531476359161,0.0,0.0,0.0
149,148,June,34,fast,fast,14.6699245,440.097735,0.0,0.0,0.0
149,148,June,35,fast,fast,5.9117904999999995,177.353715,0.0,0.0,0.0
149,148,June,36,fast,fast,3.4161750708925824,102.48525212677747,0.0,0.0,0.0
149,148,June,37,fast,fast,1.6271062500000002,48.813187500000005,0.0,0.0,0.0
149,148,June,38,fast,fast,1.6271062500000002,48.813187500000005,0.0,0.0,0.0
149,148,June,39,fast,fast,0.38960075,11.6880225,0.0,0.0,0.0
149,148,March,32,fast,medium,7.765356225445288,240.72604298880393,0.0,0.0,0.0
149,148,March,32,fast,fast,25.0,775.0,0.0,0.0,0.0
149,148,March,34,fast,fast,4.501936816212648,139.56004130259208,0.0,0.0,0.0
149,148,May,30,fast,fast,25.0,775.0,0.0,0.0,0.0
149,148,May,31,fast,fast,22.832133145161286,707.7961274999999,0.0,0.0,0.0
149,148,May,32,fast,medium,7.765356225445288,240.72604298880393,0.0,0.0,0.0
149,148,May,32,fast,fast,25.0,775.0,0.0,0.0,0.0
149,148,May,33,fast,fast,2.6226958948689454,81.30357274093731,0.0,0.0,0.0
149,148,May,34,fast,fast,13.618921693548387,422.1865725,0.0,0.0,0.0
149,148,May,35,fast,fast,4.428959274193548,137.29773749999998,0.0,0.0,0.0
149,148,May,36,fast,fast,1.9333438450861307,59.93365919767005,0.0,0.0,0.0
149,148,May,37,fast,fast,1.0566387096774195,32.7558,0.0,0.0,0.0
149,148,May,38,fast,fast,1.0566387096774195,32.7558,0.0,0.0,0.0
149,148,November,32,fast,medium,7.765356225445288,232.96068676335864,0.0,0.0,0.0
149,148,November,32,fast,fast,25.0,750.0,0.0,0.0,0.0
149,148,November,34,fast,fast,4.501936816212648,135.05810448637945,0.0,0.0,0.0
149,148,October,32,medium,medium,7.765356225445288,240.72604298880393,0.0,0.0,0.0
149,148,October,32,fast,fast,25.0,775.0,0.0,0.0,0.0
149,148,October,34,fast,fast,4.501936816212648,139.56004130259208,0.0,0.0,0.0
149,148,September,30,fast,fast,7.583910536251993,227.5173160875598,0.0,0.0,0.0
149,148,September,32,medium,medium,7.765356225445288,232.96068676335864,0.0,0.0,0.0
149,148,September,32,fast,fast,25.0,750.0,0.0,0.0,0.0
149,148,September,34,fast,fast,4.501936816212648,135.05810448637945,0.0,0.0,0.0
149,150,June,17,fast,medium,5.654194562988913,169.62583688966737,0.0,0.0,0.0
150,149,April,23,fast,fast,2.150268348618148,64.50805045854445,0.0,0.0,0.0
150,149,April,28,fast,fast,7.186058609048722,215.58175827146164,0.0,0.0,0.0
150,149,August,23,fast,fast,22.474039457823014,696.6952231925135,0.0,0.0,0.0
150,149,August,24,fast,fast,6.5272558358550015,202.34493091150506,0.0,0.0,0.0
150,149,June,23,fast,fast,1.6009648486181476,48.02894545854443,0.0,0.0,0.0
150,149,June,28,fast,fast,5.854588531929705,175.63765595789116,0.0,0.0,0.0
150,149,March,22,fast,fast,3.311073354555461,102.64327399121929,0.0,0.0,0.0
150,149,September,22,fast,fast,5.396695785887243,161.90087357661727,0.0,0.0,0.0
150,149,September,23,fast,fast,18.216852029296163,546.5055608788849,0.0,0.0,0.0
150,149,September,24,fast,fast,19.999999,599.99997,0.0,0.0,0.0
153,85,February,25,medium,medium,0.7916378185628005,22.165858919758413,0.0,0.0,0.0
153,85,October,24,fast,medium,1.2147228010693678,37.6564068331504,0.0,0.0,0.0
153,85,October,25,medium,medium,0.29976783020925657,9.292802736486953,0.0,0.0,0.0
153,105,October,24,fast,medium,1.2225724193548386,37.899744999999996,0.0,0.0,0.0
153,105,October,25,medium,medium,0.10173163790923256,3.1536807751862095,0.0,0.0,0.0
153,106,February,25,medium,medium,0.1,2.8000000000000003,0.0,0.0,0.0
153,106,March,24,fast,medium,0.711400166258338,22.05340515400848,0.0,0.0,0.0
153,106,October,24,medium,medium,0.17850845661859527,5.533762155176453,0.0,0.0,0.0
153,106,October,25,fast,medium,1.2370393548387095,38.34822,0.0,0.0,0.0
153,131,April,24,medium,medium,1.4616517365532378,43.84955209659714,0.0,0.0,0.0
153,131,April,25,fast,medium,1.5219422365532385,45.65826709659716,0.0,0.0,0.0
153,131,August,24,fast,medium,4.2636186770428015,132.17217898832683,0.0,0.0,0.0
153,131,August,25,fast,medium,3.2363813229571985,100.32782101167315,0.0,0.0,0.0
153,131,December,24,medium,medium,4.2636186770428015,132.17217898832683,0.0,0.0,0.0
153,131,December,25,medium,medium,3.2363813229571985,100.32782101167315,0.0,0.0,0.0
153,131,February,24,medium,medium,4.2636186770428015,119.38132295719845,0.0,0.0,0.0
153,131,February,25,fast,medium,2.344743504394398,65.65281812304315,0.0,0.0,0.0
153,131,January,24,fast,medium,4.2636186770428015,132.17217898832683,0.0,0.0,0.0
153,131,January,25,fast,medium,3.2363813229571985,100.32782101167315,0.0,0.0,0.0
153,131,July,24,fast,medium,4.2636186770428015,132.17217898832683,0.0,0.0,0.0
153,131,July,25,fast,medium,3.2363813229571985,100.32782101167315,0.0,0.0,0.0
153,131,June,24,fast,medium,1.6226544865532384,48.679634596597154,0.0,0.0,0.0
153,131,June,25,medium,medium,1.5496012365532374,46.488037096597125,0.0,0.0,0.0
153,131,March,24,medium,medium,3.5522185107844635,110.11877383431838,0.0,0.0,0.0
153,131,March,25,medium,medium,2.7206638229571976,84.34057851167313,0.0,0.0,0.0
153,131,May,24,fast,medium,4.2636186770428015,132.17217898832683,0.0,0.0,0.0
153,131,May,25,medium,medium,3.2363813229571985,100.32782101167315,0.0,0.0,0.0
153,131,November,24,medium,medium,4.2636186770428015,127.90856031128405,0.0,0.0,0.0
153,131,November,25,fast,medium,3.2363813229571985,97.09143968871595,0.0,0.0,0.0
153,131,October,24,fast,medium,1.647815,51.082265,0.0,0.0,0.0
153,131,October,25,fast,medium,1.5978424999999998,49.533117499999996,0.0,0.0,0.0
153,131,September,24,fast,medium,4.2636186770428015,127.90856031128405,0.0,0.0,0.0
153,131,September,25,fast,medium,3.2363813229571985,97.09143968871595,0.0,0.0,0.0
153,132,April,24,fast,medium,2.8019669404895637,84.05900821468691,0.0,0.0,0.0
153,132,April,25,medium,medium,1.71443908640396,51.4331725921188,0.0,0.0,0.0
153,132,June,24,fast,medium,2.640964190489563,79.2289257146869,0.0,0.0,0.0
153,132,June,25,medium,medium,1.686780086403961,50.60340259211883,0.0,0.0,0.0
153,132,March,25,medium,medium,0.5157175000000009,15.987242500000029,0.0,0.0,0.0
155,132,April,18,medium,medium,2.3419829218769737,70.2594876563092,0.0,0.0,0.0
155,132,July,3,fast,medium,3.9318944316254885,121.88872738039014,0.0,0.0,0.0
155,132,June,3,fast,medium,7.5,225.0,0.0,0.0,0.0
155,132,March,22,fast,medium,4.554619937689781,141.1932180683832,0.0,0.0,0.0
155,132,March,23,fast,medium,1.368839919354837,42.434037499999945,0.0,0.0,0.0
155,132,March,26,fast,medium,0.5157175000000009,15.987242500000029,0.0,0.0,0.0
155,132,May,3,fast,medium,5.331159103750002,165.26593221625006,0.0,0.0,0.0
155,132,May,37,fast,medium,2.449470960685483,75.93359978124997,0.0,0.0,0.0
155,156,April,3,fast,fast,12.807944031820924,384.23832095462774,0.0,0.0,0.0
155,156,August,3,fast,fast,12.807944031820924,397.04626498644865,0.0,0.0,0.0
155,156,December,3,fast,fast,12.807944031820924,397.04626498644865,0.0,0.0,0.0
155,156,February,3,fast,fast,12.807944031820924,358.62243289098586,0.0,0.0,0.0
155,156,January,3,fast,fast,12.807944031820924,397.04626498644865,0.0,0.0,0.0
155,156,July,3,fast,fast,8.876049600195435,275.1575376060585,0.0,0.0,0.0
155,156,June,3,fast,fast,5.307944031820924,159.2383209546277,0.0,0.0,0.0
155,156,March,3,fast,fast,12.807944031820924,397.04626498644865,0.0,0.0,0.0
155,156,May,3,fast,fast,7.476784928070922,231.78033277019858,0.0,0.0,0.0
155,156,November,3,fast,fast,12.807944031820924,384.23832095462774,0.0,0.0,0.0
155,156,October,3,fast,fast,12.807944031820924,397.04626498644865,0.0,0.0,0.0
155,156,September,3,fast,fast,12.807944031820924,384.23832095462774,0.0,0.0,0.0
155,156,September,22,fast,fast,5.965766951823628,178.97300855470885,0.0,0.0,0.0
156,134,April,29,medium,medium,8.91314993826306,267.3944981478918,0.0,0.0,0.0
156,134,August,23,fast,fast,0.7078699941319595,21.943969818090743,0.0,0.0,0.0
156,134,December,29,medium,medium,8.913149938263057,276.30764808615476,0.0,0.0,0.0
156,134,February,29,medium,medium,8.913149938263057,249.5681982713656,0.0,0.0,0.0
156,134,January,29,fast,fast,8.91314993826306,276.30764808615487,0.0,0.0,0.0
156,134,July,29,fast,medium,8.91314993826306,276.30764808615487,0.0,0.0,0.0
156,134,June,29,medium,medium,8.913149938263057,267.39449814789174,0.0,0.0,0.0
156,134,March,23,fast,fast,0.10700838122872192,3.3172598180903794,0.0,0.0,0.0
156,134,March,29,medium,medium,3.807650961231836,118.03717979818691,0.0,0.0,0.0
156,134,May,29,medium,medium,8.91314993826306,276.30764808615487,0.0,0.0,0.0
156,134,November,29,medium,medium,8.91314993826306,267.3944981478918,0.0,0.0,0.0
156,134,October,29,medium,medium,8.91314993826306,276.30764808615487,0.0,0.0,0.0
156,134,September,23,fast,fast,2.4017380962824912,72.05214288847473,0.0,0.0,0.0
156,157,June,30,fast,fast,12.533844390718286,376.0153317215486,0.0,0.0,0.0
156,157,June,31,fast,fast,11.20647031245015,336.1941093735045,0.0,0.0,0.0
156,157,May,31,fast,fast,11.206470312450136,347.4005796859542,0.0,0.0,0.0
156,177,August,29,medium,medium,8.91314993826305,276.30764808615453,0.0,0.0,0.0
156,177,March,29,medium,medium,5.1054989770312265,158.27046828796801,0.0,0.0,0.0
156,177,September,29,medium,medium,8.91314993826306,267.3944981478918,0.0,0.0,0.0
157,135,August,28,fast,fast,14.50443679935941,449.63754078014176,0.0,0.0,0.0
157,135,August,29,fast,fast,20.4208380093045,633.0459782884395,0.0,0.0,0.0
157,135,February,28,fast,fast,0.22960449956088524,6.428925987704787,0.0,0.0,0.0
157,135,July,28,fast,fast,19.321206133358658,598.9573901341184,0.0,0.0,0.0
157,135,July,29,fast,fast,25.859688226706993,801.6503350279168,0.0,0.0,0.0
157,135,March,28,fast,fast,1.03786384233516,32.17377911238996,0.0,0.0,0.0
157,135,September,28,fast,fast,19.321206133358658,579.6361840007597,0.0,0.0,0.0
157,135,September,29,fast,fast,10.570148469942257,317.1044540982677,0.0,0.0,0.0
157,156,April,17,fast,fast,4.4665126901594405,133.9953807047832,0.0,0.0,0.0
157,156,April,19,fast,fast,1.6889594479417411,50.668783438252234,0.0,0.0,0.0
157,156,April,20,fast,fast,16.770110586291683,503.1033175887505,0.0,0.0,0.0
157,156,August,17,fast,fast,4.466512690159433,138.46189339494242,0.0,0.0,0.0
157,156,August,20,fast,fast,0.8243229439508326,25.55401126247581,0.0,0.0,0.0
157,156,December,17,fast,fast,3.8242437436622296,118.55155605352911,0.0,0.0,0.0
157,156,December,20,fast,fast,0.8243229439508255,25.55401126247559,0.0,0.0,0.0
157,156,February,17,fast,fast,3.3083495040308932,92.63378611286501,0.0,0.0,0.0
157,156,February,20,fast,fast,0.8243229439508326,23.081042430623313,0.0,0.0,0.0
157,156,January,17,fast,fast,4.466512690159448,138.46189339494288,0.0,0.0,0.0
157,156,January,20,fast,fast,0.8243229439508326,25.55401126247581,0.0,0.0,0.0
157,156,July,17,fast,fast,3.155602777351774,97.823686097905,0.0,0.0,0.0
157,156,July,20,fast,fast,0.8243229439508326,25.55401126247581,0.0,0.0,0.0
157,156,June,16,fast,fast,6.476376197798032,194.29128593394097,0.0,0.0,0.0
157,156,June,17,fast,fast,8.46323560313919,253.89706809417567,0.0,0.0,0.0
157,156,June,18,fast,fast,13.184240884713722,395.52722654141166,0.0,0.0,0.0
157,156,June,19,fast,fast,2.1630287812750915,64.89086343825275,0.0,0.0,0.0
157,156,June,20,fast,fast,16.881401252958355,506.4420375887506,0.0,0.0,0.0
157,156,March,17,fast,fast,3.0552505985009404,94.71276855352914,0.0,0.0,0.0
157,156,March,20,fast,fast,0.8243229439508326,25.55401126247581,0.0,0.0,0.0
157,156,May,16,fast,fast,6.476376197798032,200.767662131739,0.0,0.0,0.0
157,156,May,17,fast,fast,4.466512690159448,138.46189339494288,0.0,0.0,0.0
157,156,May,18,fast,fast,8.341214490679612,258.577649211068,0.0,0.0,0.0
157,156,May,19,fast,fast,4.815858703608072,149.29161981185024,0.0,0.0,0.0
157,156,May,20,fast,fast,10.10226229878954,313.17013126247576,0.0,0.0,0.0
157,156,November,17,fast,fast,3.6370053968880427,109.11016190664128,0.0,0.0,0.0
157,156,November,20,fast,fast,0.8243229439508255,24.729688318524765,0.0,0.0,0.0
157,156,October,17,fast,fast,4.4665126901594405,138.46189339494265,0.0,0.0,0.0
157,156,October,20,fast,fast,0.8243229439508326,25.55401126247581,0.0,0.0,0.0
157,156,September,17,fast,fast,3.066469146888039,91.99407440664118,0.0,0.0,0.0
157,156,September,18,fast,fast,7.324246780277754,219.72740340833263,0.0,0.0,0.0
157,156,September,20,fast,fast,0.8243229439508326,24.72968831852498,0.0,0.0,0.0
157,158,April,19,fast,fast,18.789419900827625,563.6825970248287,0.0,0.0,0.0
157,158,April,20,fast,fast,8.47947948565487,254.3843845696461,0.0,0.0,0.0
157,158,June,19,fast,fast,17.974251900827607,539.2275570248282,0.0,0.0,0.0
157,158,June,20,fast,fast,8.542283024325812,256.2684907297744,0.0,0.0,0.0
157,179,December,17,fast,medium,0.6422689464972158,19.91033734141369,0.0,0.0,0.0
157,179,February,17,fast,medium,1.1581631861285522,32.42856921159946,0.0,0.0,0.0
157,179,July,17,fast,medium,1.3109099128076722,40.63820729703784,0.0,0.0,0.0
157,179,March,17,medium,medium,1.4112620916585055,43.74912484141367,0.0,0.0,0.0
157,179,November,17,fast,medium,0.8295072932714085,24.885218798142255,0.0,0.0,0.0
157,179,September,17,fast,medium,1.400043543271409,42.00130629814227,0.0,0.0,0.0
158,135,April,30,fast,fast,9.999293703547451,299.97881110642356,0.0,0.0,0.0
158,135,August,30,fast,fast,0.8865634866163354,27.4834680851064,0.0,0.0,0.0
158,136,April,35,fast,fast,4.87773766872004,146.3321300616012,0.0,0.0,0.0
158,136,June,35,fast,fast,10.403314338097147,312.0994301429144,0.0,0.0,0.0
158,136,June,36,fast,fast,6.737867009956995,202.13601029870983,0.0,0.0,0.0
158,136,June,37,fast,fast,2.0638187500000003,61.91456250000001,0.0,0.0,0.0
158,136,June,39,fast,fast,0.4941689166666667,14.825067500000001,0.0,0.0,0.0
158,136,June,40,fast,fast,0.1,3.0,0.0,0.0,0.0
158,136,May,35,fast,fast,10.403314338097147,322.5027444810115,0.0,0.0,0.0
158,136,May,36,fast,fast,0.3150470842726607,9.766459612452483,0.0,0.0,0.0
158,136,May,37,fast,fast,1.3402387096774193,41.547399999999996,0.0,0.0,0.0
158,136,May,38,fast,fast,1.363397878629033,42.26533423750003,0.0,0.0,0.0
158,159,August,30,fast,fast,5.537321774193549,171.65697500000002,0.0,0.0,0.0
158,159,February,30,fast,fast,0.7340861607142859,20.554412500000005,0.0,0.0,0.0
158,159,July,35,fast,fast,0.5375570360853383,16.664268118645488,0.0,0.0,0.0
158,159,March,30,fast,fast,1.6497923387096751,51.14356249999993,0.0,0.0,0.0
158,159,September,30,fast,fast,4.917739166666665,147.53217499999997,0.0,0.0,0.0
158,180,April,17,fast,fast,1.6602107803519885,49.806323410559656,0.0,0.0,0.0
158,180,April,30,fast,fast,3.8717938130425136,116.1538143912754,0.0,0.0,0.0
158,180,August,30,fast,fast,3.7952482074994176,117.65269443248195,0.0,0.0,0.0
158,180,December,30,fast,fast,2.8710875165899665,89.00371301428896,0.0,0.0,0.0
158,180,February,30,fast,fast,2.1370013558756824,59.83603796451911,0.0,0.0,0.0
158,180,January,30,fast,fast,2.8710875165899665,89.00371301428896,0.0,0.0,0.0
158,180,July,17,fast,fast,0.3117895761363201,9.665476860225922,0.0,0.0,0.0
158,180,July,30,fast,fast,2.871087516589938,89.00371301428808,0.0,0.0,0.0
158,180,June,30,fast,fast,9.078322976992368,272.34968930977107,0.0,0.0,0.0
158,180,March,17,fast,fast,2.8195803653525537,87.40699132592917,0.0,0.0,0.0
158,180,March,30,fast,fast,1.2212951778802932,37.86015051428909,0.0,0.0,0.0
158,180,May,30,fast,fast,5.389854718793451,167.08549628259698,0.0,0.0,0.0
158,180,November,30,fast,fast,2.871087516589938,86.13262549769814,0.0,0.0,0.0
158,180,October,30,fast,fast,2.8710875165899665,89.00371301428896,0.0,0.0,0.0
158,180,September,17,fast,fast,7.2619290627330955,217.85787188199288,0.0,0.0,0.0
158,180,September,30,fast,fast,2.535910535456404,76.07731606369212,0.0,0.0,0.0
159,136,August,24,fast,fast,0.29795678882709,9.23666045363979,0.0,0.0,0.0
159,158,August,18,fast,fast,7.323655392643666,227.03331717195363,0.0,0.0,0.0
159,158,December,18,fast,fast,7.323655392643666,227.03331717195363,0.0,0.0,0.0
159,158,February,18,fast,fast,2.1749482497865245,60.898550994022685,0.0,0.0,0.0
159,158,January,18,fast,fast,13.022913906430162,403.710331099335,0.0,0.0,0.0
159,158,March,18,fast,fast,4.86893376485385,150.93694671046933,0.0,0.0,0.0
159,158,November,18,fast,fast,7.323655392643666,219.70966177930995,0.0,0.0,0.0
159,158,October,18,fast,fast,13.022913906430176,403.71033109933546,0.0,0.0,0.0
159,160,June,37,fast,fast,4.725037656134841,141.75112968404522,0.0,0.0,0.0
159,160,May,37,fast,fast,3.2289151945606274,100.09637103137945,0.0,0.0,0.0
159,160,May,43,fast,fast,2.0426829268292686,63.32317073170732,0.0,0.0,0.0
159,181,April,18,fast,fast,18.579818073096845,557.3945421929054,0.0,0.0,0.0
159,181,August,18,fast,fast,5.699258513786496,176.67701392738138,0.0,0.0,0.0
159,181,December,18,fast,fast,5.699258513786496,176.67701392738138,0.0,0.0,0.0
159,181,February,18,fast,fast,10.847965656643652,303.74303838602225,0.0,0.0,0.0
159,181,July,18,fast,fast,13.022913906430162,403.710331099335,0.0,0.0,0.0
159,181,June,18,fast,fast,15.556362656430174,466.69087969290524,0.0,0.0,0.0
159,181,March,18,fast,fast,8.153980141576323,252.77338438886602,0.0,0.0,0.0
159,181,May,18,fast,fast,13.022913906430176,403.71033109933546,0.0,0.0,0.0
159,181,November,18,fast,fast,5.699258513786511,170.97775541359533,0.0,0.0,0.0
159,181,September,18,fast,fast,13.022913906430176,390.6874171929053,0.0,0.0,0.0
160,137,April,21,fast,fast,0.25482147626363627,7.644644287909088,0.0,0.0,0.0
160,137,April,22,fast,fast,10.089516129970816,302.6854838991245,0.0,0.0,0.0
160,137,August,22,fast,fast,9.172166020736773,284.33714664283997,0.0,0.0,0.0
160,137,June,22,fast,fast,6.570848472715419,197.12545418146254,0.0,0.0,0.0
160,137,September,21,fast,fast,5.023380012094485,150.70140036283453,0.0,0.0,0.0
160,137,September,22,fast,fast,10.089516129970816,302.6854838991245,0.0,0.0,0.0
160,159,April,19,fast,fast,0.8690476190476191,26.071428571428573,0.0,0.0,0.0
160,159,August,19,fast,fast,0.46672788888889727,14.468564555555815,0.0,0.0,0.0
160,159,December,19,fast,fast,0.46672788888889727,14.468564555555815,0.0,0.0,0.0
160,159,February,19,fast,fast,0.46672788888889727,13.068380888889124,0.0,0.0,0.0
160,159,January,19,fast,fast,0.46672788888889727,14.468564555555815,0.0,0.0,0.0
160,159,July,19,fast,fast,0.46672788888889727,14.468564555555815,0.0,0.0,0.0
160,159,June,19,fast,fast,2.471033144639083,74.1309943391725,0.0,0.0,0.0
160,159,March,19,fast,fast,0.46672788888889727,14.468564555555815,0.0,0.0,0.0
160,159,May,19,fast,fast,0.46672788888889727,14.468564555555815,0.0,0.0,0.0
160,159,November,19,fast,fast,0.46672788888889727,14.001836666666918,0.0,0.0,0.0
160,159,October,19,fast,fast,0.46672788888889727,14.468564555555815,0.0,0.0,0.0
160,159,September,19,fast,fast,0.46672788888889727,14.001836666666918,0.0,0.0,0.0
161,138,April,5,fast,fast,3.3590249659664906,100.77074897899472,0.0,0.0,0.0
161,138,April,30,fast,fast,10.477417773400308,314.32253320200925,0.0,0.0,0.0
161,138,April,31,fast,fast,32.65855527670769,979.7566583012306,0.0,0.0,0.0
161,138,April,32,fast,fast,36.68712391245035,1100.6137173735106,0.0,0.0,0.0
161,138,April,33,fast,fast,8.159944824108315,244.79834472324944,0.0,0.0,0.0
161,138,August,5,fast,fast,3.3590249659664906,104.12977394496122,0.0,0.0,0.0
161,138,August,30,fast,fast,8.347934193548387,258.78596,0.0,0.0,0.0
161,138,August,31,fast,fast,16.356611970542588,507.0549710868202,0.0,0.0,0.0
161,138,August,32,fast,fast,20.0,620.0,0.0,0.0,0.0
161,138,August,33,fast,fast,1.3635601864532632,42.27036578005116,0.0,0.0,0.0
161,138,December,5,fast,fast,3.3590249659664906,104.12977394496122,0.0,0.0,0.0
161,138,December,31,fast,fast,4.577882346045117,141.9143527273986,0.0,0.0,0.0
161,138,December,32,fast,fast,4.062223245783684,125.92892061929422,0.0,0.0,0.0
161,138,February,5,fast,fast,3.3590249659664906,94.05269904706174,0.0,0.0,0.0
161,138,February,31,fast,fast,1.7888106534187478,50.086698295724936,0.0,0.0,0.0
161,138,February,32,fast,fast,2.2897794957836846,64.11382588194317,0.0,0.0,0.0
161,138,January,5,fast,fast,3.3590249659664906,104.12977394496122,0.0,0.0,0.0
161,138,January,31,fast,fast,5.078177156707682,157.42349185793813,0.0,0.0,0.0
161,138,January,32,fast,fast,4.062223245783684,125.92892061929422,0.0,0.0,0.0
161,138,July,5,fast,fast,3.3590249659664906,104.12977394496122,0.0,0.0,0.0
161,138,July,31,fast,fast,5.078177156707682,157.42349185793813,0.0,0.0,0.0
161,138,July,32,fast,fast,4.062223245783684,125.92892061929422,0.0,0.0,0.0
161,138,June,5,fast,fast,3.3590249659664906,100.77074897899472,0.0,0.0,0.0
161,138,June,30,fast,fast,6.034521975008619,181.0356592502586,0.0,0.0,0.0
161,138,June,31,fast,fast,35.28606032337435,1058.5818097012304,0.0,0.0,0.0
161,138,June,32,fast,fast,34.27010641245035,1028.1031923735106,0.0,0.0,0.0
161,138,June,35,fast,fast,3.0801551884057954,92.40465565217386,0.0,0.0,0.0
161,138,March,5,fast,fast,3.3590249659664906,104.12977394496122,0.0,0.0,0.0
161,138,March,31,fast,fast,5.078177156707682,157.42349185793813,0.0,0.0,0.0
161,138,March,32,fast,fast,4.062223245783684,125.92892061929422,0.0,0.0,0.0
161,138,May,5,fast,fast,3.3590249659664906,104.12977394496122,0.0,0.0,0.0
161,138,May,30,fast,fast,7.203920784152995,223.32154430874286,0.0,0.0,0.0
161,138,May,31,fast,fast,19.999999,619.999969,0.0,0.0,0.0
161,138,May,32,fast,fast,34.02688598771917,1054.8334656192942,0.0,0.0,0.0
161,138,May,33,fast,fast,13.626332750894719,422.41631527773626,0.0,0.0,0.0
161,138,November,5,fast,fast,3.3590249659664906,100.77074897899472,0.0,0.0,0.0
161,138,October,5,fast,fast,3.3590249659664906,104.12977394496122,0.0,0.0,0.0
161,138,October,31,fast,fast,5.078177156707682,157.42349185793813,0.0,0.0,0.0
161,138,October,32,fast,fast,3.235777278041749,100.30909561929421,0.0,0.0,0.0
161,138,September,5,fast,fast,3.3590249659664906,100.77074897899472,0.0,0.0,0.0
161,138,September,27,fast,fast,0.1,3.0,0.0,0.0,0.0
161,138,September,28,fast,fast,0.8169923904126861,24.509771712380584,0.0,0.0,0.0
161,138,September,30,fast,fast,6.434432559139783,193.0329767741935,0.0,0.0,0.0
161,138,September,31,fast,fast,5.078177156707682,152.34531470123045,0.0,0.0,0.0
161,138,September,32,fast,fast,4.062223245783684,121.86669737351053,0.0,0.0,0.0
161,139,April,35,fast,fast,0.7043138987499961,21.12941696249988,0.0,0.0,0.0
161,139,April,36,fast,fast,0.6778951666666667,20.336855,0.0,0.0,0.0
161,139,August,24,fast,fast,2.520731679326322,78.14268205911598,0.0,0.0,0.0
161,139,August,33,fast,fast,0.1,3.1,0.0,0.0,0.0
161,139,August,35,fast,fast,0.1,3.1,0.0,0.0,0.0
161,139,August,36,fast,fast,0.9368105645161291,29.0411275,0.0,0.0,0.0
161,139,December,31,fast,fast,0.5002948106625649,15.509139130539511,0.0,0.0,0.0
161,139,February,31,fast,fast,3.289366503288934,92.10226209209014,0.0,0.0,0.0
161,139,February,32,fast,fast,1.77244375,49.628425,0.0,0.0,0.0
161,139,July,35,fast,fast,1.586268306451613,49.1743175,0.0,0.0,0.0
161,139,July,36,fast,fast,1.586268306451613,49.1743175,0.0,0.0,0.0
161,139,July,37,fast,fast,0.500028064516129,15.500869999999999,0.0,0.0,0.0
161,139,July,38,fast,fast,0.5253406403185139,16.28555984987393,0.0,0.0,0.0
161,139,June,35,fast,fast,1.9705968333333332,59.117905,0.0,0.0,0.0
161,139,June,36,fast,fast,1.9705968333333332,59.117905,0.0,0.0,0.0
161,139,June,37,fast,fast,0.5423687500000001,16.271062500000003,0.0,0.0,0.0
161,139,June,38,fast,fast,0.5423687500000001,16.271062500000003,0.0,0.0,0.0
161,139,June,39,fast,fast,0.1,3.0,0.0,0.0,0.0
161,139,May,35,fast,fast,1.476319758064516,45.7659125,0.0,0.0,0.0
161,139,May,36,fast,fast,1.476319758064516,45.7659125,0.0,0.0,0.0
161,139,May,37,fast,fast,0.35221290322580645,10.9186,0.0,0.0,0.0
161,139,May,38,fast,fast,0.35221290322580645,10.9186,0.0,0.0,0.0
161,139,November,31,fast,fast,5.078177156707682,152.34531470123045,0.0,0.0,0.0
161,139,November,32,fast,fast,4.062223245783684,121.86669737351053,0.0,0.0,0.0
161,139,October,32,fast,fast,0.8264459677419356,25.619825000000002,0.0,0.0,0.0
162,139,April,22,fast,fast,8.075521203090506,242.2656360927152,0.0,0.0,0.0
162,139,April,24,fast,fast,0.7442301011877177,22.32690303563153,0.0,0.0,0.0
162,139,April,29,fast,fast,5.946757823538142,178.40273470614426,0.0,0.0,0.0
162,139,April,30,fast,fast,5.1698113207547145,155.09433962264143,0.0,0.0,0.0
162,139,April,32,fast,fast,5.880937252502611,176.42811757507835,0.0,0.0,0.0
162,139,April,33,fast,fast,3.0309253333333332,90.92775999999999,0.0,0.0,0.0
162,139,April,34,fast,fast,3.0309253333333332,90.92775999999999,0.0,0.0,0.0
162,139,August,22,fast,fast,5.814569536423839,180.251655629139,0.0,0.0,0.0
162,139,August,24,fast,fast,0.1,3.1,0.0,0.0,0.0
162,139,December,22,fast,fast,5.814569536423839,180.251655629139,0.0,0.0,0.0
162,139,December,24,fast,fast,0.1,3.1,0.0,0.0,0.0
162,139,December,29,fast,fast,3.3584905660377338,104.11320754716975,0.0,0.0,0.0
162,139,December,30,fast,fast,5.1698113207547145,160.26415094339615,0.0,0.0,0.0
162,139,February,22,fast,fast,5.814569536423839,162.8079470198675,0.0,0.0,0.0
162,139,February,24,fast,fast,0.1,2.8000000000000003,0.0,0.0,0.0
162,139,February,29,fast,fast,1.0430242818714754,29.204679892401312,0.0,0.0,0.0
162,139,February,30,fast,fast,1.5633455694214913,43.773675943801756,0.0,0.0,0.0
162,139,January,22,fast,fast,5.814569536423839,180.251655629139,0.0,0.0,0.0
162,139,January,24,fast,fast,0.1,3.1,0.0,0.0,0.0
162,139,January,29,fast,fast,3.3584905660377338,104.11320754716975,0.0,0.0,0.0
162,139,January,30,fast,fast,5.1698113207547145,160.26415094339615,0.0,0.0,0.0
162,139,July,22,fast,fast,5.814569536423839,180.251655629139,0.0,0.0,0.0
162,139,July,24,fast,fast,0.1,3.1,0.0,0.0,0.0
162,139,July,29,fast,fast,3.3584905660377338,104.11320754716975,0.0,0.0,0.0
162,139,July,30,fast,fast,5.1698113207547145,160.26415094339615,0.0,0.0,0.0
162,139,June,22,fast,fast,6.715052036423838,201.45156109271514,0.0,0.0,0.0
162,139,June,24,fast,fast,0.39382499027048823,11.814749708114647,0.0,0.0,0.0
162,139,June,29,fast,fast,6.50844074020481,195.2532222061443,0.0,0.0,0.0
162,139,June,30,fast,fast,2.631177457331553,78.9353237199466,0.0,0.0,0.0
162,139,June,31,fast,fast,4.458639885796973,133.7591965739092,0.0,0.0,0.0
162,139,June,32,fast,fast,7.478823916666667,224.3647175,0.0,0.0,0.0
162,139,June,33,fast,fast,4.8899748333333335,146.69924500000002,0.0,0.0,0.0
162,139,June,34,fast,fast,4.8899748333333335,146.69924500000002,0.0,0.0,0.0
162,139,March,22,fast,fast,5.814569536423839,180.251655629139,0.0,0.0,0.0
162,139,March,24,fast,fast,0.1,3.1,0.0,0.0,0.0
162,139,May,22,fast,fast,5.814569536423839,180.251655629139,0.0,0.0,0.0
162,139,May,24,fast,fast,0.1,3.1,0.0,0.0,0.0
162,139,May,29,fast,fast,3.3584905660377338,104.11320754716975,0.0,0.0,0.0
162,139,May,30,fast,fast,5.1698113207547145,160.26415094339615,0.0,0.0,0.0
162,139,May,33,fast,fast,4.539640564516129,140.7288575,0.0,0.0,0.0
162,139,May,34,fast,fast,4.539640564516129,140.7288575,0.0,0.0,0.0
162,139,November,22,fast,fast,5.814569536423839,174.43708609271516,0.0,0.0,0.0
162,139,November,24,fast,fast,0.1,3.0,0.0,0.0,0.0
162,139,November,29,fast,fast,3.3584905660377338,100.75471698113202,0.0,0.0,0.0
162,139,November,30,fast,fast,5.1698113207547145,155.09433962264143,0.0,0.0,0.0
162,139,October,22,fast,fast,5.814569536423839,180.251655629139,0.0,0.0,0.0
162,139,October,24,fast,fast,0.1,3.1,0.0,0.0,0.0
162,139,October,29,fast,fast,3.3584905660377338,104.11320754716975,0.0,0.0,0.0
162,139,October,30,fast,fast,5.1698113207547145,160.26415094339615,0.0,0.0,0.0
162,139,September,22,fast,fast,5.814569536423839,174.43708609271516,0.0,0.0,0.0
162,139,September,24,fast,fast,0.1,3.0,0.0,0.0,0.0
162,140,August,30,fast,fast,5.1698113207547145,160.26415094339615,0.0,0.0,0.0
162,140,February,29,fast,fast,2.3154662841662583,64.83305595665523,0.0,0.0,0.0
162,140,February,30,fast,fast,3.6064657513332232,100.98104103733024,0.0,0.0,0.0
162,140,June,29,fast,fast,5.550453992499591,166.51361977498772,0.0,0.0,0.0
162,140,June,30,fast,fast,8.361073479387816,250.83220438163448,0.0,0.0,0.0
162,140,June,31,fast,fast,6.128292650747969,183.8487795224391,0.0,0.0,0.0
162,140,June,34,fast,fast,5.17031391909681,155.1094175729043,0.0,0.0,0.0
162,140,March,30,fast,fast,5.1698113207547145,160.26415094339615,0.0,0.0,0.0
162,140,September,29,fast,fast,2.335307887363812,70.05923662091436,0.0,0.0,0.0
162,140,September,30,fast,fast,5.1698113207547145,155.09433962264143,0.0,0.0,0.0
162,163,August,29,fast,fast,3.3584905660377338,104.11320754716975,0.0,0.0,0.0
162,163,March,29,fast,fast,3.370127753281773,104.47396035173496,0.0,0.0,0.0
162,163,September,29,fast,fast,1.0231826786739218,30.69548036021765,0.0,0.0,0.0
163,140,April,30,fast,fast,12.734798730477962,382.04396191433887,0.0,0.0,0.0
163,140,April,31,fast,fast,6.541961264913219,196.25883794739656,0.0,0.0,0.0
163,140,August,30,fast,fast,1.7347987304779622,53.77876064481683,0.0,0.0,0.0
163,140,December,30,fast,fast,1.7347987304779622,53.77876064481683,0.0,0.0,0.0
163,140,February,30,fast,fast,1.7347987304779622,48.57436445338294,0.0,0.0,0.0
163,140,January,30,fast,fast,1.7347987304779622,53.77876064481683,0.0,0.0,0.0
163,140,July,30,fast,fast,1.7347987304779622,53.77876064481683,0.0,0.0,0.0
163,140,June,30,fast,fast,6.252648313811296,187.57944941433888,0.0,0.0,0.0
163,140,June,31,fast,fast,3.792930681579886,113.78792044739657,0.0,0.0,0.0
163,140,March,30,fast,fast,1.7347987304779622,53.77876064481683,0.0,0.0,0.0
163,140,March,31,fast,fast,3.6598512063010284,113.45538739533188,0.0,0.0,0.0
163,140,May,30,fast,fast,1.7347987304779622,53.77876064481683,0.0,0.0,0.0
163,140,November,30,fast,fast,1.7347987304779622,52.043961914338865,0.0,0.0,0.0
163,140,October,30,fast,fast,1.7347987304779622,53.77876064481683,0.0,0.0,0.0
163,140,September,30,fast,fast,1.7347987304779622,52.043961914338865,0.0,0.0,0.0
164,142,April,19,fast,fast,18.426222698344233,552.786680950327,0.0,0.0,0.0
164,142,April,20,fast,fast,15.882213008541143,476.46639025623426,0.0,0.0,0.0
164,142,July,19,fast,fast,5.139473908021657,159.32369114867134,0.0,0.0,0.0
164,142,July,20,fast,fast,18.09614469874436,560.9804856610751,0.0,0.0,0.0
164,142,June,19,fast,fast,18.711676031677577,561.3502809503273,0.0,0.0,0.0
164,142,June,20,fast,fast,15.35683434187446,460.70503025623384,0.0,0.0,0.0
164,142,June,31,fast,fast,4.48856464352739,134.6569393058217,0.0,0.0,0.0
164,142,May,18,fast,medium,10.682674350233384,331.16290485723493,0.0,0.0,0.0
164,142,September,21,fast,fast,13.568776363643096,407.06329090929285,0.0,0.0,0.0
164,184,April,18,fast,fast,10.682674350233384,320.4802305070015,0.0,0.0,0.0
164,184,April,19,fast,fast,2.316371988165585,69.49115964496755,0.0,0.0,0.0
164,184,April,31,fast,fast,13.24762261453459,397.4286784360377,0.0,0.0,0.0
164,184,August,18,medium,medium,5.360126351751049,166.16391690428253,0.0,0.0,0.0
164,184,August,18,fast,fast,5.322547998482335,164.9989879529524,0.0,0.0,0.0
164,184,August,27,fast,fast,5.120578233282504,158.7379252317576,0.0,0.0,0.0
164,184,August,29,fast,fast,0.9089755164296798,28.17824100932007,0.0,0.0,0.0
164,184,December,18,medium,medium,5.360126351751049,166.16391690428253,0.0,0.0,0.0
164,184,December,18,fast,fast,5.322547998482339,164.9989879529525,0.0,0.0,0.0
164,184,February,18,medium,medium,5.360126351751049,150.08353784902937,0.0,0.0,0.0
164,184,February,18,fast,fast,5.322547998482335,149.03134395750538,0.0,0.0,0.0
164,184,January,18,medium,medium,5.360126351751049,166.16391690428253,0.0,0.0,0.0
164,184,January,18,fast,fast,5.322547998482339,164.9989879529525,0.0,0.0,0.0
164,184,July,18,fast,fast,10.682674350233384,331.16290485723493,0.0,0.0,0.0
164,184,July,19,fast,fast,5.322547998482339,164.9989879529525,0.0,0.0,0.0
164,184,July,20,fast,fast,10.277393415881024,318.59919589231174,0.0,0.0,0.0
164,184,July,27,fast,fast,9.798168233282501,303.7432152317575,0.0,0.0,0.0
164,184,July,28,fast,fast,4.618039733970892,143.15923175309763,0.0,0.0,0.0
164,184,July,31,fast,fast,6.493767773888367,201.30680099053936,0.0,0.0,0.0
164,184,June,18,medium,medium,9.490373000000005,284.71119000000016,0.0,0.0,0.0
164,184,June,18,fast,fast,5.322547998482335,159.67643995447006,0.0,0.0,0.0
164,184,June,31,fast,fast,13.528914149149664,405.8674244744899,0.0,0.0,0.0
164,184,March,18,medium,medium,5.360126351751049,166.16391690428253,0.0,0.0,0.0
164,184,March,18,fast,fast,5.322547998482335,164.9989879529524,0.0,0.0,0.0
164,184,May,31,fast,fast,12.934021281201256,400.95465971723894,0.0,0.0,0.0
164,184,November,18,medium,medium,5.360126351751049,160.80379055253147,0.0,0.0,0.0
164,184,November,18,fast,fast,5.322547998482339,159.67643995447017,0.0,0.0,0.0
164,184,October,18,medium,medium,5.360126351751049,166.16391690428253,0.0,0.0,0.0
164,184,October,18,fast,fast,5.322547998482339,164.9989879529525,0.0,0.0,0.0
164,184,September,18,medium,medium,5.360126351751049,160.80379055253147,0.0,0.0,0.0
164,184,September,18,fast,fast,5.322547998482339,159.67643995447017,0.0,0.0,0.0
164,184,September,19,fast,fast,0.32421566514900846,9.726469954470254,0.0,0.0,0.0
164,184,September,20,fast,fast,5.27906108254769,158.3718324764307,0.0,0.0,0.0
164,184,September,27,fast,fast,4.463126641884656,133.89379925653967,0.0,0.0,0.0
166,186,April,24,fast,fast,4.834630160588276,145.03890481764827,0.0,0.0,0.0
166,186,August,24,fast,fast,0.5199812716147063,16.119419420055895,0.0,0.0,0.0
166,186,December,24,fast,fast,4.834630160588276,149.87353497823653,0.0,0.0,0.0
166,186,February,24,fast,fast,4.055645875996199,113.55808452789358,0.0,0.0,0.0
166,186,January,24,fast,fast,4.834630160588276,149.87353497823653,0.0,0.0,0.0
166,186,June,24,fast,fast,4.834630160588276,145.03890481764827,0.0,0.0,0.0
166,186,March,24,fast,fast,2.11204897213327,65.47351813613137,0.0,0.0,0.0
166,186,May,24,fast,fast,4.834630160588276,149.87353497823653,0.0,0.0,0.0
166,186,November,24,fast,fast,4.834630160588276,145.03890481764827,0.0,0.0,0.0
166,186,October,24,medium,medium,4.834630160588276,149.87353497823653,0.0,0.0,0.0
166,186,September,24,fast,fast,0.8734447570795041,26.203342712385123,0.0,0.0,0.0
166,187,August,24,fast,medium,4.3146488889735695,133.75411555818064,0.0,0.0,0.0
166,187,February,24,fast,medium,0.7789842845920765,21.81155996857814,0.0,0.0,0.0
166,187,July,24,fast,medium,4.834630160588276,149.87353497823653,0.0,0.0,0.0
166,187,March,24,fast,medium,2.7225811884550057,84.40001684210517,0.0,0.0,0.0
166,187,September,24,fast,medium,3.9611854035087717,118.83556210526315,0.0,0.0,0.0
171,190,June,39,medium,medium,0.3901169080181148,11.703507240543445,0.0,0.0,0.0
171,190,May,39,medium,medium,0.3901169080181148,12.09362414856156,0.0,0.0,0.0
171,191,April,15,fast,medium,0.1,3.0,0.0,0.0,0.0
171,191,April,16,medium,medium,13.77113046521552,413.1339139564656,0.0,0.0,0.0
171,191,April,17,medium,medium,3.412339073819922,102.37017221459766,0.0,0.0,0.0
171,191,April,18,medium,medium,3.6814400578857196,110.44320173657158,0.0,0.0,0.0
171,191,April,39,medium,medium,0.3901169080181148,11.703507240543445,0.0,0.0,0.0
171,191,August,39,medium,medium,0.3901169080181148,12.09362414856156,0.0,0.0,0.0
171,191,December,39,medium,medium,0.3901169080181148,12.09362414856156,0.0,0.0,0.0
171,191,February,39,fast,medium,0.3901169080181148,10.923273424507215,0.0,0.0,0.0
171,191,January,39,medium,medium,0.3901169080181148,12.09362414856156,0.0,0.0,0.0
171,191,July,39,medium,medium,0.3901169080181148,12.09362414856156,0.0,0.0,0.0
171,191,March,19,medium,medium,2.148421533882015,66.60106755034246,0.0,0.0,0.0
171,191,March,20,fast,medium,13.044609300144632,404.3828883044836,0.0,0.0,0.0
171,191,March,39,fast,medium,0.3901169080181148,12.09362414856156,0.0,0.0,0.0
171,191,November,39,medium,medium,0.3901169080181148,11.703507240543445,0.0,0.0,0.0
171,191,October,39,fast,medium,0.3901169080181148,12.09362414856156,0.0,0.0,0.0
171,191,September,39,medium,medium,0.3901169080181148,11.703507240543445,0.0,0.0,0.0
172,148,April,36,fast,fast,2.495615429107417,74.86846287322251,0.0,0.0,0.0
172,148,August,36,fast,fast,0.16223960670706683,5.029427807919072,0.0,0.0,0.0
172,148,July,36,fast,fast,2.495615429107417,77.36407830232993,0.0,0.0,0.0
172,148,June,36,fast,fast,2.495615429107417,74.86846287322251,0.0,0.0,0.0
172,148,March,36,fast,fast,2.495615429107417,77.36407830232993,0.0,0.0,0.0
172,148,May,36,fast,fast,2.495615429107417,77.36407830232993,0.0,0.0,0.0
172,148,September,36,fast,fast,0.29184925,8.7554775,0.0,0.0,0.0
172,173,August,36,fast,medium,2.3333758224003502,72.33465049441085,0.0,0.0,0.0
172,173,December,36,fast,medium,2.495615429107417,77.36407830232993,0.0,0.0,0.0
172,173,February,36,medium,medium,2.495615429107417,69.87723201500768,0.0,0.0,0.0
172,173,January,36,medium,medium,2.495615429107417,77.36407830232993,0.0,0.0,0.0
172,173,March,21,medium,medium,0.17345148981323888,5.376996184210405,0.0,0.0,0.0
172,173,November,36,medium,medium,2.495615429107417,74.86846287322251,0.0,0.0,0.0
172,173,October,36,medium,medium,2.495615429107417,77.36407830232993,0.0,0.0,0.0
172,173,September,21,fast,medium,2.150769473684209,64.52308421052628,0.0,0.0,0.0
172,173,September,22,fast,medium,4.500257,135.00771,0.0,0.0,0.0
172,173,September,36,medium,medium,2.2037661791074172,66.11298537322251,0.0,0.0,0.0
172,191,February,20,fast,medium,0.8369468347068469,23.434511371791714,0.0,0.0,0.0
172,191,March,21,medium,medium,0.5933450273365537,18.393695847433165,0.0,0.0,0.0
172,191,March,22,medium,medium,2.7460277419354817,85.12685999999994,0.0,0.0,0.0
172,191,September,19,fast,medium,0.8070752328067492,24.212256984202476,0.0,0.0,0.0
172,191,September,20,medium,medium,12.471750982456145,374.15252947368435,0.0,0.0,0.0
173,172,April,4,fast,fast,5.423969945830507,162.7190983749152,0.0,0.0,0.0
173,172,April,5,fast,fast,2.6211634465690636,78.63490339707191,0.0,0.0,0.0
173,172,April,13,fast,fast,1.404997342612278,42.14992027836834,0.0,0.0,0.0
173,172,April,14,fast,fast,12.162052020818443,364.8615606245533,0.0,0.0,0.0
173,172,April,15,fast,fast,19.777640102484686,593.3292030745406,0.0,0.0,0.0
173,172,April,16,fast,fast,14.22053794659682,426.6161383979046,0.0,0.0,0.0
173,172,April,17,fast,fast,1.566804512476061,47.00413537428183,0.0,0.0,0.0
173,172,August,4,fast,fast,5.423969945830507,168.14306832074573,0.0,0.0,0.0
173,172,August,5,fast,fast,2.6211634465690636,81.25606684364098,0.0,0.0,0.0
173,172,December,4,fast,fast,5.423969945830507,168.14306832074573,0.0,0.0,0.0
173,172,December,5,fast,fast,2.6211634465690636,81.25606684364098,0.0,0.0,0.0
173,172,February,4,fast,fast,5.423969945830507,151.8711584832542,0.0,0.0,0.0
173,172,February,5,fast,fast,2.6211634465690636,73.39257650393378,0.0,0.0,0.0
173,172,January,4,fast,fast,5.423969945830507,168.14306832074573,0.0,0.0,0.0
173,172,January,5,fast,fast,2.6211634465690636,81.25606684364098,0.0,0.0,0.0
173,172,July,4,fast,fast,5.423969945830507,168.14306832074573,0.0,0.0,0.0
173,172,July,5,fast,fast,2.6211634465690636,81.25606684364098,0.0,0.0,0.0
173,172,June,4,fast,fast,5.423969945830507,162.7190983749152,0.0,0.0,0.0
173,172,June,5,fast,fast,2.6211634465690636,78.63490339707191,0.0,0.0,0.0
173,172,June,7,fast,fast,0.24150766666666665,7.245229999999999,0.0,0.0,0.0
173,172,June,13,fast,fast,2.0624593363695514,61.873780091086545,0.0,0.0,0.0
173,172,June,14,fast,fast,13.510479270818443,405.3143781245533,0.0,0.0,0.0
173,172,June,15,fast,fast,19.777640102484686,593.3292030745406,0.0,0.0,0.0
173,172,June,16,fast,fast,14.22053794659682,426.6161383979046,0.0,0.0,0.0
173,172,June,17,fast,fast,1.566804512476061,47.00413537428183,0.0,0.0,0.0
173,172,June,18,medium,medium,0.1,3.0,0.0,0.0,0.0
173,172,June,19,fast,medium,5.42951700057924,162.88551001737721,0.0,0.0,0.0
173,172,March,4,fast,fast,5.423969945830507,168.14306832074573,0.0,0.0,0.0
173,172,March,5,fast,fast,2.6211634465690636,81.25606684364098,0.0,0.0,0.0
173,172,March,15,fast,fast,8.317670505710492,257.84778567702523,0.0,0.0,0.0
173,172,March,16,fast,fast,3.2375233111179256,100.36322264465569,0.0,0.0,0.0
173,172,May,4,fast,fast,5.423969945830507,168.14306832074573,0.0,0.0,0.0
173,172,May,5,fast,fast,2.6211634465690636,81.25606684364098,0.0,0.0,0.0
173,172,May,13,fast,fast,2.0624593363695514,63.936239427456094,0.0,0.0,0.0
173,172,May,14,fast,fast,13.510479270818443,418.82485739537174,0.0,0.0,0.0
173,172,May,15,fast,fast,19.777640102484686,613.1068431770252,0.0,0.0,0.0
173,172,May,16,fast,fast,13.644946750763799,422.9933492736778,0.0,0.0,0.0
173,172,May,17,fast,fast,1.566804512476061,48.57093988675789,0.0,0.0,0.0
173,172,November,4,fast,fast,5.423969945830507,162.7190983749152,0.0,0.0,0.0
173,172,November,5,fast,fast,2.6211634465690636,78.63490339707191,0.0,0.0,0.0
173,172,October,4,fast,fast,5.423969945830507,168.14306832074573,0.0,0.0,0.0
173,172,October,5,fast,fast,2.6211634465690636,81.25606684364098,0.0,0.0,0.0
173,172,September,4,fast,fast,5.423969945830507,162.7190983749152,0.0,0.0,0.0
173,172,September,5,fast,fast,2.6211634465690636,78.63490339707191,0.0,0.0,0.0
175,131,June,19,fast,medium,3.6129541864139014,108.38862559241704,0.0,0.0,0.0
175,176,April,19,fast,fast,3.6129541864139014,108.38862559241704,0.0,0.0,0.0
175,176,April,22,fast,fast,5.557354301572618,166.72062904717853,0.0,0.0,0.0
175,176,August,19,fast,fast,3.6129541864139014,112.00157977883094,0.0,0.0,0.0
175,176,August,22,fast,fast,5.557354301572618,172.27798334875115,0.0,0.0,0.0
175,176,December,19,fast,fast,3.6129541864139014,112.00157977883094,0.0,0.0,0.0
175,176,February,19,fast,fast,3.6129541864139014,101.16271721958924,0.0,0.0,0.0
175,176,January,19,fast,fast,3.6129541864139014,112.00157977883094,0.0,0.0,0.0
175,176,July,19,fast,fast,3.6129541864139014,112.00157977883094,0.0,0.0,0.0
175,176,July,22,fast,fast,5.557354301572618,172.27798334875115,0.0,0.0,0.0
175,176,June,22,fast,fast,5.557354301572618,166.72062904717853,0.0,0.0,0.0
175,176,March,19,fast,fast,3.6129541864139014,112.00157977883094,0.0,0.0,0.0
175,176,March,22,fast,fast,5.070517309182044,157.18603658464338,0.0,0.0,0.0
175,176,May,19,fast,fast,7.183442318862305,222.68671188473144,0.0,0.0,0.0
175,176,May,20,fast,fast,1.2210809535062808,37.853509558694704,0.0,0.0,0.0
175,176,May,21,fast,fast,0.7191426677409076,22.293422699968136,0.0,0.0,0.0
175,176,May,22,fast,fast,5.557354301572618,172.27798334875115,0.0,0.0,0.0
175,176,November,19,fast,fast,3.6129541864139014,108.38862559241704,0.0,0.0,0.0
175,176,October,19,fast,fast,3.6129541864139014,112.00157977883094,0.0,0.0,0.0
175,176,September,19,fast,fast,3.6129541864139014,108.38862559241704,0.0,0.0,0.0
175,176,September,22,fast,fast,5.557354301572618,166.72062904717853,0.0,0.0,0.0
177,156,December,36,fast,fast,0.4350790824351378,13.487451555489272,0.0,0.0,0.0
177,156,February,36,fast,fast,0.4350790824351378,12.182214308183859,0.0,0.0,0.0
177,156,January,36,fast,fast,0.4350790824351378,13.487451555489272,0.0,0.0,0.0
177,156,July,35,fast,fast,1.1104420719657497,34.42370423093824,0.0,0.0,0.0
177,156,March,35,fast,fast,0.1,3.1,0.0,0.0,0.0
177,156,March,36,fast,fast,0.1,3.1,0.0,0.0,0.0
177,156,November,36,fast,fast,0.4350790824351378,13.052372473054135,0.0,0.0,0.0
177,156,October,36,fast,fast,0.4350790824351378,13.487451555489272,0.0,0.0,0.0
177,156,September,36,fast,fast,0.4350790824351378,13.052372473054135,0.0,0.0,0.0
177,176,April,31,fast,fast,3.186325112676826,95.58975338030478,0.0,0.0,0.0
177,176,April,32,fast,fast,9.933185333333334,297.99556,0.0,0.0,0.0
177,176,August,22,fast,fast,0.18789300760942673,5.824683235892229,0.0,0.0,0.0
177,176,August,23,fast,fast,0.9050136673097526,28.05542368660233,0.0,0.0,0.0
177,176,August,31,fast,fast,7.28027,225.68837,0.0,0.0,0.0
177,176,August,32,fast,fast,7.28027,225.68837,0.0,0.0,0.0
177,176,August,35,fast,fast,5.891283976680938,182.6298032771091,0.0,0.0,0.0
177,176,December,35,fast,fast,5.891283976680938,182.6298032771091,0.0,0.0,0.0
177,176,February,35,fast,fast,5.891283976680938,164.95595134706628,0.0,0.0,0.0
177,176,January,35,fast,fast,5.891283976680938,182.6298032771091,0.0,0.0,0.0
177,176,June,32,fast,fast,12.043820333333334,361.31461,0.0,0.0,0.0
177,176,March,31,fast,fast,0.6013737434495301,18.642586046935435,0.0,0.0,0.0
177,176,May,32,fast,fast,12.256209999999998,379.9425099999999,0.0,0.0,0.0
177,176,November,35,fast,fast,5.891283976680938,176.73851930042815,0.0,0.0,0.0
177,176,October,35,fast,fast,5.891283976680938,182.6298032771091,0.0,0.0,0.0
177,176,September,22,fast,fast,0.9107343409427617,27.322030228282852,0.0,0.0,0.0
177,176,September,31,fast,fast,5.169725333333333,155.09176,0.0,0.0,0.0
177,176,September,32,fast,fast,5.169725333333333,155.09176,0.0,0.0,0.0
177,176,September,35,fast,fast,5.891283976680938,176.73851930042815,0.0,0.0,0.0
177,178,April,35,fast,medium,5.891283976680938,176.73851930042815,0.0,0.0,0.0
177,178,April,36,fast,medium,0.4350790824351378,13.052372473054135,0.0,0.0,0.0
177,178,August,36,fast,medium,0.4350790824351378,13.487451555489272,0.0,0.0,0.0
177,178,July,35,fast,medium,4.780841904715189,148.20609904617083,0.0,0.0,0.0
177,178,July,36,fast,medium,0.4350790824351378,13.487451555489272,0.0,0.0,0.0
177,178,June,35,fast,medium,5.891283976680938,176.73851930042815,0.0,0.0,0.0
177,178,June,36,fast,medium,0.4350790824351378,13.052372473054135,0.0,0.0,0.0
177,178,March,35,fast,medium,5.791283976680939,179.5298032771091,0.0,0.0,0.0
177,178,March,36,fast,medium,0.33507908243513784,10.387451555489273,0.0,0.0,0.0
177,178,May,35,fast,medium,5.891283976680938,182.6298032771091,0.0,0.0,0.0
177,178,May,36,fast,medium,0.4350790824351378,13.487451555489272,0.0,0.0,0.0
178,156,September,22,fast,fast,0.4882983620205099,14.648950860615297,0.0,0.0,0.0
178,157,April,22,fast,fast,1.3392509596472486,40.17752878941746,0.0,0.0,0.0
178,157,April,23,fast,fast,9.52043151921491,285.61294557644726,0.0,0.0,0.0
178,157,April,24,fast,fast,8.909847151393592,267.29541454180776,0.0,0.0,0.0
178,157,December,23,fast,fast,2.561789161535181,79.4154640075906,0.0,0.0,0.0
178,157,January,23,fast,fast,2.561789161535181,79.4154640075906,0.0,0.0,0.0
178,157,July,23,fast,fast,2.561789161535181,79.4154640075906,0.0,0.0,0.0
178,157,June,23,fast,fast,5.537092161535185,166.11276484605554,0.0,0.0,0.0
178,157,May,23,fast,fast,2.561789161535181,79.4154640075906,0.0,0.0,0.0
178,157,November,23,fast,fast,2.561789161535181,76.85367484605543,0.0,0.0,0.0
178,157,October,23,fast,fast,2.561789161535181,79.4154640075906,0.0,0.0,0.0
178,200,August,23,medium,medium,2.561789161535181,79.4154640075906,0.0,0.0,0.0
178,200,February,23,medium,medium,2.561789161535181,71.73009652298506,0.0,0.0,0.0
178,200,March,23,medium,medium,2.561789161535181,79.4154640075906,0.0,0.0,0.0
178,200,September,23,medium,medium,2.561789161535181,76.85367484605543,0.0,0.0,0.0
179,157,April,21,fast,fast,9.872252505470456,296.1675751641137,0.0,0.0,0.0
179,157,April,22,fast,fast,19.897196739604535,596.9159021881361,0.0,0.0,0.0
179,157,April,23,fast,fast,6.073076082348976,182.19228247046928,0.0,0.0,0.0
179,157,December,33,fast,fast,2.9344262295081975,90.96721311475412,0.0,0.0,0.0
179,157,February,22,fast,fast,0.4171539961013657,11.68031189083824,0.0,0.0,0.0
179,157,February,33,fast,fast,2.9344262295081975,82.16393442622953,0.0,0.0,0.0
179,157,January,33,fast,fast,2.9344262295081975,90.96721311475412,0.0,0.0,0.0
179,157,June,21,fast,fast,11.403821769400253,342.1146530820076,0.0,0.0,0.0
179,157,June,22,fast,fast,18.189560642729532,545.686819281886,0.0,0.0,0.0
179,157,June,23,fast,fast,7.578808896740309,227.36426690220927,0.0,0.0,0.0
179,157,June,33,fast,fast,21.481833729508196,644.4550118852459,0.0,0.0,0.0
179,157,June,34,fast,fast,4.112981270491803,123.38943811475409,0.0,0.0,0.0
179,157,May,21,fast,fast,11.403821769400253,353.51847485140786,0.0,0.0,0.0
179,157,May,22,fast,fast,17.361962060617493,538.2208238791422,0.0,0.0,0.0
179,157,May,23,fast,fast,7.161871678998372,222.01802204894952,0.0,0.0,0.0
179,157,May,33,fast,fast,10.340604660559478,320.5587444773438,0.0,0.0,0.0
179,157,May,34,fast,fast,4.181228205975675,129.6180743852459,0.0,0.0,0.0
179,157,November,22,fast,fast,0.4171539961013657,12.514619883040972,0.0,0.0,0.0
179,157,November,33,fast,fast,2.9344262295081975,88.03278688524593,0.0,0.0,0.0
179,157,October,22,fast,fast,0.4171539961013657,12.931773879142337,0.0,0.0,0.0
179,157,October,33,fast,fast,2.9344262295081975,90.96721311475412,0.0,0.0,0.0
179,158,April,21,fast,fast,10.041493253103795,301.24479759311384,0.0,0.0,0.0
179,158,April,23,fast,fast,1.5530865643913323,46.59259693173997,0.0,0.0,0.0
179,158,August,21,fast,fast,0.21523540988347278,6.672297706387656,0.0,0.0,0.0
179,158,December,21,fast,fast,2.4900932585742517,77.1928910158018,0.0,0.0,0.0
179,158,December,22,fast,fast,0.4171539961013657,12.931773879142337,0.0,0.0,0.0
179,158,February,21,fast,fast,2.4900932585742517,69.72261124007905,0.0,0.0,0.0
179,158,January,21,fast,fast,2.4900932585742517,77.1928910158018,0.0,0.0,0.0
179,158,January,22,fast,fast,0.4171539961013657,12.931773879142337,0.0,0.0,0.0
179,158,July,21,fast,fast,2.4900932585742517,77.1928910158018,0.0,0.0,0.0
179,158,July,22,fast,fast,0.4171539961013657,12.931773879142337,0.0,0.0,0.0
179,158,June,21,fast,fast,8.390882739174,251.72648217521999,0.0,0.0,0.0
179,158,March,21,fast,fast,2.4900932585742517,77.1928910158018,0.0,0.0,0.0
179,158,May,21,fast,fast,8.031079553690127,248.96346616439394,0.0,0.0,0.0
179,158,November,21,fast,fast,2.4900932585742517,74.70279775722756,0.0,0.0,0.0
179,158,October,21,fast,fast,2.4900932585742517,77.1928910158018,0.0,0.0,0.0
179,158,September,22,fast,fast,0.7692429203028137,23.07728760908441,0.0,0.0,0.0
179,178,April,33,medium,medium,2.9344262295081975,88.03278688524593,0.0,0.0,0.0
179,178,August,33,medium,medium,2.5875684557651972,80.21462212872112,0.0,0.0,0.0
179,178,July,33,medium,medium,2.9344262295081975,90.96721311475412,0.0,0.0,0.0
179,178,March,33,fast,medium,2.9344262295081975,90.96721311475412,0.0,0.0,0.0
179,200,August,21,fast,medium,0.7932662357875557,24.591253309414228,0.0,0.0,0.0
179,200,August,22,medium,medium,0.4171539961013657,12.931773879142337,0.0,0.0,0.0
179,200,March,22,fast,medium,3.780581612903223,117.19802999999992,0.0,0.0,0.0
179,200,September,21,fast,medium,2.4107001110778103,72.32100333233431,0.0,0.0,0.0
179,200,September,22,fast,medium,6.530641333333335,195.91924000000006,0.0,0.0,0.0
179,201,August,21,fast,fast,1.4815916129032232,45.92933999999992,0.0,0.0,0.0
179,201,August,33,fast,fast,0.3468577737430003,10.75259098603301,0.0,0.0,0.0
179,201,September,21,fast,fast,3.177937,95.33811,0.0,0.0,0.0
179,201,September,33,fast,fast,2.934426229508194,88.03278688524583,0.0,0.0,0.0
180,158,April,23,fast,fast,3.503021912154125,105.09065736462375,0.0,0.0,0.0
180,158,August,34,fast,fast,2.6386099379744365,81.79690807720753,0.0,0.0,0.0
180,158,December,33,fast,fast,5.182059905687325,160.64385707630709,0.0,0.0,0.0
180,158,December,34,fast,fast,2.6386099379744365,81.79690807720753,0.0,0.0,0.0
180,158,February,33,fast,fast,5.182059905687325,145.0976773592451,0.0,0.0,0.0
180,158,February,34,fast,fast,2.6386099379744365,73.88107826328422,0.0,0.0,0.0
180,158,January,33,fast,fast,5.182059905687325,160.64385707630709,0.0,0.0,0.0
180,158,January,34,fast,fast,2.6386099379744365,81.79690807720753,0.0,0.0,0.0
180,158,June,23,fast,fast,2.123449328820797,63.703479864623915,0.0,0.0,0.0
180,158,March,33,fast,fast,2.5415668148467674,78.7885712602498,0.0,0.0,0.0
180,158,March,34,fast,fast,2.6386099379744365,81.79690807720753,0.0,0.0,0.0
180,158,November,33,fast,fast,5.182059905687325,155.46179717061975,0.0,0.0,0.0
180,158,November,34,fast,fast,2.6386099379744365,79.1582981392331,0.0,0.0,0.0
180,158,October,33,fast,fast,5.182059905687318,160.64385707630686,0.0,0.0,0.0
180,158,October,34,fast,fast,2.6386099379744437,81.79690807720775,0.0,0.0,0.0
180,158,September,26,fast,fast,2.2082845217938347,66.24853565381504,0.0,0.0,0.0
180,158,September,33,fast,fast,5.182059905687325,155.46179717061975,0.0,0.0,0.0
180,158,September,34,fast,fast,2.6386099379744437,79.15829813923331,0.0,0.0,0.0
180,159,April,31,fast,fast,17.222861666666667,516.68585,0.0,0.0,0.0
180,159,April,33,fast,fast,6.598929939717452,197.96789819152357,0.0,0.0,0.0
180,159,April,34,fast,fast,2.6386099379744365,79.1582981392331,0.0,0.0,0.0
180,159,July,33,fast,fast,5.182059905687325,160.64385707630709,0.0,0.0,0.0
180,159,July,34,fast,fast,2.6386099379744437,81.79690807720775,0.0,0.0,0.0
180,159,June,31,fast,fast,12.802455728528372,384.07367185585116,0.0,0.0,0.0
180,159,June,32,fast,fast,1.9446323814861053,58.33897144458316,0.0,0.0,0.0
180,159,June,33,fast,fast,13.653825833333334,409.614775,0.0,0.0,0.0
180,159,June,34,fast,fast,6.153825833333334,184.61477500000004,0.0,0.0,0.0
180,159,June,35,fast,fast,5.502315833333333,165.069475,0.0,0.0,0.0
180,159,March,33,fast,fast,2.056475,63.750724999999996,0.0,0.0,0.0
180,159,May,33,fast,fast,12.675619758064517,392.94421250000005,0.0,0.0,0.0
180,159,May,34,fast,fast,5.175619758064517,160.44421250000002,0.0,0.0,0.0
180,159,May,35,fast,fast,4.122191532258064,127.7879375,0.0,0.0,0.0
180,201,August,33,fast,fast,5.182059905687325,160.64385707630709,0.0,0.0,0.0
180,201,March,33,fast,fast,0.5840180908405577,18.104560816057287,0.0,0.0,0.0
180,201,May,33,fast,fast,2.134966738694186,66.18396889951977,0.0,0.0,0.0
181,159,April,32,fast,fast,18.937798035180563,568.1339410554169,0.0,0.0,0.0
181,159,August,32,fast,fast,12.685559969993909,393.2523590698112,0.0,0.0,0.0
181,159,February,32,fast,fast,4.94903125,138.572875,0.0,0.0,0.0
181,159,July,32,fast,fast,18.937798035180563,587.0717390905975,0.0,0.0,0.0
181,159,June,32,fast,fast,18.937798035180563,568.1339410554169,0.0,0.0,0.0
181,159,March,32,fast,fast,8.611408870967743,266.95367500000003,0.0,0.0,0.0
181,159,May,32,fast,fast,18.937798035180563,587.0717390905975,0.0,0.0,0.0
181,159,September,32,fast,fast,11.043893031802883,331.31679095408646,0.0,0.0,0.0
181,180,June,16,fast,fast,0.7434495195593591,22.303485586780774,0.0,0.0,0.0
181,180,May,16,fast,fast,5.30399403810442,164.42381518123705,0.0,0.0,0.0
181,202,May,16,fast,fast,4.050935011406679,125.57898535360705,0.0,0.0,0.0
181,203,August,32,fast,medium,6.2522380651866545,193.8193800207863,0.0,0.0,0.0
181,203,December,32,fast,medium,18.937798035180563,587.0717390905975,0.0,0.0,0.0
181,203,February,32,fast,medium,13.988766785180562,391.68546998505576,0.0,0.0,0.0
181,203,January,32,medium,medium,18.937798035180563,587.0717390905975,0.0,0.0,0.0
181,203,March,32,fast,medium,10.32638916421282,320.11806409059744,0.0,0.0,0.0
181,203,November,32,fast,medium,18.937798035180563,568.1339410554169,0.0,0.0,0.0
181,203,October,32,medium,medium,18.937798035180563,587.0717390905975,0.0,0.0,0.0
181,203,September,32,fast,medium,7.8939050033776805,236.8171501013304,0.0,0.0,0.0
182,181,June,15,fast,fast,8.064169028102803,241.9250708430841,0.0,0.0,0.0
182,181,May,15,fast,fast,8.064169028102803,249.9892398711869,0.0,0.0,0.0
184,164,April,32,fast,fast,20.716147057286534,621.484411718596,0.0,0.0,0.0
184,164,April,33,fast,fast,6.215560949178737,186.46682847536212,0.0,0.0,0.0
184,164,April,37,fast,medium,1.8147218452608342,54.44165535782503,0.0,0.0,0.0
184,164,August,32,fast,fast,5.9903967746202404,185.70230001322744,0.0,0.0,0.0
184,164,July,32,fast,fast,9.77009322623314,302.87289001322733,0.0,0.0,0.0
184,164,July,37,fast,fast,1.8147218452608342,56.25637720308586,0.0,0.0,0.0
184,164,June,32,fast,fast,15.337432057286541,460.12296171859623,0.0,0.0,0.0
184,164,June,33,medium,medium,17.387819731763628,521.6345919529089,0.0,0.0,0.0
184,164,June,33,fast,fast,6.380065717415114,191.40197152245344,0.0,0.0,0.0
184,164,June,34,fast,medium,5.095598719788249,152.86796159364746,0.0,0.0,0.0
184,164,June,35,fast,fast,10.60750808480276,318.2252425440828,0.0,0.0,0.0
184,164,June,37,fast,fast,2.086857677434921,62.605730323047624,0.0,0.0,0.0
184,164,March,37,fast,medium,1.8147218452608342,56.25637720308586,0.0,0.0,0.0
184,164,May,32,fast,fast,14.796180971265038,458.6816101092162,0.0,0.0,0.0
184,164,May,33,fast,fast,22.14808122273042,686.590517904643,0.0,0.0,0.0
184,164,May,34,fast,medium,0.1,3.1,0.0,0.0,0.0
184,164,May,35,fast,fast,10.607508084802527,328.83275062887833,0.0,0.0,0.0
184,164,May,37,fast,fast,2.086857677434921,64.69258800048254,0.0,0.0,0.0
184,164,November,37,medium,medium,1.8147218452608342,54.44165535782503,0.0,0.0,0.0
184,185,April,37,fast,fast,0.27213583217408654,8.164074965222596,0.0,0.0,0.0
184,185,August,37,fast,fast,0.27213583217408654,8.436210797396683,0.0,0.0,0.0
184,185,December,37,fast,fast,0.27213583217408654,8.436210797396683,0.0,0.0,0.0
184,185,February,37,fast,fast,0.27213583217408654,7.619803300874423,0.0,0.0,0.0
184,185,January,37,fast,fast,0.27213583217408654,8.436210797396683,0.0,0.0,0.0
184,185,July,37,fast,fast,0.27213583217408654,8.436210797396683,0.0,0.0,0.0
184,185,March,37,fast,fast,0.27213583217408654,8.436210797396683,0.0,0.0,0.0
184,185,November,37,fast,fast,0.27213583217408654,8.164074965222596,0.0,0.0,0.0
184,185,October,37,fast,fast,0.27213583217408654,8.436210797396683,0.0,0.0,0.0
184,185,September,37,fast,fast,0.27213583217408654,8.164074965222596,0.0,0.0,0.0
184,205,April,18,fast,medium,0.31352968508437584,9.405890552531275,0.0,0.0,0.0
184,205,August,37,medium,medium,1.8147218452608342,56.25637720308586,0.0,0.0,0.0
184,205,December,37,medium,medium,1.8147218452608342,56.25637720308586,0.0,0.0,0.0
184,205,February,37,medium,medium,1.8147218452608342,50.81221166730336,0.0,0.0,0.0
184,205,January,37,medium,medium,1.8147218452608342,56.25637720308586,0.0,0.0,0.0
184,205,October,37,medium,medium,1.8147218452608342,56.25637720308586,0.0,0.0,0.0
184,205,September,37,medium,medium,1.8147218452608342,54.44165535782503,0.0,0.0,0.0
184,206,June,33,fast,fast,3.9471461593033155,118.41438477909946,0.0,0.0,0.0
184,206,June,34,fast,fast,4.088869756222426,122.66609268667278,0.0,0.0,0.0
185,184,April,3,fast,fast,2.233423490947356,67.00270472842067,0.0,0.0,0.0
185,184,April,17,fast,fast,4.724836354697789,141.74509064093368,0.0,0.0,0.0
185,184,April,19,fast,fast,3.0061760103167536,90.18528030950262,0.0,0.0,0.0
185,184,April,20,fast,fast,12.777322605008353,383.3196781502506,0.0,0.0,0.0
185,184,April,30,fast,fast,3.1026256692655565,93.0787700779667,0.0,0.0,0.0
185,184,August,3,fast,fast,2.233423490947356,69.23612821936803,0.0,0.0,0.0
185,184,December,3,fast,fast,2.233423490947356,69.23612821936803,0.0,0.0,0.0
185,184,February,3,fast,fast,2.233423490947356,62.53585774652596,0.0,0.0,0.0
185,184,February,17,medium,medium,5.641746830888264,157.9689112648714,0.0,0.0,0.0
185,184,January,3,fast,fast,2.233423490947356,69.23612821936803,0.0,0.0,0.0
185,184,July,3,fast,fast,2.233423490947356,69.23612821936803,0.0,0.0,0.0
185,184,July,20,fast,fast,2.4999291891273288,77.49780486294719,0.0,0.0,0.0
185,184,June,3,fast,fast,2.233423490947356,67.00270472842067,0.0,0.0,0.0
185,184,June,17,fast,fast,12.807159793501853,384.2147938050556,0.0,0.0,0.0
185,184,June,19,fast,fast,19.42128066514901,582.6384199544702,0.0,0.0,0.0
185,184,June,20,medium,medium,14.09873266666667,422.9619800000001,0.0,0.0,0.0
185,184,June,20,fast,fast,12.777322605008349,383.31967815025047,0.0,0.0,0.0
185,184,June,29,fast,fast,13.850930213766361,415.52790641299083,0.0,0.0,0.0
185,184,June,30,fast,fast,3.1026256692655565,93.0787700779667,0.0,0.0,0.0
185,184,March,3,fast,fast,2.233423490947356,69.23612821936803,0.0,0.0,0.0
185,184,March,17,medium,medium,10.97369710738596,340.1846103289647,0.0,0.0,0.0
185,184,May,3,fast,fast,2.233423490947356,69.23612821936803,0.0,0.0,0.0
185,184,May,17,medium,medium,25.823822349631932,800.53849283859,0.0,0.0,0.0
185,184,May,18,fast,fast,19.702544450095242,610.7788779529525,0.0,0.0,0.0
185,184,May,19,medium,medium,24.35629483870968,755.0451400000001,0.0,0.0,0.0
185,184,May,19,fast,fast,5.322547998482339,164.9989879529525,0.0,0.0,0.0
185,184,May,20,medium,medium,12.133617443718032,376.142140755259,0.0,0.0,0.0
185,184,May,20,fast,fast,25.0,775.0,0.0,0.0,0.0
185,184,November,3,fast,fast,2.233423490947356,67.00270472842067,0.0,0.0,0.0
185,184,October,3,fast,fast,2.233423490947356,69.23612821936803,0.0,0.0,0.0
185,184,September,3,fast,fast,2.233423490947356,67.00270472842067,0.0,0.0,0.0
185,184,September,17,medium,medium,10.73735968803112,322.1207906409336,0.0,0.0,0.0
185,184,September,20,fast,fast,2.4999291891273288,74.99787567381986,0.0,0.0,0.0
185,206,April,3,fast,fast,0.6887062172854606,20.661186518563817,0.0,0.0,0.0
185,206,April,17,medium,medium,14.410219388080876,432.3065816424263,0.0,0.0,0.0
185,206,August,3,fast,fast,0.6887062172854606,21.349892735849277,0.0,0.0,0.0
185,206,August,17,medium,medium,19.13505574277866,593.1867280261386,0.0,0.0,0.0
185,206,December,3,medium,medium,0.688706217285457,21.349892735849167,0.0,0.0,0.0
185,206,December,17,fast,fast,19.13505574277866,593.1867280261386,0.0,0.0,0.0
185,206,February,3,fast,fast,0.6887062172854606,19.283774083992895,0.0,0.0,0.0
185,206,February,17,medium,medium,13.493308911890397,377.8126495329311,0.0,0.0,0.0
185,206,January,3,fast,fast,0.6887062172854606,21.349892735849277,0.0,0.0,0.0
185,206,January,17,medium,medium,19.13505574277866,593.1867280261386,0.0,0.0,0.0
185,206,July,3,fast,fast,0.688706217285457,21.349892735849167,0.0,0.0,0.0
185,206,July,17,fast,medium,19.13505574277866,593.1867280261386,0.0,0.0,0.0
185,206,June,3,fast,fast,0.6887062172854606,20.661186518563817,0.0,0.0,0.0
185,206,June,17,medium,medium,6.327895949276808,189.83687847830424,0.0,0.0,0.0
185,206,June,30,fast,fast,21.682155907971428,650.4646772391428,0.0,0.0,0.0
185,206,June,32,fast,fast,18.31927846566171,549.5783539698514,0.0,0.0,0.0
185,206,June,33,fast,fast,0.3895639393876644,11.686918181629933,0.0,0.0,0.0
185,206,June,35,fast,fast,7.841457144814926,235.2437143444478,0.0,0.0,0.0
185,206,March,3,fast,fast,0.688706217285457,21.349892735849167,0.0,0.0,0.0
185,206,March,17,medium,medium,8.161358635392702,253.00211769717376,0.0,0.0,0.0
185,206,May,3,fast,fast,0.6887062172854606,21.349892735849277,0.0,0.0,0.0
185,206,May,35,fast,fast,4.830860413632129,149.756672822596,0.0,0.0,0.0
185,206,November,3,medium,medium,0.688706217285457,20.66118651856371,0.0,0.0,0.0
185,206,November,17,medium,medium,19.13505574277866,574.0516722833598,0.0,0.0,0.0
185,206,October,3,fast,fast,0.6887062172854606,21.349892735849277,0.0,0.0,0.0
185,206,October,17,medium,medium,19.13505574277866,593.1867280261386,0.0,0.0,0.0
185,206,September,3,fast,fast,0.6887062172854606,20.661186518563817,0.0,0.0,0.0
185,206,September,17,fast,fast,8.397696054747541,251.93088164242624,0.0,0.0,0.0
186,166,April,15,fast,fast,3.2323318681372415,96.96995604411724,0.0,0.0,0.0
186,166,April,17,fast,fast,4.023732498275734,120.71197494827203,0.0,0.0,0.0
186,166,April,18,fast,fast,5.389649054392475,161.68947163177424,0.0,0.0,0.0
186,166,April,19,fast,fast,11.730932490319724,351.9279747095917,0.0,0.0,0.0
186,166,August,17,fast,fast,5.6160802201859745,174.0984868257652,0.0,0.0,0.0
186,166,August,19,fast,fast,1.777475379945308,55.10173677830455,0.0,0.0,0.0
186,166,December,17,fast,fast,14.107937946411987,437.3460763387716,0.0,0.0,0.0
186,166,February,17,fast,fast,7.483803722490123,209.54650422972344,0.0,0.0,0.0
186,166,January,17,fast,fast,14.704260865347266,455.83208682576526,0.0,0.0,0.0
186,166,July,17,fast,fast,6.001268407049155,186.0393206185238,0.0,0.0,0.0
186,166,July,19,fast,fast,5.009279573493696,155.28766677830458,0.0,0.0,0.0
186,166,June,15,fast,fast,10.078514706776815,302.35544120330445,0.0,0.0,0.0
186,166,June,16,fast,fast,8.826280030026432,264.78840090079296,0.0,0.0,0.0
186,166,June,17,fast,fast,10.867102416377088,326.01307249131264,0.0,0.0,0.0
186,166,June,18,fast,fast,5.389649054392475,161.68947163177424,0.0,0.0,0.0
186,166,June,19,fast,fast,11.498233823653052,344.9470147095916,0.0,0.0,0.0
186,166,June,28,fast,fast,4.444555001421932,133.33665004265796,0.0,0.0,0.0
186,166,June,31,fast,fast,2.867380212394405,86.02140637183214,0.0,0.0,0.0
186,166,June,32,fast,fast,2.3140269999999994,69.42080999999999,0.0,0.0,0.0
186,166,June,33,fast,fast,1.752675918855308,52.580277565659244,0.0,0.0,0.0
186,166,March,17,medium,medium,3.3817159065745734,104.83319310381178,0.0,0.0,0.0
186,166,March,17,fast,fast,3.0221991523210825,93.68817372195356,0.0,0.0,0.0
186,166,March,19,fast,fast,0.5244876380098251,16.25911677830458,0.0,0.0,0.0
186,166,May,15,fast,fast,6.782117747889359,210.24565018457014,0.0,0.0,0.0
186,166,May,16,fast,medium,4.7011760567730025,145.7364577599631,0.0,0.0,0.0
186,166,May,16,fast,fast,8.826280030026432,273.61468093081936,0.0,0.0,0.0
186,166,May,17,fast,fast,20.0,620.0,0.0,0.0,0.0
186,166,May,18,fast,fast,5.389649054392475,167.07912068616673,0.0,0.0,0.0
186,166,May,19,fast,fast,1.0459078129003672,32.42314219991138,0.0,0.0,0.0
186,166,May,28,fast,fast,9.098939929328623,282.06713780918733,0.0,0.0,0.0
186,166,May,31,fast,fast,12.448859782887315,385.91465326950674,0.0,0.0,0.0
186,166,May,32,fast,fast,2.6634422580645136,82.56670999999992,0.0,0.0,0.0
186,166,May,33,fast,fast,11.664564565059804,361.60150151685394,0.0,0.0,0.0
186,166,November,17,fast,fast,11.115584673932908,333.4675402179872,0.0,0.0,0.0
186,166,October,17,fast,fast,14.704260865347266,455.83208682576526,0.0,0.0,0.0
186,166,September,17,fast,fast,6.451780865347267,193.553425960418,0.0,0.0,0.0
186,166,September,18,fast,fast,5.389649054392475,161.68947163177424,0.0,0.0,0.0
186,187,April,17,medium,medium,10.680528367071526,320.41585101214577,0.0,0.0,0.0
186,187,August,17,fast,medium,9.088180645161291,281.7336,0.0,0.0,0.0
186,187,December,17,medium,medium,0.5963229189352811,18.486010486993713,0.0,0.0,0.0
186,187,February,17,medium,medium,7.220457142857143,202.1728,0.0,0.0,0.0
186,187,July,17,medium,medium,8.702992458298112,269.79276620724147,0.0,0.0,0.0
186,187,June,17,medium,medium,11.580533700404859,347.41601101214576,0.0,0.0,0.0
186,187,June,18,medium,medium,4.967541637886747,149.02624913660242,0.0,0.0,0.0
186,187,March,17,medium,medium,8.300345806451613,257.31072,0.0,0.0,0.0
186,187,May,16,fast,medium,2.3427480480032568,72.62518948810096,0.0,0.0,0.0
186,187,May,17,fast,medium,9.50545897691314,294.66922828430734,0.0,0.0,0.0
186,187,November,17,medium,medium,3.588676191414356,107.66028574243067,0.0,0.0,0.0
186,187,September,17,medium,medium,8.25248,247.5744,0.0,0.0,0.0
186,207,April,25,fast,medium,6.071893957605859,182.15681872817578,0.0,0.0,0.0
186,207,April,26,fast,medium,12.586759622425625,377.6027886727687,0.0,0.0,0.0
186,207,April,27,medium,medium,19.514074895761702,585.422246872851,0.0,0.0,0.0
186,207,April,28,fast,medium,20.42524183333333,612.757255,0.0,0.0,0.0
186,207,April,31,medium,medium,11.695524666666667,350.86574,0.0,0.0,0.0
186,207,April,32,fast,medium,9.739937274116524,292.1981182234957,0.0,0.0,0.0
186,207,April,37,medium,medium,2.3585044526979955,70.75513358093987,0.0,0.0,0.0
186,207,August,27,fast,medium,1.7079159582222587,52.94539470489002,0.0,0.0,0.0
186,207,December,27,fast,medium,1.7079159582222587,52.94539470489002,0.0,0.0,0.0
186,207,February,27,medium,medium,1.7079159582222587,47.821646830223244,0.0,0.0,0.0
186,207,January,27,medium,medium,1.7079159582222587,52.94539470489002,0.0,0.0,0.0
186,207,July,27,medium,medium,1.7079159582222587,52.94539470489002,0.0,0.0,0.0
186,207,July,37,medium,medium,3.135499797177422,97.20049371250009,0.0,0.0,0.0
186,207,July,39,medium,medium,0.12086209677419356,3.7467250000000005,0.0,0.0,0.0
186,207,June,25,medium,medium,5.897262624272521,176.91787872817565,0.0,0.0,0.0
186,207,June,26,medium,medium,12.665940289092298,379.9782086727689,0.0,0.0,0.0
186,207,June,27,medium,medium,25.25678013364321,757.7034040092964,0.0,0.0,0.0
186,207,June,28,medium,medium,20.98836383333333,629.6509149999999,0.0,0.0,0.0
186,207,June,30,medium,medium,0.15219083333333217,4.565724999999965,0.0,0.0,0.0
186,207,June,31,medium,medium,14.180627166666667,425.418815,0.0,0.0,0.0
186,207,June,32,medium,medium,12.225039774116524,366.75119322349576,0.0,0.0,0.0
186,207,June,34,fast,medium,7.9105356053931875,237.3160681617956,0.0,0.0,0.0
186,207,June,35,medium,medium,3.7364563333333334,112.09369,0.0,0.0,0.0
186,207,June,36,medium,medium,3.7364563333333334,112.09369,0.0,0.0,0.0
186,207,June,37,medium,medium,1.0283875,30.851625,0.0,0.0,0.0
186,207,June,39,fast,medium,0.24624116666666668,7.387235,0.0,0.0,0.0
186,207,March,27,fast,medium,1.7079159582222587,52.94539470489002,0.0,0.0,0.0
186,207,May,27,medium,medium,1.7079159582222587,52.94539470489002,0.0,0.0,0.0
186,207,May,34,fast,medium,0.9214446253794764,28.564783386763768,0.0,0.0,0.0
186,207,May,35,medium,medium,2.79925564516129,86.77692499999999,0.0,0.0,0.0
186,207,May,36,medium,medium,4.064483646653835,125.9989930462689,0.0,0.0,0.0
186,207,May,37,medium,medium,4.927167455831423,152.74219113077413,0.0,0.0,0.0
186,207,May,39,fast,medium,0.35009214176205283,10.852856394623638,0.0,0.0,0.0
186,207,November,27,medium,medium,1.7079159582222587,51.23747874666776,0.0,0.0,0.0
186,207,October,27,medium,medium,1.7079159582222587,52.94539470489002,0.0,0.0,0.0
186,207,September,27,medium,medium,1.7079159582222587,51.23747874666776,0.0,0.0,0.0
187,166,April,30,fast,fast,2.2584772421202928,67.75431726360878,0.0,0.0,0.0
187,166,April,31,fast,fast,2.2584772421202928,67.75431726360878,0.0,0.0,0.0
187,166,August,30,fast,fast,2.2584772421202928,70.01279450572908,0.0,0.0,0.0
187,166,August,31,fast,fast,2.2584772421202928,70.01279450572908,0.0,0.0,0.0
187,166,December,30,fast,fast,2.2584772421202928,70.01279450572908,0.0,0.0,0.0
187,166,December,31,fast,fast,2.2584772421202928,70.01279450572908,0.0,0.0,0.0
187,166,February,30,fast,fast,2.2584772421202928,63.2373627793682,0.0,0.0,0.0
187,166,February,31,fast,fast,2.2584772421202928,63.2373627793682,0.0,0.0,0.0
187,166,January,30,fast,fast,2.2584772421202928,70.01279450572908,0.0,0.0,0.0
187,166,January,31,fast,fast,2.2584772421202928,70.01279450572908,0.0,0.0,0.0
187,166,July,30,fast,fast,2.2584772421202928,70.01279450572908,0.0,0.0,0.0
187,166,July,31,fast,fast,2.2584772421202928,70.01279450572908,0.0,0.0,0.0
187,166,June,30,fast,fast,2.2584772421202928,67.75431726360878,0.0,0.0,0.0
187,166,June,31,fast,fast,2.2584772421202928,67.75431726360878,0.0,0.0,0.0
187,166,March,21,fast,fast,1.6168553153284844,50.122514775183014,0.0,0.0,0.0
187,166,March,30,fast,fast,2.2584772421202928,70.01279450572908,0.0,0.0,0.0
187,166,March,31,fast,fast,2.2584772421202928,70.01279450572908,0.0,0.0,0.0
187,166,May,30,fast,fast,2.2584772421202928,70.01279450572908,0.0,0.0,0.0
187,166,May,31,fast,fast,2.2584772421202928,70.01279450572908,0.0,0.0,0.0
187,166,November,30,fast,fast,2.2584772421202928,67.75431726360878,0.0,0.0,0.0
187,166,November,31,fast,fast,2.2584772421202928,67.75431726360878,0.0,0.0,0.0
187,166,October,30,fast,fast,2.2584772421202928,70.01279450572908,0.0,0.0,0.0
187,166,October,31,fast,fast,2.2584772421202928,70.01279450572908,0.0,0.0,0.0
187,166,September,21,fast,fast,1.5900201636445175,47.700604909335524,0.0,0.0,0.0
187,166,September,22,fast,fast,3.791043700071068,113.73131100213203,0.0,0.0,0.0
187,166,September,30,fast,fast,2.2584772421202928,67.75431726360878,0.0,0.0,0.0
187,166,September,31,fast,fast,2.2584772421202928,67.75431726360878,0.0,0.0,0.0
187,186,April,21,fast,fast,1.492729700071072,44.781891002132156,0.0,0.0,0.0
187,186,April,22,fast,fast,1.492729700071072,44.781891002132156,0.0,0.0,0.0
187,186,June,21,fast,fast,0.984820366737738,29.54461100213214,0.0,0.0,0.0
187,186,June,22,fast,fast,0.984820366737738,29.54461100213214,0.0,0.0,0.0
187,186,September,21,fast,fast,0.9133873333333362,27.401620000000086,0.0,0.0,0.0
187,186,September,22,fast,fast,0.9133873333333362,27.401620000000086,0.0,0.0,0.0
188,189,April,37,fast,medium,3.9235588972431117,117.70676691729335,0.0,0.0,0.0
188,189,August,37,medium,medium,3.9235588972431117,121.63032581453646,0.0,0.0,0.0
188,189,December,37,fast,medium,3.9235588972431117,121.63032581453646,0.0,0.0,0.0
188,189,February,37,fast,medium,3.9235588972431117,109.85964912280713,0.0,0.0,0.0
188,189,January,37,fast,medium,3.9235588972431117,121.63032581453646,0.0,0.0,0.0
188,189,July,37,fast,medium,3.9235588972431117,121.63032581453646,0.0,0.0,0.0
188,189,June,37,medium,medium,3.9235588972431117,117.70676691729335,0.0,0.0,0.0
188,189,March,37,medium,medium,3.9235588972431117,121.63032581453646,0.0,0.0,0.0
188,189,May,37,medium,medium,3.9235588972431117,121.63032581453646,0.0,0.0,0.0
188,189,November,37,medium,medium,3.9235588972431117,117.70676691729335,0.0,0.0,0.0
188,189,October,37,medium,medium,3.9235588972431117,121.63032581453646,0.0,0.0,0.0
188,189,September,22,fast,medium,0.43707392822668645,13.112217846800593,0.0,0.0,0.0
188,189,September,37,medium,medium,3.9235588972431117,117.70676691729335,0.0,0.0,0.0
189,188,June,16,medium,medium,3.1084101219110387,93.25230365733117,0.0,0.0,0.0
189,188,June,17,fast,medium,1.1056533719110373,33.169601157331115,0.0,0.0,0.0
189,188,June,18,fast,medium,0.5208098793245455,15.624296379736364,0.0,0.0,0.0
189,188,March,26,fast,medium,0.7276819204801199,22.55813953488372,0.0,0.0,0.0
189,188,May,16,fast,medium,2.5153907025562,77.9771117792422,0.0,0.0,0.0
189,188,May,17,fast,medium,0.22366433158845744,6.933594279242181,0.0,0.0,0.0
190,191,March,21,medium,medium,2.152682714598928,66.73316415256677,0.0,0.0,0.0
190,191,September,21,fast,medium,1.3975433651365634,41.9263009540969,0.0,0.0,0.0
190,210,April,26,fast,fast,0.9823276549409865,29.469829648229595,0.0,0.0,0.0
190,210,April,29,fast,fast,12.489528917536024,374.6858675260807,0.0,0.0,0.0
190,210,April,30,fast,fast,16.132738333333332,483.98215,0.0,0.0,0.0
190,210,April,31,fast,fast,11.375099333333333,341.25298,0.0,0.0,0.0
190,210,April,32,fast,fast,11.375099333333333,341.25298,0.0,0.0,0.0
190,210,April,33,fast,fast,5.589498666666667,167.68496,0.0,0.0,0.0
190,210,August,25,fast,fast,6.2215847027008575,192.8691257837266,0.0,0.0,0.0
190,210,August,26,fast,fast,6.456915221875731,200.16437187814765,0.0,0.0,0.0
190,210,August,30,fast,fast,8.515879672679294,263.9922698530581,0.0,0.0,0.0
190,210,August,31,fast,fast,8.337083387096774,258.449585,0.0,0.0,0.0
190,210,August,32,fast,fast,8.337083387096774,258.449585,0.0,0.0,0.0
190,210,August,33,fast,fast,4.124850606601211,127.87036880463755,0.0,0.0,0.0
190,210,December,30,fast,fast,8.515879672679294,263.9922698530581,0.0,0.0,0.0
190,210,February,30,fast,fast,8.515879672679294,238.44463083502023,0.0,0.0,0.0
190,210,January,30,fast,fast,8.515879672679294,263.9922698530581,0.0,0.0,0.0
190,210,July,30,fast,fast,8.515879672679294,263.9922698530581,0.0,0.0,0.0
190,210,June,26,fast,fast,0.9459913216076519,28.379739648229556,0.0,0.0,0.0
190,210,June,29,fast,fast,9.329217950705987,279.8765385211796,0.0,0.0,0.0
190,210,June,30,fast,fast,17.415216756012626,522.4565026803788,0.0,0.0,0.0
190,210,June,31,fast,fast,14.342819864336334,430.28459593009006,0.0,0.0,0.0
190,210,June,32,fast,fast,14.342819864336334,430.28459593009006,0.0,0.0,0.0
190,210,June,33,fast,fast,5.927016514445352,177.81049543336056,0.0,0.0,0.0
190,210,March,29,fast,fast,1.2663082683732165,39.25555631956971,0.0,0.0,0.0
190,210,March,30,fast,fast,8.515879672679294,263.9922698530581,0.0,0.0,0.0
190,210,March,31,fast,fast,5.687535161290323,176.31359,0.0,0.0,0.0
190,210,March,32,fast,fast,4.777177021604567,148.0924876697416,0.0,0.0,0.0
190,210,March,33,fast,fast,1.3582300000000016,42.10513000000005,0.0,0.0,0.0
190,210,May,30,fast,fast,8.515879672679294,263.9922698530581,0.0,0.0,0.0
190,210,May,33,fast,fast,1.2318528262733093,38.187437614472586,0.0,0.0,0.0
190,210,November,30,fast,fast,8.515879672679294,255.47639018037881,0.0,0.0,0.0
190,210,October,30,fast,fast,8.515879672679294,263.9922698530581,0.0,0.0,0.0
190,210,September,25,fast,fast,5.832864699950619,174.98594099851857,0.0,0.0,0.0
190,210,September,26,fast,fast,7.235796575859846,217.07389727579536,0.0,0.0,0.0
190,210,September,29,fast,fast,9.174753414507771,275.24260243523315,0.0,0.0,0.0
190,210,September,30,fast,fast,14.995040790995697,449.8512237298709,0.0,0.0,0.0
190,210,September,33,fast,fast,2.5160861666666663,75.48258499999999,0.0,0.0,0.0
191,171,April,26,fast,fast,19.088269454123115,572.6480836236934,0.0,0.0,0.0
191,171,April,27,fast,fast,8.235070657954719,247.05211973864155,0.0,0.0,0.0
191,171,April,28,fast,fast,8.58912019449932,257.6736058349796,0.0,0.0,0.0
191,171,April,29,fast,fast,7.400241556572624,222.00724669717872,0.0,0.0,0.0
191,171,April,35,fast,fast,5.797935667329519,173.93807001988557,0.0,0.0,0.0
191,171,August,24,fast,fast,4.853878468226132,150.47023251501008,0.0,0.0,0.0
191,171,August,25,fast,fast,3.1527435623567435,97.73505043305904,0.0,0.0,0.0
191,171,August,26,fast,fast,19.088269454123115,591.7363530778166,0.0,0.0,0.0
191,171,August,27,fast,fast,2.708031669105143,83.94898174225943,0.0,0.0,0.0
191,171,August,29,fast,fast,7.400241556572624,229.40748825375135,0.0,0.0,0.0
191,171,August,35,fast,fast,5.797935667329519,179.73600568721508,0.0,0.0,0.0
191,171,December,35,fast,fast,5.797935667329519,179.73600568721508,0.0,0.0,0.0
191,171,February,35,fast,fast,5.797935667329519,162.34219868522652,0.0,0.0,0.0
191,171,January,35,fast,fast,5.797935667329519,179.73600568721508,0.0,0.0,0.0
191,171,July,26,fast,fast,19.088269454123115,591.7363530778166,0.0,0.0,0.0
191,171,July,27,fast,fast,8.235070657954719,255.2871903965963,0.0,0.0,0.0
191,171,July,28,fast,fast,8.58912019449932,266.26272602947887,0.0,0.0,0.0
191,171,July,29,fast,fast,7.400241556572624,229.40748825375135,0.0,0.0,0.0
191,171,July,35,fast,fast,5.797935667329519,179.73600568721508,0.0,0.0,0.0
191,171,June,26,fast,fast,19.088269454123115,572.6480836236934,0.0,0.0,0.0
191,171,June,27,fast,fast,8.235070657954719,247.05211973864155,0.0,0.0,0.0
191,171,June,28,fast,fast,8.58912019449932,257.6736058349796,0.0,0.0,0.0
191,171,June,29,fast,fast,7.400241556572624,222.00724669717872,0.0,0.0,0.0
191,171,March,24,fast,fast,0.28013777489991654,8.684271021897413,0.0,0.0,0.0
191,171,March,35,fast,fast,5.797935667329519,179.73600568721508,0.0,0.0,0.0
191,171,May,26,fast,fast,11.327267136585512,351.14528123415084,0.0,0.0,0.0
191,171,May,27,fast,fast,8.235070657954719,255.2871903965963,0.0,0.0,0.0
191,171,May,28,fast,fast,8.58912019449932,266.26272602947887,0.0,0.0,0.0
191,171,May,29,fast,fast,7.400241556572624,229.40748825375135,0.0,0.0,0.0
191,171,November,35,fast,fast,5.797935667329519,173.93807001988557,0.0,0.0,0.0
191,171,October,35,fast,fast,5.797935667329519,179.73600568721508,0.0,0.0,0.0
191,171,September,24,fast,fast,0.7203860228229786,21.611580684689358,0.0,0.0,0.0
191,171,September,26,fast,fast,19.088269454123115,572.6480836236934,0.0,0.0,0.0
191,171,September,27,fast,fast,8.235070657954719,247.05211973864155,0.0,0.0,0.0
191,171,September,28,fast,fast,8.58912019449932,257.6736058349796,0.0,0.0,0.0
191,171,September,29,fast,fast,7.400241556572624,222.00724669717872,0.0,0.0,0.0
191,171,September,35,fast,fast,5.797935667329519,173.93807001988557,0.0,0.0,0.0
191,172,April,26,fast,fast,0.21540219859143406,6.462065957743022,0.0,0.0,0.0
191,172,April,27,fast,fast,15.507239474185559,465.21718422556677,0.0,0.0,0.0
191,172,April,28,fast,fast,17.691698288222362,530.7509486466708,0.0,0.0,0.0
191,172,April,29,fast,fast,18.820937759267927,564.6281327780379,0.0,0.0,0.0
191,172,August,26,fast,fast,3.3957163817159817,105.26720783319543,0.0,0.0,0.0
191,172,August,28,fast,fast,8.560997419354834,265.3909199999998,0.0,0.0,0.0
191,172,February,28,fast,fast,1.5655507142857132,43.83541999999997,0.0,0.0,0.0
191,172,June,27,fast,fast,12.035125017136895,361.05375051410687,0.0,0.0,0.0
191,172,June,28,fast,fast,4.861034752198311,145.83104256594933,0.0,0.0,0.0
191,172,June,29,fast,fast,16.299992555090675,488.99977665272024,0.0,0.0,0.0
191,172,June,33,fast,fast,1.6267301925899176,48.80190577769753,0.0,0.0,0.0
191,172,June,34,fast,fast,0.11500424223184691,3.4501272669554073,0.0,0.0,0.0
191,172,March,28,fast,fast,0.38132096774193514,11.82094999999999,0.0,0.0,0.0
191,172,September,26,fast,fast,6.1528387407922125,184.58516222376636,0.0,0.0,0.0
191,172,September,27,fast,fast,0.1,3.0,0.0,0.0,0.0
191,172,September,28,fast,fast,11.282035619418387,338.4610685825516,0.0,0.0,0.0
191,190,June,35,medium,medium,5.797935667329519,173.93807001988557,0.0,0.0,0.0
191,190,May,35,medium,medium,5.797935667329519,179.73600568721508,0.0,0.0,0.0
196,197,April,25,medium,medium,1.370429252782194,41.11287758346582,0.0,0.0,0.0
196,197,April,26,medium,medium,5.723370429252782,171.70111287758345,0.0,0.0,0.0
196,197,April,27,medium,medium,2.9062003179650238,87.18600953895071,0.0,0.0,0.0
196,197,April,40,fast,medium,9.82021380225974,294.60641406779223,0.0,0.0,0.0
196,197,April,41,fast,medium,0.5830380868024783,17.491142604074348,0.0,0.0,0.0
196,197,August,25,fast,medium,1.370429252782194,42.48330683624801,0.0,0.0,0.0
196,197,August,26,medium,medium,3.5936769466064233,111.40398534479912,0.0,0.0,0.0
196,197,August,27,fast,medium,2.9062003179650238,90.09220985691573,0.0,0.0,0.0
196,197,August,40,medium,medium,9.82021380225974,304.42662787005196,0.0,0.0,0.0
196,197,August,41,medium,medium,0.5830380868024783,18.074180690876826,0.0,0.0,0.0
196,197,December,40,medium,medium,9.82021380225974,304.42662787005196,0.0,0.0,0.0
196,197,December,41,medium,medium,0.5830380868024783,18.074180690876826,0.0,0.0,0.0
196,197,February,40,medium,medium,9.82021380225974,274.9659864632727,0.0,0.0,0.0
196,197,February,41,fast,medium,0.5830380868024783,16.32506643046939,0.0,0.0,0.0
196,197,January,40,medium,medium,9.82021380225974,304.42662787005196,0.0,0.0,0.0
196,197,January,41,fast,medium,0.5830380868024783,18.074180690876826,0.0,0.0,0.0
196,197,July,25,medium,medium,1.370429252782194,42.48330683624801,0.0,0.0,0.0
196,197,July,26,medium,medium,5.723370429252782,177.42448330683624,0.0,0.0,0.0
196,197,July,27,medium,medium,2.9062003179650238,90.09220985691573,0.0,0.0,0.0
196,197,July,40,medium,medium,9.82021380225974,304.42662787005196,0.0,0.0,0.0
196,197,July,41,medium,medium,0.5830380868024783,18.074180690876826,0.0,0.0,0.0
196,197,June,25,medium,medium,1.370429252782194,41.11287758346582,0.0,0.0,0.0
196,197,June,26,fast,medium,5.723370429252782,171.70111287758345,0.0,0.0,0.0
196,197,June,27,fast,medium,2.9062003179650238,87.18600953895071,0.0,0.0,0.0
196,197,June,40,medium,medium,9.82021380225974,294.60641406779223,0.0,0.0,0.0
196,197,June,41,fast,medium,0.5830380868024783,17.491142604074348,0.0,0.0,0.0
196,197,March,40,fast,medium,9.82021380225974,304.42662787005196,0.0,0.0,0.0
196,197,March,41,medium,medium,0.5830380868024783,18.074180690876826,0.0,0.0,0.0
196,197,May,25,fast,medium,1.370429252782194,42.48330683624801,0.0,0.0,0.0
196,197,May,26,fast,medium,5.723370429252782,177.42448330683624,0.0,0.0,0.0
196,197,May,27,fast,medium,2.9062003179650238,90.09220985691573,0.0,0.0,0.0
196,197,May,40,medium,medium,9.82021380225974,304.42662787005196,0.0,0.0,0.0
196,197,May,41,fast,medium,0.5830380868024783,18.074180690876826,0.0,0.0,0.0
196,197,November,40,fast,medium,9.82021380225974,294.60641406779223,0.0,0.0,0.0
196,197,November,41,medium,medium,0.5830380868024783,17.491142604074348,0.0,0.0,0.0
196,197,October,40,medium,medium,9.82021380225974,304.42662787005196,0.0,0.0,0.0
196,197,October,41,medium,medium,0.5830380868024783,18.074180690876826,0.0,0.0,0.0
196,197,September,25,medium,medium,1.370429252782194,41.11287758346582,0.0,0.0,0.0
196,197,September,26,medium,medium,5.723370429252782,171.70111287758345,0.0,0.0,0.0
196,197,September,27,medium,medium,0.40732271469916626,12.219681440974988,0.0,0.0,0.0
196,197,September,40,medium,medium,9.82021380225974,294.60641406779223,0.0,0.0,0.0
196,197,September,41,fast,medium,0.5830380868024783,17.491142604074348,0.0,0.0,0.0
197,196,April,16,medium,medium,1.1105985249696495,33.317955749089485,0.0,0.0,0.0
197,196,April,35,fast,medium,1.3153984940570802,39.4619548217124,0.0,0.0,0.0
197,196,August,16,fast,medium,1.1105985249696495,34.42855427405914,0.0,0.0,0.0
197,196,August,35,medium,medium,1.8767489356565457,58.17921700535292,0.0,0.0,0.0
197,196,December,16,fast,medium,1.1105985249696495,34.42855427405914,0.0,0.0,0.0
197,196,December,35,fast,medium,1.1856465463420276,36.755042936602855,0.0,0.0,0.0
197,196,February,16,fast,medium,1.1105985249696495,31.096758699150186,0.0,0.0,0.0
197,196,January,16,medium,medium,1.1105985249696495,34.42855427405914,0.0,0.0,0.0
197,196,January,35,medium,medium,2.222488038277511,68.89712918660285,0.0,0.0,0.0
197,196,July,16,medium,medium,1.1105985249696495,34.42855427405914,0.0,0.0,0.0
197,196,July,35,medium,medium,1.4490555826323508,44.92072306160287,0.0,0.0,0.0
197,196,March,16,fast,medium,1.1105985249696495,34.42855427405914,0.0,0.0,0.0
197,196,November,16,fast,medium,1.1105985249696495,33.317955749089485,0.0,0.0,0.0
197,196,November,35,fast,medium,2.222488038277511,66.67464114832534,0.0,0.0,0.0
197,196,October,16,medium,medium,1.1105985249696495,34.42855427405914,0.0,0.0,0.0
197,196,October,35,medium,medium,2.222488038277511,68.89712918660285,0.0,0.0,0.0
197,196,September,16,medium,medium,1.1105985249696495,33.317955749089485,0.0,0.0,0.0
197,196,September,35,fast,medium,2.1224880382775098,63.67464114832529,0.0,0.0,0.0
197,198,June,16,medium,medium,1.1105985249696495,33.317955749089485,0.0,0.0,0.0
197,198,May,16,fast,medium,3.857437234647069,119.58055427405914,0.0,0.0,0.0
197,214,April,34,medium,medium,0.3936266666666666,11.808799999999998,0.0,0.0,0.0
197,214,April,35,medium,medium,0.907089544220431,27.21268632661293,0.0,0.0,0.0
197,214,August,35,fast,medium,0.34573910262096547,10.717912181249929,0.0,0.0,0.0
197,214,December,35,medium,medium,1.0368414919354836,32.14208624999999,0.0,0.0,0.0
197,214,February,35,medium,medium,2.222488038277511,62.22966507177031,0.0,0.0,0.0
197,214,July,35,fast,medium,0.7734324556451602,23.976406124999965,0.0,0.0,0.0
197,214,June,34,fast,medium,0.6350616666666666,19.051849999999998,0.0,0.0,0.0
197,214,June,35,medium,medium,2.222488038277511,66.67464114832534,0.0,0.0,0.0
197,214,March,35,medium,medium,2.222488038277511,68.89712918660285,0.0,0.0,0.0
197,214,May,35,fast,medium,2.222488038277511,68.89712918660285,0.0,0.0,0.0
197,214,September,35,fast,medium,0.1,3.0,0.0,0.0,0.0
198,215,April,21,fast,fast,13.977000583131911,419.31001749395733,0.0,0.0,0.0
198,215,April,33,fast,fast,3.9360112964205003,118.080338892615,0.0,0.0,0.0
198,215,August,21,fast,fast,9.363033249798576,290.25403074375583,0.0,0.0,0.0
198,215,December,21,fast,fast,9.363033249798576,290.25403074375583,0.0,0.0,0.0
198,215,February,21,fast,fast,7.5485,211.358,0.0,0.0,0.0
198,215,January,21,fast,fast,9.363033249798576,290.25403074375583,0.0,0.0,0.0
198,215,July,21,fast,fast,11.2313564856027,348.1720510536837,0.0,0.0,0.0
198,215,June,21,fast,fast,9.363033249798576,280.8909974939573,0.0,0.0,0.0
198,215,June,33,fast,fast,7.874764666666667,236.24294,0.0,0.0,0.0
198,215,June,34,fast,fast,3.2700145780456102,98.1004373413683,0.0,0.0,0.0
198,215,March,21,fast,fast,9.363033249798576,290.25403074375583,0.0,0.0,0.0
198,215,May,21,fast,fast,9.363033249798576,290.25403074375583,0.0,0.0,0.0
198,215,May,33,fast,fast,7.31059,226.62829000000002,0.0,0.0,0.0
198,215,May,34,fast,fast,2.705839911378944,83.88103725274726,0.0,0.0,0.0
198,215,November,21,fast,fast,9.363033249798576,280.8909974939573,0.0,0.0,0.0
198,215,October,21,fast,fast,9.363033249798576,290.25403074375583,0.0,0.0,0.0
198,215,September,21,fast,fast,9.363033249798576,280.8909974939573,0.0,0.0,0.0
198,216,April,14,fast,medium,4.336119,130.08357,0.0,0.0,0.0
198,216,April,15,fast,medium,5.162361010001007,154.8708303000302,0.0,0.0,0.0
198,216,April,16,medium,medium,10.649194951683668,319.47584855051,0.0,0.0,0.0
198,216,April,17,fast,medium,2.3519421230505912,70.55826369151774,0.0,0.0,0.0
198,216,April,20,medium,medium,0.6844263287982741,20.532789863948224,0.0,0.0,0.0
198,216,February,21,fast,medium,1.814533249798579,50.806930994360215,0.0,0.0,0.0
198,216,March,22,fast,medium,0.12301387096774086,3.8134299999999666,0.0,0.0,0.0
200,178,April,37,fast,medium,6.0283379273563185,180.85013782068955,0.0,0.0,0.0
200,178,April,38,fast,medium,10.025091,300.75273,0.0,0.0,0.0
200,178,April,39,fast,medium,9.373551872563382,281.2065561769015,0.0,0.0,0.0
200,178,April,40,fast,medium,0.95016501650165,28.5049504950495,0.0,0.0,0.0
200,178,August,37,fast,medium,0.13593870967741936,4.2141,0.0,0.0,0.0
200,178,August,38,fast,medium,6.267361259677415,194.28819904999986,0.0,0.0,0.0
200,178,February,37,fast,medium,6.0283379273563185,168.79346196597692,0.0,0.0,0.0
200,178,February,38,fast,medium,5.403791700322253,151.30616760902308,0.0,0.0,0.0
200,178,January,38,fast,medium,0.6302934294642875,19.53909631339291,0.0,0.0,0.0
200,178,July,37,fast,medium,4.390120660150215,136.09374046465666,0.0,0.0,0.0
200,178,July,38,fast,medium,7.4371877608175385,230.55282058534368,0.0,0.0,0.0
200,178,June,29,fast,medium,1.0367689855947617,31.10306956784285,0.0,0.0,0.0
200,178,June,31,fast,medium,10.047302929031687,301.41908787095065,0.0,0.0,0.0
200,178,June,32,fast,medium,12.820841,384.62523,0.0,0.0,0.0
200,178,June,33,fast,medium,8.382814,251.48442,0.0,0.0,0.0
200,178,June,34,fast,medium,8.382814,251.48442,0.0,0.0,0.0
200,178,June,36,fast,medium,2.5688291445197953,77.06487433559386,0.0,0.0,0.0
200,178,June,37,fast,medium,6.0283379273563185,180.85013782068955,0.0,0.0,0.0
200,178,June,38,fast,medium,10.159248068393978,304.7774420518193,0.0,0.0,0.0
200,178,June,39,fast,medium,0.222629,6.67887,0.0,0.0,0.0
200,178,June,40,fast,medium,0.222629,6.67887,0.0,0.0,0.0
200,178,March,26,fast,medium,0.27257,8.44967,0.0,0.0,0.0
200,178,March,37,fast,medium,3.6303366661132004,112.54043664950922,0.0,0.0,0.0
200,178,March,38,fast,medium,10.0,310.0,0.0,0.0,0.0
200,178,May,37,fast,medium,6.0283379273563185,186.87847574804587,0.0,0.0,0.0
200,178,May,38,fast,medium,10.159248068393978,314.9366901202133,0.0,0.0,0.0
200,178,May,39,fast,medium,10.005780322580645,310.17919,0.0,0.0,0.0
200,178,May,40,fast,medium,3.9567500145420245,122.65925045080276,0.0,0.0,0.0
200,178,November,37,fast,medium,3.5283379273563185,105.85013782068955,0.0,0.0,0.0
200,178,November,38,fast,medium,9.934595825333668,298.03787476001,0.0,0.0,0.0
200,178,September,37,fast,medium,4.716657164338906,141.49971493016716,0.0,0.0,0.0
200,178,September,38,fast,medium,9.934595825333673,298.0378747600102,0.0,0.0,0.0
200,179,April,29,fast,medium,1.7041624999999998,51.124874999999996,0.0,0.0,0.0
200,179,April,30,fast,medium,1.7041624999999998,51.124874999999996,0.0,0.0,0.0
200,179,April,31,fast,medium,1.201595,36.04785,0.0,0.0,0.0
200,179,April,32,fast,medium,1.201595,36.04785,0.0,0.0,0.0
200,179,April,38,fast,medium,0.13415706839397856,4.024712051819357,0.0,0.0,0.0
200,179,August,37,fast,medium,5.892399217678899,182.66437574804587,0.0,0.0,0.0
200,179,August,38,fast,medium,3.7672345656562527,116.78427153534383,0.0,0.0,0.0
200,179,December,37,fast,medium,6.0283379273563185,186.87847574804587,0.0,0.0,0.0
200,179,December,38,fast,medium,10.034595825333668,311.0724705853437,0.0,0.0,0.0
200,179,February,38,fast,medium,4.630804125011415,129.6625155003196,0.0,0.0,0.0
200,179,January,37,fast,medium,6.0283379273563185,186.87847574804587,0.0,0.0,0.0
200,179,January,38,fast,medium,9.40430239586938,291.5333742719508,0.0,0.0,0.0
200,179,July,37,fast,medium,1.6382172672061035,50.78473528338921,0.0,0.0,0.0
200,179,July,38,fast,medium,2.597408064516129,80.51965,0.0,0.0,0.0
200,179,June,29,fast,medium,3.450338328125,103.51014984375,0.0,0.0,0.0
200,179,June,31,fast,medium,1.45691375,43.707412500000004,0.0,0.0,0.0
200,179,June,32,fast,medium,1.45691375,43.707412500000004,0.0,0.0,0.0
200,179,March,37,fast,medium,2.398001261243118,74.33803909853665,0.0,0.0,0.0
200,179,March,38,fast,medium,0.15924806839397831,4.936690120213328,0.0,0.0,0.0
200,179,November,37,fast,medium,2.5,75.0,0.0,0.0,0.0
200,179,November,38,fast,medium,0.1,3.0,0.0,0.0,0.0
200,179,October,37,fast,medium,6.0283379273563185,186.87847574804587,0.0,0.0,0.0
200,179,October,38,fast,medium,10.034595825333668,311.0724705853437,0.0,0.0,0.0
200,179,September,37,fast,medium,1.3116807630174128,39.35042289052238,0.0,0.0,0.0
200,179,September,38,fast,medium,0.1,3.0,0.0,0.0,0.0
200,201,April,25,fast,fast,6.350620765148747,190.51862295446242,0.0,0.0,0.0
200,201,April,29,fast,fast,5.19685023196006,155.9055069588018,0.0,0.0,0.0
200,201,August,38,fast,fast,0.12465224306031075,3.8642195348696333,0.0,0.0,0.0
200,201,December,38,fast,fast,0.12465224306031075,3.8642195348696333,0.0,0.0,0.0
200,201,February,38,fast,fast,0.12465224306031075,3.490262805688701,0.0,0.0,0.0
200,201,January,38,fast,fast,0.12465224306031075,3.8642195348696333,0.0,0.0,0.0
200,201,July,38,fast,fast,0.12465224306031075,3.8642195348696333,0.0,0.0,0.0
200,201,June,25,fast,fast,6.218291431815416,186.54874295446248,0.0,0.0,0.0
200,201,June,29,fast,fast,1.394695262269575,41.84085786808725,0.0,0.0,0.0
200,201,March,24,fast,fast,2.5566254032258016,79.25538749999984,0.0,0.0,0.0
200,201,November,38,fast,fast,0.12465224306031075,3.7395672918093226,0.0,0.0,0.0
200,201,October,38,fast,fast,0.12465224306031075,3.8642195348696333,0.0,0.0,0.0
200,201,September,38,fast,fast,0.12465224306031075,3.7395672918093226,0.0,0.0,0.0
200,217,June,30,fast,medium,17.255183302687602,517.655499080628,0.0,0.0,0.0
200,217,June,31,fast,medium,13.486091290322584,404.5827387096775,0.0,0.0,0.0
200,217,June,32,fast,medium,28.607382186649925,858.2214655994977,0.0,0.0,0.0
200,217,June,33,fast,medium,7.360991369766333,220.82974109299,0.0,0.0,0.0
201,180,April,13,fast,fast,2.1662293890974382,64.98688167292315,0.0,0.0,0.0
201,180,April,14,fast,fast,1.3981810912519066,41.9454327375572,0.0,0.0,0.0
201,180,April,15,fast,fast,3.295264040234702,98.85792120704107,0.0,0.0,0.0
201,180,April,16,fast,fast,5.431702909165708,162.95108727497123,0.0,0.0,0.0
201,180,April,17,fast,fast,4.044612777903524,121.33838333710571,0.0,0.0,0.0
201,180,April,30,fast,fast,13.34294455574723,400.2883366724169,0.0,0.0,0.0
201,180,June,13,fast,fast,2.1662293890974382,64.98688167292315,0.0,0.0,0.0
201,180,June,14,fast,fast,1.3981810912519066,41.9454327375572,0.0,0.0,0.0
201,180,June,15,fast,fast,3.295264040234695,98.85792120704085,0.0,0.0,0.0
201,180,June,16,fast,fast,4.688253389606341,140.64760168819024,0.0,0.0,0.0
201,180,June,30,fast,fast,1.2172935718970201,36.518807156910604,0.0,0.0,0.0
201,180,May,13,fast,fast,2.1662293890974382,67.15311106202059,0.0,0.0,0.0
201,180,May,14,fast,fast,1.3981810912519066,43.343613828809104,0.0,0.0,0.0
201,180,May,15,fast,fast,3.295264040234695,102.15318524727554,0.0,0.0,0.0
201,180,May,16,fast,fast,0.12770887106128725,3.958975002899905,0.0,0.0,0.0
202,180,September,21,fast,fast,0.8560931776887237,25.682795330661712,0.0,0.0,0.0
202,181,April,19,fast,fast,5.121025291227305,153.63075873681913,0.0,0.0,0.0
202,181,June,18,fast,fast,11.1784513705757,335.353541117271,0.0,0.0,0.0
202,181,June,19,fast,fast,15.73885363517482,472.1656090552446,0.0,0.0,0.0
202,181,March,19,fast,fast,1.8293281499258818,56.70917264770233,0.0,0.0,0.0
202,181,September,19,fast,fast,0.160824214442016,4.82472643326048,0.0,0.0,0.0
202,220,April,3,fast,fast,8.677811364606043,260.3343409381813,0.0,0.0,0.0
202,220,August,3,fast,fast,8.677811364606043,269.01215230278734,0.0,0.0,0.0
202,220,December,3,fast,fast,8.677811364606043,269.01215230278734,0.0,0.0,0.0
202,220,February,3,fast,fast,8.677811364606043,242.9787182089692,0.0,0.0,0.0
202,220,January,3,fast,fast,8.677811364606043,269.01215230278734,0.0,0.0,0.0
202,220,July,3,fast,fast,8.677811364606043,269.01215230278734,0.0,0.0,0.0
202,220,June,3,fast,fast,8.677811364606043,260.3343409381813,0.0,0.0,0.0
202,220,March,3,fast,fast,8.677811364606043,269.01215230278734,0.0,0.0,0.0
202,220,May,3,fast,fast,8.677811364606043,269.01215230278734,0.0,0.0,0.0
202,220,November,3,fast,fast,8.677811364606043,260.3343409381813,0.0,0.0,0.0
202,220,October,3,fast,fast,8.677811364606043,269.01215230278734,0.0,0.0,0.0
202,220,September,3,fast,fast,8.677811364606043,260.3343409381813,0.0,0.0,0.0
203,181,April,24,fast,fast,11.18516917757471,335.5550753272413,0.0,0.0,0.0
203,181,April,25,fast,medium,21.67201778216844,650.1605334650532,0.0,0.0,0.0
203,181,April,26,fast,fast,21.67201778216844,650.1605334650532,0.0,0.0,0.0
203,181,April,27,fast,fast,11.007835780310387,330.2350734093116,0.0,0.0,0.0
203,181,April,28,fast,fast,35.169057622083194,1055.0717286624958,0.0,0.0,0.0
203,181,August,28,fast,fast,2.1690576220831943,67.24078628457903,0.0,0.0,0.0
203,181,December,28,fast,fast,2.1690576220831943,67.24078628457903,0.0,0.0,0.0
203,181,February,28,fast,fast,2.1690576220831943,60.73361341832944,0.0,0.0,0.0
203,181,January,28,fast,fast,2.1690576220831943,67.24078628457903,0.0,0.0,0.0
203,181,July,24,fast,fast,10.705441123729713,331.8686748356211,0.0,0.0,0.0
203,181,July,28,fast,fast,2.1690576220831943,67.24078628457903,0.0,0.0,0.0
203,181,June,24,fast,fast,11.18516917757471,335.5550753272413,0.0,0.0,0.0
203,181,June,25,fast,medium,15.97080746052163,479.1242238156489,0.0,0.0,0.0
203,181,June,26,fast,medium,4.398779438558947,131.9633831567684,0.0,0.0,0.0
203,181,June,26,fast,fast,17.273238343609492,518.1971503082848,0.0,0.0,0.0
203,181,June,27,fast,fast,27.392846469081114,821.7853940724334,0.0,0.0,0.0
203,181,June,28,fast,fast,35.169057622083194,1055.0717286624958,0.0,0.0,0.0
203,181,March,28,fast,fast,2.1690576220831943,67.24078628457903,0.0,0.0,0.0
203,181,May,24,fast,fast,11.18516917757471,346.740244504816,0.0,0.0,0.0
203,181,May,26,fast,fast,17.273238343609485,535.470388651894,0.0,0.0,0.0
203,181,May,27,fast,fast,3.164854919798877,98.1105025137652,0.0,0.0,0.0
203,181,May,28,fast,fast,7.645066492042744,236.99706125332506,0.0,0.0,0.0
203,181,November,28,fast,fast,2.1690576220831943,65.07172866249583,0.0,0.0,0.0
203,181,October,28,fast,fast,2.1690576220831943,67.24078628457903,0.0,0.0,0.0
203,181,September,28,fast,fast,2.1690576220831943,65.07172866249583,0.0,0.0,0.0
204,222,April,30,fast,fast,0.1,3.0,0.0,0.0,0.0
204,222,April,31,fast,fast,11.021131693533155,330.63395080599463,0.0,0.0,0.0
204,222,June,30,fast,fast,0.9508780077030323,28.52634023109097,0.0,0.0,0.0
204,222,June,31,fast,fast,7.5744367710313645,227.23310313094095,0.0,0.0,0.0
204,222,June,34,fast,fast,1.7603011967465871,52.80903590239761,0.0,0.0,0.0
204,222,May,34,fast,fast,0.78209512147777,24.24494876581087,0.0,0.0,0.0
204,223,April,29,fast,fast,5.704771143984214,171.1431343195264,0.0,0.0,0.0
204,223,April,30,fast,fast,20.0,600.0,0.0,0.0,0.0
204,223,August,30,fast,fast,2.633053548387096,81.62465999999998,0.0,0.0,0.0
204,223,July,30,fast,fast,5.7526329032258054,178.33161999999996,0.0,0.0,0.0
204,223,June,29,fast,fast,13.260664397069462,397.81993191208386,0.0,0.0,0.0
204,223,June,30,fast,fast,14.500921666666667,435.02765,0.0,0.0,0.0
204,223,June,31,fast,fast,5.423688051656385,162.71064154969156,0.0,0.0,0.0
204,223,May,29,fast,fast,0.1,3.1,0.0,0.0,0.0
204,223,May,30,fast,fast,17.857771690088363,553.5909223927392,0.0,0.0,0.0
204,223,May,31,fast,fast,12.619591626451193,391.20734041998696,0.0,0.0,0.0
204,223,November,15,fast,fast,0.32374733333333333,9.71242,0.0,0.0,0.0
204,223,November,16,fast,fast,0.32374733333333333,9.71242,0.0,0.0,0.0
204,223,September,30,fast,fast,1.9298993333333314,57.89697999999994,0.0,0.0,0.0
205,206,April,32,fast,fast,1.6904414812422695,50.71324443726808,0.0,0.0,0.0
205,206,April,33,fast,fast,7.4280567268123185,222.84170180436956,0.0,0.0,0.0
205,206,June,32,fast,fast,0.9074639812422696,27.223919437268087,0.0,0.0,0.0
205,206,June,33,fast,fast,5.379021774101058,161.37065322303172,0.0,0.0,0.0
205,206,May,33,fast,fast,6.043689518455897,187.35437507213283,0.0,0.0,0.0
205,206,September,25,fast,fast,0.21023296802777125,6.3069890408331375,0.0,0.0,0.0
205,224,June,14,fast,fast,11.011000474679726,330.3300142403918,0.0,0.0,0.0
205,224,June,15,fast,fast,15.696839502306169,470.90518506918505,0.0,0.0,0.0
205,224,June,16,fast,fast,5.969777561463776,179.09332684391327,0.0,0.0,0.0
205,224,May,15,fast,fast,10.218262427037352,316.7661352381579,0.0,0.0,0.0
205,224,May,16,fast,fast,9.825172792585676,304.5803565701559,0.0,0.0,0.0
205,224,May,17,fast,fast,7.975709405488901,247.24699157015593,0.0,0.0,0.0
206,184,April,21,fast,fast,5.7564751050840215,172.69425315252064,0.0,0.0,0.0
206,184,August,21,fast,fast,4.37947829653524,135.76382719259243,0.0,0.0,0.0
206,184,December,21,fast,fast,5.579720271555125,172.97132841820888,0.0,0.0,0.0
206,184,February,21,fast,fast,5.7564751050840215,161.1813029423526,0.0,0.0,0.0
206,184,January,21,fast,fast,5.579720271555125,172.97132841820888,0.0,0.0,0.0
206,184,July,21,fast,fast,5.756475105084018,178.45072825760457,0.0,0.0,0.0
206,184,June,21,fast,fast,5.756475105084018,172.69425315252053,0.0,0.0,0.0
206,184,March,21,fast,fast,5.756475105084018,178.45072825760457,0.0,0.0,0.0
206,184,May,21,fast,fast,5.756475105084018,178.45072825760457,0.0,0.0,0.0
206,184,November,21,fast,fast,5.579720271555125,167.39160814665377,0.0,0.0,0.0
206,184,October,21,fast,fast,5.579720271555139,172.9713284182093,0.0,0.0,0.0
206,184,September,21,fast,fast,5.7564751050840215,172.69425315252064,0.0,0.0,0.0
206,185,April,22,fast,fast,9.705389843556546,291.1616953066964,0.0,0.0,0.0
206,185,April,28,fast,fast,4.894028702764523,146.82086108293566,0.0,0.0,0.0
206,185,August,21,fast,fast,4.515647564099453,139.98507448708304,0.0,0.0,0.0
206,185,August,23,fast,fast,0.16879256183161218,5.2325694167799774,0.0,0.0,0.0
206,185,December,21,fast,fast,4.515647564099453,139.98507448708304,0.0,0.0,0.0
206,185,February,21,fast,fast,4.515647564099453,126.43813179478468,0.0,0.0,0.0
206,185,January,21,fast,fast,4.515647564099453,139.98507448708304,0.0,0.0,0.0
206,185,June,22,fast,fast,5.9833667602232055,179.50100280669616,0.0,0.0,0.0
206,185,June,28,fast,fast,4.74542965240957,142.3628895722871,0.0,0.0,0.0
206,185,March,21,fast,fast,2.483643306570091,76.99294250367282,0.0,0.0,0.0
206,185,May,21,fast,fast,3.9160249834542924,121.39677448708306,0.0,0.0,0.0
206,185,November,21,fast,fast,4.515647564099453,135.4694269229836,0.0,0.0,0.0
206,185,October,21,fast,fast,4.515647564099453,139.98507448708304,0.0,0.0,0.0
206,185,September,21,fast,fast,3.283835865644761,98.51507596934283,0.0,0.0,0.0
206,185,September,23,fast,fast,1.1473219435520399,34.419658306561196,0.0,0.0,0.0
206,205,April,21,medium,medium,4.338892730570564,130.1667819171169,0.0,0.0,0.0
206,205,August,21,medium,medium,2.833396688478086,87.83529734282067,0.0,0.0,0.0
206,205,February,21,medium,medium,1.4563998799293074,40.77919663802061,0.0,0.0,0.0
206,205,July,21,fast,medium,4.338892730570574,134.5056746476878,0.0,0.0,0.0
206,205,June,19,medium,medium,3.621920043575746,108.65760130727237,0.0,0.0,0.0
206,205,June,20,medium,medium,5.508856742971889,165.26570228915668,0.0,0.0,0.0
206,205,June,21,medium,medium,4.891544438131826,146.74633314395476,0.0,0.0,0.0
206,205,March,21,medium,medium,3.488404137458668,108.1405282612187,0.0,0.0,0.0
206,205,May,21,medium,medium,0.4228677471162854,13.108900160604847,0.0,0.0,0.0
206,205,September,21,medium,medium,2.688211578383996,80.64634735151988,0.0,0.0,0.0
206,224,April,21,fast,fast,1.6331547134582038,48.994641403746115,0.0,0.0,0.0
206,224,December,21,fast,fast,1.6331547134582038,50.62779611720432,0.0,0.0,0.0
206,224,January,21,fast,fast,1.6331547134582038,50.62779611720432,0.0,0.0,0.0
206,224,July,21,fast,fast,1.6331547134581896,50.62779611720388,0.0,0.0,0.0
206,224,June,15,fast,fast,16.23979621094331,487.1938863282993,0.0,0.0,0.0
206,224,June,21,fast,fast,1.6331547134582038,48.994641403746115,0.0,0.0,0.0
206,224,March,23,fast,fast,3.986327315358384,123.57614677610991,0.0,0.0,0.0
206,224,May,15,fast,fast,19.473986640835292,603.6935858658941,0.0,0.0,0.0
206,224,May,16,fast,fast,4.449859425243034,137.94564218253404,0.0,0.0,0.0
206,224,May,21,fast,fast,1.6331547134581896,50.62779611720388,0.0,0.0,0.0
206,224,November,21,fast,fast,1.6331547134582038,48.994641403746115,0.0,0.0,0.0
206,224,October,21,fast,fast,1.6331547134581896,50.62779611720388,0.0,0.0,0.0
207,186,April,20,fast,fast,2.814012852412489,84.42038557237467,0.0,0.0,0.0
207,186,July,20,fast,fast,3.9144343536138564,121.34746496202955,0.0,0.0,0.0
207,186,June,20,fast,fast,2.7085035190791515,81.25510557237455,0.0,0.0,0.0
207,186,May,17,fast,medium,2.4289160147916817,75.29639645854213,0.0,0.0,0.0
207,186,September,20,fast,fast,10.831831019079146,324.9549305723744,0.0,0.0,0.0
207,225,April,17,fast,fast,2.4289160147916817,72.86748044375045,0.0,0.0,0.0
207,225,August,17,fast,fast,2.4289160147916817,75.29639645854213,0.0,0.0,0.0
207,225,August,33,fast,fast,3.045398950675674,94.40736747094589,0.0,0.0,0.0
207,225,December,17,fast,fast,2.4289160147916817,75.29639645854213,0.0,0.0,0.0
207,225,February,17,fast,medium,2.4289160147916817,68.00964841416709,0.0,0.0,0.0
207,225,January,17,fast,medium,2.4289160147916817,75.29639645854213,0.0,0.0,0.0
207,225,July,17,fast,fast,2.4289160147916817,75.29639645854213,0.0,0.0,0.0
207,225,June,17,fast,fast,2.4289160147916817,72.86748044375045,0.0,0.0,0.0
207,225,March,17,fast,fast,2.4289160147916817,75.29639645854213,0.0,0.0,0.0
207,225,November,17,fast,fast,2.4289160147916817,72.86748044375045,0.0,0.0,0.0
207,225,October,17,fast,medium,2.4289160147916817,75.29639645854213,0.0,0.0,0.0
207,225,September,17,fast,medium,2.4289160147916817,72.86748044375045,0.0,0.0,0.0
208,187,April,16,medium,medium,2.0951417004048585,62.85425101214575,0.0,0.0,0.0
208,187,April,17,medium,medium,0.4048582995951417,12.145748987854251,0.0,0.0,0.0
208,187,February,16,fast,medium,0.33861142857142856,9.48112,0.0,0.0,0.0
208,187,July,16,fast,medium,2.0951417004048585,64.94939271255062,0.0,0.0,0.0
208,187,July,17,fast,medium,0.4048582995951417,12.550607287449392,0.0,0.0,0.0
208,187,June,16,medium,medium,2.0951417004048585,62.85425101214575,0.0,0.0,0.0
208,187,June,17,medium,medium,0.4048582995951417,12.145748987854251,0.0,0.0,0.0
208,187,March,16,fast,medium,2.0951417004048585,64.94939271255062,0.0,0.0,0.0
208,187,May,16,fast,medium,2.0951417004048585,64.94939271255062,0.0,0.0,0.0
208,187,May,17,medium,medium,0.4048582995951417,12.550607287449392,0.0,0.0,0.0
208,187,November,16,medium,medium,0.1,3.0,0.0,0.0,0.0
208,226,August,16,fast,fast,2.0951417004048585,64.94939271255062,0.0,0.0,0.0
208,226,August,17,fast,fast,0.4048582995951417,12.550607287449392,0.0,0.0,0.0
208,226,December,16,fast,fast,2.0951417004048585,64.94939271255062,0.0,0.0,0.0
208,226,December,17,fast,fast,0.4048582995951417,12.550607287449392,0.0,0.0,0.0
208,226,February,16,fast,fast,1.75653027183343,49.18284761133604,0.0,0.0,0.0
208,226,February,17,fast,fast,0.4048582995951417,11.336032388663968,0.0,0.0,0.0
208,226,January,16,fast,fast,2.0951417004048585,64.94939271255062,0.0,0.0,0.0
208,226,January,17,fast,fast,0.4048582995951417,12.550607287449392,0.0,0.0,0.0
208,226,March,17,fast,fast,0.4048582995951417,12.550607287449392,0.0,0.0,0.0
208,226,November,16,fast,fast,1.9951417004048584,59.85425101214575,0.0,0.0,0.0
208,226,November,17,fast,fast,0.4048582995951417,12.145748987854251,0.0,0.0,0.0
208,226,October,16,fast,fast,2.0951417004048585,64.94939271255062,0.0,0.0,0.0
208,226,October,17,fast,fast,0.4048582995951417,12.550607287449392,0.0,0.0,0.0
208,226,September,16,fast,fast,2.0951417004048585,62.85425101214575,0.0,0.0,0.0
208,226,September,17,fast,fast,0.4048582995951417,12.145748987854251,0.0,0.0,0.0
209,210,April,20,fast,fast,0.7034087587652316,21.102262762956947,0.0,0.0,0.0
209,210,August,20,fast,fast,0.7034087587652316,21.80567152172218,0.0,0.0,0.0
209,210,December,20,fast,fast,0.7034087587652316,21.80567152172218,0.0,0.0,0.0
209,210,February,20,fast,fast,0.7034087587652316,19.695445245426484,0.0,0.0,0.0
209,210,January,20,fast,fast,0.7034087587652316,21.80567152172218,0.0,0.0,0.0
209,210,July,20,fast,fast,0.7034087587652316,21.80567152172218,0.0,0.0,0.0
209,210,June,20,fast,fast,0.7034087587652316,21.102262762956947,0.0,0.0,0.0
209,210,June,21,fast,fast,1.107810501873832,33.23431505621496,0.0,0.0,0.0
209,210,June,22,fast,fast,1.107810501873832,33.23431505621496,0.0,0.0,0.0
209,210,March,20,fast,fast,0.7034087587652316,21.80567152172218,0.0,0.0,0.0
209,210,May,20,fast,fast,4.008468569938884,124.26252566810541,0.0,0.0,0.0
209,210,May,21,fast,fast,4.513947324454477,139.9323670580888,0.0,0.0,0.0
209,210,May,22,fast,fast,4.513947324454477,139.9323670580888,0.0,0.0,0.0
209,210,November,20,fast,fast,0.7034087587652316,21.102262762956947,0.0,0.0,0.0
209,210,October,20,fast,fast,0.7034087587652316,21.80567152172218,0.0,0.0,0.0
209,210,September,20,fast,fast,0.7034087587652316,21.102262762956947,0.0,0.0,0.0
209,228,April,20,medium,medium,3.3050598111736527,99.15179433520959,0.0,0.0,0.0
209,228,August,20,fast,medium,3.3050598111736527,102.45685414638324,0.0,0.0,0.0
209,228,December,20,fast,medium,3.3050598111736527,102.45685414638324,0.0,0.0,0.0
209,228,February,20,medium,medium,3.3050598111736527,92.54167471286227,0.0,0.0,0.0
209,228,January,20,fast,medium,3.3050598111736527,102.45685414638324,0.0,0.0,0.0
209,228,July,20,medium,medium,3.3050598111736527,102.45685414638324,0.0,0.0,0.0
209,228,June,20,fast,medium,3.305059811173649,99.15179433520947,0.0,0.0,0.0
209,228,March,20,fast,medium,3.305059811173649,102.45685414638312,0.0,0.0,0.0
209,228,November,20,medium,medium,3.3050598111736527,99.15179433520959,0.0,0.0,0.0
209,228,October,20,medium,medium,3.3050598111736527,102.45685414638324,0.0,0.0,0.0
209,228,September,20,medium,medium,3.305059811173649,99.15179433520947,0.0,0.0,0.0
210,190,April,17,medium,medium,6.30216910337068,189.0650731011204,0.0,0.0,0.0
210,190,August,17,fast,medium,6.30216910337068,195.36724220449108,0.0,0.0,0.0
210,190,December,17,fast,medium,6.30216910337068,195.36724220449108,0.0,0.0,0.0
210,190,February,17,medium,medium,6.30216910337068,176.46073489437904,0.0,0.0,0.0
210,190,January,17,fast,medium,6.30216910337068,195.36724220449108,0.0,0.0,0.0
210,190,July,17,fast,medium,6.30216910337068,195.36724220449108,0.0,0.0,0.0
210,190,June,17,medium,medium,11.803330603370679,354.09991810112035,0.0,0.0,0.0
210,190,June,18,fast,medium,8.776370243811144,263.29110731433434,0.0,0.0,0.0
210,190,June,19,fast,medium,4.1183510179888145,123.55053053966444,0.0,0.0,0.0
210,190,March,17,fast,medium,6.30216910337068,195.36724220449108,0.0,0.0,0.0
210,190,May,17,medium,medium,9.60609474853197,297.78893720449105,0.0,0.0,0.0
210,190,May,18,medium,medium,3.306376895554271,102.4976837621824,0.0,0.0,0.0
210,190,November,17,fast,medium,6.30216910337068,189.0650731011204,0.0,0.0,0.0
210,190,October,17,medium,medium,6.30216910337068,195.36724220449108,0.0,0.0,0.0
210,190,September,17,fast,medium,6.30216910337068,189.0650731011204,0.0,0.0,0.0
214,197,May,19,medium,medium,1.0471236159333355,32.4608320939334,0.0,0.0,0.0
214,197,May,20,medium,medium,1.0471236159333355,32.4608320939334,0.0,0.0,0.0
214,197,November,15,fast,medium,0.10614666666666667,3.1844,0.0,0.0,0.0
214,215,April,20,fast,fast,5.1044620004732035,153.1338600141961,0.0,0.0,0.0
214,215,April,21,fast,fast,0.5378842670854751,16.136528012564252,0.0,0.0,0.0
214,215,July,20,fast,fast,0.9334320004732035,28.93639201466931,0.0,0.0,0.0
214,215,July,21,fast,fast,0.9405135143973028,29.155918946316387,0.0,0.0,0.0
214,215,June,20,fast,fast,5.1940726671398725,155.82218001419616,0.0,0.0,0.0
214,215,June,21,fast,fast,0.4585234337521418,13.755703012564254,0.0,0.0,0.0
214,215,May,15,fast,fast,0.23140341199886194,7.17350577196472,0.0,0.0,0.0
214,215,May,20,fast,fast,9.219192000473205,285.7949520146694,0.0,0.0,0.0
214,215,May,21,fast,fast,0.21865464342956087,6.778293946316387,0.0,0.0,0.0
215,197,February,18,medium,medium,0.6199275975433753,17.35797273121451,0.0,0.0,0.0
215,197,March,18,fast,medium,1.9697884270364643,61.063441238130395,0.0,0.0,0.0
215,197,September,18,medium,medium,1.9099561689719469,57.29868506915841,0.0,0.0,0.0
215,198,April,18,medium,medium,8.73433756505338,262.0301269516014,0.0,0.0,0.0
215,198,August,18,fast,medium,8.73433756505338,270.7644645166548,0.0,0.0,0.0
215,198,December,18,medium,medium,8.73433756505338,270.7644645166548,0.0,0.0,0.0
215,198,February,18,fast,medium,8.114409967510005,227.20347909028013,0.0,0.0,0.0
215,198,January,18,fast,medium,8.73433756505338,270.7644645166548,0.0,0.0,0.0
215,198,July,18,medium,medium,8.73433756505338,270.7644645166548,0.0,0.0,0.0
215,198,June,17,medium,medium,0.3171575657234982,9.514726971704945,0.0,0.0,0.0
215,198,June,18,medium,medium,11.455114201151133,343.653426034534,0.0,0.0,0.0
215,198,March,18,fast,medium,6.764549138016916,209.7010232785244,0.0,0.0,0.0
215,198,May,18,fast,medium,17.964492156239288,556.8992568434179,0.0,0.0,0.0
215,198,May,19,fast,medium,0.1557608502177139,4.828586356749131,0.0,0.0,0.0
215,198,November,18,fast,medium,8.73433756505338,262.0301269516014,0.0,0.0,0.0
215,198,October,18,fast,medium,8.73433756505338,270.7644645166548,0.0,0.0,0.0
215,198,September,18,medium,medium,6.824381396081435,204.73144188244305,0.0,0.0,0.0
215,214,April,18,medium,medium,2.720776636097753,81.62329908293259,0.0,0.0,0.0
215,214,August,18,medium,medium,2.720776636097753,84.34407571903034,0.0,0.0,0.0
215,214,December,18,fast,medium,2.720776636097753,84.34407571903034,0.0,0.0,0.0
215,214,February,18,medium,medium,2.720776636097753,76.18174581073708,0.0,0.0,0.0
215,214,January,18,medium,medium,2.720776636097753,84.34407571903034,0.0,0.0,0.0
215,214,July,18,fast,medium,2.720776636097753,84.34407571903034,0.0,0.0,0.0
215,214,March,18,medium,medium,2.720776636097753,84.34407571903034,0.0,0.0,0.0
215,214,November,18,medium,medium,2.720776636097753,81.62329908293259,0.0,0.0,0.0
215,214,October,18,medium,medium,2.720776636097753,84.34407571903034,0.0,0.0,0.0
215,214,September,18,medium,medium,2.720776636097753,81.62329908293259,0.0,0.0,0.0
216,198,April,30,medium,medium,1.7937904758316172,53.813714274948516,0.0,0.0,0.0
216,198,April,31,medium,medium,3.78032867236778,113.4098601710334,0.0,0.0,0.0
216,198,April,32,medium,medium,2.2593891684725023,67.78167505417507,0.0,0.0,0.0
216,198,April,33,medium,medium,8.088638532391045,242.65915597173134,0.0,0.0,0.0
216,198,August,33,fast,medium,8.088638532391045,250.7477945041224,0.0,0.0,0.0
216,198,December,33,fast,medium,8.088638532391045,250.7477945041224,0.0,0.0,0.0
216,198,February,33,medium,medium,8.088638532391045,226.48187890694925,0.0,0.0,0.0
216,198,January,33,fast,medium,8.088638532391045,250.7477945041224,0.0,0.0,0.0
216,198,July,33,medium,medium,8.088638532391045,250.7477945041224,0.0,0.0,0.0
216,198,June,30,fast,medium,0.5974788091649508,17.924364274948523,0.0,0.0,0.0
216,198,June,31,fast,medium,6.11054507788983,183.3163523366949,0.0,0.0,0.0
216,198,June,32,fast,medium,8.455124168472505,253.65372505417514,0.0,0.0,0.0
216,198,June,33,fast,medium,8.088638532391045,242.65915597173134,0.0,0.0,0.0
216,198,March,33,fast,medium,8.088638532391045,250.7477945041224,0.0,0.0,0.0
216,198,May,33,fast,medium,8.088638532391045,250.7477945041224,0.0,0.0,0.0
216,198,November,33,fast,medium,8.088638532391045,242.65915597173134,0.0,0.0,0.0
216,198,October,33,medium,medium,8.088638532391045,250.7477945041224,0.0,0.0,0.0
216,198,September,24,fast,medium,1.647227190153636,49.41681570460908,0.0,0.0,0.0
216,198,September,33,fast,medium,8.088638532391045,242.65915597173134,0.0,0.0,0.0
217,200,April,24,fast,medium,0.9782999951445959,29.348999854337876,0.0,0.0,0.0
217,200,August,24,fast,medium,0.9782999951445959,30.327299849482472,0.0,0.0,0.0
217,200,December,24,fast,medium,0.9782999951445959,30.327299849482472,0.0,0.0,0.0
217,200,February,24,fast,medium,0.9782999951445959,27.392399864048684,0.0,0.0,0.0
217,200,January,24,medium,medium,0.9782999951445959,30.327299849482472,0.0,0.0,0.0
217,200,July,24,medium,medium,0.9782999951445959,30.327299849482472,0.0,0.0,0.0
217,200,June,24,medium,medium,16.865489995144603,505.9646998543381,0.0,0.0,0.0
217,200,March,24,medium,medium,0.9782999951445959,30.327299849482472,0.0,0.0,0.0
217,200,May,24,fast,medium,0.9782999951445959,30.327299849482472,0.0,0.0,0.0
217,200,November,24,fast,medium,0.9782999951445959,29.348999854337876,0.0,0.0,0.0
217,200,October,24,fast,medium,0.9782999951445959,30.327299849482472,0.0,0.0,0.0
217,200,September,24,fast,medium,0.9782999951445959,29.348999854337876,0.0,0.0,0.0
218,200,August,30,fast,medium,1.2595410423765685,39.04577231367362,0.0,0.0,0.0
218,200,December,30,fast,medium,1.2595410423765685,39.04577231367362,0.0,0.0,0.0
218,200,February,30,fast,medium,1.2595410423765685,35.26714918654392,0.0,0.0,0.0
218,200,January,30,fast,medium,1.2595410423765685,39.04577231367362,0.0,0.0,0.0
218,200,July,30,medium,medium,1.2595410423765685,39.04577231367362,0.0,0.0,0.0
218,200,March,30,medium,medium,1.2595410423765685,39.04577231367362,0.0,0.0,0.0
218,200,November,30,medium,medium,1.2595410423765685,37.786231271297055,0.0,0.0,0.0
218,200,October,30,medium,medium,1.2595410423765685,39.04577231367362,0.0,0.0,0.0
218,200,September,30,fast,medium,1.2595410423765685,37.786231271297055,0.0,0.0,0.0
218,201,April,18,fast,fast,2.742472593282311,82.27417779846934,0.0,0.0,0.0
218,201,April,30,fast,fast,1.2595410423765685,37.786231271297055,0.0,0.0,0.0
218,201,June,29,fast,fast,3.8021549696904846,114.06464909071454,0.0,0.0,0.0
218,201,June,30,fast,fast,1.2595410423765685,37.786231271297055,0.0,0.0,0.0
218,201,May,30,fast,fast,1.2595410423765685,39.04577231367362,0.0,0.0,0.0
219,220,April,14,fast,fast,12.632015180930967,378.960455427929,0.0,0.0,0.0
219,220,April,15,fast,fast,8.129337614719883,243.8801284415965,0.0,0.0,0.0
219,220,April,27,fast,fast,2.226354720628329,66.79064161884988,0.0,0.0,0.0
219,220,August,27,fast,fast,9.01201838709677,279.3725699999999,0.0,0.0,0.0
219,220,December,27,fast,fast,2.226354720628329,69.0169963394782,0.0,0.0,0.0
219,220,February,27,fast,fast,2.899024821428572,81.17269500000002,0.0,0.0,0.0
219,220,January,27,fast,fast,2.226354720628329,69.0169963394782,0.0,0.0,0.0
219,220,July,27,fast,fast,2.226354720628329,69.0169963394782,0.0,0.0,0.0
219,220,June,7,fast,fast,0.21104225,6.331267499999999,0.0,0.0,0.0
219,220,June,14,fast,fast,2.545000420650858,76.35001261952574,0.0,0.0,0.0
219,220,June,27,fast,fast,2.226354720628329,66.79064161884988,0.0,0.0,0.0
219,220,March,26,fast,fast,7.1503725,221.66154749999998,0.0,0.0,0.0
219,220,March,27,fast,fast,2.226354720628329,69.0169963394782,0.0,0.0,0.0
219,220,May,27,fast,fast,2.226354720628329,69.0169963394782,0.0,0.0,0.0
219,220,November,27,fast,fast,2.226354720628329,66.79064161884988,0.0,0.0,0.0
219,220,October,27,fast,fast,2.226354720628329,69.0169963394782,0.0,0.0,0.0
219,220,September,27,fast,fast,2.226354720628329,66.79064161884988,0.0,0.0,0.0
220,202,April,22,fast,fast,14.204240121504093,426.1272036451228,0.0,0.0,0.0
220,202,April,29,fast,fast,7.454070623348464,223.62211870045394,0.0,0.0,0.0
220,202,April,30,fast,fast,24.645441502280498,739.3632450684149,0.0,0.0,0.0
220,202,April,31,fast,fast,28.597961,857.93883,0.0,0.0,0.0
220,202,April,32,fast,fast,7.559450898989901,226.78352696969705,0.0,0.0,0.0
220,202,August,24,fast,fast,1.4895143839234883,46.174945901628135,0.0,0.0,0.0
220,202,August,31,fast,fast,14.969592743224432,464.0573750399574,0.0,0.0,0.0
220,202,August,32,fast,fast,2.9721667050155673,92.13716785548259,0.0,0.0,0.0
220,202,December,31,fast,fast,14.764703860740894,457.70581968296773,0.0,0.0,0.0
220,202,December,32,fast,fast,2.9721667050155673,92.13716785548259,0.0,0.0,0.0
220,202,February,31,fast,fast,14.764703860740894,413.41170810074505,0.0,0.0,0.0
220,202,February,32,fast,fast,2.9721667050155673,83.22066774043589,0.0,0.0,0.0
220,202,January,31,fast,fast,14.764703860740894,457.70581968296773,0.0,0.0,0.0
220,202,January,32,fast,fast,2.9721667050155673,92.13716785548259,0.0,0.0,0.0
220,202,July,31,fast,fast,14.764703860740894,457.70581968296773,0.0,0.0,0.0
220,202,July,32,fast,fast,2.9721667050155673,92.13716785548259,0.0,0.0,0.0
220,202,June,22,fast,fast,11.18059237150409,335.41777114512274,0.0,0.0,0.0
220,202,June,29,fast,fast,4.67483437334846,140.2450312004538,0.0,0.0,0.0
220,202,June,30,fast,fast,27.249607752280504,817.4882325684151,0.0,0.0,0.0
220,202,June,31,fast,fast,34.67454725,1040.2364175,0.0,0.0,0.0
220,202,June,32,fast,fast,13.636037148989903,409.08111446969707,0.0,0.0,0.0
220,202,June,33,fast,fast,1.2102116010100978,36.306348030302935,0.0,0.0,0.0
220,202,March,31,fast,fast,14.764703860740894,457.70581968296773,0.0,0.0,0.0
220,202,March,32,fast,fast,2.9721667050155673,92.13716785548259,0.0,0.0,0.0
220,202,May,22,fast,fast,2.041591460213766,63.28933526662675,0.0,0.0,0.0
220,202,May,30,fast,fast,23.578211897099386,730.9245688100809,0.0,0.0,0.0
220,202,May,31,fast,fast,35.2860239516129,1093.8667424999999,0.0,0.0,0.0
220,202,May,32,fast,fast,14.247513850602793,441.6729293686866,0.0,0.0,0.0
220,202,November,31,fast,fast,14.764703860740894,442.94111582222683,0.0,0.0,0.0
220,202,November,32,fast,fast,2.9721667050155673,89.16500115046702,0.0,0.0,0.0
220,202,October,31,fast,fast,14.764703860740894,457.70581968296773,0.0,0.0,0.0
220,202,October,32,fast,fast,2.9721667050155673,92.13716785548259,0.0,0.0,0.0
220,202,September,23,fast,fast,1.2352882065960173,37.05864619788052,0.0,0.0,0.0
220,202,September,24,fast,fast,2.6941177952138062,80.82353385641419,0.0,0.0,0.0
220,202,September,29,fast,fast,4.718263232339131,141.54789697017395,0.0,0.0,0.0
220,202,September,31,fast,fast,14.764703860740894,442.94111582222683,0.0,0.0,0.0
220,202,September,32,fast,fast,2.9721667050155673,89.16500115046702,0.0,0.0,0.0
220,219,June,30,fast,medium,0.1,3.0,0.0,0.0,0.0
220,219,June,31,fast,medium,1.784920634920635,53.54761904761905,0.0,0.0,0.0
220,219,June,32,medium,medium,13.58189897647659,407.45696929429766,0.0,0.0,0.0
220,221,June,31,medium,medium,10.303912446652504,309.1173733995751,0.0,0.0,0.0
221,220,April,12,fast,fast,2.596219725,77.88659175000001,0.0,0.0,0.0
221,220,April,13,fast,fast,6.623281262970711,198.69843788912135,0.0,0.0,0.0
221,220,April,15,fast,fast,0.1,3.0,0.0,0.0,0.0
221,220,April,16,fast,fast,14.358183087146205,430.74549261438614,0.0,0.0,0.0
221,220,April,17,fast,fast,5.370510703185399,161.11532109556197,0.0,0.0,0.0
221,220,April,18,fast,fast,5.053997166674932,151.61991500024797,0.0,0.0,0.0
221,220,April,19,fast,fast,1.4911229151779253,44.73368745533776,0.0,0.0,0.0
221,220,August,17,fast,fast,0.6634575820531978,20.567185043649133,0.0,0.0,0.0
221,220,August,18,fast,fast,5.053997166674932,156.6739121669229,0.0,0.0,0.0
221,220,August,19,medium,medium,1.4911229151779253,46.224810370515684,0.0,0.0,0.0
221,220,December,17,fast,fast,0.6634575820531978,20.567185043649133,0.0,0.0,0.0
221,220,December,18,fast,fast,5.053997166674932,156.6739121669229,0.0,0.0,0.0
221,220,December,19,fast,fast,1.4911229151779253,46.224810370515684,0.0,0.0,0.0
221,220,February,17,fast,fast,0.6634575820531978,18.57681229748954,0.0,0.0,0.0
221,220,February,18,fast,medium,3.1891491759837614,89.29617692754532,0.0,0.0,0.0
221,220,February,18,fast,fast,1.864847990691171,52.21574373935279,0.0,0.0,0.0
221,220,February,19,fast,fast,1.4911229151779253,41.75144162498191,0.0,0.0,0.0
221,220,January,17,fast,fast,0.6634575820531978,20.567185043649133,0.0,0.0,0.0
221,220,January,18,fast,medium,3.1891491759837614,98.8636244554966,0.0,0.0,0.0
221,220,January,18,fast,fast,1.864847990691171,57.8102877114263,0.0,0.0,0.0
221,220,January,19,medium,medium,1.4911229151779253,46.224810370515684,0.0,0.0,0.0
221,220,July,17,fast,fast,0.6634575820531978,20.567185043649133,0.0,0.0,0.0
221,220,July,18,fast,medium,3.1891491759837614,98.8636244554966,0.0,0.0,0.0
221,220,July,18,fast,fast,1.864847990691171,57.8102877114263,0.0,0.0,0.0
221,220,July,19,fast,medium,1.4911229151779253,46.224810370515684,0.0,0.0,0.0
221,220,June,12,fast,fast,7.630795406210123,228.9238621863037,0.0,0.0,0.0
221,220,June,13,fast,fast,7.369204593789877,221.0761378136963,0.0,0.0,0.0
221,220,June,15,fast,fast,9.480987145552028,284.4296143665608,0.0,0.0,0.0
221,220,June,16,fast,fast,15.282864283863336,458.48592851590007,0.0,0.0,0.0
221,220,June,17,fast,fast,5.370510703185399,161.11532109556197,0.0,0.0,0.0
221,220,June,18,fast,fast,8.193521416674926,245.80564250024779,0.0,0.0,0.0
221,220,June,19,fast,fast,3.7156915594339424,111.47074678301827,0.0,0.0,0.0
221,220,June,20,medium,medium,0.1,3.0,0.0,0.0,0.0
221,220,March,17,fast,fast,0.6634575820531978,20.567185043649133,0.0,0.0,0.0
221,220,March,18,fast,medium,3.1891491759837614,98.8636244554966,0.0,0.0,0.0
221,220,March,18,fast,fast,1.864847990691171,57.8102877114263,0.0,0.0,0.0
221,220,March,19,fast,medium,1.4911229151779253,46.224810370515684,0.0,0.0,0.0
221,220,May,17,fast,fast,0.6634575820531978,20.567185043649133,0.0,0.0,0.0
221,220,May,18,fast,fast,5.053997166674932,156.6739121669229,0.0,0.0,0.0
221,220,May,19,medium,medium,1.4911229151779253,46.224810370515684,0.0,0.0,0.0
221,220,November,17,fast,fast,0.6634575820531978,19.903727461595935,0.0,0.0,0.0
221,220,November,18,fast,medium,3.1891491759837614,95.67447527951285,0.0,0.0,0.0
221,220,November,18,fast,fast,1.864847990691171,55.94543972073513,0.0,0.0,0.0
221,220,November,19,fast,fast,1.4911229151779253,44.73368745533776,0.0,0.0,0.0
221,220,October,17,fast,fast,0.6634575820531978,20.567185043649133,0.0,0.0,0.0
221,220,October,18,fast,fast,5.053997166674932,156.6739121669229,0.0,0.0,0.0
221,220,October,19,fast,fast,1.4911229151779253,46.224810370515684,0.0,0.0,0.0
221,220,September,17,fast,fast,0.6634575820531978,19.903727461595935,0.0,0.0,0.0
221,220,September,18,fast,medium,3.1891491759837614,95.67447527951285,0.0,0.0,0.0
221,220,September,18,fast,fast,1.864847990691171,55.94543972073513,0.0,0.0,0.0
221,220,September,19,fast,fast,1.4911229151779253,44.73368745533776,0.0,0.0,0.0
221,222,April,32,fast,fast,4.722861666666667,141.68585000000002,0.0,0.0,0.0
221,222,June,32,fast,fast,13.746708203980518,412.40124611941553,0.0,0.0,0.0
221,222,May,33,fast,fast,2.1327384112288357,66.1148907480939,0.0,0.0,0.0
222,204,April,17,medium,medium,2.405343641647974,72.16030924943922,0.0,0.0,0.0
222,204,April,18,medium,medium,6.551204964498279,196.53614893494836,0.0,0.0,0.0
222,204,April,19,medium,medium,40.0,1200.0,0.0,0.0,0.0
222,204,April,20,medium,medium,13.591147804625251,407.73443413875754,0.0,0.0,0.0
222,204,April,25,medium,medium,2.900878009939447,87.02634029818341,0.0,0.0,0.0
222,204,August,18,medium,medium,13.52862441086318,419.3873567367586,0.0,0.0,0.0
222,204,August,19,fast,medium,35.31319129608202,1094.7089301785425,0.0,0.0,0.0
222,204,August,20,medium,medium,13.591147804625251,421.32558194338276,0.0,0.0,0.0
222,204,December,18,medium,medium,15.03799711421069,466.1779105405314,0.0,0.0,0.0
222,204,December,19,medium,medium,43.808608762490394,1358.0668716372022,0.0,0.0,0.0
222,204,February,17,fast,medium,5.429838485837575,152.03547760345208,0.0,0.0,0.0
222,204,February,18,medium,medium,16.52608640194356,462.73041925441964,0.0,0.0,0.0
222,204,February,19,fast,medium,38.514436860598146,1078.404232096748,0.0,0.0,0.0
222,204,February,20,fast,medium,0.2824699342105337,7.909158157894943,0.0,0.0,0.0
222,204,January,18,medium,medium,15.037997114210683,466.1779105405312,0.0,0.0,0.0
222,204,January,19,medium,medium,43.808608762490394,1358.0668716372022,0.0,0.0,0.0
222,204,July,18,medium,medium,6.230044210984879,193.13137054053124,0.0,0.0,0.0
222,204,July,19,medium,medium,31.44770000575943,974.8787001785423,0.0,0.0,0.0
222,204,June,17,medium,medium,2.405343641647974,72.16030924943922,0.0,0.0,0.0
222,204,June,18,medium,medium,28.923949310966215,867.7184793289864,0.0,0.0,0.0
222,204,June,19,medium,medium,41.15297559582373,1234.589267874712,0.0,0.0,0.0
222,204,June,20,fast,medium,27.344366833333336,820.3310050000001,0.0,0.0,0.0
222,204,June,21,medium,medium,11.755478884294199,352.66436652882595,0.0,0.0,0.0
222,204,June,24,medium,medium,14.298106484682535,428.94319454047604,0.0,0.0,0.0
222,204,June,25,medium,medium,21.61924764039056,648.5774292117169,0.0,0.0,0.0
222,204,March,17,medium,medium,2.405343641647974,74.5656528910872,0.0,0.0,0.0
222,204,March,18,medium,medium,15.037997114210718,466.17791054053225,0.0,0.0,0.0
222,204,March,19,fast,medium,36.81186290898525,1141.1677501785427,0.0,0.0,0.0
222,204,March,20,fast,medium,13.591147804625251,421.32558194338276,0.0,0.0,0.0
222,204,March,21,medium,medium,6.368458137649785,197.42220226714335,0.0,0.0,0.0
222,204,May,17,medium,medium,15.389427452489329,477.0722510271692,0.0,0.0,0.0
222,204,May,18,fast,medium,34.16689470005936,1059.17373570184,0.0,0.0,0.0
222,204,May,19,medium,medium,43.254019360598136,1340.874600178542,0.0,0.0,0.0
222,204,May,20,medium,medium,34.51816822580645,1070.063215,0.0,0.0,0.0
222,204,November,18,medium,medium,15.03799711421069,451.1399134263207,0.0,0.0,0.0
222,204,November,19,medium,medium,43.808608762490394,1314.2582628747118,0.0,0.0,0.0
222,204,October,18,medium,medium,15.03799711421069,466.1779105405314,0.0,0.0,0.0
222,204,October,19,medium,medium,43.808608762490394,1358.0668716372022,0.0,0.0,0.0
222,204,September,17,medium,medium,3.5640409069946184,106.92122720983855,0.0,0.0,0.0
222,204,September,18,medium,medium,20.089790330514987,602.6937099154496,0.0,0.0,0.0
222,204,September,19,medium,medium,37.80969369393148,1134.2908108179445,0.0,0.0,0.0
222,204,September,20,fast,medium,13.988508083333334,419.65524250000004,0.0,0.0,0.0
222,204,September,21,medium,medium,8.0242064680411,240.72619404123301,0.0,0.0,0.0
222,221,May,20,medium,medium,3.156399753428957,97.84839235629767,0.0,0.0,0.0
222,223,April,18,medium,medium,8.48679214971241,254.60376449137232,0.0,0.0,0.0
222,223,April,18,fast,fast,17.128896585848587,513.8668975754576,0.0,0.0,0.0
222,223,April,19,fast,fast,6.634314908461157,199.0294472538347,0.0,0.0,0.0
222,223,April,21,fast,fast,8.0242064680411,240.72619404123301,0.0,0.0,0.0
222,223,August,17,fast,fast,2.405343641647974,74.5656528910872,0.0,0.0,0.0
222,223,August,18,medium,medium,1.509372703347509,46.79055380377278,0.0,0.0,0.0
222,223,August,18,fast,fast,17.128896585848587,530.9957941613062,0.0,0.0,0.0
222,223,August,19,medium,medium,7.9408280645161256,246.1656699999999,0.0,0.0,0.0
222,223,August,19,fast,fast,1.6204849084611581,50.2350321622959,0.0,0.0,0.0
222,223,August,21,fast,fast,2.9097649627791533,90.20271384615376,0.0,0.0,0.0
222,223,December,17,fast,fast,2.405343641647974,74.5656528910872,0.0,0.0,0.0
222,223,December,18,fast,fast,17.128896585848587,530.9957941613062,0.0,0.0,0.0
222,223,December,19,fast,fast,1.065895506568907,33.04276070363612,0.0,0.0,0.0
222,223,February,18,fast,fast,15.640807298115718,437.9426043472401,0.0,0.0,0.0
222,223,February,19,medium,medium,4.739582499999999,132.70830999999998,0.0,0.0,0.0
222,223,February,19,fast,fast,1.6204849084611581,45.37357743691243,0.0,0.0,0.0
222,223,January,17,fast,fast,2.405343641647974,74.5656528910872,0.0,0.0,0.0
222,223,January,18,fast,fast,17.12889658584859,530.9957941613063,0.0,0.0,0.0
222,223,January,19,fast,fast,1.065895506568907,33.04276070363612,0.0,0.0,0.0
222,223,July,17,fast,fast,2.405343641647974,74.5656528910872,0.0,0.0,0.0
222,223,July,18,medium,medium,8.807952903225804,273.04653999999994,0.0,0.0,0.0
222,223,July,18,fast,fast,17.12889658584859,530.9957941613063,0.0,0.0,0.0
222,223,July,19,medium,medium,11.80631935483871,365.9959,0.0,0.0,0.0
222,223,July,19,fast,fast,1.6204849084611581,50.2350321622959,0.0,0.0,0.0
222,223,June,15,fast,fast,3.0586026666666655,91.75807999999996,0.0,0.0,0.0
222,223,June,18,fast,fast,3.2429443890930614,97.28833167279184,0.0,0.0,0.0
222,223,June,19,medium,medium,2.101043764774417,63.03131294323251,0.0,0.0,0.0
222,223,June,19,fast,fast,1.620484908461151,48.61454725383453,0.0,0.0,0.0
222,223,June,21,fast,fast,22.801488833746898,684.044665012407,0.0,0.0,0.0
222,223,June,22,fast,fast,21.776591352125905,653.2977405637771,0.0,0.0,0.0
222,223,June,23,fast,fast,7.059872087081999,211.79616261245997,0.0,0.0,0.0
222,223,June,24,fast,fast,9.930028183509556,297.90084550528667,0.0,0.0,0.0
222,223,March,18,fast,fast,17.12889658584856,530.9957941613053,0.0,0.0,0.0
222,223,March,19,fast,medium,6.442156451612902,199.70684999999997,0.0,0.0,0.0
222,223,March,19,fast,fast,1.620484908461151,50.23503216229568,0.0,0.0,0.0
222,223,March,21,fast,fast,1.5820704466501212,49.04418384615376,0.0,0.0,0.0
222,223,March,22,fast,fast,2.644825754502814,81.98959838958723,0.0,0.0,0.0
222,223,May,15,fast,fast,20.40066671337665,632.4206681146762,0.0,0.0,0.0
222,223,May,17,medium,medium,5.535461215371113,171.5992976765045,0.0,0.0,0.0
222,223,May,17,fast,fast,3.4804549737875323,107.8941041874135,0.0,0.0,0.0
222,223,May,18,fast,fast,19.999998999999917,619.9999689999975,0.0,0.0,0.0
222,223,May,19,fast,fast,23.620484908461158,732.2350321622959,0.0,0.0,0.0
222,223,May,21,fast,fast,22.801488833746898,706.8461538461538,0.0,0.0,0.0
222,223,May,22,fast,fast,16.508397547440033,511.760323970641,0.0,0.0,0.0
222,223,November,17,fast,fast,2.405343641647974,72.16030924943922,0.0,0.0,0.0
222,223,November,18,fast,fast,17.128896585848587,513.8668975754576,0.0,0.0,0.0
222,223,November,19,fast,fast,1.065895506568907,31.976865197067212,0.0,0.0,0.0
222,223,October,17,fast,fast,2.405343641647974,74.5656528910872,0.0,0.0,0.0
222,223,October,18,fast,fast,17.128896585848587,530.9957941613062,0.0,0.0,0.0
222,223,October,19,fast,fast,1.065895506568907,33.04276070363612,0.0,0.0,0.0
222,223,September,18,fast,fast,12.07710336954429,362.3131010863287,0.0,0.0,0.0
222,223,September,19,fast,fast,7.064810575127826,211.94431725383478,0.0,0.0,0.0
222,223,September,22,fast,fast,5.394885474932927,161.84656424798783,0.0,0.0,0.0
223,204,April,26,fast,medium,19.232926697407898,576.9878009222369,0.0,0.0,0.0
223,204,August,26,fast,medium,17.982627419354834,557.4614499999999,0.0,0.0,0.0
223,204,August,33,fast,medium,0.9317907138681392,28.885512129912314,0.0,0.0,0.0
223,204,December,26,fast,medium,16.876276108270552,523.1645593563871,0.0,0.0,0.0
223,204,December,33,fast,medium,0.9317907138681392,28.885512129912314,0.0,0.0,0.0
223,204,February,26,fast,medium,16.876276108270552,472.53573103157544,0.0,0.0,0.0
223,204,February,33,fast,medium,0.9317907138681392,26.090139988307897,0.0,0.0,0.0
223,204,January,26,medium,medium,16.876276108270552,523.1645593563871,0.0,0.0,0.0
223,204,January,33,medium,medium,0.9317907138681356,28.885512129912204,0.0,0.0,0.0
223,204,July,26,fast,medium,16.876276108270552,523.1645593563871,0.0,0.0,0.0
223,204,July,33,medium,medium,0.9317907138681392,28.885512129912314,0.0,0.0,0.0
223,204,June,26,fast,medium,16.876276108270552,506.28828324811656,0.0,0.0,0.0
223,204,March,26,medium,medium,17.1987725,533.1619475,0.0,0.0,0.0
223,204,March,33,fast,medium,0.9317907138681356,28.885512129912204,0.0,0.0,0.0
223,204,May,26,fast,medium,16.876276108270552,523.1645593563871,0.0,0.0,0.0
223,204,November,26,medium,medium,16.87627610827054,506.2882832481163,0.0,0.0,0.0
223,204,November,33,medium,medium,0.9317907138681392,27.953721416044175,0.0,0.0,0.0
223,204,October,26,medium,medium,16.876276108270552,523.1645593563871,0.0,0.0,0.0
223,204,October,33,medium,medium,0.9317907138681392,28.885512129912314,0.0,0.0,0.0
223,204,September,26,fast,medium,22.366562833333333,670.996885,0.0,0.0,0.0
223,204,September,33,medium,medium,0.9317907138681392,27.953721416044175,0.0,0.0,0.0
223,222,April,33,fast,fast,0.9317907138681392,27.953721416044175,0.0,0.0,0.0
223,222,June,33,fast,fast,11.153825833333334,334.614775,0.0,0.0,0.0
223,222,May,33,fast,fast,0.9317907138681392,28.885512129912314,0.0,0.0,0.0
223,237,April,26,fast,fast,8.001729693047714,240.05189079143145,0.0,0.0,0.0
223,237,August,26,fast,fast,6.8953783819634324,213.7567298408664,0.0,0.0,0.0
223,237,December,26,fast,fast,8.001729693047714,248.05362048447915,0.0,0.0,0.0
223,237,February,26,fast,fast,8.001729693047714,224.048431405336,0.0,0.0,0.0
223,237,January,26,fast,fast,8.001729693047714,248.05362048447915,0.0,0.0,0.0
223,237,July,26,fast,fast,8.001729693047714,248.05362048447915,0.0,0.0,0.0
223,237,July,28,fast,fast,2.884719430888687,89.4263023575493,0.0,0.0,0.0
223,237,June,26,fast,fast,8.001729693047714,240.05189079143145,0.0,0.0,0.0
223,237,June,32,fast,medium,1.8423062595554427,55.26918778666328,0.0,0.0,0.0
223,237,March,26,fast,fast,7.679233301318263,238.05623234086613,0.0,0.0,0.0
223,237,May,26,fast,fast,8.001729693047714,248.05362048447915,0.0,0.0,0.0
223,237,November,26,fast,fast,8.001729693047714,240.05189079143145,0.0,0.0,0.0
223,237,October,26,fast,fast,8.001729693047714,248.05362048447915,0.0,0.0,0.0
223,237,September,26,fast,fast,2.5114429679849337,75.34328903954801,0.0,0.0,0.0
224,205,April,19,medium,medium,2.069667623090922,62.09002869272766,0.0,0.0,0.0
224,205,August,19,medium,medium,2.069667623090915,64.15969631581837,0.0,0.0,0.0
224,205,December,19,medium,medium,0.4451724193548387,13.800345,0.0,0.0,0.0
224,205,February,19,medium,medium,2.069667623090922,57.95069344654581,0.0,0.0,0.0
224,205,July,19,medium,medium,2.069667623090915,64.15969631581837,0.0,0.0,0.0
224,205,June,19,medium,medium,2.069667623090922,62.09002869272766,0.0,0.0,0.0
224,205,March,19,medium,medium,2.069667623090922,64.15969631581858,0.0,0.0,0.0
224,205,May,19,medium,medium,2.069667623090922,64.15969631581858,0.0,0.0,0.0
224,205,November,19,medium,medium,1.1094165,33.282495,0.0,0.0,0.0
224,205,September,19,medium,medium,2.069667623090922,62.09002869272766,0.0,0.0,0.0
224,206,June,33,fast,fast,1.262255548591611,37.86766645774833,0.0,0.0,0.0
224,206,June,34,fast,fast,2.514903828683231,75.44711486049692,0.0,0.0,0.0
224,206,June,35,fast,fast,3.2792946253250363,98.37883875975109,0.0,0.0,0.0
224,206,May,35,fast,fast,3.2792946253250363,101.65813338507613,0.0,0.0,0.0
224,223,December,19,fast,fast,0.5545894018922439,17.19227145865956,0.0,0.0,0.0
224,223,January,19,fast,fast,0.554589401892251,17.192271458659782,0.0,0.0,0.0
224,223,November,19,fast,fast,0.554589401892251,16.63768205676753,0.0,0.0,0.0
224,223,October,19,fast,fast,0.554589401892251,17.192271458659782,0.0,0.0,0.0
224,238,December,19,medium,medium,1.0699058018438379,33.167079857158974,0.0,0.0,0.0
224,238,January,19,medium,medium,1.5150782211986638,46.967424857158576,0.0,0.0,0.0
224,238,November,19,medium,medium,0.40566172119866906,12.169851635960072,0.0,0.0,0.0
224,238,October,19,medium,medium,1.5150782211986638,46.967424857158576,0.0,0.0,0.0
225,207,April,18,fast,medium,2.9980512227444933,89.9415366823348,0.0,0.0,0.0
225,207,April,21,fast,medium,8.156210904761902,244.68632714285707,0.0,0.0,0.0
225,207,April,22,medium,medium,4.800422915962969,144.01268747888906,0.0,0.0,0.0
225,207,August,18,medium,medium,2.9980512227444933,92.93958790507929,0.0,0.0,0.0
225,207,August,22,medium,medium,6.1081979034189455,189.3541350059873,0.0,0.0,0.0
225,207,December,18,medium,medium,2.9980512227444933,92.93958790507929,0.0,0.0,0.0
225,207,February,18,medium,medium,2.9980512227444933,83.94543423684581,0.0,0.0,0.0
225,207,January,18,medium,medium,2.9980512227444933,92.93958790507929,0.0,0.0,0.0
225,207,July,18,medium,medium,2.9980512227444933,92.93958790507929,0.0,0.0,0.0
225,207,June,18,medium,medium,2.9980512227444933,89.9415366823348,0.0,0.0,0.0
225,207,June,21,fast,medium,9.314879071428571,279.4463721428571,0.0,0.0,0.0
225,207,June,22,fast,medium,0.9831668326296352,29.495004978889057,0.0,0.0,0.0
225,207,March,18,medium,medium,2.9980512227444933,92.93958790507929,0.0,0.0,0.0
225,207,May,18,fast,medium,0.8935501257769047,27.700053899084047,0.0,0.0,0.0
225,207,May,20,medium,medium,2.0307498895229976,62.95324657521293,0.0,0.0,0.0
225,207,May,21,fast,medium,7.2441686662014035,224.5692286522435,0.0,0.0,0.0
225,207,November,18,medium,medium,2.9980512227444933,89.9415366823348,0.0,0.0,0.0
225,207,October,18,fast,medium,2.9980512227444933,92.93958790507929,0.0,0.0,0.0
225,207,September,18,fast,medium,2.9980512227444933,89.9415366823348,0.0,0.0,0.0
225,207,September,21,fast,medium,0.8295172380952405,24.885517142857214,0.0,0.0,0.0
225,207,September,22,fast,medium,7.030410095238096,210.9123028571429,0.0,0.0,0.0
225,207,September,23,fast,medium,0.6003947460178066,18.011842380534198,0.0,0.0,0.0
225,226,May,18,fast,fast,2.1045010969675886,65.23953400599524,0.0,0.0,0.0
225,240,May,17,medium,medium,46.50825250189431,1441.7558275587237,0.0,0.0,0.0
226,240,April,21,fast,medium,1.3260045809240317,39.78013742772095,0.0,0.0,0.0
226,240,August,21,fast,medium,1.3260045809240317,41.10614200864498,0.0,0.0,0.0
226,240,December,21,fast,medium,1.3260045809240317,41.10614200864498,0.0,0.0,0.0
226,240,February,21,fast,medium,1.3260045809240317,37.12812826587289,0.0,0.0,0.0
226,240,January,21,medium,medium,1.3260045809240317,41.10614200864498,0.0,0.0,0.0
226,240,July,21,fast,medium,1.3260045809240317,41.10614200864498,0.0,0.0,0.0
226,240,June,21,fast,medium,1.3260045809240317,39.78013742772095,0.0,0.0,0.0
226,240,March,21,fast,medium,1.3260045809240317,41.10614200864498,0.0,0.0,0.0
226,240,May,21,fast,medium,1.3260045809240317,41.10614200864498,0.0,0.0,0.0
226,240,November,21,fast,medium,1.3260045809240317,39.78013742772095,0.0,0.0,0.0
226,240,October,21,fast,medium,1.3260045809240317,41.10614200864498,0.0,0.0,0.0
226,240,September,21,fast,medium,1.3260045809240317,39.78013742772095,0.0,0.0,0.0
228,209,April,17,fast,medium,0.1,3.0,0.0,0.0,0.0
228,209,August,17,fast,medium,0.1,3.1,0.0,0.0,0.0
228,209,August,18,fast,medium,0.1,3.1,0.0,0.0,0.0
228,209,December,17,fast,medium,0.1,3.1,0.0,0.0,0.0
228,209,December,18,medium,medium,0.1,3.1,0.0,0.0,0.0
228,209,February,17,medium,medium,0.1,2.8000000000000003,0.0,0.0,0.0
228,209,January,17,medium,medium,0.1,3.1,0.0,0.0,0.0
228,209,January,18,fast,medium,0.1,3.1,0.0,0.0,0.0
228,209,March,17,fast,medium,0.1,3.1,0.0,0.0,0.0
228,209,March,18,fast,medium,0.1,3.1,0.0,0.0,0.0
228,209,November,17,medium,medium,0.1,3.0,0.0,0.0,0.0
228,209,November,18,fast,medium,0.1,3.0,0.0,0.0,0.0
228,209,October,17,medium,medium,0.1,3.1,0.0,0.0,0.0
228,209,October,18,medium,medium,0.1,3.1,0.0,0.0,0.0
228,229,April,18,medium,medium,1.4441318011051614,43.32395403315484,0.0,0.0,0.0
228,229,February,18,medium,medium,0.1,2.8000000000000003,0.0,0.0,0.0
228,229,February,20,fast,medium,0.35305624999999985,9.885574999999996,0.0,0.0,0.0
228,229,July,17,fast,medium,4.289871053416718,132.98600265591824,0.0,0.0,0.0
228,229,July,18,medium,medium,0.1,3.1,0.0,0.0,0.0
228,229,June,17,fast,medium,9.114882646545034,273.44647939635104,0.0,0.0,0.0
228,229,June,18,fast,medium,10.772267634438496,323.1680290331549,0.0,0.0,0.0
228,229,June,19,medium,medium,9.53209471901648,285.96284157049445,0.0,0.0,0.0
228,229,June,20,fast,medium,15.240456636592054,457.2136990977616,0.0,0.0,0.0
228,229,June,21,fast,medium,0.7009162303664922,21.027486910994767,0.0,0.0,0.0
228,229,March,20,medium,medium,1.2601653225806455,39.06512500000001,0.0,0.0,0.0
228,229,May,16,medium,medium,3.4373526778738324,106.5579330140888,0.0,0.0,0.0
228,229,May,17,medium,medium,11.126436598157934,344.919534542896,0.0,0.0,0.0
228,229,May,18,medium,medium,12.783821586051396,396.2984691675933,0.0,0.0,0.0
228,229,May,19,fast,medium,13.669810398196184,423.76412234408167,0.0,0.0,0.0
228,229,May,20,fast,medium,15.240456636592054,472.45415573435366,0.0,0.0,0.0
228,229,September,17,fast,medium,0.1,3.0,0.0,0.0,0.0
228,229,September,18,fast,medium,0.1,3.0,0.0,0.0,0.0
228,229,September,20,medium,medium,2.582718390838054,77.48155172514163,0.0,0.0,0.0
232,250,April,24,fast,fast,10.535642427937745,316.06927283813235,0.0,0.0,0.0
232,250,August,24,fast,fast,10.535642427937745,326.60491526607007,0.0,0.0,0.0
232,250,August,25,fast,fast,4.371732693959764,135.5237135127527,0.0,0.0,0.0
232,250,August,33,fast,fast,1.6463389786688944,51.03650833873573,0.0,0.0,0.0
232,250,December,24,fast,fast,10.535642427937745,326.60491526607007,0.0,0.0,0.0
232,250,February,24,fast,fast,10.535642427937745,294.99798798225686,0.0,0.0,0.0
232,250,January,24,fast,fast,10.535642427937745,326.60491526607007,0.0,0.0,0.0
232,250,July,24,fast,fast,10.535642427937745,326.60491526607007,0.0,0.0,0.0
232,250,June,24,fast,fast,16.20883189422571,486.2649568267713,0.0,0.0,0.0
232,250,March,24,fast,fast,10.535642427937745,326.60491526607007,0.0,0.0,0.0
232,250,May,24,fast,fast,10.535642427937745,326.60491526607007,0.0,0.0,0.0
232,250,November,24,fast,fast,10.535642427937745,316.06927283813235,0.0,0.0,0.0
232,250,October,24,fast,fast,10.535642427937745,326.60491526607007,0.0,0.0,0.0
232,250,September,24,fast,fast,10.535642427937745,316.06927283813235,0.0,0.0,0.0
232,250,September,25,fast,fast,2.784787747723204,83.54363243169612,0.0,0.0,0.0
235,234,April,32,fast,medium,2.2773490694507483,68.32047208352245,0.0,0.0,0.0
235,234,April,33,medium,medium,2.2773490694507483,68.32047208352245,0.0,0.0,0.0
235,234,August,32,medium,medium,2.2773490694507483,70.5978211529732,0.0,0.0,0.0
235,234,August,33,medium,medium,2.2773490694507483,70.5978211529732,0.0,0.0,0.0
235,234,December,32,fast,medium,2.2773490694507483,70.5978211529732,0.0,0.0,0.0
235,234,December,33,fast,medium,2.2773490694507483,70.5978211529732,0.0,0.0,0.0
235,234,February,32,medium,medium,2.2773490694507483,63.76577394462095,0.0,0.0,0.0
235,234,February,33,medium,medium,2.2773490694507483,63.76577394462095,0.0,0.0,0.0
235,234,January,32,fast,medium,2.2773490694507483,70.5978211529732,0.0,0.0,0.0
235,234,January,33,fast,medium,2.2773490694507483,70.5978211529732,0.0,0.0,0.0
235,234,July,32,fast,medium,2.2773490694507483,70.5978211529732,0.0,0.0,0.0
235,234,July,33,medium,medium,2.2773490694507483,70.5978211529732,0.0,0.0,0.0
235,234,June,32,fast,medium,2.2773490694507483,68.32047208352245,0.0,0.0,0.0
235,234,June,33,medium,medium,2.2773490694507483,68.32047208352245,0.0,0.0,0.0
235,234,March,32,fast,medium,2.2773490694507483,70.5978211529732,0.0,0.0,0.0
235,234,March,33,fast,medium,2.2773490694507483,70.5978211529732,0.0,0.0,0.0
235,234,May,32,medium,medium,2.2773490694507483,70.5978211529732,0.0,0.0,0.0
235,234,May,33,fast,medium,2.2773490694507483,70.5978211529732,0.0,0.0,0.0
235,234,November,32,medium,medium,2.2773490694507483,68.32047208352245,0.0,0.0,0.0
235,234,November,33,medium,medium,2.2773490694507483,68.32047208352245,0.0,0.0,0.0
235,234,October,32,medium,medium,2.2773490694507483,70.5978211529732,0.0,0.0,0.0
235,234,October,33,medium,medium,2.2773490694507483,70.5978211529732,0.0,0.0,0.0
235,234,September,32,fast,medium,2.2773490694507483,68.32047208352245,0.0,0.0,0.0
235,234,September,33,medium,medium,2.2773490694507483,68.32047208352245,0.0,0.0,0.0
237,223,April,16,fast,fast,25.0,750.0,0.0,0.0,0.0
237,223,April,17,fast,medium,0.20151923500000324,6.045577050000097,0.0,0.0,0.0
237,223,April,17,fast,fast,25.0,750.0,0.0,0.0,0.0
237,223,April,18,fast,medium,4.713744516954257,141.41233550862773,0.0,0.0,0.0
237,223,April,20,fast,fast,0.9629596719433522,28.888790158300566,0.0,0.0,0.0
237,223,April,34,fast,fast,9.455763194440522,283.67289583321565,0.0,0.0,0.0
237,223,August,34,medium,medium,8.905713250730145,276.07711077263446,0.0,0.0,0.0
237,223,August,34,fast,fast,0.5500499437103805,17.051548255021796,0.0,0.0,0.0
237,223,December,34,fast,medium,8.905713250730155,276.0771107726348,0.0,0.0,0.0
237,223,December,34,fast,fast,0.5500499437103663,17.051548255021356,0.0,0.0,0.0
237,223,February,16,fast,fast,1.2909560714285715,36.146770000000004,0.0,0.0,0.0
237,223,February,17,fast,fast,8.465492857142857,237.0338,0.0,0.0,0.0
237,223,February,34,medium,medium,8.905713250730159,249.35997102044445,0.0,0.0,0.0
237,223,February,34,fast,fast,0.5500499437103663,15.401398423890257,0.0,0.0,0.0
237,223,January,34,fast,fast,9.455763194440522,293.12865902765617,0.0,0.0,0.0
237,223,July,17,fast,fast,21.329445373843768,661.2128065891568,0.0,0.0,0.0
237,223,July,34,medium,medium,8.905713250730159,276.0771107726349,0.0,0.0,0.0
237,223,July,34,fast,fast,0.5500499437103663,17.051548255021356,0.0,0.0,0.0
237,223,June,16,medium,medium,1.379381892279003,41.38145676837009,0.0,0.0,0.0
237,223,June,16,fast,fast,25.0,750.0,0.0,0.0,0.0
237,223,June,17,fast,medium,1.631807000000002,48.95421000000006,0.0,0.0,0.0
237,223,June,17,fast,fast,25.0,750.0,0.0,0.0,0.0
237,223,June,18,fast,fast,21.75705561090694,652.7116683272081,0.0,0.0,0.0
237,223,June,19,medium,medium,14.19659677046183,425.8979031138549,0.0,0.0,0.0
237,223,June,20,fast,fast,16.139290338610024,484.17871015830076,0.0,0.0,0.0
237,223,June,34,fast,fast,9.455763194440522,283.67289583321565,0.0,0.0,0.0
237,223,March,16,fast,fast,6.984952580645161,216.53352999999998,0.0,0.0,0.0
237,223,March,17,fast,fast,18.156422897749806,562.849109830244,0.0,0.0,0.0
237,223,March,34,medium,medium,8.905713250730145,276.07711077263446,0.0,0.0,0.0
237,223,March,34,fast,fast,0.5500499437103805,17.051548255021796,0.0,0.0,0.0
237,223,May,16,fast,fast,25.0,775.0,0.0,0.0,0.0
237,223,May,17,fast,fast,21.51954502621247,667.1058958125866,0.0,0.0,0.0
237,223,May,18,medium,medium,17.53623661810674,543.623335161309,0.0,0.0,0.0
237,223,May,20,medium,medium,9.0596864461369,280.85027983024395,0.0,0.0,0.0
237,223,May,34,fast,fast,9.455763194440522,293.12865902765617,0.0,0.0,0.0
237,223,November,17,fast,fast,0.7140133583520254,21.420400750560763,0.0,0.0,0.0
237,223,November,34,medium,medium,8.905713250730159,267.17139752190474,0.0,0.0,0.0
237,223,November,34,fast,fast,0.5500499437103663,16.50149831131099,0.0,0.0,0.0
237,223,October,34,medium,medium,8.905713250730159,276.0771107726349,0.0,0.0,0.0
237,223,October,34,fast,fast,0.5500499437103663,17.051548255021356,0.0,0.0,0.0
237,223,September,17,fast,fast,19.999998999999917,599.9999699999976,0.0,0.0,0.0
237,223,September,18,fast,fast,1.8454095549144043,55.36228664743213,0.0,0.0,0.0
237,223,September,23,fast,fast,0.09999391514853784,2.999817454456135,0.0,0.0,0.0
237,223,September,34,fast,fast,9.455763194440522,283.67289583321565,0.0,0.0,0.0
237,238,May,18,medium,medium,0.1,3.1,0.0,0.0,0.0
237,238,May,19,medium,medium,4.526808139332516,140.33105231930801,0.0,0.0,0.0
238,223,September,21,fast,fast,4.332130167080233,129.96390501240697,0.0,0.0,0.0
238,224,April,15,fast,fast,1.4384128705286514,43.15238611585954,0.0,0.0,0.0
238,224,April,16,fast,fast,16.593790504690293,497.8137151407088,0.0,0.0,0.0
238,224,April,17,fast,fast,4.5493365601735505,136.48009680520653,0.0,0.0,0.0
238,224,April,32,fast,fast,0.11775548641843869,3.532664592553161,0.0,0.0,0.0
238,224,August,23,fast,fast,4.478508769905474,138.8337718670697,0.0,0.0,0.0
238,224,February,23,fast,fast,0.4308257857246929,12.0631220002914,0.0,0.0,0.0
238,224,June,16,fast,fast,21.03592958237774,631.0778874713322,0.0,0.0,0.0
238,224,June,17,fast,fast,12.810062166623666,384.30186499871,0.0,0.0,0.0
238,224,June,18,fast,fast,1.0617992208777878,31.853976626333633,0.0,0.0,0.0
238,224,June,32,fast,fast,9.132791787504061,273.98375362512184,0.0,0.0,0.0
238,224,March,23,fast,fast,4.478508769905467,138.8337718670695,0.0,0.0,0.0
238,224,May,32,fast,fast,9.132791787504054,283.11654541262567,0.0,0.0,0.0
238,224,September,23,fast,fast,4.478508769905474,134.35526309716423,0.0,0.0,0.0
238,237,April,31,fast,fast,3.1611932015102795,94.83579604530838,0.0,0.0,0.0
238,237,June,31,fast,fast,7.322110452967877,219.6633135890363,0.0,0.0,0.0
238,237,June,32,medium,medium,0.20947379317001236,6.284213795100371,0.0,0.0,0.0
239,224,June,31,fast,fast,18.039066826040937,541.1720047812281,0.0,0.0,0.0
239,224,May,16,fast,fast,0.7299443638080021,22.628275278048065,0.0,0.0,0.0
239,256,April,38,medium,medium,0.769567680930578,23.08703042791734,0.0,0.0,0.0
239,256,August,38,fast,medium,0.769567680930578,23.85659810884792,0.0,0.0,0.0
239,256,December,38,medium,medium,0.769567680930578,23.85659810884792,0.0,0.0,0.0
239,256,February,38,medium,medium,0.769567680930578,21.547895066056185,0.0,0.0,0.0
239,256,January,38,medium,medium,0.769567680930578,23.85659810884792,0.0,0.0,0.0
239,256,July,38,medium,medium,0.769567680930578,23.85659810884792,0.0,0.0,0.0
239,256,June,38,medium,medium,0.769567680930578,23.08703042791734,0.0,0.0,0.0
239,256,March,38,medium,medium,0.769567680930578,23.85659810884792,0.0,0.0,0.0
239,256,May,38,fast,fast,0.769567680930578,23.85659810884792,0.0,0.0,0.0
239,256,November,38,fast,medium,0.769567680930578,23.08703042791734,0.0,0.0,0.0
239,256,October,38,medium,medium,0.769567680930578,23.85659810884792,0.0,0.0,0.0
239,256,September,38,medium,medium,0.769567680930578,23.08703042791734,0.0,0.0,0.0
240,225,April,33,fast,fast,1.2708071257726843,38.12421377318053,0.0,0.0,0.0
240,225,August,33,fast,fast,1.908838192674569,59.17398397291164,0.0,0.0,0.0
240,225,June,32,fast,fast,5.235287752964077,157.0586325889223,0.0,0.0,0.0
240,225,June,33,fast,fast,47.79763259752809,1433.928977925843,0.0,0.0,0.0
240,225,June,34,fast,fast,27.70741727230489,831.2225181691467,0.0,0.0,0.0
240,225,June,36,fast,fast,8.343847376325089,250.31542128975266,0.0,0.0,0.0
240,225,June,37,fast,fast,3.3880437500000005,101.64131250000001,0.0,0.0,0.0
240,225,May,35,fast,fast,0.7888541334207229,24.454478136042407,0.0,0.0,0.0
240,225,May,36,fast,fast,9.222205241935482,285.88836249999997,0.0,0.0,0.0
240,225,May,37,fast,fast,2.2001870967741937,68.20580000000001,0.0,0.0,0.0
240,225,September,33,fast,fast,4.407552211749714,132.2265663524914,0.0,0.0,0.0
240,226,April,32,fast,fast,6.137941886989554,184.13825660968664,0.0,0.0,0.0
240,226,April,33,fast,fast,8.980854545302115,269.42563635906345,0.0,0.0,0.0
240,226,April,39,fast,fast,0.8494066528225833,25.4821995846775,0.0,0.0,0.0
240,226,August,18,fast,fast,0.3590116266622321,11.129360426529194,0.0,0.0,0.0
240,226,August,27,fast,fast,14.754590596502235,457.3923084915693,0.0,0.0,0.0
240,226,August,28,fast,fast,6.764015383868479,209.68447689992286,0.0,0.0,0.0
240,226,August,32,fast,fast,3.9343106020433174,121.96362866334285,0.0,0.0,0.0
240,226,August,33,fast,fast,8.34282347840023,258.62752783040713,0.0,0.0,0.0
240,226,December,18,fast,fast,2.1045010969675886,65.23953400599524,0.0,0.0,0.0
240,226,December,33,fast,fast,10.2516616710748,317.8015118033188,0.0,0.0,0.0
240,226,February,18,fast,fast,1.5195091410454324,42.54625594927211,0.0,0.0,0.0
240,226,February,27,fast,fast,2.663911978468253,74.58953539711108,0.0,0.0,0.0
240,226,February,33,fast,fast,10.2516616710748,287.0465267900944,0.0,0.0,0.0
240,226,January,18,fast,fast,2.1045010969675886,65.23953400599524,0.0,0.0,0.0
240,226,January,33,fast,fast,10.2516616710748,317.8015118033188,0.0,0.0,0.0
240,226,July,33,fast,fast,10.2516616710748,317.8015118033188,0.0,0.0,0.0
240,226,July,36,fast,fast,1.214513699252553,37.649924676829144,0.0,0.0,0.0
240,226,July,37,fast,fast,0.6688687096774194,20.734930000000002,0.0,0.0,0.0
240,226,July,38,fast,fast,0.6688687096774194,20.734930000000002,0.0,0.0,0.0
240,226,July,39,fast,fast,0.12324734999999781,3.820667849999932,0.0,0.0,0.0
240,226,July,40,fast,fast,0.1,3.1,0.0,0.0,0.0
240,226,June,32,fast,fast,7.891130636989554,236.7339191096866,0.0,0.0,0.0
240,226,June,33,fast,fast,7.44089756082405,223.2269268247215,0.0,0.0,0.0
240,226,June,34,fast,fast,6.541135166666667,196.234055,0.0,0.0,0.0
240,226,June,35,fast,fast,1.2102292355712603,36.306877067137805,0.0,0.0,0.0
240,226,June,36,fast,fast,2.6359931666666667,79.079795,0.0,0.0,0.0
240,226,June,37,fast,fast,1.3259967068548377,39.77990120564513,0.0,0.0,0.0
240,226,June,38,fast,fast,0.72550625,21.7651875,0.0,0.0,0.0
240,226,June,39,fast,fast,0.17371808333333333,5.2115425,0.0,0.0,0.0
240,226,June,40,fast,fast,0.17371808333333333,5.2115425,0.0,0.0,0.0
240,226,March,18,fast,fast,0.608353081137599,18.858945515265567,0.0,0.0,0.0
240,226,March,24,fast,fast,5.133372689919398,159.13455338750134,0.0,0.0,0.0
240,226,March,25,fast,fast,6.470303294800459,200.57940213881423,0.0,0.0,0.0
240,226,March,29,fast,fast,0.1,3.1,0.0,0.0,0.0
240,226,March,32,fast,fast,2.012455198817511,62.38611116334284,0.0,0.0,0.0
240,226,March,33,fast,fast,10.2516616710748,317.8015118033188,0.0,0.0,0.0
240,226,May,32,fast,fast,8.067551085914282,250.09408366334273,0.0,0.0,0.0
240,226,May,33,fast,fast,10.2516616710748,317.8015118033188,0.0,0.0,0.0
240,226,May,34,fast,fast,1.013065749784233,31.405038243311225,0.0,0.0,0.0
240,226,May,35,fast,fast,1.9748173387096772,61.219337499999995,0.0,0.0,0.0
240,226,May,36,fast,fast,1.9748173387096772,61.219337499999995,0.0,0.0,0.0
240,226,May,37,fast,fast,0.47114193548387096,14.6054,0.0,0.0,0.0
240,226,May,38,fast,fast,0.47114193548387096,14.6054,0.0,0.0,0.0
240,226,May,39,fast,fast,1.2534031572849489,38.855497875833414,0.0,0.0,0.0
240,226,May,40,fast,fast,0.1,3.1,0.0,0.0,0.0
240,226,November,18,fast,fast,2.1045010969675886,63.13503290902766,0.0,0.0,0.0
240,226,November,33,fast,fast,10.2516616710748,307.549850132244,0.0,0.0,0.0
240,226,October,18,fast,fast,2.1045010969675886,65.23953400599524,0.0,0.0,0.0
240,226,October,33,fast,fast,10.2516616710748,317.8015118033188,0.0,0.0,0.0
240,226,September,18,fast,fast,0.6487398553311472,19.462195659934416,0.0,0.0,0.0
240,226,September,27,fast,fast,20.0,600.0,0.0,0.0,0.0
240,226,September,28,fast,fast,1.5879201308143749,47.63760392443125,0.0,0.0,0.0
240,226,September,32,fast,fast,2.181196886989553,65.43590660968658,0.0,0.0,0.0
240,226,September,33,fast,fast,5.844109459325086,175.3232837797526,0.0,0.0,0.0
240,257,April,14,medium,medium,0.5905265741071428,17.715797223214285,0.0,0.0,0.0
240,257,April,18,medium,medium,12.634545000000001,379.03635,0.0,0.0,0.0
240,257,April,19,medium,medium,0.14416824525105199,4.3250473575315596,0.0,0.0,0.0
240,257,August,18,medium,medium,10.534008228668915,326.55425508873634,0.0,0.0,0.0
240,257,December,18,medium,medium,8.788518758363558,272.4440815092703,0.0,0.0,0.0
240,257,February,18,medium,medium,9.373510714285715,262.4583,0.0,0.0,0.0
240,257,January,18,medium,medium,8.788518758363558,272.4440815092703,0.0,0.0,0.0
240,257,July,18,medium,medium,11.662415806451612,361.53488999999996,0.0,0.0,0.0
240,257,June,18,medium,medium,13.3939245,401.817735,0.0,0.0,0.0
240,257,March,18,medium,medium,10.284666774193548,318.82466999999997,0.0,0.0,0.0
240,257,May,18,medium,medium,14.229493064516129,441.114285,0.0,0.0,0.0
240,257,November,18,medium,medium,8.788518758363558,263.65556275090677,0.0,0.0,0.0
240,257,October,18,medium,medium,8.788518758363558,272.4440815092703,0.0,0.0,0.0
240,257,September,18,medium,medium,10.24428,307.3284,0.0,0.0,0.0
241,226,April,21,fast,fast,9.06067571465633,271.8202714396899,0.0,0.0,0.0
241,226,April,22,fast,fast,8.087226737813884,242.61680213441653,0.0,0.0,0.0
241,226,August,21,fast,fast,9.06067571465633,280.88094715434625,0.0,0.0,0.0
241,226,August,22,fast,fast,2.3179702485665707,71.8570777055637,0.0,0.0,0.0
241,226,December,21,fast,fast,9.06067571465633,280.88094715434625,0.0,0.0,0.0
241,226,February,21,fast,fast,9.06067571465633,253.69892001037726,0.0,0.0,0.0
241,226,February,22,fast,fast,0.1,2.8000000000000003,0.0,0.0,0.0
241,226,January,21,fast,fast,9.06067571465633,280.88094715434625,0.0,0.0,0.0
241,226,July,21,fast,fast,9.06067571465633,280.88094715434625,0.0,0.0,0.0
241,226,July,22,fast,fast,3.940145490502058,122.14451020556379,0.0,0.0,0.0
241,226,June,21,fast,fast,9.06067571465633,271.8202714396899,0.0,0.0,0.0
241,226,June,22,fast,fast,8.904643321147217,267.13929963441655,0.0,0.0,0.0
241,226,March,21,fast,fast,9.06067571465633,280.88094715434625,0.0,0.0,0.0
241,226,March,22,fast,fast,1.757509038889153,54.48278020556374,0.0,0.0,0.0
241,226,May,21,fast,fast,9.06067571465633,280.88094715434625,0.0,0.0,0.0
241,226,May,22,fast,fast,10.243331023259781,317.5432617210532,0.0,0.0,0.0
241,226,November,21,fast,fast,9.06067571465633,271.8202714396899,0.0,0.0,0.0
241,226,October,21,fast,fast,9.06067571465633,280.88094715434625,0.0,0.0,0.0
241,226,September,21,fast,fast,9.06067571465633,271.8202714396899,0.0,0.0,0.0
241,226,September,22,fast,fast,2.918394904480552,87.55184713441656,0.0,0.0,0.0
242,258,April,33,fast,medium,3.844224182103005,115.32672546309016,0.0,0.0,0.0
242,258,August,33,medium,medium,3.844224182103005,119.17094964519316,0.0,0.0,0.0
242,258,December,33,fast,medium,3.844224182103005,119.17094964519316,0.0,0.0,0.0
242,258,February,33,fast,medium,3.844224182103005,107.63827709888415,0.0,0.0,0.0
242,258,January,33,medium,medium,3.844224182103005,119.17094964519316,0.0,0.0,0.0
242,258,July,33,fast,medium,3.844224182103005,119.17094964519316,0.0,0.0,0.0
242,258,June,33,medium,medium,3.844224182103005,115.32672546309016,0.0,0.0,0.0
242,258,March,33,medium,medium,3.844224182103005,119.17094964519316,0.0,0.0,0.0
242,258,May,33,medium,medium,3.844224182103005,119.17094964519316,0.0,0.0,0.0
242,258,November,33,fast,medium,3.844224182103005,115.32672546309016,0.0,0.0,0.0
242,258,October,33,fast,medium,3.844224182103005,119.17094964519316,0.0,0.0,0.0
242,258,September,33,medium,medium,3.844224182103005,115.32672546309016,0.0,0.0,0.0
244,261,April,16,medium,medium,4.3061816629038,129.185449887114,0.0,0.0,0.0
244,261,April,17,medium,medium,0.1,3.0,0.0,0.0,0.0
244,261,April,18,medium,medium,6.821635053046273,204.64905159138817,0.0,0.0,0.0
244,261,April,19,medium,medium,4.459263554653522,133.77790663960567,0.0,0.0,0.0
244,261,August,16,medium,medium,4.3061816629038,133.4916315500178,0.0,0.0,0.0
244,261,August,17,fast,medium,0.1,3.1,0.0,0.0,0.0
244,261,December,16,medium,medium,4.3061816629038,133.4916315500178,0.0,0.0,0.0
244,261,December,17,medium,medium,0.1,3.1,0.0,0.0,0.0
244,261,February,16,medium,medium,4.3061816629038,120.5730865613064,0.0,0.0,0.0
244,261,February,17,fast,medium,0.1,2.8000000000000003,0.0,0.0,0.0
244,261,January,16,fast,medium,4.3061816629038,133.4916315500178,0.0,0.0,0.0
244,261,January,17,fast,medium,0.1,3.1,0.0,0.0,0.0
244,261,July,16,medium,medium,4.3061816629038,133.4916315500178,0.0,0.0,0.0
244,261,July,17,fast,medium,0.1,3.1,0.0,0.0,0.0
244,261,June,16,medium,medium,4.3061816629038,129.185449887114,0.0,0.0,0.0
244,261,June,17,medium,medium,5.863807228364874,175.91421685094622,0.0,0.0,0.0
244,261,June,18,medium,medium,9.006961510204082,270.20884530612244,0.0,0.0,0.0
244,261,June,19,medium,medium,4.459263554653522,133.77790663960567,0.0,0.0,0.0
244,261,March,16,fast,medium,4.3061816629038,133.4916315500178,0.0,0.0,0.0
244,261,March,17,medium,medium,0.1,3.1,0.0,0.0,0.0
244,261,May,15,fast,medium,0.13239190814652702,4.1041491525423375,0.0,0.0,0.0
244,261,May,16,medium,medium,8.10614065905932,251.29036043083894,0.0,0.0,0.0
244,261,May,17,medium,medium,8.21767117840685,254.74780653061234,0.0,0.0,0.0
244,261,May,18,fast,medium,10.437808060307335,323.57204986952735,0.0,0.0,0.0
244,261,May,19,medium,medium,4.459263554653522,138.2371701942592,0.0,0.0,0.0
244,261,November,16,fast,medium,4.3061816629038,129.185449887114,0.0,0.0,0.0
244,261,November,17,fast,medium,0.1,3.0,0.0,0.0,0.0
244,261,October,16,fast,medium,4.3061816629038,133.4916315500178,0.0,0.0,0.0
244,261,October,17,medium,medium,0.1,3.1,0.0,0.0,0.0
244,261,September,16,medium,medium,4.3061816629038,129.185449887114,0.0,0.0,0.0
244,261,September,17,medium,medium,0.1,3.0,0.0,0.0,0.0
248,266,May,19,medium,medium,0.6380512640501621,19.779589185555025,0.0,0.0,0.0
249,267,May,15,fast,fast,1.045223918981947,32.40194148844036,0.0,0.0,0.0
249,268,April,14,fast,medium,3.895348837209302,116.86046511627906,0.0,0.0,0.0
249,268,April,15,fast,medium,3.6046511627906974,108.13953488372093,0.0,0.0,0.0
249,268,August,14,fast,medium,3.895348837209302,120.75581395348837,0.0,0.0,0.0
249,268,August,15,fast,medium,3.6046511627906974,111.74418604651162,0.0,0.0,0.0
249,268,December,14,medium,medium,3.895348837209302,120.75581395348837,0.0,0.0,0.0
249,268,December,15,medium,medium,3.6046511627906974,111.74418604651162,0.0,0.0,0.0
249,268,February,14,fast,medium,3.895348837209302,109.06976744186046,0.0,0.0,0.0
249,268,February,15,fast,medium,3.6046511627906974,100.93023255813952,0.0,0.0,0.0
249,268,January,14,medium,medium,3.895348837209302,120.75581395348837,0.0,0.0,0.0
249,268,January,15,fast,medium,3.6046511627906974,111.74418604651162,0.0,0.0,0.0
249,268,July,14,fast,medium,3.895348837209302,120.75581395348837,0.0,0.0,0.0
249,268,July,15,fast,medium,3.6046511627906974,111.74418604651162,0.0,0.0,0.0
249,268,June,14,fast,medium,3.895348837209302,116.86046511627906,0.0,0.0,0.0
249,268,June,15,medium,medium,3.6046511627906974,108.13953488372093,0.0,0.0,0.0
249,268,March,14,medium,medium,3.895348837209302,120.75581395348837,0.0,0.0,0.0
249,268,March,15,fast,medium,3.6046511627906974,111.74418604651162,0.0,0.0,0.0
249,268,May,14,medium,medium,3.895348837209302,120.75581395348837,0.0,0.0,0.0
249,268,May,15,fast,medium,2.5594272438087504,79.34224455807126,0.0,0.0,0.0
249,268,November,14,fast,medium,3.895348837209302,116.86046511627906,0.0,0.0,0.0
249,268,November,15,medium,medium,3.6046511627906974,108.13953488372093,0.0,0.0,0.0
249,268,October,14,fast,medium,3.895348837209302,120.75581395348837,0.0,0.0,0.0
249,268,October,15,fast,medium,3.6046511627906974,111.74418604651162,0.0,0.0,0.0
249,268,September,14,medium,medium,3.895348837209302,116.86046511627906,0.0,0.0,0.0
249,268,September,15,fast,medium,3.6046511627906974,108.13953488372093,0.0,0.0,0.0
250,232,April,36,medium,medium,8.992961204044747,269.7888361213424,0.0,0.0,0.0
250,232,April,37,fast,medium,4.907045133000347,147.2113539900104,0.0,0.0,0.0
250,232,August,36,fast,medium,8.992961204044747,278.7817973253872,0.0,0.0,0.0
250,232,December,36,medium,medium,8.992961204044747,278.7817973253872,0.0,0.0,0.0
250,232,February,36,fast,medium,8.992961204044747,251.8029137132529,0.0,0.0,0.0
250,232,January,36,medium,medium,8.992961204044747,278.7817973253872,0.0,0.0,0.0
250,232,July,36,medium,medium,8.992961204044747,278.7817973253872,0.0,0.0,0.0
250,232,June,35,fast,medium,2.0473733333333333,61.4212,0.0,0.0,0.0
250,232,June,36,fast,medium,8.992961204044747,269.7888361213424,0.0,0.0,0.0
250,232,March,36,fast,medium,8.992961204044747,278.7817973253872,0.0,0.0,0.0
250,232,May,35,medium,medium,1.5338387096774193,47.549,0.0,0.0,0.0
250,232,May,36,fast,medium,8.992961204044747,278.7817973253872,0.0,0.0,0.0
250,232,May,37,fast,medium,5.78708121428854,179.39951764294474,0.0,0.0,0.0
250,232,November,36,fast,medium,8.992961204044747,269.7888361213424,0.0,0.0,0.0
250,232,October,36,medium,medium,8.992961204044747,278.7817973253872,0.0,0.0,0.0
250,232,September,36,fast,medium,8.992961204044747,269.7888361213424,0.0,0.0,0.0
251,252,June,21,fast,medium,3.838937494927805,115.16812484783415,0.0,0.0,0.0
251,252,May,20,medium,medium,0.708262083791368,21.95612459753241,0.0,0.0,0.0
251,271,April,32,fast,fast,4.397113469594213,131.9134040878264,0.0,0.0,0.0
251,271,April,36,medium,medium,4.8876857549933845,146.63057264980154,0.0,0.0,0.0
251,271,August,32,fast,fast,0.6847243853024274,21.22645594437525,0.0,0.0,0.0
251,271,August,36,fast,medium,4.8876857549933845,151.51825840479492,0.0,0.0,0.0
251,271,December,36,fast,fast,4.8876857549933845,151.51825840479492,0.0,0.0,0.0
251,271,February,36,fast,fast,4.8876857549933845,136.85520113981477,0.0,0.0,0.0
251,271,January,36,medium,medium,4.8876857549933845,151.51825840479492,0.0,0.0,0.0
251,271,July,36,fast,fast,4.8876857549933845,151.51825840479492,0.0,0.0,0.0
251,271,June,36,fast,medium,4.8876857549933845,146.63057264980154,0.0,0.0,0.0
251,271,March,36,fast,fast,4.8876857549933845,151.51825840479492,0.0,0.0,0.0
251,271,May,36,fast,fast,4.8876857549933845,151.51825840479492,0.0,0.0,0.0
251,271,November,36,fast,fast,4.8876857549933845,146.63057264980154,0.0,0.0,0.0
251,271,October,36,fast,fast,4.8876857549933845,151.51825840479492,0.0,0.0,0.0
251,271,September,36,fast,fast,4.8876857549933845,146.63057264980154,0.0,0.0,0.0
253,272,April,23,fast,fast,16.54006808278867,496.20204248366014,0.0,0.0,0.0
253,272,April,24,fast,fast,13.396990740740742,401.9097222222223,0.0,0.0,0.0
253,272,April,25,fast,fast,22.43943661971831,673.1830985915493,0.0,0.0,0.0
253,272,April,26,fast,fast,1.5240765625998307,45.72229687799492,0.0,0.0,0.0
253,272,June,22,medium,medium,16.99160403567044,509.74812107011326,0.0,0.0,0.0
253,272,June,23,medium,medium,0.21961899999999446,6.588569999999834,0.0,0.0,0.0
253,272,June,23,fast,fast,16.54006808278867,496.20204248366014,0.0,0.0,0.0
253,272,June,24,fast,medium,0.21961899999999446,6.588569999999834,0.0,0.0,0.0
253,272,June,24,fast,fast,13.396990740740742,401.9097222222223,0.0,0.0,0.0
253,272,June,25,fast,fast,22.43943661971831,673.1830985915493,0.0,0.0,0.0
253,272,June,26,fast,medium,18.34380708771929,550.3142126315787,0.0,0.0,0.0
253,272,June,26,fast,fast,1.5240765625998307,45.72229687799492,0.0,0.0,0.0
253,272,June,27,fast,fast,18.9858034196697,569.574102590091,0.0,0.0,0.0
253,272,May,22,fast,medium,0.7228280034123813,22.40766810578382,0.0,0.0,0.0
253,272,May,22,fast,fast,25.0,775.0,0.0,0.0,0.0
253,272,May,23,fast,fast,16.54006808278867,512.7421105664488,0.0,0.0,0.0
253,272,May,24,fast,fast,13.396990740740742,415.306712962963,0.0,0.0,0.0
253,272,May,25,fast,fast,22.43943661971831,695.6225352112676,0.0,0.0,0.0
253,272,May,26,fast,fast,1.5240765625998307,47.24637344059475,0.0,0.0,0.0
253,272,September,25,fast,fast,4.2784812863849755,128.35443859154927,0.0,0.0,0.0
253,273,April,18,fast,medium,2.745067662748397,82.35202988245192,0.0,0.0,0.0
253,273,August,18,fast,medium,2.745067662748397,85.09709754520031,0.0,0.0,0.0
253,273,December,18,fast,medium,2.745067662748397,85.09709754520031,0.0,0.0,0.0
253,273,February,18,fast,medium,2.745067662748397,76.86189455695512,0.0,0.0,0.0
253,273,January,18,fast,medium,2.745067662748397,85.09709754520031,0.0,0.0,0.0
253,273,July,18,medium,medium,2.745067662748397,85.09709754520031,0.0,0.0,0.0
253,273,June,9,medium,medium,1.26200025,37.8600075,0.0,0.0,0.0
253,273,June,10,fast,medium,1.26200025,37.8600075,0.0,0.0,0.0
253,273,June,11,fast,medium,0.46955720144725976,14.086716043417793,0.0,0.0,0.0
253,273,June,18,medium,medium,2.745067662748397,82.35202988245192,0.0,0.0,0.0
253,273,March,18,medium,medium,2.745067662748397,85.09709754520031,0.0,0.0,0.0
253,273,May,18,medium,medium,2.745067662748397,85.09709754520031,0.0,0.0,0.0
253,273,November,18,medium,medium,2.745067662748397,82.35202988245192,0.0,0.0,0.0
253,273,October,18,fast,medium,2.745067662748397,85.09709754520031,0.0,0.0,0.0
253,273,September,18,medium,medium,2.745067662748397,82.35202988245192,0.0,0.0,0.0
254,236,April,26,fast,fast,14.451178252206375,433.53534756619126,0.0,0.0,0.0
254,236,April,27,fast,fast,8.039150630391504,241.1745189117451,0.0,0.0,0.0
254,236,April,28,fast,fast,7.083609820836095,212.50829462508284,0.0,0.0,0.0
254,236,June,26,fast,fast,14.451178252206375,433.53534756619126,0.0,0.0,0.0
254,236,June,27,fast,fast,8.039150630391504,241.1745189117451,0.0,0.0,0.0
254,236,June,28,fast,fast,7.083609820836095,212.50829462508284,0.0,0.0,0.0
254,255,April,17,fast,medium,1.8945589626781896,56.83676888034569,0.0,0.0,0.0
254,255,August,17,fast,medium,1.8945589626781896,58.73132784302388,0.0,0.0,0.0
254,255,December,17,fast,medium,1.8945589626781896,58.73132784302388,0.0,0.0,0.0
254,255,February,17,fast,medium,1.8945589626781896,53.04765095498931,0.0,0.0,0.0
254,255,January,17,fast,medium,1.8945589626781896,58.73132784302388,0.0,0.0,0.0
254,255,July,17,fast,medium,1.8945589626781896,58.73132784302388,0.0,0.0,0.0
254,255,June,12,fast,fast,3.1597968361720046,94.79390508516013,0.0,0.0,0.0
254,255,June,17,fast,medium,1.8945589626781896,56.83676888034569,0.0,0.0,0.0
254,255,March,17,fast,medium,1.8945589626781896,58.73132784302388,0.0,0.0,0.0
254,255,May,17,fast,medium,1.8945589626781896,58.73132784302388,0.0,0.0,0.0
254,255,November,17,fast,medium,1.8945589626781896,56.83676888034569,0.0,0.0,0.0
254,255,October,17,fast,medium,1.8945589626781896,58.73132784302388,0.0,0.0,0.0
254,255,September,17,fast,medium,1.8945589626781896,56.83676888034569,0.0,0.0,0.0
255,238,May,16,fast,fast,2.5610364717364575,79.39213062383018,0.0,0.0,0.0
255,274,April,16,medium,medium,2.5610364717364575,76.83109415209373,0.0,0.0,0.0
255,274,August,16,medium,medium,2.5610364717364575,79.39213062383018,0.0,0.0,0.0
255,274,December,16,medium,medium,2.5610364717364575,79.39213062383018,0.0,0.0,0.0
255,274,February,16,medium,medium,2.5610364717364575,71.70902120862081,0.0,0.0,0.0
255,274,January,16,medium,medium,2.5610364717364575,79.39213062383018,0.0,0.0,0.0
255,274,July,16,medium,medium,2.5610364717364575,79.39213062383018,0.0,0.0,0.0
255,274,June,16,medium,medium,2.5610364717364575,76.83109415209373,0.0,0.0,0.0
255,274,March,16,medium,medium,2.5610364717364575,79.39213062383018,0.0,0.0,0.0
255,274,November,16,medium,medium,2.5610364717364575,76.83109415209373,0.0,0.0,0.0
255,274,October,16,medium,medium,2.5610364717364575,79.39213062383018,0.0,0.0,0.0
255,274,September,16,medium,medium,2.5610364717364575,76.83109415209373,0.0,0.0,0.0
255,275,July,13,fast,fast,0.1757278862079481,5.447564472446391,0.0,0.0,0.0
255,275,June,13,fast,fast,6.764199337220681,202.92598011662045,0.0,0.0,0.0
255,275,June,23,medium,medium,21.472749263984603,644.1824779195381,0.0,0.0,0.0
255,275,May,13,fast,fast,6.764199337220681,209.69017945384113,0.0,0.0,0.0
255,275,May,14,fast,fast,2.0758626007941494,64.35174062461863,0.0,0.0,0.0
255,275,May,15,medium,medium,0.4025270393308418,12.478338219256095,0.0,0.0,0.0
255,275,May,22,fast,fast,3.79056266538214,117.50744262684634,0.0,0.0,0.0
256,238,April,27,fast,fast,15.594195273135185,467.8258581940555,0.0,0.0,0.0
256,238,April,28,medium,medium,10.082837270380466,302.48511811141395,0.0,0.0,0.0
256,238,April,28,fast,fast,4.875820954384253,146.27462863152758,0.0,0.0,0.0
256,238,April,29,fast,fast,23.548280423280424,706.4484126984128,0.0,0.0,0.0
256,238,April,30,fast,fast,22.89879111506961,686.9637334520883,0.0,0.0,0.0
256,238,April,31,medium,medium,11.317313925414595,339.51941776243785,0.0,0.0,0.0
256,238,August,28,fast,fast,4.875820954384253,151.15044958591182,0.0,0.0,0.0
256,238,August,29,fast,fast,11.366892530604673,352.37366844874487,0.0,0.0,0.0
256,238,August,30,fast,fast,10.059557889263157,311.8462945671579,0.0,0.0,0.0
256,238,August,31,medium,medium,11.317313925414595,350.8367316878524,0.0,0.0,0.0
256,238,December,31,medium,medium,11.317313925414595,350.8367316878524,0.0,0.0,0.0
256,238,February,28,fast,fast,4.87582095438426,136.52298672275927,0.0,0.0,0.0
256,238,February,29,fast,fast,11.366892530604673,318.27299085693085,0.0,0.0,0.0
256,238,February,31,medium,medium,11.317313925414595,316.88478991160866,0.0,0.0,0.0
256,238,January,31,medium,medium,11.317313925414595,350.8367316878524,0.0,0.0,0.0
256,238,July,28,medium,medium,2.761927580645157,85.61975499999986,0.0,0.0,0.0
256,238,July,28,fast,fast,4.875820954384253,151.15044958591182,0.0,0.0,0.0
256,238,July,29,fast,fast,18.610276874893323,576.918583121693,0.0,0.0,0.0
256,238,July,30,fast,fast,15.55516740924578,482.2101896866192,0.0,0.0,0.0
256,238,July,31,medium,medium,11.317313925414595,350.8367316878524,0.0,0.0,0.0
256,238,June,27,fast,fast,10.042491306652423,301.27473919957265,0.0,0.0,0.0
256,238,June,28,fast,fast,4.875820954384253,146.27462863152758,0.0,0.0,0.0
256,238,June,29,fast,fast,23.548280423280424,706.4484126984128,0.0,0.0,0.0
256,238,June,30,fast,fast,22.89879111506961,686.9637334520883,0.0,0.0,0.0
256,238,June,31,medium,medium,25.997363676872197,779.920910306166,0.0,0.0,0.0
256,238,March,29,fast,fast,11.366892530604673,352.37366844874487,0.0,0.0,0.0
256,238,March,31,medium,medium,11.317313925414595,350.8367316878524,0.0,0.0,0.0
256,238,May,15,medium,medium,1.7195109725399504,53.304840148738464,0.0,0.0,0.0
256,238,May,29,fast,fast,7.52280408045047,233.20692649396457,0.0,0.0,0.0
256,238,May,31,medium,medium,19.733775917452697,611.7470534410336,0.0,0.0,0.0
256,238,November,29,fast,fast,1.7561124232804235,52.683372698412704,0.0,0.0,0.0
256,238,November,31,medium,medium,11.317313925414595,339.51941776243785,0.0,0.0,0.0
256,238,October,29,fast,fast,11.366892530604673,352.37366844874487,0.0,0.0,0.0
256,238,October,31,medium,medium,11.317313925414595,350.8367316878524,0.0,0.0,0.0
256,238,September,28,fast,fast,4.87582095438426,146.27462863152778,0.0,0.0,0.0
256,238,September,29,fast,fast,11.366892530604666,341.00677591813997,0.0,0.0,0.0
256,238,September,30,fast,fast,8.278618115069609,248.35854345208827,0.0,0.0,0.0
256,238,September,31,medium,medium,11.317313925414595,339.51941776243785,0.0,0.0,0.0
256,239,April,24,fast,fast,19.690016011886417,590.7004803565925,0.0,0.0,0.0
256,239,April,25,fast,fast,32.10637139763779,963.1911419291337,0.0,0.0,0.0
256,239,April,26,fast,fast,39.532552499999994,1185.976575,0.0,0.0,0.0
256,239,April,27,medium,medium,7.6205635294797105,228.61690588439131,0.0,0.0,0.0
256,239,April,28,fast,fast,4.009249792794293,120.27749378382879,0.0,0.0,0.0
256,239,April,29,fast,fast,34.4198062630433,1032.594187891299,0.0,0.0,0.0
256,239,April,30,fast,fast,40.78180752936076,1223.4542258808228,0.0,0.0,0.0
256,239,April,31,medium,medium,14.680049751457602,440.40149254372807,0.0,0.0,0.0
256,239,April,35,fast,fast,10.381215014777325,311.43645044331976,0.0,0.0,0.0
256,239,April,36,fast,fast,35.23219778552996,1056.965933565899,0.0,0.0,0.0
256,239,August,25,fast,fast,2.6440108331216576,81.96433582677139,0.0,0.0,0.0
256,239,August,26,fast,fast,10.070191935483862,312.1759499999997,0.0,0.0,0.0
256,239,August,27,fast,medium,12.214758802614895,378.65752288106177,0.0,0.0,0.0
256,239,August,28,medium,medium,0.8697546056977785,26.962392776631134,0.0,0.0,0.0
256,239,August,28,fast,fast,2.2223324574769805,68.8923061817864,0.0,0.0,0.0
256,239,August,29,fast,fast,35.453537096376635,1099.0596499876756,0.0,0.0,0.0
256,239,August,31,medium,medium,14.680049751457602,455.08154229518567,0.0,0.0,0.0
256,239,August,35,fast,fast,10.381215014777325,321.81766545809705,0.0,0.0,0.0
256,239,August,36,fast,fast,35.23219778552996,1092.1981313514289,0.0,0.0,0.0
256,239,December,27,medium,medium,12.214758802614895,378.65752288106177,0.0,0.0,0.0
256,239,December,28,fast,fast,7.967908017559012,247.00514854432936,0.0,0.0,0.0
256,239,December,29,fast,fast,46.82042962698131,1451.4333184364204,0.0,0.0,0.0
256,239,December,30,fast,fast,8.028020449359232,248.86863393013618,0.0,0.0,0.0
256,239,December,31,fast,fast,14.680049751457602,455.08154229518567,0.0,0.0,0.0
256,239,December,35,fast,fast,10.381215014777325,321.81766545809705,0.0,0.0,0.0
256,239,December,36,fast,fast,35.23219778552996,1092.1981313514289,0.0,0.0,0.0
256,239,February,27,fast,fast,12.214758802614895,342.01324647321707,0.0,0.0,0.0
256,239,February,28,fast,fast,3.092087063174752,86.57843776889305,0.0,0.0,0.0
256,239,February,29,fast,fast,35.453537096376635,992.6990386985458,0.0,0.0,0.0
256,239,February,30,fast,fast,8.028020449359232,224.7845725820585,0.0,0.0,0.0
256,239,February,31,medium,medium,14.680049751457602,411.04139304081286,0.0,0.0,0.0
256,239,February,35,fast,fast,10.381215014777325,290.6740204137651,0.0,0.0,0.0
256,239,February,36,fast,fast,35.23219778552996,986.5015379948389,0.0,0.0,0.0
256,239,January,27,medium,medium,12.214758802614867,378.65752288106086,0.0,0.0,0.0
256,239,January,28,fast,fast,7.967908017559012,247.00514854432936,0.0,0.0,0.0
256,239,January,29,medium,medium,11.366892530604659,352.3736684487444,0.0,0.0,0.0
256,239,January,29,fast,fast,35.453537096376635,1099.0596499876756,0.0,0.0,0.0
256,239,January,30,fast,fast,8.028020449359232,248.86863393013618,0.0,0.0,0.0
256,239,January,31,fast,fast,14.680049751457602,455.08154229518567,0.0,0.0,0.0
256,239,January,35,fast,fast,10.381215014777325,321.81766545809705,0.0,0.0,0.0
256,239,January,36,fast,fast,35.23219778552996,1092.1981313514289,0.0,0.0,0.0
256,239,July,25,fast,fast,11.40658841376683,353.60424082677173,0.0,0.0,0.0
256,239,July,26,fast,fast,18.832769516129034,583.815855,0.0,0.0,0.0
256,239,July,27,medium,medium,12.214758802614895,378.65752288106177,0.0,0.0,0.0
256,239,July,28,fast,fast,0.33015873015873015,10.234920634920634,0.0,0.0,0.0
256,239,July,29,fast,fast,28.210152752087986,874.5147353147275,0.0,0.0,0.0
256,239,July,30,fast,fast,3.4728530401134456,107.65844424351681,0.0,0.0,0.0
256,239,July,31,medium,medium,14.680049751457602,455.08154229518567,0.0,0.0,0.0
256,239,July,35,fast,fast,10.381215014777325,321.81766545809705,0.0,0.0,0.0
256,239,July,36,fast,fast,35.23219778552996,1092.1981313514289,0.0,0.0,0.0
256,239,June,24,fast,fast,20.952699352615323,628.5809805784597,0.0,0.0,0.0
256,239,June,25,fast,fast,31.9641602121582,958.9248063647459,0.0,0.0,0.0
256,239,June,26,fast,fast,39.531798891806744,1185.9539667542024,0.0,0.0,0.0
256,239,June,27,medium,medium,13.172267495962473,395.1680248788742,0.0,0.0,0.0
256,239,June,28,fast,medium,11.869754605697779,356.09263817093336,0.0,0.0,0.0
256,239,June,28,fast,fast,2.2223324574769805,66.66997372430941,0.0,0.0,0.0
256,239,June,29,fast,fast,35.453537096376635,1063.606112891299,0.0,0.0,0.0
256,239,June,30,fast,fast,41.8155383626941,1254.466150880823,0.0,0.0,0.0
256,239,June,35,fast,fast,10.381215014777304,311.43645044331913,0.0,0.0,0.0
256,239,June,36,fast,fast,35.23219778552996,1056.965933565899,0.0,0.0,0.0
256,239,March,25,fast,fast,1.1153163976377938,34.57480832677161,0.0,0.0,0.0
256,239,March,26,fast,fast,8.541497499999998,264.78642249999996,0.0,0.0,0.0
256,239,March,27,medium,medium,12.214758802614895,378.65752288106177,0.0,0.0,0.0
256,239,March,28,fast,medium,5.745575560082031,178.11284236254295,0.0,0.0,0.0
256,239,March,28,fast,fast,2.2223324574769805,68.8923061817864,0.0,0.0,0.0
256,239,March,29,fast,fast,35.453537096376635,1099.0596499876756,0.0,0.0,0.0
256,239,March,30,fast,fast,8.028020449359225,248.86863393013599,0.0,0.0,0.0
256,239,March,31,medium,medium,14.680049751457602,455.08154229518567,0.0,0.0,0.0
256,239,March,35,fast,fast,10.381215014777325,321.81766545809705,0.0,0.0,0.0
256,239,March,36,fast,fast,35.23219778552996,1092.1981313514289,0.0,0.0,0.0
256,239,May,24,fast,fast,19.690016011886417,610.3904963684789,0.0,0.0,0.0
256,239,May,25,fast,fast,14.475644982202752,448.7449944482853,0.0,0.0,0.0
256,239,May,26,fast,fast,23.920548821930907,741.5370134798582,0.0,0.0,0.0
256,239,May,27,medium,medium,23.214758802614895,719.6575228810617,0.0,0.0,0.0
256,239,May,28,fast,medium,16.74557556008203,519.112842362543,0.0,0.0,0.0
256,239,May,28,fast,fast,2.2223324574769805,68.8923061817864,0.0,0.0,0.0
256,239,May,29,medium,medium,14.84408845015421,460.1667419547805,0.0,0.0,0.0
256,239,May,29,fast,fast,35.453537096376635,1099.0596499876756,0.0,0.0,0.0
256,239,May,30,fast,fast,41.8155383626941,1296.2816892435171,0.0,0.0,0.0
256,239,May,31,fast,medium,6.263587759419494,194.1712205420043,0.0,0.0,0.0
256,239,May,35,fast,fast,10.381215014777325,321.81766545809705,0.0,0.0,0.0
256,239,May,36,fast,fast,35.23219778552996,1092.1981313514289,0.0,0.0,0.0
256,239,November,27,fast,fast,12.214758802614895,366.4427640784469,0.0,0.0,0.0
256,239,November,28,fast,fast,7.967908017559012,239.03724052677035,0.0,0.0,0.0
256,239,November,29,fast,fast,45.06431720370088,1351.9295161110265,0.0,0.0,0.0
256,239,November,30,fast,fast,8.028020449359232,240.84061348077697,0.0,0.0,0.0
256,239,November,31,medium,medium,14.680049751457602,440.40149254372807,0.0,0.0,0.0
256,239,November,35,fast,fast,10.381215014777325,311.43645044331976,0.0,0.0,0.0
256,239,November,36,fast,fast,35.23219778552996,1056.965933565899,0.0,0.0,0.0
256,239,October,27,fast,fast,12.214758802614895,378.65752288106177,0.0,0.0,0.0
256,239,October,28,fast,fast,7.967908017559012,247.00514854432936,0.0,0.0,0.0
256,239,October,29,fast,fast,35.453537096376635,1099.0596499876756,0.0,0.0,0.0
256,239,October,30,fast,fast,8.028020449359225,248.86863393013599,0.0,0.0,0.0
256,239,October,31,fast,fast,14.680049751457602,455.08154229518567,0.0,0.0,0.0
256,239,October,35,fast,fast,10.381215014777311,321.81766545809666,0.0,0.0,0.0
256,239,October,36,fast,fast,35.23219778552996,1092.1981313514289,0.0,0.0,0.0
256,239,September,25,fast,fast,11.19367673097113,335.8103019291339,0.0,0.0,0.0
256,239,September,26,fast,fast,18.619857833333334,558.595735,0.0,0.0,0.0
256,239,September,27,medium,medium,12.214758802614895,366.4427640784469,0.0,0.0,0.0
256,239,September,28,fast,fast,3.092087063174752,92.76261189524256,0.0,0.0,0.0
256,239,September,29,fast,fast,35.453537096376635,1063.606112891299,0.0,0.0,0.0
256,239,September,31,fast,fast,14.680049751457602,440.40149254372807,0.0,0.0,0.0
256,239,September,35,fast,fast,10.381215014777325,311.43645044331976,0.0,0.0,0.0
256,239,September,36,fast,fast,35.23219778552996,1056.965933565899,0.0,0.0,0.0
256,257,May,15,medium,medium,4.558383870967742,141.3099,0.0,0.0,0.0
256,257,May,16,medium,medium,9.382274507661286,290.85050973749986,0.0,0.0,0.0
257,240,April,26,fast,medium,19.156178848904865,574.685365467146,0.0,0.0,0.0
257,240,April,30,fast,medium,14.61509185213649,438.45275556409473,0.0,0.0,0.0
257,240,April,31,fast,medium,19.385732666666666,581.5719799999999,0.0,0.0,0.0
257,240,August,41,fast,medium,6.129032258064527,190.00000000000034,0.0,0.0,0.0
257,240,December,41,fast,medium,6.129032258064527,190.00000000000034,0.0,0.0,0.0
257,240,February,41,fast,medium,6.129032258064527,171.61290322580675,0.0,0.0,0.0
257,240,January,41,fast,medium,6.129032258064527,190.00000000000034,0.0,0.0,0.0
257,240,July,41,fast,medium,4.512787221774204,139.89640387500032,0.0,0.0,0.0
257,240,June,26,fast,medium,20.0,600.0,0.0,0.0,0.0
257,240,June,30,medium,medium,14.22118435213649,426.63553056409467,0.0,0.0,0.0
257,240,June,31,medium,medium,21.042257706340987,631.2677311902296,0.0,0.0,0.0
257,240,November,41,fast,medium,6.129032258064527,183.8709677419358,0.0,0.0,0.0
257,240,October,41,fast,medium,6.129032258064527,190.00000000000034,0.0,0.0,0.0
257,240,September,41,fast,medium,6.129032258064527,183.8709677419358,0.0,0.0,0.0
257,277,April,41,fast,medium,6.129032258064527,183.8709677419358,0.0,0.0,0.0
257,277,July,41,fast,medium,1.6162450362903213,50.10359612499996,0.0,0.0,0.0
257,277,June,41,fast,medium,6.129032258064527,183.8709677419358,0.0,0.0,0.0
257,277,March,24,medium,medium,0.5926327177473047,18.37161425016645,0.0,0.0,0.0
257,277,March,41,fast,medium,6.129032258064527,190.00000000000034,0.0,0.0,0.0
257,277,May,37,fast,medium,0.8828193548387097,27.3674,0.0,0.0,0.0
257,277,May,41,fast,medium,6.129032258064527,190.00000000000034,0.0,0.0,0.0
258,242,April,22,medium,medium,8.0,240.0,0.0,0.0,0.0
258,242,August,22,medium,medium,8.0,248.0,0.0,0.0,0.0
258,242,December,22,fast,medium,8.0,248.0,0.0,0.0,0.0
258,242,February,22,medium,medium,8.0,224.0,0.0,0.0,0.0
258,242,January,22,medium,medium,8.0,248.0,0.0,0.0,0.0
258,242,July,22,fast,medium,8.0,248.0,0.0,0.0,0.0
258,242,June,22,medium,medium,28.715287024689324,861.4586107406798,0.0,0.0,0.0
258,242,March,22,medium,medium,14.17439150399952,439.4061366239851,0.0,0.0,0.0
258,242,May,22,medium,medium,30.0,930.0,0.0,0.0,0.0
258,242,November,22,fast,medium,8.0,240.0,0.0,0.0,0.0
258,242,October,22,medium,medium,8.0,248.0,0.0,0.0,0.0
258,242,September,22,medium,medium,15.96035322746726,478.8105968240178,0.0,0.0,0.0
264,287,April,36,medium,medium,1.5,45.0,0.0,0.0,0.0
264,287,August,36,medium,medium,1.5,46.5,0.0,0.0,0.0
264,287,December,36,fast,medium,1.5,46.5,0.0,0.0,0.0
264,287,February,36,medium,medium,1.5,42.0,0.0,0.0,0.0
264,287,January,36,fast,medium,1.5,46.5,0.0,0.0,0.0
264,287,July,36,medium,medium,1.5,46.5,0.0,0.0,0.0
264,287,June,36,fast,medium,1.5,45.0,0.0,0.0,0.0
264,287,March,36,medium,medium,1.5,46.5,0.0,0.0,0.0
264,287,May,36,fast,medium,1.5,46.5,0.0,0.0,0.0
264,287,November,36,medium,medium,1.5,45.0,0.0,0.0,0.0
264,287,October,36,fast,medium,1.5,46.5,0.0,0.0,0.0
264,287,September,36,medium,medium,1.5,45.0,0.0,0.0,0.0
266,248,April,18,fast,medium,3.0013892255476904,90.04167676643071,0.0,0.0,0.0
266,248,August,18,medium,medium,3.0013892255476904,93.04306599197841,0.0,0.0,0.0
266,248,December,18,medium,medium,3.0013892255476904,93.04306599197841,0.0,0.0,0.0
266,248,February,18,medium,medium,3.0013892255476904,84.03889831533533,0.0,0.0,0.0
266,248,January,18,fast,medium,3.0013892255476904,93.04306599197841,0.0,0.0,0.0
266,248,July,18,medium,medium,3.0013892255476904,93.04306599197841,0.0,0.0,0.0
266,248,June,18,medium,medium,3.0013892255476904,90.04167676643071,0.0,0.0,0.0
266,248,March,18,medium,medium,3.0013892255476904,93.04306599197841,0.0,0.0,0.0
266,248,May,18,fast,medium,3.0013892255476904,93.04306599197841,0.0,0.0,0.0
266,248,November,18,fast,medium,3.0013892255476904,90.04167676643071,0.0,0.0,0.0
266,248,October,18,fast,medium,3.0013892255476904,93.04306599197841,0.0,0.0,0.0
266,248,September,18,fast,medium,3.0013892255476904,90.04167676643071,0.0,0.0,0.0
269,270,April,29,fast,fast,6.107801617588327,183.23404852764983,0.0,0.0,0.0
269,270,August,29,fast,fast,2.4455851612903245,75.81314000000006,0.0,0.0,0.0
269,270,July,29,fast,fast,5.974289677419353,185.20297999999994,0.0,0.0,0.0
269,270,June,29,fast,fast,9.856850692650593,295.70552077951777,0.0,0.0,0.0
269,270,May,29,fast,fast,0.2859388847435973,8.864105427051516,0.0,0.0,0.0
269,270,September,29,fast,fast,1.6502139999999983,49.50641999999995,0.0,0.0,0.0
269,293,September,26,fast,medium,0.2787043684210513,8.361131052631539,0.0,0.0,0.0
269,294,April,25,fast,fast,11.953588869351872,358.60766608055616,0.0,0.0,0.0
269,294,April,26,fast,fast,14.711099979449898,441.33299938349694,0.0,0.0,0.0
269,294,August,26,fast,fast,4.667597815172925,144.69553227036067,0.0,0.0,0.0
269,294,December,26,fast,fast,4.667597815172925,144.69553227036067,0.0,0.0,0.0
269,294,February,26,fast,fast,4.667597815172925,130.6927388248419,0.0,0.0,0.0
269,294,January,26,fast,fast,4.667597815172925,144.69553227036067,0.0,0.0,0.0
269,294,July,26,fast,fast,4.667597815172925,144.69553227036067,0.0,0.0,0.0
269,294,June,25,fast,fast,11.857595869351869,355.72787608055603,0.0,0.0,0.0
269,294,June,26,fast,fast,4.7573611104562055,142.72083331368617,0.0,0.0,0.0
269,294,March,26,fast,fast,4.667597815172925,144.69553227036067,0.0,0.0,0.0
269,294,May,26,fast,fast,4.667597815172925,144.69553227036067,0.0,0.0,0.0
269,294,November,26,fast,fast,4.667597815172925,140.02793445518776,0.0,0.0,0.0
269,294,October,26,fast,fast,4.667597815172925,144.69553227036067,0.0,0.0,0.0
269,294,September,26,fast,fast,4.388893446751874,131.6668034025562,0.0,0.0,0.0
270,269,April,24,medium,medium,8.304245498152106,249.12736494456317,0.0,0.0,0.0
270,269,December,34,fast,medium,1.6689287970215645,51.7367927076685,0.0,0.0,0.0
270,269,February,34,fast,medium,1.6689287970215645,46.730006316603806,0.0,0.0,0.0
270,269,January,34,medium,medium,1.6689287970215645,51.7367927076685,0.0,0.0,0.0
270,269,June,24,medium,medium,7.432936498152106,222.9880949445632,0.0,0.0,0.0
270,269,March,34,fast,medium,0.3239556611344738,10.04262549516869,0.0,0.0,0.0
270,269,November,34,fast,medium,1.6689287970215645,50.067863910646935,0.0,0.0,0.0
270,269,October,34,medium,medium,1.6689287970215645,51.7367927076685,0.0,0.0,0.0
270,269,September,23,medium,medium,1.7788840885862989,53.366522657588966,0.0,0.0,0.0
270,269,September,24,medium,medium,2.6102769903610685,78.30830971083205,0.0,0.0,0.0
270,294,April,25,fast,fast,2.7685264190389134,83.0557925711674,0.0,0.0,0.0
270,294,April,34,fast,fast,1.6689287970215645,50.067863910646935,0.0,0.0,0.0
270,294,August,34,fast,fast,1.6689287970215645,51.7367927076685,0.0,0.0,0.0
270,294,February,17,fast,fast,4.379334582528081,122.62136831078627,0.0,0.0,0.0
270,294,February,18,fast,fast,4.822555357142858,135.03155,0.0,0.0,0.0
270,294,July,34,fast,fast,1.6689287970215645,51.7367927076685,0.0,0.0,0.0
270,294,June,25,fast,fast,2.469158419038891,74.07475257116673,0.0,0.0,0.0
270,294,June,34,fast,fast,1.6689287970215645,50.067863910646935,0.0,0.0,0.0
270,294,March,34,fast,fast,1.3449731358870907,41.69416721249981,0.0,0.0,0.0
270,294,May,34,fast,fast,1.6689287970215645,51.7367927076685,0.0,0.0,0.0
270,294,September,18,fast,fast,5.540146140260289,166.20438420780866,0.0,0.0,0.0
270,294,September,34,fast,fast,1.6689287970215645,50.067863910646935,0.0,0.0,0.0
270,295,April,24,fast,fast,17.911799947590016,537.3539984277005,0.0,0.0,0.0
270,295,April,25,fast,fast,8.72428520087609,261.72855602628266,0.0,0.0,0.0
270,295,April,26,fast,fast,11.407110233544287,342.2133070063286,0.0,0.0,0.0
270,295,June,24,fast,fast,17.911799947590016,537.3539984277005,0.0,0.0,0.0
270,295,June,25,fast,fast,8.72428520087609,261.72855602628266,0.0,0.0,0.0
270,295,June,26,fast,fast,11.407110233544287,342.2133070063286,0.0,0.0,0.0
270,295,May,24,fast,fast,9.64930833145943,299.1285582752423,0.0,0.0,0.0
270,295,September,24,fast,fast,1.3975402809233488,41.926208427700466,0.0,0.0,0.0
271,251,June,15,fast,fast,0.7329111399276691,21.987334197830073,0.0,0.0,0.0
271,251,June,22,fast,fast,18.850325758056762,565.5097727417028,0.0,0.0,0.0
271,251,June,24,fast,fast,19.78532554614592,593.5597663843776,0.0,0.0,0.0
271,251,May,15,fast,fast,5.196162559282502,161.08103933775757,0.0,0.0,0.0
271,252,May,20,fast,medium,3.3982616873881,105.3461123090311,0.0,0.0,0.0
272,253,April,17,medium,medium,0.6542454080935443,19.627362242806328,0.0,0.0,0.0
272,253,August,17,medium,medium,0.6542454080935443,20.281607650899872,0.0,0.0,0.0
272,253,December,17,medium,medium,0.6542454080935443,20.281607650899872,0.0,0.0,0.0
272,253,February,17,medium,medium,0.6542454080935443,18.31887142661924,0.0,0.0,0.0
272,253,January,17,medium,medium,0.6542454080935443,20.281607650899872,0.0,0.0,0.0
272,253,July,17,medium,medium,0.6542454080935443,20.281607650899872,0.0,0.0,0.0
272,253,June,17,medium,medium,0.6542454080935443,19.627362242806328,0.0,0.0,0.0
272,253,March,17,fast,medium,0.6542454080935443,20.281607650899872,0.0,0.0,0.0
272,253,May,17,fast,medium,0.6542454080935443,20.281607650899872,0.0,0.0,0.0
272,253,November,17,medium,medium,0.6542454080935443,19.627362242806328,0.0,0.0,0.0
272,253,October,17,medium,medium,0.6542454080935443,20.281607650899872,0.0,0.0,0.0
272,253,September,17,medium,medium,0.6542454080935443,19.627362242806328,0.0,0.0,0.0
272,271,April,18,fast,fast,0.2790105490147283,8.37031647044185,0.0,0.0,0.0
272,271,April,32,fast,fast,7.284095349745995,218.52286049237983,0.0,0.0,0.0
272,271,August,18,fast,fast,0.2790105490147283,8.649327019456578,0.0,0.0,0.0
272,271,August,32,fast,fast,7.284095349745995,225.80695584212583,0.0,0.0,0.0
272,271,December,18,fast,fast,0.2790105490147283,8.649327019456578,0.0,0.0,0.0
272,271,February,18,fast,fast,0.2790105490147283,7.812295372412393,0.0,0.0,0.0
272,271,January,18,fast,fast,0.2790105490147283,8.649327019456578,0.0,0.0,0.0
272,271,July,18,fast,fast,0.2790105490147283,8.649327019456578,0.0,0.0,0.0
272,271,June,18,fast,fast,0.2790105490147283,8.37031647044185,0.0,0.0,0.0
272,271,June,32,fast,fast,7.284095349745995,218.52286049237983,0.0,0.0,0.0
272,271,March,18,fast,fast,0.2790105490147283,8.649327019456578,0.0,0.0,0.0
272,271,March,32,fast,fast,3.4533924769839057,107.05516678650108,0.0,0.0,0.0
272,271,May,18,fast,fast,0.2790105490147283,8.649327019456578,0.0,0.0,0.0
272,271,November,18,fast,fast,0.2790105490147283,8.37031647044185,0.0,0.0,0.0
272,271,October,18,fast,fast,0.2790105490147283,8.649327019456578,0.0,0.0,0.0
272,271,September,18,fast,fast,0.2790105490147283,8.37031647044185,0.0,0.0,0.0
272,271,September,32,fast,fast,3.849853530747346,115.49560592242038,0.0,0.0,0.0
273,253,April,19,fast,medium,3.509367081711275,105.28101245133826,0.0,0.0,0.0
273,253,August,19,fast,medium,3.509367081711275,108.79037953304953,0.0,0.0,0.0
273,253,December,19,fast,medium,3.509367081711275,108.79037953304953,0.0,0.0,0.0
273,253,February,19,fast,medium,3.509367081711275,98.2622782879157,0.0,0.0,0.0
273,253,January,19,fast,medium,3.509367081711275,108.79037953304953,0.0,0.0,0.0
273,253,July,19,fast,medium,3.509367081711275,108.79037953304953,0.0,0.0,0.0
273,253,June,19,fast,medium,3.509367081711275,105.28101245133826,0.0,0.0,0.0
273,253,March,19,fast,medium,3.509367081711275,108.79037953304953,0.0,0.0,0.0
273,253,May,19,fast,medium,3.509367081711275,108.79037953304953,0.0,0.0,0.0
273,253,November,19,fast,medium,3.509367081711275,105.28101245133826,0.0,0.0,0.0
273,253,October,19,fast,medium,3.509367081711275,108.79037953304953,0.0,0.0,0.0
273,253,September,19,fast,medium,3.509367081711275,105.28101245133826,0.0,0.0,0.0
274,254,June,11,fast,medium,1.7637962499999995,52.91388749999999,0.0,0.0,0.0
274,254,June,21,medium,medium,4.737543952791192,142.12631858373578,0.0,0.0,0.0
274,254,June,22,fast,medium,1.649303777938016,49.47911333814048,0.0,0.0,0.0
274,254,June,23,medium,medium,2.6475980550325247,79.42794165097574,0.0,0.0,0.0
274,254,May,21,medium,medium,14.352095797018698,444.91496970757964,0.0,0.0,0.0
274,254,May,22,fast,medium,9.684908253744467,300.2321558660785,0.0,0.0,0.0
274,255,April,11,fast,fast,1.2089480000000001,36.268440000000005,0.0,0.0,0.0
274,255,April,12,fast,fast,1.2089480000000001,36.268440000000005,0.0,0.0,0.0
274,255,August,9,fast,fast,0.1,3.1,0.0,0.0,0.0
274,255,August,10,fast,fast,0.1,3.1,0.0,0.0,0.0
274,255,August,11,fast,fast,1.5115208064516126,46.85714499999999,0.0,0.0,0.0
274,255,August,12,fast,fast,1.5115208064516126,46.85714499999999,0.0,0.0,0.0
274,255,July,9,fast,fast,1.0960442741935486,33.97737250000001,0.0,0.0,0.0
274,255,July,10,fast,fast,1.0960442741935486,33.97737250000001,0.0,0.0,0.0
274,255,July,11,fast,fast,4.005975080645161,124.1852275,0.0,0.0,0.0
274,255,July,12,fast,fast,1.4413043170538007,44.68043382866782,0.0,0.0,0.0
274,255,June,7,fast,fast,0.19220908333333334,5.7662725,0.0,0.0,0.0
274,255,June,8,fast,fast,0.19220908333333334,5.7662725,0.0,0.0,0.0
274,255,June,9,fast,fast,2.31700575,69.5101725,0.0,0.0,0.0
274,255,June,10,fast,fast,2.31700575,69.5101725,0.0,0.0,0.0
274,255,June,11,fast,fast,4.416529249999999,132.49587749999998,0.0,0.0,0.0
274,255,June,12,fast,fast,1.2567324138279945,37.70197241483984,0.0,0.0,0.0
274,255,June,21,fast,fast,2.635863908885703,79.0759172665711,0.0,0.0,0.0
274,255,May,9,fast,fast,1.5676004838709676,48.595614999999995,0.0,0.0,0.0
274,255,May,10,fast,fast,1.5676004838709676,48.595614999999995,0.0,0.0,0.0
274,255,May,11,fast,fast,4.4669813709677415,138.47642249999998,0.0,0.0,0.0
274,255,May,12,fast,fast,1.234050768666704,38.25557382866782,0.0,0.0,0.0
274,255,May,21,fast,fast,10.959310933079259,339.738638925457,0.0,0.0,0.0
274,255,September,11,fast,fast,0.16421775000000002,4.9265325,0.0,0.0,0.0
274,255,September,12,fast,fast,0.16421775000000002,4.9265325,0.0,0.0,0.0
274,275,June,11,fast,fast,0.8038539999999994,24.115619999999982,0.0,0.0,0.0
274,298,June,7,fast,medium,0.10025891666666666,3.0077674999999995,0.0,0.0,0.0
274,298,June,8,fast,medium,0.10025891666666666,3.0077674999999995,0.0,0.0,0.0
274,299,July,9,fast,fast,0.9602232258064517,29.766920000000002,0.0,0.0,0.0
274,299,July,10,fast,fast,0.9602232258064517,29.766920000000002,0.0,0.0,0.0
274,299,June,7,fast,fast,0.16839066666666666,5.0517199999999995,0.0,0.0,0.0
274,299,June,8,fast,fast,0.16839066666666666,5.0517199999999995,0.0,0.0,0.0
274,299,June,9,fast,fast,2.029884,60.89652,0.0,0.0,0.0
274,299,June,10,fast,fast,2.029884,60.89652,0.0,0.0,0.0
275,256,May,19,fast,medium,2.270970156824191,70.40007486154992,0.0,0.0,0.0
275,256,May,20,fast,fast,10.338244997906237,320.48559493509333,0.0,0.0,0.0
275,276,June,21,fast,medium,3.4131961997174685,102.39588599152405,0.0,0.0,0.0
275,276,June,22,medium,medium,2.147454173327546,64.42362519982638,0.0,0.0,0.0
275,276,June,24,fast,medium,12.758440130350877,382.7532039105263,0.0,0.0,0.0
275,276,June,26,fast,medium,10.185452950264384,305.5635885079315,0.0,0.0,0.0
275,276,June,27,medium,medium,21.945046044393656,658.3513813318096,0.0,0.0,0.0
275,276,June,28,fast,medium,10.059798489915046,301.7939546974514,0.0,0.0,0.0
275,276,June,30,medium,medium,19.999999,599.99997,0.0,0.0,0.0
275,276,June,31,medium,medium,5.093059442300223,152.79178326900671,0.0,0.0,0.0
275,276,May,19,fast,medium,2.1801055837241066,67.58327309544731,0.0,0.0,0.0
275,300,April,29,fast,fast,13.338085518561634,400.14256555684904,0.0,0.0,0.0
275,300,April,30,fast,fast,7.704279526545516,231.12838579636548,0.0,0.0,0.0
275,300,April,31,fast,fast,8.719674415777167,261.590232473315,0.0,0.0,0.0
275,300,June,28,medium,medium,6.4980479967655,194.941439902965,0.0,0.0,0.0
275,300,June,29,fast,fast,15.975393990968819,479.26181972906454,0.0,0.0,0.0
275,300,June,30,fast,fast,12.482500828593054,374.4750248577916,0.0,0.0,0.0
275,300,June,31,fast,fast,8.901553864518398,267.0466159355519,0.0,0.0,0.0
275,300,June,32,fast,fast,8.924382835779063,267.7314850733719,0.0,0.0,0.0
276,277,May,35,fast,medium,0.24084035640157797,7.466051048448917,0.0,0.0,0.0
276,301,April,19,medium,medium,2.1596306990184004,64.78892097055201,0.0,0.0,0.0
276,301,April,20,medium,medium,11.17175449010714,335.15263470321423,0.0,0.0,0.0
276,301,June,18,fast,medium,6.858975578557626,205.7692673567288,0.0,0.0,0.0
276,301,June,19,fast,medium,1.9869133656850622,59.607400970551865,0.0,0.0,0.0
276,301,June,20,fast,medium,10.999037156773802,329.9711147032141,0.0,0.0,0.0
276,301,September,21,fast,medium,0.5446963339458932,16.340890018376797,0.0,0.0,0.0
277,257,April,16,fast,medium,3.372588,101.17764,0.0,0.0,0.0
277,257,April,17,fast,medium,2.8492461184136335,85.47738355240901,0.0,0.0,0.0
277,257,April,19,fast,medium,0.17579620262814188,5.2738860788442565,0.0,0.0,0.0
277,257,February,17,fast,medium,1.8432460732970952,51.610890052318666,0.0,0.0,0.0
277,257,June,13,fast,medium,1.1012722653779363,33.03816796133809,0.0,0.0,0.0
277,257,June,14,medium,medium,1.3516068086851298,40.548204260553895,0.0,0.0,0.0
278,277,April,28,medium,medium,4.600513600714852,138.01540802144558,0.0,0.0,0.0
278,277,August,28,medium,medium,5.657965298637514,175.39692425776292,0.0,0.0,0.0
278,277,February,28,medium,medium,2.5613570094670077,71.71799626507621,0.0,0.0,0.0
278,277,July,28,medium,medium,8.089681240376478,250.78011845167083,0.0,0.0,0.0
278,277,June,18,medium,medium,2.8283756810676355,84.85127043202907,0.0,0.0,0.0
278,277,June,26,fast,medium,0.1,3.0,0.0,0.0,0.0
278,277,June,27,fast,medium,6.478126056990341,194.34378170971024,0.0,0.0,0.0
278,277,June,28,fast,medium,16.295219546845594,488.8565864053678,0.0,0.0,0.0
278,277,March,28,fast,medium,1.4276744476395464,44.25790787682594,0.0,0.0,0.0
278,277,May,17,fast,medium,0.5123945488227228,15.884231013504408,0.0,0.0,0.0
278,277,May,18,fast,medium,1.489612454497582,46.17798608942504,0.0,0.0,0.0
278,277,May,28,fast,medium,3.7915813210216402,117.53902095167085,0.0,0.0,0.0
278,277,September,28,fast,medium,5.256420497562246,157.69261492686738,0.0,0.0,0.0
278,303,April,28,medium,medium,3.489167639661626,104.67502918984879,0.0,0.0,0.0
278,303,August,28,medium,medium,2.4317159417389647,75.38319419390791,0.0,0.0,0.0
278,303,December,28,fast,medium,8.089681240376478,250.78011845167083,0.0,0.0,0.0
278,303,February,28,medium,medium,5.528324230909469,154.79307846546513,0.0,0.0,0.0
278,303,January,28,fast,medium,8.089681240376478,250.78011845167083,0.0,0.0,0.0
278,303,June,27,fast,medium,1.5813150833333331,47.439452499999994,0.0,0.0,0.0
278,303,June,28,fast,medium,1.061679276864219,31.85037830592657,0.0,0.0,0.0
278,303,June,29,fast,medium,1.3299595833333333,39.8987875,0.0,0.0,0.0
278,303,June,36,medium,medium,0.28151383333333335,8.445415,0.0,0.0,0.0
278,303,June,37,fast,medium,0.1,3.0,0.0,0.0,0.0
278,303,March,28,fast,medium,6.662006792736932,206.5222105748449,0.0,0.0,0.0
278,303,May,16,medium,medium,0.7650325442319719,23.71600887119113,0.0,0.0,0.0
278,303,May,28,fast,medium,4.298099919354838,133.2410975,0.0,0.0,0.0
278,303,May,36,medium,medium,0.21090282258064513,6.537987499999999,0.0,0.0,0.0
278,303,May,37,medium,medium,0.1,3.1,0.0,0.0,0.0
278,303,November,28,fast,medium,8.089681240376478,242.69043721129435,0.0,0.0,0.0
278,303,October,28,fast,medium,8.089681240376478,250.78011845167083,0.0,0.0,0.0
278,303,September,28,fast,medium,2.8332607428142325,84.99782228442697,0.0,0.0,0.0
281,261,April,22,fast,medium,9.79306335981399,293.7919007944197,0.0,0.0,0.0
281,261,April,23,fast,medium,9.79306335981399,293.7919007944197,0.0,0.0,0.0
281,261,April,24,medium,medium,9.79306335981399,293.7919007944197,0.0,0.0,0.0
281,261,April,25,fast,medium,9.249700905828064,277.4910271748419,0.0,0.0,0.0
281,261,August,22,fast,medium,0.9099299265082887,28.20782772175695,0.0,0.0,0.0
281,261,August,23,medium,medium,5.920184583831823,183.5257220987865,0.0,0.0,0.0
281,261,August,24,fast,medium,5.920184583831823,183.5257220987865,0.0,0.0,0.0
281,261,December,22,fast,medium,0.9099299265082887,28.20782772175695,0.0,0.0,0.0
281,261,December,23,medium,medium,5.920184583831823,183.5257220987865,0.0,0.0,0.0
281,261,December,24,medium,medium,5.920184583831823,183.5257220987865,0.0,0.0,0.0
281,261,February,22,fast,medium,0.9099299265082887,25.478037942232085,0.0,0.0,0.0
281,261,February,23,fast,medium,5.920184583831823,165.76516834729102,0.0,0.0,0.0
281,261,February,24,fast,medium,5.920184583831823,165.76516834729102,0.0,0.0,0.0
281,261,January,22,medium,medium,0.9099299265082887,28.20782772175695,0.0,0.0,0.0
281,261,January,23,medium,medium,5.920184583831823,183.5257220987865,0.0,0.0,0.0
281,261,January,24,medium,medium,5.920184583831823,183.5257220987865,0.0,0.0,0.0
281,261,July,22,medium,medium,0.9099299265082887,28.20782772175695,0.0,0.0,0.0
281,261,July,23,fast,medium,5.920184583831823,183.5257220987865,0.0,0.0,0.0
281,261,July,24,medium,medium,5.920184583831823,183.5257220987865,0.0,0.0,0.0
281,261,June,22,medium,medium,9.79306335981399,293.7919007944197,0.0,0.0,0.0
281,261,June,23,medium,medium,9.79306335981399,293.7919007944197,0.0,0.0,0.0
281,261,June,24,medium,medium,9.79306335981399,293.7919007944197,0.0,0.0,0.0
281,261,June,25,medium,medium,9.249700905828064,277.4910271748419,0.0,0.0,0.0
281,261,March,22,medium,medium,0.9099299265082887,28.20782772175695,0.0,0.0,0.0
281,261,March,23,fast,medium,5.920184583831823,183.5257220987865,0.0,0.0,0.0
281,261,March,24,fast,medium,5.920184583831823,183.5257220987865,0.0,0.0,0.0
281,261,May,22,fast,medium,9.79306335981399,303.5849641542337,0.0,0.0,0.0
281,261,May,23,fast,medium,9.79306335981399,303.5849641542337,0.0,0.0,0.0
281,261,May,24,medium,medium,9.79306335981399,303.5849641542337,0.0,0.0,0.0
281,261,November,22,fast,medium,0.9099299265082887,27.297897795248662,0.0,0.0,0.0
281,261,November,23,fast,medium,5.920184583831823,177.60553751495468,0.0,0.0,0.0
281,261,November,24,fast,medium,5.920184583831823,177.60553751495468,0.0,0.0,0.0
281,261,October,22,medium,medium,0.9099299265082887,28.20782772175695,0.0,0.0,0.0
281,261,October,23,medium,medium,5.920184583831823,183.5257220987865,0.0,0.0,0.0
281,261,October,24,fast,medium,5.920184583831823,183.5257220987865,0.0,0.0,0.0
281,261,September,22,fast,medium,0.9099299265082887,27.297897795248662,0.0,0.0,0.0
281,261,September,23,fast,medium,5.920184583831823,177.60553751495468,0.0,0.0,0.0
281,261,September,24,medium,medium,5.920184583831823,177.60553751495468,0.0,0.0,0.0
283,309,April,2,fast,medium,1.3934428369979628,41.803285109938884,0.0,0.0,0.0
283,309,April,3,medium,medium,1.3934428369979628,41.803285109938884,0.0,0.0,0.0
283,309,April,4,medium,medium,1.3934428369979628,41.803285109938884,0.0,0.0,0.0
283,309,August,2,fast,medium,1.3934428369979628,43.196727946936846,0.0,0.0,0.0
283,309,August,3,fast,medium,1.3934428369979628,43.196727946936846,0.0,0.0,0.0
283,309,August,4,medium,medium,1.3934428369979628,43.196727946936846,0.0,0.0,0.0
283,309,December,2,fast,medium,1.3934428369979628,43.196727946936846,0.0,0.0,0.0
283,309,December,3,medium,medium,1.3934428369979628,43.196727946936846,0.0,0.0,0.0
283,309,December,4,medium,medium,1.3934428369979628,43.196727946936846,0.0,0.0,0.0
283,309,February,2,medium,medium,1.3934428369979628,39.01639943594296,0.0,0.0,0.0
283,309,February,3,medium,medium,1.3934428369979628,39.01639943594296,0.0,0.0,0.0
283,309,February,4,medium,medium,1.3934428369979628,39.01639943594296,0.0,0.0,0.0
283,309,January,2,medium,medium,1.3934428369979628,43.196727946936846,0.0,0.0,0.0
283,309,January,3,medium,medium,1.3934428369979628,43.196727946936846,0.0,0.0,0.0
283,309,January,4,fast,medium,1.3934428369979628,43.196727946936846,0.0,0.0,0.0
283,309,July,2,medium,medium,1.3934428369979628,43.196727946936846,0.0,0.0,0.0
283,309,July,3,fast,medium,1.3934428369979628,43.196727946936846,0.0,0.0,0.0
283,309,July,4,fast,medium,1.3934428369979628,43.196727946936846,0.0,0.0,0.0
283,309,June,2,fast,medium,1.3934428369979628,41.803285109938884,0.0,0.0,0.0
283,309,June,3,medium,medium,1.3934428369979628,41.803285109938884,0.0,0.0,0.0
283,309,June,4,fast,medium,1.3934428369979628,41.803285109938884,0.0,0.0,0.0
283,309,March,2,fast,medium,1.3934428369979628,43.196727946936846,0.0,0.0,0.0
283,309,March,3,fast,medium,1.3934428369979628,43.196727946936846,0.0,0.0,0.0
283,309,March,4,fast,medium,1.3934428369979628,43.196727946936846,0.0,0.0,0.0
283,309,May,2,fast,medium,1.3934428369979628,43.196727946936846,0.0,0.0,0.0
283,309,May,3,fast,medium,1.3934428369979628,43.196727946936846,0.0,0.0,0.0
283,309,May,4,medium,medium,1.3934428369979628,43.196727946936846,0.0,0.0,0.0
283,309,November,2,medium,medium,1.3934428369979628,41.803285109938884,0.0,0.0,0.0
283,309,November,3,medium,medium,1.3934428369979628,41.803285109938884,0.0,0.0,0.0
283,309,November,4,medium,medium,1.3934428369979628,41.803285109938884,0.0,0.0,0.0
283,309,October,2,medium,medium,1.3934428369979628,43.196727946936846,0.0,0.0,0.0
283,309,October,3,fast,medium,1.3934428369979628,43.196727946936846,0.0,0.0,0.0
283,309,October,4,fast,medium,1.3934428369979628,43.196727946936846,0.0,0.0,0.0
283,309,September,2,medium,medium,1.3934428369979628,41.803285109938884,0.0,0.0,0.0
283,309,September,3,medium,medium,1.3934428369979628,41.803285109938884,0.0,0.0,0.0
283,309,September,4,fast,medium,1.3934428369979628,41.803285109938884,0.0,0.0,0.0
284,309,August,24,fast,medium,6.5,201.5,0.0,0.0,0.0
284,309,December,24,fast,medium,2.752378114996653,85.32372156489623,0.0,0.0,0.0
284,309,February,24,medium,medium,3.7902335714285713,106.12653999999999,0.0,0.0,0.0
284,309,January,24,medium,medium,3.6817780645161293,114.13512000000001,0.0,0.0,0.0
284,309,July,24,medium,medium,2.996234688335132,92.88327533838908,0.0,0.0,0.0
284,309,June,14,fast,medium,3.2782033426183843,98.34610027855153,0.0,0.0,0.0
284,309,June,15,fast,medium,9.769408,293.08224,0.0,0.0,0.0
284,309,June,16,fast,medium,1.362358353131809,40.87075059395427,0.0,0.0,0.0
284,309,June,22,fast,medium,0.1,3.0,0.0,0.0,0.0
284,309,June,24,fast,medium,6.735314500000001,202.05943500000004,0.0,0.0,0.0
284,309,March,24,medium,medium,6.5,201.5,0.0,0.0,0.0
284,309,May,15,fast,medium,7.1369733435835006,221.24617365108853,0.0,0.0,0.0
284,309,September,24,medium,medium,6.5,195.0,0.0,0.0,0.0
284,310,April,24,medium,medium,6.5,195.0,0.0,0.0,0.0
284,310,December,24,fast,medium,3.747621885003347,116.17627843510377,0.0,0.0,0.0
284,310,February,24,fast,medium,2.7097664285714287,75.87346000000001,0.0,0.0,0.0
284,310,January,24,medium,medium,2.8182219354838707,87.36487999999999,0.0,0.0,0.0
284,310,July,24,medium,medium,3.503765311664868,108.61672466161092,0.0,0.0,0.0
284,310,June,15,medium,medium,1.1985585738161557,35.95675721448467,0.0,0.0,0.0
284,310,June,16,fast,medium,1.891471730433651,56.74415191300953,0.0,0.0,0.0
284,310,June,21,medium,medium,1.34,40.2,0.0,0.0,0.0
284,310,June,22,fast,medium,1.06,31.8,0.0,0.0,0.0
284,310,June,24,medium,medium,10.764685499999999,322.940565,0.0,0.0,0.0
284,310,May,15,medium,medium,3.8309932302326555,118.76079013721233,0.0,0.0,0.0
284,310,May,16,fast,medium,3.25383008356546,100.86873259052926,0.0,0.0,0.0
284,310,May,21,medium,medium,1.34,41.54,0.0,0.0,0.0
284,310,May,22,medium,medium,1.1600000000000001,35.96000000000001,0.0,0.0,0.0
284,310,May,24,medium,medium,6.5,201.5,0.0,0.0,0.0
284,310,November,24,medium,medium,6.5,195.0,0.0,0.0,0.0
284,310,October,24,medium,medium,6.5,201.5,0.0,0.0,0.0
285,286,April,21,fast,medium,0.4204837636085017,12.614512908255051,0.0,0.0,0.0
285,286,April,34,fast,medium,6.9040314014718405,207.1209420441552,0.0,0.0,0.0
285,286,August,19,medium,medium,4.191095080645161,129.92394749999997,0.0,0.0,0.0
285,286,August,20,fast,medium,8.075973028543924,250.35516388486164,0.0,0.0,0.0
285,286,August,21,medium,medium,9.185724356939946,284.75745506513834,0.0,0.0,0.0
285,286,August,22,fast,medium,4.697425161290322,145.62018,0.0,0.0,0.0
285,286,August,34,medium,medium,6.9040314014718405,214.02497344562704,0.0,0.0,0.0
285,286,December,34,fast,medium,6.9040314014718405,214.02497344562704,0.0,0.0,0.0
285,286,February,19,fast,medium,0.4985056747131007,13.95815889196682,0.0,0.0,0.0
285,286,February,20,fast,medium,8.443263125,236.41136749999998,0.0,0.0,0.0
285,286,February,21,medium,medium,3.469875,97.1565,0.0,0.0,0.0
285,286,February,34,medium,medium,6.9040314014718405,193.31287924121153,0.0,0.0,0.0
285,286,January,34,fast,medium,6.9040314014718405,214.02497344562704,0.0,0.0,0.0
285,286,July,20,medium,medium,3.640163351124567,112.84506388486157,0.0,0.0,0.0
285,286,July,21,medium,medium,10.595133790322581,328.44914750000004,0.0,0.0,0.0
285,286,July,34,medium,medium,6.9040314014718405,214.02497344562704,0.0,0.0,0.0
285,286,June,34,fast,medium,6.9040314014718405,207.1209420441552,0.0,0.0,0.0
285,286,March,19,fast,medium,3.840995564516129,119.07086249999999,0.0,0.0,0.0
285,286,March,20,fast,medium,8.84099556451613,274.07086250000003,0.0,0.0,0.0
285,286,March,21,medium,medium,6.22484325452144,192.97014089016466,0.0,0.0,0.0
285,286,March,22,fast,medium,3.3629824929795475,104.25245728236598,0.0,0.0,0.0
285,286,March,34,fast,medium,6.9040314014718405,214.02497344562704,0.0,0.0,0.0
285,286,May,34,fast,medium,6.9040314014718405,214.02497344562704,0.0,0.0,0.0
285,286,November,34,fast,medium,6.9040314014718405,207.1209420441552,0.0,0.0,0.0
285,286,October,19,medium,medium,1.4727807852292025,45.656204342105276,0.0,0.0,0.0
285,286,October,20,medium,medium,2.484896612903226,77.031795,0.0,0.0,0.0
285,286,October,21,medium,medium,3.30364185483871,102.4128975,0.0,0.0,0.0
285,286,October,22,medium,medium,3.30364185483871,102.4128975,0.0,0.0,0.0
285,286,October,34,fast,medium,6.9040314014718405,214.02497344562704,0.0,0.0,0.0
285,286,September,19,fast,medium,2.0056298045245384,60.16889413573615,0.0,0.0,0.0
285,286,September,20,fast,medium,8.60789575,258.2368725,0.0,0.0,0.0
285,286,September,21,fast,medium,9.915434860791603,297.4630458237481,0.0,0.0,0.0
285,286,September,22,medium,medium,3.1875937368421052,95.62781210526316,0.0,0.0,0.0
285,286,September,34,medium,medium,6.9040314014718405,207.1209420441552,0.0,0.0,0.0
286,285,April,12,fast,medium,1.3912655191139685,41.737965573419054,0.0,0.0,0.0
286,285,April,13,medium,medium,4.923802417202572,147.71407251607718,0.0,0.0,0.0
286,285,April,14,medium,medium,0.28238973868345774,8.471692160503732,0.0,0.0,0.0
286,285,April,27,fast,medium,8.17388137971155,245.21644139134654,0.0,0.0,0.0
286,285,June,13,fast,medium,3.579938290691542,107.39814872074625,0.0,0.0,0.0
286,285,June,27,medium,medium,8.17388137971155,245.21644139134654,0.0,0.0,0.0
286,285,June,31,fast,medium,4.604201175337187,138.12603526011563,0.0,0.0,0.0
286,285,May,31,medium,medium,5.455765091370118,169.12871783247365,0.0,0.0,0.0
290,316,April,18,medium,medium,1.4015820589350696,42.04746176805209,0.0,0.0,0.0
290,316,August,18,medium,medium,1.4015820589350696,43.44904382698716,0.0,0.0,0.0
290,316,December,18,medium,medium,1.4015820589350696,43.44904382698716,0.0,0.0,0.0
290,316,February,18,medium,medium,1.4015820589350696,39.24429765018195,0.0,0.0,0.0
290,316,January,18,fast,medium,1.4015820589350696,43.44904382698716,0.0,0.0,0.0
290,316,July,18,medium,medium,1.4015820589350696,43.44904382698716,0.0,0.0,0.0
290,316,June,18,fast,medium,1.4015820589350696,42.04746176805209,0.0,0.0,0.0
290,316,March,18,fast,medium,1.4015820589350696,43.44904382698716,0.0,0.0,0.0
290,316,May,18,medium,medium,1.4015820589350696,43.44904382698716,0.0,0.0,0.0
290,316,November,18,fast,medium,1.4015820589350696,42.04746176805209,0.0,0.0,0.0
290,316,October,18,medium,medium,1.4015820589350696,43.44904382698716,0.0,0.0,0.0
290,316,September,18,medium,medium,1.4015820589350696,42.04746176805209,0.0,0.0,0.0
292,293,April,26,fast,medium,2.5,75.0,0.0,0.0,0.0
292,293,June,26,medium,medium,1.6529681666666667,49.589045,0.0,0.0,0.0
292,317,June,26,fast,medium,0.8470318333333329,25.410954999999987,0.0,0.0,0.0
292,317,May,17,medium,medium,9.271695785450042,287.4225693489513,0.0,0.0,0.0
292,317,May,18,fast,medium,1.892436008052919,58.66551624964049,0.0,0.0,0.0
293,269,August,20,medium,medium,1.5951057705872493,49.448278888204726,0.0,0.0,0.0
293,269,February,19,fast,medium,2.6963489686961957,75.49777112349348,0.0,0.0,0.0
293,269,February,20,fast,medium,1.5951057705872493,44.66296157644298,0.0,0.0,0.0
293,269,July,20,medium,medium,1.5951057705872493,49.448278888204726,0.0,0.0,0.0
293,269,March,20,fast,medium,1.5951057705872493,49.448278888204726,0.0,0.0,0.0
293,269,September,20,fast,medium,1.332132007423203,39.96396022269609,0.0,0.0,0.0
293,292,December,19,fast,medium,5.021116549341354,155.65461302958198,0.0,0.0,0.0
293,292,December,20,medium,medium,1.5951057705872493,49.448278888204726,0.0,0.0,0.0
293,292,January,19,medium,medium,6.316969363433035,195.8260502664241,0.0,0.0,0.0
293,292,January,20,fast,medium,1.5951057705872493,49.448278888204726,0.0,0.0,0.0
293,292,November,19,medium,medium,6.316969363433035,189.50908090299106,0.0,0.0,0.0
293,292,November,20,fast,medium,1.5951057705872493,47.85317311761748,0.0,0.0,0.0
293,292,October,19,medium,medium,6.316969363433035,195.8260502664241,0.0,0.0,0.0
293,292,October,20,medium,medium,1.5951057705872493,49.448278888204726,0.0,0.0,0.0
293,294,April,19,fast,fast,13.463886863433036,403.9166059029911,0.0,0.0,0.0
293,294,August,19,fast,fast,6.316969363433035,195.8260502664241,0.0,0.0,0.0
293,294,December,19,fast,fast,1.2958528140916812,40.17143723684212,0.0,0.0,0.0
293,294,February,19,fast,fast,3.6206203947368394,101.3773710526315,0.0,0.0,0.0
293,294,July,19,fast,fast,6.316969363433035,195.8260502664241,0.0,0.0,0.0
293,294,June,19,fast,fast,13.455937530099702,403.67812590299104,0.0,0.0,0.0
293,294,March,19,fast,fast,6.316969363433035,195.8260502664241,0.0,0.0,0.0
293,294,September,19,fast,fast,6.316969363433035,189.50908090299106,0.0,0.0,0.0
293,318,April,20,fast,medium,11.24202327058725,337.2606981176175,0.0,0.0,0.0
293,318,June,12,fast,fast,0.1,3.0,0.0,0.0,0.0
293,318,June,13,fast,fast,5.639040422831327,169.1712126849398,0.0,0.0,0.0
293,318,June,14,fast,fast,4.38306277910837,131.49188337325108,0.0,0.0,0.0
293,318,June,20,fast,fast,11.234073937253916,337.02221811761746,0.0,0.0,0.0
293,318,May,12,fast,fast,2.689115484941902,83.36258003319895,0.0,0.0,0.0
293,318,May,13,fast,fast,6.956222252078759,215.64288981444153,0.0,0.0,0.0
293,318,May,14,fast,fast,7.219599344010088,223.80757966431273,0.0,0.0,0.0
293,318,May,19,fast,fast,13.098870492465293,406.0649852664241,0.0,0.0,0.0
293,318,May,20,fast,fast,8.377006899619508,259.6872138882047,0.0,0.0,0.0
293,318,September,20,medium,medium,0.2629737631640463,7.889212894921389,0.0,0.0,0.0
294,270,June,29,fast,fast,1.561407591604409,46.842227748132274,0.0,0.0,0.0
294,293,April,30,fast,medium,3.621776161666668,108.65328485000005,0.0,0.0,0.0
294,293,July,30,medium,medium,0.17002927978777294,5.270907673420961,0.0,0.0,0.0
294,293,June,30,medium,medium,3.8299595833333333,114.8987875,0.0,0.0,0.0
294,319,April,27,fast,fast,21.362975975252887,640.8892792575866,0.0,0.0,0.0
294,319,April,30,fast,fast,3.6511390692085897,109.53417207625769,0.0,0.0,0.0
294,319,August,27,fast,fast,3.7459489330024787,116.12441692307684,0.0,0.0,0.0
294,319,August,30,fast,fast,7.272915230875256,225.46037215713295,0.0,0.0,0.0
294,319,December,30,fast,fast,7.272915230875256,225.46037215713295,0.0,0.0,0.0
294,319,February,27,fast,fast,0.18404717032966955,5.1533207692307474,0.0,0.0,0.0
294,319,February,30,fast,fast,7.272915230875256,203.64162646450717,0.0,0.0,0.0
294,319,January,30,fast,fast,7.272915230875256,225.46037215713295,0.0,0.0,0.0
294,319,July,27,fast,fast,15.808925391919551,490.0766871495061,0.0,0.0,0.0
294,319,July,30,fast,fast,7.102885951087487,220.18946448371207,0.0,0.0,0.0
294,319,June,27,fast,fast,20.826852975252887,624.8055892575866,0.0,0.0,0.0
294,319,June,30,fast,fast,3.442955647541922,103.28866942625766,0.0,0.0,0.0
294,319,March,26,fast,fast,0.1640206495970986,5.084640137510057,0.0,0.0,0.0
294,319,March,30,fast,fast,7.272915230875256,225.46037215713295,0.0,0.0,0.0
294,319,May,27,fast,fast,15.808925391919551,490.0766871495061,0.0,0.0,0.0
294,319,May,30,fast,fast,7.272915230875256,225.46037215713295,0.0,0.0,0.0
294,319,November,30,fast,fast,7.272915230875256,218.18745692625768,0.0,0.0,0.0
294,319,October,30,fast,fast,7.272915230875256,225.46037215713295,0.0,0.0,0.0
294,319,September,27,fast,fast,4.717848198917743,141.53544596753227,0.0,0.0,0.0
294,319,September,30,fast,fast,7.272915230875256,218.18745692625768,0.0,0.0,0.0
295,270,April,15,fast,fast,3.3985466797371604,101.95640039211482,0.0,0.0,0.0
295,270,April,20,fast,fast,6.1189902406727725,183.56970722018318,0.0,0.0,0.0
295,270,April,22,fast,fast,5.213194007878126,156.39582023634378,0.0,0.0,0.0
295,270,April,28,fast,fast,9.653829593012855,289.61488779038564,0.0,0.0,0.0
295,270,April,29,fast,fast,7.74878838241167,232.46365147235008,0.0,0.0,0.0
295,270,June,13,fast,fast,12.484356588201248,374.5306976460374,0.0,0.0,0.0
295,270,June,14,fast,fast,8.464553067987204,253.93659203961613,0.0,0.0,0.0
295,270,June,15,fast,fast,15.095457785488179,452.8637335646454,0.0,0.0,0.0
295,270,June,19,fast,fast,8.079725859206075,242.39177577618224,0.0,0.0,0.0
295,270,June,20,fast,fast,6.1189902406727725,183.56970722018318,0.0,0.0,0.0
295,270,June,22,fast,fast,3.470367631045441,104.11102893136324,0.0,0.0,0.0
295,270,June,28,fast,fast,10.718361593012855,321.55084779038566,0.0,0.0,0.0
295,270,June,29,fast,fast,4.451636715744998,133.54910147234995,0.0,0.0,0.0
295,270,May,13,fast,fast,21.57448374193548,668.8089959999999,0.0,0.0,0.0
295,270,May,14,fast,fast,8.464553067987204,262.4011451076033,0.0,0.0,0.0
295,270,May,15,fast,fast,19.185493534089773,594.7502995567829,0.0,0.0,0.0
295,270,May,16,fast,fast,2.21222964293991,68.5791189311372,0.0,0.0,0.0
295,294,June,13,fast,fast,5.7881684999999985,173.64505499999996,0.0,0.0,0.0
295,294,June,15,fast,fast,8.792575705590842,263.77727116772525,0.0,0.0,0.0
295,294,June,16,fast,fast,0.28748266666666744,8.624480000000023,0.0,0.0,0.0
295,294,June,17,fast,fast,25.0,750.0,0.0,0.0,0.0
295,294,June,18,fast,fast,11.480177140498334,344.40531421495,0.0,0.0,0.0
295,294,March,22,fast,fast,0.6987739516129032,21.6619925,0.0,0.0,0.0
295,294,May,17,fast,fast,24.326730584933692,754.1286481329445,0.0,0.0,0.0
295,319,April,22,fast,fast,1.1927675171975984,35.78302551592795,0.0,0.0,0.0
295,319,April,23,fast,fast,3.651828115969707,109.5548434790912,0.0,0.0,0.0
295,319,April,31,fast,fast,4.120039343892188,123.60118031676564,0.0,0.0,0.0
295,319,August,31,fast,fast,4.120039343892188,127.72121966065782,0.0,0.0,0.0
295,319,December,31,fast,fast,4.120039343892188,127.72121966065782,0.0,0.0,0.0
295,319,February,31,fast,fast,4.120039343892188,115.36110162898126,0.0,0.0,0.0
295,319,January,31,fast,fast,4.120039343892188,127.72121966065782,0.0,0.0,0.0
295,319,July,31,fast,fast,4.120039343892188,127.72121966065782,0.0,0.0,0.0
295,319,June,31,fast,fast,2.4508746177046774,73.52623853114032,0.0,0.0,0.0
295,319,March,31,fast,fast,4.120039343892188,127.72121966065782,0.0,0.0,0.0
295,319,May,31,fast,fast,1.328977588134805,41.19830523217895,0.0,0.0,0.0
295,319,November,31,fast,fast,4.120039343892188,123.60118031676564,0.0,0.0,0.0
295,319,October,31,fast,fast,4.120039343892188,127.72121966065782,0.0,0.0,0.0
295,319,September,31,fast,fast,4.120039343892188,123.60118031676564,0.0,0.0,0.0
295,320,April,21,fast,fast,7.448618242515678,223.45854727547035,0.0,0.0,0.0
295,320,April,27,fast,fast,31.229723293297432,936.891698798923,0.0,0.0,0.0
295,320,April,28,fast,fast,15.668973433934184,470.0692030180255,0.0,0.0,0.0
295,320,April,30,fast,fast,3.2402384269564806,97.20715280869442,0.0,0.0,0.0
295,320,June,20,fast,fast,7.57071065004687,227.1213195014061,0.0,0.0,0.0
295,320,June,21,fast,fast,3.861508575849001,115.84525727547003,0.0,0.0,0.0
295,320,June,27,fast,fast,31.229723293297432,936.891698798923,0.0,0.0,0.0
295,320,June,28,fast,fast,36.12205307292642,1083.6615921877926,0.0,0.0,0.0
295,320,June,30,fast,medium,20.99832931405106,629.9498794215318,0.0,0.0,0.0
295,320,June,30,fast,fast,7.239087953062501,217.17263859187506,0.0,0.0,0.0
295,320,June,31,fast,fast,1.6691647261875104,50.07494178562531,0.0,0.0,0.0
295,320,May,27,fast,fast,15.26475110803105,473.2072843489625,0.0,0.0,0.0
295,320,May,28,fast,fast,20.611413933934188,638.9538319519598,0.0,0.0,0.0
295,320,May,30,fast,fast,7.239087953062501,224.41172654493755,0.0,0.0,0.0
295,320,May,31,fast,medium,2.791061755757383,86.52291442847887,0.0,0.0,0.0
296,297,April,25,fast,fast,1.098454029443758,32.95362088331274,0.0,0.0,0.0
296,297,April,35,fast,fast,1.7920324135458852,53.76097240637655,0.0,0.0,0.0
296,297,April,41,fast,fast,3.587952707237484,107.63858121712452,0.0,0.0,0.0
296,297,August,25,fast,fast,5.72675901706743,177.52952952909033,0.0,0.0,0.0
296,297,August,28,fast,fast,0.11704911254444106,3.628522488877673,0.0,0.0,0.0
296,297,December,25,fast,fast,1.098454029443758,34.052074912756495,0.0,0.0,0.0
296,297,February,25,fast,fast,1.098454029443758,30.75671282442522,0.0,0.0,0.0
296,297,January,25,fast,fast,1.098454029443758,34.052074912756495,0.0,0.0,0.0
296,297,July,25,fast,fast,5.72675901706743,177.52952952909033,0.0,0.0,0.0
296,297,July,35,fast,fast,2.5960431492786142,80.47733762763704,0.0,0.0,0.0
296,297,July,41,fast,fast,0.9152715395161338,28.37341772500015,0.0,0.0,0.0
296,297,June,25,fast,fast,1.098454029443758,32.95362088331274,0.0,0.0,0.0
296,297,June,33,fast,fast,10.799071038979939,323.97213116939815,0.0,0.0,0.0
296,297,June,34,fast,fast,2.891200157602004,86.73600472806012,0.0,0.0,0.0
296,297,June,35,fast,fast,3.542985720212549,106.28957160637647,0.0,0.0,0.0
296,297,June,36,fast,fast,5.271986333333333,158.15959,0.0,0.0,0.0
296,297,June,37,fast,fast,2.948870720903853,88.46612162711558,0.0,0.0,0.0
296,297,June,38,fast,fast,0.13877196760422272,4.163159028126682,0.0,0.0,0.0
296,297,June,41,fast,fast,3.347294622983871,100.41883868951612,0.0,0.0,0.0
296,297,March,25,fast,fast,3.634454036280964,112.66807512470987,0.0,0.0,0.0
296,297,May,25,fast,fast,1.098454029443758,34.052074912756495,0.0,0.0,0.0
296,297,May,35,fast,fast,2.5960431492786142,80.47733762763704,0.0,0.0,0.0
296,297,May,36,fast,fast,3.551710545192342,110.1030269009626,0.0,0.0,0.0
296,297,May,37,fast,fast,0.9422838709677419,29.2108,0.0,0.0,0.0
296,297,May,38,fast,fast,0.9422838709677419,29.2108,0.0,0.0,0.0
296,297,May,41,fast,fast,3.587952707237484,111.226533924362,0.0,0.0,0.0
296,297,November,25,fast,fast,1.098454029443758,32.95362088331274,0.0,0.0,0.0
296,297,October,25,fast,fast,1.098454029443758,34.052074912756495,0.0,0.0,0.0
296,297,September,25,fast,fast,5.72675901706743,171.8027705120229,0.0,0.0,0.0
296,320,September,25,fast,fast,0.18466181683809424,5.539854505142827,0.0,0.0,0.0
296,321,April,25,fast,fast,4.812966804461766,144.38900413385298,0.0,0.0,0.0
296,321,August,25,fast,fast,0.18466181683809424,5.724516321980921,0.0,0.0,0.0
296,321,December,25,fast,fast,4.812966804461766,149.20197093831473,0.0,0.0,0.0
296,321,February,25,fast,fast,4.812966804461766,134.76307052492945,0.0,0.0,0.0
296,321,January,25,fast,fast,4.812966804461766,149.20197093831473,0.0,0.0,0.0
296,321,July,25,fast,fast,0.18466181683809424,5.724516321980921,0.0,0.0,0.0
296,321,June,25,fast,fast,4.812966804461766,144.38900413385298,0.0,0.0,0.0
296,321,March,25,fast,fast,2.27696679762456,70.58597072636135,0.0,0.0,0.0
296,321,May,25,fast,fast,4.812966804461766,149.20197093831473,0.0,0.0,0.0
296,321,May,36,fast,fast,2.3028167273570546,71.38731854806869,0.0,0.0,0.0
296,321,May,37,fast,fast,0.9926,30.7706,0.0,0.0,0.0
296,321,November,25,fast,fast,4.812966804461766,144.38900413385298,0.0,0.0,0.0
296,321,October,25,fast,fast,4.812966804461766,149.20197093831473,0.0,0.0,0.0
297,296,May,18,fast,fast,2.8013067018208204,86.84050775644543,0.0,0.0,0.0
297,321,April,15,fast,fast,1.1397284293785186,34.19185288135556,0.0,0.0,0.0
297,321,April,16,fast,fast,3.657678781235905,109.73036343707716,0.0,0.0,0.0
297,321,April,17,fast,fast,3.1691044200086473,95.07313260025941,0.0,0.0,0.0
297,321,April,19,fast,medium,1.6926274999999968,50.778824999999905,0.0,0.0,0.0
297,321,April,19,fast,fast,11.710363787878688,351.3109136363606,0.0,0.0,0.0
297,321,April,20,fast,fast,13.559618135778098,406.78854407334296,0.0,0.0,0.0
297,321,August,20,fast,fast,3.455572499999999,107.12274749999996,0.0,0.0,0.0
297,321,February,20,fast,fast,0.6085631249999999,17.039767499999996,0.0,0.0,0.0
297,321,July,20,fast,fast,6.893324999999997,213.6930749999999,0.0,0.0,0.0
297,321,June,14,fast,fast,1.6550219930103562,49.650659790310684,0.0,0.0,0.0
297,321,June,15,fast,fast,3.480420303980843,104.41260911942528,0.0,0.0,0.0
297,321,June,16,fast,fast,12.418898232740645,372.56694698221935,0.0,0.0,0.0
297,321,June,17,fast,fast,3.1691044200086473,95.07313260025941,0.0,0.0,0.0
297,321,June,19,medium,medium,1.8494461666666702,55.483385000000105,0.0,0.0,0.0
297,321,June,19,fast,fast,11.710363787878688,351.3109136363606,0.0,0.0,0.0
297,321,June,20,fast,fast,13.410748802444758,402.32246407334276,0.0,0.0,0.0
297,321,March,20,fast,fast,2.1227374999999995,65.80486249999998,0.0,0.0,0.0
297,321,May,15,fast,fast,10.59102998140019,328.3219294234059,0.0,0.0,0.0
297,321,May,16,fast,fast,15.104871447902571,468.2510148849797,0.0,0.0,0.0
297,321,May,17,fast,fast,5.211696920008649,161.5626045202681,0.0,0.0,0.0
297,321,May,18,fast,fast,2.3462869138256153,72.73489432859407,0.0,0.0,0.0
297,321,May,19,fast,fast,10.70951901521611,331.9950894716994,0.0,0.0,0.0
297,321,May,20,fast,fast,6.723857006745838,208.43956720912098,0.0,0.0,0.0
297,321,September,17,fast,fast,1.6970444200086483,50.91133260025945,0.0,0.0,0.0
297,321,September,19,fast,fast,11.710363787878688,351.3109136363606,0.0,0.0,0.0
297,321,September,20,fast,fast,13.899163135778096,416.97489407334285,0.0,0.0,0.0
298,274,April,17,medium,medium,52.75309225750243,1582.592767725073,0.0,0.0,0.0
298,274,April,18,fast,medium,6.031318708684637,180.9395612605391,0.0,0.0,0.0
298,274,April,27,fast,medium,2.494986480765533,74.84959442296599,0.0,0.0,0.0
298,274,August,17,fast,medium,52.75309225750243,1635.3458599825753,0.0,0.0,0.0
298,274,August,18,fast,medium,6.031318708684637,186.97087996922374,0.0,0.0,0.0
298,274,August,27,fast,medium,2.494986480765533,77.34458090373153,0.0,0.0,0.0
298,274,December,17,medium,medium,52.75309225750243,1635.3458599825753,0.0,0.0,0.0
298,274,December,18,fast,medium,6.031318708684637,186.97087996922374,0.0,0.0,0.0
298,274,December,27,fast,medium,2.494986480765533,77.34458090373153,0.0,0.0,0.0
298,274,February,17,medium,medium,52.75309225750243,1477.086583210068,0.0,0.0,0.0
298,274,February,18,fast,medium,6.031318708684637,168.87692384316983,0.0,0.0,0.0
298,274,February,27,fast,medium,2.494986480765533,69.85962146143493,0.0,0.0,0.0
298,274,January,17,fast,medium,52.75309225750243,1635.3458599825753,0.0,0.0,0.0
298,274,January,18,fast,medium,6.031318708684637,186.97087996922374,0.0,0.0,0.0
298,274,January,27,fast,medium,2.494986480765533,77.34458090373153,0.0,0.0,0.0
298,274,July,17,fast,medium,52.75309225750243,1635.3458599825753,0.0,0.0,0.0
298,274,July,18,fast,medium,6.031318708684637,186.97087996922374,0.0,0.0,0.0
298,274,July,27,fast,medium,2.494986480765533,77.34458090373153,0.0,0.0,0.0
298,274,June,17,fast,medium,52.75309225750243,1582.592767725073,0.0,0.0,0.0
298,274,June,18,fast,medium,6.031318708684637,180.9395612605391,0.0,0.0,0.0
298,274,June,27,fast,medium,2.494986480765533,74.84959442296599,0.0,0.0,0.0
298,274,March,17,fast,medium,52.75309225750243,1635.3458599825753,0.0,0.0,0.0
298,274,March,18,fast,medium,6.031318708684637,186.97087996922374,0.0,0.0,0.0
298,274,March,27,fast,medium,2.494986480765533,77.34458090373153,0.0,0.0,0.0
298,274,May,17,fast,medium,52.75309225750243,1635.3458599825753,0.0,0.0,0.0
298,274,May,18,fast,medium,6.031318708684637,186.97087996922374,0.0,0.0,0.0
298,274,May,27,fast,medium,2.494986480765533,77.34458090373153,0.0,0.0,0.0
298,274,November,17,fast,medium,52.75309225750243,1582.592767725073,0.0,0.0,0.0
298,274,November,18,fast,medium,6.031318708684637,180.9395612605391,0.0,0.0,0.0
298,274,November,27,fast,medium,2.494986480765533,74.84959442296599,0.0,0.0,0.0
298,274,October,17,medium,medium,52.75309225750243,1635.3458599825753,0.0,0.0,0.0
298,274,October,18,fast,medium,6.031318708684637,186.97087996922374,0.0,0.0,0.0
298,274,October,27,fast,medium,2.494986480765533,77.34458090373153,0.0,0.0,0.0
298,274,September,17,fast,medium,52.75309225750243,1582.592767725073,0.0,0.0,0.0
298,274,September,18,fast,medium,6.031318708684637,180.9395612605391,0.0,0.0,0.0
298,274,September,27,medium,medium,2.494986480765533,74.84959442296599,0.0,0.0,0.0
299,274,April,17,medium,medium,60.14225475635658,1804.2676426906974,0.0,0.0,0.0
299,274,August,17,medium,medium,60.14225475635658,1864.409897447054,0.0,0.0,0.0
299,274,December,17,medium,medium,60.14225475635658,1864.409897447054,0.0,0.0,0.0
299,274,February,17,medium,medium,60.14225475635658,1683.9831331779842,0.0,0.0,0.0
299,274,January,17,medium,medium,60.14225475635658,1864.409897447054,0.0,0.0,0.0
299,274,July,17,medium,medium,60.14225475635658,1864.409897447054,0.0,0.0,0.0
299,274,June,17,medium,medium,60.14225475635658,1804.2676426906974,0.0,0.0,0.0
299,274,March,17,medium,medium,60.14225475635658,1864.409897447054,0.0,0.0,0.0
299,274,May,17,medium,medium,60.14225475635658,1864.409897447054,0.0,0.0,0.0
299,274,November,17,medium,medium,60.14225475635658,1804.2676426906974,0.0,0.0,0.0
299,274,October,17,medium,medium,60.14225475635658,1864.409897447054,0.0,0.0,0.0
299,274,September,17,medium,medium,60.14225475635658,1804.2676426906974,0.0,0.0,0.0
299,275,April,17,medium,medium,8.715943376743269,261.47830130229806,0.0,0.0,0.0
299,275,April,17,fast,fast,25.0,750.0,0.0,0.0,0.0
299,275,August,17,medium,medium,33.71594337674327,1045.1942446790413,0.0,0.0,0.0
299,275,December,17,medium,medium,33.71594337674327,1045.1942446790413,0.0,0.0,0.0
299,275,February,17,medium,medium,33.71594337674327,944.0464145488115,0.0,0.0,0.0
299,275,January,17,fast,medium,8.715943376743269,270.19424467904133,0.0,0.0,0.0
299,275,January,17,fast,fast,25.0,775.0,0.0,0.0,0.0
299,275,July,17,medium,medium,33.71594337674327,1045.1942446790413,0.0,0.0,0.0
299,275,June,17,medium,medium,33.71594337674327,1011.4783013022981,0.0,0.0,0.0
299,275,March,17,medium,medium,33.71594337674327,1045.1942446790413,0.0,0.0,0.0
299,275,May,17,fast,medium,8.715943376743269,270.19424467904133,0.0,0.0,0.0
299,275,May,17,fast,fast,25.0,775.0,0.0,0.0,0.0
299,275,November,17,medium,medium,33.71594337674327,1011.4783013022981,0.0,0.0,0.0
299,275,October,17,medium,medium,33.71594337674327,1045.1942446790413,0.0,0.0,0.0
299,275,September,17,medium,medium,33.71594337674327,1011.4783013022981,0.0,0.0,0.0
300,275,June,13,fast,fast,2.7637108550422074,82.91132565126622,0.0,0.0,0.0
300,325,June,24,fast,fast,0.23260427471669942,6.978128241500983,0.0,0.0,0.0
300,325,June,25,fast,fast,4.257861500270415,127.73584500811246,0.0,0.0,0.0
300,325,June,26,fast,fast,1.705990585095142,51.17971755285426,0.0,0.0,0.0
301,276,April,32,medium,medium,1.4359594007173975,43.078782021521924,0.0,0.0,0.0
301,276,April,33,medium,medium,4.380971548658664,131.42914645975992,0.0,0.0,0.0
301,276,August,33,fast,medium,4.380971548658664,135.81011800841858,0.0,0.0,0.0
301,276,December,33,fast,medium,4.380971548658664,135.81011800841858,0.0,0.0,0.0
301,276,February,33,medium,medium,4.380971548658664,122.66720336244259,0.0,0.0,0.0
301,276,January,33,fast,medium,4.380971548658664,135.81011800841858,0.0,0.0,0.0
301,276,July,33,medium,medium,4.380971548658664,135.81011800841858,0.0,0.0,0.0
301,276,June,32,fast,medium,5.504038150717399,165.12114452152196,0.0,0.0,0.0
301,276,June,33,fast,medium,7.678421140273162,230.35263420819487,0.0,0.0,0.0
301,276,March,33,medium,medium,4.380971548658664,135.81011800841858,0.0,0.0,0.0
301,276,May,33,medium,medium,6.59101996823015,204.32161901513464,0.0,0.0,0.0
301,276,November,33,medium,medium,4.380971548658664,131.42914645975992,0.0,0.0,0.0
301,276,October,33,medium,medium,4.380971548658664,135.81011800841858,0.0,0.0,0.0
301,276,September,33,medium,medium,4.380971548658664,131.42914645975992,0.0,0.0,0.0
302,326,April,16,medium,medium,0.47989370820996946,14.396811246299084,0.0,0.0,0.0
302,326,April,23,medium,medium,4.306363475485359,129.19090426456077,0.0,0.0,0.0
302,326,August,23,medium,medium,2.8707074754853608,88.99193174004618,0.0,0.0,0.0
302,326,December,23,medium,medium,2.8707074754853608,88.99193174004618,0.0,0.0,0.0
302,326,February,23,medium,medium,2.8707074754853608,80.3798093135901,0.0,0.0,0.0
302,326,January,23,medium,medium,2.8707074754853608,88.99193174004618,0.0,0.0,0.0
302,326,July,23,medium,medium,2.8707074754853608,88.99193174004618,0.0,0.0,0.0
302,326,June,23,fast,medium,3.7949429754853625,113.84828926456088,0.0,0.0,0.0
302,326,March,23,fast,medium,2.8707074754853608,88.99193174004618,0.0,0.0,0.0
302,326,May,23,fast,medium,2.8707074754853608,88.99193174004618,0.0,0.0,0.0
302,326,November,23,medium,medium,2.8707074754853608,86.12122426456082,0.0,0.0,0.0
302,326,October,23,medium,medium,2.8707074754853608,88.99193174004618,0.0,0.0,0.0
302,326,September,23,fast,medium,2.8707074754853608,86.12122426456082,0.0,0.0,0.0
303,278,April,24,fast,fast,11.624131986378574,348.7239595913572,0.0,0.0,0.0
303,278,August,24,fast,fast,1.6464968152866248,51.04140127388537,0.0,0.0,0.0
303,278,December,24,fast,fast,1.6464968152866248,51.04140127388537,0.0,0.0,0.0
303,278,February,24,fast,fast,1.6464968152866248,46.101910828025495,0.0,0.0,0.0
303,278,January,24,fast,fast,1.6464968152866248,51.04140127388537,0.0,0.0,0.0
303,278,June,24,fast,fast,17.966703767772856,539.0011130331857,0.0,0.0,0.0
303,278,March,24,fast,fast,1.6464968152866248,51.04140127388537,0.0,0.0,0.0
303,278,May,24,fast,fast,15.033997281896442,466.05391573878967,0.0,0.0,0.0
303,278,November,24,fast,fast,1.6464968152866248,49.394904458598745,0.0,0.0,0.0
303,278,October,24,fast,fast,1.6464968152866248,51.04140127388537,0.0,0.0,0.0
303,278,September,24,fast,fast,1.6464968152866248,49.394904458598745,0.0,0.0,0.0
303,278,September,25,fast,fast,1.4724736189859406,44.17420856957822,0.0,0.0,0.0
303,328,July,24,fast,medium,1.6464968152866248,51.04140127388537,0.0,0.0,0.0
303,328,June,24,medium,medium,1.511068297513769,45.33204892541307,0.0,0.0,0.0
306,280,April,26,fast,medium,7.762352535112793,232.8705760533838,0.0,0.0,0.0
306,280,April,27,fast,medium,4.65266137430342,139.5798412291026,0.0,0.0,0.0
306,280,April,28,fast,medium,1.3725761772853176,41.17728531855953,0.0,0.0,0.0
306,280,August,27,fast,medium,4.65266137430342,144.23250260340603,0.0,0.0,0.0
306,280,August,28,medium,medium,1.3725761772853176,42.549861495844844,0.0,0.0,0.0
306,280,February,27,fast,medium,4.65266137430342,130.27451848049577,0.0,0.0,0.0
306,280,February,28,medium,medium,1.3725761772853176,38.43213296398889,0.0,0.0,0.0
306,280,July,26,fast,medium,6.252966043485074,193.8419473480373,0.0,0.0,0.0
306,280,July,27,medium,medium,4.65266137430342,144.23250260340603,0.0,0.0,0.0
306,280,July,28,fast,medium,1.3725761772853176,42.549861495844844,0.0,0.0,0.0
306,280,June,25,fast,medium,1.5377215476474944,46.13164642942483,0.0,0.0,0.0
306,280,June,26,fast,medium,29.762352535112793,892.8705760533838,0.0,0.0,0.0
306,280,June,27,fast,medium,26.65266137430342,799.5798412291026,0.0,0.0,0.0
306,280,June,28,medium,medium,23.372576177285318,701.1772853185595,0.0,0.0,0.0
306,280,June,29,fast,medium,3.674688365650972,110.24065096952916,0.0,0.0,0.0
306,280,May,26,medium,medium,7.762352535112793,240.63292858849658,0.0,0.0,0.0
306,280,May,27,fast,medium,4.65266137430342,144.23250260340603,0.0,0.0,0.0
306,280,May,28,fast,medium,1.3725761772853176,42.549861495844844,0.0,0.0,0.0
306,280,September,26,medium,medium,6.083031892947439,182.49095678842315,0.0,0.0,0.0
306,280,September,27,medium,medium,4.65266137430342,139.5798412291026,0.0,0.0,0.0
306,280,September,28,medium,medium,1.3725761772853176,41.17728531855953,0.0,0.0,0.0
306,333,August,26,medium,medium,7.762352535112793,240.63292858849658,0.0,0.0,0.0
306,333,December,26,fast,medium,7.762352535112793,240.63292858849658,0.0,0.0,0.0
306,333,December,27,fast,medium,4.65266137430342,144.23250260340603,0.0,0.0,0.0
306,333,December,28,medium,medium,1.3725761772853176,42.549861495844844,0.0,0.0,0.0
306,333,February,26,fast,medium,7.762352535112793,217.3458709831582,0.0,0.0,0.0
306,333,January,26,medium,medium,7.762352535112793,240.63292858849658,0.0,0.0,0.0
306,333,January,27,medium,medium,4.65266137430342,144.23250260340603,0.0,0.0,0.0
306,333,January,28,medium,medium,1.3725761772853176,42.549861495844844,0.0,0.0,0.0
306,333,July,26,fast,medium,1.509386491627719,46.79098124045929,0.0,0.0,0.0
306,333,March,26,medium,medium,7.762352535112793,240.63292858849658,0.0,0.0,0.0
306,333,March,27,fast,medium,4.65266137430342,144.23250260340603,0.0,0.0,0.0
306,333,March,28,fast,medium,1.3725761772853176,42.549861495844844,0.0,0.0,0.0
306,333,November,26,fast,medium,7.762352535112793,232.8705760533838,0.0,0.0,0.0
306,333,November,27,fast,medium,4.65266137430342,139.5798412291026,0.0,0.0,0.0
306,333,November,28,medium,medium,1.3725761772853176,41.17728531855953,0.0,0.0,0.0
306,333,October,26,fast,medium,7.762352535112793,240.63292858849658,0.0,0.0,0.0
306,333,October,27,medium,medium,4.65266137430342,144.23250260340603,0.0,0.0,0.0
306,333,October,28,fast,medium,1.3725761772853176,42.549861495844844,0.0,0.0,0.0
306,333,September,26,fast,medium,1.6793206421653544,50.37961926496063,0.0,0.0,0.0
309,284,April,37,medium,medium,1.8841912452839975,56.525737358519926,0.0,0.0,0.0
309,284,August,37,fast,medium,1.8002157076495888,55.80668693713725,0.0,0.0,0.0
309,284,December,37,fast,medium,11.0,341.0,0.0,0.0,0.0
309,284,December,38,fast,medium,4.256148680162893,131.9406090850497,0.0,0.0,0.0
309,284,February,37,fast,medium,9.799581349609863,274.38827778907614,0.0,0.0,0.0
309,284,February,38,fast,medium,4.256148680162893,119.17216304456099,0.0,0.0,0.0
309,284,January,37,medium,medium,11.0,341.0,0.0,0.0,0.0
309,284,January,38,medium,medium,4.256148680162893,131.9406090850497,0.0,0.0,0.0
309,284,July,37,fast,medium,1.2538124818431382,38.86818693713728,0.0,0.0,0.0
309,284,June,37,fast,medium,1.1988245786173306,35.96473735851992,0.0,0.0,0.0
309,284,March,37,medium,medium,1.9031995786173312,58.99918693713727,0.0,0.0,0.0
309,284,May,37,medium,medium,1.445780223778622,44.81918693713728,0.0,0.0,0.0
309,284,November,37,fast,medium,3.1593482587802204,94.78044776340661,0.0,0.0,0.0
309,284,November,38,fast,medium,0.1,3.0,0.0,0.0,0.0
309,284,October,37,fast,medium,11.0,341.0,0.0,0.0,0.0
309,284,October,38,fast,medium,4.256148680162893,131.9406090850497,0.0,0.0,0.0
309,284,September,37,fast,medium,3.530719434893156,105.92158304679468,0.0,0.0,0.0
309,310,June,33,fast,medium,2.4132343333333335,72.39703,0.0,0.0,0.0
309,334,April,37,medium,medium,10.019008333333334,300.57025,0.0,0.0,0.0
309,334,April,38,medium,medium,4.256148680162893,127.68446040488678,0.0,0.0,0.0
309,334,August,37,fast,medium,10.102983870967742,313.1925,0.0,0.0,0.0
309,334,August,38,fast,medium,4.256148680162893,131.9406090850497,0.0,0.0,0.0
309,334,December,37,medium,medium,0.9031995786173308,27.999186937137253,0.0,0.0,0.0
309,334,February,37,medium,medium,2.103618229007468,58.90131041220911,0.0,0.0,0.0
309,334,January,37,fast,medium,0.9031995786173308,27.999186937137253,0.0,0.0,0.0
309,334,July,37,medium,medium,10.649387096774193,330.131,0.0,0.0,0.0
309,334,July,38,fast,medium,4.256148680162893,131.9406090850497,0.0,0.0,0.0
309,334,June,34,fast,medium,0.8656089339069615,25.968268017208842,0.0,0.0,0.0
309,334,June,37,medium,medium,10.704375,321.13125,0.0,0.0,0.0
309,334,June,38,fast,medium,4.256148680162893,127.68446040488678,0.0,0.0,0.0
309,334,March,37,fast,medium,10.0,310.0,0.0,0.0,0.0
309,334,March,38,medium,medium,4.256148680162893,131.9406090850497,0.0,0.0,0.0
309,334,May,37,medium,medium,10.45741935483871,324.18,0.0,0.0,0.0
309,334,May,38,medium,medium,4.256148680162893,131.9406090850497,0.0,0.0,0.0
309,334,November,37,fast,medium,8.74385131983711,262.3155395951133,0.0,0.0,0.0
309,334,November,38,medium,medium,4.156148680162893,124.68446040488679,0.0,0.0,0.0
309,334,October,37,medium,medium,0.9031995786173308,27.999186937137253,0.0,0.0,0.0
309,334,September,37,fast,medium,8.372480143724175,251.17440431172525,0.0,0.0,0.0
309,334,September,38,medium,medium,4.256148680162893,127.68446040488678,0.0,0.0,0.0
310,309,June,26,fast,medium,0.40284383107422883,12.085314932226865,0.0,0.0,0.0
310,311,September,18,medium,medium,0.279568690210656,8.38706070631968,0.0,0.0,0.0
311,312,April,24,medium,medium,0.1208868051251093,3.626604153753279,0.0,0.0,0.0
311,312,April,25,fast,medium,5.476412083512251,164.29236250536752,0.0,0.0,0.0
311,312,April,26,medium,medium,5.250778341470312,157.52335024410937,0.0,0.0,0.0
311,312,April,27,fast,medium,6.38641862779588,191.5925588338764,0.0,0.0,0.0
311,312,April,28,fast,medium,5.196605249967483,155.89815749902448,0.0,0.0,0.0
311,312,April,33,fast,medium,3.029983999999999,90.89951999999997,0.0,0.0,0.0
311,312,April,34,medium,medium,2.1938995088388324,65.81698526516497,0.0,0.0,0.0
311,312,April,35,fast,medium,3.58643397960002,107.59301938800061,0.0,0.0,0.0
311,312,April,36,medium,medium,2.9379972176404117,88.13991652921234,0.0,0.0,0.0
311,312,August,34,medium,medium,2.1938995088388324,68.01088477400381,0.0,0.0,0.0
311,312,August,35,fast,medium,3.58643397960002,111.17945336760063,0.0,0.0,0.0
311,312,August,36,medium,medium,2.9379972176404117,91.07791374685276,0.0,0.0,0.0
311,312,December,34,medium,medium,2.1938995088388324,68.01088477400381,0.0,0.0,0.0
311,312,December,35,fast,medium,3.58643397960002,111.17945336760063,0.0,0.0,0.0
311,312,December,36,fast,medium,2.9379972176404117,91.07791374685276,0.0,0.0,0.0
311,312,February,34,fast,medium,2.1938995088388324,61.42918624748731,0.0,0.0,0.0
311,312,February,35,fast,medium,3.58643397960002,100.42015142880057,0.0,0.0,0.0
311,312,February,36,medium,medium,2.9379972176404117,82.26392209393153,0.0,0.0,0.0
311,312,January,34,fast,medium,2.1938995088388324,68.01088477400381,0.0,0.0,0.0
311,312,January,35,medium,medium,3.58643397960002,111.17945336760063,0.0,0.0,0.0
311,312,January,36,medium,medium,2.9379972176404117,91.07791374685276,0.0,0.0,0.0
311,312,July,34,medium,medium,2.1938995088388324,68.01088477400381,0.0,0.0,0.0
311,312,July,35,medium,medium,3.58643397960002,111.17945336760063,0.0,0.0,0.0
311,312,July,36,medium,medium,2.9379972176404117,91.07791374685276,0.0,0.0,0.0
311,312,June,25,medium,medium,3.13145808351225,93.9437425053675,0.0,0.0,0.0
311,312,June,26,fast,medium,2.9058243414703107,87.17473024410933,0.0,0.0,0.0
311,312,June,27,fast,medium,7.6149973203166645,228.44991960949994,0.0,0.0,0.0
311,312,June,28,fast,medium,10.983433249967483,329.5029974990245,0.0,0.0,0.0
311,312,June,33,fast,medium,7.955258000000001,238.65774000000002,0.0,0.0,0.0
311,312,June,34,medium,medium,2.1938995088388324,65.81698526516497,0.0,0.0,0.0
311,312,June,35,fast,medium,3.58643397960002,107.59301938800061,0.0,0.0,0.0
311,312,June,36,medium,medium,2.9379972176404117,88.13991652921234,0.0,0.0,0.0
311,312,March,34,fast,medium,2.1938995088388324,68.01088477400381,0.0,0.0,0.0
311,312,March,35,fast,medium,3.58643397960002,111.17945336760063,0.0,0.0,0.0
311,312,March,36,fast,medium,2.9379972176404117,91.07791374685276,0.0,0.0,0.0
311,312,May,33,fast,medium,7.027099677419354,217.84008999999998,0.0,0.0,0.0
311,312,May,34,medium,medium,3.3349315951410716,103.38287944937322,0.0,0.0,0.0
311,312,May,35,medium,medium,3.911288709677419,121.24994999999998,0.0,0.0,0.0
311,312,May,36,medium,medium,2.9379972176404117,91.07791374685276,0.0,0.0,0.0
311,312,November,34,medium,medium,2.1938995088388324,65.81698526516497,0.0,0.0,0.0
311,312,November,35,medium,medium,3.58643397960002,107.59301938800061,0.0,0.0,0.0
311,312,November,36,medium,medium,2.9379972176404117,88.13991652921234,0.0,0.0,0.0
311,312,October,34,medium,medium,2.1938995088388324,68.01088477400381,0.0,0.0,0.0
311,312,October,35,medium,medium,3.58643397960002,111.17945336760063,0.0,0.0,0.0
311,312,October,36,fast,medium,2.9379972176404117,91.07791374685276,0.0,0.0,0.0
311,312,September,34,medium,medium,2.1938995088388324,65.81698526516497,0.0,0.0,0.0
311,312,September,35,medium,medium,3.58643397960002,107.59301938800061,0.0,0.0,0.0
311,312,September,36,medium,medium,2.9379972176404117,88.13991652921234,0.0,0.0,0.0
312,311,February,17,fast,medium,2.917855344856519,81.69994965598254,0.0,0.0,0.0
312,311,February,20,medium,medium,1.147754375,32.137122500000004,0.0,0.0,0.0
312,311,July,39,fast,medium,0.1,3.1,0.0,0.0,0.0
312,311,July,40,medium,medium,0.1,3.1,0.0,0.0,0.0
312,311,June,39,medium,medium,0.1,3.0,0.0,0.0,0.0
312,311,June,40,fast,medium,0.1,3.0,0.0,0.0,0.0
312,311,March,17,medium,medium,1.7628447497983872,54.64818724375,0.0,0.0,0.0
312,311,May,39,fast,medium,0.1,3.1,0.0,0.0,0.0
312,311,November,17,medium,medium,0.30915826091108745,9.274747827332623,0.0,0.0,0.0
312,311,November,18,medium,medium,2.209096403255579,66.27289209766737,0.0,0.0,0.0
312,311,November,19,fast,medium,0.45823725,13.7471175,0.0,0.0,0.0
312,311,November,20,fast,medium,0.45823725,13.7471175,0.0,0.0,0.0
312,311,September,17,medium,medium,2.17192349906741,65.1577049720223,0.0,0.0,0.0
312,313,April,39,fast,fast,0.1,3.0,0.0,0.0,0.0
312,313,April,40,fast,fast,0.1,3.0,0.0,0.0,0.0
312,313,August,20,fast,fast,14.471562224216914,448.6184289507243,0.0,0.0,0.0
312,313,August,21,fast,fast,10.622971417875537,329.31211395414164,0.0,0.0,0.0
312,313,August,22,fast,fast,14.049194722938164,435.5250364110831,0.0,0.0,0.0
312,313,August,24,fast,fast,4.514837206251768,139.9599533938048,0.0,0.0,0.0
312,313,August,39,fast,fast,0.1,3.1,0.0,0.0,0.0
312,313,August,40,fast,fast,0.1,3.1,0.0,0.0,0.0
312,313,December,39,fast,fast,0.1,3.1,0.0,0.0,0.0
312,313,December,40,fast,fast,0.1,3.1,0.0,0.0,0.0
312,313,February,20,fast,fast,10.353296733442097,289.8923085363787,0.0,0.0,0.0
312,313,February,39,fast,fast,0.1,2.8000000000000003,0.0,0.0,0.0
312,313,February,40,fast,fast,0.1,2.8000000000000003,0.0,0.0,0.0
312,313,January,39,fast,fast,0.1,3.1,0.0,0.0,0.0
312,313,January,40,fast,fast,0.1,3.1,0.0,0.0,0.0
312,313,July,20,fast,fast,11.239758030668526,348.43249895072427,0.0,0.0,0.0
312,313,July,21,fast,fast,2.4101194823916643,74.7137039541416,0.0,0.0,0.0
312,313,July,22,fast,fast,8.089980640212769,250.78939984659584,0.0,0.0,0.0
312,313,March,20,fast,fast,11.379911908872641,352.77726917505186,0.0,0.0,0.0
312,313,March,21,fast,fast,11.733011095294891,363.7233439541416,0.0,0.0,0.0
312,313,March,22,fast,fast,10.15923440035752,314.9362664110831,0.0,0.0,0.0
312,313,March,39,fast,fast,0.1,3.1,0.0,0.0,0.0
312,313,March,40,fast,fast,0.1,3.1,0.0,0.0,0.0
312,313,May,40,fast,fast,0.1,3.1,0.0,0.0,0.0
312,313,November,39,fast,fast,0.1,3.0,0.0,0.0,0.0
312,313,November,40,fast,fast,0.1,3.0,0.0,0.0,0.0
312,313,October,39,fast,fast,0.1,3.1,0.0,0.0,0.0
312,313,October,40,fast,fast,0.1,3.1,0.0,0.0,0.0
312,313,September,20,fast,fast,13.60873015873016,408.26190476190476,0.0,0.0,0.0
312,313,September,21,fast,fast,5.2304862703414265,156.9145881102428,0.0,0.0,0.0
312,313,September,22,fast,fast,12.860004142293,385.80012426879,0.0,0.0,0.0
312,313,September,24,fast,fast,7.484028477688675,224.52085433066026,0.0,0.0,0.0
312,313,September,25,fast,fast,6.559746952446455,196.79240857339363,0.0,0.0,0.0
312,313,September,26,fast,fast,7.103163658529688,213.09490975589063,0.0,0.0,0.0
312,313,September,39,fast,fast,0.1,3.0,0.0,0.0,0.0
312,313,September,40,fast,fast,0.1,3.0,0.0,0.0,0.0
312,338,June,30,medium,medium,1.4506102009285442,43.518306027856326,0.0,0.0,0.0
313,312,April,17,fast,medium,9.098330830988516,272.9499249296555,0.0,0.0,0.0
313,312,August,17,fast,medium,9.098330830988516,282.048255760644,0.0,0.0,0.0
313,312,December,17,fast,medium,9.098330830988516,282.048255760644,0.0,0.0,0.0
313,312,February,17,medium,medium,9.098330830988516,254.75326326767845,0.0,0.0,0.0
313,312,January,17,medium,medium,9.098330830988516,282.048255760644,0.0,0.0,0.0
313,312,July,17,medium,medium,9.098330830988516,282.048255760644,0.0,0.0,0.0
313,312,June,17,fast,medium,9.098330830988516,272.9499249296555,0.0,0.0,0.0
313,312,March,17,medium,medium,9.098330830988516,282.048255760644,0.0,0.0,0.0
313,312,May,17,medium,medium,9.098330830988516,282.048255760644,0.0,0.0,0.0
313,312,November,17,fast,medium,9.098330830988516,272.9499249296555,0.0,0.0,0.0
313,312,October,17,fast,medium,9.098330830988516,282.048255760644,0.0,0.0,0.0
313,312,September,17,fast,medium,9.098330830988516,272.9499249296555,0.0,0.0,0.0
314,315,April,35,fast,medium,6.5879396984924625,197.63819095477388,0.0,0.0,0.0
314,315,August,35,medium,medium,6.5879396984924625,204.22613065326635,0.0,0.0,0.0
314,315,December,34,medium,medium,0.6111198269107634,18.944714634233666,0.0,0.0,0.0
314,315,December,35,medium,medium,6.5879396984924625,204.22613065326635,0.0,0.0,0.0
314,315,February,35,medium,medium,6.5879396984924625,184.46231155778895,0.0,0.0,0.0
314,315,January,35,medium,medium,6.5879396984924625,204.22613065326635,0.0,0.0,0.0
314,315,July,35,fast,medium,6.5879396984924625,204.22613065326635,0.0,0.0,0.0
314,315,June,34,medium,medium,5.652048833333334,169.561465,0.0,0.0,0.0
314,315,June,35,fast,medium,6.5879396984924625,197.63819095477388,0.0,0.0,0.0
314,315,June,36,medium,medium,0.65821120156318,19.7463360468954,0.0,0.0,0.0
314,315,March,34,medium,medium,0.1,3.1,0.0,0.0,0.0
314,315,March,35,fast,medium,6.5879396984924625,204.22613065326635,0.0,0.0,0.0
314,315,May,35,medium,medium,7.302724243830173,226.38445155873538,0.0,0.0,0.0
314,315,May,36,medium,medium,1.7063955645161286,52.89826249999999,0.0,0.0,0.0
314,315,November,35,fast,medium,6.5879396984924625,197.63819095477388,0.0,0.0,0.0
314,315,October,35,medium,medium,6.5879396984924625,204.22613065326635,0.0,0.0,0.0
314,315,September,35,fast,medium,6.5879396984924625,197.63819095477388,0.0,0.0,0.0
315,340,May,18,medium,medium,0.1,3.1,0.0,0.0,0.0
317,318,May,16,fast,fast,6.451291808877841,199.99004607521306,0.0,0.0,0.0
317,341,June,20,fast,fast,5.102744248713542,153.08232746140624,0.0,0.0,0.0
317,341,March,21,fast,fast,2.498104805733562,77.44124897774043,0.0,0.0,0.0
317,341,September,21,fast,fast,7.806621725088406,234.19865175265218,0.0,0.0,0.0
318,293,April,26,medium,medium,1.6470025000000006,49.41007500000002,0.0,0.0,0.0
318,293,April,29,fast,medium,1.0966690992613088,32.900072977839265,0.0,0.0,0.0
318,293,August,30,fast,medium,2.8354223851315794,87.89809393907896,0.0,0.0,0.0
318,293,December,30,medium,medium,2.8354223851315794,87.89809393907896,0.0,0.0,0.0
318,293,February,30,fast,medium,2.8354223851315794,79.39182678368422,0.0,0.0,0.0
318,293,January,30,fast,medium,2.8354223851315794,87.89809393907896,0.0,0.0,0.0
318,293,July,30,fast,medium,2.8354223851315794,87.89809393907896,0.0,0.0,0.0
318,293,June,27,fast,medium,1.5813150833333331,47.439452499999994,0.0,0.0,0.0
318,293,June,28,medium,medium,1.5813150833333331,47.439452499999994,0.0,0.0,0.0
318,293,June,29,medium,medium,1.3299595833333333,39.8987875,0.0,0.0,0.0
318,293,June,31,medium,medium,0.5531279325946444,16.593837977839332,0.0,0.0,0.0
318,293,March,30,medium,medium,2.8354223851315794,87.89809393907896,0.0,0.0,0.0
318,293,May,30,medium,medium,2.8354223851315794,87.89809393907896,0.0,0.0,0.0
318,293,May,33,fast,medium,0.6485200806451613,20.1041225,0.0,0.0,0.0
318,293,May,34,medium,medium,0.6485200806451613,20.1041225,0.0,0.0,0.0
318,293,November,30,fast,medium,2.8354223851315794,85.06267155394738,0.0,0.0,0.0
318,293,October,30,fast,medium,2.8354223851315794,87.89809393907896,0.0,0.0,0.0
318,293,September,30,medium,medium,2.8354223851315794,85.06267155394738,0.0,0.0,0.0
318,294,June,26,fast,fast,10.950137110204686,328.5041133061406,0.0,0.0,0.0
318,317,April,30,medium,medium,1.893916550108786,56.817496503263584,0.0,0.0,0.0
318,317,May,42,medium,medium,2.9698848861593925,92.06643147094117,0.0,0.0,0.0
318,341,April,19,fast,fast,3.693891065295581,110.81673195886744,0.0,0.0,0.0
318,341,April,30,medium,medium,0.9415058350227934,28.2451750506838,0.0,0.0,0.0
318,341,June,30,fast,fast,7.88606702091772,236.5820106275316,0.0,0.0,0.0
318,341,June,31,fast,fast,12.340930663135568,370.22791989406704,0.0,0.0,0.0
318,342,April,25,fast,fast,14.18017826180435,425.4053478541305,0.0,0.0,0.0
318,342,June,25,fast,fast,13.983311261804353,419.4993378541306,0.0,0.0,0.0
318,342,June,31,fast,fast,0.3027387549053415,9.082162647160246,0.0,0.0,0.0
318,342,May,33,fast,fast,3.5767927634845122,110.88057566801987,0.0,0.0,0.0
319,294,April,13,fast,fast,4.575085615000001,137.25256845,0.0,0.0,0.0
319,294,April,20,fast,fast,2.5493421052631575,76.48026315789473,0.0,0.0,0.0
319,294,August,21,fast,fast,5.453815294900501,169.06827414191554,0.0,0.0,0.0
319,294,December,20,fast,fast,2.5493421052631575,79.02960526315789,0.0,0.0,0.0
319,294,January,20,fast,fast,2.5493421052631575,79.02960526315789,0.0,0.0,0.0
319,294,June,20,fast,fast,2.5493421052631575,76.48026315789473,0.0,0.0,0.0
319,294,March,21,fast,fast,0.6987739516129032,21.6619925,0.0,0.0,0.0
319,294,May,20,fast,fast,2.5493421052631575,79.02960526315789,0.0,0.0,0.0
319,294,November,20,fast,fast,2.5493421052631575,76.48026315789473,0.0,0.0,0.0
319,294,October,20,fast,fast,2.5493421052631575,79.02960526315789,0.0,0.0,0.0
319,294,September,21,fast,fast,2.2654063333333347,67.96219000000005,0.0,0.0,0.0
319,320,April,28,fast,fast,6.86220678506691,205.86620355200728,0.0,0.0,0.0
319,320,April,30,fast,fast,3.998849526106021,119.96548578318063,0.0,0.0,0.0
319,320,December,28,fast,fast,1.9197662850669062,59.51275483707409,0.0,0.0,0.0
319,320,February,28,fast,fast,1.9197662850669062,53.75345598187337,0.0,0.0,0.0
319,320,January,28,fast,fast,1.9197662850669062,59.51275483707409,0.0,0.0,0.0
319,320,July,28,fast,fast,1.9197662850669062,59.51275483707409,0.0,0.0,0.0
319,320,June,28,fast,fast,2.0241417321493955,60.724251964481866,0.0,0.0,0.0
319,320,March,28,fast,fast,1.9197662850669062,59.51275483707409,0.0,0.0,0.0
319,320,May,28,fast,fast,1.9197662850669062,59.51275483707409,0.0,0.0,0.0
319,320,November,28,fast,fast,1.9197662850669062,57.592988552007185,0.0,0.0,0.0
319,320,October,28,fast,fast,1.9197662850669062,59.51275483707409,0.0,0.0,0.0
319,320,September,28,fast,fast,8.419846402613139,252.59539207839418,0.0,0.0,0.0
319,342,April,20,fast,fast,20.85735539638685,625.7206618916055,0.0,0.0,0.0
319,342,August,20,fast,fast,23.406697501650008,725.6076225511503,0.0,0.0,0.0
319,342,December,20,fast,fast,20.85735539638685,646.5780172879923,0.0,0.0,0.0
319,342,February,20,fast,fast,23.406697501650008,655.3875300462003,0.0,0.0,0.0
319,342,January,20,fast,fast,20.85735539638685,646.5780172879923,0.0,0.0,0.0
319,342,July,20,fast,fast,23.406697501650008,725.6076225511503,0.0,0.0,0.0
319,342,June,20,fast,fast,20.85735539638685,625.7206618916055,0.0,0.0,0.0
319,342,March,20,fast,fast,23.406697501650008,725.6076225511503,0.0,0.0,0.0
319,342,May,20,fast,fast,20.85735539638685,646.5780172879923,0.0,0.0,0.0
319,342,November,20,fast,fast,20.85735539638685,625.7206618916055,0.0,0.0,0.0
319,342,October,20,fast,fast,20.85735539638685,646.5780172879923,0.0,0.0,0.0
319,342,September,20,fast,fast,23.406697501650008,702.2009250495003,0.0,0.0,0.0
319,342,September,21,fast,fast,3.1884089615671662,95.652268847015,0.0,0.0,0.0
319,343,August,28,fast,medium,1.9197662850669062,59.51275483707409,0.0,0.0,0.0
320,296,April,32,fast,fast,8.160262422790058,244.80787268370176,0.0,0.0,0.0
320,296,June,32,fast,fast,21.48690486794729,644.6071460384187,0.0,0.0,0.0
320,319,April,15,fast,fast,12.149404876117266,364.482146283518,0.0,0.0,0.0
320,319,April,16,fast,fast,6.961919796028154,208.8575938808446,0.0,0.0,0.0
320,319,April,17,fast,fast,18.273421705970915,548.2026511791274,0.0,0.0,0.0
320,319,April,18,fast,fast,21.108685,633.2605500000001,0.0,0.0,0.0
320,319,April,19,fast,fast,12.008676230310313,360.2602869093094,0.0,0.0,0.0
320,319,April,33,fast,fast,3.3154180526534347,99.46254157960304,0.0,0.0,0.0
320,319,August,17,fast,fast,7.027900624233482,217.86491935123792,0.0,0.0,0.0
320,319,August,23,fast,fast,0.3233787835162101,10.024742289002512,0.0,0.0,0.0
320,319,August,33,fast,fast,3.3154180526534347,102.77795963225648,0.0,0.0,0.0
320,319,December,17,fast,fast,7.027900624233482,217.86491935123792,0.0,0.0,0.0
320,319,December,33,fast,fast,3.3154180526534347,102.77795963225648,0.0,0.0,0.0
320,319,February,17,fast,fast,7.027900624233482,196.78121747853749,0.0,0.0,0.0
320,319,February,33,fast,fast,3.3154180526534347,92.83170547429617,0.0,0.0,0.0
320,319,January,17,fast,fast,7.027900624233482,217.86491935123792,0.0,0.0,0.0
320,319,January,33,fast,fast,3.3154180526534347,102.77795963225648,0.0,0.0,0.0
320,319,July,17,fast,fast,8.54791061837074,264.9852291694929,0.0,0.0,0.0
320,319,July,18,fast,fast,8.762023861894754,271.62273971873736,0.0,0.0,0.0
320,319,July,33,fast,fast,3.3154180526534347,102.77795963225648,0.0,0.0,0.0
320,319,June,14,fast,fast,0.7989547004796975,23.968641014390926,0.0,0.0,0.0
320,319,June,15,fast,fast,0.1,3.0,0.0,0.0,0.0
320,319,June,17,fast,fast,9.036779374233475,271.10338122700426,0.0,0.0,0.0
320,319,June,18,fast,fast,11.0922187541739,332.766562625217,0.0,0.0,0.0
320,319,June,19,fast,fast,12.008676230310313,360.2602869093094,0.0,0.0,0.0
320,319,June,33,fast,fast,3.3154180526534347,99.46254157960304,0.0,0.0,0.0
320,319,June,34,fast,fast,1.598369,47.95107,0.0,0.0,0.0
320,319,March,17,fast,fast,7.027900624233482,217.86491935123792,0.0,0.0,0.0
320,319,March,18,fast,fast,1.0988214089796955,34.06346367837056,0.0,0.0,0.0
320,319,March,33,fast,fast,3.3154180526534347,102.77795963225648,0.0,0.0,0.0
320,319,May,17,fast,fast,7.027900624233482,217.86491935123792,0.0,0.0,0.0
320,319,May,33,fast,fast,3.3154180526534347,102.77795963225648,0.0,0.0,0.0
320,319,May,34,fast,fast,7.847243855130025,243.2645595090308,0.0,0.0,0.0
320,319,November,17,fast,fast,7.027900624233482,210.83701872700445,0.0,0.0,0.0
320,319,November,33,fast,fast,3.3154180526534347,99.46254157960304,0.0,0.0,0.0
320,319,October,17,fast,fast,7.027900624233482,217.86491935123792,0.0,0.0,0.0
320,319,October,33,fast,fast,3.3154180526534347,102.77795963225648,0.0,0.0,0.0
320,319,September,17,fast,fast,11.145995950332058,334.3798785099617,0.0,0.0,0.0
320,319,September,18,fast,fast,16.825555313966653,504.7666594189996,0.0,0.0,0.0
320,319,September,22,fast,fast,2.901232633603577,87.03697900810731,0.0,0.0,0.0
320,319,September,23,fast,fast,1.0724598964194367,32.1737968925831,0.0,0.0,0.0
320,319,September,33,fast,fast,3.3154180526534347,99.46254157960304,0.0,0.0,0.0
321,297,April,23,fast,fast,7.475976271370861,224.27928814112585,0.0,0.0,0.0
321,297,April,30,fast,fast,1.3408693758176788,40.226081274530365,0.0,0.0,0.0
321,297,April,31,fast,fast,4.271958927059643,128.1587678117893,0.0,0.0,0.0
321,297,April,33,fast,fast,0.1,3.0,0.0,0.0,0.0
321,297,April,42,fast,fast,0.5041713810689654,15.125141432068963,0.0,0.0,0.0
321,297,August,23,fast,fast,12.031403771370861,372.97351691249673,0.0,0.0,0.0
321,297,August,24,fast,fast,2.3378297035369364,72.47272080964503,0.0,0.0,0.0
321,297,December,23,fast,fast,7.475976271370861,231.7552644124967,0.0,0.0,0.0
321,297,February,23,fast,fast,7.475976271370861,209.3273355983841,0.0,0.0,0.0
321,297,January,23,fast,fast,7.475976271370861,231.7552644124967,0.0,0.0,0.0
321,297,July,23,fast,fast,8.950646676389766,277.4700469680828,0.0,0.0,0.0
321,297,July,30,fast,fast,1.2723927938646113,39.44417660980295,0.0,0.0,0.0
321,297,July,31,fast,fast,2.6829824181004582,83.1724549611142,0.0,0.0,0.0
321,297,July,40,fast,fast,0.17053145161290326,5.286475000000001,0.0,0.0,0.0
321,297,June,23,fast,fast,7.475976271370861,224.27928814112585,0.0,0.0,0.0
321,297,June,40,fast,fast,0.34743616666666666,10.423085,0.0,0.0,0.0
321,297,March,23,fast,fast,7.475976271370861,231.7552644124967,0.0,0.0,0.0
321,297,May,23,fast,fast,7.475976271370861,231.7552644124967,0.0,0.0,0.0
321,297,May,41,fast,fast,1.3670916356791842,42.37984070605471,0.0,0.0,0.0
321,297,May,42,fast,fast,0.1,3.1,0.0,0.0,0.0
321,297,November,23,fast,fast,7.475976271370861,224.27928814112585,0.0,0.0,0.0
321,297,October,23,fast,fast,7.475976271370861,231.7552644124967,0.0,0.0,0.0
321,297,September,23,fast,fast,17.334159091996444,520.0247727598933,0.0,0.0,0.0
321,297,September,24,fast,fast,8.413766936105965,252.41300808317897,0.0,0.0,0.0
323,324,April,20,fast,medium,13.671639768955458,410.14919306866375,0.0,0.0,0.0
323,324,April,21,fast,fast,9.33798317956175,280.1394953868525,0.0,0.0,0.0
323,324,April,23,medium,medium,3.033480814869648,91.00442444608944,0.0,0.0,0.0
323,324,April,24,fast,fast,3.0469938066702085,91.40981420010625,0.0,0.0,0.0
323,324,June,20,fast,medium,13.671639768955458,410.14919306866375,0.0,0.0,0.0
323,324,June,21,fast,fast,9.33798317956175,280.1394953868525,0.0,0.0,0.0
323,324,June,23,fast,medium,3.033480814869648,91.00442444608944,0.0,0.0,0.0
323,324,June,24,fast,fast,3.0469938066702085,91.40981420010625,0.0,0.0,0.0
323,324,May,19,medium,medium,5.748243387977027,178.19554502728784,0.0,0.0,0.0
323,324,May,20,fast,medium,28.828854231394107,893.6944811732174,0.0,0.0,0.0
323,324,May,21,fast,fast,9.33798317956175,289.4774785664142,0.0,0.0,0.0
324,323,April,16,slow,slow,5.593537823292664,167.8061346987799,0.0,0.0,0.0
324,323,August,16,fast,fast,5.593537823292664,173.3996725220726,0.0,0.0,0.0
324,323,December,16,fast,fast,5.593537823292664,173.3996725220726,0.0,0.0,0.0
324,323,February,16,fast,fast,5.593537823292664,156.6190590521946,0.0,0.0,0.0
324,323,January,16,fast,fast,5.593537823292664,173.3996725220726,0.0,0.0,0.0
324,323,July,16,fast,fast,5.593537823292664,173.3996725220726,0.0,0.0,0.0
324,323,June,16,fast,fast,5.593537823292664,167.8061346987799,0.0,0.0,0.0
324,323,March,16,fast,fast,5.593537823292664,173.3996725220726,0.0,0.0,0.0
324,323,May,16,fast,fast,5.593537823292664,173.3996725220726,0.0,0.0,0.0
324,323,November,16,fast,fast,5.593537823292664,167.8061346987799,0.0,0.0,0.0
324,323,October,16,fast,fast,5.593537823292664,173.3996725220726,0.0,0.0,0.0
324,323,September,16,fast,fast,5.593537823292664,167.8061346987799,0.0,0.0,0.0
325,326,June,16,medium,medium,30.26517697772905,907.9553093318715,0.0,0.0,0.0
325,326,June,17,medium,medium,18.34732127423613,550.4196382270839,0.0,0.0,0.0
325,326,June,18,medium,medium,55.25782468805615,1657.7347406416843,0.0,0.0,0.0
325,326,June,19,medium,medium,37.867736360556464,1136.0320908166939,0.0,0.0,0.0
325,326,June,20,medium,medium,31.40843471865417,942.2530415596251,0.0,0.0,0.0
325,326,June,21,fast,medium,22.411454112012862,672.3436233603859,0.0,0.0,0.0
325,326,June,22,medium,medium,4.418690118372396,132.56070355117188,0.0,0.0,0.0
325,326,March,18,fast,medium,0.10366627476984291,3.2136545178651303,0.0,0.0,0.0
325,326,March,19,medium,medium,1.2374106117230497,38.35972896341454,0.0,0.0,0.0
325,326,March,20,medium,medium,3.7698039044059763,116.86392103658527,0.0,0.0,0.0
325,326,May,16,fast,medium,30.26517697772905,938.2204863096005,0.0,0.0,0.0
325,326,May,17,medium,medium,26.672059935526434,826.8338580013194,0.0,0.0,0.0
325,326,May,18,medium,medium,51.20376980095938,1587.3168638297407,0.0,0.0,0.0
325,326,May,19,medium,medium,24.92984228528765,772.8251108439171,0.0,0.0,0.0
325,326,May,20,medium,medium,22.90374709499826,710.016159944946,0.0,0.0,0.0
325,326,September,18,fast,medium,13.325174402621968,399.75523207865905,0.0,0.0,0.0
325,326,September,20,medium,medium,1.5696688130081364,47.090064390244095,0.0,0.0,0.0
325,348,June,37,fast,medium,1.7891125,53.673375,0.0,0.0,0.0
325,348,May,17,medium,medium,2.5736145964802546,79.78205249088789,0.0,0.0,0.0
325,348,May,35,medium,medium,4.869937903225806,150.968075,0.0,0.0,0.0
325,348,May,36,medium,medium,4.869937903225806,150.968075,0.0,0.0,0.0
325,348,May,37,medium,medium,1.1618451612903227,36.0172,0.0,0.0,0.0
325,349,June,15,fast,fast,5.793357159893411,173.8007147968023,0.0,0.0,0.0
325,349,May,15,fast,fast,5.793357159893411,179.59407195669573,0.0,0.0,0.0
326,302,April,28,medium,medium,2.440061311342035,73.20183934026105,0.0,0.0,0.0
326,302,April,30,medium,medium,4.204839093088342,126.14517279265027,0.0,0.0,0.0
326,302,April,31,medium,medium,18.05190997756585,541.5572993269755,0.0,0.0,0.0
326,302,August,28,medium,medium,2.440061311342035,75.64190065160308,0.0,0.0,0.0
326,302,August,31,medium,medium,18.05190997756585,559.6092093045413,0.0,0.0,0.0
326,302,December,28,fast,medium,2.440061311342035,75.64190065160308,0.0,0.0,0.0
326,302,December,31,fast,medium,18.05190997756585,559.6092093045413,0.0,0.0,0.0
326,302,February,28,medium,medium,2.440061311342035,68.32171671757698,0.0,0.0,0.0
326,302,February,31,medium,medium,18.051909977565845,505.4534793718437,0.0,0.0,0.0
326,302,January,28,medium,medium,2.440061311342035,75.64190065160308,0.0,0.0,0.0
326,302,January,31,fast,medium,18.051909977565845,559.6092093045412,0.0,0.0,0.0
326,302,July,28,medium,medium,2.440061311342035,75.64190065160308,0.0,0.0,0.0
326,302,July,31,medium,medium,18.05190997756585,559.6092093045413,0.0,0.0,0.0
326,302,June,7,fast,medium,0.1,3.0,0.0,0.0,0.0
326,302,June,28,medium,medium,2.440061311342035,73.20183934026105,0.0,0.0,0.0
326,302,June,30,medium,medium,7.260620935193609,217.81862805580826,0.0,0.0,0.0
326,302,June,31,fast,medium,17.76833672794456,533.0501018383368,0.0,0.0,0.0
326,302,March,17,medium,medium,0.8540003225806458,26.47401000000002,0.0,0.0,0.0
326,302,March,28,medium,medium,2.440061311342035,75.64190065160308,0.0,0.0,0.0
326,302,March,31,medium,medium,18.05190997756585,559.6092093045413,0.0,0.0,0.0
326,302,May,28,fast,medium,2.440061311342035,75.64190065160308,0.0,0.0,0.0
326,302,May,31,medium,medium,15.695948376918203,486.5743996844643,0.0,0.0,0.0
326,302,November,28,medium,medium,2.440061311342035,73.20183934026105,0.0,0.0,0.0
326,302,November,31,medium,medium,18.05190997756585,541.5572993269755,0.0,0.0,0.0
326,302,October,28,fast,medium,2.440061311342035,75.64190065160308,0.0,0.0,0.0
326,302,October,31,medium,medium,18.051909977565845,559.6092093045412,0.0,0.0,0.0
326,302,September,17,medium,medium,5.509344343877582,165.28033031632745,0.0,0.0,0.0
326,302,September,28,medium,medium,2.440061311342035,73.20183934026105,0.0,0.0,0.0
326,302,September,31,medium,medium,18.05190997756585,541.5572993269755,0.0,0.0,0.0
326,325,April,31,fast,fast,2.2471807088824036,67.41542126647211,0.0,0.0,0.0
326,325,August,31,fast,fast,2.2471807088824036,69.6626019753545,0.0,0.0,0.0
326,325,December,31,fast,fast,2.2471807088824036,69.6626019753545,0.0,0.0,0.0
326,325,February,31,fast,fast,2.247180708882407,62.9210598487074,0.0,0.0,0.0
326,325,January,31,fast,fast,2.247180708882407,69.66260197535462,0.0,0.0,0.0
326,325,July,31,fast,fast,2.2471807088824036,69.6626019753545,0.0,0.0,0.0
326,325,June,30,fast,fast,1.7772012949200793,53.31603884760238,0.0,0.0,0.0
326,325,June,31,fast,fast,2.5307539585036913,75.92261875511073,0.0,0.0,0.0
326,325,March,31,fast,fast,2.2471807088824036,69.6626019753545,0.0,0.0,0.0
326,325,May,31,fast,fast,4.60314230953005,142.69741159543153,0.0,0.0,0.0
326,325,November,31,fast,fast,2.2471807088824036,67.41542126647211,0.0,0.0,0.0
326,325,October,31,fast,fast,2.247180708882407,69.66260197535462,0.0,0.0,0.0
326,325,September,31,fast,fast,2.2471807088824036,67.41542126647211,0.0,0.0,0.0
327,303,April,31,medium,medium,0.1,3.0,0.0,0.0,0.0
327,303,February,31,fast,medium,0.1,2.8000000000000003,0.0,0.0,0.0
327,303,March,31,medium,medium,0.1,3.1,0.0,0.0,0.0
327,303,May,35,medium,medium,0.21090282258064513,6.537987499999999,0.0,0.0,0.0
327,328,August,31,medium,medium,0.1,3.1,0.0,0.0,0.0
327,328,December,31,fast,medium,0.1,3.1,0.0,0.0,0.0
327,328,January,31,medium,medium,0.1,3.1,0.0,0.0,0.0
327,328,July,31,fast,medium,0.1,3.1,0.0,0.0,0.0
327,328,June,18,fast,medium,1.278818718936222,38.36456156808666,0.0,0.0,0.0
327,328,June,25,fast,medium,2.336474958889717,70.0942487666915,0.0,0.0,0.0
327,328,June,27,fast,medium,15.874843678624678,476.24531035874037,0.0,0.0,0.0
327,328,June,28,medium,medium,18.525618901678307,555.7685670503492,0.0,0.0,0.0
327,328,June,29,fast,medium,12.339159961252811,370.1747988375843,0.0,0.0,0.0
327,328,June,30,fast,medium,4.7286675697843705,141.86002709353113,0.0,0.0,0.0
327,328,June,31,medium,medium,0.1,3.0,0.0,0.0,0.0
327,328,June,32,fast,medium,1.4938758431177384,44.81627529353215,0.0,0.0,0.0
327,328,May,17,medium,medium,3.3789608423218738,104.74778611197809,0.0,0.0,0.0
327,328,May,31,fast,medium,0.1,3.1,0.0,0.0,0.0
327,328,November,31,medium,medium,0.1,3.0,0.0,0.0,0.0
327,328,October,31,medium,medium,0.1,3.1,0.0,0.0,0.0
327,328,September,31,medium,medium,0.1,3.0,0.0,0.0,0.0
328,303,June,33,fast,medium,0.6985678333333334,20.957035,0.0,0.0,0.0
328,303,June,34,medium,medium,0.6985678333333334,20.957035,0.0,0.0,0.0
328,303,June,38,medium,medium,0.1,3.0,0.0,0.0,0.0
328,327,April,3,fast,medium,0.1070561021528249,3.211683064584747,0.0,0.0,0.0
328,327,August,3,fast,medium,0.1070561021528249,3.318739166737572,0.0,0.0,0.0
328,327,December,3,fast,medium,0.1070561021528249,3.318739166737572,0.0,0.0,0.0
328,327,February,3,fast,medium,0.1070561021528249,2.9975708602790974,0.0,0.0,0.0
328,327,January,3,fast,medium,0.1070561021528249,3.318739166737572,0.0,0.0,0.0
328,327,July,3,fast,medium,0.1070561021528249,3.318739166737572,0.0,0.0,0.0
328,327,June,3,fast,medium,0.1070561021528249,3.211683064584747,0.0,0.0,0.0
328,327,March,3,fast,medium,0.1070561021528249,3.318739166737572,0.0,0.0,0.0
328,327,May,3,fast,medium,0.1070561021528249,3.318739166737572,0.0,0.0,0.0
328,327,November,3,fast,medium,0.1070561021528249,3.211683064584747,0.0,0.0,0.0
328,327,October,3,fast,medium,0.1070561021528249,3.318739166737572,0.0,0.0,0.0
328,327,September,3,fast,medium,0.1070561021528249,3.211683064584747,0.0,0.0,0.0
328,329,April,15,fast,fast,9.331545680904041,279.9463704271212,0.0,0.0,0.0
328,329,June,15,fast,fast,3.0363109253354583,91.08932776006375,0.0,0.0,0.0
329,352,June,31,fast,fast,4.559472824360007,136.78418473080023,0.0,0.0,0.0
329,352,June,32,fast,fast,17.11693087057057,513.5079261171171,0.0,0.0,0.0
329,352,June,33,fast,fast,13.132970600084704,393.9891180025411,0.0,0.0,0.0
330,331,April,29,fast,medium,0.910645969139992,27.31937907419976,0.0,0.0,0.0
330,331,August,29,fast,medium,0.910645969139992,28.23002504333975,0.0,0.0,0.0
330,331,December,29,fast,medium,0.910645969139992,28.23002504333975,0.0,0.0,0.0
330,331,February,29,fast,medium,0.910645969139992,25.498087135919775,0.0,0.0,0.0
330,331,January,29,fast,medium,0.910645969139992,28.23002504333975,0.0,0.0,0.0
330,331,July,29,fast,medium,0.910645969139992,28.23002504333975,0.0,0.0,0.0
330,331,June,29,fast,medium,1.3367932598039216,40.103797794117646,0.0,0.0,0.0
330,331,June,30,fast,medium,1.0884734287925673,32.654202863777016,0.0,0.0,0.0
330,331,March,29,fast,medium,0.910645969139992,28.23002504333975,0.0,0.0,0.0
330,331,May,29,fast,medium,0.910645969139992,28.23002504333975,0.0,0.0,0.0
330,331,November,29,fast,medium,0.910645969139992,27.31937907419976,0.0,0.0,0.0
330,331,October,29,fast,medium,0.910645969139992,28.23002504333975,0.0,0.0,0.0
330,331,September,29,fast,medium,0.910645969139992,27.31937907419976,0.0,0.0,0.0
330,353,April,32,fast,fast,12.631613169681923,378.9483950904577,0.0,0.0,0.0
330,353,August,32,fast,fast,0.5873963784124321,18.209287730785395,0.0,0.0,0.0
330,353,June,7,fast,fast,0.23042933333333332,6.9128799999999995,0.0,0.0,0.0
330,353,June,32,fast,fast,19.712453169681925,591.3735950904578,0.0,0.0,0.0
330,353,May,32,fast,fast,13.420921557466151,416.0485682814507,0.0,0.0,0.0
330,354,August,23,fast,fast,11.733092664659974,363.7258726044592,0.0,0.0,0.0
330,354,August,24,fast,fast,5.142808183356507,159.4270536840517,0.0,0.0,0.0
330,354,February,23,fast,fast,0.6126492857142871,17.15418000000004,0.0,0.0,0.0
330,354,March,23,fast,fast,4.370731451612901,135.49267499999993,0.0,0.0,0.0
330,354,May,32,fast,fast,1.5932460144682743,49.3906264485165,0.0,0.0,0.0
330,354,September,23,fast,fast,9.773820112652825,293.21460337958473,0.0,0.0,0.0
330,354,September,24,fast,fast,0.1,3.0,0.0,0.0,0.0
330,354,September,25,fast,fast,3.5600348760432254,106.80104628129676,0.0,0.0,0.0
331,330,June,26,fast,medium,17.105636948727913,513.1691084618374,0.0,0.0,0.0
331,354,April,24,fast,fast,9.579757450512085,287.39272351536255,0.0,0.0,0.0
331,354,April,25,fast,fast,19.182590336708188,575.4777101012456,0.0,0.0,0.0
331,354,June,24,fast,fast,7.435217757587482,223.05653272762447,0.0,0.0,0.0
331,354,June,25,fast,fast,19.182590336708188,575.4777101012456,0.0,0.0,0.0
331,354,May,24,fast,fast,2.802050257587478,86.86355798521181,0.0,0.0,0.0
331,354,May,25,fast,fast,19.182590336708188,594.6603004379538,0.0,0.0,0.0
331,354,September,24,fast,fast,6.466087485099916,193.98262455299746,0.0,0.0,0.0
332,356,April,28,fast,medium,3.962152985819852,118.86458957459556,0.0,0.0,0.0
332,356,April,29,medium,medium,18.19229615688812,545.7688847066436,0.0,0.0,0.0
332,356,April,30,medium,medium,16.30989158087568,489.2967474262704,0.0,0.0,0.0
332,356,August,28,fast,medium,3.962152985819852,122.82674256041541,0.0,0.0,0.0
332,356,August,29,fast,medium,4.063511084481728,125.96884361893358,0.0,0.0,0.0
332,356,December,28,fast,medium,3.962152985819852,122.82674256041541,0.0,0.0,0.0
332,356,December,29,medium,medium,4.063511084481728,125.96884361893358,0.0,0.0,0.0
332,356,February,28,fast,medium,3.962152985819852,110.94028360295586,0.0,0.0,0.0
332,356,February,29,medium,medium,4.063511084481728,113.7783103654884,0.0,0.0,0.0
332,356,January,28,medium,medium,3.962152985819852,122.82674256041541,0.0,0.0,0.0
332,356,January,29,fast,medium,4.063511084481728,125.96884361893358,0.0,0.0,0.0
332,356,July,28,medium,medium,3.962152985819852,122.82674256041541,0.0,0.0,0.0
332,356,July,29,medium,medium,4.063511084481728,125.96884361893358,0.0,0.0,0.0
332,356,June,28,fast,medium,3.962152985819852,118.86458957459556,0.0,0.0,0.0
332,356,June,29,fast,medium,18.812335740221457,564.3700722066437,0.0,0.0,0.0
332,356,June,30,fast,medium,17.340983655875675,520.2295096762703,0.0,0.0,0.0
332,356,March,28,medium,medium,3.962152985819852,122.82674256041541,0.0,0.0,0.0
332,356,March,29,fast,medium,4.063511084481728,125.96884361893358,0.0,0.0,0.0
332,356,May,28,medium,medium,3.962152985819852,122.82674256041541,0.0,0.0,0.0
332,356,May,29,fast,medium,4.063511084481728,125.96884361893358,0.0,0.0,0.0
332,356,November,28,medium,medium,3.962152985819852,118.86458957459556,0.0,0.0,0.0
332,356,November,29,medium,medium,4.063511084481728,121.90533253445184,0.0,0.0,0.0
332,356,October,28,fast,medium,3.962152985819852,122.82674256041541,0.0,0.0,0.0
332,356,October,29,medium,medium,4.063511084481728,125.96884361893358,0.0,0.0,0.0
332,356,September,28,medium,medium,3.962152985819852,118.86458957459556,0.0,0.0,0.0
332,356,September,29,medium,medium,4.063511084481728,121.90533253445184,0.0,0.0,0.0
334,309,August,23,medium,medium,2.2344166199638504,69.26691521887936,0.0,0.0,0.0
334,309,August,25,fast,medium,5.026152608474462,155.8107308627083,0.0,0.0,0.0
334,309,December,23,medium,medium,2.371773286930704,73.52497189485183,0.0,0.0,0.0
334,309,July,23,fast,medium,2.371773286930704,73.52497189485183,0.0,0.0,0.0
334,309,July,25,medium,medium,5.026152608474462,155.8107308627083,0.0,0.0,0.0
334,309,June,23,medium,medium,20.024696999999996,600.7409099999999,0.0,0.0,0.0
334,309,June,24,medium,medium,13.368226653494755,401.04679960484265,0.0,0.0,0.0
334,309,June,25,medium,medium,23.999169275141128,719.9750782542338,0.0,0.0,0.0
334,309,June,26,fast,medium,14.732059012542514,441.9617703762754,0.0,0.0,0.0
334,309,March,23,medium,medium,2.371773286930704,73.52497189485183,0.0,0.0,0.0
334,309,March,25,medium,medium,3.3863591673140565,104.97713418673575,0.0,0.0,0.0
334,309,September,23,fast,medium,2.371773286930704,71.15319860792113,0.0,0.0,0.0
334,309,September,25,fast,medium,5.026152608474462,150.78457825423385,0.0,0.0,0.0
334,335,February,23,medium,medium,1.8540507142857146,51.91342000000001,0.0,0.0,0.0
334,335,February,25,fast,medium,1.4961398214285715,41.891915000000004,0.0,0.0,0.0
334,359,April,23,medium,medium,2.371773286930704,71.15319860792113,0.0,0.0,0.0
334,359,April,25,medium,medium,5.026152608474462,150.78457825423385,0.0,0.0,0.0
334,359,April,26,fast,medium,4.566705797252286,137.0011739175686,0.0,0.0,0.0
334,359,August,23,medium,medium,0.13735666696685378,4.258056675972467,0.0,0.0,0.0
334,359,December,25,medium,medium,5.026152608474462,155.8107308627083,0.0,0.0,0.0
334,359,February,23,medium,medium,0.5177225726449901,14.496232034059723,0.0,0.0,0.0
334,359,February,25,fast,medium,3.53001278704589,98.84035803728491,0.0,0.0,0.0
334,359,January,23,fast,medium,2.371773286930704,73.52497189485183,0.0,0.0,0.0
334,359,January,25,fast,medium,5.026152608474462,155.8107308627083,0.0,0.0,0.0
334,359,June,23,medium,medium,1.619264025498241,48.57792076494724,0.0,0.0,0.0
334,359,June,26,fast,medium,5.298132160408834,158.943964812265,0.0,0.0,0.0
334,359,March,25,fast,medium,1.6397934411604052,50.83359667597256,0.0,0.0,0.0
334,359,May,23,fast,medium,2.371773286930704,73.52497189485183,0.0,0.0,0.0
334,359,May,25,fast,medium,5.026152608474462,155.8107308627083,0.0,0.0,0.0
334,359,November,23,fast,medium,2.371773286930704,71.15319860792113,0.0,0.0,0.0
334,359,November,25,medium,medium,5.026152608474462,150.78457825423385,0.0,0.0,0.0
334,359,October,23,fast,medium,2.371773286930704,73.52497189485183,0.0,0.0,0.0
334,359,October,25,medium,medium,5.026152608474462,155.8107308627083,0.0,0.0,0.0
335,334,April,2,fast,medium,2.75008238500779,82.50247155023371,0.0,0.0,0.0
335,334,August,2,fast,medium,2.75008238500779,85.2525539352415,0.0,0.0,0.0
335,334,December,2,fast,medium,2.75008238500779,85.2525539352415,0.0,0.0,0.0
335,334,February,2,fast,medium,2.75008238500779,77.00230678021812,0.0,0.0,0.0
335,334,January,2,medium,medium,2.75008238500779,85.2525539352415,0.0,0.0,0.0
335,334,July,1,fast,medium,2.326845529242481,72.13221140651692,0.0,0.0,0.0
335,334,July,2,fast,medium,4.380838398059696,135.80599033985058,0.0,0.0,0.0
335,334,June,1,fast,medium,2.426845529242481,72.80536587727443,0.0,0.0,0.0
335,334,June,2,medium,medium,5.365887513621431,160.97662540864292,0.0,0.0,0.0
335,334,March,2,fast,medium,2.75008238500779,85.2525539352415,0.0,0.0,0.0
335,334,March,17,fast,medium,1.074465712208264,33.30843707845618,0.0,0.0,0.0
335,334,May,1,fast,medium,2.3268455292424797,72.13221140651687,0.0,0.0,0.0
335,334,May,2,fast,medium,5.056009468302635,156.73629351738168,0.0,0.0,0.0
335,334,May,15,medium,medium,2.082827447307114,64.56765086652054,0.0,0.0,0.0
335,334,May,16,medium,medium,2.082827447307114,64.56765086652054,0.0,0.0,0.0
335,334,May,17,medium,medium,3.464235861979903,107.391311721377,0.0,0.0,0.0
335,334,November,2,medium,medium,2.75008238500779,82.50247155023371,0.0,0.0,0.0
335,334,October,2,medium,medium,2.75008238500779,85.2525539352415,0.0,0.0,0.0
335,334,September,2,fast,medium,2.75008238500779,82.50247155023371,0.0,0.0,0.0
335,334,September,17,fast,medium,1.2488879403555928,37.46663821066778,0.0,0.0,0.0
335,334,September,18,fast,medium,2.956284866661953,88.68854599985859,0.0,0.0,0.0
335,336,April,1,medium,medium,2.426845529242481,72.80536587727443,0.0,0.0,0.0
335,336,April,2,fast,medium,2.826133270209496,84.78399810628488,0.0,0.0,0.0
335,336,August,1,medium,medium,2.426845529242481,75.23221140651691,0.0,0.0,0.0
335,336,August,2,medium,medium,2.826133270209496,87.61013137649438,0.0,0.0,0.0
335,336,December,1,fast,medium,2.426845529242481,75.23221140651691,0.0,0.0,0.0
335,336,December,2,fast,medium,2.826133270209496,87.61013137649438,0.0,0.0,0.0
335,336,February,1,fast,medium,2.426845529242481,67.95167481878947,0.0,0.0,0.0
335,336,February,2,medium,medium,2.826133270209496,79.13173156586589,0.0,0.0,0.0
335,336,January,1,medium,medium,2.426845529242481,75.23221140651691,0.0,0.0,0.0
335,336,January,2,fast,medium,2.826133270209496,87.61013137649438,0.0,0.0,0.0
335,336,July,1,fast,medium,0.1,3.1,0.0,0.0,0.0
335,336,July,2,fast,medium,1.19537725715759,37.05669497188529,0.0,0.0,0.0
335,336,June,2,fast,medium,0.21032814159585556,6.309844247875667,0.0,0.0,0.0
335,336,March,1,medium,medium,2.426845529242481,75.23221140651691,0.0,0.0,0.0
335,336,March,2,medium,medium,2.826133270209496,87.61013137649438,0.0,0.0,0.0
335,336,May,1,medium,medium,0.1,3.1,0.0,0.0,0.0
335,336,May,2,medium,medium,0.520206186914649,16.12639179435412,0.0,0.0,0.0
335,336,November,1,fast,medium,2.426845529242481,72.80536587727443,0.0,0.0,0.0
335,336,November,2,medium,medium,2.826133270209496,84.78399810628488,0.0,0.0,0.0
335,336,October,1,medium,medium,2.426845529242481,75.23221140651691,0.0,0.0,0.0
335,336,October,2,fast,medium,2.826133270209496,87.61013137649438,0.0,0.0,0.0
335,336,September,1,medium,medium,2.426845529242481,72.80536587727443,0.0,0.0,0.0
335,336,September,2,fast,medium,2.826133270209496,84.78399810628488,0.0,0.0,0.0
335,359,May,18,medium,medium,5.810721290698842,180.1323600116641,0.0,0.0,0.0
335,359,May,19,fast,medium,7.716643898920018,239.21596086652056,0.0,0.0,0.0
335,359,May,20,fast,medium,1.5268582301076803,47.33260513333809,0.0,0.0,0.0
337,312,June,34,fast,medium,1.1436621629981758,34.309864889945274,0.0,0.0,0.0
337,312,May,34,fast,medium,3.693292623134125,114.49207131715788,0.0,0.0,0.0
337,338,August,30,medium,medium,6.537845705967976,202.67321688500726,0.0,0.0,0.0
337,338,June,31,medium,medium,4.187398670597874,125.62196011793623,0.0,0.0,0.0
337,338,June,32,medium,medium,5.384006219126434,161.520186573793,0.0,0.0,0.0
337,338,June,33,fast,medium,13.89666829791099,416.9000489373297,0.0,0.0,0.0
337,338,September,30,medium,medium,4.254315543859644,127.6294663157893,0.0,0.0,0.0
337,362,April,30,fast,fast,6.537845705967976,196.13537117903928,0.0,0.0,0.0
337,362,April,31,fast,fast,8.928281514991648,267.8484454497494,0.0,0.0,0.0
337,362,April,32,fast,fast,8.692949966463088,260.78849899389263,0.0,0.0,0.0
337,362,December,30,fast,fast,2.6130207284337192,81.00364258144529,0.0,0.0,0.0
337,362,February,30,fast,fast,2.6130207284337192,73.16458039614415,0.0,0.0,0.0
337,362,January,30,fast,fast,2.6130207284337192,81.00364258144529,0.0,0.0,0.0
337,362,July,30,fast,fast,6.537845705967976,202.67321688500726,0.0,0.0,0.0
337,362,June,30,fast,fast,6.537845705967976,196.13537117903928,0.0,0.0,0.0
337,362,June,31,fast,fast,12.843169014991647,385.2950704497494,0.0,0.0,0.0
337,362,June,32,fast,fast,11.646561466463087,349.3968439938926,0.0,0.0,0.0
337,362,March,30,fast,fast,2.6130207284337192,81.00364258144529,0.0,0.0,0.0
337,362,May,30,fast,fast,6.537845705967976,202.67321688500726,0.0,0.0,0.0
337,362,May,31,fast,fast,13.237117590260459,410.3506452980742,0.0,0.0,0.0
337,362,May,32,fast,fast,12.040510041731899,373.25581129368885,0.0,0.0,0.0
337,362,November,30,fast,fast,2.6130207284337192,78.39062185301158,0.0,0.0,0.0
337,362,October,30,fast,fast,2.6130207284337192,81.00364258144529,0.0,0.0,0.0
337,362,September,30,fast,fast,1.9699129220459888,59.09738766137966,0.0,0.0,0.0
338,312,April,17,medium,medium,7.782998944244149,233.48996832732445,0.0,0.0,0.0
338,312,August,17,fast,medium,6.014889630606579,186.46157854880394,0.0,0.0,0.0
338,312,February,17,fast,medium,2.979376311868627,83.42253673232156,0.0,0.0,0.0
338,312,July,17,medium,medium,7.782998944244149,241.2729672715686,0.0,0.0,0.0
338,312,June,15,medium,medium,1.9380848906652268,58.142546719956805,0.0,0.0,0.0
338,312,June,16,medium,medium,3.171944191430633,95.15832574291899,0.0,0.0,0.0
338,312,June,17,medium,medium,9.714604944244144,291.4381483273243,0.0,0.0,0.0
338,312,June,18,fast,medium,0.8637380191394186,25.91214057418256,0.0,0.0,0.0
338,312,March,15,medium,medium,0.8398783870967748,26.036230000000018,0.0,0.0,0.0
338,312,March,16,fast,medium,0.8398783870967748,26.036230000000018,0.0,0.0,0.0
338,312,March,17,medium,medium,5.266510832017869,163.26183579255394,0.0,0.0,0.0
338,312,May,16,fast,medium,0.5917895247639748,18.34547526768322,0.0,0.0,0.0
338,312,May,17,medium,medium,7.782998944244149,241.2729672715686,0.0,0.0,0.0
338,312,September,17,fast,medium,5.523017323222374,165.6905196966712,0.0,0.0,0.0
338,337,August,17,medium,medium,1.76810931363757,54.811388722764676,0.0,0.0,0.0
338,337,December,17,medium,medium,7.782998944244149,241.2729672715686,0.0,0.0,0.0
338,337,February,17,fast,medium,1.8872869180898073,52.84403370651461,0.0,0.0,0.0
338,337,January,17,fast,medium,7.782998944244149,241.2729672715686,0.0,0.0,0.0
338,337,November,17,medium,medium,7.229939284244146,216.89817852732438,0.0,0.0,0.0
338,337,October,17,fast,medium,7.782998944244149,241.2729672715686,0.0,0.0,0.0
338,339,December,24,medium,medium,0.8377925806451613,25.97157,0.0,0.0,0.0
338,339,December,25,medium,medium,0.7790074193548387,24.149230000000003,0.0,0.0,0.0
338,339,December,26,medium,medium,0.7790074193548387,24.149230000000003,0.0,0.0,0.0
338,339,December,34,medium,medium,0.5598732987903223,17.356072262499993,0.0,0.0,0.0
338,339,June,14,fast,medium,1.7905844999999996,53.717534999999984,0.0,0.0,0.0
338,362,March,17,fast,fast,0.5094037243230529,15.79151545401464,0.0,0.0,0.0
338,362,September,17,fast,medium,1.492783828578169,44.78351485734507,0.0,0.0,0.0
338,363,February,17,medium,medium,2.9163357142857143,81.6574,0.0,0.0,0.0
338,363,March,17,fast,medium,2.0070843879032267,62.21961602500003,0.0,0.0,0.0
338,363,November,17,fast,medium,0.5530596599999998,16.591789799999994,0.0,0.0,0.0
338,363,September,17,fast,medium,0.7671977924436062,23.015933773308184,0.0,0.0,0.0
339,338,April,19,medium,medium,10.977974026265233,329.339220787957,0.0,0.0,0.0
339,338,April,20,fast,medium,8.211122974937995,246.33368924813985,0.0,0.0,0.0
339,338,June,19,medium,medium,14.483320762423713,434.49962287271137,0.0,0.0,0.0
339,338,June,20,fast,medium,8.58004830827133,257.4014492481399,0.0,0.0,0.0
339,338,June,21,medium,medium,0.8421266591358529,25.263799774075586,0.0,0.0,0.0
339,338,May,19,fast,medium,19.55109184884588,606.0838473142222,0.0,0.0,0.0
339,338,May,20,medium,medium,7.184240797518641,222.71146472307788,0.0,0.0,0.0
340,315,April,19,fast,medium,0.6315313854067739,18.945941562203217,0.0,0.0,0.0
340,315,April,20,medium,medium,1.0860115392636231,32.580346177908694,0.0,0.0,0.0
340,315,April,21,fast,medium,1.0860115392636231,32.580346177908694,0.0,0.0,0.0
340,315,August,19,fast,medium,0.6315313854067739,19.57747294760999,0.0,0.0,0.0
340,315,August,20,medium,medium,1.0860115392636231,33.66635771717232,0.0,0.0,0.0
340,315,August,21,fast,medium,1.0860115392636231,33.66635771717232,0.0,0.0,0.0
340,315,December,19,medium,medium,0.6315313854067739,19.57747294760999,0.0,0.0,0.0
340,315,December,20,fast,medium,1.0860115392636231,33.66635771717232,0.0,0.0,0.0
340,315,December,21,medium,medium,1.0860115392636231,33.66635771717232,0.0,0.0,0.0
340,315,February,19,medium,medium,0.6315313854067739,17.68287879138967,0.0,0.0,0.0
340,315,February,20,medium,medium,1.0860115392636231,30.408323099381448,0.0,0.0,0.0
340,315,February,21,medium,medium,1.0860115392636231,30.408323099381448,0.0,0.0,0.0
340,315,January,19,medium,medium,0.6315313854067739,19.57747294760999,0.0,0.0,0.0
340,315,January,20,fast,medium,1.0860115392636231,33.66635771717232,0.0,0.0,0.0
340,315,January,21,medium,medium,1.0860115392636231,33.66635771717232,0.0,0.0,0.0
340,315,July,19,medium,medium,0.6315313854067739,19.57747294760999,0.0,0.0,0.0
340,315,July,20,medium,medium,1.0860115392636231,33.66635771717232,0.0,0.0,0.0
340,315,July,21,medium,medium,1.0860115392636231,33.66635771717232,0.0,0.0,0.0
340,315,June,19,medium,medium,0.6315313854067739,18.945941562203217,0.0,0.0,0.0
340,315,June,20,fast,medium,1.0860115392636231,32.580346177908694,0.0,0.0,0.0
340,315,June,21,fast,medium,1.0860115392636231,32.580346177908694,0.0,0.0,0.0
340,315,March,19,medium,medium,0.6315313854067739,19.57747294760999,0.0,0.0,0.0
340,315,March,20,medium,medium,1.0860115392636231,33.66635771717232,0.0,0.0,0.0
340,315,March,21,fast,medium,1.0860115392636231,33.66635771717232,0.0,0.0,0.0
340,315,May,19,medium,medium,0.6315313854067739,19.57747294760999,0.0,0.0,0.0
340,315,May,20,medium,medium,1.0860115392636231,33.66635771717232,0.0,0.0,0.0
340,315,May,21,medium,medium,1.0860115392636231,33.66635771717232,0.0,0.0,0.0
340,315,November,19,medium,medium,0.6315313854067739,18.945941562203217,0.0,0.0,0.0
340,315,November,20,medium,medium,1.0860115392636231,32.580346177908694,0.0,0.0,0.0
340,315,November,21,medium,medium,1.0860115392636231,32.580346177908694,0.0,0.0,0.0
340,315,October,19,fast,medium,0.6315313854067739,19.57747294760999,0.0,0.0,0.0
340,315,October,20,medium,medium,1.0860115392636231,33.66635771717232,0.0,0.0,0.0
340,315,October,21,medium,medium,1.0860115392636231,33.66635771717232,0.0,0.0,0.0
340,315,September,19,medium,medium,0.6315313854067739,18.945941562203217,0.0,0.0,0.0
340,315,September,20,fast,medium,1.0860115392636231,32.580346177908694,0.0,0.0,0.0
340,315,September,21,medium,medium,1.0860115392636231,32.580346177908694,0.0,0.0,0.0
341,317,April,34,fast,medium,6.97352952566294,209.2058857698882,0.0,0.0,0.0
341,317,August,34,fast,medium,4.230485453532899,131.14504905951986,0.0,0.0,0.0
341,317,July,34,fast,medium,6.97352952566294,216.17941529555114,0.0,0.0,0.0
341,317,June,34,fast,medium,6.97352952566294,209.2058857698882,0.0,0.0,0.0
341,317,March,34,medium,medium,6.97352952566294,216.17941529555114,0.0,0.0,0.0
341,317,May,34,fast,medium,6.97352952566294,216.17941529555114,0.0,0.0,0.0
341,318,August,34,fast,fast,2.743044072130041,85.03436623603126,0.0,0.0,0.0
341,318,December,34,fast,medium,6.97352952566294,216.17941529555114,0.0,0.0,0.0
341,318,February,34,fast,medium,6.97352952566294,195.25882671856232,0.0,0.0,0.0
341,318,January,34,medium,medium,6.97352952566294,216.17941529555114,0.0,0.0,0.0
341,318,November,34,medium,medium,6.97352952566294,209.2058857698882,0.0,0.0,0.0
341,318,October,34,medium,medium,6.97352952566294,216.17941529555114,0.0,0.0,0.0
341,318,September,34,medium,medium,6.97352952566294,209.2058857698882,0.0,0.0,0.0
342,319,February,26,fast,fast,0.27473232142857107,7.69250499999999,0.0,0.0,0.0
342,319,March,26,fast,fast,4.612574350402902,142.98980486248996,0.0,0.0,0.0
342,343,April,27,fast,fast,11.852407521068521,355.5722256320556,0.0,0.0,0.0
342,343,April,32,fast,fast,2.15982654291075,64.7947962873225,0.0,0.0,0.0
342,343,August,27,fast,fast,6.523213139029586,202.21960730991717,0.0,0.0,0.0
342,343,September,27,fast,fast,15.980320699708454,479.40962099125363,0.0,0.0,0.0
342,367,August,26,fast,fast,4.612574350402902,142.98980486248996,0.0,0.0,0.0
342,367,June,15,fast,fast,2.189613941725156,65.68841825175468,0.0,0.0,0.0
342,367,June,17,fast,fast,3.166673444432149,95.00020333296447,0.0,0.0,0.0
342,367,September,18,fast,fast,5.800111740273291,174.00335220819872,0.0,0.0,0.0
343,319,August,16,fast,fast,0.23269443096675957,7.213527359969547,0.0,0.0,0.0
343,319,August,17,fast,fast,11.029140826632272,341.90336562560043,0.0,0.0,0.0
343,319,August,18,fast,fast,5.176627636472844,160.47545673065815,0.0,0.0,0.0
343,319,December,16,fast,fast,0.23269443096675957,7.213527359969547,0.0,0.0,0.0
343,319,December,17,fast,fast,11.029140826632272,341.90336562560043,0.0,0.0,0.0
343,319,December,18,fast,fast,3.0029225451384036,93.09059889929051,0.0,0.0,0.0
343,319,February,16,fast,fast,0.23269443096675957,6.515444067069268,0.0,0.0,0.0
343,319,February,17,fast,fast,11.029140826632272,308.8159431457036,0.0,0.0,0.0
343,319,February,18,fast,fast,7.702210714285715,215.66190000000003,0.0,0.0,0.0
343,319,January,16,fast,fast,0.23269443096675957,7.213527359969547,0.0,0.0,0.0
343,319,January,17,fast,fast,11.029140826632272,341.90336562560043,0.0,0.0,0.0
343,319,January,18,fast,fast,3.0029225451384036,93.09059889929051,0.0,0.0,0.0
343,319,July,16,fast,fast,0.23269443096675957,7.213527359969547,0.0,0.0,0.0
343,319,July,17,fast,fast,11.029140826632272,341.90336562560043,0.0,0.0,0.0
343,319,July,18,fast,fast,8.350130009072984,258.8540302812625,0.0,0.0,0.0
343,319,June,15,fast,fast,14.840435427007513,445.2130628102254,0.0,0.0,0.0
343,319,June,16,fast,fast,13.08693495134523,392.6080485403569,0.0,0.0,0.0
343,319,June,17,fast,fast,13.58689590273086,407.60687708192575,0.0,0.0,0.0
343,319,June,18,fast,fast,13.138359745826104,394.1507923747831,0.0,0.0,0.0
343,319,March,16,fast,fast,0.23269443096675957,7.213527359969547,0.0,0.0,0.0
343,319,March,17,fast,fast,11.029140826632272,341.90336562560043,0.0,0.0,0.0
343,319,March,18,fast,fast,8.350130009072984,258.8540302812625,0.0,0.0,0.0
343,319,May,15,fast,fast,22.697220279023632,703.6138286497326,0.0,0.0,0.0
343,319,May,16,fast,fast,18.096835796028152,561.0019096768727,0.0,0.0,0.0
343,319,May,17,fast,fast,16.36519615273085,507.32108073465633,0.0,0.0,0.0
343,319,May,18,fast,fast,25.0,775.0,0.0,0.0,0.0
343,319,November,16,fast,fast,0.23269443096675957,6.980832929002787,0.0,0.0,0.0
343,319,November,17,fast,fast,11.029140826632272,330.87422479896816,0.0,0.0,0.0
343,319,November,18,fast,fast,3.0029225451384036,90.08767635415211,0.0,0.0,0.0
343,319,October,16,fast,fast,0.23269443096675957,7.213527359969547,0.0,0.0,0.0
343,319,October,17,fast,fast,11.029140826632272,341.90336562560043,0.0,0.0,0.0
343,319,October,18,fast,fast,3.0029225451384036,93.09059889929051,0.0,0.0,0.0
343,319,September,16,fast,fast,0.23269443096675957,6.980832929002787,0.0,0.0,0.0
343,319,September,17,fast,fast,11.029140826632272,330.87422479896816,0.0,0.0,0.0
343,319,September,18,fast,fast,3.0029225451384036,90.08767635415211,0.0,0.0,0.0
343,342,April,19,fast,fast,11.565504807692308,346.9651442307692,0.0,0.0,0.0
343,342,August,19,fast,fast,3.600457042795762,111.61416832666862,0.0,0.0,0.0
343,342,July,19,fast,fast,11.565504807692308,358.53064903846155,0.0,0.0,0.0
343,342,July,20,fast,fast,1.593302498349992,49.39237744884975,0.0,0.0,0.0
343,342,June,19,fast,fast,11.565504807692308,346.9651442307692,0.0,0.0,0.0
343,342,May,16,fast,medium,9.370052183325704,290.47161768309684,0.0,0.0,0.0
343,342,May,17,fast,fast,2.0775959406782647,64.4054741610262,0.0,0.0,0.0
343,342,May,19,fast,fast,11.593476350557339,359.3977668672775,0.0,0.0,0.0
343,342,September,19,fast,fast,0.12566722322323542,3.7700166966970627,0.0,0.0,0.0
343,344,April,19,fast,fast,13.301294123510194,399.03882370530584,0.0,0.0,0.0
343,344,August,18,fast,fast,3.17350237260014,98.37857355060434,0.0,0.0,0.0
343,344,August,19,fast,fast,11.503373629340949,356.6045825095694,0.0,0.0,0.0
343,344,August,20,fast,fast,5.725007944007125,177.47524626422086,0.0,0.0,0.0
343,344,December,18,fast,fast,5.347207463934581,165.763431381972,0.0,0.0,0.0
343,344,February,18,fast,fast,0.6479192947872692,18.141740254043537,0.0,0.0,0.0
343,344,January,18,fast,fast,5.347207463934581,165.763431381972,0.0,0.0,0.0
343,344,June,18,medium,medium,1.1898257500000042,35.69477250000013,0.0,0.0,0.0
343,344,June,18,fast,fast,5.347207463934581,160.41622391803742,0.0,0.0,0.0
343,344,June,19,fast,fast,13.012227456843519,390.3668237053056,0.0,0.0,0.0
343,344,May,18,medium,medium,0.3184274919335621,9.871252249940426,0.0,0.0,0.0
343,344,May,18,fast,fast,5.347207463934581,165.763431381972,0.0,0.0,0.0
343,344,November,18,fast,fast,5.347207463934581,160.41622391803742,0.0,0.0,0.0
343,344,October,18,fast,fast,5.347207463934581,165.763431381972,0.0,0.0,0.0
343,344,September,18,fast,fast,5.347207463934581,160.41622391803742,0.0,0.0,0.0
343,344,September,19,fast,fast,12.88545547118694,386.56366413560824,0.0,0.0,0.0
343,344,September,20,fast,fast,0.9264029251899295,27.792087755697885,0.0,0.0,0.0
343,369,April,16,fast,medium,0.23269443096675957,6.980832929002787,0.0,0.0,0.0
343,369,April,17,fast,medium,11.029140826632272,330.87422479896816,0.0,0.0,0.0
343,369,April,18,medium,medium,8.350130009072984,250.50390027218953,0.0,0.0,0.0
343,369,June,15,fast,medium,19.271710937302032,578.151328119061,0.0,0.0,0.0
343,369,June,16,medium,medium,6.782161834007859,203.46485502023575,0.0,0.0,0.0
343,369,June,17,medium,medium,15.60348698542822,468.1046095628466,0.0,0.0,0.0
343,369,June,18,fast,medium,9.106310408434517,273.1893122530355,0.0,0.0,0.0
343,369,May,17,medium,medium,3.7382519590296113,115.88581072991795,0.0,0.0,0.0
343,369,September,20,medium,medium,0.10355375093894104,3.106612528168231,0.0,0.0,0.0
344,343,April,31,fast,fast,6.822250918675241,204.66752756025724,0.0,0.0,0.0
344,343,April,32,fast,fast,10.548054874298217,316.4416462289465,0.0,0.0,0.0
344,343,April,35,medium,medium,0.6177363980442578,18.532091941327735,0.0,0.0,0.0
344,343,April,35,fast,fast,25.0,750.0,0.0,0.0,0.0
344,343,August,28,fast,fast,0.5700327933969085,17.671016595304163,0.0,0.0,0.0
344,343,August,35,medium,medium,0.6177363980442578,19.149828339371993,0.0,0.0,0.0
344,343,August,35,fast,fast,25.0,775.0,0.0,0.0,0.0
344,343,December,35,medium,medium,4.196108696590088,130.0793695942927,0.0,0.0,0.0
344,343,December,35,fast,fast,21.421627701454167,664.0704587450791,0.0,0.0,0.0
344,343,February,35,fast,medium,0.6177363980442578,17.29661914523922,0.0,0.0,0.0
344,343,February,35,fast,fast,25.0,700.0,0.0,0.0,0.0
344,343,January,35,medium,medium,0.6177363980442578,19.149828339371993,0.0,0.0,0.0
344,343,January,35,fast,fast,25.0,775.0,0.0,0.0,0.0
344,343,July,35,medium,medium,0.6177363980442578,19.149828339371993,0.0,0.0,0.0
344,343,July,35,fast,fast,25.0,775.0,0.0,0.0,0.0
344,343,June,30,medium,medium,15.009189588223087,450.27568764669263,0.0,0.0,0.0
344,343,June,31,medium,medium,8.836893101651565,265.106793049547,0.0,0.0,0.0
344,343,June,31,fast,fast,6.822250918675241,204.66752756025724,0.0,0.0,0.0
344,343,June,32,fast,fast,16.146414234032136,484.3924270209641,0.0,0.0,0.0
344,343,June,33,fast,fast,1.1830353085452394,35.49105925635718,0.0,0.0,0.0
344,343,June,35,fast,medium,0.6177363980442578,18.532091941327735,0.0,0.0,0.0
344,343,June,35,fast,fast,25.0,750.0,0.0,0.0,0.0
344,343,March,35,medium,medium,0.6177363980442578,19.149828339371993,0.0,0.0,0.0
344,343,March,35,fast,fast,25.0,775.0,0.0,0.0,0.0
344,343,May,35,fast,medium,4.196108696590088,130.0793695942927,0.0,0.0,0.0
344,343,May,35,fast,fast,21.421627701454167,664.0704587450791,0.0,0.0,0.0
344,343,November,35,fast,medium,0.6177363980442578,18.532091941327735,0.0,0.0,0.0
344,343,November,35,fast,fast,25.0,750.0,0.0,0.0,0.0
344,343,October,35,medium,medium,4.196108696590091,130.0793695942928,0.0,0.0,0.0
344,343,October,35,fast,fast,21.421627701454167,664.0704587450791,0.0,0.0,0.0
344,343,September,28,fast,fast,1.262270179230768,37.86810537692304,0.0,0.0,0.0
344,343,September,35,fast,medium,4.196108696590088,125.88326089770263,0.0,0.0,0.0
344,343,September,35,fast,fast,21.421627701454167,642.648831043625,0.0,0.0,0.0
344,345,April,28,fast,fast,22.040825386168397,661.2247615850519,0.0,0.0,0.0
344,345,August,28,fast,fast,0.6922373858338595,21.459358960849645,0.0,0.0,0.0
344,345,December,28,fast,fast,1.262270179230768,39.13037555615381,0.0,0.0,0.0
344,345,February,28,fast,fast,1.262270179230768,35.343565018461504,0.0,0.0,0.0
344,345,January,28,fast,fast,1.262270179230768,39.13037555615381,0.0,0.0,0.0
344,345,July,28,fast,fast,6.39119988583386,198.12719646084966,0.0,0.0,0.0
344,345,June,28,fast,fast,17.144295862210058,514.3288758663017,0.0,0.0,0.0
344,345,March,28,fast,fast,1.262270179230768,39.13037555615381,0.0,0.0,0.0
344,345,May,28,fast,fast,1.262270179230768,39.13037555615381,0.0,0.0,0.0
344,345,November,28,fast,fast,1.262270179230768,37.86810537692304,0.0,0.0,0.0
344,345,October,28,fast,fast,1.262270179230768,39.13037555615381,0.0,0.0,0.0
345,321,April,21,fast,fast,25.0,750.0,0.0,0.0,0.0
345,321,April,22,fast,fast,1.3727899165400164,41.183697496200494,0.0,0.0,0.0
345,321,April,26,fast,fast,16.11348282794606,483.40448483838185,0.0,0.0,0.0
345,321,April,27,fast,fast,20.957603316838302,628.7280995051491,0.0,0.0,0.0
345,321,August,21,fast,fast,5.383179999999999,166.87857999999997,0.0,0.0,0.0
345,321,August,27,fast,fast,1.4053933168383015,43.56719282198735,0.0,0.0,0.0
345,321,February,21,fast,fast,0.7098750000000003,19.876500000000007,0.0,0.0,0.0
345,321,July,21,fast,fast,8.8007725,272.82394750000003,0.0,0.0,0.0
345,321,July,39,fast,fast,0.1796375,5.5687625,0.0,0.0,0.0
345,321,June,21,fast,fast,25.0,750.0,0.0,0.0,0.0
345,321,June,22,fast,fast,1.3727899165400164,41.183697496200494,0.0,0.0,0.0
345,321,June,26,fast,fast,16.11348282794606,483.40448483838185,0.0,0.0,0.0
345,321,June,27,fast,fast,20.957603316838302,628.7280995051491,0.0,0.0,0.0
345,321,June,32,fast,fast,7.459045487101299,223.771364613039,0.0,0.0,0.0
345,321,June,34,fast,fast,9.917755441516626,297.5326632454988,0.0,0.0,0.0
345,321,June,35,fast,fast,5.553500166666667,166.605005,0.0,0.0,0.0
345,321,June,38,fast,fast,1.5284937500000002,45.85481250000001,0.0,0.0,0.0
345,321,June,39,fast,fast,0.36598858333333334,10.9796575,0.0,0.0,0.0
345,321,March,21,fast,fast,4.202402499999998,130.27447749999993,0.0,0.0,0.0
345,321,May,19,fast,fast,1.0008447726625782,31.026187952539924,0.0,0.0,0.0
345,321,May,21,fast,fast,12.421177851844888,385.0565134071915,0.0,0.0,0.0
345,321,May,27,fast,fast,17.671586560049377,547.8191833615307,0.0,0.0,0.0
345,321,May,32,fast,fast,2.146749213762533,66.54922562663852,0.0,0.0,0.0
345,321,May,34,fast,fast,6.946398182991619,215.33834367274017,0.0,0.0,0.0
345,321,May,35,fast,fast,5.837130497310259,180.95104541661803,0.0,0.0,0.0
345,321,May,38,fast,fast,1.0011760062500021,31.036456193750066,0.0,0.0,0.0
345,321,October,27,fast,fast,1.1366126084364598,35.23499086153026,0.0,0.0,0.0
345,321,September,21,fast,fast,6.648152333333336,199.44457000000006,0.0,0.0,0.0
345,321,September,26,fast,fast,0.575220994612728,17.25662983838184,0.0,0.0,0.0
345,321,September,27,fast,fast,0.9539154835049697,28.61746450514909,0.0,0.0,0.0
345,344,April,19,fast,fast,19.898141931010073,596.9442579303022,0.0,0.0,0.0
345,344,April,21,fast,fast,7.52751068449075,225.8253205347225,0.0,0.0,0.0
345,344,April,24,fast,fast,16.80930790248499,504.27923707454966,0.0,0.0,0.0
345,344,April,25,fast,fast,5.262998216074541,157.88994648223624,0.0,0.0,0.0
345,344,June,19,fast,fast,19.999999,599.99997,0.0,0.0,0.0
345,344,June,21,fast,fast,2.363739811579407,70.91219434738221,0.0,0.0,0.0
345,344,June,24,fast,fast,14.894957736234801,446.848732087044,0.0,0.0,0.0
345,344,September,21,fast,fast,15.42537618719825,462.7612856159475,0.0,0.0,0.0
345,344,September,22,fast,fast,6.342234249873348,190.26702749620046,0.0,0.0,0.0
345,346,April,22,fast,fast,11.868558361094982,356.05675083284945,0.0,0.0,0.0
345,346,April,23,fast,fast,25.0,750.0,0.0,0.0,0.0
345,346,April,24,fast,fast,15.563841274126062,466.9152382237819,0.0,0.0,0.0
345,346,April,25,fast,fast,14.276384620112859,428.2915386033858,0.0,0.0,0.0
345,346,April,26,fast,fast,12.573055250314999,377.19165750944995,0.0,0.0,0.0
345,346,April,27,fast,fast,14.674719935213929,440.24159805641784,0.0,0.0,0.0
345,346,April,31,fast,fast,18.18413766666667,545.52413,0.0,0.0,0.0
345,346,April,32,fast,fast,18.18413766666667,545.52413,0.0,0.0,0.0
345,346,April,33,fast,fast,13.065839118205147,391.97517354615445,0.0,0.0,0.0
345,346,April,34,fast,fast,4.3585787572980825,130.7573627189425,0.0,0.0,0.0
345,346,April,35,fast,fast,3.879973286666664,116.39919859999992,0.0,0.0,0.0
345,346,April,39,fast,fast,6.524268317889565,195.72804953668694,0.0,0.0,0.0
345,346,August,22,fast,fast,5.575848038514335,172.8512891939444,0.0,0.0,0.0
345,346,August,23,fast,fast,19.81759427419355,614.3454225,0.0,0.0,0.0
345,346,August,24,fast,fast,10.381435548319612,321.824501997908,0.0,0.0,0.0
345,346,August,25,fast,fast,7.747228168499953,240.16407322349855,0.0,0.0,0.0
345,346,August,26,fast,fast,6.043898798702093,187.3608627597649,0.0,0.0,0.0
345,346,August,31,fast,fast,0.3901710880436866,12.095303729354285,0.0,0.0,0.0
345,346,August,33,fast,fast,13.065839118205147,405.0410126643596,0.0,0.0,0.0
345,346,August,34,fast,fast,4.078845135310183,126.44419919461566,0.0,0.0,0.0
345,346,August,35,fast,fast,2.7617662096774196,85.61475250000001,0.0,0.0,0.0
345,346,August,39,fast,fast,6.646755166639565,206.04941016582652,0.0,0.0,0.0
345,346,December,27,fast,fast,1.2798036726826467,39.67391385316205,0.0,0.0,0.0
345,346,December,33,fast,fast,13.065839118205147,405.0410126643596,0.0,0.0,0.0
345,346,December,39,fast,fast,6.646755166639565,206.04941016582652,0.0,0.0,0.0
345,346,February,27,fast,fast,1.2798036726826467,35.83450283511411,0.0,0.0,0.0
345,346,February,33,fast,fast,13.065839118205147,365.8434953097441,0.0,0.0,0.0
345,346,February,39,fast,fast,6.646755166639565,186.10914466590782,0.0,0.0,0.0
345,346,January,27,fast,fast,1.2798036726826467,39.67391385316205,0.0,0.0,0.0
345,346,January,33,fast,fast,13.065839118205147,405.0410126643596,0.0,0.0,0.0
345,346,January,39,fast,fast,6.646755166639565,206.04941016582652,0.0,0.0,0.0
345,346,July,22,fast,fast,9.150933280449822,283.6789316939445,0.0,0.0,0.0
345,346,July,27,fast,fast,1.2798036726826467,39.67391385316205,0.0,0.0,0.0
345,346,July,33,fast,fast,13.065839118205147,405.0410126643596,0.0,0.0,0.0
345,346,July,35,fast,fast,10.227236718750003,317.0443382812501,0.0,0.0,0.0
345,346,July,38,fast,fast,1.4741087096774195,45.69737000000001,0.0,0.0,0.0
345,346,July,39,fast,fast,6.467117666639565,200.48064766582652,0.0,0.0,0.0
345,346,June,22,fast,fast,11.868558361094982,356.05675083284945,0.0,0.0,0.0
345,346,June,23,fast,fast,25.0,750.0,0.0,0.0,0.0
345,346,June,24,fast,fast,15.563841274126062,466.9152382237819,0.0,0.0,0.0
345,346,June,25,fast,fast,14.276384620112859,428.2915386033858,0.0,0.0,0.0
345,346,June,26,fast,fast,12.573055250314999,377.19165750944995,0.0,0.0,0.0
345,346,June,27,fast,fast,14.674719935213929,440.24159805641784,0.0,0.0,0.0
345,346,June,31,fast,fast,20.12434395398384,603.7303186195152,0.0,0.0,0.0
345,346,June,32,fast,fast,22.047961416666666,661.4388425,0.0,0.0,0.0
345,346,June,33,fast,fast,17.41043778506206,522.3131335518618,0.0,0.0,0.0
345,346,June,34,fast,fast,14.415899833333334,432.47699500000004,0.0,0.0,0.0
345,346,June,35,fast,fast,9.500922539312942,285.02767617938827,0.0,0.0,0.0
345,346,June,38,fast,fast,1.5989312500000001,47.967937500000005,0.0,0.0,0.0
345,346,June,39,fast,fast,6.280766583306232,188.42299749918695,0.0,0.0,0.0
345,346,March,22,fast,fast,4.340656828836915,134.56036169394434,0.0,0.0,0.0
345,346,March,27,fast,fast,1.2798036726826467,39.67391385316205,0.0,0.0,0.0
345,346,March,31,fast,fast,6.657321785721421,206.37697535736405,0.0,0.0,0.0
345,346,March,32,fast,fast,9.09204564516129,281.853415,0.0,0.0,0.0
345,346,March,33,fast,fast,13.065839118205147,405.0410126643596,0.0,0.0,0.0
345,346,March,39,fast,fast,6.646755166639565,206.04941016582652,0.0,0.0,0.0
345,346,May,23,fast,fast,6.579064330575562,203.95099424784243,0.0,0.0,0.0
345,346,May,24,fast,fast,15.563841274126062,482.47907949790795,0.0,0.0,0.0
345,346,May,25,fast,fast,10.176834852316418,315.48188042180897,0.0,0.0,0.0
345,346,May,26,fast,fast,11.970283613972285,371.0787920331408,0.0,0.0,0.0
345,346,May,27,fast,fast,14.674719935213929,454.9163179916318,0.0,0.0,0.0
345,346,May,31,fast,fast,20.12434395398384,623.854662573499,0.0,0.0,0.0
345,346,May,32,fast,fast,22.43677153225806,695.5399174999999,0.0,0.0,0.0
345,346,May,33,fast,fast,13.383096209677419,414.87598249999996,0.0,0.0,0.0
345,346,May,34,fast,fast,13.383096209677419,414.87598249999996,0.0,0.0,0.0
345,346,May,35,fast,fast,9.217292208669349,285.73605846874983,0.0,0.0,0.0
345,346,May,38,fast,fast,1.038341935483871,32.1886,0.0,0.0,0.0
345,346,May,39,fast,fast,6.646755166639565,206.04941016582652,0.0,0.0,0.0
345,346,May,41,fast,fast,0.18531683121525797,5.744821767672997,0.0,0.0,0.0
345,346,November,27,fast,fast,1.2798036726826467,38.3941101804794,0.0,0.0,0.0
345,346,November,33,fast,fast,13.065839118205147,391.97517354615445,0.0,0.0,0.0
345,346,November,39,fast,fast,6.646755166639565,199.40265499918695,0.0,0.0,0.0
345,346,October,27,fast,fast,0.14319106424618688,4.438922991631793,0.0,0.0,0.0
345,346,October,33,fast,fast,13.065839118205147,405.0410126643596,0.0,0.0,0.0
345,346,October,39,fast,fast,6.646755166639565,206.04941016582652,0.0,0.0,0.0
345,346,September,22,fast,fast,6.89911402776165,206.97342083284948,0.0,0.0,0.0
345,346,September,23,fast,fast,20.583546583333334,617.5063975,0.0,0.0,0.0
345,346,September,24,fast,fast,11.147387857459396,334.4216357237819,0.0,0.0,0.0
345,346,September,25,fast,fast,2.334256137258448,70.02768411775344,0.0,0.0,0.0
345,346,September,26,fast,fast,10.546855083648333,316.40565250945,0.0,0.0,0.0
345,346,September,27,fast,fast,0.32588818917767526,9.776645675330258,0.0,0.0,0.0
345,346,September,33,fast,fast,13.065839118205147,391.97517354615445,0.0,0.0,0.0
345,346,September,39,fast,fast,6.646755166639565,199.40265499918695,0.0,0.0,0.0
345,370,June,18,fast,medium,20.561670781586557,616.8501234475967,0.0,0.0,0.0
345,370,May,18,medium,medium,16.180034859667884,501.5810806497044,0.0,0.0,0.0
345,371,April,39,medium,medium,0.12248684875000074,3.674605462500022,0.0,0.0,0.0
345,371,February,19,medium,medium,4.070325116305957,113.9691032565668,0.0,0.0,0.0
345,371,June,18,fast,medium,1.575658473242612,47.26975419727836,0.0,0.0,0.0
345,371,March,19,medium,medium,6.56138618485434,203.40297173048455,0.0,0.0,0.0
345,371,September,19,fast,medium,5.101445241305958,153.04335723917876,0.0,0.0,0.0
346,322,May,17,medium,medium,2.325234890333542,72.0822816003398,0.0,0.0,0.0
346,345,May,16,fast,fast,1.8220577962871012,56.48379168490014,0.0,0.0,0.0
346,345,May,17,fast,fast,1.5984866069285175,49.55308481478404,0.0,0.0,0.0
346,345,May,20,fast,fast,2.377275067889336,73.69552710456941,0.0,0.0,0.0
346,347,April,20,medium,medium,4.051951683240162,121.55855049720486,0.0,0.0,0.0
346,347,June,20,medium,medium,4.051951683240162,121.55855049720486,0.0,0.0,0.0
346,347,May,20,fast,medium,13.2193635508347,409.8002700758757,0.0,0.0,0.0
347,346,May,15,fast,fast,3.8280710017933437,118.67020105559365,0.0,0.0,0.0
348,325,April,27,fast,fast,4.777114789011371,143.31344367034114,0.0,0.0,0.0
348,373,April,12,medium,medium,1.42508665,42.752599499999995,0.0,0.0,0.0
348,373,April,17,fast,medium,4.291113914584496,128.73341743753488,0.0,0.0,0.0
348,373,April,18,fast,medium,6.089231128639421,182.6769338591826,0.0,0.0,0.0
348,373,April,20,fast,medium,7.4964598766506825,224.8937962995205,0.0,0.0,0.0
348,373,April,21,fast,medium,2.058366329037547,61.75098987112641,0.0,0.0,0.0
348,373,April,27,fast,medium,0.1,3.0,0.0,0.0,0.0
348,373,August,19,fast,medium,0.1,3.1,0.0,0.0,0.0
348,373,August,20,fast,medium,3.4474399031180596,106.87063699665984,0.0,0.0,0.0
348,373,August,27,fast,medium,4.877114789011372,151.19055845935253,0.0,0.0,0.0
348,373,December,27,fast,medium,4.877114789011372,151.19055845935253,0.0,0.0,0.0
348,373,February,17,fast,medium,1.9231519493682185,53.84825458231012,0.0,0.0,0.0
348,373,February,27,fast,medium,4.877114789011372,136.55921409231843,0.0,0.0,0.0
348,373,January,27,fast,medium,4.877114789011372,151.19055845935253,0.0,0.0,0.0
348,373,July,17,fast,medium,8.863721602756545,274.7753696854529,0.0,0.0,0.0
348,373,July,18,fast,medium,10.594420471186762,328.4270346067896,0.0,0.0,0.0
348,373,June,17,medium,medium,0.7192177479178312,21.576532437534937,0.0,0.0,0.0
348,373,June,18,fast,medium,5.978248440690148,179.34745322070444,0.0,0.0,0.0
348,373,June,27,fast,medium,4.877114789011372,146.31344367034117,0.0,0.0,0.0
348,373,March,27,fast,medium,4.877114789011372,151.19055845935253,0.0,0.0,0.0
348,373,May,27,fast,medium,4.877114789011372,151.19055845935253,0.0,0.0,0.0
348,373,November,27,fast,medium,4.877114789011372,146.31344367034117,0.0,0.0,0.0
348,373,October,27,fast,medium,4.877114789011372,151.19055845935253,0.0,0.0,0.0
348,373,September,27,fast,medium,4.877114789011372,146.31344367034117,0.0,0.0,0.0
348,374,July,27,fast,medium,4.877114789011372,151.19055845935253,0.0,0.0,0.0
348,374,September,22,fast,fast,3.2997409431225897,98.9922282936777,0.0,0.0,0.0
349,350,April,35,fast,fast,4.869182723478971,146.07548170436914,0.0,0.0,0.0
349,350,August,24,fast,fast,1.1516287830418186,35.70049227429638,0.0,0.0,0.0
349,350,August,35,fast,fast,4.869182723478971,150.94466442784812,0.0,0.0,0.0
349,350,December,35,fast,fast,4.869182723478971,150.94466442784812,0.0,0.0,0.0
349,350,February,35,fast,fast,4.869182723478971,136.3371162574112,0.0,0.0,0.0
349,350,January,35,fast,fast,4.869182723478971,150.94466442784812,0.0,0.0,0.0
349,350,July,35,fast,fast,4.869182723478971,150.94466442784812,0.0,0.0,0.0
349,350,June,35,fast,fast,4.869182723478971,146.07548170436914,0.0,0.0,0.0
349,350,March,24,fast,fast,0.5040866862676161,15.6266872742961,0.0,0.0,0.0
349,350,March,35,fast,fast,4.869182723478971,150.94466442784812,0.0,0.0,0.0
349,350,May,35,fast,fast,4.869182723478971,150.94466442784812,0.0,0.0,0.0
349,350,November,35,fast,fast,4.869182723478971,146.07548170436914,0.0,0.0,0.0
349,350,October,35,fast,fast,4.869182723478971,150.94466442784812,0.0,0.0,0.0
349,350,September,35,fast,fast,4.869182723478971,146.07548170436914,0.0,0.0,0.0
350,349,April,14,fast,fast,0.1,3.0,0.0,0.0,0.0
350,349,April,15,fast,fast,9.024879764957001,270.74639294871,0.0,0.0,0.0
350,349,April,31,fast,medium,2.7654092596041338,82.96227778812401,0.0,0.0,0.0
350,349,August,25,fast,fast,2.2884423151494317,70.94171176963238,0.0,0.0,0.0
350,349,August,26,fast,fast,6.188926554705682,191.85672319587613,0.0,0.0,0.0
350,349,August,31,fast,medium,2.7654092596041338,85.72768704772815,0.0,0.0,0.0
350,349,December,31,fast,medium,2.7654092596041266,85.72768704772793,0.0,0.0,0.0
350,349,February,31,fast,fast,2.7654092596041338,77.43145926891575,0.0,0.0,0.0
350,349,January,31,fast,fast,2.7654092596041338,85.72768704772815,0.0,0.0,0.0
350,349,July,31,fast,fast,2.7654092596041338,85.72768704772815,0.0,0.0,0.0
350,349,June,30,medium,medium,13.668678658344525,410.06035975033575,0.0,0.0,0.0
350,349,March,25,fast,fast,4.145359670927128,128.50614979874098,0.0,0.0,0.0
350,349,March,26,fast,fast,5.014917603092784,155.4624456958763,0.0,0.0,0.0
350,349,March,31,fast,fast,2.7654092596041338,85.72768704772815,0.0,0.0,0.0
350,349,November,31,fast,fast,2.7654092596041338,82.96227778812401,0.0,0.0,0.0
350,349,October,31,fast,fast,2.7654092596041338,85.72768704772815,0.0,0.0,0.0
350,349,September,31,fast,fast,2.7654092596041338,82.96227778812401,0.0,0.0,0.0
350,376,April,31,fast,fast,4.159533761135428,124.78601283406284,0.0,0.0,0.0
350,376,August,31,fast,fast,4.159533761135428,128.94554659519827,0.0,0.0,0.0
350,376,December,31,fast,fast,4.159533761135435,128.9455465951985,0.0,0.0,0.0
350,376,February,31,fast,fast,4.159533761135428,116.46694531179199,0.0,0.0,0.0
350,376,January,31,fast,fast,4.159533761135428,128.94554659519827,0.0,0.0,0.0
350,376,July,31,fast,fast,4.159533761135428,128.94554659519827,0.0,0.0,0.0
350,376,June,31,fast,fast,6.924943020739562,207.74829062218686,0.0,0.0,0.0
350,376,March,23,fast,fast,1.98006413911963,61.38198831270853,0.0,0.0,0.0
350,376,March,31,fast,fast,4.159533761135428,128.94554659519827,0.0,0.0,0.0
350,376,May,31,fast,fast,6.924943020739562,214.67323364292642,0.0,0.0,0.0
350,376,May,39,fast,fast,2.1536976790208797,66.76462804964727,0.0,0.0,0.0
350,376,May,41,fast,fast,8.553554106687486,265.16017730731204,0.0,0.0,0.0
350,376,May,42,fast,fast,0.18392612365542504,5.701709833318176,0.0,0.0,0.0
350,376,November,31,fast,fast,4.159533761135428,124.78601283406284,0.0,0.0,0.0
350,376,October,31,fast,fast,4.159533761135428,128.94554659519827,0.0,0.0,0.0
350,376,September,31,fast,fast,4.159533761135428,124.78601283406284,0.0,0.0,0.0
351,350,May,16,fast,fast,4.087733575358502,126.71974083611357,0.0,0.0,0.0
351,377,April,33,medium,medium,15.104939939565782,453.14819818697345,0.0,0.0,0.0
351,377,August,33,medium,medium,15.104939939565782,468.2531381265392,0.0,0.0,0.0
351,377,December,33,fast,medium,15.104939939565782,468.2531381265392,0.0,0.0,0.0
351,377,February,33,medium,medium,15.104939939565782,422.9383183078419,0.0,0.0,0.0
351,377,January,33,medium,medium,15.104939939565782,468.2531381265392,0.0,0.0,0.0
351,377,July,33,fast,medium,15.104939939565782,468.2531381265392,0.0,0.0,0.0
351,377,June,15,fast,medium,0.26455362739140753,7.936608821742226,0.0,0.0,0.0
351,377,June,31,medium,medium,9.539485302937777,286.1845590881333,0.0,0.0,0.0
351,377,June,32,medium,medium,17.28870983333332,518.6612949999997,0.0,0.0,0.0
351,377,June,33,medium,medium,15.104939939565782,453.14819818697345,0.0,0.0,0.0
351,377,March,33,fast,medium,15.104939939565782,468.2531381265392,0.0,0.0,0.0
351,377,May,15,medium,medium,2.414003627391409,74.83411244913368,0.0,0.0,0.0
351,377,May,33,medium,medium,15.104939939565782,468.2531381265392,0.0,0.0,0.0
351,377,November,33,fast,medium,15.104939939565782,453.14819818697345,0.0,0.0,0.0
351,377,October,33,fast,medium,15.104939939565782,468.2531381265392,0.0,0.0,0.0
351,377,September,33,medium,medium,15.104939939565782,453.14819818697345,0.0,0.0,0.0
352,329,April,16,fast,fast,10.207475452752625,306.22426358257877,0.0,0.0,0.0
352,329,April,17,medium,medium,33.20767250000001,996.2301750000003,0.0,0.0,0.0
352,329,April,17,fast,fast,12.516318537859007,375.4895561357702,0.0,0.0,0.0
352,329,April,18,medium,medium,33.70338642765773,1011.101592829732,0.0,0.0,0.0
352,329,April,18,fast,fast,8.882748874791492,266.48246624374474,0.0,0.0,0.0
352,329,April,19,fast,medium,15.0,450.0,0.0,0.0,0.0
352,329,April,19,fast,fast,25.0,750.0,0.0,0.0,0.0
352,329,April,20,medium,medium,37.06804910045468,1112.0414730136404,0.0,0.0,0.0
352,329,August,16,fast,fast,10.063356986564738,311.9640665835069,0.0,0.0,0.0
352,329,August,17,fast,fast,12.516318537859007,388.00587467362925,0.0,0.0,0.0
352,329,August,18,medium,medium,33.70338642765773,1044.8049792573897,0.0,0.0,0.0
352,329,August,18,fast,fast,8.882748874791492,275.36521511853624,0.0,0.0,0.0
352,329,August,19,medium,medium,28.53580889628008,884.6100757846825,0.0,0.0,0.0
352,329,December,17,fast,fast,5.286422884919972,163.87910943251913,0.0,0.0,0.0
352,329,December,18,medium,medium,33.70338642765773,1044.8049792573897,0.0,0.0,0.0
352,329,December,18,fast,fast,8.882748874791492,275.36521511853624,0.0,0.0,0.0
352,329,December,19,medium,medium,28.53580889628008,884.6100757846825,0.0,0.0,0.0
352,329,February,17,fast,fast,5.286422884919972,148.0198407777592,0.0,0.0,0.0
352,329,February,18,medium,medium,33.70338642765773,943.6948199744165,0.0,0.0,0.0
352,329,February,18,fast,fast,8.882748874791492,248.7169684941618,0.0,0.0,0.0
352,329,February,19,medium,medium,28.53580889628008,799.0026490958422,0.0,0.0,0.0
352,329,January,17,fast,fast,5.286422884919972,163.87910943251913,0.0,0.0,0.0
352,329,January,18,fast,medium,17.586135302449225,545.170194375926,0.0,0.0,0.0
352,329,January,18,fast,fast,25.0,775.0,0.0,0.0,0.0
352,329,January,19,fast,medium,3.5358088962800593,109.61007578468184,0.0,0.0,0.0
352,329,January,19,fast,fast,25.0,775.0,0.0,0.0,0.0
352,329,July,16,fast,fast,10.207475452752618,316.43173903533113,0.0,0.0,0.0
352,329,July,17,fast,fast,12.516318537859007,388.00587467362925,0.0,0.0,0.0
352,329,July,18,medium,medium,33.70338642765773,1044.8049792573897,0.0,0.0,0.0
352,329,July,18,fast,fast,8.882748874791492,275.36521511853624,0.0,0.0,0.0
352,329,July,19,medium,medium,3.5358088962800807,109.6100757846825,0.0,0.0,0.0
352,329,July,19,fast,fast,25.0,775.0,0.0,0.0,0.0
352,329,June,14,fast,fast,25.0,750.0,0.0,0.0,0.0
352,329,June,15,fast,fast,12.67331544958816,380.1994634876448,0.0,0.0,0.0
352,329,June,16,fast,fast,22.73088345275262,681.9265035825787,0.0,0.0,0.0
352,329,June,17,fast,medium,40.33740225000001,1210.1220675000004,0.0,0.0,0.0
352,329,June,17,fast,fast,12.516318537859007,375.4895561357702,0.0,0.0,0.0
352,329,June,18,medium,medium,24.220151124791503,726.604533743745,0.0,0.0,0.0
352,329,June,18,fast,fast,25.0,750.0,0.0,0.0,0.0
352,329,June,19,medium,medium,36.3764171566555,1091.292514699665,0.0,0.0,0.0
352,329,June,20,medium,medium,41.424415943799225,1242.7324783139768,0.0,0.0,0.0
352,329,June,25,medium,medium,5.4232296694400475,162.69689008320142,0.0,0.0,0.0
352,329,June,26,medium,medium,1.507381261322152,45.22143783966456,0.0,0.0,0.0
352,329,March,17,fast,fast,12.516318537859007,388.00587467362925,0.0,0.0,0.0
352,329,March,18,medium,medium,33.70338642765773,1044.8049792573897,0.0,0.0,0.0
352,329,March,18,fast,fast,8.882748874791492,275.36521511853624,0.0,0.0,0.0
352,329,March,19,medium,medium,28.53580889628008,884.6100757846825,0.0,0.0,0.0
352,329,May,15,fast,medium,7.981834446327838,247.43686783616297,0.0,0.0,0.0
352,329,May,15,fast,fast,15.709626374923616,486.9984176226321,0.0,0.0,0.0
352,329,May,16,medium,medium,26.575637419354827,823.8447599999996,0.0,0.0,0.0
352,329,May,16,fast,fast,10.207475452752625,316.43173903533136,0.0,0.0,0.0
352,329,May,17,medium,medium,35.69878119914933,1106.6622171736292,0.0,0.0,0.0
352,329,May,17,fast,fast,25.0,775.0,0.0,0.0,0.0
352,329,May,18,medium,medium,32.06521153608182,994.0215576185363,0.0,0.0,0.0
352,329,May,18,fast,fast,25.0,775.0,0.0,0.0,0.0
352,329,May,19,fast,medium,28.245222656655493,875.6019023563202,0.0,0.0,0.0
352,329,May,19,fast,fast,25.0,775.0,0.0,0.0,0.0
352,329,May,20,medium,medium,48.69322144379922,1509.4898647577756,0.0,0.0,0.0
352,329,November,17,fast,fast,5.286422884919972,158.59268654759916,0.0,0.0,0.0
352,329,November,18,medium,medium,33.70338642765773,1011.101592829732,0.0,0.0,0.0
352,329,November,18,fast,fast,8.882748874791492,266.48246624374474,0.0,0.0,0.0
352,329,November,19,medium,medium,28.53580889628008,856.0742668884025,0.0,0.0,0.0
352,329,October,17,fast,fast,5.286422884919972,163.87910943251913,0.0,0.0,0.0
352,329,October,18,medium,medium,33.70338642765773,1044.8049792573897,0.0,0.0,0.0
352,329,October,18,fast,fast,8.882748874791492,275.36521511853624,0.0,0.0,0.0
352,329,October,19,medium,medium,28.53580889628008,884.6100757846825,0.0,0.0,0.0
352,329,September,17,fast,fast,12.516318537859007,375.4895561357702,0.0,0.0,0.0
352,329,September,18,medium,medium,33.70338642765773,1011.101592829732,0.0,0.0,0.0
352,329,September,18,fast,fast,8.882748874791492,266.48246624374474,0.0,0.0,0.0
352,329,September,19,medium,medium,28.53580889628008,856.0742668884025,0.0,0.0,0.0
353,330,August,27,medium,medium,5.151632819358213,159.7006174001046,0.0,0.0,0.0
353,330,December,26,fast,medium,1.3056695681398782,40.47575661233623,0.0,0.0,0.0
353,330,December,27,medium,medium,1.9909170967741936,61.71843,0.0,0.0,0.0
353,330,February,27,medium,medium,17.014751079196543,476.4130302175032,0.0,0.0,0.0
353,330,March,26,fast,medium,2.78453892297859,86.3207066123363,0.0,0.0,0.0
353,330,March,27,medium,medium,2.649643548387097,82.13895,0.0,0.0,0.0
353,330,September,27,fast,medium,5.673849115057131,170.21547345171393,0.0,0.0,0.0
353,354,April,26,fast,fast,11.521070078670228,345.63210236010684,0.0,0.0,0.0
353,354,April,27,fast,fast,11.431093702527253,342.9328110758176,0.0,0.0,0.0
353,354,April,28,fast,fast,5.612730990579742,168.38192971739227,0.0,0.0,0.0
353,354,December,26,fast,fast,10.03566656494034,311.10566351315055,0.0,0.0,0.0
353,354,December,27,medium,medium,33.0,1023.0,0.0,0.0,0.0
353,354,December,27,fast,fast,0.8967688691939237,27.799834945011636,0.0,0.0,0.0
353,354,December,28,medium,medium,8.08921884972144,250.76578434136465,0.0,0.0,0.0
353,354,February,24,fast,fast,0.6126492857142871,17.15418000000004,0.0,0.0,0.0
353,354,February,27,fast,fast,0.8967688691939237,25.109528337429865,0.0,0.0,0.0
353,354,January,26,medium,medium,11.341336133080219,351.5814201254868,0.0,0.0,0.0
353,354,January,27,medium,medium,8.896768869193924,275.79983494501164,0.0,0.0,0.0
353,354,January,27,fast,fast,25.0,775.0,0.0,0.0,0.0
353,354,January,28,medium,medium,9.899799252947247,306.8937768413647,0.0,0.0,0.0
353,354,June,26,fast,fast,11.658822745336899,349.764682360107,0.0,0.0,0.0
353,354,June,27,fast,fast,7.125604269185235,213.76812807555706,0.0,0.0,0.0
353,354,June,28,medium,medium,6.592408990579742,197.77226971739225,0.0,0.0,0.0
353,354,March,24,fast,fast,9.614116815758422,298.0376212885111,0.0,0.0,0.0
353,354,March,27,medium,medium,0.8141625791965339,25.23903995509255,0.0,0.0,0.0
353,354,March,27,fast,fast,0.8967688691939237,27.799834945011636,0.0,0.0,0.0
353,354,May,26,fast,medium,11.341336133080219,351.5814201254868,0.0,0.0,0.0
353,354,May,27,fast,fast,18.94930837572713,587.4285596475411,0.0,0.0,0.0
353,354,May,28,medium,medium,9.899799252947247,306.8937768413647,0.0,0.0,0.0
353,354,November,26,fast,fast,11.341336133080219,340.24008399240654,0.0,0.0,0.0
353,354,November,27,medium,medium,8.896768869193924,266.9030660758177,0.0,0.0,0.0
353,354,November,27,fast,fast,25.0,750.0,0.0,0.0,0.0
353,354,November,28,medium,medium,9.899799252947247,296.9939775884174,0.0,0.0,0.0
353,354,October,26,fast,fast,8.500523502590362,263.51622858030123,0.0,0.0,0.0
353,354,October,27,fast,medium,1.3362491096807858,41.42372240010436,0.0,0.0,0.0
353,354,October,27,fast,fast,25.0,775.0,0.0,0.0,0.0
353,354,September,24,fast,fast,4.6052654418595935,138.15796325578782,0.0,0.0,0.0
353,378,November,27,medium,medium,0.1,3.0,0.0,0.0,0.0
353,379,April,26,medium,medium,5.320266054409991,159.60798163229975,0.0,0.0,0.0
353,379,April,27,medium,medium,31.980425245863216,959.4127573758965,0.0,0.0,0.0
353,379,April,28,medium,medium,9.787068262367505,293.61204787102514,0.0,0.0,0.0
353,379,August,26,medium,medium,16.84133613308022,522.0814201254868,0.0,0.0,0.0
353,379,August,27,medium,medium,38.25988612903225,1186.0564699999998,0.0,0.0,0.0
353,379,August,28,medium,medium,15.399799252947247,477.3937768413647,0.0,0.0,0.0
353,379,December,27,medium,medium,2.023832982422352,62.738822455092915,0.0,0.0,0.0
353,379,December,28,medium,medium,1.8105804032258064,56.1279925,0.0,0.0,0.0
353,379,February,26,fast,medium,11.341336133080219,317.55741172624613,0.0,0.0,0.0
353,379,February,27,medium,medium,19.999999,559.999972,0.0,0.0,0.0
353,379,February,28,medium,medium,9.899799252947247,277.1943790825229,0.0,0.0,0.0
353,379,January,27,medium,medium,4.014750079196542,124.4572524550928,0.0,0.0,0.0
353,379,July,26,medium,medium,11.341336133080219,351.5814201254868,0.0,0.0,0.0
353,379,July,27,medium,medium,37.911518948390466,1175.2570874001044,0.0,0.0,0.0
353,379,July,28,medium,medium,9.899799252947247,306.8937768413647,0.0,0.0,0.0
353,379,July,35,medium,medium,2.363963743423533,73.28287604612952,0.0,0.0,0.0
353,379,June,26,medium,medium,7.718650767022524,231.55952301067572,0.0,0.0,0.0
353,379,June,27,medium,medium,40.0,1200.0,0.0,0.0,0.0
353,379,June,28,medium,medium,8.807390262367505,264.22170787102516,0.0,0.0,0.0
353,379,June,33,medium,medium,4.1509734577768,124.529203733304,0.0,0.0,0.0
353,379,June,35,medium,medium,2.437842983298026,73.13528949894078,0.0,0.0,0.0
353,379,June,37,medium,medium,0.6446263879180916,19.338791637542748,0.0,0.0,0.0
353,379,June,38,medium,medium,1.76798125,53.039437500000005,0.0,0.0,0.0
353,379,March,25,medium,medium,1.6300047888649822,50.53014845481445,0.0,0.0,0.0
353,379,March,26,medium,medium,8.556797210101628,265.26071351315045,0.0,0.0,0.0
353,379,March,27,medium,medium,33.55094395161291,1040.0792625000001,0.0,0.0,0.0
353,379,March,28,medium,medium,9.899799252947247,306.8937768413647,0.0,0.0,0.0
353,379,May,27,medium,medium,18.962210572663338,587.8285277525634,0.0,0.0,0.0
353,379,May,35,medium,medium,2.437842983298026,75.5731324822388,0.0,0.0,0.0
353,379,May,37,medium,medium,1.1481225806451614,35.5918,0.0,0.0,0.0
353,379,May,38,medium,medium,1.005653128594982,31.17524698644444,0.0,0.0,0.0
353,379,November,27,medium,medium,3.9147500791965424,117.44250237589627,0.0,0.0,0.0
353,379,October,26,medium,medium,2.8408126304898573,88.06519154518557,0.0,0.0,0.0
353,379,October,27,medium,medium,11.575269838709678,358.833365,0.0,0.0,0.0
353,379,October,28,medium,medium,9.899799252947247,306.8937768413647,0.0,0.0,0.0
353,379,September,26,medium,medium,16.84133613308022,505.24008399240654,0.0,0.0,0.0
353,379,September,27,fast,medium,37.737669833333335,1132.130095,0.0,0.0,0.0
353,379,September,28,medium,medium,15.399799252947247,461.9939775884174,0.0,0.0,0.0
354,353,August,29,fast,fast,1.7034196532548265,52.80600925089962,0.0,0.0,0.0
354,353,December,29,fast,fast,1.7034196532548265,52.80600925089962,0.0,0.0,0.0
354,353,February,29,fast,fast,0.7350918665631809,20.582572263769066,0.0,0.0,0.0
354,353,January,29,medium,medium,1.7034196532548265,52.80600925089962,0.0,0.0,0.0
354,353,July,20,fast,fast,2.9191035612692104,90.49221039934552,0.0,0.0,0.0
354,353,July,29,fast,fast,1.7034196532548265,52.80600925089962,0.0,0.0,0.0
354,353,March,29,fast,medium,1.1624374821178307,36.03556194565275,0.0,0.0,0.0
354,353,May,29,fast,fast,1.7034196532548265,52.80600925089962,0.0,0.0,0.0
354,353,November,29,medium,medium,1.7034196532548265,51.102589597644794,0.0,0.0,0.0
354,353,October,29,fast,fast,1.7034196532548265,52.80600925089962,0.0,0.0,0.0
354,353,September,29,fast,fast,1.7034196532548265,51.102589597644794,0.0,0.0,0.0
354,355,April,29,fast,medium,1.7034196532548265,51.102589597644794,0.0,0.0,0.0
354,355,February,29,fast,medium,0.9683277866916438,27.113178027366025,0.0,0.0,0.0
354,355,June,29,fast,medium,12.041119572405929,361.23358717217786,0.0,0.0,0.0
354,355,June,30,medium,medium,4.197484980902139,125.92454942706418,0.0,0.0,0.0
354,355,March,20,medium,medium,2.912198387096774,90.27814999999998,0.0,0.0,0.0
354,355,March,29,medium,medium,0.5409821711369966,16.770447305246897,0.0,0.0,0.0
355,331,April,33,fast,medium,3.1520992399416414,94.56297719824924,0.0,0.0,0.0
355,331,August,33,fast,medium,3.1520992399416414,97.71507643819089,0.0,0.0,0.0
355,331,December,33,fast,medium,3.1520992399416414,97.71507643819089,0.0,0.0,0.0
355,331,February,33,fast,medium,3.1520992399416414,88.25877871836596,0.0,0.0,0.0
355,331,January,33,fast,medium,3.1520992399416414,97.71507643819089,0.0,0.0,0.0
355,331,July,33,fast,medium,3.1520992399416414,97.71507643819089,0.0,0.0,0.0
355,331,June,11,medium,medium,1.6107121062499994,48.32136318749998,0.0,0.0,0.0
355,331,June,12,medium,medium,0.8273037499999999,24.819112499999996,0.0,0.0,0.0
355,331,June,33,fast,medium,3.1520992399416414,94.56297719824924,0.0,0.0,0.0
355,331,March,33,fast,medium,3.1520992399416414,97.71507643819089,0.0,0.0,0.0
355,331,May,33,fast,medium,1.4274231727040063,44.2501183538242,0.0,0.0,0.0
355,331,November,33,fast,medium,3.1520992399416414,94.56297719824924,0.0,0.0,0.0
355,331,October,33,fast,medium,3.1520992399416414,97.71507643819089,0.0,0.0,0.0
355,331,September,33,fast,medium,3.1520992399416414,94.56297719824924,0.0,0.0,0.0
355,354,April,11,fast,fast,0.8849360000000001,26.548080000000002,0.0,0.0,0.0
355,354,April,12,fast,fast,0.9321584100000002,27.964752300000008,0.0,0.0,0.0
355,354,April,33,fast,fast,8.619716160537159,258.59148481611476,0.0,0.0,0.0
355,354,August,33,fast,fast,8.619716160537159,267.2112009766519,0.0,0.0,0.0
355,354,December,33,fast,fast,8.619716160537159,267.2112009766519,0.0,0.0,0.0
355,354,February,33,fast,fast,8.619716160537159,241.35205249504045,0.0,0.0,0.0
355,354,January,33,fast,fast,8.619716160537159,267.2112009766519,0.0,0.0,0.0
355,354,July,33,fast,fast,8.619716160537159,267.2112009766519,0.0,0.0,0.0
355,354,June,11,fast,fast,3.2328484999999993,96.98545499999997,0.0,0.0,0.0
355,354,June,12,fast,fast,6.421144394583334,192.6343318375,0.0,0.0,0.0
355,354,June,27,medium,medium,5.285167433342018,158.55502300026052,0.0,0.0,0.0
355,354,June,32,fast,fast,1.158189761780104,34.74569285340312,0.0,0.0,0.0
355,354,June,33,fast,fast,8.619716160537159,258.59148481611476,0.0,0.0,0.0
355,354,March,33,fast,fast,8.619716160537159,267.2112009766519,0.0,0.0,0.0
355,354,May,33,fast,fast,10.344392227774797,320.6761590610187,0.0,0.0,0.0
355,354,November,33,fast,fast,8.619716160537159,258.59148481611476,0.0,0.0,0.0
355,354,October,33,fast,fast,8.619716160537159,267.2112009766519,0.0,0.0,0.0
355,354,September,22,fast,fast,0.6040155345114719,18.12046603534416,0.0,0.0,0.0
355,354,September,33,fast,fast,8.619716160537159,258.59148481611476,0.0,0.0,0.0
355,381,March,23,fast,medium,0.4187342741935467,12.980762499999948,0.0,0.0,0.0
355,381,March,24,medium,medium,0.4187342741935467,12.980762499999948,0.0,0.0,0.0
356,332,January,19,medium,medium,2.150935700991676,66.67900673074195,0.0,0.0,0.0
356,332,January,20,medium,medium,1.810479103121759,56.12485219677453,0.0,0.0,0.0
356,382,April,19,fast,fast,4.860735862281999,145.82207586845996,0.0,0.0,0.0
356,382,April,20,fast,fast,4.520279264412082,135.60837793236246,0.0,0.0,0.0
356,382,August,19,fast,fast,4.860735862281999,150.68281173074195,0.0,0.0,0.0
356,382,August,20,fast,fast,4.520279264412082,140.12865719677455,0.0,0.0,0.0
356,382,December,19,fast,fast,4.860735862281999,150.68281173074195,0.0,0.0,0.0
356,382,December,20,fast,fast,4.520279264412082,140.12865719677455,0.0,0.0,0.0
356,382,February,19,fast,fast,4.860735862281999,136.10060414389596,0.0,0.0,0.0
356,382,February,20,fast,fast,4.520279264412082,126.5678194035383,0.0,0.0,0.0
356,382,January,19,fast,fast,2.709800161290323,84.00380500000001,0.0,0.0,0.0
356,382,January,20,fast,fast,2.709800161290323,84.00380500000001,0.0,0.0,0.0
356,382,July,19,fast,fast,4.860735862281999,150.68281173074195,0.0,0.0,0.0
356,382,July,20,fast,fast,4.520279264412082,140.12865719677455,0.0,0.0,0.0
356,382,June,19,fast,fast,22.147699833333338,664.4309950000002,0.0,0.0,0.0
356,382,June,20,fast,fast,22.147699833333338,664.4309950000002,0.0,0.0,0.0
356,382,June,21,fast,fast,5.71756836705562,171.5270510116686,0.0,0.0,0.0
356,382,June,22,fast,fast,0.4583505774582566,13.750517323747697,0.0,0.0,0.0
356,382,March,19,fast,fast,4.860735862281999,150.68281173074195,0.0,0.0,0.0
356,382,March,20,fast,fast,4.520279264412082,140.12865719677455,0.0,0.0,0.0
356,382,May,18,fast,fast,0.1,3.1,0.0,0.0,0.0
356,382,May,19,fast,fast,25.0,775.0,0.0,0.0,0.0
356,382,May,20,fast,fast,25.0,775.0,0.0,0.0,0.0
356,382,May,21,fast,fast,4.147956513589601,128.58665192127762,0.0,0.0,0.0
356,382,November,19,fast,fast,4.860735862281999,145.82207586845996,0.0,0.0,0.0
356,382,November,20,fast,fast,4.520279264412082,135.60837793236246,0.0,0.0,0.0
356,382,October,19,fast,fast,4.860735862281999,150.68281173074195,0.0,0.0,0.0
356,382,October,20,fast,fast,4.520279264412082,140.12865719677455,0.0,0.0,0.0
356,382,September,19,fast,fast,4.860735862281999,145.82207586845996,0.0,0.0,0.0
356,382,September,20,fast,fast,4.520279264412082,135.60837793236246,0.0,0.0,0.0
357,383,April,31,medium,medium,0.1513769947652719,4.541309842958157,0.0,0.0,0.0
357,383,April,32,medium,medium,4.433838803515265,133.01516410545793,0.0,0.0,0.0
357,383,August,31,medium,medium,0.1513769947652719,4.6926868377234285,0.0,0.0,0.0
357,383,August,32,fast,medium,4.433838803515265,137.4490029089732,0.0,0.0,0.0
357,383,December,31,fast,medium,0.1513769947652719,4.6926868377234285,0.0,0.0,0.0
357,383,December,32,medium,medium,4.433838803515265,137.4490029089732,0.0,0.0,0.0
357,383,February,31,medium,medium,0.1513769947652719,4.238555853427613,0.0,0.0,0.0
357,383,February,32,fast,medium,4.433838803515265,124.14748649842741,0.0,0.0,0.0
357,383,January,31,medium,medium,0.1513769947652719,4.6926868377234285,0.0,0.0,0.0
357,383,January,32,fast,medium,4.433838803515265,137.4490029089732,0.0,0.0,0.0
357,383,July,31,fast,medium,0.1513769947652719,4.6926868377234285,0.0,0.0,0.0
357,383,July,32,fast,medium,4.433838803515265,137.4490029089732,0.0,0.0,0.0
357,383,June,31,fast,medium,0.1513769947652719,4.541309842958157,0.0,0.0,0.0
357,383,June,32,medium,medium,4.433838803515265,133.01516410545793,0.0,0.0,0.0
357,383,March,31,fast,medium,0.1513769947652719,4.6926868377234285,0.0,0.0,0.0
357,383,March,32,medium,medium,4.433838803515265,137.4490029089732,0.0,0.0,0.0
357,383,May,31,fast,medium,0.1513769947652719,4.6926868377234285,0.0,0.0,0.0
357,383,May,32,fast,medium,4.433838803515265,137.4490029089732,0.0,0.0,0.0
357,383,November,31,medium,medium,0.1513769947652719,4.541309842958157,0.0,0.0,0.0
357,383,November,32,medium,medium,4.433838803515265,133.01516410545793,0.0,0.0,0.0
357,383,October,31,medium,medium,0.1513769947652719,4.6926868377234285,0.0,0.0,0.0
357,383,October,32,medium,medium,4.433838803515265,137.4490029089732,0.0,0.0,0.0
357,383,September,31,medium,medium,0.1513769947652719,4.541309842958157,0.0,0.0,0.0
357,383,September,32,medium,medium,4.433838803515265,133.01516410545793,0.0,0.0,0.0
358,334,May,15,fast,medium,2.434598390467414,75.47255010448984,0.0,0.0,0.0
358,359,May,15,medium,medium,6.715124345207261,208.1688547014251,0.0,0.0,0.0
358,359,May,16,medium,medium,3.8581330868761547,119.6021256931608,0.0,0.0,0.0
359,334,April,16,medium,medium,5.161292217026306,154.83876651078918,0.0,0.0,0.0
359,334,April,28,medium,medium,8.077752898517714,242.3325869555314,0.0,0.0,0.0
359,334,August,2,medium,medium,4.634112486378569,143.65748707773565,0.0,0.0,0.0
359,334,August,4,fast,medium,2.746794168888268,85.15061923553631,0.0,0.0,0.0
359,334,February,2,medium,medium,4.634112486378569,129.75514961859994,0.0,0.0,0.0
359,334,February,4,medium,medium,2.746794168888268,76.91023672887151,0.0,0.0,0.0
359,334,February,17,medium,medium,1.7566168490335485,49.18527177293936,0.0,0.0,0.0
359,334,July,2,fast,medium,4.634112486378569,143.65748707773565,0.0,0.0,0.0
359,334,July,4,fast,medium,2.746794168888268,85.15061923553631,0.0,0.0,0.0
359,334,June,2,fast,medium,4.634112486378569,139.02337459135708,0.0,0.0,0.0
359,334,June,4,fast,medium,2.783231298300649,83.49693894901947,0.0,0.0,0.0
359,334,June,28,fast,medium,14.375591666666665,431.26775,0.0,0.0,0.0
359,334,June,35,medium,medium,2.5592166666666665,76.7765,0.0,0.0,0.0
359,334,June,36,fast,medium,2.559216666666666,76.77649999999998,0.0,0.0,0.0
359,334,March,2,medium,medium,4.634112486378569,143.65748707773565,0.0,0.0,0.0
359,334,March,4,medium,medium,1.189934160871707,36.88795898702291,0.0,0.0,0.0
359,334,March,16,medium,medium,2.454412471153363,76.08678660575426,0.0,0.0,0.0
359,334,May,2,fast,medium,4.634112486378569,143.65748707773565,0.0,0.0,0.0
359,334,May,4,fast,medium,2.746794168888268,85.15061923553631,0.0,0.0,0.0
359,334,May,28,fast,medium,16.346362903225803,506.7372499999999,0.0,0.0,0.0
359,334,May,35,fast,medium,1.917298387096774,59.436249999999994,0.0,0.0,0.0
359,334,May,36,fast,medium,1.9172983870967748,59.436250000000015,0.0,0.0,0.0
359,335,June,27,fast,medium,1.364941044219357,40.94823132658071,0.0,0.0,0.0
359,335,June,28,medium,medium,7.82853250119026,234.8559750357078,0.0,0.0,0.0
359,385,April,2,fast,medium,4.634112486378569,139.02337459135708,0.0,0.0,0.0
359,385,April,4,fast,medium,2.746794168888268,82.40382506664804,0.0,0.0,0.0
359,385,December,2,fast,medium,4.634112486378569,143.65748707773565,0.0,0.0,0.0
359,385,December,4,medium,medium,2.746794168888268,85.15061923553631,0.0,0.0,0.0
359,385,January,2,fast,medium,4.634112486378569,143.65748707773565,0.0,0.0,0.0
359,385,January,4,medium,medium,2.746794168888268,85.15061923553631,0.0,0.0,0.0
359,385,March,4,medium,medium,1.5568600080165613,48.2626602485134,0.0,0.0,0.0
359,385,November,2,fast,medium,4.634112486378569,139.02337459135708,0.0,0.0,0.0
359,385,November,4,medium,medium,2.746794168888268,82.40382506664804,0.0,0.0,0.0
359,385,October,2,medium,medium,4.634112486378569,143.65748707773565,0.0,0.0,0.0
359,385,October,4,medium,medium,2.746794168888268,85.15061923553631,0.0,0.0,0.0
359,385,September,2,fast,medium,4.634112486378569,139.02337459135708,0.0,0.0,0.0
359,385,September,4,medium,medium,2.746794168888268,82.40382506664804,0.0,0.0,0.0
362,338,August,34,medium,medium,0.39841943121192,12.35100236756952,0.0,0.0,0.0
362,338,June,34,fast,medium,1.2351001570183797,37.05300471055139,0.0,0.0,0.0
362,338,May,34,medium,medium,1.2351001570183797,38.28810486756977,0.0,0.0,0.0
362,338,September,34,fast,medium,0.8275650736850473,24.82695221055142,0.0,0.0,0.0
362,387,April,34,fast,medium,1.2351001570183797,37.05300471055139,0.0,0.0,0.0
362,387,August,34,fast,medium,0.8366807258064519,25.93710250000001,0.0,0.0,0.0
362,387,December,34,medium,medium,1.2351001570183797,38.28810486756977,0.0,0.0,0.0
362,387,February,34,fast,medium,1.2351001570183797,34.58280439651463,0.0,0.0,0.0
362,387,January,34,fast,medium,1.2351001570183797,38.28810486756977,0.0,0.0,0.0
362,387,July,34,medium,medium,1.2351001570183797,38.28810486756977,0.0,0.0,0.0
362,387,June,14,medium,medium,0.1,3.0,0.0,0.0,0.0
362,387,June,15,medium,medium,1.7022453333333334,51.06736,0.0,0.0,0.0
362,387,June,16,medium,medium,1.7022453333333334,51.06736,0.0,0.0,0.0
362,387,June,17,fast,medium,2.473911314173592,74.21733942520775,0.0,0.0,0.0
362,387,March,34,fast,medium,1.2351001570183797,38.28810486756977,0.0,0.0,0.0
362,387,November,34,fast,medium,1.2351001570183797,37.05300471055139,0.0,0.0,0.0
362,387,October,34,medium,medium,1.2351001570183797,38.28810486756977,0.0,0.0,0.0
362,387,September,34,fast,medium,0.40753508333333327,12.226052499999998,0.0,0.0,0.0
362,388,April,15,fast,fast,7.682006,230.46018,0.0,0.0,0.0
362,388,April,16,fast,fast,0.25081760498419126,7.524528149525738,0.0,0.0,0.0
362,388,April,17,fast,fast,2.130928747520521,63.92786242561563,0.0,0.0,0.0
362,388,April,19,fast,fast,4.135001517458122,124.05004552374365,0.0,0.0,0.0
362,388,June,13,fast,fast,2.2433869728905194,67.30160918671558,0.0,0.0,0.0
362,388,June,15,fast,fast,9.103312,273.09936000000005,0.0,0.0,0.0
362,388,June,16,fast,fast,1.6721236049841917,50.163708149525746,0.0,0.0,0.0
362,388,June,17,fast,fast,4.21917336697973,126.57520100939189,0.0,0.0,0.0
362,388,June,18,fast,fast,1.7295486169797307,51.88645850939192,0.0,0.0,0.0
362,388,June,19,fast,fast,3.968788184124783,119.06364552374349,0.0,0.0,0.0
362,388,May,15,fast,fast,2.274717323219381,70.51623701980081,0.0,0.0,0.0
363,362,April,21,fast,fast,5.640554161274373,169.2166248382312,0.0,0.0,0.0
363,362,April,22,fast,fast,6.1069684929679005,183.20905478903703,0.0,0.0,0.0
363,362,June,21,fast,fast,5.640554161274373,169.2166248382312,0.0,0.0,0.0
363,362,June,22,fast,fast,4.7651393179679005,142.954179539037,0.0,0.0,0.0
363,388,April,20,fast,fast,0.7951321553281154,23.853964659843463,0.0,0.0,0.0
363,388,April,21,fast,fast,2.2642429904296115,67.92728971288835,0.0,0.0,0.0
363,388,June,20,fast,fast,0.7864601553281156,23.59380465984347,0.0,0.0,0.0
363,388,June,21,fast,fast,2.169009990429611,65.07029971288833,0.0,0.0,0.0
363,388,May,20,fast,fast,0.3969324779087602,12.304906815171567,0.0,0.0,0.0
363,388,May,21,fast,fast,7.521721603316887,233.17336970282352,0.0,0.0,0.0
363,388,May,22,fast,fast,3.6187491445808035,112.18122348200491,0.0,0.0,0.0
366,367,April,15,fast,fast,2.9206906643254316,87.62071992976294,0.0,0.0,0.0
366,367,April,16,fast,fast,5.267778753292362,158.03336259877085,0.0,0.0,0.0
366,367,April,17,fast,fast,1.8115305823822068,54.3459174714662,0.0,0.0,0.0
366,367,August,16,fast,fast,4.241727456455859,131.49355115013162,0.0,0.0,0.0
366,367,August,17,fast,fast,1.8115305823822068,56.15744805384841,0.0,0.0,0.0
366,367,December,15,fast,fast,2.9206906643254316,90.54141059408838,0.0,0.0,0.0
366,367,December,16,fast,fast,5.267778753292362,163.3011413520632,0.0,0.0,0.0
366,367,December,17,fast,fast,1.8115305823822068,56.15744805384841,0.0,0.0,0.0
366,367,February,15,fast,fast,2.9206906643254316,81.77933860111209,0.0,0.0,0.0
366,367,February,16,fast,fast,5.267778753292362,147.49780509218613,0.0,0.0,0.0
366,367,February,17,fast,fast,1.8115305823822068,50.722856306701786,0.0,0.0,0.0
366,367,January,15,fast,fast,2.9206906643254316,90.54141059408838,0.0,0.0,0.0
366,367,January,16,fast,fast,5.267778753292362,163.3011413520632,0.0,0.0,0.0
366,367,January,17,fast,fast,1.8115305823822068,56.15744805384841,0.0,0.0,0.0
366,367,July,15,fast,fast,2.9206906643254316,90.54141059408838,0.0,0.0,0.0
366,367,July,17,fast,fast,1.8115305823822068,56.15744805384841,0.0,0.0,0.0
366,367,June,15,fast,fast,2.9206906643254316,87.62071992976294,0.0,0.0,0.0
366,367,June,16,fast,fast,5.267778753292362,158.03336259877085,0.0,0.0,0.0
366,367,June,17,fast,fast,1.8115305823822068,54.3459174714662,0.0,0.0,0.0
366,367,March,15,fast,fast,2.9206906643254316,90.54141059408838,0.0,0.0,0.0
366,367,March,16,fast,fast,5.267778753292362,163.3011413520632,0.0,0.0,0.0
366,367,March,17,fast,fast,1.8115305823822068,56.15744805384841,0.0,0.0,0.0
366,367,May,15,fast,fast,2.9206906643254316,90.54141059408838,0.0,0.0,0.0
366,367,May,16,fast,fast,5.267778753292362,163.3011413520632,0.0,0.0,0.0
366,367,May,17,fast,fast,1.8115305823822068,56.15744805384841,0.0,0.0,0.0
366,367,November,15,fast,fast,2.9206906643254316,87.62071992976294,0.0,0.0,0.0
366,367,November,16,fast,fast,5.267778753292362,158.03336259877085,0.0,0.0,0.0
366,367,November,17,fast,fast,1.8115305823822068,54.3459174714662,0.0,0.0,0.0
366,367,October,15,fast,fast,2.9206906643254316,90.54141059408838,0.0,0.0,0.0
366,367,October,16,fast,fast,5.267778753292362,163.3011413520632,0.0,0.0,0.0
366,367,October,17,fast,fast,1.8115305823822068,56.15744805384841,0.0,0.0,0.0
366,367,September,15,fast,fast,1.997323252419247,59.91969757257741,0.0,0.0,0.0
366,367,September,16,fast,fast,5.267778753292362,158.03336259877085,0.0,0.0,0.0
366,367,September,17,fast,fast,1.8115305823822068,54.3459174714662,0.0,0.0,0.0
366,395,August,15,fast,fast,2.9206906643254316,90.54141059408838,0.0,0.0,0.0
366,395,August,16,fast,fast,1.0260512968365028,31.807590201931585,0.0,0.0,0.0
366,395,July,16,fast,fast,5.267778753292362,163.3011413520632,0.0,0.0,0.0
366,395,September,15,fast,fast,0.9233674119061845,27.701022357185536,0.0,0.0,0.0
367,395,June,28,fast,fast,1.3711383674520174,41.13415102356052,0.0,0.0,0.0
367,395,June,29,fast,fast,5.346154498846003,160.3846349653801,0.0,0.0,0.0
367,395,June,30,fast,fast,5.035416338737605,151.06249016212814,0.0,0.0,0.0
367,396,April,28,fast,fast,0.6300154339558173,18.900463018674518,0.0,0.0,0.0
367,396,April,29,fast,fast,1.2880341793335486,38.641025380006454,0.0,0.0,0.0
367,396,June,28,fast,fast,8.545436479077182,256.36309437231546,0.0,0.0,0.0
367,396,June,29,fast,fast,4.570420347683196,137.1126104304959,0.0,0.0,0.0
367,396,May,28,fast,fast,0.6300154339558173,19.530478452630334,0.0,0.0,0.0
367,396,May,29,fast,fast,1.2880341793335486,39.929059559340004,0.0,0.0,0.0
368,342,June,34,fast,fast,13.79336494318541,413.8009482955623,0.0,0.0,0.0
368,342,June,35,fast,fast,4.361911120789598,130.85733362368794,0.0,0.0,0.0
368,342,May,33,fast,fast,0.6368829710246544,19.743372101764287,0.0,0.0,0.0
368,342,May,34,fast,fast,13.171806527172333,408.3260023423423,0.0,0.0,0.0
368,342,May,35,fast,fast,2.45448250508573,76.08895765765763,0.0,0.0,0.0
368,343,April,2,fast,fast,4.002375122423004,120.07125367269012,0.0,0.0,0.0
368,343,April,3,fast,fast,6.350744428165434,190.52233284496305,0.0,0.0,0.0
368,343,April,25,fast,fast,3.4204081632653063,102.61224489795919,0.0,0.0,0.0
368,343,April,26,fast,fast,1.579591836734694,47.38775510204082,0.0,0.0,0.0
368,343,April,33,fast,fast,3.452948083875633,103.58844251626898,0.0,0.0,0.0
368,343,April,34,fast,fast,4.903713027061045,147.11139081183134,0.0,0.0,0.0
368,343,April,37,fast,fast,2.878776796134982,86.36330388404946,0.0,0.0,0.0
368,343,August,2,fast,fast,4.002375122423004,124.07362879511312,0.0,0.0,0.0
368,343,August,3,fast,fast,6.350744428165434,196.87307727312847,0.0,0.0,0.0
368,343,August,25,fast,fast,3.4204081632653063,106.0326530612245,0.0,0.0,0.0
368,343,August,26,fast,fast,1.579591836734694,48.96734693877551,0.0,0.0,0.0
368,343,August,34,fast,fast,4.903713027061045,152.0151038388924,0.0,0.0,0.0
368,343,August,37,fast,fast,2.878776796134982,89.24208068018444,0.0,0.0,0.0
368,343,December,2,fast,fast,4.002375122423004,124.07362879511312,0.0,0.0,0.0
368,343,December,3,fast,fast,6.350744428165434,196.87307727312847,0.0,0.0,0.0
368,343,December,34,fast,fast,4.903713027061045,152.0151038388924,0.0,0.0,0.0
368,343,December,37,fast,fast,2.878776796134982,89.24208068018444,0.0,0.0,0.0
368,343,February,2,fast,fast,4.002375122423004,112.06650342784411,0.0,0.0,0.0
368,343,February,3,fast,fast,6.350744428165434,177.82084398863216,0.0,0.0,0.0
368,343,February,34,fast,fast,4.903713027061045,137.30396475770925,0.0,0.0,0.0
368,343,February,37,fast,fast,2.878776796134982,80.6057502917795,0.0,0.0,0.0
368,343,January,2,fast,fast,4.002375122423004,124.07362879511312,0.0,0.0,0.0
368,343,January,3,fast,fast,6.350744428165434,196.87307727312847,0.0,0.0,0.0
368,343,January,34,fast,fast,4.903713027061045,152.0151038388924,0.0,0.0,0.0
368,343,January,37,fast,fast,2.878776796134982,89.24208068018444,0.0,0.0,0.0
368,343,July,2,fast,fast,4.002375122423004,124.07362879511312,0.0,0.0,0.0
368,343,July,3,fast,fast,6.350744428165434,196.87307727312847,0.0,0.0,0.0
368,343,July,25,fast,fast,3.4204081632653063,106.0326530612245,0.0,0.0,0.0
368,343,July,26,fast,fast,0.8712053723332573,27.007366542330978,0.0,0.0,0.0
368,343,July,33,fast,fast,3.843494320434772,119.14832393347793,0.0,0.0,0.0
368,343,July,34,fast,fast,4.903713027061045,152.0151038388924,0.0,0.0,0.0
368,343,July,37,fast,fast,2.878776796134982,89.24208068018444,0.0,0.0,0.0
368,343,June,2,fast,fast,4.002375122423004,120.07125367269012,0.0,0.0,0.0
368,343,June,3,fast,fast,6.350744428165434,190.52233284496305,0.0,0.0,0.0
368,343,June,25,fast,fast,3.4204081632653063,102.61224489795919,0.0,0.0,0.0
368,343,June,26,fast,fast,1.579591836734694,47.38775510204082,0.0,0.0,0.0
368,343,June,33,fast,fast,11.927312775330396,357.8193832599119,0.0,0.0,0.0
368,343,June,34,fast,fast,13.110348083875635,393.31044251626906,0.0,0.0,0.0
368,343,June,37,fast,fast,2.878776796134982,86.36330388404946,0.0,0.0,0.0
368,343,March,2,fast,fast,4.002375122423004,124.07362879511312,0.0,0.0,0.0
368,343,March,3,fast,fast,6.350744428165434,196.87307727312847,0.0,0.0,0.0
368,343,March,34,fast,fast,4.903713027061045,152.0151038388924,0.0,0.0,0.0
368,343,March,37,fast,fast,2.878776796134982,89.24208068018444,0.0,0.0,0.0
368,343,May,2,fast,fast,4.002375122423004,124.07362879511312,0.0,0.0,0.0
368,343,May,3,fast,fast,6.350744428165434,196.87307727312847,0.0,0.0,0.0
368,343,May,25,fast,fast,3.4204081632653063,106.0326530612245,0.0,0.0,0.0
368,343,May,26,fast,fast,1.579591836734694,48.96734693877551,0.0,0.0,0.0
368,343,May,33,fast,fast,11.290429804305742,350.003323933478,0.0,0.0,0.0
368,343,May,34,fast,fast,11.290429804305742,350.003323933478,0.0,0.0,0.0
368,343,May,37,fast,fast,2.878776796134982,89.24208068018444,0.0,0.0,0.0
368,343,November,2,fast,fast,4.002375122423004,120.07125367269012,0.0,0.0,0.0
368,343,November,3,fast,fast,6.350744428165434,190.52233284496305,0.0,0.0,0.0
368,343,November,34,fast,fast,4.903713027061045,147.11139081183134,0.0,0.0,0.0
368,343,November,37,fast,fast,2.878776796134982,86.36330388404946,0.0,0.0,0.0
368,343,October,2,fast,fast,4.002375122423004,124.07362879511312,0.0,0.0,0.0
368,343,October,3,fast,fast,6.350744428165434,196.87307727312847,0.0,0.0,0.0
368,343,October,34,fast,fast,4.903713027061045,152.0151038388924,0.0,0.0,0.0
368,343,October,37,fast,fast,2.878776796134982,89.24208068018444,0.0,0.0,0.0
368,343,September,2,fast,fast,4.002375122423004,120.07125367269012,0.0,0.0,0.0
368,343,September,3,fast,fast,6.350744428165434,190.52233284496305,0.0,0.0,0.0
368,343,September,25,fast,fast,3.4204081632653063,102.61224489795919,0.0,0.0,0.0
368,343,September,26,fast,fast,0.8712053723332573,26.13616116999772,0.0,0.0,0.0
368,343,September,34,fast,fast,4.903713027061045,147.11139081183134,0.0,0.0,0.0
368,343,September,37,fast,fast,2.878776796134982,86.36330388404946,0.0,0.0,0.0
368,397,June,15,medium,medium,3.485838779956427,104.57516339869282,0.0,0.0,0.0
368,397,June,16,medium,medium,4.014161220043573,120.42483660130719,0.0,0.0,0.0
368,397,May,15,medium,medium,3.485838779956427,108.06100217864925,0.0,0.0,0.0
368,397,May,16,medium,medium,4.014161220043573,124.43899782135077,0.0,0.0,0.0
369,343,April,26,fast,fast,4.701285805551058,141.03857416653176,0.0,0.0,0.0
369,343,April,27,fast,fast,4.032831443505302,120.98494330515905,0.0,0.0,0.0
369,343,April,30,fast,fast,1.6661701160446256,49.98510348133877,0.0,0.0,0.0
369,343,August,26,fast,fast,4.701285805551058,145.7398599720828,0.0,0.0,0.0
369,343,August,30,medium,medium,1.6661701160446256,51.651273597383394,0.0,0.0,0.0
369,343,December,26,fast,fast,5.409672269952495,167.69984036852733,0.0,0.0,0.0
369,343,December,30,fast,fast,1.6661701160446256,51.651273597383394,0.0,0.0,0.0
369,343,February,26,fast,fast,4.298412698412698,120.35555555555555,0.0,0.0,0.0
369,343,February,30,fast,medium,1.6661701160446256,46.65276324924952,0.0,0.0,0.0
369,343,January,26,fast,fast,5.409672269952495,167.69984036852733,0.0,0.0,0.0
369,343,January,30,medium,medium,1.6661701160446256,51.651273597383394,0.0,0.0,0.0
369,343,July,26,fast,fast,5.409672269952495,167.69984036852733,0.0,0.0,0.0
369,343,July,30,fast,medium,1.6661701160446256,51.651273597383394,0.0,0.0,0.0
369,343,June,26,fast,fast,4.701285805551058,141.03857416653176,0.0,0.0,0.0
369,343,June,30,medium,medium,15.748261968938358,472.44785906815076,0.0,0.0,0.0
369,343,March,26,fast,fast,2.787872296719076,86.42404119829136,0.0,0.0,0.0
369,343,March,30,fast,medium,1.6661701160446256,51.651273597383394,0.0,0.0,0.0
369,343,May,26,fast,fast,4.701285805551058,145.7398599720828,0.0,0.0,0.0
369,343,May,30,fast,medium,1.6661701160446256,51.651273597383394,0.0,0.0,0.0
369,343,November,26,fast,fast,5.409672269952495,162.29016809857484,0.0,0.0,0.0
369,343,November,30,fast,fast,1.6661701160446256,49.98510348133877,0.0,0.0,0.0
369,343,October,26,fast,fast,5.409672269952495,167.69984036852733,0.0,0.0,0.0
369,343,October,30,fast,medium,1.6661701160446256,51.651273597383394,0.0,0.0,0.0
369,343,September,26,fast,fast,5.409672269952495,162.29016809857484,0.0,0.0,0.0
369,343,September,30,fast,fast,1.6661701160446256,49.98510348133877,0.0,0.0,0.0
369,344,April,26,fast,fast,0.7083864644014364,21.251593932043093,0.0,0.0,0.0
369,344,August,26,fast,fast,0.7083864644014364,21.95998039644453,0.0,0.0,0.0
369,344,February,26,fast,fast,1.111258913381029,31.11524957466881,0.0,0.0,0.0
369,344,June,26,fast,fast,6.335612297734784,190.0683689320435,0.0,0.0,0.0
369,344,March,26,fast,fast,2.6217999732334185,81.27579917023597,0.0,0.0,0.0
369,344,May,26,fast,fast,0.7083864644014364,21.95998039644453,0.0,0.0,0.0
370,345,April,29,fast,fast,14.137571890100826,424.1271567030248,0.0,0.0,0.0
370,345,June,29,fast,fast,16.945986473434164,508.3795942030249,0.0,0.0,0.0
370,371,May,35,fast,medium,0.4188391395366651,12.984013325636617,0.0,0.0,0.0
370,371,May,37,medium,medium,9.210252411686026,285.5178247622668,0.0,0.0,0.0
370,371,May,38,medium,medium,0.4136631908994728,12.823558917883656,0.0,0.0,0.0
370,371,May,39,fast,medium,1.2368026155521274,38.34088108211595,0.0,0.0,0.0
370,371,May,40,medium,medium,0.1,3.1,0.0,0.0,0.0
370,399,April,29,fast,fast,1.2148779364348208,36.44633809304462,0.0,0.0,0.0
370,399,April,31,fast,fast,9.267618608935974,278.0285582680792,0.0,0.0,0.0
370,399,April,32,fast,fast,25.0,750.0,0.0,0.0,0.0
370,399,April,33,fast,fast,6.137419260777481,184.12257782332443,0.0,0.0,0.0
370,399,April,34,fast,fast,4.333770972193754,130.01312916581264,0.0,0.0,0.0
370,399,August,31,fast,fast,2.690515260378916,83.4059730717464,0.0,0.0,0.0
370,399,August,32,fast,fast,9.335970987689663,289.41510061837954,0.0,0.0,0.0
370,399,December,31,fast,fast,2.690515260378916,83.4059730717464,0.0,0.0,0.0
370,399,December,32,fast,fast,9.335970987689663,289.41510061837954,0.0,0.0,0.0
370,399,February,31,fast,fast,2.690515260378916,75.33442729060965,0.0,0.0,0.0
370,399,February,32,fast,fast,9.335970987689663,261.40718765531057,0.0,0.0,0.0
370,399,January,31,fast,fast,2.690515260378916,83.4059730717464,0.0,0.0,0.0
370,399,January,32,fast,fast,9.335970987689663,289.41510061837954,0.0,0.0,0.0
370,399,July,31,fast,fast,2.690515260378916,83.4059730717464,0.0,0.0,0.0
370,399,July,32,fast,fast,9.335970987689663,289.41510061837954,0.0,0.0,0.0
370,399,June,29,fast,fast,8.917821684063536,267.5346505219061,0.0,0.0,0.0
370,399,June,30,medium,medium,1.162995813949209,34.88987441847627,0.0,0.0,0.0
370,399,June,30,fast,fast,25.0,750.0,0.0,0.0,0.0
370,399,June,31,medium,medium,4.363156081105508,130.89468243316526,0.0,0.0,0.0
370,399,June,31,fast,fast,25.0,750.0,0.0,0.0,0.0
370,399,June,32,medium,medium,15.0,450.0,0.0,0.0,0.0
370,399,June,32,fast,fast,25.0,750.0,0.0,0.0,0.0
370,399,June,33,fast,fast,12.046525927444147,361.3957778233244,0.0,0.0,0.0
370,399,June,34,fast,fast,10.24287763886042,307.2863291658126,0.0,0.0,0.0
370,399,March,31,fast,fast,2.690515260378916,83.4059730717464,0.0,0.0,0.0
370,399,March,32,fast,fast,9.335970987689663,289.41510061837954,0.0,0.0,0.0
370,399,May,31,fast,fast,2.690515260378916,83.4059730717464,0.0,0.0,0.0
370,399,May,32,fast,fast,9.335970987689663,289.41510061837954,0.0,0.0,0.0
370,399,May,33,fast,fast,3.4205575440957148,106.03728386696716,0.0,0.0,0.0
370,399,May,34,fast,fast,0.45368034493765563,14.064090693067325,0.0,0.0,0.0
370,399,November,31,fast,fast,2.690515260378916,80.71545781136749,0.0,0.0,0.0
370,399,November,32,fast,fast,9.335970987689663,280.07912963068986,0.0,0.0,0.0
370,399,October,31,fast,fast,2.690515260378916,83.4059730717464,0.0,0.0,0.0
370,399,October,32,fast,fast,9.335970987689663,289.41510061837954,0.0,0.0,0.0
370,399,September,31,fast,fast,2.690515260378916,80.71545781136749,0.0,0.0,0.0
370,399,September,32,fast,fast,9.335970987689663,280.07912963068986,0.0,0.0,0.0
371,370,June,16,fast,medium,3.954780702201866,118.64342106605598,0.0,0.0,0.0
371,370,March,22,medium,medium,1.1756394992425783,36.444824476519926,0.0,0.0,0.0
371,370,May,16,medium,medium,0.24060644413734877,7.458799768257812,0.0,0.0,0.0
373,348,April,23,medium,medium,25.04156906910299,751.2470720730897,0.0,0.0,0.0
373,348,April,24,fast,medium,19.275159933811906,578.2547980143572,0.0,0.0,0.0
373,348,April,25,medium,medium,9.975178078967886,299.2553423690366,0.0,0.0,0.0
373,348,April,38,fast,medium,0.1,3.0,0.0,0.0,0.0
373,348,April,39,fast,medium,7.5,225.0,0.0,0.0,0.0
373,348,April,40,medium,medium,7.005160931242768,210.15482793728305,0.0,0.0,0.0
373,348,April,41,fast,medium,2.2539711520905605,67.61913456271682,0.0,0.0,0.0
373,348,August,23,medium,medium,13.496947923117233,418.40538561663425,0.0,0.0,0.0
373,348,August,24,fast,medium,5.466725281905568,169.4684837390726,0.0,0.0,0.0
373,348,August,29,medium,medium,7.546177798334236,233.93151174836132,0.0,0.0,0.0
373,348,August,30,fast,medium,10.0351968320092,311.0911017922852,0.0,0.0,0.0
373,348,August,38,medium,medium,0.2615790322580645,8.10895,0.0,0.0,0.0
373,348,December,23,medium,medium,13.496947923117233,418.40538561663425,0.0,0.0,0.0
373,348,December,24,fast,medium,5.466725281905568,169.4684837390726,0.0,0.0,0.0
373,348,February,23,medium,medium,10.781540681133553,301.8831390717395,0.0,0.0,0.0
373,348,February,30,fast,medium,1.5912222433289953,44.554222813211865,0.0,0.0,0.0
373,348,January,23,medium,medium,13.496947923117233,418.40538561663425,0.0,0.0,0.0
373,348,January,24,fast,medium,5.466725281905568,169.4684837390726,0.0,0.0,0.0
373,348,July,23,fast,medium,6.832543804481654,211.80885793893128,0.0,0.0,0.0
373,348,July,38,medium,medium,1.6494432258064518,51.132740000000005,0.0,0.0,0.0
373,348,July,39,fast,medium,0.210266935483871,6.518275000000001,0.0,0.0,0.0
373,348,July,40,medium,medium,0.34026536451613043,10.548226300000044,0.0,0.0,0.0
373,348,June,23,fast,medium,27.095619384458324,812.8685815337498,0.0,0.0,0.0
373,348,June,24,fast,medium,20.07701676714524,602.3105030143572,0.0,0.0,0.0
373,348,June,25,fast,medium,9.837914332240693,295.1374299672208,0.0,0.0,0.0
373,348,June,38,medium,medium,1.7891125,53.673375,0.0,0.0,0.0
373,348,June,39,medium,medium,1.909213293279569,57.27639879838706,0.0,0.0,0.0
373,348,June,40,fast,medium,0.4283921666666667,12.851765,0.0,0.0,0.0
373,348,March,23,medium,medium,13.496947923117233,418.40538561663425,0.0,0.0,0.0
373,348,March,24,medium,medium,5.466725281905568,169.4684837390726,0.0,0.0,0.0
373,348,March,30,medium,medium,7.579446766925373,234.96284977468656,0.0,0.0,0.0
373,348,March,31,fast,medium,1.7736102828751061,54.98191876912829,0.0,0.0,0.0
373,348,May,23,medium,medium,25.904864052149485,803.050785616634,0.0,0.0,0.0
373,348,May,24,fast,medium,17.87464141093782,554.1138837390724,0.0,0.0,0.0
373,348,May,38,medium,medium,1.1618451612903227,36.0172,0.0,0.0,0.0
373,348,May,39,fast,medium,4.971384480670482,154.11291890078493,0.0,0.0,0.0
373,348,May,40,medium,medium,5.4310269283720185,168.3618347795326,0.0,0.0,0.0
373,348,November,23,fast,medium,13.496947923117233,404.908437693517,0.0,0.0,0.0
373,348,November,24,fast,medium,5.466725281905568,164.00175845716703,0.0,0.0,0.0
373,348,October,23,fast,medium,13.496947923117233,418.40538561663425,0.0,0.0,0.0
373,348,October,24,medium,medium,5.466725281905568,169.4684837390726,0.0,0.0,0.0
373,348,September,23,medium,medium,11.58142815394402,347.4428446183206,0.0,0.0,0.0
373,348,September,24,fast,medium,4.576455100478576,137.2936530143573,0.0,0.0,0.0
373,348,September,25,medium,medium,0.7749003023440579,23.247009070321738,0.0,0.0,0.0
373,402,April,23,fast,fast,7.518132187347575,225.54396562042726,0.0,0.0,0.0
373,402,April,24,fast,fast,5.254318681426994,157.62956044280983,0.0,0.0,0.0
373,402,February,23,fast,fast,2.71540724198368,76.03140277554304,0.0,0.0,0.0
373,402,February,24,fast,fast,5.466725281905568,153.0683078933559,0.0,0.0,0.0
373,402,July,23,fast,fast,6.664404118635579,206.59652767770294,0.0,0.0,0.0
373,402,July,24,fast,fast,5.466725281905568,169.4684837390726,0.0,0.0,0.0
373,402,June,23,fast,fast,4.785344788658911,143.56034365976734,0.0,0.0,0.0
373,402,June,24,fast,fast,3.773724764760331,113.21174294280993,0.0,0.0,0.0
373,402,June,39,fast,fast,3.268613137780621,98.05839413341863,0.0,0.0,0.0
373,402,June,40,fast,fast,2.9340680708795364,88.0220421263861,0.0,0.0,0.0
373,402,March,25,fast,fast,0.3407125000000004,10.562087500000013,0.0,0.0,0.0
373,402,May,39,fast,fast,0.5596424477015365,17.348915878747633,0.0,0.0,0.0
373,402,May,40,fast,fast,0.1,3.1,0.0,0.0,0.0
373,402,May,41,fast,fast,3.6738195303527394,113.88840544093492,0.0,0.0,0.0
373,402,September,23,fast,fast,1.9155197691732138,57.46559307519641,0.0,0.0,0.0
373,402,September,24,fast,fast,0.8902701814269918,26.708105442809753,0.0,0.0,0.0
374,348,April,17,medium,medium,1.5476351557812862,46.429054673438586,0.0,0.0,0.0
374,348,August,17,medium,medium,1.5476351557812862,47.97668982921987,0.0,0.0,0.0
374,348,December,17,medium,medium,1.5476351557812862,47.97668982921987,0.0,0.0,0.0
374,348,February,17,medium,medium,1.5476351557812862,43.33378436187601,0.0,0.0,0.0
374,348,January,17,medium,medium,1.5476351557812862,47.97668982921987,0.0,0.0,0.0
374,348,July,17,medium,medium,1.5476351557812862,47.97668982921987,0.0,0.0,0.0
374,348,June,17,medium,medium,1.5476351557812862,46.429054673438586,0.0,0.0,0.0
374,348,March,17,medium,medium,1.5476351557812862,47.97668982921987,0.0,0.0,0.0
374,348,May,16,fast,medium,6.921537074798525,214.5676493187543,0.0,0.0,0.0
374,348,May,17,medium,medium,2.1850697629961076,67.73716265287933,0.0,0.0,0.0
374,348,May,18,medium,medium,0.1,3.1,0.0,0.0,0.0
374,348,November,17,medium,medium,1.5476351557812862,46.429054673438586,0.0,0.0,0.0
374,348,October,17,medium,medium,1.5476351557812862,47.97668982921987,0.0,0.0,0.0
374,348,September,17,medium,medium,1.5476351557812862,46.429054673438586,0.0,0.0,0.0
375,349,April,18,fast,fast,1.1629542111440259,34.888626334320776,0.0,0.0,0.0
375,349,April,19,fast,fast,3.9270526384974467,117.81157915492341,0.0,0.0,0.0
375,349,August,19,fast,fast,3.9270526384974467,121.73863179342085,0.0,0.0,0.0
375,349,December,19,fast,fast,3.9270526384974467,121.73863179342085,0.0,0.0,0.0
375,349,February,19,fast,fast,3.9270526384974467,109.9574738779285,0.0,0.0,0.0
375,349,January,19,fast,fast,3.9270526384974467,121.73863179342085,0.0,0.0,0.0
375,349,July,19,fast,fast,4.89755098962635,151.82408067841683,0.0,0.0,0.0
375,349,June,14,fast,fast,7.128824862869575,213.86474588608723,0.0,0.0,0.0
375,349,June,15,fast,fast,5.049498360817779,151.48495082453337,0.0,0.0,0.0
375,349,June,17,medium,medium,2.4800934329420308,74.40280298826093,0.0,0.0,0.0
375,349,June,18,fast,medium,7.290528461144028,218.71585383432085,0.0,0.0,0.0
375,349,June,18,fast,fast,25.0,750.0,0.0,0.0,0.0
375,349,June,19,fast,fast,3.9270526384974467,117.81157915492341,0.0,0.0,0.0
375,349,March,19,fast,fast,3.9270526384974467,121.73863179342085,0.0,0.0,0.0
375,349,May,15,fast,fast,14.492866747914558,449.2788691853513,0.0,0.0,0.0
375,349,May,17,medium,medium,13.654147437473945,423.2785705616923,0.0,0.0,0.0
375,349,May,18,medium,medium,12.412254291789193,384.779883045465,0.0,0.0,0.0
375,349,May,18,fast,fast,25.0,775.0,0.0,0.0,0.0
375,349,May,19,medium,medium,5.626209573981317,174.41249679342081,0.0,0.0,0.0
375,349,May,19,fast,fast,25.0,775.0,0.0,0.0,0.0
375,349,May,20,fast,fast,19.774617794343783,613.0131516246572,0.0,0.0,0.0
375,349,November,19,fast,fast,3.9270526384974467,117.81157915492341,0.0,0.0,0.0
375,349,October,19,fast,fast,3.9270526384974467,121.73863179342085,0.0,0.0,0.0
375,349,September,19,fast,fast,6.398740590471789,191.96221771415367,0.0,0.0,0.0
375,376,April,15,fast,fast,11.034425719565165,331.03277158695494,0.0,0.0,0.0
375,376,April,16,fast,fast,0.1,3.0,0.0,0.0,0.0
375,376,April,17,fast,fast,3.9079221543480642,117.23766463044193,0.0,0.0,0.0
375,376,April,19,fast,fast,3.129400051466021,93.88200154398064,0.0,0.0,0.0
375,376,April,20,medium,medium,9.043599999999998,271.30799999999994,0.0,0.0,0.0
375,376,April,20,fast,fast,11.715420534769777,351.4626160430933,0.0,0.0,0.0
375,376,April,21,fast,fast,35.27045588351848,1058.1136765055544,0.0,0.0,0.0
375,376,April,32,fast,fast,3.0718094766028177,92.15428429808453,0.0,0.0,0.0
375,376,August,19,fast,fast,2.471687951974342,76.6223265112046,0.0,0.0,0.0
375,376,August,21,fast,fast,10.409394214500708,322.69122064952194,0.0,0.0,0.0
375,376,December,19,fast,fast,2.471687951974342,76.6223265112046,0.0,0.0,0.0
375,376,February,19,fast,fast,2.4716879519743458,69.20726265528168,0.0,0.0,0.0
375,376,January,19,fast,fast,2.471687951974342,76.6223265112046,0.0,0.0,0.0
375,376,July,19,fast,fast,1.5011896008454393,46.53687762620862,0.0,0.0,0.0
375,376,July,20,fast,fast,4.613097954124612,143.00603657786297,0.0,0.0,0.0
375,376,July,21,fast,fast,24.787639375791045,768.4168206495224,0.0,0.0,0.0
375,376,June,14,fast,fast,5.331028934582058,159.93086803746172,0.0,0.0,0.0
375,376,June,15,fast,fast,24.029761320048095,720.8928396014428,0.0,0.0,0.0
375,376,June,16,fast,fast,24.796759089049942,743.9027726714983,0.0,0.0,0.0
375,376,June,17,fast,fast,14.626964462462567,438.808933873877,0.0,0.0,0.0
375,376,June,18,fast,fast,0.1,3.0,0.0,0.0,0.0
375,376,June,19,medium,medium,3.476280051466034,104.28840154398102,0.0,0.0,0.0
375,376,June,20,fast,fast,21.105900534769788,633.1770160430937,0.0,0.0,0.0
375,376,June,21,fast,fast,32.103958633518474,963.1187590055542,0.0,0.0,0.0
375,376,June,32,fast,fast,11.242009476602819,337.26028429808457,0.0,0.0,0.0
375,376,March,19,fast,fast,2.471687951974342,76.6223265112046,0.0,0.0,0.0
375,376,March,21,fast,fast,7.223007117726514,223.91322064952192,0.0,0.0,0.0
375,376,March,22,fast,fast,3.7377714423019164,115.8709147113594,0.0,0.0,0.0
375,376,May,15,fast,fast,29.023609061983578,899.7318809214909,0.0,0.0,0.0
375,376,May,16,fast,fast,24.796759089049942,768.6995317605482,0.0,0.0,0.0
375,376,May,17,fast,fast,19.999999,619.999969,0.0,0.0,0.0
375,376,May,18,fast,fast,21.576223817858363,668.8629383536093,0.0,0.0,0.0
375,376,May,19,fast,fast,19.05738714824021,590.7790015954465,0.0,0.0,0.0
375,376,May,20,fast,fast,36.68700763154396,1137.2972365778628,0.0,0.0,0.0
375,376,May,21,fast,fast,22.5331938996475,698.5290108890725,0.0,0.0,0.0
375,376,May,32,fast,fast,12.064163024989911,373.98905377468725,0.0,0.0,0.0
375,376,May,33,fast,fast,3.0926894465004686,95.87337284151452,0.0,0.0,0.0
375,376,May,35,fast,fast,6.800638332812699,210.81978831719368,0.0,0.0,0.0
375,376,May,36,fast,fast,6.35451907554593,196.99009134192383,0.0,0.0,0.0
375,376,November,19,fast,fast,2.471687951974342,74.15063855923026,0.0,0.0,0.0
375,376,October,19,fast,fast,2.4716879519743316,76.62232651120428,0.0,0.0,0.0
375,376,September,21,fast,fast,14.827124537081357,444.8137361124407,0.0,0.0,0.0
375,376,September,22,fast,fast,3.4876456544789107,104.62936963436732,0.0,0.0,0.0
375,403,April,28,fast,fast,1.7138687742961736,51.41606322888521,0.0,0.0,0.0
375,403,April,31,fast,fast,16.83307250367684,504.99217511030514,0.0,0.0,0.0
375,403,April,32,fast,fast,16.386647268817203,491.5994180645161,0.0,0.0,0.0
375,403,April,33,fast,fast,14.531717691182795,435.95153073548386,0.0,0.0,0.0
375,403,April,35,fast,fast,2.324212,69.72636,0.0,0.0,0.0
375,403,April,36,fast,fast,2.4147905099999907,72.44371529999972,0.0,0.0,0.0
375,403,June,31,fast,fast,20.68500050367684,620.5500151103051,0.0,0.0,0.0
375,403,June,32,fast,fast,20.238575268817204,607.1572580645161,0.0,0.0,0.0
375,403,June,33,fast,fast,19.761424731182796,592.8427419354839,0.0,0.0,0.0
375,403,June,35,fast,fast,11.279146604319777,338.3743981295933,0.0,0.0,0.0
375,403,June,36,fast,fast,6.35451907554593,190.6355722663779,0.0,0.0,0.0
375,403,May,33,fast,fast,19.761424731182796,612.6041666666666,0.0,0.0,0.0
375,403,May,35,fast,fast,11.830384553225809,366.74192115000005,0.0,0.0,0.0
375,404,May,16,medium,medium,2.724596431955945,84.46248939063429,0.0,0.0,0.0
375,404,May,17,medium,medium,11.022385435438089,341.69394849858077,0.0,0.0,0.0
375,404,May,18,medium,medium,8.254668900005019,255.89473590015558,0.0,0.0,0.0
375,404,May,19,medium,medium,2.9461070302421035,91.32931793750521,0.0,0.0,0.0
375,404,May,20,medium,medium,5.11168616794766,158.46227120637747,0.0,0.0,0.0
376,350,April,28,fast,medium,22.891590855489014,686.7477256646704,0.0,0.0,0.0
376,350,April,29,fast,fast,8.188058209861428,245.64174629584284,0.0,0.0,0.0
376,350,July,28,fast,medium,15.260073247086382,473.06227065967784,0.0,0.0,0.0
376,350,June,28,fast,medium,24.02473362978518,720.7420088935554,0.0,0.0,0.0
376,350,May,28,fast,medium,6.560329871295494,203.3702260101603,0.0,0.0,0.0
376,375,April,26,fast,fast,10.18600801409346,305.5802404228038,0.0,0.0,0.0
376,375,April,29,fast,fast,10.013428186730046,300.4028456019014,0.0,0.0,0.0
376,375,August,28,medium,medium,22.891590855489014,709.6393165201595,0.0,0.0,0.0
376,375,December,28,medium,medium,22.891590855489014,709.6393165201595,0.0,0.0,0.0
376,375,February,28,medium,medium,22.891590855489014,640.9645439536923,0.0,0.0,0.0
376,375,January,28,medium,medium,22.891590855489014,709.6393165201595,0.0,0.0,0.0
376,375,July,28,fast,fast,7.51693855033335,233.02509506033385,0.0,0.0,0.0
376,375,June,26,fast,fast,5.646662855916134,169.399885677484,0.0,0.0,0.0
376,375,June,28,fast,medium,1.36401722570384,40.9205167711152,0.0,0.0,0.0
376,375,June,29,fast,fast,11.151971895571805,334.5591568671541,0.0,0.0,0.0
376,375,March,28,medium,medium,22.891590855489014,709.6393165201595,0.0,0.0,0.0
376,375,May,28,fast,fast,16.33126098419352,506.2690905099991,0.0,0.0,0.0
376,375,May,29,fast,fast,3.588029960087937,111.22892876272604,0.0,0.0,0.0
376,375,November,28,medium,medium,22.891590855489014,686.7477256646704,0.0,0.0,0.0
376,375,October,28,medium,medium,22.891590855489014,709.6393165201595,0.0,0.0,0.0
376,375,September,28,medium,medium,22.891590855489014,686.7477256646704,0.0,0.0,0.0
376,404,July,28,medium,medium,0.11457905806927826,3.551950800147626,0.0,0.0,0.0
377,351,April,37,fast,fast,5.460039901420018,163.80119704260053,0.0,0.0,0.0
377,351,August,37,fast,fast,5.460039901420018,169.26123694402054,0.0,0.0,0.0
377,351,December,37,fast,fast,5.460039901420018,169.26123694402054,0.0,0.0,0.0
377,351,February,37,fast,fast,5.460039901420018,152.8811172397605,0.0,0.0,0.0
377,351,January,37,fast,fast,5.460039901420018,169.26123694402054,0.0,0.0,0.0
377,351,July,18,fast,fast,3.2407382759730794,100.46288655516545,0.0,0.0,0.0
377,351,July,37,fast,fast,5.460039901420018,169.26123694402054,0.0,0.0,0.0
377,351,June,37,fast,fast,4.905708229561451,147.17124688684353,0.0,0.0,0.0
377,351,March,37,fast,fast,5.460039901420018,169.26123694402054,0.0,0.0,0.0
377,351,May,37,fast,fast,4.945221132787259,153.30185511640502,0.0,0.0,0.0
377,351,November,37,fast,fast,5.460039901420018,163.80119704260053,0.0,0.0,0.0
377,351,October,37,fast,fast,5.460039901420018,169.26123694402054,0.0,0.0,0.0
377,351,September,17,fast,fast,0.2252213387636708,6.756640162910124,0.0,0.0,0.0
377,351,September,37,fast,fast,5.460039901420018,163.80119704260053,0.0,0.0,0.0
377,378,April,16,fast,medium,0.18934356417359222,5.680306925207766,0.0,0.0,0.0
377,378,April,17,medium,medium,4.021346666666667,120.64040000000001,0.0,0.0,0.0
377,378,April,37,fast,medium,2.058368328141434,61.75104984424301,0.0,0.0,0.0
377,378,August,37,fast,medium,2.058368328141434,63.80941817238445,0.0,0.0,0.0
377,378,December,37,medium,medium,2.058368328141434,63.80941817238445,0.0,0.0,0.0
377,378,February,37,fast,medium,2.058368328141434,57.634313187960146,0.0,0.0,0.0
377,378,January,37,fast,medium,2.058368328141434,63.80941817238445,0.0,0.0,0.0
377,378,July,37,medium,medium,2.058368328141434,63.80941817238445,0.0,0.0,0.0
377,378,June,17,medium,medium,1.787312598196177,53.61937794588531,0.0,0.0,0.0
377,378,June,37,medium,medium,2.6127,78.381,0.0,0.0,0.0
377,378,March,37,fast,medium,2.058368328141434,63.80941817238445,0.0,0.0,0.0
377,378,May,37,medium,medium,2.5731870967741934,79.7688,0.0,0.0,0.0
377,378,November,37,medium,medium,2.058368328141434,61.75104984424301,0.0,0.0,0.0
377,378,October,37,fast,medium,2.058368328141434,63.80941817238445,0.0,0.0,0.0
377,378,September,37,medium,medium,2.058368328141434,61.75104984424301,0.0,0.0,0.0
378,353,April,23,fast,fast,2.643435956989247,79.30307870967741,0.0,0.0,0.0
378,353,June,23,fast,fast,2.5929252903225803,77.7877587096774,0.0,0.0,0.0
378,353,May,23,fast,fast,2.1481922580645154,66.59395999999998,0.0,0.0,0.0
378,377,June,34,fast,medium,8.752808234118953,262.5842470235686,0.0,0.0,0.0
378,377,June,35,medium,medium,4.555405666666666,136.66216999999997,0.0,0.0,0.0
378,377,May,34,fast,medium,5.3854186224988085,166.94797729746307,0.0,0.0,0.0
378,377,May,35,fast,medium,3.879885068842018,120.27643713410257,0.0,0.0,0.0
378,379,April,26,fast,medium,25.10436,753.1308,0.0,0.0,0.0
378,379,April,30,fast,medium,1.405136883384933,42.154106501547986,0.0,0.0,0.0
378,379,April,31,fast,medium,8.098455731423167,242.953671942695,0.0,0.0,0.0
378,379,August,26,medium,medium,8.0,248.0,0.0,0.0,0.0
378,379,December,26,fast,medium,8.0,248.0,0.0,0.0,0.0
378,379,February,26,fast,medium,8.0,224.0,0.0,0.0,0.0
378,379,January,26,fast,medium,8.0,248.0,0.0,0.0,0.0
378,379,July,26,fast,medium,8.0,248.0,0.0,0.0,0.0
378,379,June,26,fast,medium,25.09568266666667,752.87048,0.0,0.0,0.0
378,379,June,30,fast,medium,1.2884235500515995,38.65270650154798,0.0,0.0,0.0
378,379,June,31,medium,medium,7.9034970999483996,237.104912998452,0.0,0.0,0.0
378,379,June,34,fast,medium,6.615087225499252,198.45261676497756,0.0,0.0,0.0
378,379,June,35,fast,medium,3.6511255403817913,109.53376621145374,0.0,0.0,0.0
378,379,March,26,fast,medium,8.0,248.0,0.0,0.0,0.0
378,379,May,26,fast,medium,8.0,248.0,0.0,0.0,0.0
378,379,May,35,medium,medium,4.429353062937622,137.30994495106629,0.0,0.0,0.0
378,379,November,26,fast,medium,8.0,240.0,0.0,0.0,0.0
378,379,October,26,fast,medium,8.0,248.0,0.0,0.0,0.0
378,379,September,26,medium,medium,8.0,240.0,0.0,0.0,0.0
379,353,April,12,fast,fast,2.8347175999999994,85.04152799999999,0.0,0.0,0.0
379,353,April,13,fast,fast,4.901770008097165,147.05310024291495,0.0,0.0,0.0
379,353,April,14,fast,fast,5.630948914369985,168.92846743109956,0.0,0.0,0.0
379,353,April,15,fast,fast,22.601547775050754,678.0464332515227,0.0,0.0,0.0
379,353,April,16,fast,fast,8.426527853741387,252.7958356122416,0.0,0.0,0.0
379,353,April,17,fast,medium,5.504234863900649,165.12704591701947,0.0,0.0,0.0
379,353,April,20,fast,fast,14.083248212461694,422.49744637385083,0.0,0.0,0.0
379,353,April,21,fast,fast,4.916991674193131,147.50975022579394,0.0,0.0,0.0
379,353,April,22,fast,fast,15.686544725632674,470.5963417689802,0.0,0.0,0.0
379,353,April,23,fast,fast,7.841447468990815,235.24342406972443,0.0,0.0,0.0
379,353,August,20,fast,fast,11.347689810908754,351.77838413817136,0.0,0.0,0.0
379,353,August,21,fast,fast,6.539410486671713,202.72172508682308,0.0,0.0,0.0
379,353,August,22,fast,fast,9.475670262450151,293.7457781359547,0.0,0.0,0.0
379,353,August,23,fast,fast,4.302589232431675,133.38026620538193,0.0,0.0,0.0
379,353,August,32,fast,fast,3.1441137375060495,97.46752586268754,0.0,0.0,0.0
379,353,December,22,fast,fast,9.475670262450151,293.7457781359547,0.0,0.0,0.0
379,353,February,22,fast,fast,9.475670262450151,265.31876734860424,0.0,0.0,0.0
379,353,January,22,fast,fast,9.475670262450151,293.7457781359547,0.0,0.0,0.0
379,353,July,12,fast,fast,6.121528990709045,189.7673987119804,0.0,0.0,0.0
379,353,July,13,fast,fast,5.553081750032652,172.1455342510122,0.0,0.0,0.0
379,353,July,14,fast,fast,5.630948914369985,174.55941634546954,0.0,0.0,0.0
379,353,July,15,fast,fast,22.601547775050754,700.6479810265733,0.0,0.0,0.0
379,353,July,16,fast,fast,8.426527853741387,261.222363465983,0.0,0.0,0.0
379,353,July,20,fast,fast,11.164144651192483,346.088484186967,0.0,0.0,0.0
379,353,July,21,fast,fast,5.5872589298085735,173.20502682406578,0.0,0.0,0.0
379,353,July,22,fast,fast,15.686544725632674,486.28288649461285,0.0,0.0,0.0
379,353,June,12,fast,fast,6.752717391304347,202.5815217391304,0.0,0.0,0.0
379,353,June,13,fast,fast,0.1,3.0,0.0,0.0,0.0
379,353,June,14,fast,fast,0.1,3.0,0.0,0.0,0.0
379,353,June,15,fast,fast,19.999999,599.99997,0.0,0.0,0.0
379,353,June,16,fast,fast,8.426527853741387,252.7958356122416,0.0,0.0,0.0
379,353,June,20,fast,fast,10.144991395290827,304.3497418587248,0.0,0.0,0.0
379,353,June,21,fast,fast,0.1,3.0,0.0,0.0,0.0
379,353,June,22,fast,fast,15.686544725632674,470.5963417689802,0.0,0.0,0.0
379,353,June,23,fast,fast,7.8919581356574815,236.75874406972446,0.0,0.0,0.0
379,353,March,15,fast,fast,11.908771612903227,369.17192,0.0,0.0,0.0
379,353,March,20,fast,fast,6.3986355449141605,198.35770189233898,0.0,0.0,0.0
379,353,March,21,fast,fast,4.275800164091073,132.54980508682328,0.0,0.0,0.0
379,353,March,22,fast,fast,9.475670262450151,293.7457781359547,0.0,0.0,0.0
379,353,March,23,fast,fast,3.8046640711413495,117.94458620538184,0.0,0.0,0.0
379,353,May,12,fast,fast,3.5215579558204757,109.16829663043475,0.0,0.0,0.0
379,353,May,15,fast,fast,1.4135042266636582,43.8186310265734,0.0,0.0,0.0
379,353,May,16,fast,fast,8.426527853741387,261.222363465983,0.0,0.0,0.0
379,353,May,22,fast,fast,9.475670262450151,293.7457781359547,0.0,0.0,0.0
379,353,November,22,fast,fast,9.475670262450151,284.27010787350457,0.0,0.0,0.0
379,353,October,22,fast,fast,9.475670262450151,293.7457781359547,0.0,0.0,0.0
379,353,September,20,fast,fast,8.957874409476094,268.73623228428283,0.0,0.0,0.0
379,353,September,21,fast,fast,8.964426572693228,268.9327971807968,0.0,0.0,0.0
379,353,September,22,fast,fast,9.90383810756565,297.11514322696945,0.0,0.0,0.0
379,353,September,23,fast,fast,5.706272759313396,171.1881827794019,0.0,0.0,0.0
379,378,February,17,fast,medium,0.5551142857142858,15.543200000000002,0.0,0.0,0.0
379,378,February,18,fast,medium,0.5551142857142858,15.543200000000002,0.0,0.0,0.0
379,378,June,17,fast,medium,1.974526447233977,59.23579341701931,0.0,0.0,0.0
379,378,September,17,fast,medium,0.81312,24.3936,0.0,0.0,0.0
380,381,April,36,fast,medium,3.4575393602652724,103.72618080795817,0.0,0.0,0.0
380,381,August,36,medium,medium,3.4575393602652724,107.18372016822345,0.0,0.0,0.0
380,381,December,36,fast,medium,3.4575393602652724,107.18372016822345,0.0,0.0,0.0
380,381,February,36,medium,medium,3.4575393602652724,96.81110208742763,0.0,0.0,0.0
380,381,January,36,medium,medium,3.4575393602652724,107.18372016822345,0.0,0.0,0.0
380,381,July,36,fast,medium,3.4575393602652724,107.18372016822345,0.0,0.0,0.0
380,381,June,36,medium,medium,3.4575393602652724,103.72618080795817,0.0,0.0,0.0
380,381,March,36,medium,medium,3.4575393602652724,107.18372016822345,0.0,0.0,0.0
380,381,May,36,medium,medium,3.4575393602652724,107.18372016822345,0.0,0.0,0.0
380,381,November,36,fast,medium,3.4575393602652724,103.72618080795817,0.0,0.0,0.0
380,381,October,36,fast,medium,3.4575393602652724,107.18372016822345,0.0,0.0,0.0
380,381,September,36,fast,medium,3.4575393602652724,103.72618080795817,0.0,0.0,0.0
381,355,April,30,fast,medium,15.834880210298138,475.04640630894414,0.0,0.0,0.0
381,355,August,30,fast,medium,11.273591612903227,349.48134000000005,0.0,0.0,0.0
381,355,February,20,fast,medium,1.9236675000000005,53.862690000000015,0.0,0.0,0.0
381,355,February,30,fast,medium,7.788453214285714,218.07668999999999,0.0,0.0,0.0
381,355,July,30,fast,medium,11.582291500620713,359.0510365192421,0.0,0.0,0.0
381,355,June,16,medium,medium,4.189822346010658,125.69467038031974,0.0,0.0,0.0
381,355,June,30,fast,medium,15.564288841395832,466.92866524187497,0.0,0.0,0.0
381,355,June,31,fast,medium,7.651903000000001,229.55709000000002,0.0,0.0,0.0
381,355,March,20,fast,medium,0.1,3.1,0.0,0.0,0.0
381,355,March,30,fast,medium,8.45287258064516,262.03905,0.0,0.0,0.0
381,355,May,30,fast,medium,15.834880210298138,490.8812865192423,0.0,0.0,0.0
381,355,November,30,fast,medium,0.8097440000000001,24.292320000000004,0.0,0.0,0.0
381,355,September,20,medium,medium,2.3742410000000014,71.22723000000005,0.0,0.0,0.0
381,355,September,30,fast,medium,10.824034,324.72101999999995,0.0,0.0,0.0
381,380,August,30,fast,medium,3.353317487266535,103.95284210526258,0.0,0.0,0.0
381,380,July,30,fast,medium,4.252588709677419,131.83025,0.0,0.0,0.0
381,380,September,20,medium,medium,1.2687285087719373,38.06185526315812,0.0,0.0,0.0
381,380,September,30,fast,medium,3.469241666666666,104.07724999999998,0.0,0.0,0.0
381,382,April,16,fast,fast,6.567025839383449,197.01077518150348,0.0,0.0,0.0
381,382,April,17,fast,fast,14.631358824464826,438.9407647339448,0.0,0.0,0.0
381,382,April,18,fast,fast,22.205654122749422,666.1696236824827,0.0,0.0,0.0
381,382,April,19,fast,fast,3.4001993917018325,102.00598175105497,0.0,0.0,0.0
381,382,April,20,fast,fast,8.355323885042885,250.65971655128658,0.0,0.0,0.0
381,382,April,21,fast,fast,25.0,750.0,0.0,0.0,0.0
381,382,April,22,fast,fast,14.794347052557544,443.8304115767263,0.0,0.0,0.0
381,382,August,17,fast,fast,10.98942865640171,340.67228834845304,0.0,0.0,0.0
381,382,August,18,fast,fast,1.5512346544849773,48.088274289034295,0.0,0.0,0.0
381,382,August,20,fast,fast,0.1639216177070466,5.081570148918445,0.0,0.0,0.0
381,382,August,30,fast,medium,0.6081462714950305,18.852534416345947,0.0,0.0,0.0
381,382,December,30,fast,medium,15.834880210298138,490.8812865192423,0.0,0.0,0.0
381,382,February,17,fast,fast,21.210341071428573,593.8895500000001,0.0,0.0,0.0
381,382,February,18,fast,fast,16.04853413877131,449.35895588559663,0.0,0.0,0.0
381,382,February,30,fast,medium,8.046426996012425,225.29995588834788,0.0,0.0,0.0
381,382,January,30,fast,medium,15.834880210298138,490.8812865192423,0.0,0.0,0.0
381,382,July,17,fast,fast,16.025013631106685,496.77542256430723,0.0,0.0,0.0
381,382,July,18,fast,fast,20.0,620.0,0.0,0.0,0.0
381,382,July,19,fast,fast,3.211854414350009,99.56748684485028,0.0,0.0,0.0
381,382,July,20,fast,fast,2.8210222429226484,87.4516895306021,0.0,0.0,0.0
381,382,June,16,fast,fast,16.137981702592096,484.1394510777629,0.0,0.0,0.0
381,382,June,17,fast,fast,17.732360407538714,531.9708122261615,0.0,0.0,0.0
381,382,June,18,fast,fast,21.16619757782132,634.9859273346395,0.0,0.0,0.0
381,382,June,21,fast,fast,19.28243163294438,578.4729489883314,0.0,0.0,0.0
381,382,June,22,fast,fast,13.83408096922421,415.0224290767263,0.0,0.0,0.0
381,382,March,16,fast,fast,3.9796287028760204,123.36848978915663,0.0,0.0,0.0
381,382,March,17,fast,fast,9.230654677419356,286.150295,0.0,0.0,0.0
381,382,March,18,fast,fast,9.230654677419356,286.150295,0.0,0.0,0.0
381,382,March,30,fast,medium,7.382007629652978,228.84223651924233,0.0,0.0,0.0
381,382,May,16,fast,fast,22.76222817192579,705.6290733296995,0.0,0.0,0.0
381,382,May,17,fast,fast,20.74932754129503,643.2291537801459,0.0,0.0,0.0
381,382,May,18,fast,fast,18.631789015222537,577.5854594718986,0.0,0.0,0.0
381,382,May,21,fast,fast,15.88131740480187,492.320839548858,0.0,0.0,0.0
381,382,May,22,fast,fast,10.931668606320983,338.8817267959505,0.0,0.0,0.0
381,382,November,30,fast,medium,15.025136210298138,450.7540863089441,0.0,0.0,0.0
381,382,October,30,fast,medium,15.834880210298138,490.8812865192423,0.0,0.0,0.0
381,382,September,17,fast,fast,19.987322991131492,599.6196897339448,0.0,0.0,0.0
381,382,September,18,fast,fast,24.09678,722.9033999999999,0.0,0.0,0.0
381,382,September,19,fast,fast,6.388920840939093,191.6676252281728,0.0,0.0,0.0
381,382,September,20,fast,fast,5.370190868259831,161.10572604779495,0.0,0.0,0.0
381,382,September,21,fast,fast,0.7950196666666667,23.85059,0.0,0.0,0.0
381,382,September,22,fast,fast,0.7950196666666667,23.85059,0.0,0.0,0.0
381,382,September,30,fast,fast,1.5416045436314771,46.24813630894431,0.0,0.0,0.0
381,410,April,21,fast,fast,4.743995851038431,142.31987553115292,0.0,0.0,0.0
381,410,April,30,fast,fast,4.55250526802007,136.5751580406021,0.0,0.0,0.0
381,410,August,20,fast,fast,4.756263144445988,147.44415747782563,0.0,0.0,0.0
381,410,August,30,fast,fast,5.152330106653418,159.72223330625596,0.0,0.0,0.0
381,410,December,30,fast,fast,4.55250526802007,141.12766330862218,0.0,0.0,0.0
381,410,February,30,fast,fast,4.55250526802007,127.47014750456196,0.0,0.0,0.0
381,410,January,30,fast,fast,4.55250526802007,141.12766330862218,0.0,0.0,0.0
381,410,July,30,fast,fast,4.55250526802007,141.12766330862218,0.0,0.0,0.0
381,410,June,14,fast,fast,0.6671664660215946,20.014993980647837,0.0,0.0,0.0
381,410,June,15,fast,fast,5.706696764481584,171.20090293444753,0.0,0.0,0.0
381,410,June,17,fast,fast,5.197425833592774,155.92277500778323,0.0,0.0,0.0
381,410,June,19,fast,fast,3.312756725035163,99.38270175105488,0.0,0.0,0.0
381,410,June,20,fast,fast,8.267881218376216,248.03643655128647,0.0,0.0,0.0
381,410,June,21,fast,fast,9.501298134760717,285.0389440428215,0.0,0.0,0.0
381,410,June,30,fast,fast,4.823096636922376,144.69289910767128,0.0,0.0,0.0
381,410,March,20,fast,fast,1.7282094347685728,53.57449247782576,0.0,0.0,0.0
381,410,March,30,fast,fast,4.55250526802007,141.12766330862218,0.0,0.0,0.0
381,410,May,30,fast,fast,4.55250526802007,141.12766330862218,0.0,0.0,0.0
381,410,November,30,fast,fast,4.55250526802007,136.5751580406021,0.0,0.0,0.0
381,410,October,30,fast,fast,4.55250526802007,141.12766330862218,0.0,0.0,0.0
381,410,September,30,fast,fast,4.55250526802007,136.5751580406021,0.0,0.0,0.0
382,356,April,38,medium,medium,3.8121029083015685,114.36308724904706,0.0,0.0,0.0
382,356,August,38,medium,medium,1.894549498881719,58.731034465333295,0.0,0.0,0.0
382,356,February,38,medium,medium,3.41146865211352,95.52112225917855,0.0,0.0,0.0
382,356,July,38,medium,medium,3.8121029083015685,118.17519015734862,0.0,0.0,0.0
382,356,June,38,medium,medium,3.8121029083015685,114.36308724904706,0.0,0.0,0.0
382,356,March,38,medium,medium,3.8121029083015685,118.17519015734862,0.0,0.0,0.0
382,356,May,38,medium,medium,3.8121029083015685,118.17519015734862,0.0,0.0,0.0
382,381,June,29,medium,medium,1.9699508118140727,59.09852435442218,0.0,0.0,0.0
382,381,November,38,medium,medium,3.4114686521135127,102.34405956340538,0.0,0.0,0.0
382,383,August,38,medium,medium,1.5169191532317936,47.0244937501856,0.0,0.0,0.0
382,383,December,38,medium,medium,3.41146865211352,105.75552821551912,0.0,0.0,0.0
382,383,January,38,fast,medium,3.41146865211352,105.75552821551912,0.0,0.0,0.0
382,383,October,38,fast,medium,3.4114686521135127,105.7555282155189,0.0,0.0,0.0
382,383,September,38,medium,medium,3.41146865211352,102.3440595634056,0.0,0.0,0.0
382,410,April,27,fast,fast,1.4228249820614494,42.68474946184348,0.0,0.0,0.0
382,410,April,28,fast,fast,8.302766895056635,249.08300685169905,0.0,0.0,0.0
382,410,April,29,fast,fast,1.992335235499823,59.77005706499469,0.0,0.0,0.0
382,410,August,38,fast,fast,0.4006342561880558,12.41966194182973,0.0,0.0,0.0
382,410,December,38,fast,fast,0.4006342561880487,12.41966194182951,0.0,0.0,0.0
382,410,February,38,fast,fast,0.4006342561880487,11.217759173265364,0.0,0.0,0.0
382,410,January,38,fast,fast,0.4006342561880487,12.41966194182951,0.0,0.0,0.0
382,410,June,27,fast,fast,0.7324219820614495,21.972659461843485,0.0,0.0,0.0
382,410,June,28,fast,fast,7.7026409224131385,231.07922767239415,0.0,0.0,0.0
382,410,June,29,fast,fast,11.598705652166501,347.96116956499503,0.0,0.0,0.0
382,410,June,30,medium,medium,9.335779047764362,280.07337143293086,0.0,0.0,0.0
382,410,November,38,fast,fast,0.4006342561880558,12.019027685641674,0.0,0.0,0.0
382,410,October,38,fast,fast,0.4006342561880558,12.41966194182973,0.0,0.0,0.0
382,410,September,38,fast,fast,0.4006342561880487,12.019027685641461,0.0,0.0,0.0
383,357,April,34,fast,medium,2.570144400690367,77.10433202071101,0.0,0.0,0.0
383,357,August,34,fast,medium,3.8404772641013665,119.05479518714236,0.0,0.0,0.0
383,357,August,35,fast,medium,2.53325197240222,78.53081114446881,0.0,0.0,0.0
383,357,December,34,fast,medium,3.8404772641013665,119.05479518714236,0.0,0.0,0.0
383,357,December,35,fast,medium,3.510681530942989,108.83112745923266,0.0,0.0,0.0
383,357,February,34,medium,medium,3.8404772641013665,107.53336339483826,0.0,0.0,0.0
383,357,January,34,fast,medium,3.8404772641013665,119.05479518714236,0.0,0.0,0.0
383,357,January,35,fast,medium,3.510681530942989,108.83112745923266,0.0,0.0,0.0
383,357,July,34,fast,medium,2.4598150888624133,76.25426775473481,0.0,0.0,0.0
383,357,June,29,fast,medium,4.137932846761242,124.13798540283724,0.0,0.0,0.0
383,357,June,30,medium,medium,0.24975378970107798,7.492613691032339,0.0,0.0,0.0
383,357,March,34,fast,medium,3.8404772641013665,119.05479518714236,0.0,0.0,0.0
383,357,May,34,fast,medium,0.35605581466885905,11.03773025473463,0.0,0.0,0.0
383,357,November,34,medium,medium,3.8404772641013665,115.214317923041,0.0,0.0,0.0
383,357,November,35,fast,medium,3.510681530942989,105.32044592828967,0.0,0.0,0.0
383,357,October,34,fast,medium,3.8404772641013665,119.05479518714236,0.0,0.0,0.0
383,357,October,35,fast,medium,3.510681530942989,108.83112745923266,0.0,0.0,0.0
383,357,September,34,medium,medium,3.8404772641013665,115.214317923041,0.0,0.0,0.0
383,357,September,35,fast,medium,3.3679154476096613,101.03746342828984,0.0,0.0,0.0
383,382,April,19,fast,fast,0.9489439252536869,28.468317757610606,0.0,0.0,0.0
383,382,August,18,fast,fast,9.882895587450509,306.3697632109658,0.0,0.0,0.0
383,382,August,19,fast,fast,8.300773250621226,257.32397076925804,0.0,0.0,0.0
383,382,August,20,fast,fast,8.477308230784097,262.796555154307,0.0,0.0,0.0
383,382,February,18,fast,fast,1.5269071081878351,42.753399029259384,0.0,0.0,0.0
383,382,July,19,fast,fast,7.924668594335733,245.66472642440772,0.0,0.0,0.0
383,382,July,20,fast,fast,8.65595736363301,268.3346782726233,0.0,0.0,0.0
383,382,June,14,fast,fast,6.010271238586779,180.30813715760337,0.0,0.0,0.0
383,382,March,19,fast,fast,6.434770616090292,199.47788909879904,0.0,0.0,0.0
383,382,May,14,fast,fast,0.6169126917864975,19.124293445381426,0.0,0.0,0.0
383,382,May,15,fast,fast,3.644578313253014,112.98192771084342,0.0,0.0,0.0
383,382,September,20,fast,fast,1.4395884506614216,43.18765351984265,0.0,0.0,0.0
383,412,April,34,fast,medium,1.2703328634110012,38.10998590233004,0.0,0.0,0.0
383,412,April,35,fast,medium,3.510681530942989,105.32044592828967,0.0,0.0,0.0
383,412,August,35,fast,medium,0.9774295585407691,30.30031631476384,0.0,0.0,0.0
383,412,February,23,fast,medium,0.5579896428571427,15.623709999999996,0.0,0.0,0.0
383,412,February,35,fast,medium,3.510681530942989,98.2990828664037,0.0,0.0,0.0
383,412,July,34,fast,medium,1.3806621752389576,42.800527432407684,0.0,0.0,0.0
383,412,July,35,fast,medium,3.510681530942989,108.83112745923266,0.0,0.0,0.0
383,412,June,34,fast,medium,3.8404772641013665,115.214317923041,0.0,0.0,0.0
383,412,June,35,fast,medium,3.510681530942989,105.32044592828967,0.0,0.0,0.0
383,412,March,35,fast,medium,3.510681530942989,108.83112745923266,0.0,0.0,0.0
383,412,May,34,fast,medium,3.4844214494325074,108.01706493240773,0.0,0.0,0.0
383,412,May,35,fast,medium,3.510681530942989,108.83112745923266,0.0,0.0,0.0
383,412,September,35,fast,medium,0.14276608333333332,4.282982499999999,0.0,0.0,0.0
385,359,April,24,fast,medium,11.256218608831576,337.6865582649473,0.0,0.0,0.0
385,359,April,25,fast,medium,3.9711069006224236,119.1332070186727,0.0,0.0,0.0
385,359,June,24,fast,medium,10.293968368485459,308.8190510545638,0.0,0.0,0.0
385,359,June,25,medium,medium,11.735530388960015,352.0659116688005,0.0,0.0,0.0
385,386,June,24,medium,medium,3.7925562499999996,113.7766875,0.0,0.0,0.0
385,386,June,25,medium,medium,1.677944992554524,50.338349776635724,0.0,0.0,0.0
386,387,June,19,medium,medium,2.845793833333334,85.37381500000002,0.0,0.0,0.0
386,387,June,20,fast,medium,1.9954065757156052,59.862197271468155,0.0,0.0,0.0
386,387,May,19,fast,medium,5.828988239536837,180.69863542564195,0.0,0.0,0.0
386,387,May,20,medium,medium,5.828988239536837,180.69863542564195,0.0,0.0,0.0
387,362,June,27,fast,fast,16.237666421389488,487.1299926416846,0.0,0.0,0.0
387,362,June,28,fast,fast,11.18599226335418,335.57976790062537,0.0,0.0,0.0
387,362,June,29,fast,fast,1.894242943173002,56.82728829519006,0.0,0.0,0.0
387,386,March,37,medium,medium,4.201361170662295,130.24219629053115,0.0,0.0,0.0
387,386,May,37,fast,medium,0.11435483870967741,3.545,0.0,0.0,0.0
387,388,April,18,fast,fast,2.813064166666667,84.39192500000001,0.0,0.0,0.0
387,388,April,27,fast,fast,16.799053190096117,503.9715957028835,0.0,0.0,0.0
387,388,April,28,fast,fast,12.720163066314218,381.6048919894265,0.0,0.0,0.0
387,388,April,29,fast,fast,0.8505199819230018,25.515599457690055,0.0,0.0,0.0
387,388,April,37,fast,fast,4.201361170662295,126.04083511986886,0.0,0.0,0.0
387,388,August,27,fast,fast,2.264657730418701,70.20438964297973,0.0,0.0,0.0
387,388,August,28,fast,fast,3.1458849668864906,97.52243397348121,0.0,0.0,0.0
387,388,August,29,fast,fast,2.8813342395170887,89.32136142502975,0.0,0.0,0.0
387,388,August,37,fast,fast,4.201361170662295,130.24219629053115,0.0,0.0,0.0
387,388,December,37,fast,fast,4.201361170662295,130.24219629053115,0.0,0.0,0.0
387,388,February,27,fast,fast,0.29117161866754926,8.152805322691378,0.0,0.0,0.0
387,388,February,28,fast,fast,0.6996851785714284,19.591184999999996,0.0,0.0,0.0
387,388,February,37,fast,fast,4.201361170662295,117.63811277854427,0.0,0.0,0.0
387,388,January,37,fast,fast,4.201361170662295,130.24219629053115,0.0,0.0,0.0
387,388,July,18,fast,fast,3.227119193548387,100.040695,0.0,0.0,0.0
387,388,July,27,fast,fast,10.763364759402924,333.66430754149064,0.0,0.0,0.0
387,388,July,28,fast,fast,4.493878790322579,139.31024249999996,0.0,0.0,0.0
387,388,July,29,fast,fast,2.961368225806451,91.80241499999998,0.0,0.0,0.0
387,388,July,37,fast,fast,4.201361170662295,130.24219629053115,0.0,0.0,0.0
387,388,June,18,fast,fast,2.489624749999999,74.68874249999998,0.0,0.0,0.0
387,388,June,37,fast,fast,4.201361170662295,126.04083511986886,0.0,0.0,0.0
387,388,March,18,fast,fast,3.8139382258064516,118.232085,0.0,0.0,0.0
387,388,March,28,fast,fast,0.3656020161290323,11.333662500000003,0.0,0.0,0.0
387,388,May,18,fast,fast,2.1337344354838708,66.14576749999999,0.0,0.0,0.0
387,388,May,27,fast,fast,15.784389036980887,489.3160601464075,0.0,0.0,0.0
387,388,May,28,fast,fast,10.732714878945579,332.714161247313,0.0,0.0,0.0
387,388,May,29,fast,fast,1.4606963409283775,45.2815865687797,0.0,0.0,0.0
387,388,May,37,fast,fast,4.087006331952618,126.69719629053115,0.0,0.0,0.0
387,388,November,37,fast,fast,4.201361170662295,126.04083511986886,0.0,0.0,0.0
387,388,October,37,fast,fast,4.201361170662295,130.24219629053115,0.0,0.0,0.0
387,388,September,18,fast,fast,3.83114,114.9342,0.0,0.0,0.0
387,388,September,27,fast,fast,6.03286298248819,180.98588947464572,0.0,0.0,0.0
387,388,September,28,fast,fast,2.4172645,72.517935,0.0,0.0,0.0
387,388,September,29,fast,fast,1.0343345,31.030034999999998,0.0,0.0,0.0
387,388,September,37,fast,fast,4.201361170662295,126.04083511986886,0.0,0.0,0.0
388,362,April,23,fast,fast,22.980417486438476,689.4125245931543,0.0,0.0,0.0
388,362,April,24,fast,fast,18.027384893168822,540.8215467950647,0.0,0.0,0.0
388,362,April,32,fast,fast,5.067829570158738,152.03488710476213,0.0,0.0,0.0
388,362,August,23,fast,fast,20.079500806451613,622.464525,0.0,0.0,0.0
388,362,August,24,fast,fast,13.106885699620435,406.3134566882335,0.0,0.0,0.0
388,362,August,32,fast,fast,0.6805028467930994,21.09558825058608,0.0,0.0,0.0
388,362,July,23,fast,fast,23.751493486438477,736.2962980795928,0.0,0.0,0.0
388,362,July,24,fast,fast,18.027384893168822,558.8489316882335,0.0,0.0,0.0
388,362,July,32,fast,fast,6.0291055701587375,186.90227267492085,0.0,0.0,0.0
388,362,June,23,fast,fast,22.59211673643848,677.7635020931544,0.0,0.0,0.0
388,362,June,24,fast,fast,18.027384893168822,540.8215467950647,0.0,0.0,0.0
388,362,June,32,fast,fast,6.0291055701587375,180.87316710476213,0.0,0.0,0.0
388,362,March,32,fast,fast,2.259049262142537,70.03052712641865,0.0,0.0,0.0
388,362,May,23,fast,fast,19.173231550954597,594.3701780795925,0.0,0.0,0.0
388,362,May,24,fast,fast,14.880871810328728,461.3070261201906,0.0,0.0,0.0
388,362,May,32,fast,fast,6.0291055701587375,186.90227267492085,0.0,0.0,0.0
388,362,September,23,fast,fast,20.855575833333333,625.667275,0.0,0.0,0.0
388,362,September,24,fast,fast,13.882960726502155,416.48882179506467,0.0,0.0,0.0
388,363,April,32,fast,medium,0.961276,28.83828,0.0,0.0,0.0
388,363,April,33,fast,medium,0.472352,14.17056,0.0,0.0,0.0
388,363,August,24,fast,medium,0.7555555555555555,23.42222222222222,0.0,0.0,0.0
388,363,August,33,medium,medium,0.3843551612903226,11.91501,0.0,0.0,0.0
388,363,February,2,medium,medium,0.11459880535714256,3.208766549999992,0.0,0.0,0.0
388,363,February,33,fast,medium,0.8148938821428586,22.81702870000004,0.0,0.0,0.0
388,363,July,33,fast,medium,0.48406838709677413,15.006119999999997,0.0,0.0,0.0
388,363,June,2,medium,medium,2.5,75.0,0.0,0.0,0.0
388,363,June,3,fast,medium,2.0125,60.37500000000001,0.0,0.0,0.0
388,363,June,33,medium,medium,0.762074,22.86222,0.0,0.0,0.0
388,363,March,33,fast,medium,0.11478,3.5581799999999997,0.0,0.0,0.0
388,363,May,33,medium,medium,0.7074764516129033,21.93177,0.0,0.0,0.0
388,363,September,23,medium,medium,0.7850333684210514,23.55100105263154,0.0,0.0,0.0
388,363,September,33,fast,medium,0.21262699999999995,6.378809999999999,0.0,0.0,0.0
388,387,April,2,fast,medium,18.25115404509893,547.5346213529679,0.0,0.0,0.0
388,387,April,3,medium,medium,16.84438300110294,505.33149003308824,0.0,0.0,0.0
388,387,April,4,medium,medium,8.513401982204861,255.40205946614583,0.0,0.0,0.0
388,387,April,24,medium,medium,0.6606728526437777,19.820185579313332,0.0,0.0,0.0
388,387,April,33,fast,medium,4.809867189626687,144.29601568880062,0.0,0.0,0.0
388,387,April,35,medium,medium,11.454778364679306,343.6433509403792,0.0,0.0,0.0
388,387,August,2,medium,medium,18.25115404509893,565.7857753980668,0.0,0.0,0.0
388,387,August,3,fast,medium,16.84438300110294,522.1758730341911,0.0,0.0,0.0
388,387,August,4,fast,medium,8.513401982204861,263.9154614483507,0.0,0.0,0.0
388,387,August,23,medium,medium,0.1,3.1,0.0,0.0,0.0
388,387,August,33,medium,medium,4.897864028336365,151.8337848784273,0.0,0.0,0.0
388,387,August,35,medium,medium,11.454778364679306,355.0981293050585,0.0,0.0,0.0
388,387,December,2,fast,medium,18.25115404509893,565.7857753980668,0.0,0.0,0.0
388,387,December,3,medium,medium,16.84438300110294,522.1758730341911,0.0,0.0,0.0
388,387,December,4,fast,medium,8.513401982204861,263.9154614483507,0.0,0.0,0.0
388,387,December,33,medium,medium,5.282219189626687,163.7487948784273,0.0,0.0,0.0
388,387,December,35,fast,medium,11.454778364679306,355.0981293050585,0.0,0.0,0.0
388,387,February,2,medium,medium,18.136555239741785,507.82354671277,0.0,0.0,0.0
388,387,February,3,fast,medium,16.84438300110294,471.64272403088233,0.0,0.0,0.0
388,387,February,4,fast,medium,8.513401982204861,238.37525550173612,0.0,0.0,0.0
388,387,February,33,fast,medium,4.467325307483828,125.08510860954719,0.0,0.0,0.0
388,387,February,35,medium,medium,11.454778364679306,320.7337942110206,0.0,0.0,0.0
388,387,January,2,fast,medium,18.25115404509893,565.7857753980668,0.0,0.0,0.0
388,387,January,3,fast,medium,16.84438300110294,522.1758730341911,0.0,0.0,0.0
388,387,January,4,medium,medium,8.513401982204861,263.9154614483507,0.0,0.0,0.0
388,387,January,33,medium,medium,5.282219189626687,163.7487948784273,0.0,0.0,0.0
388,387,January,35,medium,medium,11.454778364679306,355.0981293050585,0.0,0.0,0.0
388,387,July,2,fast,medium,18.25115404509893,565.7857753980668,0.0,0.0,0.0
388,387,July,3,medium,medium,16.84438300110294,522.1758730341911,0.0,0.0,0.0
388,387,July,4,medium,medium,8.513401982204861,263.9154614483507,0.0,0.0,0.0
388,387,July,24,medium,medium,1.4317488526437785,44.38421443195713,0.0,0.0,0.0
388,387,July,33,fast,medium,4.798150802529913,148.74267487842732,0.0,0.0,0.0
388,387,July,35,fast,medium,11.454778364679306,355.0981293050585,0.0,0.0,0.0
388,387,June,2,medium,medium,15.751154045098929,472.53462135296786,0.0,0.0,0.0
388,387,June,3,fast,medium,14.831883001102941,444.95649003308824,0.0,0.0,0.0
388,387,June,4,fast,medium,8.513401982204861,255.40205946614583,0.0,0.0,0.0
388,387,June,24,medium,medium,0.2723721026437822,8.171163079313466,0.0,0.0,0.0
388,387,June,33,fast,medium,4.520145189626689,135.60435568880067,0.0,0.0,0.0
388,387,June,35,medium,medium,11.454778364679306,343.6433509403792,0.0,0.0,0.0
388,387,March,2,medium,medium,18.25115404509893,565.7857753980668,0.0,0.0,0.0
388,387,March,3,fast,medium,16.84438300110294,522.1758730341911,0.0,0.0,0.0
388,387,March,4,medium,medium,8.513401982204861,263.9154614483507,0.0,0.0,0.0
388,387,March,33,fast,medium,5.167439189626688,160.1906148784273,0.0,0.0,0.0
388,387,March,35,medium,medium,11.454778364679306,355.0981293050585,0.0,0.0,0.0
388,387,May,2,medium,medium,18.25115404509893,565.7857753980668,0.0,0.0,0.0
388,387,May,3,medium,medium,16.84438300110294,522.1758730341911,0.0,0.0,0.0
388,387,May,4,medium,medium,8.513401982204861,263.9154614483507,0.0,0.0,0.0
388,387,May,33,fast,medium,4.574742738013784,141.8170248784273,0.0,0.0,0.0
388,387,May,35,medium,medium,11.454778364679306,355.0981293050585,0.0,0.0,0.0
388,387,November,2,medium,medium,18.25115404509893,547.5346213529679,0.0,0.0,0.0
388,387,November,3,medium,medium,16.84438300110294,505.33149003308824,0.0,0.0,0.0
388,387,November,4,medium,medium,8.513401982204861,255.40205946614583,0.0,0.0,0.0
388,387,November,33,fast,medium,5.282219189626687,158.46657568880062,0.0,0.0,0.0
388,387,November,35,medium,medium,11.454778364679306,343.6433509403792,0.0,0.0,0.0
388,387,October,2,fast,medium,18.25115404509893,565.7857753980668,0.0,0.0,0.0
388,387,October,3,fast,medium,16.84438300110294,522.1758730341911,0.0,0.0,0.0
388,387,October,4,fast,medium,8.513401982204861,263.9154614483507,0.0,0.0,0.0
388,387,October,33,medium,medium,5.282219189626687,163.7487948784273,0.0,0.0,0.0
388,387,October,35,fast,medium,11.454778364679306,355.0981293050585,0.0,0.0,0.0
388,387,September,2,medium,medium,18.25115404509893,547.5346213529679,0.0,0.0,0.0
388,387,September,3,fast,medium,16.84438300110294,505.33149003308824,0.0,0.0,0.0
388,387,September,4,fast,medium,8.513401982204861,255.40205946614583,0.0,0.0,0.0
388,387,September,24,medium,medium,0.40554620175438605,12.166386052631582,0.0,0.0,0.0
388,387,September,33,medium,medium,5.069592189626687,152.0877656888006,0.0,0.0,0.0
388,387,September,35,medium,medium,11.454778364679306,343.6433509403792,0.0,0.0,0.0
388,389,August,23,fast,medium,1.2013826400679133,37.24286184210531,0.0,0.0,0.0
388,417,September,23,medium,medium,1.2839174853385007,38.517524560155024,0.0,0.0,0.0
389,363,June,31,medium,medium,1.165531,34.96593,0.0,0.0,0.0
389,363,June,32,medium,medium,1.165531,34.96593,0.0,0.0,0.0
389,388,April,14,fast,fast,6.983467603125,209.50402809374998,0.0,0.0,0.0
389,388,April,25,fast,fast,5.290545654256777,158.7163696277033,0.0,0.0,0.0
389,388,April,31,fast,fast,2.6581323091727986,79.74396927518396,0.0,0.0,0.0
389,388,April,40,fast,fast,1.1951609221638932,35.8548276649168,0.0,0.0,0.0
389,388,August,40,fast,fast,1.1951609221638932,37.04998858708069,0.0,0.0,0.0
389,388,December,40,fast,fast,1.1951609221638932,37.04998858708069,0.0,0.0,0.0
389,388,February,40,fast,fast,1.1951609221638932,33.46450582058901,0.0,0.0,0.0
389,388,January,40,fast,fast,1.1951609221638932,37.04998858708069,0.0,0.0,0.0
389,388,July,14,fast,fast,1.2619763793223107,39.12126775899163,0.0,0.0,0.0
389,388,July,40,fast,fast,1.1951609221638932,37.04998858708069,0.0,0.0,0.0
389,388,June,14,fast,fast,8.689874023982343,260.69622071947026,0.0,0.0,0.0
389,388,June,25,fast,fast,5.035138446738596,151.05415340215788,0.0,0.0,0.0
389,388,June,31,fast,fast,4.751746059172798,142.55238177518393,0.0,0.0,0.0
389,388,June,40,fast,fast,1.1951609221638932,35.8548276649168,0.0,0.0,0.0
389,388,March,40,fast,fast,1.1951609221638932,37.04998858708069,0.0,0.0,0.0
389,388,May,14,fast,fast,13.242344274193547,410.51267249999995,0.0,0.0,0.0
389,388,May,25,fast,fast,4.560996460708388,141.39089028196003,0.0,0.0,0.0
389,388,May,31,fast,fast,4.9624229059469895,153.83511008435667,0.0,0.0,0.0
389,388,May,40,fast,fast,1.1951609221638932,37.04998858708069,0.0,0.0,0.0
389,388,November,40,fast,fast,1.1951609221638932,35.8548276649168,0.0,0.0,0.0
389,388,October,40,fast,fast,1.1951609221638932,37.04998858708069,0.0,0.0,0.0
389,388,September,40,fast,fast,1.1951609221638932,35.8548276649168,0.0,0.0,0.0
389,390,June,31,fast,medium,6.784105657786341,203.52316973359024,0.0,0.0,0.0
389,417,June,14,fast,medium,5.367659319767659,161.0297795930298,0.0,0.0,0.0
389,417,June,24,medium,medium,2.2666165952641677,67.99849785792503,0.0,0.0,0.0
389,417,June,25,medium,medium,0.23913720751817813,7.174116225545344,0.0,0.0,0.0
390,389,April,34,medium,medium,1.8113081924485996,54.33924577345799,0.0,0.0,0.0
390,389,August,34,medium,medium,1.8113081924485996,56.15055396590659,0.0,0.0,0.0
390,389,December,34,fast,medium,1.8113081924485996,56.15055396590659,0.0,0.0,0.0
390,389,February,34,fast,medium,1.8113081924485996,50.71662938856079,0.0,0.0,0.0
390,389,January,34,fast,medium,1.8113081924485996,56.15055396590659,0.0,0.0,0.0
390,389,July,34,medium,medium,1.8113081924485996,56.15055396590659,0.0,0.0,0.0
390,389,June,34,medium,medium,1.8113081924485996,54.33924577345799,0.0,0.0,0.0
390,389,March,34,fast,medium,1.8113081924485996,56.15055396590659,0.0,0.0,0.0
390,389,May,34,medium,medium,1.8113081924485996,56.15055396590659,0.0,0.0,0.0
390,389,November,34,medium,medium,1.8113081924485996,54.33924577345799,0.0,0.0,0.0
390,389,October,34,medium,medium,1.8113081924485996,56.15055396590659,0.0,0.0,0.0
390,389,September,34,fast,medium,1.8113081924485996,54.33924577345799,0.0,0.0,0.0
395,367,April,22,fast,fast,3.5269673807205564,105.80902142161669,0.0,0.0,0.0
395,367,August,20,fast,fast,5.2519748096294485,162.8112190985129,0.0,0.0,0.0
395,367,August,21,fast,fast,7.25064618059719,224.7700315985129,0.0,0.0,0.0
395,367,August,22,fast,fast,7.25064618059719,224.7700315985129,0.0,0.0,0.0
395,367,August,23,fast,fast,1.5212202187100594,47.157826780011845,0.0,0.0,0.0
395,367,March,20,fast,fast,3.870003035435902,119.97009409851296,0.0,0.0,0.0
395,367,March,21,fast,fast,6.0263377128552555,186.81646909851293,0.0,0.0,0.0
395,367,March,22,fast,fast,6.0263377128552555,186.81646909851293,0.0,0.0,0.0
395,367,March,23,fast,fast,5.055341665657718,156.71559163538925,0.0,0.0,0.0
395,367,September,20,fast,fast,2.9498721886617094,88.49616565985129,0.0,0.0,0.0
395,367,September,21,fast,fast,8.56225343866171,256.8676031598513,0.0,0.0,0.0
395,367,September,22,fast,fast,8.56225343866171,256.8676031598513,0.0,0.0,0.0
395,367,September,23,fast,fast,8.320143175723663,249.6042952717099,0.0,0.0,0.0
395,423,April,17,fast,fast,0.5859669266601522,17.579007799804565,0.0,0.0,0.0
395,423,April,20,fast,fast,14.71640744934318,441.49222348029537,0.0,0.0,0.0
395,423,April,21,fast,fast,10.070620942531278,302.11862827593836,0.0,0.0,0.0
395,423,April,22,fast,fast,4.432156061580024,132.9646818474007,0.0,0.0,0.0
395,423,April,37,fast,fast,2.9385876966504014,88.15763089951204,0.0,0.0,0.0
395,423,August,20,fast,fast,0.39882851639022876,12.363684008097092,0.0,0.0,0.0
395,423,August,21,fast,fast,5.630412903225803,174.5427999999999,0.0,0.0,0.0
395,423,August,27,fast,fast,0.8889375143547156,27.557062944996183,0.0,0.0,0.0
395,423,August,37,fast,fast,2.9385876966504014,91.09621859616244,0.0,0.0,0.0
395,423,December,37,fast,fast,2.9385876966504014,91.09621859616244,0.0,0.0,0.0
395,423,February,21,fast,fast,0.8925000000000001,24.990000000000002,0.0,0.0,0.0
395,423,February,27,fast,fast,0.42116137489677996,11.792518497109839,0.0,0.0,0.0
395,423,February,37,fast,medium,2.9385876966504014,82.28045550621124,0.0,0.0,0.0
395,423,January,37,medium,medium,2.9385876966504014,91.09621859616244,0.0,0.0,0.0
395,423,July,20,fast,fast,3.8841075486482954,120.40733400809715,0.0,0.0,0.0
395,423,July,21,fast,fast,9.095253225806452,281.95285,0.0,0.0,0.0
395,423,July,37,fast,medium,2.9385876966504014,91.09621859616244,0.0,0.0,0.0
395,423,June,22,fast,fast,3.5942776089672464,107.82832826901739,0.0,0.0,0.0
395,423,June,32,fast,fast,2.7844721275411715,83.53416382623514,0.0,0.0,0.0
395,423,June,37,medium,medium,2.9385876966504014,88.15763089951204,0.0,0.0,0.0
395,423,March,21,fast,fast,4.433311290322578,137.4326499999999,0.0,0.0,0.0
395,423,March,37,medium,medium,2.9385876966504014,91.09621859616244,0.0,0.0,0.0
395,423,May,32,fast,fast,2.0470321011404344,63.45799513535347,0.0,0.0,0.0
395,423,May,37,fast,fast,2.9385876966504014,91.09621859616244,0.0,0.0,0.0
395,423,November,37,fast,fast,2.9385876966504014,88.15763089951204,0.0,0.0,0.0
395,423,October,21,fast,fast,0.25089838709677537,7.777850000000036,0.0,0.0,0.0
395,423,October,37,fast,fast,2.9385876966504014,91.09621859616244,0.0,0.0,0.0
395,423,September,17,fast,fast,6.428027042451042,192.84081127353124,0.0,0.0,0.0
395,423,September,20,fast,fast,13.705141595383576,411.1542478615073,0.0,0.0,0.0
395,423,September,21,fast,fast,6.912873333333334,207.3862,0.0,0.0,0.0
395,423,September,27,fast,fast,0.8889375143547156,26.668125430641467,0.0,0.0,0.0
395,423,September,37,fast,medium,2.9385876966504014,88.15763089951204,0.0,0.0,0.0
396,367,April,19,fast,fast,7.658156454065438,229.74469362196314,0.0,0.0,0.0
396,367,April,23,fast,fast,1.0614944208816972,31.844832626450916,0.0,0.0,0.0
396,367,April,24,fast,fast,1.8847795163584635,56.543385490753906,0.0,0.0,0.0
396,367,April,31,fast,medium,2.6049259844027866,78.1477795320836,0.0,0.0,0.0
396,367,August,19,fast,fast,5.534093954065437,171.55691257602854,0.0,0.0,0.0
396,367,August,23,fast,fast,1.0614944208816972,32.90632704733261,0.0,0.0,0.0
396,367,August,24,fast,fast,1.8847795163584635,58.42816500711237,0.0,0.0,0.0
396,367,August,31,medium,medium,2.6049259844027866,80.75270551648639,0.0,0.0,0.0
396,367,December,19,fast,fast,5.534093954065437,171.55691257602854,0.0,0.0,0.0
396,367,December,23,fast,fast,1.0614944208816972,32.90632704733261,0.0,0.0,0.0
396,367,December,24,fast,fast,1.8847795163584635,58.42816500711237,0.0,0.0,0.0
396,367,December,31,medium,medium,2.6049259844027866,80.75270551648639,0.0,0.0,0.0
396,367,February,23,fast,fast,1.0614944208816972,29.721843784687522,0.0,0.0,0.0
396,367,February,24,fast,fast,1.8847795163584635,52.77382645803698,0.0,0.0,0.0
396,367,February,31,medium,medium,2.6049259844027866,72.93792756327802,0.0,0.0,0.0
396,367,January,19,fast,fast,5.534093954065437,171.55691257602854,0.0,0.0,0.0
396,367,January,23,fast,fast,1.0614944208816972,32.90632704733261,0.0,0.0,0.0
396,367,January,24,fast,fast,1.8847795163584635,58.42816500711237,0.0,0.0,0.0
396,367,January,31,fast,medium,2.6049259844027866,80.75270551648639,0.0,0.0,0.0
396,367,July,19,fast,fast,5.534093954065437,171.55691257602854,0.0,0.0,0.0
396,367,July,23,fast,fast,1.0614944208816972,32.90632704733261,0.0,0.0,0.0
396,367,July,24,fast,fast,1.8847795163584635,58.42816500711237,0.0,0.0,0.0
396,367,July,31,medium,medium,2.6049259844027866,80.75270551648639,0.0,0.0,0.0
396,367,June,19,fast,fast,7.567823120732104,227.03469362196313,0.0,0.0,0.0
396,367,June,23,fast,fast,1.0614944208816972,31.844832626450916,0.0,0.0,0.0
396,367,June,24,fast,fast,1.8847795163584635,56.543385490753906,0.0,0.0,0.0
396,367,June,31,medium,medium,1.0925769995875072,32.777309987625216,0.0,0.0,0.0
396,367,March,19,fast,fast,5.534093954065437,171.55691257602854,0.0,0.0,0.0
396,367,March,23,fast,fast,1.0614944208816972,32.90632704733261,0.0,0.0,0.0
396,367,March,24,fast,fast,1.8847795163584635,58.42816500711237,0.0,0.0,0.0
396,367,March,31,medium,medium,2.6049259844027866,80.75270551648639,0.0,0.0,0.0
396,367,May,19,fast,fast,5.534093954065437,171.55691257602854,0.0,0.0,0.0
396,367,May,23,fast,fast,1.0614944208816972,32.90632704733261,0.0,0.0,0.0
396,367,May,24,fast,fast,1.8847795163584635,58.42816500711237,0.0,0.0,0.0
396,367,May,31,medium,medium,0.8613463141036384,26.70173573721279,0.0,0.0,0.0
396,367,November,19,fast,fast,5.534093954065437,166.0228186219631,0.0,0.0,0.0
396,367,November,23,fast,fast,1.0614944208816972,31.844832626450916,0.0,0.0,0.0
396,367,November,24,fast,fast,1.8847795163584635,56.543385490753906,0.0,0.0,0.0
396,367,November,31,fast,medium,2.6049259844027866,78.1477795320836,0.0,0.0,0.0
396,367,October,19,fast,fast,5.534093954065437,171.55691257602854,0.0,0.0,0.0
396,367,October,23,fast,fast,1.0614944208816972,32.90632704733261,0.0,0.0,0.0
396,367,October,24,fast,fast,1.8847795163584635,58.42816500711237,0.0,0.0,0.0
396,367,October,31,medium,medium,2.6049259844027866,80.75270551648639,0.0,0.0,0.0
396,367,September,19,fast,fast,5.534093954065437,166.0228186219631,0.0,0.0,0.0
396,367,September,23,fast,fast,1.0614944208816972,31.844832626450916,0.0,0.0,0.0
396,367,September,24,fast,fast,1.8847795163584635,56.543385490753906,0.0,0.0,0.0
396,367,September,31,fast,medium,2.6049259844027866,78.1477795320836,0.0,0.0,0.0
396,397,June,31,medium,medium,1.5123489848152794,45.37046954445838,0.0,0.0,0.0
396,397,May,31,medium,medium,1.7435796702991482,54.05096977927359,0.0,0.0,0.0
396,424,February,19,fast,medium,5.534093954065437,154.95463071383222,0.0,0.0,0.0
397,396,April,26,fast,fast,3.6633201553578587,109.89960466073576,0.0,0.0,0.0
397,396,April,36,fast,fast,6.498971485839775,194.96914457519324,0.0,0.0,0.0
397,396,August,36,fast,fast,6.498971485839775,201.46811606103302,0.0,0.0,0.0
397,396,December,36,fast,fast,6.498971485839775,201.46811606103302,0.0,0.0,0.0
397,396,February,36,fast,fast,6.498971485839775,181.9712016035137,0.0,0.0,0.0
397,396,January,36,fast,fast,6.498971485839775,201.46811606103302,0.0,0.0,0.0
397,396,July,36,fast,fast,5.11547134587866,158.57961172223847,0.0,0.0,0.0
397,396,June,26,fast,fast,3.58319138190231,107.4957414570693,0.0,0.0,0.0
397,396,June,36,fast,fast,6.498971485839775,194.96914457519324,0.0,0.0,0.0
397,396,March,36,fast,fast,6.498971485839775,201.46811606103302,0.0,0.0,0.0
397,396,May,36,fast,fast,6.251971444162702,193.81111476904377,0.0,0.0,0.0
397,396,November,36,fast,fast,6.498971485839775,194.96914457519324,0.0,0.0,0.0
397,396,October,36,fast,fast,6.498971485839775,201.46811606103302,0.0,0.0,0.0
397,396,September,36,fast,fast,6.498971485839775,194.96914457519324,0.0,0.0,0.0
397,424,July,36,medium,medium,1.3835001399611113,42.88850433879445,0.0,0.0,0.0
397,424,May,36,medium,medium,0.2470000416770688,7.657001291989133,0.0,0.0,0.0
398,425,April,18,medium,medium,4.125386996904025,123.76160990712074,0.0,0.0,0.0
398,425,August,18,medium,medium,4.125386996904025,127.88699690402477,0.0,0.0,0.0
398,425,December,18,medium,medium,4.125386996904025,127.88699690402477,0.0,0.0,0.0
398,425,February,18,medium,medium,4.125386996904025,115.51083591331269,0.0,0.0,0.0
398,425,January,18,fast,medium,4.125386996904025,127.88699690402477,0.0,0.0,0.0
398,425,July,18,medium,medium,4.125386996904025,127.88699690402477,0.0,0.0,0.0
398,425,June,18,medium,medium,4.125386996904025,123.76160990712074,0.0,0.0,0.0
398,425,March,18,medium,medium,4.125386996904025,127.88699690402477,0.0,0.0,0.0
398,425,November,18,medium,medium,4.125386996904025,123.76160990712074,0.0,0.0,0.0
398,425,October,18,fast,medium,4.125386996904025,127.88699690402477,0.0,0.0,0.0
398,425,September,18,medium,medium,4.125386996904025,123.76160990712074,0.0,0.0,0.0
398,426,April,17,fast,fast,3.3746130030959747,101.23839009287924,0.0,0.0,0.0
398,426,August,17,fast,fast,3.3746130030959747,104.61300309597522,0.0,0.0,0.0
398,426,December,17,fast,fast,3.3746130030959747,104.61300309597522,0.0,0.0,0.0
398,426,February,17,fast,fast,3.3746130030959747,94.4891640866873,0.0,0.0,0.0
398,426,January,17,fast,fast,3.3746130030959747,104.61300309597522,0.0,0.0,0.0
398,426,July,17,fast,fast,3.3746130030959747,104.61300309597522,0.0,0.0,0.0
398,426,June,17,fast,fast,3.3746130030959747,101.23839009287924,0.0,0.0,0.0
398,426,March,17,fast,fast,3.3746130030959747,104.61300309597522,0.0,0.0,0.0
398,426,May,17,fast,fast,3.3746130030959747,104.61300309597522,0.0,0.0,0.0
398,426,May,18,fast,fast,4.125386996904025,127.88699690402477,0.0,0.0,0.0
398,426,November,17,fast,fast,3.3746130030959747,101.23839009287924,0.0,0.0,0.0
398,426,October,17,fast,fast,3.3746130030959747,104.61300309597522,0.0,0.0,0.0
398,426,September,17,fast,fast,3.3746130030959747,101.23839009287924,0.0,0.0,0.0
399,370,June,16,fast,medium,1.8512736390808868,55.538209172426605,0.0,0.0,0.0
399,400,June,36,medium,medium,3.2757973333333332,98.27392,0.0,0.0,0.0
399,400,May,36,fast,medium,2.4541419354838707,76.07839999999999,0.0,0.0,0.0
399,400,May,39,medium,medium,0.5463056189247263,16.935474186666514,0.0,0.0,0.0
400,399,April,28,fast,fast,21.184952978056423,635.5485893416927,0.0,0.0,0.0
400,399,August,28,medium,medium,16.129493206632837,500.01428940561794,0.0,0.0,0.0
400,399,August,28,fast,fast,3.7333278223416144,115.73316249259005,0.0,0.0,0.0
400,399,December,28,fast,fast,21.184952978056423,656.7335423197491,0.0,0.0,0.0
400,399,February,28,fast,fast,21.184952978056423,593.1786833855798,0.0,0.0,0.0
400,399,January,28,fast,fast,21.184952978056423,656.7335423197491,0.0,0.0,0.0
400,399,July,28,fast,fast,21.184952978056423,656.7335423197491,0.0,0.0,0.0
400,399,June,22,medium,medium,11.797105395896057,353.9131618768817,0.0,0.0,0.0
400,399,June,28,fast,fast,23.28419564472309,698.5258693416928,0.0,0.0,0.0
400,399,March,28,fast,fast,21.184952978056423,656.7335423197491,0.0,0.0,0.0
400,399,May,28,fast,fast,21.184952978056423,656.7335423197491,0.0,0.0,0.0
400,399,November,28,fast,fast,21.184952978056423,635.5485893416927,0.0,0.0,0.0
400,399,October,28,fast,fast,21.184952978056423,656.7335423197491,0.0,0.0,0.0
400,399,September,28,fast,fast,21.184952978056423,635.5485893416927,0.0,0.0,0.0
400,427,August,28,medium,medium,1.322131949081971,40.9860904215411,0.0,0.0,0.0
401,402,August,15,fast,fast,0.5725436263565982,17.748852417054543,0.0,0.0,0.0
401,402,August,16,fast,fast,4.145155957933532,128.4998346959395,0.0,0.0,0.0
401,402,December,15,fast,fast,0.5725436263565982,17.748852417054543,0.0,0.0,0.0
401,402,December,16,fast,fast,4.145155957933532,128.4998346959395,0.0,0.0,0.0
401,402,February,15,fast,fast,0.5725436263565982,16.03122153798475,0.0,0.0,0.0
401,402,February,16,fast,fast,4.145155957933532,116.06436682213891,0.0,0.0,0.0
401,402,January,15,fast,fast,0.5725436263565982,17.748852417054543,0.0,0.0,0.0
401,402,January,16,fast,fast,4.145155957933532,128.4998346959395,0.0,0.0,0.0
401,402,July,15,fast,fast,0.5725436263565982,17.748852417054543,0.0,0.0,0.0
401,402,June,13,fast,fast,0.46271795350715816,13.881538605214745,0.0,0.0,0.0
401,402,June,15,fast,fast,11.099997495441215,332.99992486323646,0.0,0.0,0.0
401,402,June,16,fast,fast,6.182384924020262,185.47154772060787,0.0,0.0,0.0
401,402,June,35,fast,fast,0.18634895587472755,5.5904686762418265,0.0,0.0,0.0
401,402,March,15,fast,fast,0.5725436263565982,17.748852417054543,0.0,0.0,0.0
401,402,May,15,fast,fast,14.745027818021867,457.0958623586779,0.0,0.0,0.0
401,402,May,16,fast,fast,6.470624924020264,200.58937264462818,0.0,0.0,0.0
401,402,May,35,fast,fast,1.1235496440467703,34.83003896544988,0.0,0.0,0.0
401,402,November,15,fast,fast,0.5725436263565982,17.176308790697945,0.0,0.0,0.0
401,402,November,16,fast,fast,4.145155957933532,124.35467873800597,0.0,0.0,0.0
401,402,October,15,fast,fast,0.5725436263565982,17.748852417054543,0.0,0.0,0.0
401,402,October,16,fast,fast,4.145155957933532,128.4998346959395,0.0,0.0,0.0
401,402,September,15,fast,fast,0.5725436263565982,17.176308790697945,0.0,0.0,0.0
401,402,September,16,fast,fast,4.145155957933532,124.35467873800597,0.0,0.0,0.0
401,402,September,26,fast,fast,0.2259412766054214,6.778238298162642,0.0,0.0,0.0
401,428,April,15,fast,fast,7.06232135632184,211.8696406896552,0.0,0.0,0.0
401,428,April,16,fast,fast,6.037030437602618,181.11091312807852,0.0,0.0,0.0
401,428,April,17,fast,fast,7.74955769684391,232.4867309053173,0.0,0.0,0.0
401,428,July,16,fast,fast,4.145155957933532,128.4998346959395,0.0,0.0,0.0
401,428,June,13,fast,fast,6.586622055256215,197.59866165768645,0.0,0.0,0.0
401,428,June,15,fast,fast,11.472546130915383,344.1763839274615,0.0,0.0,0.0
401,428,June,16,fast,fast,17.74137931034483,532.2413793103449,0.0,0.0,0.0
401,428,June,17,fast,fast,5.51582324712956,165.4746974138868,0.0,0.0,0.0
401,428,March,16,fast,fast,3.6161467327289047,112.10054871459604,0.0,0.0,0.0
401,428,May,15,fast,fast,8.002996453496024,248.09289005837675,0.0,0.0,0.0
401,428,May,16,fast,fast,17.74137931034483,549.9827586206897,0.0,0.0,0.0
401,428,May,17,fast,fast,12.007234824028949,372.2242795448974,0.0,0.0,0.0
401,429,April,17,fast,fast,5.353472873374107,160.60418620122323,0.0,0.0,0.0
401,429,June,16,fast,fast,1.9019020087818337,57.057060263455014,0.0,0.0,0.0
401,429,June,17,fast,fast,7.587207323088458,227.61621969265371,0.0,0.0,0.0
401,429,March,16,fast,fast,0.5290092252046277,16.399285981343457,0.0,0.0,0.0
401,429,May,16,fast,fast,2.108632368729733,65.36760343062173,0.0,0.0,0.0
402,373,April,18,fast,medium,0.6313641601502411,18.940924804507233,0.0,0.0,0.0
402,373,August,18,medium,medium,0.6313641601502411,19.572288964657474,0.0,0.0,0.0
402,373,February,18,medium,medium,0.6313641601502411,17.67819648420675,0.0,0.0,0.0
402,373,July,18,fast,medium,0.6313641601502411,19.572288964657474,0.0,0.0,0.0
402,373,June,18,fast,medium,0.6313641601502411,18.940924804507233,0.0,0.0,0.0
402,373,March,18,fast,medium,0.6313641601502411,19.572288964657474,0.0,0.0,0.0
402,373,May,17,fast,medium,2.073653803897521,64.28326792082316,0.0,0.0,0.0
402,373,May,18,medium,medium,3.5690242407954003,110.63975146465741,0.0,0.0,0.0
402,373,September,18,fast,medium,0.6313641601502411,18.940924804507233,0.0,0.0,0.0
402,401,April,21,fast,fast,5.102075774898978,153.06227324696934,0.0,0.0,0.0
402,401,August,21,fast,fast,10.41411987391407,322.8377160913362,0.0,0.0,0.0
402,401,August,22,fast,fast,2.842943026940514,88.13123383515592,0.0,0.0,0.0
402,401,December,18,fast,fast,0.6313641601502411,19.572288964657474,0.0,0.0,0.0
402,401,December,21,fast,fast,2.0289248438192544,62.89667015839689,0.0,0.0,0.0
402,401,February,21,fast,fast,2.0289248438192544,56.809895626939124,0.0,0.0,0.0
402,401,January,18,fast,fast,0.6313641601502411,19.572288964657474,0.0,0.0,0.0
402,401,January,21,fast,fast,2.0289248438192544,62.89667015839689,0.0,0.0,0.0
402,401,July,21,fast,fast,2.0289248438192544,62.89667015839689,0.0,0.0,0.0
402,401,June,21,fast,fast,2.0289248438192544,60.86774531457763,0.0,0.0,0.0
402,401,March,21,fast,fast,6.682242131978585,207.14950609133612,0.0,0.0,0.0
402,401,March,22,fast,fast,2.842943026940514,88.13123383515592,0.0,0.0,0.0
402,401,May,21,fast,fast,2.0289248438192544,62.89667015839689,0.0,0.0,0.0
402,401,November,18,fast,fast,0.6313641601502411,18.940924804507233,0.0,0.0,0.0
402,401,November,21,fast,fast,2.0289248438192544,60.86774531457763,0.0,0.0,0.0
402,401,October,18,fast,fast,0.6313641601502411,19.572288964657474,0.0,0.0,0.0
402,401,October,21,fast,fast,2.0289248438192544,62.89667015839689,0.0,0.0,0.0
402,401,September,21,fast,fast,2.0289248438192544,60.86774531457763,0.0,0.0,0.0
402,401,September,22,fast,fast,0.3830886666666675,11.492660000000026,0.0,0.0,0.0
403,375,April,16,medium,medium,0.70997871597055,21.2993614791165,0.0,0.0,0.0
403,375,April,17,medium,medium,6.467043928628122,194.01131785884365,0.0,0.0,0.0
403,375,August,16,fast,fast,0.70997871597055,22.00934019508705,0.0,0.0,0.0
403,375,August,17,medium,medium,6.467043928628122,200.47836178747178,0.0,0.0,0.0
403,375,December,16,medium,medium,0.70997871597055,22.00934019508705,0.0,0.0,0.0
403,375,December,17,medium,medium,6.467043928628122,200.47836178747178,0.0,0.0,0.0
403,375,February,16,fast,fast,0.70997871597055,19.8794040471754,0.0,0.0,0.0
403,375,February,17,medium,medium,6.467043928628122,181.07723000158742,0.0,0.0,0.0
403,375,January,16,medium,medium,0.70997871597055,22.00934019508705,0.0,0.0,0.0
403,375,January,17,medium,medium,6.467043928628122,200.47836178747178,0.0,0.0,0.0
403,375,July,16,medium,medium,0.70997871597055,22.00934019508705,0.0,0.0,0.0
403,375,July,17,medium,medium,6.467043928628122,200.47836178747178,0.0,0.0,0.0
403,375,June,16,fast,fast,0.70997871597055,21.2993614791165,0.0,0.0,0.0
403,375,June,17,medium,medium,6.467043928628122,194.01131785884365,0.0,0.0,0.0
403,375,March,16,medium,medium,0.70997871597055,22.00934019508705,0.0,0.0,0.0
403,375,March,17,medium,medium,6.467043928628122,200.47836178747178,0.0,0.0,0.0
403,375,May,16,fast,fast,0.70997871597055,22.00934019508705,0.0,0.0,0.0
403,375,May,17,medium,medium,6.467043928628122,200.47836178747178,0.0,0.0,0.0
403,375,November,16,medium,medium,0.70997871597055,21.2993614791165,0.0,0.0,0.0
403,375,November,17,medium,medium,6.467043928628122,194.01131785884365,0.0,0.0,0.0
403,375,October,16,fast,fast,0.70997871597055,22.00934019508705,0.0,0.0,0.0
403,375,October,17,medium,medium,6.467043928628122,200.47836178747178,0.0,0.0,0.0
403,375,September,16,fast,fast,0.70997871597055,21.2993614791165,0.0,0.0,0.0
403,375,September,17,medium,medium,6.467043928628122,194.01131785884365,0.0,0.0,0.0
404,376,June,33,fast,fast,2.0594393617499236,61.78318085249771,0.0,0.0,0.0
404,376,May,33,fast,fast,0.1,3.1,0.0,0.0,0.0
404,431,March,21,fast,medium,2.723105153921202,84.41625977155726,0.0,0.0,0.0
404,432,April,19,fast,fast,4.914811157095507,147.4443347128652,0.0,0.0,0.0
404,432,April,33,fast,fast,2.0594393617499236,61.78318085249771,0.0,0.0,0.0
404,432,August,19,fast,fast,1.034361320214222,32.06520092664088,0.0,0.0,0.0
404,432,August,33,fast,fast,2.0594393617499236,63.84262021424763,0.0,0.0,0.0
404,432,December,33,fast,fast,2.0594393617499236,63.84262021424763,0.0,0.0,0.0
404,432,February,33,fast,fast,2.0594393617499236,57.66430212899786,0.0,0.0,0.0
404,432,January,33,fast,fast,2.0594393617499236,63.84262021424763,0.0,0.0,0.0
404,432,July,18,fast,fast,4.1439238648701995,128.46163981097618,0.0,0.0,0.0
404,432,July,19,fast,fast,10.536263351709483,326.624163902994,0.0,0.0,0.0
404,432,July,20,fast,fast,1.7755702041461383,55.04267632853029,0.0,0.0,0.0
404,432,July,33,fast,fast,2.0594393617499236,63.84262021424763,0.0,0.0,0.0
404,432,March,26,fast,fast,2.2266124410836383,69.0249856735928,0.0,0.0,0.0
404,432,March,33,fast,fast,2.0594393617499236,63.84262021424763,0.0,0.0,0.0
404,432,May,33,fast,fast,1.9651275581544514,60.918954302787995,0.0,0.0,0.0
404,432,November,33,fast,fast,2.0594393617499236,61.78318085249771,0.0,0.0,0.0
404,432,October,33,fast,fast,2.0594393617499236,63.84262021424763,0.0,0.0,0.0
404,432,September,33,fast,fast,2.0594393617499236,61.78318085249771,0.0,0.0,0.0
405,406,December,30,fast,medium,4.5078903161570345,139.74459980086806,0.0,0.0,0.0
405,406,December,31,medium,medium,9.262001392793707,287.1220431766049,0.0,0.0,0.0
405,406,February,30,medium,medium,0.6490377678571428,18.1730575,0.0,0.0,0.0
405,406,February,31,medium,medium,5.669330421681268,158.7412518070755,0.0,0.0,0.0
405,406,January,30,medium,medium,4.5078903161570345,139.74459980086806,0.0,0.0,0.0
405,406,January,31,fast,medium,9.262001392793707,287.1220431766049,0.0,0.0,0.0
405,406,June,21,medium,medium,4.40267025,132.0801075,0.0,0.0,0.0
405,406,June,31,fast,medium,0.9381011984204912,28.14303595261474,0.0,0.0,0.0
405,406,March,30,fast,medium,0.48937423202811203,15.170601192871473,0.0,0.0,0.0
405,406,March,31,medium,medium,1.1028337806451605,34.18784719999997,0.0,0.0,0.0
405,406,May,21,medium,medium,4.714499677419354,146.14949,0.0,0.0,0.0
405,406,May,30,fast,medium,1.333200693044146,41.329221484368524,0.0,0.0,0.0
405,406,November,30,medium,medium,4.5078903161570345,135.23670948471104,0.0,0.0,0.0
405,406,November,31,fast,medium,9.262001392793707,277.8600417838112,0.0,0.0,0.0
405,406,October,30,fast,medium,4.5078903161570345,139.74459980086806,0.0,0.0,0.0
405,406,October,31,medium,medium,9.262001392793707,287.1220431766049,0.0,0.0,0.0
405,406,September,31,fast,medium,2.04408508112704,61.322552433811204,0.0,0.0,0.0
405,433,April,30,fast,medium,4.5078903161570345,135.23670948471104,0.0,0.0,0.0
405,433,April,31,medium,medium,9.262001392793707,277.8600417838112,0.0,0.0,0.0
405,433,August,30,fast,medium,4.5078903161570345,139.74459980086806,0.0,0.0,0.0
405,433,August,31,fast,medium,9.262001392793707,287.1220431766049,0.0,0.0,0.0
405,433,February,30,medium,medium,3.8588525482998914,108.04787135239695,0.0,0.0,0.0
405,433,February,31,medium,medium,3.592670971112438,100.59478719114827,0.0,0.0,0.0
405,433,July,30,medium,medium,4.5078903161570345,139.74459980086806,0.0,0.0,0.0
405,433,July,31,fast,medium,9.262001392793707,287.1220431766049,0.0,0.0,0.0
405,433,June,30,medium,medium,4.5078903161570345,135.23670948471104,0.0,0.0,0.0
405,433,June,31,fast,medium,8.323900194373216,249.7170058311965,0.0,0.0,0.0
405,433,March,30,medium,medium,4.0185160841289225,124.5739986079966,0.0,0.0,0.0
405,433,March,31,medium,medium,8.159167612148547,252.93419597660497,0.0,0.0,0.0
405,433,May,30,fast,medium,3.1746896231128883,98.41537831649954,0.0,0.0,0.0
405,433,May,31,medium,medium,9.262001392793707,287.1220431766049,0.0,0.0,0.0
405,433,September,30,fast,medium,4.5078903161570345,135.23670948471104,0.0,0.0,0.0
405,433,September,31,fast,medium,7.2179163116666665,216.53748935,0.0,0.0,0.0
406,405,April,3,medium,medium,1.1815605693548388,35.44681708064516,0.0,0.0,0.0
406,405,August,3,medium,medium,2.0465577812403595,63.443291218451144,0.0,0.0,0.0
406,405,August,4,fast,medium,5.0,155.0,0.0,0.0,0.0
406,405,February,3,medium,medium,2.0465577812403595,57.303617874730065,0.0,0.0,0.0
406,405,February,4,medium,medium,5.0,140.0,0.0,0.0,0.0
406,405,July,3,medium,medium,2.0465577812403595,63.443291218451144,0.0,0.0,0.0
406,405,July,4,medium,medium,5.0,155.0,0.0,0.0,0.0
406,405,June,3,medium,medium,2.0465577812403595,61.396733437210784,0.0,0.0,0.0
406,405,June,4,fast,medium,5.0,150.0,0.0,0.0,0.0
406,405,June,13,medium,medium,2.8316219999999994,84.94865999999999,0.0,0.0,0.0
406,405,June,14,medium,medium,5.281379431666666,158.44138295,0.0,0.0,0.0
406,405,June,15,medium,medium,5.0327253333333335,150.98176,0.0,0.0,0.0
406,405,June,35,fast,medium,1.6395642604391893,49.18692781317568,0.0,0.0,0.0
406,405,June,37,fast,medium,0.47897500000000004,14.369250000000001,0.0,0.0,0.0
406,405,June,38,medium,medium,2.8886399070466053,86.65919721139817,0.0,0.0,0.0
406,405,June,39,medium,medium,0.11468766666666666,3.4406299999999996,0.0,0.0,0.0
406,405,June,40,fast,medium,0.11468766666666666,3.4406299999999996,0.0,0.0,0.0
406,405,March,15,medium,medium,1.2926268094980697,40.071431094440165,0.0,0.0,0.0
406,405,May,3,fast,medium,1.9465577812403594,60.34329121845114,0.0,0.0,0.0
406,405,May,4,fast,medium,3.988729257092971,123.6506069698821,0.0,0.0,0.0
406,405,May,15,medium,medium,3.5688488776708702,110.63431520779697,0.0,0.0,0.0
406,405,May,37,fast,medium,0.31104516129032256,9.642399999999999,0.0,0.0,0.0
406,405,May,38,medium,medium,0.31104516129032256,9.642399999999999,0.0,0.0,0.0
406,405,May,42,medium,medium,2.5484140558564126,79.00083573154879,0.0,0.0,0.0
406,405,November,4,medium,medium,2.484323169618329,74.52969508854987,0.0,0.0,0.0
406,405,September,3,fast,medium,1.9465577812403594,58.396733437210784,0.0,0.0,0.0
406,405,September,4,medium,medium,3.6044577026306093,108.13373107891827,0.0,0.0,0.0
406,407,April,3,fast,medium,0.8649972118855207,25.94991635656562,0.0,0.0,0.0
406,407,April,4,medium,medium,9.986822930358827,299.6046879107648,0.0,0.0,0.0
406,407,April,27,fast,medium,0.8882998530616657,26.64899559184997,0.0,0.0,0.0
406,407,April,28,medium,medium,2.965355861687149,88.96067585061446,0.0,0.0,0.0
406,407,August,4,fast,medium,4.9868229303588265,154.59151084112364,0.0,0.0,0.0
406,407,December,3,fast,medium,2.0465577812403595,63.443291218451144,0.0,0.0,0.0
406,407,December,4,fast,medium,9.986822930358827,309.59151084112364,0.0,0.0,0.0
406,407,February,4,fast,medium,4.9868229303588265,139.63104205004714,0.0,0.0,0.0
406,407,January,3,medium,medium,2.0465577812403595,63.443291218451144,0.0,0.0,0.0
406,407,January,4,medium,medium,9.986822930358827,309.59151084112364,0.0,0.0,0.0
406,407,July,4,medium,medium,4.9868229303588265,154.59151084112364,0.0,0.0,0.0
406,407,June,4,medium,medium,4.9868229303588265,149.6046879107648,0.0,0.0,0.0
406,407,June,27,medium,medium,0.8381588530616657,25.14476559184997,0.0,0.0,0.0
406,407,June,28,fast,medium,2.9080165503449766,87.2404965103493,0.0,0.0,0.0
406,407,March,3,medium,medium,2.0465577812403595,63.443291218451144,0.0,0.0,0.0
406,407,March,4,medium,medium,9.986822930358827,309.59151084112364,0.0,0.0,0.0
406,407,May,3,fast,medium,0.1,3.1,0.0,0.0,0.0
406,407,May,4,medium,medium,5.998093673265855,185.94090387124152,0.0,0.0,0.0
406,407,November,3,medium,medium,2.0465577812403595,61.396733437210784,0.0,0.0,0.0
406,407,November,4,medium,medium,7.5024997607404975,225.07499282221494,0.0,0.0,0.0
406,407,October,3,fast,medium,2.0465577812403595,63.443291218451144,0.0,0.0,0.0
406,407,October,4,fast,medium,9.986822930358827,309.59151084112364,0.0,0.0,0.0
406,407,September,3,medium,medium,0.1,3.0,0.0,0.0,0.0
406,407,September,4,fast,medium,6.382365227728217,191.4709568318465,0.0,0.0,0.0
407,406,April,18,fast,medium,3.084426350416667,92.53279051250001,0.0,0.0,0.0
407,406,August,18,fast,medium,10.688185192979375,331.3337409823606,0.0,0.0,0.0
407,406,December,18,fast,medium,10.688185192979375,331.3337409823606,0.0,0.0,0.0
407,406,February,17,fast,medium,0.4510303571428572,12.628850000000002,0.0,0.0,0.0
407,406,February,18,fast,medium,2.9510303571428573,82.62885,0.0,0.0,0.0
407,406,January,18,fast,medium,10.688185192979375,331.3337409823606,0.0,0.0,0.0
407,406,July,18,fast,medium,10.688185192979375,331.3337409823606,0.0,0.0,0.0
407,406,June,18,fast,medium,3.567802141041667,107.03406423125001,0.0,0.0,0.0
407,406,March,18,fast,medium,3.1703827419354838,98.281865,0.0,0.0,0.0
407,406,May,18,fast,medium,4.072563444153226,126.24946676875,0.0,0.0,0.0
407,406,November,18,fast,medium,10.688185192979375,320.64555578938126,0.0,0.0,0.0
407,406,October,18,fast,medium,10.688185192979375,331.3337409823606,0.0,0.0,0.0
407,406,September,17,fast,medium,0.6606599999999999,19.819799999999997,0.0,0.0,0.0
407,406,September,18,fast,medium,3.16066,94.8198,0.0,0.0,0.0
407,406,September,19,fast,medium,0.5078500350877215,15.235501052631646,0.0,0.0,0.0
407,408,April,31,fast,fast,8.31207832513596,249.36234975407882,0.0,0.0,0.0
407,408,April,33,fast,fast,6.534202666666666,196.02607999999998,0.0,0.0,0.0
407,408,April,34,fast,fast,6.534202666666666,196.02607999999998,0.0,0.0,0.0
407,408,April,35,fast,fast,1.4614363333333333,43.843090000000004,0.0,0.0,0.0
407,408,August,29,fast,fast,11.996257741935484,371.88399,0.0,0.0,0.0
407,408,August,30,fast,fast,7.363438590593734,228.26659630840575,0.0,0.0,0.0
407,408,August,31,fast,fast,9.746167903225807,302.131205,0.0,0.0,0.0
407,408,August,32,fast,fast,3.946677201441723,122.34699324469341,0.0,0.0,0.0
407,408,August,33,fast,fast,5.316913064516129,164.82430499999998,0.0,0.0,0.0
407,408,August,34,fast,fast,5.316913064516129,164.82430499999998,0.0,0.0,0.0
407,408,August,35,fast,fast,2.0196175806451615,62.60814500000001,0.0,0.0,0.0
407,408,July,29,fast,fast,10.002550082558127,310.07905255930194,0.0,0.0,0.0
407,408,July,30,fast,fast,4.360316270929783,135.16980439882326,0.0,0.0,0.0
407,408,July,31,fast,fast,13.451535052794814,416.9975866366392,0.0,0.0,0.0
407,408,July,32,fast,fast,2.6365210724094688,81.73215324469354,0.0,0.0,0.0
407,408,July,33,fast,fast,6.696279354838709,207.58465999999999,0.0,0.0,0.0
407,408,July,34,fast,fast,6.696279354838709,207.58465999999999,0.0,0.0,0.0
407,408,July,35,fast,fast,3.4197472580645165,106.01216500000001,0.0,0.0,0.0
407,408,July,36,fast,fast,0.7385231634671339,22.894218067481148,0.0,0.0,0.0
407,408,July,37,fast,fast,0.7022368051013665,21.76934095814236,0.0,0.0,0.0
407,408,July,38,fast,fast,1.0779825806451613,33.41746,0.0,0.0,0.0
407,408,June,33,fast,fast,3.391908683159304,101.75726049477913,0.0,0.0,0.0
407,408,June,34,fast,fast,10.542023666666667,316.26071,0.0,0.0,0.0
407,408,June,35,fast,fast,4.248299666666666,127.44898999999998,0.0,0.0,0.0
407,408,June,36,fast,fast,2.944573612929501,88.33720838788503,0.0,0.0,0.0
407,408,June,37,fast,fast,0.8023147889723334,24.069443669170003,0.0,0.0,0.0
407,408,June,38,fast,fast,1.1692625,35.077875000000006,0.0,0.0,0.0
407,408,March,31,fast,fast,6.60113756622901,204.63526455309932,0.0,0.0,0.0
407,408,March,32,fast,fast,6.64880870967742,206.11307000000002,0.0,0.0,0.0
407,408,March,33,fast,fast,1.5877899999999998,49.221489999999996,0.0,0.0,0.0
407,408,March,34,fast,fast,1.5877899999999998,49.221489999999996,0.0,0.0,0.0
407,408,March,35,fast,fast,0.1,3.1,0.0,0.0,0.0
407,408,March,37,fast,fast,10.538533026633019,326.6945238256236,0.0,0.0,0.0
407,408,March,38,fast,fast,0.1,3.1,0.0,0.0,0.0
407,408,May,33,fast,fast,4.538457199288338,140.69217317793849,0.0,0.0,0.0
407,408,May,34,fast,fast,9.786757580645162,303.38948500000004,0.0,0.0,0.0
407,408,May,35,fast,fast,3.182715322580645,98.66417499999999,0.0,0.0,0.0
407,408,May,36,fast,fast,1.7762823441122961,55.06475266748118,0.0,0.0,0.0
407,408,May,37,fast,fast,0.35285551477878596,10.938520958142364,0.0,0.0,0.0
407,408,May,38,fast,fast,0.7593161290322581,23.538800000000002,0.0,0.0,0.0
407,408,September,28,fast,fast,3.631467505303302,108.94402515909906,0.0,0.0,0.0
407,408,September,29,fast,fast,11.517882333333333,345.53647,0.0,0.0,0.0
407,408,September,30,fast,fast,8.308385367703977,249.2515610311193,0.0,0.0,0.0
407,408,September,31,fast,fast,6.376326948139316,191.28980844417947,0.0,0.0,0.0
407,408,September,32,fast,fast,0.1,3.0,0.0,0.0,0.0
407,408,September,33,fast,fast,2.941340166666666,88.24020499999999,0.0,0.0,0.0
407,408,September,34,fast,fast,2.941340166666666,88.24020499999999,0.0,0.0,0.0
407,408,September,35,fast,fast,0.20972716666666666,6.291815,0.0,0.0,0.0
407,434,April,18,fast,medium,3.8170921050960693,114.51276315288209,0.0,0.0,0.0
407,435,April,18,fast,medium,3.7866667374666414,113.60000212399925,0.0,0.0,0.0
407,435,February,18,fast,medium,7.73715483583652,216.64033540342257,0.0,0.0,0.0
407,435,June,18,fast,medium,7.120383051937708,213.61149155813123,0.0,0.0,0.0
407,435,March,18,fast,medium,7.517802451043892,233.05187598236063,0.0,0.0,0.0
407,435,May,18,fast,medium,6.61562174882615,205.08427421361066,0.0,0.0,0.0
407,435,September,18,fast,medium,7.527525192979375,225.82575578938128,0.0,0.0,0.0
408,407,April,15,medium,medium,0.6059674491860552,18.179023475581655,0.0,0.0,0.0
408,407,April,19,medium,medium,3.72872495615346,111.86174868460381,0.0,0.0,0.0
408,407,April,20,medium,medium,0.24352147372263389,7.305644211679017,0.0,0.0,0.0
408,407,August,15,medium,medium,2.2229261543452736,68.91071078470348,0.0,0.0,0.0
408,407,August,16,medium,medium,9.9328266844213,307.9176272170603,0.0,0.0,0.0
408,407,August,17,medium,medium,2.1623456556613547,67.032715325502,0.0,0.0,0.0
408,407,December,15,medium,medium,2.2229261543452736,68.91071078470348,0.0,0.0,0.0
408,407,December,16,medium,medium,9.9328266844213,307.9176272170603,0.0,0.0,0.0
408,407,December,17,medium,medium,2.1623456556613547,67.032715325502,0.0,0.0,0.0
408,407,February,15,medium,medium,1.2441274936309874,34.83556982166765,0.0,0.0,0.0
408,407,February,16,medium,medium,9.9328266844213,278.1191471637964,0.0,0.0,0.0
408,407,February,17,medium,medium,2.61337601280421,73.17452835851788,0.0,0.0,0.0
408,407,January,15,medium,medium,2.2229261543452736,68.91071078470348,0.0,0.0,0.0
408,407,January,16,medium,medium,9.9328266844213,307.9176272170603,0.0,0.0,0.0
408,407,January,17,medium,medium,2.1623456556613547,67.032715325502,0.0,0.0,0.0
408,407,July,15,medium,medium,2.2229261543452736,68.91071078470348,0.0,0.0,0.0
408,407,July,16,medium,medium,4.280494481698657,132.69532893265836,0.0,0.0,0.0
408,407,July,19,medium,medium,1.800942695885098,55.82922357243804,0.0,0.0,0.0
408,407,July,20,medium,medium,0.24352147372263389,7.5491656854016504,0.0,0.0,0.0
408,407,June,19,medium,medium,8.18951728948679,245.68551868460372,0.0,0.0,0.0
408,407,June,20,fast,medium,4.704313807055964,141.12941421167892,0.0,0.0,0.0
408,407,March,17,medium,medium,1.7230078756263083,53.41324414441556,0.0,0.0,0.0
408,407,May,19,medium,medium,2.801051085185719,86.83258364075729,0.0,0.0,0.0
408,407,November,15,medium,medium,1.977461987678609,59.32385963035827,0.0,0.0,0.0
408,407,November,16,medium,medium,9.9328266844213,297.98480053263904,0.0,0.0,0.0
408,407,November,17,medium,medium,2.1623456556613547,64.87036966984064,0.0,0.0,0.0
408,407,October,15,medium,medium,2.2229261543452736,68.91071078470348,0.0,0.0,0.0
408,407,October,16,medium,medium,9.9328266844213,307.9176272170603,0.0,0.0,0.0
408,407,October,17,medium,medium,2.1623456556613547,67.032715325502,0.0,0.0,0.0
408,407,September,15,medium,medium,2.2229261543452736,66.68778463035821,0.0,0.0,0.0
408,407,September,16,medium,medium,9.9328266844213,297.98480053263904,0.0,0.0,0.0
408,407,September,17,medium,medium,1.861369972400503,55.84109917201509,0.0,0.0,0.0
408,407,September,19,medium,medium,3.72872495615346,111.86174868460381,0.0,0.0,0.0
408,407,September,20,medium,medium,5.617121945612766,168.51365836838298,0.0,0.0,0.0
408,409,August,17,medium,medium,3.0790444827364354,95.4503789648295,0.0,0.0,0.0
408,409,August,18,medium,medium,0.45436191442358265,14.085219347131062,0.0,0.0,0.0
408,409,December,17,medium,medium,3.0790444827364354,95.4503789648295,0.0,0.0,0.0
408,409,December,18,medium,medium,0.45436191442358265,14.085219347131062,0.0,0.0,0.0
408,409,February,17,medium,medium,1.6760707453105752,46.929980868696106,0.0,0.0,0.0
408,409,February,18,medium,medium,0.45436191442358265,12.722133603860314,0.0,0.0,0.0
408,409,January,17,medium,medium,3.0790444827364354,95.4503789648295,0.0,0.0,0.0
408,409,January,18,medium,medium,0.45436191442358265,14.085219347131062,0.0,0.0,0.0
408,409,June,16,fast,medium,0.5464887177183826,16.394661531551478,0.0,0.0,0.0
408,409,June,17,medium,medium,1.3936236846856431,41.808710540569294,0.0,0.0,0.0
408,409,May,15,medium,medium,0.9550876266784165,29.607716427030912,0.0,0.0,0.0
408,409,May,16,fast,medium,4.69684465216419,145.60218421708987,0.0,0.0,0.0
408,409,May,17,medium,medium,3.0790444827364354,95.4503789648295,0.0,0.0,0.0
408,409,November,17,medium,medium,3.0790444827364354,92.37133448209306,0.0,0.0,0.0
408,409,November,18,medium,medium,0.45436191442358265,13.63085743270748,0.0,0.0,0.0
408,409,October,17,medium,medium,3.0790444827364354,95.4503789648295,0.0,0.0,0.0
408,409,October,18,medium,medium,0.45436191442358265,14.085219347131062,0.0,0.0,0.0
408,436,April,15,medium,medium,1.6169587051592185,48.50876115477655,0.0,0.0,0.0
408,436,April,16,medium,medium,9.9328266844213,297.98480053263904,0.0,0.0,0.0
408,436,April,17,medium,medium,16.150710421838703,484.52131265516107,0.0,0.0,0.0
408,436,April,18,medium,medium,14.051411463106277,421.54234389318833,0.0,0.0,0.0
408,436,August,17,medium,medium,10.909320283440913,338.18892878666827,0.0,0.0,0.0
408,436,August,18,medium,medium,13.59704954868269,421.50853600916344,0.0,0.0,0.0
408,436,August,20,medium,medium,0.2297836546499834,7.1232932941494855,0.0,0.0,0.0
408,436,December,17,medium,medium,10.909320283440913,338.18892878666827,0.0,0.0,0.0
408,436,December,18,medium,medium,13.59704954868269,421.50853600916344,0.0,0.0,0.0
408,436,February,15,medium,medium,0.9787986607142857,27.4063625,0.0,0.0,0.0
408,436,February,17,medium,medium,11.861263663723918,332.1153825842697,0.0,0.0,0.0
408,436,February,18,medium,medium,13.59704954868269,380.71738736311534,0.0,0.0,0.0
408,436,January,17,medium,medium,10.909320283440913,338.18892878666827,0.0,0.0,0.0
408,436,January,18,medium,medium,13.59704954868269,421.50853600916344,0.0,0.0,0.0
408,436,July,16,medium,medium,5.652332202722643,175.22229828440192,0.0,0.0,0.0
408,436,July,17,medium,medium,16.150710421838703,500.6720230769998,0.0,0.0,0.0
408,436,July,18,medium,medium,14.051411463106277,435.5937553562946,0.0,0.0,0.0
408,436,July,19,medium,medium,1.927782260268362,59.76125006831923,0.0,0.0,0.0
408,436,June,15,medium,medium,7.722926154345274,231.6877846303582,0.0,0.0,0.0
408,436,June,16,fast,medium,14.886337966702918,446.59013900108755,0.0,0.0,0.0
408,436,June,17,medium,medium,20.0,600.0,0.0,0.0,0.0
408,436,June,18,medium,medium,19.551411463106277,586.5423438931883,0.0,0.0,0.0
408,436,March,15,medium,medium,2.2229261543452736,68.91071078470348,0.0,0.0,0.0
408,436,March,16,medium,medium,9.9328266844213,307.9176272170603,0.0,0.0,0.0
408,436,March,17,medium,medium,14.427702546212393,447.25877893258416,0.0,0.0,0.0
408,436,March,18,medium,medium,14.051411463106277,435.5937553562946,0.0,0.0,0.0
408,436,May,15,medium,medium,5.255028850247504,162.90589435767262,0.0,0.0,0.0
408,436,May,16,medium,medium,10.245898967017034,317.6228679775281,0.0,0.0,0.0
408,436,May,17,medium,medium,18.571665939102267,575.7216441121703,0.0,0.0,0.0
408,436,May,18,medium,medium,14.154764528346353,438.797700378737,0.0,0.0,0.0
408,436,November,15,medium,medium,0.24546416666666665,7.363924999999999,0.0,0.0,0.0
408,436,November,17,medium,medium,10.909320283440913,327.2796085032274,0.0,0.0,0.0
408,436,November,18,medium,medium,13.59704954868269,407.9114864604807,0.0,0.0,0.0
408,436,October,17,medium,medium,10.909320283440913,338.18892878666827,0.0,0.0,0.0
408,436,October,18,medium,medium,13.59704954868269,421.50853600916344,0.0,0.0,0.0
408,436,September,17,medium,medium,14.289340449438198,428.68021348314596,0.0,0.0,0.0
408,436,September,18,medium,medium,14.2893404494382,428.68021348314596,0.0,0.0,0.0
409,408,April,22,fast,fast,4.04840874322133,121.4522622966399,0.0,0.0,0.0
409,408,April,28,fast,fast,6.183716075156578,185.51148225469734,0.0,0.0,0.0
409,408,August,22,fast,fast,3.6154879140555067,112.08012533572071,0.0,0.0,0.0
409,408,August,28,fast,fast,6.183716075156578,191.69519832985392,0.0,0.0,0.0
409,408,December,22,fast,fast,3.6154879140555067,112.08012533572071,0.0,0.0,0.0
409,408,December,28,fast,fast,6.183716075156578,191.69519832985392,0.0,0.0,0.0
409,408,February,22,fast,fast,3.6154879140555067,101.23366159355419,0.0,0.0,0.0
409,408,February,28,fast,fast,6.183716075156578,173.14405010438418,0.0,0.0,0.0
409,408,January,22,fast,fast,3.6154879140555067,112.08012533572071,0.0,0.0,0.0
409,408,January,28,fast,fast,6.183716075156578,191.69519832985392,0.0,0.0,0.0
409,408,July,21,fast,fast,1.0779965139586576,33.41789193271838,0.0,0.0,0.0
409,408,July,22,fast,fast,7.439958551711836,230.63871510306691,0.0,0.0,0.0
409,408,July,23,fast,fast,1.3402803147349314,41.54868975678287,0.0,0.0,0.0
409,408,July,24,fast,fast,1.0296433870967725,31.918944999999947,0.0,0.0,0.0
409,408,July,28,fast,fast,7.164949381608192,222.11343082985397,0.0,0.0,0.0
409,408,June,22,fast,fast,3.6154879140555067,108.4646374216652,0.0,0.0,0.0
409,408,June,28,fast,fast,6.183716075156578,185.51148225469734,0.0,0.0,0.0
409,408,March,22,fast,fast,3.6154879140555067,112.08012533572071,0.0,0.0,0.0
409,408,March,28,fast,fast,6.183716075156578,191.69519832985392,0.0,0.0,0.0
409,408,May,22,fast,fast,3.6154879140555067,112.08012533572071,0.0,0.0,0.0
409,408,May,28,fast,fast,6.183716075156578,191.69519832985392,0.0,0.0,0.0
409,408,November,22,fast,fast,3.6154879140555067,108.4646374216652,0.0,0.0,0.0
409,408,November,28,fast,fast,6.183716075156578,185.51148225469734,0.0,0.0,0.0
409,408,October,22,fast,fast,3.6154879140555067,112.08012533572071,0.0,0.0,0.0
409,408,October,28,fast,fast,6.183716075156578,191.69519832985392,0.0,0.0,0.0
409,408,September,21,fast,fast,1.33718964057692,40.1156892173076,0.0,0.0,0.0
409,408,September,22,fast,fast,3.6154879140555067,108.4646374216652,0.0,0.0,0.0
409,408,September,28,fast,fast,6.183716075156578,185.51148225469734,0.0,0.0,0.0
410,382,April,18,fast,fast,0.1,3.0,0.0,0.0,0.0
410,382,September,23,fast,fast,0.48107858333333187,14.432357499999956,0.0,0.0,0.0
410,411,August,22,fast,fast,8.23998812390862,255.43963184116723,0.0,0.0,0.0
410,411,August,30,fast,fast,0.5998248386333476,18.594569997633776,0.0,0.0,0.0
410,411,March,22,fast,fast,5.851226269069915,181.38801434116738,0.0,0.0,0.0
410,411,September,22,fast,fast,10.799079618532286,323.97238855596856,0.0,0.0,0.0
411,410,August,2,medium,medium,0.1660272157253786,5.1468436874867365,0.0,0.0,0.0
411,410,December,2,medium,medium,3.565976263209805,110.54526415950396,0.0,0.0,0.0
411,410,February,2,medium,medium,3.565976263209805,99.84733536987454,0.0,0.0,0.0
411,410,January,2,medium,medium,3.565976263209805,110.54526415950396,0.0,0.0,0.0
411,410,July,19,fast,fast,0.17651133476710612,5.47185137778029,0.0,0.0,0.0
411,410,June,11,fast,fast,6.274780749999999,188.24342249999995,0.0,0.0,0.0
411,410,June,12,fast,fast,4.560448830679975,136.81346492039924,0.0,0.0,0.0
411,410,March,2,fast,fast,3.565976263209805,110.54526415950396,0.0,0.0,0.0
411,410,November,2,medium,medium,3.4306624827931387,102.91987448379416,0.0,0.0,0.0
411,410,October,2,medium,medium,3.565976263209805,110.54526415950396,0.0,0.0,0.0
411,410,September,2,fast,fast,3.565976263209805,106.97928789629415,0.0,0.0,0.0
411,412,April,2,fast,medium,3.565976263209805,106.97928789629415,0.0,0.0,0.0
411,412,August,2,medium,medium,3.399949047484429,105.3984204720173,0.0,0.0,0.0
411,412,July,2,medium,medium,3.565976263209805,110.54526415950396,0.0,0.0,0.0
411,412,June,2,medium,medium,3.565976263209805,106.97928789629415,0.0,0.0,0.0
411,412,May,2,fast,medium,3.565976263209805,110.54526415950396,0.0,0.0,0.0
411,412,November,2,medium,medium,0.13531378041666572,4.059413412499972,0.0,0.0,0.0
412,383,April,28,fast,medium,2.1810814233253097,65.43244269975929,0.0,0.0,0.0
412,383,August,28,fast,medium,2.1810814233253097,67.6135241230846,0.0,0.0,0.0
412,383,December,28,fast,medium,2.1810814233253097,67.6135241230846,0.0,0.0,0.0
412,383,February,28,fast,medium,2.1810814233253097,61.07027985310867,0.0,0.0,0.0
412,383,January,28,fast,medium,2.1810814233253097,67.6135241230846,0.0,0.0,0.0
412,383,July,28,fast,medium,2.1810814233253097,67.6135241230846,0.0,0.0,0.0
412,383,June,26,fast,medium,0.1,3.0,0.0,0.0,0.0
412,383,June,27,fast,medium,2.774996702682458,83.24990108047373,0.0,0.0,0.0
412,383,June,28,fast,medium,10.008924454326896,300.2677336298069,0.0,0.0,0.0
412,383,March,28,fast,medium,2.1810814233253097,67.6135241230846,0.0,0.0,0.0
412,383,May,28,fast,medium,2.1810814233253097,67.6135241230846,0.0,0.0,0.0
412,383,November,28,fast,medium,2.1810814233253097,65.43244269975929,0.0,0.0,0.0
412,383,October,28,fast,medium,2.1810814233253097,67.6135241230846,0.0,0.0,0.0
412,383,September,28,fast,medium,1.9514206328413337,58.54261898524001,0.0,0.0,0.0
412,411,September,28,fast,medium,0.22966079048397603,6.889823714519281,0.0,0.0,0.0
413,412,April,29,medium,medium,2.0170942035954127,60.51282610786238,0.0,0.0,0.0
413,412,June,29,fast,medium,13.662312083333333,409.86936249999997,0.0,0.0,0.0
413,412,June,30,medium,medium,13.662312083333333,409.86936249999997,0.0,0.0,0.0
413,412,June,31,fast,medium,3.475416916666667,104.26250750000001,0.0,0.0,0.0
413,412,June,32,medium,medium,3.475416916666667,104.26250750000001,0.0,0.0,0.0
413,412,June,37,fast,medium,0.7959437500000001,23.878312500000003,0.0,0.0,0.0
413,412,June,38,fast,medium,3.506324237076529,105.18972711229587,0.0,0.0,0.0
413,412,March,38,medium,medium,4.579768534472189,141.97282456863786,0.0,0.0,0.0
413,412,May,37,medium,medium,5.371013775000435,166.50142702501347,0.0,0.0,0.0
413,412,May,38,fast,medium,8.016883870967742,248.5234,0.0,0.0,0.0
415,416,April,13,medium,medium,0.23217213114754287,6.965163934426286,0.0,0.0,0.0
415,416,April,14,fast,medium,1.1721311475409841,35.163934426229524,0.0,0.0,0.0
415,416,April,15,fast,medium,1.1721311475409841,35.163934426229524,0.0,0.0,0.0
415,416,April,16,medium,medium,1.1721311475409841,35.163934426229524,0.0,0.0,0.0
415,416,April,17,medium,medium,1.1721311475409841,35.163934426229524,0.0,0.0,0.0
415,416,April,18,fast,medium,1.1721311475409841,35.163934426229524,0.0,0.0,0.0
415,416,August,13,fast,medium,0.23217213114754287,7.197336065573829,0.0,0.0,0.0
415,416,August,14,medium,medium,1.1721311475409841,36.33606557377051,0.0,0.0,0.0
415,416,August,15,fast,medium,1.1721311475409841,36.33606557377051,0.0,0.0,0.0
415,416,August,16,fast,medium,1.1721311475409841,36.33606557377051,0.0,0.0,0.0
415,416,August,17,medium,medium,1.1721311475409841,36.33606557377051,0.0,0.0,0.0
415,416,August,18,medium,medium,1.1721311475409841,36.33606557377051,0.0,0.0,0.0
415,416,December,13,fast,medium,0.23217213114754287,7.197336065573829,0.0,0.0,0.0
415,416,December,14,medium,medium,1.1721311475409841,36.33606557377051,0.0,0.0,0.0
415,416,December,15,fast,medium,1.1721311475409841,36.33606557377051,0.0,0.0,0.0
415,416,December,16,fast,medium,1.1721311475409841,36.33606557377051,0.0,0.0,0.0
415,416,December,17,fast,medium,1.1721311475409841,36.33606557377051,0.0,0.0,0.0
415,416,December,18,medium,medium,1.1721311475409841,36.33606557377051,0.0,0.0,0.0
415,416,February,13,medium,medium,0.23217213114754287,6.5008196721312,0.0,0.0,0.0
415,416,February,14,fast,medium,1.1721311475409841,32.819672131147556,0.0,0.0,0.0
415,416,February,15,fast,medium,1.1721311475409841,32.819672131147556,0.0,0.0,0.0
415,416,February,16,medium,medium,1.1721311475409841,32.819672131147556,0.0,0.0,0.0
415,416,February,17,fast,medium,1.1721311475409841,32.819672131147556,0.0,0.0,0.0
415,416,February,18,fast,medium,1.1721311475409841,32.819672131147556,0.0,0.0,0.0
415,416,January,13,medium,medium,0.23217213114754287,7.197336065573829,0.0,0.0,0.0
415,416,January,14,fast,medium,1.1721311475409841,36.33606557377051,0.0,0.0,0.0
415,416,January,15,medium,medium,1.1721311475409841,36.33606557377051,0.0,0.0,0.0
415,416,January,16,fast,medium,1.1721311475409841,36.33606557377051,0.0,0.0,0.0
415,416,January,17,medium,medium,1.1721311475409841,36.33606557377051,0.0,0.0,0.0
415,416,January,18,fast,medium,1.1721311475409841,36.33606557377051,0.0,0.0,0.0
415,416,July,13,fast,medium,0.23217213114754287,7.197336065573829,0.0,0.0,0.0
415,416,July,14,fast,medium,1.1721311475409841,36.33606557377051,0.0,0.0,0.0
415,416,July,15,medium,medium,1.1721311475409841,36.33606557377051,0.0,0.0,0.0
415,416,July,16,fast,medium,1.1721311475409841,36.33606557377051,0.0,0.0,0.0
415,416,July,17,medium,medium,1.1721311475409841,36.33606557377051,0.0,0.0,0.0
415,416,July,18,fast,medium,1.1721311475409841,36.33606557377051,0.0,0.0,0.0
415,416,June,13,fast,medium,0.23217213114754287,6.965163934426286,0.0,0.0,0.0
415,416,June,14,fast,medium,1.1721311475409841,35.163934426229524,0.0,0.0,0.0
415,416,June,15,fast,medium,1.1721311475409841,35.163934426229524,0.0,0.0,0.0
415,416,June,16,fast,medium,1.1721311475409841,35.163934426229524,0.0,0.0,0.0
415,416,June,17,fast,medium,1.1721311475409841,35.163934426229524,0.0,0.0,0.0
415,416,June,18,medium,medium,1.1721311475409841,35.163934426229524,0.0,0.0,0.0
415,416,March,13,fast,medium,0.23217213114754287,7.197336065573829,0.0,0.0,0.0
415,416,March,14,fast,medium,1.1721311475409841,36.33606557377051,0.0,0.0,0.0
415,416,March,15,fast,medium,1.1721311475409841,36.33606557377051,0.0,0.0,0.0
415,416,March,16,medium,medium,1.1721311475409841,36.33606557377051,0.0,0.0,0.0
415,416,March,17,fast,medium,1.1721311475409841,36.33606557377051,0.0,0.0,0.0
415,416,March,18,medium,medium,1.1721311475409841,36.33606557377051,0.0,0.0,0.0
415,416,May,13,medium,medium,0.23217213114754287,7.197336065573829,0.0,0.0,0.0
415,416,May,14,fast,medium,1.1721311475409841,36.33606557377051,0.0,0.0,0.0
415,416,May,15,medium,medium,1.1721311475409841,36.33606557377051,0.0,0.0,0.0
415,416,May,16,fast,medium,1.1721311475409841,36.33606557377051,0.0,0.0,0.0
415,416,May,17,medium,medium,1.1721311475409841,36.33606557377051,0.0,0.0,0.0
415,416,May,18,fast,medium,1.1721311475409841,36.33606557377051,0.0,0.0,0.0
415,416,November,13,medium,medium,0.23217213114754287,6.965163934426286,0.0,0.0,0.0
415,416,November,14,medium,medium,1.1721311475409841,35.163934426229524,0.0,0.0,0.0
415,416,November,15,medium,medium,1.1721311475409841,35.163934426229524,0.0,0.0,0.0
415,416,November,16,medium,medium,1.1721311475409841,35.163934426229524,0.0,0.0,0.0
415,416,November,17,fast,medium,1.1721311475409841,35.163934426229524,0.0,0.0,0.0
415,416,November,18,fast,medium,1.1721311475409841,35.163934426229524,0.0,0.0,0.0
415,416,October,13,fast,medium,0.23217213114754287,7.197336065573829,0.0,0.0,0.0
415,416,October,14,fast,medium,1.1721311475409841,36.33606557377051,0.0,0.0,0.0
415,416,October,15,fast,medium,1.1721311475409841,36.33606557377051,0.0,0.0,0.0
415,416,October,16,medium,medium,1.1721311475409841,36.33606557377051,0.0,0.0,0.0
415,416,October,17,medium,medium,1.1721311475409841,36.33606557377051,0.0,0.0,0.0
415,416,October,18,medium,medium,1.1721311475409841,36.33606557377051,0.0,0.0,0.0
415,416,September,13,medium,medium,0.23217213114754287,6.965163934426286,0.0,0.0,0.0
415,416,September,14,medium,medium,1.1721311475409841,35.163934426229524,0.0,0.0,0.0
415,416,September,15,medium,medium,1.1721311475409841,35.163934426229524,0.0,0.0,0.0
415,416,September,16,medium,medium,1.1721311475409841,35.163934426229524,0.0,0.0,0.0
415,416,September,17,medium,medium,1.1721311475409841,35.163934426229524,0.0,0.0,0.0
415,416,September,18,fast,medium,1.1721311475409841,35.163934426229524,0.0,0.0,0.0
417,388,April,29,fast,fast,6.605774786791635,198.17324360374903,0.0,0.0,0.0
417,388,June,27,fast,fast,13.521024024783802,405.6307207435141,0.0,0.0,0.0
417,388,June,28,fast,fast,10.181977749999998,305.45933249999996,0.0,0.0,0.0
417,388,June,29,fast,fast,14.87136625,446.1409875,0.0,0.0,0.0
417,388,June,30,fast,fast,7.413265691340782,222.39797074022346,0.0,0.0,0.0
417,389,June,29,medium,medium,2.2803348395486402,68.4100451864592,0.0,0.0,0.0
417,389,June,30,medium,medium,3.6271625,108.814875,0.0,0.0,0.0
418,417,June,15,fast,medium,2.6250282869427473,78.75084860828241,0.0,0.0,0.0
418,417,June,16,fast,medium,8.146639511201629,244.39918533604887,0.0,0.0,0.0
418,417,June,17,fast,medium,8.146639511201629,244.39918533604887,0.0,0.0,0.0
418,417,June,18,fast,medium,1.081692690653994,32.45078071961982,0.0,0.0,0.0
418,417,March,17,medium,medium,3.9035892309132105,121.01126615830952,0.0,0.0,0.0
418,417,March,18,fast,medium,1.081692690653994,33.532473410273816,0.0,0.0,0.0
418,417,May,15,medium,medium,2.6250282869427473,81.37587689522516,0.0,0.0,0.0
418,417,May,16,medium,medium,8.146639511201629,252.5458248472505,0.0,0.0,0.0
418,417,May,17,fast,medium,8.146639511201629,252.5458248472505,0.0,0.0,0.0
418,417,May,18,medium,medium,1.081692690653994,33.532473410273816,0.0,0.0,0.0
418,417,September,17,fast,medium,8.146639511201629,244.39918533604887,0.0,0.0,0.0
418,417,September,18,fast,medium,1.081692690653994,32.45078071961982,0.0,0.0,0.0
419,418,April,31,medium,medium,2.970824280501944,89.12472841505831,0.0,0.0,0.0
419,418,August,31,fast,medium,2.970824280501944,92.09555269556026,0.0,0.0,0.0
419,418,December,31,medium,medium,2.970824280501944,92.09555269556026,0.0,0.0,0.0
419,418,February,31,medium,medium,2.970824280501944,83.18307985405443,0.0,0.0,0.0
419,418,January,31,medium,medium,2.970824280501944,92.09555269556026,0.0,0.0,0.0
419,418,July,31,medium,medium,2.970824280501944,92.09555269556026,0.0,0.0,0.0
419,418,June,31,medium,medium,2.970824280501944,89.12472841505831,0.0,0.0,0.0
419,418,March,31,medium,medium,2.970824280501944,92.09555269556026,0.0,0.0,0.0
419,418,May,31,medium,medium,2.970824280501944,92.09555269556026,0.0,0.0,0.0
419,418,November,31,fast,medium,2.970824280501944,89.12472841505831,0.0,0.0,0.0
419,418,October,31,medium,medium,2.970824280501944,92.09555269556026,0.0,0.0,0.0
419,418,September,31,medium,medium,2.970824280501944,89.12472841505831,0.0,0.0,0.0
423,395,April,30,fast,fast,2.6658531242147987,79.97559372644396,0.0,0.0,0.0
423,395,April,31,fast,fast,5.993698482215375,179.81095446646125,0.0,0.0,0.0
423,395,April,39,fast,fast,0.3979251354212039,11.937754062636117,0.0,0.0,0.0
423,395,August,39,fast,fast,0.3979251354212039,12.33567919805732,0.0,0.0,0.0
423,395,December,39,fast,fast,0.3979251354212039,12.33567919805732,0.0,0.0,0.0
423,395,February,39,fast,fast,0.3979251354212039,11.141903791793709,0.0,0.0,0.0
423,395,January,39,fast,fast,0.3979251354212039,12.33567919805732,0.0,0.0,0.0
423,395,July,24,fast,fast,5.495194606287676,170.35103279491796,0.0,0.0,0.0
423,395,July,30,fast,fast,2.6602364575481303,82.46733018399203,0.0,0.0,0.0
423,395,July,31,fast,fast,1.38244038982128,42.85565208445968,0.0,0.0,0.0
423,395,July,39,fast,fast,0.3979251354212039,12.33567919805732,0.0,0.0,0.0
423,395,June,30,fast,fast,1.0610447908814642,31.831343726443926,0.0,0.0,0.0
423,395,June,31,fast,fast,1.38244038982128,41.4732116946384,0.0,0.0,0.0
423,395,June,39,fast,fast,0.3979251354212039,11.937754062636117,0.0,0.0,0.0
423,395,March,39,fast,fast,0.3979251354212039,12.33567919805732,0.0,0.0,0.0
423,395,May,39,fast,fast,0.3979251354212039,12.33567919805732,0.0,0.0,0.0
423,395,November,39,fast,fast,0.3979251354212039,11.937754062636117,0.0,0.0,0.0
423,395,October,39,fast,fast,0.3979251354212039,12.33567919805732,0.0,0.0,0.0
423,395,September,39,fast,fast,0.3979251354212039,11.937754062636117,0.0,0.0,0.0
424,396,April,17,fast,fast,3.5637206400966157,106.91161920289846,0.0,0.0,0.0
424,396,April,30,fast,fast,1.7271148557064286,51.81344567119286,0.0,0.0,0.0
424,396,April,33,fast,fast,4.534611991794037,136.0383597538211,0.0,0.0,0.0
424,396,August,17,fast,fast,0.4847278225806466,15.026562500000045,0.0,0.0,0.0
424,396,August,25,fast,fast,1.6555221286651665,51.32118598862016,0.0,0.0,0.0
424,396,August,32,fast,fast,1.6426871255788953,50.923300892945754,0.0,0.0,0.0
424,396,August,33,fast,fast,4.534611991794037,140.57297174561515,0.0,0.0,0.0
424,396,December,32,fast,fast,4.534611991794037,140.57297174561515,0.0,0.0,0.0
424,396,December,33,fast,fast,4.534611991794037,140.57297174561515,0.0,0.0,0.0
424,396,February,17,fast,fast,4.3368303571428575,121.43125,0.0,0.0,0.0
424,396,February,32,fast,fast,4.534611991794037,126.96913577023304,0.0,0.0,0.0
424,396,February,33,fast,fast,4.534611991794037,126.96913577023304,0.0,0.0,0.0
424,396,January,32,fast,fast,4.534611991794037,140.57297174561515,0.0,0.0,0.0
424,396,January,33,fast,fast,4.534611991794037,140.57297174561515,0.0,0.0,0.0
424,396,July,17,fast,fast,2.135221774193548,66.19187499999998,0.0,0.0,0.0
424,396,July,32,fast,fast,0.4989000288047034,15.465900892945806,0.0,0.0,0.0
424,396,July,33,fast,fast,4.534611991794037,140.57297174561515,0.0,0.0,0.0
424,396,June,17,fast,fast,2.1715248900966166,65.14574670289849,0.0,0.0,0.0
424,396,June,30,fast,fast,2.6389377723730956,79.16813317119286,0.0,0.0,0.0
424,396,June,33,fast,fast,4.534611991794037,136.0383597538211,0.0,0.0,0.0
424,396,June,34,fast,fast,0.43827083333333405,13.148125000000022,0.0,0.0,0.0
424,396,March,25,fast,fast,1.2121652738264586,37.57712348862022,0.0,0.0,0.0
424,396,March,32,fast,fast,4.534611991794037,140.57297174561515,0.0,0.0,0.0
424,396,March,33,fast,fast,4.534611991794037,140.57297174561515,0.0,0.0,0.0
424,396,May,17,fast,fast,0.6396491884837125,19.82912484299509,0.0,0.0,0.0
424,396,May,30,fast,fast,4.608714318072019,142.8701438602326,0.0,0.0,0.0
424,396,May,33,fast,fast,4.534611991794037,140.57297174561515,0.0,0.0,0.0
424,396,May,38,fast,fast,0.5717741935483871,17.725,0.0,0.0,0.0
424,396,May,39,fast,fast,0.1,3.1,0.0,0.0,0.0
424,396,May,40,fast,fast,2.3757283119758315,73.64757767125077,0.0,0.0,0.0
424,396,May,41,fast,fast,3.963697762769101,122.87463064584213,0.0,0.0,0.0
424,396,November,32,fast,fast,4.534611991794037,136.0383597538211,0.0,0.0,0.0
424,396,November,33,fast,fast,4.534611991794037,136.0383597538211,0.0,0.0,0.0
424,396,October,32,fast,fast,4.534611991794037,140.57297174561515,0.0,0.0,0.0
424,396,October,33,fast,fast,4.534611991794037,140.57297174561515,0.0,0.0,0.0
424,396,September,17,fast,fast,7.945873140096619,238.37619420289857,0.0,0.0,0.0
424,396,September,22,fast,fast,0.1,3.0,0.0,0.0,0.0
424,396,September,25,fast,fast,4.135123607159791,124.05370821479373,0.0,0.0,0.0
424,396,September,32,fast,fast,4.534611991794037,136.0383597538211,0.0,0.0,0.0
424,396,September,33,fast,fast,4.534611991794037,136.0383597538211,0.0,0.0,0.0
424,397,June,30,medium,medium,2.192790268132809,65.78370804398426,0.0,0.0,0.0
424,423,April,31,fast,fast,4.534611991794037,136.0383597538211,0.0,0.0,0.0
424,423,April,32,fast,fast,4.534611991794037,136.0383597538211,0.0,0.0,0.0
424,423,August,31,fast,fast,3.152171601972757,97.71731966115547,0.0,0.0,0.0
424,423,August,32,fast,fast,2.8919248662151418,89.6496708526694,0.0,0.0,0.0
424,423,December,31,fast,fast,3.152171601972757,97.71731966115547,0.0,0.0,0.0
424,423,February,31,fast,fast,3.152171601972757,88.2608048552372,0.0,0.0,0.0
424,423,January,31,fast,fast,3.152171601972757,97.71731966115547,0.0,0.0,0.0
424,423,July,31,fast,fast,4.534611991794037,140.57297174561515,0.0,0.0,0.0
424,423,July,32,fast,fast,4.035711962989334,125.10707085266934,0.0,0.0,0.0
424,423,June,7,fast,fast,0.12186166666666666,3.6558499999999996,0.0,0.0,0.0
424,423,June,31,fast,fast,4.534611991794037,136.0383597538211,0.0,0.0,0.0
424,423,June,32,fast,fast,4.534611991794037,136.0383597538211,0.0,0.0,0.0
424,423,March,31,fast,fast,3.152171601972757,97.71731966115547,0.0,0.0,0.0
424,423,May,31,medium,medium,1.3824403898212836,42.85565208445979,0.0,0.0,0.0
424,423,May,31,fast,fast,3.152171601972757,97.71731966115547,0.0,0.0,0.0
424,423,May,32,fast,fast,4.534611991794037,140.57297174561515,0.0,0.0,0.0
424,423,November,31,fast,fast,3.152171601972757,94.56514805918272,0.0,0.0,0.0
424,423,October,31,fast,fast,3.152171601972757,97.71731966115547,0.0,0.0,0.0
424,423,September,31,fast,fast,3.152171601972757,94.56514805918272,0.0,0.0,0.0
424,451,August,31,fast,medium,1.38244038982128,42.85565208445968,0.0,0.0,0.0
424,451,December,31,medium,medium,1.3824403898212836,42.85565208445979,0.0,0.0,0.0
424,451,February,31,medium,medium,1.3824403898212836,38.70833091499594,0.0,0.0,0.0
424,451,January,31,fast,medium,1.3824403898212836,42.85565208445979,0.0,0.0,0.0
424,451,March,31,fast,medium,1.38244038982128,42.85565208445968,0.0,0.0,0.0
424,451,November,31,medium,medium,1.3824403898212836,41.47321169463851,0.0,0.0,0.0
424,451,October,31,fast,medium,1.3824403898212836,42.85565208445979,0.0,0.0,0.0
424,451,September,31,medium,medium,1.3824403898212836,41.47321169463851,0.0,0.0,0.0
425,426,April,26,fast,fast,13.634171549858069,409.02514649574204,0.0,0.0,0.0
425,426,April,27,fast,fast,1.757950775330123,52.73852325990369,0.0,0.0,0.0
425,426,April,36,fast,fast,9.357257379986795,280.7177213996038,0.0,0.0,0.0
425,426,August,26,fast,fast,1.9341100847612305,59.957412627598146,0.0,0.0,0.0
425,426,August,36,fast,fast,9.357257379986795,290.07497877959065,0.0,0.0,0.0
425,426,December,36,fast,fast,9.357257379986795,290.07497877959065,0.0,0.0,0.0
425,426,February,36,fast,fast,9.357257379986795,262.00320663963026,0.0,0.0,0.0
425,426,January,36,fast,fast,9.357257379986795,290.07497877959065,0.0,0.0,0.0
425,426,July,36,fast,fast,9.357257379986795,290.07497877959065,0.0,0.0,0.0
425,426,June,26,fast,fast,13.634171549858069,409.02514649574204,0.0,0.0,0.0
425,426,June,27,fast,fast,2.4907807753301228,74.72342325990368,0.0,0.0,0.0
425,426,June,36,fast,fast,9.357257379986795,280.7177213996038,0.0,0.0,0.0
425,426,March,26,fast,fast,1.306316778309621,40.49582012759825,0.0,0.0,0.0
425,426,March,36,fast,fast,9.357257379986795,290.07497877959065,0.0,0.0,0.0
425,426,May,24,fast,fast,0.24845892169969797,7.702226572690637,0.0,0.0,0.0
425,426,May,36,fast,fast,9.357257379986795,290.07497877959065,0.0,0.0,0.0
425,426,November,36,fast,fast,9.357257379986795,280.7177213996038,0.0,0.0,0.0
425,426,October,36,fast,fast,9.357257379986795,290.07497877959065,0.0,0.0,0.0
425,426,September,26,fast,fast,5.445225778309619,163.35677334928857,0.0,0.0,0.0
425,426,September,36,fast,fast,9.357257379986795,280.7177213996038,0.0,0.0,0.0
426,453,April,20,medium,medium,0.41609164773795726,12.482749432138718,0.0,0.0,0.0
426,453,April,28,fast,medium,7.968636911942099,239.05910735826296,0.0,0.0,0.0
426,453,April,29,fast,medium,0.24040840579710143,7.212252173913043,0.0,0.0,0.0
426,453,August,20,medium,medium,0.41609164773795726,12.898841079876675,0.0,0.0,0.0
426,453,August,28,medium,medium,7.968636911942099,247.02774427020506,0.0,0.0,0.0
426,453,December,20,fast,medium,0.41609164773795726,12.898841079876675,0.0,0.0,0.0
426,453,December,28,medium,medium,7.968636911942099,247.02774427020506,0.0,0.0,0.0
426,453,February,20,medium,medium,0.41609164773795726,11.650566136662803,0.0,0.0,0.0
426,453,February,28,fast,medium,7.968636911942099,223.12183353437877,0.0,0.0,0.0
426,453,January,20,medium,medium,0.41609164773795726,12.898841079876675,0.0,0.0,0.0
426,453,January,28,fast,medium,7.968636911942099,247.02774427020506,0.0,0.0,0.0
426,453,July,20,fast,medium,0.41609164773795726,12.898841079876675,0.0,0.0,0.0
426,453,July,28,medium,medium,7.968636911942099,247.02774427020506,0.0,0.0,0.0
426,453,June,20,medium,medium,0.41609164773795726,12.482749432138718,0.0,0.0,0.0
426,453,June,28,fast,medium,7.968636911942099,239.05910735826296,0.0,0.0,0.0
426,453,March,20,fast,medium,0.41609164773795726,12.898841079876675,0.0,0.0,0.0
426,453,March,28,medium,medium,7.968636911942099,247.02774427020506,0.0,0.0,0.0
426,453,May,20,medium,medium,0.41609164773795726,12.898841079876675,0.0,0.0,0.0
426,453,May,28,medium,medium,7.968636911942099,247.02774427020506,0.0,0.0,0.0
426,453,November,20,fast,medium,0.41609164773795726,12.482749432138718,0.0,0.0,0.0
426,453,November,28,medium,medium,7.968636911942099,239.05910735826296,0.0,0.0,0.0
426,453,October,20,medium,medium,0.41609164773795726,12.898841079876675,0.0,0.0,0.0
426,453,October,28,medium,medium,7.968636911942099,247.02774427020506,0.0,0.0,0.0
426,453,September,20,medium,medium,0.41609164773795726,12.482749432138718,0.0,0.0,0.0
426,453,September,28,fast,medium,7.968636911942099,239.05910735826296,0.0,0.0,0.0
427,400,May,16,fast,medium,2.648591355527497,82.1063320213524,0.0,0.0,0.0
428,401,April,25,fast,fast,0.20328086120571243,6.098425836171373,0.0,0.0,0.0
428,401,April,31,fast,fast,5.867921669832741,176.03765009498224,0.0,0.0,0.0
428,401,April,32,fast,fast,11.695524666666667,350.86574,0.0,0.0,0.0
428,401,April,33,fast,fast,0.9425595628014647,28.27678688404394,0.0,0.0,0.0
428,401,June,25,fast,fast,0.1,3.0,0.0,0.0,0.0
428,401,June,31,fast,fast,3.0934579198327405,92.80373759498221,0.0,0.0,0.0
428,401,June,32,fast,fast,12.64949868714265,379.4849606142795,0.0,0.0,0.0
428,401,June,39,fast,fast,5.279100165642287,158.3730049692686,0.0,0.0,0.0
428,401,March,33,fast,fast,0.45780263434677515,14.19188166475003,0.0,0.0,0.0
428,401,May,39,fast,fast,11.463092335186786,355.3558623907904,0.0,0.0,0.0
428,429,April,31,fast,fast,11.372249460405156,341.16748381215467,0.0,0.0,0.0
428,429,April,33,fast,fast,1.6700881879245757,50.10264563773727,0.0,0.0,0.0
428,429,August,33,fast,fast,2.6126477507260404,80.99208027250725,0.0,0.0,0.0
428,429,December,33,fast,fast,2.6126477507260404,80.99208027250725,0.0,0.0,0.0
428,429,February,33,fast,fast,2.6126477507260404,73.15413702032913,0.0,0.0,0.0
428,429,January,33,fast,fast,2.6126477507260404,80.99208027250725,0.0,0.0,0.0
428,429,July,33,fast,fast,2.6126477507260404,80.99208027250725,0.0,0.0,0.0
428,429,June,31,fast,fast,14.146713210405157,424.4013963121547,0.0,0.0,0.0
428,429,June,32,fast,fast,0.8317960833333338,24.953882500000013,0.0,0.0,0.0
428,429,June,33,fast,fast,7.75801903880177,232.7405711640531,0.0,0.0,0.0
428,429,March,33,fast,fast,2.1548451163792652,66.80019860775722,0.0,0.0,0.0
428,429,May,33,fast,fast,7.016402339877038,217.50847253618818,0.0,0.0,0.0
428,429,November,33,fast,fast,2.6126477507260404,78.37943252178121,0.0,0.0,0.0
428,429,October,33,fast,fast,2.6126477507260404,80.99208027250725,0.0,0.0,0.0
428,429,September,18,fast,fast,2.654435300978424,79.63305902935272,0.0,0.0,0.0
428,429,September,33,fast,fast,2.6126477507260404,78.37943252178121,0.0,0.0,0.0
428,456,April,39,fast,fast,11.463092335186786,343.8927700556036,0.0,0.0,0.0
428,456,August,19,fast,fast,2.0542603511954916,63.682070887060235,0.0,0.0,0.0
428,456,August,39,fast,fast,11.463092335186786,355.3558623907904,0.0,0.0,0.0
428,456,December,39,fast,fast,11.463092335186786,355.3558623907904,0.0,0.0,0.0
428,456,February,39,fast,fast,11.463092335186786,320.96658538523,0.0,0.0,0.0
428,456,January,39,fast,fast,11.463092335186786,355.3558623907904,0.0,0.0,0.0
428,456,July,39,fast,fast,11.463092335186786,355.3558623907904,0.0,0.0,0.0
428,456,June,39,fast,fast,6.183992169544499,185.51976508633498,0.0,0.0,0.0
428,456,March,39,fast,fast,11.463092335186786,355.3558623907904,0.0,0.0,0.0
428,456,November,39,fast,fast,11.463092335186786,343.8927700556036,0.0,0.0,0.0
428,456,October,39,fast,fast,11.463092335186786,355.3558623907904,0.0,0.0,0.0
428,456,September,19,fast,fast,2.0542603511954916,61.62781053586475,0.0,0.0,0.0
428,456,September,39,fast,fast,11.463092335186786,343.8927700556036,0.0,0.0,0.0
429,401,September,20,fast,fast,10.219969298497244,306.59907895491733,0.0,0.0,0.0
429,428,April,20,fast,fast,2.9000880590062117,87.00264177018636,0.0,0.0,0.0
429,428,April,27,fast,fast,5.9227288657852455,177.68186597355736,0.0,0.0,0.0
429,428,August,27,fast,fast,5.2262522824519095,162.01382075600918,0.0,0.0,0.0
429,428,December,27,fast,fast,5.2262522824519095,162.01382075600918,0.0,0.0,0.0
429,428,February,27,fast,fast,5.2262522824519095,146.33506390865347,0.0,0.0,0.0
429,428,January,27,fast,fast,5.2262522824519095,162.01382075600918,0.0,0.0,0.0
429,428,July,27,fast,fast,5.2262522824519095,162.01382075600918,0.0,0.0,0.0
429,428,June,20,fast,fast,2.782293392339543,83.4688017701863,0.0,0.0,0.0
429,428,June,27,fast,fast,5.294037865785246,158.82113597355738,0.0,0.0,0.0
429,428,March,27,fast,fast,5.2262522824519095,162.01382075600918,0.0,0.0,0.0
429,428,May,27,fast,fast,5.2262522824519095,162.01382075600918,0.0,0.0,0.0
429,428,November,27,fast,fast,5.2262522824519095,156.7875684735573,0.0,0.0,0.0
429,428,October,27,fast,fast,5.2262522824519095,162.01382075600918,0.0,0.0,0.0
429,428,September,27,fast,fast,5.2262522824519095,156.7875684735573,0.0,0.0,0.0
430,457,April,18,fast,medium,3.849370481966446,115.48111445899337,0.0,0.0,0.0
430,457,April,20,fast,fast,19.94002878618263,598.2008635854789,0.0,0.0,0.0
430,457,August,18,fast,medium,3.849370481966446,119.33048494095982,0.0,0.0,0.0
430,457,December,18,fast,fast,3.849370481966446,119.33048494095982,0.0,0.0,0.0
430,457,February,18,fast,medium,3.849370481966446,107.78237349506048,0.0,0.0,0.0
430,457,February,21,fast,fast,1.9063821263482268,53.37869953775035,0.0,0.0,0.0
430,457,January,18,medium,medium,3.849370481966446,119.33048494095982,0.0,0.0,0.0
430,457,July,18,fast,fast,3.849370481966446,119.33048494095982,0.0,0.0,0.0
430,457,June,18,fast,medium,3.849370481966446,115.48111445899337,0.0,0.0,0.0
430,457,June,20,fast,fast,19.94002878618263,598.2008635854789,0.0,0.0,0.0
430,457,March,18,fast,fast,3.849370481966446,119.33048494095982,0.0,0.0,0.0
430,457,March,20,fast,fast,2.5075787861826315,77.73494237166157,0.0,0.0,0.0
430,457,March,21,fast,fast,0.7147300004233017,22.156630013122353,0.0,0.0,0.0
430,457,May,18,fast,medium,3.849370481966446,119.33048494095982,0.0,0.0,0.0
430,457,May,19,fast,medium,0.3067359291974121,9.508813805119775,0.0,0.0,0.0
430,457,May,20,fast,fast,12.28540827700833,380.8476565872582,0.0,0.0,0.0
430,457,November,18,fast,medium,3.849370481966446,115.48111445899337,0.0,0.0,0.0
430,457,October,18,fast,fast,3.849370481966446,119.33048494095982,0.0,0.0,0.0
430,457,September,18,fast,medium,3.849370481966446,115.48111445899337,0.0,0.0,0.0
430,457,September,20,fast,fast,0.9862957861826356,29.588873585479067,0.0,0.0,0.0
431,432,April,19,fast,fast,1.614459433324038,48.433782999721146,0.0,0.0,0.0
431,432,April,20,fast,fast,0.8016590830115824,24.049772490347472,0.0,0.0,0.0
431,432,August,19,fast,fast,0.583011583011583,18.07335907335907,0.0,0.0,0.0
431,432,August,20,fast,fast,0.583011583011583,18.07335907335907,0.0,0.0,0.0
431,432,December,19,fast,fast,0.583011583011583,18.07335907335907,0.0,0.0,0.0
431,432,December,20,fast,fast,0.583011583011583,18.07335907335907,0.0,0.0,0.0
431,432,February,19,fast,fast,0.583011583011583,16.324324324324323,0.0,0.0,0.0
431,432,February,20,fast,fast,0.583011583011583,16.324324324324323,0.0,0.0,0.0
431,432,January,19,fast,fast,0.583011583011583,18.07335907335907,0.0,0.0,0.0
431,432,January,20,fast,fast,0.583011583011583,18.07335907335907,0.0,0.0,0.0
431,432,July,19,fast,fast,0.583011583011583,18.07335907335907,0.0,0.0,0.0
431,432,July,20,fast,fast,0.583011583011583,18.07335907335907,0.0,0.0,0.0
431,432,June,19,fast,fast,0.7676937496782479,23.030812490347436,0.0,0.0,0.0
431,432,June,20,fast,fast,0.7676937496782479,23.030812490347436,0.0,0.0,0.0
431,432,March,19,fast,fast,0.583011583011583,18.07335907335907,0.0,0.0,0.0
431,432,March,20,fast,fast,0.583011583011583,18.07335907335907,0.0,0.0,0.0
431,432,May,19,fast,fast,0.583011583011583,18.07335907335907,0.0,0.0,0.0
431,432,May,20,fast,fast,0.583011583011583,18.07335907335907,0.0,0.0,0.0
431,432,November,19,fast,fast,0.583011583011583,17.49034749034749,0.0,0.0,0.0
431,432,November,20,fast,fast,0.583011583011583,17.49034749034749,0.0,0.0,0.0
431,432,October,19,fast,fast,0.583011583011583,18.07335907335907,0.0,0.0,0.0
431,432,October,20,fast,fast,0.583011583011583,18.07335907335907,0.0,0.0,0.0
431,432,September,19,fast,fast,0.583011583011583,17.49034749034749,0.0,0.0,0.0
431,432,September,20,fast,fast,0.583011583011583,17.49034749034749,0.0,0.0,0.0
431,459,June,28,medium,medium,0.1,3.0,0.0,0.0,0.0
431,459,June,31,medium,medium,2.95183892131514,88.5551676394542,0.0,0.0,0.0
432,404,June,29,fast,medium,2.2171234103661157,66.51370231098348,0.0,0.0,0.0
433,405,April,18,medium,medium,2.2926434112150034,68.7793023364501,0.0,0.0,0.0
433,405,August,18,medium,medium,2.2926434112150034,71.0719457476651,0.0,0.0,0.0
433,405,December,18,medium,medium,2.2926434112150034,71.0719457476651,0.0,0.0,0.0
433,405,February,17,fast,medium,2.3592357142857145,66.05860000000001,0.0,0.0,0.0
433,405,February,18,fast,medium,2.3592357142857145,66.05860000000001,0.0,0.0,0.0
433,405,July,18,medium,medium,2.2926434112150034,71.0719457476651,0.0,0.0,0.0
433,405,June,17,medium,medium,0.516548588119278,15.496457643578339,0.0,0.0,0.0
433,405,June,18,fast,medium,6.860289161215,205.80867483645,0.0,0.0,0.0
433,405,March,18,medium,medium,2.2926434112150034,71.0719457476651,0.0,0.0,0.0
433,405,May,18,fast,medium,5.452201395085972,169.0182432476651,0.0,0.0,0.0
433,405,November,18,medium,medium,2.2926434112150034,68.7793023364501,0.0,0.0,0.0
433,405,September,17,fast,medium,0.8441167368421061,25.32350210526318,0.0,0.0,0.0
433,405,September,18,fast,medium,3.4557599999999997,103.6728,0.0,0.0,0.0
433,460,April,22,fast,fast,5.727836382046856,171.83509146140568,0.0,0.0,0.0
433,460,January,18,fast,medium,2.2926434112150034,71.0719457476651,0.0,0.0,0.0
433,460,June,20,fast,medium,7.617569143874375,228.52707431623125,0.0,0.0,0.0
433,460,June,21,fast,fast,4.407375240931536,132.22125722794607,0.0,0.0,0.0
433,460,June,22,fast,fast,5.005652798713523,150.1695839614057,0.0,0.0,0.0
433,460,May,22,fast,fast,2.8228468067780383,87.50825101011918,0.0,0.0,0.0
433,460,October,18,medium,medium,2.2926434112150034,71.0719457476651,0.0,0.0,0.0
433,460,September,22,fast,fast,8.355348837209299,250.66046511627894,0.0,0.0,0.0
434,461,April,38,medium,medium,1.6679216974967943,50.03765092490383,0.0,0.0,0.0
434,461,August,38,fast,medium,1.6679216974967943,51.705572622400624,0.0,0.0,0.0
434,461,December,38,medium,medium,1.6679216974967943,51.705572622400624,0.0,0.0,0.0
434,461,February,38,medium,medium,1.6679216974967943,46.70180752991024,0.0,0.0,0.0
434,461,January,38,medium,medium,1.6679216974967943,51.705572622400624,0.0,0.0,0.0
434,461,July,38,medium,medium,1.6679216974967943,51.705572622400624,0.0,0.0,0.0
434,461,June,38,fast,medium,1.6679216974967943,50.03765092490383,0.0,0.0,0.0
434,461,March,38,medium,medium,1.6679216974967943,51.705572622400624,0.0,0.0,0.0
434,461,May,38,medium,medium,1.6679216974967943,51.705572622400624,0.0,0.0,0.0
434,461,November,38,medium,medium,1.6679216974967943,50.03765092490383,0.0,0.0,0.0
434,461,October,38,medium,medium,1.6679216974967943,51.705572622400624,0.0,0.0,0.0
434,461,September,38,medium,medium,1.6679216974967943,50.03765092490383,0.0,0.0,0.0
435,434,June,34,fast,medium,4.168390035609562,125.05170106828686,0.0,0.0,0.0
435,434,May,34,fast,medium,4.168390035609562,129.22009110389644,0.0,0.0,0.0
435,434,September,20,fast,medium,0.6795989862728753,20.38796958818626,0.0,0.0,0.0
435,436,April,34,fast,medium,4.168390035609562,125.05170106828686,0.0,0.0,0.0
435,436,August,34,medium,medium,4.168390035609562,129.22009110389644,0.0,0.0,0.0
435,436,December,34,medium,medium,4.168390035609562,129.22009110389644,0.0,0.0,0.0
435,436,February,34,fast,medium,4.168390035609562,116.71492099706774,0.0,0.0,0.0
435,436,January,34,fast,medium,4.168390035609562,129.22009110389644,0.0,0.0,0.0
435,436,July,34,fast,medium,4.168390035609562,129.22009110389644,0.0,0.0,0.0
435,436,June,32,fast,medium,2.3991872755937393,71.97561826781218,0.0,0.0,0.0
435,436,March,34,fast,medium,4.168390035609562,129.22009110389644,0.0,0.0,0.0
435,436,November,34,fast,medium,4.168390035609562,125.05170106828686,0.0,0.0,0.0
435,436,October,34,fast,medium,4.168390035609562,129.22009110389644,0.0,0.0,0.0
435,436,September,34,fast,medium,4.168390035609562,125.05170106828686,0.0,0.0,0.0
436,408,April,26,fast,fast,15.130607286534037,453.9182185960211,0.0,0.0,0.0
436,408,April,36,fast,fast,1.5723393870704996,47.17018161211499,0.0,0.0,0.0
436,408,April,37,fast,fast,0.4766063776943348,14.298191330830043,0.0,0.0,0.0
436,408,August,36,fast,fast,2.0196175806451615,62.60814500000001,0.0,0.0,0.0
436,408,August,37,fast,fast,2.2856590783132207,70.85543142770985,0.0,0.0,0.0
436,408,December,36,fast,fast,3.481672649436092,107.93185213251886,0.0,0.0,0.0
436,408,December,37,fast,fast,2.979647711027667,92.36907904185767,0.0,0.0,0.0
436,408,February,36,fast,fast,3.727722518099686,104.3762305067912,0.0,0.0,0.0
436,408,February,37,fast,fast,2.979647711027667,83.43013590877467,0.0,0.0,0.0
436,408,January,36,fast,fast,4.213200720403833,130.6092223325188,0.0,0.0,0.0
436,408,January,37,fast,fast,2.979647711027667,92.36907904185767,0.0,0.0,0.0
436,408,July,36,fast,fast,2.6812240945973826,83.11794693251886,0.0,0.0,0.0
436,408,July,37,fast,fast,0.37574577554379474,11.648119041857637,0.0,0.0,0.0
436,408,June,26,fast,fast,14.762630458389978,442.8789137516993,0.0,0.0,0.0
436,408,June,33,fast,fast,7.150114983507363,214.50344950522089,0.0,0.0,0.0
436,408,June,36,fast,fast,1.303726053737165,39.11178161211495,0.0,0.0,0.0
436,408,June,37,fast,fast,0.36694771102766666,11.00843133083,0.0,0.0,0.0
436,408,March,36,fast,fast,1.8022479720167368,55.86968713251884,0.0,0.0,0.0
436,408,March,37,fast,fast,0.4796477110276669,14.869079041857674,0.0,0.0,0.0
436,408,May,33,fast,fast,5.248300381356824,162.69731182206155,0.0,0.0,0.0
436,408,May,36,fast,fast,1.4064329784683487,43.59942233251881,0.0,0.0,0.0
436,408,May,37,fast,fast,0.40646061425347213,12.600279041857636,0.0,0.0,0.0
436,408,November,36,fast,fast,4.213200720403833,126.39602161211499,0.0,0.0,0.0
436,408,November,37,fast,fast,1.1085823043610006,33.25746913083002,0.0,0.0,0.0
436,408,October,36,fast,fast,4.213200720403833,130.6092223325188,0.0,0.0,0.0
436,408,October,37,fast,fast,2.979647711027667,92.36907904185767,0.0,0.0,0.0
436,408,September,36,fast,fast,4.113200720403832,123.39602161211495,0.0,0.0,0.0
436,408,September,37,fast,fast,1.2777676185545488,38.333028556636464,0.0,0.0,0.0
436,464,April,33,fast,medium,0.6298026666666666,18.89408,0.0,0.0,0.0
436,464,April,34,fast,medium,0.6298026666666666,18.89408,0.0,0.0,0.0
436,464,April,35,medium,medium,0.14086133333333334,4.22584,0.0,0.0,0.0
436,464,April,36,fast,medium,2.6408613333333335,79.22584,0.0,0.0,0.0
436,464,April,37,fast,medium,2.5030413333333335,75.09124,0.0,0.0,0.0
436,464,August,36,fast,medium,2.1935831397586725,68.00107733251885,0.0,0.0,0.0
436,464,August,37,fast,medium,0.6939886327144461,21.51364761414783,0.0,0.0,0.0
436,464,December,36,fast,medium,0.7315280709677419,22.6773702,0.0,0.0,0.0
436,464,February,17,medium,medium,0.5551142857142858,15.543200000000002,0.0,0.0,0.0
436,464,February,18,fast,medium,0.5551142857142858,15.543200000000002,0.0,0.0,0.0
436,464,February,36,fast,medium,0.48547820230414795,13.593389664516142,0.0,0.0,0.0
436,464,July,36,fast,medium,1.531976625806451,47.491275399999985,0.0,0.0,0.0
436,464,July,37,fast,medium,2.603901935483871,80.72095999999999,0.0,0.0,0.0
436,464,June,33,fast,medium,0.8589715600717529,25.769146802152587,0.0,0.0,0.0
436,464,June,34,fast,medium,1.0160986666666667,30.482960000000002,0.0,0.0,0.0
436,464,June,35,medium,medium,0.40947466666666665,12.28424,0.0,0.0,0.0
436,464,June,36,fast,medium,2.9094746666666667,87.28424,0.0,0.0,0.0
436,464,June,37,fast,medium,2.6127,78.381,0.0,0.0,0.0
436,464,June,38,fast,medium,0.15286702344085976,4.586010703225793,0.0,0.0,0.0
436,464,March,36,fast,medium,2.410952748387097,74.7395352,0.0,0.0,0.0
436,464,March,37,fast,medium,2.5,77.5,0.0,0.0,0.0
436,464,May,33,fast,medium,0.943301935483871,29.24236,0.0,0.0,0.0
436,464,May,34,fast,medium,0.943301935483871,29.24236,0.0,0.0,0.0
436,464,May,35,fast,medium,0.30676774193548384,9.509799999999998,0.0,0.0,0.0
436,464,May,36,fast,medium,2.806767741935484,87.0098,0.0,0.0,0.0
436,464,May,37,fast,medium,2.5731870967741934,79.7688,0.0,0.0,0.0
436,464,May,38,fast,medium,0.1,3.1,0.0,0.0,0.0
436,464,May,39,fast,medium,2.0431263008602127,63.33691532666659,0.0,0.0,0.0
436,464,November,17,medium,medium,0.20454799999999998,6.1364399999999995,0.0,0.0,0.0
436,464,November,18,fast,medium,0.20454799999999998,6.1364399999999995,0.0,0.0,0.0
436,464,November,37,fast,medium,1.871065406666667,56.13196220000001,0.0,0.0,0.0
436,464,September,36,fast,medium,0.1,3.0,0.0,0.0,0.0
436,464,September,37,fast,medium,1.701880092473117,51.05640277419351,0.0,0.0,0.0
437,465,April,14,fast,medium,1.1033351580954514,33.10005474286354,0.0,0.0,0.0
437,465,April,15,medium,medium,4.38807341248553,131.6422023745659,0.0,0.0,0.0
437,465,April,25,fast,medium,2.86232077181387,85.8696231544161,0.0,0.0,0.0
437,465,April,39,fast,medium,0.6050648800000001,18.151946400000003,0.0,0.0,0.0
437,465,August,25,medium,medium,2.86232077181387,88.73194392622997,0.0,0.0,0.0
437,465,December,25,medium,medium,2.86232077181387,88.73194392622997,0.0,0.0,0.0
437,465,February,25,medium,medium,2.86232077181387,80.14498161078836,0.0,0.0,0.0
437,465,January,25,fast,medium,2.86232077181387,88.73194392622997,0.0,0.0,0.0
437,465,July,15,fast,medium,2.2853098096123405,70.84460409798255,0.0,0.0,0.0
437,465,July,25,medium,medium,2.86232077181387,88.73194392622997,0.0,0.0,0.0
437,465,June,9,fast,medium,0.5604260795833337,16.81278238750001,0.0,0.0,0.0
437,465,June,14,medium,medium,2.7814973023714344,83.44491907114303,0.0,0.0,0.0
437,465,June,15,fast,medium,0.1,3.0,0.0,0.0,0.0
437,465,June,25,fast,medium,2.86232077181387,85.8696231544161,0.0,0.0,0.0
437,465,June,38,medium,medium,0.6872564176068074,20.617692528204223,0.0,0.0,0.0
437,465,June,39,medium,medium,2.1001936955181923,63.00581086554577,0.0,0.0,0.0
437,465,June,40,fast,medium,0.12312058333333334,3.6936175,0.0,0.0,0.0
437,465,March,25,fast,medium,2.86232077181387,88.73194392622997,0.0,0.0,0.0
437,465,May,25,fast,medium,2.86232077181387,88.73194392622997,0.0,0.0,0.0
437,465,May,38,fast,medium,0.3339161290322581,10.351400000000002,0.0,0.0,0.0
437,465,May,39,medium,medium,0.1,3.1,0.0,0.0,0.0
437,465,May,40,fast,medium,1.4709168034274198,45.59842090625001,0.0,0.0,0.0
437,465,November,15,fast,medium,0.1,3.0,0.0,0.0,0.0
437,465,November,25,fast,medium,2.86232077181387,85.8696231544161,0.0,0.0,0.0
437,465,October,25,medium,medium,2.86232077181387,88.73194392622997,0.0,0.0,0.0
437,465,September,25,medium,medium,6.4423812659718465,193.2714379791554,0.0,0.0,0.0
438,439,April,20,fast,fast,0.9914620809250749,29.743862427752248,0.0,0.0,0.0
438,439,April,27,fast,fast,0.7670862817397364,23.01258845219209,0.0,0.0,0.0
438,439,April,30,fast,fast,4.407755180243321,132.2326554072996,0.0,0.0,0.0
438,439,August,20,fast,fast,0.9914620809250749,30.735324508677323,0.0,0.0,0.0
438,439,August,22,fast,fast,0.6851889939045259,21.240858811040304,0.0,0.0,0.0
438,439,August,27,fast,fast,0.7670862817397364,23.779674733931827,0.0,0.0,0.0
438,439,August,30,fast,fast,3.308778513576655,102.57213392087631,0.0,0.0,0.0
438,439,December,20,fast,fast,0.9914620809250749,30.735324508677323,0.0,0.0,0.0
438,439,December,27,fast,fast,0.7670862817397364,23.779674733931827,0.0,0.0,0.0
438,439,December,30,fast,fast,3.308778513576655,102.57213392087631,0.0,0.0,0.0
438,439,February,20,fast,fast,0.9914620809250749,27.760938265902098,0.0,0.0,0.0
438,439,February,27,fast,fast,0.7670862817397364,21.478415888712618,0.0,0.0,0.0
438,439,February,30,fast,fast,3.308778513576655,92.64579838014635,0.0,0.0,0.0
438,439,January,20,fast,fast,0.9914620809250749,30.735324508677323,0.0,0.0,0.0
438,439,January,27,fast,fast,0.7670862817397364,23.779674733931827,0.0,0.0,0.0
438,439,January,30,fast,fast,3.308778513576655,102.57213392087631,0.0,0.0,0.0
438,439,July,20,fast,fast,0.9914620809250749,30.735324508677323,0.0,0.0,0.0
438,439,July,21,fast,fast,6.597897322395745,204.5348169942681,0.0,0.0,0.0
438,439,July,22,fast,fast,3.4413119777754977,106.68067131104043,0.0,0.0,0.0
438,439,July,27,fast,fast,0.7869140102964174,24.39433431918894,0.0,0.0,0.0
438,439,July,29,fast,fast,5.933572347410095,183.94074276971295,0.0,0.0,0.0
438,439,July,30,fast,fast,14.884060483870966,461.405875,0.0,0.0,0.0
438,439,June,20,fast,fast,0.9914620809250749,29.743862427752248,0.0,0.0,0.0
438,439,June,27,fast,fast,0.7670862817397364,23.01258845219209,0.0,0.0,0.0
438,439,June,30,fast,fast,3.308778513576655,99.26335540729966,0.0,0.0,0.0
438,439,March,20,fast,fast,0.9914620809250749,30.735324508677323,0.0,0.0,0.0
438,439,March,27,fast,fast,0.7670862817397364,23.779674733931827,0.0,0.0,0.0
438,439,March,30,fast,fast,3.308778513576655,102.57213392087631,0.0,0.0,0.0
438,439,May,20,fast,fast,0.9914620809250749,30.735324508677323,0.0,0.0,0.0
438,439,May,27,fast,fast,0.7670862817397364,23.779674733931827,0.0,0.0,0.0
438,439,May,30,fast,fast,3.308778513576655,102.57213392087631,0.0,0.0,0.0
438,439,November,20,fast,fast,0.9914620809250749,29.743862427752248,0.0,0.0,0.0
438,439,November,27,fast,fast,0.7670862817397364,23.01258845219209,0.0,0.0,0.0
438,439,November,30,fast,fast,3.308778513576655,99.26335540729966,0.0,0.0,0.0
438,439,October,20,fast,fast,0.9914620809250749,30.735324508677323,0.0,0.0,0.0
438,439,October,27,fast,fast,0.7670862817397364,23.779674733931827,0.0,0.0,0.0
438,439,October,30,fast,fast,3.308778513576655,102.57213392087631,0.0,0.0,0.0
438,439,September,20,fast,fast,0.42493880097025283,12.748164029107585,0.0,0.0,0.0
438,439,September,21,fast,fast,5.97950814659124,179.38524439773718,0.0,0.0,0.0
438,439,September,22,fast,fast,1.705327972399151,51.15983917197453,0.0,0.0,0.0
438,439,September,27,fast,fast,0.7670862817397364,23.01258845219209,0.0,0.0,0.0
438,439,September,30,fast,fast,3.308778513576655,99.26335540729966,0.0,0.0,0.0
438,466,September,20,medium,medium,0.5665232799548221,16.995698398644663,0.0,0.0,0.0
439,438,April,14,fast,fast,8.24514197502461,247.35425925073832,0.0,0.0,0.0
439,438,April,15,fast,fast,11.498977634094144,344.96932902282435,0.0,0.0,0.0
439,438,April,16,fast,fast,1.2435689299487365,37.307067898462094,0.0,0.0,0.0
439,438,April,32,fast,fast,4.119517454165706,123.58552362497119,0.0,0.0,0.0
439,438,April,35,fast,fast,6.6662951024337005,199.988853073011,0.0,0.0,0.0
439,438,August,16,fast,fast,1.2435689299487365,38.55063682841083,0.0,0.0,0.0
439,438,August,35,fast,fast,6.6662951024337005,206.6551481754447,0.0,0.0,0.0
439,438,December,16,fast,fast,1.2435689299487365,38.55063682841083,0.0,0.0,0.0
439,438,December,35,fast,fast,6.6662951024337005,206.6551481754447,0.0,0.0,0.0
439,438,February,16,fast,fast,1.2435689299487365,34.81993003856462,0.0,0.0,0.0
439,438,February,35,fast,fast,6.6662951024337005,186.6562628681436,0.0,0.0,0.0
439,438,January,16,fast,fast,1.2435689299487365,38.55063682841083,0.0,0.0,0.0
439,438,January,35,fast,fast,6.6662951024337005,206.6551481754447,0.0,0.0,0.0
439,438,July,16,fast,fast,1.2435689299487365,38.55063682841083,0.0,0.0,0.0
439,438,July,35,fast,fast,6.6662951024337005,206.6551481754447,0.0,0.0,0.0
439,438,June,16,fast,fast,1.2435689299487365,37.307067898462094,0.0,0.0,0.0
439,438,June,32,fast,fast,2.406194296472627,72.18582889417881,0.0,0.0,0.0
439,438,June,35,fast,fast,6.6662951024337005,199.988853073011,0.0,0.0,0.0
439,438,March,16,fast,fast,1.2435689299487365,38.55063682841083,0.0,0.0,0.0
439,438,March,35,fast,fast,6.6662951024337005,206.6551481754447,0.0,0.0,0.0
439,438,May,16,fast,fast,1.2435689299487365,38.55063682841083,0.0,0.0,0.0
439,438,May,35,fast,fast,6.6662951024337005,206.6551481754447,0.0,0.0,0.0
439,438,November,16,fast,fast,1.2435689299487365,37.307067898462094,0.0,0.0,0.0
439,438,November,35,fast,fast,6.6662951024337005,199.988853073011,0.0,0.0,0.0
439,438,October,16,fast,fast,1.2435689299487365,38.55063682841083,0.0,0.0,0.0
439,438,October,35,fast,fast,6.6662951024337005,206.6551481754447,0.0,0.0,0.0
439,438,September,16,fast,fast,1.2435689299487365,37.307067898462094,0.0,0.0,0.0
439,438,September,35,fast,fast,6.6662951024337005,199.988853073011,0.0,0.0,0.0
441,442,April,20,medium,medium,1.3014274802408696,39.04282440722609,0.0,0.0,0.0
441,442,April,27,medium,medium,0.9336817753405882,28.010453260217645,0.0,0.0,0.0
441,442,April,28,fast,medium,0.18418682584563584,5.525604775369075,0.0,0.0,0.0
441,442,August,27,fast,medium,0.9336817753405882,28.944135035558233,0.0,0.0,0.0
441,442,August,28,medium,medium,0.18418682584563584,5.709791601214711,0.0,0.0,0.0
441,442,December,27,fast,medium,0.9336817753405882,28.944135035558233,0.0,0.0,0.0
441,442,December,28,fast,medium,0.3534599193548387,10.9572575,0.0,0.0,0.0
441,442,February,27,fast,medium,0.9336817753405882,26.14308970953647,0.0,0.0,0.0
441,442,February,28,medium,medium,0.18418682584563584,5.1572311236778035,0.0,0.0,0.0
441,442,January,27,fast,medium,0.9336817753405882,28.944135035558233,0.0,0.0,0.0
441,442,January,28,fast,medium,0.18418682584563584,5.709791601214711,0.0,0.0,0.0
441,442,July,27,fast,medium,0.9336817753405882,28.944135035558233,0.0,0.0,0.0
441,442,July,28,fast,medium,0.18418682584563584,5.709791601214711,0.0,0.0,0.0
441,442,June,20,medium,medium,1.2334968135742006,37.00490440722602,0.0,0.0,0.0
441,442,June,26,medium,medium,1.9210996468381571,57.63298940514471,0.0,0.0,0.0
441,442,June,27,medium,medium,9.616949174154362,288.50847522463084,0.0,0.0,0.0
441,442,June,28,fast,medium,9.67113065917897,290.1339197753691,0.0,0.0,0.0
441,442,March,27,fast,medium,0.9336817753405882,28.944135035558233,0.0,0.0,0.0
441,442,March,28,medium,medium,0.18418682584563584,5.709791601214711,0.0,0.0,0.0
441,442,May,27,fast,medium,0.9336817753405882,28.944135035558233,0.0,0.0,0.0
441,442,May,28,medium,medium,0.18418682584563584,5.709791601214711,0.0,0.0,0.0
441,442,November,27,medium,medium,0.9336817753405882,28.010453260217645,0.0,0.0,0.0
441,442,November,28,fast,medium,0.18418682584563584,5.525604775369075,0.0,0.0,0.0
441,442,October,27,fast,medium,0.9336817753405882,28.944135035558233,0.0,0.0,0.0
441,442,October,28,fast,medium,0.18418682584563584,5.709791601214711,0.0,0.0,0.0
441,442,September,27,fast,medium,0.9336817753405882,28.010453260217645,0.0,0.0,0.0
441,442,September,28,fast,medium,0.18418682584563584,5.525604775369075,0.0,0.0,0.0
442,441,April,2,fast,medium,4.245847949327526,127.37543847982579,0.0,0.0,0.0
442,441,April,18,medium,medium,3.769060327414376,113.07180982243128,0.0,0.0,0.0
442,441,August,2,fast,medium,4.245847949327526,131.62128642915332,0.0,0.0,0.0
442,441,December,2,medium,medium,4.245847949327526,131.62128642915332,0.0,0.0,0.0
442,441,February,2,fast,medium,4.245847949327526,118.88374258117074,0.0,0.0,0.0
442,441,January,2,medium,medium,4.245847949327526,131.62128642915332,0.0,0.0,0.0
442,441,July,2,medium,medium,4.245847949327526,131.62128642915332,0.0,0.0,0.0
442,441,June,2,fast,medium,4.245847949327526,127.37543847982579,0.0,0.0,0.0
442,441,June,17,medium,medium,4.028648894781664,120.85946684344992,0.0,0.0,0.0
442,441,June,18,medium,medium,9.241205475644067,277.236164269322,0.0,0.0,0.0
442,441,June,24,medium,medium,1.1807500134467626,35.42250040340288,0.0,0.0,0.0
442,441,June,25,fast,medium,1.1099962655721471,33.299887967164416,0.0,0.0,0.0
442,441,March,2,medium,medium,4.245847949327526,131.62128642915332,0.0,0.0,0.0
442,441,May,2,fast,medium,4.245847949327526,131.62128642915332,0.0,0.0,0.0
442,441,May,17,medium,medium,2.7408970745923487,84.9678093123628,0.0,0.0,0.0
442,441,May,18,medium,medium,3.4830043708053573,107.97313549496607,0.0,0.0,0.0
442,441,November,2,fast,medium,4.245847949327526,127.37543847982579,0.0,0.0,0.0
442,441,October,2,fast,medium,4.245847949327526,131.62128642915332,0.0,0.0,0.0
442,441,September,2,fast,medium,4.245847949327526,127.37543847982579,0.0,0.0,0.0
444,445,April,40,medium,medium,13.232022342057391,396.9606702617217,0.0,0.0,0.0
444,445,August,40,fast,medium,13.232022342057391,410.1926926037791,0.0,0.0,0.0
444,445,December,40,medium,medium,13.232022342057391,410.1926926037791,0.0,0.0,0.0
444,445,February,40,fast,medium,13.232022342057391,370.49662557760695,0.0,0.0,0.0
444,445,January,40,fast,medium,13.232022342057391,410.1926926037791,0.0,0.0,0.0
444,445,July,40,fast,medium,13.232022342057391,410.1926926037791,0.0,0.0,0.0
444,445,June,40,medium,medium,13.232022342057391,396.9606702617217,0.0,0.0,0.0
444,445,March,40,fast,medium,13.232022342057391,410.1926926037791,0.0,0.0,0.0
444,445,May,40,medium,medium,13.232022342057391,410.1926926037791,0.0,0.0,0.0
444,445,November,40,fast,medium,13.232022342057391,396.9606702617217,0.0,0.0,0.0
444,445,October,40,fast,medium,13.232022342057391,410.1926926037791,0.0,0.0,0.0
444,445,September,40,fast,medium,13.232022342057391,396.9606702617217,0.0,0.0,0.0
445,473,April,4,medium,medium,6.8623109187278715,205.86932756183614,0.0,0.0,0.0
445,473,April,5,fast,medium,1.720996023046169,51.62988069138507,0.0,0.0,0.0
445,473,August,4,fast,medium,6.8623109187278715,212.73163848056402,0.0,0.0,0.0
445,473,August,5,medium,medium,1.720996023046169,53.35087671443124,0.0,0.0,0.0
445,473,December,4,medium,medium,6.8623109187278715,212.73163848056402,0.0,0.0,0.0
445,473,December,5,medium,medium,1.720996023046169,53.35087671443124,0.0,0.0,0.0
445,473,February,4,fast,medium,6.8623109187278715,192.1447057243804,0.0,0.0,0.0
445,473,February,5,fast,medium,1.720996023046169,48.18788864529273,0.0,0.0,0.0
445,473,January,4,medium,medium,6.8623109187278715,212.73163848056402,0.0,0.0,0.0
445,473,January,5,fast,medium,1.720996023046169,53.35087671443124,0.0,0.0,0.0
445,473,July,4,medium,medium,6.8623109187278715,212.73163848056402,0.0,0.0,0.0
445,473,July,5,fast,medium,1.720996023046169,53.35087671443124,0.0,0.0,0.0
445,473,June,4,medium,medium,6.8623109187278715,205.86932756183614,0.0,0.0,0.0
445,473,June,5,medium,medium,1.720996023046169,51.62988069138507,0.0,0.0,0.0
445,473,June,32,medium,medium,1.1924119241192412,35.77235772357724,0.0,0.0,0.0
445,473,June,33,fast,medium,1.9051850000000001,57.155550000000005,0.0,0.0,0.0
445,473,June,34,medium,medium,1.9051850000000001,57.155550000000005,0.0,0.0,0.0
445,473,March,4,fast,medium,6.8623109187278715,212.73163848056402,0.0,0.0,0.0
445,473,March,5,fast,medium,1.720996023046169,53.35087671443124,0.0,0.0,0.0
445,473,May,4,medium,medium,6.8623109187278715,212.73163848056402,0.0,0.0,0.0
445,473,May,5,fast,medium,1.720996023046169,53.35087671443124,0.0,0.0,0.0
445,473,November,4,medium,medium,6.8623109187278715,205.86932756183614,0.0,0.0,0.0
445,473,November,5,fast,medium,1.720996023046169,51.62988069138507,0.0,0.0,0.0
445,473,October,4,fast,medium,6.8623109187278715,212.73163848056402,0.0,0.0,0.0
445,473,October,5,fast,medium,1.720996023046169,53.35087671443124,0.0,0.0,0.0
445,473,September,4,medium,medium,6.8623109187278715,205.86932756183614,0.0,0.0,0.0
445,473,September,5,fast,medium,1.720996023046169,51.62988069138507,0.0,0.0,0.0
447,448,April,33,fast,medium,2.1636728550940987,64.91018565282296,0.0,0.0,0.0
447,448,August,33,medium,medium,2.1636728550940987,67.07385850791707,0.0,0.0,0.0
447,448,December,33,medium,medium,2.1636728550940987,67.07385850791707,0.0,0.0,0.0
447,448,February,33,fast,medium,2.1636728550940987,60.58283994263476,0.0,0.0,0.0
447,448,January,33,fast,medium,2.1636728550940987,67.07385850791707,0.0,0.0,0.0
447,448,July,33,medium,medium,2.1636728550940987,67.07385850791707,0.0,0.0,0.0
447,448,June,33,medium,medium,2.1636728550940987,64.91018565282296,0.0,0.0,0.0
447,448,March,33,fast,medium,2.1636728550940987,67.07385850791707,0.0,0.0,0.0
447,448,May,33,fast,medium,2.1636728550940987,67.07385850791707,0.0,0.0,0.0
447,448,November,33,medium,medium,2.1636728550940987,64.91018565282296,0.0,0.0,0.0
447,448,October,33,fast,medium,2.1636728550940987,67.07385850791707,0.0,0.0,0.0
447,448,September,33,medium,medium,2.1636728550940987,64.91018565282296,0.0,0.0,0.0
448,421,April,41,medium,medium,0.34510618651892894,10.353185595567869,0.0,0.0,0.0
448,421,April,42,fast,medium,5.0,150.0,0.0,0.0,0.0
448,421,April,44,fast,medium,1.3757335480644066,41.2720064419322,0.0,0.0,0.0
448,421,June,26,fast,medium,0.6024741170092325,18.074223510276973,0.0,0.0,0.0
448,421,June,41,medium,medium,0.34510618651892894,10.353185595567869,0.0,0.0,0.0
448,421,June,42,medium,medium,5.0,150.0,0.0,0.0,0.0
448,421,June,43,fast,medium,5.0,150.0,0.0,0.0,0.0
448,421,June,44,medium,medium,3.2516110501477407,97.54833150443221,0.0,0.0,0.0
448,421,March,41,fast,medium,0.1,3.1,0.0,0.0,0.0
448,421,March,42,medium,medium,1.2379435858870966,38.3762511625,0.0,0.0,0.0
448,421,May,41,medium,medium,0.34510618651892894,10.698291782086796,0.0,0.0,0.0
448,421,May,42,medium,medium,5.0,155.0,0.0,0.0,0.0
448,421,May,43,fast,medium,5.0,155.0,0.0,0.0,0.0
448,421,May,44,medium,medium,1.1555326840455873,35.821513205413204,0.0,0.0,0.0
450,423,June,13,fast,fast,3.4874626178974006,104.62387853692202,0.0,0.0,0.0
450,423,June,14,fast,fast,6.815500767189405,204.46502301568214,0.0,0.0,0.0
450,423,June,15,fast,fast,8.230963883137797,246.9289164941339,0.0,0.0,0.0
450,423,May,15,fast,fast,8.230963883137797,255.1598803772717,0.0,0.0,0.0
450,477,April,39,fast,medium,3.592079594225517,107.7623878267655,0.0,0.0,0.0
450,477,August,39,medium,medium,4.698574469225517,145.65580854599102,0.0,0.0,0.0
450,477,December,39,medium,medium,5.70147031599971,176.74557979599103,0.0,0.0,0.0
450,477,February,39,medium,medium,5.0,140.0,0.0,0.0,0.0
450,477,January,39,medium,medium,6.092079594225517,188.85446742099103,0.0,0.0,0.0
450,477,July,39,fast,medium,3.7912658301126148,117.52924073349105,0.0,0.0,0.0
450,477,June,34,medium,medium,1.7781726666666668,53.345180000000006,0.0,0.0,0.0
450,477,June,35,fast,medium,1.5412902808333326,46.23870842499998,0.0,0.0,0.0
450,477,June,38,medium,medium,0.197225,5.91675,0.0,0.0,0.0
450,477,June,39,fast,medium,3.5414820942255183,106.24446282676556,0.0,0.0,0.0
450,477,March,39,medium,medium,3.592079594225517,111.35446742099103,0.0,0.0,0.0
450,477,May,35,fast,medium,1.1369347217741943,35.24497637500002,0.0,0.0,0.0
450,477,May,38,medium,medium,0.1280774193548387,3.9704,0.0,0.0,0.0
450,477,May,39,medium,medium,3.590765884548098,111.31374242099105,0.0,0.0,0.0
450,477,November,39,fast,medium,5.0,150.0,0.0,0.0,0.0
450,477,October,39,medium,medium,6.092079594225517,188.85446742099103,0.0,0.0,0.0
450,477,September,39,fast,medium,5.48917829785455,164.6753489356365,0.0,0.0,0.0
450,478,April,39,fast,medium,2.5,75.0,0.0,0.0,0.0
450,478,August,39,medium,medium,1.3935051250000001,43.19865887500001,0.0,0.0,0.0
450,478,December,39,medium,medium,0.39060927822580666,12.108887625000007,0.0,0.0,0.0
450,478,February,39,fast,medium,1.0920795942255168,30.57822863831447,0.0,0.0,0.0
450,478,July,39,medium,medium,2.300813764112902,71.32522668749996,0.0,0.0,0.0
450,478,June,39,medium,medium,2.5505975,76.51792499999999,0.0,0.0,0.0
450,478,March,34,medium,medium,0.28695,8.89545,0.0,0.0,0.0
450,478,March,38,medium,medium,2.5,77.5,0.0,0.0,0.0
450,478,March,39,medium,medium,2.5,77.5,0.0,0.0,0.0
450,478,March,40,fast,medium,0.5077364607786461,15.739830284138028,0.0,0.0,0.0
450,478,May,38,medium,medium,0.13722580645161292,4.2540000000000004,0.0,0.0,0.0
450,478,May,39,fast,medium,2.501313709677419,77.540725,0.0,0.0,0.0
450,478,May,40,fast,medium,0.8369762721774185,25.946264437499973,0.0,0.0,0.0
450,478,November,39,medium,medium,1.0920795942255168,32.762387826765504,0.0,0.0,0.0
450,478,September,39,fast,medium,0.6029012963709667,18.087038891129,0.0,0.0,0.0
451,423,April,19,fast,fast,0.2407473948975925,7.222421846927775,0.0,0.0,0.0
451,423,June,17,fast,fast,1.5253323751347467,45.759971254042405,0.0,0.0,0.0
451,423,June,18,fast,fast,1.2845049948200788,38.535149844602365,0.0,0.0,0.0
451,423,June,19,fast,fast,0.2407473948975925,7.222421846927775,0.0,0.0,0.0
451,423,May,17,fast,fast,1.5253323751347467,47.28530362917715,0.0,0.0,0.0
451,423,May,18,fast,fast,1.2845049948200788,39.81965483942244,0.0,0.0,0.0
451,423,May,19,fast,fast,0.2407473948975925,7.4631692418253675,0.0,0.0,0.0
451,424,April,18,fast,medium,3.2339202299676604,97.01760689902981,0.0,0.0,0.0
451,424,February,18,fast,medium,1.4118227829537617,39.53103792270533,0.0,0.0,0.0
451,424,June,18,fast,medium,1.9494152351475815,58.48245705442744,0.0,0.0,0.0
451,424,May,18,fast,medium,1.9494152351475815,60.431872289575026,0.0,0.0,0.0
451,478,March,31,fast,medium,1.0738070458404076,33.288018421052634,0.0,0.0,0.0
451,478,March,33,fast,medium,0.28695,8.89545,0.0,0.0,0.0
452,424,May,16,medium,medium,2.7310672914715344,84.66308603561757,0.0,0.0,0.0
452,453,December,26,medium,medium,0.14493161290322581,4.49288,0.0,0.0,0.0
452,453,December,27,fast,medium,0.1,3.1,0.0,0.0,0.0
452,453,February,26,medium,medium,0.4603507142857143,12.88982,0.0,0.0,0.0
452,453,February,27,medium,medium,0.5333128571428571,14.93276,0.0,0.0,0.0
452,453,January,26,fast,medium,0.27062709677419355,8.38944,0.0,0.0,0.0
452,453,January,27,fast,medium,0.1,3.1,0.0,0.0,0.0
452,453,March,26,fast,medium,0.62258,19.29998,0.0,0.0,0.0
452,453,March,27,fast,medium,0.1,3.1,0.0,0.0,0.0
452,453,November,26,medium,medium,0.27277866666666667,8.18336,0.0,0.0,0.0
452,453,November,27,fast,medium,0.20399666666666663,6.119899999999999,0.0,0.0,0.0
452,453,October,26,medium,medium,0.4123464516129032,12.782739999999999,0.0,0.0,0.0
452,453,October,27,medium,medium,0.1,3.1,0.0,0.0,0.0
452,479,April,26,fast,fast,8.603554238216706,258.1066271465012,0.0,0.0,0.0
452,479,April,27,fast,fast,0.1,3.0,0.0,0.0,0.0
452,479,August,26,fast,fast,8.603554238216706,266.7101813847179,0.0,0.0,0.0
452,479,August,27,fast,fast,0.1,3.1,0.0,0.0,0.0
452,479,December,26,fast,fast,8.45862262531348,262.21730138471787,0.0,0.0,0.0
452,479,February,26,fast,fast,8.14320352393099,228.00969867006773,0.0,0.0,0.0
452,479,January,26,fast,fast,8.332927141442513,258.3207413847179,0.0,0.0,0.0
452,479,July,26,fast,fast,8.603554238216706,266.7101813847179,0.0,0.0,0.0
452,479,July,27,fast,fast,0.1,3.1,0.0,0.0,0.0
452,479,June,17,fast,fast,0.19400462785146289,5.820138835543887,0.0,0.0,0.0
452,479,June,23,fast,fast,6.9089456869009584,207.26837060702874,0.0,0.0,0.0
452,479,June,24,fast,fast,5.591054313099041,167.73162939297123,0.0,0.0,0.0
452,479,June,25,fast,fast,11.260144308947897,337.8043292684369,0.0,0.0,0.0
452,479,June,26,fast,fast,14.576173833333332,437.28521499999994,0.0,0.0,0.0
452,479,June,27,fast,fast,19.918731636379576,597.5619490913873,0.0,0.0,0.0
452,479,June,28,fast,fast,13.614707405489384,408.4412221646815,0.0,0.0,0.0
452,479,March,26,fast,fast,7.980974238216707,247.4102013847179,0.0,0.0,0.0
452,479,May,15,fast,fast,4.001391788448156,124.04314544189282,0.0,0.0,0.0
452,479,May,16,fast,fast,9.795028741931388,303.645890999873,0.0,0.0,0.0
452,479,May,17,fast,fast,3.4725121781489214,107.64787752261657,0.0,0.0,0.0
452,479,May,26,fast,fast,8.603554238216706,266.7101813847179,0.0,0.0,0.0
452,479,May,27,fast,fast,0.1,3.1,0.0,0.0,0.0
452,479,November,26,fast,fast,8.330775571550038,249.92326714650116,0.0,0.0,0.0
452,479,October,26,fast,fast,8.191207786603803,253.9274413847179,0.0,0.0,0.0
452,479,September,26,fast,fast,8.603554238216706,258.1066271465012,0.0,0.0,0.0
452,479,September,27,fast,fast,0.1,3.0,0.0,0.0,0.0
453,426,April,15,fast,fast,1.0545939999999998,31.637819999999994,0.0,0.0,0.0
453,426,April,16,fast,fast,1.0545939999999998,31.637819999999994,0.0,0.0,0.0
453,426,April,21,fast,fast,0.42487295839881867,12.74618875196456,0.0,0.0,0.0
453,426,April,22,fast,fast,1.0555988216828247,31.66796465048474,0.0,0.0,0.0
453,426,April,23,fast,fast,1.554698321682828,46.64094965048484,0.0,0.0,0.0
453,426,April,24,fast,fast,6.275730990562234,188.27192971686702,0.0,0.0,0.0
453,426,April,25,fast,fast,14.36672862151654,431.0018586454962,0.0,0.0,0.0
453,426,April,30,fast,fast,7.6622023676248086,229.86607102874424,0.0,0.0,0.0
453,426,April,32,fast,fast,12.614445879276062,378.4333763782819,0.0,0.0,0.0
453,426,August,25,fast,fast,2.267336927968155,70.2874447670128,0.0,0.0,0.0
453,426,August,30,fast,fast,2.7911904838709685,86.52690500000003,0.0,0.0,0.0
453,426,August,32,fast,fast,12.614445879276062,391.0478222575579,0.0,0.0,0.0
453,426,December,32,fast,fast,12.614445879276062,391.0478222575579,0.0,0.0,0.0
453,426,February,32,fast,fast,12.614445879276062,353.2044846197297,0.0,0.0,0.0
453,426,January,32,fast,fast,12.614445879276062,391.0478222575579,0.0,0.0,0.0
453,426,July,25,fast,fast,5.865889669903642,181.8425797670129,0.0,0.0,0.0
453,426,July,30,fast,fast,5.054164032258063,156.67908499999996,0.0,0.0,0.0
453,426,July,32,fast,fast,12.614445879276062,391.0478222575579,0.0,0.0,0.0
453,426,June,15,fast,fast,6.409580223684208,192.28740671052626,0.0,0.0,0.0
453,426,June,16,fast,fast,3.099888,92.99664,0.0,0.0,0.0
453,426,June,21,fast,fast,0.923972458398822,27.71917375196466,0.0,0.0,0.0
453,426,June,22,fast,fast,1.554698321682828,46.64094965048484,0.0,0.0,0.0
453,426,June,24,fast,fast,6.424032600428259,192.72097801284775,0.0,0.0,0.0
453,426,June,25,fast,fast,18.797841333333334,563.93524,0.0,0.0,0.0
453,426,June,30,fast,fast,7.603845700958142,228.11537102874425,0.0,0.0,0.0
453,426,June,31,fast,fast,8.185816548772594,245.57449646317784,0.0,0.0,0.0
453,426,June,32,fast,fast,12.614445879276062,378.4333763782819,0.0,0.0,0.0
453,426,June,37,fast,fast,1.24674375,37.4023125,0.0,0.0,0.0
453,426,June,38,fast,fast,1.24674375,37.4023125,0.0,0.0,0.0
453,426,June,40,fast,fast,0.29852525,8.9557575,0.0,0.0,0.0
453,426,March,14,fast,fast,0.4638541935483872,14.379480000000003,0.0,0.0,0.0
453,426,March,15,fast,fast,5.066953306451613,157.07555250000001,0.0,0.0,0.0
453,426,March,16,fast,fast,5.066953306451613,157.07555250000001,0.0,0.0,0.0
453,426,March,25,fast,fast,1.6395436215165455,50.82585226701291,0.0,0.0,0.0
453,426,March,32,fast,fast,12.614445879276062,391.0478222575579,0.0,0.0,0.0
453,426,May,15,fast,fast,16.42903770648951,509.3001689011748,0.0,0.0,0.0
453,426,May,16,fast,fast,15.861484349944005,491.70601484826415,0.0,0.0,0.0
453,426,May,17,fast,fast,0.25648140414078435,7.950923528364315,0.0,0.0,0.0
453,426,May,21,medium,medium,5.151264838709679,159.68921000000006,0.0,0.0,0.0
453,426,May,21,fast,fast,0.923972458398822,28.643146210363483,0.0,0.0,0.0
453,426,May,22,fast,fast,5.531468383391932,171.47551988514988,0.0,0.0,0.0
453,426,May,23,fast,medium,7.831138955597865,242.76530762353383,0.0,0.0,0.0
453,426,May,23,fast,fast,1.554698321682828,48.19564797216767,0.0,0.0,0.0
453,426,May,24,fast,fast,6.978750830613125,216.34127574900685,0.0,0.0,0.0
453,426,May,25,fast,fast,18.607633548387096,576.83664,0.0,0.0,0.0
453,426,May,30,fast,fast,7.477780002033411,231.81118006303575,0.0,0.0,0.0
453,426,May,31,fast,fast,6.7350700499243,208.7871715476533,0.0,0.0,0.0
453,426,May,32,fast,fast,12.614445879276062,391.0478222575579,0.0,0.0,0.0
453,426,May,35,fast,fast,3.39361814516129,105.2021625,0.0,0.0,0.0
453,426,May,37,fast,fast,0.8096322580645161,25.098599999999998,0.0,0.0,0.0
453,426,May,38,fast,fast,4.57726238081314,141.89513380520734,0.0,0.0,0.0
453,426,May,40,fast,fast,0.31257484748738207,9.689820272108845,0.0,0.0,0.0
453,426,May,41,fast,fast,2.0408163265306123,63.26530612244898,0.0,0.0,0.0
453,426,May,42,fast,fast,0.14625850340136057,4.534013605442178,0.0,0.0,0.0
453,426,May,44,fast,fast,5.402542372881356,167.47881355932205,0.0,0.0,0.0
453,426,November,32,fast,fast,12.614445879276062,378.4333763782819,0.0,0.0,0.0
453,426,October,32,fast,fast,12.614445879276062,391.0478222575579,0.0,0.0,0.0
453,426,September,25,fast,fast,5.778452621516544,173.3535786454963,0.0,0.0,0.0
453,426,September,30,fast,fast,2.2811154999999985,68.43346499999996,0.0,0.0,0.0
453,426,September,32,fast,fast,12.614445879276062,378.4333763782819,0.0,0.0,0.0
454,426,April,26,fast,fast,0.7539800074046656,22.61940022213997,0.0,0.0,0.0
454,426,April,27,fast,fast,13.004157474669874,390.1247242400962,0.0,0.0,0.0
454,426,August,26,fast,fast,0.7539800074046656,23.373380229544637,0.0,0.0,0.0
454,426,August,27,fast,fast,13.74763016553009,426.1765351314328,0.0,0.0,0.0
454,426,December,26,fast,fast,0.5184661364369241,16.072450229544646,0.0,0.0,0.0
454,426,December,27,fast,fast,17.22284339133654,533.9081451314328,0.0,0.0,0.0
454,426,February,27,fast,fast,13.956209998479398,390.77387995742316,0.0,0.0,0.0
454,426,January,26,fast,fast,0.7539800074046656,23.373380229544637,0.0,0.0,0.0
454,426,January,27,fast,fast,17.32284339133654,537.0081451314328,0.0,0.0,0.0
454,426,July,26,fast,fast,0.7539800074046656,23.373380229544637,0.0,0.0,0.0
454,426,July,27,fast,fast,13.55519766553009,420.21112763143276,0.0,0.0,0.0
454,426,June,26,fast,fast,1.2493032358562175,37.479097075686525,0.0,0.0,0.0
454,426,June,27,fast,fast,12.954016474669874,388.6204942400962,0.0,0.0,0.0
454,426,March,26,fast,fast,0.7539800074046656,23.373380229544637,0.0,0.0,0.0
454,426,March,27,fast,fast,13.99151960101396,433.73710763143276,0.0,0.0,0.0
454,426,May,26,fast,fast,0.7539800074046656,23.373380229544637,0.0,0.0,0.0
454,426,May,27,fast,fast,17.32284339133654,537.0081451314328,0.0,0.0,0.0
454,426,November,26,fast,fast,0.5210056932310736,15.630170796932209,0.0,0.0,0.0
454,426,November,27,fast,fast,16.991348808003206,509.7404642400962,0.0,0.0,0.0
454,426,October,26,fast,fast,0.7539800074046656,23.373380229544637,0.0,0.0,0.0
454,426,October,27,fast,fast,16.723327423594604,518.4231501314327,0.0,0.0,0.0
454,426,September,26,fast,fast,0.7539800074046656,22.61940022213997,0.0,0.0,0.0
454,426,September,27,fast,fast,13.774677224669874,413.2403167400962,0.0,0.0,0.0
454,480,April,27,fast,medium,4.3186859166666665,129.5605775,0.0,0.0,0.0
454,480,August,27,medium,medium,3.5752132258064515,110.83161,0.0,0.0,0.0
454,480,December,26,medium,medium,0.23551387096774196,7.300930000000001,0.0,0.0,0.0
454,480,December,27,fast,medium,0.1,3.1,0.0,0.0,0.0
454,480,February,26,fast,medium,0.7539800074046656,21.111440207330638,0.0,0.0,0.0
454,480,February,27,medium,medium,3.3666333928571426,94.26573499999999,0.0,0.0,0.0
454,480,July,27,medium,medium,3.7676457258064513,116.7970175,0.0,0.0,0.0
454,480,June,26,medium,medium,4.453507833333333,133.605235,0.0,0.0,0.0
454,480,June,27,medium,medium,4.3688269166666664,131.0648075,0.0,0.0,0.0
454,480,June,28,medium,medium,2.4231766012587928,72.69529803776378,0.0,0.0,0.0
454,480,March,27,medium,medium,3.3313237903225805,103.27103749999999,0.0,0.0,0.0
454,480,November,26,fast,medium,0.23297431417359207,6.989229425207762,0.0,0.0,0.0
454,480,November,27,medium,medium,0.33149458333333326,9.944837499999998,0.0,0.0,0.0
454,480,October,27,medium,medium,0.5995159677419355,18.584995,0.0,0.0,0.0
454,480,September,27,fast,medium,3.5481661666666664,106.44498499999999,0.0,0.0,0.0
455,456,April,14,fast,fast,4.194234527753416,125.82703583260248,0.0,0.0,0.0
455,456,April,15,fast,fast,6.7470448092397115,202.41134427719135,0.0,0.0,0.0
455,456,August,15,fast,fast,1.6852884289858139,52.24394129856023,0.0,0.0,0.0
455,456,August,26,fast,fast,7.517678797039109,233.04804270821236,0.0,0.0,0.0
455,456,July,14,fast,fast,4.825192777753417,149.58097611035592,0.0,0.0,0.0
455,456,July,15,fast,fast,7.818577637196702,242.37590675309775,0.0,0.0,0.0
455,456,June,14,fast,fast,10.320539777753412,309.61619333260234,0.0,0.0,0.0
455,456,June,15,fast,fast,5.441292142573046,163.23876427719136,0.0,0.0,0.0
455,456,March,26,fast,fast,6.088296297039115,188.73718520821257,0.0,0.0,0.0
455,456,September,26,fast,fast,6.017023707626535,180.51071122879605,0.0,0.0,0.0
455,481,April,31,medium,medium,1.682233,50.46699,0.0,0.0,0.0
455,481,June,31,medium,medium,2.0396792500000003,61.19037750000001,0.0,0.0,0.0
455,481,June,34,medium,medium,0.6807514549861517,20.422543649584554,0.0,0.0,0.0
455,481,June,37,fast,medium,0.14791875000000002,4.4375625,0.0,0.0,0.0
455,482,June,31,medium,medium,2.61208534255656,78.3625602766968,0.0,0.0,0.0
456,428,April,23,fast,fast,1.275671601461184,38.27014804383552,0.0,0.0,0.0
456,428,April,28,fast,fast,16.032944581203665,480.98833743611,0.0,0.0,0.0
456,428,April,29,fast,fast,9.966981758789707,299.00945276369123,0.0,0.0,0.0
456,428,August,28,fast,fast,2.589427422985274,80.2722501125435,0.0,0.0,0.0
456,428,August,29,fast,fast,1.7365227419354845,53.832205000000016,0.0,0.0,0.0
456,428,December,28,fast,fast,5.920299418998226,183.529281988945,0.0,0.0,0.0
456,428,February,28,fast,fast,5.920299418998226,165.76838373195034,0.0,0.0,0.0
456,428,January,28,fast,fast,5.920299418998226,183.529281988945,0.0,0.0,0.0
456,428,July,28,fast,fast,8.692063492063491,269.45396825396824,0.0,0.0,0.0
456,428,June,12,fast,fast,1.2201905117163878,36.60571535149163,0.0,0.0,0.0
456,428,June,28,fast,fast,15.869607176463958,476.0882152939188,0.0,0.0,0.0
456,428,March,28,fast,fast,5.920299418998226,183.529281988945,0.0,0.0,0.0
456,428,May,28,fast,fast,5.920299418998226,183.529281988945,0.0,0.0,0.0
456,428,November,28,fast,fast,5.920299418998226,177.6089825699468,0.0,0.0,0.0
456,428,October,28,fast,fast,5.920299418998226,183.529281988945,0.0,0.0,0.0
456,428,September,28,fast,fast,3.3633894229852714,100.90168268955814,0.0,0.0,0.0
456,428,September,29,fast,fast,1.1688121666666653,35.06436499999996,0.0,0.0,0.0
456,457,August,28,fast,fast,3.3308719960129523,103.25703187640153,0.0,0.0,0.0
456,457,September,28,fast,fast,2.5569099960129567,76.7072998803887,0.0,0.0,0.0
457,430,April,33,fast,fast,16.96298308037538,508.8894924112614,0.0,0.0,0.0
457,430,August,33,fast,fast,18.6991077592684,579.6723405373205,0.0,0.0,0.0
457,430,December,33,fast,fast,1.0992548270420457,34.076899638303416,0.0,0.0,0.0
457,430,February,33,fast,fast,1.099254827042131,30.779135157179667,0.0,0.0,0.0
457,430,January,33,fast,fast,1.0992548270420457,34.076899638303416,0.0,0.0,0.0
457,430,July,33,fast,fast,16.736363744783986,518.8272760883036,0.0,0.0,0.0
457,430,June,33,fast,fast,17.234862012875368,517.045860386261,0.0,0.0,0.0
457,430,March,33,fast,fast,9.932324827042045,307.9020696383034,0.0,0.0,0.0
457,430,May,33,fast,fast,12.415186343574305,384.87077665080346,0.0,0.0,0.0
457,430,November,33,fast,fast,1.0992548270420457,32.97764481126137,0.0,0.0,0.0
457,430,October,33,fast,fast,1.0992548270420457,34.076899638303416,0.0,0.0,0.0
457,430,September,33,fast,fast,1.0992548270420457,32.97764481126137,0.0,0.0,0.0
457,458,April,31,fast,fast,3.083500697859481,92.50502093578444,0.0,0.0,0.0
457,458,April,32,fast,fast,9.772972666666666,293.18917999999996,0.0,0.0,0.0
457,458,April,33,fast,fast,9.136271746666669,274.08815240000007,0.0,0.0,0.0
457,458,August,33,fast,fast,7.400147067773641,229.40455910098288,0.0,0.0,0.0
457,458,December,33,fast,fast,25.0,775.0,0.0,0.0,0.0
457,458,February,33,fast,fast,25.0,700.0,0.0,0.0,0.0
457,458,January,33,fast,fast,25.0,775.0,0.0,0.0,0.0
457,458,July,33,fast,fast,9.362891082258063,290.24962354999997,0.0,0.0,0.0
457,458,June,32,fast,fast,8.680570211457393,260.4171063437218,0.0,0.0,0.0
457,458,June,33,fast,fast,14.740098814166668,442.20296442500006,0.0,0.0,0.0
457,458,March,33,fast,fast,16.16693,501.17483000000004,0.0,0.0,0.0
457,458,May,33,fast,fast,13.684068483467742,424.2061229875,0.0,0.0,0.0
457,458,November,33,fast,fast,25.0,750.0,0.0,0.0,0.0
457,458,October,33,fast,fast,25.0,775.0,0.0,0.0,0.0
457,458,September,24,fast,fast,1.918311782896371,57.54935348689113,0.0,0.0,0.0
457,458,September,33,fast,fast,25.0,750.0,0.0,0.0,0.0
457,483,April,14,fast,fast,14.437384978275325,433.12154934825975,0.0,0.0,0.0
457,483,April,16,fast,fast,3.846332030565609,115.38996091696828,0.0,0.0,0.0
457,483,July,16,fast,fast,3.846332030565609,119.23629294753388,0.0,0.0,0.0
457,483,June,14,fast,fast,12.167409761580316,365.0222928474095,0.0,0.0,0.0
458,457,April,17,medium,medium,3.0637850616290194,91.91355184887058,0.0,0.0,0.0
458,457,August,17,medium,medium,3.0637850616290194,94.9773369104996,0.0,0.0,0.0
458,457,December,17,medium,medium,3.0637850616290194,94.9773369104996,0.0,0.0,0.0
458,457,February,17,fast,medium,3.0637850616290194,85.78598172561254,0.0,0.0,0.0
458,457,January,17,fast,medium,3.0637850616290194,94.9773369104996,0.0,0.0,0.0
458,457,July,17,medium,medium,3.0637850616290194,94.9773369104996,0.0,0.0,0.0
458,457,June,17,medium,medium,3.0637850616290194,91.91355184887058,0.0,0.0,0.0
458,457,June,19,medium,medium,3.0533268359028867,91.5998050770866,0.0,0.0,0.0
458,457,March,17,medium,medium,3.0637850616290194,94.9773369104996,0.0,0.0,0.0
458,457,May,15,medium,medium,5.965757052432124,184.93846862539584,0.0,0.0,0.0
458,457,May,15,fast,fast,2.6095855560564445,80.89715223774978,0.0,0.0,0.0
458,457,May,16,fast,fast,1.7566728963929563,54.456859788181646,0.0,0.0,0.0
458,457,May,17,fast,medium,12.873927697187263,399.09175861280517,0.0,0.0,0.0
458,457,May,19,fast,fast,3.0533268359028867,94.6531319129895,0.0,0.0,0.0
458,457,November,17,medium,medium,3.0637850616290194,91.91355184887058,0.0,0.0,0.0
458,457,October,17,medium,medium,3.0637850616290194,94.9773369104996,0.0,0.0,0.0
458,457,September,17,medium,medium,3.0637850616290194,91.91355184887058,0.0,0.0,0.0
459,431,June,17,medium,medium,2.2828794841853504,68.48638452556051,0.0,0.0,0.0
459,431,May,16,medium,medium,0.5369499499467025,16.64544844834778,0.0,0.0,0.0
459,431,May,17,medium,medium,5.3425869340486685,165.62019495550874,0.0,0.0,0.0
459,431,May,36,fast,medium,0.9011302419354837,27.935037499999996,0.0,0.0,0.0
459,432,April,15,fast,fast,8.249198774709653,247.47596324128958,0.0,0.0,0.0
459,432,April,16,fast,fast,7.134174143495088,214.02522430485263,0.0,0.0,0.0
459,432,April,18,fast,fast,10.152998602329452,304.58995806988355,0.0,0.0,0.0
459,432,April,19,fast,fast,8.683983009444209,260.51949028332626,0.0,0.0,0.0
459,432,August,16,fast,fast,7.134174143495088,221.1593984483477,0.0,0.0,0.0
459,432,December,16,fast,fast,7.134174143495088,221.1593984483477,0.0,0.0,0.0
459,432,February,16,fast,fast,6.790271911352231,190.12761351786247,0.0,0.0,0.0
459,432,January,16,fast,fast,7.134174143495088,221.1593984483477,0.0,0.0,0.0
459,432,July,16,fast,fast,7.134174143495088,221.1593984483477,0.0,0.0,0.0
459,432,July,18,fast,fast,10.172336259940222,315.3424240581469,0.0,0.0,0.0
459,432,June,7,fast,fast,0.106352,3.19056,0.0,0.0,0.0
459,432,June,8,fast,fast,0.106352,3.19056,0.0,0.0,0.0
459,432,June,13,fast,fast,0.3668670864843122,11.006012594529366,0.0,0.0,0.0
459,432,June,14,fast,fast,5.724871913515689,171.74615740547068,0.0,0.0,0.0
459,432,June,15,fast,fast,9.611336637298868,288.340099118966,0.0,0.0,0.0
459,432,June,16,fast,fast,18.07820299500832,542.3460898502495,0.0,0.0,0.0
459,432,June,18,fast,fast,12.28214823060707,368.4644469182121,0.0,0.0,0.0
459,432,June,19,fast,fast,8.56329767611087,256.89893028332614,0.0,0.0,0.0
459,432,March,16,fast,fast,7.134174143495088,221.1593984483477,0.0,0.0,0.0
459,432,May,14,fast,fast,4.88248620383827,151.35707231898635,0.0,0.0,0.0
459,432,May,15,fast,fast,7.723516609421024,239.42901489205175,0.0,0.0,0.0
459,432,May,16,fast,medium,1.9217970049916815,59.575707154742126,0.0,0.0,0.0
459,432,May,16,fast,fast,18.07820299500832,560.4242928452579,0.0,0.0,0.0
459,432,May,17,medium,medium,0.7963894576825368,24.68807318815864,0.0,0.0,0.0
459,432,May,18,fast,fast,9.698075077381265,300.64032739881924,0.0,0.0,0.0
459,432,May,19,fast,fast,3.142370832024856,97.41349579277053,0.0,0.0,0.0
459,432,November,16,fast,fast,7.034174143495088,211.02522430485263,0.0,0.0,0.0
459,432,October,16,fast,fast,7.134174143495088,221.1593984483477,0.0,0.0,0.0
459,432,September,16,fast,fast,7.134174143495088,214.02522430485263,0.0,0.0,0.0
459,486,February,16,medium,medium,0.34390223214285714,9.6292625,0.0,0.0,0.0
459,486,November,16,medium,medium,0.1,3.0,0.0,0.0,0.0
460,433,June,38,medium,medium,1.4345053940438035,43.035161821314105,0.0,0.0,0.0
460,433,May,38,medium,medium,2.4618408779147707,76.3170672153579,0.0,0.0,0.0
460,487,April,15,fast,fast,7.744461333333334,232.33384,0.0,0.0,0.0
460,487,April,16,fast,fast,9.89946929063693,296.98407871910786,0.0,0.0,0.0
460,487,April,17,fast,fast,2.0534193564136736,61.60258069241021,0.0,0.0,0.0
460,487,April,18,fast,fast,2.0534193564136736,61.60258069241021,0.0,0.0,0.0
460,487,April,19,fast,fast,6.792543848202396,203.77631544607186,0.0,0.0,0.0
460,487,June,15,fast,fast,9.177322666666667,275.31968,0.0,0.0,0.0
460,487,June,16,fast,fast,4.6117434389702625,138.35230316910787,0.0,0.0,0.0
460,487,June,17,fast,fast,15.262982689747005,457.8894806924102,0.0,0.0,0.0
460,487,June,18,fast,fast,6.118781948080345,183.56345844241037,0.0,0.0,0.0
460,487,June,19,fast,fast,6.882154514869065,206.46463544607195,0.0,0.0,0.0
460,487,September,20,fast,fast,0.11484650877193125,3.4453952631579376,0.0,0.0,0.0
461,433,August,2,fast,medium,2.006543925201617,62.20286168125012,0.0,0.0,0.0
461,433,July,2,medium,medium,3.893550692207981,120.70007145844741,0.0,0.0,0.0
461,433,July,3,medium,medium,2.6401591596681726,81.84493394971335,0.0,0.0,0.0
461,433,June,2,medium,medium,3.893550692207981,116.80652076623943,0.0,0.0,0.0
461,433,June,3,fast,medium,2.6401591596681726,79.20477479004518,0.0,0.0,0.0
461,433,May,2,medium,medium,3.893550692207981,120.70007145844741,0.0,0.0,0.0
461,433,May,3,fast,medium,2.6401591596681726,81.84493394971335,0.0,0.0,0.0
461,433,May,37,fast,medium,6.9197795468462955,214.51316595223517,0.0,0.0,0.0
461,433,November,2,medium,medium,0.21793900916666795,6.538170275000039,0.0,0.0,0.0
461,488,April,2,fast,fast,3.893550692207981,116.80652076623943,0.0,0.0,0.0
461,488,April,3,fast,fast,2.6401591596681726,79.20477479004518,0.0,0.0,0.0
461,488,August,2,fast,fast,1.8870067670063642,58.49720977719729,0.0,0.0,0.0
461,488,August,3,fast,fast,2.6401591596681726,81.84493394971335,0.0,0.0,0.0
461,488,December,2,fast,fast,3.893550692207981,120.70007145844741,0.0,0.0,0.0
461,488,December,3,fast,fast,2.6401591596681726,81.84493394971335,0.0,0.0,0.0
461,488,February,2,fast,fast,3.893550692207981,109.01941938182347,0.0,0.0,0.0
461,488,February,3,fast,fast,2.6401591596681726,73.92445647070883,0.0,0.0,0.0
461,488,January,2,fast,fast,3.893550692207981,120.70007145844741,0.0,0.0,0.0
461,488,January,3,fast,fast,2.6401591596681726,81.84493394971335,0.0,0.0,0.0
461,488,March,2,fast,fast,3.893550692207981,120.70007145844741,0.0,0.0,0.0
461,488,March,3,fast,fast,2.6401591596681726,81.84493394971335,0.0,0.0,0.0
461,488,November,2,fast,fast,3.6756116830413132,110.2683504912394,0.0,0.0,0.0
461,488,November,3,fast,fast,2.6401591596681726,79.20477479004518,0.0,0.0,0.0
461,488,October,2,fast,fast,3.893550692207981,120.70007145844741,0.0,0.0,0.0
461,488,October,3,fast,fast,2.6401591596681726,81.84493394971335,0.0,0.0,0.0
461,488,September,2,fast,fast,3.893550692207981,116.80652076623943,0.0,0.0,0.0
461,488,September,3,fast,fast,2.6401591596681726,79.20477479004518,0.0,0.0,0.0
462,463,April,24,fast,fast,6.2699143119829515,188.09742935948856,0.0,0.0,0.0
462,463,April,25,fast,fast,3.0912236095672867,92.7367082870186,0.0,0.0,0.0
462,463,April,28,fast,fast,0.1,3.0,0.0,0.0,0.0
462,463,April,29,fast,fast,5.834438464945595,175.03315394836787,0.0,0.0,0.0
462,463,April,30,fast,fast,7.134961264425943,214.0488379327783,0.0,0.0,0.0
462,463,April,31,fast,fast,9.692866333333333,290.78598999999997,0.0,0.0,0.0
462,463,April,32,fast,fast,11.424642066655565,342.73926199966695,0.0,0.0,0.0
462,463,August,28,fast,fast,0.1,3.1,0.0,0.0,0.0
462,463,August,29,fast,fast,4.813495441426129,149.21835868421,0.0,0.0,0.0
462,463,August,30,fast,fast,8.744260161290322,271.072065,0.0,0.0,0.0
462,463,August,31,fast,fast,7.104134435483871,220.2281675,0.0,0.0,0.0
462,463,August,32,fast,fast,11.424642066655565,354.1639040663225,0.0,0.0,0.0
462,463,December,31,fast,fast,3.563127856314054,110.45696354573568,0.0,0.0,0.0
462,463,December,32,fast,fast,11.424642066655565,354.1639040663225,0.0,0.0,0.0
462,463,February,28,fast,fast,1.4933956343984924,41.81507776315779,0.0,0.0,0.0
462,463,February,31,fast,fast,3.563127856314054,99.76757997679351,0.0,0.0,0.0
462,463,February,32,fast,fast,11.424642066655565,319.8899778663558,0.0,0.0,0.0
462,463,January,31,fast,fast,3.563127856314054,110.45696354573568,0.0,0.0,0.0
462,463,January,32,fast,fast,11.424642066655565,354.1639040663225,0.0,0.0,0.0
462,463,July,31,fast,fast,3.563127856314054,110.45696354573568,0.0,0.0,0.0
462,463,July,32,fast,fast,11.424642066655565,354.1639040663225,0.0,0.0,0.0
462,463,June,24,fast,fast,5.130543074192808,153.91629222578422,0.0,0.0,0.0
462,463,June,25,fast,fast,6.1144835953041685,183.43450785912506,0.0,0.0,0.0
462,463,June,30,fast,fast,5.967827931092607,179.0348379327782,0.0,0.0,0.0
462,463,June,31,fast,fast,11.752437583333334,352.5731275,0.0,0.0,0.0
462,463,June,32,fast,fast,11.752437583333334,352.5731275,0.0,0.0,0.0
462,463,June,33,fast,fast,2.8045541551171,84.136624653513,0.0,0.0,0.0
462,463,March,29,fast,fast,4.320513586587432,133.9359211842104,0.0,0.0,0.0
462,463,March,31,fast,fast,4.846420806451613,150.239045,0.0,0.0,0.0
462,463,March,32,fast,fast,11.424642066655565,354.1639040663225,0.0,0.0,0.0
462,463,May,24,fast,fast,0.6832127516121602,21.179595299976967,0.0,0.0,0.0
462,463,May,30,fast,fast,3.4465139525979858,106.84193253053756,0.0,0.0,0.0
462,463,May,31,fast,fast,11.959688790322579,370.75035249999996,0.0,0.0,0.0
462,463,May,32,fast,fast,11.959688790322579,370.75035249999996,0.0,0.0,0.0
462,463,May,33,fast,fast,2.254028875547207,69.87489514196342,0.0,0.0,0.0
462,463,November,31,fast,fast,3.563127856314054,106.89383568942162,0.0,0.0,0.0
462,463,November,32,fast,fast,11.424642066655565,342.73926199966695,0.0,0.0,0.0
462,463,October,31,fast,fast,3.563127856314054,110.45696354573568,0.0,0.0,0.0
462,463,October,32,fast,fast,11.424642066655565,354.1639040663225,0.0,0.0,0.0
462,463,September,26,fast,fast,2.2459461666666662,67.37838499999998,0.0,0.0,0.0
462,463,September,28,fast,fast,3.505387302648236,105.16161907944708,0.0,0.0,0.0
462,463,September,29,fast,fast,2.199506814721923,65.9852044416577,0.0,0.0,0.0
462,463,September,30,fast,fast,8.395564833333333,251.866945,0.0,0.0,0.0
462,463,September,31,fast,fast,3.563127856314054,106.89383568942162,0.0,0.0,0.0
462,463,September,32,fast,fast,11.424642066655565,342.73926199966695,0.0,0.0,0.0
463,489,June,23,fast,medium,1.438981450711804,43.16944352135412,0.0,0.0,0.0
464,436,April,19,medium,medium,11.29971417150504,338.9914251451512,0.0,0.0,0.0
464,436,April,20,fast,medium,16.25720429690704,487.7161289072112,0.0,0.0,0.0
464,436,April,21,fast,medium,15.253505073153644,457.60515219460933,0.0,0.0,0.0
464,436,April,22,fast,medium,15.241862041455327,457.2558612436598,0.0,0.0,0.0
464,436,April,23,fast,medium,8.535514851424175,256.06544554272523,0.0,0.0,0.0
464,436,June,19,fast,medium,8.888151504838373,266.6445451451512,0.0,0.0,0.0
464,436,June,20,medium,medium,16.24564163024037,487.36924890721116,0.0,0.0,0.0
464,436,June,21,fast,medium,18.28357629690704,548.5072889072112,0.0,0.0,0.0
464,436,June,22,medium,medium,15.114884708121995,453.44654124365985,0.0,0.0,0.0
464,436,June,23,fast,medium,8.485004184757507,254.5501255427252,0.0,0.0,0.0
464,436,May,19,fast,medium,8.368781268279234,259.43221931665624,0.0,0.0,0.0
464,436,May,20,fast,medium,18.126271393681233,561.9144132041182,0.0,0.0,0.0
464,436,May,21,fast,medium,15.49978623239091,480.4933732041182,0.0,0.0,0.0
464,436,May,22,fast,medium,14.731094643605864,456.6639339517818,0.0,0.0,0.0
465,437,April,20,fast,medium,12.347671063813113,370.43013191439337,0.0,0.0,0.0
465,437,April,21,fast,medium,19.334858233755025,580.0457470126507,0.0,0.0,0.0
465,437,April,27,fast,medium,17.589041095890412,527.6712328767123,0.0,0.0,0.0
465,437,April,28,fast,medium,28.95504789977892,868.6514369933675,0.0,0.0,0.0
465,437,April,29,fast,medium,4.768846666666665,143.06539999999995,0.0,0.0,0.0
465,437,April,30,medium,medium,4.768846666666665,143.06539999999995,0.0,0.0,0.0
465,437,April,32,medium,medium,7.247062175438592,217.41186526315778,0.0,0.0,0.0
465,437,April,33,fast,medium,5.983125333333333,179.49375999999998,0.0,0.0,0.0
465,437,August,27,fast,medium,15.5232129697863,481.2196020633753,0.0,0.0,0.0
465,437,August,28,fast,medium,17.95504789977892,556.6064848931464,0.0,0.0,0.0
465,437,August,33,medium,medium,2.5806897453310698,80.00138210526316,0.0,0.0,0.0
465,437,December,27,fast,medium,15.5232129697863,481.2196020633753,0.0,0.0,0.0
465,437,December,28,fast,medium,17.95504789977892,556.6064848931464,0.0,0.0,0.0
465,437,February,27,fast,medium,15.5232129697863,434.6499631540164,0.0,0.0,0.0
465,437,February,28,fast,medium,17.95504789977892,502.7413411938097,0.0,0.0,0.0
465,437,January,27,fast,medium,15.5232129697863,481.2196020633753,0.0,0.0,0.0
465,437,January,28,fast,medium,17.95504789977892,556.6064848931464,0.0,0.0,0.0
465,437,July,27,fast,medium,15.5232129697863,481.2196020633753,0.0,0.0,0.0
465,437,July,28,fast,medium,17.95504789977892,556.6064848931464,0.0,0.0,0.0
465,437,June,20,fast,medium,12.294916397146444,368.84749191439334,0.0,0.0,0.0
465,437,June,21,medium,medium,16.290755567703137,488.7226670310941,0.0,0.0,0.0
465,437,June,27,fast,medium,17.589041095890412,527.6712328767123,0.0,0.0,0.0
465,437,June,28,fast,medium,32.28082191780822,968.4246575342465,0.0,0.0,0.0
465,437,June,29,fast,medium,12.695643713768115,380.8693114130435,0.0,0.0,0.0
465,437,June,30,fast,medium,8.673904583333334,260.21713750000004,0.0,0.0,0.0
465,437,June,32,fast,medium,9.344247895031991,280.3274368509597,0.0,0.0,0.0
465,437,June,33,medium,medium,9.652937333333334,289.58812,0.0,0.0,0.0
465,437,March,27,fast,medium,15.5232129697863,481.2196020633753,0.0,0.0,0.0
465,437,March,28,fast,medium,17.95504789977892,556.6064848931464,0.0,0.0,0.0
465,437,May,20,fast,medium,9.925289692845368,307.6839804782064,0.0,0.0,0.0
465,437,May,21,fast,medium,20.98665167754074,650.5862020037629,0.0,0.0,0.0
465,437,May,27,fast,medium,17.58904109589041,545.2602739726027,0.0,0.0,0.0
465,437,May,28,medium,medium,28.95504789977892,897.6064848931464,0.0,0.0,0.0
465,437,May,33,medium,medium,8.961368387096774,277.80242,0.0,0.0,0.0
465,437,November,27,fast,medium,15.5232129697863,465.696389093589,0.0,0.0,0.0
465,437,November,28,fast,medium,17.95504789977892,538.6514369933675,0.0,0.0,0.0
465,437,October,27,fast,medium,15.5232129697863,481.2196020633753,0.0,0.0,0.0
465,437,October,28,fast,medium,17.95504789977892,556.6064848931464,0.0,0.0,0.0
465,437,September,27,fast,medium,15.5232129697863,465.696389093589,0.0,0.0,0.0
465,437,September,28,fast,medium,17.95504789977892,538.6514369933675,0.0,0.0,0.0
466,438,April,16,fast,fast,2.696012514952308,80.88037544856924,0.0,0.0,0.0
466,438,April,23,fast,fast,1.5350645593392542,46.05193678017763,0.0,0.0,0.0
466,438,April,24,fast,fast,0.4193234248890434,12.579702746671302,0.0,0.0,0.0
466,438,April,28,fast,fast,7.930780105405944,237.92340316217832,0.0,0.0,0.0
466,438,April,32,fast,fast,15.113751469195329,453.41254407585984,0.0,0.0,0.0
466,438,April,33,fast,fast,4.938602666666666,148.15807999999998,0.0,0.0,0.0
466,438,April,34,fast,fast,12.438602666666666,373.15808,0.0,0.0,0.0
466,438,April,37,fast,fast,6.778635729836694,203.3590718951008,0.0,0.0,0.0
466,438,August,28,fast,fast,2.430780105405944,75.35418326758426,0.0,0.0,0.0
466,438,August,32,fast,fast,3.5529461290322573,110.14132999999998,0.0,0.0,0.0
466,438,August,34,fast,fast,0.12135258064516208,3.7619300000000244,0.0,0.0,0.0
466,438,August,37,fast,fast,6.778635729836694,210.1377076249375,0.0,0.0,0.0
466,438,December,28,fast,fast,2.430780105405944,75.35418326758426,0.0,0.0,0.0
466,438,December,37,fast,fast,6.778635729836694,210.1377076249375,0.0,0.0,0.0
466,438,February,28,fast,fast,2.430780105405944,68.06184295136643,0.0,0.0,0.0
466,438,February,37,fast,fast,6.778635729836694,189.80180043542742,0.0,0.0,0.0
466,438,January,28,fast,fast,2.430780105405944,75.35418326758426,0.0,0.0,0.0
466,438,January,37,fast,fast,6.778635729836694,210.1377076249375,0.0,0.0,0.0
466,438,July,28,fast,fast,2.430780105405944,75.35418326758426,0.0,0.0,0.0
466,438,July,37,fast,fast,6.778635729836694,210.1377076249375,0.0,0.0,0.0
466,438,June,16,fast,fast,7.849230281016004,235.4769084304801,0.0,0.0,0.0
466,438,June,17,fast,fast,10.539860628970162,316.19581886910487,0.0,0.0,0.0
466,438,June,18,fast,medium,10.539860628970162,316.19581886910487,0.0,0.0,0.0
466,438,June,19,fast,fast,0.9958491437279413,29.87547431183824,0.0,0.0,0.0
466,438,June,21,medium,medium,9.383466225991349,281.50398677974044,0.0,0.0,0.0
466,438,June,22,fast,medium,18.219966091067917,546.5989827320375,0.0,0.0,0.0
466,438,June,23,fast,fast,18.52595571357827,555.7786714073482,0.0,0.0,0.0
466,438,June,24,fast,fast,1.1593270968955487,34.77981290686646,0.0,0.0,0.0
466,438,June,28,medium,medium,22.0,660.0,0.0,0.0,0.0
466,438,June,28,fast,fast,0.420224896507996,12.60674689523988,0.0,0.0,0.0
466,438,June,29,fast,medium,11.116251717663275,333.48755152989827,0.0,0.0,0.0
466,438,June,32,fast,fast,13.718008969195328,411.54026907585984,0.0,0.0,0.0
466,438,June,33,fast,fast,12.567948666666666,377.03846,0.0,0.0,0.0
466,438,June,34,fast,fast,20.067948666666666,602.03846,0.0,0.0,0.0
466,438,June,35,fast,fast,1.4208295642329656,42.624886926988964,0.0,0.0,0.0
466,438,June,37,fast,fast,6.778635729836694,203.3590718951008,0.0,0.0,0.0
466,438,March,28,fast,fast,2.430780105405944,75.35418326758426,0.0,0.0,0.0
466,438,March,37,fast,fast,6.778635729836694,210.1377076249375,0.0,0.0,0.0
466,438,May,16,fast,fast,9.240502814013936,286.455587234432,0.0,0.0,0.0
466,438,May,17,fast,fast,4.271034290260486,132.40206299807508,0.0,0.0,0.0
466,438,May,18,medium,medium,4.271034290260486,132.40206299807508,0.0,0.0,0.0
466,438,May,21,fast,fast,9.383466225991349,290.8874530057318,0.0,0.0,0.0
466,438,May,22,fast,medium,14.760135697273697,457.5642066154846,0.0,0.0,0.0
466,438,May,23,fast,fast,1.5350645593392542,47.58700133951688,0.0,0.0,0.0
466,438,May,28,fast,fast,7.930780105405944,245.85418326758426,0.0,0.0,0.0
466,438,May,32,fast,fast,8.577557738012535,265.90428987838857,0.0,0.0,0.0
466,438,May,33,fast,fast,11.13021322580645,345.03660999999994,0.0,0.0,0.0
466,438,May,34,fast,fast,18.63021322580645,577.53661,0.0,0.0,0.0
466,438,May,37,fast,fast,6.778635729836694,210.1377076249375,0.0,0.0,0.0
466,438,November,28,fast,fast,2.430780105405944,72.92340316217832,0.0,0.0,0.0
466,438,November,37,fast,fast,6.778635729836694,203.3590718951008,0.0,0.0,0.0
466,438,October,28,fast,fast,2.430780105405944,75.35418326758426,0.0,0.0,0.0
466,438,October,37,fast,fast,6.778635729836694,210.1377076249375,0.0,0.0,0.0
466,438,September,28,fast,fast,2.430780105405944,72.92340316217832,0.0,0.0,0.0
466,438,September,37,fast,fast,6.778635729836694,203.3590718951008,0.0,0.0,0.0
468,441,April,31,fast,medium,0.9608120495116736,28.82436148535021,0.0,0.0,0.0
468,441,August,31,medium,medium,0.9608120495116736,29.785173534861883,0.0,0.0,0.0
468,441,December,31,medium,medium,0.9608120495116736,29.785173534861883,0.0,0.0,0.0
468,441,February,31,medium,medium,0.9608120495116736,26.902737386326862,0.0,0.0,0.0
468,441,January,31,fast,medium,0.9608120495116736,29.785173534861883,0.0,0.0,0.0
468,441,July,31,medium,medium,0.9608120495116736,29.785173534861883,0.0,0.0,0.0
468,441,June,31,fast,medium,0.9608120495116736,28.82436148535021,0.0,0.0,0.0
468,441,March,31,fast,medium,0.9608120495116736,29.785173534861883,0.0,0.0,0.0
468,441,May,31,fast,medium,0.9608120495116736,29.785173534861883,0.0,0.0,0.0
468,441,November,31,medium,medium,0.9608120495116736,28.82436148535021,0.0,0.0,0.0
468,441,October,31,fast,medium,0.9608120495116736,29.785173534861883,0.0,0.0,0.0
468,441,September,31,medium,medium,0.9608120495116736,28.82436148535021,0.0,0.0,0.0
472,473,April,25,fast,medium,6.373697916666664,191.21093749999994,0.0,0.0,0.0
472,473,August,25,fast,medium,6.373697916666664,197.5846354166666,0.0,0.0,0.0
472,473,December,25,fast,medium,6.373697916666664,197.5846354166666,0.0,0.0,0.0
472,473,February,25,medium,medium,6.373697916666664,178.4635416666666,0.0,0.0,0.0
472,473,January,25,medium,medium,6.373697916666664,197.5846354166666,0.0,0.0,0.0
472,473,July,25,fast,medium,6.373697916666664,197.5846354166666,0.0,0.0,0.0
472,473,June,25,fast,medium,6.373697916666664,191.21093749999994,0.0,0.0,0.0
472,473,March,25,medium,medium,6.373697916666664,197.5846354166666,0.0,0.0,0.0
472,473,May,25,medium,medium,6.373697916666664,197.5846354166666,0.0,0.0,0.0
472,473,November,25,medium,medium,6.373697916666664,191.21093749999994,0.0,0.0,0.0
472,473,October,25,medium,medium,6.373697916666664,197.5846354166666,0.0,0.0,0.0
472,473,September,25,fast,medium,6.373697916666664,191.21093749999994,0.0,0.0,0.0
473,445,April,15,medium,medium,3.0,90.0,0.0,0.0,0.0
473,445,August,15,fast,medium,3.0,93.0,0.0,0.0,0.0
473,445,December,15,medium,medium,3.0,93.0,0.0,0.0,0.0
473,445,February,15,medium,medium,3.0,84.0,0.0,0.0,0.0
473,445,January,15,fast,medium,3.0,93.0,0.0,0.0,0.0
473,445,July,15,fast,medium,3.0,93.0,0.0,0.0,0.0
473,445,June,15,medium,medium,3.0,90.0,0.0,0.0,0.0
473,445,March,15,medium,medium,3.0,93.0,0.0,0.0,0.0
473,445,May,15,medium,medium,3.0,93.0,0.0,0.0,0.0
473,445,November,15,medium,medium,3.0,90.0,0.0,0.0,0.0
473,445,October,15,fast,medium,3.0,93.0,0.0,0.0,0.0
473,445,September,15,medium,medium,3.0,90.0,0.0,0.0,0.0
475,493,April,38,medium,medium,2.727493997885656,81.82481993656967,0.0,0.0,0.0
475,493,April,39,fast,medium,7.5,225.0,0.0,0.0,0.0
475,493,August,1,fast,medium,0.1,3.1,0.0,0.0,0.0
475,493,August,2,fast,medium,5.275722075752201,163.54738434831822,0.0,0.0,0.0
475,493,July,1,fast,medium,0.1,3.1,0.0,0.0,0.0
475,493,July,2,medium,medium,5.873392098742541,182.0751550610188,0.0,0.0,0.0
475,493,July,38,medium,medium,3.175062919928666,98.42695051778865,0.0,0.0,0.0
475,493,July,39,fast,medium,7.558775403225806,234.3220375,0.0,0.0,0.0
475,493,June,1,fast,medium,2.881053642474962,86.43160927424887,0.0,0.0,0.0
475,493,June,2,medium,medium,2.8117338790565585,84.35201637169675,0.0,0.0,0.0
475,493,June,38,fast,medium,3.214104331218989,96.42312993656967,0.0,0.0,0.0
475,493,June,39,medium,medium,7.619747416666667,228.5924225,0.0,0.0,0.0
475,493,March,38,medium,medium,2.713998081218989,84.13394051778866,0.0,0.0,0.0
475,493,March,39,fast,medium,7.47361847637023,231.6821727674771,0.0,0.0,0.0
475,493,May,5,medium,medium,0.3,9.299999999999999,0.0,0.0,0.0
475,493,May,38,medium,medium,3.038765823154473,94.20174051778866,0.0,0.0,0.0
475,493,May,39,fast,medium,7.503109112903226,232.5963825,0.0,0.0,0.0
477,478,April,16,fast,medium,3.523937600860677,105.7181280258203,0.0,0.0,0.0
477,478,April,17,fast,medium,3.523937600860677,105.7181280258203,0.0,0.0,0.0
477,478,April,18,medium,medium,0.3525250000000004,10.575750000000014,0.0,0.0,0.0
477,478,April,26,fast,medium,6.817074943536177,204.51224830608533,0.0,0.0,0.0
477,478,August,16,medium,medium,3.523937600860677,109.24206562668098,0.0,0.0,0.0
477,478,August,17,fast,medium,3.523937600860677,109.24206562668098,0.0,0.0,0.0
477,478,August,26,fast,medium,6.817074943536177,211.3293232496215,0.0,0.0,0.0
477,478,December,16,medium,medium,3.523937600860677,109.24206562668098,0.0,0.0,0.0
477,478,December,17,medium,medium,3.523937600860677,109.24206562668098,0.0,0.0,0.0
477,478,December,26,fast,medium,6.817074943536177,211.3293232496215,0.0,0.0,0.0
477,478,February,16,medium,medium,3.523937600860677,98.67025282409895,0.0,0.0,0.0
477,478,February,17,medium,medium,3.523937600860677,98.67025282409895,0.0,0.0,0.0
477,478,February,26,fast,medium,6.817074943536177,190.87809841901296,0.0,0.0,0.0
477,478,January,16,medium,medium,3.523937600860677,109.24206562668098,0.0,0.0,0.0
477,478,January,17,medium,medium,3.523937600860677,109.24206562668098,0.0,0.0,0.0
477,478,January,26,fast,medium,6.817074943536177,211.3293232496215,0.0,0.0,0.0
477,478,July,16,medium,medium,3.523937600860677,109.24206562668098,0.0,0.0,0.0
477,478,July,17,fast,medium,3.523937600860677,109.24206562668098,0.0,0.0,0.0
477,478,July,26,fast,medium,6.817074943536177,211.3293232496215,0.0,0.0,0.0
477,478,June,15,medium,medium,2.22032,66.6096,0.0,0.0,0.0
477,478,June,16,medium,medium,3.523937600860677,105.7181280258203,0.0,0.0,0.0
477,478,June,17,medium,medium,5.774402500000001,173.232075,0.0,0.0,0.0
477,478,June,18,medium,medium,1.5598677622042372,46.79603286612711,0.0,0.0,0.0
477,478,June,26,fast,medium,6.817074943536177,204.51224830608533,0.0,0.0,0.0
477,478,March,16,fast,medium,3.523937600860677,109.24206562668098,0.0,0.0,0.0
477,478,March,17,medium,medium,3.523937600860677,109.24206562668098,0.0,0.0,0.0
477,478,March,26,fast,medium,6.817074943536177,211.3293232496215,0.0,0.0,0.0
477,478,May,15,fast,medium,2.5324354838709677,78.5055,0.0,0.0,0.0
477,478,May,16,medium,medium,3.730853695708981,115.6564645669784,0.0,0.0,0.0
477,478,May,17,medium,medium,6.034570826667128,187.07169562668096,0.0,0.0,0.0
477,478,May,18,medium,medium,2.366716088601221,73.36819874663784,0.0,0.0,0.0
477,478,May,26,medium,medium,6.817074943536177,211.3293232496215,0.0,0.0,0.0
477,478,November,16,medium,medium,3.523937600860677,105.7181280258203,0.0,0.0,0.0
477,478,November,17,medium,medium,3.523937600860677,105.7181280258203,0.0,0.0,0.0
477,478,November,26,fast,medium,6.817074943536177,204.51224830608533,0.0,0.0,0.0
477,478,October,16,fast,medium,3.523937600860677,109.24206562668098,0.0,0.0,0.0
477,478,October,17,medium,medium,3.523937600860677,109.24206562668098,0.0,0.0,0.0
477,478,October,26,medium,medium,6.817074943536177,211.3293232496215,0.0,0.0,0.0
477,478,September,16,fast,medium,3.523937600860677,105.7181280258203,0.0,0.0,0.0
477,478,September,17,medium,medium,3.523937600860677,105.7181280258203,0.0,0.0,0.0
477,478,September,26,fast,medium,6.817074943536177,204.51224830608533,0.0,0.0,0.0
478,477,April,20,medium,medium,4.5365017267267245,136.09505180180173,0.0,0.0,0.0
478,477,April,21,fast,medium,4.158115810810811,124.74347432432432,0.0,0.0,0.0
478,477,April,22,fast,medium,4.158115810810811,124.74347432432432,0.0,0.0,0.0
478,477,April,24,medium,medium,1.9739697842317239,59.21909352695172,0.0,0.0,0.0
478,477,June,20,fast,medium,3.464444666666667,103.93334000000002,0.0,0.0,0.0
478,477,June,21,fast,medium,2.297474031527652,68.92422094582956,0.0,0.0,0.0
478,477,June,22,medium,medium,4.098059,122.94177,0.0,0.0,0.0
478,477,June,23,medium,medium,4.247662999999999,127.42988999999997,0.0,0.0,0.0
478,477,June,24,fast,medium,1.5765579059986408,47.29673717995922,0.0,0.0,0.0
478,477,May,20,medium,medium,3.5410025331783377,109.77107852852846,0.0,0.0,0.0
478,477,May,21,medium,medium,3.2004269398430685,99.21323513513512,0.0,0.0,0.0
478,477,May,22,medium,medium,3.2004269398430685,99.21323513513512,0.0,0.0,0.0
478,497,June,20,medium,medium,1.0503770600600566,31.511311801801696,0.0,0.0,0.0
478,497,June,21,fast,medium,4.122559279283159,123.67677837849477,0.0,0.0,0.0
479,499,April,36,fast,fast,3.4911053020189797,104.73315906056939,0.0,0.0,0.0
479,499,August,36,fast,fast,3.4911053020189797,108.22426436258837,0.0,0.0,0.0
479,499,December,36,fast,fast,3.4911053020189797,108.22426436258837,0.0,0.0,0.0
479,499,February,36,fast,fast,3.4911053020189797,97.75094845653143,0.0,0.0,0.0
479,499,January,36,fast,fast,3.4911053020189797,108.22426436258837,0.0,0.0,0.0
479,499,July,36,fast,fast,3.4911053020189797,108.22426436258837,0.0,0.0,0.0
479,499,June,36,fast,fast,3.4911053020189797,104.73315906056939,0.0,0.0,0.0
479,499,March,36,fast,fast,3.4911053020189797,108.22426436258837,0.0,0.0,0.0
479,499,May,36,fast,fast,3.4911053020189797,108.22426436258837,0.0,0.0,0.0
479,499,November,36,fast,fast,3.4911053020189797,104.73315906056939,0.0,0.0,0.0
479,499,October,36,fast,fast,3.4911053020189797,108.22426436258837,0.0,0.0,0.0
479,499,September,36,fast,fast,3.4911053020189797,104.73315906056939,0.0,0.0,0.0
480,499,April,20,fast,fast,12.277000429507767,368.310012885233,0.0,0.0,0.0
480,499,August,20,fast,fast,6.13386871208494,190.14993007463315,0.0,0.0,0.0
480,499,December,20,fast,fast,12.522292993630572,388.1910828025477,0.0,0.0,0.0
480,499,February,20,fast,fast,12.522292993630572,350.624203821656,0.0,0.0,0.0
480,499,January,20,fast,fast,12.522292993630572,388.1910828025477,0.0,0.0,0.0
480,499,July,20,fast,fast,3.0459585091970904,94.4247137851098,0.0,0.0,0.0
480,499,June,20,fast,fast,12.522292993630572,375.66878980891715,0.0,0.0,0.0
480,499,March,20,fast,fast,8.575799913339695,265.84979731353053,0.0,0.0,0.0
480,499,May,15,fast,fast,6.970034106365636,216.07105729733473,0.0,0.0,0.0
480,499,May,16,fast,fast,2.898615112877682,89.85706849920814,0.0,0.0,0.0
480,499,May,17,fast,fast,5.706817650215007,176.91134715666522,0.0,0.0,0.0
480,499,May,18,fast,fast,0.5298697559969243,16.425962435904655,0.0,0.0,0.0
480,499,May,20,fast,fast,22.359254804158446,693.1368989289118,0.0,0.0,0.0
480,499,November,20,fast,fast,12.522292993630572,375.66878980891715,0.0,0.0,0.0
480,499,October,20,fast,fast,12.522292993630572,388.1910828025477,0.0,0.0,0.0
480,499,September,20,fast,fast,5.723074680130058,171.69224040390174,0.0,0.0,0.0
480,500,April,20,medium,medium,0.2452925641228063,7.358776923684189,0.0,0.0,0.0
480,500,August,20,medium,medium,6.388424281545632,198.04115272791458,0.0,0.0,0.0
480,500,July,20,medium,medium,9.476334484433481,293.7663690174379,0.0,0.0,0.0
480,500,March,20,medium,medium,3.9464930802908764,122.34128548901717,0.0,0.0,0.0
480,500,May,20,medium,medium,7.632557705601158,236.6092888736359,0.0,0.0,0.0
480,500,September,20,fast,medium,6.799218313500514,203.97654940501542,0.0,0.0,0.0
481,455,April,16,medium,medium,1.8167860347596445,54.503581042789335,0.0,0.0,0.0
481,455,April,17,medium,medium,15.474212468629423,464.2263740588827,0.0,0.0,0.0
481,455,April,18,fast,medium,9.199470222946921,275.9841066884076,0.0,0.0,0.0
481,455,April,19,medium,medium,3.9318435620231345,117.95530686069404,0.0,0.0,0.0
481,455,April,20,fast,medium,3.9318435620231345,117.95530686069404,0.0,0.0,0.0
481,455,August,16,fast,medium,1.8167860347596445,56.32036707754898,0.0,0.0,0.0
481,455,August,17,fast,medium,8.406938493761999,260.61509330662193,0.0,0.0,0.0
481,455,December,16,fast,medium,1.8167860347596445,56.32036707754898,0.0,0.0,0.0
481,455,December,17,medium,medium,8.406938493761999,260.61509330662193,0.0,0.0,0.0
481,455,February,16,fast,medium,1.8167860347596445,50.870008973270046,0.0,0.0,0.0
481,455,February,17,fast,medium,8.406938493761999,235.39427782533596,0.0,0.0,0.0
481,455,January,16,fast,medium,1.8167860347596445,56.32036707754898,0.0,0.0,0.0
481,455,January,17,fast,medium,8.406938493761999,260.61509330662193,0.0,0.0,0.0
481,455,July,16,medium,medium,1.8167860347596445,56.32036707754898,0.0,0.0,0.0
481,455,July,17,medium,medium,8.406938493761999,260.61509330662193,0.0,0.0,0.0
481,455,June,16,medium,medium,1.8167860347596445,54.503581042789335,0.0,0.0,0.0
481,455,June,17,fast,medium,18.241726166962756,547.2517850088827,0.0,0.0,0.0
481,455,June,18,medium,medium,10.788542139613588,323.65626418840765,0.0,0.0,0.0
481,455,June,19,fast,medium,4.013504895356469,120.40514686069407,0.0,0.0,0.0
481,455,June,20,medium,medium,4.013504895356469,120.40514686069407,0.0,0.0,0.0
481,455,March,16,fast,medium,1.8167860347596445,56.32036707754898,0.0,0.0,0.0
481,455,March,17,fast,medium,8.406938493761999,260.61509330662193,0.0,0.0,0.0
481,455,March,21,medium,medium,0.17861292182401378,5.537000576544427,0.0,0.0,0.0
481,455,May,16,fast,medium,9.538840322580645,295.70405,0.0,0.0,0.0
481,455,May,17,medium,medium,14.082087338709679,436.5447075,0.0,0.0,0.0
481,455,May,18,medium,medium,12.490108888462343,387.19337554233266,0.0,0.0,0.0
481,455,May,19,medium,medium,7.1888226128066215,222.85350099700526,0.0,0.0,0.0
481,455,May,20,medium,medium,2.388822612806621,74.05350099700524,0.0,0.0,0.0
481,455,November,16,fast,medium,1.8167860347596445,54.503581042789335,0.0,0.0,0.0
481,455,November,17,medium,medium,8.406938493761999,252.20815481285996,0.0,0.0,0.0
481,455,October,16,medium,medium,1.8167860347596445,56.32036707754898,0.0,0.0,0.0
481,455,October,17,medium,medium,8.406938493761999,260.61509330662193,0.0,0.0,0.0
481,455,September,16,fast,medium,1.8167860347596445,54.503581042789335,0.0,0.0,0.0
481,455,September,17,fast,medium,8.406938493761999,252.20815481285996,0.0,0.0,0.0
481,482,June,19,fast,medium,4.056991152934023,121.70973458802068,0.0,0.0,0.0
481,482,June,20,medium,medium,0.883501232427939,26.50503697283817,0.0,0.0,0.0
481,482,May,16,medium,medium,1.6910851624171315,52.423640034931076,0.0,0.0,0.0
481,482,May,17,medium,medium,8.009963359248225,248.30886413669498,0.0,0.0,0.0
482,456,September,17,fast,fast,2.660312706943337,79.80938120830011,0.0,0.0,0.0
482,481,December,24,fast,medium,1.2571291052419358,38.97100226250001,0.0,0.0,0.0
482,481,February,24,fast,medium,2.052501780249301,57.47004984698043,0.0,0.0,0.0
482,481,March,24,fast,medium,1.808210080645161,56.054512499999994,0.0,0.0,0.0
482,481,May,37,fast,medium,0.1844103399193534,5.716720537499955,0.0,0.0,0.0
482,481,September,24,fast,medium,0.26763883105223574,8.029164931567072,0.0,0.0,0.0
482,483,April,12,fast,fast,4.081720774999995,122.45162324999984,0.0,0.0,0.0
482,483,April,13,fast,fast,3.0388685378312967,91.1660561349389,0.0,0.0,0.0
482,483,April,15,fast,fast,18.697354680934833,560.920640428045,0.0,0.0,0.0
482,483,April,16,fast,fast,20.0,600.0,0.0,0.0,0.0
482,483,April,24,fast,fast,2.052501780249301,61.57505340747903,0.0,0.0,0.0
482,483,August,12,fast,fast,4.196286762083881,130.08488962460032,0.0,0.0,0.0
482,483,August,13,fast,fast,5.862500884605492,181.73752742277026,0.0,0.0,0.0
482,483,August,14,fast,fast,1.622335853098205,50.292411446044355,0.0,0.0,0.0
482,483,August,15,fast,fast,19.091751867307963,591.8443078865469,0.0,0.0,0.0
482,483,August,16,fast,fast,14.94823865938158,463.395398440829,0.0,0.0,0.0
482,483,August,24,fast,fast,2.052501780249301,63.62755518772833,0.0,0.0,0.0
482,483,December,24,fast,medium,0.7953726750073653,24.656552925228326,0.0,0.0,0.0
482,483,January,24,fast,fast,2.052501780249301,63.62755518772833,0.0,0.0,0.0
482,483,July,11,fast,fast,0.3606618099587305,11.180516108720646,0.0,0.0,0.0
482,483,July,12,fast,fast,10.725282496845427,332.48375740220825,0.0,0.0,0.0
482,483,July,13,fast,fast,12.266341287831297,380.2565799227702,0.0,0.0,0.0
482,483,July,14,fast,fast,2.3901169502375312,74.09362545736347,0.0,0.0,0.0
482,483,July,15,fast,fast,19.091751867307963,591.8443078865469,0.0,0.0,0.0
482,483,July,16,fast,fast,21.15366796943439,655.7637070524661,0.0,0.0,0.0
482,483,July,24,fast,fast,2.052501780249301,63.62755518772833,0.0,0.0,0.0
482,483,June,12,fast,fast,10.312362021038975,309.37086063116925,0.0,0.0,0.0
482,483,June,16,fast,fast,3.0549985469612366,91.6499564088371,0.0,0.0,0.0
482,483,June,24,fast,fast,2.052501780249301,61.57505340747903,0.0,0.0,0.0
482,483,March,24,fast,medium,0.24429169960414,7.573042687728339,0.0,0.0,0.0
482,483,May,24,fast,fast,2.052501780249301,63.62755518772833,0.0,0.0,0.0
482,483,November,24,fast,fast,2.052501780249301,61.57505340747903,0.0,0.0,0.0
482,483,October,24,fast,fast,2.052501780249301,63.62755518772833,0.0,0.0,0.0
482,501,September,24,fast,medium,1.7848629491970653,53.54588847591196,0.0,0.0,0.0
483,457,April,27,fast,fast,2.593979550096172,77.81938650288517,0.0,0.0,0.0
483,457,April,28,fast,fast,15.063231996012956,451.8969598803887,0.0,0.0,0.0
483,457,April,29,fast,fast,1.316734214795531,39.50202644386593,0.0,0.0,0.0
483,457,August,27,fast,fast,2.5939795500961687,80.41336605298123,0.0,0.0,0.0
483,457,December,27,fast,fast,2.5939795500961687,80.41336605298123,0.0,0.0,0.0
483,457,February,27,fast,fast,2.593979550096172,72.63142740269282,0.0,0.0,0.0
483,457,January,27,fast,fast,2.5939795500961687,80.41336605298123,0.0,0.0,0.0
483,457,July,27,fast,fast,2.5939795500961687,80.41336605298123,0.0,0.0,0.0
483,457,June,27,fast,fast,2.593979550096172,77.81938650288517,0.0,0.0,0.0
483,457,June,28,fast,fast,15.063231996012957,451.89695988038875,0.0,0.0,0.0
483,457,June,29,fast,fast,1.316734214795531,39.50202644386593,0.0,0.0,0.0
483,457,March,27,fast,fast,2.593979550096172,80.41336605298133,0.0,0.0,0.0
483,457,May,27,fast,fast,2.5939795500961687,80.41336605298123,0.0,0.0,0.0
483,457,November,27,fast,fast,2.5939795500961687,77.81938650288507,0.0,0.0,0.0
483,457,October,27,fast,fast,2.593979550096172,80.41336605298133,0.0,0.0,0.0
483,457,September,27,fast,fast,2.5939795500961687,77.81938650288507,0.0,0.0,0.0
483,482,April,27,fast,medium,9.21173838948824,276.3521516846472,0.0,0.0,0.0
483,482,August,27,fast,medium,9.211738389488243,285.56389007413554,0.0,0.0,0.0
483,482,December,27,fast,medium,9.211738389488243,285.56389007413554,0.0,0.0,0.0
483,482,February,27,fast,medium,9.21173838948824,257.92867490567073,0.0,0.0,0.0
483,482,January,27,medium,medium,9.211738389488247,285.56389007413566,0.0,0.0,0.0
483,482,July,27,fast,medium,9.211738389488243,285.56389007413554,0.0,0.0,0.0
483,482,June,26,medium,medium,12.818383917810166,384.551517534305,0.0,0.0,0.0
483,482,June,27,medium,medium,33.16920201748896,995.076060524669,0.0,0.0,0.0
483,482,March,27,medium,medium,9.21173838948824,285.56389007413543,0.0,0.0,0.0
483,482,May,27,fast,medium,9.211738389488243,285.56389007413554,0.0,0.0,0.0
483,482,November,27,fast,medium,9.211738389488243,276.3521516846473,0.0,0.0,0.0
483,482,October,27,medium,medium,9.21173838948824,285.56389007413543,0.0,0.0,0.0
483,482,September,27,fast,medium,9.211738389488243,276.3521516846473,0.0,0.0,0.0
484,457,April,15,fast,fast,0.39560378522237727,11.868113556671318,0.0,0.0,0.0
484,457,April,16,fast,fast,0.4252585040410395,12.757755121231185,0.0,0.0,0.0
484,457,April,17,fast,fast,0.1,3.0,0.0,0.0,0.0
484,457,August,15,fast,fast,0.39560378522237727,12.263717341893695,0.0,0.0,0.0
484,457,August,16,fast,medium,0.4252585040410395,13.183013625272224,0.0,0.0,0.0
484,457,August,17,fast,medium,0.1,3.1,0.0,0.0,0.0
484,457,December,15,fast,fast,0.39560378522237727,12.263717341893695,0.0,0.0,0.0
484,457,December,16,fast,medium,0.4252585040410395,13.183013625272224,0.0,0.0,0.0
484,457,December,17,fast,medium,0.1,3.1,0.0,0.0,0.0
484,457,December,18,fast,medium,0.1,3.1,0.0,0.0,0.0
484,457,February,15,fast,fast,0.39560378522237727,11.076905986226564,0.0,0.0,0.0
484,457,February,16,fast,medium,0.4252585040410395,11.907238113149106,0.0,0.0,0.0
484,457,February,17,fast,fast,0.1,2.8000000000000003,0.0,0.0,0.0
484,457,February,18,fast,medium,0.1,2.8000000000000003,0.0,0.0,0.0
484,457,January,15,fast,fast,0.39560378522237727,12.263717341893695,0.0,0.0,0.0
484,457,January,16,fast,medium,0.4252585040410395,13.183013625272224,0.0,0.0,0.0
484,457,January,17,fast,medium,0.1,3.1,0.0,0.0,0.0
484,457,July,15,fast,fast,0.39560378522237727,12.263717341893695,0.0,0.0,0.0
484,457,July,16,fast,fast,0.4252585040410395,13.183013625272224,0.0,0.0,0.0
484,457,July,17,fast,medium,0.1,3.1,0.0,0.0,0.0
484,457,July,18,fast,medium,0.1,3.1,0.0,0.0,0.0
484,457,June,15,fast,fast,0.43483093385972893,13.044928015791868,0.0,0.0,0.0
484,457,June,16,fast,medium,1.2244535770824712,36.733607312474135,0.0,0.0,0.0
484,457,June,17,fast,medium,0.1,3.0,0.0,0.0,0.0
484,457,June,18,fast,fast,0.1,3.0,0.0,0.0,0.0
484,457,June,19,fast,medium,13.68850209076685,410.65506272300547,0.0,0.0,0.0
484,457,March,15,fast,fast,0.39560378522237727,12.263717341893695,0.0,0.0,0.0
484,457,March,16,fast,fast,0.4252585040410395,13.183013625272224,0.0,0.0,0.0
484,457,March,17,fast,medium,0.1,3.1,0.0,0.0,0.0
484,457,March,18,fast,medium,0.1,3.1,0.0,0.0,0.0
484,457,May,15,fast,fast,0.39560378522237727,12.263717341893695,0.0,0.0,0.0
484,457,May,16,fast,medium,1.2244535770824712,37.958060889556606,0.0,0.0,0.0
484,457,May,17,fast,fast,0.1,3.1,0.0,0.0,0.0
484,457,May,18,fast,fast,0.1,3.1,0.0,0.0,0.0
484,457,May,19,fast,fast,14.35414416156943,444.9784690086523,0.0,0.0,0.0
484,457,November,15,fast,fast,0.39560378522237727,11.868113556671318,0.0,0.0,0.0
484,457,November,16,fast,fast,0.4252585040410395,12.757755121231185,0.0,0.0,0.0
484,457,November,17,fast,medium,0.1,3.0,0.0,0.0,0.0
484,457,October,15,fast,fast,0.39560378522237727,12.263717341893695,0.0,0.0,0.0
484,457,October,16,fast,medium,0.4252585040410395,13.183013625272224,0.0,0.0,0.0
484,457,October,17,fast,fast,0.1,3.1,0.0,0.0,0.0
484,457,September,15,fast,fast,0.39560378522237727,11.868113556671318,0.0,0.0,0.0
484,457,September,16,fast,medium,0.4252585040410395,12.757755121231185,0.0,0.0,0.0
484,457,September,17,fast,medium,0.1,3.0,0.0,0.0,0.0
484,458,April,14,fast,fast,0.39560378522237727,11.868113556671318,0.0,0.0,0.0
484,458,April,16,fast,fast,0.7991950730414317,23.97585219124295,0.0,0.0,0.0
484,458,April,18,fast,medium,0.1,3.0,0.0,0.0,0.0
484,458,August,14,fast,fast,0.39560378522237727,12.263717341893695,0.0,0.0,0.0
484,458,August,16,fast,fast,0.7991950730414317,24.77504726428438,0.0,0.0,0.0
484,458,August,18,fast,medium,0.1,3.1,0.0,0.0,0.0
484,458,December,14,fast,fast,0.39560378522237727,12.263717341893695,0.0,0.0,0.0
484,458,December,16,fast,medium,0.7991950730414317,24.77504726428438,0.0,0.0,0.0
484,458,February,14,fast,fast,0.39560378522237727,11.076905986226564,0.0,0.0,0.0
484,458,February,16,fast,medium,0.7991950730414317,22.377462045160087,0.0,0.0,0.0
484,458,January,14,fast,fast,0.39560378522237727,12.263717341893695,0.0,0.0,0.0
484,458,January,16,fast,fast,0.7991950730414317,24.77504726428438,0.0,0.0,0.0
484,458,January,18,medium,medium,0.1,3.1,0.0,0.0,0.0
484,458,July,14,fast,fast,0.39560378522237727,12.263717341893695,0.0,0.0,0.0
484,458,July,16,fast,fast,0.7991950730414317,24.77504726428438,0.0,0.0,0.0
484,458,June,14,fast,fast,0.39560378522237727,11.868113556671318,0.0,0.0,0.0
484,458,March,14,fast,fast,0.39560378522237727,12.263717341893695,0.0,0.0,0.0
484,458,March,16,fast,medium,0.7991950730414317,24.77504726428438,0.0,0.0,0.0
484,458,May,14,fast,fast,0.39560378522237727,12.263717341893695,0.0,0.0,0.0
484,458,November,14,fast,fast,0.39560378522237727,11.868113556671318,0.0,0.0,0.0
484,458,November,16,fast,medium,0.7991950730414317,23.97585219124295,0.0,0.0,0.0
484,458,November,18,fast,medium,0.1,3.0,0.0,0.0,0.0
484,458,October,14,fast,fast,0.39560378522237727,12.263717341893695,0.0,0.0,0.0
484,458,October,16,fast,medium,0.7991950730414317,24.77504726428438,0.0,0.0,0.0
484,458,October,18,fast,fast,0.1,3.1,0.0,0.0,0.0
484,458,September,14,fast,fast,0.39560378522237727,11.868113556671318,0.0,0.0,0.0
484,458,September,16,fast,medium,0.7991950730414317,23.97585219124295,0.0,0.0,0.0
484,458,September,18,fast,fast,0.1,3.0,0.0,0.0,0.0
487,460,April,4,fast,fast,3.503476787977469,105.10430363932407,0.0,0.0,0.0
487,460,April,25,fast,fast,5.199804675833921,155.99414027501763,0.0,0.0,0.0
487,460,April,26,fast,fast,6.86169542763572,205.8508628290716,0.0,0.0,0.0
487,460,August,4,fast,fast,3.503476787977469,108.60778042730155,0.0,0.0,0.0
487,460,December,4,fast,fast,3.503476787977469,108.60778042730155,0.0,0.0,0.0
487,460,February,4,fast,fast,3.503476787977469,98.09735006336913,0.0,0.0,0.0
487,460,January,4,fast,fast,3.503476787977469,108.60778042730155,0.0,0.0,0.0
487,460,July,4,fast,fast,3.503476787977469,108.60778042730155,0.0,0.0,0.0
487,460,June,4,fast,fast,3.503476787977469,105.10430363932407,0.0,0.0,0.0
487,460,June,25,fast,fast,4.713541220971174,141.4062366291352,0.0,0.0,0.0
487,460,June,26,fast,fast,6.86169542763572,205.8508628290716,0.0,0.0,0.0
487,460,March,4,fast,fast,3.503476787977469,108.60778042730155,0.0,0.0,0.0
487,460,May,4,fast,fast,3.503476787977469,108.60778042730155,0.0,0.0,0.0
487,460,November,4,fast,fast,3.503476787977469,105.10430363932407,0.0,0.0,0.0
487,460,October,4,fast,fast,3.503476787977469,108.60778042730155,0.0,0.0,0.0
487,460,September,4,fast,fast,3.503476787977469,105.10430363932407,0.0,0.0,0.0
489,463,April,19,fast,fast,5.940533069887634,178.215992096629,0.0,0.0,0.0
489,463,April,30,fast,fast,6.61194956890739,198.3584870672217,0.0,0.0,0.0
489,463,June,18,fast,fast,4.968744545779785,149.06233637339355,0.0,0.0,0.0
489,463,June,19,fast,fast,2.062379190413371,61.871375712401125,0.0,0.0,0.0
489,463,June,30,fast,fast,8.66172748557406,259.8518245672218,0.0,0.0,0.0
489,509,May,35,medium,medium,5.415423193699562,167.87811900468643,0.0,0.0,0.0
489,509,May,36,fast,medium,2.4615102639296187,76.30681818181817,0.0,0.0,0.0
490,464,June,27,fast,medium,2.541408245226158,76.24224735678474,0.0,0.0,0.0
490,464,June,28,fast,medium,2.3000946666666664,69.00283999999999,0.0,0.0,0.0
490,464,June,29,medium,medium,1.9344866666666667,58.0346,0.0,0.0,0.0
490,464,June,30,medium,medium,1.9344866666666667,58.0346,0.0,0.0,0.0
490,464,May,17,fast,medium,1.2101486767342797,37.51460897876267,0.0,0.0,0.0
490,464,May,18,fast,medium,1.993923870967742,61.811640000000004,0.0,0.0,0.0
492,475,December,37,fast,medium,1.9725652155652524,61.149521682522824,0.0,0.0,0.0
492,475,December,38,medium,medium,4.786001918781011,148.36605948221134,0.0,0.0,0.0
492,475,October,37,medium,medium,2.4347861947991234,75.47837203877282,0.0,0.0,0.0
492,475,October,38,medium,medium,4.786001918781011,148.36605948221134,0.0,0.0,0.0
492,493,April,37,medium,medium,7.513495916666667,225.4048775,0.0,0.0,0.0
492,493,April,38,medium,medium,4.786001918781011,143.58005756343033,0.0,0.0,0.0
492,493,August,37,medium,medium,2.4347861947991234,75.47837203877282,0.0,0.0,0.0
492,493,August,38,medium,medium,4.786001918781011,148.36605948221134,0.0,0.0,0.0
492,493,December,37,medium,medium,0.462220979233871,14.328850356250001,0.0,0.0,0.0
492,493,February,37,fast,medium,2.4347861947991234,68.17401345437546,0.0,0.0,0.0
492,493,February,38,medium,medium,4.786001918781011,134.0080537258683,0.0,0.0,0.0
492,493,January,37,fast,medium,2.4347861947991234,75.47837203877282,0.0,0.0,0.0
492,493,January,38,fast,medium,4.786001918781011,148.36605948221134,0.0,0.0,0.0
492,493,July,37,fast,medium,2.4347861947991234,75.47837203877282,0.0,0.0,0.0
492,493,July,38,medium,medium,4.786001918781011,148.36605948221134,0.0,0.0,0.0
492,493,June,37,medium,medium,2.4347861947991234,73.0435858439737,0.0,0.0,0.0
492,493,June,38,fast,medium,4.786001918781011,143.58005756343033,0.0,0.0,0.0
492,493,March,37,medium,medium,2.4347861947991234,75.47837203877282,0.0,0.0,0.0
492,493,March,38,fast,medium,4.786001918781011,148.36605948221134,0.0,0.0,0.0
492,493,May,37,fast,medium,2.4347861947991234,75.47837203877282,0.0,0.0,0.0
492,493,May,38,fast,medium,4.786001918781011,148.36605948221134,0.0,0.0,0.0
492,493,November,37,medium,medium,2.4347861947991234,73.0435858439737,0.0,0.0,0.0
492,493,November,38,fast,medium,4.786001918781011,143.58005756343033,0.0,0.0,0.0
492,493,September,37,medium,medium,2.4347861947991234,73.0435858439737,0.0,0.0,0.0
492,493,September,38,medium,medium,4.786001918781011,143.58005756343033,0.0,0.0,0.0
493,475,August,22,medium,medium,4.4887794106223975,139.15216172929433,0.0,0.0,0.0
493,475,December,22,fast,medium,6.605740664159459,204.77796058894322,0.0,0.0,0.0
493,475,February,22,fast,medium,6.605740664159459,184.96073859646486,0.0,0.0,0.0
493,475,January,22,fast,medium,6.605740664159459,204.77796058894322,0.0,0.0,0.0
493,475,March,22,fast,medium,6.605740664159459,204.77796058894322,0.0,0.0,0.0
493,475,November,22,fast,medium,6.605740664159459,198.17221992478378,0.0,0.0,0.0
493,475,October,22,fast,medium,6.605740664159459,204.77796058894322,0.0,0.0,0.0
493,475,September,22,medium,medium,6.206395588311997,186.19186764935992,0.0,0.0,0.0
493,513,April,22,fast,medium,6.605740664159459,198.17221992478378,0.0,0.0,0.0
493,513,August,22,medium,medium,2.1169612535370645,65.625798859649,0.0,0.0,0.0
493,513,July,22,medium,medium,6.605740664159459,204.77796058894322,0.0,0.0,0.0
493,513,June,22,fast,medium,6.605740664159459,198.17221992478378,0.0,0.0,0.0
493,513,May,22,medium,medium,6.605740664159459,204.77796058894322,0.0,0.0,0.0
493,513,September,22,fast,medium,0.39934507584746193,11.980352275423858,0.0,0.0,0.0
494,513,April,31,fast,medium,0.14666666666666472,4.399999999999942,0.0,0.0,0.0
494,513,August,31,fast,medium,0.14666666666666472,4.5466666666666065,0.0,0.0,0.0
494,513,December,31,fast,medium,0.14666666666666472,4.5466666666666065,0.0,0.0,0.0
494,513,February,31,fast,medium,0.14666666666666472,4.106666666666612,0.0,0.0,0.0
494,513,January,31,fast,medium,0.14666666666666472,4.5466666666666065,0.0,0.0,0.0
494,513,July,31,medium,medium,0.14666666666666472,4.5466666666666065,0.0,0.0,0.0
494,513,June,27,fast,medium,9.327977520843007,279.8393256252902,0.0,0.0,0.0
494,513,June,28,medium,medium,9.327977520843007,279.8393256252902,0.0,0.0,0.0
494,513,June,29,medium,medium,8.749067249522778,262.47201748568335,0.0,0.0,0.0
494,513,June,31,medium,medium,0.14666666666666472,4.399999999999942,0.0,0.0,0.0
494,513,March,31,fast,medium,0.14666666666666472,4.5466666666666065,0.0,0.0,0.0
494,513,May,31,medium,medium,0.14666666666666472,4.5466666666666065,0.0,0.0,0.0
494,513,November,31,fast,medium,0.14666666666666472,4.399999999999942,0.0,0.0,0.0
494,513,October,31,medium,medium,0.14666666666666472,4.5466666666666065,0.0,0.0,0.0
494,513,September,31,fast,medium,0.14666666666666472,4.399999999999942,0.0,0.0,0.0
496,497,May,19,fast,medium,1.906609896282209,59.10490678474848,0.0,0.0,0.0
497,478,June,19,fast,medium,0.9174657650081119,27.52397295024336,0.0,0.0,0.0
497,496,August,22,fast,fast,0.722911270800406,22.410249394812585,0.0,0.0,0.0
497,496,July,24,fast,fast,0.35190140920362367,10.908943685312334,0.0,0.0,0.0
497,496,September,23,fast,fast,3.1455718753292166,94.3671562598765,0.0,0.0,0.0
497,496,September,24,fast,fast,1.1521907242425442,34.565721727276326,0.0,0.0,0.0
497,496,September,26,fast,fast,2.229483625329216,66.88450875987648,0.0,0.0,0.0
498,499,April,31,fast,fast,0.1,3.0,0.0,0.0,0.0
498,499,April,32,fast,fast,0.1,3.0,0.0,0.0,0.0
498,499,April,33,fast,fast,0.1,3.0,0.0,0.0,0.0
498,499,April,34,fast,fast,0.1,3.0,0.0,0.0,0.0
498,499,August,31,fast,fast,0.1,3.1,0.0,0.0,0.0
498,499,August,32,fast,fast,0.1,3.1,0.0,0.0,0.0
498,499,August,33,fast,fast,0.1,3.1,0.0,0.0,0.0
498,499,December,31,fast,fast,0.1,3.1,0.0,0.0,0.0
498,499,December,32,fast,fast,0.1,3.1,0.0,0.0,0.0
498,499,December,33,fast,fast,0.1,3.1,0.0,0.0,0.0
498,499,December,34,fast,fast,0.1,3.1,0.0,0.0,0.0
498,499,February,31,fast,fast,0.1,2.8000000000000003,0.0,0.0,0.0
498,499,February,32,fast,fast,0.1,2.8000000000000003,0.0,0.0,0.0
498,499,February,33,fast,fast,0.1,2.8000000000000003,0.0,0.0,0.0
498,499,February,34,fast,fast,0.1,2.8000000000000003,0.0,0.0,0.0
498,499,January,31,fast,fast,0.1,3.1,0.0,0.0,0.0
498,499,January,32,fast,fast,0.1,3.1,0.0,0.0,0.0
498,499,January,33,fast,fast,0.1,3.1,0.0,0.0,0.0
498,499,January,34,fast,fast,0.1,3.1,0.0,0.0,0.0
498,499,July,31,fast,fast,0.1,3.1,0.0,0.0,0.0
498,499,July,32,fast,fast,0.1,3.1,0.0,0.0,0.0
498,499,July,33,fast,fast,0.1,3.1,0.0,0.0,0.0
498,499,June,30,fast,fast,0.3371903783717656,10.115711351152967,0.0,0.0,0.0
498,499,June,31,fast,fast,0.1,3.0,0.0,0.0,0.0
498,499,June,32,fast,fast,0.1,3.0,0.0,0.0,0.0
498,499,June,33,fast,fast,0.1,3.0,0.0,0.0,0.0
498,499,June,34,fast,fast,0.1,3.0,0.0,0.0,0.0
498,499,March,31,fast,fast,0.1,3.1,0.0,0.0,0.0
498,499,March,32,fast,fast,0.1,3.1,0.0,0.0,0.0
498,499,March,33,fast,fast,0.1,3.1,0.0,0.0,0.0
498,499,May,31,fast,fast,0.1,3.1,0.0,0.0,0.0
498,499,May,32,fast,fast,0.1,3.1,0.0,0.0,0.0
498,499,May,33,fast,fast,0.1,3.1,0.0,0.0,0.0
498,499,May,34,fast,fast,0.1,3.1,0.0,0.0,0.0
498,499,November,31,fast,fast,0.1,3.0,0.0,0.0,0.0
498,499,November,32,fast,fast,0.1,3.0,0.0,0.0,0.0
498,499,November,33,fast,fast,0.1,3.0,0.0,0.0,0.0
498,499,November,34,fast,fast,0.1,3.0,0.0,0.0,0.0
498,499,October,31,fast,fast,0.1,3.1,0.0,0.0,0.0
498,499,October,32,fast,fast,0.1,3.1,0.0,0.0,0.0
498,499,October,33,fast,fast,0.1,3.1,0.0,0.0,0.0
498,499,October,34,fast,fast,0.1,3.1,0.0,0.0,0.0
498,499,September,31,fast,fast,0.1,3.0,0.0,0.0,0.0
498,499,September,32,fast,fast,0.1,3.0,0.0,0.0,0.0
498,499,September,33,fast,fast,0.1,3.0,0.0,0.0,0.0
498,499,September,34,fast,fast,0.1,3.0,0.0,0.0,0.0
498,517,August,34,fast,medium,0.1,3.1,0.0,0.0,0.0
498,517,July,34,fast,medium,0.1,3.1,0.0,0.0,0.0
498,517,June,30,medium,medium,1.6563164419391567,49.6894932581747,0.0,0.0,0.0
498,517,March,34,fast,medium,0.1,3.1,0.0,0.0,0.0
499,517,March,18,medium,medium,3.7275123769100142,115.55288368421044,0.0,0.0,0.0
499,517,September,18,fast,medium,3.70986,111.2958,0.0,0.0,0.0
499,517,September,19,medium,medium,1.678911807017546,50.36735421052638,0.0,0.0,0.0
500,480,August,32,fast,medium,0.5024387111714552,15.575600046315111,0.0,0.0,0.0
500,480,July,32,fast,medium,2.3369860810483862,72.44656851249998,0.0,0.0,0.0
500,480,March,32,medium,medium,0.5206898387096774,16.141385,0.0,0.0,0.0
500,499,April,30,fast,fast,1.000206281310211,30.00618843930633,0.0,0.0,0.0
500,499,April,32,fast,fast,7.310575614897402,219.31726844692207,0.0,0.0,0.0
500,499,August,32,fast,fast,6.808136903725947,211.05224401550436,0.0,0.0,0.0
500,499,December,32,fast,fast,7.310575614897402,226.62784406181947,0.0,0.0,0.0
500,499,February,32,fast,fast,7.310575614897402,204.69611721712727,0.0,0.0,0.0
500,499,January,32,fast,fast,7.310575614897402,226.62784406181947,0.0,0.0,0.0
500,499,July,32,fast,fast,4.973589533849016,154.1812755493195,0.0,0.0,0.0
500,499,June,30,fast,fast,1.6550792362717779,49.65237708815334,0.0,0.0,0.0
500,499,June,31,fast,fast,0.7833874334359106,23.501623003077317,0.0,0.0,0.0
500,499,June,32,fast,fast,7.310575614897402,219.31726844692207,0.0,0.0,0.0
500,499,March,32,fast,fast,6.789885776187725,210.48645906181946,0.0,0.0,0.0
500,499,May,32,fast,fast,7.310575614897402,226.62784406181947,0.0,0.0,0.0
500,499,November,32,fast,fast,7.310575614897402,219.31726844692207,0.0,0.0,0.0
500,499,October,32,fast,fast,7.310575614897402,226.62784406181947,0.0,0.0,0.0
500,499,September,32,fast,fast,7.310575614897402,219.31726844692207,0.0,0.0,0.0
501,502,April,37,medium,medium,0.8037063670667237,24.11119101200171,0.0,0.0,0.0
501,502,August,37,medium,medium,0.8037063670667237,24.914897379068435,0.0,0.0,0.0
501,502,December,37,fast,medium,0.8037063670667237,24.914897379068435,0.0,0.0,0.0
501,502,February,37,fast,medium,0.8037063670667237,22.503778277868264,0.0,0.0,0.0
501,502,January,37,medium,medium,0.8037063670667237,24.914897379068435,0.0,0.0,0.0
501,502,July,37,medium,medium,0.8037063670667237,24.914897379068435,0.0,0.0,0.0
501,502,June,37,medium,medium,0.8037063670667237,24.11119101200171,0.0,0.0,0.0
501,502,March,37,medium,medium,0.8037063670667237,24.914897379068435,0.0,0.0,0.0
501,502,May,37,fast,medium,0.8037063670667237,24.914897379068435,0.0,0.0,0.0
501,502,November,37,medium,medium,0.8037063670667237,24.11119101200171,0.0,0.0,0.0
501,502,October,37,fast,medium,0.8037063670667237,24.914897379068435,0.0,0.0,0.0
501,502,September,37,fast,medium,0.8037063670667237,24.11119101200171,0.0,0.0,0.0
502,483,April,47,fast,fast,1.5,45.0,0.0,0.0,0.0
502,483,August,47,fast,fast,1.5,46.5,0.0,0.0,0.0
502,483,December,47,fast,fast,1.5,46.5,0.0,0.0,0.0
502,483,February,47,fast,fast,1.5,42.0,0.0,0.0,0.0
502,483,January,47,fast,fast,1.5,46.5,0.0,0.0,0.0
502,483,July,47,fast,fast,1.5,46.5,0.0,0.0,0.0
502,483,June,47,fast,fast,1.5,45.0,0.0,0.0,0.0
502,483,March,47,fast,fast,1.5,46.5,0.0,0.0,0.0
502,483,May,47,fast,fast,1.5,46.5,0.0,0.0,0.0
502,483,November,47,fast,fast,1.5,45.0,0.0,0.0,0.0
502,483,October,47,fast,fast,1.5,46.5,0.0,0.0,0.0
502,483,September,47,fast,fast,1.5,45.0,0.0,0.0,0.0
506,487,April,27,fast,fast,0.57649220845191,17.2947662535573,0.0,0.0,0.0
506,487,August,27,fast,fast,0.57649220845191,17.87125846200921,0.0,0.0,0.0
506,487,December,27,fast,fast,0.57649220845191,17.87125846200921,0.0,0.0,0.0
506,487,February,27,fast,fast,0.57649220845191,16.14178183665348,0.0,0.0,0.0
506,487,January,27,fast,fast,0.57649220845191,17.87125846200921,0.0,0.0,0.0
506,487,July,27,fast,fast,0.57649220845191,17.87125846200921,0.0,0.0,0.0
506,487,June,27,fast,fast,0.57649220845191,17.2947662535573,0.0,0.0,0.0
506,487,June,29,fast,fast,2.4922716666666673,74.76815000000002,0.0,0.0,0.0
506,487,March,27,fast,medium,0.57649220845191,17.87125846200921,0.0,0.0,0.0
506,487,May,27,medium,medium,0.57649220845191,17.87125846200921,0.0,0.0,0.0
506,487,November,27,medium,medium,0.57649220845191,17.2947662535573,0.0,0.0,0.0
506,487,October,27,fast,medium,0.57649220845191,17.87125846200921,0.0,0.0,0.0
506,487,September,27,medium,medium,0.57649220845191,17.2947662535573,0.0,0.0,0.0
508,509,April,28,medium,medium,1.0916688729458883,32.75006618837665,0.0,0.0,0.0
508,509,August,28,fast,medium,1.0916688729458883,33.84173506132254,0.0,0.0,0.0
508,509,December,28,fast,medium,1.0916688729458883,33.84173506132254,0.0,0.0,0.0
508,509,February,28,fast,medium,1.0916688729458883,30.566728442484873,0.0,0.0,0.0
508,509,January,28,medium,medium,1.0916688729458883,33.84173506132254,0.0,0.0,0.0
508,509,July,28,fast,medium,1.0916688729458883,33.84173506132254,0.0,0.0,0.0
508,509,June,28,fast,medium,1.0916688729458883,32.75006618837665,0.0,0.0,0.0
508,509,March,28,fast,medium,1.0916688729458883,33.84173506132254,0.0,0.0,0.0
508,509,May,15,medium,medium,1.1662965434216481,36.15519284607109,0.0,0.0,0.0
508,509,May,28,fast,medium,1.0916688729458883,33.84173506132254,0.0,0.0,0.0
508,509,November,28,medium,medium,1.0916688729458883,32.75006618837665,0.0,0.0,0.0
508,509,October,28,fast,medium,1.0916688729458883,33.84173506132254,0.0,0.0,0.0
508,509,September,28,fast,medium,1.0916688729458883,32.75006618837665,0.0,0.0,0.0
509,508,April,17,fast,fast,7.004650857682687,210.1395257304806,0.0,0.0,0.0
509,508,April,20,fast,fast,12.901966307382626,387.0589892214788,0.0,0.0,0.0
509,508,August,20,fast,fast,0.5023505347755446,15.572866578041882,0.0,0.0,0.0
509,508,December,20,fast,fast,0.5023505347755446,15.572866578041882,0.0,0.0,0.0
509,508,February,20,fast,fast,0.5023505347755446,14.065814973715248,0.0,0.0,0.0
509,508,January,20,fast,fast,0.5023505347755446,15.572866578041882,0.0,0.0,0.0
509,508,July,20,fast,fast,0.5023505347755446,15.572866578041882,0.0,0.0,0.0
509,508,June,17,fast,fast,3.7140063576826883,111.42019073048064,0.0,0.0,0.0
509,508,June,20,fast,fast,12.901966307382626,387.0589892214788,0.0,0.0,0.0
509,508,March,20,fast,fast,0.5023505347755446,15.572866578041882,0.0,0.0,0.0
509,508,May,20,fast,fast,0.5023505347755446,15.572866578041882,0.0,0.0,0.0
509,508,November,20,fast,fast,0.5023505347755446,15.070516043266338,0.0,0.0,0.0
509,508,October,20,fast,fast,0.5023505347755446,15.572866578041882,0.0,0.0,0.0
509,508,September,18,fast,fast,2.1056736188261027,63.17020856478308,0.0,0.0,0.0
509,508,September,20,fast,fast,13.19098903477554,395.7296710432662,0.0,0.0,0.0
511,512,April,30,fast,medium,1.0224975,30.674925,0.0,0.0,0.0
511,512,April,31,fast,medium,0.7209570000000001,21.62871,0.0,0.0,0.0
511,512,June,30,medium,medium,1.08814875,32.6444625,0.0,0.0,0.0
511,512,June,31,fast,medium,0.8741482500000001,26.224447500000004,0.0,0.0,0.0
512,511,April,36,fast,fast,6.4564084498984045,193.69225349695213,0.0,0.0,0.0
512,511,April,37,fast,fast,7.497623200440707,224.9286960132212,0.0,0.0,0.0
512,511,August,36,fast,fast,6.4564084498984045,200.14866194685055,0.0,0.0,0.0
512,511,August,37,fast,fast,7.497623200440707,232.4263192136619,0.0,0.0,0.0
512,511,December,36,fast,fast,6.4564084498984045,200.14866194685055,0.0,0.0,0.0
512,511,December,37,fast,fast,7.497623200440707,232.4263192136619,0.0,0.0,0.0
512,511,February,36,fast,fast,6.4564084498984045,180.77943659715532,0.0,0.0,0.0
512,511,February,37,fast,fast,7.497623200440707,209.93344961233979,0.0,0.0,0.0
512,511,January,36,fast,fast,6.4564084498984045,200.14866194685055,0.0,0.0,0.0
512,511,January,37,fast,fast,7.497623200440707,232.4263192136619,0.0,0.0,0.0
512,511,July,36,fast,fast,6.4564084498984045,200.14866194685055,0.0,0.0,0.0
512,511,July,37,fast,fast,7.497623200440707,232.4263192136619,0.0,0.0,0.0
512,511,June,36,fast,fast,6.4564084498984045,193.69225349695213,0.0,0.0,0.0
512,511,June,37,fast,fast,7.497623200440707,224.9286960132212,0.0,0.0,0.0
512,511,March,36,fast,fast,6.4564084498984045,200.14866194685055,0.0,0.0,0.0
512,511,March,37,fast,fast,7.497623200440707,232.4263192136619,0.0,0.0,0.0
512,511,May,36,fast,fast,6.4564084498984045,200.14866194685055,0.0,0.0,0.0
512,511,May,37,fast,fast,7.497623200440707,232.4263192136619,0.0,0.0,0.0
512,511,November,36,fast,fast,6.4564084498984045,193.69225349695213,0.0,0.0,0.0
512,511,November,37,fast,fast,7.497623200440707,224.9286960132212,0.0,0.0,0.0
512,511,October,36,fast,fast,6.4564084498984045,200.14866194685055,0.0,0.0,0.0
512,511,October,37,fast,fast,7.497623200440707,232.4263192136619,0.0,0.0,0.0
512,511,September,36,fast,fast,6.4564084498984045,193.69225349695213,0.0,0.0,0.0
512,511,September,37,fast,fast,7.497623200440707,224.9286960132212,0.0,0.0,0.0
513,493,April,17,fast,medium,2.3003281414526793,69.00984424358037,0.0,0.0,0.0
513,493,August,17,fast,medium,3.3613438403774083,104.20165905169966,0.0,0.0,0.0
513,493,December,17,fast,medium,5.522932227474184,171.21089905169973,0.0,0.0,0.0
513,493,December,18,fast,medium,1.9107747593648963,59.23401754031178,0.0,0.0,0.0
513,493,February,17,fast,medium,4.353571950976487,121.90001462734165,0.0,0.0,0.0
513,493,February,18,fast,medium,0.7414144828672002,20.759605520281607,0.0,0.0,0.0
513,493,July,17,fast,medium,2.912409485538703,90.28469405169979,0.0,0.0,0.0
513,493,June,17,fast,medium,1.8222003081193492,54.666009243580476,0.0,0.0,0.0
513,493,March,17,medium,medium,3.779881098441926,117.1763140516997,0.0,0.0,0.0
513,493,March,18,medium,medium,0.16772363033263815,5.199432540311783,0.0,0.0,0.0
513,493,May,17,medium,medium,12.940469243603214,401.15454655169964,0.0,0.0,0.0
513,493,May,18,fast,medium,9.328311775493926,289.1776650403117,0.0,0.0,0.0
513,493,November,17,fast,medium,5.098525308119349,152.95575924358047,0.0,0.0,0.0
513,493,November,18,fast,medium,1.486367840010058,44.59103520030174,0.0,0.0,0.0
513,493,October,17,medium,medium,2.924037661290323,90.64516750000001,0.0,0.0,0.0
513,493,October,18,medium,medium,2.952476197858035,91.52676213359909,0.0,0.0,0.0
513,493,September,17,fast,medium,9.943263524444054,298.2979057333216,0.0,0.0,0.0
513,493,September,18,medium,medium,3.6082199999999998,108.24659999999999,0.0,0.0,0.0
513,494,April,17,fast,medium,5.7328616666666665,171.98585,0.0,0.0,0.0
513,494,April,18,fast,medium,4.421032340010058,132.63097020030173,0.0,0.0,0.0
513,494,August,17,fast,medium,4.671845967741936,144.827225,0.0,0.0,0.0
513,494,August,18,fast,medium,4.421032340010058,137.05200254031178,0.0,0.0,0.0
513,494,December,17,medium,medium,2.5102575806451615,77.81798500000001,0.0,0.0,0.0
513,494,December,18,fast,medium,2.5102575806451615,77.81798500000001,0.0,0.0,0.0
513,494,February,17,fast,medium,3.6796178571428575,103.0293,0.0,0.0,0.0
513,494,February,18,medium,medium,3.6796178571428575,103.0293,0.0,0.0,0.0
513,494,January,17,fast,medium,8.033189808119346,249.02888405169972,0.0,0.0,0.0
513,494,January,18,fast,medium,4.421032340010058,137.05200254031178,0.0,0.0,0.0
513,494,July,17,fast,medium,5.120780322580645,158.74418999999997,0.0,0.0,0.0
513,494,July,18,medium,medium,4.421032340010058,137.05200254031178,0.0,0.0,0.0
513,494,June,17,fast,medium,6.2109895,186.329685,0.0,0.0,0.0
513,494,June,18,fast,medium,6.2109895,186.329685,0.0,0.0,0.0
513,494,March,17,medium,medium,4.25330870967742,131.85257000000001,0.0,0.0,0.0
513,494,March,18,medium,medium,4.25330870967742,131.85257000000001,0.0,0.0,0.0
513,494,March,36,medium,medium,0.25223655074476303,7.819333073087654,0.0,0.0,0.0
513,494,May,15,fast,medium,4.773251640940859,147.97080086916662,0.0,0.0,0.0
513,494,May,16,medium,medium,2.8700935483870964,88.97289999999998,0.0,0.0,0.0
513,494,May,17,medium,medium,6.737088225806452,208.849735,0.0,0.0,0.0
513,494,May,18,medium,medium,6.737088225806452,208.849735,0.0,0.0,0.0
513,494,May,19,fast,medium,5.310487419354839,164.62511,0.0,0.0,0.0
513,494,November,17,fast,medium,2.9346645,88.039935,0.0,0.0,0.0
513,494,November,18,fast,medium,2.9346645,88.039935,0.0,0.0,0.0
513,494,October,17,fast,medium,5.109152146829023,158.3837165516997,0.0,0.0,0.0
513,494,October,18,medium,medium,1.4685561421520226,45.5252404067127,0.0,0.0,0.0
513,494,September,17,fast,medium,4.22788,126.8364,0.0,0.0,0.0
513,494,September,18,medium,medium,3.4843753756834324,104.53126127050297,0.0,0.0,0.0
513,514,December,34,fast,medium,2.2789586467741927,70.64771804999998,0.0,0.0,0.0
513,514,May,15,fast,medium,3.038922580645161,94.2066,0.0,0.0,0.0
514,513,April,20,medium,medium,1.1858339680121848,35.57501904036555,0.0,0.0,0.0
514,513,April,21,fast,medium,1.1858339680121848,35.57501904036555,0.0,0.0,0.0
514,513,April,22,fast,medium,1.1858339680121848,35.57501904036555,0.0,0.0,0.0
514,513,June,20,fast,medium,4.38015218429019,131.4045655287057,0.0,0.0,0.0
514,513,June,21,fast,medium,1.1858339680121848,35.57501904036555,0.0,0.0,0.0
514,513,June,22,medium,medium,1.1858339680121848,35.57501904036555,0.0,0.0,0.0
514,513,May,20,fast,medium,5.455324122546249,169.11504779893372,0.0,0.0,0.0
514,513,May,21,medium,medium,1.1858339680121848,36.76085300837773,0.0,0.0,0.0
514,513,May,22,fast,medium,1.1858339680121848,36.76085300837773,0.0,0.0,0.0
514,513,September,20,fast,medium,1.1858339680121848,35.57501904036555,0.0,0.0,0.0
515,495,April,35,fast,medium,0.649184975194899,19.47554925584697,0.0,0.0,0.0
515,495,August,35,medium,medium,0.649184975194899,20.12473423104187,0.0,0.0,0.0
515,495,December,35,medium,medium,0.649184975194899,20.12473423104187,0.0,0.0,0.0
515,495,February,35,medium,medium,0.649184975194899,18.177179305457173,0.0,0.0,0.0
515,495,January,35,fast,medium,0.649184975194899,20.12473423104187,0.0,0.0,0.0
515,495,July,35,fast,medium,0.649184975194899,20.12473423104187,0.0,0.0,0.0
515,495,June,35,medium,medium,0.649184975194899,19.47554925584697,0.0,0.0,0.0
515,495,March,35,medium,medium,0.649184975194899,20.12473423104187,0.0,0.0,0.0
515,495,May,35,fast,medium,0.649184975194899,20.12473423104187,0.0,0.0,0.0
515,495,November,35,fast,medium,0.649184975194899,19.47554925584697,0.0,0.0,0.0
515,495,October,35,fast,medium,0.649184975194899,20.12473423104187,0.0,0.0,0.0
515,495,September,35,medium,medium,0.649184975194899,19.47554925584697,0.0,0.0,0.0
516,517,April,26,fast,medium,1.6626213592233008,49.87864077669902,0.0,0.0,0.0
516,517,April,27,medium,medium,5.461165048543689,163.83495145631068,0.0,0.0,0.0
516,517,April,28,medium,medium,0.37621359223300965,11.28640776699029,0.0,0.0,0.0
516,517,August,26,fast,medium,1.6626213592233008,51.541262135922324,0.0,0.0,0.0
516,517,August,27,fast,medium,5.461165048543689,169.29611650485438,0.0,0.0,0.0
516,517,August,28,medium,medium,0.37621359223300965,11.6626213592233,0.0,0.0,0.0
516,517,December,26,medium,medium,1.6626213592233008,51.541262135922324,0.0,0.0,0.0
516,517,December,27,medium,medium,5.461165048543689,169.29611650485438,0.0,0.0,0.0
516,517,December,28,medium,medium,0.37621359223300965,11.6626213592233,0.0,0.0,0.0
516,517,February,26,medium,medium,1.6626213592233008,46.55339805825242,0.0,0.0,0.0
516,517,February,27,medium,medium,5.461165048543689,152.9126213592233,0.0,0.0,0.0
516,517,February,28,fast,medium,0.37621359223300965,10.53398058252427,0.0,0.0,0.0
516,517,January,26,medium,medium,1.6626213592233008,51.541262135922324,0.0,0.0,0.0
516,517,January,27,fast,medium,5.461165048543689,169.29611650485438,0.0,0.0,0.0
516,517,January,28,medium,medium,0.37621359223300965,11.6626213592233,0.0,0.0,0.0
516,517,July,26,fast,medium,1.6626213592233008,51.541262135922324,0.0,0.0,0.0
516,517,July,27,medium,medium,5.461165048543689,169.29611650485438,0.0,0.0,0.0
516,517,July,28,fast,medium,0.37621359223300965,11.6626213592233,0.0,0.0,0.0
516,517,June,26,medium,medium,1.6626213592233008,49.87864077669902,0.0,0.0,0.0
516,517,June,27,medium,medium,5.461165048543689,163.83495145631068,0.0,0.0,0.0
516,517,June,28,medium,medium,0.37621359223300965,11.28640776699029,0.0,0.0,0.0
516,517,March,26,fast,medium,1.6626213592233008,51.541262135922324,0.0,0.0,0.0
516,517,March,27,medium,medium,5.461165048543689,169.29611650485438,0.0,0.0,0.0
516,517,March,28,fast,medium,0.37621359223300965,11.6626213592233,0.0,0.0,0.0
516,517,May,26,fast,medium,1.6626213592233008,51.541262135922324,0.0,0.0,0.0
516,517,May,27,medium,medium,5.461165048543689,169.29611650485438,0.0,0.0,0.0
516,517,May,28,fast,medium,0.37621359223300965,11.6626213592233,0.0,0.0,0.0
516,517,November,26,fast,medium,1.6626213592233008,49.87864077669902,0.0,0.0,0.0
516,517,November,27,fast,medium,5.461165048543689,163.83495145631068,0.0,0.0,0.0
516,517,November,28,fast,medium,0.37621359223300965,11.28640776699029,0.0,0.0,0.0
516,517,October,26,fast,medium,1.6626213592233008,51.541262135922324,0.0,0.0,0.0
516,517,October,27,fast,medium,5.461165048543689,169.29611650485438,0.0,0.0,0.0
516,517,October,28,fast,medium,0.37621359223300965,11.6626213592233,0.0,0.0,0.0
516,517,September,26,fast,medium,1.6626213592233008,49.87864077669902,0.0,0.0,0.0
516,517,September,27,medium,medium,5.461165048543689,163.83495145631068,0.0,0.0,0.0
516,517,September,28,fast,medium,0.37621359223300965,11.28640776699029,0.0,0.0,0.0
517,499,April,15,fast,fast,0.9939253333333333,29.81776,0.0,0.0,0.0
517,499,April,25,fast,fast,5.4151691394969035,162.45507418490712,0.0,0.0,0.0
517,499,April,32,fast,fast,3.4443724816374193,103.33117444912259,0.0,0.0,0.0
517,499,August,25,fast,fast,4.3311235170970015,134.26482903000704,0.0,0.0,0.0
517,499,August,32,fast,fast,4.665580872553981,144.63300704917341,0.0,0.0,0.0
517,499,December,25,fast,fast,4.3311235170970015,134.26482903000704,0.0,0.0,0.0
517,499,December,32,fast,fast,5.9042078611044175,183.03044369423694,0.0,0.0,0.0
517,499,February,25,fast,fast,4.3311235170970015,121.27145847871604,0.0,0.0,0.0
517,499,February,32,fast,fast,5.017400736651744,140.48722062624884,0.0,0.0,0.0
517,499,January,25,fast,fast,4.3311235170970015,134.26482903000704,0.0,0.0,0.0
517,499,January,32,fast,fast,5.9042078611044175,183.03044369423694,0.0,0.0,0.0
517,499,July,25,fast,fast,4.3311235170970015,134.26482903000704,0.0,0.0,0.0
517,499,July,32,fast,fast,1.7425247965882882,54.01826869423694,0.0,0.0,0.0
517,499,June,13,fast,fast,5.663243999999999,169.89731999999998,0.0,0.0,0.0
517,499,June,15,fast,fast,6.037354634141788,181.12063902425362,0.0,0.0,0.0
517,499,June,16,fast,fast,2.9307737055241567,87.9232111657247,0.0,0.0,0.0
517,499,June,25,fast,fast,5.361425683763667,160.84277051291,0.0,0.0,0.0
517,499,June,31,fast,fast,1.4958418703534306,44.87525611060292,0.0,0.0,0.0
517,499,June,32,fast,fast,7.717632693330154,231.52898079990462,0.0,0.0,0.0
517,499,June,33,fast,fast,1.352689873100985,40.58069619302955,0.0,0.0,0.0
517,499,March,25,fast,fast,4.3311235170970015,134.26482903000704,0.0,0.0,0.0
517,499,March,32,fast,fast,2.6515301074753848,82.19743333173693,0.0,0.0,0.0
517,499,May,15,fast,fast,2.1900132210186083,67.89040985157686,0.0,0.0,0.0
517,499,May,16,fast,fast,2.17129269477147,67.31007353791557,0.0,0.0,0.0
517,499,May,25,fast,fast,4.3311235170970015,134.26482903000704,0.0,0.0,0.0
517,499,May,31,fast,fast,2.512172809165681,77.87735708413612,0.0,0.0,0.0
517,499,May,32,fast,fast,6.0317192238122725,186.98329593818045,0.0,0.0,0.0
517,499,May,33,fast,fast,2.0943327088554184,64.92431397451797,0.0,0.0,0.0
517,499,November,25,fast,fast,4.3311235170970015,129.93370551291005,0.0,0.0,0.0
517,499,November,32,fast,fast,5.9042078611044175,177.1262358331325,0.0,0.0,0.0
517,499,October,25,fast,fast,4.3311235170970015,134.26482903000704,0.0,0.0,0.0
517,499,October,32,fast,fast,5.9042078611044175,183.03044369423694,0.0,0.0,0.0
517,499,September,25,fast,fast,6.4998311528132655,194.99493458439795,0.0,0.0,0.0
517,499,September,26,fast,fast,2.9434476754596375,88.30343026378912,0.0,0.0,0.0
517,499,September,32,fast,fast,5.421269339405437,162.6380801821631,0.0,0.0,0.0
517,533,April,32,fast,medium,2.4598353794669983,73.79506138400995,0.0,0.0,0.0
517,533,August,32,medium,medium,1.2386269885504353,38.39743664506349,0.0,0.0,0.0
517,533,February,32,fast,medium,0.8868071244526727,24.830599484674835,0.0,0.0,0.0
517,533,July,32,fast,medium,4.161683064516129,129.012175,0.0,0.0,0.0
517,533,June,32,fast,medium,3.0962615844409296,92.88784753322788,0.0,0.0,0.0
517,533,June,33,medium,medium,1.6511603333333333,49.53481,0.0,0.0,0.0
517,533,March,32,fast,medium,3.2526777536290328,100.83301036250002,0.0,0.0,0.0
517,533,September,32,fast,medium,0.48293852169898066,14.48815565096942,0.0,0.0,0.0
520,501,April,15,medium,medium,2.5,75.0,0.0,0.0,0.0
520,501,August,15,fast,medium,2.5,77.5,0.0,0.0,0.0
520,501,July,15,medium,medium,2.5,77.5,0.0,0.0,0.0
520,501,June,15,fast,medium,2.5,75.0,0.0,0.0,0.0
520,501,March,15,medium,medium,2.5,77.5,0.0,0.0,0.0
520,501,May,15,medium,medium,2.5,77.5,0.0,0.0,0.0
520,501,September,15,medium,medium,2.5,75.0,0.0,0.0,0.0
520,502,April,36,fast,medium,1.4632627646326277,43.89788293897883,0.0,0.0,0.0
520,502,April,37,fast,medium,3.5367372353673723,106.10211706102118,0.0,0.0,0.0
520,502,August,36,fast,medium,1.4632627646326277,45.361145703611456,0.0,0.0,0.0
520,502,August,37,fast,medium,3.5367372353673723,109.63885429638854,0.0,0.0,0.0
520,502,December,15,medium,medium,2.5,77.5,0.0,0.0,0.0
520,502,December,36,fast,medium,1.4632627646326277,45.361145703611456,0.0,0.0,0.0
520,502,December,37,medium,medium,3.5367372353673723,109.63885429638854,0.0,0.0,0.0
520,502,February,15,medium,medium,2.5,70.0,0.0,0.0,0.0
520,502,February,36,medium,medium,1.4632627646326277,40.971357409713576,0.0,0.0,0.0
520,502,February,37,medium,medium,3.5367372353673723,99.02864259028642,0.0,0.0,0.0
520,502,January,15,medium,medium,2.5,77.5,0.0,0.0,0.0
520,502,January,36,fast,medium,1.4632627646326277,45.361145703611456,0.0,0.0,0.0
520,502,January,37,medium,medium,3.5367372353673723,109.63885429638854,0.0,0.0,0.0
520,502,July,36,fast,medium,1.4632627646326277,45.361145703611456,0.0,0.0,0.0
520,502,July,37,fast,medium,3.5367372353673723,109.63885429638854,0.0,0.0,0.0
520,502,June,36,fast,medium,1.4632627646326277,43.89788293897883,0.0,0.0,0.0
520,502,June,37,medium,medium,3.5367372353673723,106.10211706102118,0.0,0.0,0.0
520,502,March,36,fast,medium,1.4632627646326277,45.361145703611456,0.0,0.0,0.0
520,502,March,37,fast,medium,3.5367372353673723,109.63885429638854,0.0,0.0,0.0
520,502,May,36,fast,medium,1.4632627646326277,45.361145703611456,0.0,0.0,0.0
520,502,May,37,fast,medium,3.5367372353673723,109.63885429638854,0.0,0.0,0.0
520,502,November,15,fast,medium,2.5,75.0,0.0,0.0,0.0
520,502,November,36,medium,medium,1.4632627646326277,43.89788293897883,0.0,0.0,0.0
520,502,November,37,medium,medium,3.5367372353673723,106.10211706102118,0.0,0.0,0.0
520,502,October,15,fast,medium,2.5,77.5,0.0,0.0,0.0
520,502,October,36,medium,medium,1.4632627646326277,45.361145703611456,0.0,0.0,0.0
520,502,October,37,medium,medium,3.5367372353673723,109.63885429638854,0.0,0.0,0.0
520,502,September,36,fast,medium,1.4632627646326277,43.89788293897883,0.0,0.0,0.0
520,502,September,37,fast,medium,3.5367372353673723,106.10211706102118,0.0,0.0,0.0
523,537,April,16,medium,medium,3.2130491812620647,96.39147543786194,0.0,0.0,0.0
523,537,April,17,fast,medium,13.685744463953922,410.5723339186177,0.0,0.0,0.0
523,537,April,18,fast,medium,7.39022300561798,221.70669016853938,0.0,0.0,0.0
523,537,April,19,medium,medium,0.46552975216970083,13.965892565091025,0.0,0.0,0.0
523,537,April,30,medium,medium,17.382457499999997,521.473725,0.0,0.0,0.0
523,537,February,17,fast,medium,4.4461473210967775,124.49212499070977,0.0,0.0,0.0
523,537,June,17,fast,medium,9.987446711051149,299.62340133153447,0.0,0.0,0.0
523,537,June,30,fast,medium,18.498528750000002,554.9558625000001,0.0,0.0,0.0
523,537,September,17,fast,medium,1.3399517138872241,40.19855141661672,0.0,0.0,0.0
525,539,April,19,medium,medium,3.893557505715094,116.80672517145283,0.0,0.0,0.0
525,539,April,20,medium,medium,14.483991981819534,434.519759454586,0.0,0.0,0.0
525,539,April,21,fast,medium,30.633434833333332,919.0030449999999,0.0,0.0,0.0
525,539,April,33,fast,medium,1.1914922302476754,35.74476690743026,0.0,0.0,0.0
525,539,August,33,medium,medium,1.1914922302476754,36.936259137677936,0.0,0.0,0.0
525,539,December,33,fast,medium,1.1914922302476754,36.936259137677936,0.0,0.0,0.0
525,539,February,33,medium,medium,1.1914922302476754,33.36178244693491,0.0,0.0,0.0
525,539,January,33,medium,medium,1.1914922302476754,36.936259137677936,0.0,0.0,0.0
525,539,July,33,fast,medium,1.1914922302476754,36.936259137677936,0.0,0.0,0.0
525,539,June,20,medium,medium,2.357824520936582,70.73473562809745,0.0,0.0,0.0
525,539,June,21,fast,medium,31.67306175,950.1918525,0.0,0.0,0.0
525,539,June,33,fast,medium,1.1914922302476754,35.74476690743026,0.0,0.0,0.0
525,539,March,19,medium,medium,0.1,3.1,0.0,0.0,0.0
525,539,March,20,fast,medium,7.981023434552799,247.41172647113675,0.0,0.0,0.0
525,539,March,33,fast,medium,1.1914922302476754,36.936259137677936,0.0,0.0,0.0
525,539,May,21,medium,medium,32.255093986604805,999.9079135847489,0.0,0.0,0.0
525,539,May,33,fast,medium,1.1914922302476754,36.936259137677936,0.0,0.0,0.0
525,539,November,33,medium,medium,1.1914922302476754,35.74476690743026,0.0,0.0,0.0
525,539,October,33,medium,medium,1.1914922302476754,36.936259137677936,0.0,0.0,0.0
525,539,September,19,fast,medium,5.288964120231753,158.6689236069526,0.0,0.0,0.0
525,539,September,20,medium,medium,8.291830583333335,248.75491750000003,0.0,0.0,0.0
525,539,September,33,medium,medium,1.1914922302476754,35.74476690743026,0.0,0.0,0.0
529,543,May,35,fast,medium,1.2078979838709678,37.444837500000006,0.0,0.0,0.0
531,548,April,20,fast,medium,4.182255,125.46764999999999,0.0,0.0,0.0
531,548,April,21,fast,medium,4.706387666666666,141.19162999999998,0.0,0.0,0.0
531,548,July,20,fast,medium,4.681182426593333,145.11665522439333,0.0,0.0,0.0
531,548,June,20,fast,medium,6.939631786808391,208.18895360425174,0.0,0.0,0.0
531,548,June,21,fast,medium,4.9762145,149.286435,0.0,0.0,0.0
531,548,May,20,medium,medium,8.500462011580026,263.51432235898085,0.0,0.0,0.0
531,548,May,21,medium,medium,5.791768387096774,179.54482000000002,0.0,0.0,0.0
531,548,September,20,fast,medium,2.152078166666667,64.56234500000001,0.0,0.0,0.0
532,533,April,17,medium,medium,1.4706967741666652,44.12090322499996,0.0,0.0,0.0
532,533,April,18,medium,medium,2.4721883333333334,74.16565,0.0,0.0,0.0
532,533,August,17,fast,medium,1.1356661543923714,35.20565078616352,0.0,0.0,0.0
532,533,August,18,medium,medium,3.8066776347205304,118.00700667633645,0.0,0.0,0.0
532,533,February,17,fast,medium,0.37690348158131115,10.553297484276712,0.0,0.0,0.0
532,533,February,18,medium,medium,3.4020607142857147,95.25770000000001,0.0,0.0,0.0
532,533,July,17,fast,medium,1.4789688963278547,45.84803578616349,0.0,0.0,0.0
532,533,July,18,medium,medium,4.504126129032258,139.62790999999999,0.0,0.0,0.0
532,533,June,16,medium,medium,2.073806412269197,62.214192368075906,0.0,0.0,0.0
532,533,June,17,medium,medium,2.312658267295597,69.37974801886791,0.0,0.0,0.0
532,533,June,18,medium,medium,5.3378155000000005,160.134465,0.0,0.0,0.0
532,533,March,17,fast,medium,0.8156082511665644,25.283855786163496,0.0,0.0,0.0
532,533,March,18,medium,medium,3.8407654838709675,119.06372999999999,0.0,0.0,0.0
532,533,May,16,fast,medium,2.807051501099842,87.01859653409511,0.0,0.0,0.0
532,533,May,17,fast,medium,2.714969057618177,84.16404078616348,0.0,0.0,0.0
532,533,May,18,medium,medium,5.74012629032258,177.94391499999998,0.0,0.0,0.0
532,533,September,17,fast,medium,0.7961627672955965,23.884883018867896,0.0,0.0,0.0
532,533,September,18,medium,medium,3.82132,114.6396,0.0,0.0,0.0
533,517,April,27,fast,medium,1.4202748452475724,42.60824535742717,0.0,0.0,0.0
533,517,April,28,medium,medium,8.273066723420161,248.19200170260484,0.0,0.0,0.0
533,517,June,24,medium,medium,10.291679508019941,308.75038524059823,0.0,0.0,0.0
533,517,June,27,medium,medium,1.4202748452475724,42.60824535742717,0.0,0.0,0.0
533,517,June,28,fast,medium,8.273066723420161,248.19200170260484,0.0,0.0,0.0
533,517,May,27,medium,medium,1.4202748452475724,44.02852020267474,0.0,0.0,0.0
533,517,May,28,medium,medium,8.273066723420161,256.46506842602497,0.0,0.0,0.0
533,532,August,27,fast,medium,1.4202748452475724,44.02852020267474,0.0,0.0,0.0
533,532,August,28,fast,medium,8.273066723420161,256.46506842602497,0.0,0.0,0.0
533,532,December,27,fast,medium,1.4202748452475724,44.02852020267474,0.0,0.0,0.0
533,532,December,28,medium,medium,8.273066723420161,256.46506842602497,0.0,0.0,0.0
533,532,February,27,medium,medium,1.4202748452475724,39.76769566693203,0.0,0.0,0.0
533,532,February,28,fast,medium,8.273066723420161,231.64586825576453,0.0,0.0,0.0
533,532,January,27,fast,medium,1.4202748452475724,44.02852020267474,0.0,0.0,0.0
533,532,January,28,fast,medium,8.273066723420161,256.46506842602497,0.0,0.0,0.0
533,532,July,27,medium,medium,1.4202748452475724,44.02852020267474,0.0,0.0,0.0
533,532,July,28,fast,medium,8.273066723420161,256.46506842602497,0.0,0.0,0.0
533,532,March,27,medium,medium,1.4202748452475724,44.02852020267474,0.0,0.0,0.0
533,532,March,28,fast,medium,8.273066723420161,256.46506842602497,0.0,0.0,0.0
533,532,November,27,medium,medium,1.4202748452475724,42.60824535742717,0.0,0.0,0.0
533,532,November,28,fast,medium,8.273066723420161,248.19200170260484,0.0,0.0,0.0
533,532,October,27,fast,medium,1.4202748452475724,44.02852020267474,0.0,0.0,0.0
533,532,October,28,fast,medium,8.273066723420161,256.46506842602497,0.0,0.0,0.0
533,532,September,27,fast,medium,1.4202748452475724,42.60824535742717,0.0,0.0,0.0
533,532,September,28,medium,medium,8.273066723420161,248.19200170260484,0.0,0.0,0.0
537,523,April,24,fast,medium,12.532463814949832,375.97391444849495,0.0,0.0,0.0
537,523,April,25,fast,medium,2.0498476947794337,61.49543084338301,0.0,0.0,0.0
537,523,August,26,fast,fast,2.9916324345592464,92.74060547133664,0.0,0.0,0.0
537,523,August,29,fast,fast,0.12162620689736947,3.7704124138184536,0.0,0.0,0.0
537,523,July,26,fast,fast,2.9916324345592464,92.74060547133664,0.0,0.0,0.0
537,523,June,24,fast,medium,12.049455564949834,361.48366694849506,0.0,0.0,0.0
537,523,June,25,medium,medium,1.966870694779434,59.00612084338302,0.0,0.0,0.0
537,523,May,12,fast,fast,8.38135664659225,259.8220560443598,0.0,0.0,0.0
537,523,September,21,fast,fast,6.06618482343996,181.9855447031988,0.0,0.0,0.0
537,523,September,26,fast,fast,2.9916324345592464,89.74897303677739,0.0,0.0,0.0
537,523,September,29,fast,fast,2.3463917525773197,70.3917525773196,0.0,0.0,0.0
537,538,June,31,fast,fast,0.1,3.0,0.0,0.0,0.0
537,554,April,24,fast,fast,3.411497704133499,102.34493112400497,0.0,0.0,0.0
537,554,April,25,fast,fast,10.644815256257449,319.34445768772343,0.0,0.0,0.0
537,554,June,24,fast,fast,3.411497704133499,102.34493112400497,0.0,0.0,0.0
537,554,June,25,fast,fast,10.644815256257449,319.34445768772343,0.0,0.0,0.0
537,554,May,24,fast,fast,3.411497704133499,105.75642882813847,0.0,0.0,0.0
537,554,May,25,fast,fast,8.973962063940107,278.1928239821433,0.0,0.0,0.0
537,554,September,24,fast,fast,3.411497704133499,102.34493112400497,0.0,0.0,0.0
537,554,September,25,fast,fast,8.876824196482328,266.30472589446987,0.0,0.0,0.0
538,537,April,32,medium,medium,4.49017521493019,134.7052564479057,0.0,0.0,0.0
538,537,April,33,fast,medium,21.35471178445337,640.6413535336012,0.0,0.0,0.0
538,537,August,32,fast,medium,4.49017521493019,139.1954316628359,0.0,0.0,0.0
538,537,August,33,fast,medium,21.35471178445337,661.9960653180545,0.0,0.0,0.0
538,537,December,32,fast,medium,4.49017521493019,139.1954316628359,0.0,0.0,0.0
538,537,December,33,medium,medium,21.35471178445337,661.9960653180545,0.0,0.0,0.0
538,537,February,32,fast,medium,4.49017521493019,125.72490601804532,0.0,0.0,0.0
538,537,February,33,fast,medium,21.35471178445337,597.9319299646944,0.0,0.0,0.0
538,537,January,32,fast,medium,4.49017521493019,139.1954316628359,0.0,0.0,0.0
538,537,January,33,fast,medium,21.35471178445337,661.9960653180545,0.0,0.0,0.0
538,537,July,32,fast,medium,4.49017521493019,139.1954316628359,0.0,0.0,0.0
538,537,July,33,medium,medium,21.35471178445337,661.9960653180545,0.0,0.0,0.0
538,537,June,32,medium,medium,4.49017521493019,134.7052564479057,0.0,0.0,0.0
538,537,June,33,medium,medium,21.35471178445337,640.6413535336012,0.0,0.0,0.0
538,537,March,32,fast,medium,4.49017521493019,139.1954316628359,0.0,0.0,0.0
538,537,March,33,fast,medium,21.35471178445337,661.9960653180545,0.0,0.0,0.0
538,537,May,17,fast,medium,8.237354023362172,255.35797472422735,0.0,0.0,0.0
538,537,May,32,fast,medium,4.49017521493019,139.1954316628359,0.0,0.0,0.0
538,537,May,33,fast,medium,21.35471178445337,661.9960653180545,0.0,0.0,0.0
538,537,November,32,medium,medium,4.49017521493019,134.7052564479057,0.0,0.0,0.0
538,537,November,33,medium,medium,21.35471178445337,640.6413535336012,0.0,0.0,0.0
538,537,October,32,fast,medium,4.49017521493019,139.1954316628359,0.0,0.0,0.0
538,537,October,33,fast,medium,21.35471178445337,661.9960653180545,0.0,0.0,0.0
538,537,September,32,medium,medium,4.49017521493019,134.7052564479057,0.0,0.0,0.0
538,537,September,33,medium,medium,21.35471178445337,640.6413535336012,0.0,0.0,0.0
538,539,April,33,medium,medium,4.885035860770898,146.55107582312695,0.0,0.0,0.0
538,539,August,33,medium,medium,4.885035860770898,151.43611168389785,0.0,0.0,0.0
538,539,December,33,fast,medium,4.885035860770898,151.43611168389785,0.0,0.0,0.0
538,539,February,33,fast,medium,4.885035860770898,136.78100410158515,0.0,0.0,0.0
538,539,January,33,fast,medium,4.885035860770898,151.43611168389785,0.0,0.0,0.0
538,539,July,33,medium,medium,4.885035860770898,151.43611168389785,0.0,0.0,0.0
538,539,June,33,medium,medium,4.885035860770898,146.55107582312695,0.0,0.0,0.0
538,539,March,33,fast,medium,4.885035860770898,151.43611168389785,0.0,0.0,0.0
538,539,May,33,fast,medium,4.885035860770898,151.43611168389785,0.0,0.0,0.0
538,539,November,33,fast,medium,4.885035860770898,146.55107582312695,0.0,0.0,0.0
538,539,October,33,medium,medium,4.885035860770898,151.43611168389785,0.0,0.0,0.0
538,539,September,33,fast,medium,4.885035860770898,146.55107582312695,0.0,0.0,0.0
539,525,April,29,medium,medium,5.35989581309042,160.7968743927126,0.0,0.0,0.0
539,525,April,34,medium,medium,2.393972568316869,71.81917704950607,0.0,0.0,0.0
539,525,April,35,medium,medium,2.393972568316869,71.81917704950607,0.0,0.0,0.0
539,525,August,34,fast,medium,2.393972568316869,74.21314961782294,0.0,0.0,0.0
539,525,August,35,medium,medium,2.393972568316869,74.21314961782294,0.0,0.0,0.0
539,525,December,34,fast,medium,2.393972568316869,74.21314961782294,0.0,0.0,0.0
539,525,December,35,fast,medium,2.393972568316869,74.21314961782294,0.0,0.0,0.0
539,525,February,34,fast,medium,2.393972568316869,67.03123191287233,0.0,0.0,0.0
539,525,February,35,fast,medium,2.393972568316869,67.03123191287233,0.0,0.0,0.0
539,525,January,34,medium,medium,2.393972568316869,74.21314961782294,0.0,0.0,0.0
539,525,January,35,medium,medium,2.393972568316869,74.21314961782294,0.0,0.0,0.0
539,525,July,34,fast,medium,2.393972568316869,74.21314961782294,0.0,0.0,0.0
539,525,July,35,fast,medium,2.393972568316869,74.21314961782294,0.0,0.0,0.0
539,525,June,29,fast,medium,4.4043053964237515,132.12916189271255,0.0,0.0,0.0
539,525,June,34,fast,medium,2.393972568316869,71.81917704950607,0.0,0.0,0.0
539,525,June,35,medium,medium,2.393972568316869,71.81917704950607,0.0,0.0,0.0
539,525,March,34,medium,medium,2.393972568316869,74.21314961782294,0.0,0.0,0.0
539,525,March,35,medium,medium,2.393972568316869,74.21314961782294,0.0,0.0,0.0
539,525,May,34,fast,medium,2.393972568316869,74.21314961782294,0.0,0.0,0.0
539,525,May,35,medium,medium,2.393972568316869,74.21314961782294,0.0,0.0,0.0
539,525,November,34,medium,medium,2.393972568316869,71.81917704950607,0.0,0.0,0.0
539,525,November,35,medium,medium,2.393972568316869,71.81917704950607,0.0,0.0,0.0
539,525,October,34,fast,medium,2.393972568316869,74.21314961782294,0.0,0.0,0.0
539,525,October,35,medium,medium,2.393972568316869,74.21314961782294,0.0,0.0,0.0
539,525,September,34,medium,medium,2.393972568316869,71.81917704950607,0.0,0.0,0.0
539,525,September,35,medium,medium,2.393972568316869,71.81917704950607,0.0,0.0,0.0
539,538,June,30,fast,fast,4.4043053964237515,132.12916189271255,0.0,0.0,0.0
542,543,August,24,medium,medium,0.6216061162988096,19.269789605263096,0.0,0.0,0.0
542,543,August,25,medium,medium,5.126269354838708,158.91434999999996,0.0,0.0,0.0
542,543,August,26,fast,medium,5.126269354838708,158.91434999999996,0.0,0.0,0.0
542,543,September,24,fast,medium,0.1,3.0,0.0,0.0,0.0
542,543,September,25,medium,medium,2.0628785921052675,61.886357763158024,0.0,0.0,0.0
542,543,September,26,medium,medium,6.3759885,191.279655,0.0,0.0,0.0
543,542,April,20,fast,medium,4.6531059427689385,139.59317828306814,0.0,0.0,0.0
543,542,April,21,fast,medium,6.921158333333333,207.63474999999997,0.0,0.0,0.0
543,542,April,22,fast,medium,0.30430238809884536,9.12907164296536,0.0,0.0,0.0
543,542,April,37,fast,medium,3.2206598171000422,96.61979451300127,0.0,0.0,0.0
543,542,April,38,fast,medium,3.2866934078482686,98.60080223544806,0.0,0.0,0.0
543,542,August,37,medium,medium,3.2206598171000422,99.84045433010131,0.0,0.0,0.0
543,542,August,38,fast,medium,3.2866934078482686,101.88749564329632,0.0,0.0,0.0
543,542,December,37,medium,medium,3.2206598171000422,99.84045433010131,0.0,0.0,0.0
543,542,December,38,fast,medium,3.2866934078482686,101.88749564329632,0.0,0.0,0.0
543,542,February,37,fast,medium,3.2206598171000422,90.17847487880118,0.0,0.0,0.0
543,542,February,38,fast,medium,3.2866934078482686,92.02741541975152,0.0,0.0,0.0
543,542,January,37,fast,medium,3.2206598171000422,99.84045433010131,0.0,0.0,0.0
543,542,January,38,fast,medium,3.2866934078482686,101.88749564329632,0.0,0.0,0.0
543,542,July,20,fast,medium,0.19876210448100817,6.161625238911253,0.0,0.0,0.0
543,542,July,37,medium,medium,3.2206598171000422,99.84045433010131,0.0,0.0,0.0
543,542,July,38,fast,medium,3.2866934078482686,101.88749564329632,0.0,0.0,0.0
543,542,June,20,medium,medium,4.689239276102272,140.67717828306817,0.0,0.0,0.0
543,542,June,21,fast,medium,7.3179625,219.53887500000002,0.0,0.0,0.0
543,542,June,37,medium,medium,3.2206598171000422,96.61979451300127,0.0,0.0,0.0
543,542,June,38,fast,medium,3.2866934078482686,98.60080223544806,0.0,0.0,0.0
543,542,March,37,fast,medium,3.2206598171000422,99.84045433010131,0.0,0.0,0.0
543,542,March,38,fast,medium,3.2866934078482686,101.88749564329632,0.0,0.0,0.0
543,542,May,17,fast,medium,1.8232563992069144,56.52094837541435,0.0,0.0,0.0
543,542,May,20,fast,medium,7.2027791751736,223.2861544303816,0.0,0.0,0.0
543,542,May,21,medium,medium,8.523515856474939,264.2289915507231,0.0,0.0,0.0
543,542,May,37,fast,medium,3.2206598171000422,99.84045433010131,0.0,0.0,0.0
543,542,May,38,fast,medium,3.2866934078482686,101.88749564329632,0.0,0.0,0.0
543,542,November,37,medium,medium,3.2206598171000422,96.61979451300127,0.0,0.0,0.0
543,542,November,38,medium,medium,3.2866934078482686,98.60080223544806,0.0,0.0,0.0
543,542,October,37,fast,medium,3.2206598171000422,99.84045433010131,0.0,0.0,0.0
543,542,October,38,fast,medium,3.2866934078482686,101.88749564329632,0.0,0.0,0.0
543,542,September,20,fast,medium,1.6675517761022722,50.02655328306817,0.0,0.0,0.0
543,542,September,37,fast,medium,3.2206598171000422,96.61979451300127,0.0,0.0,0.0
543,542,September,38,fast,medium,3.2866934078482686,98.60080223544806,0.0,0.0,0.0
544,543,June,28,fast,medium,8.851653261840928,265.54959785522783,0.0,0.0,0.0
544,543,June,29,fast,medium,8.64834673815907,259.4504021447721,0.0,0.0,0.0
548,531,April,30,medium,medium,5.940669196274577,178.22007588823732,0.0,0.0,0.0
548,531,August,30,medium,medium,5.940669196274577,184.1607450845119,0.0,0.0,0.0
548,531,December,30,fast,medium,5.940669196274577,184.1607450845119,0.0,0.0,0.0
548,531,February,30,fast,medium,5.940669196274577,166.33873749568815,0.0,0.0,0.0
548,531,January,30,medium,medium,5.940669196274577,184.1607450845119,0.0,0.0,0.0
548,531,July,30,fast,medium,5.940669196274577,184.1607450845119,0.0,0.0,0.0
548,531,June,30,fast,medium,5.940669196274577,178.22007588823732,0.0,0.0,0.0
548,531,March,30,fast,medium,5.940669196274577,184.1607450845119,0.0,0.0,0.0
548,531,May,30,medium,medium,5.940669196274577,184.1607450845119,0.0,0.0,0.0
548,531,November,30,medium,medium,5.940669196274577,178.22007588823732,0.0,0.0,0.0
548,531,October,30,medium,medium,5.940669196274577,184.1607450845119,0.0,0.0,0.0
548,531,September,30,medium,medium,5.940669196274577,178.22007588823732,0.0,0.0,0.0
549,533,April,16,medium,medium,2.4748427672955984,74.24528301886795,0.0,0.0,0.0
549,533,April,17,medium,medium,3.0251572327044034,90.7547169811321,0.0,0.0,0.0
549,533,April,37,fast,medium,2.5049421666666665,75.148265,0.0,0.0,0.0
549,533,April,38,medium,medium,1.0145681758555818,30.437045275667455,0.0,0.0,0.0
549,533,August,16,medium,medium,2.4748427672955984,76.72012578616355,0.0,0.0,0.0
549,533,August,17,medium,medium,3.0251572327044034,93.77987421383651,0.0,0.0,0.0
549,533,December,16,fast,medium,2.4748427672955984,76.72012578616355,0.0,0.0,0.0
549,533,December,17,fast,medium,3.0251572327044034,93.77987421383651,0.0,0.0,0.0
549,533,February,16,fast,medium,2.4748427672955984,69.29559748427675,0.0,0.0,0.0
549,533,February,17,fast,medium,3.0251572327044034,84.7044025157233,0.0,0.0,0.0
549,533,January,16,fast,medium,2.4748427672955984,76.72012578616355,0.0,0.0,0.0
549,533,January,17,fast,medium,3.0251572327044034,93.77987421383651,0.0,0.0,0.0
549,533,July,16,fast,medium,2.4748427672955984,76.72012578616355,0.0,0.0,0.0
549,533,July,17,fast,medium,3.0251572327044034,93.77987421383651,0.0,0.0,0.0
549,533,June,16,fast,medium,2.350470921064137,70.51412763192411,0.0,0.0,0.0
549,533,June,17,fast,medium,3.0251572327044034,90.7547169811321,0.0,0.0,0.0
549,533,June,36,medium,medium,0.1,3.0,0.0,0.0,0.0
549,533,June,37,fast,medium,2.667209018313827,80.01627054941481,0.0,0.0,0.0
549,533,June,38,fast,medium,1.473851030110935,44.21553090332805,0.0,0.0,0.0
549,533,March,16,medium,medium,2.4748427672955984,76.72012578616355,0.0,0.0,0.0
549,533,March,17,medium,medium,3.0251572327044034,93.77987421383651,0.0,0.0,0.0
549,533,March,37,medium,medium,0.45177315887096753,14.004967924999994,0.0,0.0,0.0
549,533,May,16,medium,medium,1.8877259182549975,58.51950346590492,0.0,0.0,0.0
549,533,May,17,medium,medium,3.0251572327044034,93.77987421383651,0.0,0.0,0.0
549,533,May,36,medium,medium,1.373198510131001,42.569153814061025,0.0,0.0,0.0
549,533,May,37,fast,medium,2.6189290322580647,81.1868,0.0,0.0,0.0
549,533,May,38,medium,medium,1.473851030110935,45.68938193343899,0.0,0.0,0.0
549,533,November,16,fast,medium,2.4748427672955984,74.24528301886795,0.0,0.0,0.0
549,533,November,17,fast,medium,3.0251572327044034,90.7547169811321,0.0,0.0,0.0
549,533,October,16,medium,medium,2.4748427672955984,76.72012578616355,0.0,0.0,0.0
549,533,October,17,fast,medium,3.0251572327044034,93.77987421383651,0.0,0.0,0.0
549,533,September,16,medium,medium,2.4748427672955984,74.24528301886795,0.0,0.0,0.0
549,533,September,17,fast,medium,3.0251572327044034,90.7547169811321,0.0,0.0,0.0
549,567,June,16,fast,medium,0.12437184623146125,3.731155386943837,0.0,0.0,0.0
549,567,May,16,fast,medium,0.5871168490406009,18.200622320258628,0.0,0.0,0.0
552,572,April,32,fast,medium,5.506091099131027,165.1827329739308,0.0,0.0,0.0
552,572,August,32,medium,medium,5.506091099131027,170.68882407306182,0.0,0.0,0.0
552,572,December,32,medium,medium,5.506091099131027,170.68882407306182,0.0,0.0,0.0
552,572,February,32,medium,medium,5.506091099131027,154.17055077566874,0.0,0.0,0.0
552,572,January,32,medium,medium,5.506091099131027,170.68882407306182,0.0,0.0,0.0
552,572,July,32,fast,medium,5.506091099131027,170.68882407306182,0.0,0.0,0.0
552,572,June,32,fast,medium,5.506091099131027,165.1827329739308,0.0,0.0,0.0
552,572,March,32,fast,medium,5.506091099131027,170.68882407306182,0.0,0.0,0.0
552,572,May,32,medium,medium,5.506091099131027,170.68882407306182,0.0,0.0,0.0
552,572,November,32,medium,medium,5.506091099131027,165.1827329739308,0.0,0.0,0.0
552,572,October,32,medium,medium,5.506091099131027,170.68882407306182,0.0,0.0,0.0
552,572,September,32,fast,medium,5.506091099131027,165.1827329739308,0.0,0.0,0.0
554,537,April,22,medium,medium,0.5893983544347066,17.681950633041197,0.0,0.0,0.0
554,537,April,40,medium,medium,1.7668812438421817,53.00643731526545,0.0,0.0,0.0
554,537,August,40,medium,medium,1.7668812438421817,54.773318559107636,0.0,0.0,0.0
554,537,December,40,medium,medium,1.7668812438421817,54.773318559107636,0.0,0.0,0.0
554,537,February,40,fast,medium,1.7668812438421817,49.47267482758109,0.0,0.0,0.0
554,537,January,40,fast,medium,1.7668812438421817,54.773318559107636,0.0,0.0,0.0
554,537,July,40,medium,medium,1.7668812438421817,54.773318559107636,0.0,0.0,0.0
554,537,June,40,fast,medium,1.7668812438421817,53.00643731526545,0.0,0.0,0.0
554,537,March,40,fast,medium,1.7668812438421817,54.773318559107636,0.0,0.0,0.0
554,537,May,40,fast,medium,1.7668812438421817,54.773318559107636,0.0,0.0,0.0
554,537,November,40,fast,medium,1.7668812438421817,53.00643731526545,0.0,0.0,0.0
554,537,October,40,fast,medium,1.7668812438421817,54.773318559107636,0.0,0.0,0.0
554,537,September,40,medium,medium,1.7668812438421817,53.00643731526545,0.0,0.0,0.0
561,542,April,33,medium,medium,1.9681333333333333,59.044,0.0,0.0,0.0
561,542,April,34,medium,medium,1.9681333333333333,59.044,0.0,0.0,0.0
561,542,April,35,medium,medium,0.4401916666666667,13.205750000000002,0.0,0.0,0.0
561,542,April,36,fast,medium,0.4401916666666667,13.205750000000002,0.0,0.0,0.0
561,542,July,35,fast,medium,1.0300443548387097,31.931375000000003,0.0,0.0,0.0
561,542,July,36,medium,medium,1.0300443548387097,31.931375000000003,0.0,0.0,0.0
561,542,June,33,medium,medium,3.1753083333333336,95.25925000000001,0.0,0.0,0.0
561,542,June,34,medium,medium,3.1753083333333336,95.25925000000001,0.0,0.0,0.0
561,542,June,35,medium,medium,1.2796083333333332,38.38825,0.0,0.0,0.0
561,542,June,36,medium,medium,1.2796083333333332,38.38825,0.0,0.0,0.0
561,542,May,33,medium,medium,2.947818548387097,91.38237500000001,0.0,0.0,0.0
561,542,May,34,medium,medium,2.947818548387097,91.38237500000001,0.0,0.0,0.0
561,542,May,35,fast,medium,0.958649193548387,29.718124999999997,0.0,0.0,0.0
561,542,May,36,fast,medium,0.958649193548387,29.718124999999997,0.0,0.0,0.0
566,567,April,16,medium,medium,2.1635150166852055,64.90545050055617,0.0,0.0,0.0
566,567,April,17,fast,medium,5.005561735261401,150.16685205784205,0.0,0.0,0.0
566,567,April,18,medium,medium,0.3309232480533927,9.927697441601781,0.0,0.0,0.0
566,567,August,16,fast,medium,2.1635150166852055,67.06896551724137,0.0,0.0,0.0
566,567,August,17,fast,medium,5.005561735261401,155.17241379310343,0.0,0.0,0.0
566,567,August,18,medium,medium,0.3309232480533927,10.258620689655173,0.0,0.0,0.0
566,567,December,16,medium,medium,2.1635150166852055,67.06896551724137,0.0,0.0,0.0
566,567,December,17,medium,medium,5.005561735261401,155.17241379310343,0.0,0.0,0.0
566,567,December,18,fast,medium,0.3309232480533927,10.258620689655173,0.0,0.0,0.0
566,567,February,16,medium,medium,2.1635150166852055,60.57842046718575,0.0,0.0,0.0
566,567,February,17,fast,medium,5.005561735261401,140.15572858731923,0.0,0.0,0.0
566,567,February,18,fast,medium,0.3309232480533927,9.265850945494995,0.0,0.0,0.0
566,567,January,16,fast,medium,2.1635150166852055,67.06896551724137,0.0,0.0,0.0
566,567,January,17,fast,medium,5.005561735261401,155.17241379310343,0.0,0.0,0.0
566,567,January,18,fast,medium,0.3309232480533927,10.258620689655173,0.0,0.0,0.0
566,567,July,16,medium,medium,2.1635150166852055,67.06896551724137,0.0,0.0,0.0
566,567,July,17,fast,medium,5.005561735261401,155.17241379310343,0.0,0.0,0.0
566,567,July,18,fast,medium,0.3309232480533927,10.258620689655173,0.0,0.0,0.0
566,567,June,16,fast,medium,2.1635150166852055,64.90545050055617,0.0,0.0,0.0
566,567,June,17,fast,medium,5.005561735261401,150.16685205784205,0.0,0.0,0.0
566,567,June,18,medium,medium,0.3309232480533927,9.927697441601781,0.0,0.0,0.0
566,567,March,16,fast,medium,2.1635150166852055,67.06896551724137,0.0,0.0,0.0
566,567,March,17,fast,medium,5.005561735261401,155.17241379310343,0.0,0.0,0.0
566,567,March,18,fast,medium,0.3309232480533927,10.258620689655173,0.0,0.0,0.0
566,567,May,16,medium,medium,2.1635150166852055,67.06896551724137,0.0,0.0,0.0
566,567,May,17,medium,medium,5.005561735261401,155.17241379310343,0.0,0.0,0.0
566,567,May,18,medium,medium,0.3309232480533927,10.258620689655173,0.0,0.0,0.0
566,567,November,16,medium,medium,2.1635150166852055,64.90545050055617,0.0,0.0,0.0
566,567,November,17,fast,medium,5.005561735261401,150.16685205784205,0.0,0.0,0.0
566,567,November,18,medium,medium,0.3309232480533927,9.927697441601781,0.0,0.0,0.0
566,567,October,16,medium,medium,2.1635150166852055,67.06896551724137,0.0,0.0,0.0
566,567,October,17,fast,medium,5.005561735261401,155.17241379310343,0.0,0.0,0.0
566,567,October,18,fast,medium,0.3309232480533927,10.258620689655173,0.0,0.0,0.0
566,567,September,16,fast,medium,2.1635150166852055,64.90545050055617,0.0,0.0,0.0
566,567,September,17,fast,medium,5.005561735261401,150.16685205784205,0.0,0.0,0.0
566,567,September,18,medium,medium,0.3309232480533927,9.927697441601781,0.0,0.0,0.0
569,550,April,14,fast,medium,2.8506202618883525,85.51860785665058,0.0,0.0,0.0
569,550,April,15,medium,medium,4.649379738111647,139.4813921433494,0.0,0.0,0.0
569,550,August,14,fast,medium,2.8506202618883525,88.36922811853893,0.0,0.0,0.0
569,550,August,15,fast,medium,4.649379738111647,144.13077188146107,0.0,0.0,0.0
569,550,December,14,fast,medium,2.8506202618883525,88.36922811853893,0.0,0.0,0.0
569,550,December,15,fast,medium,4.649379738111647,144.13077188146107,0.0,0.0,0.0
569,550,February,14,medium,medium,2.8506202618883525,79.81736733287387,0.0,0.0,0.0
569,550,February,15,medium,medium,4.649379738111647,130.18263266712611,0.0,0.0,0.0
569,550,January,14,fast,medium,2.8506202618883525,88.36922811853893,0.0,0.0,0.0
569,550,January,15,fast,medium,4.649379738111647,144.13077188146107,0.0,0.0,0.0
569,550,July,14,medium,medium,2.8506202618883525,88.36922811853893,0.0,0.0,0.0
569,550,July,15,medium,medium,4.649379738111647,144.13077188146107,0.0,0.0,0.0
569,550,June,14,fast,medium,2.8506202618883525,85.51860785665058,0.0,0.0,0.0
569,550,June,15,fast,medium,4.649379738111647,139.4813921433494,0.0,0.0,0.0
569,550,March,14,fast,medium,2.8506202618883525,88.36922811853893,0.0,0.0,0.0
569,550,March,15,fast,medium,4.649379738111647,144.13077188146107,0.0,0.0,0.0
569,550,May,14,medium,medium,2.8506202618883525,88.36922811853893,0.0,0.0,0.0
569,550,May,15,medium,medium,4.649379738111647,144.13077188146107,0.0,0.0,0.0
569,550,November,14,medium,medium,2.8506202618883525,85.51860785665058,0.0,0.0,0.0
569,550,November,15,medium,medium,4.649379738111647,139.4813921433494,0.0,0.0,0.0
569,550,October,14,medium,medium,2.8506202618883525,88.36922811853893,0.0,0.0,0.0
569,550,October,15,medium,medium,4.649379738111647,144.13077188146107,0.0,0.0,0.0
569,550,September,14,medium,medium,2.8506202618883525,85.51860785665058,0.0,0.0,0.0
569,550,September,15,medium,medium,4.649379738111647,139.4813921433494,0.0,0.0,0.0
572,588,April,14,medium,medium,0.5034201739536321,15.102605218608964,0.0,0.0,0.0
572,588,April,15,fast,medium,0.5034201739536321,15.102605218608964,0.0,0.0,0.0
572,588,April,16,medium,medium,0.5034201739536321,15.102605218608964,0.0,0.0,0.0
572,588,April,17,medium,medium,0.5034201739536321,15.102605218608964,0.0,0.0,0.0
572,588,April,18,fast,medium,3.544463312885954,106.33389938657862,0.0,0.0,0.0
572,588,August,14,medium,medium,0.5034201739536321,15.606025392562596,0.0,0.0,0.0
572,588,August,15,medium,medium,0.5034201739536321,15.606025392562596,0.0,0.0,0.0
572,588,August,16,medium,medium,0.5034201739536321,15.606025392562596,0.0,0.0,0.0
572,588,August,17,medium,medium,0.5034201739536321,15.606025392562596,0.0,0.0,0.0
572,588,August,18,fast,medium,0.5034201739536321,15.606025392562596,0.0,0.0,0.0
572,588,December,14,medium,medium,0.5034201739536321,15.606025392562596,0.0,0.0,0.0
572,588,December,15,fast,medium,0.5034201739536321,15.606025392562596,0.0,0.0,0.0
572,588,December,16,fast,medium,0.5034201739536321,15.606025392562596,0.0,0.0,0.0
572,588,December,17,medium,medium,0.5034201739536321,15.606025392562596,0.0,0.0,0.0
572,588,December,18,medium,medium,0.5034201739536321,15.606025392562596,0.0,0.0,0.0
572,588,February,14,fast,medium,0.5034201739536321,14.0957648707017,0.0,0.0,0.0
572,588,February,15,medium,medium,0.5034201739536321,14.0957648707017,0.0,0.0,0.0
572,588,February,16,medium,medium,0.5034201739536321,14.0957648707017,0.0,0.0,0.0
572,588,February,17,medium,medium,0.5034201739536321,14.0957648707017,0.0,0.0,0.0
572,588,February,18,fast,medium,0.5034201739536321,14.0957648707017,0.0,0.0,0.0
572,588,January,14,fast,medium,0.5034201739536321,15.606025392562596,0.0,0.0,0.0
572,588,January,15,medium,medium,0.5034201739536321,15.606025392562596,0.0,0.0,0.0
572,588,January,16,fast,medium,0.5034201739536321,15.606025392562596,0.0,0.0,0.0
572,588,January,17,medium,medium,0.5034201739536321,15.606025392562596,0.0,0.0,0.0
572,588,January,18,fast,medium,0.5034201739536321,15.606025392562596,0.0,0.0,0.0
572,588,July,14,fast,medium,0.5034201739536321,15.606025392562596,0.0,0.0,0.0
572,588,July,15,fast,medium,0.5034201739536321,15.606025392562596,0.0,0.0,0.0
572,588,July,16,fast,medium,0.5034201739536321,15.606025392562596,0.0,0.0,0.0
572,588,July,17,medium,medium,0.5034201739536321,15.606025392562596,0.0,0.0,0.0
572,588,July,18,fast,medium,0.5034201739536321,15.606025392562596,0.0,0.0,0.0
572,588,June,14,fast,medium,0.5034201739536321,15.102605218608964,0.0,0.0,0.0
572,588,June,15,medium,medium,0.5034201739536321,15.102605218608964,0.0,0.0,0.0
572,588,June,16,fast,medium,0.5034201739536321,15.102605218608964,0.0,0.0,0.0
572,588,June,17,medium,medium,0.5034201739536321,15.102605218608964,0.0,0.0,0.0
572,588,June,18,fast,medium,5.559327306289857,166.7798191886957,0.0,0.0,0.0
572,588,March,14,medium,medium,0.5034201739536321,15.606025392562596,0.0,0.0,0.0
572,588,March,15,medium,medium,0.5034201739536321,15.606025392562596,0.0,0.0,0.0
572,588,March,16,medium,medium,0.5034201739536321,15.606025392562596,0.0,0.0,0.0
572,588,March,17,fast,medium,0.5034201739536321,15.606025392562596,0.0,0.0,0.0
572,588,March,18,fast,medium,0.5034201739536321,15.606025392562596,0.0,0.0,0.0
572,588,May,14,fast,medium,0.5034201739536321,15.606025392562596,0.0,0.0,0.0
572,588,May,15,medium,medium,0.5034201739536321,15.606025392562596,0.0,0.0,0.0
572,588,May,16,fast,medium,0.5034201739536321,15.606025392562596,0.0,0.0,0.0
572,588,May,17,medium,medium,7.373879876017972,228.5902761565571,0.0,0.0,0.0
572,588,May,18,medium,medium,6.604872822580646,204.7510575,0.0,0.0,0.0
572,588,May,19,medium,medium,4.355361779643465,135.0162151689474,0.0,0.0,0.0
572,588,November,14,fast,medium,0.5034201739536321,15.102605218608964,0.0,0.0,0.0
572,588,November,15,fast,medium,0.5034201739536321,15.102605218608964,0.0,0.0,0.0
572,588,November,16,fast,medium,0.5034201739536321,15.102605218608964,0.0,0.0,0.0
572,588,November,17,medium,medium,0.5034201739536321,15.102605218608964,0.0,0.0,0.0
572,588,November,18,fast,medium,0.5034201739536321,15.102605218608964,0.0,0.0,0.0
572,588,October,14,fast,medium,0.5034201739536321,15.606025392562596,0.0,0.0,0.0
572,588,October,15,fast,medium,0.5034201739536321,15.606025392562596,0.0,0.0,0.0
572,588,October,16,medium,medium,0.5034201739536321,15.606025392562596,0.0,0.0,0.0
572,588,October,17,fast,medium,0.5034201739536321,15.606025392562596,0.0,0.0,0.0
572,588,October,18,fast,medium,0.5034201739536321,15.606025392562596,0.0,0.0,0.0
572,588,September,14,medium,medium,0.5034201739536321,15.102605218608964,0.0,0.0,0.0
572,588,September,15,fast,medium,0.5034201739536321,15.102605218608964,0.0,0.0,0.0
572,588,September,16,fast,medium,0.5034201739536321,15.102605218608964,0.0,0.0,0.0
572,588,September,17,fast,medium,0.5034201739536321,15.102605218608964,0.0,0.0,0.0
572,588,September,18,medium,medium,0.5034201739536321,15.102605218608964,0.0,0.0,0.0
573,554,June,20,fast,fast,0.9337349397590362,28.012048192771086,0.0,0.0,0.0
573,554,June,21,fast,medium,8.725917769187618,261.7775330756285,0.0,0.0,0.0
573,554,June,22,medium,medium,2.378696812231965,71.36090436695895,0.0,0.0,0.0
573,572,June,21,medium,medium,2.6344665,79.03399499999999,0.0,0.0,0.0
573,572,June,22,fast,medium,4.644463057499999,139.33389172499997,0.0,0.0,0.0
573,572,May,20,fast,medium,0.9337349397590362,28.945783132530124,0.0,0.0,0.0
573,572,September,20,medium,medium,0.532567236842105,15.977017105263151,0.0,0.0,0.0
573,588,June,21,fast,medium,0.2570402500000002,7.711207500000006,0.0,0.0,0.0
573,588,June,42,fast,medium,2.742361451948925,82.27084355846776,0.0,0.0,0.0
573,588,May,42,medium,medium,5.261892962022185,163.11868182268773,0.0,0.0,0.0
580,595,April,24,fast,medium,5.348631950573698,160.45895851721093,0.0,0.0,0.0
580,595,April,25,fast,medium,10.591350397175638,317.74051191526917,0.0,0.0,0.0
580,595,April,26,fast,medium,10.591350397175638,317.74051191526917,0.0,0.0,0.0
580,595,April,27,fast,medium,10.591350397175638,317.74051191526917,0.0,0.0,0.0
580,595,April,28,medium,medium,2.877316857899382,86.31950573698147,0.0,0.0,0.0
580,595,June,24,medium,medium,5.348631950573698,160.45895851721093,0.0,0.0,0.0
580,595,June,25,medium,medium,10.591350397175638,317.74051191526917,0.0,0.0,0.0
580,595,June,26,fast,medium,10.591350397175638,317.74051191526917,0.0,0.0,0.0
580,595,June,27,fast,medium,10.591350397175638,317.74051191526917,0.0,0.0,0.0
580,595,June,28,medium,medium,2.877316857899382,86.31950573698147,0.0,0.0,0.0
581,561,April,30,fast,medium,1.5,45.0,0.0,0.0,0.0
581,561,August,30,medium,medium,1.5,46.5,0.0,0.0,0.0
581,561,December,30,medium,medium,1.5,46.5,0.0,0.0,0.0
581,561,February,30,fast,medium,1.5,42.0,0.0,0.0,0.0
581,561,January,30,medium,medium,1.5,46.5,0.0,0.0,0.0
581,561,July,30,fast,medium,1.5,46.5,0.0,0.0,0.0
581,561,June,30,medium,medium,1.5,45.0,0.0,0.0,0.0
581,561,March,30,fast,medium,1.5,46.5,0.0,0.0,0.0
581,561,May,30,fast,medium,1.5,46.5,0.0,0.0,0.0
581,561,November,30,fast,medium,1.5,45.0,0.0,0.0,0.0
581,561,October,30,fast,medium,1.5,46.5,0.0,0.0,0.0
581,561,September,30,medium,medium,1.5,45.0,0.0,0.0,0.0
586,600,April,34,fast,medium,67.83614348247653,2035.084304474296,0.0,0.0,0.0
586,600,April,35,medium,medium,28.738617323379344,862.1585197013803,0.0,0.0,0.0
586,600,August,34,medium,medium,67.83614348247653,2102.9204479567725,0.0,0.0,0.0
586,600,August,35,medium,medium,28.738617323379344,890.8971370247597,0.0,0.0,0.0
586,600,December,34,medium,medium,67.83614348247653,2102.9204479567725,0.0,0.0,0.0
586,600,December,35,fast,medium,28.738617323379344,890.8971370247597,0.0,0.0,0.0
586,600,February,34,medium,medium,67.83614348247653,1899.4120175093428,0.0,0.0,0.0
586,600,February,35,fast,medium,28.738617323379344,804.6812850546216,0.0,0.0,0.0
586,600,January,34,fast,medium,67.83614348247653,2102.9204479567725,0.0,0.0,0.0
586,600,January,35,medium,medium,28.738617323379344,890.8971370247597,0.0,0.0,0.0
586,600,July,34,fast,medium,67.83614348247653,2102.9204479567725,0.0,0.0,0.0
586,600,July,35,medium,medium,28.738617323379344,890.8971370247597,0.0,0.0,0.0
586,600,June,34,medium,medium,67.83614348247653,2035.084304474296,0.0,0.0,0.0
586,600,June,35,medium,medium,28.738617323379344,862.1585197013803,0.0,0.0,0.0
586,600,March,34,medium,medium,67.83614348247653,2102.9204479567725,0.0,0.0,0.0
586,600,March,35,fast,medium,28.738617323379344,890.8971370247597,0.0,0.0,0.0
586,600,May,34,medium,medium,67.83614348247653,2102.9204479567725,0.0,0.0,0.0
586,600,May,35,fast,medium,28.738617323379344,890.8971370247597,0.0,0.0,0.0
586,600,November,34,medium,medium,67.83614348247653,2035.084304474296,0.0,0.0,0.0
586,600,November,35,medium,medium,28.738617323379344,862.1585197013803,0.0,0.0,0.0
586,600,October,34,fast,medium,67.83614348247653,2102.9204479567725,0.0,0.0,0.0
586,600,October,35,medium,medium,28.738617323379344,890.8971370247597,0.0,0.0,0.0
586,600,September,34,medium,medium,67.83614348247653,2035.084304474296,0.0,0.0,0.0
586,600,September,35,fast,medium,28.738617323379344,862.1585197013803,0.0,0.0,0.0
588,572,June,25,medium,medium,1.2565534547917636,37.69660364375291,0.0,0.0,0.0
588,602,April,24,fast,fast,0.5276293176196489,15.828879528589468,0.0,0.0,0.0
588,602,June,14,fast,fast,2.333390412693447,70.00171238080341,0.0,0.0,0.0
588,602,June,15,fast,fast,4.042342974432735,121.27028923298205,0.0,0.0,0.0
588,602,May,15,fast,fast,3.49093895292736,108.21910754074815,0.0,0.0,0.0
591,590,April,35,fast,fast,0.16948638065707655,5.084591419712297,0.0,0.0,0.0
591,590,June,7,fast,fast,0.16839066666666666,5.0517199999999995,0.0,0.0,0.0
591,590,June,26,fast,fast,0.25010816347720777,7.503244904316233,0.0,0.0,0.0
591,590,June,27,fast,fast,7.26350213794629,217.9050641383887,0.0,0.0,0.0
591,590,June,28,fast,fast,1.3991812317813803,41.97543695344141,0.0,0.0,0.0
591,590,June,31,fast,fast,0.14770065697674184,4.431019709302255,0.0,0.0,0.0
591,590,June,33,fast,fast,10.366494380657084,310.9948314197125,0.0,0.0,0.0
591,590,June,34,fast,fast,1.8058746666666678,54.176240000000035,0.0,0.0,0.0
591,590,June,35,fast,fast,7.780018666666667,233.40056,0.0,0.0,0.0
591,590,May,35,fast,fast,5.828587096774193,180.68619999999999,0.0,0.0,0.0
591,605,March,21,fast,fast,3.7506929490287284,116.27148141989058,0.0,0.0,0.0
591,605,March,25,fast,fast,3.0882452994737335,95.73560428368575,0.0,0.0,0.0
593,594,April,16,fast,medium,0.9995936611133684,29.98780983340105,0.0,0.0,0.0
593,594,April,17,medium,medium,3.657049979683056,109.71149939049167,0.0,0.0,0.0
593,594,April,18,fast,medium,0.34335635920357577,10.300690776107274,0.0,0.0,0.0
593,594,August,16,medium,medium,0.9995936611133684,30.98740349451442,0.0,0.0,0.0
593,594,August,17,fast,medium,3.657049979683056,113.36854937017473,0.0,0.0,0.0
593,594,August,18,medium,medium,0.34335635920357577,10.64404713531085,0.0,0.0,0.0
593,594,February,17,medium,medium,3.657049979683056,102.39739943112556,0.0,0.0,0.0
593,594,February,18,fast,medium,0.34335635920357577,9.613978057700121,0.0,0.0,0.0
593,594,July,16,medium,medium,0.9995936611133684,30.98740349451442,0.0,0.0,0.0
593,594,July,17,medium,medium,3.657049979683056,113.36854937017473,0.0,0.0,0.0
593,594,July,18,fast,medium,0.34335635920357577,10.64404713531085,0.0,0.0,0.0
593,594,June,16,medium,medium,0.9995936611133684,29.98780983340105,0.0,0.0,0.0
593,594,June,17,medium,medium,3.657049979683056,109.71149939049167,0.0,0.0,0.0
593,594,June,18,fast,medium,0.34335635920357577,10.300690776107274,0.0,0.0,0.0
593,594,June,32,fast,medium,0.15401840350877372,4.6205521052632115,0.0,0.0,0.0
593,594,March,16,medium,medium,0.9995936611133684,30.98740349451442,0.0,0.0,0.0
593,594,March,17,fast,medium,3.657049979683056,113.36854937017473,0.0,0.0,0.0
593,594,March,18,medium,medium,0.34335635920357577,10.64404713531085,0.0,0.0,0.0
593,594,May,16,medium,medium,0.9995936611133684,30.98740349451442,0.0,0.0,0.0
593,594,May,17,medium,medium,3.657049979683056,113.36854937017473,0.0,0.0,0.0
593,594,May,18,fast,medium,0.34335635920357577,10.64404713531085,0.0,0.0,0.0
593,594,September,16,medium,medium,0.9995936611133684,29.98780983340105,0.0,0.0,0.0
593,594,September,17,medium,medium,3.657049979683056,109.71149939049167,0.0,0.0,0.0
593,594,September,18,fast,medium,0.34335635920357577,10.300690776107274,0.0,0.0,0.0
594,593,April,28,medium,medium,0.25176637587335904,7.552991276200771,0.0,0.0,0.0
594,593,April,29,fast,medium,6.12029975499545,183.60899264986352,0.0,0.0,0.0
594,593,August,28,medium,medium,0.25176637587335904,7.80475765207413,0.0,0.0,0.0
594,593,August,29,fast,medium,6.12029975499545,189.72929240485897,0.0,0.0,0.0
594,593,December,28,fast,medium,0.25176637587335904,7.80475765207413,0.0,0.0,0.0
594,593,December,29,fast,medium,6.12029975499545,189.72929240485897,0.0,0.0,0.0
594,593,February,28,medium,medium,0.25176637587335904,7.049458524454053,0.0,0.0,0.0
594,593,February,29,medium,medium,6.12029975499545,171.3683931398726,0.0,0.0,0.0
594,593,January,28,fast,medium,0.25176637587335904,7.80475765207413,0.0,0.0,0.0
594,593,January,29,fast,medium,6.12029975499545,189.72929240485897,0.0,0.0,0.0
594,593,July,28,medium,medium,0.25176637587335904,7.80475765207413,0.0,0.0,0.0
594,593,July,29,fast,medium,6.12029975499545,189.72929240485897,0.0,0.0,0.0
594,593,June,28,fast,medium,0.25176637587335904,7.552991276200771,0.0,0.0,0.0
594,593,June,29,fast,medium,6.12029975499545,183.60899264986352,0.0,0.0,0.0
594,593,March,28,fast,medium,0.25176637587335904,7.80475765207413,0.0,0.0,0.0
594,593,March,29,medium,medium,6.12029975499545,189.72929240485897,0.0,0.0,0.0
594,593,May,28,medium,medium,0.25176637587335904,7.80475765207413,0.0,0.0,0.0
594,593,May,29,medium,medium,6.12029975499545,189.72929240485897,0.0,0.0,0.0
594,593,November,28,medium,medium,0.25176637587335904,7.552991276200771,0.0,0.0,0.0
594,593,November,29,fast,medium,6.12029975499545,183.60899264986352,0.0,0.0,0.0
594,593,October,28,fast,medium,0.25176637587335904,7.80475765207413,0.0,0.0,0.0
594,593,October,29,medium,medium,6.12029975499545,189.72929240485897,0.0,0.0,0.0
594,593,September,28,fast,medium,0.25176637587335904,7.552991276200771,0.0,0.0,0.0
594,593,September,29,medium,medium,6.12029975499545,183.60899264986352,0.0,0.0,0.0
595,580,April,3,fast,medium,4.29726066579844,128.91781997395321,0.0,0.0,0.0
595,580,April,4,fast,medium,2.9033125052867064,87.09937515860119,0.0,0.0,0.0
595,580,August,3,fast,medium,4.29726066579844,133.21508063975165,0.0,0.0,0.0
595,580,August,4,fast,medium,2.9033125052867064,90.0026876638879,0.0,0.0,0.0
595,580,December,3,fast,medium,4.29726066579844,133.21508063975165,0.0,0.0,0.0
595,580,December,4,fast,medium,2.9033125052867064,90.0026876638879,0.0,0.0,0.0
595,580,February,3,fast,medium,4.29726066579844,120.32329864235632,0.0,0.0,0.0
595,580,February,4,fast,medium,2.9033125052867064,81.29275014802778,0.0,0.0,0.0
595,580,January,3,fast,medium,4.29726066579844,133.21508063975165,0.0,0.0,0.0
595,580,January,4,fast,medium,2.9033125052867064,90.0026876638879,0.0,0.0,0.0
595,580,July,3,fast,medium,4.29726066579844,133.21508063975165,0.0,0.0,0.0
595,580,July,4,fast,medium,2.9033125052867064,90.0026876638879,0.0,0.0,0.0
595,580,June,3,fast,medium,4.29726066579844,128.91781997395321,0.0,0.0,0.0
595,580,June,4,fast,medium,2.9033125052867064,87.09937515860119,0.0,0.0,0.0
595,580,March,3,fast,medium,4.29726066579844,133.21508063975165,0.0,0.0,0.0
595,580,March,4,fast,medium,2.9033125052867064,90.0026876638879,0.0,0.0,0.0
595,580,May,3,fast,medium,4.29726066579844,133.21508063975165,0.0,0.0,0.0
595,580,May,4,fast,medium,2.9033125052867064,90.0026876638879,0.0,0.0,0.0
595,580,November,3,fast,medium,4.29726066579844,128.91781997395321,0.0,0.0,0.0
595,580,November,4,fast,medium,2.9033125052867064,87.09937515860119,0.0,0.0,0.0
595,580,October,3,fast,medium,4.29726066579844,133.21508063975165,0.0,0.0,0.0
595,580,October,4,fast,medium,2.9033125052867064,90.0026876638879,0.0,0.0,0.0
595,580,September,3,fast,medium,4.29726066579844,128.91781997395321,0.0,0.0,0.0
595,580,September,4,fast,medium,2.9033125052867064,87.09937515860119,0.0,0.0,0.0
595,608,September,20,fast,medium,1.924504798444767,57.73514395334301,0.0,0.0,0.0
601,616,April,4,fast,medium,3.66515133064582,109.9545399193746,0.0,0.0,0.0
601,616,April,30,fast,medium,1.438441129258294,43.15323387774882,0.0,0.0,0.0
601,616,August,4,fast,medium,3.66515133064582,113.61969125002042,0.0,0.0,0.0
601,616,August,30,medium,medium,1.438441129258294,44.59167500700711,0.0,0.0,0.0
601,616,December,4,fast,medium,3.66515133064582,113.61969125002042,0.0,0.0,0.0
601,616,December,30,fast,medium,1.438441129258294,44.59167500700711,0.0,0.0,0.0
601,616,February,4,fast,medium,3.66515133064582,102.62423725808296,0.0,0.0,0.0
601,616,February,30,medium,medium,1.438441129258294,40.27635161923223,0.0,0.0,0.0
601,616,January,4,fast,medium,3.66515133064582,113.61969125002042,0.0,0.0,0.0
601,616,January,30,medium,medium,1.438441129258294,44.59167500700711,0.0,0.0,0.0
601,616,July,4,fast,medium,3.66515133064582,113.61969125002042,0.0,0.0,0.0
601,616,July,30,fast,medium,1.438441129258294,44.59167500700711,0.0,0.0,0.0
601,616,June,4,fast,medium,3.66515133064582,109.9545399193746,0.0,0.0,0.0
601,616,June,30,fast,medium,1.438441129258294,43.15323387774882,0.0,0.0,0.0
601,616,March,4,medium,medium,3.66515133064582,113.61969125002042,0.0,0.0,0.0
601,616,March,30,medium,medium,1.438441129258294,44.59167500700711,0.0,0.0,0.0
601,616,May,4,medium,medium,3.66515133064582,113.61969125002042,0.0,0.0,0.0
601,616,May,30,medium,medium,1.438441129258294,44.59167500700711,0.0,0.0,0.0
601,616,November,4,fast,medium,3.66515133064582,109.9545399193746,0.0,0.0,0.0
601,616,November,30,medium,medium,1.438441129258294,43.15323387774882,0.0,0.0,0.0
601,616,October,4,medium,medium,3.66515133064582,113.61969125002042,0.0,0.0,0.0
601,616,October,30,fast,medium,1.438441129258294,44.59167500700711,0.0,0.0,0.0
601,616,September,4,medium,medium,3.66515133064582,109.9545399193746,0.0,0.0,0.0
601,616,September,30,fast,medium,1.438441129258294,43.15323387774882,0.0,0.0,0.0
602,588,December,28,medium,medium,0.7273519860887099,22.547911568750006,0.0,0.0,0.0
602,588,June,40,fast,medium,0.1,3.0,0.0,0.0,0.0
602,618,June,18,medium,medium,0.5341637125221084,16.02491137566325,0.0,0.0,0.0
602,618,June,19,medium,medium,5.506894434838927,165.2068330451678,0.0,0.0,0.0
602,618,June,20,fast,medium,6.065996535829356,181.97989607488068,0.0,0.0,0.0
602,618,March,22,fast,medium,1.0143927041840541,31.44617382970568,0.0,0.0,0.0
602,618,September,19,fast,medium,0.1,3.0,0.0,0.0,0.0
602,618,September,20,medium,medium,13.238047975536803,397.1414392661041,0.0,0.0,0.0
608,595,June,29,fast,medium,25.870411524360716,776.1123457308215,0.0,0.0,0.0
608,595,June,30,fast,medium,19.18591193812239,575.5773581436717,0.0,0.0,0.0
610,597,April,38,fast,medium,2.3835316978382313,71.50595093514694,0.0,0.0,0.0
610,597,April,39,medium,medium,10.86057809084285,325.81734272528547,0.0,0.0,0.0
610,597,April,40,medium,medium,10.86057809084285,325.81734272528547,0.0,0.0,0.0
610,597,April,41,fast,medium,10.86057809084285,325.81734272528547,0.0,0.0,0.0
610,597,April,42,fast,medium,10.86057809084285,325.81734272528547,0.0,0.0,0.0
610,597,April,43,fast,medium,10.86057809084285,325.81734272528547,0.0,0.0,0.0
610,597,April,44,medium,medium,10.86057809084285,325.81734272528547,0.0,0.0,0.0
610,597,August,38,fast,medium,2.3835316978382313,73.88948263298516,0.0,0.0,0.0
610,597,August,39,medium,medium,11.0,341.0,0.0,0.0,0.0
610,597,August,40,medium,medium,11.0,341.0,0.0,0.0,0.0
610,597,August,41,medium,medium,11.0,341.0,0.0,0.0,0.0
610,597,August,42,fast,medium,11.0,341.0,0.0,0.0,0.0
610,597,August,43,medium,medium,11.0,341.0,0.0,0.0,0.0
610,597,August,44,fast,medium,11.0,341.0,0.0,0.0,0.0
610,597,December,38,fast,medium,11.0,341.0,0.0,0.0,0.0
610,597,December,39,fast,medium,10.86057809084285,336.67792081612833,0.0,0.0,0.0
610,597,December,40,fast,medium,10.86057809084285,336.67792081612833,0.0,0.0,0.0
610,597,December,41,medium,medium,11.0,341.0,0.0,0.0,0.0
610,597,December,42,fast,medium,11.0,341.0,0.0,0.0,0.0
610,597,December,43,fast,medium,11.0,341.0,0.0,0.0,0.0
610,597,December,44,fast,medium,11.0,341.0,0.0,0.0,0.0
610,597,February,38,fast,medium,11.0,308.0,0.0,0.0,0.0
610,597,February,39,medium,medium,11.0,308.0,0.0,0.0,0.0
610,597,February,40,fast,medium,11.0,308.0,0.0,0.0,0.0
610,597,February,41,medium,medium,11.0,308.0,0.0,0.0,0.0
610,597,February,42,fast,medium,11.0,308.0,0.0,0.0,0.0
610,597,February,43,medium,medium,11.0,308.0,0.0,0.0,0.0
610,597,February,44,fast,medium,11.0,308.0,0.0,0.0,0.0
610,597,January,38,fast,medium,2.3835316978382313,73.88948263298516,0.0,0.0,0.0
610,597,January,39,medium,medium,10.86057809084285,336.67792081612833,0.0,0.0,0.0
610,597,January,40,fast,medium,10.86057809084285,336.67792081612833,0.0,0.0,0.0
610,597,January,41,fast,medium,10.86057809084285,336.67792081612833,0.0,0.0,0.0
610,597,January,42,fast,medium,10.86057809084285,336.67792081612833,0.0,0.0,0.0
610,597,January,43,fast,medium,10.86057809084285,336.67792081612833,0.0,0.0,0.0
610,597,January,44,fast,medium,10.86057809084285,336.67792081612833,0.0,0.0,0.0
610,597,July,38,fast,medium,2.3835316978382313,73.88948263298516,0.0,0.0,0.0
610,597,July,39,fast,medium,10.86057809084285,336.67792081612833,0.0,0.0,0.0
610,597,July,40,medium,medium,10.86057809084285,336.67792081612833,0.0,0.0,0.0
610,597,July,41,medium,medium,10.86057809084285,336.67792081612833,0.0,0.0,0.0
610,597,July,42,medium,medium,10.86057809084285,336.67792081612833,0.0,0.0,0.0
610,597,July,43,medium,medium,10.86057809084285,336.67792081612833,0.0,0.0,0.0
610,597,July,44,medium,medium,11.0,341.0,0.0,0.0,0.0
610,597,June,38,fast,medium,2.3835316978382313,71.50595093514694,0.0,0.0,0.0
610,597,June,39,fast,medium,10.86057809084285,325.81734272528547,0.0,0.0,0.0
610,597,June,40,medium,medium,10.86057809084285,325.81734272528547,0.0,0.0,0.0
610,597,June,41,medium,medium,10.86057809084285,325.81734272528547,0.0,0.0,0.0
610,597,June,42,medium,medium,10.86057809084285,325.81734272528547,0.0,0.0,0.0
610,597,June,43,fast,medium,10.86057809084285,325.81734272528547,0.0,0.0,0.0
610,597,June,44,fast,medium,10.86057809084285,325.81734272528547,0.0,0.0,0.0
610,597,March,38,fast,medium,11.0,341.0,0.0,0.0,0.0
610,597,March,39,medium,medium,10.86057809084285,336.67792081612833,0.0,0.0,0.0
610,597,March,40,medium,medium,10.86057809084285,336.67792081612833,0.0,0.0,0.0
610,597,March,41,fast,medium,10.86057809084285,336.67792081612833,0.0,0.0,0.0
610,597,March,42,fast,medium,10.86057809084285,336.67792081612833,0.0,0.0,0.0
610,597,March,43,medium,medium,10.86057809084285,336.67792081612833,0.0,0.0,0.0
610,597,March,44,fast,medium,10.86057809084285,336.67792081612833,0.0,0.0,0.0
610,597,May,38,medium,medium,11.0,341.0,0.0,0.0,0.0
610,597,May,39,fast,medium,10.86057809084285,336.67792081612833,0.0,0.0,0.0
610,597,May,40,medium,medium,10.86057809084285,336.67792081612833,0.0,0.0,0.0
610,597,May,41,fast,medium,10.86057809084285,336.67792081612833,0.0,0.0,0.0
610,597,May,42,fast,medium,10.86057809084285,336.67792081612833,0.0,0.0,0.0
610,597,May,43,fast,medium,10.86057809084285,336.67792081612833,0.0,0.0,0.0
610,597,May,44,fast,medium,10.86057809084285,336.67792081612833,0.0,0.0,0.0
610,597,November,38,fast,medium,2.3835316978382313,71.50595093514694,0.0,0.0,0.0
610,597,November,39,fast,medium,10.86057809084285,325.81734272528547,0.0,0.0,0.0
610,597,November,40,fast,medium,10.86057809084285,325.81734272528547,0.0,0.0,0.0
610,597,November,41,fast,medium,10.86057809084285,325.81734272528547,0.0,0.0,0.0
610,597,November,42,fast,medium,10.86057809084285,325.81734272528547,0.0,0.0,0.0
610,597,November,43,fast,medium,10.86057809084285,325.81734272528547,0.0,0.0,0.0
610,597,November,44,fast,medium,10.86057809084285,325.81734272528547,0.0,0.0,0.0
610,597,October,38,medium,medium,11.0,341.0,0.0,0.0,0.0
610,597,October,39,medium,medium,11.0,341.0,0.0,0.0,0.0
610,597,October,40,medium,medium,11.0,341.0,0.0,0.0,0.0
610,597,October,41,fast,medium,11.0,341.0,0.0,0.0,0.0
610,597,October,42,fast,medium,11.0,341.0,0.0,0.0,0.0
610,597,October,43,fast,medium,11.0,341.0,0.0,0.0,0.0
610,597,October,44,fast,medium,10.86057809084285,336.67792081612833,0.0,0.0,0.0
610,597,September,38,fast,medium,2.3835316978382313,71.50595093514694,0.0,0.0,0.0
610,597,September,39,medium,medium,10.86057809084285,325.81734272528547,0.0,0.0,0.0
610,597,September,40,medium,medium,10.86057809084285,325.81734272528547,0.0,0.0,0.0
610,597,September,41,fast,medium,10.86057809084285,325.81734272528547,0.0,0.0,0.0
610,597,September,42,fast,medium,10.86057809084285,325.81734272528547,0.0,0.0,0.0
610,597,September,43,fast,medium,10.86057809084285,325.81734272528547,0.0,0.0,0.0
610,597,September,44,fast,medium,10.86057809084285,325.81734272528547,0.0,0.0,0.0
611,624,April,3,slow,slow,0.8852279865510937,26.55683959653281,0.0,0.0,0.0
611,624,April,4,slow,slow,0.8852279865510937,26.55683959653281,0.0,0.0,0.0
611,624,August,3,slow,slow,0.8852279865510937,27.442067583083904,0.0,0.0,0.0
611,624,August,4,medium,slow,0.8852279865510937,27.442067583083904,0.0,0.0,0.0
611,624,December,3,medium,slow,0.8852279865510937,27.442067583083904,0.0,0.0,0.0
611,624,December,4,medium,slow,0.8852279865510937,27.442067583083904,0.0,0.0,0.0
611,624,February,3,fast,slow,0.8852279865510937,24.786383623430623,0.0,0.0,0.0
611,624,February,4,fast,slow,0.8852279865510937,24.786383623430623,0.0,0.0,0.0
611,624,January,3,slow,slow,0.8852279865510937,27.442067583083904,0.0,0.0,0.0
611,624,January,4,slow,slow,0.8852279865510937,27.442067583083904,0.0,0.0,0.0
611,624,July,3,fast,slow,0.8852279865510937,27.442067583083904,0.0,0.0,0.0
611,624,July,4,medium,slow,0.8852279865510937,27.442067583083904,0.0,0.0,0.0
611,624,June,3,fast,slow,0.8852279865510937,26.55683959653281,0.0,0.0,0.0
611,624,June,4,fast,slow,0.8852279865510937,26.55683959653281,0.0,0.0,0.0
611,624,March,3,slow,slow,0.8852279865510937,27.442067583083904,0.0,0.0,0.0
611,624,March,4,medium,slow,0.8852279865510937,27.442067583083904,0.0,0.0,0.0
611,624,May,3,fast,slow,0.8852279865510937,27.442067583083904,0.0,0.0,0.0
611,624,May,4,fast,slow,0.8852279865510937,27.442067583083904,0.0,0.0,0.0
611,624,November,3,slow,slow,0.8852279865510937,26.55683959653281,0.0,0.0,0.0
611,624,November,4,medium,slow,0.8852279865510937,26.55683959653281,0.0,0.0,0.0
611,624,October,3,medium,slow,0.8852279865510937,27.442067583083904,0.0,0.0,0.0
611,624,October,4,slow,slow,0.8852279865510937,27.442067583083904,0.0,0.0,0.0
611,624,September,3,slow,slow,0.8852279865510937,26.55683959653281,0.0,0.0,0.0
611,624,September,4,medium,slow,0.8852279865510937,26.55683959653281,0.0,0.0,0.0
613,598,April,27,fast,medium,2.728786078955828,81.86358236867484,0.0,0.0,0.0
613,598,August,27,fast,medium,2.728786078955828,84.59236844763066,0.0,0.0,0.0
613,598,December,27,fast,medium,2.728786078955828,84.59236844763066,0.0,0.0,0.0
613,598,February,27,fast,medium,2.728786078955828,76.40601021076318,0.0,0.0,0.0
613,598,January,27,medium,medium,2.728786078955828,84.59236844763066,0.0,0.0,0.0
613,598,July,27,fast,medium,2.728786078955828,84.59236844763066,0.0,0.0,0.0
613,598,June,27,fast,medium,2.728786078955828,81.86358236867484,0.0,0.0,0.0
613,598,March,27,medium,medium,2.728786078955828,84.59236844763066,0.0,0.0,0.0
613,598,May,27,fast,medium,2.728786078955828,84.59236844763066,0.0,0.0,0.0
613,598,May,35,medium,medium,1.042167369343251,32.307188449640776,0.0,0.0,0.0
613,598,November,27,fast,medium,2.728786078955828,81.86358236867484,0.0,0.0,0.0
613,598,October,27,medium,medium,2.728786078955828,84.59236844763066,0.0,0.0,0.0
613,598,September,27,medium,medium,2.728786078955828,81.86358236867484,0.0,0.0,0.0
614,626,April,3,medium,medium,9.136780044838972,274.1034013451691,0.0,0.0,0.0
614,626,April,4,fast,medium,14.443439383801959,433.3031815140588,0.0,0.0,0.0
614,626,April,5,medium,medium,3.037672303537761,91.13016910613283,0.0,0.0,0.0
614,626,August,3,fast,medium,9.136780044838972,283.2401813900081,0.0,0.0,0.0
614,626,August,4,fast,medium,14.443439383801959,447.74662089786074,0.0,0.0,0.0
614,626,August,5,fast,medium,3.037672303537761,94.16784140967059,0.0,0.0,0.0
614,626,December,3,medium,medium,9.136780044838972,283.2401813900081,0.0,0.0,0.0
614,626,December,4,fast,medium,14.443439383801959,447.74662089786074,0.0,0.0,0.0
614,626,December,5,medium,medium,3.037672303537761,94.16784140967059,0.0,0.0,0.0
614,626,February,3,medium,medium,9.136780044838972,255.8298412554912,0.0,0.0,0.0
614,626,February,4,fast,medium,14.443439383801959,404.41630274645485,0.0,0.0,0.0
614,626,February,5,medium,medium,3.037672303537761,85.0548244990573,0.0,0.0,0.0
614,626,January,3,fast,medium,9.136780044838972,283.2401813900081,0.0,0.0,0.0
614,626,January,4,fast,medium,14.443439383801959,447.74662089786074,0.0,0.0,0.0
614,626,January,5,medium,medium,3.037672303537761,94.16784140967059,0.0,0.0,0.0
614,626,July,3,fast,medium,9.136780044838972,283.2401813900081,0.0,0.0,0.0
614,626,July,4,fast,medium,14.443439383801959,447.74662089786074,0.0,0.0,0.0
614,626,July,5,medium,medium,3.037672303537761,94.16784140967059,0.0,0.0,0.0
614,626,June,3,fast,medium,9.136780044838972,274.1034013451691,0.0,0.0,0.0
614,626,June,4,fast,medium,14.443439383801959,433.3031815140588,0.0,0.0,0.0
614,626,June,5,medium,medium,3.037672303537761,91.13016910613283,0.0,0.0,0.0
614,626,June,24,fast,medium,0.10946022718578519,3.2838068155735556,0.0,0.0,0.0
614,626,March,3,medium,medium,9.136780044838972,283.2401813900081,0.0,0.0,0.0
614,626,March,4,medium,medium,14.443439383801959,447.74662089786074,0.0,0.0,0.0
614,626,March,5,fast,medium,3.037672303537761,94.16784140967059,0.0,0.0,0.0
614,626,May,3,medium,medium,9.136780044838972,283.2401813900081,0.0,0.0,0.0
614,626,May,4,medium,medium,14.443439383801959,447.74662089786074,0.0,0.0,0.0
614,626,May,5,fast,medium,3.037672303537761,94.16784140967059,0.0,0.0,0.0
614,626,November,3,fast,medium,9.136780044838972,274.1034013451691,0.0,0.0,0.0
614,626,November,4,medium,medium,14.443439383801959,433.3031815140588,0.0,0.0,0.0
614,626,November,5,fast,medium,3.037672303537761,91.13016910613283,0.0,0.0,0.0
614,626,October,3,fast,medium,9.136780044838972,283.2401813900081,0.0,0.0,0.0
614,626,October,4,medium,medium,14.443439383801959,447.74662089786074,0.0,0.0,0.0
614,626,October,5,fast,medium,3.037672303537761,94.16784140967059,0.0,0.0,0.0
614,626,September,3,fast,medium,9.136780044838972,274.1034013451691,0.0,0.0,0.0
614,626,September,4,medium,medium,14.443439383801959,433.3031815140588,0.0,0.0,0.0
614,626,September,5,fast,medium,3.037672303537761,91.13016910613283,0.0,0.0,0.0
616,627,April,13,medium,medium,2.066202090592334,61.986062717770025,0.0,0.0,0.0
616,627,August,13,medium,medium,2.066202090592334,64.05226480836237,0.0,0.0,0.0
616,627,December,13,medium,medium,2.066202090592334,64.05226480836237,0.0,0.0,0.0
616,627,February,13,fast,medium,2.066202090592334,57.85365853658536,0.0,0.0,0.0
616,627,January,13,medium,medium,2.066202090592334,64.05226480836237,0.0,0.0,0.0
616,627,July,13,fast,medium,2.066202090592334,64.05226480836237,0.0,0.0,0.0
616,627,June,13,fast,medium,2.066202090592334,61.986062717770025,0.0,0.0,0.0
616,627,March,13,fast,medium,2.066202090592334,64.05226480836237,0.0,0.0,0.0
616,627,May,13,fast,medium,2.066202090592334,64.05226480836237,0.0,0.0,0.0
616,627,November,13,medium,medium,2.066202090592334,61.986062717770025,0.0,0.0,0.0
616,627,October,13,fast,medium,2.066202090592334,64.05226480836237,0.0,0.0,0.0
616,627,September,13,medium,medium,2.066202090592334,61.986062717770025,0.0,0.0,0.0
618,602,April,32,fast,fast,8.322541620331187,249.6762486099356,0.0,0.0,0.0
618,602,April,33,fast,fast,18.7509899682182,562.5296990465459,0.0,0.0,0.0
618,602,April,34,fast,fast,6.0414012604501615,181.24203781350485,0.0,0.0,0.0
618,602,June,8,fast,fast,0.2669878333333333,8.009635,0.0,0.0,0.0
618,602,June,10,fast,fast,2.0622720029749253,61.86816008924776,0.0,0.0,0.0
618,602,June,11,fast,fast,5.057734006374841,151.73202019124523,0.0,0.0,0.0
618,602,June,12,fast,fast,5.057734006374841,151.73202019124523,0.0,0.0,0.0
618,602,June,16,fast,fast,16.490596486739385,494.71789460218156,0.0,0.0,0.0
618,602,June,30,medium,medium,15.500818416617065,465.024552498512,0.0,0.0,0.0
618,602,June,32,fast,fast,8.322541620331187,249.6762486099356,0.0,0.0,0.0
618,602,June,33,fast,fast,24.778184634884866,743.345539046546,0.0,0.0,0.0
618,602,June,34,fast,fast,12.068595927116828,362.05787781350483,0.0,0.0,0.0
618,602,May,33,fast,fast,24.778184634884866,768.1237236814309,0.0,0.0,0.0
618,602,May,34,fast,fast,12.068595927116828,374.1264737406217,0.0,0.0,0.0
619,620,April,32,medium,medium,6.623632499875626,198.70897499626878,0.0,0.0,0.0
619,620,April,33,fast,medium,2.981036581004062,89.43109743012187,0.0,0.0,0.0
619,620,February,32,fast,medium,2.616304397506926,73.25652313019393,0.0,0.0,0.0
619,620,July,32,fast,medium,3.5468015783479854,109.95084892878755,0.0,0.0,0.0
619,620,July,33,fast,medium,2.981036581004062,92.41213401112593,0.0,0.0,0.0
619,620,June,32,fast,medium,6.623632499875626,198.70897499626878,0.0,0.0,0.0
619,620,June,33,fast,medium,2.981036581004062,89.43109743012187,0.0,0.0,0.0
619,620,March,32,fast,medium,6.623632499875626,205.33260749614442,0.0,0.0,0.0
619,620,March,33,fast,medium,2.981036581004062,92.41213401112593,0.0,0.0,0.0
619,620,May,32,medium,medium,6.623632499875626,205.33260749614442,0.0,0.0,0.0
619,620,May,33,medium,medium,2.981036581004062,92.41213401112593,0.0,0.0,0.0
619,620,May,35,fast,medium,1.1199560198402874,34.71863661504891,0.0,0.0,0.0
619,620,May,36,medium,medium,1.818467336683417,56.372487437185924,0.0,0.0,0.0
619,629,August,17,fast,fast,0.76460289906478,23.70268987100818,0.0,0.0,0.0
619,629,August,18,fast,fast,7.293062077241512,226.08492439448688,0.0,0.0,0.0
619,629,August,23,fast,fast,6.809565254411365,211.09652288675233,0.0,0.0,0.0
619,629,August,32,fast,fast,6.623632499875626,205.33260749614442,0.0,0.0,0.0
619,629,August,33,fast,fast,2.981036581004062,92.41213401112593,0.0,0.0,0.0
619,629,December,32,medium,medium,6.623632499875626,205.33260749614442,0.0,0.0,0.0
619,629,December,33,fast,fast,2.981036581004062,92.41213401112593,0.0,0.0,0.0
619,629,February,23,fast,fast,1.4520661760703542,40.65785292996992,0.0,0.0,0.0
619,629,February,32,fast,fast,4.0073281023686995,112.20518686632359,0.0,0.0,0.0
619,629,February,33,fast,fast,2.981036581004062,83.46902426811374,0.0,0.0,0.0
619,629,January,32,medium,medium,6.623632499875626,205.33260749614442,0.0,0.0,0.0
619,629,January,33,medium,medium,2.981036581004062,92.41213401112593,0.0,0.0,0.0
619,629,July,32,fast,fast,3.0768309215276406,95.38175856735685,0.0,0.0,0.0
619,629,March,17,fast,fast,2.8942189474518756,89.72078737100814,0.0,0.0,0.0
619,629,March,18,fast,fast,2.8252966416874656,87.58419589231144,0.0,0.0,0.0
619,629,March,23,fast,fast,6.4085918673145885,198.66634788675225,0.0,0.0,0.0
619,629,November,32,fast,fast,6.623632499875626,198.70897499626878,0.0,0.0,0.0
619,629,November,33,fast,fast,2.981036581004062,89.43109743012187,0.0,0.0,0.0
619,629,October,32,medium,medium,6.623632499875626,205.33260749614442,0.0,0.0,0.0
619,629,October,33,fast,fast,2.981036581004062,92.41213401112593,0.0,0.0,0.0
619,629,September,17,fast,fast,3.023606205516394,90.70818616549182,0.0,0.0,0.0
619,629,September,18,fast,fast,2.954683899751984,88.64051699255953,0.0,0.0,0.0
619,629,September,19,fast,fast,1.8705934708053984,56.11780412416195,0.0,0.0,0.0
619,629,September,23,fast,fast,7.908395676486547,237.25187029459642,0.0,0.0,0.0
619,629,September,25,fast,fast,1.598019405821745,47.94058217465235,0.0,0.0,0.0
619,629,September,26,fast,fast,2.1886882832006016,65.66064849601804,0.0,0.0,0.0
619,629,September,32,fast,medium,6.623632499875626,198.70897499626878,0.0,0.0,0.0
619,629,September,33,fast,medium,2.981036581004062,89.43109743012187,0.0,0.0,0.0
620,605,March,19,fast,fast,7.717372622149243,239.23855128662655,0.0,0.0,0.0
620,605,March,20,fast,fast,5.746579985034295,178.14397953606314,0.0,0.0,0.0
620,605,March,21,fast,fast,6.380102131405266,197.78316607356325,0.0,0.0,0.0
620,605,March,22,fast,fast,4.625285952776231,143.38386453606316,0.0,0.0,0.0
620,605,September,19,fast,fast,0.6958406624718219,20.875219874154656,0.0,0.0,0.0
620,605,September,20,fast,fast,6.225048025356873,186.7514407607062,0.0,0.0,0.0
620,605,September,21,fast,fast,5.140398925356877,154.2119677607063,0.0,0.0,0.0
620,605,September,22,fast,fast,10.806609775356876,324.19829326070624,0.0,0.0,0.0
620,619,April,28,medium,medium,1.0451312092861222,31.353936278583667,0.0,0.0,0.0
620,619,April,29,medium,medium,5.7554304102976666,172.66291230893,0.0,0.0,0.0
620,619,August,28,fast,medium,1.0451312092861222,32.399067487869786,0.0,0.0,0.0
620,619,August,29,medium,medium,5.7554304102976666,178.41834271922767,0.0,0.0,0.0
620,619,December,28,fast,medium,1.0451312092861222,32.399067487869786,0.0,0.0,0.0
620,619,December,29,fast,medium,5.7554304102976666,178.41834271922767,0.0,0.0,0.0
620,619,February,22,fast,medium,0.2622238612836445,7.342268115942046,0.0,0.0,0.0
620,619,February,28,fast,medium,1.0451312092861222,29.263673860011423,0.0,0.0,0.0
620,619,February,29,medium,medium,5.7554304102976666,161.15205148833468,0.0,0.0,0.0
620,619,January,28,medium,medium,1.0451312092861222,32.399067487869786,0.0,0.0,0.0
620,619,January,29,fast,medium,5.7554304102976666,178.41834271922767,0.0,0.0,0.0
620,619,July,28,fast,medium,1.0451312092861222,32.399067487869786,0.0,0.0,0.0
620,619,July,29,medium,medium,5.7554304102976666,178.41834271922767,0.0,0.0,0.0
620,619,June,28,fast,medium,1.0451312092861222,31.353936278583667,0.0,0.0,0.0
620,619,June,29,medium,medium,5.7554304102976666,172.66291230893,0.0,0.0,0.0
620,619,March,28,fast,medium,1.0451312092861222,32.399067487869786,0.0,0.0,0.0
620,619,March,29,fast,medium,5.7554304102976666,178.41834271922767,0.0,0.0,0.0
620,619,May,28,fast,medium,1.0451312092861222,32.399067487869786,0.0,0.0,0.0
620,619,May,29,medium,medium,5.7554304102976666,178.41834271922767,0.0,0.0,0.0
620,619,November,28,fast,medium,1.0451312092861222,31.353936278583667,0.0,0.0,0.0
620,619,November,29,fast,medium,5.7554304102976666,172.66291230893,0.0,0.0,0.0
620,619,October,28,fast,medium,1.0451312092861222,32.399067487869786,0.0,0.0,0.0
620,619,October,29,medium,medium,5.7554304102976666,178.41834271922767,0.0,0.0,0.0
620,619,September,28,medium,medium,1.0451312092861222,31.353936278583667,0.0,0.0,0.0
620,619,September,29,medium,medium,5.7554304102976666,172.66291230893,0.0,0.0,0.0
626,614,April,31,medium,medium,9.63606441023515,289.0819323070545,0.0,0.0,0.0
626,614,April,32,fast,medium,4.244157674939736,127.32473024819207,0.0,0.0,0.0
626,614,August,31,fast,medium,9.63606441023515,298.7179967172897,0.0,0.0,0.0
626,614,August,32,medium,medium,4.244157674939736,131.5688879231318,0.0,0.0,0.0
626,614,December,31,medium,medium,9.63606441023515,298.7179967172897,0.0,0.0,0.0
626,614,December,32,fast,medium,4.244157674939736,131.5688879231318,0.0,0.0,0.0
626,614,February,31,medium,medium,9.63606441023515,269.8098034865842,0.0,0.0,0.0
626,614,February,32,fast,medium,4.244157674939736,118.8364148983126,0.0,0.0,0.0
626,614,January,31,fast,medium,9.63606441023515,298.7179967172897,0.0,0.0,0.0
626,614,January,32,fast,medium,4.244157674939736,131.5688879231318,0.0,0.0,0.0
626,614,July,31,medium,medium,9.63606441023515,298.7179967172897,0.0,0.0,0.0
626,614,July,32,fast,medium,4.244157674939736,131.5688879231318,0.0,0.0,0.0
626,614,June,22,medium,medium,5.597182466958522,167.91547400875567,0.0,0.0,0.0
626,614,June,31,fast,medium,9.63606441023515,289.0819323070545,0.0,0.0,0.0
626,614,June,32,fast,medium,4.244157674939736,127.32473024819207,0.0,0.0,0.0
626,614,March,22,fast,medium,10.17915957716209,315.55394689202484,0.0,0.0,0.0
626,614,March,31,medium,medium,9.63606441023515,298.7179967172897,0.0,0.0,0.0
626,614,March,32,medium,medium,4.244157674939736,131.5688879231318,0.0,0.0,0.0
626,614,May,31,fast,medium,9.63606441023515,298.7179967172897,0.0,0.0,0.0
626,614,May,32,fast,medium,4.244157674939736,131.5688879231318,0.0,0.0,0.0
626,614,November,31,medium,medium,9.63606441023515,289.0819323070545,0.0,0.0,0.0
626,614,November,32,fast,medium,4.244157674939736,127.32473024819207,0.0,0.0,0.0
626,614,October,31,fast,medium,9.63606441023515,298.7179967172897,0.0,0.0,0.0
626,614,October,32,fast,medium,4.244157674939736,131.5688879231318,0.0,0.0,0.0
626,614,September,31,medium,medium,9.63606441023515,289.0819323070545,0.0,0.0,0.0
626,614,September,32,medium,medium,4.244157674939736,127.32473024819207,0.0,0.0,0.0
629,619,April,27,fast,medium,16.55776946260802,496.7330838782407,0.0,0.0,0.0
629,619,April,28,fast,medium,6.633203945461641,198.99611836384923,0.0,0.0,0.0
629,619,June,27,fast,medium,17.225030462608025,516.7509138782408,0.0,0.0,0.0
629,619,June,28,fast,medium,7.300464945461641,219.01394836384924,0.0,0.0,0.0
629,619,March,21,medium,medium,1.0092487628148898,31.286711647261583,0.0,0.0,0.0
629,635,June,27,medium,medium,4.168921583333333,125.06764749999999,0.0,0.0,0.0
629,635,June,28,fast,medium,0.8213926663338391,24.641779990015173,0.0,0.0,0.0
629,635,June,29,fast,medium,0.15872816633383957,4.761844990015187,0.0,0.0,0.0
629,635,June,30,fast,medium,0.15872816633383957,4.761844990015187,0.0,0.0,0.0
635,629,April,16,fast,fast,2.489937369828503,74.6981210948551,0.0,0.0,0.0
635,629,April,17,fast,fast,8.278459192272003,248.35377576816006,0.0,0.0,0.0
635,629,April,18,fast,fast,7.921541526873778,237.64624580621333,0.0,0.0,0.0
635,629,July,17,fast,fast,5.8566617102049,181.55651301635191,0.0,0.0,0.0
635,629,July,18,fast,fast,8.44361090859421,261.7519381664205,0.0,0.0,0.0
635,629,July,19,fast,fast,0.1,3.1,0.0,0.0,0.0
635,629,June,16,fast,fast,5.965164132424153,178.9549239727246,0.0,0.0,0.0
635,629,June,17,fast,fast,12.709126291855334,381.27378875566,0.0,0.0,0.0
635,629,June,18,fast,fast,7.513726610207112,225.41179830621334,0.0,0.0,0.0
635,629,March,17,fast,fast,2.9624427627530245,91.83572564534376,0.0,0.0,0.0
635,629,March,18,fast,fast,4.183513166658725,129.68890816642048,0.0,0.0,0.0
635,629,May,16,fast,fast,5.663452498015551,175.56702743848209,0.0,0.0,0.0
635,629,May,17,fast,fast,7.421913009476304,230.07930329376543,0.0,0.0,0.0
635,629,May,18,fast,fast,7.0649953440780795,219.01485566642046,0.0,0.0,0.0
635,629,September,17,fast,fast,2.833055504688506,84.99166514065519,0.0,0.0,0.0
635,629,September,18,fast,fast,4.205202360207112,126.15607080621336,0.0,0.0,0.0
635,629,September,19,fast,fast,0.8380480650967332,25.141441952901996,0.0,0.0,0.0
