from_HexID,to_HexID,Month,TimeIndex,OriginType,DestinationType,Energy_kWh_day,Energy_kWh_annual,DeltaPrice_SEK_per_kWh,PriceComp_SEK_day,PriceComp_SEK_annual
1,2,April,17,fast,medium,0.27029344225709906,8.108803267712972,0.0,0.0,0.0
1,2,August,17,fast,medium,0.27029344225709906,8.37909670997007,0.0,0.0,0.0
1,2,December,17,fast,medium,0.27029344225709906,8.37909670997007,0.0,0.0,0.0
1,2,February,17,fast,medium,0.27029344225709906,7.568216383198774,0.0,0.0,0.0
1,2,January,17,fast,medium,0.27029344225709906,8.37909670997007,0.0,0.0,0.0
1,2,July,17,medium,medium,0.27029344225709906,8.37909670997007,0.0,0.0,0.0
1,2,June,17,medium,medium,0.27029344225709906,8.108803267712972,0.0,0.0,0.0
1,2,March,17,fast,medium,0.27029344225709906,8.37909670997007,0.0,0.0,0.0
1,2,May,17,medium,medium,0.27029344225709906,8.37909670997007,0.0,0.0,0.0
1,2,November,17,medium,medium,0.27029344225709906,8.108803267712972,0.0,0.0,0.0
1,2,October,17,fast,medium,0.27029344225709906,8.37909670997007,0.0,0.0,0.0
1,2,September,17,medium,medium,0.27029344225709906,8.108803267712972,0.0,0.0,0.0
1,9,April,17,fast,medium,3.4113217965985356,102.33965389795607,0.0,0.0,0.0
1,9,April,20,fast,fast,1.858611517145695,55.758345514370845,0.0,0.0,0.0
1,9,August,17,fast,medium,3.4113217965985356,105.7509756945546,0.0,0.0,0.0
1,9,December,17,fast,medium,3.4113217965985356,105.7509756945546,0.0,0.0,0.0
1,9,February,17,fast,medium,3.4113217965985356,95.517010304759,0.0,0.0,0.0
1,9,January,17,fast,medium,3.4113217965985356,105.7509756945546,0.0,0.0,0.0
1,9,July,17,medium,medium,3.4113217965985356,105.7509756945546,0.0,0.0,0.0
1,9,June,17,fast,medium,3.4113217965985356,102.33965389795607,0.0,0.0,0.0
1,9,June,20,fast,fast,8.719056085132266,261.571682553968,0.0,0.0,0.0
1,9,March,17,fast,medium,3.4113217965985356,105.7509756945546,0.0,0.0,0.0
1,9,May,17,medium,medium,3.4113217965985356,105.7509756945546,0.0,0.0,0.0
1,9,May,20,fast,fast,2.162519749859719,67.03811224565129,0.0,0.0,0.0
1,9,November,17,medium,medium,3.4113217965985356,102.33965389795607,0.0,0.0,0.0
1,9,October,17,fast,medium,3.4113217965985356,105.7509756945546,0.0,0.0,0.0
1,9,September,17,medium,medium,3.4113217965985356,102.33965389795607,0.0,0.0,0.0
2,9,April,19,medium,medium,3.347948824440593,100.43846473321778,0.0,0.0,0.0
2,9,April,20,fast,fast,8.815846756639095,264.47540269917283,0.0,0.0,0.0
2,9,April,21,fast,fast,1.8225303349580493,54.67591004874148,0.0,0.0,0.0
2,9,June,19,fast,medium,3.5857061577739273,107.57118473321782,0.0,0.0,0.0
2,9,June,20,medium,medium,6.860444567986569,205.81333703959706,0.0,0.0,0.0
2,9,June,20,fast,fast,1.955402188652526,58.662065659575774,0.0,0.0,0.0
2,9,June,21,fast,fast,6.068241184153243,182.0472355245973,0.0,0.0,0.0
2,9,May,19,medium,medium,7.615912059207663,236.09327383543754,0.0,0.0,0.0
2,9,May,20,medium,medium,7.549287264457995,234.02790519819783,0.0,0.0,0.0
2,9,May,20,fast,fast,1.2665594921811003,39.26334425761411,0.0,0.0,0.0
2,9,May,21,medium,medium,4.245710849213274,131.61703632561148,0.0,0.0,0.0
2,9,May,21,fast,fast,1.8225303349399695,56.498440383139055,0.0,0.0,0.0
4,11,April,23,fast,fast,0.30868813681624196,9.260644104487259,0.0,0.0,0.0
4,11,April,38,fast,fast,0.6994932056428098,20.984796169284294,0.0,0.0,0.0
4,11,August,38,fast,fast,0.6994932056428098,21.684289374927104,0.0,0.0,0.0
4,11,December,38,fast,fast,0.6994932056428098,21.684289374927104,0.0,0.0,0.0
4,11,February,38,fast,fast,0.6994932056428098,19.585809757998675,0.0,0.0,0.0
4,11,January,38,fast,fast,0.6994932056428098,21.684289374927104,0.0,0.0,0.0
4,11,July,38,fast,fast,0.6994932056428098,21.684289374927104,0.0,0.0,0.0
4,11,June,38,fast,fast,0.6994932056428098,20.984796169284294,0.0,0.0,0.0
4,11,March,38,fast,fast,0.6994932056428098,21.684289374927104,0.0,0.0,0.0
4,11,May,38,fast,fast,0.6994932056428098,21.684289374927104,0.0,0.0,0.0
4,11,November,38,fast,fast,0.6994932056428098,20.984796169284294,0.0,0.0,0.0
4,11,October,38,fast,fast,0.6994932056428098,21.684289374927104,0.0,0.0,0.0
4,11,September,38,fast,fast,0.6994932056428098,20.984796169284294,0.0,0.0,0.0
7,8,April,24,fast,fast,1.153809322852176,34.61427968556528,0.0,0.0,0.0
7,8,August,24,fast,fast,1.153809322852176,35.768089008417455,0.0,0.0,0.0
7,8,December,24,fast,fast,1.153809322852176,35.768089008417455,0.0,0.0,0.0
7,8,February,24,fast,fast,1.153809322852176,32.30666103986093,0.0,0.0,0.0
7,8,January,24,fast,fast,1.153809322852176,35.768089008417455,0.0,0.0,0.0
7,8,July,24,fast,fast,1.153809322852176,35.768089008417455,0.0,0.0,0.0
7,8,June,24,fast,fast,1.1538093228521706,34.61427968556512,0.0,0.0,0.0
7,8,March,24,fast,fast,1.153809322852176,35.768089008417455,0.0,0.0,0.0
7,8,May,24,fast,fast,1.153809322852176,35.768089008417455,0.0,0.0,0.0
7,8,November,24,fast,fast,1.153809322852176,34.61427968556528,0.0,0.0,0.0
7,8,October,24,fast,fast,1.153809322852176,35.768089008417455,0.0,0.0,0.0
7,8,September,24,fast,fast,1.153809322852176,34.61427968556528,0.0,0.0,0.0
8,1,April,21,medium,medium,7.81239373447827,234.37181203434812,0.0,0.0,0.0
8,1,June,21,medium,medium,9.169463984461672,275.0839195338501,0.0,0.0,0.0
8,1,May,21,medium,medium,8.760569597540112,271.5776575237435,0.0,0.0,0.0
9,1,June,23,medium,medium,7.668366749038569,230.05100247115706,0.0,0.0,0.0
9,1,June,29,medium,medium,1.9194504850372098,57.583514551116295,0.0,0.0,0.0
10,2,August,31,medium,medium,0.1,3.1,0.0,0.0,0.0
10,2,February,31,medium,medium,0.1,2.8000000000000003,0.0,0.0,0.0
10,9,April,34,fast,fast,8.033498168525043,241.00494505575128,0.0,0.0,0.0
10,9,August,34,fast,fast,5.620918173901387,174.24846339094302,0.0,0.0,0.0
10,9,January,34,fast,fast,7.158180835303979,221.90360589442335,0.0,0.0,0.0
10,9,July,34,fast,fast,9.455763194440486,293.1286590276551,0.0,0.0,0.0
10,9,June,34,fast,fast,9.455763194440486,283.67289583321457,0.0,0.0,0.0
10,9,March,34,fast,fast,9.455763194440486,293.1286590276551,0.0,0.0,0.0
10,9,May,20,fast,fast,3.0819894799584944,95.54167387871333,0.0,0.0,0.0
10,9,May,34,fast,fast,9.455763194440486,293.1286590276551,0.0,0.0,0.0
10,9,November,34,fast,fast,9.455763194440486,283.67289583321457,0.0,0.0,0.0
10,9,September,34,fast,fast,0.912704418468917,27.381132554067513,0.0,0.0,0.0
10,11,April,34,medium,medium,1.4222650259154364,42.66795077746309,0.0,0.0,0.0
10,11,August,34,medium,medium,3.834845020539092,118.88019563671185,0.0,0.0,0.0
10,11,December,34,medium,medium,9.455763194440493,293.1286590276553,0.0,0.0,0.0
10,11,February,34,medium,medium,9.455763194440493,264.7613694443338,0.0,0.0,0.0
10,11,January,34,medium,medium,2.2975823591365074,71.22505313323173,0.0,0.0,0.0
10,11,October,34,medium,medium,9.455763194440486,293.1286590276551,0.0,0.0,0.0
10,11,September,34,medium,medium,8.543058775915448,256.2917632774634,0.0,0.0,0.0
11,4,April,25,fast,fast,5.76707232007724,173.01216960231721,0.0,0.0,0.0
11,4,April,26,fast,fast,0.1,3.0,0.0,0.0,0.0
11,4,April,27,fast,fast,23.182711649912605,695.4813494973781,0.0,0.0,0.0
11,4,April,33,fast,fast,11.878964693614122,356.36894080842364,0.0,0.0,0.0
11,4,August,27,fast,fast,2.1478233999125678,66.5825253972896,0.0,0.0,0.0
11,4,August,33,fast,fast,11.878964693614122,368.2479055020378,0.0,0.0,0.0
11,4,December,27,fast,fast,2.1478233999125695,66.58252539728966,0.0,0.0,0.0
11,4,December,33,fast,fast,11.878964693614122,368.2479055020378,0.0,0.0,0.0
11,4,February,27,fast,fast,2.1478233999125678,60.1390551975519,0.0,0.0,0.0
11,4,February,33,fast,fast,11.878964693614122,332.6110114211954,0.0,0.0,0.0
11,4,January,27,fast,fast,2.1478233999125678,66.5825253972896,0.0,0.0,0.0
11,4,January,33,fast,fast,11.878964693614122,368.2479055020378,0.0,0.0,0.0
11,4,July,27,fast,fast,2.1478233999125678,66.5825253972896,0.0,0.0,0.0
11,4,July,33,fast,fast,11.878964693614122,368.2479055020378,0.0,0.0,0.0
11,4,June,17,fast,fast,18.12744328966066,543.8232986898198,0.0,0.0,0.0
11,4,June,18,fast,fast,12.248493479604438,367.45480438813314,0.0,0.0,0.0
11,4,June,19,fast,fast,0.4710322176738124,14.130966530214373,0.0,0.0,0.0
11,4,June,25,fast,fast,1.7408758532022475,52.226275596067424,0.0,0.0,0.0
11,4,June,26,fast,fast,0.1,3.0,0.0,0.0,0.0
11,4,June,27,fast,fast,21.0883606499126,632.650819497378,0.0,0.0,0.0
11,4,June,33,fast,fast,11.878964693614122,356.36894080842364,0.0,0.0,0.0
11,4,March,27,fast,fast,2.1478233999125678,66.5825253972896,0.0,0.0,0.0
11,4,March,33,fast,fast,11.878964693614122,368.2479055020378,0.0,0.0,0.0
11,4,May,15,fast,fast,4.356509499206588,135.05179447540422,0.0,0.0,0.0
11,4,May,16,fast,fast,11.767317734431007,364.7868497673612,0.0,0.0,0.0
11,4,May,17,fast,fast,22.08865722514453,684.7483739794804,0.0,0.0,0.0
11,4,May,18,fast,fast,20.912767382239824,648.2957888494345,0.0,0.0,0.0
11,4,May,19,fast,fast,16.888003450351235,523.5281069608883,0.0,0.0,0.0
11,4,May,20,fast,fast,6.06601862390788,188.04657734114426,0.0,0.0,0.0
11,4,May,27,fast,fast,2.1478233999125678,66.5825253972896,0.0,0.0,0.0
11,4,May,33,fast,fast,11.878964693614122,368.2479055020378,0.0,0.0,0.0
11,4,November,27,fast,fast,2.1478233999125678,64.43470199737703,0.0,0.0,0.0
11,4,November,33,fast,fast,11.878964693614122,356.36894080842364,0.0,0.0,0.0
11,4,October,27,fast,fast,2.1478233999125678,66.5825253972896,0.0,0.0,0.0
11,4,October,33,fast,fast,11.878964693614122,368.2479055020378,0.0,0.0,0.0
11,4,September,17,fast,fast,1.3118259237373717,39.35477771212115,0.0,0.0,0.0
11,4,September,27,fast,fast,2.1478233999125678,64.43470199737703,0.0,0.0,0.0
11,4,September,33,fast,fast,11.878964693614122,356.36894080842364,0.0,0.0,0.0
11,10,April,21,fast,fast,4.5185072195733795,135.5552165872014,0.0,0.0,0.0
11,10,April,32,fast,fast,11.02209827133599,330.6629481400797,0.0,0.0,0.0
11,10,April,33,fast,fast,12.023109517448049,360.69328552344143,0.0,0.0,0.0
11,10,August,33,fast,fast,12.023109517448049,372.7163950408895,0.0,0.0,0.0
11,10,December,33,fast,fast,12.023109517448049,372.7163950408895,0.0,0.0,0.0
11,10,February,33,fast,fast,12.023109517448049,336.64706648854536,0.0,0.0,0.0
11,10,January,33,fast,fast,12.023109517448049,372.7163950408895,0.0,0.0,0.0
11,10,July,33,fast,fast,12.023109517448049,372.7163950408895,0.0,0.0,0.0
11,10,June,21,medium,medium,4.206648161476849,126.19944484430548,0.0,0.0,0.0
11,10,June,32,medium,medium,23.276696278240664,698.3008883472199,0.0,0.0,0.0
11,10,June,32,fast,fast,11.022098271389424,330.6629481416827,0.0,0.0,0.0
11,10,June,33,fast,fast,12.023109517448049,360.69328552344143,0.0,0.0,0.0
11,10,March,33,fast,fast,12.023109517448049,372.7163950408895,0.0,0.0,0.0
11,10,May,32,fast,fast,11.02209827133599,341.68504641141567,0.0,0.0,0.0
11,10,May,33,fast,fast,12.023109517448049,372.7163950408895,0.0,0.0,0.0
11,10,November,33,fast,fast,12.023109517448049,360.69328552344143,0.0,0.0,0.0
11,10,October,33,fast,fast,12.023109517448049,372.7163950408895,0.0,0.0,0.0
11,10,September,33,fast,fast,12.023109517448049,360.69328552344143,0.0,0.0,0.0
12,19,December,23,medium,medium,1.2469470967741936,38.65536,0.0,0.0,0.0
12,19,June,22,medium,medium,1.680226934827946,50.40680804483838,0.0,0.0,0.0
12,19,June,23,medium,medium,1.327588934827947,39.82766804483841,0.0,0.0,0.0
12,19,March,23,fast,medium,0.8884842613510351,27.543012101882088,0.0,0.0,0.0
12,19,May,22,fast,medium,0.1,3.1,0.0,0.0,0.0
13,21,April,16,medium,medium,1.3379891547825977,40.13967464347793,0.0,0.0,0.0
13,21,August,16,medium,medium,1.3379891547825977,41.47766379826053,0.0,0.0,0.0
13,21,December,16,medium,medium,1.3379891547825977,41.47766379826053,0.0,0.0,0.0
13,21,February,16,medium,medium,1.3379891547825977,37.463696333912736,0.0,0.0,0.0
13,21,January,16,medium,medium,1.3379891547825977,41.47766379826053,0.0,0.0,0.0
13,21,July,16,fast,medium,1.3379891547825977,41.47766379826053,0.0,0.0,0.0
13,21,June,16,medium,medium,1.3379891547825977,40.13967464347793,0.0,0.0,0.0
13,21,March,16,fast,medium,1.3379891547825977,41.47766379826053,0.0,0.0,0.0
13,21,May,16,medium,medium,1.3379891547825977,41.47766379826053,0.0,0.0,0.0
13,21,November,16,medium,medium,1.3379891547825977,40.13967464347793,0.0,0.0,0.0
13,21,October,16,medium,medium,1.3379891547825977,41.47766379826053,0.0,0.0,0.0
13,21,September,16,medium,medium,1.3379891547825977,40.13967464347793,0.0,0.0,0.0
14,13,April,19,medium,medium,2.553679999999993,76.61039999999979,0.0,0.0,0.0
14,13,April,19,fast,fast,5.515460714688775,165.46382144066325,0.0,0.0,0.0
14,13,April,26,fast,fast,2.744034106816649,82.32102320449947,0.0,0.0,0.0
14,13,April,28,fast,fast,12.905228764308674,387.1568629292602,0.0,0.0,0.0
14,13,April,29,fast,fast,16.110160253392262,483.3048076017679,0.0,0.0,0.0
14,13,April,30,fast,fast,8.375273169833068,251.25819509499206,0.0,0.0,0.0
14,13,April,33,fast,fast,8.817237333333335,264.51712000000003,0.0,0.0,0.0
14,13,April,34,fast,fast,8.817237333333333,264.51712,0.0,0.0,0.0
14,13,April,35,fast,fast,23.784007173279633,713.520215198389,0.0,0.0,0.0
14,13,April,36,fast,fast,15.0953644598873,452.860933796619,0.0,0.0,0.0
14,13,August,26,fast,fast,2.744034106816663,85.06505731131656,0.0,0.0,0.0
14,13,August,29,fast,fast,6.849054877048179,212.32070118849353,0.0,0.0,0.0
14,13,August,33,fast,fast,0.1,3.1,0.0,0.0,0.0
14,13,August,34,fast,fast,6.614885680730161,205.061456102635,0.0,0.0,0.0
14,13,August,35,fast,fast,23.784007173279633,737.3042223716686,0.0,0.0,0.0
14,13,August,36,fast,fast,15.0953644598873,467.9562982565063,0.0,0.0,0.0
14,13,December,35,fast,fast,23.784007173279633,737.3042223716686,0.0,0.0,0.0
14,13,December,36,fast,fast,15.095364459885062,467.9562982564369,0.0,0.0,0.0
14,13,February,35,fast,fast,23.784007173279633,665.9522008518297,0.0,0.0,0.0
14,13,February,36,fast,fast,15.095364459885054,422.67020487678155,0.0,0.0,0.0
14,13,January,35,fast,fast,23.784007173279633,737.3042223716686,0.0,0.0,0.0
14,13,January,36,fast,fast,15.095364459885062,467.9562982564369,0.0,0.0,0.0
14,13,July,19,fast,fast,0.5343768437210237,16.565682155351734,0.0,0.0,0.0
14,13,July,26,fast,fast,2.744034106816649,85.06505731131611,0.0,0.0,0.0
14,13,July,29,fast,fast,9.712931006080435,301.10086118849347,0.0,0.0,0.0
14,13,July,30,fast,fast,1.9780439225212412,61.31936159815848,0.0,0.0,0.0
14,13,July,33,fast,fast,4.886940635402392,151.49515969747415,0.0,0.0,0.0
14,13,July,34,fast,fast,9.03594322580645,280.11423999999994,0.0,0.0,0.0
14,13,July,35,fast,fast,23.784007173279633,737.3042223716686,0.0,0.0,0.0
14,13,July,36,fast,fast,15.095364459885062,467.9562982564369,0.0,0.0,0.0
14,13,June,19,fast,fast,8.231018048022104,246.93054144066312,0.0,0.0,0.0
14,13,June,26,fast,fast,2.744034106816649,82.32102320449947,0.0,0.0,0.0
14,13,June,28,fast,fast,13.78848176430867,413.6544529292601,0.0,0.0,0.0
14,13,June,29,fast,fast,17.74414692005893,532.3244076017679,0.0,0.0,0.0
14,13,June,30,fast,fast,10.009259836499737,300.27779509499214,0.0,0.0,0.0
14,13,June,33,fast,fast,14.225381333333335,426.76144000000005,0.0,0.0,0.0
14,13,June,34,fast,fast,14.225381333333338,426.76144000000016,0.0,0.0,0.0
14,13,June,35,fast,fast,23.784007173279633,713.520215198389,0.0,0.0,0.0
14,13,June,36,fast,fast,15.095364459882816,452.86093379648446,0.0,0.0,0.0
14,13,March,33,fast,fast,0.18603575489688984,5.7671084018035845,0.0,0.0,0.0
14,13,March,35,fast,fast,23.784007173281807,737.304222371736,0.0,0.0,0.0
14,13,March,36,fast,fast,15.095364459887307,467.9562982565065,0.0,0.0,0.0
14,13,May,19,medium,medium,9.986740645161284,309.5889599999998,0.0,0.0,0.0
14,13,May,19,fast,fast,5.515460714688775,170.97928215535202,0.0,0.0,0.0
14,13,May,21,fast,medium,11.0,341.0,0.0,0.0,0.0
14,13,May,21,fast,fast,0.2671059388120103,8.280284103172319,0.0,0.0,0.0
14,13,May,26,fast,fast,2.744034106816649,85.06505731131611,0.0,0.0,0.0
14,13,May,28,fast,fast,14.36953377489143,445.45554702163435,0.0,0.0,0.0
14,13,May,29,fast,fast,15.661333586725597,485.5013411884935,0.0,0.0,0.0
14,13,May,30,fast,fast,7.926446503166403,245.7198415981585,0.0,0.0,0.0
14,13,May,33,fast,fast,13.206227096774198,409.39304000000016,0.0,0.0,0.0
14,13,May,34,fast,fast,13.206227096774198,409.39304000000016,0.0,0.0,0.0
14,13,May,35,fast,fast,23.784007173279637,737.3042223716687,0.0,0.0,0.0
14,13,May,36,fast,fast,15.095364459885062,467.9562982564369,0.0,0.0,0.0
14,13,May,37,fast,fast,1.0246193548387097,31.7632,0.0,0.0,0.0
14,13,November,35,fast,fast,23.784007173279637,713.5202151983891,0.0,0.0,0.0
14,13,November,36,fast,fast,15.095364459885062,452.8609337965519,0.0,0.0,0.0
14,13,October,35,fast,fast,23.784007173279633,737.3042223716686,0.0,0.0,0.0
14,13,October,36,fast,fast,15.095364459885054,467.9562982564367,0.0,0.0,0.0
14,13,September,19,fast,fast,5.515460714688775,165.46382144066325,0.0,0.0,0.0
14,13,September,26,fast,fast,2.744034106816649,82.32102320449947,0.0,0.0,0.0
14,13,September,29,fast,fast,6.203536253392265,186.10608760176797,0.0,0.0,0.0
14,13,September,35,fast,fast,23.784007173279633,713.520215198389,0.0,0.0,0.0
14,13,September,36,fast,fast,15.095364459882816,452.86093379648446,0.0,0.0,0.0
14,21,April,29,fast,medium,1.0168808333333246,30.506424999999737,0.0,0.0,0.0
14,21,April,29,fast,fast,4.078424785408178,122.35274356224534,0.0,0.0,0.0
14,21,June,29,fast,fast,6.765765202074839,202.97295606224515,0.0,0.0,0.0
14,21,May,29,fast,fast,4.078424785408178,126.43116834765351,0.0,0.0,0.0
15,7,April,16,fast,medium,6.4813634112509195,194.44090233752758,0.0,0.0,0.0
15,7,April,17,fast,medium,31.50861765740416,945.2585297221248,0.0,0.0,0.0
15,7,April,18,fast,medium,33.0,990.0,0.0,0.0,0.0
15,7,April,19,fast,medium,33.0,990.0,0.0,0.0,0.0
15,7,April,20,medium,medium,6.64586249999999,199.3758749999997,0.0,0.0,0.0
15,7,April,26,medium,medium,3.9438035437047425,118.31410631114227,0.0,0.0,0.0
15,7,April,27,fast,medium,8.588375416666654,257.65126249999963,0.0,0.0,0.0
15,7,April,28,fast,medium,8.588375416666654,257.65126249999963,0.0,0.0,0.0
15,7,April,29,fast,medium,10.302087938596523,309.0626381578957,0.0,0.0,0.0
15,7,April,30,fast,medium,5.5652458333333215,166.95737499999964,0.0,0.0,0.0
15,7,April,31,fast,medium,9.212228333333334,276.36685,0.0,0.0,0.0
15,7,April,32,medium,medium,9.212228333333336,276.36685000000006,0.0,0.0,0.0
15,7,April,33,medium,medium,8.385808105049577,251.5742431514873,0.0,0.0,0.0
15,7,April,34,fast,medium,0.2506939925581815,7.520819776745444,0.0,0.0,0.0
15,7,April,35,fast,medium,1.0124408333333335,30.373225000000005,0.0,0.0,0.0
15,7,April,36,fast,medium,1.0124408333333337,30.373225000000012,0.0,0.0,0.0
15,7,April,37,fast,medium,7.521859583333334,225.6557875,0.0,0.0,0.0
15,7,April,38,fast,medium,5.833158875672046,174.9947662701614,0.0,0.0,0.0
15,7,August,16,fast,medium,6.481363411250921,200.92226574877856,0.0,0.0,0.0
15,7,August,17,fast,medium,31.50861765740416,976.767147379529,0.0,0.0,0.0
15,7,August,18,fast,medium,33.0,1023.0,0.0,0.0,0.0
15,7,August,19,fast,medium,33.0,1023.0,0.0,0.0,0.0
15,7,August,20,fast,medium,0.9557181451612795,29.627262499999667,0.0,0.0,0.0
15,7,August,23,medium,medium,4.132427433781061,128.10525044721288,0.0,0.0,0.0
15,7,August,27,fast,medium,9.511501612903224,294.85654999999997,0.0,0.0,0.0
15,7,August,28,fast,medium,9.511501612903224,294.85654999999997,0.0,0.0,0.0
15,7,August,29,medium,medium,0.8106604838709588,25.130474999999723,0.0,0.0,0.0
15,7,August,30,medium,medium,0.8106604838709579,25.130474999999695,0.0,0.0,0.0
15,7,August,31,medium,medium,0.1,3.1,0.0,0.0,0.0
15,7,August,32,fast,medium,3.1405687181664015,97.35763026315844,0.0,0.0,0.0
15,7,August,33,medium,medium,8.385808105049577,259.9600512565369,0.0,0.0,0.0
15,7,August,34,fast,medium,1.0395160602167168,32.22499786671822,0.0,0.0,0.0
15,7,August,35,fast,medium,1.3991326612903228,43.373112500000005,0.0,0.0,0.0
15,7,August,36,fast,medium,1.3991326612903228,43.373112500000005,0.0,0.0,0.0
15,7,December,16,fast,medium,6.4813634112509195,200.9222657487785,0.0,0.0,0.0
15,7,December,17,fast,medium,31.50861765740416,976.767147379529,0.0,0.0,0.0
15,7,December,18,fast,medium,33.0,1023.0,0.0,0.0,0.0
15,7,December,19,fast,medium,33.0,1023.0,0.0,0.0,0.0
15,7,December,23,medium,medium,4.132427433800416,128.1052504478129,0.0,0.0,0.0
15,7,December,27,fast,medium,7.523338611870294,233.22349696797912,0.0,0.0,0.0
15,7,December,28,fast,medium,7.9964369401620345,247.88954514502308,0.0,0.0,0.0
15,7,February,16,fast,medium,6.4813634112509195,181.47817551502575,0.0,0.0,0.0
15,7,February,17,fast,medium,31.50861765740416,882.2412944073164,0.0,0.0,0.0
15,7,February,18,fast,medium,33.0,924.0,0.0,0.0,0.0
15,7,February,19,fast,medium,33.0,924.0,0.0,0.0,0.0
15,7,February,23,medium,medium,4.132427433781061,115.7079681458697,0.0,0.0,0.0
15,7,February,27,fast,medium,7.523338611870294,210.65348113236823,0.0,0.0,0.0
15,7,February,28,fast,medium,7.9964369401620345,223.90023432453697,0.0,0.0,0.0
15,7,February,33,fast,medium,6.4229831939084345,179.84352942943616,0.0,0.0,0.0
15,7,January,16,fast,medium,6.4813634112509195,200.9222657487785,0.0,0.0,0.0
15,7,January,17,fast,medium,31.50861765740416,976.767147379529,0.0,0.0,0.0
15,7,January,18,fast,medium,33.0,1023.0,0.0,0.0,0.0
15,7,January,19,fast,medium,33.0,1023.0,0.0,0.0,0.0
15,7,January,23,medium,medium,4.13242743380043,128.10525044781332,0.0,0.0,0.0
15,7,January,27,fast,medium,7.523338611870294,233.22349696797912,0.0,0.0,0.0
15,7,January,28,fast,medium,7.9964369401620345,247.88954514502308,0.0,0.0,0.0
15,7,July,16,fast,medium,6.4813634112509195,200.9222657487785,0.0,0.0,0.0
15,7,July,17,fast,medium,31.50861765740416,976.767147379529,0.0,0.0,0.0
15,7,July,18,fast,medium,33.0,1023.0,0.0,0.0,0.0
15,7,July,19,fast,medium,33.0,1023.0,0.0,0.0,0.0
15,7,July,20,medium,medium,2.7775685483870864,86.10462499999969,0.0,0.0,0.0
15,7,July,23,medium,medium,0.9771380789617155,30.29128044781318,0.0,0.0,0.0
15,7,July,27,fast,medium,11.213789112903225,347.6274625,0.0,0.0,0.0
15,7,July,28,fast,medium,11.213789112903225,347.6274625,0.0,0.0,0.0
15,7,July,33,medium,medium,8.385808105049577,259.9600512565369,0.0,0.0,0.0
15,7,July,35,fast,medium,2.3691020161290326,73.44216250000001,0.0,0.0,0.0
15,7,July,36,fast,medium,2.3691020161290326,73.44216250000001,0.0,0.0,0.0
15,7,July,37,medium,medium,0.7467951612903226,23.150650000000002,0.0,0.0,0.0
15,7,July,38,fast,medium,7.592306331193336,235.3614962669934,0.0,0.0,0.0
15,7,June,16,fast,medium,6.4813634112509195,194.44090233752758,0.0,0.0,0.0
15,7,June,17,fast,medium,31.50861765740416,945.2585297221248,0.0,0.0,0.0
15,7,June,18,fast,medium,33.0,990.0,0.0,0.0,0.0
15,7,June,19,fast,medium,33.0,990.0,0.0,0.0,0.0
15,7,June,20,fast,medium,6.7289691666666585,201.86907499999975,0.0,0.0,0.0
15,7,June,26,medium,medium,4.006171877038078,120.18515631114234,0.0,0.0,0.0
15,7,June,27,medium,medium,16.53193041666667,495.9579125,0.0,0.0,0.0
15,7,June,28,medium,medium,16.53193041666667,495.9579125,0.0,0.0,0.0
15,7,June,29,medium,medium,13.904122916666667,417.1236875,0.0,0.0,0.0
15,7,June,30,medium,medium,13.904122916666667,417.1236875,0.0,0.0,0.0
15,7,June,31,fast,medium,10.624138371975631,318.72415115926896,0.0,0.0,0.0
15,7,June,32,fast,medium,11.169672083333333,335.0901625,0.0,0.0,0.0
15,7,June,33,medium,medium,7.795553341166993,233.8666002350098,0.0,0.0,0.0
15,7,June,35,medium,medium,0.1,3.0,0.0,0.0,0.0
15,7,June,36,medium,medium,1.9681330223808455,59.04399067142536,0.0,0.0,0.0
15,7,June,37,fast,medium,0.8100312500000001,24.300937500000003,0.0,0.0,0.0
15,7,June,38,fast,medium,0.8100312500000001,24.300937500000003,0.0,0.0,0.0
15,7,March,15,medium,medium,1.1148107827090885,34.55913426398175,0.0,0.0,0.0
15,7,March,16,fast,medium,6.4813634112509195,200.9222657487785,0.0,0.0,0.0
15,7,March,17,fast,medium,31.50861765740416,976.767147379529,0.0,0.0,0.0
15,7,March,18,fast,medium,33.0,1023.0,0.0,0.0,0.0
15,7,March,19,fast,medium,33.0,1023.0,0.0,0.0,0.0
15,7,March,20,fast,medium,0.24937701612902163,7.730687499999671,0.0,0.0,0.0
15,7,March,23,medium,medium,4.13242743380043,128.10525044781332,0.0,0.0,0.0
15,7,March,27,fast,medium,7.523338611870294,233.22349696797912,0.0,0.0,0.0
15,7,March,28,fast,medium,7.9964369401620345,247.88954514502308,0.0,0.0,0.0
15,7,March,33,medium,medium,8.385808105049577,259.9600512565369,0.0,0.0,0.0
15,7,March,34,medium,medium,1.099975,34.099225,0.0,0.0,0.0
15,7,March,37,medium,medium,0.1383150096787089,4.287765300039976,0.0,0.0,0.0
15,7,March,38,fast,medium,0.1,3.1,0.0,0.0,0.0
15,7,May,15,fast,medium,7.530391831096184,233.4421467639817,0.0,0.0,0.0
15,7,May,16,fast,medium,6.4813634112509195,200.9222657487785,0.0,0.0,0.0
15,7,May,17,fast,medium,31.50861765740416,976.767147379529,0.0,0.0,0.0
15,7,May,18,fast,medium,33.0,1023.0,0.0,0.0,0.0
15,7,May,19,fast,medium,33.0,1023.0,0.0,0.0,0.0
15,7,May,20,medium,medium,10.461942741935474,324.3202249999997,0.0,0.0,0.0
15,7,May,25,medium,medium,2.5611069520906327,79.39431551480962,0.0,0.0,0.0
15,7,May,26,fast,medium,6.740408785640231,208.95267235484715,0.0,0.0,0.0
15,7,May,27,fast,medium,11.298317338709662,350.24783749999955,0.0,0.0,0.0
15,7,May,28,medium,medium,16.035159443972866,497.08994276315883,0.0,0.0,0.0
15,7,May,29,fast,medium,8.216317338709667,254.70583749999966,0.0,0.0,0.0
15,7,May,30,fast,medium,8.216317338709667,254.70583749999966,0.0,0.0,0.0
15,7,May,31,fast,medium,11.36664637096774,352.36603749999995,0.0,0.0,0.0
15,7,May,32,fast,medium,11.36664637096774,352.36603749999995,0.0,0.0,0.0
15,7,May,33,medium,medium,8.385808105049577,259.9600512565369,0.0,0.0,0.0
15,7,May,34,medium,medium,5.000674690365943,155.02091540134424,0.0,0.0,0.0
15,7,May,35,medium,medium,5.717078512443339,177.2294338857435,0.0,0.0,0.0
15,7,May,36,medium,medium,2.2048931451612903,68.3516875,0.0,0.0,0.0
15,7,May,37,fast,medium,8.026032258064516,248.80700000000002,0.0,0.0,0.0
15,7,May,38,fast,medium,8.026032258064516,248.80700000000002,0.0,0.0,0.0
15,7,November,16,fast,medium,6.4813634112509195,194.44090233752758,0.0,0.0,0.0
15,7,November,17,fast,medium,31.50861765740416,945.2585297221248,0.0,0.0,0.0
15,7,November,18,fast,medium,33.0,990.0,0.0,0.0,0.0
15,7,November,19,fast,medium,33.0,990.0,0.0,0.0,0.0
15,7,November,23,medium,medium,4.132427433781075,123.97282301343225,0.0,0.0,0.0
15,7,November,27,fast,medium,7.523338611870294,225.70015835610883,0.0,0.0,0.0
15,7,November,28,fast,medium,7.9964369401620345,239.89310820486105,0.0,0.0,0.0
15,7,October,16,fast,medium,6.4813634112509195,200.9222657487785,0.0,0.0,0.0
15,7,October,17,fast,medium,31.50861765740416,976.767147379529,0.0,0.0,0.0
15,7,October,18,fast,medium,33.0,1023.0,0.0,0.0,0.0
15,7,October,19,fast,medium,33.0,1023.0,0.0,0.0,0.0
15,7,October,23,medium,medium,4.13242743379665,128.10525044769616,0.0,0.0,0.0
15,7,October,27,fast,medium,7.523338611870294,233.22349696797912,0.0,0.0,0.0
15,7,October,28,fast,medium,7.9964369401620345,247.88954514502308,0.0,0.0,0.0
15,7,September,15,medium,medium,1.411910809590808,42.35732428772424,0.0,0.0,0.0
15,7,September,16,fast,medium,6.4813634112509195,194.44090233752758,0.0,0.0,0.0
15,7,September,17,fast,medium,31.50861765740416,945.2585297221248,0.0,0.0,0.0
15,7,September,18,fast,medium,33.0,990.0,0.0,0.0,0.0
15,7,September,19,fast,medium,33.0,990.0,0.0,0.0,0.0
15,7,September,23,medium,medium,4.132427433800416,123.97282301401248,0.0,0.0,0.0
15,7,September,27,fast,medium,9.272239166666667,278.167175,0.0,0.0,0.0
15,7,September,28,fast,medium,9.272239166666667,278.167175,0.0,0.0,0.0
15,7,September,29,medium,medium,0.47925583333332167,14.37767499999965,0.0,0.0,0.0
15,7,September,30,medium,medium,0.47925583333332167,14.37767499999965,0.0,0.0,0.0
15,7,September,33,fast,medium,3.895724532022868,116.87173596068604,0.0,0.0,0.0
15,8,April,16,fast,fast,13.976217278848983,419.2865183654695,0.0,0.0,0.0
15,8,April,22,fast,fast,10.352883555754575,310.58650667263726,0.0,0.0,0.0
15,8,April,23,fast,fast,17.09821248947691,512.9463746843073,0.0,0.0,0.0
15,8,April,24,slow,slow,3.5326868639916142,105.98060591974843,0.0,0.0,0.0
15,8,April,24,fast,fast,23.84619067714783,715.3857203144349,0.0,0.0,0.0
15,8,April,25,fast,fast,25.0,750.0,0.0,0.0,0.0
15,8,April,26,fast,fast,25.0,750.0,0.0,0.0,0.0
15,8,April,27,fast,fast,23.934963195203647,718.0488958561094,0.0,0.0,0.0
15,8,April,28,fast,fast,24.408061523495387,732.2418457048616,0.0,0.0,0.0
15,8,April,29,fast,fast,19.75851898305533,592.7555694916598,0.0,0.0,0.0
15,8,April,30,fast,fast,17.83633916666666,535.0901749999998,0.0,0.0,0.0
15,8,April,31,fast,fast,9.057599259040703,271.7279777712211,0.0,0.0,0.0
15,8,April,32,fast,fast,1.061684597215919,31.85053791647757,0.0,0.0,0.0
15,8,April,34,fast,fast,3.8820498798607916,116.46149639582374,0.0,0.0,0.0
15,8,April,35,fast,fast,1.5758861666666668,47.276585000000004,0.0,0.0,0.0
15,8,April,36,fast,fast,1.5758861666666673,47.27658500000002,0.0,0.0,0.0
15,8,April,37,fast,fast,0.5914872571852373,17.74461771555712,0.0,0.0,0.0
15,8,April,38,fast,fast,2.5340249166666666,76.0207475,0.0,0.0,0.0
15,8,August,16,fast,fast,13.976217278848981,433.2627356443184,0.0,0.0,0.0
15,8,August,23,fast,fast,17.661586407103833,547.5091786202188,0.0,0.0,0.0
15,8,August,24,fast,fast,23.84619067714783,739.2319109915827,0.0,0.0,0.0
15,8,August,25,fast,fast,12.06511451614304,374.0185500004343,0.0,0.0,0.0
15,8,August,26,fast,fast,12.065114516129025,374.0185499999998,0.0,0.0,0.0
15,8,August,27,fast,fast,23.011836998967077,713.3669469679794,0.0,0.0,0.0
15,8,August,28,fast,fast,23.484935327258817,728.0329951450234,0.0,0.0,0.0
15,8,August,29,fast,fast,10.435723709685178,323.5074350002405,0.0,0.0,0.0
15,8,August,30,fast,fast,10.435723709684668,323.5074350002247,0.0,0.0,0.0
15,8,August,31,fast,fast,2.7279876085030654,84.56761586359502,0.0,0.0,0.0
15,8,August,34,fast,fast,2.5694303691081046,79.65234144235124,0.0,0.0,0.0
15,8,August,35,fast,fast,0.1,3.1,0.0,0.0,0.0
15,8,August,36,fast,fast,0.6630242279510463,20.553751066482437,0.0,0.0,0.0
15,8,December,16,fast,fast,13.976217278848983,433.26273564431847,0.0,0.0,0.0
15,8,December,23,fast,fast,17.661586407103833,547.5091786202188,0.0,0.0,0.0
15,8,December,24,fast,fast,23.84619067714783,739.2319109915827,0.0,0.0,0.0
15,8,December,25,fast,fast,0.742844838709674,23.028189999999896,0.0,0.0,0.0
15,8,December,26,fast,fast,10.17217941954739,315.3375620059691,0.0,0.0,0.0
15,8,December,27,fast,fast,25.0,775.0,0.0,0.0,0.0
15,8,December,28,fast,fast,25.0,775.0,0.0,0.0,0.0
15,8,December,33,fast,fast,8.385808105049577,259.9600512565369,0.0,0.0,0.0
15,8,February,16,fast,fast,13.976217278848983,391.33408380777155,0.0,0.0,0.0
15,8,February,23,fast,fast,17.661586407123185,494.5244193994492,0.0,0.0,0.0
15,8,February,24,fast,fast,23.84619067714783,667.6933389601393,0.0,0.0,0.0
15,8,February,25,fast,fast,7.800347232156868,218.40972250039232,0.0,0.0,0.0
15,8,February,26,fast,fast,10.17217941954739,284.82102374732693,0.0,0.0,0.0
15,8,February,27,fast,fast,25.0,700.0,0.0,0.0,0.0
15,8,February,28,fast,fast,25.0,700.0,0.0,0.0,0.0
15,8,February,29,fast,fast,6.4367508035714245,180.22902249999987,0.0,0.0,0.0
15,8,February,30,fast,fast,6.4367508035714245,180.22902249999987,0.0,0.0,0.0
15,8,February,33,fast,fast,1.9628249111411424,54.95909751195199,0.0,0.0,0.0
15,8,January,16,fast,fast,13.976217278848983,433.26273564431847,0.0,0.0,0.0
15,8,January,23,fast,fast,17.661586407103833,547.5091786202188,0.0,0.0,0.0
15,8,January,24,fast,fast,23.84619067714783,739.2319109915827,0.0,0.0,0.0
15,8,January,25,fast,fast,3.5552812903225774,110.2137199999999,0.0,0.0,0.0
15,8,January,26,fast,fast,10.17217941954739,315.3375620059691,0.0,0.0,0.0
15,8,January,27,fast,fast,25.0,775.0,0.0,0.0,0.0
15,8,January,28,fast,fast,25.0,775.0,0.0,0.0,0.0
15,8,January,33,fast,fast,8.385808105049577,259.9600512565369,0.0,0.0,0.0
15,8,July,16,fast,fast,13.976217278848983,433.26273564431847,0.0,0.0,0.0
15,8,July,22,fast,fast,0.6458200288728495,20.020420895058336,0.0,0.0,0.0
15,8,July,23,fast,fast,17.661586407103833,547.5091786202188,0.0,0.0,0.0
15,8,July,24,fast,fast,23.84619067714783,739.2319109915827,0.0,0.0,0.0
15,8,July,25,fast,fast,15.704328870982664,486.8341950004626,0.0,0.0,0.0
15,8,July,26,fast,fast,15.704328870967739,486.8341949999999,0.0,0.0,0.0
15,8,July,27,fast,fast,21.309549498967076,660.5960344679794,0.0,0.0,0.0
15,8,July,28,fast,fast,21.782647827258817,675.2620826450233,0.0,0.0,0.0
15,8,July,29,fast,fast,12.724267580652917,394.45229500024044,0.0,0.0,0.0
15,8,July,30,fast,fast,12.724267580645156,394.4522949999998,0.0,0.0,0.0
15,8,July,31,fast,fast,3.658614382696612,113.41704586359498,0.0,0.0,0.0
15,8,July,34,fast,fast,4.056819320721006,125.76139894235119,0.0,0.0,0.0
15,8,July,35,fast,fast,1.1875587903225773,36.814322499999896,0.0,0.0,0.0
15,8,July,36,fast,fast,2.960633273283076,91.77963147177535,0.0,0.0,0.0
15,8,July,37,fast,fast,1.9706116181395328,61.08896016232551,0.0,0.0,0.0
15,8,July,38,fast,fast,1.1624029032258065,36.034490000000005,0.0,0.0,0.0
15,8,June,16,fast,fast,13.976217278848983,419.2865183654695,0.0,0.0,0.0
15,8,June,22,fast,fast,10.575136722421247,317.25410167263743,0.0,0.0,0.0
15,8,June,23,fast,fast,17.661586407103833,529.847592213115,0.0,0.0,0.0
15,8,June,24,slow,slow,2.5792980306582862,77.37894091974859,0.0,0.0,0.0
15,8,June,24,fast,fast,23.84619067714784,715.3857203144352,0.0,0.0,0.0
15,8,June,25,fast,fast,25.0,750.0,0.0,0.0,0.0
15,8,June,26,fast,fast,25.0,750.0,0.0,0.0,0.0
15,8,June,27,fast,fast,25.0,750.0,0.0,0.0,0.0
15,8,June,28,fast,fast,25.0,750.0,0.0,0.0,0.0
15,8,June,29,fast,fast,21.642069583333335,649.2620875,0.0,0.0,0.0
15,8,June,30,fast,fast,22.090746966892684,662.7224090067805,0.0,0.0,0.0
15,8,June,31,fast,fast,12.104403009040704,363.1320902712211,0.0,0.0,0.0
15,8,June,32,fast,fast,4.1084883472159195,123.25465041647759,0.0,0.0,0.0
15,8,June,33,fast,fast,0.5902547638825855,17.707642916477564,0.0,0.0,0.0
15,8,June,34,fast,fast,10.703736379860796,321.1120913958239,0.0,0.0,0.0
15,8,June,35,fast,fast,4.580997833333333,137.429935,0.0,0.0,0.0
15,8,June,36,fast,fast,4.580997833333333,137.429935,0.0,0.0,0.0
15,8,June,37,fast,fast,1.26083125,37.824937500000004,0.0,0.0,0.0
15,8,June,38,fast,fast,1.26083125,37.824937500000004,0.0,0.0,0.0
15,8,March,16,fast,fast,13.976217278848983,433.26273564431847,0.0,0.0,0.0
15,8,March,23,fast,fast,17.66158640710383,547.5091786202187,0.0,0.0,0.0
15,8,March,24,fast,fast,23.84619067714783,739.2319109915827,0.0,0.0,0.0
15,8,March,25,fast,fast,11.430227500014013,354.3370525004344,0.0,0.0,0.0
15,8,March,26,fast,fast,11.430227500018807,354.337052500583,0.0,0.0,0.0
15,8,March,27,fast,fast,25.0,775.0,0.0,0.0,0.0
15,8,March,28,fast,fast,25.0,775.0,0.0,0.0,0.0
15,8,March,29,fast,fast,7.199129435483865,223.17301249999983,0.0,0.0,0.0
15,8,March,30,fast,fast,7.199129435483865,223.17301249999983,0.0,0.0,0.0
15,8,March,31,fast,fast,1.8880641407611334,58.52998836359514,0.0,0.0,0.0
15,8,March,34,fast,fast,1.0482675465274625,32.496293942351336,0.0,0.0,0.0
15,8,March,37,fast,fast,0.11988076491935518,3.7163037125000105,0.0,0.0,0.0
15,8,March,38,fast,fast,2.5,77.5,0.0,0.0,0.0
15,8,May,16,fast,fast,13.976217278848983,433.26273564431847,0.0,0.0,0.0
15,8,May,22,fast,fast,16.067093819195435,498.0799083950585,0.0,0.0,0.0
15,8,May,23,fast,fast,17.66158640710383,547.5091786202187,0.0,0.0,0.0
15,8,May,24,fast,fast,23.84619067714783,739.2319109915827,0.0,0.0,0.0
15,8,May,25,fast,fast,25.0,775.0,0.0,0.0,0.0
15,8,May,26,fast,fast,25.0,775.0,0.0,0.0,0.0
15,8,May,27,fast,fast,25.0,775.0,0.0,0.0,0.0
15,8,May,28,fast,fast,25.0,775.0,0.0,0.0,0.0
15,8,May,29,fast,fast,24.462789596774194,758.3464775,0.0,0.0,0.0
15,8,May,30,fast,fast,24.462789596774194,758.3464775,0.0,0.0,0.0
15,8,May,31,fast,fast,12.410997769793388,384.74093086359505,0.0,0.0,0.0
15,8,May,32,fast,fast,4.415083107968604,136.86757634702673,0.0,0.0,0.0
15,8,May,34,fast,fast,7.389322949753266,229.06901144235124,0.0,0.0,0.0
15,8,May,35,fast,fast,3.4319641129032257,106.39088749999999,0.0,0.0,0.0
15,8,May,36,fast,fast,5.78821411290323,179.43463750000012,0.0,0.0,0.0
15,8,May,37,fast,fast,3.3187806451612905,102.8822,0.0,0.0,0.0
15,8,May,38,fast,fast,3.3187806451612905,102.8822,0.0,0.0,0.0
15,8,November,16,fast,fast,13.976217278848983,419.2865183654695,0.0,0.0,0.0
15,8,November,23,fast,fast,17.661586407123185,529.8475922136955,0.0,0.0,0.0
15,8,November,24,fast,fast,23.84619067714783,715.3857203144349,0.0,0.0,0.0
15,8,November,25,fast,fast,3.603422666680679,108.10268000042036,0.0,0.0,0.0
15,8,November,26,fast,fast,10.17217941954739,305.16538258642174,0.0,0.0,0.0
15,8,November,27,fast,fast,25.0,750.0,0.0,0.0,0.0
15,8,November,28,fast,fast,25.0,750.0,0.0,0.0,0.0
15,8,November,33,fast,fast,8.385808105049577,251.5742431514873,0.0,0.0,0.0
15,8,October,16,fast,fast,13.976217278848983,433.26273564431847,0.0,0.0,0.0
15,8,October,23,fast,fast,17.661586407107595,547.5091786203354,0.0,0.0,0.0
15,8,October,24,fast,fast,23.84619067714783,739.2319109915827,0.0,0.0,0.0
15,8,October,25,fast,fast,6.726251854838704,208.51380749999984,0.0,0.0,0.0
15,8,October,26,fast,fast,10.17217941954739,315.3375620059691,0.0,0.0,0.0
15,8,October,27,fast,fast,25.0,775.0,0.0,0.0,0.0
15,8,October,28,fast,fast,25.0,775.0,0.0,0.0,0.0
15,8,October,29,fast,fast,2.9184743548387058,90.47270499999988,0.0,0.0,0.0
15,8,October,30,fast,fast,2.9184743548461842,90.47270500023171,0.0,0.0,0.0
15,8,October,33,fast,fast,8.385808105049577,259.9600512565369,0.0,0.0,0.0
15,8,September,16,fast,fast,13.976217278848983,419.2865183654695,0.0,0.0,0.0
15,8,September,23,fast,fast,17.661586407103833,529.847592213115,0.0,0.0,0.0
15,8,September,24,fast,fast,23.84619067714783,715.3857203144349,0.0,0.0,0.0
15,8,September,25,fast,fast,15.615903833347346,468.4771150004204,0.0,0.0,0.0
15,8,September,26,fast,fast,15.61590383335214,468.4771150005642,0.0,0.0,0.0
15,8,September,27,fast,fast,23.251099445203636,697.5329833561091,0.0,0.0,0.0
15,8,September,28,fast,fast,23.724197773495376,711.7259332048613,0.0,0.0,0.0
15,8,September,29,fast,fast,9.919885166666662,297.59655499999985,0.0,0.0,0.0
15,8,September,30,fast,fast,9.919885166666662,297.59655499999985,0.0,0.0,0.0
15,8,September,33,fast,fast,4.490083573026709,134.70250719080127,0.0,0.0,0.0
15,22,April,18,medium,medium,32.10362366722494,963.1087100167481,0.0,0.0,0.0
15,22,April,19,medium,medium,2.4217736513851236,72.65320954155371,0.0,0.0,0.0
15,22,April,22,medium,medium,2.451018914426051,73.53056743278152,0.0,0.0,0.0
15,22,April,23,medium,medium,7.711462416452347,231.34387249357042,0.0,0.0,0.0
15,22,April,23,fast,fast,25.0,750.0,0.0,0.0,0.0
15,22,April,24,medium,medium,14.497183780783878,434.91551342351636,0.0,0.0,0.0
15,22,April,25,medium,medium,14.87195707483448,446.1587122450344,0.0,0.0,0.0
15,22,August,18,medium,medium,32.10362366722492,995.2123336839726,0.0,0.0,0.0
15,22,August,19,medium,medium,2.4217736513851236,75.07498319293883,0.0,0.0,0.0
15,22,August,23,fast,fast,15.350771749785704,475.87392424335684,0.0,0.0,0.0
15,22,December,18,medium,medium,32.10362366722494,995.212333683973,0.0,0.0,0.0
15,22,December,19,medium,medium,2.4217736513851236,75.07498319293883,0.0,0.0,0.0
15,22,December,23,fast,fast,15.350771749785704,475.87392424335684,0.0,0.0,0.0
15,22,February,18,medium,medium,32.10362366722538,898.9014626823106,0.0,0.0,0.0
15,22,February,19,medium,medium,2.4217736513851236,67.80966223878346,0.0,0.0,0.0
15,22,February,23,fast,fast,15.350771749785704,429.8216089939997,0.0,0.0,0.0
15,22,January,18,medium,medium,32.10362366722494,995.212333683973,0.0,0.0,0.0
15,22,January,19,medium,medium,2.4217736513851236,75.07498319293883,0.0,0.0,0.0
15,22,January,23,fast,fast,15.350771749785691,475.87392424335644,0.0,0.0,0.0
15,22,July,18,medium,medium,32.10362366722492,995.2123336839726,0.0,0.0,0.0
15,22,July,19,medium,medium,2.4217736513851236,75.07498319293883,0.0,0.0,0.0
15,22,July,23,fast,fast,18.506061104624404,573.6878942433565,0.0,0.0,0.0
15,22,June,11,fast,fast,1.3437804999999958,40.31341499999988,0.0,0.0,0.0
15,22,June,18,medium,medium,32.10362366722492,963.1087100167476,0.0,0.0,0.0
15,22,June,19,medium,medium,2.4217736513851236,72.65320954155371,0.0,0.0,0.0
15,22,June,22,medium,medium,4.84771608109272,145.4314824327816,0.0,0.0,0.0
15,22,June,23,medium,medium,8.664851249785677,259.9455374935703,0.0,0.0,0.0
15,22,June,23,fast,fast,25.0,750.0,0.0,0.0,0.0
15,22,June,24,fast,fast,15.450572614117206,463.51717842351616,0.0,0.0,0.0
15,22,June,25,medium,medium,15.035741741501152,451.0722522450346,0.0,0.0,0.0
15,22,March,18,medium,medium,32.10362366722492,995.2123336839726,0.0,0.0,0.0
15,22,March,19,medium,medium,2.4217736513851236,75.07498319293883,0.0,0.0,0.0
15,22,March,23,fast,fast,15.350771749785691,475.87392424335644,0.0,0.0,0.0
15,22,May,18,medium,medium,32.10362366722492,995.2123336839726,0.0,0.0,0.0
15,22,May,19,medium,medium,2.4217736513851236,75.07498319293883,0.0,0.0,0.0
15,22,May,22,fast,fast,13.67070091725573,423.7917284349276,0.0,0.0,0.0
15,22,May,23,fast,fast,19.48319918358612,603.9791746911698,0.0,0.0,0.0
15,22,May,24,medium,medium,18.0298706447755,558.9259899880404,0.0,0.0,0.0
15,22,November,18,medium,medium,32.10362366722494,963.1087100167481,0.0,0.0,0.0
15,22,November,19,medium,medium,2.4217736513851236,72.65320954155371,0.0,0.0,0.0
15,22,November,23,fast,fast,15.350771749785691,460.52315249357076,0.0,0.0,0.0
15,22,October,18,medium,medium,32.10362366722492,995.2123336839726,0.0,0.0,0.0
15,22,October,19,medium,medium,2.4217736513851236,75.07498319293883,0.0,0.0,0.0
15,22,October,23,fast,fast,15.350771749785704,475.87392424335684,0.0,0.0,0.0
15,22,September,18,medium,medium,32.10362366722494,963.1087100167481,0.0,0.0,0.0
15,22,September,19,medium,medium,2.4217736513851236,72.65320954155371,0.0,0.0,0.0
15,22,September,23,fast,fast,15.350771749785704,460.5231524935711,0.0,0.0,0.0
15,23,April,17,medium,medium,8.35543024852548,250.66290745576438,0.0,0.0,0.0
15,23,April,17,fast,fast,25.0,750.0,0.0,0.0,0.0
15,23,April,18,fast,fast,22.06399785036829,661.9199355110486,0.0,0.0,0.0
15,23,August,17,medium,medium,8.355430248525465,259.0183377042894,0.0,0.0,0.0
15,23,August,17,fast,fast,25.0,775.0,0.0,0.0,0.0
15,23,August,18,fast,fast,22.06399785036829,683.9839333614169,0.0,0.0,0.0
15,23,August,24,fast,fast,18.0298706447755,558.9259899880404,0.0,0.0,0.0
15,23,December,17,medium,medium,8.355430248525465,259.0183377042894,0.0,0.0,0.0
15,23,December,17,fast,fast,25.0,775.0,0.0,0.0,0.0
15,23,December,18,fast,fast,22.06399785036829,683.9839333614169,0.0,0.0,0.0
15,23,December,24,fast,fast,18.0298706447755,558.9259899880404,0.0,0.0,0.0
15,23,February,17,medium,medium,8.355430248525465,233.95204695871303,0.0,0.0,0.0
15,23,February,17,fast,fast,25.0,700.0,0.0,0.0,0.0
15,23,February,18,fast,fast,22.06399785036784,617.7919398102995,0.0,0.0,0.0
15,23,February,24,fast,fast,18.0298706447755,504.836378053714,0.0,0.0,0.0
15,23,January,17,medium,medium,8.35543024852548,259.0183377042899,0.0,0.0,0.0
15,23,January,17,fast,fast,25.0,775.0,0.0,0.0,0.0
15,23,January,18,fast,fast,22.06399785036829,683.9839333614169,0.0,0.0,0.0
15,23,January,24,fast,fast,18.0298706447755,558.9259899880404,0.0,0.0,0.0
15,23,July,17,medium,medium,8.355430248525465,259.0183377042894,0.0,0.0,0.0
15,23,July,17,fast,fast,25.0,775.0,0.0,0.0,0.0
15,23,July,18,fast,fast,22.06399785036829,683.9839333614169,0.0,0.0,0.0
15,23,July,24,fast,fast,18.0298706447755,558.9259899880404,0.0,0.0,0.0
15,23,June,9,fast,fast,0.6253052399049881,18.759157197149644,0.0,0.0,0.0
15,23,June,10,fast,fast,1.736085,52.082550000000005,0.0,0.0,0.0
15,23,June,11,fast,fast,1.3732274514472596,41.196823543417786,0.0,0.0,0.0
15,23,June,17,medium,medium,8.355430248526094,250.66290745578283,0.0,0.0,0.0
15,23,June,17,fast,fast,25.0,750.0,0.0,0.0,0.0
15,23,June,18,fast,fast,22.06399785036829,661.9199355110486,0.0,0.0,0.0
15,23,March,17,medium,medium,8.35543024852548,259.0183377042899,0.0,0.0,0.0
15,23,March,17,fast,fast,25.0,775.0,0.0,0.0,0.0
15,23,March,18,fast,fast,22.06399785036829,683.9839333614169,0.0,0.0,0.0
15,23,March,24,fast,fast,18.0298706447755,558.9259899880404,0.0,0.0,0.0
15,23,May,17,medium,medium,8.35543024852548,259.0183377042899,0.0,0.0,0.0
15,23,May,17,fast,fast,25.0,775.0,0.0,0.0,0.0
15,23,May,18,fast,fast,22.06399785036829,683.9839333614169,0.0,0.0,0.0
15,23,November,17,medium,medium,8.355430248525465,250.66290745576396,0.0,0.0,0.0
15,23,November,17,fast,fast,25.0,750.0,0.0,0.0,0.0
15,23,November,18,fast,fast,22.06399785036829,661.9199355110486,0.0,0.0,0.0
15,23,November,24,fast,fast,18.0298706447755,540.896119343265,0.0,0.0,0.0
15,23,October,17,medium,medium,8.35543024852548,259.0183377042899,0.0,0.0,0.0
15,23,October,17,fast,fast,25.0,775.0,0.0,0.0,0.0
15,23,October,18,fast,fast,22.06399785036829,683.9839333614169,0.0,0.0,0.0
15,23,October,24,fast,fast,18.0298706447755,558.9259899880404,0.0,0.0,0.0
15,23,September,17,medium,medium,8.355430248526094,250.66290745578283,0.0,0.0,0.0
15,23,September,17,fast,fast,25.0,750.0,0.0,0.0,0.0
15,23,September,18,fast,fast,22.06399785036829,661.9199355110486,0.0,0.0,0.0
15,23,September,24,fast,fast,18.0298706447755,540.896119343265,0.0,0.0,0.0
16,24,April,17,medium,medium,13.503823654091178,405.11470962273535,0.0,0.0,0.0
16,24,August,17,medium,medium,13.503823654091178,418.6185332768265,0.0,0.0,0.0
16,24,December,17,medium,medium,13.503823654091178,418.6185332768265,0.0,0.0,0.0
16,24,February,17,medium,medium,13.503823654091178,378.107062314553,0.0,0.0,0.0
16,24,January,17,medium,medium,13.503823654091178,418.6185332768265,0.0,0.0,0.0
16,24,July,17,medium,medium,13.503823654091178,418.6185332768265,0.0,0.0,0.0
16,24,June,17,medium,medium,13.503823654091178,405.11470962273535,0.0,0.0,0.0
16,24,March,17,medium,medium,13.503823654091178,418.6185332768265,0.0,0.0,0.0
16,24,May,17,medium,medium,13.503823654091178,418.6185332768265,0.0,0.0,0.0
16,24,November,17,medium,medium,13.503823654091178,405.11470962273535,0.0,0.0,0.0
16,24,October,17,medium,medium,13.503823654091178,418.6185332768265,0.0,0.0,0.0
16,24,September,17,medium,medium,13.503823654091178,405.11470962273535,0.0,0.0,0.0
17,9,April,26,fast,fast,14.434377176937566,433.031315308127,0.0,0.0,0.0
17,9,April,27,fast,fast,8.03915063039151,241.17451891174534,0.0,0.0,0.0
17,9,April,28,fast,fast,4.690420966346938,140.71262899040815,0.0,0.0,0.0
17,9,August,28,fast,fast,4.690420966346938,145.40304995675507,0.0,0.0,0.0
17,9,December,28,fast,fast,4.690420966346938,145.40304995675507,0.0,0.0,0.0
17,9,February,28,fast,fast,4.690420966346938,131.33178705771428,0.0,0.0,0.0
17,9,January,28,fast,fast,4.690420966346938,145.40304995675507,0.0,0.0,0.0
17,9,June,26,fast,fast,14.434377176937566,433.031315308127,0.0,0.0,0.0
17,9,June,27,fast,fast,8.03915063039151,241.17451891174534,0.0,0.0,0.0
17,9,June,28,fast,fast,4.690420966346938,140.71262899040815,0.0,0.0,0.0
17,9,March,28,fast,fast,4.690420966346938,145.40304995675507,0.0,0.0,0.0
17,9,May,19,fast,fast,6.6493445878135695,206.12968222222065,0.0,0.0,0.0
17,9,May,20,fast,fast,4.163389551785478,129.06507610534982,0.0,0.0,0.0
17,9,May,28,fast,fast,4.690420966346938,145.40304995675507,0.0,0.0,0.0
17,9,November,28,fast,fast,4.690420966346938,140.71262899040815,0.0,0.0,0.0
17,9,October,28,fast,fast,4.690420966346938,145.40304995675507,0.0,0.0,0.0
17,9,September,28,fast,fast,4.690420966346938,140.71262899040815,0.0,0.0,0.0
17,10,April,22,fast,fast,4.38116631374843,131.43498941245292,0.0,0.0,0.0
17,10,April,28,medium,medium,29.03856722273062,871.1570166819185,0.0,0.0,0.0
17,10,April,28,fast,fast,25.0,750.0,0.0,0.0,0.0
17,10,April,29,fast,fast,13.827971449260378,414.8391434778113,0.0,0.0,0.0
17,10,August,28,fast,fast,21.73799926040443,673.8779770725373,0.0,0.0,0.0
17,10,December,28,fast,fast,4.060305066856053,125.86945707253764,0.0,0.0,0.0
17,10,February,28,fast,fast,13.458984352570333,376.85156187196935,0.0,0.0,0.0
17,10,January,28,fast,fast,4.060305066856053,125.86945707253764,0.0,0.0,0.0
17,10,July,28,medium,medium,54.668683122221495,1694.7291767888664,0.0,0.0,0.0
17,10,July,28,fast,fast,4.060305066856074,125.8694570725383,0.0,0.0,0.0
17,10,June,21,medium,medium,26.950088029049454,808.5026408714837,0.0,0.0,0.0
17,10,June,21,fast,fast,4.5185072195733795,135.5552165872014,0.0,0.0,0.0
17,10,June,22,medium,medium,20.710673819814232,621.320214594427,0.0,0.0,0.0
17,10,June,22,fast,fast,25.0,750.0,0.0,0.0,0.0
17,10,June,23,fast,fast,10.128614077922865,303.85842233768597,0.0,0.0,0.0
17,10,June,25,fast,fast,19.999999000000003,599.9999700000001,0.0,0.0,0.0
17,10,June,26,fast,fast,18.436483850256025,553.0945155076807,0.0,0.0,0.0
17,10,June,27,medium,medium,36.17118946716295,1085.1356840148883,0.0,0.0,0.0
17,10,June,28,medium,medium,49.97826215591969,1499.3478646775907,0.0,0.0,0.0
17,10,June,28,fast,fast,4.06030506681094,121.80915200432821,0.0,0.0,0.0
17,10,June,29,medium,medium,26.215166449260362,786.4549934778108,0.0,0.0,0.0
17,10,June,29,fast,fast,25.0,750.0,0.0,0.0,0.0
17,10,June,30,fast,medium,25.2106922762312,756.320768286936,0.0,0.0,0.0
17,10,March,28,fast,fast,4.060305066856053,125.86945707253764,0.0,0.0,0.0
17,10,May,21,fast,fast,23.96070211149292,742.7817654562806,0.0,0.0,0.0
17,10,May,22,medium,medium,33.82161436893564,1048.470045437005,0.0,0.0,0.0
17,10,May,22,fast,fast,4.381166313748423,135.81615572620112,0.0,0.0,0.0
17,10,May,28,medium,medium,29.03856722273062,900.1955839046492,0.0,0.0,0.0
17,10,May,28,fast,fast,25.0,775.0,0.0,0.0,0.0
17,10,May,29,fast,fast,13.827971449260378,428.66711492707174,0.0,0.0,0.0
17,10,November,28,fast,fast,4.060305066856053,121.80915200568158,0.0,0.0,0.0
17,10,October,28,fast,fast,4.060305066856053,125.86945707253764,0.0,0.0,0.0
17,10,September,28,fast,fast,20.664439066856048,619.9331720056814,0.0,0.0,0.0
17,24,August,28,fast,medium,32.3005679623262,1001.3176068321121,0.0,0.0,0.0
17,24,December,28,fast,medium,49.97826215587458,1549.326126832112,0.0,0.0,0.0
17,24,February,28,fast,medium,40.579582870160294,1136.2283203644884,0.0,0.0,0.0
17,24,January,28,fast,medium,49.978262155874575,1549.3261268321119,0.0,0.0,0.0
17,24,March,28,fast,medium,49.978262155874575,1549.3261268321119,0.0,0.0,0.0
17,24,November,28,fast,medium,49.978262155874546,1499.3478646762364,0.0,0.0,0.0
17,24,October,28,fast,medium,49.978262155874575,1549.3261268321119,0.0,0.0,0.0
17,24,September,28,fast,medium,33.37412815587459,1001.2238446762376,0.0,0.0,0.0
18,10,April,30,fast,medium,1.0044741729853897,30.13422518956169,0.0,0.0,0.0
18,10,April,30,fast,fast,25.0,750.0,0.0,0.0,0.0
18,10,April,31,fast,medium,25.979249735513207,779.3774920653962,0.0,0.0,0.0
18,10,April,31,fast,fast,7.9205501103661184,237.61650331098355,0.0,0.0,0.0
18,10,August,30,fast,fast,13.827971449318358,428.6671149288691,0.0,0.0,0.0
18,10,August,31,fast,fast,13.899800845879831,430.89382622227475,0.0,0.0,0.0
18,10,December,30,fast,fast,13.827971449260378,428.66711492707174,0.0,0.0,0.0
18,10,December,31,fast,fast,13.799800845879826,427.7938262222746,0.0,0.0,0.0
18,10,February,30,fast,fast,13.827971449318358,387.18320058091405,0.0,0.0,0.0
18,10,February,31,fast,fast,13.899800845879803,389.19442368463444,0.0,0.0,0.0
18,10,January,30,fast,fast,13.827971449318358,428.6671149288691,0.0,0.0,0.0
18,10,January,31,fast,fast,13.799800845879869,427.7938262222759,0.0,0.0,0.0
18,10,July,30,fast,medium,1.004474172932838,31.138699360917975,0.0,0.0,0.0
18,10,July,30,fast,fast,25.0,775.0,0.0,0.0,0.0
18,10,July,31,fast,medium,5.736100804609845,177.8191249429052,0.0,0.0,0.0
18,10,July,31,fast,fast,25.0,775.0,0.0,0.0,0.0
18,10,June,30,medium,medium,12.176502723768792,365.2950817130637,0.0,0.0,0.0
18,10,June,30,fast,fast,13.827971449260374,414.83914347781126,0.0,0.0,0.0
18,10,June,31,fast,medium,25.979249735513207,779.3774920653962,0.0,0.0,0.0
18,10,June,31,fast,fast,7.9205501103661184,237.61650331098355,0.0,0.0,0.0
18,10,March,30,fast,fast,13.827971449318358,428.6671149288691,0.0,0.0,0.0
18,10,March,31,fast,fast,9.625186705195848,298.38078786107127,0.0,0.0,0.0
18,10,May,30,fast,medium,1.0044741730291449,31.13869936390349,0.0,0.0,0.0
18,10,May,30,fast,fast,25.0,775.0,0.0,0.0,0.0
18,10,May,31,fast,medium,8.899799845879585,275.89379522226716,0.0,0.0,0.0
18,10,May,31,fast,fast,25.0,775.0,0.0,0.0,0.0
18,10,November,30,fast,fast,13.827971449318358,414.8391434795507,0.0,0.0,0.0
18,10,November,31,fast,fast,13.899800845879795,416.9940253763939,0.0,0.0,0.0
18,10,October,30,fast,fast,13.827971449318358,428.6671149288691,0.0,0.0,0.0
18,10,October,31,fast,fast,13.899800845879835,430.89382622227487,0.0,0.0,0.0
18,10,September,30,fast,fast,13.827971449260378,414.8391434778113,0.0,0.0,0.0
18,10,September,31,fast,fast,13.799800845879773,413.9940253763932,0.0,0.0,0.0
18,17,March,31,medium,medium,4.2746141406839655,132.51303836120292,0.0,0.0,0.0
18,25,August,30,fast,fast,12.176502723710826,377.4715844350356,0.0,0.0,0.0
18,25,August,31,fast,fast,19.999998999999523,619.9999689999852,0.0,0.0,0.0
18,25,December,30,fast,fast,12.176502723768806,377.471584436833,0.0,0.0,0.0
18,25,December,31,fast,fast,19.999998999999523,619.9999689999852,0.0,0.0,0.0
18,25,February,30,fast,fast,12.176502723710826,340.9420762639031,0.0,0.0,0.0
18,25,February,31,fast,fast,19.999998999999523,559.9999719999867,0.0,0.0,0.0
18,25,January,30,fast,fast,12.176502723710826,377.4715844350356,0.0,0.0,0.0
18,25,January,31,fast,fast,19.999998999999523,619.9999689999852,0.0,0.0,0.0
18,25,July,31,medium,medium,3.1636990411201538,98.07467027472477,0.0,0.0,0.0
18,25,March,30,fast,fast,12.176502723710826,377.4715844350356,0.0,0.0,0.0
18,25,March,31,fast,fast,19.999998999999523,619.9999689999852,0.0,0.0,0.0
18,25,November,30,fast,fast,12.176502723710826,365.29508171132477,0.0,0.0,0.0
18,25,November,31,fast,fast,19.999998999999523,599.9999699999856,0.0,0.0,0.0
18,25,October,30,fast,fast,12.176502723710826,377.4715844350356,0.0,0.0,0.0
18,25,October,31,fast,fast,19.999998999999523,619.9999689999852,0.0,0.0,0.0
18,25,September,30,fast,fast,12.176502723768806,365.2950817130642,0.0,0.0,0.0
18,25,September,31,fast,fast,19.999998999999523,599.9999699999856,0.0,0.0,0.0
18,26,December,31,medium,medium,0.1,3.1,0.0,0.0,0.0
18,26,January,31,medium,medium,0.1,3.1,0.0,0.0,0.0
18,26,September,31,medium,medium,0.1,3.0,0.0,0.0,0.0
19,12,June,14,medium,medium,1.3246299358518328,39.738898075554985,0.0,0.0,0.0
21,13,April,20,fast,fast,11.846251193452094,355.3875358035628,0.0,0.0,0.0
21,13,April,21,fast,fast,14.856465243668788,445.69395731006364,0.0,0.0,0.0
21,13,April,22,fast,fast,19.081837033142527,572.4551109942759,0.0,0.0,0.0
21,13,April,23,fast,fast,13.075047699809206,392.2514309942762,0.0,0.0,0.0
21,13,April,24,fast,fast,12.428595012230742,372.85785036692226,0.0,0.0,0.0
21,13,April,25,fast,fast,10.95531817752984,328.6595453258952,0.0,0.0,0.0
21,13,April,26,fast,fast,10.244179093291317,307.3253727987395,0.0,0.0,0.0
21,13,April,27,fast,fast,15.711336932359487,471.34010797078463,0.0,0.0,0.0
21,13,April,28,fast,fast,7.894231381769451,236.82694145308352,0.0,0.0,0.0
21,13,April,32,fast,fast,3.498478149952774,104.95434449858323,0.0,0.0,0.0
21,13,August,20,fast,fast,0.7628395805488672,23.648026997014885,0.0,0.0,0.0
21,13,August,21,fast,fast,1.8410741329244775,57.073298120658805,0.0,0.0,0.0
21,13,August,22,fast,fast,6.535104474002749,202.58823869408522,0.0,0.0,0.0
21,13,July,20,fast,fast,4.3114873224843535,133.65610699701494,0.0,0.0,0.0
21,13,July,21,fast,fast,10.062941893357587,311.95119869408524,0.0,0.0,0.0
21,13,July,22,fast,fast,10.062941893357591,311.9511986940853,0.0,0.0,0.0
21,13,July,23,fast,fast,10.812745764325332,335.1951186940853,0.0,0.0,0.0
21,13,July,24,fast,fast,3.954994716260254,122.60483620406787,0.0,0.0,0.0
21,13,July,28,fast,fast,2.6419711138200537,81.90110452842167,0.0,0.0,0.0
21,13,June,20,fast,fast,12.008128526785438,360.2438558035631,0.0,0.0,0.0
21,13,June,21,fast,fast,13.075047699809206,392.2514309942762,0.0,0.0,0.0
21,13,June,22,fast,fast,20.602494577002133,618.074837310064,0.0,0.0,0.0
21,13,June,23,fast,fast,13.075047699809206,392.2514309942762,0.0,0.0,0.0
21,13,June,24,fast,fast,12.428595012230742,372.85785036692226,0.0,0.0,0.0
21,13,June,25,fast,fast,10.95531817752984,328.6595453258952,0.0,0.0,0.0
21,13,June,26,fast,fast,10.244179093291317,307.3253727987395,0.0,0.0,0.0
21,13,June,27,fast,medium,7.20132533333333,216.0397599999999,0.0,0.0,0.0
21,13,June,27,fast,fast,15.711336932359487,471.34010797078463,0.0,0.0,0.0
21,13,June,28,fast,fast,7.010978381769455,210.32935145308363,0.0,0.0,0.0
21,13,June,31,fast,fast,3.0531958093008775,91.59587427902633,0.0,0.0,0.0
21,13,June,32,fast,fast,8.152860521918562,244.58581565755685,0.0,0.0,0.0
21,13,March,21,fast,fast,0.8512469456307787,26.388655314554143,0.0,0.0,0.0
21,13,March,22,fast,fast,0.1,3.1,0.0,0.0,0.0
21,13,May,20,fast,medium,10.707428806547906,331.9302930029851,0.0,0.0,0.0
21,13,May,20,fast,fast,9.292571193452094,288.0697069970149,0.0,0.0,0.0
21,13,May,21,fast,fast,12.807941760997196,397.04619459091305,0.0,0.0,0.0
21,13,May,22,fast,medium,11.0,341.0,0.0,0.0,0.0
21,13,May,22,fast,fast,13.075047699809206,405.3264786940854,0.0,0.0,0.0
21,13,May,23,fast,fast,13.075047699809206,405.3264786940854,0.0,0.0,0.0
21,13,May,24,fast,fast,12.428595012230742,385.286445379153,0.0,0.0,0.0
21,13,May,25,fast,fast,10.95531817752984,339.61486350342506,0.0,0.0,0.0
21,13,May,26,fast,fast,10.244179093291317,317.5695518920308,0.0,0.0,0.0
21,13,May,27,fast,fast,15.711336932359487,487.0514449031441,0.0,0.0,0.0
21,13,May,28,fast,fast,2.4979122500490263,77.43527975151981,0.0,0.0,0.0
21,13,May,31,fast,fast,3.4368674652148528,106.54289142166044,0.0,0.0,0.0
21,13,May,32,fast,fast,8.536532177832537,264.63249751280864,0.0,0.0,0.0
21,13,September,21,fast,fast,7.840882366475864,235.2264709942759,0.0,0.0,0.0
21,13,September,22,fast,fast,7.840882366475865,235.22647099427596,0.0,0.0,0.0
21,13,September,23,fast,fast,4.672437271824988,140.17311815474963,0.0,0.0,0.0
21,13,September,24,fast,fast,0.1,3.0,0.0,0.0,0.0
21,14,April,13,fast,fast,3.4674999377619455,104.02499813285837,0.0,0.0,0.0
21,14,July,13,fast,fast,4.0452259780845266,125.40200532062032,0.0,0.0,0.0
21,14,June,13,fast,fast,9.076945687761942,272.30837063285827,0.0,0.0,0.0
21,14,June,22,medium,medium,2.9269320107387387,87.80796032216216,0.0,0.0,0.0
21,14,June,24,fast,medium,1.883916051270596,56.51748153811788,0.0,0.0,0.0
22,21,April,30,fast,fast,7.719048575644877,231.5714572693463,0.0,0.0,0.0
22,21,August,30,fast,fast,7.719048575644887,239.29050584499151,0.0,0.0,0.0
22,21,December,30,fast,fast,7.719048575644887,239.29050584499151,0.0,0.0,0.0
22,21,February,30,fast,fast,7.719048575644887,216.13336011805683,0.0,0.0,0.0
22,21,January,30,fast,fast,7.719048575644877,239.29050584499117,0.0,0.0,0.0
22,21,July,30,fast,fast,7.719048575644887,239.29050584499151,0.0,0.0,0.0
22,21,June,7,fast,fast,0.12684691666666667,3.8054075000000003,0.0,0.0,0.0
22,21,June,8,fast,fast,0.12684691666666667,3.8054075000000003,0.0,0.0,0.0
22,21,June,30,fast,fast,7.719048575644887,231.5714572693466,0.0,0.0,0.0
22,21,March,30,fast,fast,7.719048575644887,239.29050584499151,0.0,0.0,0.0
22,21,May,30,fast,fast,7.719048575644887,239.29050584499151,0.0,0.0,0.0
22,21,November,30,fast,fast,7.719048575644877,231.5714572693463,0.0,0.0,0.0
22,21,October,30,fast,fast,7.719048575644887,239.29050584499151,0.0,0.0,0.0
22,21,September,30,fast,fast,7.719048575644887,231.5714572693466,0.0,0.0,0.0
23,15,June,13,medium,medium,4.880911502008031,146.42734506024092,0.0,0.0,0.0
23,16,April,19,medium,medium,23.554753565712033,706.642606971361,0.0,0.0,0.0
23,16,April,19,fast,fast,25.0,750.0,0.0,0.0,0.0
23,16,April,20,fast,fast,18.80107634919539,564.0322904758617,0.0,0.0,0.0
23,16,August,19,fast,medium,48.55475356571204,1505.1973605370733,0.0,0.0,0.0
23,16,August,20,fast,fast,18.80107634919539,582.8333668250572,0.0,0.0,0.0
23,16,December,19,medium,medium,23.554753565712033,730.197360537073,0.0,0.0,0.0
23,16,December,19,fast,fast,25.0,775.0,0.0,0.0,0.0
23,16,December,20,fast,fast,18.80107634919539,582.8333668250572,0.0,0.0,0.0
23,16,February,19,medium,medium,23.554753565712033,659.533099839937,0.0,0.0,0.0
23,16,February,19,fast,fast,25.0,700.0,0.0,0.0,0.0
23,16,February,20,fast,fast,18.80107634919539,526.4301377774709,0.0,0.0,0.0
23,16,January,19,medium,medium,23.554753565712033,730.197360537073,0.0,0.0,0.0
23,16,January,19,fast,fast,25.0,775.0,0.0,0.0,0.0
23,16,January,20,fast,fast,18.80107634919539,582.8333668250572,0.0,0.0,0.0
23,16,July,19,medium,medium,23.55475356567527,730.1973605359334,0.0,0.0,0.0
23,16,July,19,fast,fast,25.0,775.0,0.0,0.0,0.0
23,16,July,20,fast,fast,18.80107634919539,582.8333668250572,0.0,0.0,0.0
23,16,June,19,medium,medium,23.554753565712033,706.642606971361,0.0,0.0,0.0
23,16,June,19,fast,fast,25.0,750.0,0.0,0.0,0.0
23,16,June,20,fast,fast,18.80107634919539,564.0322904758617,0.0,0.0,0.0
23,16,March,19,medium,medium,23.554753565712048,730.1973605370735,0.0,0.0,0.0
23,16,March,19,fast,fast,25.0,775.0,0.0,0.0,0.0
23,16,March,20,fast,fast,18.80107634919539,582.8333668250572,0.0,0.0,0.0
23,16,May,19,medium,medium,23.554753565712033,730.197360537073,0.0,0.0,0.0
23,16,May,19,fast,fast,25.0,775.0,0.0,0.0,0.0
23,16,May,20,fast,fast,18.80107634919539,582.8333668250572,0.0,0.0,0.0
23,16,November,19,medium,medium,23.554753565712048,706.6426069713614,0.0,0.0,0.0
23,16,November,19,fast,fast,25.0,750.0,0.0,0.0,0.0
23,16,November,20,fast,fast,18.80107634919539,564.0322904758617,0.0,0.0,0.0
23,16,October,19,medium,medium,23.554753565712033,730.197360537073,0.0,0.0,0.0
23,16,October,19,fast,fast,25.0,775.0,0.0,0.0,0.0
23,16,October,20,fast,fast,18.80107634919539,582.8333668250572,0.0,0.0,0.0
23,16,September,19,medium,medium,23.554753565712033,706.642606971361,0.0,0.0,0.0
23,16,September,19,fast,fast,25.0,750.0,0.0,0.0,0.0
23,16,September,20,fast,fast,18.80107634919539,564.0322904758617,0.0,0.0,0.0
24,16,April,11,fast,fast,0.99294,29.7882,0.0,0.0,0.0
24,16,April,34,fast,fast,6.490744640496644,194.7223392148993,0.0,0.0,0.0
24,16,August,11,fast,fast,1.2414508064516128,38.484975,0.0,0.0,0.0
24,16,August,34,fast,fast,6.490744640496644,201.21308385539595,0.0,0.0,0.0
24,16,December,34,fast,fast,6.490744640496644,201.21308385539595,0.0,0.0,0.0
24,16,February,34,fast,fast,6.490744640496644,181.74084993390602,0.0,0.0,0.0
24,16,January,34,fast,fast,6.490744640496644,201.21308385539595,0.0,0.0,0.0
24,16,July,11,fast,fast,3.2902100806451613,101.9965125,0.0,0.0,0.0
24,16,July,34,fast,fast,6.490744640496644,201.21308385539595,0.0,0.0,0.0
24,16,June,11,fast,fast,3.6274087499999994,108.82226249999998,0.0,0.0,0.0
24,16,June,34,fast,fast,6.490744640496644,194.7223392148993,0.0,0.0,0.0
24,16,March,34,medium,medium,6.490744640496644,201.21308385539595,0.0,0.0,0.0
24,16,May,11,fast,fast,3.6688463709677417,113.73423749999999,0.0,0.0,0.0
24,16,May,34,fast,fast,6.490744640496644,201.21308385539595,0.0,0.0,0.0
24,16,November,34,medium,medium,6.490744640496644,194.7223392148993,0.0,0.0,0.0
24,16,October,34,medium,medium,6.490744640531261,201.2130838564691,0.0,0.0,0.0
24,16,September,11,fast,fast,0.13487625,4.0462875,0.0,0.0,0.0
24,16,September,34,fast,fast,6.490744640496644,194.7223392148993,0.0,0.0,0.0
24,17,June,7,fast,medium,0.17337591666666666,5.2012775,0.0,0.0,0.0
24,17,June,8,fast,medium,0.17337591666666666,5.2012775,0.0,0.0,0.0
24,17,June,9,medium,medium,0.8176514292737613,24.52954287821284,0.0,0.0,0.0
24,17,June,10,fast,medium,2.08997925,62.6993775,0.0,0.0,0.0
24,17,June,11,medium,medium,3.983785749999999,119.51357249999998,0.0,0.0,0.0
24,17,June,12,fast,medium,3.983785749999999,119.51357249999998,0.0,0.0,0.0
24,23,June,7,fast,fast,0.14401833333333333,4.32055,0.0,0.0,0.0
24,23,June,8,fast,fast,0.14401833333333333,4.32055,0.0,0.0,0.0
24,25,June,7,fast,fast,0.24870858333333332,7.461257499999999,0.0,0.0,0.0
24,25,June,8,fast,fast,0.24870858333333332,7.461257499999999,0.0,0.0,0.0
25,18,April,17,fast,fast,16.137238929103333,484.1171678731,0.0,0.0,0.0
25,18,April,21,medium,medium,4.288694050060322,128.66082150180966,0.0,0.0,0.0
25,18,August,17,fast,fast,16.137238929103333,500.25440680220333,0.0,0.0,0.0
25,18,December,17,fast,fast,16.137238929103333,500.25440680220333,0.0,0.0,0.0
25,18,February,17,fast,fast,16.13723892910334,451.8426900148935,0.0,0.0,0.0
25,18,January,17,fast,fast,16.137238929102196,500.2544068021681,0.0,0.0,0.0
25,18,July,17,fast,fast,16.137238929102196,500.2544068021681,0.0,0.0,0.0
25,18,June,9,fast,fast,0.14419099999999663,4.325729999999899,0.0,0.0,0.0
25,18,June,10,fast,fast,0.14419099999999663,4.325729999999899,0.0,0.0,0.0
25,18,June,11,fast,fast,4.119136368421062,123.57409105263186,0.0,0.0,0.0
25,18,June,17,fast,fast,11.72826048164837,351.8478144494511,0.0,0.0,0.0
25,18,June,21,fast,fast,7.431383050060312,222.94149150180937,0.0,0.0,0.0
25,18,March,17,fast,fast,16.137238929102196,500.2544068021681,0.0,0.0,0.0
25,18,May,21,fast,fast,16.93018714683452,524.8358015518701,0.0,0.0,0.0
25,18,November,17,fast,fast,16.137238929103333,484.1171678731,0.0,0.0,0.0
25,18,October,17,fast,fast,16.13723892910334,500.25440680220356,0.0,0.0,0.0
25,18,September,17,fast,fast,16.13723892910334,484.1171678731002,0.0,0.0,0.0
25,26,June,23,fast,fast,15.41635346247233,462.4906038741699,0.0,0.0,0.0
25,33,April,25,fast,fast,5.501226965828803,165.03680897486407,0.0,0.0,0.0
25,33,June,24,fast,fast,1.0775938739995752,32.327816219987255,0.0,0.0,0.0
25,33,June,25,fast,medium,4.57076313249544,137.1228939748632,0.0,0.0,0.0
25,33,June,25,fast,fast,20.46244447673354,613.8733343020062,0.0,0.0,0.0
25,33,June,26,fast,fast,12.014961845281377,360.4488553584413,0.0,0.0,0.0
25,33,May,25,fast,fast,5.501226965828806,170.538035940693,0.0,0.0,0.0
25,33,September,25,fast,fast,5.501226965828803,165.03680897486407,0.0,0.0,0.0
26,33,June,25,fast,fast,4.537555523266466,136.12666569799399,0.0,0.0,0.0
26,34,April,17,fast,fast,3.5965715685851407,107.89714705755422,0.0,0.0,0.0
26,34,April,21,fast,fast,22.160084293020986,664.8025287906296,0.0,0.0,0.0
26,34,April,22,fast,fast,13.360421624374695,400.81264873124087,0.0,0.0,0.0
26,34,April,24,fast,fast,19.409705197420475,582.2911559226143,0.0,0.0,0.0
26,34,April,29,fast,fast,26.058301031953988,781.7490309586196,0.0,0.0,0.0
26,34,April,31,fast,fast,19.999999000000003,599.9999700000001,0.0,0.0,0.0
26,34,August,17,fast,fast,3.5965715685851407,111.49371862613935,0.0,0.0,0.0
26,34,August,23,fast,fast,0.4134802672200806,12.817888283822498,0.0,0.0,0.0
26,34,August,30,fast,fast,7.924244032258038,245.65156499999918,0.0,0.0,0.0
26,34,December,17,fast,fast,3.5965715685851407,111.49371862613935,0.0,0.0,0.0
26,34,February,17,fast,fast,3.5965715685851336,100.70400392038374,0.0,0.0,0.0
26,34,January,17,fast,fast,3.5965715685851407,111.49371862613935,0.0,0.0,0.0
26,34,July,17,fast,fast,3.5965715685851407,111.49371862613935,0.0,0.0,0.0
26,34,June,17,fast,fast,8.005550016040116,240.16650048120349,0.0,0.0,0.0
26,34,June,21,fast,fast,22.990978139889364,689.7293441966809,0.0,0.0,0.0
26,34,June,22,fast,fast,9.868544957708018,296.0563487312405,0.0,0.0,0.0
26,34,June,24,fast,medium,13.866647249999993,415.99941749999977,0.0,0.0,0.0
26,34,June,24,fast,fast,5.3633645027877535,160.9009350836326,0.0,0.0,0.0
26,34,June,27,fast,fast,22.277910704251376,668.3373211275413,0.0,0.0,0.0
26,34,June,29,fast,fast,27.34592146213054,820.3776438639162,0.0,0.0,0.0
26,34,June,31,fast,fast,8.013411903156772,240.40235709470318,0.0,0.0,0.0
26,34,June,32,fast,fast,4.879810913257165,146.39432739771496,0.0,0.0,0.0
26,34,March,17,fast,fast,3.5965715685851407,111.49371862613935,0.0,0.0,0.0
26,34,March,30,fast,fast,0.31191895161287064,9.66948749999899,0.0,0.0,0.0
26,34,May,17,fast,medium,16.137238929103347,500.2544068022038,0.0,0.0,0.0
26,34,May,17,fast,fast,3.5965715685851407,111.49371862613935,0.0,0.0,0.0
26,34,May,20,medium,medium,3.2550975208005255,100.9080231448163,0.0,0.0,0.0
26,34,May,21,fast,fast,15.195287008843884,471.0538972741604,0.0,0.0,0.0
26,34,May,24,fast,fast,5.3633645027877535,166.26429958642035,0.0,0.0,0.0
26,34,May,29,fast,fast,20.412308021270334,632.7815486593804,0.0,0.0,0.0
26,34,May,31,fast,fast,7.259771150468609,225.05290566452686,0.0,0.0,0.0
26,34,May,32,fast,fast,2.55296739407623,79.14198921636313,0.0,0.0,0.0
26,34,November,17,fast,fast,3.5965715685851407,107.89714705755422,0.0,0.0,0.0
26,34,October,17,fast,fast,3.5965715685851336,111.49371862613914,0.0,0.0,0.0
26,34,September,17,fast,fast,3.5965715685851336,107.89714705755401,0.0,0.0,0.0
26,34,September,23,fast,fast,1.8340349903383597,55.02104971015079,0.0,0.0,0.0
26,34,September,30,fast,fast,6.7110148333333015,201.33044499999903,0.0,0.0,0.0
27,34,April,14,fast,fast,8.028540684501955,240.85622053505864,0.0,0.0,0.0
27,34,April,15,fast,fast,9.252288883145752,277.56866649437256,0.0,0.0,0.0
27,34,April,21,fast,medium,1.311355882489556,39.340676474686674,0.0,0.0,0.0
27,34,April,32,fast,fast,1.533958927710259,46.01876783130777,0.0,0.0,0.0
27,34,August,14,fast,fast,8.028540684501955,248.8847612195606,0.0,0.0,0.0
27,34,August,15,fast,fast,9.252288883145752,286.8209553775183,0.0,0.0,0.0
27,34,December,14,fast,fast,8.028540684501955,248.8847612195606,0.0,0.0,0.0
27,34,December,15,fast,fast,9.252288883145752,286.8209553775183,0.0,0.0,0.0
27,34,February,14,fast,fast,8.028540684501955,224.79913916605474,0.0,0.0,0.0
27,34,February,15,fast,fast,9.252288883145752,259.06408872808106,0.0,0.0,0.0
27,34,January,14,fast,fast,8.028540684501955,248.8847612195606,0.0,0.0,0.0
27,34,January,15,fast,fast,9.252288883145752,286.8209553775183,0.0,0.0,0.0
27,34,July,14,fast,fast,8.028540684501955,248.8847612195606,0.0,0.0,0.0
27,34,July,15,fast,fast,9.252288883145752,286.8209553775183,0.0,0.0,0.0
27,34,June,14,fast,fast,8.028540684501955,240.85622053505864,0.0,0.0,0.0
27,34,June,15,fast,fast,9.252288883145752,277.56866649437256,0.0,0.0,0.0
27,34,June,32,fast,fast,3.8200942644530915,114.60282793359275,0.0,0.0,0.0
27,34,March,14,fast,fast,8.028540684501955,248.8847612195606,0.0,0.0,0.0
27,34,March,15,fast,fast,9.252288883145752,286.8209553775183,0.0,0.0,0.0
27,34,May,14,fast,fast,8.028540684501955,248.8847612195606,0.0,0.0,0.0
27,34,May,15,fast,fast,25.330298560565115,785.2392553775186,0.0,0.0,0.0
27,34,May,16,fast,fast,4.947001750675316,153.35705427093478,0.0,0.0,0.0
27,34,May,32,fast,fast,6.868034958365211,212.90908370932155,0.0,0.0,0.0
27,34,November,14,fast,fast,8.028540684501955,240.85622053505864,0.0,0.0,0.0
27,34,November,15,fast,fast,9.252288883145752,277.56866649437256,0.0,0.0,0.0
27,34,October,14,fast,fast,8.028540684501955,248.8847612195606,0.0,0.0,0.0
27,34,October,15,fast,fast,9.252288883145752,286.8209553775183,0.0,0.0,0.0
27,34,September,14,fast,fast,8.028540684501955,240.85622053505864,0.0,0.0,0.0
27,34,September,15,fast,fast,9.252288883145752,277.56866649437256,0.0,0.0,0.0
29,30,April,27,fast,fast,2.4441465667301756,73.32439700190527,0.0,0.0,0.0
29,30,April,28,fast,fast,8.277050810505486,248.31152431516458,0.0,0.0,0.0
29,30,April,33,fast,fast,4.885991601420935,146.57974804262804,0.0,0.0,0.0
29,30,April,34,fast,fast,0.1,3.0,0.0,0.0,0.0
29,30,April,35,fast,fast,8.491703611274382,254.75110833823146,0.0,0.0,0.0
29,30,August,33,fast,fast,2.73491640067121,84.78240842080751,0.0,0.0,0.0
29,30,August,35,fast,fast,8.491703611274382,263.24281194950584,0.0,0.0,0.0
29,30,December,33,fast,fast,2.73491640067121,84.78240842080751,0.0,0.0,0.0
29,30,December,35,fast,fast,8.491703611274382,263.24281194950584,0.0,0.0,0.0
29,30,February,33,fast,fast,2.73491640067121,76.57765921879388,0.0,0.0,0.0
29,30,February,35,fast,fast,8.491703611274382,237.76770111568268,0.0,0.0,0.0
29,30,January,33,fast,fast,2.73491640067121,84.78240842080751,0.0,0.0,0.0
29,30,January,35,fast,fast,8.491703611274382,263.24281194950584,0.0,0.0,0.0
29,30,July,33,fast,fast,2.73491640067121,84.78240842080751,0.0,0.0,0.0
29,30,July,35,fast,fast,8.491703611274382,263.24281194950584,0.0,0.0,0.0
29,30,June,27,fast,fast,0.9669155667301723,29.00746700190517,0.0,0.0,0.0
29,30,June,28,fast,fast,9.499719810505482,284.99159431516443,0.0,0.0,0.0
29,30,June,30,fast,fast,5.198126330653658,155.94378991960974,0.0,0.0,0.0
29,30,June,32,fast,fast,12.525812252946974,375.77436758840923,0.0,0.0,0.0
29,30,June,33,fast,fast,6.991465938550785,209.74397815652355,0.0,0.0,0.0
29,30,June,34,fast,fast,12.153296785266187,364.59890355798564,0.0,0.0,0.0
29,30,June,35,fast,fast,8.491703611274382,254.75110833823146,0.0,0.0,0.0
29,30,March,33,fast,fast,2.73491640067121,84.78240842080751,0.0,0.0,0.0
29,30,March,35,fast,fast,8.491703611274382,263.24281194950584,0.0,0.0,0.0
29,30,May,33,fast,fast,15.896328257962123,492.7861759968258,0.0,0.0,0.0
29,30,May,34,fast,fast,10.711011548707047,332.04135800991844,0.0,0.0,0.0
29,30,May,35,fast,fast,8.491703611274382,263.24281194950584,0.0,0.0,0.0
29,30,November,33,fast,fast,2.73491640067121,82.0474920201363,0.0,0.0,0.0
29,30,November,35,fast,fast,8.491703611274382,254.75110833823146,0.0,0.0,0.0
29,30,October,33,fast,fast,2.73491640067121,84.78240842080751,0.0,0.0,0.0
29,30,October,35,fast,fast,8.491703611274382,263.24281194950584,0.0,0.0,0.0
29,30,September,33,fast,fast,2.73491640067121,82.0474920201363,0.0,0.0,0.0
29,30,September,35,fast,fast,8.491703611274382,254.75110833823146,0.0,0.0,0.0
30,29,April,18,fast,fast,9.38957679782936,281.6873039348808,0.0,0.0,0.0
30,29,April,19,fast,fast,7.758710501915218,232.76131505745653,0.0,0.0,0.0
30,29,August,18,fast,fast,7.771322627283709,240.91100144579497,0.0,0.0,0.0
30,29,December,18,fast,fast,7.771322627283709,240.91100144579497,0.0,0.0,0.0
30,29,February,18,fast,fast,7.771322627283709,217.59703356394385,0.0,0.0,0.0
30,29,January,18,fast,fast,7.771322627283709,240.91100144579497,0.0,0.0,0.0
30,29,July,18,fast,fast,7.771322627283709,240.91100144579497,0.0,0.0,0.0
30,29,July,19,fast,fast,4.487482276108764,139.11195055937168,0.0,0.0,0.0
30,29,June,15,fast,fast,3.417552427027312,102.52657281081936,0.0,0.0,0.0
30,29,June,18,fast,medium,16.803205250000005,504.0961575000001,0.0,0.0,0.0
30,29,June,18,fast,fast,9.38957679782936,281.6873039348808,0.0,0.0,0.0
30,29,June,19,medium,medium,5.608562791406676,168.25688374220027,0.0,0.0,0.0
30,29,June,19,fast,fast,7.758710501915218,232.76131505745653,0.0,0.0,0.0
30,29,March,18,fast,fast,7.771322627283709,240.91100144579497,0.0,0.0,0.0
30,29,May,15,fast,fast,8.61400532658253,267.03416512405846,0.0,0.0,0.0
30,29,May,18,medium,medium,22.729552661290327,704.6161325000002,0.0,0.0,0.0
30,29,May,18,fast,fast,9.38957679782936,291.07688073271015,0.0,0.0,0.0
30,29,May,19,fast,fast,13.367273293321894,414.3854720929787,0.0,0.0,0.0
30,29,November,18,fast,fast,7.771322627283709,233.13967881851127,0.0,0.0,0.0
30,29,October,18,fast,fast,7.771322627283709,240.91100144579497,0.0,0.0,0.0
30,29,September,18,fast,fast,9.38957679782936,281.6873039348808,0.0,0.0,0.0
30,38,April,16,fast,fast,0.3027530047000795,9.082590141002385,0.0,0.0,0.0
30,38,August,16,fast,fast,0.3027530047000795,9.385343145702464,0.0,0.0,0.0
30,38,December,16,fast,fast,0.3027530047000795,9.385343145702464,0.0,0.0,0.0
30,38,February,16,fast,fast,0.3027530047000795,8.477084131602226,0.0,0.0,0.0
30,38,January,16,fast,fast,0.3027530047000795,9.385343145702464,0.0,0.0,0.0
30,38,July,16,fast,fast,0.3027530047000795,9.385343145702464,0.0,0.0,0.0
30,38,June,16,fast,fast,0.3027530047000795,9.082590141002385,0.0,0.0,0.0
30,38,June,37,fast,fast,0.4363637663475295,13.090912990425885,0.0,0.0,0.0
30,38,March,16,fast,fast,0.3027530047000795,9.385343145702464,0.0,0.0,0.0
30,38,May,15,fast,fast,0.8607232233473996,26.682419923769388,0.0,0.0,0.0
30,38,May,16,fast,fast,0.3027530047000795,9.385343145702464,0.0,0.0,0.0
30,38,May,37,fast,fast,1.2192131615088222,37.79560800677349,0.0,0.0,0.0
30,38,November,16,fast,fast,0.3027530047000795,9.082590141002385,0.0,0.0,0.0
30,38,October,16,fast,fast,0.3027530047000795,9.385343145702464,0.0,0.0,0.0
30,38,September,16,fast,fast,0.3027530047000795,9.082590141002385,0.0,0.0,0.0
32,24,April,17,medium,medium,4.451795910624298,133.55387731872895,0.0,0.0,0.0
32,24,August,17,medium,medium,4.451795910624298,138.00567322935325,0.0,0.0,0.0
32,24,December,17,medium,medium,4.451795910624298,138.00567322935325,0.0,0.0,0.0
32,24,February,17,medium,medium,4.451795910624298,124.65028549748035,0.0,0.0,0.0
32,24,January,17,medium,medium,4.451795910625435,138.0056732293885,0.0,0.0,0.0
32,24,July,17,medium,medium,4.451795910625435,138.0056732293885,0.0,0.0,0.0
32,24,June,17,medium,medium,4.451795910624298,133.55387731872895,0.0,0.0,0.0
32,24,March,17,medium,medium,4.451795910625435,138.0056732293885,0.0,0.0,0.0
32,24,May,17,medium,medium,4.451795910625435,138.0056732293885,0.0,0.0,0.0
32,24,November,17,medium,medium,4.451795910624298,133.55387731872895,0.0,0.0,0.0
32,24,October,17,medium,medium,4.451795910624298,138.00567322935325,0.0,0.0,0.0
32,24,September,17,medium,medium,4.451795910624298,133.55387731872895,0.0,0.0,0.0
32,25,June,12,fast,fast,0.3026337763060507,9.079013289181521,0.0,0.0,0.0
32,25,June,13,fast,fast,5.975199642115644,179.25598926346933,0.0,0.0,0.0
32,25,May,12,fast,fast,0.36791620371904,11.405402315290239,0.0,0.0,0.0
32,25,May,13,fast,fast,8.24005702921242,255.441767905585,0.0,0.0,0.0
33,25,April,16,fast,fast,7.478117850832994,224.34353552498982,0.0,0.0,0.0
33,25,April,17,fast,fast,17.47560140245772,524.2680420737316,0.0,0.0,0.0
33,25,August,16,fast,fast,7.478117850832994,231.82165337582282,0.0,0.0,0.0
33,25,August,17,fast,fast,17.47560140245772,541.7436434761893,0.0,0.0,0.0
33,25,December,16,fast,fast,7.478117850832994,231.82165337582282,0.0,0.0,0.0
33,25,December,17,fast,fast,17.47560140245772,541.7436434761893,0.0,0.0,0.0
33,25,February,16,fast,fast,7.478117850832994,209.38729982332384,0.0,0.0,0.0
33,25,February,17,fast,fast,17.475601402457727,489.31683926881635,0.0,0.0,0.0
33,25,January,16,fast,fast,7.478117850832994,231.82165337582282,0.0,0.0,0.0
33,25,January,17,fast,fast,17.47560140245772,541.7436434761893,0.0,0.0,0.0
33,25,July,16,fast,fast,7.478117850832994,231.82165337582282,0.0,0.0,0.0
33,25,July,17,fast,fast,17.47560140245772,541.7436434761893,0.0,0.0,0.0
33,25,June,16,fast,fast,7.478117850832994,224.34353552498982,0.0,0.0,0.0
33,25,June,17,fast,fast,13.066622955002757,391.9986886500827,0.0,0.0,0.0
33,25,March,16,fast,fast,7.478117850832994,231.82165337582282,0.0,0.0,0.0
33,25,March,17,fast,fast,17.47560140245772,541.7436434761893,0.0,0.0,0.0
33,25,May,16,fast,fast,7.478117850832994,231.82165337582282,0.0,0.0,0.0
33,25,May,17,medium,medium,1.3383624733543797,41.48923667398577,0.0,0.0,0.0
33,25,November,16,fast,fast,7.478117850832994,224.34353552498982,0.0,0.0,0.0
33,25,November,17,fast,fast,17.47560140245772,524.2680420737316,0.0,0.0,0.0
33,25,October,16,fast,fast,7.478117850832994,231.82165337582282,0.0,0.0,0.0
33,25,October,17,fast,fast,17.475601402457727,541.7436434761895,0.0,0.0,0.0
33,25,September,16,fast,fast,7.478117850832994,224.34353552498982,0.0,0.0,0.0
33,25,September,17,fast,fast,17.475601402457727,524.2680420737317,0.0,0.0,0.0
33,26,April,17,fast,fast,21.33129133045756,639.9387399137267,0.0,0.0,0.0
33,26,August,17,fast,fast,21.33129133045756,661.2700312441843,0.0,0.0,0.0
33,26,December,17,fast,fast,21.33129133045756,661.2700312441843,0.0,0.0,0.0
33,26,February,17,fast,fast,21.331291330457553,597.2761572528115,0.0,0.0,0.0
33,26,January,17,fast,fast,21.33129133045756,661.2700312441843,0.0,0.0,0.0
33,26,July,17,fast,fast,21.33129133045756,661.2700312441843,0.0,0.0,0.0
33,26,June,17,medium,medium,0.7402697779125162,22.208093337375487,0.0,0.0,0.0
33,26,June,17,fast,fast,25.0,750.0,0.0,0.0,0.0
33,26,June,28,fast,fast,6.443624930700338,193.30874792101014,0.0,0.0,0.0
33,26,June,30,fast,fast,10.441527609865211,313.24582829595636,0.0,0.0,0.0
33,26,March,17,fast,fast,21.33129133045756,661.2700312441843,0.0,0.0,0.0
33,26,May,17,fast,medium,37.4685302595609,1161.524438046388,0.0,0.0,0.0
33,26,May,22,medium,medium,0.685681816485527,21.256136311051335,0.0,0.0,0.0
33,26,November,17,fast,fast,21.33129133045756,639.9387399137267,0.0,0.0,0.0
33,26,October,17,fast,fast,21.331291330457553,661.2700312441841,0.0,0.0,0.0
33,26,September,17,fast,fast,21.331291330457553,639.9387399137266,0.0,0.0,0.0
34,27,April,26,fast,medium,9.372848918686266,281.185467560588,0.0,0.0,0.0
34,27,April,33,medium,medium,1.802282537839126,54.06847613517378,0.0,0.0,0.0
34,27,April,34,fast,medium,12.755821372270681,382.67464116812044,0.0,0.0,0.0
34,27,August,26,fast,medium,11.90812641868623,369.15191897927315,0.0,0.0,0.0
34,27,August,33,medium,medium,1.802282537839126,55.87075867301291,0.0,0.0,0.0
34,27,August,34,fast,medium,12.755821372270681,395.4304625403911,0.0,0.0,0.0
34,27,December,26,fast,medium,6.40812641868623,198.65191897927312,0.0,0.0,0.0
34,27,December,33,medium,medium,1.802282537839126,55.87075867301291,0.0,0.0,0.0
34,27,December,34,fast,medium,12.755821372270681,395.4304625403911,0.0,0.0,0.0
34,27,February,26,medium,medium,5.142161954400514,143.9805347232144,0.0,0.0,0.0
34,27,February,33,medium,medium,1.802282537839126,50.46391105949553,0.0,0.0,0.0
34,27,February,34,fast,medium,12.755821372270681,357.1629984235791,0.0,0.0,0.0
34,27,January,26,fast,medium,6.40812641868623,198.65191897927312,0.0,0.0,0.0
34,27,January,33,medium,medium,1.802282537839126,55.87075867301291,0.0,0.0,0.0
34,27,January,34,fast,medium,12.755821372270681,395.4304625403911,0.0,0.0,0.0
34,27,July,26,fast,medium,11.90812641868623,369.15191897927315,0.0,0.0,0.0
34,27,July,33,medium,medium,1.802282537839126,55.87075867301291,0.0,0.0,0.0
34,27,July,34,fast,medium,12.755821372270681,395.4304625403911,0.0,0.0,0.0
34,27,June,19,medium,medium,1.539323243343782,46.179697300313464,0.0,0.0,0.0
34,27,June,26,fast,medium,9.144526585352928,274.3357975605878,0.0,0.0,0.0
34,27,June,33,medium,medium,1.802282537839126,54.06847613517378,0.0,0.0,0.0
34,27,June,34,fast,medium,12.755821372270681,382.67464116812044,0.0,0.0,0.0
34,27,March,26,fast,medium,6.40812641868623,198.65191897927312,0.0,0.0,0.0
34,27,March,33,medium,medium,1.802282537839126,55.87075867301291,0.0,0.0,0.0
34,27,March,34,fast,medium,12.755821372270681,395.4304625403911,0.0,0.0,0.0
34,27,May,19,medium,medium,4.406590389341609,136.6043020695899,0.0,0.0,0.0
34,27,May,26,fast,medium,6.40812641868623,198.65191897927312,0.0,0.0,0.0
34,27,May,33,medium,medium,1.802282537839126,55.87075867301291,0.0,0.0,0.0
34,27,May,34,fast,medium,12.755821372270681,395.4304625403911,0.0,0.0,0.0
34,27,November,26,fast,medium,6.40812641868623,192.24379256058688,0.0,0.0,0.0
34,27,November,33,medium,medium,1.802282537839126,54.06847613517378,0.0,0.0,0.0
34,27,November,34,fast,medium,12.755821372270681,382.67464116812044,0.0,0.0,0.0
34,27,October,26,fast,medium,6.40812641868623,198.65191897927312,0.0,0.0,0.0
34,27,October,33,medium,medium,1.802282537839126,55.87075867301291,0.0,0.0,0.0
34,27,October,34,fast,medium,12.755821372270681,395.4304625403911,0.0,0.0,0.0
34,27,September,19,medium,medium,3.014069222674941,90.42207668024822,0.0,0.0,0.0
34,27,September,26,fast,medium,11.90812641868623,357.2437925605869,0.0,0.0,0.0
34,27,September,33,medium,medium,1.802282537839126,54.06847613517378,0.0,0.0,0.0
34,27,September,34,fast,medium,12.755821372270681,382.67464116812044,0.0,0.0,0.0
34,42,April,19,medium,medium,2.706165,81.18495,0.0,0.0,0.0
34,42,February,26,medium,medium,1.2659644642857144,35.447005000000004,0.0,0.0,0.0
34,42,July,19,medium,medium,1.9661435483870966,60.95045,0.0,0.0,0.0
34,42,June,19,medium,medium,2.722063666666667,81.66191,0.0,0.0,0.0
34,42,September,19,medium,medium,1.3925211666666668,41.775635,0.0,0.0,0.0
36,28,April,29,fast,fast,2.8728349736559693,86.18504920967908,0.0,0.0,0.0
36,28,July,20,fast,fast,0.30468226917529506,9.445150344434147,0.0,0.0,0.0
36,28,March,29,fast,fast,5.5769257671724,172.8846987823444,0.0,0.0,0.0
36,28,May,19,fast,fast,17.295740055793175,536.1679417295884,0.0,0.0,0.0
36,28,May,20,medium,medium,6.000428104290933,186.0132712330189,0.0,0.0,0.0
36,28,May,20,fast,fast,25.0,775.0,0.0,0.0,0.0
36,29,April,20,fast,fast,1.696047090785683,50.88141272357049,0.0,0.0,0.0
36,29,August,20,fast,fast,0.4700258402379234,14.570801047375625,0.0,0.0,0.0
36,29,December,20,fast,fast,0.4700258402379234,14.570801047375625,0.0,0.0,0.0
36,29,February,20,fast,fast,0.4700258402379234,13.160723526661855,0.0,0.0,0.0
36,29,January,20,fast,fast,0.4700258402379234,14.570801047375625,0.0,0.0,0.0
36,29,July,20,fast,fast,0.16534357106262831,5.125650702941478,0.0,0.0,0.0
36,29,June,20,fast,fast,1.696047090785683,50.88141272357049,0.0,0.0,0.0
36,29,March,20,fast,fast,0.4700258402379234,14.570801047375625,0.0,0.0,0.0
36,29,May,20,fast,fast,1.696047090785683,52.577459814356175,0.0,0.0,0.0
36,29,November,20,fast,fast,0.4700258402379234,14.100775207137701,0.0,0.0,0.0
36,29,October,20,fast,fast,0.4700258402379234,14.570801047375625,0.0,0.0,0.0
36,29,September,20,fast,fast,0.4700258402379234,14.100775207137701,0.0,0.0,0.0
38,30,April,18,medium,medium,4.506063772361912,135.18191317085737,0.0,0.0,0.0
38,30,April,30,fast,fast,0.3267592770954657,9.802778312863971,0.0,0.0,0.0
38,30,August,18,fast,medium,4.506063772361912,139.68797694321927,0.0,0.0,0.0
38,30,December,18,fast,medium,4.506063772361912,139.68797694321927,0.0,0.0,0.0
38,30,February,18,medium,medium,4.506063772361912,126.16978562613355,0.0,0.0,0.0
38,30,January,18,fast,medium,4.506063772361912,139.68797694321927,0.0,0.0,0.0
38,30,July,18,medium,medium,4.506063772361912,139.68797694321927,0.0,0.0,0.0
38,30,June,18,medium,medium,4.506063772361912,135.18191317085737,0.0,0.0,0.0
38,30,March,18,medium,medium,4.506063772361912,139.68797694321927,0.0,0.0,0.0
38,30,May,18,medium,medium,4.506063772361912,139.68797694321927,0.0,0.0,0.0
38,30,November,18,medium,medium,4.506063772361912,135.18191317085737,0.0,0.0,0.0
38,30,October,18,medium,medium,4.506063772361912,139.68797694321927,0.0,0.0,0.0
38,30,September,18,medium,medium,4.506063772361912,135.18191317085737,0.0,0.0,0.0
39,40,April,20,fast,fast,15.785553837242325,473.56661511726975,0.0,0.0,0.0
39,40,April,21,fast,fast,1.3713506477564152,41.14051943269246,0.0,0.0,0.0
39,40,April,34,fast,fast,1.6448609317889336,49.34582795366801,0.0,0.0,0.0
39,40,August,34,fast,fast,1.3270385770759177,41.13819588935345,0.0,0.0,0.0
39,40,July,20,fast,fast,4.465511756176888,138.43086444148352,0.0,0.0,0.0
39,40,July,21,fast,fast,12.219679633867276,378.8100686498856,0.0,0.0,0.0
39,40,June,19,medium,medium,0.22257168371237412,6.677150511371224,0.0,0.0,0.0
39,40,June,20,fast,fast,15.483479170575649,464.50437511726943,0.0,0.0,0.0
39,40,March,20,fast,fast,0.9584795589681789,29.712866328013547,0.0,0.0,0.0
39,40,September,20,fast,fast,0.9584795589681789,28.754386769045368,0.0,0.0,0.0
39,40,September,21,fast,fast,2.339332300533915,70.17996901601745,0.0,0.0,0.0
39,48,April,16,medium,medium,10.936688471155549,328.10065413466646,0.0,0.0,0.0
39,48,August,16,medium,medium,10.936688471155549,339.037342605822,0.0,0.0,0.0
39,48,December,16,medium,medium,10.936688471155549,339.037342605822,0.0,0.0,0.0
39,48,February,16,fast,medium,10.936688471155549,306.22727719235536,0.0,0.0,0.0
39,48,January,16,fast,medium,10.936688471155549,339.037342605822,0.0,0.0,0.0
39,48,July,16,medium,medium,10.936688471155549,339.037342605822,0.0,0.0,0.0
39,48,June,16,medium,medium,10.936688471155549,328.10065413466646,0.0,0.0,0.0
39,48,March,16,fast,medium,10.936688471155549,339.037342605822,0.0,0.0,0.0
39,48,May,16,fast,medium,10.936688471155549,339.037342605822,0.0,0.0,0.0
39,48,November,16,fast,medium,10.936688471155549,328.10065413466646,0.0,0.0,0.0
39,48,October,16,medium,medium,10.936688471155549,339.037342605822,0.0,0.0,0.0
39,48,September,16,fast,medium,10.936688471155549,328.10065413466646,0.0,0.0,0.0
40,39,August,25,medium,medium,7.129647109555535,221.01906039622156,0.0,0.0,0.0
40,39,August,25,fast,fast,1.3287343161334917,41.19076380013824,0.0,0.0,0.0
40,39,August,27,fast,fast,0.1,3.1,0.0,0.0,0.0
40,39,September,25,fast,fast,0.5633303181621372,16.899909544864116,0.0,0.0,0.0
40,39,September,26,fast,fast,0.1,3.0,0.0,0.0,0.0
40,39,September,27,fast,fast,1.612802854226679,48.38408562680037,0.0,0.0,0.0
40,39,September,28,fast,fast,6.453457256827427,193.60371770482283,0.0,0.0,0.0
40,48,April,16,medium,medium,5.479473000188875,164.38419000566626,0.0,0.0,0.0
40,48,August,16,medium,medium,5.479473000188875,169.86366300585513,0.0,0.0,0.0
40,48,December,16,medium,medium,5.479473000188875,169.86366300585513,0.0,0.0,0.0
40,48,February,16,medium,medium,5.479473000188875,153.4252440052885,0.0,0.0,0.0
40,48,January,16,medium,medium,5.479473000188875,169.86366300585513,0.0,0.0,0.0
40,48,July,16,medium,medium,5.479473000188875,169.86366300585513,0.0,0.0,0.0
40,48,June,16,medium,medium,5.479473000188875,164.38419000566626,0.0,0.0,0.0
40,48,March,16,fast,medium,5.479473000188875,169.86366300585513,0.0,0.0,0.0
40,48,May,16,fast,medium,5.479473000188875,169.86366300585513,0.0,0.0,0.0
40,48,November,16,medium,medium,5.479473000188875,164.38419000566626,0.0,0.0,0.0
40,48,October,16,medium,medium,5.479473000188875,169.86366300585513,0.0,0.0,0.0
40,48,September,16,medium,medium,5.479473000188875,164.38419000566626,0.0,0.0,0.0
41,42,April,18,fast,medium,7.213328569205196,216.39985707615585,0.0,0.0,0.0
41,42,April,20,medium,medium,2.706165,81.18495,0.0,0.0,0.0
41,42,April,21,fast,medium,3.0453096666666672,91.35929000000002,0.0,0.0,0.0
41,42,April,22,medium,medium,1.9291002824533245,57.87300847359974,0.0,0.0,0.0
41,42,August,18,fast,medium,7.213328569205196,223.61318564536106,0.0,0.0,0.0
41,42,December,18,medium,medium,7.213328569205203,223.61318564536128,0.0,0.0,0.0
41,42,February,18,fast,medium,7.213328569205196,201.97319993774548,0.0,0.0,0.0
41,42,January,18,medium,medium,7.213328569205196,223.61318564536106,0.0,0.0,0.0
41,42,July,18,fast,medium,7.213328569205196,223.61318564536106,0.0,0.0,0.0
41,42,June,18,medium,medium,7.213328569205203,216.39985707615608,0.0,0.0,0.0
41,42,June,20,fast,medium,2.722063666666667,81.66191,0.0,0.0,0.0
41,42,June,21,medium,medium,3.219903500000001,96.59710500000003,0.0,0.0,0.0
41,42,March,18,fast,medium,7.213328569205196,223.61318564536106,0.0,0.0,0.0
41,42,May,18,medium,medium,7.213328569205196,223.61318564536106,0.0,0.0,0.0
41,42,May,19,medium,medium,3.4361977419354846,106.52213000000002,0.0,0.0,0.0
41,42,May,20,fast,medium,3.4361977419354846,106.52213000000002,0.0,0.0,0.0
41,42,November,18,fast,medium,7.213328569205196,216.39985707615585,0.0,0.0,0.0
41,42,October,18,medium,medium,7.213328569205203,223.61318564536128,0.0,0.0,0.0
41,42,September,18,fast,medium,7.213328569205196,216.39985707615585,0.0,0.0,0.0
43,44,April,28,fast,fast,11.474476251859343,344.23428755578027,0.0,0.0,0.0
43,44,April,29,fast,fast,39.776976223279604,1193.3092866983882,0.0,0.0,0.0
43,44,August,29,fast,fast,18.050247432149412,559.5576703966318,0.0,0.0,0.0
43,44,July,29,fast,fast,20.601529342524373,638.6474096182556,0.0,0.0,0.0
43,44,June,28,fast,fast,0.1,3.0,0.0,0.0,0.0
43,44,June,29,fast,fast,27.210378328740184,816.3113498622055,0.0,0.0,0.0
43,44,May,29,fast,fast,20.601529342524373,638.6474096182556,0.0,0.0,0.0
43,44,September,29,fast,fast,20.601529342524373,618.0458802757312,0.0,0.0,0.0
43,50,April,17,fast,fast,2.506715844364386,75.20147533093159,0.0,0.0,0.0
43,50,August,17,fast,fast,2.506715844364386,77.70819117529598,0.0,0.0,0.0
43,50,August,29,fast,fast,2.5512819103749607,79.08973922162377,0.0,0.0,0.0
43,50,December,17,fast,fast,2.506715844364386,77.70819117529598,0.0,0.0,0.0
43,50,December,29,fast,fast,20.601529342524373,638.6474096182556,0.0,0.0,0.0
43,50,February,17,fast,fast,2.506715844364386,70.18804364220281,0.0,0.0,0.0
43,50,February,29,fast,fast,20.601529342524373,576.8428215906824,0.0,0.0,0.0
43,50,January,17,fast,fast,2.506715844364386,77.70819117529598,0.0,0.0,0.0
43,50,January,29,fast,fast,20.601529342524373,638.6474096182556,0.0,0.0,0.0
43,50,July,17,fast,fast,2.506715844364386,77.70819117529598,0.0,0.0,0.0
43,50,June,17,fast,fast,2.506715844364386,75.20147533093159,0.0,0.0,0.0
43,50,March,17,fast,fast,2.506715844364386,77.70819117529598,0.0,0.0,0.0
43,50,March,29,fast,fast,20.601529342524373,638.6474096182556,0.0,0.0,0.0
43,50,May,17,fast,fast,0.5936158950511459,18.402092746585524,0.0,0.0,0.0
43,50,November,17,fast,fast,2.506715844364386,75.20147533093159,0.0,0.0,0.0
43,50,November,29,fast,fast,20.601529342524373,618.0458802757312,0.0,0.0,0.0
43,50,October,17,fast,fast,2.506715844364386,77.70819117529598,0.0,0.0,0.0
43,50,October,29,fast,fast,20.601529342524373,638.6474096182556,0.0,0.0,0.0
43,50,September,17,fast,fast,2.55082,76.52459999999999,0.0,0.0,0.0
43,51,March,19,fast,medium,3.571452016129032,110.7150125,0.0,0.0,0.0
43,51,May,17,fast,medium,1.9130999493132403,59.30609842871045,0.0,0.0,0.0
44,43,April,35,fast,fast,3.299074864944984,98.97224594834952,0.0,0.0,0.0
44,43,August,35,fast,fast,3.299074864944984,102.27132081329451,0.0,0.0,0.0
44,43,December,35,fast,fast,3.299074864944984,102.27132081329451,0.0,0.0,0.0
44,43,February,35,fast,fast,3.299074864944984,92.37409621845956,0.0,0.0,0.0
44,43,January,35,fast,fast,3.299074864944984,102.27132081329451,0.0,0.0,0.0
44,43,July,35,fast,fast,3.299074864944984,102.27132081329451,0.0,0.0,0.0
44,43,June,35,fast,fast,3.299074864944984,98.97224594834952,0.0,0.0,0.0
44,43,March,20,fast,fast,4.050113047824473,125.55350448255867,0.0,0.0,0.0
44,43,March,21,fast,fast,5.405342702630647,167.56562378155007,0.0,0.0,0.0
44,43,March,35,fast,fast,3.299074864944984,102.27132081329451,0.0,0.0,0.0
44,43,May,35,fast,fast,3.299074864944984,102.27132081329451,0.0,0.0,0.0
44,43,November,35,fast,fast,3.299074864944984,98.97224594834952,0.0,0.0,0.0
44,43,October,35,fast,fast,3.299074864944984,102.27132081329451,0.0,0.0,0.0
44,43,September,20,fast,fast,3.056371733308346,91.69115199925038,0.0,0.0,0.0
44,43,September,35,fast,fast,3.299074864944984,98.97224594834952,0.0,0.0,0.0
44,52,April,19,fast,fast,10.943882670396498,328.3164801118949,0.0,0.0,0.0
44,52,June,19,fast,fast,0.1,3.0,0.0,0.0,0.0
45,44,April,28,fast,fast,4.262270179230768,127.86810537692304,0.0,0.0,0.0
45,44,August,28,fast,fast,4.262270179230768,132.1303755561538,0.0,0.0,0.0
45,44,December,28,fast,fast,4.262270179230768,132.1303755561538,0.0,0.0,0.0
45,44,February,28,fast,fast,4.262270179230768,119.3435650184615,0.0,0.0,0.0
45,44,January,28,fast,fast,4.262270179230768,132.1303755561538,0.0,0.0,0.0
45,44,July,28,fast,fast,4.262270179230768,132.1303755561538,0.0,0.0,0.0
45,44,June,27,fast,fast,16.546575128418084,496.3972538525425,0.0,0.0,0.0
45,44,June,28,fast,fast,36.615521113251724,1098.4656333975518,0.0,0.0,0.0
45,44,June,30,fast,fast,24.318906671556427,729.5672001466928,0.0,0.0,0.0
45,44,June,31,fast,fast,8.318221723677699,249.54665171033096,0.0,0.0,0.0
45,44,June,32,fast,fast,7.001069589381473,210.03208768144418,0.0,0.0,0.0
45,44,June,33,fast,fast,0.3715368164974109,11.146104494922326,0.0,0.0,0.0
45,44,March,28,fast,fast,4.262270179230768,132.1303755561538,0.0,0.0,0.0
45,44,May,28,fast,fast,4.262270179230768,132.1303755561538,0.0,0.0,0.0
45,44,November,28,fast,fast,4.262270179230768,127.86810537692304,0.0,0.0,0.0
45,44,October,28,fast,fast,4.262270179230768,132.1303755561538,0.0,0.0,0.0
45,44,September,28,fast,fast,4.262270179230768,127.86810537692304,0.0,0.0,0.0
45,53,April,3,fast,fast,1.187102510764852,35.61307532294556,0.0,0.0,0.0
45,53,April,4,fast,fast,4.356889244334958,130.70667733004876,0.0,0.0,0.0
45,53,April,13,fast,fast,10.00594264,300.1782792,0.0,0.0,0.0
45,53,April,17,fast,fast,4.793038640369087,143.7911592110726,0.0,0.0,0.0
45,53,April,18,fast,fast,4.859656639377135,145.78969918131406,0.0,0.0,0.0
45,53,August,3,fast,fast,1.187102510764852,36.800177833710414,0.0,0.0,0.0
45,53,August,4,fast,fast,4.356889244334958,135.0635665743837,0.0,0.0,0.0
45,53,December,3,fast,fast,1.187102510764852,36.800177833710414,0.0,0.0,0.0
45,53,December,4,fast,fast,4.356889244334958,135.0635665743837,0.0,0.0,0.0
45,53,February,3,fast,fast,1.187102510764852,33.23887030141586,0.0,0.0,0.0
45,53,February,4,fast,fast,4.356889244334958,121.99289884137883,0.0,0.0,0.0
45,53,January,3,fast,fast,1.187102510764852,36.800177833710414,0.0,0.0,0.0
45,53,January,4,fast,fast,4.356889244334958,135.0635665743837,0.0,0.0,0.0
45,53,July,3,fast,fast,1.187102510764852,36.800177833710414,0.0,0.0,0.0
45,53,July,4,fast,fast,4.356889244334958,135.0635665743837,0.0,0.0,0.0
45,53,June,3,fast,fast,1.187102510764852,35.61307532294556,0.0,0.0,0.0
45,53,June,4,fast,fast,4.356889244334958,130.70667733004876,0.0,0.0,0.0
45,53,June,7,fast,fast,0.16839066666666666,5.0517199999999995,0.0,0.0,0.0
45,53,June,13,fast,fast,23.45890017666666,703.7670052999998,0.0,0.0,0.0
45,53,June,17,fast,fast,3.1058211609991346,93.17463482997404,0.0,0.0,0.0
45,53,June,34,fast,fast,0.4023066820957548,12.069200462872644,0.0,0.0,0.0
45,53,March,3,fast,fast,1.187102510764852,36.800177833710414,0.0,0.0,0.0
45,53,March,4,fast,fast,4.356889244334958,135.0635665743837,0.0,0.0,0.0
45,53,May,3,fast,fast,1.187102510764852,36.800177833710414,0.0,0.0,0.0
45,53,May,4,fast,fast,4.356889244334958,135.0635665743837,0.0,0.0,0.0
45,53,November,3,fast,fast,1.187102510764852,35.61307532294556,0.0,0.0,0.0
45,53,November,4,fast,fast,4.356889244334958,130.70667733004876,0.0,0.0,0.0
45,53,October,3,fast,fast,1.187102510764852,36.800177833710414,0.0,0.0,0.0
45,53,October,4,fast,fast,4.356889244334958,135.0635665743837,0.0,0.0,0.0
45,53,September,3,fast,fast,1.187102510764852,35.61307532294556,0.0,0.0,0.0
45,53,September,4,fast,fast,4.356889244334958,130.70667733004876,0.0,0.0,0.0
47,46,April,15,fast,fast,6.8878441543703435,206.6353246311103,0.0,0.0,0.0
47,46,April,17,medium,medium,8.855377440273614,265.6613232082084,0.0,0.0,0.0
47,46,August,17,fast,medium,8.855377440273614,274.516700648482,0.0,0.0,0.0
47,46,December,17,fast,medium,8.855377440273614,274.516700648482,0.0,0.0,0.0
47,46,February,17,medium,medium,8.855377440273614,247.9505683276612,0.0,0.0,0.0
47,46,January,17,fast,medium,8.855377440273614,274.516700648482,0.0,0.0,0.0
47,46,July,17,fast,medium,8.855377440273614,274.516700648482,0.0,0.0,0.0
47,46,June,14,fast,fast,7.208612041864713,216.2583612559414,0.0,0.0,0.0
47,46,June,15,fast,fast,8.76431348775029,262.9294046325087,0.0,0.0,0.0
47,46,June,16,fast,fast,7.032269095226155,210.96807285678466,0.0,0.0,0.0
47,46,June,17,medium,medium,8.855377440273614,265.6613232082084,0.0,0.0,0.0
47,46,March,17,medium,medium,8.855377440273614,274.516700648482,0.0,0.0,0.0
47,46,May,15,fast,fast,5.809620240438466,180.09822745359244,0.0,0.0,0.0
47,46,May,16,fast,fast,7.032269095226155,218.0003419520108,0.0,0.0,0.0
47,46,May,17,fast,medium,13.237564965244886,410.36451392259147,0.0,0.0,0.0
47,46,May,18,fast,fast,3.0119528486303153,93.37053830753977,0.0,0.0,0.0
47,46,May,19,fast,fast,18.794096765872595,582.6169997420504,0.0,0.0,0.0
47,46,November,17,medium,medium,8.855377440273614,265.6613232082084,0.0,0.0,0.0
47,46,October,17,medium,medium,8.855377440273614,274.516700648482,0.0,0.0,0.0
47,46,September,17,medium,medium,8.855377440273614,265.6613232082084,0.0,0.0,0.0
48,39,April,25,fast,fast,1.4374645490640958,43.123936471922875,0.0,0.0,0.0
48,39,August,25,fast,fast,1.4374645490640958,44.56140102098697,0.0,0.0,0.0
48,39,December,25,fast,fast,1.4374645490640958,44.56140102098697,0.0,0.0,0.0
48,39,February,25,fast,fast,1.4374645490640958,40.24900737379468,0.0,0.0,0.0
48,39,January,25,fast,fast,1.4374645490640958,44.56140102098697,0.0,0.0,0.0
48,39,July,25,fast,fast,1.4374645490640958,44.56140102098697,0.0,0.0,0.0
48,39,June,25,fast,fast,2.7661988651975875,82.98596595592763,0.0,0.0,0.0
48,39,March,25,fast,fast,1.4374645490640958,44.56140102098697,0.0,0.0,0.0
48,39,May,25,fast,fast,1.4374645490640958,44.56140102098697,0.0,0.0,0.0
48,39,November,25,fast,fast,1.4374645490640958,43.123936471922875,0.0,0.0,0.0
48,39,October,25,fast,fast,1.4374645490640958,44.56140102098697,0.0,0.0,0.0
48,39,September,25,fast,fast,1.4374645490640958,43.123936471922875,0.0,0.0,0.0
48,40,April,24,fast,fast,1.4374645490640958,43.123936471922875,0.0,0.0,0.0
48,40,August,24,medium,medium,1.4374645490640958,44.56140102098697,0.0,0.0,0.0
48,40,December,24,fast,fast,1.4374645490640958,44.56140102098697,0.0,0.0,0.0
48,40,February,24,fast,fast,1.4374645490640958,40.24900737379468,0.0,0.0,0.0
48,40,January,24,fast,fast,1.4374645490640958,44.56140102098697,0.0,0.0,0.0
48,40,July,24,fast,medium,1.4374645490640958,44.56140102098697,0.0,0.0,0.0
48,40,June,24,fast,fast,7.305958549064094,219.17875647192284,0.0,0.0,0.0
48,40,June,25,medium,medium,4.734568350533181,142.03705051599542,0.0,0.0,0.0
48,40,March,24,fast,medium,1.4374645490640958,44.56140102098697,0.0,0.0,0.0
48,40,May,24,fast,fast,1.4374645490640958,44.56140102098697,0.0,0.0,0.0
48,40,November,24,fast,fast,1.4374645490640958,43.123936471922875,0.0,0.0,0.0
48,40,October,24,fast,fast,1.4374645490640958,44.56140102098697,0.0,0.0,0.0
48,40,September,24,fast,fast,1.4374645490640958,43.123936471922875,0.0,0.0,0.0
50,43,April,2,medium,medium,1.002375122423004,30.07125367269012,0.0,0.0,0.0
50,43,April,3,medium,medium,0.7557997298061849,22.673991894185548,0.0,0.0,0.0
50,43,April,34,fast,fast,1.9037130270610447,57.11139081183134,0.0,0.0,0.0
50,43,August,2,fast,fast,1.002375122423004,31.073628795113123,0.0,0.0,0.0
50,43,August,3,fast,medium,0.7557997298061849,23.429791623991733,0.0,0.0,0.0
50,43,August,34,fast,fast,1.9037130270610447,59.01510383889239,0.0,0.0,0.0
50,43,December,2,medium,medium,1.002375122423004,31.073628795113123,0.0,0.0,0.0
50,43,December,3,medium,medium,0.7557997298061849,23.429791623991733,0.0,0.0,0.0
50,43,December,34,fast,fast,1.9037130270610447,59.01510383889239,0.0,0.0,0.0
50,43,February,2,medium,medium,1.002375122423004,28.06650342784411,0.0,0.0,0.0
50,43,February,3,fast,medium,0.7557997298061849,21.162392434573178,0.0,0.0,0.0
50,43,February,34,fast,fast,1.9037130270610447,53.30396475770925,0.0,0.0,0.0
50,43,January,2,fast,medium,1.002375122423004,31.073628795113123,0.0,0.0,0.0
50,43,January,3,medium,medium,0.7557997298061849,23.429791623991733,0.0,0.0,0.0
50,43,January,34,fast,fast,1.9037130270610447,59.01510383889239,0.0,0.0,0.0
50,43,July,2,fast,fast,1.002375122423004,31.073628795113123,0.0,0.0,0.0
50,43,July,3,medium,medium,0.7557997298061849,23.429791623991733,0.0,0.0,0.0
50,43,July,34,fast,fast,1.9037130270610447,59.01510383889239,0.0,0.0,0.0
50,43,June,2,fast,medium,1.002375122423004,30.07125367269012,0.0,0.0,0.0
50,43,June,3,fast,fast,0.7557997298061849,22.673991894185548,0.0,0.0,0.0
50,43,June,25,fast,fast,3.4204081632653063,102.61224489795919,0.0,0.0,0.0
50,43,June,26,fast,fast,1.579591836734694,47.38775510204082,0.0,0.0,0.0
50,43,June,34,fast,fast,1.9037130270610447,57.11139081183134,0.0,0.0,0.0
50,43,March,2,fast,medium,1.002375122423004,31.073628795113123,0.0,0.0,0.0
50,43,March,3,fast,fast,0.7557997298061849,23.429791623991733,0.0,0.0,0.0
50,43,March,34,fast,fast,1.9037130270610447,59.01510383889239,0.0,0.0,0.0
50,43,May,2,fast,medium,1.002375122423004,31.073628795113123,0.0,0.0,0.0
50,43,May,3,fast,medium,0.7557997298061849,23.429791623991733,0.0,0.0,0.0
50,43,May,34,fast,fast,1.9037130270610447,59.01510383889239,0.0,0.0,0.0
50,43,November,2,fast,medium,1.002375122423004,30.07125367269012,0.0,0.0,0.0
50,43,November,3,medium,medium,0.7557997298061849,22.673991894185548,0.0,0.0,0.0
50,43,November,34,fast,fast,1.9037130270610447,57.11139081183134,0.0,0.0,0.0
50,43,October,2,fast,medium,1.002375122423004,31.073628795113123,0.0,0.0,0.0
50,43,October,3,fast,medium,0.7557997298061849,23.429791623991733,0.0,0.0,0.0
50,43,October,34,fast,fast,1.9037130270610447,59.01510383889239,0.0,0.0,0.0
50,43,September,2,fast,medium,1.002375122423004,30.07125367269012,0.0,0.0,0.0
50,43,September,3,fast,fast,0.7557997298061849,22.673991894185548,0.0,0.0,0.0
50,43,September,34,fast,fast,1.9037130270610447,57.11139081183134,0.0,0.0,0.0
50,51,April,3,fast,medium,2.5949446983592495,77.84834095077748,0.0,0.0,0.0
50,51,August,3,medium,medium,2.5949446983592495,80.44328564913673,0.0,0.0,0.0
50,51,December,3,fast,medium,2.5949446983592495,80.44328564913673,0.0,0.0,0.0
50,51,February,3,medium,medium,2.5949446983592495,72.65845155405898,0.0,0.0,0.0
50,51,January,3,medium,medium,2.5949446983592495,80.44328564913673,0.0,0.0,0.0
50,51,July,3,medium,medium,2.5949446983592495,80.44328564913673,0.0,0.0,0.0
50,51,June,3,fast,medium,2.5949446983592495,77.84834095077748,0.0,0.0,0.0
50,51,March,3,fast,medium,2.5949446983592495,80.44328564913673,0.0,0.0,0.0
50,51,May,3,fast,medium,2.5949446983592495,80.44328564913673,0.0,0.0,0.0
50,51,November,3,fast,medium,2.5949446983592495,77.84834095077748,0.0,0.0,0.0
50,51,October,3,fast,medium,2.5949446983592495,80.44328564913673,0.0,0.0,0.0
50,51,September,3,fast,medium,2.5949446983592495,77.84834095077748,0.0,0.0,0.0
51,43,April,39,fast,fast,2.074027928666169,62.22083785998507,0.0,0.0,0.0
51,43,August,39,fast,fast,2.074027928666169,64.29486578865124,0.0,0.0,0.0
51,43,December,39,fast,fast,2.074027928666169,64.29486578865124,0.0,0.0,0.0
51,43,February,39,fast,fast,2.074027928666169,58.07278200265273,0.0,0.0,0.0
51,43,January,39,fast,fast,2.074027928666169,64.29486578865124,0.0,0.0,0.0
51,43,July,39,fast,fast,2.074027928666169,64.29486578865124,0.0,0.0,0.0
51,43,June,39,fast,fast,2.074027928666169,62.22083785998507,0.0,0.0,0.0
51,43,March,39,fast,fast,2.074027928666169,64.29486578865124,0.0,0.0,0.0
51,43,May,38,fast,fast,0.4913632483177143,15.232260697849142,0.0,0.0,0.0
51,43,May,39,fast,fast,2.074027928666169,64.29486578865124,0.0,0.0,0.0
51,43,November,39,fast,fast,2.074027928666169,62.22083785998507,0.0,0.0,0.0
51,43,October,39,fast,fast,2.074027928666169,64.29486578865124,0.0,0.0,0.0
51,43,September,39,fast,fast,2.074027928666169,62.22083785998507,0.0,0.0,0.0
52,44,April,23,fast,fast,12.062127433278171,361.86382299834514,0.0,0.0,0.0
52,44,April,32,fast,fast,2.2013496849403715,66.04049054821115,0.0,0.0,0.0
52,44,August,23,fast,fast,18.057448756019852,559.7809114366154,0.0,0.0,0.0
52,44,December,23,fast,fast,12.062127433278171,373.9259504316233,0.0,0.0,0.0
52,44,February,23,fast,fast,15.383996004706741,430.75188813178875,0.0,0.0,0.0
52,44,January,23,fast,fast,12.062127433278171,373.9259504316233,0.0,0.0,0.0
52,44,July,23,fast,fast,12.062127433278171,373.9259504316233,0.0,0.0,0.0
52,44,June,23,fast,fast,12.062127433278171,361.86382299834514,0.0,0.0,0.0
52,44,June,32,fast,fast,1.9917588455588984,59.75276536676695,0.0,0.0,0.0
52,44,March,23,fast,fast,12.062127433278171,373.9259504316233,0.0,0.0,0.0
52,44,May,23,fast,fast,12.062127433278171,373.9259504316233,0.0,0.0,0.0
52,44,November,23,fast,fast,12.062127433278171,361.86382299834514,0.0,0.0,0.0
52,44,October,23,fast,fast,12.062127433278171,373.9259504316233,0.0,0.0,0.0
52,44,September,23,fast,fast,18.057448756019852,541.7234626805955,0.0,0.0,0.0
52,53,April,16,fast,fast,7.234889686478354,217.04669059435062,0.0,0.0,0.0
52,53,April,18,fast,fast,12.66743798829949,380.0231396489847,0.0,0.0,0.0
52,53,April,23,fast,fast,5.995321322741681,179.85963968225042,0.0,0.0,0.0
52,53,December,23,fast,fast,5.995321322741681,185.8549610049921,0.0,0.0,0.0
52,53,February,23,fast,fast,2.6734527513131106,74.8566770367671,0.0,0.0,0.0
52,53,January,23,fast,fast,5.995321322741681,185.8549610049921,0.0,0.0,0.0
52,53,July,23,fast,fast,5.995321322741681,185.8549610049921,0.0,0.0,0.0
52,53,June,23,fast,fast,5.995321322741681,179.85963968225042,0.0,0.0,0.0
52,53,March,23,fast,fast,5.995321322741681,185.8549610049921,0.0,0.0,0.0
52,53,May,23,fast,fast,5.995321322741681,185.8549610049921,0.0,0.0,0.0
52,53,November,23,fast,fast,5.995321322741681,179.85963968225042,0.0,0.0,0.0
52,53,October,23,fast,fast,5.995321322741681,185.8549610049921,0.0,0.0,0.0
53,52,April,27,fast,fast,2.7613727296712263,82.8411818901368,0.0,0.0,0.0
53,52,April,30,fast,fast,12.35894892421845,370.76846772655347,0.0,0.0,0.0
53,52,April,31,fast,fast,1.1617355382262993,34.85206614678898,0.0,0.0,0.0
53,52,August,30,fast,fast,0.1,3.1,0.0,0.0,0.0
53,52,December,30,fast,fast,0.1,3.1,0.0,0.0,0.0
53,52,February,30,fast,fast,0.1,2.8000000000000003,0.0,0.0,0.0
53,52,January,30,fast,fast,0.1,3.1,0.0,0.0,0.0
53,52,July,30,fast,fast,0.1,3.1,0.0,0.0,0.0
53,52,June,27,fast,fast,0.3657688763378957,10.97306629013687,0.0,0.0,0.0
53,52,June,30,fast,fast,13.254146435382726,397.6243930614818,0.0,0.0,0.0
53,52,June,31,fast,fast,5.434069288226297,163.0220786467889,0.0,0.0,0.0
53,52,March,30,fast,fast,0.1,3.1,0.0,0.0,0.0
53,52,May,30,fast,fast,0.1,3.1,0.0,0.0,0.0
53,52,November,30,fast,fast,0.1,3.0,0.0,0.0,0.0
53,52,October,30,fast,fast,0.1,3.1,0.0,0.0,0.0
53,52,September,30,fast,fast,0.1,3.0,0.0,0.0,0.0
54,55,April,30,fast,medium,6.465979113797252,193.97937341391759,0.0,0.0,0.0
54,55,April,31,fast,fast,19.978693179490485,599.3607953847145,0.0,0.0,0.0
54,55,April,32,fast,fast,0.6358719349729789,19.076158049189367,0.0,0.0,0.0
54,55,April,34,fast,fast,8.777874666666666,263.33624,0.0,0.0,0.0
54,55,April,35,fast,fast,1.9632548333333335,58.897645000000004,0.0,0.0,0.0
54,55,April,36,fast,fast,2.0015105297916658,60.04531589374997,0.0,0.0,0.0
54,55,August,32,fast,fast,0.5927436290322579,18.375052499999995,0.0,0.0,0.0
54,55,July,32,fast,fast,0.6290479349729807,19.500485984162403,0.0,0.0,0.0
54,55,July,34,fast,fast,2.660311306279671,82.4696504946698,0.0,0.0,0.0
54,55,July,35,fast,fast,0.22887146262789315,7.095015341464688,0.0,0.0,0.0
54,55,June,30,medium,medium,13.889389310463919,416.6816793139176,0.0,0.0,0.0
54,55,June,31,fast,medium,9.159451083333334,274.78353250000004,0.0,0.0,0.0
54,55,June,31,fast,fast,14.61498084615715,438.4494253847145,0.0,0.0,0.0
54,55,June,32,fast,fast,0.6290479349729807,18.871438049189422,0.0,0.0,0.0
54,55,June,34,fast,fast,10.861076667043427,325.83230001130283,0.0,0.0,0.0
54,55,June,35,fast,fast,7.799462031747282,233.98386095241847,0.0,0.0,0.0
54,55,May,31,fast,fast,14.61498084615715,453.06440623087167,0.0,0.0,0.0
54,55,May,32,fast,fast,0.6290479349729807,19.500485984162403,0.0,0.0,0.0
54,55,May,34,fast,fast,10.478840164711233,324.8440451060482,0.0,0.0,0.0
54,55,May,35,fast,fast,4.246900494885956,131.65391534146465,0.0,0.0,0.0
55,54,April,17,fast,fast,7.130409392686076,213.91228178058228,0.0,0.0,0.0
55,54,April,18,fast,fast,2.379093389459726,71.37280168379178,0.0,0.0,0.0
55,54,April,23,fast,fast,9.658680242270194,289.76040726810584,0.0,0.0,0.0
55,54,August,23,medium,medium,8.28428957560353,256.81297684370946,0.0,0.0,0.0
55,54,December,23,fast,fast,8.28428957560353,256.81297684370946,0.0,0.0,0.0
55,54,February,18,fast,fast,1.3172169074353377,36.882073408189456,0.0,0.0,0.0
55,54,February,23,fast,fast,8.28428957560353,231.96010811689885,0.0,0.0,0.0
55,54,February,28,fast,fast,0.25797306073970017,7.223245700711605,0.0,0.0,0.0
55,54,January,23,medium,medium,8.28428957560353,256.81297684370946,0.0,0.0,0.0
55,54,July,17,fast,fast,1.603632958125333,49.712621701885325,0.0,0.0,0.0
55,54,July,18,fast,fast,0.48438132507657805,15.01582107737392,0.0,0.0,0.0
55,54,July,23,fast,medium,8.28428957560353,256.81297684370946,0.0,0.0,0.0
55,54,June,8,fast,fast,0.10218545931437771,3.0655637794313315,0.0,0.0,0.0
55,54,June,9,fast,fast,2.303023332968774,69.09069998906321,0.0,0.0,0.0
55,54,June,10,fast,fast,2.083302,62.49906000000001,0.0,0.0,0.0
55,54,June,23,fast,fast,8.954687825603536,268.64063476810605,0.0,0.0,0.0
55,54,March,17,fast,fast,1.2613422741991567,39.101610500173855,0.0,0.0,0.0
55,54,March,18,fast,fast,1.3172169074353377,40.83372413049547,0.0,0.0,0.0
55,54,March,23,fast,fast,8.28428957560353,256.81297684370946,0.0,0.0,0.0
55,54,May,23,fast,fast,8.28428957560353,256.81297684370946,0.0,0.0,0.0
55,54,November,23,fast,fast,8.28428957560353,248.5286872681059,0.0,0.0,0.0
55,54,October,23,fast,fast,8.28428957560353,256.81297684370946,0.0,0.0,0.0
55,54,September,17,fast,fast,3.3341785593527433,100.0253567805823,0.0,0.0,0.0
55,54,September,18,fast,fast,1.3172169074353377,39.51650722306013,0.0,0.0,0.0
55,54,September,23,fast,fast,8.28428957560353,248.5286872681059,0.0,0.0,0.0
