from_HexID,to_HexID,Month,TimeIndex,Distance_km,Energy_kWh_day,Energy_kWh_annual,Yarc,Trips,Tail_kWh
1,2,April,17,1.284,0.27029344225709906,8.108803267712972,1.0,0.0,0.27029344225709906
1,2,August,17,1.284,0.27029344225709906,8.37909670997007,1.0,0.0,0.27029344225709906
1,2,December,17,1.284,0.27029344225709906,8.37909670997007,1.0,0.0,0.27029344225709906
1,2,February,17,1.284,0.27029344225709906,7.568216383198774,1.0,0.0,0.27029344225709906
1,2,January,17,1.284,0.27029344225709906,8.37909670997007,1.0,0.0,0.27029344225709906
1,2,July,17,1.284,0.27029344225709906,8.37909670997007,1.0,0.0,0.27029344225709906
1,2,June,17,1.284,0.27029344225709906,8.108803267712972,1.0,0.0,0.27029344225709906
1,2,March,17,1.284,0.27029344225709906,8.37909670997007,1.0,0.0,0.27029344225709906
1,2,May,17,1.284,0.27029344225709906,8.37909670997007,1.0,0.0,0.27029344225709906
1,2,November,17,1.284,0.27029344225709906,8.108803267712972,1.0,0.0,0.27029344225709906
1,2,October,17,1.284,0.27029344225709906,8.37909670997007,1.0,0.0,0.27029344225709906
1,2,September,17,1.284,0.27029344225709906,8.108803267712972,1.0,0.0,0.27029344225709906
1,9,April,17,1.236,3.4113217965985356,102.33965389795607,1.0,0.0,3.4113217965985356
1,9,April,20,1.236,1.858611517145695,55.758345514370845,1.0,0.0,1.858611517145695
1,9,August,17,1.236,3.4113217965985356,105.7509756945546,1.0,0.0,3.4113217965985356
1,9,December,17,1.236,3.4113217965985356,105.7509756945546,1.0,0.0,3.4113217965985356
1,9,February,17,1.236,3.4113217965985356,95.517010304759,1.0,0.0,3.4113217965985356
1,9,January,17,1.236,3.4113217965985356,105.7509756945546,1.0,0.0,3.4113217965985356
1,9,July,17,1.236,3.4113217965985356,105.7509756945546,1.0,0.0,3.4113217965985356
1,9,June,17,1.236,3.4113217965985356,102.33965389795607,1.0,0.0,3.4113217965985356
1,9,June,20,1.236,8.719056085132266,261.571682553968,1.0,0.0,8.719056085132266
1,9,March,17,1.236,3.4113217965985356,105.7509756945546,1.0,0.0,3.4113217965985356
1,9,May,17,1.236,3.4113217965985356,105.7509756945546,1.0,0.0,3.4113217965985356
1,9,May,20,1.236,2.162519749859719,67.03811224565129,1.0,0.0,2.162519749856032
1,9,November,17,1.236,3.4113217965985356,102.33965389795607,1.0,0.0,3.4113217965985356
1,9,October,17,1.236,3.4113217965985356,105.7509756945546,1.0,0.0,3.4113217965985356
1,9,September,17,1.236,3.4113217965985356,102.33965389795607,1.0,0.0,3.4113217965985356
2,9,April,19,1.124,3.347948824440593,100.43846473321778,1.0,0.0,3.347948824440593
2,9,April,20,1.124,8.815846756639095,264.47540269917283,1.0,0.0,8.815846756639095
2,9,April,21,1.124,1.8225303349580493,54.67591004874148,1.0,0.0,1.8225303349580493
2,9,June,19,1.124,3.5857061577739273,107.57118473321782,1.0,0.0,3.5857061577739273
2,9,June,20,1.124,8.815846756639095,264.47540269917283,1.0,0.0,8.815846756639095
2,9,June,21,1.124,6.068241184153243,182.0472355245973,1.0,0.0,6.068241184153243
2,9,May,19,1.124,7.615912059207663,236.09327383543754,1.0,0.0,7.615912059207663
2,9,May,20,1.124,8.815846756639095,273.29124945581196,1.0,0.0,8.815846756639095
2,9,May,21,1.124,6.068241184153243,188.11547670875055,1.0,0.0,6.068241184153243
4,11,April,23,1.2756,0.30868813681624196,9.260644104487259,1.0,0.0,0.30868813681624196
4,11,April,38,1.2756,0.6994932056428098,20.984796169284294,1.0,0.0,0.6994932056428098
4,11,August,38,1.2756,0.6994932056428098,21.684289374927104,1.0,0.0,0.6994932056428098
4,11,December,38,1.2756,0.6994932056428098,21.684289374927104,1.0,0.0,0.6994932056428098
4,11,February,38,1.2756,0.6994932056428098,19.585809757998675,1.0,0.0,0.6994932056428098
4,11,January,38,1.2756,0.6994932056428098,21.684289374927104,1.0,0.0,0.6994932056428098
4,11,July,38,1.2756,0.6994932056428098,21.684289374927104,1.0,0.0,0.6994932056428098
4,11,June,38,1.2756,0.6994932056428098,20.984796169284294,1.0,0.0,0.6994932056428098
4,11,March,38,1.2756,0.6994932056428098,21.684289374927104,1.0,0.0,0.6994932056428098
4,11,May,38,1.2756,0.6994932056428098,21.684289374927104,1.0,0.0,0.6994932056428098
4,11,November,38,1.2756,0.6994932056428098,20.984796169284294,1.0,0.0,0.6994932056428098
4,11,October,38,1.2756,0.6994932056428098,21.684289374927104,1.0,0.0,0.6994932056428098
4,11,September,38,1.2756,0.6994932056428098,20.984796169284294,1.0,0.0,0.6994932056428098
7,8,April,24,1.1712,1.153809322852176,34.61427968556528,1.0,0.0,1.153809322852176
7,8,August,24,1.1712,1.153809322852176,35.768089008417455,1.0,0.0,1.153809322852176
7,8,December,24,1.1712,1.153809322852176,35.768089008417455,1.0,0.0,1.153809322852176
7,8,February,24,1.1712,1.153809322852176,32.30666103986093,1.0,0.0,1.153809322852176
7,8,January,24,1.1712,1.153809322852176,35.768089008417455,1.0,0.0,1.153809322852176
7,8,July,24,1.1712,1.153809322852176,35.768089008417455,1.0,0.0,1.153809322852176
7,8,June,24,1.1712,1.153809322852176,34.61427968556528,1.0,0.0,1.153809322852176
7,8,March,24,1.1712,1.153809322852176,35.768089008417455,1.0,0.0,1.153809322852176
7,8,May,24,1.1712,1.153809322852176,35.768089008417455,1.0,0.0,1.153809322852176
7,8,November,24,1.1712,1.153809322852176,34.61427968556528,1.0,0.0,1.153809322852176
7,8,October,24,1.1712,1.153809322852176,35.768089008417455,1.0,0.0,1.153809322852176
7,8,September,24,1.1712,1.153809322852176,34.61427968556528,1.0,0.0,1.153809322852176
8,1,April,21,1.1788,7.81239373447827,234.37181203434812,1.0,0.0,7.81239373447827
8,1,June,21,1.1788,9.169463984461672,275.0839195338501,1.0,0.0,9.169463984461672
8,1,May,21,1.1788,8.760569597540112,271.5776575237435,1.0,0.0,8.760569597540112
9,1,June,23,1.236,7.668366749038569,230.05100247115706,1.0,0.0,7.668366749038569
9,1,June,29,1.236,1.9194504850372098,57.583514551116295,1.0,0.0,1.9194504850372098
10,2,August,31,1.1508,0.1,3.1,1.0,0.0,0.1
10,2,February,31,1.1508,0.1,2.8000000000000003,1.0,0.0,0.1
10,9,April,34,1.4594,8.033498168525043,241.00494505575128,1.0,0.0,8.033498168525043
10,9,August,34,1.4594,5.620918173901387,174.24846339094302,1.0,0.0,5.620918173901387
10,9,January,34,1.4594,7.158180835303979,221.90360589442335,1.0,0.0,7.158180835303979
10,9,July,34,1.4594,9.455763194440486,293.1286590276551,1.0,0.0,9.455763194440486
10,9,June,34,1.4594,9.455763194440486,283.67289583321457,1.0,0.0,9.455763194440486
10,9,March,34,1.4594,9.455763194440486,293.1286590276551,1.0,0.0,9.455763194440486
10,9,May,20,1.4594,3.0819894799584944,95.54167387871333,1.0,0.0,3.0819894799584944
10,9,May,34,1.4594,9.455763194440486,293.1286590276551,1.0,0.0,9.455763194440486
10,9,November,34,1.4594,9.455763194440486,283.67289583321457,1.0,0.0,9.455763194440486
10,9,September,34,1.4594,0.9127044185250428,27.381132555751286,1.0,0.0,0.9127044184358066
10,11,April,34,1.1045,1.4222650259154364,42.66795077746309,1.0,0.0,1.4222650259154364
10,11,August,34,1.1045,3.834845020539092,118.88019563671185,1.0,0.0,3.834845020539092
10,11,December,34,1.1045,9.455763194440493,293.1286590276553,1.0,0.0,9.455763194440493
10,11,February,34,1.1045,9.455763194440493,264.7613694443338,1.0,0.0,9.455763194440493
10,11,January,34,1.1045,2.2975823591365074,71.22505313323173,1.0,0.0,2.2975823591365074
10,11,October,34,1.1045,9.455763194440486,293.1286590276551,1.0,0.0,9.455763194440486
10,11,September,34,1.1045,8.543058775915448,256.2917632774634,1.0,0.0,8.543058775915448
11,4,April,25,1.2756,5.76707232007724,173.01216960231721,1.0,0.0,5.76707232007724
11,4,April,26,1.2756,0.1,3.0,1.0,0.0,0.1
11,4,April,27,1.2756,23.182711649912605,695.4813494973781,1.0,1.0,3.182711649912605
11,4,April,33,1.2756,11.878964693614122,356.36894080842364,1.0,0.0,11.878964693606571
11,4,August,27,1.2756,2.1478233999125678,66.5825253972896,1.0,0.0,2.1478233999125678
11,4,August,33,1.2756,11.878964693614122,368.2479055020378,1.0,0.0,11.878964693606571
11,4,December,27,1.2756,2.1478233999125695,66.58252539728966,1.0,0.0,2.1478233999125695
11,4,December,33,1.2756,11.878964693614122,368.2479055020378,1.0,0.0,11.878964693606571
11,4,February,27,1.2756,2.1478233999125678,60.1390551975519,1.0,0.0,2.1478233999125678
11,4,February,33,1.2756,11.878964693614122,332.6110114211954,1.0,0.0,11.878964693606571
11,4,January,27,1.2756,2.1478233999125678,66.5825253972896,1.0,0.0,2.1478233999125678
11,4,January,33,1.2756,11.878964693614122,368.2479055020378,1.0,0.0,11.878964693606571
11,4,July,27,1.2756,2.1478233999125678,66.5825253972896,1.0,0.0,2.1478233999125678
11,4,July,33,1.2756,11.878964693614122,368.2479055020378,1.0,0.0,11.878964693606571
11,4,June,17,1.2756,18.12744328966066,543.8232986898198,1.0,0.0,18.12744328966066
11,4,June,18,1.2756,12.248493479604438,367.45480438813314,1.0,0.0,12.248493479604438
11,4,June,19,1.2756,0.4710322176738124,14.130966530214373,1.0,0.0,0.4710322176738124
11,4,June,25,1.2756,1.7408758532022475,52.226275596067424,1.0,0.0,1.7408758532022475
11,4,June,26,1.2756,0.1,3.0,1.0,0.0,0.1
11,4,June,27,1.2756,21.0883606499126,632.650819497378,1.0,1.0,1.0883606499126017
11,4,June,33,1.2756,11.878964693614122,356.36894080842364,1.0,0.0,11.878964693606571
11,4,March,27,1.2756,2.1478233999125678,66.5825253972896,1.0,0.0,2.1478233999125678
11,4,March,33,1.2756,11.878964693614122,368.2479055020378,1.0,0.0,11.878964693606571
11,4,May,15,1.2756,4.356509499206588,135.05179447540422,1.0,0.0,4.356509499206588
11,4,May,16,1.2756,11.767317734431007,364.7868497673612,1.0,0.0,11.767317734431007
11,4,May,17,1.2756,22.08865722514453,684.7483739794804,1.0,1.0,2.0886572251427533
11,4,May,18,1.2756,20.912767382239824,648.2957888494345,1.0,1.0,0.9127673822398243
11,4,May,19,1.2756,16.888003450351235,523.5281069608883,1.0,0.0,16.888003450351235
11,4,May,20,1.2756,6.06601862390788,188.04657734114426,1.0,0.0,6.06601862390788
11,4,May,27,1.2756,2.1478233999125678,66.5825253972896,1.0,0.0,2.1478233999125678
11,4,May,33,1.2756,11.878964693614122,368.2479055020378,1.0,0.0,11.878964693606571
11,4,November,27,1.2756,2.1478233999125678,64.43470199737703,1.0,0.0,2.1478233999125678
11,4,November,33,1.2756,11.878964693614122,356.36894080842364,1.0,0.0,11.878964693606571
11,4,October,27,1.2756,2.1478233999125678,66.5825253972896,1.0,0.0,2.1478233999125678
11,4,October,33,1.2756,11.878964693614122,368.2479055020378,1.0,0.0,11.878964693606571
11,4,September,17,1.2756,1.3118259237373717,39.35477771212115,1.0,0.0,1.3118259237373717
11,4,September,27,1.2756,2.1478233999125678,64.43470199737703,1.0,0.0,2.1478233999125678
11,4,September,33,1.2756,11.878964693614122,356.36894080842364,1.0,0.0,11.878964693606571
11,10,April,21,1.1045,4.5185072195733795,135.5552165872014,1.0,0.0,4.5185072195733795
11,10,April,32,1.1045,11.02209827133599,330.6629481400797,1.0,0.0,11.02209827133599
11,10,April,33,1.1045,12.023109517448049,360.69328552344143,1.0,0.0,12.023109517448049
11,10,August,33,1.1045,12.023109517448049,372.7163950408895,1.0,0.0,12.023109517448049
11,10,December,33,1.1045,12.023109517448049,372.7163950408895,1.0,0.0,12.023109517448049
11,10,February,33,1.1045,12.023109517448049,336.64706648854536,1.0,0.0,12.023109517448049
11,10,January,33,1.1045,12.023109517448049,372.7163950408895,1.0,0.0,12.023109517448049
11,10,July,33,1.1045,12.023109517448049,372.7163950408895,1.0,0.0,12.023109517448049
11,10,June,21,1.1045,4.206648161476849,126.19944484430548,1.0,0.0,4.206648161476849
11,10,June,32,1.1045,34.29879454963009,1028.9638364889026,1.0,1.0,14.298794549630088
11,10,June,33,1.1045,12.023109517448049,360.69328552344143,1.0,0.0,12.023109517448049
11,10,March,33,1.1045,12.023109517448049,372.7163950408895,1.0,0.0,12.023109517448049
11,10,May,32,1.1045,11.02209827133599,341.68504641141567,1.0,0.0,11.02209827133599
11,10,May,33,1.1045,12.023109517448049,372.7163950408895,1.0,0.0,12.023109517448049
11,10,November,33,1.1045,12.023109517448049,360.69328552344143,1.0,0.0,12.023109517448049
11,10,October,33,1.1045,12.023109517448049,372.7163950408895,1.0,0.0,12.023109517448049
11,10,September,33,1.1045,12.023109517448049,360.69328552344143,1.0,0.0,12.023109517448049
12,19,December,23,1.113,1.2469470967741936,38.65536,1.0,0.0,1.2469470967741936
12,19,June,22,1.113,1.680226934827946,50.40680804483838,1.0,0.0,1.680226934827946
12,19,June,23,1.113,1.327588934827947,39.82766804483841,1.0,0.0,1.327588934827947
12,19,March,23,1.113,0.8884842613510351,27.543012101882088,1.0,0.0,0.8884842613510351
12,19,May,22,1.113,0.1,3.1,1.0,0.0,0.1
13,21,April,16,1.0012,1.3379891547825977,40.13967464347793,1.0,0.0,1.3379891547825977
13,21,August,16,1.0012,1.3379891547825977,41.47766379826053,1.0,0.0,1.3379891547825977
13,21,December,16,1.0012,1.3379891547825977,41.47766379826053,1.0,0.0,1.3379891547825977
13,21,February,16,1.0012,1.3379891547825977,37.463696333912736,1.0,0.0,1.3379891547825977
13,21,January,16,1.0012,1.3379891547825977,41.47766379826053,1.0,0.0,1.3379891547825977
13,21,July,16,1.0012,1.3379891547825977,41.47766379826053,1.0,0.0,1.3379891547825977
13,21,June,16,1.0012,1.3379891547825977,40.13967464347793,1.0,0.0,1.3379891547825977
13,21,March,16,1.0012,1.3379891547825977,41.47766379826053,1.0,0.0,1.3379891547825977
13,21,May,16,1.0012,1.3379891547825977,41.47766379826053,1.0,0.0,1.3379891547825977
13,21,November,16,1.0012,1.3379891547825977,40.13967464347793,1.0,0.0,1.3379891547825977
13,21,October,16,1.0012,1.3379891547825977,41.47766379826053,1.0,0.0,1.3379891547825977
13,21,September,16,1.0012,1.3379891547825977,40.13967464347793,1.0,0.0,1.3379891547825977
14,13,April,19,1.1531,8.069140714688768,242.07422144066302,1.0,0.0,8.069140714688768
14,13,April,26,1.1531,2.744034106816649,82.32102320449947,1.0,0.0,2.744034106816649
14,13,April,28,1.1531,12.905228764308674,387.1568629292602,1.0,0.0,12.905228764308674
14,13,April,29,1.1531,16.110160253392262,483.3048076017679,1.0,0.0,16.110160253392262
14,13,April,30,1.1531,8.375273169833068,251.25819509499206,1.0,0.0,8.375273169833068
14,13,April,33,1.1531,8.817237333333335,264.51712000000003,1.0,0.0,8.817237333333335
14,13,April,34,1.1531,8.817237333333333,264.51712,1.0,0.0,8.817237333333333
14,13,April,35,1.1531,23.784007173279633,713.520215198389,1.0,1.0,3.784007173279633
14,13,April,36,1.1531,15.095364459885054,452.86093379655165,1.0,0.0,15.095364459885054
14,13,August,26,1.1531,2.744034106816663,85.06505731131656,1.0,0.0,2.744034106816663
14,13,August,29,1.1531,6.849054877048179,212.32070118849353,1.0,0.0,6.849054877048179
14,13,August,33,1.1531,0.1,3.1,1.0,0.0,0.1
14,13,August,34,1.1531,6.614885680730161,205.061456102635,1.0,0.0,6.614885680730161
14,13,August,35,1.1531,23.784007173279633,737.3042223716686,1.0,1.0,3.784007173279633
14,13,August,36,1.1531,15.095364459885054,467.9562982564367,1.0,0.0,15.095364459885054
14,13,December,35,1.1531,23.784007173279633,737.3042223716686,1.0,1.0,3.784007173279633
14,13,December,36,1.1531,15.095364459885062,467.9562982564369,1.0,0.0,15.095364459885062
14,13,February,35,1.1531,23.784007173279633,665.9522008518297,1.0,1.0,3.784007173279633
14,13,February,36,1.1531,15.095364459885054,422.67020487678155,1.0,0.0,15.095364459885054
14,13,January,35,1.1531,23.784007173279633,737.3042223716686,1.0,1.0,3.784007173279633
14,13,January,36,1.1531,15.095364459885062,467.9562982564369,1.0,0.0,15.095364459885062
14,13,July,19,1.1531,0.5343768437210237,16.565682155351734,1.0,0.0,0.5343768437210237
14,13,July,26,1.1531,2.744034106816649,85.06505731131611,1.0,0.0,2.744034106816649
14,13,July,29,1.1531,9.712931006080435,301.10086118849347,1.0,0.0,9.712931006080435
14,13,July,30,1.1531,1.9780439225212412,61.31936159815848,1.0,0.0,1.9780439225212412
14,13,July,33,1.1531,4.886940635402392,151.49515969747415,1.0,0.0,4.886940635402392
14,13,July,34,1.1531,9.03594322580645,280.11423999999994,1.0,0.0,9.03594322580645
14,13,July,35,1.1531,23.784007173279633,737.3042223716686,1.0,1.0,3.784007173279633
14,13,July,36,1.1531,15.095364459885062,467.9562982564369,1.0,0.0,15.095364459885062
14,13,June,19,1.1531,8.231018048022104,246.93054144066312,1.0,0.0,8.231018048022104
14,13,June,26,1.1531,2.744034106816649,82.32102320449947,1.0,0.0,2.744034106816649
14,13,June,28,1.1531,13.78848176430867,413.6544529292601,1.0,0.0,13.78848176430867
14,13,June,29,1.1531,17.74414692005893,532.3244076017679,1.0,0.0,17.74414692005893
14,13,June,30,1.1531,10.009259836499737,300.27779509499214,1.0,0.0,10.009259836499737
14,13,June,33,1.1531,14.225381333333335,426.76144000000005,1.0,0.0,14.225381333333335
14,13,June,34,1.1531,14.225381333333338,426.76144000000016,1.0,0.0,14.225381333333338
14,13,June,35,1.1531,23.784007173279633,713.520215198389,1.0,1.0,3.784007173279633
14,13,June,36,1.1531,15.095364459882816,452.86093379648446,1.0,0.0,15.095364459882816
14,13,March,33,1.1531,0.18603575489688984,5.7671084018035845,1.0,0.0,0.18603575489688984
14,13,March,35,1.1531,23.78400717327963,737.3042223716685,1.0,1.0,3.7840071732796297
14,13,March,36,1.1531,15.095364459885062,467.9562982564369,1.0,0.0,15.095364459885062
14,13,May,19,1.1531,15.502201359850059,480.5682421553518,1.0,0.0,15.502201359850059
14,13,May,21,1.1531,11.267105938812012,349.2802841031724,1.0,0.0,11.267105938812012
14,13,May,26,1.1531,2.744034106816649,85.06505731131611,1.0,0.0,2.744034106816649
14,13,May,28,1.1531,14.36953377489143,445.45554702163435,1.0,0.0,14.36953377489143
14,13,May,29,1.1531,15.661333586725597,485.5013411884935,1.0,0.0,15.661333586725597
14,13,May,30,1.1531,7.926446503166403,245.7198415981585,1.0,0.0,7.926446503166403
14,13,May,33,1.1531,13.206227096774198,409.39304000000016,1.0,0.0,13.206227096774198
14,13,May,34,1.1531,13.206227096774198,409.39304000000016,1.0,0.0,13.206227096774198
14,13,May,35,1.1531,23.784007173279637,737.3042223716687,1.0,1.0,3.7840071732796368
14,13,May,36,1.1531,15.095364459885062,467.9562982564369,1.0,0.0,15.095364459885062
14,13,May,37,1.1531,1.0246193548387097,31.7632,1.0,0.0,1.0246193548387097
14,13,November,35,1.1531,23.784007173279637,713.5202151983891,1.0,1.0,3.7840071732796368
14,13,November,36,1.1531,15.095364459885062,452.8609337965519,1.0,0.0,15.095364459885062
14,13,October,35,1.1531,23.784007173279633,737.3042223716686,1.0,1.0,3.784007173279633
14,13,October,36,1.1531,15.095364459885054,467.9562982564367,1.0,0.0,15.095364459885054
14,13,September,19,1.1531,5.515460714688775,165.46382144066325,1.0,0.0,5.515460714688775
14,13,September,26,1.1531,2.744034106816649,82.32102320449947,1.0,0.0,2.744034106816649
14,13,September,29,1.1531,6.203536253392265,186.10608760176797,1.0,0.0,6.203536253392265
14,13,September,35,1.1531,23.784007173279633,713.520215198389,1.0,1.0,3.784007173279633
14,13,September,36,1.1531,15.095364459882816,452.86093379648446,1.0,0.0,15.095364459882816
14,21,April,29,1.2286,5.095305618741502,152.85916856224506,1.0,0.0,5.095305618741502
14,21,June,29,1.2286,6.765765202074839,202.97295606224515,1.0,0.0,6.765765202074839
14,21,May,29,1.2286,4.078424785408178,126.43116834765351,1.0,0.0,4.078424785408178
15,7,April,16,1.0885,6.4813634112509195,194.44090233752758,1.0,0.0,6.4813634112509195
15,7,April,17,1.0885,31.50861765740416,945.2585297221248,1.0,1.0,11.508617657404157
15,7,April,18,1.0885,33.0,990.0,1.0,1.0,13.0
15,7,April,19,1.0885,33.0,990.0,1.0,1.0,13.0
15,7,April,20,1.0885,6.64586249999999,199.3758749999997,1.0,0.0,6.64586249999999
15,7,April,26,1.0885,3.9438035437047425,118.31410631114227,1.0,0.0,3.9438035437047425
15,7,April,27,1.0885,8.588375416666654,257.65126249999963,1.0,0.0,8.588375416666654
15,7,April,28,1.0885,8.588375416666654,257.65126249999963,1.0,0.0,8.588375416666654
15,7,April,29,1.0885,10.302087938596523,309.0626381578957,1.0,0.0,10.302087938596523
15,7,April,30,1.0885,5.5652458333333215,166.95737499999964,1.0,0.0,5.5652458333333215
15,7,April,31,1.0885,9.212228333333334,276.36685,1.0,0.0,9.212228333333334
15,7,April,32,1.0885,9.212228333333336,276.36685000000006,1.0,0.0,9.212228333333336
15,7,April,33,1.0885,8.385808105049577,251.5742431514873,1.0,0.0,8.385808105049577
15,7,April,34,1.0885,0.2506939925581815,7.520819776745444,1.0,0.0,0.2506939925581815
15,7,April,35,1.0885,1.0124408333333335,30.373225000000005,1.0,0.0,1.0124408333333335
15,7,April,36,1.0885,1.0124408333333337,30.373225000000012,1.0,0.0,1.0124408333333337
15,7,April,37,1.0885,7.521859583333334,225.6557875,1.0,0.0,7.521859583333334
15,7,April,38,1.0885,5.833158875672046,174.9947662701614,1.0,0.0,5.833158875672046
15,7,August,16,1.0885,6.481363411250921,200.92226574877856,1.0,0.0,6.481363411250921
15,7,August,17,1.0885,31.50861765740416,976.767147379529,1.0,1.0,11.508617657404159
15,7,August,18,1.0885,33.0,1023.0,1.0,1.0,13.0
15,7,August,19,1.0885,33.0,1023.0,1.0,1.0,13.0
15,7,August,20,1.0885,0.9557181451612795,29.627262499999667,1.0,0.0,0.9557181451612795
15,7,August,23,1.0885,4.132427433781061,128.10525044721288,1.0,0.0,4.132427433781061
15,7,August,27,1.0885,9.511501612903224,294.85654999999997,1.0,0.0,9.511501612903224
15,7,August,28,1.0885,9.511501612903224,294.85654999999997,1.0,0.0,9.511501612903224
15,7,August,29,1.0885,0.8106604838709588,25.130474999999723,1.0,0.0,0.8106604838709588
15,7,August,30,1.0885,0.8106604838709579,25.130474999999695,1.0,0.0,0.8106604838709579
15,7,August,31,1.0885,0.1,3.1,1.0,0.0,0.1
15,7,August,32,1.0885,3.1405687181664015,97.35763026315844,1.0,0.0,3.1405687181664015
15,7,August,33,1.0885,8.385808105049577,259.9600512565369,1.0,0.0,8.385808105049577
15,7,August,34,1.0885,1.0395160602167168,32.22499786671822,1.0,0.0,1.0395160602167168
15,7,August,35,1.0885,1.3991326612903228,43.373112500000005,1.0,0.0,1.3991326612903228
15,7,August,36,1.0885,1.3991326612903228,43.373112500000005,1.0,0.0,1.3991326612903228
15,7,December,16,1.0885,6.4813634112509195,200.9222657487785,1.0,0.0,6.4813634112509195
15,7,December,17,1.0885,31.50861765740416,976.767147379529,1.0,1.0,11.508617657404159
15,7,December,18,1.0885,33.0,1023.0,1.0,1.0,13.0
15,7,December,19,1.0885,33.0,1023.0,1.0,1.0,13.0
15,7,December,23,1.0885,4.132427433800416,128.1052504478129,1.0,0.0,4.132427433800416
15,7,December,27,1.0885,7.523338611870294,233.22349696797912,1.0,0.0,7.523338611870294
15,7,December,28,1.0885,7.9964369401620345,247.88954514502308,1.0,0.0,7.9964369401620345
15,7,February,16,1.0885,6.4813634112509195,181.47817551502575,1.0,0.0,6.4813634112509195
15,7,February,17,1.0885,31.50861765740416,882.2412944073164,1.0,1.0,11.508617657404159
15,7,February,18,1.0885,33.0,924.0,1.0,1.0,13.0
15,7,February,19,1.0885,33.0,924.0,1.0,1.0,13.0
15,7,February,23,1.0885,4.132427433781061,115.7079681458697,1.0,0.0,4.132427433781061
15,7,February,27,1.0885,7.523338611870294,210.65348113236823,1.0,0.0,7.523338611870294
15,7,February,28,1.0885,7.9964369401620345,223.90023432453697,1.0,0.0,7.9964369401620345
15,7,February,33,1.0885,6.4229831939084345,179.84352942943616,1.0,0.0,6.4229831939084345
15,7,January,16,1.0885,6.4813634112509195,200.9222657487785,1.0,0.0,6.4813634112509195
15,7,January,17,1.0885,31.50861765740416,976.767147379529,1.0,1.0,11.508617657404159
15,7,January,18,1.0885,33.0,1023.0,1.0,1.0,13.0
15,7,January,19,1.0885,33.0,1023.0,1.0,1.0,13.0
15,7,January,23,1.0885,4.13242743380043,128.10525044781332,1.0,0.0,4.132427433794073
15,7,January,27,1.0885,7.523338611870294,233.22349696797912,1.0,0.0,7.523338611870294
15,7,January,28,1.0885,7.9964369401620345,247.88954514502308,1.0,0.0,7.9964369401620345
15,7,July,16,1.0885,6.4813634112509195,200.9222657487785,1.0,0.0,6.4813634112509195
15,7,July,17,1.0885,31.50861765740416,976.767147379529,1.0,1.0,11.508617657404159
15,7,July,18,1.0885,33.0,1023.0,1.0,1.0,13.0
15,7,July,19,1.0885,33.0,1023.0,1.0,1.0,13.0
15,7,July,20,1.0885,2.7775685483870864,86.10462499999969,1.0,0.0,2.7775685483870864
15,7,July,23,1.0885,0.9771380789617155,30.29128044781318,1.0,0.0,0.9771380789617155
15,7,July,27,1.0885,11.213789112903225,347.6274625,1.0,0.0,11.213789112903225
15,7,July,28,1.0885,11.213789112903225,347.6274625,1.0,0.0,11.213789112903225
15,7,July,33,1.0885,8.385808105049577,259.9600512565369,1.0,0.0,8.385808105049577
15,7,July,35,1.0885,2.3691020161290326,73.44216250000001,1.0,0.0,2.3691020161290326
15,7,July,36,1.0885,2.3691020161290326,73.44216250000001,1.0,0.0,2.3691020161290326
15,7,July,37,1.0885,0.7467951612903226,23.150650000000002,1.0,0.0,0.7467951612903226
15,7,July,38,1.0885,7.592306331193336,235.3614962669934,1.0,0.0,7.592306331193336
15,7,June,16,1.0885,6.4813634112509195,194.44090233752758,1.0,0.0,6.4813634112509195
15,7,June,17,1.0885,31.50861765740416,945.2585297221248,1.0,1.0,11.508617657404159
15,7,June,18,1.0885,33.0,990.0,1.0,1.0,13.0
15,7,June,19,1.0885,33.0,990.0,1.0,1.0,13.0
15,7,June,20,1.0885,6.7289691666666585,201.86907499999975,1.0,0.0,6.7289691666666585
15,7,June,26,1.0885,4.006171877038078,120.18515631114234,1.0,0.0,4.006171877038078
15,7,June,27,1.0885,16.53193041666667,495.9579125,1.0,0.0,16.53193041666667
15,7,June,28,1.0885,16.53193041666667,495.9579125,1.0,0.0,16.53193041666667
15,7,June,29,1.0885,13.904122916666667,417.1236875,1.0,0.0,13.904122916666667
15,7,June,30,1.0885,13.904122916666667,417.1236875,1.0,0.0,13.904122916666667
15,7,June,31,1.0885,10.624138371975631,318.72415115926896,1.0,0.0,10.624138371975631
15,7,June,32,1.0885,11.169672083333333,335.0901625,1.0,0.0,11.169672083333333
15,7,June,33,1.0885,7.795553341166993,233.8666002350098,1.0,0.0,7.795553341166993
15,7,June,35,1.0885,0.1,3.0,1.0,0.0,0.1
15,7,June,36,1.0885,1.9681330223808455,59.04399067142536,1.0,0.0,1.9681330223808455
15,7,June,37,1.0885,0.8100312500000001,24.300937500000003,1.0,0.0,0.8100312500000001
15,7,June,38,1.0885,0.8100312500000001,24.300937500000003,1.0,0.0,0.8100312500000001
15,7,March,15,1.0885,1.1148107827090885,34.55913426398175,1.0,0.0,1.1148107827090885
15,7,March,16,1.0885,6.4813634112509195,200.9222657487785,1.0,0.0,6.4813634112509195
15,7,March,17,1.0885,31.50861765740416,976.767147379529,1.0,1.0,11.508617657404159
15,7,March,18,1.0885,33.0,1023.0,1.0,1.0,13.0
15,7,March,19,1.0885,33.0,1023.0,1.0,1.0,13.0
15,7,March,20,1.0885,0.24937701612902163,7.730687499999671,1.0,0.0,0.24937701612902163
15,7,March,23,1.0885,4.13242743380043,128.10525044781332,1.0,0.0,4.13242743380043
15,7,March,27,1.0885,7.523338611870294,233.22349696797912,1.0,0.0,7.523338611870294
15,7,March,28,1.0885,7.9964369401620345,247.88954514502308,1.0,0.0,7.9964369401620345
15,7,March,33,1.0885,8.385808105049577,259.9600512565369,1.0,0.0,8.385808105049577
15,7,March,34,1.0885,1.099975,34.099225,1.0,0.0,1.099975
15,7,March,37,1.0885,0.1383150096787089,4.287765300039976,1.0,0.0,0.1383150096787089
15,7,March,38,1.0885,0.1,3.1,1.0,0.0,0.1
15,7,May,15,1.0885,7.530391831096184,233.4421467639817,1.0,0.0,7.530391831096184
15,7,May,16,1.0885,6.4813634112509195,200.9222657487785,1.0,0.0,6.4813634112509195
15,7,May,17,1.0885,31.50861765740416,976.767147379529,1.0,1.0,11.508617657404159
15,7,May,18,1.0885,33.0,1023.0,1.0,1.0,13.0
15,7,May,19,1.0885,33.0,1023.0,1.0,1.0,13.0
15,7,May,20,1.0885,10.461942741935474,324.3202249999997,1.0,0.0,10.461942741935474
15,7,May,25,1.0885,2.5611069520906327,79.39431551480962,1.0,0.0,2.5611069520906327
15,7,May,26,1.0885,6.740408785640231,208.95267235484715,1.0,0.0,6.740408785640231
15,7,May,27,1.0885,11.298317338709662,350.24783749999955,1.0,0.0,11.298317338709662
15,7,May,28,1.0885,16.035159443972866,497.08994276315883,1.0,0.0,16.035159443972866
15,7,May,29,1.0885,8.216317338709667,254.70583749999966,1.0,0.0,8.216317338709667
15,7,May,30,1.0885,8.216317338709667,254.70583749999966,1.0,0.0,8.216317338709667
15,7,May,31,1.0885,11.36664637096774,352.36603749999995,1.0,0.0,11.36664637096774
15,7,May,32,1.0885,11.36664637096774,352.36603749999995,1.0,0.0,11.36664637096774
15,7,May,33,1.0885,8.385808105049577,259.9600512565369,1.0,0.0,8.385808105049577
15,7,May,34,1.0885,5.000674690365943,155.02091540134424,1.0,0.0,5.000674690365943
15,7,May,35,1.0885,5.717078512443339,177.2294338857435,1.0,0.0,5.717078512443339
15,7,May,36,1.0885,2.2048931451612903,68.3516875,1.0,0.0,2.2048931451612903
15,7,May,37,1.0885,8.026032258064516,248.80700000000002,1.0,0.0,8.026032258064516
15,7,May,38,1.0885,8.026032258064516,248.80700000000002,1.0,0.0,8.026032258064516
15,7,November,16,1.0885,6.4813634112509195,194.44090233752758,1.0,0.0,6.4813634112509195
15,7,November,17,1.0885,31.50861765740416,945.2585297221248,1.0,1.0,11.508617657404159
15,7,November,18,1.0885,33.0,990.0,1.0,1.0,13.0
15,7,November,19,1.0885,33.0,990.0,1.0,1.0,13.0
15,7,November,23,1.0885,4.132427433781075,123.97282301343225,1.0,0.0,4.132427433781075
15,7,November,27,1.0885,7.523338611870294,225.70015835610883,1.0,0.0,7.523338611870294
15,7,November,28,1.0885,7.9964369401620345,239.89310820486105,1.0,0.0,7.9964369401620345
15,7,October,16,1.0885,6.4813634112509195,200.9222657487785,1.0,0.0,6.4813634112509195
15,7,October,17,1.0885,31.50861765740416,976.767147379529,1.0,1.0,11.508617657404159
15,7,October,18,1.0885,33.0,1023.0,1.0,1.0,13.0
15,7,October,19,1.0885,33.0,1023.0,1.0,1.0,13.0
15,7,October,23,1.0885,4.13242743379665,128.10525044769616,1.0,0.0,4.13242743379665
15,7,October,27,1.0885,7.523338611870294,233.22349696797912,1.0,0.0,7.523338611870294
15,7,October,28,1.0885,7.9964369401620345,247.88954514502308,1.0,0.0,7.9964369401620345
15,7,September,15,1.0885,1.411910809590808,42.35732428772424,1.0,0.0,1.411910809590808
15,7,September,16,1.0885,6.4813634112509195,194.44090233752758,1.0,0.0,6.4813634112509195
15,7,September,17,1.0885,31.50861765740416,945.2585297221248,1.0,1.0,11.508617657404159
15,7,September,18,1.0885,33.0,990.0,1.0,1.0,13.0
15,7,September,19,1.0885,33.0,990.0,1.0,1.0,13.0
15,7,September,23,1.0885,4.132427433800416,123.97282301401248,1.0,0.0,4.132427433800416
15,7,September,27,1.0885,9.272239166666667,278.167175,1.0,0.0,9.272239166666667
15,7,September,28,1.0885,9.272239166666667,278.167175,1.0,0.0,9.272239166666667
15,7,September,29,1.0885,0.47925583333332167,14.37767499999965,1.0,0.0,0.47925583333332167
15,7,September,30,1.0885,0.47925583333332167,14.37767499999965,1.0,0.0,0.47925583333332167
15,7,September,33,1.0885,3.895724532022868,116.87173596068604,1.0,0.0,3.895724532022868
15,8,April,16,1.082,13.976217278848983,419.2865183654695,1.0,0.0,13.976217278848983
15,8,April,22,1.082,10.352883555754575,310.58650667263726,1.0,0.0,10.352883555754575
15,8,April,23,1.082,17.098212489496266,512.9463746848879,1.0,0.0,17.09821248933073
15,8,April,24,1.082,27.378877541139445,821.3663262341834,1.0,1.0,7.378877541139445
15,8,April,25,1.082,25.0,750.0,1.0,1.0,5.0
15,8,April,26,1.082,25.0,750.0,1.0,1.0,5.0
15,8,April,27,1.082,23.934963195203643,718.0488958561093,1.0,1.0,3.9349631952036095
15,8,April,28,1.082,24.408061523495384,732.2418457048615,1.0,1.0,4.408061523495385
15,8,April,29,1.082,19.75851898305533,592.7555694916598,1.0,0.0,19.75851898305533
15,8,April,30,1.082,17.83633916666666,535.0901749999998,1.0,0.0,17.83633916666666
15,8,April,31,1.082,9.057599259040703,271.7279777712211,1.0,0.0,9.057599259040703
15,8,April,32,1.082,1.061684597215919,31.85053791647757,1.0,0.0,1.061684597215919
15,8,April,34,1.082,3.8820498798607916,116.46149639582374,1.0,0.0,3.8820498798607916
15,8,April,35,1.082,1.5758861666666668,47.276585000000004,1.0,0.0,1.5758861666666668
15,8,April,36,1.082,1.5758861666666673,47.27658500000002,1.0,0.0,1.5758861666666673
15,8,April,37,1.082,0.5914872571852373,17.74461771555712,1.0,0.0,0.5914872571852373
15,8,April,38,1.082,2.5340249166666666,76.0207475,1.0,0.0,2.5340249166666666
15,8,August,16,1.082,13.976217278848981,433.2627356443184,1.0,0.0,13.976217278848981
15,8,August,23,1.082,17.661586407123185,547.5091786208187,1.0,0.0,17.661586407123185
15,8,August,24,1.082,23.84619067714783,739.2319109915827,1.0,1.0,3.8461906771444516
15,8,August,25,1.082,12.06511451614304,374.0185500004343,1.0,0.0,12.06511451614304
15,8,August,26,1.082,12.065114516129025,374.0185499999998,1.0,0.0,12.065114516129025
15,8,August,27,1.082,23.011836998967077,713.3669469679794,1.0,1.0,3.011836998967077
15,8,August,28,1.082,23.484935327258817,728.0329951450234,1.0,1.0,3.4849353272587664
15,8,August,29,1.082,10.435723709685178,323.5074350002405,1.0,0.0,10.435723709685178
15,8,August,30,1.082,10.435723709684668,323.5074350002247,1.0,0.0,10.435723709684668
15,8,August,31,1.082,2.7279876085030654,84.56761586359502,1.0,0.0,2.7279876085030654
15,8,August,34,1.082,2.5694303691081046,79.65234144235124,1.0,0.0,2.5694303691081046
15,8,August,35,1.082,0.1,3.1,1.0,0.0,0.1
15,8,August,36,1.082,0.6630242279510463,20.553751066482437,1.0,0.0,0.6630242279510463
15,8,December,16,1.082,13.976217278848983,433.26273564431847,1.0,0.0,13.976217278848983
15,8,December,23,1.082,17.661586407103833,547.5091786202188,1.0,0.0,17.661586407103833
15,8,December,24,1.082,23.84619067714783,739.2319109915827,1.0,1.0,3.846190677147831
15,8,December,25,1.082,0.742844838709674,23.028189999999896,1.0,0.0,0.742844838709674
15,8,December,26,1.082,10.17217941954739,315.3375620059691,1.0,0.0,10.17217941954739
15,8,December,27,1.082,25.0,775.0,1.0,1.0,5.0
15,8,December,28,1.082,25.0,775.0,1.0,1.0,5.0
15,8,December,33,1.082,8.385808105049577,259.9600512565369,1.0,0.0,8.385808105049577
15,8,February,16,1.082,13.976217278848983,391.33408380777155,1.0,0.0,13.976217278848983
15,8,February,23,1.082,17.661586407123185,494.5244193994492,1.0,0.0,17.661586407123185
15,8,February,24,1.082,23.84619067714783,667.6933389601393,1.0,1.0,3.846190677147831
15,8,February,25,1.082,7.800347232156868,218.40972250039232,1.0,0.0,7.800347232156868
15,8,February,26,1.082,10.17217941954739,284.82102374732693,1.0,0.0,10.17217941954739
15,8,February,27,1.082,25.0,700.0,1.0,1.0,5.0
15,8,February,28,1.082,25.0,700.0,1.0,1.0,5.0
15,8,February,29,1.082,6.4367508035714245,180.22902249999987,1.0,0.0,6.4367508035714245
15,8,February,30,1.082,6.4367508035714245,180.22902249999987,1.0,0.0,6.4367508035714245
15,8,February,33,1.082,1.9628249111411424,54.95909751195199,1.0,0.0,1.9628249111411424
15,8,January,16,1.082,13.976217278848983,433.26273564431847,1.0,0.0,13.976217278848983
15,8,January,23,1.082,17.661586407103833,547.5091786202188,1.0,0.0,17.661586407103833
15,8,January,24,1.082,23.84619067714783,739.2319109915827,1.0,1.0,3.846190677147831
15,8,January,25,1.082,3.555281290336593,110.21372000043438,1.0,0.0,3.555281290336593
15,8,January,26,1.082,10.17217941954739,315.3375620059691,1.0,0.0,10.17217941954739
15,8,January,27,1.082,25.0,775.0,1.0,1.0,5.0
15,8,January,28,1.082,25.0,775.0,1.0,1.0,5.0
15,8,January,33,1.082,8.385808105049577,259.9600512565369,1.0,0.0,8.385808105049577
15,8,July,16,1.082,13.976217278848983,433.26273564431847,1.0,0.0,13.976217278848983
15,8,July,22,1.082,0.6458200288728495,20.020420895058336,1.0,0.0,0.6458200288728495
15,8,July,23,1.082,17.661586407103833,547.5091786202188,1.0,0.0,17.661586407103833
15,8,July,24,1.082,23.84619067714783,739.2319109915827,1.0,1.0,3.846190677147831
15,8,July,25,1.082,15.704328870982664,486.8341950004626,1.0,0.0,15.704328870982664
15,8,July,26,1.082,15.704328870967739,486.8341949999999,1.0,0.0,15.704328870967739
15,8,July,27,1.082,21.309549498967076,660.5960344679794,1.0,1.0,1.3095494989670777
15,8,July,28,1.082,21.782647827258817,675.2620826450233,1.0,1.0,1.7826478272588184
15,8,July,29,1.082,12.724267580652917,394.45229500024044,1.0,0.0,12.724267580652917
15,8,July,30,1.082,12.724267580645156,394.4522949999998,1.0,0.0,12.724267580645156
15,8,July,31,1.082,3.658614382696612,113.41704586359498,1.0,0.0,3.658614382696612
15,8,July,34,1.082,4.056819320721006,125.76139894235119,1.0,0.0,4.056819320721006
15,8,July,35,1.082,1.1875587903225773,36.814322499999896,1.0,0.0,1.1875587903225773
15,8,July,36,1.082,2.960633273283076,91.77963147177535,1.0,0.0,2.960633273283076
15,8,July,37,1.082,1.9706116181395328,61.08896016232551,1.0,0.0,1.9706116181395328
15,8,July,38,1.082,1.1624029032258065,36.034490000000005,1.0,0.0,1.1624029032258065
15,8,June,16,1.082,13.976217278848983,419.2865183654695,1.0,0.0,13.976217278848983
15,8,June,22,1.082,10.575136722421247,317.25410167263743,1.0,0.0,10.575136722421247
15,8,June,23,1.082,17.661586407103833,529.847592213115,1.0,0.0,17.661586407103833
15,8,June,24,1.082,26.425488707806124,792.7646612341837,1.0,1.0,6.4254887078061245
15,8,June,25,1.082,25.0,750.0,1.0,1.0,5.0
15,8,June,26,1.082,25.0,750.0,1.0,1.0,5.0
15,8,June,27,1.082,25.0,750.0,1.0,1.0,5.0
15,8,June,28,1.082,25.0,750.0,1.0,1.0,5.0
15,8,June,29,1.082,21.642069583333335,649.2620875,1.0,1.0,1.6420695833333347
15,8,June,30,1.082,22.090746966892684,662.7224090067805,1.0,1.0,2.0907469668926844
15,8,June,31,1.082,12.104403009040704,363.1320902712211,1.0,0.0,12.104403009040704
15,8,June,32,1.082,4.1084883472159195,123.25465041647759,1.0,0.0,4.1084883472159195
15,8,June,33,1.082,0.5902547638825855,17.707642916477564,1.0,0.0,0.5902547638825855
15,8,June,34,1.082,10.703736379860796,321.1120913958239,1.0,0.0,10.703736379860796
15,8,June,35,1.082,4.580997833333333,137.429935,1.0,0.0,4.580997833333333
15,8,June,36,1.082,4.580997833333333,137.429935,1.0,0.0,4.580997833333333
15,8,June,37,1.082,1.26083125,37.824937500000004,1.0,0.0,1.26083125
15,8,June,38,1.082,1.26083125,37.824937500000004,1.0,0.0,1.26083125
15,8,March,16,1.082,13.976217278848983,433.26273564431847,1.0,0.0,13.976217278848983
15,8,March,23,1.082,17.66158640710383,547.5091786202187,1.0,0.0,17.66158640710383
15,8,March,24,1.082,23.84619067714783,739.2319109915827,1.0,1.0,3.846190677147831
15,8,March,25,1.082,11.430227500014013,354.3370525004344,1.0,0.0,11.430227500014013
15,8,March,26,1.082,11.430227500018807,354.337052500583,1.0,0.0,11.430227500018807
15,8,March,27,1.082,25.0,775.0,1.0,1.0,5.0
15,8,March,28,1.082,25.0,775.0,1.0,1.0,5.0
15,8,March,29,1.082,7.199129435483865,223.17301249999983,1.0,0.0,7.199129435483865
15,8,March,30,1.082,7.199129435483865,223.17301249999983,1.0,0.0,7.199129435483865
15,8,March,31,1.082,1.8880641407611334,58.52998836359514,1.0,0.0,1.8880641407611334
15,8,March,34,1.082,1.0482675465274625,32.496293942351336,1.0,0.0,1.0482675465274625
15,8,March,37,1.082,0.11988076491935518,3.7163037125000105,1.0,0.0,0.11988076491935518
15,8,March,38,1.082,2.5,77.5,1.0,0.0,2.5
15,8,May,16,1.082,13.976217278848983,433.26273564431847,1.0,0.0,13.976217278848983
15,8,May,22,1.082,16.067093819195435,498.0799083950585,1.0,0.0,16.067093819195435
15,8,May,23,1.082,17.66158640710383,547.5091786202187,1.0,0.0,17.66158640710383
15,8,May,24,1.082,23.84619067714783,739.2319109915827,1.0,1.0,3.846190677147831
15,8,May,25,1.082,25.0,775.0,1.0,1.0,5.0
15,8,May,26,1.082,25.0,775.0,1.0,1.0,5.0
15,8,May,27,1.082,25.0,775.0,1.0,1.0,5.0
15,8,May,28,1.082,25.0,775.0,1.0,1.0,5.0
15,8,May,29,1.082,24.462789596774194,758.3464775,1.0,1.0,4.4627895967741935
15,8,May,30,1.082,24.462789596774194,758.3464775,1.0,1.0,4.4627895967741935
15,8,May,31,1.082,12.410997769793388,384.74093086359505,1.0,0.0,12.410997769793388
15,8,May,32,1.082,4.415083107968604,136.86757634702673,1.0,0.0,4.415083107968604
15,8,May,34,1.082,7.389322949753266,229.06901144235124,1.0,0.0,7.389322949753266
15,8,May,35,1.082,3.4319641129032257,106.39088749999999,1.0,0.0,3.4319641129032257
15,8,May,36,1.082,5.78821411290323,179.43463750000012,1.0,0.0,5.78821411290323
15,8,May,37,1.082,3.3187806451612905,102.8822,1.0,0.0,3.3187806451612905
15,8,May,38,1.082,3.3187806451612905,102.8822,1.0,0.0,3.3187806451612905
15,8,November,16,1.082,13.976217278848983,419.2865183654695,1.0,0.0,13.976217278848983
15,8,November,23,1.082,17.661586407123185,529.8475922136955,1.0,0.0,17.661586407123185
15,8,November,24,1.082,23.84619067714783,715.3857203144349,1.0,1.0,3.846190677147831
15,8,November,25,1.082,3.603422666680679,108.10268000042036,1.0,0.0,3.603422666680679
15,8,November,26,1.082,10.17217941954739,305.16538258642174,1.0,0.0,10.17217941954739
15,8,November,27,1.082,25.0,750.0,1.0,1.0,5.0
15,8,November,28,1.082,25.0,750.0,1.0,1.0,5.0
15,8,November,33,1.082,8.385808105049577,251.5742431514873,1.0,0.0,8.385808105049577
15,8,October,16,1.082,13.976217278848983,433.26273564431847,1.0,0.0,13.976217278848983
15,8,October,23,1.082,17.661586407107595,547.5091786203354,1.0,0.0,17.661586407107595
15,8,October,24,1.082,23.84619067714783,739.2319109915827,1.0,1.0,3.846190677147831
15,8,October,25,1.082,6.726251854838704,208.51380749999984,1.0,0.0,6.726251854838704
15,8,October,26,1.082,10.17217941954739,315.3375620059691,1.0,0.0,10.17217941954739
15,8,October,27,1.082,25.0,775.0,1.0,1.0,5.0
15,8,October,28,1.082,25.0,775.0,1.0,1.0,5.0
15,8,October,29,1.082,2.9184743548387058,90.47270499999988,1.0,0.0,2.9184743548387058
15,8,October,30,1.082,2.9184743548461842,90.47270500023171,1.0,0.0,2.9184743548461842
15,8,October,33,1.082,8.385808105049577,259.9600512565369,1.0,0.0,8.385808105049577
15,8,September,16,1.082,13.976217278848983,419.2865183654695,1.0,0.0,13.976217278848983
15,8,September,23,1.082,17.661586407103833,529.847592213115,1.0,0.0,17.661586407103833
15,8,September,24,1.082,23.84619067714783,715.3857203144349,1.0,1.0,3.846190677147831
15,8,September,25,1.082,15.615903833347346,468.4771150004204,1.0,0.0,15.615903833347346
15,8,September,26,1.082,15.61590383335214,468.4771150005642,1.0,0.0,15.61590383335214
15,8,September,27,1.082,23.251099445203636,697.5329833561091,1.0,1.0,3.2510994452036353
15,8,September,28,1.082,23.724197773495376,711.7259332048613,1.0,1.0,3.7241977734951113
15,8,September,29,1.082,9.919885166666662,297.59655499999985,1.0,0.0,9.919885166666662
15,8,September,30,1.082,9.919885166666662,297.59655499999985,1.0,0.0,9.919885166666662
15,8,September,33,1.082,4.490083573026709,134.70250719080127,1.0,0.0,4.490083573026709
15,22,April,18,1.3667,32.10362366722494,963.1087100167481,1.0,1.0,12.103623667224934
15,22,April,19,1.3667,2.4217736513851236,72.65320954155371,1.0,0.0,2.4217736513851236
15,22,April,22,1.3667,2.451018914426051,73.53056743278152,1.0,0.0,2.451018914426051
15,22,April,23,1.3667,32.71146241645236,981.3438724935709,1.0,1.0,12.711462416451319
15,22,April,24,1.3667,14.497183780783878,434.91551342351636,1.0,0.0,14.497183780783878
15,22,April,25,1.3667,14.87195707483448,446.1587122450344,1.0,0.0,14.87195707483448
15,22,August,18,1.3667,32.10362366722492,995.2123336839726,1.0,1.0,12.10362366722492
15,22,August,19,1.3667,2.4217736513851236,75.07498319293883,1.0,0.0,2.4217736513851236
15,22,August,23,1.3667,15.350771749785704,475.87392424335684,1.0,0.0,15.350771749785704
15,22,December,18,1.3667,32.10362366722494,995.212333683973,1.0,1.0,12.103623667224934
15,22,December,19,1.3667,2.4217736513851236,75.07498319293883,1.0,0.0,2.4217736513851236
15,22,December,23,1.3667,15.350771749785704,475.87392424335684,1.0,0.0,15.350771749785704
15,22,February,18,1.3667,32.10362366722538,898.9014626823106,1.0,1.0,12.103623667225378
15,22,February,19,1.3667,2.4217736513851236,67.80966223878346,1.0,0.0,2.4217736513851236
15,22,February,23,1.3667,15.350771749785704,429.8216089939997,1.0,0.0,15.350771749785704
15,22,January,18,1.3667,32.10362366722494,995.212333683973,1.0,1.0,12.103623667224934
15,22,January,19,1.3667,2.4217736513851236,75.07498319293883,1.0,0.0,2.4217736513851236
15,22,January,23,1.3667,15.350771749785691,475.87392424335644,1.0,0.0,15.350771749785691
15,22,July,18,1.3667,32.10362366722492,995.2123336839726,1.0,1.0,12.10362366722492
15,22,July,19,1.3667,2.4217736513851236,75.07498319293883,1.0,0.0,2.4217736513851236
15,22,July,23,1.3667,18.506061104624404,573.6878942433565,1.0,0.0,18.506061104624404
15,22,June,11,1.3667,1.3437804999999958,40.31341499999988,1.0,0.0,1.3437804999999958
15,22,June,18,1.3667,32.10362366722492,963.1087100167476,1.0,1.0,12.10362366722492
15,22,June,19,1.3667,2.4217736513851236,72.65320954155371,1.0,0.0,2.421773651380492
15,22,June,22,1.3667,4.84771608109272,145.4314824327816,1.0,0.0,4.84771608109272
15,22,June,23,1.3667,33.664851249785684,1009.9455374935706,1.0,1.0,13.664851249784657
15,22,June,24,1.3667,15.450572614117206,463.51717842351616,1.0,0.0,15.450572614117206
15,22,June,25,1.3667,15.035741741501152,451.0722522450346,1.0,0.0,15.035741741501152
15,22,March,18,1.3667,32.10362366722492,995.2123336839726,1.0,1.0,12.10362366722492
15,22,March,19,1.3667,2.4217736513851236,75.07498319293883,1.0,0.0,2.4217736513851236
15,22,March,23,1.3667,15.350771749785691,475.87392424335644,1.0,0.0,15.350771749785691
15,22,May,18,1.3667,32.10362366722492,995.2123336839726,1.0,1.0,12.10362366722492
15,22,May,19,1.3667,2.4217736513851236,75.07498319293883,1.0,0.0,2.421773651380492
15,22,May,22,1.3667,13.67070091725573,423.7917284349276,1.0,0.0,13.67070091725573
15,22,May,23,1.3667,19.48319918358612,603.9791746911698,1.0,0.0,19.48319918358612
15,22,May,24,1.3667,18.0298706447755,558.9259899880404,1.0,0.0,18.0298706447755
15,22,November,18,1.3667,32.10362366722494,963.1087100167481,1.0,1.0,12.103623667224934
15,22,November,19,1.3667,2.4217736513851236,72.65320954155371,1.0,0.0,2.4217736513851236
15,22,November,23,1.3667,15.350771749785691,460.52315249357076,1.0,0.0,15.350771749785691
15,22,October,18,1.3667,32.10362366722492,995.2123336839726,1.0,1.0,12.10362366722492
15,22,October,19,1.3667,2.4217736513851236,75.07498319293883,1.0,0.0,2.421773651380492
15,22,October,23,1.3667,15.350771749785704,475.87392424335684,1.0,0.0,15.350771749785704
15,22,September,18,1.3667,32.10362366722494,963.1087100167481,1.0,1.0,12.103623667224934
15,22,September,19,1.3667,2.4217736513851236,72.65320954155371,1.0,0.0,2.4217736513851236
15,22,September,23,1.3667,15.350771749785704,460.5231524935711,1.0,0.0,15.350771749785704
15,23,April,17,1.2323,33.35543024852548,1000.6629074557644,1.0,1.0,13.35543024852306
15,23,April,18,1.2323,22.06399785036829,661.9199355110486,1.0,1.0,2.0639978503682883
15,23,August,17,1.2323,33.35543024852548,1034.01833770429,1.0,1.0,13.355430248523032
15,23,August,18,1.2323,22.06399785036829,683.9839333614169,1.0,1.0,2.0639978503682883
15,23,August,24,1.2323,18.0298706447755,558.9259899880404,1.0,0.0,18.0298706447755
15,23,December,17,1.2323,33.35543024852548,1034.01833770429,1.0,1.0,13.355430248523032
15,23,December,18,1.2323,22.06399785036829,683.9839333614169,1.0,1.0,2.0639978503682883
15,23,December,24,1.2323,18.0298706447755,558.9259899880404,1.0,0.0,18.0298706447755
15,23,February,17,1.2323,33.35543024852548,933.9520469587135,1.0,1.0,13.355430248523032
15,23,February,18,1.2323,22.06399785036828,617.7919398103119,1.0,1.0,2.0639978503682594
15,23,February,24,1.2323,18.0298706447755,504.836378053714,1.0,0.0,18.0298706447755
15,23,January,17,1.2323,33.35543024852548,1034.01833770429,1.0,1.0,13.35543024852306
15,23,January,18,1.2323,22.06399785036829,683.9839333614169,1.0,1.0,2.0639978503682883
15,23,January,24,1.2323,18.0298706447755,558.9259899880404,1.0,0.0,18.0298706447755
15,23,July,17,1.2323,33.35543024852548,1034.01833770429,1.0,1.0,13.355430248523032
15,23,July,18,1.2323,22.06399785036829,683.9839333614169,1.0,1.0,2.0639978503682883
15,23,July,24,1.2323,18.0298706447755,558.9259899880404,1.0,0.0,18.0298706447755
15,23,June,9,1.2323,0.6253052399049881,18.759157197149644,1.0,0.0,0.6253052399049881
15,23,June,10,1.2323,1.736085,52.082550000000005,1.0,0.0,1.736085
15,23,June,11,1.2323,1.3732274514472596,41.196823543417786,1.0,0.0,1.3732274514472596
15,23,June,17,1.2323,33.35543024852548,1000.6629074557644,1.0,1.0,13.35543024852548
15,23,June,18,1.2323,22.06399785036829,661.9199355110486,1.0,1.0,2.0639978503682883
15,23,March,17,1.2323,33.35543024852548,1034.01833770429,1.0,1.0,13.35543024852306
15,23,March,18,1.2323,22.06399785036829,683.9839333614169,1.0,1.0,2.0639978503682883
15,23,March,24,1.2323,18.0298706447755,558.9259899880404,1.0,0.0,18.0298706447755
15,23,May,17,1.2323,33.35543024852548,1034.01833770429,1.0,1.0,13.35543024852306
15,23,May,18,1.2323,22.06399785036829,683.9839333614169,1.0,1.0,2.0639978503682883
15,23,November,17,1.2323,33.35543024852548,1000.6629074557644,1.0,1.0,13.355430248523032
15,23,November,18,1.2323,22.06399785036829,661.9199355110486,1.0,1.0,2.0639978503682883
15,23,November,24,1.2323,18.0298706447755,540.896119343265,1.0,0.0,18.0298706447755
15,23,October,17,1.2323,33.35543024852548,1034.01833770429,1.0,1.0,13.35543024852306
15,23,October,18,1.2323,22.06399785036829,683.9839333614169,1.0,1.0,2.063997850368288
15,23,October,24,1.2323,18.0298706447755,558.9259899880404,1.0,0.0,18.0298706447755
15,23,September,17,1.2323,33.35543024852548,1000.6629074557644,1.0,1.0,13.35543024852548
15,23,September,18,1.2323,22.06399785036829,661.9199355110486,1.0,1.0,2.0639978503682883
15,23,September,24,1.2323,18.0298706447755,540.896119343265,1.0,0.0,18.0298706447755
16,24,April,17,1.041,13.503823654091178,405.11470962273535,1.0,0.0,13.503823654091178
16,24,August,17,1.041,13.503823654091178,418.6185332768265,1.0,0.0,13.503823654091178
16,24,December,17,1.041,13.503823654091178,418.6185332768265,1.0,0.0,13.503823654091178
16,24,February,17,1.041,13.503823654091178,378.107062314553,1.0,0.0,13.503823654091178
16,24,January,17,1.041,13.503823654091178,418.6185332768265,1.0,0.0,13.503823654091178
16,24,July,17,1.041,13.503823654091178,418.6185332768265,1.0,0.0,13.503823654091178
16,24,June,17,1.041,13.503823654091178,405.11470962273535,1.0,0.0,13.503823654091178
16,24,March,17,1.041,13.503823654091178,418.6185332768265,1.0,0.0,13.503823654091178
16,24,May,17,1.041,13.503823654091178,418.6185332768265,1.0,0.0,13.503823654091178
16,24,November,17,1.041,13.503823654091178,405.11470962273535,1.0,0.0,13.503823654091178
16,24,October,17,1.041,13.503823654091178,418.6185332768265,1.0,0.0,13.503823654091178
16,24,September,17,1.041,13.503823654091178,405.11470962273535,1.0,0.0,13.503823654091178
17,9,April,26,1.3851,14.434377176937566,433.031315308127,1.0,0.0,14.43437717670439
17,9,April,27,1.3851,8.03915063039151,241.17451891174534,1.0,0.0,8.03915063039151
17,9,April,28,1.3851,4.690420966346938,140.71262899040815,1.0,0.0,4.690420966346938
17,9,August,28,1.3851,4.690420966346938,145.40304995675507,1.0,0.0,4.690420966346938
17,9,December,28,1.3851,4.690420966346938,145.40304995675507,1.0,0.0,4.690420966346938
17,9,February,28,1.3851,4.690420966346938,131.33178705771428,1.0,0.0,4.690420966346938
17,9,January,28,1.3851,4.690420966346938,145.40304995675507,1.0,0.0,4.690420966346938
17,9,June,26,1.3851,14.434377176937566,433.031315308127,1.0,0.0,14.434377176871523
17,9,June,27,1.3851,8.03915063039151,241.17451891174534,1.0,0.0,8.03915063039151
17,9,June,28,1.3851,4.690420966346938,140.71262899040815,1.0,0.0,4.690420966346938
17,9,March,28,1.3851,4.690420966346938,145.40304995675507,1.0,0.0,4.690420966346938
17,9,May,19,1.3851,6.6493445878135695,206.12968222222065,1.0,0.0,6.6493445878135695
17,9,May,20,1.3851,4.163389551785478,129.06507610534982,1.0,0.0,4.163389551785478
17,9,May,28,1.3851,4.690420966346938,145.40304995675507,1.0,0.0,4.690420966346938
17,9,November,28,1.3851,4.690420966346938,140.71262899040815,1.0,0.0,4.690420966346938
17,9,October,28,1.3851,4.690420966346938,145.40304995675507,1.0,0.0,4.690420966346938
17,9,September,28,1.3851,4.690420966346938,140.71262899040815,1.0,0.0,4.690420966346938
17,10,April,22,1.1152,4.38116631374843,131.43498941245292,1.0,0.0,4.38116631374843
17,10,April,28,1.1152,54.038567222730634,1621.157016681919,1.0,2.0,14.038567222730634
17,10,April,29,1.1152,13.827971449260378,414.8391434778113,1.0,0.0,13.827971449260378
17,10,August,28,1.1152,21.73799926040443,673.8779770725373,1.0,1.0,1.737999260404429
17,10,December,28,1.1152,4.060305066856053,125.86945707253764,1.0,0.0,4.060305066856053
17,10,February,28,1.1152,13.458984352570333,376.85156187196935,1.0,0.0,13.458984352570333
17,10,January,28,1.1152,4.060305066856053,125.86945707253764,1.0,0.0,4.060305066856053
17,10,July,28,1.1152,58.72898818907757,1820.5986338614046,1.0,2.0,18.728988189077363
17,10,June,21,1.1152,31.468595248622833,944.057857458685,1.0,1.0,11.468595248622835
17,10,June,22,1.1152,45.71067381981425,1371.3202145944274,1.0,2.0,5.7106738198142
17,10,June,23,1.1152,10.128614077922865,303.85842233768597,1.0,0.0,10.128614077922865
17,10,June,25,1.1152,19.999999000000003,599.9999700000001,1.0,0.0,19.999999000000003
17,10,June,26,1.1152,18.436483850256025,553.0945155076807,1.0,0.0,18.436483850256025
17,10,June,27,1.1152,36.17118946716295,1085.1356840148883,1.0,1.0,16.171189467162947
17,10,June,28,1.1152,54.03856722273063,1621.1570166819188,1.0,2.0,14.038567222730629
17,10,June,29,1.1152,51.215166449260366,1536.454993477811,1.0,2.0,11.215166449260366
17,10,June,30,1.1152,25.2106922762312,756.320768286936,1.0,1.0,5.2106922762312
17,10,March,28,1.1152,4.060305066856053,125.86945707253764,1.0,0.0,4.060305066856053
17,10,May,21,1.1152,23.96070211149292,742.7817654562806,1.0,1.0,3.960702111492879
17,10,May,22,1.1152,38.202780682684065,1184.286201163206,1.0,1.0,18.20278068268406
17,10,May,28,1.1152,54.038567222730634,1675.1955839046498,1.0,2.0,14.038567222730634
17,10,May,29,1.1152,13.827971449260378,428.66711492707174,1.0,0.0,13.827971449260378
17,10,November,28,1.1152,4.060305066856053,121.80915200568158,1.0,0.0,4.060305066856053
17,10,October,28,1.1152,4.060305066856053,125.86945707253764,1.0,0.0,4.060305066856053
17,10,September,28,1.1152,20.66443906685605,619.9331720056815,1.0,1.0,0.6644390668560511
17,24,August,28,1.0749,32.3005679623262,1001.3176068321121,1.0,1.0,12.300567962326198
17,24,December,28,1.0749,49.978262155874575,1549.3261268321119,1.0,2.0,9.978262155874578
17,24,February,28,1.0749,40.579582870160294,1136.2283203644884,1.0,2.0,0.5795828701602943
17,24,January,28,1.0749,49.978262155874575,1549.3261268321119,1.0,2.0,9.978262155874573
17,24,March,28,1.0749,49.978262155874575,1549.3261268321119,1.0,2.0,9.978262155874573
17,24,November,28,1.0749,49.978262155874546,1499.3478646762364,1.0,2.0,9.978262155874544
17,24,October,28,1.0749,49.978262155874575,1549.3261268321119,1.0,2.0,9.978262155874575
17,24,September,28,1.0749,33.37412815587459,1001.2238446762376,1.0,1.0,13.37412815587459
18,10,April,30,1.2157,26.00447417302918,780.1342251908754,1.0,1.0,6.004474173029173
18,10,April,31,1.2157,33.89979984587933,1016.9939953763799,1.0,1.0,13.899799845879329
18,10,August,30,1.2157,13.827971449318358,428.6671149288691,1.0,0.0,13.827971449318358
18,10,August,31,1.2157,13.899800845879831,430.89382622227475,1.0,0.0,13.899800845879831
18,10,December,30,1.2157,13.827971449260378,428.66711492707174,1.0,0.0,13.827971449260378
18,10,December,31,1.2157,13.799800845879826,427.7938262222746,1.0,0.0,13.799800845879826
18,10,February,30,1.2157,13.827971449318358,387.18320058091405,1.0,0.0,13.827971449318358
18,10,February,31,1.2157,13.899800845879803,389.19442368463444,1.0,0.0,13.899800845879803
18,10,January,30,1.2157,13.827971449318358,428.6671149288691,1.0,0.0,13.827971449318358
18,10,January,31,1.2157,13.799800845879869,427.7938262222759,1.0,0.0,13.799800845879869
18,10,July,30,1.2157,26.004474173029152,806.1386993639037,1.0,1.0,6.004474173029147
18,10,July,31,1.2157,30.73610080475917,952.8191249475343,1.0,1.0,10.73610080416088
18,10,June,30,1.2157,26.004474173029166,780.134225190875,1.0,1.0,6.004474173029166
18,10,June,31,1.2157,33.89979984587933,1016.9939953763799,1.0,1.0,13.89979984587933
18,10,March,30,1.2157,13.827971449318358,428.6671149288691,1.0,0.0,13.827971449318358
18,10,March,31,1.2157,9.625186705195848,298.38078786107127,1.0,0.0,9.625186705195848
18,10,May,30,1.2157,26.004474173029152,806.1386993639037,1.0,1.0,6.004474173029145
18,10,May,31,1.2157,33.89979984587933,1050.893795222259,1.0,1.0,13.89979984587933
18,10,November,30,1.2157,13.827971449318358,414.8391434795507,1.0,0.0,13.827971449318358
18,10,November,31,1.2157,13.899800845879795,416.9940253763939,1.0,0.0,13.899800845879795
18,10,October,30,1.2157,13.827971449318358,428.6671149288691,1.0,0.0,13.827971449318358
18,10,October,31,1.2157,13.899800845879835,430.89382622227487,1.0,0.0,13.899800845879835
18,10,September,30,1.2157,13.827971449260378,414.8391434778113,1.0,0.0,13.827971449260378
18,10,September,31,1.2157,13.799800845879773,413.9940253763932,1.0,0.0,13.799800845879773
18,17,March,31,1.1537,4.2746141406839655,132.51303836120292,1.0,0.0,4.2746141406839655
18,25,August,30,0.9638,12.176502723710826,377.4715844350356,1.0,0.0,12.176502723710826
18,25,August,31,0.9638,19.999999000000003,619.9999690000001,1.0,0.0,19.999999000000003
18,25,December,30,0.9638,12.176502723768806,377.471584436833,1.0,0.0,12.176502723768806
18,25,December,31,0.9638,19.999999000000003,619.9999690000001,1.0,0.0,19.999999000000003
18,25,February,30,0.9638,12.176502723710826,340.9420762639031,1.0,0.0,12.176502723710826
18,25,February,31,0.9638,19.999999000000003,559.9999720000001,1.0,0.0,19.999999000000003
18,25,January,30,0.9638,12.176502723710826,377.4715844350356,1.0,0.0,12.176502723710826
18,25,January,31,0.9638,19.999999000000003,619.9999690000001,1.0,0.0,19.999999000000003
18,25,July,31,0.9638,3.1636990411201538,98.07467027472477,1.0,0.0,3.1636990411201538
18,25,March,30,0.9638,12.176502723710826,377.4715844350356,1.0,0.0,12.176502723710826
18,25,March,31,0.9638,19.999999000000003,619.9999690000001,1.0,0.0,19.999999000000003
18,25,November,30,0.9638,12.176502723710826,365.29508171132477,1.0,0.0,12.176502723710826
18,25,November,31,0.9638,19.999999000000003,599.9999700000001,1.0,0.0,19.999999000000003
18,25,October,30,0.9638,12.176502723710826,377.4715844350356,1.0,0.0,12.176502723710826
18,25,October,31,0.9638,19.999999000000003,619.9999690000001,1.0,0.0,19.999999000000003
18,25,September,30,0.9638,12.176502723768806,365.2950817130642,1.0,0.0,12.176502723768806
18,25,September,31,0.9638,19.999999000000003,599.9999700000001,1.0,0.0,19.999999000000003
18,26,December,31,1.3306,0.1,3.1,1.0,0.0,0.1
18,26,January,31,1.3306,0.1,3.1,1.0,0.0,0.1
18,26,September,31,1.3306,0.1,3.0,1.0,0.0,0.1
19,12,June,14,1.113,1.3246299358518314,39.73889807555494,1.0,0.0,1.3246299358518314
21,13,April,20,1.0012,11.846251193452094,355.3875358035628,1.0,0.0,11.846251193452094
21,13,April,21,1.0012,14.856465243668788,445.69395731006364,1.0,0.0,14.856465243668788
21,13,April,22,1.0012,19.081837033142527,572.4551109942759,1.0,0.0,19.081837033142527
21,13,April,23,1.0012,13.075047699809206,392.2514309942762,1.0,0.0,13.075047699809206
21,13,April,24,1.0012,12.428595012230742,372.85785036692226,1.0,0.0,12.428595012230742
21,13,April,25,1.0012,10.95531817752984,328.6595453258952,1.0,0.0,10.9553181775181
21,13,April,26,1.0012,10.244179093291317,307.3253727987395,1.0,0.0,10.244179093278188
21,13,April,27,1.0012,15.711336932359487,471.34010797078463,1.0,0.0,15.711336932359487
21,13,April,28,1.0012,7.894231381769451,236.82694145308352,1.0,0.0,7.894231381769451
21,13,April,32,1.0012,3.498478149952774,104.95434449858323,1.0,0.0,3.498478149952774
21,13,August,20,1.0012,0.7628395805488672,23.648026997014885,1.0,0.0,0.7628395805488672
21,13,August,21,1.0012,1.8410741329244775,57.073298120658805,1.0,0.0,1.8410741329244775
21,13,August,22,1.0012,6.535104474002749,202.58823869408522,1.0,0.0,6.535104474002749
21,13,July,20,1.0012,4.3114873224843535,133.65610699701494,1.0,0.0,4.3114873224843535
21,13,July,21,1.0012,10.062941893357587,311.95119869408524,1.0,0.0,10.062941893357587
21,13,July,22,1.0012,10.062941893357591,311.9511986940853,1.0,0.0,10.062941893357591
21,13,July,23,1.0012,10.812745764325332,335.1951186940853,1.0,0.0,10.812745764325332
21,13,July,24,1.0012,3.954994716260254,122.60483620406787,1.0,0.0,3.954994716260254
21,13,July,28,1.0012,2.6419711138200537,81.90110452842167,1.0,0.0,2.6419711138200537
21,13,June,20,1.0012,12.008128526785438,360.2438558035631,1.0,0.0,12.008128526785438
21,13,June,21,1.0012,13.075047699809206,392.2514309942762,1.0,0.0,13.075047699809206
21,13,June,22,1.0012,20.602494577002133,618.074837310064,1.0,1.0,0.6024945770021333
21,13,June,23,1.0012,13.075047699809206,392.2514309942762,1.0,0.0,13.075047699794865
21,13,June,24,1.0012,12.428595012230742,372.85785036692226,1.0,0.0,12.428595012230742
21,13,June,25,1.0012,10.95531817752984,328.6595453258952,1.0,0.0,10.9553181775181
21,13,June,26,1.0012,10.244179093291317,307.3253727987395,1.0,0.0,10.244179093278223
21,13,June,27,1.0012,22.912662265692816,687.3798679707845,1.0,1.0,2.9126622656928167
21,13,June,28,1.0012,7.010978381769455,210.32935145308363,1.0,0.0,7.010978381769455
21,13,June,31,1.0012,3.0531958093008775,91.59587427902633,1.0,0.0,3.0531958093008775
21,13,June,32,1.0012,8.152860521918562,244.58581565755685,1.0,0.0,8.152860521918562
21,13,March,21,1.0012,0.8512469456307787,26.388655314554143,1.0,0.0,0.8512469456307787
21,13,March,22,1.0012,0.1,3.1,1.0,0.0,0.1
21,13,May,20,1.0012,20.0,620.0,1.0,1.0,0.0
21,13,May,21,1.0012,12.807941760997196,397.04619459091305,1.0,0.0,12.807941760997196
21,13,May,22,1.0012,24.075047699809208,746.3264786940854,1.0,1.0,4.075047699809208
21,13,May,23,1.0012,13.075047699809206,405.3264786940854,1.0,0.0,13.075047699809206
21,13,May,24,1.0012,12.428595012230742,385.286445379153,1.0,0.0,12.428595012230742
21,13,May,25,1.0012,10.95531817752984,339.61486350342506,1.0,0.0,10.9553181775181
21,13,May,26,1.0012,10.244179093291317,317.5695518920308,1.0,0.0,10.244179093278245
21,13,May,27,1.0012,15.711336932359487,487.0514449031441,1.0,0.0,15.711336932359487
21,13,May,28,1.0012,2.4979122500490263,77.43527975151981,1.0,0.0,2.4979122500490263
21,13,May,31,1.0012,3.4368674652148528,106.54289142166044,1.0,0.0,3.4368674652148528
21,13,May,32,1.0012,8.536532177832537,264.63249751280864,1.0,0.0,8.536532177832537
21,13,September,21,1.0012,7.840882366475864,235.2264709942759,1.0,0.0,7.840882366475864
21,13,September,22,1.0012,7.840882366475865,235.22647099427596,1.0,0.0,7.840882366475865
21,13,September,23,1.0012,4.672437271824988,140.17311815474963,1.0,0.0,4.672437271824988
21,13,September,24,1.0012,0.1,3.0,1.0,0.0,0.1
21,14,April,13,1.2286,3.4674999377619455,104.02499813285837,1.0,0.0,3.4674999377619455
21,14,July,13,1.2286,4.0452259780845266,125.40200532062032,1.0,0.0,4.0452259780845266
21,14,June,13,1.2286,9.076945687761942,272.30837063285827,1.0,0.0,9.076945687761942
21,14,June,22,1.2286,2.9269320107387533,87.8079603221626,1.0,0.0,2.9269320107387533
21,14,June,24,1.2286,1.883916051270596,56.51748153811788,1.0,0.0,1.883916051270596
22,21,April,30,1.0533,7.719048575644877,231.5714572693463,1.0,0.0,7.719048575644877
22,21,August,30,1.0533,7.719048575644887,239.29050584499151,1.0,0.0,7.719048575644887
22,21,December,30,1.0533,7.719048575644887,239.29050584499151,1.0,0.0,7.719048575644887
22,21,February,30,1.0533,7.719048575644887,216.13336011805683,1.0,0.0,7.719048575644887
22,21,January,30,1.0533,7.719048575644877,239.29050584499117,1.0,0.0,7.719048575644877
22,21,July,30,1.0533,7.719048575644887,239.29050584499151,1.0,0.0,7.719048575644887
22,21,June,7,1.0533,0.12684691666666667,3.8054075000000003,1.0,0.0,0.12684691666666667
22,21,June,8,1.0533,0.12684691666666667,3.8054075000000003,1.0,0.0,0.12684691666666667
22,21,June,30,1.0533,7.719048575644887,231.5714572693466,1.0,0.0,7.719048575644887
22,21,March,30,1.0533,7.719048575644887,239.29050584499151,1.0,0.0,7.719048575644887
22,21,May,30,1.0533,7.719048575644887,239.29050584499151,1.0,0.0,7.719048575644887
22,21,November,30,1.0533,7.719048575644877,231.5714572693463,1.0,0.0,7.719048575644877
22,21,October,30,1.0533,7.719048575644887,239.29050584499151,1.0,0.0,7.719048575644887
22,21,September,30,1.0533,7.719048575644887,231.5714572693466,1.0,0.0,7.719048575644887
23,15,June,13,1.2323,4.880911502008031,146.42734506024092,1.0,0.0,4.880911502008031
23,16,April,19,1.1232,48.55475356571204,1456.6426069713611,1.0,2.0,8.554753565712033
23,16,April,20,1.1232,18.80107634919539,564.0322904758617,1.0,0.0,18.80107634919539
23,16,August,19,1.1232,48.55475356571204,1505.1973605370733,1.0,2.0,8.554753565712033
23,16,August,20,1.1232,18.80107634919539,582.8333668250572,1.0,0.0,18.80107634919539
23,16,December,19,1.1232,48.55475356571204,1505.1973605370733,1.0,2.0,8.554753565712033
23,16,December,20,1.1232,18.80107634919539,582.8333668250572,1.0,0.0,18.80107634919539
23,16,February,19,1.1232,48.55475356571204,1359.5330998399372,1.0,2.0,8.554753565712033
23,16,February,20,1.1232,18.80107634919539,526.4301377774709,1.0,0.0,18.80107634919539
23,16,January,19,1.1232,48.55475356571204,1505.1973605370733,1.0,2.0,8.554753565712033
23,16,January,20,1.1232,18.80107634919539,582.8333668250572,1.0,0.0,18.80107634919539
23,16,July,19,1.1232,48.554753565712026,1505.1973605370729,1.0,2.0,8.554753565712026
23,16,July,20,1.1232,18.80107634919539,582.8333668250572,1.0,0.0,18.80107634919539
23,16,June,19,1.1232,48.55475356571204,1456.6426069713611,1.0,2.0,8.554753565712033
23,16,June,20,1.1232,18.80107634919539,564.0322904758617,1.0,0.0,18.80107634919539
23,16,March,19,1.1232,48.554753565712055,1505.1973605370738,1.0,2.0,8.554753565712048
23,16,March,20,1.1232,18.80107634919539,582.8333668250572,1.0,0.0,18.80107634919539
23,16,May,19,1.1232,48.55475356571204,1505.1973605370733,1.0,2.0,8.554753565712033
23,16,May,20,1.1232,18.80107634919539,582.8333668250572,1.0,0.0,18.80107634919539
23,16,November,19,1.1232,48.554753565712055,1456.6426069713616,1.0,2.0,8.554753565712048
23,16,November,20,1.1232,18.80107634919539,564.0322904758617,1.0,0.0,18.80107634919539
23,16,October,19,1.1232,48.55475356571204,1505.1973605370733,1.0,2.0,8.554753565712033
23,16,October,20,1.1232,18.80107634919539,582.8333668250572,1.0,0.0,18.80107634919539
23,16,September,19,1.1232,48.55475356571204,1456.6426069713611,1.0,2.0,8.554753565712033
23,16,September,20,1.1232,18.80107634919539,564.0322904758617,1.0,0.0,18.80107634919539
24,16,April,11,1.041,0.99294,29.7882,1.0,0.0,0.99294
24,16,April,34,1.041,6.490744640496644,194.7223392148993,1.0,0.0,6.490744640496644
24,16,August,11,1.041,1.2414508064516128,38.484975,1.0,0.0,1.2414508064516128
24,16,August,34,1.041,6.490744640496644,201.21308385539595,1.0,0.0,6.490744640496644
24,16,December,34,1.041,6.490744640496644,201.21308385539595,1.0,0.0,6.490744640496644
24,16,February,34,1.041,6.490744640496644,181.74084993390602,1.0,0.0,6.490744640496644
24,16,January,34,1.041,6.490744640496644,201.21308385539595,1.0,0.0,6.490744640496644
24,16,July,11,1.041,3.2902100806451613,101.9965125,1.0,0.0,3.2902100806451613
24,16,July,34,1.041,6.490744640496644,201.21308385539595,1.0,0.0,6.490744640496644
24,16,June,11,1.041,3.6274087499999994,108.82226249999998,1.0,0.0,3.6274087499999994
24,16,June,34,1.041,6.490744640496644,194.7223392148993,1.0,0.0,6.490744640496644
24,16,March,34,1.041,6.490744640496644,201.21308385539595,1.0,0.0,6.490744640496644
24,16,May,11,1.041,3.6688463709677417,113.73423749999999,1.0,0.0,3.6688463709677417
24,16,May,34,1.041,6.490744640496644,201.21308385539595,1.0,0.0,6.490744640496644
24,16,November,34,1.041,6.490744640496644,194.7223392148993,1.0,0.0,6.490744640496644
24,16,October,34,1.041,6.490744640496644,201.21308385539595,1.0,0.0,6.490744640496644
24,16,September,11,1.041,0.13487625,4.0462875,1.0,0.0,0.13487625
24,16,September,34,1.041,6.490744640496644,194.7223392148993,1.0,0.0,6.490744640496644
24,17,June,7,1.0749,0.17337591666666666,5.2012775,1.0,0.0,0.17337591666666666
24,17,June,8,1.0749,0.17337591666666666,5.2012775,1.0,0.0,0.17337591666666666
24,17,June,9,1.0749,0.8176514292452828,24.529542877358484,1.0,0.0,0.8176514292452828
24,17,June,10,1.0749,2.08997925,62.6993775,1.0,0.0,2.08997925
24,17,June,11,1.0749,3.983785749999999,119.51357249999998,1.0,0.0,3.983785749999999
24,17,June,12,1.0749,3.983785749999999,119.51357249999998,1.0,0.0,3.983785749999999
24,23,June,7,1.4545,0.14401833333333333,4.32055,1.0,0.0,0.14401833333333333
24,23,June,8,1.4545,0.14401833333333333,4.32055,1.0,0.0,0.14401833333333333
24,25,June,7,1.2938,0.24870858333333332,7.461257499999999,1.0,0.0,0.24870858333333332
24,25,June,8,1.2938,0.24870858333333332,7.461257499999999,1.0,0.0,0.24870858333333332
25,18,April,17,0.9638,16.137238929103333,484.1171678731,1.0,0.0,16.137238929026864
25,18,April,21,0.9638,4.288694050060322,128.66082150180966,1.0,0.0,4.288694050060322
25,18,August,17,0.9638,16.137238929103408,500.2544068022056,1.0,0.0,16.137238929103408
25,18,December,17,0.9638,16.137238929103365,500.2544068022043,1.0,0.0,16.137238929103365
25,18,February,17,0.9638,16.13723892910336,451.8426900148941,1.0,0.0,16.13723892910336
25,18,January,17,0.9638,16.137238929102196,500.2544068021681,1.0,0.0,16.137238929029042
25,18,July,17,0.9638,16.137238929102196,500.2544068021681,1.0,0.0,16.137238929102196
25,18,June,9,0.9638,0.14419099999999663,4.325729999999899,1.0,0.0,0.14419099999999663
25,18,June,10,0.9638,0.14419099999999663,4.325729999999899,1.0,0.0,0.14419099999999663
25,18,June,11,0.9638,4.119136368421062,123.57409105263186,1.0,0.0,4.119136368421062
25,18,June,17,0.9638,11.72826048164837,351.8478144494511,1.0,0.0,11.72826048164837
25,18,June,21,0.9638,7.431383050060312,222.94149150180937,1.0,0.0,7.431383050060312
25,18,March,17,0.9638,16.137238929102196,500.2544068021681,1.0,0.0,16.137238929102196
25,18,May,21,0.9638,16.93018714683452,524.8358015518701,1.0,0.0,16.93018714683452
25,18,November,17,0.9638,16.137238929103333,484.1171678731,1.0,0.0,16.137238929026864
25,18,October,17,0.9638,16.13723892910334,500.25440680220356,1.0,0.0,16.13723892910334
25,18,September,17,0.9638,16.13723892910336,484.1171678731008,1.0,0.0,16.13723892910336
25,26,June,23,1.1451,15.41635346247233,462.4906038741699,1.0,0.0,15.41635346247233
25,33,April,25,1.079,5.501226965828803,165.03680897486407,1.0,0.0,5.501226965828803
25,33,June,24,1.079,1.0775938739995752,32.327816219987255,1.0,0.0,1.0775938739995752
25,33,June,25,1.079,25.03320760922898,750.9962282768695,1.0,1.0,5.033207609228925
25,33,June,26,1.079,12.014961845281377,360.4488553584413,1.0,0.0,12.014961845281377
25,33,May,25,1.079,5.501226965828806,170.538035940693,1.0,0.0,5.501226965828806
25,33,September,25,1.079,5.501226965828803,165.03680897486407,1.0,0.0,5.501226965828803
26,33,June,25,1.0994,4.537555523266466,136.12666569799399,1.0,0.0,4.537555523266466
26,34,April,17,1.0655,3.5965715685851407,107.89714705755422,1.0,0.0,3.5965715685851407
26,34,April,21,1.0655,22.160084293020986,664.8025287906296,1.0,1.0,2.160084293020987
26,34,April,22,1.0655,13.360421624374695,400.81264873124087,1.0,0.0,13.360421624374695
26,34,April,24,1.0655,19.409705197420475,582.2911559226143,1.0,0.0,19.409705197420475
26,34,April,29,1.0655,26.058301031953988,781.7490309586196,1.0,1.0,6.058301031953986
26,34,April,31,1.0655,19.999999000000003,599.9999700000001,1.0,0.0,19.999999000000003
26,34,August,17,1.0655,3.5965715685851407,111.49371862613935,1.0,0.0,3.5965715685851407
26,34,August,23,1.0655,0.4134802672200806,12.817888283822498,1.0,0.0,0.4134802672200806
26,34,August,30,1.0655,7.924244032258038,245.65156499999918,1.0,0.0,7.924244032258038
26,34,December,17,1.0655,3.5965715685851407,111.49371862613935,1.0,0.0,3.5965715685851407
26,34,February,17,1.0655,3.5965715685851336,100.70400392038374,1.0,0.0,3.5965715685851336
26,34,January,17,1.0655,3.5965715685851407,111.49371862613935,1.0,0.0,3.5965715685851407
26,34,July,17,1.0655,3.5965715685851407,111.49371862613935,1.0,0.0,3.5965715685851407
26,34,June,17,1.0655,8.005550016040116,240.16650048120349,1.0,0.0,8.005550016040116
26,34,June,21,1.0655,22.990978139889364,689.7293441966809,1.0,1.0,2.990978139889362
26,34,June,22,1.0655,9.868544957708018,296.0563487312405,1.0,0.0,9.868544957708018
26,34,June,24,1.0655,19.230011752787746,576.9003525836324,1.0,0.0,19.230011752787746
26,34,June,27,1.0655,22.277910704251376,668.3373211275413,1.0,1.0,2.2779107042513673
26,34,June,29,1.0655,27.34592146213054,820.3776438639162,1.0,1.0,7.345921462130541
26,34,June,31,1.0655,8.013411903156772,240.40235709470318,1.0,0.0,8.013411903156772
26,34,June,32,1.0655,4.879810913257165,146.39432739771496,1.0,0.0,4.879810913257165
26,34,March,17,1.0655,3.5965715685851407,111.49371862613935,1.0,0.0,3.5965715685851407
26,34,March,30,1.0655,0.31191895161287064,9.66948749999899,1.0,0.0,0.31191895161287064
26,34,May,17,1.0655,19.733810497688488,611.7481254283431,1.0,0.0,19.733810497688488
26,34,May,20,1.0655,3.2550975208005255,100.9080231448163,1.0,0.0,3.2550975208005255
26,34,May,21,1.0655,15.195287008843884,471.0538972741604,1.0,0.0,15.195287008843884
26,34,May,24,1.0655,5.3633645027877535,166.26429958642035,1.0,0.0,5.3633645027877535
26,34,May,29,1.0655,20.412308021270334,632.7815486593804,1.0,1.0,0.4123080212702823
26,34,May,31,1.0655,7.259771150468609,225.05290566452686,1.0,0.0,7.259771150468609
26,34,May,32,1.0655,2.55296739407623,79.14198921636313,1.0,0.0,2.55296739407623
26,34,November,17,1.0655,3.5965715685851407,107.89714705755422,1.0,0.0,3.5965715685851407
26,34,October,17,1.0655,3.5965715685851336,111.49371862613914,1.0,0.0,3.5965715685851336
26,34,September,17,1.0655,3.5965715685851336,107.89714705755401,1.0,0.0,3.5965715685851336
26,34,September,23,1.0655,1.8340349903383597,55.02104971015079,1.0,0.0,1.8340349903383597
26,34,September,30,1.0655,6.7110148333333015,201.33044499999903,1.0,0.0,6.7110148333333015
27,34,April,14,0.9431,8.028540684501955,240.85622053505864,1.0,0.0,8.028540684501955
27,34,April,15,0.9431,9.252288883145752,277.56866649437256,1.0,0.0,9.252288883145752
27,34,April,21,0.9431,1.311355882489556,39.340676474686674,1.0,0.0,1.311355882489556
27,34,April,32,0.9431,1.533958927710259,46.01876783130777,1.0,0.0,1.533958927710259
27,34,August,14,0.9431,8.028540684501955,248.8847612195606,1.0,0.0,8.028540684501955
27,34,August,15,0.9431,9.252288883145752,286.8209553775183,1.0,0.0,9.252288883145752
27,34,December,14,0.9431,8.028540684501955,248.8847612195606,1.0,0.0,8.028540684501955
27,34,December,15,0.9431,9.252288883145752,286.8209553775183,1.0,0.0,9.252288883145752
27,34,February,14,0.9431,8.028540684501955,224.79913916605474,1.0,0.0,8.028540684501955
27,34,February,15,0.9431,9.252288883145752,259.06408872808106,1.0,0.0,9.252288883145752
27,34,January,14,0.9431,8.028540684501955,248.8847612195606,1.0,0.0,8.028540684501955
27,34,January,15,0.9431,9.252288883145752,286.8209553775183,1.0,0.0,9.252288883145752
27,34,July,14,0.9431,8.028540684501955,248.8847612195606,1.0,0.0,8.028540684501955
27,34,July,15,0.9431,9.252288883145752,286.8209553775183,1.0,0.0,9.252288883145752
27,34,June,14,0.9431,8.028540684501955,240.85622053505864,1.0,0.0,8.028540684501955
27,34,June,15,0.9431,9.252288883145752,277.56866649437256,1.0,0.0,9.252288883145752
27,34,June,32,0.9431,3.8200942644530915,114.60282793359275,1.0,0.0,3.8200942644530915
27,34,March,14,0.9431,8.028540684501955,248.8847612195606,1.0,0.0,8.028540684501955
27,34,March,15,0.9431,9.252288883145752,286.8209553775183,1.0,0.0,9.252288883145752
27,34,May,14,0.9431,8.028540684501955,248.8847612195606,1.0,0.0,8.028540684501955
27,34,May,15,0.9431,25.330298560565115,785.2392553775186,1.0,1.0,5.330298560565112
27,34,May,16,0.9431,4.947001750675316,153.35705427093478,1.0,0.0,4.947001750675316
27,34,May,32,0.9431,6.868034958365211,212.90908370932155,1.0,0.0,6.868034958365211
27,34,November,14,0.9431,8.028540684501955,240.85622053505864,1.0,0.0,8.028540684501955
27,34,November,15,0.9431,9.252288883145752,277.56866649437256,1.0,0.0,9.252288883145752
27,34,October,14,0.9431,8.028540684501955,248.8847612195606,1.0,0.0,8.028540684501955
27,34,October,15,0.9431,9.252288883145752,286.8209553775183,1.0,0.0,9.252288883145752
27,34,September,14,0.9431,8.028540684501955,240.85622053505864,1.0,0.0,8.028540684501955
27,34,September,15,0.9431,9.252288883145752,277.56866649437256,1.0,0.0,9.252288883145752
29,30,April,27,1.1769,2.4441465667301756,73.32439700190527,1.0,0.0,2.4441465667301756
29,30,April,28,1.1769,8.277050810505486,248.31152431516458,1.0,0.0,8.277050810505486
29,30,April,33,1.1769,4.885991601420935,146.57974804262804,1.0,0.0,4.885991601420935
29,30,April,34,1.1769,0.1,3.0,1.0,0.0,0.1
29,30,April,35,1.1769,8.491703611274382,254.75110833823146,1.0,0.0,8.491703611274382
29,30,August,33,1.1769,2.73491640067121,84.78240842080751,1.0,0.0,2.73491640067121
29,30,August,35,1.1769,8.491703611274382,263.24281194950584,1.0,0.0,8.491703611274382
29,30,December,33,1.1769,2.73491640067121,84.78240842080751,1.0,0.0,2.73491640067121
29,30,December,35,1.1769,8.491703611274382,263.24281194950584,1.0,0.0,8.491703611274382
29,30,February,33,1.1769,2.73491640067121,76.57765921879388,1.0,0.0,2.73491640067121
29,30,February,35,1.1769,8.491703611274382,237.76770111568268,1.0,0.0,8.491703611274382
29,30,January,33,1.1769,2.73491640067121,84.78240842080751,1.0,0.0,2.73491640067121
29,30,January,35,1.1769,8.491703611274382,263.24281194950584,1.0,0.0,8.491703611274382
29,30,July,33,1.1769,2.73491640067121,84.78240842080751,1.0,0.0,2.73491640067121
29,30,July,35,1.1769,8.491703611274382,263.24281194950584,1.0,0.0,8.491703611274382
29,30,June,27,1.1769,0.9669155667301723,29.00746700190517,1.0,0.0,0.9669155667301723
29,30,June,28,1.1769,9.499719810505482,284.99159431516443,1.0,0.0,9.499719810505482
29,30,June,30,1.1769,5.198126330653658,155.94378991960974,1.0,0.0,5.198126330653658
29,30,June,32,1.1769,12.525812252946974,375.77436758840923,1.0,0.0,12.525812252946974
29,30,June,33,1.1769,6.991465938550785,209.74397815652355,1.0,0.0,6.991465938550785
29,30,June,34,1.1769,12.153296785266187,364.59890355798564,1.0,0.0,12.153296785266187
29,30,June,35,1.1769,8.491703611274382,254.75110833823146,1.0,0.0,8.491703611274382
29,30,March,33,1.1769,2.73491640067121,84.78240842080751,1.0,0.0,2.73491640067121
29,30,March,35,1.1769,8.491703611274382,263.24281194950584,1.0,0.0,8.491703611274382
29,30,May,33,1.1769,15.896328257962123,492.7861759968258,1.0,0.0,15.896328257962123
29,30,May,34,1.1769,10.711011548707047,332.04135800991844,1.0,0.0,10.711011548707047
29,30,May,35,1.1769,8.491703611274382,263.24281194950584,1.0,0.0,8.491703611274382
29,30,November,33,1.1769,2.73491640067121,82.0474920201363,1.0,0.0,2.73491640067121
29,30,November,35,1.1769,8.491703611274382,254.75110833823146,1.0,0.0,8.491703611274382
29,30,October,33,1.1769,2.73491640067121,84.78240842080751,1.0,0.0,2.73491640067121
29,30,October,35,1.1769,8.491703611274382,263.24281194950584,1.0,0.0,8.491703611274382
29,30,September,33,1.1769,2.73491640067121,82.0474920201363,1.0,0.0,2.73491640067121
29,30,September,35,1.1769,8.491703611274382,254.75110833823146,1.0,0.0,8.491703611274382
30,29,April,18,1.1769,9.38957679782936,281.6873039348808,1.0,0.0,9.38957679782936
30,29,April,19,1.1769,7.758710501915218,232.76131505745653,1.0,0.0,7.758710501915218
30,29,August,18,1.1769,7.771322627283709,240.91100144579497,1.0,0.0,7.771322627283709
30,29,December,18,1.1769,7.771322627283709,240.91100144579497,1.0,0.0,7.771322627283709
30,29,February,18,1.1769,7.771322627283709,217.59703356394385,1.0,0.0,7.771322627283709
30,29,January,18,1.1769,7.771322627283709,240.91100144579497,1.0,0.0,7.771322627283709
30,29,July,18,1.1769,7.771322627283709,240.91100144579497,1.0,0.0,7.771322627283709
30,29,July,19,1.1769,4.487482276108764,139.11195055937168,1.0,0.0,4.487482276108764
30,29,June,15,1.1769,3.417552427027312,102.52657281081936,1.0,0.0,3.417552427027312
30,29,June,18,1.1769,26.192782047829365,785.7834614348809,1.0,1.0,6.192782047829365
30,29,June,19,1.1769,13.367273293321894,401.01819879965683,1.0,0.0,13.367273293321894
30,29,March,18,1.1769,7.771322627283709,240.91100144579497,1.0,0.0,7.771322627283709
30,29,May,15,1.1769,8.61400532658253,267.03416512405846,1.0,0.0,8.61400532658253
30,29,May,18,1.1769,32.11912945911969,995.6930132327104,1.0,1.0,12.119129459119687
30,29,May,19,1.1769,13.367273293321894,414.3854720929787,1.0,0.0,13.367273293321894
30,29,November,18,1.1769,7.771322627283709,233.13967881851127,1.0,0.0,7.771322627283709
30,29,October,18,1.1769,7.771322627283709,240.91100144579497,1.0,0.0,7.771322627283709
30,29,September,18,1.1769,9.38957679782936,281.6873039348808,1.0,0.0,9.38957679782936
30,38,April,16,1.0958,0.3027530047000795,9.082590141002385,1.0,0.0,0.3027530047000795
30,38,August,16,1.0958,0.3027530047000795,9.385343145702464,1.0,0.0,0.3027530047000795
30,38,December,16,1.0958,0.3027530047000795,9.385343145702464,1.0,0.0,0.3027530047000795
30,38,February,16,1.0958,0.3027530047000795,8.477084131602226,1.0,0.0,0.3027530047000795
30,38,January,16,1.0958,0.3027530047000795,9.385343145702464,1.0,0.0,0.3027530047000795
30,38,July,16,1.0958,0.3027530047000795,9.385343145702464,1.0,0.0,0.3027530047000795
30,38,June,16,1.0958,0.3027530047000795,9.082590141002385,1.0,0.0,0.3027530047000795
30,38,June,37,1.0958,0.4363637663475295,13.090912990425885,1.0,0.0,0.4363637663475295
30,38,March,16,1.0958,0.3027530047000795,9.385343145702464,1.0,0.0,0.3027530047000795
30,38,May,15,1.0958,0.8607232233473996,26.682419923769388,1.0,0.0,0.8607232233473996
30,38,May,16,1.0958,0.3027530047000795,9.385343145702464,1.0,0.0,0.3027530047000795
30,38,May,37,1.0958,1.2192131615088222,37.79560800677349,1.0,0.0,1.2192131615088222
30,38,November,16,1.0958,0.3027530047000795,9.082590141002385,1.0,0.0,0.3027530047000795
30,38,October,16,1.0958,0.3027530047000795,9.385343145702464,1.0,0.0,0.3027530047000795
30,38,September,16,1.0958,0.3027530047000795,9.082590141002385,1.0,0.0,0.3027530047000795
32,24,April,17,1.4092,4.451795910624298,133.55387731872895,1.0,0.0,4.451795910624298
32,24,August,17,1.4092,4.451795910624298,138.00567322935325,1.0,0.0,4.451795910624298
32,24,December,17,1.4092,4.451795910624298,138.00567322935325,1.0,0.0,4.451795910624298
32,24,February,17,1.4092,4.451795910624298,124.65028549748035,1.0,0.0,4.451795910624298
32,24,January,17,1.4092,4.451795910625435,138.0056732293885,1.0,0.0,4.451795910625435
32,24,July,17,1.4092,4.451795910625435,138.0056732293885,1.0,0.0,4.451795910625435
32,24,June,17,1.4092,4.451795910624298,133.55387731872895,1.0,0.0,4.451795910624298
32,24,March,17,1.4092,4.451795910625435,138.0056732293885,1.0,0.0,4.451795910625435
32,24,May,17,1.4092,4.451795910624298,138.00567322935325,1.0,0.0,4.451795910624298
32,24,November,17,1.4092,4.451795910624298,133.55387731872895,1.0,0.0,4.451795910624298
32,24,October,17,1.4092,4.451795910624298,138.00567322935325,1.0,0.0,4.451795910624298
32,24,September,17,1.4092,4.451795910624298,133.55387731872895,1.0,0.0,4.451795910624298
32,25,June,12,1.0655,0.30263377635259125,9.079013290577738,1.0,0.0,0.30263377635259125
32,25,June,13,1.0655,5.975199642115644,179.25598926346933,1.0,0.0,5.975199642115644
32,25,May,12,1.0655,0.367916203771947,11.405402316930356,1.0,0.0,0.367916203771947
32,25,May,13,1.0655,8.24005702921242,255.441767905585,1.0,0.0,8.24005702921242
33,25,April,16,1.079,7.478117850832994,224.34353552498982,1.0,0.0,7.478117850832994
33,25,April,17,1.079,17.47560140245772,524.2680420737316,1.0,0.0,17.47560140245772
33,25,August,16,1.079,7.478117850832994,231.82165337582282,1.0,0.0,7.478117850832994
33,25,August,17,1.079,17.47560140245772,541.7436434761893,1.0,0.0,17.47560140241528
33,25,December,16,1.079,7.478117850832994,231.82165337582282,1.0,0.0,7.478117850832994
33,25,December,17,1.079,17.47560140245772,541.7436434761893,1.0,0.0,17.47560140241528
33,25,February,16,1.079,7.478117850832994,209.38729982332384,1.0,0.0,7.478117850832994
33,25,February,17,1.079,17.475601402457727,489.31683926881635,1.0,0.0,17.475601402457727
33,25,January,16,1.079,7.478117850832994,231.82165337582282,1.0,0.0,7.478117850832994
33,25,January,17,1.079,17.47560140245772,541.7436434761893,1.0,0.0,17.47560140245772
33,25,July,16,1.079,7.478117850832994,231.82165337582282,1.0,0.0,7.478117850832994
33,25,July,17,1.079,17.475601402457738,541.7436434761898,1.0,0.0,17.475601402457738
33,25,June,16,1.079,7.478117850832994,224.34353552498982,1.0,0.0,7.478117850832994
33,25,June,17,1.079,13.066622955002757,391.9986886500827,1.0,0.0,13.066622955002757
33,25,March,16,1.079,7.478117850832994,231.82165337582282,1.0,0.0,7.478117850832994
33,25,March,17,1.079,17.47560140245772,541.7436434761893,1.0,0.0,17.47560140245772
33,25,May,16,1.079,7.478117850832994,231.82165337582282,1.0,0.0,7.478117850832994
33,25,May,17,1.079,1.3383624733543797,41.48923667398577,1.0,0.0,1.3383624733543797
33,25,November,16,1.079,7.478117850832994,224.34353552498982,1.0,0.0,7.478117850832994
33,25,November,17,1.079,17.47560140245772,524.2680420737316,1.0,0.0,17.47560140245772
33,25,October,16,1.079,7.478117850832994,231.82165337582282,1.0,0.0,7.478117850832994
33,25,October,17,1.079,17.475601402457727,541.7436434761895,1.0,0.0,17.475601402415286
33,25,September,16,1.079,7.478117850832994,224.34353552498982,1.0,0.0,7.478117850832994
33,25,September,17,1.079,17.475601402457727,524.2680420737317,1.0,0.0,17.475601402457727
33,26,April,17,1.0994,21.33129133045756,639.9387399137267,1.0,1.0,1.331291330457561
33,26,August,17,1.0994,21.33129133045756,661.2700312441843,1.0,1.0,1.3312913304575604
33,26,December,17,1.0994,21.331291330457564,661.2700312441845,1.0,1.0,1.3312913304575624
33,26,February,17,1.0994,21.331291330457553,597.2761572528115,1.0,1.0,1.3312913304575547
33,26,January,17,1.0994,21.331291330457564,661.2700312441845,1.0,1.0,1.3312913304575624
33,26,July,17,1.0994,21.331291330457564,661.2700312441845,1.0,1.0,1.3312913304575624
33,26,June,17,1.0994,25.740269777912523,772.2080933373757,1.0,1.0,5.740269777911337
33,26,June,28,1.0994,6.443624930700338,193.30874792101014,1.0,0.0,6.443624930700338
33,26,June,30,1.0994,10.441527609865211,313.24582829595636,1.0,0.0,10.441527609865211
33,26,March,17,1.0994,21.331291330457564,661.2700312441845,1.0,1.0,1.3312913304575624
33,26,May,17,1.0994,37.4685302595609,1161.524438046388,1.0,1.0,17.468530259560797
33,26,May,22,1.0994,0.685681816485527,21.256136311051335,1.0,0.0,0.685681816485527
33,26,November,17,1.0994,21.331291330457564,639.9387399137269,1.0,1.0,1.3312913304575624
33,26,October,17,1.0994,21.331291330457553,661.2700312441841,1.0,1.0,1.3312913304575513
33,26,September,17,1.0994,21.331291330457553,639.9387399137266,1.0,1.0,1.3312913304575529
34,27,April,26,0.9431,9.372848918686266,281.185467560588,1.0,0.0,9.372848918686266
34,27,April,33,0.9431,1.802282537839126,54.06847613517378,1.0,0.0,1.802282537839126
34,27,April,34,0.9431,12.755821372270681,382.67464116812044,1.0,0.0,12.755821372270681
34,27,August,26,0.9431,11.90812641868623,369.15191897927315,1.0,0.0,11.90812641868623
34,27,August,33,0.9431,1.802282537839126,55.87075867301291,1.0,0.0,1.802282537839126
34,27,August,34,0.9431,12.755821372270681,395.4304625403911,1.0,0.0,12.755821372270681
34,27,December,26,0.9431,6.40812641868623,198.65191897927312,1.0,0.0,6.40812641868623
34,27,December,33,0.9431,1.802282537839126,55.87075867301291,1.0,0.0,1.802282537839126
34,27,December,34,0.9431,12.755821372270681,395.4304625403911,1.0,0.0,12.755821372270681
34,27,February,26,0.9431,5.142161954400514,143.9805347232144,1.0,0.0,5.142161954400514
34,27,February,33,0.9431,1.802282537839126,50.46391105949553,1.0,0.0,1.802282537839126
34,27,February,34,0.9431,12.755821372270681,357.1629984235791,1.0,0.0,12.755821372270681
34,27,January,26,0.9431,6.40812641868623,198.65191897927312,1.0,0.0,6.40812641868623
34,27,January,33,0.9431,1.802282537839126,55.87075867301291,1.0,0.0,1.802282537839126
34,27,January,34,0.9431,12.755821372270681,395.4304625403911,1.0,0.0,12.755821372270681
34,27,July,26,0.9431,11.90812641868623,369.15191897927315,1.0,0.0,11.90812641868623
34,27,July,33,0.9431,1.802282537839126,55.87075867301291,1.0,0.0,1.802282537839126
34,27,July,34,0.9431,12.755821372270681,395.4304625403911,1.0,0.0,12.755821372270681
34,27,June,19,0.9431,1.539323243343782,46.179697300313464,1.0,0.0,1.539323243343782
34,27,June,26,0.9431,9.144526585352928,274.3357975605878,1.0,0.0,9.144526585352928
34,27,June,33,0.9431,1.802282537839126,54.06847613517378,1.0,0.0,1.802282537839126
34,27,June,34,0.9431,12.755821372270681,382.67464116812044,1.0,0.0,12.755821372270681
34,27,March,26,0.9431,6.40812641868623,198.65191897927312,1.0,0.0,6.40812641868623
34,27,March,33,0.9431,1.802282537839126,55.87075867301291,1.0,0.0,1.802282537839126
34,27,March,34,0.9431,12.755821372270681,395.4304625403911,1.0,0.0,12.755821372270681
34,27,May,19,0.9431,4.406590389341609,136.6043020695899,1.0,0.0,4.406590389341609
34,27,May,26,0.9431,6.40812641868623,198.65191897927312,1.0,0.0,6.40812641868623
34,27,May,33,0.9431,1.802282537839126,55.87075867301291,1.0,0.0,1.802282537839126
34,27,May,34,0.9431,12.755821372270681,395.4304625403911,1.0,0.0,12.755821372270681
34,27,November,26,0.9431,6.40812641868623,192.24379256058688,1.0,0.0,6.40812641868623
34,27,November,33,0.9431,1.802282537839126,54.06847613517378,1.0,0.0,1.802282537839126
34,27,November,34,0.9431,12.755821372270681,382.67464116812044,1.0,0.0,12.755821372270681
34,27,October,26,0.9431,6.40812641868623,198.65191897927312,1.0,0.0,6.40812641868623
34,27,October,33,0.9431,1.802282537839126,55.87075867301291,1.0,0.0,1.802282537839126
34,27,October,34,0.9431,12.755821372270681,395.4304625403911,1.0,0.0,12.755821372270681
34,27,September,19,0.9431,3.014069222674941,90.42207668024822,1.0,0.0,3.014069222674941
34,27,September,26,0.9431,11.90812641868623,357.2437925605869,1.0,0.0,11.90812641868623
34,27,September,33,0.9431,1.802282537839126,54.06847613517378,1.0,0.0,1.802282537839126
34,27,September,34,0.9431,12.755821372270681,382.67464116812044,1.0,0.0,12.755821372270681
34,42,April,19,1.096,2.706165,81.18495,1.0,0.0,2.706165
34,42,February,26,1.096,1.2659644642857144,35.447005000000004,1.0,0.0,1.2659644642857144
34,42,July,19,1.096,1.9661435483870966,60.95045,1.0,0.0,1.9661435483870966
34,42,June,19,1.096,2.722063666666667,81.66191,1.0,0.0,2.722063666666667
34,42,September,19,1.096,1.3925211666666668,41.775635,1.0,0.0,1.3925211666666668
36,28,April,29,1.3396,2.8728349736559693,86.18504920967908,1.0,0.0,2.8728349736559693
36,28,July,20,1.3396,0.30468226917529506,9.445150344434147,1.0,0.0,0.30468226917529506
36,28,March,29,1.3396,5.5769257671724,172.8846987823444,1.0,0.0,5.5769257671724
36,28,May,19,1.3396,17.295740055793175,536.1679417295884,1.0,0.0,17.295740055793175
36,28,May,20,1.3396,31.000428104290933,961.0132712330189,1.0,1.0,11.000428104290933
36,29,April,20,1.3576,1.696047090785683,50.88141272357049,1.0,0.0,1.696047090785683
36,29,August,20,1.3576,0.4700258402379234,14.570801047375625,1.0,0.0,0.4700258402379234
36,29,December,20,1.3576,0.4700258402379234,14.570801047375625,1.0,0.0,0.4700258402379234
36,29,February,20,1.3576,0.4700258402379234,13.160723526661855,1.0,0.0,0.4700258402379234
36,29,January,20,1.3576,0.4700258402379234,14.570801047375625,1.0,0.0,0.4700258402379234
36,29,July,20,1.3576,0.16534357106262831,5.125650702941478,1.0,0.0,0.16534357106262831
36,29,June,20,1.3576,1.696047090785683,50.88141272357049,1.0,0.0,1.696047090785683
36,29,March,20,1.3576,0.4700258402379234,14.570801047375625,1.0,0.0,0.4700258402379234
36,29,May,20,1.3576,1.696047090785683,52.577459814356175,1.0,0.0,1.696047090785683
36,29,November,20,1.3576,0.4700258402379234,14.100775207137701,1.0,0.0,0.4700258402379234
36,29,October,20,1.3576,0.4700258402379234,14.570801047375625,1.0,0.0,0.4700258402379234
36,29,September,20,1.3576,0.4700258402379234,14.100775207137701,1.0,0.0,0.4700258402379234
38,30,April,18,1.0958,4.506063772361912,135.18191317085737,1.0,0.0,4.506063772361912
38,30,April,30,1.0958,0.3267592770954657,9.802778312863971,1.0,0.0,0.3267592770954657
38,30,August,18,1.0958,4.506063772361912,139.68797694321927,1.0,0.0,4.506063772361912
38,30,December,18,1.0958,4.506063772361912,139.68797694321927,1.0,0.0,4.506063772361912
38,30,February,18,1.0958,4.506063772361912,126.16978562613355,1.0,0.0,4.506063772361912
38,30,January,18,1.0958,4.506063772361912,139.68797694321927,1.0,0.0,4.506063772361912
38,30,July,18,1.0958,4.506063772361912,139.68797694321927,1.0,0.0,4.506063772361912
38,30,June,18,1.0958,4.506063772361912,135.18191317085737,1.0,0.0,4.506063772361912
38,30,March,18,1.0958,4.506063772361912,139.68797694321927,1.0,0.0,4.506063772361912
38,30,May,18,1.0958,4.506063772361912,139.68797694321927,1.0,0.0,4.506063772361912
38,30,November,18,1.0958,4.506063772361912,135.18191317085737,1.0,0.0,4.506063772361912
38,30,October,18,1.0958,4.506063772361912,139.68797694321927,1.0,0.0,4.506063772361912
38,30,September,18,1.0958,4.506063772361912,135.18191317085737,1.0,0.0,4.506063772361912
39,40,April,20,0.8239,15.785553837242325,473.56661511726975,1.0,0.0,15.785553837242325
39,40,April,21,0.8239,1.3713506477564152,41.14051943269246,1.0,0.0,1.3713506477564152
39,40,April,34,0.8239,1.6448609317889336,49.34582795366801,1.0,0.0,1.6448609317889336
39,40,August,34,0.8239,1.3270385770759177,41.13819588935345,1.0,0.0,1.3270385770759177
39,40,July,20,0.8239,4.465511756176888,138.43086444148352,1.0,0.0,4.465511756176888
39,40,July,21,0.8239,12.219679633867276,378.8100686498856,1.0,0.0,12.219679633867276
39,40,June,19,0.8239,0.22257168371237412,6.677150511371224,1.0,0.0,0.22257168371237412
39,40,June,20,0.8239,15.483479170575649,464.50437511726943,1.0,0.0,15.483479170575649
39,40,March,20,0.8239,0.9584795589681789,29.712866328013547,1.0,0.0,0.9584795589681789
39,40,September,20,0.8239,0.9584795589681789,28.754386769045368,1.0,0.0,0.9584795589681789
39,40,September,21,0.8239,2.339332300533915,70.17996901601745,1.0,0.0,2.339332300533915
39,48,April,16,1.4229,10.936688471155549,328.10065413466646,1.0,0.0,10.936688471155549
39,48,August,16,1.4229,10.936688471155549,339.037342605822,1.0,0.0,10.936688471155549
39,48,December,16,1.4229,10.936688471155549,339.037342605822,1.0,0.0,10.936688471155549
39,48,February,16,1.4229,10.936688471155549,306.22727719235536,1.0,0.0,10.936688471155549
39,48,January,16,1.4229,10.936688471155549,339.037342605822,1.0,0.0,10.936688471155549
39,48,July,16,1.4229,10.936688471155549,339.037342605822,1.0,0.0,10.936688471155549
39,48,June,16,1.4229,10.936688471155549,328.10065413466646,1.0,0.0,10.936688471155549
39,48,March,16,1.4229,10.936688471155549,339.037342605822,1.0,0.0,10.936688471155549
39,48,May,16,1.4229,10.936688471155549,339.037342605822,1.0,0.0,10.936688471155549
39,48,November,16,1.4229,10.936688471155549,328.10065413466646,1.0,0.0,10.936688471155549
39,48,October,16,1.4229,10.936688471155549,339.037342605822,1.0,0.0,10.936688471155549
39,48,September,16,1.4229,10.936688471155549,328.10065413466646,1.0,0.0,10.936688471155549
40,39,August,25,0.8239,8.458381425689026,262.2098241963598,1.0,0.0,8.458381425689026
40,39,August,27,0.8239,0.1,3.1,1.0,0.0,0.1
40,39,September,25,0.8239,0.5633303181621372,16.899909544864116,1.0,0.0,0.5633303181621372
40,39,September,26,0.8239,0.1,3.0,1.0,0.0,0.1
40,39,September,27,0.8239,1.612802854226679,48.38408562680037,1.0,0.0,1.612802854226679
40,39,September,28,0.8239,6.453457256827427,193.60371770482283,1.0,0.0,6.453457256827427
40,48,April,16,1.1288,5.479473000188875,164.38419000566626,1.0,0.0,5.479473000188875
40,48,August,16,1.1288,5.479473000188875,169.86366300585513,1.0,0.0,5.479473000188875
40,48,December,16,1.1288,5.479473000188875,169.86366300585513,1.0,0.0,5.479473000188875
40,48,February,16,1.1288,5.479473000188875,153.4252440052885,1.0,0.0,5.479473000188875
40,48,January,16,1.1288,5.479473000188875,169.86366300585513,1.0,0.0,5.479473000188875
40,48,July,16,1.1288,5.479473000188875,169.86366300585513,1.0,0.0,5.479473000188875
40,48,June,16,1.1288,5.479473000188875,164.38419000566626,1.0,0.0,5.479473000188875
40,48,March,16,1.1288,5.479473000188875,169.86366300585513,1.0,0.0,5.479473000188875
40,48,May,16,1.1288,5.479473000188875,169.86366300585513,1.0,0.0,5.479473000188875
40,48,November,16,1.1288,5.479473000188875,164.38419000566626,1.0,0.0,5.479473000188875
40,48,October,16,1.1288,5.479473000188875,169.86366300585513,1.0,0.0,5.479473000188875
40,48,September,16,1.1288,5.479473000188875,164.38419000566626,1.0,0.0,5.479473000188875
41,42,April,18,0.9809,7.213328569205196,216.39985707615585,1.0,0.0,7.213328569205196
41,42,April,20,0.9809,2.706165,81.18495,1.0,0.0,2.706165
41,42,April,21,0.9809,3.0453096666666672,91.35929000000002,1.0,0.0,3.0453096666666672
41,42,April,22,0.9809,1.9291002824533245,57.87300847359974,1.0,0.0,1.9291002824533245
41,42,August,18,0.9809,7.213328569205196,223.61318564536106,1.0,0.0,7.213328569205196
41,42,December,18,0.9809,7.213328569205203,223.61318564536128,1.0,0.0,7.213328569205203
41,42,February,18,0.9809,7.213328569205196,201.97319993774548,1.0,0.0,7.213328569205196
41,42,January,18,0.9809,7.213328569205196,223.61318564536106,1.0,0.0,7.213328569205196
41,42,July,18,0.9809,7.213328569205196,223.61318564536106,1.0,0.0,7.213328569205196
41,42,June,18,0.9809,7.213328569205203,216.39985707615608,1.0,0.0,7.213328569205203
41,42,June,20,0.9809,2.722063666666667,81.66191,1.0,0.0,2.722063666666667
41,42,June,21,0.9809,3.219903500000001,96.59710500000003,1.0,0.0,3.219903500000001
41,42,March,18,0.9809,7.213328569205196,223.61318564536106,1.0,0.0,7.213328569205196
41,42,May,18,0.9809,7.213328569205196,223.61318564536106,1.0,0.0,7.213328569205196
41,42,May,19,0.9809,3.4361977419354846,106.52213000000002,1.0,0.0,3.4361977419354846
41,42,May,20,0.9809,3.4361977419354846,106.52213000000002,1.0,0.0,3.4361977419354846
41,42,November,18,0.9809,7.213328569205196,216.39985707615585,1.0,0.0,7.213328569205196
41,42,October,18,0.9809,7.213328569205203,223.61318564536128,1.0,0.0,7.213328569205203
41,42,September,18,0.9809,7.213328569205196,216.39985707615585,1.0,0.0,7.213328569205196
43,44,April,28,1.3113,11.474476251859343,344.23428755578027,1.0,0.0,11.474476251859343
43,44,April,29,1.3113,39.776976223279604,1193.3092866983882,1.0,1.0,19.776976223279604
43,44,August,29,1.3113,18.050247432149412,559.5576703966318,1.0,0.0,18.050247432149412
43,44,July,29,1.3113,20.601529342524373,638.6474096182556,1.0,1.0,0.6015293425243726
43,44,June,28,1.3113,0.1,3.0,1.0,0.0,0.1
43,44,June,29,1.3113,27.210378328740184,816.3113498622055,1.0,1.0,7.210378328740184
43,44,May,29,1.3113,20.601529342524373,638.6474096182556,1.0,1.0,0.6015293425243726
43,44,September,29,1.3113,20.601529342524373,618.0458802757312,1.0,1.0,0.6015293425243726
43,50,April,17,1.1113,2.506715844364386,75.20147533093159,1.0,0.0,2.506715844364386
43,50,August,17,1.1113,2.506715844364386,77.70819117529598,1.0,0.0,2.506715844364386
43,50,August,29,1.1113,2.5512819103749607,79.08973922162377,1.0,0.0,2.5512819103749607
43,50,December,17,1.1113,2.506715844364386,77.70819117529598,1.0,0.0,2.506715844364386
43,50,December,29,1.1113,20.601529342524373,638.6474096182556,1.0,1.0,0.6015293425243726
43,50,February,17,1.1113,2.506715844364386,70.18804364220281,1.0,0.0,2.506715844364386
43,50,February,29,1.1113,20.601529342524373,576.8428215906824,1.0,1.0,0.6015293425243726
43,50,January,17,1.1113,2.506715844364386,77.70819117529598,1.0,0.0,2.506715844364386
43,50,January,29,1.1113,20.601529342524373,638.6474096182556,1.0,1.0,0.6015293425243726
43,50,July,17,1.1113,2.506715844364386,77.70819117529598,1.0,0.0,2.506715844364386
43,50,June,17,1.1113,2.506715844364386,75.20147533093159,1.0,0.0,2.506715844364386
43,50,March,17,1.1113,2.506715844364386,77.70819117529598,1.0,0.0,2.506715844364386
43,50,March,29,1.1113,20.601529342524373,638.6474096182556,1.0,1.0,0.6015293425243726
43,50,May,17,1.1113,0.5936158950511459,18.402092746585524,1.0,0.0,0.5936158950511459
43,50,November,17,1.1113,2.506715844364386,75.20147533093159,1.0,0.0,2.506715844364386
43,50,November,29,1.1113,20.601529342524373,618.0458802757312,1.0,1.0,0.6015293425243726
43,50,October,17,1.1113,2.506715844364386,77.70819117529598,1.0,0.0,2.506715844364386
43,50,October,29,1.1113,20.601529342524373,638.6474096182556,1.0,1.0,0.6015293425243726
43,50,September,17,1.1113,2.55082,76.52459999999999,1.0,0.0,2.55082
43,51,March,19,1.2236,3.571452016129032,110.7150125,1.0,0.0,3.571452016129032
43,51,May,17,1.2236,1.9130999493132403,59.30609842871045,1.0,0.0,1.9130999493132403
44,43,April,35,1.3113,3.299074864944984,98.97224594834952,1.0,0.0,3.299074864944984
44,43,August,35,1.3113,3.299074864944984,102.27132081329451,1.0,0.0,3.299074864944984
44,43,December,35,1.3113,3.299074864944984,102.27132081329451,1.0,0.0,3.299074864944984
44,43,February,35,1.3113,3.299074864944984,92.37409621845956,1.0,0.0,3.299074864944984
44,43,January,35,1.3113,3.299074864944984,102.27132081329451,1.0,0.0,3.299074864944984
44,43,July,35,1.3113,3.299074864944984,102.27132081329451,1.0,0.0,3.299074864944984
44,43,June,35,1.3113,3.299074864944984,98.97224594834952,1.0,0.0,3.299074864944984
44,43,March,20,1.3113,4.050113047824473,125.55350448255867,1.0,0.0,4.050113047824473
44,43,March,21,1.3113,5.405342702630647,167.56562378155007,1.0,0.0,5.405342702630647
44,43,March,35,1.3113,3.299074864944984,102.27132081329451,1.0,0.0,3.299074864944984
44,43,May,35,1.3113,3.299074864944984,102.27132081329451,1.0,0.0,3.299074864944984
44,43,November,35,1.3113,3.299074864944984,98.97224594834952,1.0,0.0,3.299074864944984
44,43,October,35,1.3113,3.299074864944984,102.27132081329451,1.0,0.0,3.299074864944984
44,43,September,20,1.3113,3.056371733308346,91.69115199925038,1.0,0.0,3.056371733308346
44,43,September,35,1.3113,3.299074864944984,98.97224594834952,1.0,0.0,3.299074864944984
44,52,April,19,1.3985,10.943882670396498,328.3164801118949,1.0,0.0,10.943882670396498
44,52,June,19,1.3985,0.1,3.0,1.0,0.0,0.1
45,44,April,28,1.4524,4.262270179230768,127.86810537692304,1.0,0.0,4.262270179230768
45,44,August,28,1.4524,4.262270179230768,132.1303755561538,1.0,0.0,4.262270179230768
45,44,December,28,1.4524,4.262270179230768,132.1303755561538,1.0,0.0,4.262270179230768
45,44,February,28,1.4524,4.262270179230768,119.3435650184615,1.0,0.0,4.262270179230768
45,44,January,28,1.4524,4.262270179230768,132.1303755561538,1.0,0.0,4.262270179230768
45,44,July,28,1.4524,4.262270179230768,132.1303755561538,1.0,0.0,4.262270179230768
45,44,June,27,1.4524,16.546575128418084,496.3972538525425,1.0,0.0,16.546575128418084
45,44,June,28,1.4524,36.615521113251724,1098.4656333975518,1.0,1.0,16.615521113251724
45,44,June,30,1.4524,24.318906671556427,729.5672001466928,1.0,1.0,4.318906671556427
45,44,June,31,1.4524,8.318221723677699,249.54665171033096,1.0,0.0,8.318221723677699
45,44,June,32,1.4524,7.001069589381473,210.03208768144418,1.0,0.0,7.001069589381473
45,44,June,33,1.4524,0.3715368164974109,11.146104494922326,1.0,0.0,0.3715368164974109
45,44,March,28,1.4524,4.262270179230768,132.1303755561538,1.0,0.0,4.262270179230768
45,44,May,28,1.4524,4.262270179230768,132.1303755561538,1.0,0.0,4.262270179230768
45,44,November,28,1.4524,4.262270179230768,127.86810537692304,1.0,0.0,4.262270179230768
45,44,October,28,1.4524,4.262270179230768,132.1303755561538,1.0,0.0,4.262270179230768
45,44,September,28,1.4524,4.262270179230768,127.86810537692304,1.0,0.0,4.262270179230768
45,53,April,3,1.3256,1.187102510764852,35.61307532294556,1.0,0.0,1.187102510764852
45,53,April,4,1.3256,4.356889244334958,130.70667733004876,1.0,0.0,4.356889244334958
45,53,April,13,1.3256,10.00594264,300.1782792,1.0,0.0,10.00594264
45,53,April,17,1.3256,4.793038640369087,143.7911592110726,1.0,0.0,4.793038640369087
45,53,April,18,1.3256,4.859656639377135,145.78969918131406,1.0,0.0,4.859656639377135
45,53,August,3,1.3256,1.187102510764852,36.800177833710414,1.0,0.0,1.187102510764852
45,53,August,4,1.3256,4.356889244334958,135.0635665743837,1.0,0.0,4.356889244334958
45,53,December,3,1.3256,1.187102510764852,36.800177833710414,1.0,0.0,1.187102510764852
45,53,December,4,1.3256,4.356889244334958,135.0635665743837,1.0,0.0,4.356889244334958
45,53,February,3,1.3256,1.187102510764852,33.23887030141586,1.0,0.0,1.187102510764852
45,53,February,4,1.3256,4.356889244334958,121.99289884137883,1.0,0.0,4.356889244334958
45,53,January,3,1.3256,1.187102510764852,36.800177833710414,1.0,0.0,1.187102510764852
45,53,January,4,1.3256,4.356889244334958,135.0635665743837,1.0,0.0,4.356889244334958
45,53,July,3,1.3256,1.187102510764852,36.800177833710414,1.0,0.0,1.187102510764852
45,53,July,4,1.3256,4.356889244334958,135.0635665743837,1.0,0.0,4.356889244334958
45,53,June,3,1.3256,1.187102510764852,35.61307532294556,1.0,0.0,1.187102510764852
45,53,June,4,1.3256,4.356889244334958,130.70667733004876,1.0,0.0,4.356889244334958
45,53,June,7,1.3256,0.16839066666666666,5.0517199999999995,1.0,0.0,0.16839066666666666
45,53,June,13,1.3256,23.45890017666666,703.7670052999998,1.0,1.0,3.45890017666666
45,53,June,17,1.3256,3.1058211609991346,93.17463482997404,1.0,0.0,3.1058211609991346
45,53,June,34,1.3256,0.4023066820957548,12.069200462872644,1.0,0.0,0.4023066820957548
45,53,March,3,1.3256,1.187102510764852,36.800177833710414,1.0,0.0,1.187102510764852
45,53,March,4,1.3256,4.356889244334958,135.0635665743837,1.0,0.0,4.356889244334958
45,53,May,3,1.3256,1.187102510764852,36.800177833710414,1.0,0.0,1.187102510764852
45,53,May,4,1.3256,4.356889244334958,135.0635665743837,1.0,0.0,4.356889244334958
45,53,November,3,1.3256,1.187102510764852,35.61307532294556,1.0,0.0,1.187102510764852
45,53,November,4,1.3256,4.356889244334958,130.70667733004876,1.0,0.0,4.356889244334958
45,53,October,3,1.3256,1.187102510764852,36.800177833710414,1.0,0.0,1.187102510764852
45,53,October,4,1.3256,4.356889244334958,135.0635665743837,1.0,0.0,4.356889244334958
45,53,September,3,1.3256,1.187102510764852,35.61307532294556,1.0,0.0,1.187102510764852
45,53,September,4,1.3256,4.356889244334958,130.70667733004876,1.0,0.0,4.356889244334958
47,46,April,15,1.3839,6.8878441543703435,206.6353246311103,1.0,0.0,6.8878441543703435
47,46,April,17,1.3839,8.855377440273614,265.6613232082084,1.0,0.0,8.855377440273614
47,46,August,17,1.3839,8.855377440273614,274.516700648482,1.0,0.0,8.855377440273614
47,46,December,17,1.3839,8.855377440273614,274.516700648482,1.0,0.0,8.855377440273614
47,46,February,17,1.3839,8.855377440273614,247.9505683276612,1.0,0.0,8.855377440273614
47,46,January,17,1.3839,8.855377440273614,274.516700648482,1.0,0.0,8.855377440273614
47,46,July,17,1.3839,8.855377440273614,274.516700648482,1.0,0.0,8.855377440273614
47,46,June,14,1.3839,7.208612041864713,216.2583612559414,1.0,0.0,7.208612041864713
47,46,June,15,1.3839,8.76431348775029,262.9294046325087,1.0,0.0,8.76431348775029
47,46,June,16,1.3839,7.032269095226155,210.96807285678466,1.0,0.0,7.032269095226155
47,46,June,17,1.3839,8.855377440273614,265.6613232082084,1.0,0.0,8.855377440273614
47,46,March,17,1.3839,8.855377440273614,274.516700648482,1.0,0.0,8.855377440273614
47,46,May,15,1.3839,5.809620240438466,180.09822745359244,1.0,0.0,5.809620240438466
47,46,May,16,1.3839,7.032269095226155,218.0003419520108,1.0,0.0,7.032269095226155
47,46,May,17,1.3839,13.237564965244886,410.36451392259147,1.0,0.0,13.237564965244886
47,46,May,18,1.3839,3.0119528486303153,93.37053830753977,1.0,0.0,3.0119528486303153
47,46,May,19,1.3839,18.794096765872595,582.6169997420504,1.0,0.0,18.794096765872595
47,46,November,17,1.3839,8.855377440273614,265.6613232082084,1.0,0.0,8.855377440273614
47,46,October,17,1.3839,8.855377440273614,274.516700648482,1.0,0.0,8.855377440273614
47,46,September,17,1.3839,8.855377440273614,265.6613232082084,1.0,0.0,8.855377440273614
48,39,April,25,1.4229,1.4374645490640958,43.123936471922875,1.0,0.0,1.4374645490640958
48,39,August,25,1.4229,1.4374645490640958,44.56140102098697,1.0,0.0,1.4374645490640958
48,39,December,25,1.4229,1.4374645490640958,44.56140102098697,1.0,0.0,1.4374645490640958
48,39,February,25,1.4229,1.4374645490640958,40.24900737379468,1.0,0.0,1.4374645490640958
48,39,January,25,1.4229,1.4374645490640958,44.56140102098697,1.0,0.0,1.4374645490640958
48,39,July,25,1.4229,1.4374645490640958,44.56140102098697,1.0,0.0,1.4374645490640958
48,39,June,25,1.4229,2.7661988651975875,82.98596595592763,1.0,0.0,2.7661988651975875
48,39,March,25,1.4229,1.4374645490640958,44.56140102098697,1.0,0.0,1.4374645490640958
48,39,May,25,1.4229,1.4374645490640958,44.56140102098697,1.0,0.0,1.4374645490640958
48,39,November,25,1.4229,1.4374645490640958,43.123936471922875,1.0,0.0,1.4374645490640958
48,39,October,25,1.4229,1.4374645490640958,44.56140102098697,1.0,0.0,1.4374645490640958
48,39,September,25,1.4229,1.4374645490640958,43.123936471922875,1.0,0.0,1.4374645490640958
48,40,April,24,1.1288,1.4374645490640958,43.123936471922875,1.0,0.0,1.4374645490640958
48,40,August,24,1.1288,1.4374645490640958,44.56140102098697,1.0,0.0,1.4374645490640958
48,40,December,24,1.1288,1.4374645490640958,44.56140102098697,1.0,0.0,1.4374645490640958
48,40,February,24,1.1288,1.4374645490640958,40.24900737379468,1.0,0.0,1.4374645490640958
48,40,January,24,1.1288,1.4374645490640958,44.56140102098697,1.0,0.0,1.4374645490640958
48,40,July,24,1.1288,1.4374645490640958,44.56140102098697,1.0,0.0,1.4374645490640958
48,40,June,24,1.1288,7.305958549064094,219.17875647192284,1.0,0.0,7.305958549064094
48,40,June,25,1.1288,4.734568350533181,142.03705051599542,1.0,0.0,4.734568350533181
48,40,March,24,1.1288,1.4374645490640958,44.56140102098697,1.0,0.0,1.4374645490640958
48,40,May,24,1.1288,1.4374645490640958,44.56140102098697,1.0,0.0,1.4374645490640958
48,40,November,24,1.1288,1.4374645490640958,43.123936471922875,1.0,0.0,1.4374645490640958
48,40,October,24,1.1288,1.4374645490640958,44.56140102098697,1.0,0.0,1.4374645490640958
48,40,September,24,1.1288,1.4374645490640958,43.123936471922875,1.0,0.0,1.4374645490640958
50,43,April,2,1.1113,1.002375122423004,30.07125367269012,1.0,0.0,1.002375122423004
50,43,April,3,1.1113,0.7557997298061849,22.673991894185548,1.0,0.0,0.7557997298061849
50,43,April,34,1.1113,1.9037130270610447,57.11139081183134,1.0,0.0,1.9037130270610447
50,43,August,2,1.1113,1.002375122423004,31.073628795113123,1.0,0.0,1.002375122423004
50,43,August,3,1.1113,0.7557997298061849,23.429791623991733,1.0,0.0,0.7557997298061849
50,43,August,34,1.1113,1.9037130270610447,59.01510383889239,1.0,0.0,1.9037130270610447
50,43,December,2,1.1113,1.002375122423004,31.073628795113123,1.0,0.0,1.002375122423004
50,43,December,3,1.1113,0.7557997298061849,23.429791623991733,1.0,0.0,0.7557997298061849
50,43,December,34,1.1113,1.9037130270610447,59.01510383889239,1.0,0.0,1.9037130270610447
50,43,February,2,1.1113,1.002375122423004,28.06650342784411,1.0,0.0,1.002375122423004
50,43,February,3,1.1113,0.7557997298061849,21.162392434573178,1.0,0.0,0.7557997298061849
50,43,February,34,1.1113,1.9037130270610447,53.30396475770925,1.0,0.0,1.9037130270610447
50,43,January,2,1.1113,1.002375122423004,31.073628795113123,1.0,0.0,1.002375122423004
50,43,January,3,1.1113,0.7557997298061849,23.429791623991733,1.0,0.0,0.7557997298061849
50,43,January,34,1.1113,1.9037130270610447,59.01510383889239,1.0,0.0,1.9037130270610447
50,43,July,2,1.1113,1.002375122423004,31.073628795113123,1.0,0.0,1.002375122423004
50,43,July,3,1.1113,0.7557997298061849,23.429791623991733,1.0,0.0,0.7557997298061849
50,43,July,34,1.1113,1.9037130270610447,59.01510383889239,1.0,0.0,1.9037130270610447
50,43,June,2,1.1113,1.002375122423004,30.07125367269012,1.0,0.0,1.002375122423004
50,43,June,3,1.1113,0.7557997298061849,22.673991894185548,1.0,0.0,0.7557997298061849
50,43,June,25,1.1113,3.4204081632653063,102.61224489795919,1.0,0.0,3.4204081632653063
50,43,June,26,1.1113,1.579591836734694,47.38775510204082,1.0,0.0,1.579591836734694
50,43,June,34,1.1113,1.9037130270610447,57.11139081183134,1.0,0.0,1.9037130270610447
50,43,March,2,1.1113,1.002375122423004,31.073628795113123,1.0,0.0,1.002375122423004
50,43,March,3,1.1113,0.7557997298061849,23.429791623991733,1.0,0.0,0.7557997298061849
50,43,March,34,1.1113,1.9037130270610447,59.01510383889239,1.0,0.0,1.9037130270610447
50,43,May,2,1.1113,1.002375122423004,31.073628795113123,1.0,0.0,1.002375122423004
50,43,May,3,1.1113,0.7557997298061849,23.429791623991733,1.0,0.0,0.7557997298061849
50,43,May,34,1.1113,1.9037130270610447,59.01510383889239,1.0,0.0,1.9037130270610447
50,43,November,2,1.1113,1.002375122423004,30.07125367269012,1.0,0.0,1.002375122423004
50,43,November,3,1.1113,0.7557997298061849,22.673991894185548,1.0,0.0,0.7557997298061849
50,43,November,34,1.1113,1.9037130270610447,57.11139081183134,1.0,0.0,1.9037130270610447
50,43,October,2,1.1113,1.002375122423004,31.073628795113123,1.0,0.0,1.002375122423004
50,43,October,3,1.1113,0.7557997298061849,23.429791623991733,1.0,0.0,0.7557997298061849
50,43,October,34,1.1113,1.9037130270610447,59.01510383889239,1.0,0.0,1.9037130270610447
50,43,September,2,1.1113,1.002375122423004,30.07125367269012,1.0,0.0,1.002375122423004
50,43,September,3,1.1113,0.7557997298061849,22.673991894185548,1.0,0.0,0.7557997298061849
50,43,September,34,1.1113,1.9037130270610447,57.11139081183134,1.0,0.0,1.9037130270610447
50,51,April,3,1.3007,2.5949446983592495,77.84834095077748,1.0,0.0,2.5949446983592495
50,51,August,3,1.3007,2.5949446983592495,80.44328564913673,1.0,0.0,2.5949446983592495
50,51,December,3,1.3007,2.5949446983592495,80.44328564913673,1.0,0.0,2.5949446983592495
50,51,February,3,1.3007,2.5949446983592495,72.65845155405898,1.0,0.0,2.5949446983592495
50,51,January,3,1.3007,2.5949446983592495,80.44328564913673,1.0,0.0,2.5949446983592495
50,51,July,3,1.3007,2.5949446983592495,80.44328564913673,1.0,0.0,2.5949446983592495
50,51,June,3,1.3007,2.5949446983592495,77.84834095077748,1.0,0.0,2.5949446983592495
50,51,March,3,1.3007,2.5949446983592495,80.44328564913673,1.0,0.0,2.5949446983592495
50,51,May,3,1.3007,2.5949446983592495,80.44328564913673,1.0,0.0,2.5949446983592495
50,51,November,3,1.3007,2.5949446983592495,77.84834095077748,1.0,0.0,2.5949446983592495
50,51,October,3,1.3007,2.5949446983592495,80.44328564913673,1.0,0.0,2.5949446983592495
50,51,September,3,1.3007,2.5949446983592495,77.84834095077748,1.0,0.0,2.5949446983592495
51,43,April,39,1.2236,2.074027928666169,62.22083785998507,1.0,0.0,2.074027928666169
51,43,August,39,1.2236,2.074027928666169,64.29486578865124,1.0,0.0,2.074027928666169
51,43,December,39,1.2236,2.074027928666169,64.29486578865124,1.0,0.0,2.074027928666169
51,43,February,39,1.2236,2.074027928666169,58.07278200265273,1.0,0.0,2.074027928666169
51,43,January,39,1.2236,2.074027928666169,64.29486578865124,1.0,0.0,2.074027928666169
51,43,July,39,1.2236,2.074027928666169,64.29486578865124,1.0,0.0,2.074027928666169
51,43,June,39,1.2236,2.074027928666169,62.22083785998507,1.0,0.0,2.074027928666169
51,43,March,39,1.2236,2.074027928666169,64.29486578865124,1.0,0.0,2.074027928666169
51,43,May,38,1.2236,0.4913632483177143,15.232260697849142,1.0,0.0,0.4913632483177143
51,43,May,39,1.2236,2.074027928666169,64.29486578865124,1.0,0.0,2.074027928666169
51,43,November,39,1.2236,2.074027928666169,62.22083785998507,1.0,0.0,2.074027928666169
51,43,October,39,1.2236,2.074027928666169,64.29486578865124,1.0,0.0,2.074027928666169
51,43,September,39,1.2236,2.074027928666169,62.22083785998507,1.0,0.0,2.074027928666169
52,44,April,23,1.3985,12.062127433278171,361.86382299834514,1.0,0.0,12.062127433278171
52,44,April,32,1.3985,2.2013496849403715,66.04049054821115,1.0,0.0,2.2013496849403715
52,44,August,23,1.3985,18.057448756019852,559.7809114366154,1.0,0.0,18.057448756019852
52,44,December,23,1.3985,12.062127433278171,373.9259504316233,1.0,0.0,12.062127433278171
52,44,February,23,1.3985,15.383996004706741,430.75188813178875,1.0,0.0,15.383996004706741
52,44,January,23,1.3985,12.062127433278171,373.9259504316233,1.0,0.0,12.062127433278171
52,44,July,23,1.3985,12.062127433278171,373.9259504316233,1.0,0.0,12.062127433278171
52,44,June,23,1.3985,12.062127433278171,361.86382299834514,1.0,0.0,12.062127433278171
52,44,June,32,1.3985,1.9917588455588984,59.75276536676695,1.0,0.0,1.9917588455588984
52,44,March,23,1.3985,12.062127433278171,373.9259504316233,1.0,0.0,12.062127433278171
52,44,May,23,1.3985,12.062127433278171,373.9259504316233,1.0,0.0,12.062127433278171
52,44,November,23,1.3985,12.062127433278171,361.86382299834514,1.0,0.0,12.062127433278171
52,44,October,23,1.3985,12.062127433278171,373.9259504316233,1.0,0.0,12.062127433278171
52,44,September,23,1.3985,18.057448756019852,541.7234626805955,1.0,0.0,18.057448756019852
52,53,April,16,1.3386,7.234889686478354,217.04669059435062,1.0,0.0,7.234889686478354
52,53,April,18,1.3386,12.66743798829949,380.0231396489847,1.0,0.0,12.66743798829949
52,53,April,23,1.3386,5.995321322741681,179.85963968225042,1.0,0.0,5.995321322741681
52,53,December,23,1.3386,5.995321322741681,185.8549610049921,1.0,0.0,5.995321322741681
52,53,February,23,1.3386,2.6734527513131106,74.8566770367671,1.0,0.0,2.6734527513131106
52,53,January,23,1.3386,5.995321322741681,185.8549610049921,1.0,0.0,5.995321322741681
52,53,July,23,1.3386,5.995321322741681,185.8549610049921,1.0,0.0,5.995321322741681
52,53,June,23,1.3386,5.995321322741681,179.85963968225042,1.0,0.0,5.995321322741681
52,53,March,23,1.3386,5.995321322741681,185.8549610049921,1.0,0.0,5.995321322741681
52,53,May,23,1.3386,5.995321322741681,185.8549610049921,1.0,0.0,5.995321322741681
52,53,November,23,1.3386,5.995321322741681,179.85963968225042,1.0,0.0,5.995321322741681
52,53,October,23,1.3386,5.995321322741681,185.8549610049921,1.0,0.0,5.995321322741681
53,52,April,27,1.3386,2.7613727296712263,82.8411818901368,1.0,0.0,2.7613727296712263
53,52,April,30,1.3386,12.35894892421845,370.76846772655347,1.0,0.0,12.35894892421845
53,52,April,31,1.3386,1.1617355382262993,34.85206614678898,1.0,0.0,1.1617355382262993
53,52,August,30,1.3386,0.1,3.1,1.0,0.0,0.1
53,52,December,30,1.3386,0.1,3.1,1.0,0.0,0.1
53,52,February,30,1.3386,0.1,2.8000000000000003,1.0,0.0,0.1
53,52,January,30,1.3386,0.1,3.1,1.0,0.0,0.1
53,52,July,30,1.3386,0.1,3.1,1.0,0.0,0.1
53,52,June,27,1.3386,0.3657688763378957,10.97306629013687,1.0,0.0,0.3657688763378957
53,52,June,30,1.3386,13.254146435382726,397.6243930614818,1.0,0.0,13.254146435382726
53,52,June,31,1.3386,5.434069288226297,163.0220786467889,1.0,0.0,5.434069288226297
53,52,March,30,1.3386,0.1,3.1,1.0,0.0,0.1
53,52,May,30,1.3386,0.1,3.1,1.0,0.0,0.1
53,52,November,30,1.3386,0.1,3.0,1.0,0.0,0.1
53,52,October,30,1.3386,0.1,3.1,1.0,0.0,0.1
53,52,September,30,1.3386,0.1,3.0,1.0,0.0,0.1
54,55,April,30,1.0452,6.465979113797252,193.97937341391759,1.0,0.0,6.465979113797252
54,55,April,31,1.0452,19.978693179490485,599.3607953847145,1.0,0.0,19.978693179490485
54,55,April,32,1.0452,0.6358719349729789,19.076158049189367,1.0,0.0,0.6358719349729789
54,55,April,34,1.0452,8.777874666666666,263.33624,1.0,0.0,8.777874666666666
54,55,April,35,1.0452,1.9632548333333335,58.897645000000004,1.0,0.0,1.9632548333333335
54,55,April,36,1.0452,2.001510529791666,60.04531589374999,1.0,0.0,2.001510529791666
54,55,August,32,1.0452,0.5927436290322579,18.375052499999995,1.0,0.0,0.5927436290322579
54,55,July,32,1.0452,0.6290479349729807,19.500485984162403,1.0,0.0,0.6290479349729807
54,55,July,34,1.0452,2.660311306279671,82.4696504946698,1.0,0.0,2.660311306279671
54,55,July,35,1.0452,0.22887146262789315,7.095015341464688,1.0,0.0,0.22887146262789315
54,55,June,30,1.0452,13.889389310463919,416.6816793139176,1.0,0.0,13.889389310463919
54,55,June,31,1.0452,23.774431929490483,713.2329578847144,1.0,1.0,3.7744319294904844
54,55,June,32,1.0452,0.6290479349729807,18.871438049189422,1.0,0.0,0.6290479349729807
54,55,June,34,1.0452,10.861076667043427,325.83230001130283,1.0,0.0,10.861076667043427
54,55,June,35,1.0452,7.799462031747282,233.98386095241847,1.0,0.0,7.799462031747282
54,55,May,31,1.0452,14.61498084615715,453.06440623087167,1.0,0.0,14.61498084615715
54,55,May,32,1.0452,0.6290479349729807,19.500485984162403,1.0,0.0,0.6290479349729807
54,55,May,34,1.0452,10.478840164711233,324.8440451060482,1.0,0.0,10.478840164711233
54,55,May,35,1.0452,4.246900494885956,131.65391534146465,1.0,0.0,4.246900494885956
55,54,April,17,1.0452,7.130409392686076,213.91228178058228,1.0,0.0,7.130409392686076
55,54,April,18,1.0452,2.379093389459726,71.37280168379178,1.0,0.0,2.379093389459726
55,54,April,23,1.0452,9.658680242270194,289.76040726810584,1.0,0.0,9.658680242270194
55,54,August,23,1.0452,8.28428957560353,256.81297684370946,1.0,0.0,8.28428957560353
55,54,December,23,1.0452,8.28428957560353,256.81297684370946,1.0,0.0,8.28428957560353
55,54,February,18,1.0452,1.3172169074353377,36.882073408189456,1.0,0.0,1.3172169074353377
55,54,February,23,1.0452,8.28428957560353,231.96010811689885,1.0,0.0,8.28428957560353
55,54,February,28,1.0452,0.25797306073970017,7.223245700711605,1.0,0.0,0.25797306073970017
55,54,January,23,1.0452,8.28428957560353,256.81297684370946,1.0,0.0,8.28428957560353
55,54,July,17,1.0452,1.603632958125333,49.712621701885325,1.0,0.0,1.603632958125333
55,54,July,18,1.0452,0.48438132507657805,15.01582107737392,1.0,0.0,0.48438132507657805
55,54,July,23,1.0452,8.28428957560353,256.81297684370946,1.0,0.0,8.28428957560353
55,54,June,8,1.0452,0.10218545931437771,3.0655637794313315,1.0,0.0,0.10218545931437771
55,54,June,9,1.0452,2.303023332968774,69.09069998906321,1.0,0.0,2.303023332968774
55,54,June,10,1.0452,2.0833019999999998,62.49905999999999,1.0,0.0,2.0833019999999998
55,54,June,23,1.0452,8.954687825603536,268.64063476810605,1.0,0.0,8.954687825603536
55,54,March,17,1.0452,1.2613422741991567,39.101610500173855,1.0,0.0,1.2613422741991567
55,54,March,18,1.0452,1.3172169074353377,40.83372413049547,1.0,0.0,1.3172169074353377
55,54,March,23,1.0452,8.28428957560353,256.81297684370946,1.0,0.0,8.28428957560353
55,54,May,23,1.0452,8.28428957560353,256.81297684370946,1.0,0.0,8.28428957560353
55,54,November,23,1.0452,8.28428957560353,248.5286872681059,1.0,0.0,8.28428957560353
55,54,October,23,1.0452,8.28428957560353,256.81297684370946,1.0,0.0,8.28428957560353
55,54,September,17,1.0452,3.3341785593527433,100.0253567805823,1.0,0.0,3.3341785593527433
55,54,September,18,1.0452,1.3172169074353377,39.51650722306013,1.0,0.0,1.3172169074353377
55,54,September,23,1.0452,8.28428957560353,248.5286872681059,1.0,0.0,8.28428957560353
