from_HexID,to_HexID,Month,TimeIndex,Distance_km,Energy_kWh_day,Energy_kWh_annual,Yarc,Trips,Tail_kWh
1,2,April,17,1.284,0.27029344225709906,8.108803267712972,1.0,0.0,0.27029344225709906
1,2,August,17,1.284,0.27029344225709906,8.37909670997007,1.0,0.0,0.27029344225709906
1,2,December,17,1.284,0.27029344225709906,8.37909670997007,1.0,0.0,0.27029344225709906
1,2,February,17,1.284,0.27029344225709906,7.568216383198774,1.0,0.0,0.27029344225709906
1,2,January,17,1.284,0.27029344225709906,8.37909670997007,1.0,0.0,0.27029344225709906
1,2,July,17,1.284,0.27029344225709906,8.37909670997007,1.0,0.0,0.27029344225709906
1,2,June,17,1.284,0.27029344225709906,8.108803267712972,1.0,0.0,0.27029344225709906
1,2,March,17,1.284,0.27029344225709906,8.37909670997007,1.0,0.0,0.27029344225709906
1,2,May,17,1.284,0.27029344225709906,8.37909670997007,1.0,0.0,0.27029344225709906
1,2,November,17,1.284,0.27029344225709906,8.108803267712972,1.0,0.0,0.27029344225709906
1,2,October,17,1.284,0.27029344225709906,8.37909670997007,1.0,0.0,0.27029344225709906
1,2,September,17,1.284,0.27029344225709906,8.108803267712972,1.0,0.0,0.27029344225709906
1,9,April,17,1.236,3.4113217965985356,102.33965389795607,1.0,0.0,3.4113217965985356
1,9,April,20,1.236,1.8586115171267412,55.75834551380224,1.0,0.0,1.8586115171267412
1,9,August,17,1.236,3.4113217965985356,105.7509756945546,1.0,0.0,3.4113217965985356
1,9,December,17,1.236,3.4113217965985356,105.7509756945546,1.0,0.0,3.4113217965985356
1,9,February,17,1.236,3.4113217965985356,95.517010304759,1.0,0.0,3.4113217965985356
1,9,January,17,1.236,3.4113217965985356,105.7509756945546,1.0,0.0,3.4113217965985356
1,9,July,17,1.236,3.4113217965985356,105.7509756945546,1.0,0.0,3.4113217965985356
1,9,June,17,1.236,3.4113217965985356,102.33965389795607,1.0,0.0,3.4113217965985356
1,9,June,20,1.236,9.702370244473473,291.07110733420416,1.0,0.0,9.702370244473473
1,9,March,17,1.236,3.4113217965985356,105.7509756945546,1.0,0.0,3.4113217965985356
1,9,May,17,1.236,3.4113217965985356,105.7509756945546,1.0,0.0,3.4113217965985356
1,9,May,19,1.236,0.9190756485984153,28.491345106550874,1.0,0.0,0.9190756485984153
1,9,May,20,1.236,4.41781313351937,136.9522071391005,1.0,0.0,4.41781313351937
1,9,November,17,1.236,3.4113217965985356,102.33965389795607,1.0,0.0,3.4113217965985356
1,9,October,17,1.236,3.4113217965985356,105.7509756945546,1.0,0.0,3.4113217965985356
1,9,September,17,1.236,3.4113217965985356,102.33965389795607,1.0,0.0,3.4113217965985356
2,9,April,19,1.124,3.3479488244405857,100.43846473321757,1.0,0.0,3.3479488244405857
2,9,April,20,1.124,8.815846756639095,264.47540269917283,1.0,0.0,8.815846756639095
2,9,April,21,1.124,1.82253033493906,54.6759100481718,1.0,0.0,1.82253033493906
2,9,July,20,1.124,0.1,3.1,1.0,0.0,0.1
2,9,June,19,1.124,3.5857061577739273,107.57118473321782,1.0,0.0,3.5857061577739273
2,9,June,20,1.124,8.815846756639095,264.47540269917283,1.0,0.0,8.815846756639095
2,9,June,21,1.124,6.068241184153243,182.0472355245973,1.0,0.0,6.068241184153243
2,9,May,19,1.124,7.615912059207663,236.09327383543754,1.0,0.0,7.615912059207663
2,9,May,20,1.124,8.815846756639095,273.29124945581196,1.0,0.0,8.815846756639095
2,9,May,21,1.124,6.068241184153243,188.11547670875055,1.0,0.0,6.068241184153243
4,11,April,38,1.2756,0.6994932056428098,20.984796169284294,1.0,0.0,0.6994932056428098
4,11,August,38,1.2756,0.6994932056428098,21.684289374927104,1.0,0.0,0.6994932056428098
4,11,December,38,1.2756,0.6994932056428098,21.684289374927104,1.0,0.0,0.6994932056428098
4,11,February,38,1.2756,0.6994932056428098,19.585809757998675,1.0,0.0,0.6994932056428098
4,11,January,38,1.2756,0.6994932056428098,21.684289374927104,1.0,0.0,0.6994932056428098
4,11,July,38,1.2756,0.6994932056428098,21.684289374927104,1.0,0.0,0.6994932056428098
4,11,June,38,1.2756,0.6994932056428098,20.984796169284294,1.0,0.0,0.6994932056428098
4,11,March,38,1.2756,0.6994932056428098,21.684289374927104,1.0,0.0,0.6994932056428098
4,11,May,38,1.2756,0.6994932056428098,21.684289374927104,1.0,0.0,0.6994932056428098
4,11,November,38,1.2756,0.6994932056428098,20.984796169284294,1.0,0.0,0.6994932056428098
4,11,October,38,1.2756,0.6994932056428098,21.684289374927104,1.0,0.0,0.6994932056428098
4,11,September,38,1.2756,0.6994932056428098,20.984796169284294,1.0,0.0,0.6994932056428098
7,8,April,24,1.1712,1.153809322852176,34.61427968556528,1.0,0.0,1.153809322852176
7,8,August,24,1.1712,1.153809322852176,35.768089008417455,1.0,0.0,1.153809322852176
7,8,December,24,1.1712,1.153809322852176,35.768089008417455,1.0,0.0,1.153809322852176
7,8,February,24,1.1712,1.153809322852176,32.30666103986093,1.0,0.0,1.153809322852176
7,8,January,24,1.1712,1.153809322852176,35.768089008417455,1.0,0.0,1.153809322852176
7,8,July,24,1.1712,1.153809322852176,35.768089008417455,1.0,0.0,1.153809322852176
7,8,June,24,1.1712,1.153809322852176,34.61427968556528,1.0,0.0,1.153809322852176
7,8,March,24,1.1712,1.153809322852176,35.768089008417455,1.0,0.0,1.153809322852176
7,8,May,24,1.1712,1.153809322852176,35.768089008417455,1.0,0.0,1.153809322852176
7,8,November,24,1.1712,1.153809322852176,34.61427968556528,1.0,0.0,1.153809322852176
7,8,October,24,1.1712,1.153809322852176,35.768089008417455,1.0,0.0,1.153809322852176
7,8,September,24,1.1712,1.153809322852176,34.61427968556528,1.0,0.0,1.153809322852176
8,1,April,21,1.1788,6.705008401144934,201.150252034348,1.0,0.0,6.705008401144934
8,1,June,21,1.1788,7.998589984478269,239.95769953434805,1.0,0.0,7.998589984478269
8,1,May,21,1.1788,8.760569597540112,271.5776575237435,1.0,0.0,8.760569597540112
9,1,June,23,1.236,7.668366749038569,230.05100247115706,1.0,0.0,7.668366749038569
9,1,June,29,1.236,1.9194504850372098,57.583514551116295,1.0,0.0,1.9194504850372098
10,9,April,34,1.4594,8.033498168468917,241.0049450540675,1.0,0.0,8.033498168468917
10,9,August,34,1.4594,5.620918173845261,174.2484633892031,1.0,0.0,5.620918173845261
10,9,January,34,1.4594,7.158180835135584,221.90360588920308,1.0,0.0,7.158180835135584
10,9,July,34,1.4594,9.455763194440486,293.1286590276551,1.0,0.0,9.455763194440486
10,9,June,34,1.4594,9.455763194440486,283.67289583321457,1.0,0.0,9.455763194440486
10,9,March,34,1.4594,9.455763194440486,293.1286590276551,1.0,0.0,9.455763194440486
10,9,May,20,1.4594,3.0819894799585086,95.54167387871377,1.0,0.0,3.0819894799585086
10,9,May,34,1.4594,9.455763194440486,293.1286590276551,1.0,0.0,9.455763194440486
10,9,November,34,1.4594,9.455763194440486,283.67289583321457,1.0,0.0,9.455763194440486
10,9,September,34,1.4594,0.912704418468917,27.381132554067513,1.0,0.0,0.912704418468917
10,11,April,34,1.1045,1.4222650259715692,42.66795077914708,1.0,0.0,1.4222650259715692
10,11,August,34,1.1045,3.8348450205952247,118.88019563845197,1.0,0.0,3.8348450205952247
10,11,December,34,1.1045,9.455763194440486,293.1286590276551,1.0,0.0,9.455763194440486
10,11,February,34,1.1045,9.455763194440486,264.7613694443336,1.0,0.0,9.455763194440486
10,11,January,34,1.1045,2.2975823593049025,71.22505313845198,1.0,0.0,2.2975823593049025
10,11,October,34,1.1045,9.455763194440486,293.1286590276551,1.0,0.0,9.455763194440486
10,11,September,34,1.1045,8.54305877597157,256.2917632791471,1.0,0.0,8.54305877597157
11,4,April,17,1.2756,0.1,3.0,1.0,0.0,0.1
11,4,April,18,1.2756,3.846646307313467,115.39938921940401,1.0,0.0,3.846646307313467
11,4,April,25,1.2756,5.76707232007724,173.01216960231721,1.0,0.0,5.76707232007724
11,4,April,26,1.2756,0.1,3.0,1.0,0.0,0.1
11,4,April,27,1.2756,23.182711649912605,695.4813494973781,1.0,1.0,3.182711649912573
11,4,April,33,1.2756,11.878964693614122,356.36894080842364,1.0,0.0,11.878964693614122
11,4,August,27,1.2756,2.1478233999125678,66.5825253972896,1.0,0.0,2.1478233999125678
11,4,August,33,1.2756,11.878964693614122,368.2479055020378,1.0,0.0,11.878964693614122
11,4,December,27,1.2756,2.1478233999125678,66.5825253972896,1.0,0.0,2.1478233999125678
11,4,December,33,1.2756,11.878964693614122,368.2479055020378,1.0,0.0,11.878964693614122
11,4,February,27,1.2756,2.1478233999125678,60.1390551975519,1.0,0.0,2.1478233999125678
11,4,February,33,1.2756,11.878964693614122,332.6110114211954,1.0,0.0,11.878964693614122
11,4,January,27,1.2756,2.1478233999125678,66.5825253972896,1.0,0.0,2.1478233999125678
11,4,January,33,1.2756,11.878964693611238,368.24790550194837,1.0,0.0,11.878964693611238
11,4,July,27,1.2756,2.1478233999125678,66.5825253972896,1.0,0.0,2.1478233999125678
11,4,July,33,1.2756,11.878964693611238,368.24790550194837,1.0,0.0,11.878964693611238
11,4,June,17,1.2756,18.56403028966066,556.9209086898198,1.0,0.0,18.56403028966066
11,4,June,18,1.2756,13.967272609067091,419.01817827201273,1.0,0.0,13.967272609067091
11,4,June,19,1.2756,3.1537505368287526,94.61251610486258,1.0,0.0,3.1537505368287526
11,4,June,25,1.2756,0.1,3.0,1.0,0.0,0.1
11,4,June,26,1.2756,0.1,3.0,1.0,0.0,0.1
11,4,June,27,1.2756,22.729236503114848,681.8770950934454,1.0,1.0,2.7292365031145813
11,4,June,33,1.2756,11.878964693614122,356.36894080842364,1.0,0.0,11.878964693614122
11,4,March,27,1.2756,2.1478233999125678,66.5825253972896,1.0,0.0,2.1478233999125678
11,4,March,33,1.2756,11.878964693614122,368.2479055020378,1.0,0.0,11.878964693614122
11,4,May,15,1.2756,4.356509499206588,135.05179447540422,1.0,0.0,4.356509499206588
11,4,May,16,1.2756,2.528731895253145,78.3906887528475,1.0,0.0,2.528731895253145
11,4,May,17,1.2756,39.999999,1239.999969,1.0,1.0,19.999998999999725
11,4,May,18,1.2756,18.206030070470092,564.3869321845729,1.0,0.0,18.206030070470092
11,4,May,19,1.2756,16.88800345035125,523.5281069608887,1.0,0.0,16.88800345035125
11,4,May,20,1.2756,0.1,3.1,1.0,0.0,0.1
11,4,May,27,1.2756,2.1478233999125678,66.5825253972896,1.0,0.0,2.1478233999125678
11,4,May,33,1.2756,11.878964693614122,368.2479055020378,1.0,0.0,11.878964693614122
11,4,November,27,1.2756,2.1478233999125678,64.43470199737703,1.0,0.0,2.1478233999125678
11,4,November,33,1.2756,11.878964693614122,356.36894080842364,1.0,0.0,11.878964693614122
11,4,October,27,1.2756,2.1478233999125678,66.5825253972896,1.0,0.0,2.1478233999125678
11,4,October,33,1.2756,11.878964693614122,368.2479055020378,1.0,0.0,11.878964693614122
11,4,September,17,1.2756,1.6534342709211103,49.60302812763331,1.0,0.0,1.6534342709211103
11,4,September,27,1.2756,2.1478233999125678,64.43470199737703,1.0,0.0,2.1478233999125678
11,4,September,33,1.2756,11.878964693611238,356.36894080833713,1.0,0.0,11.878964693611238
11,10,April,21,1.1045,4.5185072195733795,135.5552165872014,1.0,0.0,4.5185072195733795
11,10,April,32,1.1045,11.022098271296898,330.6629481389069,1.0,0.0,11.022098271296898
11,10,April,33,1.1045,12.023109517448049,360.69328552344143,1.0,0.0,12.023109517448049
11,10,August,33,1.1045,12.023109517448049,372.7163950408895,1.0,0.0,12.023109517448049
11,10,December,33,1.1045,12.023109517448049,372.7163950408895,1.0,0.0,12.023109517448049
11,10,February,33,1.1045,12.023109517448049,336.64706648854536,1.0,0.0,12.023109517448049
11,10,January,33,1.1045,12.023109517450933,372.7163950409789,1.0,0.0,12.023109517450933
11,10,July,33,1.1045,12.023109517450933,372.7163950409789,1.0,0.0,12.023109517450933
11,10,June,21,1.1045,4.206648161476849,126.19944484430548,1.0,0.0,4.206648161476849
11,10,June,32,1.1045,34.29879454950839,1028.9638364852517,1.0,1.0,14.298794549508393
11,10,June,33,1.1045,12.023109517448049,360.69328552344143,1.0,0.0,12.023109517448049
11,10,March,33,1.1045,12.023109517448049,372.7163950408895,1.0,0.0,12.023109517448049
11,10,May,32,1.1045,11.02209827133599,341.68504641141567,1.0,0.0,11.02209827133599
11,10,May,33,1.1045,12.023109517448049,372.7163950408895,1.0,0.0,12.023109517448049
11,10,November,33,1.1045,12.023109517448049,360.69328552344143,1.0,0.0,12.023109517448049
11,10,October,33,1.1045,12.023109517448049,372.7163950408895,1.0,0.0,12.023109517448049
11,10,September,33,1.1045,12.023109517450933,360.693285523528,1.0,0.0,12.023109517450933
12,19,December,23,1.113,1.2469470967741936,38.65536,1.0,0.0,1.2469470967741936
12,19,February,23,1.113,0.6789666165413522,19.01106526315786,1.0,0.0,0.6789666165413522
12,19,March,23,1.113,5.0542547735376235,156.68189797966633,1.0,0.0,5.0542547735376235
13,21,April,16,1.0012,1.3379891547825977,40.13967464347793,1.0,0.0,1.3379891547825977
13,21,August,16,1.0012,1.3379891547825977,41.47766379826053,1.0,0.0,1.3379891547825977
13,21,December,16,1.0012,1.3379891547825977,41.47766379826053,1.0,0.0,1.3379891547825977
13,21,February,16,1.0012,1.3379891547825977,37.463696333912736,1.0,0.0,1.3379891547825977
13,21,January,16,1.0012,1.3379891547825977,41.47766379826053,1.0,0.0,1.3379891547825977
13,21,July,16,1.0012,1.3379891547825977,41.47766379826053,1.0,0.0,1.3379891547825977
13,21,June,16,1.0012,1.3379891547825977,40.13967464347793,1.0,0.0,1.3379891547825977
13,21,March,16,1.0012,1.3379891547825977,41.47766379826053,1.0,0.0,1.3379891547825977
13,21,May,16,1.0012,1.3379891547825977,41.47766379826053,1.0,0.0,1.3379891547825977
13,21,November,16,1.0012,1.3379891547825977,40.13967464347793,1.0,0.0,1.3379891547825977
13,21,October,16,1.0012,1.3379891547825977,41.47766379826053,1.0,0.0,1.3379891547825977
13,21,September,16,1.0012,1.3379891547825977,40.13967464347793,1.0,0.0,1.3379891547825977
14,13,April,19,1.1531,11.267335714688766,338.020071440663,1.0,0.0,11.267335714688766
14,13,April,26,1.1531,2.744034106816663,82.3210232044999,1.0,0.0,2.744034106816663
14,13,April,28,1.1531,12.905228764308674,387.1568629292602,1.0,0.0,12.905228764308674
14,13,April,29,1.1531,19.064041920058926,571.9212576017678,1.0,0.0,19.064041920058926
14,13,April,30,1.1531,11.329154836499733,339.874645094992,1.0,0.0,11.329154836499733
14,13,April,33,1.1531,9.840666666666666,295.21999999999997,1.0,0.0,9.840666666666666
14,13,April,34,1.1531,9.840666666666666,295.21999999999997,1.0,0.0,9.840666666666666
14,13,April,35,1.1531,23.78400717327964,713.5202151983892,1.0,1.0,3.784007173279422
14,13,April,36,1.1531,15.095364459885062,452.8609337965519,1.0,0.0,15.095364459885062
14,13,August,26,1.1531,2.744034106816663,85.06505731131656,1.0,0.0,2.744034106816663
14,13,August,29,1.1531,8.727986812532048,270.5675911884935,1.0,0.0,8.727986812532048
14,13,August,30,1.1531,0.9930997289728545,30.78609159815849,1.0,0.0,0.9930997289728545
14,13,August,33,1.1531,4.6213465338922575,143.26174255066,1.0,0.0,4.6213465338922575
14,13,August,34,1.1531,8.007399193548387,248.229375,1.0,0.0,8.007399193548387
14,13,August,35,1.1531,23.784007173279633,737.3042223716686,1.0,1.0,3.784007173279619
14,13,August,36,1.1531,15.095364459885026,467.9562982564358,1.0,0.0,15.095364459885026
14,13,December,35,1.1531,23.78400717327964,737.3042223716689,1.0,1.0,3.784007173279422
14,13,December,36,1.1531,15.095364459885033,467.956298256436,1.0,0.0,15.095364459885033
14,13,February,35,1.1531,23.784007173279633,665.9522008518297,1.0,1.0,3.784007173279632
14,13,February,36,1.1531,15.095364459885026,422.67020487678076,1.0,0.0,15.095364459885026
14,13,January,35,1.1531,23.784007173279633,737.3042223716686,1.0,1.0,3.7840071732796323
14,13,January,36,1.1531,15.095364459885062,467.9562982564369,1.0,0.0,15.095364459885062
14,13,July,19,1.1531,2.8580010372694105,88.59803215535172,1.0,0.0,2.8580010372694105
14,13,July,26,1.1531,2.744034106816663,85.06505731131656,1.0,0.0,2.744034106816663
14,13,July,29,1.1531,11.924277135112693,369.6525911884935,1.0,0.0,11.924277135112693
14,13,July,30,1.1531,4.189390051553499,129.87109159815847,1.0,0.0,4.189390051553499
14,13,July,33,1.1531,10.08475806451613,312.62750000000005,1.0,0.0,10.08475806451613
14,13,July,34,1.1531,9.438638610114216,292.5977969135407,1.0,0.0,9.438638610114216
14,13,July,35,1.1531,23.784007173279633,737.3042223716686,1.0,1.0,3.7840071732796323
14,13,July,36,1.1531,15.095364459885062,467.9562982564369,1.0,0.0,15.095364459885062
14,13,June,19,1.1531,11.448002381355437,343.44007144066313,1.0,0.0,11.448002381355437
14,13,June,26,1.1531,2.744034106816663,82.3210232044999,1.0,0.0,2.744034106816663
14,13,June,28,1.1531,13.788481764303597,413.65445292910795,1.0,0.0,13.788481764303597
14,13,June,29,1.1531,20.887687753392264,626.630632601768,1.0,1.0,0.8876877533922638
14,13,June,30,1.1531,13.152800669833066,394.584020094992,1.0,0.0,13.152800669833066
14,13,June,33,1.1531,15.876541666666668,476.29625000000004,1.0,0.0,15.876541666666668
14,13,June,34,1.1531,15.876541666666668,476.29625000000004,1.0,0.0,15.876541666666668
14,13,June,35,1.1531,23.784007173279633,713.520215198389,1.0,1.0,3.7840071732796323
14,13,June,36,1.1531,15.095364459885033,452.86093379655097,1.0,0.0,15.095364459885033
14,13,March,29,1.1531,3.5771220298833573,110.89078292638408,1.0,0.0,3.5771220298833573
14,13,March,33,1.1531,2.39125,74.12875,1.0,0.0,2.39125
14,13,March,34,1.1531,2.1609429866009364,66.98923258462904,1.0,0.0,2.1609429866009364
14,13,March,35,1.1531,23.784007173279633,737.3042223716686,1.0,1.0,3.7840071732795946
14,13,March,36,1.1531,15.095364459885062,467.9562982564369,1.0,0.0,15.095364459885062
14,13,May,18,1.1531,1.1966475844899875,37.096075119189614,1.0,0.0,1.1966475844899875
14,13,May,19,1.1531,15.916597008464855,493.4145072624105,1.0,0.0,15.916597008464855
14,13,May,21,1.1531,11.267105938812012,349.2802841031724,1.0,0.0,11.267105938812012
14,13,May,26,1.1531,2.744034106816663,85.06505731131656,1.0,0.0,2.744034106816663
14,13,May,28,1.1531,14.36953377489143,445.45554702163435,1.0,0.0,14.36953377489143
14,13,May,29,1.1531,15.661333586725597,485.5013411884935,1.0,0.0,15.661333586725597
14,13,May,30,1.1531,7.926446503166403,245.7198415981585,1.0,0.0,7.926446503166403
14,13,May,32,1.1531,0.4039134428241873,12.521316727549806,1.0,0.0,0.4039134428241873
14,13,May,33,1.1531,14.739092741935485,456.911875,1.0,0.0,14.739092741935485
14,13,May,34,1.1531,14.739092741935485,456.911875,1.0,0.0,14.739092741935485
14,13,May,35,1.1531,23.78400717327964,737.3042223716689,1.0,1.0,3.784007173279422
14,13,May,36,1.1531,15.095364459885062,467.9562982564369,1.0,0.0,15.095364459885062
14,13,May,37,1.1531,1.1435483870967742,35.45,1.0,0.0,1.1435483870967742
14,13,May,40,1.1531,0.1,3.1,1.0,0.0,0.1
14,13,May,41,1.1531,0.1,3.1,1.0,0.0,0.1
14,13,May,42,1.1531,0.2547369839645557,7.8968465029012265,1.0,0.0,0.2547369839645557
14,13,November,35,1.1531,23.78400717327959,713.5202151983877,1.0,1.0,3.784007173279483
14,13,November,36,1.1531,15.095364459885062,452.8609337965519,1.0,0.0,15.095364459885062
14,13,October,35,1.1531,23.784007173279633,737.3042223716686,1.0,1.0,3.784007173279595
14,13,October,36,1.1531,15.095364459885026,467.9562982564358,1.0,0.0,15.095364459885026
14,13,September,19,1.1531,5.515460714688775,165.46382144066325,1.0,0.0,5.515460714688775
14,13,September,26,1.1531,2.744034106816663,82.3210232044999,1.0,0.0,2.744034106816663
14,13,September,29,1.1531,8.00754192005893,240.2262576017679,1.0,0.0,8.00754192005893
14,13,September,30,1.1531,0.2726548364997363,8.17964509499209,1.0,0.0,0.2726548364997363
14,13,September,35,1.1531,23.784007173279605,713.5202151983881,1.0,1.0,3.784007173279483
14,13,September,36,1.1531,15.095364459885062,452.8609337965519,1.0,0.0,15.095364459885062
14,21,April,29,1.2286,5.095305618741502,152.85916856224506,1.0,0.0,5.095305618741502
14,21,June,29,1.2286,6.765765202074839,202.97295606224515,1.0,0.0,6.765765202074839
14,21,May,29,1.2286,4.078424785408178,126.43116834765351,1.0,0.0,4.078424785408178
15,7,April,16,1.0885,6.4813634112509195,194.44090233752758,1.0,0.0,6.4813634112509195
15,7,April,17,1.0885,31.50861765740416,945.2585297221248,1.0,1.0,11.508617657404159
15,7,April,18,1.0885,33.0,990.0,1.0,1.0,13.0
15,7,April,19,1.0885,33.0,990.0,1.0,1.0,13.0
15,7,April,20,1.0885,6.645862499999989,199.37587499999967,1.0,0.0,6.645862499999989
15,7,April,26,1.0885,3.9438035437047425,118.31410631114227,1.0,0.0,3.9438035437047425
15,7,April,27,1.0885,9.127359826782605,273.8207948034782,1.0,0.0,9.127359826782605
15,7,April,28,1.0885,10.454530856828715,313.63592570486145,1.0,0.0,10.454530856828715
15,7,April,29,1.0885,7.896948088318509,236.90844264955527,1.0,0.0,7.896948088318509
15,7,April,30,1.0885,5.5652458333333215,166.95737499999964,1.0,0.0,5.5652458333333215
15,7,April,31,1.0885,9.212228333333334,276.36685,1.0,0.0,9.212228333333334
15,7,April,32,1.0885,9.212228333333334,276.36685,1.0,0.0,9.212228333333334
15,7,April,33,1.0885,8.385808105049577,251.5742431514873,1.0,0.0,8.385808105049577
15,7,April,34,1.0885,0.2506939925581815,7.520819776745444,1.0,0.0,0.2506939925581815
15,7,April,35,1.0885,1.0124408333333335,30.373225000000005,1.0,0.0,1.0124408333333335
15,7,April,36,1.0885,1.0124408333333335,30.373225000000005,1.0,0.0,1.0124408333333335
15,7,April,37,1.0885,7.521859583333334,225.6557875,1.0,0.0,7.521859583333334
15,7,April,38,1.0885,5.833158875672046,174.9947662701614,1.0,0.0,5.833158875672046
15,7,August,16,1.0885,6.481363411250925,200.92226574877867,1.0,0.0,6.481363411250925
15,7,August,17,1.0885,31.50861765740416,976.767147379529,1.0,1.0,11.508617657404159
15,7,August,18,1.0885,33.0,1023.0,1.0,1.0,13.0
15,7,August,19,1.0885,33.0,1023.0,1.0,1.0,13.0
15,7,August,20,1.0885,0.9557181451612795,29.627262499999667,1.0,0.0,0.9557181451612795
15,7,August,23,1.0885,4.1324274338004265,128.10525044781323,1.0,0.0,4.1324274338004265
15,7,August,27,1.0885,9.511501612903224,294.85654999999997,1.0,0.0,9.511501612903224
15,7,August,28,1.0885,9.511501612903224,294.85654999999997,1.0,0.0,9.511501612903224
15,7,August,29,1.0885,0.8106604838709579,25.130474999999695,1.0,0.0,0.8106604838709579
15,7,August,30,1.0885,0.8106604838709579,25.130474999999695,1.0,0.0,0.8106604838709579
15,7,August,31,1.0885,3.240568718166408,100.45763026315865,1.0,0.0,3.240568718166408
15,7,August,33,1.0885,8.385808105049577,259.9600512565369,1.0,0.0,8.385808105049577
15,7,August,34,1.0885,1.0395160602167168,32.22499786671822,1.0,0.0,1.0395160602167168
15,7,August,35,1.0885,1.3991326612903228,43.373112500000005,1.0,0.0,1.3991326612903228
15,7,August,36,1.0885,1.3991326612903228,43.373112500000005,1.0,0.0,1.3991326612903228
15,7,December,16,1.0885,6.481363411250925,200.92226574877867,1.0,0.0,6.481363411250925
15,7,December,17,1.0885,31.50861765740416,976.767147379529,1.0,1.0,11.508617657404159
15,7,December,18,1.0885,33.0,1023.0,1.0,1.0,13.0
15,7,December,19,1.0885,33.0,1023.0,1.0,1.0,13.0
15,7,December,23,1.0885,4.132427433800416,128.1052504478129,1.0,0.0,4.132427433800416
15,7,December,27,1.0885,7.523338611870294,233.22349696797912,1.0,0.0,7.523338611870294
15,7,December,28,1.0885,7.9964369401620345,247.88954514502308,1.0,0.0,7.9964369401620345
15,7,February,16,1.0885,6.481363411250925,181.4781755150259,1.0,0.0,6.481363411250925
15,7,February,17,1.0885,31.50861765740416,882.2412944073164,1.0,1.0,11.508617657404159
15,7,February,18,1.0885,33.0,924.0,1.0,1.0,13.0
15,7,February,19,1.0885,33.0,924.0,1.0,1.0,13.0
15,7,February,23,1.0885,4.132427433800412,115.70796814641155,1.0,0.0,4.132427433800412
15,7,February,27,1.0885,7.523338611870294,210.65348113236823,1.0,0.0,7.523338611870294
15,7,February,28,1.0885,7.9964369401620345,223.90023432453697,1.0,0.0,7.9964369401620345
15,7,February,33,1.0885,6.422983193908438,179.84352942943627,1.0,0.0,6.422983193908438
15,7,January,16,1.0885,6.4813634112509195,200.9222657487785,1.0,0.0,6.4813634112509195
15,7,January,17,1.0885,31.50861765740416,976.767147379529,1.0,1.0,11.508617657404159
15,7,January,18,1.0885,33.0,1023.0,1.0,1.0,13.0
15,7,January,19,1.0885,33.0,1023.0,1.0,1.0,13.0
15,7,January,23,1.0885,4.132427433800423,128.10525044781312,1.0,0.0,4.132427433800423
15,7,January,27,1.0885,7.523338611870294,233.22349696797912,1.0,0.0,7.523338611870294
15,7,January,28,1.0885,7.9964369401620345,247.88954514502308,1.0,0.0,7.9964369401620345
15,7,July,16,1.0885,6.481363411250925,200.92226574877867,1.0,0.0,6.481363411250925
15,7,July,17,1.0885,31.50861765740416,976.767147379529,1.0,1.0,11.508617657404159
15,7,July,18,1.0885,33.0,1023.0,1.0,1.0,13.0
15,7,July,19,1.0885,33.0,1023.0,1.0,1.0,13.0
15,7,July,20,1.0885,2.7775685483870856,86.10462499999966,1.0,0.0,2.7775685483870856
15,7,July,23,1.0885,0.9771380789617155,30.29128044781318,1.0,0.0,0.9771380789617155
15,7,July,27,1.0885,11.213789112903225,347.6274625,1.0,0.0,11.213789112903225
15,7,July,28,1.0885,11.213789112903225,347.6274625,1.0,0.0,11.213789112903225
15,7,July,33,1.0885,8.385808105049577,259.9600512565369,1.0,0.0,8.385808105049577
15,7,July,35,1.0885,2.3691020161290326,73.44216250000001,1.0,0.0,2.3691020161290326
15,7,July,36,1.0885,2.3691020161290326,73.44216250000001,1.0,0.0,2.3691020161290326
15,7,July,37,1.0885,0.7467951612903226,23.150650000000002,1.0,0.0,0.7467951612903226
15,7,July,38,1.0885,7.592306331193336,235.3614962669934,1.0,0.0,7.592306331193336
15,7,June,16,1.0885,6.481363411250925,194.44090233752775,1.0,0.0,6.481363411250925
15,7,June,17,1.0885,31.50861765740416,945.2585297221248,1.0,1.0,11.508617657404159
15,7,June,18,1.0885,33.0,990.0,1.0,1.0,13.0
15,7,June,19,1.0885,33.0,990.0,1.0,1.0,13.0
15,7,June,20,1.0885,6.7289691666666585,201.86907499999975,1.0,0.0,6.7289691666666585
15,7,June,26,1.0885,4.006171877038987,120.18515631116962,1.0,0.0,4.006171877038987
15,7,June,27,1.0885,16.531930416666665,495.95791249999996,1.0,0.0,16.531930416666665
15,7,June,28,1.0885,16.531930416666665,495.95791249999996,1.0,0.0,16.531930416666665
15,7,June,29,1.0885,13.904122916666667,417.1236875,1.0,0.0,13.904122916666667
15,7,June,30,1.0885,13.904122916666667,417.1236875,1.0,0.0,13.904122916666667
15,7,June,31,1.0885,11.169672083333333,335.0901625,1.0,0.0,11.169672083333333
15,7,June,32,1.0885,10.624138371975631,318.72415115926896,1.0,0.0,10.624138371975631
15,7,June,33,1.0885,7.795553341166993,233.8666002350098,1.0,0.0,7.795553341166993
15,7,June,35,1.0885,2.068133022380852,62.043990671425554,1.0,0.0,2.068133022380852
15,7,June,37,1.0885,0.8100312500000001,24.300937500000003,1.0,0.0,0.8100312500000001
15,7,June,38,1.0885,0.8100312500000001,24.300937500000003,1.0,0.0,0.8100312500000001
15,7,March,15,1.0885,1.1148107827090876,34.55913426398172,1.0,0.0,1.1148107827090876
15,7,March,16,1.0885,6.481363411250925,200.92226574877867,1.0,0.0,6.481363411250925
15,7,March,17,1.0885,31.50861765740416,976.767147379529,1.0,1.0,11.508617657404159
15,7,March,18,1.0885,33.0,1023.0,1.0,1.0,13.0
15,7,March,19,1.0885,33.0,1023.0,1.0,1.0,13.0
15,7,March,20,1.0885,0.24937701612902163,7.730687499999671,1.0,0.0,0.24937701612902163
15,7,March,23,1.0885,4.132427433800423,128.10525044781312,1.0,0.0,4.132427433800423
15,7,March,27,1.0885,7.523338611870294,233.22349696797912,1.0,0.0,7.523338611870294
15,7,March,28,1.0885,7.9964369401620345,247.88954514502308,1.0,0.0,7.9964369401620345
15,7,March,33,1.0885,8.385808105049577,259.9600512565369,1.0,0.0,8.385808105049577
15,7,March,34,1.0885,1.099975,34.099225,1.0,0.0,1.099975
15,7,March,38,1.0885,0.23831500967871513,7.3877653000401695,1.0,0.0,0.23831500967871513
15,7,May,15,1.0885,7.530391831096184,233.4421467639817,1.0,0.0,7.530391831096184
15,7,May,16,1.0885,6.481363411231868,200.9222657481879,1.0,0.0,6.481363411231868
15,7,May,17,1.0885,31.50861765740416,976.767147379529,1.0,1.0,11.508617657404159
15,7,May,18,1.0885,33.0,1023.0,1.0,1.0,13.0
15,7,May,19,1.0885,33.0,1023.0,1.0,1.0,13.0
15,7,May,20,1.0885,10.461942741935474,324.3202249999997,1.0,0.0,10.461942741935474
15,7,May,25,1.0885,2.5611069520906327,79.39431551480962,1.0,0.0,2.5611069520906327
15,7,May,26,1.0885,6.740408785640231,208.95267235484715,1.0,0.0,6.740408785640231
15,7,May,27,1.0885,16.035159443972862,497.0899427631587,1.0,0.0,16.035159443972862
15,7,May,28,1.0885,11.298317338709662,350.24783749999955,1.0,0.0,11.298317338709662
15,7,May,29,1.0885,8.216317338709667,254.70583749999966,1.0,0.0,8.216317338709667
15,7,May,30,1.0885,8.216317338709667,254.70583749999966,1.0,0.0,8.216317338709667
15,7,May,31,1.0885,11.36664637096774,352.36603749999995,1.0,0.0,11.36664637096774
15,7,May,32,1.0885,11.36664637096774,352.36603749999995,1.0,0.0,11.36664637096774
15,7,May,33,1.0885,8.385808105049577,259.9600512565369,1.0,0.0,8.385808105049577
15,7,May,34,1.0885,5.00067469036594,155.02091540134413,1.0,0.0,5.00067469036594
15,7,May,35,1.0885,2.2048931451612903,68.3516875,1.0,0.0,2.2048931451612903
15,7,May,36,1.0885,5.717078512443339,177.2294338857435,1.0,0.0,5.717078512443339
15,7,May,37,1.0885,8.026032258064516,248.80700000000002,1.0,0.0,8.026032258064516
15,7,May,38,1.0885,8.026032258064516,248.80700000000002,1.0,0.0,8.026032258064516
15,7,November,16,1.0885,6.481363411250925,194.44090233752775,1.0,0.0,6.481363411250925
15,7,November,17,1.0885,31.50861765740416,945.2585297221248,1.0,1.0,11.508617657404159
15,7,November,18,1.0885,33.0,990.0,1.0,1.0,13.0
15,7,November,19,1.0885,33.0,990.0,1.0,1.0,13.0
15,7,November,23,1.0885,4.132427433800423,123.97282301401269,1.0,0.0,4.132427433800423
15,7,November,27,1.0885,7.523338611870294,225.70015835610883,1.0,0.0,7.523338611870294
15,7,November,28,1.0885,7.9964369401620345,239.89310820486105,1.0,0.0,7.9964369401620345
15,7,October,16,1.0885,6.481363411250925,200.92226574877867,1.0,0.0,6.481363411250925
15,7,October,17,1.0885,31.50861765740416,976.767147379529,1.0,1.0,11.508617657404159
15,7,October,18,1.0885,33.0,1023.0,1.0,1.0,13.0
15,7,October,19,1.0885,33.0,1023.0,1.0,1.0,13.0
15,7,October,23,1.0885,4.132427433800412,128.10525044781278,1.0,0.0,4.132427433800412
15,7,October,27,1.0885,7.523338611870294,233.22349696797912,1.0,0.0,7.523338611870294
15,7,October,28,1.0885,7.9964369401620345,247.88954514502308,1.0,0.0,7.9964369401620345
15,7,September,15,1.0885,1.411910809590808,42.35732428772424,1.0,0.0,1.411910809590808
15,7,September,16,1.0885,6.481363411250925,194.44090233752775,1.0,0.0,6.481363411250925
15,7,September,17,1.0885,31.50861765740416,945.2585297221248,1.0,1.0,11.508617657404159
15,7,September,18,1.0885,33.0,990.0,1.0,1.0,13.0
15,7,September,19,1.0885,33.0,990.0,1.0,1.0,13.0
15,7,September,23,1.0885,4.1324274338004265,123.97282301401279,1.0,0.0,4.1324274338004265
15,7,September,27,1.0885,9.272239166666667,278.167175,1.0,0.0,9.272239166666667
15,7,September,28,1.0885,9.272239166666667,278.167175,1.0,0.0,9.272239166666667
15,7,September,29,1.0885,0.47925583333332167,14.37767499999965,1.0,0.0,0.47925583333332167
15,7,September,30,1.0885,0.47925583333332167,14.37767499999965,1.0,0.0,0.47925583333332167
15,7,September,33,1.0885,3.895724532022868,116.87173596068604,1.0,0.0,3.895724532022868
15,8,April,16,1.082,13.976217278848983,419.2865183654695,1.0,0.0,13.976217278848983
15,8,April,22,1.082,10.352883555754572,310.58650667263714,1.0,0.0,10.352883555754572
15,8,April,23,1.082,17.09821248947683,512.9463746843048,1.0,0.0,17.09821248947683
15,8,April,24,1.082,27.378877541139445,821.3663262341834,1.0,1.0,7.3788775411394445
15,8,April,25,1.082,25.0,750.0,1.0,1.0,5.0
15,8,April,26,1.082,25.0,750.0,1.0,1.0,5.0
15,8,April,27,1.082,23.395978785087696,701.8793635526308,1.0,1.0,3.3959787850876957
15,8,April,28,1.082,22.541906083333327,676.2571824999998,1.0,1.0,2.541906083333327
15,8,April,29,1.082,19.999999000000003,599.9999700000001,1.0,0.0,19.999999000000003
15,8,April,30,1.082,19.999999000000003,599.9999700000001,1.0,0.0,19.999999000000003
15,8,April,31,1.082,9.057599259040703,271.7279777712211,1.0,0.0,9.057599259040703
15,8,April,32,1.082,1.061684597215919,31.85053791647757,1.0,0.0,1.061684597215919
15,8,April,34,1.082,3.8820498798607916,116.46149639582374,1.0,0.0,3.8820498798607916
15,8,April,35,1.082,1.5758861666666668,47.276585000000004,1.0,0.0,1.5758861666666668
15,8,April,36,1.082,1.5758861666666668,47.276585000000004,1.0,0.0,1.5758861666666668
15,8,April,37,1.082,0.591487257185239,17.74461771555717,1.0,0.0,0.591487257185239
15,8,April,38,1.082,2.5340249166666666,76.0207475,1.0,0.0,2.5340249166666666
15,8,August,16,1.082,13.976217278848983,433.26273564431847,1.0,0.0,13.976217278848983
15,8,August,23,1.082,17.66158640710383,547.5091786202187,1.0,0.0,17.66158640710383
15,8,August,24,1.082,23.84619067714783,739.2319109915827,1.0,1.0,3.846190677147831
15,8,August,25,1.082,12.065114516129025,374.0185499999998,1.0,0.0,12.065114516129025
15,8,August,26,1.082,12.065114516129025,374.0185499999998,1.0,0.0,12.065114516129025
15,8,August,27,1.082,23.011836998967084,713.3669469679796,1.0,1.0,3.011836998967085
15,8,August,28,1.082,23.484935327258817,728.0329951450234,1.0,1.0,3.4849353272587664
15,8,August,29,1.082,10.435723709677417,323.50743499999993,1.0,0.0,10.435723709677417
15,8,August,30,1.082,10.435723709677417,323.50743499999993,1.0,0.0,10.435723709677417
15,8,August,31,1.082,2.7279876085030645,84.567615863595,1.0,0.0,2.7279876085030645
15,8,August,34,1.082,2.5694303691081046,79.65234144235124,1.0,0.0,2.5694303691081046
15,8,August,35,1.082,0.1,3.1,1.0,0.0,0.1
15,8,August,36,1.082,0.6630242279510465,20.55375106648244,1.0,0.0,0.6630242279510465
15,8,December,16,1.082,13.976217278848983,433.26273564431847,1.0,0.0,13.976217278848983
15,8,December,23,1.082,17.661586407103833,547.5091786202188,1.0,0.0,17.661586407103833
15,8,December,24,1.082,23.84619067714783,739.2319109915827,1.0,1.0,3.846190677147831
15,8,December,25,1.082,0.742844838709674,23.028189999999896,1.0,0.0,0.742844838709674
15,8,December,26,1.082,10.172179419528575,315.33756200538585,1.0,0.0,10.172179419528575
15,8,December,27,1.082,25.0,775.0,1.0,1.0,5.0
15,8,December,28,1.082,25.0,775.0,1.0,1.0,5.0
15,8,December,33,1.082,8.385808105049577,259.9600512565369,1.0,0.0,8.385808105049577
15,8,February,16,1.082,13.976217278848983,391.33408380777155,1.0,0.0,13.976217278848983
15,8,February,23,1.082,17.661586407103833,494.5244193989073,1.0,0.0,17.661586407103833
15,8,February,24,1.082,23.84619067714783,667.6933389601393,1.0,1.0,3.846190677147831
15,8,February,25,1.082,7.800347232142853,218.40972249999987,1.0,0.0,7.800347232142853
15,8,February,26,1.082,10.172179419528575,284.8210237468001,1.0,0.0,10.172179419528575
15,8,February,27,1.082,25.0,700.0,1.0,1.0,5.0
15,8,February,28,1.082,25.0,700.0,1.0,1.0,5.0
15,8,February,29,1.082,6.4367508035714245,180.22902249999987,1.0,0.0,6.4367508035714245
15,8,February,30,1.082,6.4367508035714245,180.22902249999987,1.0,0.0,6.4367508035714245
15,8,February,33,1.082,1.9628249111411407,54.95909751195194,1.0,0.0,1.9628249111411407
15,8,January,16,1.082,13.976217278848983,433.26273564431847,1.0,0.0,13.976217278848983
15,8,January,23,1.082,17.661586407103833,547.5091786202188,1.0,0.0,17.661586407103833
15,8,January,24,1.082,23.84619067714783,739.2319109915827,1.0,1.0,3.846190677147831
15,8,January,25,1.082,3.5552812903225774,110.2137199999999,1.0,0.0,3.5552812903225774
15,8,January,26,1.082,10.17217941954739,315.3375620059691,1.0,0.0,10.17217941954739
15,8,January,27,1.082,25.0,775.0,1.0,1.0,5.0
15,8,January,28,1.082,25.0,775.0,1.0,1.0,5.0
15,8,January,33,1.082,8.385808105049577,259.9600512565369,1.0,0.0,8.385808105049577
15,8,July,16,1.082,13.976217278848981,433.2627356443184,1.0,0.0,13.976217278848981
15,8,July,22,1.082,0.6458200288728495,20.020420895058336,1.0,0.0,0.6458200288728495
15,8,July,23,1.082,17.66158640710383,547.5091786202187,1.0,0.0,17.66158640710383
15,8,July,24,1.082,23.84619067714783,739.2319109915827,1.0,1.0,3.846190677147831
15,8,July,25,1.082,15.704328870967739,486.8341949999999,1.0,0.0,15.704328870967739
15,8,July,26,1.082,15.704328870967739,486.8341949999999,1.0,0.0,15.704328870967739
15,8,July,27,1.082,21.309549498967076,660.5960344679794,1.0,1.0,1.3095494989670777
15,8,July,28,1.082,21.782647827258817,675.2620826450233,1.0,1.0,1.7826478272588184
15,8,July,29,1.082,12.724267580645156,394.4522949999998,1.0,0.0,12.724267580645156
15,8,July,30,1.082,12.724267580645156,394.4522949999998,1.0,0.0,12.724267580645156
15,8,July,31,1.082,3.6586143826966113,113.41704586359495,1.0,0.0,3.6586143826966113
15,8,July,34,1.082,4.056819320721006,125.76139894235119,1.0,0.0,4.056819320721006
15,8,July,35,1.082,1.1875587903225773,36.814322499999896,1.0,0.0,1.1875587903225773
15,8,July,36,1.082,2.960633273283076,91.77963147177535,1.0,0.0,2.960633273283076
15,8,July,37,1.082,1.1624029032258065,36.034490000000005,1.0,0.0,1.1624029032258065
15,8,July,38,1.082,1.9706116181395328,61.08896016232551,1.0,0.0,1.9706116181395328
15,8,June,16,1.082,13.976217278848983,419.2865183654695,1.0,0.0,13.976217278848983
15,8,June,22,1.082,10.575136722421247,317.25410167263743,1.0,0.0,10.575136722421247
15,8,June,23,1.082,17.661586407103833,529.847592213115,1.0,0.0,17.661586407103833
15,8,June,24,1.082,26.425488707806124,792.7646612341837,1.0,1.0,6.425488707806125
15,8,June,25,1.082,25.0,750.0,1.0,1.0,5.0
15,8,June,26,1.082,25.0,750.0,1.0,1.0,5.0
15,8,June,27,1.082,25.0,750.0,1.0,1.0,5.0
15,8,June,28,1.082,25.0,750.0,1.0,1.0,5.0
15,8,June,29,1.082,22.09074696688979,662.7224090066936,1.0,1.0,2.090746966889789
15,8,June,30,1.082,21.642069583333335,649.2620875,1.0,1.0,1.6420695833333343
15,8,June,31,1.082,12.104403009040702,363.13209027122105,1.0,0.0,12.104403009040702
15,8,June,32,1.082,4.108488347215916,123.25465041647747,1.0,0.0,4.108488347215916
15,8,June,33,1.082,0.5902547638825819,17.707642916477457,1.0,0.0,0.5902547638825819
15,8,June,34,1.082,10.703736379860796,321.1120913958239,1.0,0.0,10.703736379860796
15,8,June,35,1.082,4.580997833333333,137.429935,1.0,0.0,4.580997833333333
15,8,June,36,1.082,4.580997833333333,137.429935,1.0,0.0,4.580997833333333
15,8,June,37,1.082,1.26083125,37.824937500000004,1.0,0.0,1.26083125
15,8,June,38,1.082,1.26083125,37.824937500000004,1.0,0.0,1.26083125
15,8,March,16,1.082,13.976217278848983,433.26273564431847,1.0,0.0,13.976217278848983
15,8,March,23,1.082,17.661586407103833,547.5091786202188,1.0,0.0,17.661586407103833
15,8,March,24,1.082,23.84619067714783,739.2319109915827,1.0,1.0,3.846190677147831
15,8,March,25,1.082,11.430227499999997,354.3370524999999,1.0,0.0,11.430227499999997
15,8,March,26,1.082,11.430227499999997,354.3370524999999,1.0,0.0,11.430227499999997
15,8,March,27,1.082,25.0,775.0,1.0,1.0,5.0
15,8,March,28,1.082,25.0,775.0,1.0,1.0,5.0
15,8,March,29,1.082,7.199129435483865,223.17301249999983,1.0,0.0,7.199129435483865
15,8,March,30,1.082,7.199129435483865,223.17301249999983,1.0,0.0,7.199129435483865
15,8,March,31,1.082,1.8880641407611325,58.52998836359511,1.0,0.0,1.8880641407611325
15,8,March,34,1.082,1.0482675465274622,32.49629394235133,1.0,0.0,1.0482675465274622
15,8,March,37,1.082,0.11988076491935518,3.7163037125000105,1.0,0.0,0.11988076491935518
15,8,March,38,1.082,2.5,77.5,1.0,0.0,2.5
15,8,May,16,1.082,13.976217278868033,433.262735644909,1.0,0.0,13.976217278868033
15,8,May,22,1.082,16.067093819195435,498.0799083950585,1.0,0.0,16.067093819195435
15,8,May,23,1.082,17.66158640710383,547.5091786202187,1.0,0.0,17.66158640710383
15,8,May,24,1.082,23.84619067714783,739.2319109915827,1.0,1.0,3.846190677147831
15,8,May,25,1.082,25.0,775.0,1.0,1.0,5.0
15,8,May,26,1.082,25.0,775.0,1.0,1.0,5.0
15,8,May,27,1.082,25.0,775.0,1.0,1.0,5.0
15,8,May,28,1.082,25.0,775.0,1.0,1.0,5.0
15,8,May,29,1.082,24.462789596774194,758.3464775,1.0,1.0,4.462789596774193
15,8,May,30,1.082,24.462789596774194,758.3464775,1.0,1.0,4.462789596774193
15,8,May,31,1.082,12.410997769793386,384.740930863595,1.0,0.0,12.410997769793386
15,8,May,32,1.082,4.415083107968604,136.86757634702673,1.0,0.0,4.415083107968604
15,8,May,34,1.082,7.389322949753266,229.06901144235124,1.0,0.0,7.389322949753266
15,8,May,35,1.082,3.4319641129032257,106.39088749999999,1.0,0.0,3.4319641129032257
15,8,May,36,1.082,5.78821411290323,179.43463750000012,1.0,0.0,5.78821411290323
15,8,May,37,1.082,3.3187806451612905,102.8822,1.0,0.0,3.3187806451612905
15,8,May,38,1.082,3.3187806451612905,102.8822,1.0,0.0,3.3187806451612905
15,8,November,16,1.082,13.976217278848983,419.2865183654695,1.0,0.0,13.976217278848983
15,8,November,23,1.082,17.661586407103833,529.847592213115,1.0,0.0,17.661586407103833
15,8,November,24,1.082,23.84619067714783,715.3857203144349,1.0,1.0,3.846190677147831
15,8,November,25,1.082,3.6034226666666633,108.1026799999999,1.0,0.0,3.6034226666666633
15,8,November,26,1.082,10.17217941954739,305.16538258642174,1.0,0.0,10.17217941954739
15,8,November,27,1.082,25.0,750.0,1.0,1.0,5.0
15,8,November,28,1.082,25.0,750.0,1.0,1.0,5.0
15,8,November,33,1.082,8.385808105049577,251.5742431514873,1.0,0.0,8.385808105049577
15,8,October,16,1.082,13.976217278848983,433.26273564431847,1.0,0.0,13.976217278848983
15,8,October,23,1.082,17.661586407103833,547.5091786202188,1.0,0.0,17.661586407103833
15,8,October,24,1.082,23.84619067714783,739.2319109915827,1.0,1.0,3.846190677147831
15,8,October,25,1.082,6.726251854838704,208.51380749999984,1.0,0.0,6.726251854838704
15,8,October,26,1.082,10.172179419529485,315.33756200541404,1.0,0.0,10.172179419529485
15,8,October,27,1.082,25.0,775.0,1.0,1.0,5.0
15,8,October,28,1.082,25.0,775.0,1.0,1.0,5.0
15,8,October,29,1.082,2.9184743548387058,90.47270499999988,1.0,0.0,2.9184743548387058
15,8,October,30,1.082,2.9184743548387058,90.47270499999988,1.0,0.0,2.9184743548387058
15,8,October,33,1.082,8.385808105049577,259.9600512565369,1.0,0.0,8.385808105049577
15,8,September,16,1.082,13.976217278848983,419.2865183654695,1.0,0.0,13.976217278848983
15,8,September,23,1.082,17.66158640710383,529.8475922131149,1.0,0.0,17.66158640710383
15,8,September,24,1.082,23.84619067714783,715.3857203144349,1.0,1.0,3.846190677147831
15,8,September,25,1.082,15.61590383333333,468.4771149999999,1.0,0.0,15.61590383333333
15,8,September,26,1.082,15.61590383333333,468.4771149999999,1.0,0.0,15.61590383333333
15,8,September,27,1.082,23.251099445203636,697.5329833561091,1.0,1.0,3.2510994452036375
15,8,September,28,1.082,23.724197773495376,711.7259332048613,1.0,1.0,3.7241977734951113
15,8,September,29,1.082,9.919885166666662,297.59655499999985,1.0,0.0,9.919885166666662
15,8,September,30,1.082,9.919885166666662,297.59655499999985,1.0,0.0,9.919885166666662
15,8,September,33,1.082,4.490083573026709,134.70250719080127,1.0,0.0,4.490083573026709
15,22,April,18,1.3667,32.103623667224916,963.1087100167475,1.0,1.0,12.103623667224912
15,22,April,19,1.3667,2.4217736513851236,72.65320954155371,1.0,0.0,2.4217736513851236
15,22,April,22,1.3667,2.451018914426051,73.53056743278152,1.0,0.0,2.451018914426051
15,22,April,23,1.3667,32.71146241645236,981.3438724935709,1.0,1.0,12.711462416452362
15,22,April,24,1.3667,14.497183780783878,434.91551342351636,1.0,0.0,14.497183780783878
15,22,April,25,1.3667,14.87195707483448,446.1587122450344,1.0,0.0,14.87195707483448
15,22,August,18,1.3667,32.103623667224916,995.2123336839724,1.0,1.0,12.103623667224918
15,22,August,19,1.3667,2.4217736513851236,75.07498319293883,1.0,0.0,2.4217736513851236
15,22,August,23,1.3667,15.350771749785691,475.87392424335644,1.0,0.0,15.350771749785691
15,22,December,18,1.3667,32.103623667224916,995.2123336839724,1.0,1.0,12.103623667224918
15,22,December,19,1.3667,2.4217736513851236,75.07498319293883,1.0,0.0,2.4217736513851236
15,22,December,23,1.3667,15.350771749785704,475.87392424335684,1.0,0.0,15.350771749785704
15,22,February,18,1.3667,32.10362366722493,898.9014626822981,1.0,1.0,12.103623667224927
15,22,February,19,1.3667,2.4217736513851236,67.80966223878346,1.0,0.0,2.4217736513851236
15,22,February,23,1.3667,15.350771749785704,429.8216089939997,1.0,0.0,15.350771749785704
15,22,January,18,1.3667,32.103623667224916,995.2123336839724,1.0,1.0,12.103623667224918
15,22,January,19,1.3667,2.4217736513851236,75.07498319293883,1.0,0.0,2.4217736513851236
15,22,January,23,1.3667,15.350771749785691,475.87392424335644,1.0,0.0,15.350771749785691
15,22,July,18,1.3667,32.10362366722492,995.2123336839726,1.0,1.0,12.103623667224925
15,22,July,19,1.3667,2.4217736513851236,75.07498319293883,1.0,0.0,2.4217736513851236
15,22,July,23,1.3667,18.506061104624404,573.6878942433565,1.0,0.0,18.506061104624404
15,22,June,11,1.3667,1.3437804999999958,40.31341499999988,1.0,0.0,1.3437804999999958
15,22,June,18,1.3667,32.10362366722505,963.1087100167515,1.0,1.0,12.103623667224763
15,22,June,19,1.3667,2.4217736513851236,72.65320954155371,1.0,0.0,2.4217736513851236
15,22,June,22,1.3667,4.84771608109272,145.4314824327816,1.0,0.0,4.84771608109272
15,22,June,23,1.3667,33.664851249785684,1009.9455374935706,1.0,1.0,13.66485124978567
15,22,June,24,1.3667,15.450572614117206,463.51717842351616,1.0,0.0,15.450572614117206
15,22,June,25,1.3667,15.035741741501152,451.0722522450346,1.0,0.0,15.035741741501152
15,22,March,18,1.3667,32.103623667224916,995.2123336839724,1.0,1.0,12.103623667224918
15,22,March,19,1.3667,2.4217736513851236,75.07498319293883,1.0,0.0,2.4217736513851236
15,22,March,23,1.3667,15.350771749785691,475.87392424335644,1.0,0.0,15.350771749785691
15,22,May,18,1.3667,32.103623667224916,995.2123336839724,1.0,1.0,12.103623667224918
15,22,May,19,1.3667,2.4217736513851236,75.07498319293883,1.0,0.0,2.4217736513851236
15,22,May,22,1.3667,13.67070091725573,423.7917284349276,1.0,0.0,13.67070091725573
15,22,May,23,1.3667,19.48319918358612,603.9791746911698,1.0,0.0,19.48319918358612
15,22,May,24,1.3667,18.0298706447755,558.9259899880404,1.0,0.0,18.0298706447755
15,22,November,18,1.3667,32.103623667224944,963.1087100167483,1.0,1.0,12.103623667224877
15,22,November,19,1.3667,2.4217736513851236,72.65320954155371,1.0,0.0,2.4217736513851236
15,22,November,23,1.3667,15.350771749785691,460.52315249357076,1.0,0.0,15.350771749785691
15,22,October,18,1.3667,32.10362366722493,995.2123336839728,1.0,1.0,12.10362366722493
15,22,October,19,1.3667,2.4217736513851236,75.07498319293883,1.0,0.0,2.4217736513851236
15,22,October,23,1.3667,15.350771749785704,475.87392424335684,1.0,0.0,15.350771749785704
15,22,September,18,1.3667,32.103623667224916,963.1087100167475,1.0,1.0,12.103623667224912
15,22,September,19,1.3667,2.4217736513851236,72.65320954155371,1.0,0.0,2.4217736513851236
15,22,September,23,1.3667,15.350771749785691,460.52315249357076,1.0,0.0,15.350771749785691
15,23,April,17,1.2323,33.35543024852549,1000.6629074557646,1.0,1.0,13.355430248525483
15,23,April,18,1.2323,22.06399785036829,661.9199355110486,1.0,1.0,2.0639978503682883
15,23,August,17,1.2323,33.35543024852549,1034.0183377042902,1.0,1.0,13.355430248525483
15,23,August,18,1.2323,22.06399785036829,683.9839333614169,1.0,1.0,2.0639978503682883
15,23,August,24,1.2323,18.0298706447755,558.9259899880404,1.0,0.0,18.0298706447755
15,23,December,17,1.2323,33.35543024852549,1034.0183377042902,1.0,1.0,13.355430248525483
15,23,December,18,1.2323,22.06399785036829,683.9839333614169,1.0,1.0,2.0639978503682883
15,23,December,24,1.2323,18.0298706447755,558.9259899880404,1.0,0.0,18.0298706447755
15,23,February,17,1.2323,33.35543024852549,933.9520469587136,1.0,1.0,13.355430248525483
15,23,February,18,1.2323,22.06399785036828,617.7919398103119,1.0,1.0,2.063997850368281
15,23,February,24,1.2323,18.0298706447755,504.836378053714,1.0,0.0,18.0298706447755
15,23,January,17,1.2323,33.35543024852548,1034.01833770429,1.0,1.0,13.35543024852548
15,23,January,18,1.2323,22.06399785036829,683.9839333614169,1.0,1.0,2.0639978503682883
15,23,January,24,1.2323,18.0298706447755,558.9259899880404,1.0,0.0,18.0298706447755
15,23,July,17,1.2323,33.35543024852549,1034.0183377042902,1.0,1.0,13.355430248525483
15,23,July,18,1.2323,22.06399785036829,683.9839333614169,1.0,1.0,2.0639978503682883
15,23,July,24,1.2323,18.0298706447755,558.9259899880404,1.0,0.0,18.0298706447755
15,23,June,9,1.2323,0.6253052399049881,18.759157197149644,1.0,0.0,0.6253052399049881
15,23,June,10,1.2323,1.736085,52.082550000000005,1.0,0.0,1.736085
15,23,June,11,1.2323,1.3732274514472596,41.196823543417786,1.0,0.0,1.3732274514472596
15,23,June,17,1.2323,33.35543024852548,1000.6629074557644,1.0,1.0,13.35543024852548
15,23,June,18,1.2323,22.06399785036828,661.9199355110484,1.0,1.0,2.063997850368281
15,23,March,17,1.2323,33.35543024852549,1034.0183377042902,1.0,1.0,13.355430248525483
15,23,March,18,1.2323,22.06399785036829,683.9839333614169,1.0,1.0,2.0639978503682883
15,23,March,24,1.2323,18.0298706447755,558.9259899880404,1.0,0.0,18.0298706447755
15,23,May,17,1.2323,33.35543024852548,1034.01833770429,1.0,1.0,13.35543024852548
15,23,May,18,1.2323,22.06399785036829,683.9839333614169,1.0,1.0,2.0639978503682883
15,23,November,17,1.2323,33.35543024852549,1000.6629074557646,1.0,1.0,13.355430248525483
15,23,November,18,1.2323,22.06399785036829,661.9199355110486,1.0,1.0,2.0639978503682883
15,23,November,24,1.2323,18.0298706447755,540.896119343265,1.0,0.0,18.0298706447755
15,23,October,17,1.2323,33.35543024852549,1034.0183377042902,1.0,1.0,13.355430248525483
15,23,October,18,1.2323,22.06399785036828,683.9839333614167,1.0,1.0,2.063997850368281
15,23,October,24,1.2323,18.0298706447755,558.9259899880404,1.0,0.0,18.0298706447755
15,23,September,17,1.2323,33.35543024852548,1000.6629074557644,1.0,1.0,13.35543024852548
15,23,September,18,1.2323,22.06399785036829,661.9199355110486,1.0,1.0,2.0639978503682883
15,23,September,24,1.2323,18.0298706447755,540.896119343265,1.0,0.0,18.0298706447755
16,24,April,17,1.041,13.503823654091171,405.1147096227351,1.0,0.0,13.503823654091171
16,24,August,17,1.041,13.503823654091171,418.6185332768263,1.0,0.0,13.503823654091171
16,24,December,17,1.041,13.503823654091171,418.6185332768263,1.0,0.0,13.503823654091171
16,24,February,17,1.041,13.503823654091171,378.10706231455276,1.0,0.0,13.503823654091171
16,24,January,17,1.041,13.503823654091171,418.6185332768263,1.0,0.0,13.503823654091171
16,24,July,17,1.041,13.503823654091171,418.6185332768263,1.0,0.0,13.503823654091171
16,24,June,17,1.041,13.503823654091171,405.1147096227351,1.0,0.0,13.503823654091171
16,24,March,17,1.041,13.503823654091171,418.6185332768263,1.0,0.0,13.503823654091171
16,24,May,17,1.041,13.503823654091171,418.6185332768263,1.0,0.0,13.503823654091171
16,24,November,17,1.041,13.503823654091171,405.1147096227351,1.0,0.0,13.503823654091171
16,24,October,17,1.041,13.503823654091171,418.6185332768263,1.0,0.0,13.503823654091171
16,24,September,17,1.041,13.503823654091171,405.1147096227351,1.0,0.0,13.503823654091171
17,9,April,26,1.3851,14.434377176872463,433.0313153061739,1.0,0.0,14.434377176872463
17,9,April,27,1.3851,8.039150630363537,241.1745189109061,1.0,0.0,8.039150630363537
17,9,April,28,1.3851,4.690420966318982,140.71262898956945,1.0,0.0,4.690420966318982
17,9,August,28,1.3851,4.690420966280783,145.40304995470427,1.0,0.0,4.690420966280783
17,9,December,28,1.3851,4.690420966317163,145.40304995583205,1.0,0.0,4.690420966317163
17,9,February,28,1.3851,4.690420966318982,131.3317870569315,1.0,0.0,4.690420966318982
17,9,January,28,1.3851,4.690420966317163,145.40304995583205,1.0,0.0,4.690420966317163
17,9,June,26,1.3851,14.434377176920666,433.03131530762,1.0,0.0,14.434377176920666
17,9,June,27,1.3851,8.039150630363537,241.1745189109061,1.0,0.0,8.039150630363537
17,9,June,28,1.3851,4.6904209662853305,140.7126289885599,1.0,0.0,4.6904209662853305
17,9,March,28,1.3851,4.69042096632262,145.4030499560012,1.0,0.0,4.69042096632262
17,9,May,19,1.3851,5.730268939215158,177.63833711566988,1.0,0.0,5.730268939215158
17,9,May,20,1.3851,4.163389551785478,129.06507610534982,1.0,0.0,4.163389551785478
17,9,May,28,1.3851,4.690420966280783,145.40304995470427,1.0,0.0,4.690420966280783
17,9,November,28,1.3851,4.690420966280783,140.7126289884235,1.0,0.0,4.690420966280783
17,9,October,28,1.3851,4.69042096632262,145.4030499560012,1.0,0.0,4.69042096632262
17,9,September,28,1.3851,4.690420966318982,140.71262898956945,1.0,0.0,4.690420966318982
17,10,April,22,1.1152,4.381166313708206,131.4349894112462,1.0,0.0,4.381166313708206
17,10,April,28,1.1152,54.0385672227586,1621.157016682758,1.0,2.0,14.038567222758601
17,10,April,29,1.1152,13.827971449221028,414.83914347663085,1.0,0.0,13.827971449221028
17,10,August,28,1.1152,21.73799926040443,673.8779770725373,1.0,1.0,1.737999260404429
17,10,December,28,1.1152,4.060305066856053,125.86945707253764,1.0,0.0,4.060305066856053
17,10,February,28,1.1152,13.458984352570333,376.85156187196935,1.0,0.0,13.458984352570333
17,10,January,28,1.1152,4.060305066811395,125.86945707115325,1.0,0.0,4.060305066811395
17,10,July,28,1.1152,58.72898818907758,1820.598633861405,1.0,2.0,18.728988189077565
17,10,June,21,1.1152,31.46859524862284,944.0578574586852,1.0,1.0,11.468595248622831
17,10,June,22,1.1152,45.71067381981425,1371.3202145944274,1.0,2.0,5.71067381981418
17,10,June,23,1.1152,10.128614077922865,303.85842233768597,1.0,0.0,10.128614077922865
17,10,June,25,1.1152,0.1,3.0,1.0,0.0,0.1
17,10,June,26,1.1152,38.33648285015657,1150.094485504697,1.0,1.0,18.336482850156575
17,10,June,27,1.1152,36.17118946716293,1085.135684014888,1.0,1.0,16.171189467162936
17,10,June,28,1.1152,54.03856722279225,1621.1570166837676,1.0,2.0,14.038567222792254
17,10,June,29,1.1152,51.215166449260366,1536.454993477811,1.0,2.0,11.215166449180483
17,10,June,30,1.1152,25.2106922762312,756.320768286936,1.0,1.0,5.210692276231199
17,10,March,28,1.1152,4.060305066856053,125.86945707253764,1.0,0.0,4.060305066856053
17,10,May,21,1.1152,23.96070211152606,742.7817654573079,1.0,1.0,3.960702111526032
17,10,May,22,1.1152,38.20278068271747,1184.2862011642414,1.0,1.0,18.202780682717467
17,10,May,28,1.1152,54.03856722279679,1675.1955839067007,1.0,2.0,14.03856722279668
17,10,May,29,1.1152,13.827971449215571,428.6671149256827,1.0,0.0,13.827971449215571
17,10,November,28,1.1152,4.060305066811395,121.80915200434185,1.0,0.0,4.060305066811395
17,10,October,28,1.1152,4.060305066856053,125.86945707253764,1.0,0.0,4.060305066856053
17,10,September,28,1.1152,20.66443906685605,619.9331720056815,1.0,1.0,0.6644390668560511
17,24,August,28,1.0749,32.300567962392364,1001.3176068341633,1.0,1.0,12.30056796239232
17,24,December,28,1.0749,49.97826215590436,1549.3261268330352,1.0,2.0,9.97826215590436
17,24,February,28,1.0749,40.579582870188254,1136.2283203652712,1.0,2.0,0.5795828701882553
17,24,January,28,1.0749,49.97826215594901,1549.3261268344193,1.0,2.0,9.978262155859541
17,24,March,28,1.0749,49.9782621558989,1549.326126832866,1.0,2.0,9.9782621558989
17,24,November,28,1.0749,49.97826215598539,1499.3478646795618,1.0,2.0,9.97826215589589
17,24,October,28,1.0749,49.9782621558989,1549.326126832866,1.0,2.0,9.9782621558989
17,24,September,28,1.0749,33.374128155902525,1001.2238446770757,1.0,1.0,13.374128155902529
18,10,April,30,1.2157,26.004474173029166,780.134225190875,1.0,1.0,6.004474173029167
18,10,April,31,1.2157,33.89979984587933,1016.9939953763799,1.0,1.0,13.89979984587932
18,10,August,30,1.2157,13.827971449217277,428.6671149257356,1.0,0.0,13.827971449217277
18,10,August,31,1.2157,7.9205501103661184,245.53705342134967,1.0,0.0,7.9205501103661184
18,10,December,30,1.2157,13.827971449217277,428.6671149257356,1.0,0.0,13.827971449217277
18,10,December,31,1.2157,7.9205501103661184,245.53705342134967,1.0,0.0,7.9205501103661184
18,10,February,30,1.2157,13.827971449217277,387.18320057808376,1.0,0.0,13.827971449217277
18,10,February,31,1.2157,7.9205501103661184,221.7754030902513,1.0,0.0,7.9205501103661184
18,10,January,30,1.2157,13.827971449217277,428.6671149257356,1.0,0.0,13.827971449217277
18,10,January,31,1.2157,7.9205501103661184,245.53705342134967,1.0,0.0,7.9205501103661184
18,10,July,30,1.2157,26.00447417302918,806.1386993639046,1.0,1.0,6.00447417302918
18,10,July,31,1.2157,30.736100804437807,952.819124937572,1.0,1.0,10.736100804437523
18,10,June,30,1.2157,26.004474173029166,780.134225190875,1.0,1.0,6.004474173029165
18,10,June,31,1.2157,33.89979984587933,1016.9939953763799,1.0,1.0,13.899799845878299
18,10,March,30,1.2157,13.827971449222733,428.66711492590474,1.0,0.0,13.827971449222733
18,10,March,31,1.2157,7.9205501103661184,245.53705342134967,1.0,0.0,7.9205501103661184
18,10,May,30,1.2157,26.00447417302918,806.1386993639046,1.0,1.0,6.00447417302918
18,10,May,31,1.2157,33.89979984587933,1050.893795222259,1.0,1.0,13.899799845879329
18,10,November,30,1.2157,13.827971449260378,414.8391434778113,1.0,0.0,13.827971449260378
18,10,November,31,1.2157,7.9205501103661184,237.61650331098355,1.0,0.0,7.9205501103661184
18,10,October,30,1.2157,13.827971449217277,428.6671149257356,1.0,0.0,13.827971449217277
18,10,October,31,1.2157,7.9205501103661184,245.53705342134967,1.0,0.0,7.9205501103661184
18,10,September,30,1.2157,13.827971449217277,414.8391434765183,1.0,0.0,13.827971449217277
18,10,September,31,1.2157,7.9205501103661184,237.61650331098355,1.0,0.0,7.9205501103661184
18,25,August,30,0.9638,12.176502723811907,377.47158443816915,1.0,0.0,12.176502723811907
18,25,August,31,0.9638,25.979249735513207,805.3567418009094,1.0,1.0,5.979249735513177
18,25,December,30,0.9638,12.176502723811907,377.47158443816915,1.0,0.0,12.176502723811907
18,25,December,31,0.9638,25.97924973551321,805.3567418009095,1.0,1.0,5.979249735513005
18,25,February,30,0.9638,12.176502723811907,340.9420762667334,1.0,0.0,12.176502723811907
18,25,February,31,0.9638,25.979249735513207,727.4189925943698,1.0,1.0,5.979249735513177
18,25,January,30,0.9638,12.176502723811907,377.47158443816915,1.0,0.0,12.176502723811907
18,25,January,31,0.9638,25.97924973551321,805.3567418009095,1.0,1.0,5.979249735513005
18,25,July,31,0.9638,3.163699041441518,98.07467028468706,1.0,0.0,3.163699041441518
18,25,March,30,0.9638,12.17650272380645,377.471584438,1.0,0.0,12.17650272380645
18,25,March,31,0.9638,25.979249735513207,805.3567418009094,1.0,1.0,5.979249735513099
18,25,November,30,0.9638,12.176502723768806,365.2950817130642,1.0,0.0,12.176502723768806
18,25,November,31,0.9638,25.979249735513207,779.3774920653962,1.0,1.0,5.979249735513177
18,25,October,30,0.9638,12.176502723811907,377.47158443816915,1.0,0.0,12.176502723811907
18,25,October,31,0.9638,25.979249735513207,805.3567418009094,1.0,1.0,5.979249735513177
18,25,September,30,0.9638,12.176502723811907,365.29508171435725,1.0,0.0,12.176502723811907
18,25,September,31,0.9638,25.979249735513207,779.3774920653962,1.0,1.0,5.979249735513099
19,12,June,14,1.113,1.6161204358518333,48.483613075555,1.0,0.0,1.6161204358518333
19,12,June,17,1.113,0.27370545422464154,8.211163626739246,1.0,0.0,0.27370545422464154
19,12,May,15,1.113,6.6190443848564176,205.19037593054895,1.0,0.0,6.6190443848564176
19,12,May,17,1.113,3.7491038765402287,116.22222017274709,1.0,0.0,3.7491038765402287
19,12,May,21,1.113,0.365876588089332,11.342174230769292,1.0,0.0,0.365876588089332
21,13,April,20,1.0012,15.044446193452092,451.33338580356275,1.0,0.0,15.044446193452092
21,13,April,21,1.0012,19.999999,599.99997,1.0,0.0,19.999999
21,13,April,22,1.0012,24.075047699809208,722.2514309942762,1.0,1.0,4.075047699809208
21,13,April,23,1.0012,24.075047699809208,722.2514309942762,1.0,1.0,4.075047699809208
21,13,April,24,1.0012,19.999999,599.99997,1.0,0.0,19.999999
21,13,April,25,1.0012,12.07948458855401,362.3845376566203,1.0,0.0,12.07948458855401
21,13,April,26,1.0012,10.244179093291303,307.32537279873907,1.0,0.0,10.244179093291303
21,13,April,27,1.0012,15.711336932359487,471.34010797078463,1.0,0.0,15.711336932359487
21,13,April,28,1.0012,7.894231381769451,236.82694145308352,1.0,0.0,7.894231381769451
21,13,April,31,1.0012,1.3232004759675462,39.696014279026386,1.0,0.0,1.3232004759675462
21,13,April,32,1.0012,6.422865188585234,192.68595565755703,1.0,0.0,6.422865188585234
21,13,August,20,1.0012,2.6745671611940267,82.91158199701482,1.0,0.0,2.6745671611940267
21,13,August,21,1.0012,8.67778963529307,269.01147869408516,1.0,0.0,8.67778963529307
21,13,August,22,1.0012,8.677789635293069,269.0114786940851,1.0,0.0,8.677789635293069
21,13,August,23,1.0012,0.1,3.1,1.0,0.0,0.1
21,13,August,24,1.0012,6.801104674133944,210.83424489815226,1.0,0.0,6.801104674133944
21,13,August,28,1.0012,1.4766375654329575,45.77576452842168,1.0,0.0,1.4766375654329575
21,13,July,20,1.0012,6.635111516032737,205.68845699701484,1.0,0.0,6.635111516032737
21,13,July,21,1.0012,12.615108183680167,391.0683536940852,1.0,0.0,12.615108183680167
21,13,July,22,1.0012,12.615108183680169,391.06835369408526,1.0,0.0,12.615108183680169
21,13,July,23,1.0012,13.075047699804319,405.3264786939339,1.0,0.0,13.075047699804319
21,13,July,24,1.0012,12.428595012230742,385.286445379153,1.0,0.0,12.428595012230742
21,13,July,25,1.0012,0.1,3.1,1.0,0.0,0.1
21,13,July,26,1.0012,2.1661918008085745,67.15194582506581,1.0,0.0,2.1661918008085745
21,13,July,27,1.0012,0.1,3.1,1.0,0.0,0.1
21,13,July,28,1.0012,5.177262565432956,160.49513952842165,1.0,0.0,5.177262565432956
21,13,June,20,1.0012,15.225112860118763,456.7533858035629,1.0,0.0,15.225112860118763
21,13,June,21,1.0012,18.300937059384296,549.0281117815289,1.0,0.0,18.300937059384296
21,13,June,22,1.0012,24.075047699809208,722.2514309942762,1.0,1.0,4.075047699809208
21,13,June,23,1.0012,13.083495392052553,392.5048617615766,1.0,0.0,13.083495392052553
21,13,June,24,1.0012,12.428595012230742,372.85785036692226,1.0,0.0,12.428595012230742
21,13,June,25,1.0012,19.999999000000003,599.9999700000001,1.0,0.0,19.999999000000003
21,13,June,26,1.0012,19.543491262867363,586.3047378860209,1.0,0.0,19.543491262867363
21,13,June,27,1.0012,26.650316099026142,799.5094829707842,1.0,1.0,6.650316099026143
21,13,June,28,1.0012,7.010978381769455,210.32935145308363,1.0,0.0,7.010978381769455
21,13,June,31,1.0012,5.846489063425516,175.39467190276548,1.0,0.0,5.846489063425516
21,13,June,32,1.0012,10.381251275889419,311.4375382766826,1.0,0.0,10.381251275889419
21,13,March,20,1.0012,1.1390429676456435,35.31033199701495,1.0,0.0,1.1390429676456435
21,13,March,21,1.0012,7.317446893357587,226.8408536940852,1.0,0.0,7.317446893357587
21,13,March,22,1.0012,7.317446893357586,226.84085369408515,1.0,0.0,7.317446893357586
21,13,May,19,1.0012,0.5988637062239235,18.564774892941628,1.0,0.0,0.5988637062239235
21,13,May,20,1.0012,20.2925711934521,629.0697069970151,1.0,1.0,0.2925711934517743
21,13,May,21,1.0012,12.807941760997196,397.04619459091305,1.0,0.0,12.807941760997196
21,13,May,22,1.0012,24.075047699809208,746.3264786940854,1.0,1.0,4.075047699809204
21,13,May,23,1.0012,13.075047699804319,405.3264786939339,1.0,0.0,13.075047699804319
21,13,May,24,1.0012,12.428595012230742,385.286445379153,1.0,0.0,12.428595012230742
21,13,May,25,1.0012,10.955318177524703,339.6148635032658,1.0,0.0,10.955318177524703
21,13,May,26,1.0012,10.244179093291303,317.5695518920304,1.0,0.0,10.244179093291303
21,13,May,27,1.0012,15.71133693235453,487.05144490299045,1.0,0.0,15.71133693235453
21,13,May,28,1.0012,2.4979122500490263,77.43527975151981,1.0,0.0,2.4979122500490263
21,13,May,31,1.0012,6.2966171426342115,195.19513142166056,1.0,0.0,6.2966171426342115
21,13,May,32,1.0012,10.381251275889419,321.81878955257196,1.0,0.0,10.381251275889419
21,13,September,20,1.0012,0.11667536011876223,3.500260803562867,1.0,0.0,0.11667536011876223
21,13,September,21,1.0012,10.135131033142532,304.05393099427596,1.0,0.0,10.135131033142532
21,13,September,22,1.0012,10.135131033142533,304.053930994276,1.0,0.0,10.135131033142533
21,13,September,23,1.0012,10.74415186647587,322.32455599427607,1.0,0.0,10.74415186647587
21,13,September,24,1.0012,7.242342592604322,217.27027777812967,1.0,0.0,7.242342592604322
21,13,September,28,1.0012,0.9565018127447882,28.695054382343645,1.0,0.0,0.9565018127447882
21,14,April,13,1.2286,3.4674999377619455,104.02499813285837,1.0,0.0,3.4674999377619455
21,14,July,13,1.2286,4.0452259780845266,125.40200532062032,1.0,0.0,4.0452259780845266
21,14,June,13,1.2286,9.076945687761942,272.30837063285827,1.0,0.0,9.076945687761942
21,14,June,22,1.2286,2.9269320107387387,87.80796032216216,1.0,0.0,2.9269320107387387
21,14,June,24,1.2286,1.883916051270596,56.51748153811788,1.0,0.0,1.883916051270596
22,21,April,30,1.0533,7.719048575644877,231.5714572693463,1.0,0.0,7.719048575644877
22,21,August,30,1.0533,7.719048575644887,239.29050584499151,1.0,0.0,7.719048575644887
22,21,December,30,1.0533,7.719048575644887,239.29050584499151,1.0,0.0,7.719048575644887
22,21,February,30,1.0533,7.719048575644887,216.13336011805683,1.0,0.0,7.719048575644887
22,21,January,30,1.0533,7.7190485756448695,239.29050584499095,1.0,0.0,7.7190485756448695
22,21,July,30,1.0533,7.719048575644891,239.29050584499163,1.0,0.0,7.719048575644891
22,21,June,7,1.0533,0.12684691666666667,3.8054075000000003,1.0,0.0,0.12684691666666667
22,21,June,8,1.0533,0.12684691666666667,3.8054075000000003,1.0,0.0,0.12684691666666667
22,21,June,30,1.0533,7.719048575644887,231.5714572693466,1.0,0.0,7.719048575644887
22,21,March,30,1.0533,7.719048575644887,239.29050584499151,1.0,0.0,7.719048575644887
22,21,May,30,1.0533,7.719048575644891,239.29050584499163,1.0,0.0,7.719048575644891
22,21,November,30,1.0533,7.719048575644877,231.5714572693463,1.0,0.0,7.719048575644877
22,21,October,30,1.0533,7.719048575644887,239.29050584499151,1.0,0.0,7.719048575644887
22,21,September,30,1.0533,7.719048575644891,231.57145726934672,1.0,0.0,7.719048575644891
23,15,June,13,1.2323,4.880911502008031,146.42734506024092,1.0,0.0,4.880911502008031
23,16,April,19,1.1232,48.55475356571204,1456.6426069713611,1.0,2.0,8.55475356571204
23,16,April,20,1.1232,18.80107634919539,564.0322904758617,1.0,0.0,18.80107634919539
23,16,August,19,1.1232,48.55475356571204,1505.1973605370733,1.0,2.0,8.55475356571204
23,16,August,20,1.1232,18.80107634919539,582.8333668250572,1.0,0.0,18.80107634919539
23,16,December,19,1.1232,48.55475356571204,1505.1973605370733,1.0,2.0,8.55475356571204
23,16,December,20,1.1232,18.80107634919539,582.8333668250572,1.0,0.0,18.80107634919539
23,16,February,19,1.1232,48.55475356571204,1359.5330998399372,1.0,2.0,8.55475356571204
23,16,February,20,1.1232,18.80107634919539,526.4301377774709,1.0,0.0,18.80107634919539
23,16,January,19,1.1232,48.55475356571204,1505.1973605370733,1.0,2.0,8.55475356571204
23,16,January,20,1.1232,18.80107634919539,582.8333668250572,1.0,0.0,18.80107634919539
23,16,July,19,1.1232,48.55475356571204,1505.1973605370733,1.0,2.0,8.55475356571204
23,16,July,20,1.1232,18.80107634919539,582.8333668250572,1.0,0.0,18.80107634919539
23,16,June,19,1.1232,48.55475356571204,1456.6426069713611,1.0,2.0,8.55475356571204
23,16,June,20,1.1232,18.80107634919539,564.0322904758617,1.0,0.0,18.80107634919539
23,16,March,19,1.1232,48.55475356571204,1505.1973605370733,1.0,2.0,8.55475356571204
23,16,March,20,1.1232,18.80107634919539,582.8333668250572,1.0,0.0,18.80107634919539
23,16,May,19,1.1232,48.55475356571204,1505.1973605370733,1.0,2.0,8.55475356571204
23,16,May,20,1.1232,18.80107634919539,582.8333668250572,1.0,0.0,18.80107634919539
23,16,November,19,1.1232,48.55475356571204,1456.6426069713611,1.0,2.0,8.55475356571204
23,16,November,20,1.1232,18.80107634919539,564.0322904758617,1.0,0.0,18.80107634919539
23,16,October,19,1.1232,48.55475356571204,1505.1973605370733,1.0,2.0,8.55475356571204
23,16,October,20,1.1232,18.80107634919539,582.8333668250572,1.0,0.0,18.80107634919539
23,16,September,19,1.1232,48.55475356571204,1456.6426069713611,1.0,2.0,8.55475356571204
23,16,September,20,1.1232,18.80107634919539,564.0322904758617,1.0,0.0,18.80107634919539
24,16,April,11,1.041,0.99294,29.7882,1.0,0.0,0.99294
24,16,April,34,1.041,6.490744640496644,194.7223392148993,1.0,0.0,6.490744640496644
24,16,August,11,1.041,1.2414508064516128,38.484975,1.0,0.0,1.2414508064516128
24,16,August,34,1.041,6.490744640496644,201.21308385539595,1.0,0.0,6.490744640496644
24,16,December,34,1.041,6.490744640496644,201.21308385539595,1.0,0.0,6.490744640496644
24,16,February,34,1.041,6.490744640496644,181.74084993390602,1.0,0.0,6.490744640496644
24,16,January,34,1.041,6.490744640496644,201.21308385539595,1.0,0.0,6.490744640496644
24,16,July,11,1.041,3.2902100806451613,101.9965125,1.0,0.0,3.2902100806451613
24,16,July,34,1.041,6.490744640496644,201.21308385539595,1.0,0.0,6.490744640496644
24,16,June,11,1.041,3.6274087499999994,108.82226249999998,1.0,0.0,3.6274087499999994
24,16,June,34,1.041,6.490744640496644,194.7223392148993,1.0,0.0,6.490744640496644
24,16,March,34,1.041,6.490744640496644,201.21308385539595,1.0,0.0,6.490744640496644
24,16,May,11,1.041,3.6688463709677417,113.73423749999999,1.0,0.0,3.6688463709677417
24,16,May,34,1.041,6.490744640496644,201.21308385539595,1.0,0.0,6.490744640496644
24,16,November,34,1.041,6.490744640496644,194.7223392148993,1.0,0.0,6.490744640496644
24,16,October,34,1.041,6.490744640496644,201.21308385539595,1.0,0.0,6.490744640496644
24,16,September,11,1.041,0.13487625,4.0462875,1.0,0.0,0.13487625
24,16,September,34,1.041,6.490744640496644,194.7223392148993,1.0,0.0,6.490744640496644
24,17,June,7,1.0749,0.17337591666666666,5.2012775,1.0,0.0,0.17337591666666666
24,17,June,8,1.0749,0.17337591666666666,5.2012775,1.0,0.0,0.17337591666666666
24,17,June,9,1.0749,0.8176514292452828,24.529542877358484,1.0,0.0,0.8176514292452828
24,17,June,10,1.0749,2.08997925,62.6993775,1.0,0.0,2.08997925
24,17,June,11,1.0749,3.983785749999999,119.51357249999998,1.0,0.0,3.983785749999999
24,17,June,12,1.0749,3.983785749999999,119.51357249999998,1.0,0.0,3.983785749999999
24,23,June,7,1.4545,0.14401833333333333,4.32055,1.0,0.0,0.14401833333333333
24,23,June,8,1.4545,0.14401833333333333,4.32055,1.0,0.0,0.14401833333333333
24,25,June,7,1.2938,0.24870858333333332,7.461257499999999,1.0,0.0,0.24870858333333332
24,25,June,8,1.2938,0.24870858333333332,7.461257499999999,1.0,0.0,0.24870858333333332
25,18,April,17,0.9638,32.637238929103376,979.1171678731013,1.0,1.0,12.63723892910319
25,18,April,21,0.9638,4.288694050060322,128.66082150180966,1.0,0.0,4.288694050060322
25,18,August,17,0.9638,32.637238929103376,1011.7544068022046,1.0,1.0,12.63723892910319
25,18,December,17,0.9638,32.637238929103376,1011.7544068022046,1.0,1.0,12.63723892910319
25,18,February,17,0.9638,32.637238929103376,913.8426900148945,1.0,1.0,12.63723892910319
25,18,January,17,0.9638,32.637238929103376,1011.7544068022046,1.0,1.0,12.63723892910319
25,18,July,17,0.9638,32.637238929103376,1011.7544068022046,1.0,1.0,12.63723892910319
25,18,June,9,0.9638,0.14419099999999663,4.325729999999899,1.0,0.0,0.14419099999999663
25,18,June,10,0.9638,0.14419099999999663,4.325729999999899,1.0,0.0,0.14419099999999663
25,18,June,11,0.9638,4.119136368421062,123.57409105263186,1.0,0.0,4.119136368421062
25,18,June,17,0.9638,28.228260481648384,846.8478144494516,1.0,1.0,8.22826048164791
25,18,June,21,0.9638,7.431383050060312,222.94149150180937,1.0,0.0,7.431383050060312
25,18,March,17,0.9638,32.637238929103376,1011.7544068022046,1.0,1.0,12.63723892910319
25,18,May,17,0.9638,0.9336989617817366,28.944667815233835,1.0,0.0,0.9336989617817366
25,18,May,21,0.9638,16.93018714683452,524.8358015518701,1.0,0.0,16.93018714683452
25,18,November,17,0.9638,32.637238929103376,979.1171678731013,1.0,1.0,12.63723892910319
25,18,October,17,0.9638,32.637238929103376,1011.7544068022046,1.0,1.0,12.63723892910319
25,18,September,17,0.9638,32.637238929103376,979.1171678731013,1.0,1.0,12.63723892910319
25,26,June,23,1.1451,15.416353462472323,462.49060387416966,1.0,0.0,15.416353462472323
25,33,April,25,1.079,5.501226965828806,165.0368089748642,1.0,0.0,5.501226965828806
25,33,August,25,1.079,1.5478511593771813,47.98338594069262,1.0,0.0,1.5478511593771813
25,33,June,24,1.079,3.5775938739995894,107.32781621998768,1.0,0.0,3.5775938739995894
25,33,June,25,1.079,25.033207609228985,750.9962282768695,1.0,1.0,5.033207609228931
25,33,June,26,1.079,15.4360144768603,463.08043430580904,1.0,0.0,15.4360144768603
25,33,May,25,1.079,5.501226965828806,170.538035940693,1.0,0.0,5.501226965828806
25,33,September,25,1.079,5.501226965828806,165.0368089748642,1.0,0.0,5.501226965828806
26,33,June,25,1.0994,7.03755552326648,211.1266656979944,1.0,0.0,7.03755552326648
26,34,April,17,1.0655,3.5965715685851407,107.89714705755422,1.0,0.0,3.5965715685851407
26,34,April,21,1.0655,18.897418474229326,566.9225542268798,1.0,0.0,18.897418474229326
26,34,April,22,1.0655,13.360421624374695,400.81264873124087,1.0,0.0,13.360421624374695
26,34,April,24,1.0655,19.409705197420475,582.2911559226143,1.0,0.0,19.409705197420475
26,34,April,29,1.0655,26.058301031953988,781.7490309586196,1.0,1.0,6.05830103195399
26,34,April,31,1.0655,19.999999000000003,599.9999700000001,1.0,0.0,19.999999000000003
26,34,August,17,1.0655,3.5965715685851407,111.49371862613935,1.0,0.0,3.5965715685851407
26,34,August,23,1.0655,0.4134802672200806,12.817888283822498,1.0,0.0,0.4134802672200806
26,34,August,30,1.0655,7.924244032258038,245.65156499999918,1.0,0.0,7.924244032258038
26,34,December,17,1.0655,3.5965715685851407,111.49371862613935,1.0,0.0,3.5965715685851407
26,34,February,17,1.0655,3.5965715685851336,100.70400392038374,1.0,0.0,3.5965715685851336
26,34,January,17,1.0655,3.5965715685851407,111.49371862613935,1.0,0.0,3.5965715685851407
26,34,July,17,1.0655,3.5965715685851336,111.49371862613914,1.0,0.0,3.5965715685851336
26,34,June,17,1.0655,8.005550016040116,240.16650048120349,1.0,0.0,8.005550016040116
26,34,June,21,1.0655,22.99097813988938,689.7293441966814,1.0,1.0,2.9909781398893798
26,34,June,22,1.0655,9.868544957708025,296.05634873124075,1.0,0.0,9.868544957708025
26,34,June,24,1.0655,19.230011752787725,576.9003525836317,1.0,0.0,19.230011752787725
26,34,June,27,1.0655,20.45405456189275,613.6216368567825,1.0,1.0,0.4540545618626969
26,34,June,29,1.0655,27.34592146213055,820.3776438639165,1.0,1.0,7.345921462130415
26,34,June,31,1.0655,8.013411903156765,240.40235709470295,1.0,0.0,8.013411903156765
26,34,June,32,1.0655,3.3541744553405017,100.62523366021506,1.0,0.0,3.3541744553405017
26,34,March,17,1.0655,3.5965715685851407,111.49371862613935,1.0,0.0,3.5965715685851407
26,34,March,30,1.0655,0.31191895161287064,9.66948749999899,1.0,0.0,0.31191895161287064
26,34,May,17,1.0655,35.30011153590678,1094.3034576131101,1.0,1.0,15.300111535906778
26,34,May,20,1.0655,3.2550975208005113,100.90802314481584,1.0,0.0,3.2550975208005113
26,34,May,21,1.0655,15.195287008843884,471.0538972741604,1.0,0.0,15.195287008843884
26,34,May,24,1.0655,5.3633645027877535,166.26429958642035,1.0,0.0,5.3633645027877535
26,34,May,29,1.0655,15.675465916007134,485.9394433962212,1.0,0.0,15.675465916007134
26,34,May,31,1.0655,11.996613255731802,371.89501092768586,1.0,0.0,11.996613255731802
26,34,May,32,1.0655,1.488627697906871,46.147458635113004,1.0,0.0,1.488627697906871
26,34,November,17,1.0655,3.5965715685851407,107.89714705755422,1.0,0.0,3.5965715685851407
26,34,October,17,1.0655,3.5965715685851336,111.49371862613914,1.0,0.0,3.5965715685851336
26,34,September,17,1.0655,3.5965715685851336,107.89714705755401,1.0,0.0,3.5965715685851336
26,34,September,23,1.0655,1.8340349903383597,55.02104971015079,1.0,0.0,1.8340349903383597
26,34,September,30,1.0655,6.7110148333333015,201.33044499999903,1.0,0.0,6.7110148333333015
27,34,April,14,0.9431,8.028540684501955,240.85622053505864,1.0,0.0,8.028540684501955
27,34,April,15,0.9431,9.252288883145752,277.56866649437256,1.0,0.0,9.252288883145752
27,34,April,21,0.9431,4.574021701281197,137.2206510384359,1.0,0.0,4.574021701281197
27,34,April,32,0.9431,1.533958927710259,46.01876783130777,1.0,0.0,1.533958927710259
27,34,August,14,0.9431,8.028540684501955,248.8847612195606,1.0,0.0,8.028540684501955
27,34,August,15,0.9431,9.252288883145752,286.8209553775183,1.0,0.0,9.252288883145752
27,34,December,14,0.9431,8.028540684501955,248.8847612195606,1.0,0.0,8.028540684501955
27,34,December,15,0.9431,9.252288883145752,286.8209553775183,1.0,0.0,9.252288883145752
27,34,February,14,0.9431,8.028540684501955,224.79913916605474,1.0,0.0,8.028540684501955
27,34,February,15,0.9431,9.252288883145752,259.06408872808106,1.0,0.0,9.252288883145752
27,34,January,14,0.9431,8.028540684501955,248.8847612195606,1.0,0.0,8.028540684501955
27,34,January,15,0.9431,9.252288883145752,286.8209553775183,1.0,0.0,9.252288883145752
27,34,July,14,0.9431,8.028540684501955,248.8847612195606,1.0,0.0,8.028540684501955
27,34,July,15,0.9431,9.252288883145752,286.8209553775183,1.0,0.0,9.252288883145752
27,34,June,14,0.9431,8.028540684501955,240.85622053505864,1.0,0.0,8.028540684501955
27,34,June,15,0.9431,9.252288883145752,277.56866649437256,1.0,0.0,9.252288883145752
27,34,June,21,0.9431,2.0208932325311935,60.626796975935804,1.0,0.0,2.0208932325311935
27,34,June,32,0.9431,5.345730722369755,160.37192167109265,1.0,0.0,5.345730722369755
27,34,March,14,0.9431,8.028540684501955,248.8847612195606,1.0,0.0,8.028540684501955
27,34,March,15,0.9431,9.252288883145752,286.8209553775183,1.0,0.0,9.252288883145752
27,34,May,14,0.9431,8.028540684501955,248.8847612195606,1.0,0.0,8.028540684501955
27,34,May,15,0.9431,19.494929599362848,604.3428175802483,1.0,0.0,19.494929599362848
27,34,May,16,0.9431,5.53790336357854,171.67500427093472,1.0,0.0,5.53790336357854
27,34,May,32,0.9431,7.932374654534565,245.9036142905715,1.0,0.0,7.932374654534565
27,34,November,14,0.9431,8.028540684501955,240.85622053505864,1.0,0.0,8.028540684501955
27,34,November,15,0.9431,9.252288883145752,277.56866649437256,1.0,0.0,9.252288883145752
27,34,October,14,0.9431,8.028540684501955,248.8847612195606,1.0,0.0,8.028540684501955
27,34,October,15,0.9431,9.252288883145752,286.8209553775183,1.0,0.0,9.252288883145752
27,34,September,14,0.9431,8.028540684501955,240.85622053505864,1.0,0.0,8.028540684501955
27,34,September,15,0.9431,9.252288883145752,277.56866649437256,1.0,0.0,9.252288883145752
29,30,April,27,1.1769,2.4441465667301756,73.32439700190527,1.0,0.0,2.4441465667301756
29,30,April,28,1.1769,8.277050810505486,248.31152431516458,1.0,0.0,8.277050810505486
29,30,April,33,1.1769,4.5279986022542715,135.83995806762815,1.0,0.0,4.5279986022542715
29,30,April,34,1.1769,0.1,3.0,1.0,0.0,0.1
29,30,April,35,1.1769,8.491703611274382,254.75110833823146,1.0,0.0,8.491703611274382
29,30,August,33,1.1769,2.73491640067121,84.78240842080751,1.0,0.0,2.73491640067121
29,30,August,35,1.1769,8.491703611274382,263.24281194950584,1.0,0.0,8.491703611274382
29,30,December,33,1.1769,2.73491640067121,84.78240842080751,1.0,0.0,2.73491640067121
29,30,December,35,1.1769,8.491703611274382,263.24281194950584,1.0,0.0,8.491703611274382
29,30,February,33,1.1769,2.73491640067121,76.57765921879388,1.0,0.0,2.73491640067121
29,30,February,35,1.1769,8.491703611274382,237.76770111568268,1.0,0.0,8.491703611274382
29,30,January,33,1.1769,2.73491640067121,84.78240842080751,1.0,0.0,2.73491640067121
29,30,January,35,1.1769,8.491703611274382,263.24281194950584,1.0,0.0,8.491703611274382
29,30,July,33,1.1769,2.73491640067121,84.78240842080751,1.0,0.0,2.73491640067121
29,30,July,35,1.1769,8.491703611274382,263.24281194950584,1.0,0.0,8.491703611274382
29,30,June,27,1.1769,0.9669155667301723,29.00746700190517,1.0,0.0,0.9669155667301723
29,30,June,28,1.1769,9.499719810505482,284.99159431516443,1.0,0.0,9.499719810505482
29,30,June,30,1.1769,5.198126330653658,155.94378991960974,1.0,0.0,5.198126330653658
29,30,June,32,1.1769,12.525812252946974,375.77436758840923,1.0,0.0,12.525812252946974
29,30,June,33,1.1769,17.338613494521265,520.158404835638,1.0,0.0,17.338613494521265
29,30,June,34,1.1769,1.806149229295709,54.18447687887127,1.0,0.0,1.806149229295709
29,30,June,35,1.1769,8.491703611274382,254.75110833823146,1.0,0.0,8.491703611274382
29,30,March,33,1.1769,2.73491640067121,84.78240842080751,1.0,0.0,2.73491640067121
29,30,March,35,1.1769,8.491703611274382,263.24281194950584,1.0,0.0,8.491703611274382
29,30,May,33,1.1769,15.896328257962123,492.7861759968258,1.0,0.0,15.896328257962123
29,30,May,34,1.1769,10.711011548707047,332.04135800991844,1.0,0.0,10.711011548707047
29,30,May,35,1.1769,8.491703611274382,263.24281194950584,1.0,0.0,8.491703611274382
29,30,November,33,1.1769,2.73491640067121,82.0474920201363,1.0,0.0,2.73491640067121
29,30,November,35,1.1769,8.491703611274382,254.75110833823146,1.0,0.0,8.491703611274382
29,30,October,33,1.1769,2.73491640067121,84.78240842080751,1.0,0.0,2.73491640067121
29,30,October,35,1.1769,8.491703611274382,263.24281194950584,1.0,0.0,8.491703611274382
29,30,September,33,1.1769,2.73491640067121,82.0474920201363,1.0,0.0,2.73491640067121
29,30,September,35,1.1769,8.491703611274382,254.75110833823146,1.0,0.0,8.491703611274382
30,29,April,18,1.1769,9.38957679782936,281.6873039348808,1.0,0.0,9.38957679782936
30,29,April,19,1.1769,7.758710501915218,232.76131505745653,1.0,0.0,7.758710501915218
30,29,August,18,1.1769,7.771322627283709,240.91100144579497,1.0,0.0,7.771322627283709
30,29,December,18,1.1769,7.771322627283709,240.91100144579497,1.0,0.0,7.771322627283709
30,29,February,18,1.1769,7.771322627283709,217.59703356394385,1.0,0.0,7.771322627283709
30,29,January,18,1.1769,7.771322627283709,240.91100144579497,1.0,0.0,7.771322627283709
30,29,July,18,1.1769,7.771322627283709,240.91100144579497,1.0,0.0,7.771322627283709
30,29,July,19,1.1769,4.487482276108764,139.11195055937168,1.0,0.0,4.487482276108764
30,29,June,15,1.1769,3.417552427027312,102.52657281081936,1.0,0.0,3.417552427027312
30,29,June,18,1.1769,26.192782047829365,785.7834614348809,1.0,1.0,6.192782047829365
30,29,June,19,1.1769,13.367273293321894,401.01819879965683,1.0,0.0,13.367273293321894
30,29,March,18,1.1769,7.771322627283709,240.91100144579497,1.0,0.0,7.771322627283709
30,29,May,15,1.1769,8.61400532658253,267.03416512405846,1.0,0.0,8.61400532658253
30,29,May,18,1.1769,32.11912945911969,995.6930132327104,1.0,1.0,12.119129459119687
30,29,May,19,1.1769,13.367273293321894,414.3854720929787,1.0,0.0,13.367273293321894
30,29,November,18,1.1769,7.771322627283709,233.13967881851127,1.0,0.0,7.771322627283709
30,29,October,18,1.1769,7.771322627283709,240.91100144579497,1.0,0.0,7.771322627283709
30,29,September,18,1.1769,9.38957679782936,281.6873039348808,1.0,0.0,9.38957679782936
30,38,April,16,1.0958,0.3027530047000795,9.082590141002385,1.0,0.0,0.3027530047000795
30,38,August,16,1.0958,0.3027530047000795,9.385343145702464,1.0,0.0,0.3027530047000795
30,38,December,16,1.0958,0.3027530047000795,9.385343145702464,1.0,0.0,0.3027530047000795
30,38,February,16,1.0958,0.3027530047000795,8.477084131602226,1.0,0.0,0.3027530047000795
30,38,January,16,1.0958,0.3027530047000795,9.385343145702464,1.0,0.0,0.3027530047000795
30,38,July,16,1.0958,0.3027530047000795,9.385343145702464,1.0,0.0,0.3027530047000795
30,38,June,16,1.0958,0.3027530047000795,9.082590141002385,1.0,0.0,0.3027530047000795
30,38,June,37,1.0958,0.4363637663475295,13.090912990425885,1.0,0.0,0.4363637663475295
30,38,March,16,1.0958,0.3027530047000795,9.385343145702464,1.0,0.0,0.3027530047000795
30,38,May,15,1.0958,0.7763087072183696,24.06556992376946,1.0,0.0,0.7763087072183696
30,38,May,16,1.0958,0.3027530047000795,9.385343145702464,1.0,0.0,0.3027530047000795
30,38,May,37,1.0958,1.2192131615088222,37.79560800677349,1.0,0.0,1.2192131615088222
30,38,November,16,1.0958,0.3027530047000795,9.082590141002385,1.0,0.0,0.3027530047000795
30,38,October,16,1.0958,0.3027530047000795,9.385343145702464,1.0,0.0,0.3027530047000795
30,38,September,16,1.0958,0.3027530047000795,9.082590141002385,1.0,0.0,0.3027530047000795
32,24,April,17,1.4092,4.451795910624298,133.55387731872895,1.0,0.0,4.451795910624298
32,24,August,17,1.4092,4.451795910624298,138.00567322935325,1.0,0.0,4.451795910624298
32,24,December,17,1.4092,4.451795910624298,138.00567322935325,1.0,0.0,4.451795910624298
32,24,February,17,1.4092,4.451795910624298,124.65028549748035,1.0,0.0,4.451795910624298
32,24,January,17,1.4092,4.451795910624298,138.00567322935325,1.0,0.0,4.451795910624298
32,24,July,17,1.4092,4.451795910624298,138.00567322935325,1.0,0.0,4.451795910624298
32,24,June,17,1.4092,4.451795910624298,133.55387731872895,1.0,0.0,4.451795910624298
32,24,March,17,1.4092,4.451795910624298,138.00567322935325,1.0,0.0,4.451795910624298
32,24,May,17,1.4092,4.451795910624298,138.00567322935325,1.0,0.0,4.451795910624298
32,24,November,17,1.4092,4.451795910624298,133.55387731872895,1.0,0.0,4.451795910624298
32,24,October,17,1.4092,4.451795910624298,138.00567322935325,1.0,0.0,4.451795910624298
32,24,September,17,1.4092,4.451795910624298,133.55387731872895,1.0,0.0,4.451795910624298
32,25,June,12,1.0655,0.30263377635259125,9.079013290577738,1.0,0.0,0.30263377635259125
32,25,June,13,1.0655,5.975199642115644,179.25598926346933,1.0,0.0,5.975199642115644
32,25,May,12,1.0655,0.367916203771947,11.405402316930356,1.0,0.0,0.367916203771947
32,25,May,13,1.0655,8.24005702921242,255.441767905585,1.0,0.0,8.24005702921242
33,25,April,16,1.079,23.97811785083299,719.3435355249898,1.0,1.0,3.978117850832991
33,25,April,17,1.079,33.97560140245775,1019.2680420737324,1.0,1.0,13.97560140245775
33,25,April,18,1.079,3.9418053202861856,118.25415960858557,1.0,0.0,3.9418053202861856
33,25,August,16,1.079,23.97811785083299,743.3216533758227,1.0,1.0,3.978117850832991
33,25,August,17,1.079,33.97560140245775,1053.2436434761903,1.0,1.0,13.97560140245775
33,25,August,18,1.079,3.9418053202861856,122.19596492887175,1.0,0.0,3.9418053202861856
33,25,December,16,1.079,23.97811785083299,743.3216533758227,1.0,1.0,3.978117850832991
33,25,December,17,1.079,33.97560140245775,1053.2436434761903,1.0,1.0,13.97560140245775
33,25,December,18,1.079,3.9418053202861856,122.19596492887175,1.0,0.0,3.9418053202861856
33,25,February,16,1.079,23.97811785083299,671.3872998233237,1.0,1.0,3.978117850832991
33,25,February,17,1.079,33.97560140245775,951.3168392688169,1.0,1.0,13.97560140245775
33,25,February,18,1.079,3.9418053202861856,110.3705489680132,1.0,0.0,3.9418053202861856
33,25,January,16,1.079,23.97811785083299,743.3216533758227,1.0,1.0,3.978117850832991
33,25,January,17,1.079,33.97560140245775,1053.2436434761903,1.0,1.0,13.97560140245775
33,25,January,18,1.079,3.9418053202861856,122.19596492887175,1.0,0.0,3.9418053202861856
33,25,July,16,1.079,23.97811785083299,743.3216533758227,1.0,1.0,3.978117850832991
33,25,July,17,1.079,33.97560140245775,1053.2436434761903,1.0,1.0,13.97560140245775
33,25,July,18,1.079,3.9418053202861856,122.19596492887175,1.0,0.0,3.9418053202861856
33,25,June,16,1.079,23.97811785083299,719.3435355249898,1.0,1.0,3.978117850832991
33,25,June,17,1.079,29.56662295500276,886.9986886500828,1.0,1.0,9.56662295500276
33,25,June,18,1.079,3.9418053202861856,118.25415960858557,1.0,0.0,3.9418053202861856
33,25,March,16,1.079,23.97811785083299,743.3216533758227,1.0,1.0,3.978117850832991
33,25,March,17,1.079,33.97560140245775,1053.2436434761903,1.0,1.0,13.97560140245775
33,25,March,18,1.079,3.9418053202861856,122.19596492887175,1.0,0.0,3.9418053202861856
33,25,May,16,1.079,23.97811785083299,743.3216533758227,1.0,1.0,3.978117850832991
33,25,May,17,1.079,2.2720614351361164,70.4339044892196,1.0,0.0,2.2720614351361164
33,25,May,18,1.079,3.9418053202861856,122.19596492887175,1.0,0.0,3.9418053202861856
33,25,November,16,1.079,23.97811785083299,719.3435355249898,1.0,1.0,3.978117850832991
33,25,November,17,1.079,33.97560140245775,1019.2680420737324,1.0,1.0,13.97560140245775
33,25,November,18,1.079,3.9418053202861856,118.25415960858557,1.0,0.0,3.9418053202861856
33,25,October,16,1.079,23.97811785083299,743.3216533758227,1.0,1.0,3.978117850832991
33,25,October,17,1.079,33.97560140245775,1053.2436434761903,1.0,1.0,13.97560140245775
33,25,October,18,1.079,3.9418053202861856,122.19596492887175,1.0,0.0,3.9418053202861856
33,25,September,16,1.079,23.97811785083299,719.3435355249898,1.0,1.0,3.978117850832991
33,25,September,17,1.079,33.97560140245775,1019.2680420737324,1.0,1.0,13.97560140245775
33,25,September,18,1.079,3.9418053202861856,118.25415960858557,1.0,0.0,3.9418053202861856
33,26,April,17,1.0994,21.33129133045756,639.9387399137267,1.0,1.0,1.3312913304575595
33,26,August,17,1.0994,21.33129133045756,661.2700312441843,1.0,1.0,1.3312913304575589
33,26,December,17,1.0994,21.33129133045756,661.2700312441843,1.0,1.0,1.3312913304575595
33,26,February,17,1.0994,21.33129133045756,597.2761572528117,1.0,1.0,1.3312913304575595
33,26,January,17,1.0994,21.331291330457564,661.2700312441845,1.0,1.0,1.3312913304575624
33,26,July,17,1.0994,21.331291330457564,661.2700312441845,1.0,1.0,1.3312913304575624
33,26,June,17,1.0994,25.740269777912545,772.2080933373763,1.0,1.0,5.740269777912545
33,26,June,28,1.0994,6.443624930700331,193.3087479210099,1.0,0.0,6.443624930700331
33,26,June,30,1.0994,10.441527609865211,313.24582829595636,1.0,0.0,10.441527609865211
33,26,March,17,1.0994,21.33129133045756,661.2700312441843,1.0,1.0,1.3312913304575589
33,26,May,17,1.0994,53.03483129777919,1644.079770231155,1.0,2.0,13.03483129777919
33,26,May,22,1.0994,0.685681816485527,21.256136311051335,1.0,0.0,0.685681816485527
33,26,November,17,1.0994,21.33129133045756,639.9387399137267,1.0,1.0,1.3312913304575595
33,26,October,17,1.0994,21.33129133045756,661.2700312441843,1.0,1.0,1.3312913304575589
33,26,September,17,1.0994,21.33129133045756,639.9387399137267,1.0,1.0,1.3312913304575589
34,27,April,26,0.9431,9.372848918686266,281.185467560588,1.0,0.0,9.372848918686266
34,27,April,33,0.9431,1.802282537839126,54.06847613517378,1.0,0.0,1.802282537839126
34,27,April,34,0.9431,12.755821372270681,382.67464116812044,1.0,0.0,12.755821372270681
34,27,August,26,0.9431,7.112142310409881,220.4764116227063,1.0,0.0,7.112142310409881
34,27,August,33,0.9431,1.802282537839126,55.87075867301291,1.0,0.0,1.802282537839126
34,27,August,34,0.9431,12.755821372270681,395.4304625403911,1.0,0.0,12.755821372270681
34,27,December,26,0.9431,6.40812641868623,198.65191897927312,1.0,0.0,6.40812641868623
34,27,December,33,0.9431,1.802282537839126,55.87075867301291,1.0,0.0,1.802282537839126
34,27,December,34,0.9431,12.755821372270681,395.4304625403911,1.0,0.0,12.755821372270681
34,27,February,26,0.9431,5.0270742758290865,140.75807972321442,1.0,0.0,5.0270742758290865
34,27,February,33,0.9431,1.802282537839126,50.46391105949553,1.0,0.0,1.802282537839126
34,27,February,34,0.9431,12.755821372270681,357.1629984235791,1.0,0.0,12.755821372270681
34,27,January,26,0.9431,6.40812641868623,198.65191897927312,1.0,0.0,6.40812641868623
34,27,January,33,0.9431,1.802282537839126,55.87075867301291,1.0,0.0,1.802282537839126
34,27,January,34,0.9431,12.755821372270681,395.4304625403911,1.0,0.0,12.755821372270681
34,27,July,26,0.9431,11.90812641868623,369.15191897927315,1.0,0.0,11.90812641868623
34,27,July,33,0.9431,1.802282537839126,55.87075867301291,1.0,0.0,1.802282537839126
34,27,July,34,0.9431,12.755821372270681,395.4304625403911,1.0,0.0,12.755821372270681
34,27,June,26,0.9431,9.144526585352928,274.3357975605878,1.0,0.0,9.144526585352928
34,27,June,33,0.9431,1.802282537839126,54.06847613517378,1.0,0.0,1.802282537839126
34,27,June,34,0.9431,12.755821372270681,382.67464116812044,1.0,0.0,12.755821372270681
34,27,March,26,0.9431,6.40812641868623,198.65191897927312,1.0,0.0,6.40812641868623
34,27,March,33,0.9431,1.802282537839126,55.87075867301291,1.0,0.0,1.802282537839126
34,27,March,34,0.9431,12.755821372270681,395.4304625403911,1.0,0.0,12.755821372270681
34,27,May,17,0.9431,6.738418112482938,208.89096148697107,1.0,0.0,6.738418112482938
34,27,May,26,0.9431,6.40812641868623,198.65191897927312,1.0,0.0,6.40812641868623
34,27,May,33,0.9431,1.802282537839126,55.87075867301291,1.0,0.0,1.802282537839126
34,27,May,34,0.9431,12.755821372270681,395.4304625403911,1.0,0.0,12.755821372270681
34,27,November,26,0.9431,6.408126418685455,192.24379256056366,1.0,0.0,6.408126418685455
34,27,November,33,0.9431,1.802282537839126,54.06847613517378,1.0,0.0,1.802282537839126
34,27,November,34,0.9431,12.755821372270681,382.67464116812044,1.0,0.0,12.755821372270681
34,27,October,26,0.9431,6.40812641868623,198.65191897927312,1.0,0.0,6.40812641868623
34,27,October,33,0.9431,1.802282537839126,55.87075867301291,1.0,0.0,1.802282537839126
34,27,October,34,0.9431,12.755821372270681,395.4304625403911,1.0,0.0,12.755821372270681
34,27,September,19,0.9431,2.8874763893416073,86.62429168024822,1.0,0.0,2.8874763893416073
34,27,September,26,0.9431,9.000997427126853,270.02992281380557,1.0,0.0,9.000997427126853
34,27,September,33,0.9431,1.802282537839126,54.06847613517378,1.0,0.0,1.802282537839126
34,27,September,34,0.9431,12.755821372270681,382.67464116812044,1.0,0.0,12.755821372270681
34,42,April,19,1.096,2.95218,88.5654,1.0,0.0,2.95218
34,42,August,19,1.096,1.138646955589312,35.298055623268674,1.0,0.0,1.138646955589312
34,42,February,26,1.096,1.381052142857143,38.66946,1.0,0.0,1.381052142857143
34,42,July,19,1.096,2.1448838709677416,66.49139999999998,1.0,0.0,2.1448838709677416
34,42,June,19,1.096,2.9695240000000003,89.08572000000001,1.0,0.0,2.9695240000000003
34,42,September,19,1.096,1.519114,45.57342,1.0,0.0,1.519114
36,28,April,29,1.3396,2.8728349736559693,86.18504920967908,1.0,0.0,2.8728349736559693
36,28,March,29,1.3396,2.1921960897530672,67.95807878234508,1.0,0.0,2.1921960897530672
36,28,May,19,1.3396,15.696168160084113,486.58121296260754,1.0,0.0,15.696168160084113
36,28,May,20,1.3396,25.0,775.0,1.0,1.0,5.0
36,29,April,20,1.3576,1.696047090785683,50.88141272357049,1.0,0.0,1.696047090785683
36,29,August,20,1.3576,0.4700258402379234,14.570801047375625,1.0,0.0,0.4700258402379234
36,29,December,20,1.3576,0.4700258402379234,14.570801047375625,1.0,0.0,0.4700258402379234
36,29,February,20,1.3576,0.4700258402379234,13.160723526661855,1.0,0.0,0.4700258402379234
36,29,January,20,1.3576,0.4700258402379234,14.570801047375625,1.0,0.0,0.4700258402379234
36,29,July,20,1.3576,0.4700258402379234,14.570801047375625,1.0,0.0,0.4700258402379234
36,29,June,20,1.3576,1.696047090785683,50.88141272357049,1.0,0.0,1.696047090785683
36,29,March,20,1.3576,0.4700258402379234,14.570801047375625,1.0,0.0,0.4700258402379234
36,29,May,20,1.3576,1.696047090785683,52.577459814356175,1.0,0.0,1.696047090785683
36,29,November,20,1.3576,0.4700258402379234,14.100775207137701,1.0,0.0,0.4700258402379234
36,29,October,20,1.3576,0.4700258402379234,14.570801047375625,1.0,0.0,0.4700258402379234
36,29,September,20,1.3576,0.4700258402379234,14.100775207137701,1.0,0.0,0.4700258402379234
38,30,April,18,1.0958,4.506063772361912,135.18191317085737,1.0,0.0,4.506063772361912
38,30,April,30,1.0958,0.684752276262131,20.54256828786393,1.0,0.0,0.684752276262131
38,30,August,18,1.0958,4.506063772361912,139.68797694321927,1.0,0.0,4.506063772361912
38,30,December,18,1.0958,4.506063772361912,139.68797694321927,1.0,0.0,4.506063772361912
38,30,February,18,1.0958,4.506063772361912,126.16978562613355,1.0,0.0,4.506063772361912
38,30,January,18,1.0958,4.506063772361912,139.68797694321927,1.0,0.0,4.506063772361912
38,30,July,18,1.0958,4.506063772361912,139.68797694321927,1.0,0.0,4.506063772361912
38,30,June,18,1.0958,4.506063772361912,135.18191317085737,1.0,0.0,4.506063772361912
38,30,March,18,1.0958,4.506063772361912,139.68797694321927,1.0,0.0,4.506063772361912
38,30,May,18,1.0958,4.506063772361912,139.68797694321927,1.0,0.0,4.506063772361912
38,30,November,18,1.0958,4.506063772361912,135.18191317085737,1.0,0.0,4.506063772361912
38,30,October,18,1.0958,4.506063772361912,139.68797694321927,1.0,0.0,4.506063772361912
38,30,September,18,1.0958,4.506063772361912,135.18191317085737,1.0,0.0,4.506063772361912
39,40,April,19,0.8239,0.9190103503790326,27.570310511370977,1.0,0.0,0.9190103503790326
39,40,April,20,0.8239,15.785553837242325,473.56661511726975,1.0,0.0,15.785553837242325
39,40,April,21,0.8239,1.3713506477564152,41.14051943269246,1.0,0.0,1.3713506477564152
39,40,April,34,0.8239,1.6448609317889336,49.34582795366801,1.0,0.0,1.6448609317889336
39,40,July,20,0.8239,9.041792304701943,280.2955614457602,1.0,0.0,9.041792304701943
39,40,July,21,0.8239,12.219679633867276,378.8100686498856,1.0,0.0,12.219679633867276
39,40,June,19,0.8239,1.2124130170457121,36.372390511371364,1.0,0.0,1.2124130170457121
39,40,June,20,0.8239,15.483479170575649,464.50437511726943,1.0,0.0,15.483479170575649
39,40,March,20,0.8239,0.9584795589681789,29.712866328013547,1.0,0.0,0.9584795589681789
39,40,September,20,0.8239,0.9584795589681789,28.754386769045368,1.0,0.0,0.9584795589681789
39,40,September,21,0.8239,0.5452549672005809,16.357649016017426,1.0,0.0,0.5452549672005809
39,48,April,16,1.4229,10.936688471155549,328.10065413466646,1.0,0.0,10.936688471155549
39,48,August,16,1.4229,10.936688471155549,339.037342605822,1.0,0.0,10.936688471155549
39,48,December,16,1.4229,10.936688471155549,339.037342605822,1.0,0.0,10.936688471155549
39,48,February,16,1.4229,10.936688471155549,306.22727719235536,1.0,0.0,10.936688471155549
39,48,January,16,1.4229,10.936688471155549,339.037342605822,1.0,0.0,10.936688471155549
39,48,July,16,1.4229,10.936688471155549,339.037342605822,1.0,0.0,10.936688471155549
39,48,June,16,1.4229,10.936688471155549,328.10065413466646,1.0,0.0,10.936688471155549
39,48,March,16,1.4229,10.936688471155549,339.037342605822,1.0,0.0,10.936688471155549
39,48,May,16,1.4229,10.936688471155549,339.037342605822,1.0,0.0,10.936688471155549
39,48,November,16,1.4229,10.936688471155549,328.10065413466646,1.0,0.0,10.936688471155549
39,48,October,16,1.4229,10.936688471155549,339.037342605822,1.0,0.0,10.936688471155549
39,48,September,16,1.4229,10.936688471155549,328.10065413466646,1.0,0.0,10.936688471155549
40,39,August,25,0.8239,7.807426586979346,242.03022419635974,1.0,0.0,7.807426586979346
40,39,August,27,0.8239,0.2264155610905405,7.018882393806756,1.0,0.0,0.2264155610905405
40,39,September,25,0.8239,0.1,3.0,1.0,0.0,0.1
40,39,September,26,0.8239,5.35240701874363,160.5722105623089,1.0,0.0,5.35240701874363
40,39,September,27,0.8239,1.612802854226679,48.38408562680037,1.0,0.0,1.612802854226679
40,39,September,28,0.8239,3.7177903438728848,111.53371031618654,1.0,0.0,3.7177903438728848
40,48,April,16,1.1288,5.479473000188875,164.38419000566626,1.0,0.0,5.479473000188875
40,48,August,16,1.1288,5.479473000188875,169.86366300585513,1.0,0.0,5.479473000188875
40,48,December,16,1.1288,5.479473000188875,169.86366300585513,1.0,0.0,5.479473000188875
40,48,February,16,1.1288,5.479473000188875,153.4252440052885,1.0,0.0,5.479473000188875
40,48,January,16,1.1288,5.479473000188875,169.86366300585513,1.0,0.0,5.479473000188875
40,48,July,16,1.1288,5.479473000188875,169.86366300585513,1.0,0.0,5.479473000188875
40,48,June,16,1.1288,5.479473000188875,164.38419000566626,1.0,0.0,5.479473000188875
40,48,March,16,1.1288,5.479473000188875,169.86366300585513,1.0,0.0,5.479473000188875
40,48,May,16,1.1288,5.479473000188875,169.86366300585513,1.0,0.0,5.479473000188875
40,48,November,16,1.1288,5.479473000188875,164.38419000566626,1.0,0.0,5.479473000188875
40,48,October,16,1.1288,5.479473000188875,169.86366300585513,1.0,0.0,5.479473000188875
40,48,September,16,1.1288,5.479473000188875,164.38419000566626,1.0,0.0,5.479473000188875
41,42,April,18,0.9809,7.213328569205196,216.39985707615585,1.0,0.0,7.213328569205196
41,42,April,20,0.9809,2.95218,88.5654,1.0,0.0,2.95218
41,42,April,21,0.9809,2.5351329500433524,76.05398850130057,1.0,0.0,2.5351329500433524
41,42,April,22,0.9809,3.3221559999999997,99.66467999999999,1.0,0.0,3.3221559999999997
41,42,August,18,0.9809,7.213328569205196,223.61318564536106,1.0,0.0,7.213328569205196
41,42,December,18,0.9809,7.213328569205196,223.61318564536106,1.0,0.0,7.213328569205196
41,42,February,18,0.9809,7.213328569205196,201.97319993774548,1.0,0.0,7.213328569205196
41,42,January,18,0.9809,7.213328569205196,223.61318564536106,1.0,0.0,7.213328569205196
41,42,July,18,0.9809,7.213328569205203,223.61318564536128,1.0,0.0,7.213328569205203
41,42,June,18,0.9809,7.213328569205203,216.39985707615608,1.0,0.0,7.213328569205203
41,42,June,20,0.9809,2.9695240000000003,89.08572000000001,1.0,0.0,2.9695240000000003
41,42,June,21,0.9809,3.512622,105.37866,1.0,0.0,3.512622
41,42,March,18,0.9809,7.213328569205203,223.61318564536128,1.0,0.0,7.213328569205203
41,42,May,18,0.9809,7.213328569205196,223.61318564536106,1.0,0.0,7.213328569205196
41,42,May,19,0.9809,3.74857935483871,116.20596,1.0,0.0,3.74857935483871
41,42,May,20,0.9809,3.74857935483871,116.20596,1.0,0.0,3.74857935483871
41,42,November,18,0.9809,7.213328569205203,216.39985707615608,1.0,0.0,7.213328569205203
41,42,October,18,0.9809,7.213328569205203,223.61318564536128,1.0,0.0,7.213328569205203
41,42,September,18,0.9809,7.213328569205196,216.39985707615585,1.0,0.0,7.213328569205196
43,44,April,29,1.3113,35.32833332313171,1059.8499996939513,1.0,1.0,15.328333323131709
43,44,April,30,1.3113,4.806614042224076,144.19842126672228,1.0,0.0,4.806614042224076
43,44,August,29,1.3113,20.601529342524373,638.6474096182556,1.0,1.0,0.6015293425243726
43,44,July,29,1.3113,20.601529342524373,638.6474096182556,1.0,1.0,0.6015293425243726
43,44,June,29,1.3113,20.601529342524373,618.0458802757312,1.0,1.0,0.6015293425243726
43,44,May,29,1.3113,16.73489305220179,518.7816846182556,1.0,0.0,16.73489305220179
43,44,September,29,1.3113,20.601529342524373,618.0458802757312,1.0,1.0,0.6015293425243726
43,50,April,16,1.1113,0.12568135896836224,3.7704407690508672,1.0,0.0,0.12568135896836224
43,50,April,17,1.1113,2.506715844364386,75.20147533093159,1.0,0.0,2.506715844364386
43,50,April,18,1.1113,0.9508416666666668,28.525250000000003,1.0,0.0,0.9508416666666668
43,50,April,28,1.1113,1.902113006249999,57.06339018749997,1.0,0.0,1.902113006249999
43,50,April,29,1.1113,1.1361083333333333,34.08325,1.0,0.0,1.1361083333333333
43,50,April,30,1.1113,1.1361083333333333,34.08325,1.0,0.0,1.1361083333333333
43,50,August,17,1.1113,2.506715844364386,77.70819117529598,1.0,0.0,2.506715844364386
43,50,December,17,1.1113,2.506715844364386,77.70819117529598,1.0,0.0,2.506715844364386
43,50,December,29,1.1113,20.601529342524373,638.6474096182556,1.0,1.0,0.6015293425243726
43,50,February,17,1.1113,2.8469464285714285,79.7145,1.0,0.0,2.8469464285714285
43,50,February,29,1.1113,20.601529342524373,576.8428215906824,1.0,1.0,0.6015293425243726
43,50,January,17,1.1113,2.506715844364386,77.70819117529598,1.0,0.0,2.506715844364386
43,50,January,29,1.1113,20.601529342524373,638.6474096182556,1.0,1.0,0.6015293425243726
43,50,July,17,1.1113,2.506715844364386,77.70819117529598,1.0,0.0,2.506715844364386
43,50,June,15,1.1113,0.7401066666666667,22.203200000000002,1.0,0.0,0.7401066666666667
43,50,June,16,1.1113,0.40397279017796583,12.119183705338974,1.0,0.0,0.40397279017796583
43,50,June,17,1.1113,2.506715844364386,75.20147533093159,1.0,0.0,2.506715844364386
43,50,June,18,1.1113,1.0914675000000003,32.74402500000001,1.0,0.0,1.0914675000000003
43,50,March,15,1.1113,0.2862685483870968,8.874325,1.0,0.0,0.2862685483870968
43,50,March,16,1.1113,0.2862685483870968,8.874325,1.0,0.0,0.2862685483870968
43,50,March,17,1.1113,2.506715844364386,77.70819117529598,1.0,0.0,2.506715844364386
43,50,March,18,1.1113,0.5156790322580646,15.98605,1.0,0.0,0.5156790322580646
43,50,March,29,1.1113,20.601529342524373,638.6474096182556,1.0,1.0,0.6015293425243726
43,50,May,15,1.1113,0.7300076114629266,22.630235955350724,1.0,0.0,0.7300076114629266
43,50,May,16,1.1113,0.8441451612903226,26.1685,1.0,0.0,0.8441451612903226
43,50,May,17,1.1113,2.506715844364386,77.70819117529598,1.0,0.0,2.506715844364386
43,50,May,18,1.1113,1.2462024193548387,38.632275,1.0,0.0,1.2462024193548387
43,50,May,29,1.1113,3.866636290322581,119.86572500000001,1.0,0.0,3.866636290322581
43,50,November,17,1.1113,2.506715844364386,75.20147533093159,1.0,0.0,2.506715844364386
43,50,November,29,1.1113,20.601529342524373,618.0458802757312,1.0,1.0,0.6015293425243726
43,50,October,17,1.1113,2.506715844364386,77.70819117529598,1.0,0.0,2.506715844364386
43,50,October,29,1.1113,20.601529342524373,638.6474096182556,1.0,1.0,0.6015293425243726
43,50,September,17,1.1113,3.0082,90.246,1.0,0.0,3.0082
43,51,March,19,1.2236,3.3692943548387095,104.44812499999999,1.0,0.0,3.3692943548387095
44,43,April,35,1.3113,3.299074864944984,98.97224594834952,1.0,0.0,3.299074864944984
44,43,August,35,1.3113,3.299074864944984,102.27132081329451,1.0,0.0,3.299074864944984
44,43,December,35,1.3113,3.299074864944984,102.27132081329451,1.0,0.0,3.299074864944984
44,43,February,35,1.3113,3.299074864944984,92.37409621845956,1.0,0.0,3.299074864944984
44,43,January,35,1.3113,3.299074864944984,102.27132081329451,1.0,0.0,3.299074864944984
44,43,July,35,1.3113,3.299074864944984,102.27132081329451,1.0,0.0,3.299074864944984
44,43,June,35,1.3113,3.299074864944984,98.97224594834952,1.0,0.0,3.299074864944984
44,43,March,20,1.3113,4.926129580082536,152.7100169825586,1.0,0.0,4.926129580082536
44,43,March,21,1.3113,4.712926455976014,146.10072013525644,1.0,0.0,4.712926455976014
44,43,March,35,1.3113,3.299074864944984,102.27132081329451,1.0,0.0,3.299074864944984
44,43,May,35,1.3113,3.299074864944984,102.27132081329451,1.0,0.0,3.299074864944984
44,43,November,35,1.3113,3.299074864944984,98.97224594834952,1.0,0.0,3.299074864944984
44,43,October,35,1.3113,3.299074864944984,102.27132081329451,1.0,0.0,3.299074864944984
44,43,September,20,1.3113,2.9276698628801654,87.83009588640496,1.0,0.0,2.9276698628801654
44,43,September,35,1.3113,3.299074864944984,98.97224594834952,1.0,0.0,3.299074864944984
44,52,April,19,1.3985,10.264792670396503,307.9437801118951,1.0,0.0,10.264792670396503
45,44,April,28,1.4524,4.262270179230768,127.86810537692304,1.0,0.0,4.262270179230768
45,44,August,28,1.4524,4.262270179230768,132.1303755561538,1.0,0.0,4.262270179230768
45,44,December,28,1.4524,4.262270179230768,132.1303755561538,1.0,0.0,4.262270179230768
45,44,February,28,1.4524,4.262270179230768,119.3435650184615,1.0,0.0,4.262270179230768
45,44,January,28,1.4524,4.262270179230768,132.1303755561538,1.0,0.0,4.262270179230768
45,44,July,28,1.4524,4.262270179230768,132.1303755561538,1.0,0.0,4.262270179230768
45,44,June,27,1.4524,16.546575128418084,496.3972538525425,1.0,0.0,16.546575128418084
45,44,June,28,1.4524,36.615521113251724,1098.4656333975518,1.0,1.0,16.615521113251724
45,44,June,30,1.4524,24.318906671556427,729.5672001466928,1.0,1.0,4.318906671556427
45,44,June,31,1.4524,9.580880307011032,287.426409210331,1.0,0.0,9.580880307011032
45,44,June,32,1.4524,7.117355911048151,213.52067733144452,1.0,0.0,7.117355911048151
45,44,June,33,1.4524,1.1971169831640758,35.91350949492227,1.0,0.0,1.1971169831640758
45,44,March,28,1.4524,4.262270179230768,132.1303755561538,1.0,0.0,4.262270179230768
45,44,May,28,1.4524,4.262270179230768,132.1303755561538,1.0,0.0,4.262270179230768
45,44,November,28,1.4524,4.262270179230768,127.86810537692304,1.0,0.0,4.262270179230768
45,44,October,28,1.4524,4.262270179230768,132.1303755561538,1.0,0.0,4.262270179230768
45,44,September,28,1.4524,4.262270179230768,127.86810537692304,1.0,0.0,4.262270179230768
45,53,April,3,1.3256,1.187102510764852,35.61307532294556,1.0,0.0,1.187102510764852
45,53,April,4,1.3256,4.356889244334958,130.70667733004876,1.0,0.0,4.356889244334958
45,53,April,13,1.3256,10.104685495,303.14056485,1.0,0.0,10.104685495
45,53,April,17,1.3256,4.793038640369087,143.7911592110726,1.0,0.0,4.793038640369087
45,53,April,18,1.3256,4.859656639377135,145.78969918131406,1.0,0.0,4.859656639377135
45,53,August,3,1.3256,1.187102510764852,36.800177833710414,1.0,0.0,1.187102510764852
45,53,August,4,1.3256,4.356889244334958,135.0635665743837,1.0,0.0,4.356889244334958
45,53,December,3,1.3256,1.187102510764852,36.800177833710414,1.0,0.0,1.187102510764852
45,53,December,4,1.3256,4.356889244334958,135.0635665743837,1.0,0.0,4.356889244334958
45,53,February,3,1.3256,1.187102510764852,33.23887030141586,1.0,0.0,1.187102510764852
45,53,February,4,1.3256,4.356889244334958,121.99289884137883,1.0,0.0,4.356889244334958
45,53,January,3,1.3256,1.187102510764852,36.800177833710414,1.0,0.0,1.187102510764852
45,53,January,4,1.3256,4.356889244334958,135.0635665743837,1.0,0.0,4.356889244334958
45,53,July,3,1.3256,1.187102510764852,36.800177833710414,1.0,0.0,1.187102510764852
45,53,July,4,1.3256,4.356889244334958,135.0635665743837,1.0,0.0,4.356889244334958
45,53,June,3,1.3256,1.187102510764852,35.61307532294556,1.0,0.0,1.187102510764852
45,53,June,4,1.3256,4.356889244334958,130.70667733004876,1.0,0.0,4.356889244334958
45,53,June,7,1.3256,0.17005241666666665,5.1015725,1.0,0.0,0.17005241666666665
45,53,June,13,1.3256,23.576263911900526,707.2879173570158,1.0,1.0,3.5762639119005257
45,53,June,17,1.3256,3.1058211609991346,93.17463482997404,1.0,0.0,3.1058211609991346
45,53,June,34,1.3256,0.5928251820957544,17.78475546287263,1.0,0.0,0.5928251820957544
45,53,March,3,1.3256,1.187102510764852,36.800177833710414,1.0,0.0,1.187102510764852
45,53,March,4,1.3256,4.356889244334958,135.0635665743837,1.0,0.0,4.356889244334958
45,53,May,3,1.3256,1.187102510764852,36.800177833710414,1.0,0.0,1.187102510764852
45,53,May,4,1.3256,4.356889244334958,135.0635665743837,1.0,0.0,4.356889244334958
45,53,November,3,1.3256,1.187102510764852,35.61307532294556,1.0,0.0,1.187102510764852
45,53,November,4,1.3256,4.356889244334958,130.70667733004876,1.0,0.0,4.356889244334958
45,53,October,3,1.3256,1.187102510764852,36.800177833710414,1.0,0.0,1.187102510764852
45,53,October,4,1.3256,4.356889244334958,135.0635665743837,1.0,0.0,4.356889244334958
45,53,September,3,1.3256,1.187102510764852,35.61307532294556,1.0,0.0,1.187102510764852
45,53,September,4,1.3256,4.356889244334958,130.70667733004876,1.0,0.0,4.356889244334958
47,46,April,15,1.3839,6.8878441543703435,206.6353246311103,1.0,0.0,6.8878441543703435
47,46,April,17,1.3839,8.855377440273614,265.6613232082084,1.0,0.0,8.855377440273614
47,46,August,17,1.3839,8.855377440273614,274.516700648482,1.0,0.0,8.855377440273614
47,46,December,17,1.3839,8.855377440273614,274.516700648482,1.0,0.0,8.855377440273614
47,46,February,17,1.3839,8.855377440273614,247.9505683276612,1.0,0.0,8.855377440273614
47,46,January,17,1.3839,8.855377440273614,274.516700648482,1.0,0.0,8.855377440273614
47,46,July,17,1.3839,8.855377440273614,274.516700648482,1.0,0.0,8.855377440273614
47,46,June,14,1.3839,7.083687541864714,212.51062625594142,1.0,0.0,7.083687541864714
47,46,June,15,1.3839,8.54228148775029,256.2684446325087,1.0,0.0,8.54228148775029
47,46,June,16,1.3839,7.032269095226155,210.96807285678466,1.0,0.0,7.032269095226155
47,46,June,17,1.3839,8.855377440273614,265.6613232082084,1.0,0.0,8.855377440273614
47,46,March,17,1.3839,8.855377440273614,274.516700648482,1.0,0.0,8.855377440273614
47,46,May,15,1.3839,5.556376692051369,172.24767745359244,1.0,0.0,5.556376692051369
47,46,May,16,1.3839,7.032269095226155,218.0003419520108,1.0,0.0,7.032269095226155
47,46,May,17,1.3839,8.855377440273614,274.516700648482,1.0,0.0,8.855377440273614
47,46,May,19,1.3839,13.70363553828912,424.8127016869627,1.0,0.0,13.70363553828912
47,46,May,20,1.3839,10.54649176247537,326.9412446367364,1.0,0.0,10.54649176247537
47,46,November,17,1.3839,8.855377440273614,265.6613232082084,1.0,0.0,8.855377440273614
47,46,October,17,1.3839,8.855377440273614,274.516700648482,1.0,0.0,8.855377440273614
47,46,September,17,1.3839,8.855377440273614,265.6613232082084,1.0,0.0,8.855377440273614
48,39,April,25,1.4229,1.4374645490640958,43.123936471922875,1.0,0.0,1.4374645490640958
48,39,August,25,1.4229,1.4374645490640958,44.56140102098697,1.0,0.0,1.4374645490640958
48,39,December,25,1.4229,1.4374645490640958,44.56140102098697,1.0,0.0,1.4374645490640958
48,39,February,25,1.4229,1.4374645490640958,40.24900737379468,1.0,0.0,1.4374645490640958
48,39,January,25,1.4229,1.4374645490640958,44.56140102098697,1.0,0.0,1.4374645490640958
48,39,July,25,1.4229,1.4374645490640958,44.56140102098697,1.0,0.0,1.4374645490640958
48,39,June,25,1.4229,2.7661988651975875,82.98596595592763,1.0,0.0,2.7661988651975875
48,39,March,25,1.4229,1.4374645490640958,44.56140102098697,1.0,0.0,1.4374645490640958
48,39,May,25,1.4229,1.4374645490640958,44.56140102098697,1.0,0.0,1.4374645490640958
48,39,November,25,1.4229,1.4374645490640958,43.123936471922875,1.0,0.0,1.4374645490640958
48,39,October,25,1.4229,1.4374645490640958,44.56140102098697,1.0,0.0,1.4374645490640958
48,39,September,25,1.4229,1.4374645490640958,43.123936471922875,1.0,0.0,1.4374645490640958
48,40,April,24,1.1288,1.4374645490640958,43.123936471922875,1.0,0.0,1.4374645490640958
48,40,August,24,1.1288,1.4374645490640958,44.56140102098697,1.0,0.0,1.4374645490640958
48,40,December,24,1.1288,1.4374645490640958,44.56140102098697,1.0,0.0,1.4374645490640958
48,40,February,24,1.1288,1.4374645490640958,40.24900737379468,1.0,0.0,1.4374645490640958
48,40,January,24,1.1288,1.4374645490640958,44.56140102098697,1.0,0.0,1.4374645490640958
48,40,July,24,1.1288,1.4374645490640958,44.56140102098697,1.0,0.0,1.4374645490640958
48,40,June,24,1.1288,5.485531549064099,164.56594647192298,1.0,0.0,5.485531549064099
48,40,June,25,1.1288,2.931330350533173,87.9399105159952,1.0,0.0,2.931330350533173
48,40,March,24,1.1288,1.4374645490640958,44.56140102098697,1.0,0.0,1.4374645490640958
48,40,May,24,1.1288,1.4374645490640958,44.56140102098697,1.0,0.0,1.4374645490640958
48,40,November,24,1.1288,1.4374645490640958,43.123936471922875,1.0,0.0,1.4374645490640958
48,40,October,24,1.1288,1.4374645490640958,44.56140102098697,1.0,0.0,1.4374645490640958
48,40,September,24,1.1288,1.4374645490640958,43.123936471922875,1.0,0.0,1.4374645490640958
50,43,April,2,1.1113,1.002375122423004,30.07125367269012,1.0,0.0,1.002375122423004
50,43,April,3,1.1113,0.7557997298061849,22.673991894185548,1.0,0.0,0.7557997298061849
50,43,April,34,1.1113,1.9037130270610447,57.11139081183134,1.0,0.0,1.9037130270610447
50,43,August,2,1.1113,1.002375122423004,31.073628795113123,1.0,0.0,1.002375122423004
50,43,August,3,1.1113,0.7557997298061849,23.429791623991733,1.0,0.0,0.7557997298061849
50,43,August,34,1.1113,1.9037130270610447,59.01510383889239,1.0,0.0,1.9037130270610447
50,43,December,2,1.1113,1.002375122423004,31.073628795113123,1.0,0.0,1.002375122423004
50,43,December,3,1.1113,0.7557997298061849,23.429791623991733,1.0,0.0,0.7557997298061849
50,43,December,34,1.1113,1.9037130270610447,59.01510383889239,1.0,0.0,1.9037130270610447
50,43,February,2,1.1113,1.002375122423004,28.06650342784411,1.0,0.0,1.002375122423004
50,43,February,3,1.1113,0.7557997298061849,21.162392434573178,1.0,0.0,0.7557997298061849
50,43,February,34,1.1113,1.9037130270610447,53.30396475770925,1.0,0.0,1.9037130270610447
50,43,January,2,1.1113,1.002375122423004,31.073628795113123,1.0,0.0,1.002375122423004
50,43,January,3,1.1113,0.7557997298061849,23.429791623991733,1.0,0.0,0.7557997298061849
50,43,January,34,1.1113,1.9037130270610447,59.01510383889239,1.0,0.0,1.9037130270610447
50,43,July,2,1.1113,1.002375122423004,31.073628795113123,1.0,0.0,1.002375122423004
50,43,July,3,1.1113,0.7557997298061849,23.429791623991733,1.0,0.0,0.7557997298061849
50,43,July,34,1.1113,1.9037130270610447,59.01510383889239,1.0,0.0,1.9037130270610447
50,43,June,2,1.1113,1.002375122423004,30.07125367269012,1.0,0.0,1.002375122423004
50,43,June,3,1.1113,0.7557997298061849,22.673991894185548,1.0,0.0,0.7557997298061849
50,43,June,34,1.1113,1.9037130270610447,57.11139081183134,1.0,0.0,1.9037130270610447
50,43,March,2,1.1113,1.002375122423004,31.073628795113123,1.0,0.0,1.002375122423004
50,43,March,3,1.1113,0.7557997298061849,23.429791623991733,1.0,0.0,0.7557997298061849
50,43,March,25,1.1113,2.6421831632653063,81.9076780612245,1.0,0.0,2.6421831632653063
50,43,March,26,1.1113,0.8013668367346939,24.84237193877551,1.0,0.0,0.8013668367346939
50,43,March,34,1.1113,1.9037130270610447,59.01510383889239,1.0,0.0,1.9037130270610447
50,43,May,2,1.1113,1.002375122423004,31.073628795113123,1.0,0.0,1.002375122423004
50,43,May,3,1.1113,0.7557997298061849,23.429791623991733,1.0,0.0,0.7557997298061849
50,43,May,34,1.1113,1.9037130270610447,59.01510383889239,1.0,0.0,1.9037130270610447
50,43,November,2,1.1113,1.002375122423004,30.07125367269012,1.0,0.0,1.002375122423004
50,43,November,3,1.1113,0.7557997298061849,22.673991894185548,1.0,0.0,0.7557997298061849
50,43,November,34,1.1113,1.9037130270610447,57.11139081183134,1.0,0.0,1.9037130270610447
50,43,October,2,1.1113,1.002375122423004,31.073628795113123,1.0,0.0,1.002375122423004
50,43,October,3,1.1113,0.7557997298061849,23.429791623991733,1.0,0.0,0.7557997298061849
50,43,October,34,1.1113,1.9037130270610447,59.01510383889239,1.0,0.0,1.9037130270610447
50,43,September,2,1.1113,1.002375122423004,30.07125367269012,1.0,0.0,1.002375122423004
50,43,September,3,1.1113,0.7557997298061849,22.673991894185548,1.0,0.0,0.7557997298061849
50,43,September,34,1.1113,1.9037130270610447,57.11139081183134,1.0,0.0,1.9037130270610447
50,51,April,3,1.3007,2.5949446983592495,77.84834095077748,1.0,0.0,2.5949446983592495
50,51,August,3,1.3007,2.5949446983592495,80.44328564913673,1.0,0.0,2.5949446983592495
50,51,December,3,1.3007,2.5949446983592495,80.44328564913673,1.0,0.0,2.5949446983592495
50,51,February,3,1.3007,2.5949446983592495,72.65845155405898,1.0,0.0,2.5949446983592495
50,51,January,3,1.3007,2.5949446983592495,80.44328564913673,1.0,0.0,2.5949446983592495
50,51,July,3,1.3007,2.5949446983592495,80.44328564913673,1.0,0.0,2.5949446983592495
50,51,June,3,1.3007,2.5949446983592495,77.84834095077748,1.0,0.0,2.5949446983592495
50,51,March,3,1.3007,2.5949446983592495,80.44328564913673,1.0,0.0,2.5949446983592495
50,51,May,3,1.3007,2.5949446983592495,80.44328564913673,1.0,0.0,2.5949446983592495
50,51,November,3,1.3007,2.5949446983592495,77.84834095077748,1.0,0.0,2.5949446983592495
50,51,October,3,1.3007,2.5949446983592495,80.44328564913673,1.0,0.0,2.5949446983592495
50,51,September,3,1.3007,2.5949446983592495,77.84834095077748,1.0,0.0,2.5949446983592495
51,43,April,39,1.2236,2.074027928666169,62.22083785998507,1.0,0.0,2.074027928666169
51,43,August,39,1.2236,2.074027928666169,64.29486578865124,1.0,0.0,2.074027928666169
51,43,December,39,1.2236,2.074027928666169,64.29486578865124,1.0,0.0,2.074027928666169
51,43,February,39,1.2236,2.074027928666169,58.07278200265273,1.0,0.0,2.074027928666169
51,43,January,39,1.2236,2.074027928666169,64.29486578865124,1.0,0.0,2.074027928666169
51,43,July,39,1.2236,2.074027928666169,64.29486578865124,1.0,0.0,2.074027928666169
51,43,June,32,1.2236,1.3779961920969992,41.33988576290997,1.0,0.0,1.3779961920969992
51,43,June,38,1.2236,1.8032000000000001,54.096000000000004,1.0,0.0,1.8032000000000001
51,43,June,39,1.2236,2.074027928666169,62.22083785998507,1.0,0.0,2.074027928666169
51,43,March,39,1.2236,2.074027928666169,64.29486578865124,1.0,0.0,2.074027928666169
51,43,May,36,1.2236,3.897379034287715,120.81875006291916,1.0,0.0,3.897379034287715
51,43,May,38,1.2236,1.1709935483870968,36.3008,1.0,0.0,1.1709935483870968
51,43,May,39,1.2236,2.074027928666169,64.29486578865124,1.0,0.0,2.074027928666169
51,43,November,39,1.2236,2.074027928666169,62.22083785998507,1.0,0.0,2.074027928666169
51,43,October,39,1.2236,2.074027928666169,64.29486578865124,1.0,0.0,2.074027928666169
51,43,September,39,1.2236,2.074027928666169,62.22083785998507,1.0,0.0,2.074027928666169
51,50,June,28,1.3007,1.6169294208333325,48.50788262499997,1.0,0.0,1.6169294208333325
51,50,June,29,1.3007,1.2090541666666668,36.271625,1.0,0.0,1.2090541666666668
51,50,June,30,1.3007,1.2090541666666668,36.271625,1.0,0.0,1.2090541666666668
51,50,June,32,1.3007,0.9712758333333333,29.138275,1.0,0.0,0.9712758333333333
52,44,April,23,1.3985,12.062127433278171,361.86382299834514,1.0,0.0,12.062127433278171
52,44,April,32,1.3985,3.2427320182737063,97.28196054821119,1.0,0.0,3.2427320182737063
52,44,August,23,1.3985,18.057448756019852,559.7809114366154,1.0,0.0,18.057448756019852
52,44,December,23,1.3985,12.062127433278171,373.9259504316233,1.0,0.0,12.062127433278171
52,44,February,23,1.3985,15.170067076135311,424.7618781317887,1.0,0.0,15.170067076135311
52,44,January,23,1.3985,12.062127433278171,373.9259504316233,1.0,0.0,12.062127433278171
52,44,July,23,1.3985,12.062127433278171,373.9259504316233,1.0,0.0,12.062127433278171
52,44,June,23,1.3985,12.062127433278171,361.86382299834514,1.0,0.0,12.062127433278171
52,44,June,32,1.3985,3.138131107225554,94.14393321676663,1.0,0.0,3.138131107225554
52,44,March,23,1.3985,12.062127433278171,373.9259504316233,1.0,0.0,12.062127433278171
52,44,May,23,1.3985,12.062127433278171,373.9259504316233,1.0,0.0,12.062127433278171
52,44,November,23,1.3985,12.062127433278171,361.86382299834514,1.0,0.0,12.062127433278171
52,44,October,23,1.3985,12.062127433278171,373.9259504316233,1.0,0.0,12.062127433278171
52,44,September,23,1.3985,18.057448756019852,541.7234626805955,1.0,0.0,18.057448756019852
52,53,April,16,1.3386,7.234889686478354,217.04669059435062,1.0,0.0,7.234889686478354
52,53,April,18,1.3386,12.66743798829949,380.0231396489847,1.0,0.0,12.66743798829949
52,53,April,23,1.3386,5.995321322741681,179.85963968225042,1.0,0.0,5.995321322741681
52,53,December,23,1.3386,5.995321322741681,185.8549610049921,1.0,0.0,5.995321322741681
52,53,February,23,1.3386,2.887381679884541,80.84668703676715,1.0,0.0,2.887381679884541
52,53,January,23,1.3386,5.995321322741681,185.8549610049921,1.0,0.0,5.995321322741681
52,53,July,23,1.3386,5.995321322741681,185.8549610049921,1.0,0.0,5.995321322741681
52,53,June,23,1.3386,5.995321322741681,179.85963968225042,1.0,0.0,5.995321322741681
52,53,March,23,1.3386,5.995321322741681,185.8549610049921,1.0,0.0,5.995321322741681
52,53,March,24,1.3386,0.11330310297216428,3.5123961921370928,1.0,0.0,0.11330310297216428
52,53,May,23,1.3386,5.995321322741681,185.8549610049921,1.0,0.0,5.995321322741681
52,53,November,23,1.3386,5.995321322741681,179.85963968225042,1.0,0.0,5.995321322741681
52,53,October,23,1.3386,5.995321322741681,185.8549610049921,1.0,0.0,5.995321322741681
53,52,April,27,1.3386,1.5137171627962296,45.41151488388689,1.0,0.0,1.5137171627962296
53,52,April,30,1.3386,11.400967271402198,342.0290181420659,1.0,0.0,11.400967271402198
53,52,April,31,1.3386,0.8413102048929666,25.239306146788998,1.0,0.0,0.8413102048929666
53,52,August,30,1.3386,0.1,3.1,1.0,0.0,0.1
53,52,December,30,1.3386,0.1,3.1,1.0,0.0,0.1
53,52,February,30,1.3386,0.1,2.8000000000000003,1.0,0.0,0.1
53,52,January,30,1.3386,0.1,3.1,1.0,0.0,0.1
53,52,July,30,1.3386,0.1,3.1,1.0,0.0,0.1
53,52,June,30,1.3386,13.254146435382726,397.6243930614818,1.0,0.0,13.254146435382726
53,52,June,31,1.3386,5.0455589548929645,151.36676864678893,1.0,0.0,5.0455589548929645
53,52,March,30,1.3386,0.1,3.1,1.0,0.0,0.1
53,52,May,30,1.3386,0.1,3.1,1.0,0.0,0.1
53,52,November,30,1.3386,0.1,3.0,1.0,0.0,0.1
53,52,October,30,1.3386,0.1,3.1,1.0,0.0,0.1
53,52,September,30,1.3386,0.1,3.0,1.0,0.0,0.1
54,55,April,30,1.0452,7.049916393797269,211.49749181391806,1.0,0.0,7.049916393797269
54,55,April,31,1.0452,15.859862846157151,475.79588538471455,1.0,0.0,15.859862846157151
54,55,April,32,1.0452,0.6290479349729807,18.871438049189422,1.0,0.0,0.6290479349729807
54,55,April,34,1.0452,9.210863999999999,276.32592,1.0,0.0,9.210863999999999
54,55,April,35,1.0452,2.1002397487500017,63.00719246250005,1.0,0.0,2.1002397487500017
54,55,April,36,1.0452,2.0600970000000007,61.802910000000026,1.0,0.0,2.0600970000000007
54,55,August,31,1.0452,0.6112200152973823,18.94782047421885,1.0,0.0,0.6112200152973823
54,55,August,32,1.0452,0.6290479349729807,19.500485984162403,1.0,0.0,0.6290479349729807
54,55,August,34,1.0452,5.675000667043427,175.92502067834624,1.0,0.0,5.675000667043427
54,55,August,35,1.0452,0.22887146262789315,7.095015341464688,1.0,0.0,0.22887146262789315
54,55,July,22,1.0452,1.951222171140408,60.48788730535265,1.0,0.0,1.951222171140408
54,55,July,25,1.0452,4.860020002972497,150.6606200921474,1.0,0.0,4.860020002972497
54,55,July,26,1.0452,0.7143381694077,22.1444832516387,1.0,0.0,0.7143381694077
54,55,July,31,1.0452,8.514240239543716,263.9414474258552,1.0,0.0,8.514240239543716
54,55,July,32,1.0452,0.6290479349729807,19.500485984162403,1.0,0.0,0.6290479349729807
54,55,July,34,1.0452,5.675000667043427,175.92502067834624,1.0,0.0,5.675000667043427
54,55,July,35,1.0452,0.22887146262789315,7.095015341464688,1.0,0.0,0.22887146262789315
54,55,June,30,1.0452,10.21934889379725,306.5804668139175,1.0,0.0,10.21934889379725
54,55,June,31,1.0452,19.842835346157152,595.2850603847146,1.0,0.0,19.842835346157152
54,55,June,32,1.0452,0.6290479349729807,18.871438049189422,1.0,0.0,0.6290479349729807
54,55,June,34,1.0452,7.360442999999989,220.81328999999968,1.0,0.0,7.360442999999989
54,55,June,35,1.0452,4.9962095995037,149.886287985111,1.0,0.0,4.9962095995037
54,55,June,36,1.0452,6.0857797036620145,182.57339110986044,1.0,0.0,6.0857797036620145
54,55,March,32,1.0452,1.8724170967741838,58.044929999999695,1.0,0.0,1.8724170967741838
54,55,May,31,1.0452,14.61498084615715,453.06440623087167,1.0,0.0,14.61498084615715
54,55,May,32,1.0452,0.6290479349729807,19.500485984162403,1.0,0.0,0.6290479349729807
54,55,May,34,1.0452,10.392375348985428,322.1636358185483,1.0,0.0,10.392375348985428
54,55,May,35,1.0452,4.22772751101499,131.0595528414647,1.0,0.0,4.22772751101499
54,55,September,25,1.0452,4.473779050156727,134.21337150470183,1.0,0.0,4.473779050156727
54,55,September,32,1.0452,0.6290479349729807,18.871438049189422,1.0,0.0,0.6290479349729807
55,54,April,17,1.0452,3.3341785593527433,100.0253567805823,1.0,0.0,3.3341785593527433
55,54,April,18,1.0452,2.182302511543053,65.46907534629159,1.0,0.0,2.182302511543053
55,54,April,23,1.0452,13.02468157560353,390.7404472681059,1.0,0.0,13.02468157560353
55,54,August,23,1.0452,8.28428957560353,256.81297684370946,1.0,0.0,8.28428957560353
55,54,December,23,1.0452,8.28428957560353,256.81297684370946,1.0,0.0,8.28428957560353
55,54,February,18,1.0452,1.3172169074353377,36.882073408189456,1.0,0.0,1.3172169074353377
55,54,February,23,1.0452,8.28428957560353,231.96010811689885,1.0,0.0,8.28428957560353
55,54,February,28,1.0452,0.3246371678825559,9.089840700711566,1.0,0.0,0.3246371678825559
55,54,January,23,1.0452,8.28428957560353,256.81297684370946,1.0,0.0,8.28428957560353
55,54,July,17,1.0452,1.8682451355446847,57.91559920188523,1.0,0.0,1.8682451355446847
55,54,July,18,1.0452,0.5614630992701262,17.40535607737391,1.0,0.0,0.5614630992701262
55,54,July,23,1.0452,8.28428957560353,256.81297684370946,1.0,0.0,8.28428957560353
55,54,June,9,1.0452,2.4029227795833332,72.0876833875,1.0,0.0,2.4029227795833332
55,54,June,10,1.0452,2.089979249999999,62.69937749999997,1.0,0.0,2.089979249999999
55,54,June,23,1.0452,12.285963075603533,368.57889226810596,1.0,0.0,12.285963075603533
55,54,March,17,1.0452,1.3129101774249623,40.70021550017383,1.0,0.0,1.3129101774249623
55,54,March,18,1.0452,1.3172169074353377,40.83372413049547,1.0,0.0,1.3172169074353377
55,54,March,23,1.0452,8.28428957560353,256.81297684370946,1.0,0.0,8.28428957560353
55,54,May,23,1.0452,8.28428957560353,256.81297684370946,1.0,0.0,8.28428957560353
55,54,November,23,1.0452,8.28428957560353,248.5286872681059,1.0,0.0,8.28428957560353
55,54,October,23,1.0452,8.28428957560353,256.81297684370946,1.0,0.0,8.28428957560353
55,54,September,17,1.0452,3.3341785593527433,100.0253567805823,1.0,0.0,3.3341785593527433
55,54,September,18,1.0452,1.3172169074353377,39.51650722306013,1.0,0.0,1.3172169074353377
55,54,September,23,1.0452,8.28428957560353,248.5286872681059,1.0,0.0,8.28428957560353
