from_HexID,to_HexID,Month,TimeIndex,OriginType,DestinationType,Energy_kWh_day,Energy_kWh_annual,DeltaPrice_SEK_per_kWh,PriceComp_SEK_day,PriceComp_SEK_annual
1,2,April,17,medium,medium,0.27029344225709906,8.108803267712972,0.0,0.0,0.0
1,2,August,17,medium,medium,0.27029344225709906,8.37909670997007,0.0,0.0,0.0
1,2,December,17,medium,medium,0.27029344225709906,8.37909670997007,0.0,0.0,0.0
1,2,February,17,medium,medium,0.27029344225709906,7.568216383198774,0.0,0.0,0.0
1,2,January,17,medium,medium,0.27029344225709906,8.37909670997007,0.0,0.0,0.0
1,2,July,17,medium,medium,0.27029344225709906,8.37909670997007,0.0,0.0,0.0
1,2,June,17,medium,medium,0.27029344225709906,8.108803267712972,0.0,0.0,0.0
1,2,March,17,medium,medium,0.27029344225709906,8.37909670997007,0.0,0.0,0.0
1,2,May,17,fast,medium,0.27029344225709906,8.37909670997007,0.0,0.0,0.0
1,2,November,17,medium,medium,0.27029344225709906,8.108803267712972,0.0,0.0,0.0
1,2,October,17,medium,medium,0.27029344225709906,8.37909670997007,0.0,0.0,0.0
1,2,September,17,medium,medium,0.27029344225709906,8.108803267712972,0.0,0.0,0.0
1,9,April,17,medium,medium,3.4113217965985356,102.33965389795607,0.0,0.0,0.0
1,9,April,20,fast,fast,1.8586115171267412,55.75834551380224,0.0,0.0,0.0
1,9,August,17,medium,medium,3.4113217965985356,105.7509756945546,0.0,0.0,0.0
1,9,December,17,medium,medium,3.4113217965985356,105.7509756945546,0.0,0.0,0.0
1,9,February,17,medium,medium,3.4113217965985356,95.517010304759,0.0,0.0,0.0
1,9,January,17,medium,medium,3.4113217965985356,105.7509756945546,0.0,0.0,0.0
1,9,July,17,medium,medium,3.4113217965985356,105.7509756945546,0.0,0.0,0.0
1,9,June,17,medium,medium,3.4113217965985356,102.33965389795607,0.0,0.0,0.0
1,9,June,20,medium,medium,7.84375872734716,235.31276182041478,0.0,0.0,0.0
1,9,June,20,fast,fast,1.8586115171263131,55.75834551378939,0.0,0.0,0.0
1,9,March,17,medium,medium,3.4113217965985356,105.7509756945546,0.0,0.0,0.0
1,9,May,17,medium,medium,3.4113217965985356,105.7509756945546,0.0,0.0,0.0
1,9,May,19,medium,medium,0.9190756485984153,28.491345106550874,0.0,0.0,0.0
1,9,May,20,medium,medium,4.41781313351937,136.9522071391005,0.0,0.0,0.0
1,9,November,17,medium,medium,3.4113217965985356,102.33965389795607,0.0,0.0,0.0
1,9,October,17,medium,medium,3.4113217965985356,105.7509756945546,0.0,0.0,0.0
1,9,September,17,medium,medium,3.4113217965985356,102.33965389795607,0.0,0.0,0.0
2,9,April,19,fast,medium,3.3479488244405857,100.43846473321757,0.0,0.0,0.0
2,9,April,20,fast,fast,8.815846756639095,264.47540269917283,0.0,0.0,0.0
2,9,April,21,fast,fast,1.82253033493906,54.6759100481718,0.0,0.0,0.0
2,9,July,20,fast,fast,0.1,3.1,0.0,0.0,0.0
2,9,June,19,fast,medium,3.5857061577739273,107.57118473321782,0.0,0.0,0.0
2,9,June,20,fast,fast,8.815846756639525,264.47540269918574,0.0,0.0,0.0
2,9,June,21,fast,fast,6.068241184153243,182.0472355245973,0.0,0.0,0.0
2,9,May,19,fast,medium,7.615912059212187,236.0932738355778,0.0,0.0,0.0
2,9,May,20,fast,fast,8.815846756664213,273.2912494565906,0.0,0.0,0.0
2,9,May,21,medium,medium,4.245710849213274,131.61703632561148,0.0,0.0,0.0
2,9,May,21,fast,fast,1.8225303349399695,56.498440383139055,0.0,0.0,0.0
4,11,April,38,fast,fast,0.6994932056428098,20.984796169284294,0.0,0.0,0.0
4,11,August,38,fast,fast,0.6994932056428098,21.684289374927104,0.0,0.0,0.0
4,11,December,38,fast,fast,0.6994932056428098,21.684289374927104,0.0,0.0,0.0
4,11,February,38,fast,fast,0.6994932056428098,19.585809757998675,0.0,0.0,0.0
4,11,January,38,fast,fast,0.6994932056428098,21.684289374927104,0.0,0.0,0.0
4,11,July,38,fast,fast,0.6994932056428098,21.684289374927104,0.0,0.0,0.0
4,11,June,38,fast,fast,0.6994932056428098,20.984796169284294,0.0,0.0,0.0
4,11,March,38,fast,fast,0.6994932056428098,21.684289374927104,0.0,0.0,0.0
4,11,May,38,fast,fast,0.6994932056428098,21.684289374927104,0.0,0.0,0.0
4,11,November,38,fast,fast,0.6994932056428098,20.984796169284294,0.0,0.0,0.0
4,11,October,38,fast,fast,0.6994932056428098,21.684289374927104,0.0,0.0,0.0
4,11,September,38,fast,fast,0.6994932056428098,20.984796169284294,0.0,0.0,0.0
7,8,April,24,medium,slow,1.153809322852176,34.61427968556528,0.0,0.0,0.0
7,8,August,24,fast,fast,1.153809322852176,35.768089008417455,0.0,0.0,0.0
7,8,December,24,fast,fast,1.153809322852176,35.768089008417455,0.0,0.0,0.0
7,8,February,24,fast,fast,1.153809322852176,32.30666103986093,0.0,0.0,0.0
7,8,January,24,fast,fast,1.153809322852176,35.768089008417455,0.0,0.0,0.0
7,8,July,24,fast,fast,1.153809322852176,35.768089008417455,0.0,0.0,0.0
7,8,June,24,fast,fast,1.153809322852176,34.61427968556528,0.0,0.0,0.0
7,8,March,24,fast,fast,1.153809322852176,35.768089008417455,0.0,0.0,0.0
7,8,May,24,fast,fast,1.153809322852176,35.768089008417455,0.0,0.0,0.0
7,8,November,24,fast,fast,1.153809322852176,34.61427968556528,0.0,0.0,0.0
7,8,October,24,fast,fast,1.153809322852176,35.768089008417455,0.0,0.0,0.0
7,8,September,24,fast,fast,1.153809322852176,34.61427968556528,0.0,0.0,0.0
8,1,April,21,medium,medium,6.705008401144934,201.150252034348,0.0,0.0,0.0
8,1,June,21,medium,medium,7.998589984478269,239.95769953434805,0.0,0.0,0.0
8,1,May,21,fast,medium,8.760569597540112,271.5776575237435,0.0,0.0,0.0
9,1,June,23,fast,medium,7.668366749038569,230.05100247115706,0.0,0.0,0.0
9,1,June,29,fast,medium,1.9194504850372098,57.583514551116295,0.0,0.0,0.0
10,9,April,34,fast,fast,8.033498168468917,241.0049450540675,0.0,0.0,0.0
10,9,August,34,fast,fast,5.620918173845261,174.2484633892031,0.0,0.0,0.0
10,9,January,34,fast,fast,7.158180835135584,221.90360588920308,0.0,0.0,0.0
10,9,July,34,fast,fast,9.455763194440486,293.1286590276551,0.0,0.0,0.0
10,9,June,34,fast,fast,9.455763194440486,283.67289583321457,0.0,0.0,0.0
10,9,March,34,fast,fast,9.455763194440486,293.1286590276551,0.0,0.0,0.0
10,9,May,20,fast,medium,3.0819894799585086,95.54167387871377,0.0,0.0,0.0
10,9,May,34,fast,fast,9.455763194440486,293.1286590276551,0.0,0.0,0.0
10,9,November,34,fast,fast,9.455763194440486,283.67289583321457,0.0,0.0,0.0
10,9,September,34,fast,fast,0.912704418468917,27.381132554067513,0.0,0.0,0.0
10,11,April,34,fast,medium,1.4222650259715692,42.66795077914708,0.0,0.0,0.0
10,11,August,34,fast,medium,3.8348450205952247,118.88019563845197,0.0,0.0,0.0
10,11,December,34,fast,medium,9.455763194440486,293.1286590276551,0.0,0.0,0.0
10,11,February,34,fast,medium,9.455763194440486,264.7613694443336,0.0,0.0,0.0
10,11,January,34,medium,medium,2.2975823593049025,71.22505313845198,0.0,0.0,0.0
10,11,October,34,medium,medium,9.455763194440486,293.1286590276551,0.0,0.0,0.0
10,11,September,34,fast,medium,8.54305877597157,256.2917632791471,0.0,0.0,0.0
11,4,April,17,fast,fast,0.1,3.0,0.0,0.0,0.0
11,4,April,18,fast,fast,3.846646307313467,115.39938921940401,0.0,0.0,0.0
11,4,April,25,fast,fast,5.76707232007724,173.01216960231721,0.0,0.0,0.0
11,4,April,26,fast,fast,0.1,3.0,0.0,0.0,0.0
11,4,April,27,fast,fast,23.182711649912605,695.4813494973781,0.0,0.0,0.0
11,4,April,33,fast,fast,11.878964693614122,356.36894080842364,0.0,0.0,0.0
11,4,August,27,fast,fast,2.1478233999125678,66.5825253972896,0.0,0.0,0.0
11,4,August,33,fast,fast,11.878964693614122,368.2479055020378,0.0,0.0,0.0
11,4,December,27,fast,fast,2.1478233999125678,66.5825253972896,0.0,0.0,0.0
11,4,December,33,fast,fast,11.878964693614122,368.2479055020378,0.0,0.0,0.0
11,4,February,27,fast,fast,2.1478233999125678,60.1390551975519,0.0,0.0,0.0
11,4,February,33,fast,fast,11.878964693614122,332.6110114211954,0.0,0.0,0.0
11,4,January,27,fast,fast,2.1478233999125678,66.5825253972896,0.0,0.0,0.0
11,4,January,33,fast,fast,11.878964693611238,368.24790550194837,0.0,0.0,0.0
11,4,July,27,fast,fast,2.1478233999125678,66.5825253972896,0.0,0.0,0.0
11,4,July,33,fast,fast,11.878964693611238,368.24790550194837,0.0,0.0,0.0
11,4,June,17,fast,fast,18.56403028966066,556.9209086898198,0.0,0.0,0.0
11,4,June,18,fast,fast,13.967272609067091,419.01817827201273,0.0,0.0,0.0
11,4,June,19,fast,fast,3.1537505368287526,94.61251610486258,0.0,0.0,0.0
11,4,June,25,fast,fast,0.1,3.0,0.0,0.0,0.0
11,4,June,26,fast,fast,0.1,3.0,0.0,0.0,0.0
11,4,June,27,fast,fast,22.729236503114848,681.8770950934454,0.0,0.0,0.0
11,4,June,33,fast,fast,11.878964693614122,356.36894080842364,0.0,0.0,0.0
11,4,March,27,fast,fast,2.1478233999125678,66.5825253972896,0.0,0.0,0.0
11,4,March,33,fast,fast,11.878964693614122,368.2479055020378,0.0,0.0,0.0
11,4,May,15,fast,fast,4.356509499206588,135.05179447540422,0.0,0.0,0.0
11,4,May,16,fast,fast,2.528731895253145,78.3906887528475,0.0,0.0,0.0
11,4,May,17,fast,fast,39.999999,1239.999969,0.0,0.0,0.0
11,4,May,18,fast,fast,18.206030070470092,564.3869321845729,0.0,0.0,0.0
11,4,May,19,fast,fast,16.88800345035125,523.5281069608887,0.0,0.0,0.0
11,4,May,20,fast,fast,0.1,3.1,0.0,0.0,0.0
11,4,May,27,fast,fast,2.1478233999125678,66.5825253972896,0.0,0.0,0.0
11,4,May,33,fast,fast,11.878964693614122,368.2479055020378,0.0,0.0,0.0
11,4,November,27,fast,fast,2.1478233999125678,64.43470199737703,0.0,0.0,0.0
11,4,November,33,fast,fast,11.878964693614122,356.36894080842364,0.0,0.0,0.0
11,4,October,27,fast,fast,2.1478233999125678,66.5825253972896,0.0,0.0,0.0
11,4,October,33,fast,fast,11.878964693614122,368.2479055020378,0.0,0.0,0.0
11,4,September,17,fast,fast,1.6534342709211103,49.60302812763331,0.0,0.0,0.0
11,4,September,27,fast,fast,2.1478233999125678,64.43470199737703,0.0,0.0,0.0
11,4,September,33,fast,fast,11.878964693611238,356.36894080833713,0.0,0.0,0.0
11,10,April,21,fast,fast,4.5185072195733795,135.5552165872014,0.0,0.0,0.0
11,10,April,32,fast,fast,11.022098271296898,330.6629481389069,0.0,0.0,0.0
11,10,April,33,fast,fast,12.023109517448049,360.69328552344143,0.0,0.0,0.0
11,10,August,33,fast,fast,12.023109517448049,372.7163950408895,0.0,0.0,0.0
11,10,December,33,fast,fast,12.023109517448049,372.7163950408895,0.0,0.0,0.0
11,10,February,33,fast,fast,12.023109517448049,336.64706648854536,0.0,0.0,0.0
11,10,January,33,fast,fast,12.023109517450933,372.7163950409789,0.0,0.0,0.0
11,10,July,33,fast,fast,12.023109517450933,372.7163950409789,0.0,0.0,0.0
11,10,June,21,medium,medium,4.206648161476849,126.19944484430548,0.0,0.0,0.0
11,10,June,32,medium,medium,9.298794549508385,278.96383648525153,0.0,0.0,0.0
11,10,June,32,fast,fast,25.0,750.0,0.0,0.0,0.0
11,10,June,33,fast,fast,12.023109517448049,360.69328552344143,0.0,0.0,0.0
11,10,March,33,fast,fast,12.023109517448049,372.7163950408895,0.0,0.0,0.0
11,10,May,32,fast,fast,11.02209827133599,341.68504641141567,0.0,0.0,0.0
11,10,May,33,fast,fast,12.023109517448049,372.7163950408895,0.0,0.0,0.0
11,10,November,33,fast,fast,12.023109517448049,360.69328552344143,0.0,0.0,0.0
11,10,October,33,fast,fast,12.023109517448049,372.7163950408895,0.0,0.0,0.0
11,10,September,33,fast,fast,12.023109517450933,360.693285523528,0.0,0.0,0.0
12,19,December,23,medium,medium,1.2469470967741936,38.65536,0.0,0.0,0.0
12,19,February,23,fast,medium,0.6789666165413513,19.011065263157835,0.0,0.0,0.0
12,19,March,23,fast,medium,5.0542547735376235,156.68189797966633,0.0,0.0,0.0
13,21,April,16,medium,medium,1.3379891547825977,40.13967464347793,0.0,0.0,0.0
13,21,August,16,medium,medium,1.3379891547825977,41.47766379826053,0.0,0.0,0.0
13,21,December,16,medium,medium,1.3379891547825977,41.47766379826053,0.0,0.0,0.0
13,21,February,16,medium,medium,1.3379891547825977,37.463696333912736,0.0,0.0,0.0
13,21,January,16,medium,medium,1.3379891547825977,41.47766379826053,0.0,0.0,0.0
13,21,July,16,medium,medium,1.3379891547825977,41.47766379826053,0.0,0.0,0.0
13,21,June,16,medium,medium,1.3379891547825977,40.13967464347793,0.0,0.0,0.0
13,21,March,16,medium,medium,1.3379891547825977,41.47766379826053,0.0,0.0,0.0
13,21,May,16,medium,medium,1.3379891547825977,41.47766379826053,0.0,0.0,0.0
13,21,November,16,medium,medium,1.3379891547825977,40.13967464347793,0.0,0.0,0.0
13,21,October,16,medium,medium,1.3379891547825977,41.47766379826053,0.0,0.0,0.0
13,21,September,16,medium,medium,1.3379891547825977,40.13967464347793,0.0,0.0,0.0
14,13,April,19,fast,medium,5.751874999999991,172.55624999999975,0.0,0.0,0.0
14,13,April,19,fast,fast,5.515460714688775,165.46382144066325,0.0,0.0,0.0
14,13,April,26,fast,fast,2.744034106816663,82.3210232044999,0.0,0.0,0.0
14,13,April,28,fast,fast,12.905228764308674,387.1568629292602,0.0,0.0,0.0
14,13,April,29,medium,medium,3.4027083333333312,102.08124999999994,0.0,0.0,0.0
14,13,April,29,fast,fast,15.661333586725595,469.84000760176787,0.0,0.0,0.0
14,13,April,30,fast,medium,3.402708333333333,102.08124999999998,0.0,0.0,0.0
14,13,April,30,fast,fast,7.9264465031663995,237.79339509499198,0.0,0.0,0.0
14,13,April,33,fast,fast,9.840666666666666,295.21999999999997,0.0,0.0,0.0
14,13,April,34,fast,fast,9.840666666666666,295.21999999999997,0.0,0.0,0.0
14,13,April,35,fast,fast,23.78400717327964,713.5202151983892,0.0,0.0,0.0
14,13,April,36,fast,fast,15.095364459885062,452.8609337965519,0.0,0.0,0.0
14,13,August,26,fast,fast,2.744034106816663,85.06505731131656,0.0,0.0,0.0
14,13,August,29,fast,fast,8.727986812532048,270.5675911884935,0.0,0.0,0.0
14,13,August,30,fast,fast,0.9930997289728545,30.78609159815849,0.0,0.0,0.0
14,13,August,33,fast,fast,4.6213465338922575,143.26174255066,0.0,0.0,0.0
14,13,August,34,fast,fast,8.007399193548387,248.229375,0.0,0.0,0.0
14,13,August,35,fast,fast,23.784007173279633,737.3042223716686,0.0,0.0,0.0
14,13,August,36,fast,fast,15.095364459885026,467.9562982564358,0.0,0.0,0.0
14,13,December,35,fast,fast,23.78400717327964,737.3042223716689,0.0,0.0,0.0
14,13,December,36,fast,fast,15.095364459885033,467.956298256436,0.0,0.0,0.0
14,13,February,35,fast,fast,23.784007173279633,665.9522008518297,0.0,0.0,0.0
14,13,February,36,fast,fast,15.095364459885026,422.67020487678076,0.0,0.0,0.0
14,13,January,35,fast,fast,23.784007173279633,737.3042223716686,0.0,0.0,0.0
14,13,January,36,fast,fast,15.095364459885062,467.9562982564369,0.0,0.0,0.0
14,13,July,19,fast,fast,2.8580010372694105,88.59803215535172,0.0,0.0,0.0
14,13,July,26,fast,fast,2.744034106816663,85.06505731131656,0.0,0.0,0.0
14,13,July,29,fast,fast,11.924277135112693,369.6525911884935,0.0,0.0,0.0
14,13,July,30,fast,fast,4.189390051553499,129.87109159815847,0.0,0.0,0.0
14,13,July,33,fast,fast,10.08475806451613,312.62750000000005,0.0,0.0,0.0
14,13,July,34,fast,fast,9.438638610114216,292.5977969135407,0.0,0.0,0.0
14,13,July,35,fast,fast,23.784007173279633,737.3042223716686,0.0,0.0,0.0
14,13,July,36,fast,fast,15.095364459885062,467.9562982564369,0.0,0.0,0.0
14,13,June,19,fast,medium,5.932541666671298,177.97625000013895,0.0,0.0,0.0
14,13,June,19,fast,fast,5.515460714684139,165.46382144052416,0.0,0.0,0.0
14,13,June,26,fast,fast,2.744034106816663,82.3210232044999,0.0,0.0,0.0
14,13,June,28,fast,fast,13.788481764303597,413.65445292910795,0.0,0.0,0.0
14,13,June,29,fast,fast,20.887687753392264,626.630632601768,0.0,0.0,0.0
14,13,June,30,fast,medium,5.226354166666667,156.790625,0.0,0.0,0.0
14,13,June,30,fast,fast,7.9264465031663995,237.79339509499198,0.0,0.0,0.0
14,13,June,33,fast,fast,15.876541666666668,476.29625000000004,0.0,0.0,0.0
14,13,June,34,fast,fast,15.876541666666668,476.29625000000004,0.0,0.0,0.0
14,13,June,35,fast,fast,23.784007173279633,713.520215198389,0.0,0.0,0.0
14,13,June,36,fast,fast,15.095364459885033,452.86093379655097,0.0,0.0,0.0
14,13,March,29,fast,fast,3.5771220298833573,110.89078292638408,0.0,0.0,0.0
14,13,March,33,fast,fast,2.39125,74.12875,0.0,0.0,0.0
14,13,March,34,fast,fast,2.1609429866009364,66.98923258462904,0.0,0.0,0.0
14,13,March,35,fast,fast,23.784007173279633,737.3042223716686,0.0,0.0,0.0
14,13,March,36,fast,fast,15.095364459885062,467.9562982564369,0.0,0.0,0.0
14,13,May,18,medium,medium,1.1966475844899875,37.096075119189614,0.0,0.0,0.0
14,13,May,19,fast,fast,15.916597008464855,493.4145072624105,0.0,0.0,0.0
14,13,May,21,fast,fast,11.267105938806898,349.28028410301386,0.0,0.0,0.0
14,13,May,26,fast,fast,2.744034106816663,85.06505731131656,0.0,0.0,0.0
14,13,May,28,fast,fast,14.36953377489143,445.45554702163435,0.0,0.0,0.0
14,13,May,29,fast,fast,15.661333586725597,485.5013411884935,0.0,0.0,0.0
14,13,May,30,fast,fast,7.926446503166403,245.7198415981585,0.0,0.0,0.0
14,13,May,32,fast,fast,0.4039134428241873,12.521316727549806,0.0,0.0,0.0
14,13,May,33,fast,fast,14.739092741935485,456.911875,0.0,0.0,0.0
14,13,May,34,fast,fast,14.739092741935485,456.911875,0.0,0.0,0.0
14,13,May,35,fast,fast,23.78400717327964,737.3042223716689,0.0,0.0,0.0
14,13,May,36,fast,fast,15.095364459885062,467.9562982564369,0.0,0.0,0.0
14,13,May,37,fast,fast,1.1435483870967742,35.45,0.0,0.0,0.0
14,13,May,40,fast,fast,0.1,3.1,0.0,0.0,0.0
14,13,May,41,fast,fast,0.1,3.1,0.0,0.0,0.0
14,13,May,42,fast,fast,0.2547369839645557,7.8968465029012265,0.0,0.0,0.0
14,13,November,35,fast,fast,23.78400717327959,713.5202151983877,0.0,0.0,0.0
14,13,November,36,fast,fast,15.095364459885062,452.8609337965519,0.0,0.0,0.0
14,13,October,35,fast,fast,23.784007173279633,737.3042223716686,0.0,0.0,0.0
14,13,October,36,fast,fast,15.095364459885026,467.9562982564358,0.0,0.0,0.0
14,13,September,19,fast,fast,5.515460714688775,165.46382144066325,0.0,0.0,0.0
14,13,September,26,fast,fast,2.744034106816663,82.3210232044999,0.0,0.0,0.0
14,13,September,29,fast,fast,8.00754192005893,240.2262576017679,0.0,0.0,0.0
14,13,September,30,fast,fast,0.2726548364997363,8.17964509499209,0.0,0.0,0.0
14,13,September,35,fast,fast,23.784007173279605,713.5202151983881,0.0,0.0,0.0
14,13,September,36,fast,fast,15.095364459885062,452.8609337965519,0.0,0.0,0.0
14,21,April,29,fast,medium,1.0168808333355166,30.506425000065498,0.0,0.0,0.0
14,21,April,29,fast,fast,4.078424785405986,122.35274356217957,0.0,0.0,0.0
14,21,June,29,medium,medium,2.687340416668853,80.62021250006559,0.0,0.0,0.0
14,21,June,29,fast,fast,4.078424785405986,122.35274356217957,0.0,0.0,0.0
14,21,May,29,fast,fast,4.078424785408178,126.43116834765351,0.0,0.0,0.0
15,7,April,16,fast,medium,6.4813634112509195,194.44090233752758,0.0,0.0,0.0
15,7,April,17,fast,medium,31.50861765740416,945.2585297221248,0.0,0.0,0.0
15,7,April,18,fast,medium,33.0,990.0,0.0,0.0,0.0
15,7,April,19,fast,medium,33.0,990.0,0.0,0.0,0.0
15,7,April,20,fast,medium,6.645862499999989,199.37587499999967,0.0,0.0,0.0
15,7,April,26,medium,medium,3.9438035437047425,118.31410631114227,0.0,0.0,0.0
15,7,April,27,fast,medium,9.127359826782605,273.8207948034782,0.0,0.0,0.0
15,7,April,28,fast,medium,10.454530856828715,313.63592570486145,0.0,0.0,0.0
15,7,April,29,fast,medium,7.896948088318509,236.90844264955527,0.0,0.0,0.0
15,7,April,30,fast,medium,5.5652458333333215,166.95737499999964,0.0,0.0,0.0
15,7,April,31,fast,medium,9.212228333333334,276.36685,0.0,0.0,0.0
15,7,April,32,fast,medium,9.212228333333334,276.36685,0.0,0.0,0.0
15,7,April,33,medium,medium,8.385808105049577,251.5742431514873,0.0,0.0,0.0
15,7,April,34,medium,medium,0.2506939925581815,7.520819776745444,0.0,0.0,0.0
15,7,April,35,medium,medium,1.0124408333333335,30.373225000000005,0.0,0.0,0.0
15,7,April,36,medium,medium,1.0124408333333335,30.373225000000005,0.0,0.0,0.0
15,7,April,37,fast,medium,7.521859583333334,225.6557875,0.0,0.0,0.0
15,7,April,38,fast,medium,5.833158875672046,174.9947662701614,0.0,0.0,0.0
15,7,August,16,medium,medium,6.481363411250925,200.92226574877867,0.0,0.0,0.0
15,7,August,17,fast,medium,31.50861765740416,976.767147379529,0.0,0.0,0.0
15,7,August,18,fast,medium,33.0,1023.0,0.0,0.0,0.0
15,7,August,19,fast,medium,33.0,1023.0,0.0,0.0,0.0
15,7,August,20,medium,medium,0.9557181451612795,29.627262499999667,0.0,0.0,0.0
15,7,August,23,fast,medium,4.1324274338004265,128.10525044781323,0.0,0.0,0.0
15,7,August,27,medium,medium,9.511501612903224,294.85654999999997,0.0,0.0,0.0
15,7,August,28,fast,medium,9.511501612903224,294.85654999999997,0.0,0.0,0.0
15,7,August,29,medium,medium,0.8106604838709579,25.130474999999695,0.0,0.0,0.0
15,7,August,30,medium,medium,0.8106604838709579,25.130474999999695,0.0,0.0,0.0
15,7,August,31,medium,medium,3.240568718166408,100.45763026315865,0.0,0.0,0.0
15,7,August,33,medium,medium,8.385808105049577,259.9600512565369,0.0,0.0,0.0
15,7,August,34,medium,medium,1.0395160602167168,32.22499786671822,0.0,0.0,0.0
15,7,August,35,medium,medium,1.3991326612903228,43.373112500000005,0.0,0.0,0.0
15,7,August,36,medium,medium,1.3991326612903228,43.373112500000005,0.0,0.0,0.0
15,7,December,16,medium,medium,6.481363411250925,200.92226574877867,0.0,0.0,0.0
15,7,December,17,fast,medium,31.50861765740416,976.767147379529,0.0,0.0,0.0
15,7,December,18,fast,medium,33.0,1023.0,0.0,0.0,0.0
15,7,December,19,fast,medium,33.0,1023.0,0.0,0.0,0.0
15,7,December,23,medium,medium,4.132427433800416,128.1052504478129,0.0,0.0,0.0
15,7,December,27,fast,medium,7.523338611870294,233.22349696797912,0.0,0.0,0.0
15,7,December,28,fast,medium,7.9964369401620345,247.88954514502308,0.0,0.0,0.0
15,7,February,16,medium,medium,6.481363411250925,181.4781755150259,0.0,0.0,0.0
15,7,February,17,fast,medium,31.50861765740416,882.2412944073164,0.0,0.0,0.0
15,7,February,18,fast,medium,33.0,924.0,0.0,0.0,0.0
15,7,February,19,fast,medium,33.0,924.0,0.0,0.0,0.0
15,7,February,23,fast,medium,4.132427433800412,115.70796814641155,0.0,0.0,0.0
15,7,February,27,fast,medium,7.523338611870294,210.65348113236823,0.0,0.0,0.0
15,7,February,28,fast,medium,7.9964369401620345,223.90023432453697,0.0,0.0,0.0
15,7,February,33,medium,medium,6.422983193908438,179.84352942943627,0.0,0.0,0.0
15,7,January,16,fast,medium,6.4813634112509195,200.9222657487785,0.0,0.0,0.0
15,7,January,17,fast,medium,31.50861765740416,976.767147379529,0.0,0.0,0.0
15,7,January,18,fast,medium,33.0,1023.0,0.0,0.0,0.0
15,7,January,19,fast,medium,33.0,1023.0,0.0,0.0,0.0
15,7,January,23,fast,medium,4.132427433800423,128.10525044781312,0.0,0.0,0.0
15,7,January,27,fast,medium,7.523338611870294,233.22349696797912,0.0,0.0,0.0
15,7,January,28,fast,medium,7.9964369401620345,247.88954514502308,0.0,0.0,0.0
15,7,July,16,medium,medium,6.481363411250925,200.92226574877867,0.0,0.0,0.0
15,7,July,17,fast,medium,31.50861765740416,976.767147379529,0.0,0.0,0.0
15,7,July,18,fast,medium,33.0,1023.0,0.0,0.0,0.0
15,7,July,19,fast,medium,33.0,1023.0,0.0,0.0,0.0
15,7,July,20,medium,medium,2.7775685483870856,86.10462499999966,0.0,0.0,0.0
15,7,July,23,fast,medium,0.9771380789617155,30.29128044781318,0.0,0.0,0.0
15,7,July,27,fast,medium,11.213789112903225,347.6274625,0.0,0.0,0.0
15,7,July,28,fast,medium,11.213789112903225,347.6274625,0.0,0.0,0.0
15,7,July,33,medium,medium,8.385808105049577,259.9600512565369,0.0,0.0,0.0
15,7,July,35,medium,medium,2.3691020161290326,73.44216250000001,0.0,0.0,0.0
15,7,July,36,medium,medium,2.3691020161290326,73.44216250000001,0.0,0.0,0.0
15,7,July,37,fast,medium,0.7467951612903226,23.150650000000002,0.0,0.0,0.0
15,7,July,38,medium,medium,7.592306331193336,235.3614962669934,0.0,0.0,0.0
15,7,June,16,medium,medium,6.481363411250925,194.44090233752775,0.0,0.0,0.0
15,7,June,17,fast,medium,31.50861765740416,945.2585297221248,0.0,0.0,0.0
15,7,June,18,fast,medium,33.0,990.0,0.0,0.0,0.0
15,7,June,19,fast,medium,33.0,990.0,0.0,0.0,0.0
15,7,June,20,fast,medium,6.7289691666666585,201.86907499999975,0.0,0.0,0.0
15,7,June,26,medium,medium,4.006171877038987,120.18515631116962,0.0,0.0,0.0
15,7,June,27,fast,medium,16.531930416666665,495.95791249999996,0.0,0.0,0.0
15,7,June,28,fast,medium,16.531930416666665,495.95791249999996,0.0,0.0,0.0
15,7,June,29,fast,medium,13.904122916666667,417.1236875,0.0,0.0,0.0
15,7,June,30,fast,medium,13.904122916666667,417.1236875,0.0,0.0,0.0
15,7,June,31,fast,medium,11.169672083333333,335.0901625,0.0,0.0,0.0
15,7,June,32,fast,medium,10.624138371975631,318.72415115926896,0.0,0.0,0.0
15,7,June,33,medium,medium,7.795553341166993,233.8666002350098,0.0,0.0,0.0
15,7,June,35,fast,medium,2.068133022380852,62.043990671425554,0.0,0.0,0.0
15,7,June,37,medium,medium,0.8100312500000001,24.300937500000003,0.0,0.0,0.0
15,7,June,38,medium,medium,0.8100312500000001,24.300937500000003,0.0,0.0,0.0
15,7,March,15,medium,medium,1.1148107827090876,34.55913426398172,0.0,0.0,0.0
15,7,March,16,medium,medium,6.481363411250925,200.92226574877867,0.0,0.0,0.0
15,7,March,17,fast,medium,31.50861765740416,976.767147379529,0.0,0.0,0.0
15,7,March,18,fast,medium,33.0,1023.0,0.0,0.0,0.0
15,7,March,19,fast,medium,33.0,1023.0,0.0,0.0,0.0
15,7,March,20,medium,medium,0.24937701612902163,7.730687499999671,0.0,0.0,0.0
15,7,March,23,fast,medium,4.132427433800423,128.10525044781312,0.0,0.0,0.0
15,7,March,27,fast,medium,7.523338611870294,233.22349696797912,0.0,0.0,0.0
15,7,March,28,fast,medium,7.9964369401620345,247.88954514502308,0.0,0.0,0.0
15,7,March,33,medium,medium,8.385808105049577,259.9600512565369,0.0,0.0,0.0
15,7,March,34,medium,medium,1.099975,34.099225,0.0,0.0,0.0
15,7,March,38,medium,medium,0.23831500967871513,7.3877653000401695,0.0,0.0,0.0
15,7,May,15,fast,medium,7.530391831096184,233.4421467639817,0.0,0.0,0.0
15,7,May,16,medium,medium,6.481363411231868,200.9222657481879,0.0,0.0,0.0
15,7,May,17,fast,medium,31.50861765740416,976.767147379529,0.0,0.0,0.0
15,7,May,18,fast,medium,33.0,1023.0,0.0,0.0,0.0
15,7,May,19,fast,medium,33.0,1023.0,0.0,0.0,0.0
15,7,May,20,fast,medium,10.461942741935474,324.3202249999997,0.0,0.0,0.0
15,7,May,25,medium,medium,2.5611069520906327,79.39431551480962,0.0,0.0,0.0
15,7,May,26,fast,medium,6.740408785640231,208.95267235484715,0.0,0.0,0.0
15,7,May,27,fast,medium,16.035159443972862,497.0899427631587,0.0,0.0,0.0
15,7,May,28,fast,medium,11.298317338709662,350.24783749999955,0.0,0.0,0.0
15,7,May,29,fast,medium,8.216317338709667,254.70583749999966,0.0,0.0,0.0
15,7,May,30,fast,medium,8.216317338709667,254.70583749999966,0.0,0.0,0.0
15,7,May,31,fast,medium,11.36664637096774,352.36603749999995,0.0,0.0,0.0
15,7,May,32,fast,medium,11.36664637096774,352.36603749999995,0.0,0.0,0.0
15,7,May,33,medium,medium,8.385808105049577,259.9600512565369,0.0,0.0,0.0
15,7,May,34,medium,medium,5.00067469036594,155.02091540134413,0.0,0.0,0.0
15,7,May,35,fast,medium,2.2048931451612903,68.3516875,0.0,0.0,0.0
15,7,May,36,medium,medium,5.717078512443339,177.2294338857435,0.0,0.0,0.0
15,7,May,37,fast,medium,8.026032258064516,248.80700000000002,0.0,0.0,0.0
15,7,May,38,fast,medium,8.026032258064516,248.80700000000002,0.0,0.0,0.0
15,7,November,16,medium,medium,6.481363411250925,194.44090233752775,0.0,0.0,0.0
15,7,November,17,fast,medium,31.50861765740416,945.2585297221248,0.0,0.0,0.0
15,7,November,18,fast,medium,33.0,990.0,0.0,0.0,0.0
15,7,November,19,fast,medium,33.0,990.0,0.0,0.0,0.0
15,7,November,23,fast,medium,4.132427433800423,123.97282301401269,0.0,0.0,0.0
15,7,November,27,fast,medium,7.523338611870294,225.70015835610883,0.0,0.0,0.0
15,7,November,28,fast,medium,7.9964369401620345,239.89310820486105,0.0,0.0,0.0
15,7,October,16,medium,medium,6.481363411250925,200.92226574877867,0.0,0.0,0.0
15,7,October,17,fast,medium,31.50861765740416,976.767147379529,0.0,0.0,0.0
15,7,October,18,fast,medium,33.0,1023.0,0.0,0.0,0.0
15,7,October,19,fast,medium,33.0,1023.0,0.0,0.0,0.0
15,7,October,23,fast,medium,4.132427433800412,128.10525044781278,0.0,0.0,0.0
15,7,October,27,fast,medium,7.523338611870294,233.22349696797912,0.0,0.0,0.0
15,7,October,28,fast,medium,7.9964369401620345,247.88954514502308,0.0,0.0,0.0
15,7,September,15,medium,medium,1.411910809590808,42.35732428772424,0.0,0.0,0.0
15,7,September,16,medium,medium,6.481363411250925,194.44090233752775,0.0,0.0,0.0
15,7,September,17,fast,medium,31.50861765740416,945.2585297221248,0.0,0.0,0.0
15,7,September,18,fast,medium,33.0,990.0,0.0,0.0,0.0
15,7,September,19,fast,medium,33.0,990.0,0.0,0.0,0.0
15,7,September,23,fast,medium,4.1324274338004265,123.97282301401279,0.0,0.0,0.0
15,7,September,27,fast,medium,9.272239166666667,278.167175,0.0,0.0,0.0
15,7,September,28,fast,medium,9.272239166666667,278.167175,0.0,0.0,0.0
15,7,September,29,medium,medium,0.47925583333332167,14.37767499999965,0.0,0.0,0.0
15,7,September,30,medium,medium,0.47925583333332167,14.37767499999965,0.0,0.0,0.0
15,7,September,33,medium,medium,3.895724532022868,116.87173596068604,0.0,0.0,0.0
15,8,April,16,fast,fast,13.976217278848983,419.2865183654695,0.0,0.0,0.0
15,8,April,22,fast,fast,10.352883555754572,310.58650667263714,0.0,0.0,0.0
15,8,April,23,fast,fast,17.09821248947683,512.9463746843048,0.0,0.0,0.0
15,8,April,24,fast,slow,2.378877541139513,71.36632623418538,0.0,0.0,0.0
15,8,April,24,fast,fast,25.0,750.0,0.0,0.0,0.0
15,8,April,25,fast,fast,25.0,750.0,0.0,0.0,0.0
15,8,April,26,fast,fast,25.0,750.0,0.0,0.0,0.0
15,8,April,27,fast,fast,23.395978785087696,701.8793635526308,0.0,0.0,0.0
15,8,April,28,fast,fast,22.541906083333327,676.2571824999998,0.0,0.0,0.0
15,8,April,29,fast,fast,19.999999000000003,599.9999700000001,0.0,0.0,0.0
15,8,April,30,fast,fast,19.999999000000003,599.9999700000001,0.0,0.0,0.0
15,8,April,31,fast,fast,9.057599259040703,271.7279777712211,0.0,0.0,0.0
15,8,April,32,fast,fast,1.061684597215919,31.85053791647757,0.0,0.0,0.0
15,8,April,34,fast,fast,3.8820498798607916,116.46149639582374,0.0,0.0,0.0
15,8,April,35,fast,fast,1.5758861666666668,47.276585000000004,0.0,0.0,0.0
15,8,April,36,fast,fast,1.5758861666666668,47.276585000000004,0.0,0.0,0.0
15,8,April,37,fast,fast,0.591487257185239,17.74461771555717,0.0,0.0,0.0
15,8,April,38,fast,fast,2.5340249166666666,76.0207475,0.0,0.0,0.0
15,8,August,16,fast,fast,13.976217278848983,433.26273564431847,0.0,0.0,0.0
15,8,August,23,fast,fast,17.66158640710383,547.5091786202187,0.0,0.0,0.0
15,8,August,24,fast,fast,23.84619067714783,739.2319109915827,0.0,0.0,0.0
15,8,August,25,fast,fast,12.065114516129025,374.0185499999998,0.0,0.0,0.0
15,8,August,26,fast,fast,12.065114516129025,374.0185499999998,0.0,0.0,0.0
15,8,August,27,fast,fast,23.011836998967084,713.3669469679796,0.0,0.0,0.0
15,8,August,28,fast,fast,23.484935327258817,728.0329951450234,0.0,0.0,0.0
15,8,August,29,fast,fast,10.435723709677417,323.50743499999993,0.0,0.0,0.0
15,8,August,30,fast,fast,10.435723709677417,323.50743499999993,0.0,0.0,0.0
15,8,August,31,fast,fast,2.7279876085030645,84.567615863595,0.0,0.0,0.0
15,8,August,34,fast,fast,2.5694303691081046,79.65234144235124,0.0,0.0,0.0
15,8,August,35,fast,fast,0.1,3.1,0.0,0.0,0.0
15,8,August,36,fast,fast,0.6630242279510465,20.55375106648244,0.0,0.0,0.0
15,8,December,16,fast,fast,13.976217278848983,433.26273564431847,0.0,0.0,0.0
15,8,December,23,fast,fast,17.661586407103833,547.5091786202188,0.0,0.0,0.0
15,8,December,24,fast,fast,23.84619067714783,739.2319109915827,0.0,0.0,0.0
15,8,December,25,fast,fast,0.742844838709674,23.028189999999896,0.0,0.0,0.0
15,8,December,26,fast,fast,10.172179419528575,315.33756200538585,0.0,0.0,0.0
15,8,December,27,fast,fast,25.0,775.0,0.0,0.0,0.0
15,8,December,28,fast,fast,25.0,775.0,0.0,0.0,0.0
15,8,December,33,fast,fast,8.385808105049577,259.9600512565369,0.0,0.0,0.0
15,8,February,16,fast,fast,13.976217278848983,391.33408380777155,0.0,0.0,0.0
15,8,February,23,fast,fast,17.661586407103833,494.5244193989073,0.0,0.0,0.0
15,8,February,24,fast,fast,23.84619067714783,667.6933389601393,0.0,0.0,0.0
15,8,February,25,fast,fast,7.800347232142853,218.40972249999987,0.0,0.0,0.0
15,8,February,26,fast,fast,10.172179419528575,284.8210237468001,0.0,0.0,0.0
15,8,February,27,fast,fast,25.0,700.0,0.0,0.0,0.0
15,8,February,28,fast,fast,25.0,700.0,0.0,0.0,0.0
15,8,February,29,fast,fast,6.4367508035714245,180.22902249999987,0.0,0.0,0.0
15,8,February,30,fast,fast,6.4367508035714245,180.22902249999987,0.0,0.0,0.0
15,8,February,33,fast,fast,1.9628249111411407,54.95909751195194,0.0,0.0,0.0
15,8,January,16,fast,fast,13.976217278848983,433.26273564431847,0.0,0.0,0.0
15,8,January,23,fast,fast,17.661586407103833,547.5091786202188,0.0,0.0,0.0
15,8,January,24,fast,fast,23.84619067714783,739.2319109915827,0.0,0.0,0.0
15,8,January,25,fast,fast,3.5552812903225774,110.2137199999999,0.0,0.0,0.0
15,8,January,26,fast,fast,10.17217941954739,315.3375620059691,0.0,0.0,0.0
15,8,January,27,fast,fast,25.0,775.0,0.0,0.0,0.0
15,8,January,28,fast,fast,25.0,775.0,0.0,0.0,0.0
15,8,January,33,fast,fast,8.385808105049577,259.9600512565369,0.0,0.0,0.0
15,8,July,16,fast,fast,13.976217278848981,433.2627356443184,0.0,0.0,0.0
15,8,July,22,fast,fast,0.6458200288728495,20.020420895058336,0.0,0.0,0.0
15,8,July,23,fast,fast,17.66158640710383,547.5091786202187,0.0,0.0,0.0
15,8,July,24,fast,fast,23.84619067714783,739.2319109915827,0.0,0.0,0.0
15,8,July,25,fast,fast,15.704328870967739,486.8341949999999,0.0,0.0,0.0
15,8,July,26,fast,fast,15.704328870967739,486.8341949999999,0.0,0.0,0.0
15,8,July,27,fast,fast,21.309549498967076,660.5960344679794,0.0,0.0,0.0
15,8,July,28,fast,fast,21.782647827258817,675.2620826450233,0.0,0.0,0.0
15,8,July,29,fast,fast,12.724267580645156,394.4522949999998,0.0,0.0,0.0
15,8,July,30,fast,fast,12.724267580645156,394.4522949999998,0.0,0.0,0.0
15,8,July,31,fast,fast,3.6586143826966113,113.41704586359495,0.0,0.0,0.0
15,8,July,34,fast,fast,4.056819320721006,125.76139894235119,0.0,0.0,0.0
15,8,July,35,fast,fast,1.1875587903225773,36.814322499999896,0.0,0.0,0.0
15,8,July,36,fast,fast,2.960633273283076,91.77963147177535,0.0,0.0,0.0
15,8,July,37,fast,fast,1.1624029032258065,36.034490000000005,0.0,0.0,0.0
15,8,July,38,fast,fast,1.9706116181395328,61.08896016232551,0.0,0.0,0.0
15,8,June,16,fast,fast,13.976217278848983,419.2865183654695,0.0,0.0,0.0
15,8,June,22,fast,fast,10.575136722421247,317.25410167263743,0.0,0.0,0.0
15,8,June,23,fast,fast,17.661586407103833,529.847592213115,0.0,0.0,0.0
15,8,June,24,medium,slow,2.5792980306582933,77.3789409197488,0.0,0.0,0.0
15,8,June,24,fast,fast,23.84619067714783,715.3857203144349,0.0,0.0,0.0
15,8,June,25,fast,fast,25.0,750.0,0.0,0.0,0.0
15,8,June,26,fast,fast,25.0,750.0,0.0,0.0,0.0
15,8,June,27,fast,fast,25.0,750.0,0.0,0.0,0.0
15,8,June,28,fast,fast,25.0,750.0,0.0,0.0,0.0
15,8,June,29,fast,fast,22.09074696688979,662.7224090066936,0.0,0.0,0.0
15,8,June,30,fast,fast,21.642069583333335,649.2620875,0.0,0.0,0.0
15,8,June,31,fast,fast,12.104403009040702,363.13209027122105,0.0,0.0,0.0
15,8,June,32,fast,fast,4.108488347215916,123.25465041647747,0.0,0.0,0.0
15,8,June,33,fast,fast,0.5902547638825819,17.707642916477457,0.0,0.0,0.0
15,8,June,34,fast,fast,10.703736379860796,321.1120913958239,0.0,0.0,0.0
15,8,June,35,fast,fast,4.580997833333333,137.429935,0.0,0.0,0.0
15,8,June,36,fast,fast,4.580997833333333,137.429935,0.0,0.0,0.0
15,8,June,37,fast,fast,1.26083125,37.824937500000004,0.0,0.0,0.0
15,8,June,38,fast,fast,1.26083125,37.824937500000004,0.0,0.0,0.0
15,8,March,16,fast,fast,13.976217278848983,433.26273564431847,0.0,0.0,0.0
15,8,March,23,fast,fast,17.661586407103833,547.5091786202188,0.0,0.0,0.0
15,8,March,24,fast,fast,23.84619067714783,739.2319109915827,0.0,0.0,0.0
15,8,March,25,fast,fast,11.430227499999997,354.3370524999999,0.0,0.0,0.0
15,8,March,26,fast,fast,11.430227499999997,354.3370524999999,0.0,0.0,0.0
15,8,March,27,fast,fast,25.0,775.0,0.0,0.0,0.0
15,8,March,28,fast,fast,25.0,775.0,0.0,0.0,0.0
15,8,March,29,fast,fast,7.199129435483865,223.17301249999983,0.0,0.0,0.0
15,8,March,30,fast,fast,7.199129435483865,223.17301249999983,0.0,0.0,0.0
15,8,March,31,fast,fast,1.8880641407611325,58.52998836359511,0.0,0.0,0.0
15,8,March,34,fast,fast,1.0482675465274622,32.49629394235133,0.0,0.0,0.0
15,8,March,37,fast,fast,0.11988076491935518,3.7163037125000105,0.0,0.0,0.0
15,8,March,38,fast,fast,2.5,77.5,0.0,0.0,0.0
15,8,May,16,fast,fast,13.976217278868033,433.262735644909,0.0,0.0,0.0
15,8,May,22,slow,slow,5.49195709677419,170.25066999999987,0.0,0.0,0.0
15,8,May,22,fast,fast,10.575136722421247,327.82923839505867,0.0,0.0,0.0
15,8,May,23,fast,fast,17.66158640710383,547.5091786202187,0.0,0.0,0.0
15,8,May,24,fast,fast,23.84619067714783,739.2319109915827,0.0,0.0,0.0
15,8,May,25,fast,fast,25.0,775.0,0.0,0.0,0.0
15,8,May,26,fast,fast,25.0,775.0,0.0,0.0,0.0
15,8,May,27,fast,fast,25.0,775.0,0.0,0.0,0.0
15,8,May,28,fast,fast,25.0,775.0,0.0,0.0,0.0
15,8,May,29,fast,fast,24.462789596774194,758.3464775,0.0,0.0,0.0
15,8,May,30,fast,fast,24.462789596774194,758.3464775,0.0,0.0,0.0
15,8,May,31,fast,fast,12.410997769793386,384.740930863595,0.0,0.0,0.0
15,8,May,32,fast,fast,4.415083107968604,136.86757634702673,0.0,0.0,0.0
15,8,May,34,fast,fast,7.389322949753266,229.06901144235124,0.0,0.0,0.0
15,8,May,35,fast,fast,3.4319641129032257,106.39088749999999,0.0,0.0,0.0
15,8,May,36,fast,fast,5.78821411290323,179.43463750000012,0.0,0.0,0.0
15,8,May,37,fast,fast,3.3187806451612905,102.8822,0.0,0.0,0.0
15,8,May,38,fast,fast,3.3187806451612905,102.8822,0.0,0.0,0.0
15,8,November,16,fast,fast,13.976217278848983,419.2865183654695,0.0,0.0,0.0
15,8,November,23,fast,fast,17.661586407103833,529.847592213115,0.0,0.0,0.0
15,8,November,24,fast,fast,23.84619067714783,715.3857203144349,0.0,0.0,0.0
15,8,November,25,fast,fast,3.6034226666666633,108.1026799999999,0.0,0.0,0.0
15,8,November,26,fast,fast,10.17217941954739,305.16538258642174,0.0,0.0,0.0
15,8,November,27,fast,fast,25.0,750.0,0.0,0.0,0.0
15,8,November,28,fast,fast,25.0,750.0,0.0,0.0,0.0
15,8,November,33,fast,fast,8.385808105049577,251.5742431514873,0.0,0.0,0.0
15,8,October,16,fast,fast,13.976217278848983,433.26273564431847,0.0,0.0,0.0
15,8,October,23,fast,fast,17.661586407103833,547.5091786202188,0.0,0.0,0.0
15,8,October,24,fast,fast,23.84619067714783,739.2319109915827,0.0,0.0,0.0
15,8,October,25,fast,fast,6.726251854838704,208.51380749999984,0.0,0.0,0.0
15,8,October,26,fast,fast,10.172179419529485,315.33756200541404,0.0,0.0,0.0
15,8,October,27,fast,fast,25.0,775.0,0.0,0.0,0.0
15,8,October,28,fast,fast,25.0,775.0,0.0,0.0,0.0
15,8,October,29,fast,fast,2.9184743548387058,90.47270499999988,0.0,0.0,0.0
15,8,October,30,fast,fast,2.9184743548387058,90.47270499999988,0.0,0.0,0.0
15,8,October,33,fast,fast,8.385808105049577,259.9600512565369,0.0,0.0,0.0
15,8,September,16,fast,fast,13.976217278848983,419.2865183654695,0.0,0.0,0.0
15,8,September,23,fast,fast,17.66158640710383,529.8475922131149,0.0,0.0,0.0
15,8,September,24,fast,fast,23.84619067714783,715.3857203144349,0.0,0.0,0.0
15,8,September,25,fast,fast,15.61590383333333,468.4771149999999,0.0,0.0,0.0
15,8,September,26,fast,fast,15.61590383333333,468.4771149999999,0.0,0.0,0.0
15,8,September,27,fast,fast,23.251099445203636,697.5329833561091,0.0,0.0,0.0
15,8,September,28,fast,fast,23.724197773495376,711.7259332048613,0.0,0.0,0.0
15,8,September,29,fast,fast,9.919885166666662,297.59655499999985,0.0,0.0,0.0
15,8,September,30,fast,fast,9.919885166666662,297.59655499999985,0.0,0.0,0.0
15,8,September,33,fast,fast,4.490083573026709,134.70250719080127,0.0,0.0,0.0
15,22,April,18,fast,medium,7.103623667224909,213.10871001674727,0.0,0.0,0.0
15,22,April,18,fast,fast,25.0,750.0,0.0,0.0,0.0
15,22,April,19,medium,medium,2.4217736513851236,72.65320954155371,0.0,0.0,0.0
15,22,April,22,medium,medium,2.451018914426051,73.53056743278152,0.0,0.0,0.0
15,22,April,23,fast,medium,7.711462416452347,231.34387249357042,0.0,0.0,0.0
15,22,April,23,fast,fast,25.0,750.0,0.0,0.0,0.0
15,22,April,24,medium,medium,14.497183780783878,434.91551342351636,0.0,0.0,0.0
15,22,April,25,fast,fast,14.87195707483448,446.1587122450344,0.0,0.0,0.0
15,22,August,18,fast,medium,7.103623667224909,220.2123336839722,0.0,0.0,0.0
15,22,August,18,fast,fast,25.0,775.0,0.0,0.0,0.0
15,22,August,19,medium,medium,2.4217736513851236,75.07498319293883,0.0,0.0,0.0
15,22,August,23,fast,fast,15.350771749785691,475.87392424335644,0.0,0.0,0.0
15,22,December,18,fast,medium,7.103623667224909,220.2123336839722,0.0,0.0,0.0
15,22,December,18,fast,fast,25.0,775.0,0.0,0.0,0.0
15,22,December,19,medium,medium,2.4217736513851236,75.07498319293883,0.0,0.0,0.0
15,22,December,23,fast,fast,15.350771749785704,475.87392424335684,0.0,0.0,0.0
15,22,February,18,fast,medium,7.103623667224923,198.90146268229785,0.0,0.0,0.0
15,22,February,18,fast,fast,25.0,700.0,0.0,0.0,0.0
15,22,February,19,medium,medium,2.4217736513851236,67.80966223878346,0.0,0.0,0.0
15,22,February,23,fast,fast,15.350771749785704,429.8216089939997,0.0,0.0,0.0
15,22,January,18,fast,medium,7.103623667224909,220.2123336839722,0.0,0.0,0.0
15,22,January,18,fast,fast,25.0,775.0,0.0,0.0,0.0
15,22,January,19,medium,medium,2.4217736513851236,75.07498319293883,0.0,0.0,0.0
15,22,January,23,fast,fast,15.350771749785691,475.87392424335644,0.0,0.0,0.0
15,22,July,18,fast,medium,7.103623667225172,220.21233368398032,0.0,0.0,0.0
15,22,July,18,fast,fast,25.0,775.0,0.0,0.0,0.0
15,22,July,19,medium,medium,2.4217736513851236,75.07498319293883,0.0,0.0,0.0
15,22,July,23,fast,fast,18.506061104624404,573.6878942433565,0.0,0.0,0.0
15,22,June,11,fast,fast,1.3437804999999958,40.31341499999988,0.0,0.0,0.0
15,22,June,18,fast,medium,7.103623667225044,213.10871001675133,0.0,0.0,0.0
15,22,June,18,fast,fast,25.0,750.0,0.0,0.0,0.0
15,22,June,19,medium,medium,2.4217736513851236,72.65320954155371,0.0,0.0,0.0
15,22,June,22,medium,medium,4.84771608109272,145.4314824327816,0.0,0.0,0.0
15,22,June,23,medium,medium,8.66485124978568,259.94553749357044,0.0,0.0,0.0
15,22,June,23,fast,fast,25.0,750.0,0.0,0.0,0.0
15,22,June,24,fast,fast,15.450572614117206,463.51717842351616,0.0,0.0,0.0
15,22,June,25,fast,fast,15.035741741501152,451.0722522450346,0.0,0.0,0.0
15,22,March,18,fast,medium,7.103623667224909,220.2123336839722,0.0,0.0,0.0
15,22,March,18,fast,fast,25.0,775.0,0.0,0.0,0.0
15,22,March,19,medium,medium,2.4217736513851236,75.07498319293883,0.0,0.0,0.0
15,22,March,23,fast,fast,15.350771749785691,475.87392424335644,0.0,0.0,0.0
15,22,May,18,fast,medium,7.103623667224909,220.2123336839722,0.0,0.0,0.0
15,22,May,18,fast,fast,25.0,775.0,0.0,0.0,0.0
15,22,May,19,medium,medium,2.4217736513851236,75.07498319293883,0.0,0.0,0.0
15,22,May,22,fast,fast,13.67070091725573,423.7917284349276,0.0,0.0,0.0
15,22,May,23,fast,fast,19.48319918358612,603.9791746911698,0.0,0.0,0.0
15,22,May,24,fast,fast,18.0298706447755,558.9259899880404,0.0,0.0,0.0
15,22,November,18,fast,medium,7.103623667224937,213.10871001674812,0.0,0.0,0.0
15,22,November,18,fast,fast,25.0,750.0,0.0,0.0,0.0
15,22,November,19,medium,medium,2.4217736513851236,72.65320954155371,0.0,0.0,0.0
15,22,November,23,fast,fast,15.350771749785691,460.52315249357076,0.0,0.0,0.0
15,22,October,18,fast,medium,7.103623667224923,220.21233368397262,0.0,0.0,0.0
15,22,October,18,fast,fast,25.0,775.0,0.0,0.0,0.0
15,22,October,19,medium,medium,2.4217736513851236,75.07498319293883,0.0,0.0,0.0
15,22,October,23,fast,fast,15.350771749785704,475.87392424335684,0.0,0.0,0.0
15,22,September,18,fast,medium,7.103623667224909,213.10871001674727,0.0,0.0,0.0
15,22,September,18,fast,fast,25.0,750.0,0.0,0.0,0.0
15,22,September,19,medium,medium,2.4217736513851236,72.65320954155371,0.0,0.0,0.0
15,22,September,23,fast,fast,15.350771749785691,460.52315249357076,0.0,0.0,0.0
15,23,April,17,medium,medium,8.35543024852548,250.66290745576438,0.0,0.0,0.0
15,23,April,17,fast,fast,25.0,750.0,0.0,0.0,0.0
15,23,April,18,medium,medium,22.06399785036829,661.9199355110486,0.0,0.0,0.0
15,23,August,17,medium,medium,8.35543024852548,259.0183377042899,0.0,0.0,0.0
15,23,August,17,fast,fast,25.0,775.0,0.0,0.0,0.0
15,23,August,18,medium,medium,22.06399785036829,683.9839333614169,0.0,0.0,0.0
15,23,August,24,fast,medium,18.0298706447755,558.9259899880404,0.0,0.0,0.0
15,23,December,17,medium,medium,8.35543024852548,259.0183377042899,0.0,0.0,0.0
15,23,December,17,fast,fast,25.0,775.0,0.0,0.0,0.0
15,23,December,18,medium,medium,22.06399785036829,683.9839333614169,0.0,0.0,0.0
15,23,December,24,fast,medium,18.0298706447755,558.9259899880404,0.0,0.0,0.0
15,23,February,17,medium,medium,8.35543024852548,233.95204695871342,0.0,0.0,0.0
15,23,February,17,fast,fast,25.0,700.0,0.0,0.0,0.0
15,23,February,18,medium,medium,22.06399785036828,617.7919398103119,0.0,0.0,0.0
15,23,February,24,fast,fast,18.0298706447755,504.836378053714,0.0,0.0,0.0
15,23,January,17,fast,medium,33.35543024852548,1034.01833770429,0.0,0.0,0.0
15,23,January,18,medium,medium,22.06399785036829,683.9839333614169,0.0,0.0,0.0
15,23,January,24,fast,fast,18.0298706447755,558.9259899880404,0.0,0.0,0.0
15,23,July,17,medium,medium,8.35543024852548,259.0183377042899,0.0,0.0,0.0
15,23,July,17,fast,fast,25.0,775.0,0.0,0.0,0.0
15,23,July,18,medium,medium,22.06399785036829,683.9839333614169,0.0,0.0,0.0
15,23,July,24,fast,fast,18.0298706447755,558.9259899880404,0.0,0.0,0.0
15,23,June,9,fast,fast,0.6253052399049881,18.759157197149644,0.0,0.0,0.0
15,23,June,10,fast,fast,1.736085,52.082550000000005,0.0,0.0,0.0
15,23,June,11,fast,fast,1.3732274514472596,41.196823543417786,0.0,0.0,0.0
15,23,June,17,fast,medium,33.35543024852548,1000.6629074557644,0.0,0.0,0.0
15,23,June,18,medium,medium,22.06399785036828,661.9199355110484,0.0,0.0,0.0
15,23,March,17,medium,medium,8.35543024852548,259.0183377042899,0.0,0.0,0.0
15,23,March,17,fast,fast,25.0,775.0,0.0,0.0,0.0
15,23,March,18,medium,medium,22.06399785036829,683.9839333614169,0.0,0.0,0.0
15,23,March,24,fast,medium,18.0298706447755,558.9259899880404,0.0,0.0,0.0
15,23,May,17,fast,medium,33.35543024852548,1034.01833770429,0.0,0.0,0.0
15,23,May,18,medium,medium,22.06399785036829,683.9839333614169,0.0,0.0,0.0
15,23,November,17,medium,medium,8.35543024852548,250.66290745576438,0.0,0.0,0.0
15,23,November,17,fast,fast,25.0,750.0,0.0,0.0,0.0
15,23,November,18,medium,medium,22.06399785036829,661.9199355110486,0.0,0.0,0.0
15,23,November,24,fast,medium,18.0298706447755,540.896119343265,0.0,0.0,0.0
15,23,October,17,medium,medium,8.35543024852548,259.0183377042899,0.0,0.0,0.0
15,23,October,17,fast,fast,25.0,775.0,0.0,0.0,0.0
15,23,October,18,medium,medium,22.06399785036828,683.9839333614167,0.0,0.0,0.0
15,23,October,24,fast,fast,18.0298706447755,558.9259899880404,0.0,0.0,0.0
15,23,September,17,fast,medium,33.35543024852548,1000.6629074557644,0.0,0.0,0.0
15,23,September,18,medium,medium,22.06399785036829,661.9199355110486,0.0,0.0,0.0
15,23,September,24,fast,fast,18.0298706447755,540.896119343265,0.0,0.0,0.0
16,24,April,17,fast,medium,13.503823654091171,405.1147096227351,0.0,0.0,0.0
16,24,August,17,fast,medium,13.503823654091171,418.6185332768263,0.0,0.0,0.0
16,24,December,17,fast,medium,13.503823654091171,418.6185332768263,0.0,0.0,0.0
16,24,February,17,fast,medium,13.503823654091171,378.10706231455276,0.0,0.0,0.0
16,24,January,17,fast,medium,13.503823654091171,418.6185332768263,0.0,0.0,0.0
16,24,July,17,fast,medium,13.503823654091171,418.6185332768263,0.0,0.0,0.0
16,24,June,17,fast,medium,13.503823654091171,405.1147096227351,0.0,0.0,0.0
16,24,March,17,fast,medium,13.503823654091171,418.6185332768263,0.0,0.0,0.0
16,24,May,17,fast,medium,13.503823654091171,418.6185332768263,0.0,0.0,0.0
16,24,November,17,fast,medium,13.503823654091171,405.1147096227351,0.0,0.0,0.0
16,24,October,17,fast,medium,13.503823654091171,418.6185332768263,0.0,0.0,0.0
16,24,September,17,fast,medium,13.503823654091171,405.1147096227351,0.0,0.0,0.0
17,9,April,26,fast,fast,14.434377176872463,433.0313153061739,0.0,0.0,0.0
17,9,April,27,fast,fast,8.039150630363537,241.1745189109061,0.0,0.0,0.0
17,9,April,28,fast,fast,4.690420966318982,140.71262898956945,0.0,0.0,0.0
17,9,August,28,fast,fast,4.690420966280783,145.40304995470427,0.0,0.0,0.0
17,9,December,28,fast,fast,4.690420966317163,145.40304995583205,0.0,0.0,0.0
17,9,February,28,fast,fast,4.690420966318982,131.3317870569315,0.0,0.0,0.0
17,9,January,28,fast,fast,4.690420966317163,145.40304995583205,0.0,0.0,0.0
17,9,June,26,fast,fast,14.434377176920666,433.03131530762,0.0,0.0,0.0
17,9,June,27,fast,fast,8.039150630363537,241.1745189109061,0.0,0.0,0.0
17,9,June,28,fast,fast,4.6904209662853305,140.7126289885599,0.0,0.0,0.0
17,9,March,28,fast,fast,4.69042096632262,145.4030499560012,0.0,0.0,0.0
17,9,May,19,medium,medium,5.730268939215158,177.63833711566988,0.0,0.0,0.0
17,9,May,20,fast,fast,4.163389551785478,129.06507610534982,0.0,0.0,0.0
17,9,May,28,fast,fast,4.690420966280783,145.40304995470427,0.0,0.0,0.0
17,9,November,28,fast,fast,4.690420966280783,140.7126289884235,0.0,0.0,0.0
17,9,October,28,fast,fast,4.69042096632262,145.4030499560012,0.0,0.0,0.0
17,9,September,28,fast,fast,4.690420966318982,140.71262898956945,0.0,0.0,0.0
17,10,April,22,fast,fast,4.381166313708206,131.4349894112462,0.0,0.0,0.0
17,10,April,28,medium,medium,29.038567222758587,871.1570166827576,0.0,0.0,0.0
17,10,April,28,fast,fast,25.0,750.0,0.0,0.0,0.0
17,10,April,29,fast,fast,13.827971449221028,414.83914347663085,0.0,0.0,0.0
17,10,August,28,fast,fast,21.73799926040443,673.8779770725373,0.0,0.0,0.0
17,10,December,28,fast,fast,4.060305066856053,125.86945707253764,0.0,0.0,0.0
17,10,February,28,fast,fast,13.458984352570333,376.85156187196935,0.0,0.0,0.0
17,10,January,28,fast,fast,4.060305066811395,125.86945707115325,0.0,0.0,0.0
17,10,July,28,medium,medium,33.72898818907757,1045.5986338614046,0.0,0.0,0.0
17,10,July,28,fast,fast,25.0,775.0,0.0,0.0,0.0
17,10,June,21,medium,medium,6.468595248623036,194.05785745869107,0.0,0.0,0.0
17,10,June,21,fast,fast,25.0,750.0,0.0,0.0,0.0
17,10,June,22,medium,medium,20.710673819814232,621.320214594427,0.0,0.0,0.0
17,10,June,22,fast,fast,25.0,750.0,0.0,0.0,0.0
17,10,June,23,fast,fast,10.128614077922865,303.85842233768597,0.0,0.0,0.0
17,10,June,25,fast,medium,0.1,3.0,0.0,0.0,0.0
17,10,June,26,medium,medium,13.336482850156834,400.094485504705,0.0,0.0,0.0
17,10,June,26,fast,fast,25.0,750.0,0.0,0.0,0.0
17,10,June,27,fast,medium,36.17118946716293,1085.135684014888,0.0,0.0,0.0
17,10,June,28,medium,medium,29.03856722279224,871.1570166837671,0.0,0.0,0.0
17,10,June,28,fast,fast,25.0,750.0,0.0,0.0,0.0
17,10,June,29,fast,medium,37.3871950000448,1121.615850001344,0.0,0.0,0.0
17,10,June,29,fast,fast,13.827971449215571,414.83914347646714,0.0,0.0,0.0
17,10,June,30,fast,medium,25.2106922762312,756.320768286936,0.0,0.0,0.0
17,10,March,28,fast,fast,4.060305066856053,125.86945707253764,0.0,0.0,0.0
17,10,May,21,fast,fast,23.96070211152606,742.7817654573079,0.0,0.0,0.0
17,10,May,22,medium,medium,13.20278068271746,409.2862011642413,0.0,0.0,0.0
17,10,May,22,fast,fast,25.0,775.0,0.0,0.0,0.0
17,10,May,28,medium,medium,29.038567222796786,900.1955839067003,0.0,0.0,0.0
17,10,May,28,fast,fast,25.0,775.0,0.0,0.0,0.0
17,10,May,29,fast,fast,13.827971449215571,428.6671149256827,0.0,0.0,0.0
17,10,November,28,fast,fast,4.060305066811395,121.80915200434185,0.0,0.0,0.0
17,10,October,28,fast,fast,4.060305066856053,125.86945707253764,0.0,0.0,0.0
17,10,September,28,fast,fast,20.664439066856048,619.9331720056814,0.0,0.0,0.0
17,24,August,28,medium,medium,32.300567962392364,1001.3176068341633,0.0,0.0,0.0
17,24,December,28,medium,medium,49.97826215590436,1549.3261268330352,0.0,0.0,0.0
17,24,February,28,medium,medium,40.57958287018826,1136.2283203652714,0.0,0.0,0.0
17,24,January,28,medium,medium,49.97826215594901,1549.3261268344193,0.0,0.0,0.0
17,24,March,28,medium,medium,49.9782621558989,1549.326126832866,0.0,0.0,0.0
17,24,November,28,medium,medium,49.97826215598539,1499.3478646795618,0.0,0.0,0.0
17,24,October,28,medium,medium,49.9782621558989,1549.326126832866,0.0,0.0,0.0
17,24,September,28,medium,medium,33.374128155902525,1001.2238446770757,0.0,0.0,0.0
18,10,April,30,medium,medium,1.0044741730294504,30.134225190883512,0.0,0.0,0.0
18,10,April,30,fast,fast,25.0,750.0,0.0,0.0,0.0
18,10,April,31,fast,medium,8.89979984587957,266.99399537638715,0.0,0.0,0.0
18,10,April,31,fast,fast,25.0,750.0,0.0,0.0,0.0
18,10,August,30,fast,fast,13.827971449217277,428.6671149257356,0.0,0.0,0.0
18,10,August,31,fast,fast,7.9205501103661184,245.53705342134967,0.0,0.0,0.0
18,10,December,30,fast,fast,13.827971449217277,428.6671149257356,0.0,0.0,0.0
18,10,December,31,fast,fast,7.9205501103661184,245.53705342134967,0.0,0.0,0.0
18,10,February,30,fast,fast,13.827971449217277,387.18320057808376,0.0,0.0,0.0
18,10,February,31,fast,fast,7.9205501103661184,221.7754030902513,0.0,0.0,0.0
18,10,January,30,fast,fast,13.827971449217277,428.6671149257356,0.0,0.0,0.0
18,10,January,31,fast,fast,7.9205501103661184,245.53705342134967,0.0,0.0,0.0
18,10,July,30,fast,medium,1.0044741730291733,31.138699363904372,0.0,0.0,0.0
18,10,July,30,fast,fast,25.0,775.0,0.0,0.0,0.0
18,10,July,31,fast,medium,5.7361008044378,177.81912493757181,0.0,0.0,0.0
18,10,July,31,fast,fast,25.0,775.0,0.0,0.0,0.0
18,10,June,30,fast,medium,1.0044741730295357,30.13422519088607,0.0,0.0,0.0
18,10,June,30,fast,fast,25.0,750.0,0.0,0.0,0.0
18,10,June,31,fast,medium,8.899799845879318,266.99399537637953,0.0,0.0,0.0
18,10,June,31,fast,fast,25.0,750.0,0.0,0.0,0.0
18,10,March,30,fast,fast,13.827971449222733,428.66711492590474,0.0,0.0,0.0
18,10,March,31,fast,fast,7.9205501103661184,245.53705342134967,0.0,0.0,0.0
18,10,May,30,fast,medium,1.0044741730291733,31.138699363904372,0.0,0.0,0.0
18,10,May,30,fast,fast,25.0,775.0,0.0,0.0,0.0
18,10,May,31,fast,medium,8.899799845879322,275.893795222259,0.0,0.0,0.0
18,10,May,31,fast,fast,25.0,775.0,0.0,0.0,0.0
18,10,November,30,fast,fast,13.827971449260378,414.8391434778113,0.0,0.0,0.0
18,10,November,31,fast,fast,7.9205501103661184,237.61650331098355,0.0,0.0,0.0
18,10,October,30,fast,fast,13.827971449217277,428.6671149257356,0.0,0.0,0.0
18,10,October,31,fast,fast,7.9205501103661184,245.53705342134967,0.0,0.0,0.0
18,10,September,30,fast,fast,13.827971449217277,414.8391434765183,0.0,0.0,0.0
18,10,September,31,fast,fast,7.9205501103661184,237.61650331098355,0.0,0.0,0.0
18,25,August,30,fast,fast,12.176502723811907,377.47158443816915,0.0,0.0,0.0
18,25,August,31,fast,medium,0.9792497355136227,30.356741800922304,0.0,0.0,0.0
18,25,August,31,fast,fast,25.0,775.0,0.0,0.0,0.0
18,25,December,30,fast,fast,12.176502723811907,377.47158443816915,0.0,0.0,0.0
18,25,December,31,fast,medium,0.9792497355135804,30.356741800920993,0.0,0.0,0.0
18,25,December,31,fast,fast,25.0,775.0,0.0,0.0,0.0
18,25,February,30,fast,fast,12.176502723811907,340.9420762667334,0.0,0.0,0.0
18,25,February,31,fast,medium,0.9792497355136227,27.418992594381436,0.0,0.0,0.0
18,25,February,31,fast,fast,25.0,700.0,0.0,0.0,0.0
18,25,January,30,fast,fast,12.176502723811907,377.47158443816915,0.0,0.0,0.0
18,25,January,31,fast,medium,0.9792497355135804,30.356741800920993,0.0,0.0,0.0
18,25,January,31,fast,fast,25.0,775.0,0.0,0.0,0.0
18,25,July,31,fast,fast,3.163699041441518,98.07467028468706,0.0,0.0,0.0
18,25,March,30,fast,fast,12.17650272380645,377.471584438,0.0,0.0,0.0
18,25,March,31,fast,medium,0.9792497355136014,30.356741800921643,0.0,0.0,0.0
18,25,March,31,fast,fast,25.0,775.0,0.0,0.0,0.0
18,25,November,30,fast,fast,12.176502723768806,365.2950817130642,0.0,0.0,0.0
18,25,November,31,fast,medium,0.9792497355136192,29.377492065408575,0.0,0.0,0.0
18,25,November,31,fast,fast,25.0,750.0,0.0,0.0,0.0
18,25,October,30,fast,fast,12.176502723811907,377.47158443816915,0.0,0.0,0.0
18,25,October,31,fast,medium,0.9792497355136227,30.356741800922304,0.0,0.0,0.0
18,25,October,31,fast,fast,25.0,775.0,0.0,0.0,0.0
18,25,September,30,fast,fast,12.176502723811907,365.29508171435725,0.0,0.0,0.0
18,25,September,31,fast,medium,0.9792497355136014,29.377492065408042,0.0,0.0,0.0
18,25,September,31,fast,fast,25.0,750.0,0.0,0.0,0.0
19,12,June,14,medium,medium,1.6161204358518328,48.483613075554985,0.0,0.0,0.0
19,12,June,17,fast,medium,0.27370545422464154,8.211163626739246,0.0,0.0,0.0
19,12,May,15,fast,medium,6.6190443848564176,205.19037593054895,0.0,0.0,0.0
19,12,May,17,fast,medium,3.7491038765402287,116.22222017274709,0.0,0.0,0.0
19,12,May,21,medium,medium,0.365876588089332,11.342174230769292,0.0,0.0,0.0
21,13,April,20,fast,fast,15.044446193452092,451.33338580356275,0.0,0.0,0.0
21,13,April,21,fast,medium,6.9249513001959055,207.74853900587718,0.0,0.0,0.0
21,13,April,21,fast,fast,13.075047699804092,392.25143099412276,0.0,0.0,0.0
21,13,April,22,fast,fast,24.075047699809208,722.2514309942762,0.0,0.0,0.0
21,13,April,23,fast,fast,24.075047699809208,722.2514309942762,0.0,0.0,0.0
21,13,April,24,fast,medium,7.57140398777397,227.1421196332191,0.0,0.0,0.0
21,13,April,24,fast,fast,12.42859501222603,372.8578503667809,0.0,0.0,0.0
21,13,April,25,fast,fast,12.07948458855401,362.3845376566203,0.0,0.0,0.0
21,13,April,26,fast,fast,10.244179093291303,307.32537279873907,0.0,0.0,0.0
21,13,April,27,fast,fast,15.711336932359487,471.34010797078463,0.0,0.0,0.0
21,13,April,28,fast,fast,7.894231381769451,236.82694145308352,0.0,0.0,0.0
21,13,April,31,fast,fast,1.3232004759675462,39.696014279026386,0.0,0.0,0.0
21,13,April,32,fast,fast,6.422865188585234,192.68595565755703,0.0,0.0,0.0
21,13,August,20,fast,fast,2.6745671611940267,82.91158199701482,0.0,0.0,0.0
21,13,August,21,fast,fast,8.67778963529307,269.01147869408516,0.0,0.0,0.0
21,13,August,22,fast,fast,8.677789635293069,269.0114786940851,0.0,0.0,0.0
21,13,August,23,fast,fast,0.1,3.1,0.0,0.0,0.0
21,13,August,24,fast,fast,6.801104674133944,210.83424489815226,0.0,0.0,0.0
21,13,August,28,fast,fast,1.4766375654329575,45.77576452842168,0.0,0.0,0.0
21,13,July,20,fast,fast,6.635111516032737,205.68845699701484,0.0,0.0,0.0
21,13,July,21,fast,fast,12.615108183680167,391.0683536940852,0.0,0.0,0.0
21,13,July,22,fast,fast,12.615108183680169,391.06835369408526,0.0,0.0,0.0
21,13,July,23,fast,fast,13.075047699804319,405.3264786939339,0.0,0.0,0.0
21,13,July,24,fast,fast,12.428595012230742,385.286445379153,0.0,0.0,0.0
21,13,July,25,fast,fast,0.1,3.1,0.0,0.0,0.0
21,13,July,26,fast,fast,2.1661918008085745,67.15194582506581,0.0,0.0,0.0
21,13,July,27,fast,fast,0.1,3.1,0.0,0.0,0.0
21,13,July,28,fast,fast,5.177262565432956,160.49513952842165,0.0,0.0,0.0
21,13,June,20,fast,fast,15.225112860118763,456.7533858035629,0.0,0.0,0.0
21,13,June,21,fast,medium,5.225889359580204,156.77668078740612,0.0,0.0,0.0
21,13,June,21,fast,fast,13.075047699804092,392.25143099412276,0.0,0.0,0.0
21,13,June,22,fast,fast,24.075047699809208,722.2514309942762,0.0,0.0,0.0
21,13,June,23,fast,fast,13.083495392052553,392.5048617615766,0.0,0.0,0.0
21,13,June,24,fast,fast,12.428595012230742,372.85785036692226,0.0,0.0,0.0
21,13,June,25,fast,medium,9.044680822475298,271.34042467425894,0.0,0.0,0.0
21,13,June,25,fast,fast,10.955318177524704,328.65954532574114,0.0,0.0,0.0
21,13,June,26,fast,medium,9.29931216957606,278.9793650872818,0.0,0.0,0.0
21,13,June,26,fast,fast,10.244179093291303,307.32537279873907,0.0,0.0,0.0
21,13,June,27,fast,medium,10.938979166666655,328.16937499999966,0.0,0.0,0.0
21,13,June,27,fast,fast,15.711336932359487,471.34010797078463,0.0,0.0,0.0
21,13,June,28,fast,fast,7.010978381769455,210.32935145308363,0.0,0.0,0.0
21,13,June,31,fast,fast,5.846489063425516,175.39467190276548,0.0,0.0,0.0
21,13,June,32,fast,fast,10.381251275889419,311.4375382766826,0.0,0.0,0.0
21,13,March,20,fast,fast,1.1390429676456435,35.31033199701495,0.0,0.0,0.0
21,13,March,21,fast,fast,7.317446893357587,226.8408536940852,0.0,0.0,0.0
21,13,March,22,fast,fast,7.317446893357586,226.84085369408515,0.0,0.0,0.0
21,13,May,19,medium,medium,0.5988637062239235,18.564774892941628,0.0,0.0,0.0
21,13,May,20,fast,fast,20.292571193452105,629.0697069970153,0.0,0.0,0.0
21,13,May,21,fast,medium,11.0,341.0,0.0,0.0,0.0
21,13,May,21,fast,fast,1.8079417609971937,56.046194590913004,0.0,0.0,0.0
21,13,May,22,fast,medium,11.0,341.0,0.0,0.0,0.0
21,13,May,22,fast,fast,13.075047699809206,405.3264786940854,0.0,0.0,0.0
21,13,May,23,fast,fast,13.075047699804319,405.3264786939339,0.0,0.0,0.0
21,13,May,24,fast,fast,12.428595012230742,385.286445379153,0.0,0.0,0.0
21,13,May,25,fast,fast,10.955318177524703,339.6148635032658,0.0,0.0,0.0
21,13,May,26,fast,fast,10.244179093291303,317.5695518920304,0.0,0.0,0.0
21,13,May,27,fast,fast,15.71133693235453,487.05144490299045,0.0,0.0,0.0
21,13,May,28,fast,fast,2.4979122500490263,77.43527975151981,0.0,0.0,0.0
21,13,May,31,fast,fast,6.2966171426342115,195.19513142166056,0.0,0.0,0.0
21,13,May,32,fast,fast,10.381251275889419,321.81878955257196,0.0,0.0,0.0
21,13,September,20,fast,fast,0.11667536011876223,3.500260803562867,0.0,0.0,0.0
21,13,September,21,fast,fast,10.135131033142532,304.05393099427596,0.0,0.0,0.0
21,13,September,22,fast,fast,10.135131033142533,304.053930994276,0.0,0.0,0.0
21,13,September,23,fast,fast,10.74415186647587,322.32455599427607,0.0,0.0,0.0
21,13,September,24,fast,fast,7.242342592604322,217.27027777812967,0.0,0.0,0.0
21,13,September,28,fast,fast,0.9565018127447882,28.695054382343645,0.0,0.0,0.0
21,14,April,13,fast,fast,3.4674999377619455,104.02499813285837,0.0,0.0,0.0
21,14,July,13,fast,fast,4.0452259780845266,125.40200532062032,0.0,0.0,0.0
21,14,June,13,fast,fast,9.076945687761942,272.30837063285827,0.0,0.0,0.0
21,14,June,22,medium,medium,2.9269320107387387,87.80796032216216,0.0,0.0,0.0
21,14,June,24,medium,medium,1.883916051270596,56.51748153811788,0.0,0.0,0.0
22,21,April,30,fast,fast,7.719048575644877,231.5714572693463,0.0,0.0,0.0
22,21,August,30,fast,fast,7.719048575644887,239.29050584499151,0.0,0.0,0.0
22,21,December,30,fast,fast,7.719048575644887,239.29050584499151,0.0,0.0,0.0
22,21,February,30,fast,fast,7.719048575644887,216.13336011805683,0.0,0.0,0.0
22,21,January,30,fast,fast,7.7190485756448695,239.29050584499095,0.0,0.0,0.0
22,21,July,30,fast,fast,7.719048575644891,239.29050584499163,0.0,0.0,0.0
22,21,June,7,fast,fast,0.12684691666666667,3.8054075000000003,0.0,0.0,0.0
22,21,June,8,fast,fast,0.12684691666666667,3.8054075000000003,0.0,0.0,0.0
22,21,June,30,fast,fast,7.719048575644887,231.5714572693466,0.0,0.0,0.0
22,21,March,30,fast,fast,7.719048575644887,239.29050584499151,0.0,0.0,0.0
22,21,May,30,fast,fast,7.719048575644891,239.29050584499163,0.0,0.0,0.0
22,21,November,30,fast,fast,7.719048575644877,231.5714572693463,0.0,0.0,0.0
22,21,October,30,fast,fast,7.719048575644887,239.29050584499151,0.0,0.0,0.0
22,21,September,30,fast,fast,7.719048575644891,231.57145726934672,0.0,0.0,0.0
23,15,June,13,medium,medium,4.880911502008031,146.42734506024092,0.0,0.0,0.0
23,16,April,19,fast,medium,48.55475356571204,1456.6426069713611,0.0,0.0,0.0
23,16,April,20,fast,medium,18.80107634919539,564.0322904758617,0.0,0.0,0.0
23,16,August,19,fast,medium,48.55475356571204,1505.1973605370733,0.0,0.0,0.0
23,16,August,20,fast,medium,18.80107634919539,582.8333668250572,0.0,0.0,0.0
23,16,December,19,fast,medium,48.55475356571204,1505.1973605370733,0.0,0.0,0.0
23,16,December,20,fast,medium,18.80107634919539,582.8333668250572,0.0,0.0,0.0
23,16,February,19,fast,medium,48.55475356571204,1359.5330998399372,0.0,0.0,0.0
23,16,February,20,medium,medium,18.80107634919539,526.4301377774709,0.0,0.0,0.0
23,16,January,19,fast,medium,48.55475356571204,1505.1973605370733,0.0,0.0,0.0
23,16,January,20,medium,medium,18.80107634919539,582.8333668250572,0.0,0.0,0.0
23,16,July,19,fast,medium,48.55475356571204,1505.1973605370733,0.0,0.0,0.0
23,16,July,20,medium,medium,18.80107634919539,582.8333668250572,0.0,0.0,0.0
23,16,June,19,fast,medium,48.55475356571204,1456.6426069713611,0.0,0.0,0.0
23,16,June,20,medium,medium,18.80107634919539,564.0322904758617,0.0,0.0,0.0
23,16,March,19,fast,medium,48.55475356571204,1505.1973605370733,0.0,0.0,0.0
23,16,March,20,medium,medium,18.80107634919539,582.8333668250572,0.0,0.0,0.0
23,16,May,19,fast,medium,48.55475356571204,1505.1973605370733,0.0,0.0,0.0
23,16,May,20,medium,medium,18.80107634919539,582.8333668250572,0.0,0.0,0.0
23,16,November,19,fast,medium,48.55475356571204,1456.6426069713611,0.0,0.0,0.0
23,16,November,20,medium,medium,18.80107634919539,564.0322904758617,0.0,0.0,0.0
23,16,October,19,fast,medium,48.55475356571204,1505.1973605370733,0.0,0.0,0.0
23,16,October,20,medium,medium,18.80107634919539,582.8333668250572,0.0,0.0,0.0
23,16,September,19,fast,medium,48.55475356571204,1456.6426069713611,0.0,0.0,0.0
23,16,September,20,medium,medium,18.80107634919539,564.0322904758617,0.0,0.0,0.0
24,16,April,11,fast,fast,0.99294,29.7882,0.0,0.0,0.0
24,16,April,34,medium,medium,6.490744640496644,194.7223392148993,0.0,0.0,0.0
24,16,August,11,fast,fast,1.2414508064516128,38.484975,0.0,0.0,0.0
24,16,August,34,medium,medium,6.490744640496644,201.21308385539595,0.0,0.0,0.0
24,16,December,34,medium,medium,6.490744640496644,201.21308385539595,0.0,0.0,0.0
24,16,February,34,medium,medium,6.490744640496644,181.74084993390602,0.0,0.0,0.0
24,16,January,34,medium,medium,6.490744640496644,201.21308385539595,0.0,0.0,0.0
24,16,July,11,fast,fast,3.2902100806451613,101.9965125,0.0,0.0,0.0
24,16,July,34,medium,medium,6.490744640496644,201.21308385539595,0.0,0.0,0.0
24,16,June,11,fast,fast,3.6274087499999994,108.82226249999998,0.0,0.0,0.0
24,16,June,34,medium,medium,6.490744640496644,194.7223392148993,0.0,0.0,0.0
24,16,March,34,medium,medium,6.490744640496644,201.21308385539595,0.0,0.0,0.0
24,16,May,11,fast,fast,3.6688463709677417,113.73423749999999,0.0,0.0,0.0
24,16,May,34,medium,medium,6.490744640496644,201.21308385539595,0.0,0.0,0.0
24,16,November,34,medium,medium,6.490744640496644,194.7223392148993,0.0,0.0,0.0
24,16,October,34,medium,medium,6.490744640496644,201.21308385539595,0.0,0.0,0.0
24,16,September,11,fast,fast,0.13487625,4.0462875,0.0,0.0,0.0
24,16,September,34,medium,medium,6.490744640496644,194.7223392148993,0.0,0.0,0.0
24,17,June,7,fast,medium,0.17337591666666666,5.2012775,0.0,0.0,0.0
24,17,June,8,fast,medium,0.17337591666666666,5.2012775,0.0,0.0,0.0
24,17,June,9,medium,medium,0.8176514292737613,24.52954287821284,0.0,0.0,0.0
24,17,June,10,fast,medium,2.08997925,62.6993775,0.0,0.0,0.0
24,17,June,11,fast,medium,3.983785749999999,119.51357249999998,0.0,0.0,0.0
24,17,June,12,fast,medium,3.983785749999999,119.51357249999998,0.0,0.0,0.0
24,23,June,7,fast,fast,0.14401833333333333,4.32055,0.0,0.0,0.0
24,23,June,8,fast,fast,0.14401833333333333,4.32055,0.0,0.0,0.0
24,25,June,7,fast,fast,0.24870858333333332,7.461257499999999,0.0,0.0,0.0
24,25,June,8,fast,fast,0.24870858333333332,7.461257499999999,0.0,0.0,0.0
25,18,April,17,fast,medium,7.637238929103368,229.11716787310104,0.0,0.0,0.0
25,18,April,17,fast,fast,25.0,750.0,0.0,0.0,0.0
25,18,April,21,medium,medium,4.288694050060322,128.66082150180966,0.0,0.0,0.0
25,18,August,17,fast,medium,7.637238929103368,236.75440680220441,0.0,0.0,0.0
25,18,August,17,fast,fast,25.0,775.0,0.0,0.0,0.0
25,18,December,17,fast,medium,7.637238929103368,236.75440680220441,0.0,0.0,0.0
25,18,December,17,fast,fast,25.0,775.0,0.0,0.0,0.0
25,18,February,17,fast,medium,7.637238929103368,213.84269001489432,0.0,0.0,0.0
25,18,February,17,fast,fast,25.0,700.0,0.0,0.0,0.0
25,18,January,17,fast,medium,7.637238929103368,236.75440680220441,0.0,0.0,0.0
25,18,January,17,fast,fast,25.0,775.0,0.0,0.0,0.0
25,18,July,17,fast,medium,7.637238929103368,236.75440680220441,0.0,0.0,0.0
25,18,July,17,fast,fast,25.0,775.0,0.0,0.0,0.0
25,18,June,9,fast,fast,0.14419099999999663,4.325729999999899,0.0,0.0,0.0
25,18,June,10,fast,fast,0.14419099999999663,4.325729999999899,0.0,0.0,0.0
25,18,June,11,fast,fast,4.119136368421062,123.57409105263186,0.0,0.0,0.0
25,18,June,17,fast,medium,3.228260481648494,96.84781444945483,0.0,0.0,0.0
25,18,June,17,fast,fast,25.0,750.0,0.0,0.0,0.0
25,18,June,21,medium,medium,7.431383050060312,222.94149150180937,0.0,0.0,0.0
25,18,March,17,fast,medium,7.637238929103368,236.75440680220441,0.0,0.0,0.0
25,18,March,17,fast,fast,25.0,775.0,0.0,0.0,0.0
25,18,May,17,medium,medium,0.9336989617817366,28.944667815233835,0.0,0.0,0.0
25,18,May,21,medium,medium,16.93018714683452,524.8358015518701,0.0,0.0,0.0
25,18,November,17,fast,medium,7.637238929103368,229.11716787310104,0.0,0.0,0.0
25,18,November,17,fast,fast,25.0,750.0,0.0,0.0,0.0
25,18,October,17,fast,medium,7.637238929103368,236.75440680220441,0.0,0.0,0.0
25,18,October,17,fast,fast,25.0,775.0,0.0,0.0,0.0
25,18,September,17,fast,medium,7.637238929103368,229.11716787310104,0.0,0.0,0.0
25,18,September,17,fast,fast,25.0,750.0,0.0,0.0,0.0
25,26,June,23,medium,medium,15.416353462472323,462.49060387416966,0.0,0.0,0.0
25,33,April,25,fast,fast,5.501226965828806,165.0368089748642,0.0,0.0,0.0
25,33,August,25,fast,fast,1.5478511593771813,47.98338594069262,0.0,0.0,0.0
25,33,June,24,medium,medium,3.5775938739995894,107.32781621998768,0.0,0.0,0.0
25,33,June,25,fast,medium,0.03320760922920645,0.9962282768761935,0.0,0.0,0.0
25,33,June,25,fast,fast,25.0,750.0,0.0,0.0,0.0
25,33,June,26,medium,medium,15.4360144768603,463.08043430580904,0.0,0.0,0.0
25,33,May,25,fast,fast,5.501226965828806,170.538035940693,0.0,0.0,0.0
25,33,September,25,fast,fast,5.501226965828806,165.0368089748642,0.0,0.0,0.0
26,33,June,25,medium,medium,7.03755552326648,211.1266656979944,0.0,0.0,0.0
26,34,April,17,fast,fast,3.5965715685851407,107.89714705755422,0.0,0.0,0.0
26,34,April,21,medium,medium,8.276153166666646,248.28459499999937,0.0,0.0,0.0
26,34,April,21,fast,fast,10.62126530756268,318.6379592268804,0.0,0.0,0.0
26,34,April,22,fast,fast,13.360421624374695,400.81264873124087,0.0,0.0,0.0
26,34,April,24,fast,medium,14.046340694632729,421.39022083898186,0.0,0.0,0.0
26,34,April,24,fast,fast,5.363364502787746,160.9009350836324,0.0,0.0,0.0
26,34,April,29,fast,fast,26.058301031953988,781.7490309586196,0.0,0.0,0.0
26,34,April,31,fast,fast,19.999999000000003,599.9999700000001,0.0,0.0,0.0
26,34,August,17,fast,fast,3.5965715685851407,111.49371862613935,0.0,0.0,0.0
26,34,August,23,fast,fast,0.4134802672200806,12.817888283822498,0.0,0.0,0.0
26,34,August,30,fast,fast,7.924244032258038,245.65156499999918,0.0,0.0,0.0
26,34,December,17,fast,fast,3.5965715685851407,111.49371862613935,0.0,0.0,0.0
26,34,February,17,fast,fast,3.5965715685851336,100.70400392038374,0.0,0.0,0.0
26,34,January,17,fast,fast,3.5965715685851407,111.49371862613935,0.0,0.0,0.0
26,34,July,17,fast,fast,3.5965715685851336,111.49371862613914,0.0,0.0,0.0
26,34,June,17,medium,medium,4.408978447454983,132.26935342364948,0.0,0.0,0.0
26,34,June,17,fast,fast,3.5965715685851336,107.89714705755401,0.0,0.0,0.0
26,34,June,21,fast,medium,7.795691131045501,233.87073393136504,0.0,0.0,0.0
26,34,June,21,fast,fast,15.195287008843877,455.8586102653163,0.0,0.0,0.0
26,34,June,22,fast,fast,9.868544957708025,296.05634873124075,0.0,0.0,0.0
26,34,June,24,fast,medium,13.866647249999978,415.99941749999937,0.0,0.0,0.0
26,34,June,24,fast,fast,5.363364502787746,160.9009350836324,0.0,0.0,0.0
26,34,June,27,fast,medium,20.45405456189275,613.6216368567825,0.0,0.0,0.0
26,34,June,29,fast,fast,27.345921462130548,820.3776438639164,0.0,0.0,0.0
26,34,June,31,fast,fast,8.013411903156765,240.40235709470295,0.0,0.0,0.0
26,34,June,32,fast,fast,3.3541744553405017,100.62523366021506,0.0,0.0,0.0
26,34,March,17,fast,fast,3.5965715685851407,111.49371862613935,0.0,0.0,0.0
26,34,March,30,fast,fast,0.31191895161287064,9.66948749999899,0.0,0.0,0.0
26,34,May,17,fast,medium,24.9651218548387,773.9187774999997,0.0,0.0,0.0
26,34,May,17,fast,fast,10.334989681068079,320.38468011311045,0.0,0.0,0.0
26,34,May,20,medium,medium,3.2550975208005113,100.90802314481584,0.0,0.0,0.0
26,34,May,21,fast,fast,15.195287008843884,471.0538972741604,0.0,0.0,0.0
26,34,May,24,fast,fast,5.3633645027877535,166.26429958642035,0.0,0.0,0.0
26,34,May,29,fast,fast,15.675465916007134,485.9394433962212,0.0,0.0,0.0
26,34,May,31,fast,fast,11.996613255731802,371.89501092768586,0.0,0.0,0.0
26,34,May,32,fast,fast,1.488627697906871,46.147458635113004,0.0,0.0,0.0
26,34,November,17,fast,fast,3.5965715685851407,107.89714705755422,0.0,0.0,0.0
26,34,October,17,fast,fast,3.5965715685851336,111.49371862613914,0.0,0.0,0.0
26,34,September,17,fast,fast,3.5965715685851336,107.89714705755401,0.0,0.0,0.0
26,34,September,23,fast,fast,1.8340349903383597,55.02104971015079,0.0,0.0,0.0
26,34,September,30,fast,fast,6.7110148333333015,201.33044499999903,0.0,0.0,0.0
27,34,April,14,fast,fast,8.028540684501955,240.85622053505864,0.0,0.0,0.0
27,34,April,15,fast,fast,9.252288883145752,277.56866649437256,0.0,0.0,0.0
27,34,April,21,fast,fast,4.574021701281197,137.2206510384359,0.0,0.0,0.0
27,34,April,32,fast,fast,1.533958927710259,46.01876783130777,0.0,0.0,0.0
27,34,August,14,fast,fast,8.028540684501955,248.8847612195606,0.0,0.0,0.0
27,34,August,15,fast,fast,9.252288883145752,286.8209553775183,0.0,0.0,0.0
27,34,December,14,fast,fast,8.028540684501955,248.8847612195606,0.0,0.0,0.0
27,34,December,15,fast,fast,9.252288883145752,286.8209553775183,0.0,0.0,0.0
27,34,February,14,fast,fast,8.028540684501955,224.79913916605474,0.0,0.0,0.0
27,34,February,15,fast,fast,9.252288883145752,259.06408872808106,0.0,0.0,0.0
27,34,January,14,fast,fast,8.028540684501955,248.8847612195606,0.0,0.0,0.0
27,34,January,15,fast,fast,9.252288883145752,286.8209553775183,0.0,0.0,0.0
27,34,July,14,fast,fast,8.028540684501955,248.8847612195606,0.0,0.0,0.0
27,34,July,15,fast,fast,9.252288883145752,286.8209553775183,0.0,0.0,0.0
27,34,June,14,fast,fast,8.028540684501955,240.85622053505864,0.0,0.0,0.0
27,34,June,15,fast,fast,9.252288883145752,277.56866649437256,0.0,0.0,0.0
27,34,June,21,medium,medium,2.0208932325311935,60.626796975935804,0.0,0.0,0.0
27,34,June,32,fast,fast,5.345730722369755,160.37192167109265,0.0,0.0,0.0
27,34,March,14,fast,fast,8.028540684501955,248.8847612195606,0.0,0.0,0.0
27,34,March,15,fast,fast,9.252288883145752,286.8209553775183,0.0,0.0,0.0
27,34,May,14,fast,fast,8.028540684501955,248.8847612195606,0.0,0.0,0.0
27,34,May,15,fast,fast,19.494929599362848,604.3428175802483,0.0,0.0,0.0
27,34,May,16,fast,fast,5.53790336357854,171.67500427093472,0.0,0.0,0.0
27,34,May,32,fast,fast,7.932374654534565,245.9036142905715,0.0,0.0,0.0
27,34,November,14,fast,fast,8.028540684501955,240.85622053505864,0.0,0.0,0.0
27,34,November,15,fast,fast,9.252288883145752,277.56866649437256,0.0,0.0,0.0
27,34,October,14,fast,fast,8.028540684501955,248.8847612195606,0.0,0.0,0.0
27,34,October,15,fast,fast,9.252288883145752,286.8209553775183,0.0,0.0,0.0
27,34,September,14,fast,fast,8.028540684501955,240.85622053505864,0.0,0.0,0.0
27,34,September,15,fast,fast,9.252288883145752,277.56866649437256,0.0,0.0,0.0
29,30,April,27,fast,fast,2.4441465667301756,73.32439700190527,0.0,0.0,0.0
29,30,April,28,fast,fast,8.277050810505486,248.31152431516458,0.0,0.0,0.0
29,30,April,33,fast,fast,4.5279986022542715,135.83995806762815,0.0,0.0,0.0
29,30,April,34,fast,fast,0.1,3.0,0.0,0.0,0.0
29,30,April,35,fast,fast,8.491703611274382,254.75110833823146,0.0,0.0,0.0
29,30,August,33,fast,fast,2.73491640067121,84.78240842080751,0.0,0.0,0.0
29,30,August,35,fast,fast,8.491703611274382,263.24281194950584,0.0,0.0,0.0
29,30,December,33,fast,fast,2.73491640067121,84.78240842080751,0.0,0.0,0.0
29,30,December,35,fast,fast,8.491703611274382,263.24281194950584,0.0,0.0,0.0
29,30,February,33,fast,fast,2.73491640067121,76.57765921879388,0.0,0.0,0.0
29,30,February,35,fast,fast,8.491703611274382,237.76770111568268,0.0,0.0,0.0
29,30,January,33,fast,fast,2.73491640067121,84.78240842080751,0.0,0.0,0.0
29,30,January,35,fast,fast,8.491703611274382,263.24281194950584,0.0,0.0,0.0
29,30,July,33,fast,fast,2.73491640067121,84.78240842080751,0.0,0.0,0.0
29,30,July,35,fast,fast,8.491703611274382,263.24281194950584,0.0,0.0,0.0
29,30,June,27,fast,fast,0.9669155667301723,29.00746700190517,0.0,0.0,0.0
29,30,June,28,fast,fast,9.499719810505482,284.99159431516443,0.0,0.0,0.0
29,30,June,30,fast,fast,5.198126330653658,155.94378991960974,0.0,0.0,0.0
29,30,June,32,fast,fast,12.525812252946974,375.77436758840923,0.0,0.0,0.0
29,30,June,33,fast,fast,17.338613494521265,520.158404835638,0.0,0.0,0.0
29,30,June,34,fast,fast,1.806149229295709,54.18447687887127,0.0,0.0,0.0
29,30,June,35,fast,fast,8.491703611274382,254.75110833823146,0.0,0.0,0.0
29,30,March,33,fast,fast,2.73491640067121,84.78240842080751,0.0,0.0,0.0
29,30,March,35,fast,fast,8.491703611274382,263.24281194950584,0.0,0.0,0.0
29,30,May,33,fast,fast,15.896328257962123,492.7861759968258,0.0,0.0,0.0
29,30,May,34,fast,fast,10.711011548707047,332.04135800991844,0.0,0.0,0.0
29,30,May,35,fast,fast,8.491703611274382,263.24281194950584,0.0,0.0,0.0
29,30,November,33,fast,fast,2.73491640067121,82.0474920201363,0.0,0.0,0.0
29,30,November,35,fast,fast,8.491703611274382,254.75110833823146,0.0,0.0,0.0
29,30,October,33,fast,fast,2.73491640067121,84.78240842080751,0.0,0.0,0.0
29,30,October,35,fast,fast,8.491703611274382,263.24281194950584,0.0,0.0,0.0
29,30,September,33,fast,fast,2.73491640067121,82.0474920201363,0.0,0.0,0.0
29,30,September,35,fast,fast,8.491703611274382,254.75110833823146,0.0,0.0,0.0
30,29,April,18,fast,fast,9.38957679782936,281.6873039348808,0.0,0.0,0.0
30,29,April,19,fast,fast,7.758710501915218,232.76131505745653,0.0,0.0,0.0
30,29,August,18,fast,fast,7.771322627283709,240.91100144579497,0.0,0.0,0.0
30,29,December,18,fast,fast,7.771322627283709,240.91100144579497,0.0,0.0,0.0
30,29,February,18,fast,fast,7.771322627283709,217.59703356394385,0.0,0.0,0.0
30,29,January,18,fast,fast,7.771322627283709,240.91100144579497,0.0,0.0,0.0
30,29,July,18,fast,fast,7.771322627283709,240.91100144579497,0.0,0.0,0.0
30,29,July,19,fast,fast,4.487482276108764,139.11195055937168,0.0,0.0,0.0
30,29,June,15,fast,fast,3.417552427027312,102.52657281081936,0.0,0.0,0.0
30,29,June,18,medium,medium,16.803205250000005,504.0961575000001,0.0,0.0,0.0
30,29,June,18,fast,fast,9.38957679782936,281.6873039348808,0.0,0.0,0.0
30,29,June,19,fast,medium,5.608562791406676,168.25688374220027,0.0,0.0,0.0
30,29,June,19,fast,fast,7.758710501915218,232.76131505745653,0.0,0.0,0.0
30,29,March,18,fast,fast,7.771322627283709,240.91100144579497,0.0,0.0,0.0
30,29,May,15,fast,fast,8.61400532658253,267.03416512405846,0.0,0.0,0.0
30,29,May,18,fast,medium,22.729552661290327,704.6161325000002,0.0,0.0,0.0
30,29,May,18,fast,fast,9.38957679782936,291.07688073271015,0.0,0.0,0.0
30,29,May,19,fast,fast,13.367273293321894,414.3854720929787,0.0,0.0,0.0
30,29,November,18,fast,fast,7.771322627283709,233.13967881851127,0.0,0.0,0.0
30,29,October,18,fast,fast,7.771322627283709,240.91100144579497,0.0,0.0,0.0
30,29,September,18,fast,fast,9.38957679782936,281.6873039348808,0.0,0.0,0.0
30,38,April,16,fast,fast,0.3027530047000795,9.082590141002385,0.0,0.0,0.0
30,38,August,16,fast,fast,0.3027530047000795,9.385343145702464,0.0,0.0,0.0
30,38,December,16,fast,fast,0.3027530047000795,9.385343145702464,0.0,0.0,0.0
30,38,February,16,fast,fast,0.3027530047000795,8.477084131602226,0.0,0.0,0.0
30,38,January,16,fast,fast,0.3027530047000795,9.385343145702464,0.0,0.0,0.0
30,38,July,16,fast,fast,0.3027530047000795,9.385343145702464,0.0,0.0,0.0
30,38,June,16,fast,fast,0.3027530047000795,9.082590141002385,0.0,0.0,0.0
30,38,June,37,fast,fast,0.4363637663475295,13.090912990425885,0.0,0.0,0.0
30,38,March,16,fast,fast,0.3027530047000795,9.385343145702464,0.0,0.0,0.0
30,38,May,15,fast,fast,0.7763087072183696,24.06556992376946,0.0,0.0,0.0
30,38,May,16,fast,fast,0.3027530047000795,9.385343145702464,0.0,0.0,0.0
30,38,May,37,fast,fast,1.2192131615088222,37.79560800677349,0.0,0.0,0.0
30,38,November,16,fast,fast,0.3027530047000795,9.082590141002385,0.0,0.0,0.0
30,38,October,16,fast,fast,0.3027530047000795,9.385343145702464,0.0,0.0,0.0
30,38,September,16,fast,fast,0.3027530047000795,9.082590141002385,0.0,0.0,0.0
32,24,April,17,medium,medium,4.451795910624298,133.55387731872895,0.0,0.0,0.0
32,24,August,17,medium,medium,4.451795910624298,138.00567322935325,0.0,0.0,0.0
32,24,December,17,medium,medium,4.451795910624298,138.00567322935325,0.0,0.0,0.0
32,24,February,17,medium,medium,4.451795910624298,124.65028549748035,0.0,0.0,0.0
32,24,January,17,medium,medium,4.451795910624298,138.00567322935325,0.0,0.0,0.0
32,24,July,17,medium,medium,4.451795910624298,138.00567322935325,0.0,0.0,0.0
32,24,June,17,medium,medium,4.451795910624298,133.55387731872895,0.0,0.0,0.0
32,24,March,17,medium,medium,4.451795910624298,138.00567322935325,0.0,0.0,0.0
32,24,May,17,medium,medium,4.451795910624298,138.00567322935325,0.0,0.0,0.0
32,24,November,17,medium,medium,4.451795910624298,133.55387731872895,0.0,0.0,0.0
32,24,October,17,medium,medium,4.451795910624298,138.00567322935325,0.0,0.0,0.0
32,24,September,17,medium,medium,4.451795910624298,133.55387731872895,0.0,0.0,0.0
32,25,June,12,fast,fast,0.30263377635259125,9.079013290577738,0.0,0.0,0.0
32,25,June,13,fast,fast,5.975199642115644,179.25598926346933,0.0,0.0,0.0
32,25,May,12,fast,fast,0.367916203771947,11.405402316930356,0.0,0.0,0.0
32,25,May,13,fast,fast,8.24005702921242,255.441767905585,0.0,0.0,0.0
33,25,April,16,fast,fast,23.978117850832994,719.3435355249899,0.0,0.0,0.0
33,25,April,17,fast,medium,8.975601402457741,269.2680420737322,0.0,0.0,0.0
33,25,April,17,fast,fast,25.0,750.0,0.0,0.0,0.0
33,25,April,18,medium,medium,3.9418053202861856,118.25415960858557,0.0,0.0,0.0
33,25,August,16,fast,fast,23.978117850832994,743.3216533758228,0.0,0.0,0.0
33,25,August,17,fast,medium,8.975601402457741,278.24364347618996,0.0,0.0,0.0
33,25,August,17,fast,fast,25.0,775.0,0.0,0.0,0.0
33,25,August,18,medium,medium,3.9418053202861856,122.19596492887175,0.0,0.0,0.0
33,25,December,16,fast,fast,23.978117850832994,743.3216533758228,0.0,0.0,0.0
33,25,December,17,fast,medium,8.975601402457741,278.24364347618996,0.0,0.0,0.0
33,25,December,17,fast,fast,25.0,775.0,0.0,0.0,0.0
33,25,December,18,medium,medium,3.9418053202861856,122.19596492887175,0.0,0.0,0.0
33,25,February,16,fast,fast,23.978117850832994,671.3872998233238,0.0,0.0,0.0
33,25,February,17,fast,medium,8.975601402457741,251.31683926881675,0.0,0.0,0.0
33,25,February,17,fast,fast,25.0,700.0,0.0,0.0,0.0
33,25,February,18,medium,medium,3.9418053202861856,110.3705489680132,0.0,0.0,0.0
33,25,January,16,fast,fast,23.978117850832994,743.3216533758228,0.0,0.0,0.0
33,25,January,17,fast,medium,8.975601402457741,278.24364347618996,0.0,0.0,0.0
33,25,January,17,fast,fast,25.0,775.0,0.0,0.0,0.0
33,25,January,18,medium,medium,3.9418053202861856,122.19596492887175,0.0,0.0,0.0
33,25,July,16,fast,fast,23.978117850832994,743.3216533758228,0.0,0.0,0.0
33,25,July,17,fast,medium,8.975601402457741,278.24364347618996,0.0,0.0,0.0
33,25,July,17,fast,fast,25.0,775.0,0.0,0.0,0.0
33,25,July,18,medium,medium,3.9418053202861856,122.19596492887175,0.0,0.0,0.0
33,25,June,16,fast,fast,23.978117850832994,719.3435355249899,0.0,0.0,0.0
33,25,June,17,fast,medium,4.566622955003538,136.99868865010615,0.0,0.0,0.0
33,25,June,17,fast,fast,25.0,750.0,0.0,0.0,0.0
33,25,June,18,medium,medium,3.9418053202861856,118.25415960858557,0.0,0.0,0.0
33,25,March,16,fast,fast,23.978117850832994,743.3216533758228,0.0,0.0,0.0
33,25,March,17,fast,medium,8.975601402457741,278.24364347618996,0.0,0.0,0.0
33,25,March,17,fast,fast,25.0,775.0,0.0,0.0,0.0
33,25,March,18,medium,medium,3.9418053202861856,122.19596492887175,0.0,0.0,0.0
33,25,May,16,fast,fast,23.978117850832994,743.3216533758228,0.0,0.0,0.0
33,25,May,17,medium,medium,2.2720614351361164,70.4339044892196,0.0,0.0,0.0
33,25,May,18,fast,medium,3.9418053202861856,122.19596492887175,0.0,0.0,0.0
33,25,November,16,fast,fast,23.978117850832994,719.3435355249899,0.0,0.0,0.0
33,25,November,17,fast,medium,8.975601402457741,269.2680420737322,0.0,0.0,0.0
33,25,November,17,fast,fast,25.0,750.0,0.0,0.0,0.0
33,25,November,18,medium,medium,3.9418053202861856,118.25415960858557,0.0,0.0,0.0
33,25,October,16,fast,fast,23.978117850832994,743.3216533758228,0.0,0.0,0.0
33,25,October,17,fast,medium,8.975601402457741,278.24364347618996,0.0,0.0,0.0
33,25,October,17,fast,fast,25.0,775.0,0.0,0.0,0.0
33,25,October,18,medium,medium,3.9418053202861856,122.19596492887175,0.0,0.0,0.0
33,25,September,16,fast,fast,23.978117850832994,719.3435355249899,0.0,0.0,0.0
33,25,September,17,fast,medium,8.975601402457741,269.2680420737322,0.0,0.0,0.0
33,25,September,17,fast,fast,25.0,750.0,0.0,0.0,0.0
33,25,September,18,medium,medium,3.9418053202861856,118.25415960858557,0.0,0.0,0.0
33,26,April,17,medium,medium,21.33129133045756,639.9387399137267,0.0,0.0,0.0
33,26,August,17,medium,medium,21.33129133045756,661.2700312441843,0.0,0.0,0.0
33,26,December,17,medium,medium,21.33129133045756,661.2700312441843,0.0,0.0,0.0
33,26,February,17,medium,medium,21.33129133045756,597.2761572528117,0.0,0.0,0.0
33,26,January,17,medium,medium,21.33129133045756,661.2700312441843,0.0,0.0,0.0
33,26,July,17,medium,medium,21.33129133045756,661.2700312441843,0.0,0.0,0.0
33,26,June,17,medium,medium,25.740269777912545,772.2080933373763,0.0,0.0,0.0
33,26,June,28,fast,fast,6.443624930700331,193.3087479210099,0.0,0.0,0.0
33,26,June,30,fast,fast,10.441527609865211,313.24582829595636,0.0,0.0,0.0
33,26,March,17,medium,medium,21.33129133045756,661.2700312441843,0.0,0.0,0.0
33,26,May,17,fast,medium,53.03483129777919,1644.079770231155,0.0,0.0,0.0
33,26,May,22,fast,medium,0.685681816485527,21.256136311051335,0.0,0.0,0.0
33,26,November,17,medium,medium,21.33129133045756,639.9387399137267,0.0,0.0,0.0
33,26,October,17,medium,medium,21.33129133045756,661.2700312441843,0.0,0.0,0.0
33,26,September,17,medium,medium,21.33129133045756,639.9387399137267,0.0,0.0,0.0
34,27,April,26,fast,medium,9.372848918686266,281.185467560588,0.0,0.0,0.0
34,27,April,33,medium,medium,1.802282537839126,54.06847613517378,0.0,0.0,0.0
34,27,April,34,fast,medium,12.755821372270681,382.67464116812044,0.0,0.0,0.0
34,27,August,26,fast,medium,7.112142310409881,220.4764116227063,0.0,0.0,0.0
34,27,August,33,medium,medium,1.802282537839126,55.87075867301291,0.0,0.0,0.0
34,27,August,34,fast,medium,12.755821372270681,395.4304625403911,0.0,0.0,0.0
34,27,December,26,fast,medium,6.40812641868623,198.65191897927312,0.0,0.0,0.0
34,27,December,33,medium,medium,1.802282537839126,55.87075867301291,0.0,0.0,0.0
34,27,December,34,fast,medium,12.755821372270681,395.4304625403911,0.0,0.0,0.0
34,27,February,26,fast,medium,5.0270742758290865,140.75807972321442,0.0,0.0,0.0
34,27,February,33,fast,medium,1.802282537839126,50.46391105949553,0.0,0.0,0.0
34,27,February,34,fast,medium,12.755821372270681,357.1629984235791,0.0,0.0,0.0
34,27,January,26,fast,medium,6.40812641868623,198.65191897927312,0.0,0.0,0.0
34,27,January,33,medium,medium,1.802282537839126,55.87075867301291,0.0,0.0,0.0
34,27,January,34,fast,medium,12.755821372270681,395.4304625403911,0.0,0.0,0.0
34,27,July,26,fast,medium,11.90812641868623,369.15191897927315,0.0,0.0,0.0
34,27,July,33,medium,medium,1.802282537839126,55.87075867301291,0.0,0.0,0.0
34,27,July,34,fast,medium,12.755821372270681,395.4304625403911,0.0,0.0,0.0
34,27,June,26,fast,medium,9.144526585352928,274.3357975605878,0.0,0.0,0.0
34,27,June,33,fast,medium,1.802282537839126,54.06847613517378,0.0,0.0,0.0
34,27,June,34,fast,medium,12.755821372270681,382.67464116812044,0.0,0.0,0.0
34,27,March,26,fast,medium,6.40812641868623,198.65191897927312,0.0,0.0,0.0
34,27,March,33,medium,medium,1.802282537839126,55.87075867301291,0.0,0.0,0.0
34,27,March,34,fast,medium,12.755821372270681,395.4304625403911,0.0,0.0,0.0
34,27,May,17,fast,medium,6.738418112482938,208.89096148697107,0.0,0.0,0.0
34,27,May,26,fast,medium,6.40812641868623,198.65191897927312,0.0,0.0,0.0
34,27,May,33,medium,medium,1.802282537839126,55.87075867301291,0.0,0.0,0.0
34,27,May,34,fast,medium,12.755821372270681,395.4304625403911,0.0,0.0,0.0
34,27,November,26,fast,medium,6.408126418685455,192.24379256056366,0.0,0.0,0.0
34,27,November,33,medium,medium,1.802282537839126,54.06847613517378,0.0,0.0,0.0
34,27,November,34,fast,medium,12.755821372270681,382.67464116812044,0.0,0.0,0.0
34,27,October,26,fast,medium,6.40812641868623,198.65191897927312,0.0,0.0,0.0
34,27,October,33,fast,medium,1.802282537839126,55.87075867301291,0.0,0.0,0.0
34,27,October,34,fast,medium,12.755821372270681,395.4304625403911,0.0,0.0,0.0
34,27,September,19,fast,medium,2.8874763893416073,86.62429168024822,0.0,0.0,0.0
34,27,September,26,fast,medium,9.000997427126853,270.02992281380557,0.0,0.0,0.0
34,27,September,33,medium,medium,1.802282537839126,54.06847613517378,0.0,0.0,0.0
34,27,September,34,fast,medium,12.755821372270681,382.67464116812044,0.0,0.0,0.0
34,42,April,19,medium,medium,2.95218,88.5654,0.0,0.0,0.0
34,42,August,19,medium,medium,1.138646955589312,35.298055623268674,0.0,0.0,0.0
34,42,February,26,medium,medium,1.381052142857143,38.66946,0.0,0.0,0.0
34,42,July,19,medium,medium,2.1448838709677416,66.49139999999998,0.0,0.0,0.0
34,42,June,19,medium,medium,2.9695240000000003,89.08572000000001,0.0,0.0,0.0
34,42,September,19,medium,medium,1.519114,45.57342,0.0,0.0,0.0
36,28,April,29,fast,fast,2.8728349736559693,86.18504920967908,0.0,0.0,0.0
36,28,March,29,fast,fast,2.1921960897530672,67.95807878234508,0.0,0.0,0.0
36,28,May,19,fast,fast,15.696168160084113,486.58121296260754,0.0,0.0,0.0
36,28,May,20,fast,fast,25.0,775.0,0.0,0.0,0.0
36,29,April,20,fast,fast,1.696047090785683,50.88141272357049,0.0,0.0,0.0
36,29,August,20,fast,fast,0.4700258402379234,14.570801047375625,0.0,0.0,0.0
36,29,December,20,fast,fast,0.4700258402379234,14.570801047375625,0.0,0.0,0.0
36,29,February,20,fast,fast,0.4700258402379234,13.160723526661855,0.0,0.0,0.0
36,29,January,20,fast,fast,0.4700258402379234,14.570801047375625,0.0,0.0,0.0
36,29,July,20,fast,fast,0.4700258402379234,14.570801047375625,0.0,0.0,0.0
36,29,June,20,fast,fast,1.696047090785683,50.88141272357049,0.0,0.0,0.0
36,29,March,20,fast,fast,0.4700258402379234,14.570801047375625,0.0,0.0,0.0
36,29,May,20,fast,fast,1.696047090785683,52.577459814356175,0.0,0.0,0.0
36,29,November,20,fast,fast,0.4700258402379234,14.100775207137701,0.0,0.0,0.0
36,29,October,20,fast,fast,0.4700258402379234,14.570801047375625,0.0,0.0,0.0
36,29,September,20,fast,fast,0.4700258402379234,14.100775207137701,0.0,0.0,0.0
38,30,April,18,medium,medium,4.506063772361912,135.18191317085737,0.0,0.0,0.0
38,30,April,30,fast,fast,0.684752276262131,20.54256828786393,0.0,0.0,0.0
38,30,August,18,medium,medium,4.506063772361912,139.68797694321927,0.0,0.0,0.0
38,30,December,18,medium,medium,4.506063772361912,139.68797694321927,0.0,0.0,0.0
38,30,February,18,fast,medium,4.506063772361912,126.16978562613355,0.0,0.0,0.0
38,30,January,18,medium,medium,4.506063772361912,139.68797694321927,0.0,0.0,0.0
38,30,July,18,fast,medium,4.506063772361912,139.68797694321927,0.0,0.0,0.0
38,30,June,18,fast,medium,4.506063772361912,135.18191317085737,0.0,0.0,0.0
38,30,March,18,medium,medium,4.506063772361912,139.68797694321927,0.0,0.0,0.0
38,30,May,18,medium,medium,4.506063772361912,139.68797694321927,0.0,0.0,0.0
38,30,November,18,medium,medium,4.506063772361912,135.18191317085737,0.0,0.0,0.0
38,30,October,18,fast,medium,4.506063772361912,139.68797694321927,0.0,0.0,0.0
38,30,September,18,fast,medium,4.506063772361912,135.18191317085737,0.0,0.0,0.0
39,40,April,19,fast,fast,0.9190103503790326,27.570310511370977,0.0,0.0,0.0
39,40,April,20,fast,medium,14.827074278274146,444.8122283482244,0.0,0.0,0.0
39,40,April,20,fast,fast,0.9584795589681789,28.754386769045368,0.0,0.0,0.0
39,40,April,21,fast,fast,1.3713506477564152,41.14051943269246,0.0,0.0,0.0
39,40,April,34,fast,fast,1.6448609317889336,49.34582795366801,0.0,0.0,0.0
39,40,July,20,fast,fast,9.041792304701943,280.2955614457602,0.0,0.0,0.0
39,40,July,21,fast,fast,12.219679633867276,378.8100686498856,0.0,0.0,0.0
39,40,June,19,fast,fast,1.2124130170457121,36.372390511371364,0.0,0.0,0.0
39,40,June,20,fast,fast,15.483479170575649,464.50437511726943,0.0,0.0,0.0
39,40,March,20,fast,fast,0.9584795589681789,29.712866328013547,0.0,0.0,0.0
39,40,September,20,fast,fast,0.9584795589681789,28.754386769045368,0.0,0.0,0.0
39,40,September,21,fast,fast,0.5452549672005809,16.357649016017426,0.0,0.0,0.0
39,48,April,16,medium,medium,10.936688471155549,328.10065413466646,0.0,0.0,0.0
39,48,August,16,medium,medium,10.936688471155549,339.037342605822,0.0,0.0,0.0
39,48,December,16,medium,medium,10.936688471155549,339.037342605822,0.0,0.0,0.0
39,48,February,16,medium,medium,10.936688471155549,306.22727719235536,0.0,0.0,0.0
39,48,January,16,medium,medium,10.936688471155549,339.037342605822,0.0,0.0,0.0
39,48,July,16,fast,medium,10.936688471155549,339.037342605822,0.0,0.0,0.0
39,48,June,16,medium,medium,10.936688471155549,328.10065413466646,0.0,0.0,0.0
39,48,March,16,fast,medium,10.936688471155549,339.037342605822,0.0,0.0,0.0
39,48,May,16,medium,medium,10.936688471155549,339.037342605822,0.0,0.0,0.0
39,48,November,16,medium,medium,10.936688471155549,328.10065413466646,0.0,0.0,0.0
39,48,October,16,medium,medium,10.936688471155549,339.037342605822,0.0,0.0,0.0
39,48,September,16,fast,medium,10.936688471155549,328.10065413466646,0.0,0.0,0.0
40,39,August,25,medium,medium,6.478692270845855,200.8394603962215,0.0,0.0,0.0
40,39,August,25,fast,fast,1.3287343161334917,41.19076380013824,0.0,0.0,0.0
40,39,August,27,fast,fast,0.2264155610905405,7.018882393806756,0.0,0.0,0.0
40,39,September,25,fast,fast,0.1,3.0,0.0,0.0,0.0
40,39,September,26,fast,fast,5.35240701874363,160.5722105623089,0.0,0.0,0.0
40,39,September,27,fast,fast,1.612802854226679,48.38408562680037,0.0,0.0,0.0
40,39,September,28,fast,fast,3.7177903438728848,111.53371031618654,0.0,0.0,0.0
40,48,April,16,fast,medium,5.479473000188875,164.38419000566626,0.0,0.0,0.0
40,48,August,16,medium,medium,5.479473000188875,169.86366300585513,0.0,0.0,0.0
40,48,December,16,medium,medium,5.479473000188875,169.86366300585513,0.0,0.0,0.0
40,48,February,16,medium,medium,5.479473000188875,153.4252440052885,0.0,0.0,0.0
40,48,January,16,fast,medium,5.479473000188875,169.86366300585513,0.0,0.0,0.0
40,48,July,16,fast,medium,5.479473000188875,169.86366300585513,0.0,0.0,0.0
40,48,June,16,medium,medium,5.479473000188875,164.38419000566626,0.0,0.0,0.0
40,48,March,16,medium,medium,5.479473000188875,169.86366300585513,0.0,0.0,0.0
40,48,May,16,fast,medium,5.479473000188875,169.86366300585513,0.0,0.0,0.0
40,48,November,16,medium,medium,5.479473000188875,164.38419000566626,0.0,0.0,0.0
40,48,October,16,fast,medium,5.479473000188875,169.86366300585513,0.0,0.0,0.0
40,48,September,16,medium,medium,5.479473000188875,164.38419000566626,0.0,0.0,0.0
41,42,April,18,fast,medium,7.213328569205196,216.39985707615585,0.0,0.0,0.0
41,42,April,20,fast,medium,2.95218,88.5654,0.0,0.0,0.0
41,42,April,21,fast,medium,2.5351329500433524,76.05398850130057,0.0,0.0,0.0
41,42,April,22,medium,medium,3.3221559999999997,99.66467999999999,0.0,0.0,0.0
41,42,August,18,medium,medium,7.213328569205196,223.61318564536106,0.0,0.0,0.0
41,42,December,18,fast,medium,7.213328569205196,223.61318564536106,0.0,0.0,0.0
41,42,February,18,fast,medium,7.213328569205196,201.97319993774548,0.0,0.0,0.0
41,42,January,18,medium,medium,7.213328569205196,223.61318564536106,0.0,0.0,0.0
41,42,July,18,medium,medium,7.213328569205203,223.61318564536128,0.0,0.0,0.0
41,42,June,18,medium,medium,7.213328569205203,216.39985707615608,0.0,0.0,0.0
41,42,June,20,fast,medium,2.9695240000000003,89.08572000000001,0.0,0.0,0.0
41,42,June,21,medium,medium,3.512622,105.37866,0.0,0.0,0.0
41,42,March,18,medium,medium,7.213328569205203,223.61318564536128,0.0,0.0,0.0
41,42,May,18,fast,medium,7.213328569205196,223.61318564536106,0.0,0.0,0.0
41,42,May,19,medium,medium,3.74857935483871,116.20596,0.0,0.0,0.0
41,42,May,20,medium,medium,3.74857935483871,116.20596,0.0,0.0,0.0
41,42,November,18,medium,medium,7.213328569205203,216.39985707615608,0.0,0.0,0.0
41,42,October,18,medium,medium,7.213328569205203,223.61318564536128,0.0,0.0,0.0
41,42,September,18,fast,medium,7.213328569205196,216.39985707615585,0.0,0.0,0.0
43,44,April,29,fast,fast,35.32833332313171,1059.8499996939513,0.0,0.0,0.0
43,44,April,30,fast,fast,4.806614042224076,144.19842126672228,0.0,0.0,0.0
43,44,August,29,fast,fast,20.601529342524373,638.6474096182556,0.0,0.0,0.0
43,44,July,29,fast,fast,20.601529342524373,638.6474096182556,0.0,0.0,0.0
43,44,June,29,fast,fast,20.601529342524373,618.0458802757312,0.0,0.0,0.0
43,44,May,29,fast,fast,16.73489305220179,518.7816846182556,0.0,0.0,0.0
43,44,September,29,fast,fast,20.601529342524373,618.0458802757312,0.0,0.0,0.0
43,50,April,16,fast,fast,0.12568135896836224,3.7704407690508672,0.0,0.0,0.0
43,50,April,17,fast,fast,2.506715844364386,75.20147533093159,0.0,0.0,0.0
43,50,April,18,fast,fast,0.9508416666666668,28.525250000000003,0.0,0.0,0.0
43,50,April,28,fast,fast,1.902113006249999,57.06339018749997,0.0,0.0,0.0
43,50,April,29,fast,fast,1.1361083333333333,34.08325,0.0,0.0,0.0
43,50,April,30,fast,fast,1.1361083333333333,34.08325,0.0,0.0,0.0
43,50,August,17,fast,fast,2.506715844364386,77.70819117529598,0.0,0.0,0.0
43,50,December,17,fast,fast,2.506715844364386,77.70819117529598,0.0,0.0,0.0
43,50,December,29,fast,fast,20.601529342524373,638.6474096182556,0.0,0.0,0.0
43,50,February,17,fast,fast,2.8469464285714285,79.7145,0.0,0.0,0.0
43,50,February,29,fast,fast,20.601529342524373,576.8428215906824,0.0,0.0,0.0
43,50,January,17,fast,fast,2.506715844364386,77.70819117529598,0.0,0.0,0.0
43,50,January,29,fast,fast,20.601529342524373,638.6474096182556,0.0,0.0,0.0
43,50,July,17,fast,fast,2.506715844364386,77.70819117529598,0.0,0.0,0.0
43,50,June,15,fast,fast,0.7401066666666667,22.203200000000002,0.0,0.0,0.0
43,50,June,16,fast,fast,0.40397279017796583,12.119183705338974,0.0,0.0,0.0
43,50,June,17,fast,fast,2.506715844364386,75.20147533093159,0.0,0.0,0.0
43,50,June,18,fast,fast,1.0914675000000003,32.74402500000001,0.0,0.0,0.0
43,50,March,15,fast,fast,0.2862685483870968,8.874325,0.0,0.0,0.0
43,50,March,16,fast,fast,0.2862685483870968,8.874325,0.0,0.0,0.0
43,50,March,17,fast,fast,2.506715844364386,77.70819117529598,0.0,0.0,0.0
43,50,March,18,fast,fast,0.5156790322580646,15.98605,0.0,0.0,0.0
43,50,March,29,fast,fast,20.601529342524373,638.6474096182556,0.0,0.0,0.0
43,50,May,15,fast,fast,0.7300076114629266,22.630235955350724,0.0,0.0,0.0
43,50,May,16,fast,fast,0.8441451612903226,26.1685,0.0,0.0,0.0
43,50,May,17,fast,fast,2.506715844364386,77.70819117529598,0.0,0.0,0.0
43,50,May,18,fast,fast,1.2462024193548387,38.632275,0.0,0.0,0.0
43,50,May,29,fast,fast,3.866636290322581,119.86572500000001,0.0,0.0,0.0
43,50,November,17,fast,fast,2.506715844364386,75.20147533093159,0.0,0.0,0.0
43,50,November,29,fast,fast,20.601529342524373,618.0458802757312,0.0,0.0,0.0
43,50,October,17,fast,fast,2.506715844364386,77.70819117529598,0.0,0.0,0.0
43,50,October,29,fast,fast,20.601529342524373,638.6474096182556,0.0,0.0,0.0
43,50,September,17,fast,fast,3.0082,90.246,0.0,0.0,0.0
43,51,March,19,medium,medium,3.3692943548387095,104.44812499999999,0.0,0.0,0.0
44,43,April,35,fast,fast,3.299074864944984,98.97224594834952,0.0,0.0,0.0
44,43,August,35,fast,fast,3.299074864944984,102.27132081329451,0.0,0.0,0.0
44,43,December,35,fast,fast,3.299074864944984,102.27132081329451,0.0,0.0,0.0
44,43,February,35,fast,fast,3.299074864944984,92.37409621845956,0.0,0.0,0.0
44,43,January,35,fast,fast,3.299074864944984,102.27132081329451,0.0,0.0,0.0
44,43,July,35,fast,fast,3.299074864944984,102.27132081329451,0.0,0.0,0.0
44,43,June,35,fast,fast,3.299074864944984,98.97224594834952,0.0,0.0,0.0
44,43,March,20,fast,fast,4.926129580082536,152.7100169825586,0.0,0.0,0.0
44,43,March,21,fast,fast,4.712926455976014,146.10072013525644,0.0,0.0,0.0
44,43,March,35,fast,fast,3.299074864944984,102.27132081329451,0.0,0.0,0.0
44,43,May,35,fast,fast,3.299074864944984,102.27132081329451,0.0,0.0,0.0
44,43,November,35,fast,fast,3.299074864944984,98.97224594834952,0.0,0.0,0.0
44,43,October,35,fast,fast,3.299074864944984,102.27132081329451,0.0,0.0,0.0
44,43,September,20,fast,fast,2.9276698628801654,87.83009588640496,0.0,0.0,0.0
44,43,September,35,fast,fast,3.299074864944984,98.97224594834952,0.0,0.0,0.0
44,52,April,19,fast,fast,10.264792670396503,307.9437801118951,0.0,0.0,0.0
45,44,April,28,fast,fast,4.262270179230768,127.86810537692304,0.0,0.0,0.0
45,44,August,28,fast,fast,4.262270179230768,132.1303755561538,0.0,0.0,0.0
45,44,December,28,fast,fast,4.262270179230768,132.1303755561538,0.0,0.0,0.0
45,44,February,28,fast,fast,4.262270179230768,119.3435650184615,0.0,0.0,0.0
45,44,January,28,fast,fast,4.262270179230768,132.1303755561538,0.0,0.0,0.0
45,44,July,28,fast,fast,4.262270179230768,132.1303755561538,0.0,0.0,0.0
45,44,June,27,fast,fast,16.546575128418084,496.3972538525425,0.0,0.0,0.0
45,44,June,28,fast,fast,36.615521113251724,1098.4656333975518,0.0,0.0,0.0
45,44,June,30,fast,fast,24.318906671556427,729.5672001466928,0.0,0.0,0.0
45,44,June,31,fast,fast,9.580880307011032,287.426409210331,0.0,0.0,0.0
45,44,June,32,fast,fast,7.117355911048151,213.52067733144452,0.0,0.0,0.0
45,44,June,33,fast,fast,1.1971169831640758,35.91350949492227,0.0,0.0,0.0
45,44,March,28,fast,fast,4.262270179230768,132.1303755561538,0.0,0.0,0.0
45,44,May,28,fast,fast,4.262270179230768,132.1303755561538,0.0,0.0,0.0
45,44,November,28,fast,fast,4.262270179230768,127.86810537692304,0.0,0.0,0.0
45,44,October,28,fast,fast,4.262270179230768,132.1303755561538,0.0,0.0,0.0
45,44,September,28,fast,fast,4.262270179230768,127.86810537692304,0.0,0.0,0.0
45,53,April,3,fast,fast,1.187102510764852,35.61307532294556,0.0,0.0,0.0
45,53,April,4,fast,fast,4.356889244334958,130.70667733004876,0.0,0.0,0.0
45,53,April,13,fast,fast,10.104685495,303.14056485,0.0,0.0,0.0
45,53,April,17,fast,fast,4.793038640369087,143.7911592110726,0.0,0.0,0.0
45,53,April,18,fast,fast,4.859656639377135,145.78969918131406,0.0,0.0,0.0
45,53,August,3,fast,fast,1.187102510764852,36.800177833710414,0.0,0.0,0.0
45,53,August,4,fast,fast,4.356889244334958,135.0635665743837,0.0,0.0,0.0
45,53,December,3,fast,fast,1.187102510764852,36.800177833710414,0.0,0.0,0.0
45,53,December,4,fast,fast,4.356889244334958,135.0635665743837,0.0,0.0,0.0
45,53,February,3,fast,fast,1.187102510764852,33.23887030141586,0.0,0.0,0.0
45,53,February,4,fast,fast,4.356889244334958,121.99289884137883,0.0,0.0,0.0
45,53,January,3,fast,fast,1.187102510764852,36.800177833710414,0.0,0.0,0.0
45,53,January,4,fast,fast,4.356889244334958,135.0635665743837,0.0,0.0,0.0
45,53,July,3,fast,fast,1.187102510764852,36.800177833710414,0.0,0.0,0.0
45,53,July,4,fast,fast,4.356889244334958,135.0635665743837,0.0,0.0,0.0
45,53,June,3,fast,fast,1.187102510764852,35.61307532294556,0.0,0.0,0.0
45,53,June,4,fast,fast,4.356889244334958,130.70667733004876,0.0,0.0,0.0
45,53,June,7,fast,fast,0.17005241666666665,5.1015725,0.0,0.0,0.0
45,53,June,13,fast,fast,23.576263911900526,707.2879173570158,0.0,0.0,0.0
45,53,June,17,fast,fast,3.1058211609991346,93.17463482997404,0.0,0.0,0.0
45,53,June,34,fast,fast,0.5928251820957544,17.78475546287263,0.0,0.0,0.0
45,53,March,3,fast,fast,1.187102510764852,36.800177833710414,0.0,0.0,0.0
45,53,March,4,fast,fast,4.356889244334958,135.0635665743837,0.0,0.0,0.0
45,53,May,3,fast,fast,1.187102510764852,36.800177833710414,0.0,0.0,0.0
45,53,May,4,fast,fast,4.356889244334958,135.0635665743837,0.0,0.0,0.0
45,53,November,3,fast,fast,1.187102510764852,35.61307532294556,0.0,0.0,0.0
45,53,November,4,fast,fast,4.356889244334958,130.70667733004876,0.0,0.0,0.0
45,53,October,3,fast,fast,1.187102510764852,36.800177833710414,0.0,0.0,0.0
45,53,October,4,fast,fast,4.356889244334958,135.0635665743837,0.0,0.0,0.0
45,53,September,3,fast,fast,1.187102510764852,35.61307532294556,0.0,0.0,0.0
45,53,September,4,fast,fast,4.356889244334958,130.70667733004876,0.0,0.0,0.0
47,46,April,15,fast,fast,6.8878441543703435,206.6353246311103,0.0,0.0,0.0
47,46,April,17,medium,medium,8.855377440273614,265.6613232082084,0.0,0.0,0.0
47,46,August,17,fast,medium,8.855377440273614,274.516700648482,0.0,0.0,0.0
47,46,December,17,fast,medium,8.855377440273614,274.516700648482,0.0,0.0,0.0
47,46,February,17,fast,medium,8.855377440273614,247.9505683276612,0.0,0.0,0.0
47,46,January,17,medium,medium,8.855377440273614,274.516700648482,0.0,0.0,0.0
47,46,July,17,medium,medium,8.855377440273614,274.516700648482,0.0,0.0,0.0
47,46,June,14,fast,fast,7.083687541864714,212.51062625594142,0.0,0.0,0.0
47,46,June,15,fast,fast,8.54228148775029,256.2684446325087,0.0,0.0,0.0
47,46,June,16,fast,fast,7.032269095226155,210.96807285678466,0.0,0.0,0.0
47,46,June,17,fast,medium,8.855377440273614,265.6613232082084,0.0,0.0,0.0
47,46,March,17,fast,medium,8.855377440273614,274.516700648482,0.0,0.0,0.0
47,46,May,15,fast,fast,5.556376692051369,172.24767745359244,0.0,0.0,0.0
47,46,May,16,fast,fast,7.032269095226155,218.0003419520108,0.0,0.0,0.0
47,46,May,17,fast,medium,8.855377440273614,274.516700648482,0.0,0.0,0.0
47,46,May,19,medium,medium,13.70363553828912,424.8127016869627,0.0,0.0,0.0
47,46,May,20,medium,medium,10.54649176247537,326.9412446367364,0.0,0.0,0.0
47,46,November,17,medium,medium,8.855377440273614,265.6613232082084,0.0,0.0,0.0
47,46,October,17,fast,medium,8.855377440273614,274.516700648482,0.0,0.0,0.0
47,46,September,17,fast,medium,8.855377440273614,265.6613232082084,0.0,0.0,0.0
48,39,April,25,fast,fast,1.4374645490640958,43.123936471922875,0.0,0.0,0.0
48,39,August,25,fast,fast,1.4374645490640958,44.56140102098697,0.0,0.0,0.0
48,39,December,25,fast,fast,1.4374645490640958,44.56140102098697,0.0,0.0,0.0
48,39,February,25,fast,fast,1.4374645490640958,40.24900737379468,0.0,0.0,0.0
48,39,January,25,fast,fast,1.4374645490640958,44.56140102098697,0.0,0.0,0.0
48,39,July,25,fast,fast,1.4374645490640958,44.56140102098697,0.0,0.0,0.0
48,39,June,25,fast,fast,2.7661988651975875,82.98596595592763,0.0,0.0,0.0
48,39,March,25,fast,fast,1.4374645490640958,44.56140102098697,0.0,0.0,0.0
48,39,May,25,fast,fast,1.4374645490640958,44.56140102098697,0.0,0.0,0.0
48,39,November,25,fast,fast,1.4374645490640958,43.123936471922875,0.0,0.0,0.0
48,39,October,25,fast,fast,1.4374645490640958,44.56140102098697,0.0,0.0,0.0
48,39,September,25,fast,fast,1.4374645490640958,43.123936471922875,0.0,0.0,0.0
48,40,April,24,fast,fast,1.4374645490640958,43.123936471922875,0.0,0.0,0.0
48,40,August,24,fast,fast,1.4374645490640958,44.56140102098697,0.0,0.0,0.0
48,40,December,24,fast,fast,1.4374645490640958,44.56140102098697,0.0,0.0,0.0
48,40,February,24,fast,fast,1.4374645490640958,40.24900737379468,0.0,0.0,0.0
48,40,January,24,fast,fast,1.4374645490640958,44.56140102098697,0.0,0.0,0.0
48,40,July,24,fast,medium,1.4374645490640958,44.56140102098697,0.0,0.0,0.0
48,40,June,24,fast,fast,5.485531549064099,164.56594647192298,0.0,0.0,0.0
48,40,June,25,fast,fast,2.931330350533173,87.9399105159952,0.0,0.0,0.0
48,40,March,24,medium,medium,1.4374645490640958,44.56140102098697,0.0,0.0,0.0
48,40,May,24,fast,fast,1.4374645490640958,44.56140102098697,0.0,0.0,0.0
48,40,November,24,fast,fast,1.4374645490640958,43.123936471922875,0.0,0.0,0.0
48,40,October,24,fast,fast,1.4374645490640958,44.56140102098697,0.0,0.0,0.0
48,40,September,24,fast,fast,1.4374645490640958,43.123936471922875,0.0,0.0,0.0
50,43,April,2,fast,medium,1.002375122423004,30.07125367269012,0.0,0.0,0.0
50,43,April,3,medium,medium,0.7557997298061849,22.673991894185548,0.0,0.0,0.0
50,43,April,34,fast,fast,1.9037130270610447,57.11139081183134,0.0,0.0,0.0
50,43,August,2,fast,medium,1.002375122423004,31.073628795113123,0.0,0.0,0.0
50,43,August,3,fast,fast,0.7557997298061849,23.429791623991733,0.0,0.0,0.0
50,43,August,34,fast,fast,1.9037130270610447,59.01510383889239,0.0,0.0,0.0
50,43,December,2,medium,medium,1.002375122423004,31.073628795113123,0.0,0.0,0.0
50,43,December,3,medium,medium,0.7557997298061849,23.429791623991733,0.0,0.0,0.0
50,43,December,34,fast,fast,1.9037130270610447,59.01510383889239,0.0,0.0,0.0
50,43,February,2,medium,medium,1.002375122423004,28.06650342784411,0.0,0.0,0.0
50,43,February,3,fast,fast,0.7557997298061849,21.162392434573178,0.0,0.0,0.0
50,43,February,34,fast,fast,1.9037130270610447,53.30396475770925,0.0,0.0,0.0
50,43,January,2,fast,medium,1.002375122423004,31.073628795113123,0.0,0.0,0.0
50,43,January,3,fast,medium,0.7557997298061849,23.429791623991733,0.0,0.0,0.0
50,43,January,34,fast,fast,1.9037130270610447,59.01510383889239,0.0,0.0,0.0
50,43,July,2,medium,medium,1.002375122423004,31.073628795113123,0.0,0.0,0.0
50,43,July,3,fast,fast,0.7557997298061849,23.429791623991733,0.0,0.0,0.0
50,43,July,34,fast,fast,1.9037130270610447,59.01510383889239,0.0,0.0,0.0
50,43,June,2,fast,medium,1.002375122423004,30.07125367269012,0.0,0.0,0.0
50,43,June,3,medium,medium,0.7557997298061849,22.673991894185548,0.0,0.0,0.0
50,43,June,34,fast,fast,1.9037130270610447,57.11139081183134,0.0,0.0,0.0
50,43,March,2,fast,medium,1.002375122423004,31.073628795113123,0.0,0.0,0.0
50,43,March,3,fast,medium,0.7557997298061849,23.429791623991733,0.0,0.0,0.0
50,43,March,25,fast,fast,2.6421831632653063,81.9076780612245,0.0,0.0,0.0
50,43,March,26,fast,fast,0.8013668367346939,24.84237193877551,0.0,0.0,0.0
50,43,March,34,fast,fast,1.9037130270610447,59.01510383889239,0.0,0.0,0.0
50,43,May,2,fast,fast,1.002375122423004,31.073628795113123,0.0,0.0,0.0
50,43,May,3,medium,medium,0.7557997298061849,23.429791623991733,0.0,0.0,0.0
50,43,May,34,fast,fast,1.9037130270610447,59.01510383889239,0.0,0.0,0.0
50,43,November,2,fast,medium,1.002375122423004,30.07125367269012,0.0,0.0,0.0
50,43,November,3,fast,medium,0.7557997298061849,22.673991894185548,0.0,0.0,0.0
50,43,November,34,fast,fast,1.9037130270610447,57.11139081183134,0.0,0.0,0.0
50,43,October,2,fast,medium,1.002375122423004,31.073628795113123,0.0,0.0,0.0
50,43,October,3,medium,medium,0.7557997298061849,23.429791623991733,0.0,0.0,0.0
50,43,October,34,fast,fast,1.9037130270610447,59.01510383889239,0.0,0.0,0.0
50,43,September,2,medium,medium,1.002375122423004,30.07125367269012,0.0,0.0,0.0
50,43,September,3,fast,fast,0.7557997298061849,22.673991894185548,0.0,0.0,0.0
50,43,September,34,fast,fast,1.9037130270610447,57.11139081183134,0.0,0.0,0.0
50,51,April,3,fast,medium,2.5949446983592495,77.84834095077748,0.0,0.0,0.0
50,51,August,3,medium,medium,2.5949446983592495,80.44328564913673,0.0,0.0,0.0
50,51,December,3,fast,medium,2.5949446983592495,80.44328564913673,0.0,0.0,0.0
50,51,February,3,medium,medium,2.5949446983592495,72.65845155405898,0.0,0.0,0.0
50,51,January,3,fast,medium,2.5949446983592495,80.44328564913673,0.0,0.0,0.0
50,51,July,3,fast,medium,2.5949446983592495,80.44328564913673,0.0,0.0,0.0
50,51,June,3,medium,medium,2.5949446983592495,77.84834095077748,0.0,0.0,0.0
50,51,March,3,medium,medium,2.5949446983592495,80.44328564913673,0.0,0.0,0.0
50,51,May,3,medium,medium,2.5949446983592495,80.44328564913673,0.0,0.0,0.0
50,51,November,3,medium,medium,2.5949446983592495,77.84834095077748,0.0,0.0,0.0
50,51,October,3,fast,medium,2.5949446983592495,80.44328564913673,0.0,0.0,0.0
50,51,September,3,fast,medium,2.5949446983592495,77.84834095077748,0.0,0.0,0.0
51,43,April,39,fast,fast,2.074027928666169,62.22083785998507,0.0,0.0,0.0
51,43,August,39,fast,fast,2.074027928666169,64.29486578865124,0.0,0.0,0.0
51,43,December,39,fast,fast,2.074027928666169,64.29486578865124,0.0,0.0,0.0
51,43,February,39,fast,fast,2.074027928666169,58.07278200265273,0.0,0.0,0.0
51,43,January,39,fast,fast,2.074027928666169,64.29486578865124,0.0,0.0,0.0
51,43,July,39,fast,fast,2.074027928666169,64.29486578865124,0.0,0.0,0.0
51,43,June,32,fast,fast,1.3779961920969992,41.33988576290997,0.0,0.0,0.0
51,43,June,38,fast,fast,1.8032000000000001,54.096000000000004,0.0,0.0,0.0
51,43,June,39,fast,fast,2.074027928666169,62.22083785998507,0.0,0.0,0.0
51,43,March,39,fast,fast,2.074027928666169,64.29486578865124,0.0,0.0,0.0
51,43,May,36,fast,fast,3.897379034287715,120.81875006291916,0.0,0.0,0.0
51,43,May,38,fast,fast,1.1709935483870968,36.3008,0.0,0.0,0.0
51,43,May,39,fast,fast,2.074027928666169,64.29486578865124,0.0,0.0,0.0
51,43,November,39,fast,fast,2.074027928666169,62.22083785998507,0.0,0.0,0.0
51,43,October,39,fast,fast,2.074027928666169,64.29486578865124,0.0,0.0,0.0
51,43,September,39,fast,fast,2.074027928666169,62.22083785998507,0.0,0.0,0.0
51,50,June,28,fast,fast,1.6169294208333325,48.50788262499997,0.0,0.0,0.0
51,50,June,29,fast,fast,1.2090541666666668,36.271625,0.0,0.0,0.0
51,50,June,30,fast,fast,1.2090541666666668,36.271625,0.0,0.0,0.0
51,50,June,32,fast,fast,0.9712758333333333,29.138275,0.0,0.0,0.0
52,44,April,23,fast,fast,12.062127433278171,361.86382299834514,0.0,0.0,0.0
52,44,April,32,fast,fast,3.2427320182737063,97.28196054821119,0.0,0.0,0.0
52,44,August,23,fast,fast,18.057448756019852,559.7809114366154,0.0,0.0,0.0
52,44,December,23,fast,fast,12.062127433278171,373.9259504316233,0.0,0.0,0.0
52,44,February,23,fast,fast,15.170067076135311,424.7618781317887,0.0,0.0,0.0
52,44,January,23,fast,fast,12.062127433278171,373.9259504316233,0.0,0.0,0.0
52,44,July,23,fast,fast,12.062127433278171,373.9259504316233,0.0,0.0,0.0
52,44,June,23,fast,fast,12.062127433278171,361.86382299834514,0.0,0.0,0.0
52,44,June,32,fast,fast,3.138131107225554,94.14393321676663,0.0,0.0,0.0
52,44,March,23,fast,fast,12.062127433278171,373.9259504316233,0.0,0.0,0.0
52,44,May,23,fast,fast,12.062127433278171,373.9259504316233,0.0,0.0,0.0
52,44,November,23,fast,fast,12.062127433278171,361.86382299834514,0.0,0.0,0.0
52,44,October,23,fast,fast,12.062127433278171,373.9259504316233,0.0,0.0,0.0
52,44,September,23,fast,fast,18.057448756019852,541.7234626805955,0.0,0.0,0.0
52,53,April,16,fast,fast,7.234889686478354,217.04669059435062,0.0,0.0,0.0
52,53,April,18,fast,fast,12.66743798829949,380.0231396489847,0.0,0.0,0.0
52,53,April,23,fast,fast,5.995321322741681,179.85963968225042,0.0,0.0,0.0
52,53,December,23,fast,fast,5.995321322741681,185.8549610049921,0.0,0.0,0.0
52,53,February,23,fast,fast,2.887381679884541,80.84668703676715,0.0,0.0,0.0
52,53,January,23,fast,fast,5.995321322741681,185.8549610049921,0.0,0.0,0.0
52,53,July,23,fast,fast,5.995321322741681,185.8549610049921,0.0,0.0,0.0
52,53,June,23,fast,fast,5.995321322741681,179.85963968225042,0.0,0.0,0.0
52,53,March,23,fast,fast,5.995321322741681,185.8549610049921,0.0,0.0,0.0
52,53,March,24,fast,fast,0.11330310297216428,3.5123961921370928,0.0,0.0,0.0
52,53,May,23,fast,fast,5.995321322741681,185.8549610049921,0.0,0.0,0.0
52,53,November,23,fast,fast,5.995321322741681,179.85963968225042,0.0,0.0,0.0
52,53,October,23,fast,fast,5.995321322741681,185.8549610049921,0.0,0.0,0.0
53,52,April,27,fast,fast,1.5137171627962296,45.41151488388689,0.0,0.0,0.0
53,52,April,30,fast,fast,11.400967271402198,342.0290181420659,0.0,0.0,0.0
53,52,April,31,fast,fast,0.8413102048929666,25.239306146788998,0.0,0.0,0.0
53,52,August,30,fast,fast,0.1,3.1,0.0,0.0,0.0
53,52,December,30,fast,fast,0.1,3.1,0.0,0.0,0.0
53,52,February,30,fast,fast,0.1,2.8000000000000003,0.0,0.0,0.0
53,52,January,30,fast,fast,0.1,3.1,0.0,0.0,0.0
53,52,July,30,fast,fast,0.1,3.1,0.0,0.0,0.0
53,52,June,30,fast,fast,13.254146435382726,397.6243930614818,0.0,0.0,0.0
53,52,June,31,fast,fast,5.0455589548929645,151.36676864678893,0.0,0.0,0.0
53,52,March,30,fast,fast,0.1,3.1,0.0,0.0,0.0
53,52,May,30,fast,fast,0.1,3.1,0.0,0.0,0.0
53,52,November,30,fast,fast,0.1,3.0,0.0,0.0,0.0
53,52,October,30,fast,fast,0.1,3.1,0.0,0.0,0.0
53,52,September,30,fast,fast,0.1,3.0,0.0,0.0,0.0
54,55,April,30,fast,medium,7.049916393797269,211.49749181391806,0.0,0.0,0.0
54,55,April,31,medium,medium,1.2448820000000005,37.346460000000015,0.0,0.0,0.0
54,55,April,31,fast,fast,14.61498084615715,438.4494253847145,0.0,0.0,0.0
54,55,April,32,fast,fast,0.6290479349729807,18.871438049189422,0.0,0.0,0.0
54,55,April,34,fast,fast,9.210863999999999,276.32592,0.0,0.0,0.0
54,55,April,35,fast,fast,2.1002397487500017,63.00719246250005,0.0,0.0,0.0
54,55,April,36,fast,fast,2.0600970000000003,61.80291000000001,0.0,0.0,0.0
54,55,August,31,fast,fast,0.6112200152973823,18.94782047421885,0.0,0.0,0.0
54,55,August,32,fast,fast,0.6290479349729807,19.500485984162403,0.0,0.0,0.0
54,55,August,34,fast,fast,5.675000667043427,175.92502067834624,0.0,0.0,0.0
54,55,August,35,fast,fast,0.22887146262789315,7.095015341464688,0.0,0.0,0.0
54,55,July,22,fast,fast,1.951222171140408,60.48788730535265,0.0,0.0,0.0
54,55,July,25,fast,fast,4.860020002972497,150.6606200921474,0.0,0.0,0.0
54,55,July,26,fast,fast,0.7143381694077,22.1444832516387,0.0,0.0,0.0
54,55,July,31,fast,fast,8.514240239543716,263.9414474258552,0.0,0.0,0.0
54,55,July,32,fast,fast,0.6290479349729807,19.500485984162403,0.0,0.0,0.0
54,55,July,34,fast,fast,5.675000667043427,175.92502067834624,0.0,0.0,0.0
54,55,July,35,fast,fast,0.22887146262789315,7.095015341464688,0.0,0.0,0.0
54,55,June,30,fast,medium,10.21934889379725,306.5804668139175,0.0,0.0,0.0
54,55,June,31,fast,medium,5.227854499999999,156.83563499999997,0.0,0.0,0.0
54,55,June,31,fast,fast,14.61498084615715,438.4494253847145,0.0,0.0,0.0
54,55,June,32,fast,fast,0.6290479349729807,18.871438049189422,0.0,0.0,0.0
54,55,June,34,fast,fast,7.360442999999989,220.81328999999968,0.0,0.0,0.0
54,55,June,35,fast,fast,4.9962095995037,149.886287985111,0.0,0.0,0.0
54,55,June,36,fast,fast,6.0857797036620145,182.57339110986044,0.0,0.0,0.0
54,55,March,32,fast,fast,1.8724170967741838,58.044929999999695,0.0,0.0,0.0
54,55,May,31,fast,fast,14.61498084615715,453.06440623087167,0.0,0.0,0.0
54,55,May,32,fast,fast,0.6290479349729807,19.500485984162403,0.0,0.0,0.0
54,55,May,34,fast,fast,10.392375348985428,322.1636358185483,0.0,0.0,0.0
54,55,May,35,fast,fast,4.22772751101499,131.0595528414647,0.0,0.0,0.0
54,55,September,25,fast,fast,4.473779050156727,134.21337150470183,0.0,0.0,0.0
54,55,September,32,fast,fast,0.6290479349729807,18.871438049189422,0.0,0.0,0.0
55,54,April,17,fast,fast,3.3341785593527433,100.0253567805823,0.0,0.0,0.0
55,54,April,18,fast,fast,2.182302511543053,65.46907534629159,0.0,0.0,0.0
55,54,April,23,fast,fast,13.02468157560353,390.7404472681059,0.0,0.0,0.0
55,54,August,23,fast,fast,8.28428957560353,256.81297684370946,0.0,0.0,0.0
55,54,December,23,fast,fast,8.28428957560353,256.81297684370946,0.0,0.0,0.0
55,54,February,18,fast,fast,1.3172169074353377,36.882073408189456,0.0,0.0,0.0
55,54,February,23,fast,fast,8.28428957560353,231.96010811689885,0.0,0.0,0.0
55,54,February,28,fast,fast,0.3246371678825559,9.089840700711566,0.0,0.0,0.0
55,54,January,23,medium,medium,8.28428957560353,256.81297684370946,0.0,0.0,0.0
55,54,July,17,fast,fast,1.8682451355446847,57.91559920188523,0.0,0.0,0.0
55,54,July,18,fast,fast,0.5614630992701262,17.40535607737391,0.0,0.0,0.0
55,54,July,23,fast,fast,8.28428957560353,256.81297684370946,0.0,0.0,0.0
55,54,June,9,fast,fast,2.4029227795833337,72.08768338750001,0.0,0.0,0.0
55,54,June,10,fast,fast,2.08997925,62.6993775,0.0,0.0,0.0
55,54,June,23,fast,medium,12.285963075603533,368.57889226810596,0.0,0.0,0.0
55,54,March,17,fast,fast,1.3129101774249623,40.70021550017383,0.0,0.0,0.0
55,54,March,18,fast,fast,1.3172169074353377,40.83372413049547,0.0,0.0,0.0
55,54,March,23,fast,fast,8.28428957560353,256.81297684370946,0.0,0.0,0.0
55,54,May,23,fast,fast,8.28428957560353,256.81297684370946,0.0,0.0,0.0
55,54,November,23,fast,fast,8.28428957560353,248.5286872681059,0.0,0.0,0.0
55,54,October,23,medium,medium,8.28428957560353,256.81297684370946,0.0,0.0,0.0
55,54,September,17,fast,fast,3.3341785593527433,100.0253567805823,0.0,0.0,0.0
55,54,September,18,fast,fast,1.3172169074353377,39.51650722306013,0.0,0.0,0.0
55,54,September,23,fast,fast,8.28428957560353,248.5286872681059,0.0,0.0,0.0
