iteration,Month,TimeIndex,objective_SEK,theta_SEK,violation_SEK,positive_rows,n_arcs,n_vars,status,termination,dual_rhs_current_SEK,dual_selection
1,January,1,0.0,0.0,0.0,0,0,0,ok,empty_zero_redirection,,
1,January,2,0.0,0.0,0.0,1,90,810,ok,optimal,0.0,standard_primal_shadow_dual
1,January,3,18.400088916855207,0.0,18.400088916855207,3,92,828,ok,optimal,18.400088916855207,standard_primal_shadow_dual
1,January,4,135.0635665743837,0.0,135.0635665743837,1,90,810,ok,optimal,135.0635665743837,standard_primal_shadow_dual
1,January,5,0.0,0.0,0.0,0,0,0,ok,empty_zero_redirection,,
1,January,6,0.0,0.0,0.0,0,0,0,ok,empty_zero_redirection,,
1,January,7,0.0,0.0,0.0,0,0,0,ok,empty_zero_redirection,,
1,January,8,0.0,0.0,0.0,0,0,0,ok,empty_zero_redirection,,
1,January,9,0.0,0.0,0.0,0,0,0,ok,empty_zero_redirection,,
1,January,10,0.0,0.0,0.0,0,0,0,ok,empty_zero_redirection,,
1,January,11,0.0,0.0,0.0,0,0,0,ok,empty_zero_redirection,,
1,January,12,0.0,0.0,0.0,0,0,0,ok,empty_zero_redirection,,
1,January,13,0.0,0.0,0.0,0,0,0,ok,empty_zero_redirection,,
1,January,14,0.0,0.0,0.0,1,126,1134,ok,optimal,0.0,standard_primal_shadow_dual
1,January,15,0.0,0.0,0.0,1,126,1134,ok,optimal,0.0,standard_primal_shadow_dual
1,January,16,331.68737436991745,0.0,331.68737436991745,7,130,1170,ok,optimal,331.68737436991745,standard_primal_shadow_dual
1,January,17,794.5120469974984,0.0,794.5120469974984,12,130,1170,ok,optimal,794.5120469974984,standard_primal_shadow_dual
1,January,18,722.5909450697327,0.0,722.5909450697327,6,130,1170,ok,optimal,722.5909450697327,standard_primal_shadow_dual
1,January,19,549.0374915964671,0.0,549.0374915964671,3,130,1170,ok,optimal,549.0374915964671,standard_primal_shadow_dual
1,January,20,597.4041678724187,0.0,597.4041678724187,2,130,1170,ok,optimal,597.4041678724187,standard_primal_shadow_dual
1,January,21,0.0,0.0,0.0,0,0,0,ok,empty_zero_redirection,,
1,January,22,0.0,0.0,0.0,0,0,0,ok,empty_zero_redirection,,
1,January,23,1624.1391606494747,0.0,1624.1391606494747,6,126,1134,ok,optimal,1624.1391606494747,standard_primal_shadow_dual
1,January,24,684.8470394982224,0.0,684.8470394982224,4,126,1134,ok,optimal,684.8470394982224,standard_primal_shadow_dual
1,January,25,44.56140102098697,0.0,44.56140102098697,2,118,1062,ok,optimal,44.56140102098697,standard_primal_shadow_dual
1,January,26,315.337562005966,0.0,315.337562005966,2,122,1098,ok,optimal,315.337562005966,standard_primal_shadow_dual
1,January,27,924.9030111826316,0.0,924.9030111826316,3,120,1080,ok,optimal,924.9030111826316,standard_primal_shadow_dual
1,January,28,2010.9455307958535,0.0,2010.9455307958535,6,122,1098,ok,optimal,2010.9455307958535,standard_primal_shadow_dual
1,January,29,0.0,0.0,0.0,1,124,1116,ok,optimal,0.0,standard_primal_shadow_dual
1,January,30,406.1693496819524,0.0,406.1693496819524,4,122,1098,ok,optimal,406.1693496819524,standard_primal_shadow_dual
1,January,31,122.76852671067472,0.0,122.76852671067472,2,126,1134,ok,optimal,122.76852671067472,standard_primal_shadow_dual
1,January,32,0.0,0.0,0.0,0,0,0,ok,empty_zero_redirection,,
1,January,33,184.12395275101895,0.0,184.12395275101895,5,124,1116,ok,optimal,184.12395275101895,standard_primal_shadow_dual
1,January,34,159.6216457665907,0.0,159.6216457665907,5,128,1152,ok,optimal,159.6216457665907,standard_primal_shadow_dual
1,January,35,263.24281194950584,0.0,263.24281194950584,3,124,1116,ok,optimal,263.24281194950584,standard_primal_shadow_dual
1,January,36,467.9562982564369,0.0,467.9562982564369,1,120,1080,ok,optimal,467.9562982564369,standard_primal_shadow_dual
1,January,37,0.0,0.0,0.0,0,0,0,ok,empty_zero_redirection,,
1,January,38,10.842144687459532,0.0,10.842144687459532,1,112,1008,ok,optimal,10.842144687459532,standard_primal_shadow_dual
1,January,39,0.0,0.0,0.0,1,106,954,ok,optimal,0.0,standard_primal_shadow_dual
1,January,40,0.0,0.0,0.0,0,0,0,ok,empty_zero_redirection,,
1,January,41,0.0,0.0,0.0,0,0,0,ok,empty_zero_redirection,,
1,January,42,0.0,0.0,0.0,0,0,0,ok,empty_zero_redirection,,
1,January,43,0.0,0.0,0.0,0,0,0,ok,empty_zero_redirection,,
1,January,44,0.0,0.0,0.0,0,0,0,ok,empty_zero_redirection,,
1,January,45,0.0,0.0,0.0,0,0,0,ok,empty_zero_redirection,,
1,January,46,0.0,0.0,0.0,0,0,0,ok,empty_zero_redirection,,
1,January,47,0.0,0.0,0.0,0,0,0,ok,empty_zero_redirection,,
1,January,48,0.0,0.0,0.0,0,0,0,ok,empty_zero_redirection,,
1,February,1,0.0,0.0,0.0,0,0,0,ok,empty_zero_redirection,,
1,February,2,0.0,0.0,0.0,1,90,810,ok,optimal,0.0,standard_primal_shadow_dual
1,February,3,33.23887030141586,0.0,33.23887030141586,3,92,828,ok,optimal,33.23887030141586,standard_primal_shadow_dual
1,February,4,60.996449420689416,0.0,60.996449420689416,1,90,810,ok,optimal,60.996449420689416,standard_primal_shadow_dual
1,February,5,0.0,0.0,0.0,0,0,0,ok,empty_zero_redirection,,
1,February,6,0.0,0.0,0.0,0,0,0,ok,empty_zero_redirection,,
1,February,7,0.0,0.0,0.0,0,0,0,ok,empty_zero_redirection,,
1,February,8,0.0,0.0,0.0,0,0,0,ok,empty_zero_redirection,,
1,February,9,0.0,0.0,0.0,0,0,0,ok,empty_zero_redirection,,
1,February,10,0.0,0.0,0.0,0,0,0,ok,empty_zero_redirection,,
1,February,11,0.0,0.0,0.0,0,0,0,ok,empty_zero_redirection,,
1,February,12,0.0,0.0,0.0,0,0,0,ok,empty_zero_redirection,,
1,February,13,0.0,0.0,0.0,0,0,0,ok,empty_zero_redirection,,
1,February,14,112.39956958302618,0.0,112.39956958302618,1,126,1134,ok,optimal,112.39956958302618,standard_primal_shadow_dual
1,February,15,129.53204436404033,0.0,129.53204436404033,1,126,1134,ok,optimal,129.53204436404033,standard_primal_shadow_dual
1,February,16,18.731848166954578,0.0,18.731848166954578,7,130,1170,ok,optimal,18.731848166954578,standard_primal_shadow_dual
1,February,17,50.35200196019177,0.0,50.35200196019177,12,130,1170,ok,optimal,50.35200196019177,standard_primal_shadow_dual
1,February,18,18.441036704094728,0.0,18.441036704094728,7,130,1170,ok,optimal,18.441036704094728,standard_primal_shadow_dual
1,February,19,0.0,0.0,0.0,3,130,1170,ok,optimal,0.0,standard_primal_shadow_dual
1,February,20,269.79543065206,0.0,269.79543065206,2,130,1170,ok,optimal,269.79543065206,standard_primal_shadow_dual
1,February,21,0.0,0.0,0.0,0,0,0,ok,empty_zero_redirection,,
1,February,22,0.0,0.0,0.0,0,0,0,ok,empty_zero_redirection,,
1,February,23,1235.0042950503685,0.0,1235.0042950503685,6,126,1134,ok,optimal,1235.0042950503685,standard_primal_shadow_dual
1,February,24,1217.5310180537026,0.0,1217.5310180537026,5,126,1134,ok,optimal,1217.5310180537026,standard_primal_shadow_dual
1,February,25,149.45386862379308,0.0,149.45386862379308,2,118,1062,ok,optimal,149.45386862379308,standard_primal_shadow_dual
1,February,26,374.5347936089223,0.0,374.5347936089223,3,122,1098,ok,optimal,374.5347936089223,standard_primal_shadow_dual
1,February,27,380.06952759877436,0.0,380.06952759877436,3,120,1080,ok,optimal,380.06952759877436,standard_primal_shadow_dual
1,February,28,1053.803846645497,0.0,1053.803846645497,8,122,1098,ok,optimal,1053.803846645497,standard_primal_shadow_dual
1,February,29,0.0,0.0,0.0,2,124,1116,ok,optimal,0.0,standard_primal_shadow_dual
1,February,30,650.5687499619971,0.0,650.5687499619971,5,122,1098,ok,optimal,650.5687499619971,standard_primal_shadow_dual
1,February,31,110.88770154507438,0.0,110.88770154507438,2,126,1134,ok,optimal,110.88770154507438,standard_primal_shadow_dual
1,February,32,0.0,0.0,0.0,0,0,0,ok,empty_zero_redirection,,
1,February,33,38.28882960939694,0.0,38.28882960939694,6,124,1116,ok,optimal,38.28882960939694,standard_primal_shadow_dual
1,February,34,205.23348159063582,0.0,205.23348159063582,4,128,1152,ok,optimal,205.23348159063582,standard_primal_shadow_dual
1,February,35,425.3501966443744,0.0,425.3501966443744,3,124,1116,ok,optimal,425.3501966443744,standard_primal_shadow_dual
1,February,36,211.33510243839086,0.0,211.33510243839086,1,120,1080,ok,optimal,211.33510243839086,standard_primal_shadow_dual
1,February,37,0.0,0.0,0.0,0,0,0,ok,empty_zero_redirection,,
1,February,38,9.792904878995706,0.0,9.792904878995706,1,112,1008,ok,optimal,9.792904878995706,standard_primal_shadow_dual
1,February,39,58.07278200265273,0.0,58.07278200265273,1,106,954,ok,optimal,58.07278200265273,standard_primal_shadow_dual
1,February,40,0.0,0.0,0.0,0,0,0,ok,empty_zero_redirection,,
1,February,41,0.0,0.0,0.0,0,0,0,ok,empty_zero_redirection,,
1,February,42,0.0,0.0,0.0,0,0,0,ok,empty_zero_redirection,,
1,February,43,0.0,0.0,0.0,0,0,0,ok,empty_zero_redirection,,
1,February,44,0.0,0.0,0.0,0,0,0,ok,empty_zero_redirection,,
1,February,45,0.0,0.0,0.0,0,0,0,ok,empty_zero_redirection,,
1,February,46,0.0,0.0,0.0,0,0,0,ok,empty_zero_redirection,,
1,February,47,0.0,0.0,0.0,0,0,0,ok,empty_zero_redirection,,
1,February,48,0.0,0.0,0.0,0,0,0,ok,empty_zero_redirection,,
1,March,1,0.0,0.0,0.0,0,0,0,ok,empty_zero_redirection,,
1,March,2,15.536814397556562,0.0,15.536814397556562,1,90,810,ok,optimal,15.536814397556562,standard_primal_shadow_dual
1,March,3,0.0,0.0,0.0,3,92,828,ok,optimal,0.0,standard_primal_shadow_dual
1,March,4,0.0,0.0,0.0,1,90,810,ok,optimal,0.0,standard_primal_shadow_dual
1,March,5,0.0,0.0,0.0,0,0,0,ok,empty_zero_redirection,,
1,March,6,0.0,0.0,0.0,0,0,0,ok,empty_zero_redirection,,
1,March,7,0.0,0.0,0.0,0,0,0,ok,empty_zero_redirection,,
1,March,8,0.0,0.0,0.0,0,0,0,ok,empty_zero_redirection,,
1,March,9,0.0,0.0,0.0,0,0,0,ok,empty_zero_redirection,,
1,March,10,0.0,0.0,0.0,0,0,0,ok,empty_zero_redirection,,
1,March,11,0.0,0.0,0.0,0,0,0,ok,empty_zero_redirection,,
1,March,12,0.0,0.0,0.0,0,0,0,ok,empty_zero_redirection,,
1,March,13,0.0,0.0,0.0,0,0,0,ok,empty_zero_redirection,,
1,March,14,124.44238060977898,0.0,124.44238060977898,1,126,1134,ok,optimal,124.44238060977898,standard_primal_shadow_dual
1,March,15,0.0,0.0,0.0,3,126,1134,ok,optimal,0.0,standard_primal_shadow_dual
1,March,16,332.5421945100715,0.0,332.5421945100715,8,130,1170,ok,optimal,332.5421945100715,standard_primal_shadow_dual
1,March,17,937.6187350884184,0.0,937.6187350884184,13,130,1170,ok,optimal,937.6187350884184,standard_primal_shadow_dual
1,March,18,260.1434776661167,0.0,260.1434776661167,8,130,1170,ok,optimal,260.1434776661167,standard_primal_shadow_dual
1,March,19,752.5986802685293,0.0,752.5986802685293,4,130,1170,ok,optimal,752.5986802685293,standard_primal_shadow_dual
1,March,20,111.94811495116916,0.0,111.94811495116916,6,130,1170,ok,optimal,111.94811495116916,standard_primal_shadow_dual
1,March,21,219.68268119408518,0.0,219.68268119408518,2,130,1170,ok,optimal,219.68268119408518,standard_primal_shadow_dual
1,March,22,0.0,0.0,0.0,1,128,1152,ok,optimal,0.0,standard_primal_shadow_dual
1,March,23,110.95775600552327,0.0,110.95775600552327,8,126,1134,ok,optimal,110.95775600552327,standard_primal_shadow_dual
1,March,24,1338.3226459943226,0.0,1338.3226459943226,6,126,1134,ok,optimal,1338.3226459943226,standard_primal_shadow_dual
1,March,25,271.0177879067853,0.0,271.0177879067853,3,118,1062,ok,optimal,271.0177879067853,standard_primal_shadow_dual
1,March,26,453.6630119896238,0.0,453.6630119896238,4,122,1098,ok,optimal,453.6630119896238,standard_primal_shadow_dual
1,March,27,958.1942738812751,0.0,958.1942738812751,3,120,1080,ok,optimal,958.1942738812751,standard_primal_shadow_dual
1,March,28,965.009960350587,0.0,965.009960350587,6,122,1098,ok,optimal,965.009960350587,standard_primal_shadow_dual
1,March,29,236.9830099384916,0.0,236.9830099384916,3,124,1116,ok,optimal,236.9830099384916,standard_primal_shadow_dual
1,March,30,1152.0569647863967,0.0,1152.0569647863967,5,122,1098,ok,optimal,1152.0569647863967,standard_primal_shadow_dual
1,March,31,181.29851507421319,0.0,181.29851507421319,3,126,1134,ok,optimal,181.29851507421319,standard_primal_shadow_dual
1,March,32,0.0,0.0,0.0,0,0,0,ok,empty_zero_redirection,,
1,March,33,229.61515696142246,0.0,229.61515696142246,6,124,1116,ok,optimal,229.61515696142246,standard_primal_shadow_dual
1,March,34,543.8876493253983,0.0,543.8876493253983,7,128,1152,ok,optimal,543.8876493253983,standard_primal_shadow_dual
1,March,35,365.51413276280033,0.0,365.51413276280033,3,124,1116,ok,optimal,365.51413276280033,standard_primal_shadow_dual
1,March,36,233.97814912821846,0.0,233.97814912821846,1,120,1080,ok,optimal,233.97814912821846,standard_primal_shadow_dual
1,March,37,3.7163037125697973,0.0,3.7163037125697973,1,108,972,ok,optimal,3.7163037125697973,standard_primal_shadow_dual
1,March,38,60.43428937491906,0.0,60.43428937491906,3,112,1008,ok,optimal,60.43428937491906,standard_primal_shadow_dual
1,March,39,64.29486578865124,0.0,64.29486578865124,1,106,954,ok,optimal,64.29486578865124,standard_primal_shadow_dual
1,March,40,0.0,0.0,0.0,0,0,0,ok,empty_zero_redirection,,
1,March,41,0.0,0.0,0.0,0,0,0,ok,empty_zero_redirection,,
1,March,42,0.0,0.0,0.0,0,0,0,ok,empty_zero_redirection,,
1,March,43,0.0,0.0,0.0,0,0,0,ok,empty_zero_redirection,,
1,March,44,0.0,0.0,0.0,0,0,0,ok,empty_zero_redirection,,
1,March,45,0.0,0.0,0.0,0,0,0,ok,empty_zero_redirection,,
1,March,46,0.0,0.0,0.0,0,0,0,ok,empty_zero_redirection,,
1,March,47,0.0,0.0,0.0,0,0,0,ok,empty_zero_redirection,,
1,March,48,0.0,0.0,0.0,0,0,0,ok,empty_zero_redirection,,
1,April,1,0.0,0.0,0.0,0,0,0,ok,empty_zero_redirection,,
1,April,2,15.03562683634506,0.0,15.03562683634506,1,90,810,ok,optimal,15.03562683634506,standard_primal_shadow_dual
1,April,3,68.0677040839543,0.0,68.0677040839543,3,92,828,ok,optimal,68.0677040839543,standard_primal_shadow_dual
1,April,4,130.70667733004876,0.0,130.70667733004876,1,90,810,ok,optimal,130.70667733004876,standard_primal_shadow_dual
1,April,5,0.0,0.0,0.0,0,0,0,ok,empty_zero_redirection,,
1,April,6,0.0,0.0,0.0,0,0,0,ok,empty_zero_redirection,,
1,April,7,0.0,0.0,0.0,0,0,0,ok,empty_zero_redirection,,
1,April,8,0.0,0.0,0.0,0,0,0,ok,empty_zero_redirection,,
1,April,9,0.0,0.0,0.0,0,0,0,ok,empty_zero_redirection,,
1,April,10,0.0,0.0,0.0,0,0,0,ok,empty_zero_redirection,,
1,April,11,14.894100000000003,0.0,14.894100000000003,1,80,720,ok,optimal,14.894100000000003,standard_primal_shadow_dual
1,April,12,0.0,0.0,0.0,0,0,0,ok,empty_zero_redirection,,
1,April,13,303.14056485,0.0,303.14056485,2,118,1062,ok,optimal,303.14056485,standard_primal_shadow_dual
1,April,14,240.85622053505654,0.0,240.85622053505654,1,126,1134,ok,optimal,240.85622053505654,standard_primal_shadow_dual
1,April,15,484.2039911254799,0.0,484.2039911254799,3,126,1134,ok,optimal,484.2039911254799,standard_primal_shadow_dual
1,April,16,579.0013921830553,0.0,579.0013921830553,8,130,1170,ok,optimal,579.0013921830553,standard_primal_shadow_dual
1,April,17,887.3208490207769,0.0,887.3208490207769,15,130,1170,ok,optimal,887.3208490207769,standard_primal_shadow_dual
1,April,18,685.0795295261158,0.0,685.0795295261158,10,130,1170,ok,optimal,685.0795295261158,standard_primal_shadow_dual
1,April,19,771.6465340812862,0.0,771.6465340812862,8,130,1170,ok,optimal,771.6465340812862,standard_primal_shadow_dual
1,April,20,507.7960756839867,0.0,507.7960756839867,8,130,1170,ok,optimal,507.7960756839867,standard_primal_shadow_dual
1,April,21,933.6959334091347,0.0,933.6959334091347,9,130,1170,ok,optimal,933.6959334091347,standard_primal_shadow_dual
1,April,22,770.0074234942795,0.0,770.0074234942795,6,128,1152,ok,optimal,770.0074234942795,standard_primal_shadow_dual
1,April,23,767.9549304714712,0.0,767.9549304714712,7,126,1134,ok,optimal,767.9549304714712,standard_primal_shadow_dual
1,April,24,544.1217853406808,0.0,544.1217853406808,8,126,1134,ok,optimal,544.1217853406808,standard_primal_shadow_dual
1,April,25,1134.8996468951973,0.0,1134.8996468951973,6,118,1062,ok,optimal,1134.8996468951973,standard_primal_shadow_dual
1,April,26,448.7471978208829,0.0,448.7471978208829,6,122,1098,ok,optimal,448.7471978208829,standard_primal_shadow_dual
1,April,27,1397.0434970050906,0.0,1397.0434970050906,7,120,1080,ok,optimal,1397.0434970050906,standard_primal_shadow_dual
1,April,28,1612.9193867141266,0.0,1612.9193867141266,11,122,1098,ok,optimal,1612.9193867141266,standard_primal_shadow_dual
1,April,29,1172.4246701486477,0.0,1172.4246701486477,10,124,1116,ok,optimal,1172.4246701486477,standard_primal_shadow_dual
1,April,30,1624.6174607895543,0.0,1624.6174607895543,10,122,1098,ok,optimal,1624.6174607895543,standard_primal_shadow_dual
1,April,31,676.6454028159993,0.0,676.6454028159993,9,126,1134,ok,optimal,676.6454028159993,standard_primal_shadow_dual
1,April,32,444.1913318575546,0.0,444.1913318575546,7,126,1134,ok,optimal,444.1913318575546,standard_primal_shadow_dual
1,April,33,351.31706475348847,0.0,351.31706475348847,6,124,1116,ok,optimal,351.31706475348847,standard_primal_shadow_dual
1,April,34,587.3489556669442,0.0,587.3489556669442,10,128,1152,ok,optimal,587.3489556669442,standard_primal_shadow_dual
1,April,35,1071.9569199701702,0.0,1071.9569199701702,6,124,1116,ok,optimal,1071.9569199701702,standard_primal_shadow_dual
1,April,36,476.49922629655185,0.0,476.49922629655185,4,120,1080,ok,optimal,476.49922629655185,standard_primal_shadow_dual
1,April,37,0.0,0.0,0.0,2,108,972,ok,optimal,0.0,standard_primal_shadow_dual
1,April,38,10.492398084638257,0.0,10.492398084638257,3,112,1008,ok,optimal,10.492398084638257,standard_primal_shadow_dual
1,April,39,62.22083785998507,0.0,62.22083785998507,1,106,954,ok,optimal,62.22083785998507,standard_primal_shadow_dual
1,April,40,0.0,0.0,0.0,0,0,0,ok,empty_zero_redirection,,
1,April,41,0.0,0.0,0.0,0,0,0,ok,empty_zero_redirection,,
1,April,42,0.0,0.0,0.0,0,0,0,ok,empty_zero_redirection,,
1,April,43,0.0,0.0,0.0,0,0,0,ok,empty_zero_redirection,,
1,April,44,0.0,0.0,0.0,0,0,0,ok,empty_zero_redirection,,
1,April,45,0.0,0.0,0.0,0,0,0,ok,empty_zero_redirection,,
1,April,46,0.0,0.0,0.0,0,0,0,ok,empty_zero_redirection,,
1,April,47,0.0,0.0,0.0,0,0,0,ok,empty_zero_redirection,,
1,April,48,0.0,0.0,0.0,0,0,0,ok,empty_zero_redirection,,
1,May,1,0.0,0.0,0.0,0,0,0,ok,empty_zero_redirection,,
1,May,2,0.0,0.0,0.0,1,90,810,ok,optimal,0.0,standard_primal_shadow_dual
1,May,3,18.400088916855207,0.0,18.400088916855207,3,92,828,ok,optimal,18.400088916855207,standard_primal_shadow_dual
1,May,4,135.0635665743837,0.0,135.0635665743837,1,90,810,ok,optimal,135.0635665743837,standard_primal_shadow_dual
1,May,5,0.0,0.0,0.0,0,0,0,ok,empty_zero_redirection,,
1,May,6,0.0,0.0,0.0,0,0,0,ok,empty_zero_redirection,,
1,May,7,0.0,0.0,0.0,0,0,0,ok,empty_zero_redirection,,
1,May,8,0.0,0.0,0.0,0,0,0,ok,empty_zero_redirection,,
1,May,9,0.0,0.0,0.0,0,0,0,ok,empty_zero_redirection,,
1,May,10,0.0,0.0,0.0,0,0,0,ok,empty_zero_redirection,,
1,May,11,0.0,0.0,0.0,1,80,720,ok,optimal,0.0,standard_primal_shadow_dual
1,May,12,11.405402316930385,0.0,11.405402316930385,1,96,864,ok,optimal,11.405402316930385,standard_primal_shadow_dual
1,May,13,0.0,0.0,0.0,1,118,1062,ok,optimal,0.0,standard_primal_shadow_dual
1,May,14,124.4423806097792,0.0,124.4423806097792,1,126,1134,ok,optimal,124.4423806097792,standard_primal_shadow_dual
1,May,15,1037.0121232349106,0.0,1037.0121232349106,7,126,1134,ok,optimal,1037.0121232349106,standard_primal_shadow_dual
1,May,16,944.9601822125297,0.0,944.9601822125297,11,130,1170,ok,optimal,944.9601822125297,standard_primal_shadow_dual
1,May,17,2271.5778629619435,0.0,2271.5778629619435,15,130,1170,ok,optimal,2271.5778629619435,standard_primal_shadow_dual
1,May,18,1585.7966998606548,0.0,1585.7966998606548,10,130,1170,ok,optimal,1585.7966998606548,standard_primal_shadow_dual
1,May,19,1308.9372346756047,0.0,1308.9372346756047,15,130,1170,ok,optimal,1308.9372346756047,standard_primal_shadow_dual
1,May,20,1825.155598374022,0.0,1825.155598374022,12,130,1170,ok,optimal,1825.155598374022,standard_primal_shadow_dual
1,May,21,362.6176975531523,0.0,362.6176975531523,9,130,1170,ok,optimal,362.6176975531523,standard_primal_shadow_dual
1,May,22,615.6140045631363,0.0,615.6140045631363,7,128,1152,ok,optimal,615.6140045631363,standard_primal_shadow_dual
1,May,23,813.6234228342278,0.0,813.6234228342278,7,126,1134,ok,optimal,813.6234228342278,standard_primal_shadow_dual
1,May,24,620.3079677042758,0.0,620.3079677042758,6,126,1134,ok,optimal,620.3079677042758,standard_primal_shadow_dual
1,May,25,129.83041899133335,0.0,129.83041899133335,5,118,1062,ok,optimal,129.83041899133335,standard_primal_shadow_dual
1,May,26,1222.6521289246741,0.0,1222.6521289246741,5,122,1098,ok,optimal,1222.6521289246741,standard_primal_shadow_dual
1,May,27,454.0825253972861,0.0,454.0825253972861,4,120,1080,ok,optimal,454.0825253972861,standard_primal_shadow_dual
1,May,28,2073.494768946841,0.0,2073.494768946841,8,122,1098,ok,optimal,2073.494768946841,standard_primal_shadow_dual
1,May,29,807.8403536769698,0.0,807.8403536769698,8,124,1116,ok,optimal,807.8403536769698,standard_primal_shadow_dual
1,May,30,245.7198415981585,0.0,245.7198415981585,7,122,1098,ok,optimal,245.7198415981585,standard_primal_shadow_dual
1,May,31,1489.5906494615062,0.0,1489.5906494615062,7,126,1134,ok,optimal,1489.5906494615062,standard_primal_shadow_dual
1,May,32,355.29821078859186,0.0,355.29821078859186,7,126,1134,ok,optimal,355.29821078859186,standard_primal_shadow_dual
1,May,33,1047.3922790193064,0.0,1047.3922790193064,6,124,1116,ok,optimal,1047.3922790193064,standard_primal_shadow_dual
1,May,34,1220.1638535000848,0.0,1220.1638535000848,9,128,1152,ok,optimal,1220.1638535000848,standard_primal_shadow_dual
1,May,35,760.8064053243338,0.0,760.8064053243338,7,124,1116,ok,optimal,760.8064053243338,standard_primal_shadow_dual
1,May,36,287.17359287821847,0.0,287.17359287821847,4,120,1080,ok,optimal,287.17359287821847,standard_primal_shadow_dual
1,May,37,282.5936080067788,0.0,282.5936080067788,4,108,972,ok,optimal,282.5936080067788,standard_primal_shadow_dual
1,May,38,255.71104468746486,0.0,255.71104468746486,4,112,1008,ok,optimal,255.71104468746486,standard_primal_shadow_dual
1,May,39,32.14743289432562,0.0,32.14743289432562,1,106,954,ok,optimal,32.14743289432562,standard_primal_shadow_dual
1,May,40,3.1,0.0,3.1,1,112,1008,ok,optimal,3.1,standard_primal_shadow_dual
1,May,41,0.0,0.0,0.0,0,0,0,ok,empty_zero_redirection,,
1,May,42,0.0,0.0,0.0,0,0,0,ok,empty_zero_redirection,,
1,May,43,0.0,0.0,0.0,0,0,0,ok,empty_zero_redirection,,
1,May,44,0.0,0.0,0.0,0,0,0,ok,empty_zero_redirection,,
1,May,45,0.0,0.0,0.0,0,0,0,ok,empty_zero_redirection,,
1,May,46,0.0,0.0,0.0,0,0,0,ok,empty_zero_redirection,,
1,May,47,0.0,0.0,0.0,0,0,0,ok,empty_zero_redirection,,
1,May,48,0.0,0.0,0.0,0,0,0,ok,empty_zero_redirection,,
1,June,1,0.0,0.0,0.0,0,0,0,ok,empty_zero_redirection,,
1,June,2,0.0,0.0,0.0,1,90,810,ok,optimal,0.0,standard_primal_shadow_dual
1,June,3,17.80653766147278,0.0,17.80653766147278,3,92,828,ok,optimal,17.80653766147278,standard_primal_shadow_dual
1,June,4,130.70667733004876,0.0,130.70667733004876,1,90,810,ok,optimal,130.70667733004876,standard_primal_shadow_dual
1,June,5,0.0,0.0,0.0,0,0,0,ok,empty_zero_redirection,,
1,June,6,0.0,0.0,0.0,0,0,0,ok,empty_zero_redirection,,
1,June,7,6.504183824445147,0.0,6.504183824445147,6,24,216,ok,optimal,6.504183824445147,standard_primal_shadow_dual
1,June,8,0.0,0.0,0.0,4,20,180,ok,optimal,0.0,standard_primal_shadow_dual
1,June,9,52.90387219168127,0.0,52.90387219168127,4,32,288,ok,optimal,52.90387219168127,standard_primal_shadow_dual
1,June,10,0.0,0.0,0.0,4,32,288,ok,optimal,0.0,standard_primal_shadow_dual
1,June,11,209.33416802170714,0.0,209.33416802170714,5,80,720,ok,optimal,209.33416802170714,standard_primal_shadow_dual
1,June,12,59.75678625,0.0,59.75678625,2,96,864,ok,optimal,59.75678625,standard_primal_shadow_dual
1,June,13,179.25598926346942,0.0,179.25598926346942,4,118,1062,ok,optimal,179.25598926346942,standard_primal_shadow_dual
1,June,14,232.9296483954998,0.0,232.9296483954998,3,126,1134,ok,optimal,232.9296483954998,standard_primal_shadow_dual
1,June,15,468.51926428510285,0.0,468.51926428510285,4,126,1134,ok,optimal,468.51926428510285,standard_primal_shadow_dual
1,June,16,618.7689018588023,0.0,618.7689018588023,9,130,1170,ok,optimal,618.7689018588023,standard_primal_shadow_dual
1,June,17,1091.1360261993336,0.0,1091.1360261993336,15,130,1170,ok,optimal,1091.1360261993336,standard_primal_shadow_dual
1,June,18,668.9172958557382,0.0,668.9172958557382,9,130,1170,ok,optimal,668.9172958557382,standard_primal_shadow_dual
1,June,19,121.07250184132674,0.0,121.07250184132674,11,130,1170,ok,optimal,121.07250184132674,standard_primal_shadow_dual
1,June,20,763.4129526217065,0.0,763.4129526217065,9,130,1170,ok,optimal,763.4129526217065,standard_primal_shadow_dual
1,June,21,252.98830476320174,0.0,252.98830476320174,9,130,1170,ok,optimal,252.98830476320174,standard_primal_shadow_dual
1,June,22,65.71749470622635,0.0,65.71749470622635,8,128,1152,ok,optimal,65.71749470622635,standard_primal_shadow_dual
1,June,23,1139.9744892492722,0.0,1139.9744892492722,11,126,1134,ok,optimal,1139.9744892492722,standard_primal_shadow_dual
1,June,24,1155.1997304436527,0.0,1155.1997304436527,9,126,1134,ok,optimal,1155.1997304436527,standard_primal_shadow_dual
1,June,25,1490.2703917628016,0.0,1490.2703917628016,10,118,1062,ok,optimal,1490.2703917628016,standard_primal_shadow_dual
1,June,26,782.3687553521562,0.0,782.3687553521562,9,122,1098,ok,optimal,782.3687553521562,standard_primal_shadow_dual
1,June,27,495.5872594558423,0.0,495.5872594558423,10,120,1080,ok,optimal,495.5872594558423,standard_primal_shadow_dual
1,June,28,1231.2165421123627,0.0,1231.2165421123627,11,122,1098,ok,optimal,1231.2165421123627,standard_primal_shadow_dual
1,June,29,1433.2461188274199,0.0,1433.2461188274199,11,124,1116,ok,optimal,1433.2461188274199,standard_primal_shadow_dual
1,June,30,1908.1908981421293,0.0,1908.1908981421293,13,122,1098,ok,optimal,1908.1908981421293,standard_primal_shadow_dual
1,June,31,1418.1722886569562,0.0,1418.1722886569562,10,126,1134,ok,optimal,1418.1722886569562,standard_primal_shadow_dual
1,June,32,1085.3388094706486,0.0,1085.3388094706486,12,126,1134,ok,optimal,1085.3388094706486,standard_primal_shadow_dual
1,June,33,547.7790707888008,0.0,547.7790707888008,8,124,1116,ok,optimal,547.7790707888008,standard_primal_shadow_dual
1,June,34,618.0995134956183,0.0,618.0995134956183,9,128,1152,ok,optimal,618.0995134956183,standard_primal_shadow_dual
1,June,35,87.1413275,0.0,87.1413275,6,124,1116,ok,optimal,87.1413275,standard_primal_shadow_dual
1,June,36,393.7110048744857,0.0,393.7110048744857,3,120,1080,ok,optimal,393.7110048744857,standard_primal_shadow_dual
1,June,37,25.457925245212945,0.0,25.457925245212945,3,108,972,ok,optimal,25.457925245212945,standard_primal_shadow_dual
1,June,38,29.404866834638263,0.0,29.404866834638263,3,112,1008,ok,optimal,29.404866834638263,standard_primal_shadow_dual
1,June,39,0.0,0.0,0.0,1,106,954,ok,optimal,0.0,standard_primal_shadow_dual
1,June,40,0.0,0.0,0.0,0,0,0,ok,empty_zero_redirection,,
1,June,41,0.0,0.0,0.0,0,0,0,ok,empty_zero_redirection,,
1,June,42,0.0,0.0,0.0,0,0,0,ok,empty_zero_redirection,,
1,June,43,0.0,0.0,0.0,0,0,0,ok,empty_zero_redirection,,
1,June,44,0.0,0.0,0.0,0,0,0,ok,empty_zero_redirection,,
1,June,45,0.0,0.0,0.0,0,0,0,ok,empty_zero_redirection,,
1,June,46,0.0,0.0,0.0,0,0,0,ok,empty_zero_redirection,,
1,June,47,0.0,0.0,0.0,0,0,0,ok,empty_zero_redirection,,
1,June,48,0.0,0.0,0.0,0,0,0,ok,empty_zero_redirection,,
1,July,1,0.0,0.0,0.0,0,0,0,ok,empty_zero_redirection,,
1,July,2,0.0,0.0,0.0,1,90,810,ok,optimal,0.0,standard_primal_shadow_dual
1,July,3,51.93653863656423,0.0,51.93653863656423,3,92,828,ok,optimal,51.93653863656423,standard_primal_shadow_dual
1,July,4,135.0635665743837,0.0,135.0635665743837,1,90,810,ok,optimal,135.0635665743837,standard_primal_shadow_dual
1,July,5,0.0,0.0,0.0,0,0,0,ok,empty_zero_redirection,,
1,July,6,0.0,0.0,0.0,0,0,0,ok,empty_zero_redirection,,
1,July,7,0.0,0.0,0.0,0,0,0,ok,empty_zero_redirection,,
1,July,8,0.0,0.0,0.0,0,0,0,ok,empty_zero_redirection,,
1,July,9,0.0,0.0,0.0,0,0,0,ok,empty_zero_redirection,,
1,July,10,0.0,0.0,0.0,0,0,0,ok,empty_zero_redirection,,
1,July,11,50.99825625000001,0.0,50.99825625000001,1,80,720,ok,optimal,50.99825625000001,standard_primal_shadow_dual
1,July,12,0.0,0.0,0.0,0,0,0,ok,empty_zero_redirection,,
1,July,13,0.0,0.0,0.0,1,118,1062,ok,optimal,0.0,standard_primal_shadow_dual
1,July,14,124.44238060978009,0.0,124.44238060978009,1,126,1134,ok,optimal,124.44238060978009,standard_primal_shadow_dual
1,July,15,0.0,0.0,0.0,1,126,1134,ok,optimal,0.0,standard_primal_shadow_dual
1,July,16,247.01299356194778,0.0,247.01299356194778,7,130,1170,ok,optimal,247.01299356194778,standard_primal_shadow_dual
1,July,17,713.0005559863259,0.0,713.0005559863259,13,130,1170,ok,optimal,713.0005559863259,standard_primal_shadow_dual
1,July,18,281.7447255762904,0.0,281.7447255762904,7,130,1170,ok,optimal,281.7447255762904,standard_primal_shadow_dual
1,July,19,31.8604625,0.0,31.8604625,6,130,1170,ok,optimal,31.8604625,standard_primal_shadow_dual
1,July,20,942.2411536565634,0.0,942.2411536565634,6,130,1170,ok,optimal,942.2411536565634,standard_primal_shadow_dual
1,July,21,571.344485519028,0.0,571.344485519028,2,130,1170,ok,optimal,571.344485519028,standard_primal_shadow_dual
1,July,22,391.94966164161275,0.0,391.94966164161275,2,128,1152,ok,optimal,391.94966164161275,standard_primal_shadow_dual
1,July,23,813.6234228342278,0.0,813.6234228342278,8,126,1134,ok,optimal,813.6234228342278,standard_primal_shadow_dual
1,July,24,671.3596510003035,0.0,671.3596510003035,5,126,1134,ok,optimal,671.3596510003035,standard_primal_shadow_dual
1,July,25,25.380700510493487,0.0,25.380700510493487,3,118,1062,ok,optimal,25.380700510493487,standard_primal_shadow_dual
1,July,26,220.80967481203604,0.0,220.80967481203604,4,122,1098,ok,optimal,220.80967481203604,standard_primal_shadow_dual
1,July,27,66.58252539728608,0.0,66.58252539728608,4,120,1080,ok,optimal,66.58252539728608,standard_primal_shadow_dual
1,July,28,0.0,0.0,0.0,6,122,1098,ok,optimal,0.0,standard_primal_shadow_dual
1,July,29,756.1950711884898,0.0,756.1950711884898,3,124,1116,ok,optimal,756.1950711884898,standard_primal_shadow_dual
1,July,30,261.3067857990774,0.0,261.3067857990774,6,122,1098,ok,optimal,261.3067857990774,standard_primal_shadow_dual
1,July,31,0.0,0.0,0.0,4,126,1134,ok,optimal,0.0,standard_primal_shadow_dual
1,July,32,9.750242992081201,0.0,9.750242992081201,1,126,1134,ok,optimal,9.750242992081201,standard_primal_shadow_dual
1,July,33,1035.8533028611514,0.0,1035.8533028611514,6,124,1116,ok,optimal,1035.8533028611514,standard_primal_shadow_dual
1,July,34,945.7107398290577,0.0,945.7107398290577,7,128,1152,ok,optimal,945.7107398290577,standard_primal_shadow_dual
1,July,35,418.08943459241635,0.0,418.08943459241635,6,124,1116,ok,optimal,418.08943459241635,standard_primal_shadow_dual
1,July,36,18.40716124999833,0.0,18.40716124999833,3,120,1080,ok,optimal,18.40716124999833,standard_primal_shadow_dual
1,July,37,72.66428516232563,0.0,72.66428516232563,2,108,972,ok,optimal,72.66428516232563,standard_primal_shadow_dual
1,July,38,0.0,0.0,0.0,3,112,1008,ok,optimal,0.0,standard_primal_shadow_dual
1,July,39,32.14743289432562,0.0,32.14743289432562,1,106,954,ok,optimal,32.14743289432562,standard_primal_shadow_dual
1,July,40,0.0,0.0,0.0,0,0,0,ok,empty_zero_redirection,,
1,July,41,0.0,0.0,0.0,0,0,0,ok,empty_zero_redirection,,
1,July,42,0.0,0.0,0.0,0,0,0,ok,empty_zero_redirection,,
1,July,43,0.0,0.0,0.0,0,0,0,ok,empty_zero_redirection,,
1,July,44,0.0,0.0,0.0,0,0,0,ok,empty_zero_redirection,,
1,July,45,0.0,0.0,0.0,0,0,0,ok,empty_zero_redirection,,
1,July,46,0.0,0.0,0.0,0,0,0,ok,empty_zero_redirection,,
1,July,47,0.0,0.0,0.0,0,0,0,ok,empty_zero_redirection,,
1,July,48,0.0,0.0,0.0,0,0,0,ok,empty_zero_redirection,,
1,August,1,0.0,0.0,0.0,0,0,0,ok,empty_zero_redirection,,
1,August,2,0.0,0.0,0.0,1,90,810,ok,optimal,0.0,standard_primal_shadow_dual
1,August,3,36.800177833710414,0.0,36.800177833710414,3,92,828,ok,optimal,36.800177833710414,standard_primal_shadow_dual
1,August,4,135.0635665743837,0.0,135.0635665743837,1,90,810,ok,optimal,135.0635665743837,standard_primal_shadow_dual
1,August,5,0.0,0.0,0.0,0,0,0,ok,empty_zero_redirection,,
1,August,6,0.0,0.0,0.0,0,0,0,ok,empty_zero_redirection,,
1,August,7,0.0,0.0,0.0,0,0,0,ok,empty_zero_redirection,,
1,August,8,0.0,0.0,0.0,0,0,0,ok,empty_zero_redirection,,
1,August,9,0.0,0.0,0.0,0,0,0,ok,empty_zero_redirection,,
1,August,10,0.0,0.0,0.0,0,0,0,ok,empty_zero_redirection,,
1,August,11,19.242487500000003,0.0,19.242487500000003,1,80,720,ok,optimal,19.242487500000003,standard_primal_shadow_dual
1,August,12,0.0,0.0,0.0,0,0,0,ok,empty_zero_redirection,,
1,August,13,0.0,0.0,0.0,0,0,0,ok,empty_zero_redirection,,
1,August,14,248.88476121956018,0.0,248.88476121956018,1,126,1134,ok,optimal,248.88476121956018,standard_primal_shadow_dual
1,August,15,0.0,0.0,0.0,1,126,1134,ok,optimal,0.0,standard_primal_shadow_dual
1,August,16,262.8017031932669,0.0,262.8017031932669,7,130,1170,ok,optimal,262.8017031932669,standard_primal_shadow_dual
1,August,17,657.2536966732574,0.0,657.2536966732574,12,130,1170,ok,optimal,657.2536966732574,standard_primal_shadow_dual
1,August,18,1490.7861104659078,0.0,1490.7861104659078,6,130,1170,ok,optimal,1490.7861104659078,standard_primal_shadow_dual
1,August,19,549.0374915964626,0.0,549.0374915964626,3,130,1170,ok,optimal,549.0374915964626,standard_primal_shadow_dual
1,August,20,298.70208393620936,0.0,298.70208393620936,4,130,1170,ok,optimal,298.70208393620936,standard_primal_shadow_dual
1,August,21,1.5756643249427054,0.0,1.5756643249427054,2,130,1170,ok,optimal,1.5756643249427054,standard_primal_shadow_dual
1,August,22,0.0,0.0,0.0,1,128,1152,ok,optimal,0.0,standard_primal_shadow_dual
1,August,23,578.6897069123929,0.0,578.6897069123929,6,126,1134,ok,optimal,578.6897069123929,standard_primal_shadow_dual
1,August,24,744.469849781237,0.0,744.469849781237,5,126,1134,ok,optimal,744.469849781237,standard_primal_shadow_dual
1,August,25,234.99266094069077,0.0,234.99266094069077,5,118,1062,ok,optimal,234.99266094069077,standard_primal_shadow_dual
1,August,26,416.55107865565463,0.0,416.55107865565463,3,122,1098,ok,optimal,416.55107865565463,standard_primal_shadow_dual
1,August,27,860.7952219679771,0.0,860.7952219679771,3,120,1080,ok,optimal,860.7952219679771,standard_primal_shadow_dual
1,August,28,1134.9546387019288,0.0,1134.9546387019288,8,122,1098,ok,optimal,1134.9546387019288,standard_primal_shadow_dual
1,August,29,0.0,0.0,0.0,4,124,1116,ok,optimal,0.0,standard_primal_shadow_dual
1,August,30,998.0103083670011,0.0,998.0103083670011,8,122,1098,ok,optimal,998.0103083670011,standard_primal_shadow_dual
1,August,31,732.7830401853369,0.0,732.7830401853369,3,126,1134,ok,optimal,732.7830401853369,standard_primal_shadow_dual
1,August,32,69.72930111569909,0.0,69.72930111569909,2,126,1134,ok,optimal,69.72930111569909,standard_primal_shadow_dual
1,August,33,743.4706684269556,0.0,743.4706684269556,6,124,1116,ok,optimal,743.4706684269556,standard_primal_shadow_dual
1,August,34,730.0047741897013,0.0,730.0047741897013,9,128,1152,ok,optimal,730.0047741897013,standard_primal_shadow_dual
1,August,35,500.27351716058723,0.0,500.27351716058723,4,124,1116,ok,optimal,500.27351716058723,standard_primal_shadow_dual
1,August,36,467.9562982564369,0.0,467.9562982564369,3,120,1080,ok,optimal,467.9562982564369,standard_primal_shadow_dual
1,August,37,0.0,0.0,0.0,0,0,0,ok,empty_zero_redirection,,
1,August,38,10.842144687459532,0.0,10.842144687459532,1,112,1008,ok,optimal,10.842144687459532,standard_primal_shadow_dual
1,August,39,32.14743289432562,0.0,32.14743289432562,1,106,954,ok,optimal,32.14743289432562,standard_primal_shadow_dual
1,August,40,0.0,0.0,0.0,0,0,0,ok,empty_zero_redirection,,
1,August,41,0.0,0.0,0.0,0,0,0,ok,empty_zero_redirection,,
1,August,42,0.0,0.0,0.0,0,0,0,ok,empty_zero_redirection,,
1,August,43,0.0,0.0,0.0,0,0,0,ok,empty_zero_redirection,,
1,August,44,0.0,0.0,0.0,0,0,0,ok,empty_zero_redirection,,
1,August,45,0.0,0.0,0.0,0,0,0,ok,empty_zero_redirection,,
1,August,46,0.0,0.0,0.0,0,0,0,ok,empty_zero_redirection,,
1,August,47,0.0,0.0,0.0,0,0,0,ok,empty_zero_redirection,,
1,August,48,0.0,0.0,0.0,0,0,0,ok,empty_zero_redirection,,
1,September,1,0.0,0.0,0.0,0,0,0,ok,empty_zero_redirection,,
1,September,2,0.0,0.0,0.0,1,90,810,ok,optimal,0.0,standard_primal_shadow_dual
1,September,3,50.261166422481516,0.0,50.261166422481516,3,92,828,ok,optimal,50.261166422481516,standard_primal_shadow_dual
1,September,4,0.0,0.0,0.0,1,90,810,ok,optimal,0.0,standard_primal_shadow_dual
1,September,5,0.0,0.0,0.0,0,0,0,ok,empty_zero_redirection,,
1,September,6,0.0,0.0,0.0,0,0,0,ok,empty_zero_redirection,,
1,September,7,0.0,0.0,0.0,0,0,0,ok,empty_zero_redirection,,
1,September,8,0.0,0.0,0.0,0,0,0,ok,empty_zero_redirection,,
1,September,9,0.0,0.0,0.0,0,0,0,ok,empty_zero_redirection,,
1,September,10,0.0,0.0,0.0,0,0,0,ok,empty_zero_redirection,,
1,September,11,4.046287500000001,0.0,4.046287500000001,1,80,720,ok,optimal,4.046287500000001,standard_primal_shadow_dual
1,September,12,0.0,0.0,0.0,0,0,0,ok,empty_zero_redirection,,
1,September,13,0.0,0.0,0.0,0,0,0,ok,empty_zero_redirection,,
1,September,14,240.85622053505608,0.0,240.85622053505608,1,126,1134,ok,optimal,240.85622053505608,standard_primal_shadow_dual
1,September,15,0.0,0.0,0.0,2,126,1134,ok,optimal,0.0,standard_primal_shadow_dual
1,September,16,9.082590141002385,0.0,9.082590141002385,7,130,1170,ok,optimal,9.082590141002385,standard_primal_shadow_dual
1,September,17,371.5724059991663,0.0,371.5724059991663,14,130,1170,ok,optimal,371.5724059991663,standard_primal_shadow_dual
1,September,18,247.95111577592922,0.0,247.95111577592922,7,130,1170,ok,optimal,247.95111577592922,standard_primal_shadow_dual
1,September,19,728.3213034856739,0.0,728.3213034856739,6,130,1170,ok,optimal,728.3213034856739,standard_primal_shadow_dual
1,September,20,310.7705320069694,0.0,310.7705320069694,4,130,1170,ok,optimal,310.7705320069694,standard_primal_shadow_dual
1,September,21,296.112300994276,0.0,296.112300994276,2,130,1170,ok,optimal,296.112300994276,standard_primal_shadow_dual
1,September,22,148.056150497138,0.0,148.056150497138,1,128,1152,ok,optimal,148.056150497138,standard_primal_shadow_dual
1,September,23,1171.6576302088845,0.0,1171.6576302088845,6,126,1134,ok,optimal,1171.6576302088845,standard_primal_shadow_dual
1,September,24,312.0772377096997,0.0,312.0772377096997,5,126,1134,ok,optimal,312.0772377096997,standard_primal_shadow_dual
1,September,25,289.9580430533995,0.0,289.9580430533995,5,118,1062,ok,optimal,289.9580430533995,standard_primal_shadow_dual
1,September,26,85.3210232044999,0.0,85.3210232044999,5,122,1098,ok,optimal,85.3210232044999,standard_primal_shadow_dual
1,September,27,893.0259646681898,0.0,893.0259646681898,4,120,1080,ok,optimal,893.0259646681898,standard_primal_shadow_dual
1,September,28,1188.007485130241,0.0,1188.007485130241,9,122,1098,ok,optimal,1188.007485130241,standard_primal_shadow_dual
1,September,29,852.0275028774989,0.0,852.0275028774989,4,124,1116,ok,optimal,852.0275028774989,standard_primal_shadow_dual
1,September,30,432.6158374999975,0.0,432.6158374999975,8,122,1098,ok,optimal,432.6158374999975,standard_primal_shadow_dual
1,September,31,627.3052493436268,0.0,627.3052493436268,2,126,1134,ok,optimal,627.3052493436268,standard_primal_shadow_dual
1,September,32,0.0,0.0,0.0,0,0,0,ok,empty_zero_redirection,,
1,September,33,245.5357239996505,0.0,245.5357239996505,6,124,1116,ok,optimal,245.5357239996505,standard_primal_shadow_dual
1,September,34,288.69849019150143,0.0,288.69849019150143,5,128,1152,ok,optimal,288.69849019150143,standard_primal_shadow_dual
1,September,35,176.86167714329048,0.0,176.86167714329048,3,124,1116,ok,optimal,176.86167714329048,standard_primal_shadow_dual
1,September,36,226.43046689827594,0.0,226.43046689827594,1,120,1080,ok,optimal,226.43046689827594,standard_primal_shadow_dual
1,September,37,0.0,0.0,0.0,0,0,0,ok,empty_zero_redirection,,
1,September,38,20.984796169276514,0.0,20.984796169276514,1,112,1008,ok,optimal,20.984796169276514,standard_primal_shadow_dual
1,September,39,62.22083785998507,0.0,62.22083785998507,1,106,954,ok,optimal,62.22083785998507,standard_primal_shadow_dual
1,September,40,0.0,0.0,0.0,0,0,0,ok,empty_zero_redirection,,
1,September,41,0.0,0.0,0.0,0,0,0,ok,empty_zero_redirection,,
1,September,42,0.0,0.0,0.0,0,0,0,ok,empty_zero_redirection,,
1,September,43,0.0,0.0,0.0,0,0,0,ok,empty_zero_redirection,,
1,September,44,0.0,0.0,0.0,0,0,0,ok,empty_zero_redirection,,
1,September,45,0.0,0.0,0.0,0,0,0,ok,empty_zero_redirection,,
1,September,46,0.0,0.0,0.0,0,0,0,ok,empty_zero_redirection,,
1,September,47,0.0,0.0,0.0,0,0,0,ok,empty_zero_redirection,,
1,September,48,0.0,0.0,0.0,0,0,0,ok,empty_zero_redirection,,
1,October,1,0.0,0.0,0.0,0,0,0,ok,empty_zero_redirection,,
1,October,2,15.536814397556562,0.0,15.536814397556562,1,90,810,ok,optimal,15.536814397556562,standard_primal_shadow_dual
1,October,3,18.400088916855207,0.0,18.400088916855207,3,92,828,ok,optimal,18.400088916855207,standard_primal_shadow_dual
1,October,4,67.53178328719186,0.0,67.53178328719186,1,90,810,ok,optimal,67.53178328719186,standard_primal_shadow_dual
1,October,5,0.0,0.0,0.0,0,0,0,ok,empty_zero_redirection,,
1,October,6,0.0,0.0,0.0,0,0,0,ok,empty_zero_redirection,,
1,October,7,0.0,0.0,0.0,0,0,0,ok,empty_zero_redirection,,
1,October,8,0.0,0.0,0.0,0,0,0,ok,empty_zero_redirection,,
1,October,9,0.0,0.0,0.0,0,0,0,ok,empty_zero_redirection,,
1,October,10,0.0,0.0,0.0,0,0,0,ok,empty_zero_redirection,,
1,October,11,0.0,0.0,0.0,0,0,0,ok,empty_zero_redirection,,
1,October,12,0.0,0.0,0.0,0,0,0,ok,empty_zero_redirection,,
1,October,13,0.0,0.0,0.0,0,0,0,ok,empty_zero_redirection,,
1,October,14,124.4423806097792,0.0,124.4423806097792,1,126,1134,ok,optimal,124.4423806097792,standard_primal_shadow_dual
1,October,15,0.0,0.0,0.0,1,126,1134,ok,optimal,0.0,standard_primal_shadow_dual
1,October,16,41.477663798256565,0.0,41.477663798256565,7,130,1170,ok,optimal,41.477663798256565,standard_primal_shadow_dual
1,October,17,872.2202381727939,0.0,872.2202381727939,12,130,1170,ok,optimal,872.2202381727939,standard_primal_shadow_dual
1,October,18,492.4055712116927,0.0,492.4055712116927,6,130,1170,ok,optimal,492.4055712116927,standard_primal_shadow_dual
1,October,19,0.0,0.0,0.0,3,130,1170,ok,optimal,0.0,standard_primal_shadow_dual
1,October,20,582.8333668250431,0.0,582.8333668250431,2,130,1170,ok,optimal,582.8333668250431,standard_primal_shadow_dual
1,October,21,0.0,0.0,0.0,0,0,0,ok,empty_zero_redirection,,
1,October,22,0.0,0.0,0.0,0,0,0,ok,empty_zero_redirection,,
1,October,23,408.29694414014256,0.0,408.29694414014256,6,126,1134,ok,optimal,408.29694414014256,standard_primal_shadow_dual
1,October,24,17.884044504208838,0.0,17.884044504208838,4,126,1134,ok,optimal,17.884044504208838,standard_primal_shadow_dual
1,October,25,208.5138074999964,0.0,208.5138074999964,2,118,1062,ok,optimal,208.5138074999964,standard_primal_shadow_dual
1,October,26,315.33756200596537,0.0,315.33756200596537,2,122,1098,ok,optimal,315.33756200596537,standard_primal_shadow_dual
1,October,27,420.79126269864304,0.0,420.79126269864304,3,120,1080,ok,optimal,420.79126269864304,standard_primal_shadow_dual
1,October,28,1433.4355704452664,0.0,1433.4355704452664,6,122,1098,ok,optimal,1433.4355704452664,standard_primal_shadow_dual
1,October,29,638.6474096182556,0.0,638.6474096182556,2,124,1116,ok,optimal,638.6474096182556,standard_primal_shadow_dual
1,October,30,214.3335574634748,0.0,214.3335574634748,5,122,1098,ok,optimal,214.3335574634748,standard_primal_shadow_dual
1,October,31,0.0,0.0,0.0,2,126,1134,ok,optimal,0.0,standard_primal_shadow_dual
1,October,32,0.0,0.0,0.0,0,0,0,ok,empty_zero_redirection,,
1,October,33,356.49518258968993,0.0,356.49518258968993,5,124,1116,ok,optimal,356.49518258968993,standard_primal_shadow_dual
1,October,34,276.6784233609705,0.0,276.6784233609705,4,128,1152,ok,optimal,276.6784233609705,standard_primal_shadow_dual
1,October,35,868.9256283464215,0.0,868.9256283464215,3,124,1116,ok,optimal,868.9256283464215,standard_primal_shadow_dual
1,October,36,0.0,0.0,0.0,1,120,1080,ok,optimal,0.0,standard_primal_shadow_dual
1,October,37,0.0,0.0,0.0,0,0,0,ok,empty_zero_redirection,,
1,October,38,0.0,0.0,0.0,1,112,1008,ok,optimal,0.0,standard_primal_shadow_dual
1,October,39,0.0,0.0,0.0,1,106,954,ok,optimal,0.0,standard_primal_shadow_dual
1,October,40,0.0,0.0,0.0,0,0,0,ok,empty_zero_redirection,,
1,October,41,0.0,0.0,0.0,0,0,0,ok,empty_zero_redirection,,
1,October,42,0.0,0.0,0.0,0,0,0,ok,empty_zero_redirection,,
1,October,43,0.0,0.0,0.0,0,0,0,ok,empty_zero_redirection,,
1,October,44,0.0,0.0,0.0,0,0,0,ok,empty_zero_redirection,,
1,October,45,0.0,0.0,0.0,0,0,0,ok,empty_zero_redirection,,
1,October,46,0.0,0.0,0.0,0,0,0,ok,empty_zero_redirection,,
1,October,47,0.0,0.0,0.0,0,0,0,ok,empty_zero_redirection,,
1,October,48,0.0,0.0,0.0,0,0,0,ok,empty_zero_redirection,,
1,November,1,0.0,0.0,0.0,0,0,0,ok,empty_zero_redirection,,
1,November,2,15.03562683634506,0.0,15.03562683634506,1,90,810,ok,optimal,15.03562683634506,standard_primal_shadow_dual
1,November,3,17.80653766147278,0.0,17.80653766147278,3,92,828,ok,optimal,17.80653766147278,standard_primal_shadow_dual
1,November,4,65.35333866502438,0.0,65.35333866502438,1,90,810,ok,optimal,65.35333866502438,standard_primal_shadow_dual
1,November,5,0.0,0.0,0.0,0,0,0,ok,empty_zero_redirection,,
1,November,6,0.0,0.0,0.0,0,0,0,ok,empty_zero_redirection,,
1,November,7,0.0,0.0,0.0,0,0,0,ok,empty_zero_redirection,,
1,November,8,0.0,0.0,0.0,0,0,0,ok,empty_zero_redirection,,
1,November,9,0.0,0.0,0.0,0,0,0,ok,empty_zero_redirection,,
1,November,10,0.0,0.0,0.0,0,0,0,ok,empty_zero_redirection,,
1,November,11,0.0,0.0,0.0,0,0,0,ok,empty_zero_redirection,,
1,November,12,0.0,0.0,0.0,0,0,0,ok,empty_zero_redirection,,
1,November,13,0.0,0.0,0.0,0,0,0,ok,empty_zero_redirection,,
1,November,14,240.85622053505654,0.0,240.85622053505654,1,126,1134,ok,optimal,240.85622053505654,standard_primal_shadow_dual
1,November,15,0.0,0.0,0.0,1,126,1134,ok,optimal,0.0,standard_primal_shadow_dual
1,November,16,238.7956866454741,0.0,238.7956866454741,7,130,1170,ok,optimal,238.7956866454741,standard_primal_shadow_dual
1,November,17,1222.8362796367953,0.0,1222.8362796367953,12,130,1170,ok,optimal,1222.8362796367953,standard_primal_shadow_dual
1,November,18,175.7908851235046,0.0,175.7908851235046,6,130,1170,ok,optimal,175.7908851235046,standard_primal_shadow_dual
1,November,19,0.0,0.0,0.0,3,130,1170,ok,optimal,0.0,standard_primal_shadow_dual
1,November,20,282.01614523792404,0.0,282.01614523792404,2,130,1170,ok,optimal,282.01614523792404,standard_primal_shadow_dual
1,November,21,0.0,0.0,0.0,0,0,0,ok,empty_zero_redirection,,
1,November,22,0.0,0.0,0.0,0,0,0,ok,empty_zero_redirection,,
1,November,23,1014.5757909617245,0.0,1014.5757909617245,6,126,1134,ok,optimal,1014.5757909617245,standard_primal_shadow_dual
1,November,24,628.1409198288484,0.0,628.1409198288484,4,126,1134,ok,optimal,628.1409198288484,standard_primal_shadow_dual
1,November,25,151.22661647191944,0.0,151.22661647191944,2,118,1062,ok,optimal,151.22661647191944,standard_primal_shadow_dual
1,November,26,305.1653825864181,0.0,305.1653825864181,2,122,1098,ok,optimal,305.1653825864181,standard_primal_shadow_dual
1,November,27,407.2173509986868,0.0,407.2173509986868,3,120,1080,ok,optimal,407.2173509986868,standard_primal_shadow_dual
1,November,28,195.1949431864267,0.0,195.1949431864267,6,122,1098,ok,optimal,195.1949431864267,standard_primal_shadow_dual
1,November,29,309.0229401378656,0.0,309.0229401378656,1,124,1116,ok,optimal,309.0229401378656,standard_primal_shadow_dual
1,November,30,3.0,0.0,3.0,4,122,1098,ok,optimal,3.0,standard_primal_shadow_dual
1,November,31,0.0,0.0,0.0,2,126,1134,ok,optimal,0.0,standard_primal_shadow_dual
1,November,32,0.0,0.0,0.0,0,0,0,ok,empty_zero_redirection,,
1,November,33,344.9953379900226,0.0,344.9953379900226,5,124,1116,ok,optimal,344.9953379900226,standard_primal_shadow_dual
1,November,34,283.67289583320587,0.0,283.67289583320587,4,128,1152,ok,optimal,283.67289583320587,standard_primal_shadow_dual
1,November,35,533.621784742485,0.0,533.621784742485,3,124,1116,ok,optimal,533.621784742485,standard_primal_shadow_dual
1,November,36,452.8609337965519,0.0,452.8609337965519,1,120,1080,ok,optimal,452.8609337965519,standard_primal_shadow_dual
1,November,37,0.0,0.0,0.0,0,0,0,ok,empty_zero_redirection,,
1,November,38,0.0,0.0,0.0,1,112,1008,ok,optimal,0.0,standard_primal_shadow_dual
1,November,39,0.0,0.0,0.0,1,106,954,ok,optimal,0.0,standard_primal_shadow_dual
1,November,40,0.0,0.0,0.0,0,0,0,ok,empty_zero_redirection,,
1,November,41,0.0,0.0,0.0,0,0,0,ok,empty_zero_redirection,,
1,November,42,0.0,0.0,0.0,0,0,0,ok,empty_zero_redirection,,
1,November,43,0.0,0.0,0.0,0,0,0,ok,empty_zero_redirection,,
1,November,44,0.0,0.0,0.0,0,0,0,ok,empty_zero_redirection,,
1,November,45,0.0,0.0,0.0,0,0,0,ok,empty_zero_redirection,,
1,November,46,0.0,0.0,0.0,0,0,0,ok,empty_zero_redirection,,
1,November,47,0.0,0.0,0.0,0,0,0,ok,empty_zero_redirection,,
1,November,48,0.0,0.0,0.0,0,0,0,ok,empty_zero_redirection,,
1,December,1,0.0,0.0,0.0,0,0,0,ok,empty_zero_redirection,,
1,December,2,0.0,0.0,0.0,1,90,810,ok,optimal,0.0,standard_primal_shadow_dual
1,December,3,18.400088916855207,0.0,18.400088916855207,3,92,828,ok,optimal,18.400088916855207,standard_primal_shadow_dual
1,December,4,0.0,0.0,0.0,1,90,810,ok,optimal,0.0,standard_primal_shadow_dual
1,December,5,0.0,0.0,0.0,0,0,0,ok,empty_zero_redirection,,
1,December,6,0.0,0.0,0.0,0,0,0,ok,empty_zero_redirection,,
1,December,7,0.0,0.0,0.0,0,0,0,ok,empty_zero_redirection,,
1,December,8,0.0,0.0,0.0,0,0,0,ok,empty_zero_redirection,,
1,December,9,0.0,0.0,0.0,0,0,0,ok,empty_zero_redirection,,
1,December,10,0.0,0.0,0.0,0,0,0,ok,empty_zero_redirection,,
1,December,11,0.0,0.0,0.0,0,0,0,ok,empty_zero_redirection,,
1,December,12,0.0,0.0,0.0,0,0,0,ok,empty_zero_redirection,,
1,December,13,0.0,0.0,0.0,0,0,0,ok,empty_zero_redirection,,
1,December,14,124.44238060978009,0.0,124.44238060978009,1,126,1134,ok,optimal,124.44238060978009,standard_primal_shadow_dual
1,December,15,0.0,0.0,0.0,1,126,1134,ok,optimal,0.0,standard_primal_shadow_dual
1,December,16,512.5595344262542,0.0,512.5595344262542,7,130,1170,ok,optimal,512.5595344262542,standard_primal_shadow_dual
1,December,17,111.49371862613901,0.0,111.49371862613901,12,130,1170,ok,optimal,111.49371862613901,standard_primal_shadow_dual
1,December,18,0.0,0.0,0.0,6,130,1170,ok,optimal,0.0,standard_primal_shadow_dual
1,December,19,0.0,0.0,0.0,3,130,1170,ok,optimal,0.0,standard_primal_shadow_dual
1,December,20,582.8333668250431,0.0,582.8333668250431,2,130,1170,ok,optimal,582.8333668250431,standard_primal_shadow_dual
1,December,21,0.0,0.0,0.0,0,0,0,ok,empty_zero_redirection,,
1,December,22,0.0,0.0,0.0,0,0,0,ok,empty_zero_redirection,,
1,December,23,688.1873998584304,0.0,688.1873998584304,7,126,1134,ok,optimal,688.1873998584304,standard_primal_shadow_dual
1,December,24,1054.462994994019,0.0,1054.462994994019,4,126,1134,ok,optimal,1054.462994994019,standard_primal_shadow_dual
1,December,25,56.07549602098597,0.0,56.07549602098597,2,118,1062,ok,optimal,56.07549602098597,standard_primal_shadow_dual
1,December,26,157.6687810029828,0.0,157.6687810029828,2,122,1098,ok,optimal,157.6687810029828,standard_primal_shadow_dual
1,December,27,0.0,0.0,0.0,3,120,1080,ok,optimal,0.0,standard_primal_shadow_dual
1,December,28,267.76662907071784,0.0,267.76662907071784,6,122,1098,ok,optimal,267.76662907071784,standard_primal_shadow_dual
1,December,29,0.0,0.0,0.0,1,124,1116,ok,optimal,0.0,standard_primal_shadow_dual
1,December,30,404.6193496819524,0.0,404.6193496819524,4,122,1098,ok,optimal,404.6193496819524,standard_primal_shadow_dual
1,December,31,648.2154243218043,0.0,648.2154243218043,2,126,1134,ok,optimal,648.2154243218043,standard_primal_shadow_dual
1,December,32,0.0,0.0,0.0,0,0,0,ok,empty_zero_redirection,,
1,December,33,42.39120421040376,0.0,42.39120421040376,5,124,1116,ok,optimal,42.39120421040376,standard_primal_shadow_dual
1,December,34,247.17087144152413,0.0,247.17087144152413,4,128,1152,ok,optimal,247.17087144152413,standard_primal_shadow_dual
1,December,35,131.62140597475292,0.0,131.62140597475292,3,124,1116,ok,optimal,131.62140597475292,standard_primal_shadow_dual
1,December,36,467.9562982564369,0.0,467.9562982564369,1,120,1080,ok,optimal,467.9562982564369,standard_primal_shadow_dual
1,December,37,0.0,0.0,0.0,0,0,0,ok,empty_zero_redirection,,
1,December,38,21.684289374919064,0.0,21.684289374919064,1,112,1008,ok,optimal,21.684289374919064,standard_primal_shadow_dual
1,December,39,64.29486578865124,0.0,64.29486578865124,1,106,954,ok,optimal,64.29486578865124,standard_primal_shadow_dual
1,December,40,0.0,0.0,0.0,0,0,0,ok,empty_zero_redirection,,
1,December,41,0.0,0.0,0.0,0,0,0,ok,empty_zero_redirection,,
1,December,42,0.0,0.0,0.0,0,0,0,ok,empty_zero_redirection,,
1,December,43,0.0,0.0,0.0,0,0,0,ok,empty_zero_redirection,,
1,December,44,0.0,0.0,0.0,0,0,0,ok,empty_zero_redirection,,
1,December,45,0.0,0.0,0.0,0,0,0,ok,empty_zero_redirection,,
1,December,46,0.0,0.0,0.0,0,0,0,ok,empty_zero_redirection,,
1,December,47,0.0,0.0,0.0,0,0,0,ok,empty_zero_redirection,,
1,December,48,0.0,0.0,0.0,0,0,0,ok,empty_zero_redirection,,
2,January,1,0.0,0.0,0.0,0,0,0,ok,empty_zero_redirection,,
2,January,2,31.073628795113777,0.0,31.073628795113777,1,90,810,ok,optimal,31.073628795113777,standard_primal_shadow_dual
2,January,3,63.65143444856799,0.0,63.65143444856799,3,92,828,ok,optimal,63.65143444856799,standard_primal_shadow_dual
2,January,4,0.0,0.0,0.0,1,90,810,ok,optimal,0.0,standard_primal_shadow_dual
2,January,5,0.0,0.0,0.0,0,0,0,ok,empty_zero_redirection,,
2,January,6,0.0,0.0,0.0,0,0,0,ok,empty_zero_redirection,,
2,January,7,0.0,0.0,0.0,0,0,0,ok,empty_zero_redirection,,
2,January,8,0.0,0.0,0.0,0,0,0,ok,empty_zero_redirection,,
2,January,9,0.0,0.0,0.0,0,0,0,ok,empty_zero_redirection,,
2,January,10,0.0,0.0,0.0,0,0,0,ok,empty_zero_redirection,,
2,January,11,0.0,0.0,0.0,0,0,0,ok,empty_zero_redirection,,
2,January,12,0.0,0.0,0.0,0,0,0,ok,empty_zero_redirection,,
2,January,13,0.0,0.0,0.0,0,0,0,ok,empty_zero_redirection,,
2,January,14,124.4423806097803,0.0,124.4423806097803,1,126,1134,ok,optimal,124.4423806097803,standard_primal_shadow_dual
2,January,15,0.0,0.0,0.0,1,126,1134,ok,optimal,0.0,standard_primal_shadow_dual
2,January,16,511.7036596535819,0.0,511.7036596535819,7,130,1170,ok,optimal,511.7036596535819,standard_primal_shadow_dual
2,January,17,822.8396166718464,0.0,822.8396166718464,13,130,1170,ok,optimal,822.8396166718464,standard_primal_shadow_dual
2,January,18,120.45550072288867,0.0,120.45550072288867,8,130,1170,ok,optimal,120.45550072288867,standard_primal_shadow_dual
2,January,19,1140.0986802685368,0.0,1140.0986802685368,4,130,1170,ok,optimal,1140.0986802685368,standard_primal_shadow_dual
2,January,20,291.41668341239665,0.0,291.41668341239665,2,130,1170,ok,optimal,291.41668341239665,standard_primal_shadow_dual
2,January,21,0.0,0.0,0.0,0,0,0,ok,empty_zero_redirection,,
2,January,22,0.0,0.0,0.0,0,0,0,ok,empty_zero_redirection,,
2,January,23,128.40648842185473,0.0,128.40648842185473,6,126,1134,ok,optimal,128.40648842185473,standard_primal_shadow_dual
2,January,24,22.280700510494533,0.0,22.280700510494533,4,126,1134,ok,optimal,22.280700510494533,standard_primal_shadow_dual
2,January,25,110.21372000010574,0.0,110.21372000010574,2,118,1062,ok,optimal,110.21372000010574,standard_primal_shadow_dual
2,January,26,99.3259594895972,0.0,99.3259594895972,2,122,1098,ok,optimal,99.3259594895972,standard_primal_shadow_dual
2,January,27,66.58252539719356,0.0,66.58252539719356,3,120,1080,ok,optimal,66.58252539719356,standard_primal_shadow_dual
2,January,28,132.13037555615003,0.0,132.13037555615003,6,122,1098,ok,optimal,132.13037555615003,standard_primal_shadow_dual
2,January,29,638.6474096182376,0.0,638.6474096182376,1,124,1116,ok,optimal,638.6474096182376,standard_primal_shadow_dual
2,January,30,119.64525292249563,0.0,119.64525292249563,4,122,1098,ok,optimal,119.64525292249563,standard_primal_shadow_dual
2,January,31,0.0,0.0,0.0,3,126,1134,ok,optimal,0.0,standard_primal_shadow_dual
2,January,32,0.0,0.0,0.0,0,0,0,ok,empty_zero_redirection,,
2,January,33,84.78240842080751,0.0,84.78240842080751,5,124,1116,ok,optimal,84.78240842080751,standard_primal_shadow_dual
2,January,34,256.73033510904816,0.0,256.73033510904816,5,128,1152,ok,optimal,256.73033510904816,standard_primal_shadow_dual
2,January,35,419.78777159248676,0.0,419.78777159248676,3,124,1116,ok,optimal,419.78777159248676,standard_primal_shadow_dual
2,January,36,0.0,0.0,0.0,1,120,1080,ok,optimal,0.0,standard_primal_shadow_dual
2,January,37,0.0,0.0,0.0,0,0,0,ok,empty_zero_redirection,,
2,January,38,0.0,0.0,0.0,1,112,1008,ok,optimal,0.0,standard_primal_shadow_dual
2,January,39,32.14743289432573,0.0,32.14743289432573,1,106,954,ok,optimal,32.14743289432573,standard_primal_shadow_dual
2,January,40,0.0,0.0,0.0,0,0,0,ok,empty_zero_redirection,,
2,January,41,0.0,0.0,0.0,0,0,0,ok,empty_zero_redirection,,
2,January,42,0.0,0.0,0.0,0,0,0,ok,empty_zero_redirection,,
2,January,43,0.0,0.0,0.0,0,0,0,ok,empty_zero_redirection,,
2,January,44,0.0,0.0,0.0,0,0,0,ok,empty_zero_redirection,,
2,January,45,0.0,0.0,0.0,0,0,0,ok,empty_zero_redirection,,
2,January,46,0.0,0.0,0.0,0,0,0,ok,empty_zero_redirection,,
2,January,47,0.0,0.0,0.0,0,0,0,ok,empty_zero_redirection,,
2,January,48,0.0,0.0,0.0,0,0,0,ok,empty_zero_redirection,,
2,February,1,0.0,0.0,0.0,0,0,0,ok,empty_zero_redirection,,
2,February,2,28.066503427844708,0.0,28.066503427844708,1,90,810,ok,optimal,28.066503427844708,standard_primal_shadow_dual
2,February,3,10.581196217296242,0.0,10.581196217296242,3,92,828,ok,optimal,10.581196217296242,standard_primal_shadow_dual
2,February,4,0.0,0.0,0.0,1,90,810,ok,optimal,0.0,standard_primal_shadow_dual
2,February,5,0.0,0.0,0.0,0,0,0,ok,empty_zero_redirection,,
2,February,6,0.0,0.0,0.0,0,0,0,ok,empty_zero_redirection,,
2,February,7,0.0,0.0,0.0,0,0,0,ok,empty_zero_redirection,,
2,February,8,0.0,0.0,0.0,0,0,0,ok,empty_zero_redirection,,
2,February,9,0.0,0.0,0.0,0,0,0,ok,empty_zero_redirection,,
2,February,10,0.0,0.0,0.0,0,0,0,ok,empty_zero_redirection,,
2,February,11,0.0,0.0,0.0,0,0,0,ok,empty_zero_redirection,,
2,February,12,0.0,0.0,0.0,0,0,0,ok,empty_zero_redirection,,
2,February,13,0.0,0.0,0.0,0,0,0,ok,empty_zero_redirection,,
2,February,14,0.0,0.0,0.0,1,126,1134,ok,optimal,0.0,standard_primal_shadow_dual
2,February,15,0.0,0.0,0.0,1,126,1134,ok,optimal,0.0,standard_primal_shadow_dual
2,February,16,653.6124504929206,0.0,653.6124504929206,7,130,1170,ok,optimal,653.6124504929206,standard_primal_shadow_dual
2,February,17,1436.2435955359354,0.0,1436.2435955359354,14,130,1170,ok,optimal,1436.2435955359354,standard_primal_shadow_dual
2,February,18,280.681926377007,0.0,280.681926377007,9,130,1170,ok,optimal,280.681926377007,standard_primal_shadow_dual
2,February,19,1559.5762121586063,0.0,1559.5762121586063,4,130,1170,ok,optimal,1559.5762121586063,standard_primal_shadow_dual
2,February,20,526.430137777232,0.0,526.430137777232,2,130,1170,ok,optimal,526.430137777232,standard_primal_shadow_dual
2,February,21,0.0,0.0,0.0,0,0,0,ok,empty_zero_redirection,,
2,February,22,0.0,0.0,0.0,0,0,0,ok,empty_zero_redirection,,
2,February,23,271.44336754673566,0.0,271.44336754673566,7,126,1134,ok,optimal,271.44336754673566,standard_primal_shadow_dual
2,February,24,12.69464000000157,0.0,12.69464000000157,5,126,1134,ok,optimal,12.69464000000157,standard_primal_shadow_dual
2,February,25,0.0,0.0,0.0,2,118,1062,ok,optimal,0.0,standard_primal_shadow_dual
2,February,26,6.062135903803629,0.0,6.062135903803629,4,122,1098,ok,optimal,6.062135903803629,standard_primal_shadow_dual
2,February,27,60.13905519746933,0.0,60.13905519746933,3,120,1080,ok,optimal,60.13905519746933,standard_primal_shadow_dual
2,February,28,119.34356501845593,0.0,119.34356501845593,7,122,1098,ok,optimal,119.34356501845593,standard_primal_shadow_dual
2,February,29,666.9573328407139,0.0,666.9573328407139,2,124,1116,ok,optimal,666.9573328407139,standard_primal_shadow_dual
2,February,30,0.0,0.0,0.0,5,122,1098,ok,optimal,0.0,standard_primal_shadow_dual
2,February,31,0.0,0.0,0.0,3,126,1134,ok,optimal,0.0,standard_primal_shadow_dual
2,February,32,0.0,0.0,0.0,0,0,0,ok,empty_zero_redirection,,
2,February,33,696.7376266657074,0.0,696.7376266657074,6,124,1116,ok,optimal,696.7376266657074,standard_primal_shadow_dual
2,February,34,0.0,0.0,0.0,4,128,1152,ok,optimal,0.0,standard_primal_shadow_dual
2,February,35,237.76770111568268,0.0,237.76770111568268,3,124,1116,ok,optimal,237.76770111568268,standard_primal_shadow_dual
2,February,36,0.0,0.0,0.0,1,120,1080,ok,optimal,0.0,standard_primal_shadow_dual
2,February,37,0.0,0.0,0.0,0,0,0,ok,empty_zero_redirection,,
2,February,38,0.0,0.0,0.0,1,112,1008,ok,optimal,0.0,standard_primal_shadow_dual
2,February,39,0.0,0.0,0.0,1,106,954,ok,optimal,0.0,standard_primal_shadow_dual
2,February,40,0.0,0.0,0.0,0,0,0,ok,empty_zero_redirection,,
2,February,41,0.0,0.0,0.0,0,0,0,ok,empty_zero_redirection,,
2,February,42,0.0,0.0,0.0,0,0,0,ok,empty_zero_redirection,,
2,February,43,0.0,0.0,0.0,0,0,0,ok,empty_zero_redirection,,
2,February,44,0.0,0.0,0.0,0,0,0,ok,empty_zero_redirection,,
2,February,45,0.0,0.0,0.0,0,0,0,ok,empty_zero_redirection,,
2,February,46,0.0,0.0,0.0,0,0,0,ok,empty_zero_redirection,,
2,February,47,0.0,0.0,0.0,0,0,0,ok,empty_zero_redirection,,
2,February,48,0.0,0.0,0.0,0,0,0,ok,empty_zero_redirection,,
2,March,1,0.0,0.0,0.0,0,0,0,ok,empty_zero_redirection,,
2,March,2,31.073628795113784,0.0,31.073628795113784,1,90,810,ok,optimal,31.073628795113784,standard_primal_shadow_dual
2,March,3,0.0,0.0,0.0,3,92,828,ok,optimal,0.0,standard_primal_shadow_dual
2,March,4,67.53178328719174,0.0,67.53178328719174,1,90,810,ok,optimal,67.53178328719174,standard_primal_shadow_dual
2,March,5,0.0,0.0,0.0,0,0,0,ok,empty_zero_redirection,,
2,March,6,0.0,0.0,0.0,0,0,0,ok,empty_zero_redirection,,
2,March,7,0.0,0.0,0.0,0,0,0,ok,empty_zero_redirection,,
2,March,8,0.0,0.0,0.0,0,0,0,ok,empty_zero_redirection,,
2,March,9,0.0,0.0,0.0,0,0,0,ok,empty_zero_redirection,,
2,March,10,0.0,0.0,0.0,0,0,0,ok,empty_zero_redirection,,
2,March,11,0.0,0.0,0.0,0,0,0,ok,empty_zero_redirection,,
2,March,12,0.0,0.0,0.0,0,0,0,ok,empty_zero_redirection,,
2,March,13,0.0,0.0,0.0,0,0,0,ok,empty_zero_redirection,,
2,March,14,0.0,0.0,0.0,1,126,1134,ok,optimal,0.0,standard_primal_shadow_dual
2,March,15,295.6952803775957,0.0,295.6952803775957,3,126,1134,ok,optimal,295.6952803775957,standard_primal_shadow_dual
2,March,16,546.0094881256326,0.0,546.0094881256326,8,130,1170,ok,optimal,546.0094881256326,standard_primal_shadow_dual
2,March,17,1736.032436451909,0.0,1736.032436451909,14,130,1170,ok,optimal,1736.032436451909,standard_primal_shadow_dual
2,March,18,168.62636695333873,0.0,168.62636695333873,10,130,1170,ok,optimal,168.62636695333873,standard_primal_shadow_dual
2,March,19,919.846892601308,0.0,919.846892601308,5,130,1170,ok,optimal,919.846892601308,standard_primal_shadow_dual
2,March,20,582.8333668247973,0.0,582.8333668247973,6,130,1170,ok,optimal,582.8333668247973,standard_primal_shadow_dual
2,March,21,84.98064756762821,0.0,84.98064756762821,2,130,1170,ok,optimal,84.98064756762821,standard_primal_shadow_dual
2,March,22,222.0687386940849,0.0,222.0687386940849,1,128,1152,ok,optimal,222.0687386940849,standard_primal_shadow_dual
2,March,23,1344.248704931161,0.0,1344.248704931161,6,126,1134,ok,optimal,1344.248704931161,standard_primal_shadow_dual
2,March,24,150.4667515160239,0.0,150.4667515160239,6,126,1134,ok,optimal,150.4667515160239,standard_primal_shadow_dual
2,March,25,0.0,0.0,0.0,3,118,1062,ok,optimal,0.0,standard_primal_shadow_dual
2,March,26,85.06505731131656,0.0,85.06505731131656,3,122,1098,ok,optimal,85.06505731131656,standard_primal_shadow_dual
2,March,27,66.58252539719973,0.0,66.58252539719973,3,120,1080,ok,optimal,66.58252539719973,standard_primal_shadow_dual
2,March,28,132.13037555614764,0.0,132.13037555614764,6,122,1098,ok,optimal,132.13037555614764,standard_primal_shadow_dual
2,March,29,638.6474096182376,0.0,638.6474096182376,3,124,1116,ok,optimal,638.6474096182376,standard_primal_shadow_dual
2,March,30,239.29050584499163,0.0,239.29050584499163,5,122,1098,ok,optimal,239.29050584499163,standard_primal_shadow_dual
2,March,31,0.0,0.0,0.0,4,126,1134,ok,optimal,0.0,standard_primal_shadow_dual
2,March,32,0.0,0.0,0.0,0,0,0,ok,empty_zero_redirection,,
2,March,33,210.67012749255372,0.0,210.67012749255372,6,124,1116,ok,optimal,210.67012749255372,standard_primal_shadow_dual
2,March,34,357.3368770365627,0.0,357.3368770365627,7,128,1152,ok,optimal,357.3368770365627,standard_primal_shadow_dual
2,March,35,368.6521111858395,0.0,368.6521111858395,3,124,1116,ok,optimal,368.6521111858395,standard_primal_shadow_dual
2,March,36,0.0,0.0,0.0,1,120,1080,ok,optimal,0.0,standard_primal_shadow_dual
2,March,37,0.0,0.0,0.0,1,108,972,ok,optimal,0.0,standard_primal_shadow_dual
2,March,38,0.0,0.0,0.0,3,112,1008,ok,optimal,0.0,standard_primal_shadow_dual
2,March,39,0.0,0.0,0.0,1,106,954,ok,optimal,0.0,standard_primal_shadow_dual
2,March,40,0.0,0.0,0.0,0,0,0,ok,empty_zero_redirection,,
2,March,41,0.0,0.0,0.0,0,0,0,ok,empty_zero_redirection,,
2,March,42,0.0,0.0,0.0,0,0,0,ok,empty_zero_redirection,,
2,March,43,0.0,0.0,0.0,0,0,0,ok,empty_zero_redirection,,
2,March,44,0.0,0.0,0.0,0,0,0,ok,empty_zero_redirection,,
2,March,45,0.0,0.0,0.0,0,0,0,ok,empty_zero_redirection,,
2,March,46,0.0,0.0,0.0,0,0,0,ok,empty_zero_redirection,,
2,March,47,0.0,0.0,0.0,0,0,0,ok,empty_zero_redirection,,
2,March,48,0.0,0.0,0.0,0,0,0,ok,empty_zero_redirection,,
2,April,1,0.0,0.0,0.0,0,0,0,ok,empty_zero_redirection,,
2,April,2,30.071253672690332,0.0,30.071253672690332,1,90,810,ok,optimal,30.071253672690332,standard_primal_shadow_dual
2,April,3,0.0,0.0,0.0,3,92,828,ok,optimal,0.0,standard_primal_shadow_dual
2,April,4,0.0,0.0,0.0,1,90,810,ok,optimal,0.0,standard_primal_shadow_dual
2,April,5,0.0,0.0,0.0,0,0,0,ok,empty_zero_redirection,,
2,April,6,0.0,0.0,0.0,0,0,0,ok,empty_zero_redirection,,
2,April,7,0.0,0.0,0.0,0,0,0,ok,empty_zero_redirection,,
2,April,8,0.0,0.0,0.0,0,0,0,ok,empty_zero_redirection,,
2,April,9,0.0,0.0,0.0,0,0,0,ok,empty_zero_redirection,,
2,April,10,0.0,0.0,0.0,0,0,0,ok,empty_zero_redirection,,
2,April,11,0.0,0.0,0.0,1,80,720,ok,optimal,0.0,standard_primal_shadow_dual
2,April,12,0.0,0.0,0.0,0,0,0,ok,empty_zero_redirection,,
2,April,13,104.02499813285493,0.0,104.02499813285493,2,118,1062,ok,optimal,104.02499813285493,standard_primal_shadow_dual
2,April,14,0.0,0.0,0.0,1,126,1134,ok,optimal,0.0,standard_primal_shadow_dual
2,April,15,0.0,0.0,0.0,2,126,1134,ok,optimal,0.0,standard_primal_shadow_dual
2,April,16,589.7566089352861,0.0,589.7566089352861,10,130,1170,ok,optimal,589.7566089352861,standard_primal_shadow_dual
2,April,17,1220.3252152941106,0.0,1220.3252152941106,18,130,1170,ok,optimal,1220.3252152941106,standard_primal_shadow_dual
2,April,18,1064.9568149447475,0.0,1064.9568149447475,12,130,1170,ok,optimal,1064.9568149447475,standard_primal_shadow_dual
2,April,19,1667.3401830921919,0.0,1667.3401830921919,10,130,1170,ok,optimal,1667.3401830921919,standard_primal_shadow_dual
2,April,20,637.0374107486526,0.0,637.0374107486526,11,130,1170,ok,optimal,637.0374107486526,standard_primal_shadow_dual
2,April,21,777.3392590397295,0.0,777.3392590397295,10,130,1170,ok,optimal,777.3392590397295,standard_primal_shadow_dual
2,April,22,715.9583878833605,0.0,715.9583878833605,7,128,1152,ok,optimal,715.9583878833605,standard_primal_shadow_dual
2,April,23,51.431320000000476,0.0,51.431320000000476,9,126,1134,ok,optimal,51.431320000000476,standard_primal_shadow_dual
2,April,24,697.8536905311155,0.0,697.8536905311155,8,126,1134,ok,optimal,697.8536905311155,standard_primal_shadow_dual
2,April,25,85.51840448743273,0.0,85.51840448743273,8,118,1062,ok,optimal,85.51840448743273,standard_primal_shadow_dual
2,April,26,1237.7339625163597,0.0,1237.7339625163597,7,122,1098,ok,optimal,1237.7339625163597,standard_primal_shadow_dual
2,April,27,32.934959215168746,0.0,32.934959215168746,7,120,1080,ok,optimal,32.934959215168746,standard_primal_shadow_dual
2,April,28,753.908497785969,0.0,753.908497785969,11,122,1098,ok,optimal,753.908497785969,standard_primal_shadow_dual
2,April,29,975.081500286519,0.0,975.081500286519,10,124,1116,ok,optimal,975.081500286519,standard_primal_shadow_dual
2,April,30,669.3040547079971,0.0,669.3040547079971,10,122,1098,ok,optimal,669.3040547079971,standard_primal_shadow_dual
2,April,31,334.88961927902204,0.0,334.88961927902204,8,126,1134,ok,optimal,334.88961927902204,standard_primal_shadow_dual
2,April,32,15.925268958231298,0.0,15.925268958231298,7,126,1134,ok,optimal,15.925268958231298,standard_primal_shadow_dual
2,April,33,0.0,0.0,0.0,6,124,1116,ok,optimal,0.0,standard_primal_shadow_dual
2,April,34,268.6723549193507,0.0,268.6723549193507,11,128,1152,ok,optimal,268.6723549193507,standard_primal_shadow_dual
2,April,35,0.0,0.0,0.0,6,124,1116,ok,optimal,0.0,standard_primal_shadow_dual
2,April,36,30.426550206249992,0.0,30.426550206249992,4,120,1080,ok,optimal,30.426550206249992,standard_primal_shadow_dual
2,April,37,11.215187704297183,0.0,11.215187704297183,2,108,972,ok,optimal,11.215187704297183,standard_primal_shadow_dual
2,April,38,35.66749490348158,0.0,35.66749490348158,3,112,1008,ok,optimal,35.66749490348158,standard_primal_shadow_dual
2,April,39,0.0,0.0,0.0,1,106,954,ok,optimal,0.0,standard_primal_shadow_dual
2,April,40,0.0,0.0,0.0,0,0,0,ok,empty_zero_redirection,,
2,April,41,0.0,0.0,0.0,0,0,0,ok,empty_zero_redirection,,
2,April,42,0.0,0.0,0.0,0,0,0,ok,empty_zero_redirection,,
2,April,43,0.0,0.0,0.0,0,0,0,ok,empty_zero_redirection,,
2,April,44,0.0,0.0,0.0,0,0,0,ok,empty_zero_redirection,,
2,April,45,0.0,0.0,0.0,0,0,0,ok,empty_zero_redirection,,
2,April,46,0.0,0.0,0.0,0,0,0,ok,empty_zero_redirection,,
2,April,47,0.0,0.0,0.0,0,0,0,ok,empty_zero_redirection,,
2,April,48,0.0,0.0,0.0,0,0,0,ok,empty_zero_redirection,,
2,May,1,0.0,0.0,0.0,0,0,0,ok,empty_zero_redirection,,
2,May,2,31.073628795113784,0.0,31.073628795113784,1,90,810,ok,optimal,31.073628795113784,standard_primal_shadow_dual
2,May,3,63.65143444856777,0.0,63.65143444856777,3,92,828,ok,optimal,63.65143444856777,standard_primal_shadow_dual
2,May,4,0.0,0.0,0.0,1,90,810,ok,optimal,0.0,standard_primal_shadow_dual
2,May,5,0.0,0.0,0.0,0,0,0,ok,empty_zero_redirection,,
2,May,6,0.0,0.0,0.0,0,0,0,ok,empty_zero_redirection,,
2,May,7,0.0,0.0,0.0,0,0,0,ok,empty_zero_redirection,,
2,May,8,0.0,0.0,0.0,0,0,0,ok,empty_zero_redirection,,
2,May,9,0.0,0.0,0.0,0,0,0,ok,empty_zero_redirection,,
2,May,10,0.0,0.0,0.0,0,0,0,ok,empty_zero_redirection,,
2,May,11,0.0,0.0,0.0,1,80,720,ok,optimal,0.0,standard_primal_shadow_dual
2,May,12,0.0,0.0,0.0,1,96,864,ok,optimal,0.0,standard_primal_shadow_dual
2,May,13,255.44176790558427,0.0,255.44176790558427,1,118,1062,ok,optimal,255.44176790558427,standard_primal_shadow_dual
2,May,14,0.0,0.0,0.0,1,126,1134,ok,optimal,0.0,standard_primal_shadow_dual
2,May,15,125.37658872705384,0.0,125.37658872705384,7,126,1134,ok,optimal,125.37658872705384,standard_primal_shadow_dual
2,May,16,729.7922889058239,0.0,729.7922889058239,12,130,1170,ok,optimal,729.7922889058239,standard_primal_shadow_dual
2,May,17,277.47775131044824,0.0,277.47775131044824,16,130,1170,ok,optimal,277.47775131044824,standard_primal_shadow_dual
2,May,18,2138.073699734202,0.0,2138.073699734202,12,130,1170,ok,optimal,2138.073699734202,standard_primal_shadow_dual
2,May,19,1854.6792043837465,0.0,1854.6792043837465,17,130,1170,ok,optimal,1854.6792043837465,standard_primal_shadow_dual
2,May,20,680.5111226048016,0.0,680.5111226048016,15,130,1170,ok,optimal,680.5111226048016,standard_primal_shadow_dual
2,May,21,1561.8956539477183,0.0,1561.8956539477183,9,130,1170,ok,optimal,1561.8956539477183,standard_primal_shadow_dual
2,May,22,955.0789422126533,0.0,955.0789422126533,8,128,1152,ok,optimal,955.0789422126533,standard_primal_shadow_dual
2,May,23,511.6915514317682,0.0,511.6915514317682,7,126,1134,ok,optimal,511.6915514317682,standard_primal_shadow_dual
2,May,24,381.18822278653,0.0,381.18822278653,6,126,1134,ok,optimal,381.18822278653,standard_primal_shadow_dual
2,May,25,984.5045895091197,0.0,984.5045895091197,5,118,1062,ok,optimal,984.5045895091197,standard_primal_shadow_dual
2,May,26,104.71745145568353,0.0,104.71745145568353,7,122,1098,ok,optimal,104.71745145568353,standard_primal_shadow_dual
2,May,27,66.58252539719908,0.0,66.58252539719908,4,120,1080,ok,optimal,66.58252539719908,standard_primal_shadow_dual
2,May,28,419.44934821351757,0.0,419.44934821351757,9,122,1098,ok,optimal,419.44934821351757,standard_primal_shadow_dual
2,May,29,1254.6136488862896,0.0,1254.6136488862896,8,124,1116,ok,optimal,1254.6136488862896,standard_primal_shadow_dual
2,May,30,593.5067962134748,0.0,593.5067962134748,7,122,1098,ok,optimal,593.5067962134748,standard_primal_shadow_dual
2,May,31,453.0644062308713,0.0,453.0644062308713,7,126,1134,ok,optimal,453.0644062308713,standard_primal_shadow_dual
2,May,32,532.9493733038236,0.0,532.9493733038236,8,126,1134,ok,optimal,532.9493733038236,standard_primal_shadow_dual
2,May,33,597.1104402714346,0.0,597.1104402714346,6,124,1116,ok,optimal,597.1104402714346,standard_primal_shadow_dual
2,May,34,700.3550791730933,0.0,700.3550791730933,9,128,1152,ok,optimal,700.3550791730933,standard_primal_shadow_dual
2,May,35,0.0,0.0,0.0,6,124,1116,ok,optimal,0.0,standard_primal_shadow_dual
2,May,36,54.830431402664146,0.0,54.830431402664146,5,120,1080,ok,optimal,54.830431402664146,standard_primal_shadow_dual
2,May,37,35.1664,0.0,35.1664,4,108,972,ok,optimal,35.1664,standard_primal_shadow_dual
2,May,38,0.0,0.0,0.0,4,112,1008,ok,optimal,0.0,standard_primal_shadow_dual
2,May,39,0.0,0.0,0.0,1,106,954,ok,optimal,0.0,standard_primal_shadow_dual
2,May,40,0.0,0.0,0.0,0,0,0,ok,empty_zero_redirection,,
2,May,41,0.0,0.0,0.0,0,0,0,ok,empty_zero_redirection,,
2,May,42,0.0,0.0,0.0,0,0,0,ok,empty_zero_redirection,,
2,May,43,0.0,0.0,0.0,0,0,0,ok,empty_zero_redirection,,
2,May,44,0.0,0.0,0.0,0,0,0,ok,empty_zero_redirection,,
2,May,45,0.0,0.0,0.0,0,0,0,ok,empty_zero_redirection,,
2,May,46,0.0,0.0,0.0,0,0,0,ok,empty_zero_redirection,,
2,May,47,0.0,0.0,0.0,0,0,0,ok,empty_zero_redirection,,
2,May,48,0.0,0.0,0.0,0,0,0,ok,empty_zero_redirection,,
2,June,1,0.0,0.0,0.0,0,0,0,ok,empty_zero_redirection,,
2,June,2,30.071253672690325,0.0,30.071253672690325,1,90,810,ok,optimal,30.071253672690325,standard_primal_shadow_dual
2,June,3,11.336995947103116,0.0,11.336995947103116,3,92,828,ok,optimal,11.336995947103116,standard_primal_shadow_dual
2,June,4,0.0,0.0,0.0,1,90,810,ok,optimal,0.0,standard_primal_shadow_dual
2,June,5,0.0,0.0,0.0,0,0,0,ok,empty_zero_redirection,,
2,June,6,0.0,0.0,0.0,0,0,0,ok,empty_zero_redirection,,
2,June,7,9.696311250000157,0.0,9.696311250000157,5,24,216,ok,optimal,9.696311250000157,standard_primal_shadow_dual
2,June,8,14.382446250000214,0.0,14.382446250000214,4,20,180,ok,optimal,14.382446250000214,standard_primal_shadow_dual
2,June,9,9.379578598574831,0.0,9.379578598574831,4,32,288,ok,optimal,9.379578598574831,standard_primal_shadow_dual
2,June,10,93.84874875000055,0.0,93.84874875000055,4,32,288,ok,optimal,93.84874875000055,standard_primal_shadow_dual
2,June,11,61.78704552631546,0.0,61.78704552631546,5,80,720,ok,optimal,61.78704552631546,standard_primal_shadow_dual
2,June,12,9.079013290582164,0.0,9.079013290582164,2,96,864,ok,optimal,9.079013290582164,standard_primal_shadow_dual
2,June,13,563.011816525056,0.0,563.011816525056,4,118,1062,ok,optimal,563.011816525056,standard_primal_shadow_dual
2,June,14,0.0,0.0,0.0,3,126,1134,ok,optimal,0.0,standard_primal_shadow_dual
2,June,15,21.16119544645378,0.0,21.16119544645378,4,126,1134,ok,optimal,21.16119544645378,standard_primal_shadow_dual
2,June,16,420.7976428766107,0.0,420.7976428766107,9,130,1170,ok,optimal,420.7976428766107,standard_primal_shadow_dual
2,June,17,1357.2203148388219,0.0,1357.2203148388219,16,130,1170,ok,optimal,1357.2203148388219,standard_primal_shadow_dual
2,June,18,2294.5011303569618,0.0,2294.5011303569618,11,130,1170,ok,optimal,2294.5011303569618,standard_primal_shadow_dual
2,June,19,2191.3476812915164,0.0,2191.3476812915164,11,130,1170,ok,optimal,2191.3476812915164,standard_primal_shadow_dual
2,June,20,719.7021473061313,0.0,719.7021473061313,10,130,1170,ok,optimal,719.7021473061313,standard_primal_shadow_dual
2,June,21,1852.8628381903784,0.0,1852.8628381903784,10,130,1170,ok,optimal,1852.8628381903784,standard_primal_shadow_dual
2,June,22,2057.1376114008567,0.0,2057.1376114008567,8,128,1152,ok,optimal,2057.1376114008567,standard_primal_shadow_dual
2,June,23,1175.0275203813303,0.0,1175.0275203813303,12,126,1134,ok,optimal,1175.0275203813303,standard_primal_shadow_dual
2,June,24,1668.3415332358195,0.0,1668.3415332358195,10,126,1134,ok,optimal,1668.3415332358195,standard_primal_shadow_dual
2,June,25,247.17197029676151,0.0,247.17197029676151,12,118,1062,ok,optimal,247.17197029676151,standard_primal_shadow_dual
2,June,26,1657.7553586854876,0.0,1657.7553586854876,11,122,1098,ok,optimal,1657.7553586854876,standard_primal_shadow_dual
2,June,27,250.17378748634363,0.0,250.17378748634363,11,120,1080,ok,optimal,250.17378748634363,standard_primal_shadow_dual
2,June,28,377.71430101578164,0.0,377.71430101578164,12,122,1098,ok,optimal,377.71430101578164,standard_primal_shadow_dual
2,June,29,1705.7531728132356,0.0,1705.7531728132356,11,124,1116,ok,optimal,1705.7531728132356,standard_primal_shadow_dual
2,June,30,1053.1386902048669,0.0,1053.1386902048669,13,122,1098,ok,optimal,1053.1386902048669,standard_primal_shadow_dual
2,June,31,670.6244112153133,0.0,670.6244112153133,11,126,1134,ok,optimal,670.6244112153133,standard_primal_shadow_dual
2,June,32,247.18332052612934,0.0,247.18332052612934,12,126,1134,ok,optimal,247.18332052612934,standard_primal_shadow_dual
2,June,33,348.42236615315767,0.0,348.42236615315767,10,124,1116,ok,optimal,348.42236615315767,standard_primal_shadow_dual
2,June,34,824.3884491535073,0.0,824.3884491535073,9,128,1152,ok,optimal,824.3884491535073,standard_primal_shadow_dual
2,June,35,729.7123064116056,0.0,729.7123064116056,6,124,1116,ok,optimal,729.7123064116056,standard_primal_shadow_dual
2,June,36,0.0,0.0,0.0,4,120,1080,ok,optimal,0.0,standard_primal_shadow_dual
2,June,37,0.0,0.0,0.0,3,108,972,ok,optimal,0.0,standard_primal_shadow_dual
2,June,38,0.0,0.0,0.0,3,112,1008,ok,optimal,0.0,standard_primal_shadow_dual
2,June,39,31.11041892999216,0.0,31.11041892999216,1,106,954,ok,optimal,31.11041892999216,standard_primal_shadow_dual
2,June,40,0.0,0.0,0.0,0,0,0,ok,empty_zero_redirection,,
2,June,41,0.0,0.0,0.0,0,0,0,ok,empty_zero_redirection,,
2,June,42,0.0,0.0,0.0,0,0,0,ok,empty_zero_redirection,,
2,June,43,0.0,0.0,0.0,0,0,0,ok,empty_zero_redirection,,
2,June,44,0.0,0.0,0.0,0,0,0,ok,empty_zero_redirection,,
2,June,45,0.0,0.0,0.0,0,0,0,ok,empty_zero_redirection,,
2,June,46,0.0,0.0,0.0,0,0,0,ok,empty_zero_redirection,,
2,June,47,0.0,0.0,0.0,0,0,0,ok,empty_zero_redirection,,
2,June,48,0.0,0.0,0.0,0,0,0,ok,empty_zero_redirection,,
2,July,1,0.0,0.0,0.0,0,0,0,ok,empty_zero_redirection,,
2,July,2,31.073628795113336,0.0,31.073628795113336,1,90,810,ok,optimal,31.073628795113336,standard_primal_shadow_dual
2,July,3,23.429791623979487,0.0,23.429791623979487,4,92,828,ok,optimal,23.429791623979487,standard_primal_shadow_dual
2,July,4,0.0,0.0,0.0,1,90,810,ok,optimal,0.0,standard_primal_shadow_dual
2,July,5,0.0,0.0,0.0,0,0,0,ok,empty_zero_redirection,,
2,July,6,0.0,0.0,0.0,0,0,0,ok,empty_zero_redirection,,
2,July,7,0.0,0.0,0.0,0,0,0,ok,empty_zero_redirection,,
2,July,8,0.0,0.0,0.0,0,0,0,ok,empty_zero_redirection,,
2,July,9,0.0,0.0,0.0,0,0,0,ok,empty_zero_redirection,,
2,July,10,0.0,0.0,0.0,0,0,0,ok,empty_zero_redirection,,
2,July,11,0.0,0.0,0.0,1,80,720,ok,optimal,0.0,standard_primal_shadow_dual
2,July,12,0.0,0.0,0.0,0,0,0,ok,empty_zero_redirection,,
2,July,13,0.0,0.0,0.0,1,118,1062,ok,optimal,0.0,standard_primal_shadow_dual
2,July,14,0.0,0.0,0.0,1,126,1134,ok,optimal,0.0,standard_primal_shadow_dual
2,July,15,0.0,0.0,0.0,1,126,1134,ok,optimal,0.0,standard_primal_shadow_dual
2,July,16,306.168329889897,0.0,306.168329889897,7,130,1170,ok,optimal,306.168329889897,standard_primal_shadow_dual
2,July,17,1079.6471014913561,0.0,1079.6471014913561,16,130,1170,ok,optimal,1079.6471014913561,standard_primal_shadow_dual
2,July,18,2023.9061502226275,0.0,2023.9061502226275,9,130,1170,ok,optimal,2023.9061502226275,standard_primal_shadow_dual
2,July,19,1948.842696176198,0.0,1948.842696176198,7,130,1170,ok,optimal,1948.842696176198,standard_primal_shadow_dual
2,July,20,305.9874844597719,0.0,305.9874844597719,7,130,1170,ok,optimal,305.9874844597719,standard_primal_shadow_dual
2,July,21,0.0,0.0,0.0,2,130,1170,ok,optimal,0.0,standard_primal_shadow_dual
2,July,22,0.0,0.0,0.0,2,128,1152,ok,optimal,0.0,standard_primal_shadow_dual
2,July,23,1136.342713087453,0.0,1136.342713087453,7,126,1134,ok,optimal,1136.342713087453,standard_primal_shadow_dual
2,July,24,22.280700510493265,0.0,22.280700510493265,5,126,1134,ok,optimal,22.280700510493265,standard_primal_shadow_dual
2,July,25,281.8006183268109,0.0,281.8006183268109,4,118,1062,ok,optimal,281.8006183268109,standard_primal_shadow_dual
2,July,26,227.108488145274,0.0,227.108488145274,4,122,1098,ok,optimal,227.108488145274,standard_primal_shadow_dual
2,July,27,908.6273906211243,0.0,908.6273906211243,4,120,1080,ok,optimal,908.6273906211243,standard_primal_shadow_dual
2,July,28,981.2061894511836,0.0,981.2061894511836,6,122,1098,ok,optimal,981.2061894511836,standard_primal_shadow_dual
2,July,29,638.6474096182387,0.0,638.6474096182387,3,124,1116,ok,optimal,638.6474096182387,standard_primal_shadow_dual
2,July,30,214.33355746347465,0.0,214.33355746347465,6,122,1098,ok,optimal,214.33355746347465,standard_primal_shadow_dual
2,July,31,164.68825182711757,0.0,164.68825182711757,5,126,1134,ok,optimal,164.68825182711757,standard_primal_shadow_dual
2,July,32,0.0,0.0,0.0,1,126,1134,ok,optimal,0.0,standard_primal_shadow_dual
2,July,33,326.8711517089747,0.0,326.8711517089747,7,124,1116,ok,optimal,326.8711517089747,standard_primal_shadow_dual
2,July,34,227.22278318960215,0.0,227.22278318960215,7,128,1152,ok,optimal,227.22278318960215,standard_primal_shadow_dual
2,July,35,314.3784723561571,0.0,314.3784723561571,6,124,1116,ok,optimal,314.3784723561571,standard_primal_shadow_dual
2,July,36,233.97814912822363,0.0,233.97814912822363,3,120,1080,ok,optimal,233.97814912822363,standard_primal_shadow_dual
2,July,37,0.0,0.0,0.0,2,108,972,ok,optimal,0.0,standard_primal_shadow_dual
2,July,38,28.85938968745158,0.0,28.85938968745158,3,112,1008,ok,optimal,28.85938968745158,standard_primal_shadow_dual
2,July,39,0.0,0.0,0.0,1,106,954,ok,optimal,0.0,standard_primal_shadow_dual
2,July,40,0.0,0.0,0.0,0,0,0,ok,empty_zero_redirection,,
2,July,41,0.0,0.0,0.0,0,0,0,ok,empty_zero_redirection,,
2,July,42,0.0,0.0,0.0,0,0,0,ok,empty_zero_redirection,,
2,July,43,0.0,0.0,0.0,0,0,0,ok,empty_zero_redirection,,
2,July,44,0.0,0.0,0.0,0,0,0,ok,empty_zero_redirection,,
2,July,45,0.0,0.0,0.0,0,0,0,ok,empty_zero_redirection,,
2,July,46,0.0,0.0,0.0,0,0,0,ok,empty_zero_redirection,,
2,July,47,0.0,0.0,0.0,0,0,0,ok,empty_zero_redirection,,
2,July,48,0.0,0.0,0.0,0,0,0,ok,empty_zero_redirection,,
2,August,1,0.0,0.0,0.0,0,0,0,ok,empty_zero_redirection,,
2,August,2,31.07362879511333,0.0,31.07362879511333,1,90,810,ok,optimal,31.07362879511333,standard_primal_shadow_dual
2,August,3,51.93653863656144,0.0,51.93653863656144,3,92,828,ok,optimal,51.93653863656144,standard_primal_shadow_dual
2,August,4,0.0,0.0,0.0,1,90,810,ok,optimal,0.0,standard_primal_shadow_dual
2,August,5,0.0,0.0,0.0,0,0,0,ok,empty_zero_redirection,,
2,August,6,0.0,0.0,0.0,0,0,0,ok,empty_zero_redirection,,
2,August,7,0.0,0.0,0.0,0,0,0,ok,empty_zero_redirection,,
2,August,8,0.0,0.0,0.0,0,0,0,ok,empty_zero_redirection,,
2,August,9,0.0,0.0,0.0,0,0,0,ok,empty_zero_redirection,,
2,August,10,0.0,0.0,0.0,0,0,0,ok,empty_zero_redirection,,
2,August,11,0.0,0.0,0.0,1,80,720,ok,optimal,0.0,standard_primal_shadow_dual
2,August,12,0.0,0.0,0.0,0,0,0,ok,empty_zero_redirection,,
2,August,13,0.0,0.0,0.0,0,0,0,ok,empty_zero_redirection,,
2,August,14,0.0,0.0,0.0,1,126,1134,ok,optimal,0.0,standard_primal_shadow_dual
2,August,15,0.0,0.0,0.0,1,126,1134,ok,optimal,0.0,standard_primal_shadow_dual
2,August,16,362.92382024981697,0.0,362.92382024981697,7,130,1170,ok,optimal,362.92382024981697,standard_primal_shadow_dual
2,August,17,848.6042483699387,0.0,848.6042483699387,13,130,1170,ok,optimal,848.6042483699387,standard_primal_shadow_dual
2,August,18,843.8750296740693,0.0,843.8750296740693,8,130,1170,ok,optimal,843.8750296740693,standard_primal_shadow_dual
2,August,19,1140.0986802685368,0.0,1140.0986802685368,5,130,1170,ok,optimal,1140.0986802685368,standard_primal_shadow_dual
2,August,20,384.5831616594072,0.0,384.5831616594072,4,130,1170,ok,optimal,384.5831616594072,standard_primal_shadow_dual
2,August,21,263.90199869408497,0.0,263.90199869408497,2,130,1170,ok,optimal,263.90199869408497,standard_primal_shadow_dual
2,August,22,263.90199869408497,0.0,263.90199869408497,1,128,1152,ok,optimal,263.90199869408497,standard_primal_shadow_dual
2,August,23,1344.2487049311658,0.0,1344.2487049311658,7,126,1134,ok,optimal,1344.2487049311658,standard_primal_shadow_dual
2,August,24,196.45816534375834,0.0,196.45816534375834,6,126,1134,ok,optimal,196.45816534375834,standard_primal_shadow_dual
2,August,25,44.56140102098675,0.0,44.56140102098675,4,118,1062,ok,optimal,44.56140102098675,standard_primal_shadow_dual
2,August,26,184.57595948961676,0.0,184.57595948961676,3,122,1098,ok,optimal,184.57595948961676,standard_primal_shadow_dual
2,August,27,66.58252539724587,0.0,66.58252539724587,3,120,1080,ok,optimal,66.58252539724587,standard_primal_shadow_dual
2,August,28,132.13037555612462,0.0,132.13037555612462,7,122,1098,ok,optimal,132.13037555612462,standard_primal_shadow_dual
2,August,29,933.4446577125384,0.0,933.4446577125384,4,124,1116,ok,optimal,933.4446577125384,standard_primal_shadow_dual
2,August,30,26.305561598158373,0.0,26.305561598158373,8,122,1098,ok,optimal,26.305561598158373,standard_primal_shadow_dual
2,August,31,0.0,0.0,0.0,5,126,1134,ok,optimal,0.0,standard_primal_shadow_dual
2,August,32,0.0,0.0,0.0,2,126,1134,ok,optimal,0.0,standard_primal_shadow_dual
2,August,33,218.38479038974992,0.0,218.38479038974992,6,124,1116,ok,optimal,218.38479038974992,standard_primal_shadow_dual
2,August,34,256.730335109049,0.0,256.730335109049,9,128,1152,ok,optimal,256.730335109049,standard_primal_shadow_dual
2,August,35,51.135660406647354,0.0,51.135660406647354,4,124,1116,ok,optimal,51.135660406647354,standard_primal_shadow_dual
2,August,36,0.0,0.0,0.0,3,120,1080,ok,optimal,0.0,standard_primal_shadow_dual
2,August,37,0.0,0.0,0.0,0,0,0,ok,empty_zero_redirection,,
2,August,38,0.0,0.0,0.0,1,112,1008,ok,optimal,0.0,standard_primal_shadow_dual
2,August,39,0.0,0.0,0.0,1,106,954,ok,optimal,0.0,standard_primal_shadow_dual
2,August,40,0.0,0.0,0.0,0,0,0,ok,empty_zero_redirection,,
2,August,41,0.0,0.0,0.0,0,0,0,ok,empty_zero_redirection,,
2,August,42,0.0,0.0,0.0,0,0,0,ok,empty_zero_redirection,,
2,August,43,0.0,0.0,0.0,0,0,0,ok,empty_zero_redirection,,
2,August,44,0.0,0.0,0.0,0,0,0,ok,empty_zero_redirection,,
2,August,45,0.0,0.0,0.0,0,0,0,ok,empty_zero_redirection,,
2,August,46,0.0,0.0,0.0,0,0,0,ok,empty_zero_redirection,,
2,August,47,0.0,0.0,0.0,0,0,0,ok,empty_zero_redirection,,
2,August,48,0.0,0.0,0.0,0,0,0,ok,empty_zero_redirection,,
2,September,1,0.0,0.0,0.0,0,0,0,ok,empty_zero_redirection,,
2,September,2,30.071253672690325,0.0,30.071253672690325,1,90,810,ok,optimal,30.071253672690325,standard_primal_shadow_dual
2,September,3,0.0,0.0,0.0,3,92,828,ok,optimal,0.0,standard_primal_shadow_dual
2,September,4,65.35333866502444,0.0,65.35333866502444,1,90,810,ok,optimal,65.35333866502444,standard_primal_shadow_dual
2,September,5,0.0,0.0,0.0,0,0,0,ok,empty_zero_redirection,,
2,September,6,0.0,0.0,0.0,0,0,0,ok,empty_zero_redirection,,
2,September,7,0.0,0.0,0.0,0,0,0,ok,empty_zero_redirection,,
2,September,8,0.0,0.0,0.0,0,0,0,ok,empty_zero_redirection,,
2,September,9,0.0,0.0,0.0,0,0,0,ok,empty_zero_redirection,,
2,September,10,0.0,0.0,0.0,0,0,0,ok,empty_zero_redirection,,
2,September,11,0.0,0.0,0.0,1,80,720,ok,optimal,0.0,standard_primal_shadow_dual
2,September,12,0.0,0.0,0.0,0,0,0,ok,empty_zero_redirection,,
2,September,13,0.0,0.0,0.0,0,0,0,ok,empty_zero_redirection,,
2,September,14,0.0,0.0,0.0,1,126,1134,ok,optimal,0.0,standard_primal_shadow_dual
2,September,15,298.74732863822015,0.0,298.74732863822015,2,126,1134,ok,optimal,298.74732863822015,standard_primal_shadow_dual
2,September,16,510.72563223855434,0.0,510.72563223855434,7,130,1170,ok,optimal,510.72563223855434,standard_primal_shadow_dual
2,September,17,1761.531204523831,0.0,1761.531204523831,16,130,1170,ok,optimal,1761.531204523831,standard_primal_shadow_dual
2,September,18,0.0,0.0,0.0,8,130,1170,ok,optimal,0.0,standard_primal_shadow_dual
2,September,19,524.3116288646584,0.0,524.3116288646584,7,130,1170,ok,optimal,524.3116288646584,standard_primal_shadow_dual
2,September,20,679.3186801819554,0.0,679.3186801819554,4,130,1170,ok,optimal,679.3186801819554,standard_primal_shadow_dual
2,September,21,72.8271790160198,0.0,72.8271790160198,2,130,1170,ok,optimal,72.8271790160198,standard_primal_shadow_dual
2,September,22,0.0,0.0,0.0,1,128,1152,ok,optimal,0.0,standard_primal_shadow_dual
2,September,23,85.90637467893572,0.0,85.90637467893572,8,126,1134,ok,optimal,85.90637467893572,standard_primal_shadow_dual
2,September,24,1028.957716457993,0.0,1028.957716457993,5,126,1134,ok,optimal,1028.957716457993,standard_primal_shadow_dual
2,September,25,78.04782797664063,0.0,78.04782797664063,6,118,1062,ok,optimal,78.04782797664063,standard_primal_shadow_dual
2,September,26,760.2479742412027,0.0,760.2479742412027,5,122,1098,ok,optimal,760.2479742412027,standard_primal_shadow_dual
2,September,27,32.21735099864322,0.0,32.21735099864322,4,120,1080,ok,optimal,32.21735099864322,standard_primal_shadow_dual
2,September,28,304.7944383097688,0.0,304.7944383097688,9,122,1098,ok,optimal,304.7944383097688,standard_primal_shadow_dual
2,September,29,0.0,0.0,0.0,4,124,1116,ok,optimal,0.0,standard_primal_shadow_dual
2,September,30,391.5671125954117,0.0,391.5671125954117,8,122,1098,ok,optimal,391.5671125954117,standard_primal_shadow_dual
2,September,31,0.0,0.0,0.0,3,126,1134,ok,optimal,0.0,standard_primal_shadow_dual
2,September,32,0.0,0.0,0.0,0,0,0,ok,empty_zero_redirection,,
2,September,33,109.08173008769468,0.0,109.08173008769468,6,124,1116,ok,optimal,109.08173008769468,standard_primal_shadow_dual
2,September,34,154.47256041928034,0.0,154.47256041928034,6,128,1152,ok,optimal,154.47256041928034,standard_primal_shadow_dual
2,September,35,356.7601075991994,0.0,356.7601075991994,3,124,1116,ok,optimal,356.7601075991994,standard_primal_shadow_dual
2,September,36,0.0,0.0,0.0,1,120,1080,ok,optimal,0.0,standard_primal_shadow_dual
2,September,37,0.0,0.0,0.0,0,0,0,ok,empty_zero_redirection,,
2,September,38,0.0,0.0,0.0,1,112,1008,ok,optimal,0.0,standard_primal_shadow_dual
2,September,39,0.0,0.0,0.0,1,106,954,ok,optimal,0.0,standard_primal_shadow_dual
2,September,40,0.0,0.0,0.0,0,0,0,ok,empty_zero_redirection,,
2,September,41,0.0,0.0,0.0,0,0,0,ok,empty_zero_redirection,,
2,September,42,0.0,0.0,0.0,0,0,0,ok,empty_zero_redirection,,
2,September,43,0.0,0.0,0.0,0,0,0,ok,empty_zero_redirection,,
2,September,44,0.0,0.0,0.0,0,0,0,ok,empty_zero_redirection,,
2,September,45,0.0,0.0,0.0,0,0,0,ok,empty_zero_redirection,,
2,September,46,0.0,0.0,0.0,0,0,0,ok,empty_zero_redirection,,
2,September,47,0.0,0.0,0.0,0,0,0,ok,empty_zero_redirection,,
2,September,48,0.0,0.0,0.0,0,0,0,ok,empty_zero_redirection,,
2,October,1,0.0,0.0,0.0,0,0,0,ok,empty_zero_redirection,,
2,October,2,31.073628795113336,0.0,31.073628795113336,1,90,810,ok,optimal,31.073628795113336,standard_primal_shadow_dual
2,October,3,63.651434448568,0.0,63.651434448568,3,92,828,ok,optimal,63.651434448568,standard_primal_shadow_dual
2,October,4,0.0,0.0,0.0,1,90,810,ok,optimal,0.0,standard_primal_shadow_dual
2,October,5,0.0,0.0,0.0,0,0,0,ok,empty_zero_redirection,,
2,October,6,0.0,0.0,0.0,0,0,0,ok,empty_zero_redirection,,
2,October,7,0.0,0.0,0.0,0,0,0,ok,empty_zero_redirection,,
2,October,8,0.0,0.0,0.0,0,0,0,ok,empty_zero_redirection,,
2,October,9,0.0,0.0,0.0,0,0,0,ok,empty_zero_redirection,,
2,October,10,0.0,0.0,0.0,0,0,0,ok,empty_zero_redirection,,
2,October,11,0.0,0.0,0.0,0,0,0,ok,empty_zero_redirection,,
2,October,12,0.0,0.0,0.0,0,0,0,ok,empty_zero_redirection,,
2,October,13,0.0,0.0,0.0,0,0,0,ok,empty_zero_redirection,,
2,October,14,0.0,0.0,0.0,1,126,1134,ok,optimal,0.0,standard_primal_shadow_dual
2,October,15,143.41047768875174,0.0,143.41047768875174,1,126,1134,ok,optimal,143.41047768875174,standard_primal_shadow_dual
2,October,16,955.8030250964958,0.0,955.8030250964958,7,130,1170,ok,optimal,955.8030250964958,standard_primal_shadow_dual
2,October,17,755.4197848848484,0.0,755.4197848848484,14,130,1170,ok,optimal,755.4197848848484,standard_primal_shadow_dual
2,October,18,69.84398847160959,0.0,69.84398847160959,8,130,1170,ok,optimal,69.84398847160959,standard_primal_shadow_dual
2,October,19,1709.9830644664723,0.0,1709.9830644664723,4,130,1170,ok,optimal,1709.9830644664723,standard_primal_shadow_dual
2,October,20,14.570801047373807,0.0,14.570801047373807,2,130,1170,ok,optimal,14.570801047373807,standard_primal_shadow_dual
2,October,21,0.0,0.0,0.0,0,0,0,ok,empty_zero_redirection,,
2,October,22,0.0,0.0,0.0,0,0,0,ok,empty_zero_redirection,,
2,October,23,0.0,0.0,0.0,6,126,1134,ok,optimal,0.0,standard_primal_shadow_dual
2,October,24,405.3840445042089,0.0,405.3840445042089,4,126,1134,ok,optimal,405.3840445042089,standard_primal_shadow_dual
2,October,25,22.280700510493375,0.0,22.280700510493375,2,118,1062,ok,optimal,22.280700510493375,standard_primal_shadow_dual
2,October,26,99.32595948959829,0.0,99.32595948959829,2,122,1098,ok,optimal,99.32595948959829,standard_primal_shadow_dual
2,October,27,33.29126269859931,0.0,33.29126269859931,3,120,1080,ok,optimal,33.29126269859931,standard_primal_shadow_dual
2,October,28,132.13037555615,0.0,132.13037555615,6,122,1098,ok,optimal,132.13037555615,standard_primal_shadow_dual
2,October,29,0.0,0.0,0.0,2,124,1116,ok,optimal,0.0,standard_primal_shadow_dual
2,October,30,0.0,0.0,0.0,5,122,1098,ok,optimal,0.0,standard_primal_shadow_dual
2,October,31,1035.7154243217472,0.0,1035.7154243217472,3,126,1134,ok,optimal,1035.7154243217472,standard_primal_shadow_dual
2,October,32,0.0,0.0,0.0,0,0,0,ok,empty_zero_redirection,,
2,October,33,84.78240842080707,0.0,84.78240842080707,5,124,1116,ok,optimal,84.78240842080707,standard_primal_shadow_dual
2,October,34,478.7600041283258,0.0,478.7600041283258,5,128,1152,ok,optimal,478.7600041283258,standard_primal_shadow_dual
2,October,35,51.135660406646565,0.0,51.135660406646565,3,124,1116,ok,optimal,51.135660406646565,standard_primal_shadow_dual
2,October,36,0.0,0.0,0.0,1,120,1080,ok,optimal,0.0,standard_primal_shadow_dual
2,October,37,0.0,0.0,0.0,0,0,0,ok,empty_zero_redirection,,
2,October,38,21.684289374907905,0.0,21.684289374907905,1,112,1008,ok,optimal,21.684289374907905,standard_primal_shadow_dual
2,October,39,64.29486578865146,0.0,64.29486578865146,1,106,954,ok,optimal,64.29486578865146,standard_primal_shadow_dual
2,October,40,0.0,0.0,0.0,0,0,0,ok,empty_zero_redirection,,
2,October,41,0.0,0.0,0.0,0,0,0,ok,empty_zero_redirection,,
2,October,42,0.0,0.0,0.0,0,0,0,ok,empty_zero_redirection,,
2,October,43,0.0,0.0,0.0,0,0,0,ok,empty_zero_redirection,,
2,October,44,0.0,0.0,0.0,0,0,0,ok,empty_zero_redirection,,
2,October,45,0.0,0.0,0.0,0,0,0,ok,empty_zero_redirection,,
2,October,46,0.0,0.0,0.0,0,0,0,ok,empty_zero_redirection,,
2,October,47,0.0,0.0,0.0,0,0,0,ok,empty_zero_redirection,,
2,October,48,0.0,0.0,0.0,0,0,0,ok,empty_zero_redirection,,
2,November,1,0.0,0.0,0.0,0,0,0,ok,empty_zero_redirection,,
2,November,2,0.0,0.0,0.0,1,90,810,ok,optimal,0.0,standard_primal_shadow_dual
2,November,3,61.59816236958193,0.0,61.59816236958193,3,92,828,ok,optimal,61.59816236958193,standard_primal_shadow_dual
2,November,4,0.0,0.0,0.0,1,90,810,ok,optimal,0.0,standard_primal_shadow_dual
2,November,5,0.0,0.0,0.0,0,0,0,ok,empty_zero_redirection,,
2,November,6,0.0,0.0,0.0,0,0,0,ok,empty_zero_redirection,,
2,November,7,0.0,0.0,0.0,0,0,0,ok,empty_zero_redirection,,
2,November,8,0.0,0.0,0.0,0,0,0,ok,empty_zero_redirection,,
2,November,9,0.0,0.0,0.0,0,0,0,ok,empty_zero_redirection,,
2,November,10,0.0,0.0,0.0,0,0,0,ok,empty_zero_redirection,,
2,November,11,0.0,0.0,0.0,0,0,0,ok,empty_zero_redirection,,
2,November,12,0.0,0.0,0.0,0,0,0,ok,empty_zero_redirection,,
2,November,13,0.0,0.0,0.0,0,0,0,ok,empty_zero_redirection,,
2,November,14,0.0,0.0,0.0,1,126,1134,ok,optimal,0.0,standard_primal_shadow_dual
2,November,15,138.78433324718503,0.0,138.78433324718503,1,126,1134,ok,optimal,138.78433324718503,standard_primal_shadow_dual
2,November,16,295.4646868545788,0.0,295.4646868545788,7,130,1170,ok,optimal,295.4646868545788,standard_primal_shadow_dual
2,November,17,1589.0885593351663,0.0,1589.0885593351663,14,130,1170,ok,optimal,1589.0885593351663,standard_primal_shadow_dual
2,November,18,2191.7585338726617,0.0,2191.7585338726617,8,130,1170,ok,optimal,2191.7585338726617,standard_primal_shadow_dual
2,November,19,36.32660477077749,0.0,36.32660477077749,4,130,1170,ok,optimal,36.32660477077749,standard_primal_shadow_dual
2,November,20,296.11692044492514,0.0,296.11692044492514,2,130,1170,ok,optimal,296.11692044492514,standard_primal_shadow_dual
2,November,21,0.0,0.0,0.0,0,0,0,ok,empty_zero_redirection,,
2,November,22,0.0,0.0,0.0,0,0,0,ok,empty_zero_redirection,,
2,November,23,68.06392453515994,0.0,68.06392453515994,8,126,1134,ok,optimal,68.06392453515994,standard_primal_shadow_dual
2,November,24,43.12393647192491,0.0,43.12393647192491,4,126,1134,ok,optimal,43.12393647192491,standard_primal_shadow_dual
2,November,25,0.0,0.0,0.0,2,118,1062,ok,optimal,0.0,standard_primal_shadow_dual
2,November,26,96.12189628025513,0.0,96.12189628025513,2,122,1098,ok,optimal,96.12189628025513,standard_primal_shadow_dual
2,November,27,32.21735099864386,0.0,32.21735099864386,3,120,1080,ok,optimal,32.21735099864386,standard_primal_shadow_dual
2,November,28,375.0,0.0,375.0,6,122,1098,ok,optimal,375.0,standard_primal_shadow_dual
2,November,29,0.0,0.0,0.0,1,124,1116,ok,optimal,0.0,standard_primal_shadow_dual
2,November,30,780.1342251906647,0.0,780.1342251906647,4,122,1098,ok,optimal,780.1342251906647,standard_primal_shadow_dual
2,November,31,1002.3052493435207,0.0,1002.3052493435207,3,126,1134,ok,optimal,1002.3052493435207,standard_primal_shadow_dual
2,November,32,0.0,0.0,0.0,0,0,0,ok,empty_zero_redirection,,
2,November,33,0.0,0.0,0.0,5,124,1116,ok,optimal,0.0,standard_primal_shadow_dual
2,November,34,248.44871139585308,0.0,248.44871139585308,4,128,1152,ok,optimal,248.44871139585308,standard_primal_shadow_dual
2,November,35,0.0,0.0,0.0,3,124,1116,ok,optimal,0.0,standard_primal_shadow_dual
2,November,36,0.0,0.0,0.0,1,120,1080,ok,optimal,0.0,standard_primal_shadow_dual
2,November,37,0.0,0.0,0.0,0,0,0,ok,empty_zero_redirection,,
2,November,38,10.49239808463289,0.0,10.49239808463289,1,112,1008,ok,optimal,10.49239808463289,standard_primal_shadow_dual
2,November,39,0.0,0.0,0.0,1,106,954,ok,optimal,0.0,standard_primal_shadow_dual
2,November,40,0.0,0.0,0.0,0,0,0,ok,empty_zero_redirection,,
2,November,41,0.0,0.0,0.0,0,0,0,ok,empty_zero_redirection,,
2,November,42,0.0,0.0,0.0,0,0,0,ok,empty_zero_redirection,,
2,November,43,0.0,0.0,0.0,0,0,0,ok,empty_zero_redirection,,
2,November,44,0.0,0.0,0.0,0,0,0,ok,empty_zero_redirection,,
2,November,45,0.0,0.0,0.0,0,0,0,ok,empty_zero_redirection,,
2,November,46,0.0,0.0,0.0,0,0,0,ok,empty_zero_redirection,,
2,November,47,0.0,0.0,0.0,0,0,0,ok,empty_zero_redirection,,
2,November,48,0.0,0.0,0.0,0,0,0,ok,empty_zero_redirection,,
2,December,1,0.0,0.0,0.0,0,0,0,ok,empty_zero_redirection,,
2,December,2,31.073628795113336,0.0,31.073628795113336,1,90,810,ok,optimal,31.073628795113336,standard_primal_shadow_dual
2,December,3,63.65143444856801,0.0,63.65143444856801,3,92,828,ok,optimal,63.65143444856801,standard_primal_shadow_dual
2,December,4,135.06356657438525,0.0,135.06356657438525,1,90,810,ok,optimal,135.06356657438525,standard_primal_shadow_dual
2,December,5,0.0,0.0,0.0,0,0,0,ok,empty_zero_redirection,,
2,December,6,0.0,0.0,0.0,0,0,0,ok,empty_zero_redirection,,
2,December,7,0.0,0.0,0.0,0,0,0,ok,empty_zero_redirection,,
2,December,8,0.0,0.0,0.0,0,0,0,ok,empty_zero_redirection,,
2,December,9,0.0,0.0,0.0,0,0,0,ok,empty_zero_redirection,,
2,December,10,0.0,0.0,0.0,0,0,0,ok,empty_zero_redirection,,
2,December,11,0.0,0.0,0.0,0,0,0,ok,empty_zero_redirection,,
2,December,12,0.0,0.0,0.0,0,0,0,ok,empty_zero_redirection,,
2,December,13,0.0,0.0,0.0,0,0,0,ok,empty_zero_redirection,,
2,December,14,0.0,0.0,0.0,1,126,1134,ok,optimal,0.0,standard_primal_shadow_dual
2,December,15,143.41047768875916,0.0,143.41047768875916,1,126,1134,ok,optimal,143.41047768875916,standard_primal_shadow_dual
2,December,16,146.03500173265047,0.0,146.03500173265047,7,130,1170,ok,optimal,146.03500173265047,standard_primal_shadow_dual
2,December,17,3343.6108866310974,0.0,3343.6108866310974,14,130,1170,ok,optimal,3343.6108866310974,standard_primal_shadow_dual
2,December,18,2376.6237444910985,0.0,2376.6237444910985,8,130,1170,ok,optimal,2376.6237444910985,standard_primal_shadow_dual
2,December,19,37.537491596470076,0.0,37.537491596470076,4,130,1170,ok,optimal,37.537491596470076,standard_primal_shadow_dual
2,December,20,305.9874844597619,0.0,305.9874844597619,2,130,1170,ok,optimal,305.9874844597619,standard_primal_shadow_dual
2,December,21,0.0,0.0,0.0,0,0,0,ok,empty_zero_redirection,,
2,December,22,0.0,0.0,0.0,0,0,0,ok,empty_zero_redirection,,
2,December,23,0.0,0.0,0.0,7,126,1134,ok,optimal,0.0,standard_primal_shadow_dual
2,December,24,0.0,0.0,0.0,4,126,1134,ok,optimal,0.0,standard_primal_shadow_dual
2,December,25,0.0,0.0,0.0,2,118,1062,ok,optimal,0.0,standard_primal_shadow_dual
2,December,26,0.0,0.0,0.0,2,122,1098,ok,optimal,0.0,standard_primal_shadow_dual
2,December,27,454.08252539719575,0.0,454.08252539719575,3,120,1080,ok,optimal,454.08252539719575,standard_primal_shadow_dual
2,December,28,519.6303755561477,0.0,519.6303755561477,6,122,1098,ok,optimal,519.6303755561477,standard_primal_shadow_dual
2,December,29,638.647409618239,0.0,638.647409618239,1,124,1116,ok,optimal,638.647409618239,standard_primal_shadow_dual
2,December,30,0.0,0.0,0.0,4,122,1098,ok,optimal,0.0,standard_primal_shadow_dual
2,December,31,0.0,0.0,0.0,3,126,1134,ok,optimal,0.0,standard_primal_shadow_dual
2,December,32,0.0,0.0,0.0,0,0,0,ok,empty_zero_redirection,,
2,December,33,1028.859731135863,0.0,1028.859731135863,5,124,1116,ok,optimal,1028.859731135863,standard_primal_shadow_dual
2,December,34,256.73033510904816,0.0,256.73033510904816,4,128,1152,ok,optimal,256.73033510904816,standard_primal_shadow_dual
2,December,35,419.7877715924859,0.0,419.7877715924859,3,124,1116,ok,optimal,419.7877715924859,standard_primal_shadow_dual
2,December,36,0.0,0.0,0.0,1,120,1080,ok,optimal,0.0,standard_primal_shadow_dual
2,December,37,0.0,0.0,0.0,0,0,0,ok,empty_zero_redirection,,
2,December,38,0.0,0.0,0.0,1,112,1008,ok,optimal,0.0,standard_primal_shadow_dual
2,December,39,0.0,0.0,0.0,1,106,954,ok,optimal,0.0,standard_primal_shadow_dual
2,December,40,0.0,0.0,0.0,0,0,0,ok,empty_zero_redirection,,
2,December,41,0.0,0.0,0.0,0,0,0,ok,empty_zero_redirection,,
2,December,42,0.0,0.0,0.0,0,0,0,ok,empty_zero_redirection,,
2,December,43,0.0,0.0,0.0,0,0,0,ok,empty_zero_redirection,,
2,December,44,0.0,0.0,0.0,0,0,0,ok,empty_zero_redirection,,
2,December,45,0.0,0.0,0.0,0,0,0,ok,empty_zero_redirection,,
2,December,46,0.0,0.0,0.0,0,0,0,ok,empty_zero_redirection,,
2,December,47,0.0,0.0,0.0,0,0,0,ok,empty_zero_redirection,,
2,December,48,0.0,0.0,0.0,0,0,0,ok,empty_zero_redirection,,
3,January,1,0.0,0.0,0.0,0,0,0,ok,empty_zero_redirection,,
3,January,2,0.0,0.0,0.0,1,90,810,ok,optimal,0.0,standard_primal_shadow_dual
3,January,3,0.0,0.0,0.0,3,92,828,ok,optimal,0.0,standard_primal_shadow_dual
3,January,4,0.0,0.0,0.0,1,90,810,ok,optimal,0.0,standard_primal_shadow_dual
3,January,5,0.0,0.0,0.0,0,0,0,ok,empty_zero_redirection,,
3,January,6,0.0,0.0,0.0,0,0,0,ok,empty_zero_redirection,,
3,January,7,0.0,0.0,0.0,0,0,0,ok,empty_zero_redirection,,
3,January,8,0.0,0.0,0.0,0,0,0,ok,empty_zero_redirection,,
3,January,9,0.0,0.0,0.0,0,0,0,ok,empty_zero_redirection,,
3,January,10,0.0,0.0,0.0,0,0,0,ok,empty_zero_redirection,,
3,January,11,0.0,0.0,0.0,0,0,0,ok,empty_zero_redirection,,
3,January,12,0.0,0.0,0.0,0,0,0,ok,empty_zero_redirection,,
3,January,13,0.0,0.0,0.0,0,0,0,ok,empty_zero_redirection,,
3,January,14,0.0,0.0,0.0,1,126,1134,ok,optimal,0.0,standard_primal_shadow_dual
3,January,15,0.0,0.0,0.0,1,126,1134,ok,optimal,0.0,standard_primal_shadow_dual
3,January,16,0.0,0.0,0.0,7,130,1170,ok,optimal,0.0,standard_primal_shadow_dual
3,January,17,69.0028366146782,0.0,69.0028366146782,12,130,1170,ok,optimal,69.0028366146782,standard_primal_shadow_dual
3,January,18,0.0,0.0,0.0,6,130,1170,ok,optimal,0.0,standard_primal_shadow_dual
3,January,19,0.0,0.0,0.0,3,130,1170,ok,optimal,0.0,standard_primal_shadow_dual
3,January,20,0.0,0.0,0.0,2,130,1170,ok,optimal,0.0,standard_primal_shadow_dual
3,January,21,0.0,0.0,0.0,0,0,0,ok,empty_zero_redirection,,
3,January,22,0.0,0.0,0.0,0,0,0,ok,empty_zero_redirection,,
3,January,23,0.0,0.0,0.0,6,126,1134,ok,optimal,0.0,standard_primal_shadow_dual
3,January,24,0.0,0.0,0.0,4,126,1134,ok,optimal,0.0,standard_primal_shadow_dual
3,January,25,0.0,0.0,0.0,2,118,1062,ok,optimal,0.0,standard_primal_shadow_dual
3,January,26,0.0,0.0,0.0,2,122,1098,ok,optimal,0.0,standard_primal_shadow_dual
3,January,27,0.0,0.0,0.0,3,120,1080,ok,optimal,0.0,standard_primal_shadow_dual
3,January,28,0.0,0.0,0.0,6,122,1098,ok,optimal,0.0,standard_primal_shadow_dual
3,January,29,0.0,0.0,0.0,1,124,1116,ok,optimal,0.0,standard_primal_shadow_dual
3,January,30,3.1,0.0,3.1,4,122,1098,ok,optimal,3.1,standard_primal_shadow_dual
3,January,31,0.0,0.0,0.0,2,126,1134,ok,optimal,0.0,standard_primal_shadow_dual
3,January,32,0.0,0.0,0.0,0,0,0,ok,empty_zero_redirection,,
3,January,33,0.0,0.0,0.0,5,124,1116,ok,optimal,0.0,standard_primal_shadow_dual
3,January,34,293.12865902765,0.0,293.12865902765,5,128,1152,ok,optimal,293.12865902765,standard_primal_shadow_dual
3,January,35,0.0,0.0,0.0,3,124,1116,ok,optimal,0.0,standard_primal_shadow_dual
3,January,36,0.0,0.0,0.0,1,120,1080,ok,optimal,0.0,standard_primal_shadow_dual
3,January,37,0.0,0.0,0.0,0,0,0,ok,empty_zero_redirection,,
3,January,38,0.0,0.0,0.0,1,112,1008,ok,optimal,0.0,standard_primal_shadow_dual
3,January,39,0.0,0.0,0.0,1,106,954,ok,optimal,0.0,standard_primal_shadow_dual
3,January,40,0.0,0.0,0.0,0,0,0,ok,empty_zero_redirection,,
3,January,41,0.0,0.0,0.0,0,0,0,ok,empty_zero_redirection,,
3,January,42,0.0,0.0,0.0,0,0,0,ok,empty_zero_redirection,,
3,January,43,0.0,0.0,0.0,0,0,0,ok,empty_zero_redirection,,
3,January,44,0.0,0.0,0.0,0,0,0,ok,empty_zero_redirection,,
3,January,45,0.0,0.0,0.0,0,0,0,ok,empty_zero_redirection,,
3,January,46,0.0,0.0,0.0,0,0,0,ok,empty_zero_redirection,,
3,January,47,0.0,0.0,0.0,0,0,0,ok,empty_zero_redirection,,
3,January,48,0.0,0.0,0.0,0,0,0,ok,empty_zero_redirection,,
3,February,1,0.0,0.0,0.0,0,0,0,ok,empty_zero_redirection,,
3,February,2,0.0,0.0,0.0,1,90,810,ok,optimal,0.0,standard_primal_shadow_dual
3,February,3,0.0,0.0,0.0,3,92,828,ok,optimal,0.0,standard_primal_shadow_dual
3,February,4,0.0,0.0,0.0,1,90,810,ok,optimal,0.0,standard_primal_shadow_dual
3,February,5,0.0,0.0,0.0,0,0,0,ok,empty_zero_redirection,,
3,February,6,0.0,0.0,0.0,0,0,0,ok,empty_zero_redirection,,
3,February,7,0.0,0.0,0.0,0,0,0,ok,empty_zero_redirection,,
3,February,8,0.0,0.0,0.0,0,0,0,ok,empty_zero_redirection,,
3,February,9,0.0,0.0,0.0,0,0,0,ok,empty_zero_redirection,,
3,February,10,0.0,0.0,0.0,0,0,0,ok,empty_zero_redirection,,
3,February,11,0.0,0.0,0.0,0,0,0,ok,empty_zero_redirection,,
3,February,12,0.0,0.0,0.0,0,0,0,ok,empty_zero_redirection,,
3,February,13,0.0,0.0,0.0,0,0,0,ok,empty_zero_redirection,,
3,February,14,0.0,0.0,0.0,1,126,1134,ok,optimal,0.0,standard_primal_shadow_dual
3,February,15,0.0,0.0,0.0,1,126,1134,ok,optimal,0.0,standard_primal_shadow_dual
3,February,16,4.238542065801113,0.0,4.238542065801113,7,130,1170,ok,optimal,4.238542065801113,standard_primal_shadow_dual
3,February,17,225.921345007438,0.0,225.921345007438,12,130,1170,ok,optimal,225.921345007438,standard_primal_shadow_dual
3,February,18,164.0714927819397,0.0,164.0714927819397,7,130,1170,ok,optimal,164.0714927819397,standard_primal_shadow_dual
3,February,19,0.0,0.0,0.0,3,130,1170,ok,optimal,0.0,standard_primal_shadow_dual
3,February,20,0.0,0.0,0.0,2,130,1170,ok,optimal,0.0,standard_primal_shadow_dual
3,February,21,0.0,0.0,0.0,0,0,0,ok,empty_zero_redirection,,
3,February,22,0.0,0.0,0.0,0,0,0,ok,empty_zero_redirection,,
3,February,23,0.0,0.0,0.0,6,126,1134,ok,optimal,0.0,standard_primal_shadow_dual
3,February,24,20.124503686889483,0.0,20.124503686889483,5,126,1134,ok,optimal,20.124503686889483,standard_primal_shadow_dual
3,February,25,0.0,0.0,0.0,2,118,1062,ok,optimal,0.0,standard_primal_shadow_dual
3,February,26,0.0,0.0,0.0,4,122,1098,ok,optimal,0.0,standard_primal_shadow_dual
3,February,27,0.0,0.0,0.0,3,120,1080,ok,optimal,0.0,standard_primal_shadow_dual
3,February,28,0.0,0.0,0.0,8,122,1098,ok,optimal,0.0,standard_primal_shadow_dual
3,February,29,0.0,0.0,0.0,2,124,1116,ok,optimal,0.0,standard_primal_shadow_dual
3,February,30,2.8000000000000003,0.0,2.8000000000000003,5,122,1098,ok,optimal,2.8000000000000003,standard_primal_shadow_dual
3,February,31,0.0,0.0,0.0,2,126,1134,ok,optimal,0.0,standard_primal_shadow_dual
3,February,32,0.0,0.0,0.0,0,0,0,ok,empty_zero_redirection,,
3,February,33,0.0,0.0,0.0,6,124,1116,ok,optimal,0.0,standard_primal_shadow_dual
3,February,34,90.87042496695348,0.0,90.87042496695348,4,128,1152,ok,optimal,90.87042496695348,standard_primal_shadow_dual
3,February,35,0.0,0.0,0.0,3,124,1116,ok,optimal,0.0,standard_primal_shadow_dual
3,February,36,0.0,0.0,0.0,1,120,1080,ok,optimal,0.0,standard_primal_shadow_dual
3,February,37,0.0,0.0,0.0,0,0,0,ok,empty_zero_redirection,,
3,February,38,0.0,0.0,0.0,1,112,1008,ok,optimal,0.0,standard_primal_shadow_dual
3,February,39,0.0,0.0,0.0,1,106,954,ok,optimal,0.0,standard_primal_shadow_dual
3,February,40,0.0,0.0,0.0,0,0,0,ok,empty_zero_redirection,,
3,February,41,0.0,0.0,0.0,0,0,0,ok,empty_zero_redirection,,
3,February,42,0.0,0.0,0.0,0,0,0,ok,empty_zero_redirection,,
3,February,43,0.0,0.0,0.0,0,0,0,ok,empty_zero_redirection,,
3,February,44,0.0,0.0,0.0,0,0,0,ok,empty_zero_redirection,,
3,February,45,0.0,0.0,0.0,0,0,0,ok,empty_zero_redirection,,
3,February,46,0.0,0.0,0.0,0,0,0,ok,empty_zero_redirection,,
3,February,47,0.0,0.0,0.0,0,0,0,ok,empty_zero_redirection,,
3,February,48,0.0,0.0,0.0,0,0,0,ok,empty_zero_redirection,,
3,March,1,0.0,0.0,0.0,0,0,0,ok,empty_zero_redirection,,
3,March,2,0.0,0.0,0.0,1,90,810,ok,optimal,0.0,standard_primal_shadow_dual
3,March,3,63.651434448560096,0.0,63.651434448560096,3,92,828,ok,optimal,63.651434448560096,standard_primal_shadow_dual
3,March,4,0.0,0.0,0.0,1,90,810,ok,optimal,0.0,standard_primal_shadow_dual
3,March,5,0.0,0.0,0.0,0,0,0,ok,empty_zero_redirection,,
3,March,6,0.0,0.0,0.0,0,0,0,ok,empty_zero_redirection,,
3,March,7,0.0,0.0,0.0,0,0,0,ok,empty_zero_redirection,,
3,March,8,0.0,0.0,0.0,0,0,0,ok,empty_zero_redirection,,
3,March,9,0.0,0.0,0.0,0,0,0,ok,empty_zero_redirection,,
3,March,10,0.0,0.0,0.0,0,0,0,ok,empty_zero_redirection,,
3,March,11,0.0,0.0,0.0,0,0,0,ok,empty_zero_redirection,,
3,March,12,0.0,0.0,0.0,0,0,0,ok,empty_zero_redirection,,
3,March,13,0.0,0.0,0.0,0,0,0,ok,empty_zero_redirection,,
3,March,14,0.0,0.0,0.0,1,126,1134,ok,optimal,0.0,standard_primal_shadow_dual
3,March,15,0.0,0.0,0.0,3,126,1134,ok,optimal,0.0,standard_primal_shadow_dual
3,March,16,0.0,0.0,0.0,8,130,1170,ok,optimal,0.0,standard_primal_shadow_dual
3,March,17,209.3092666384062,0.0,209.3092666384062,13,130,1170,ok,optimal,209.3092666384062,standard_primal_shadow_dual
3,March,18,0.0,0.0,0.0,8,130,1170,ok,optimal,0.0,standard_primal_shadow_dual
3,March,19,0.0,0.0,0.0,4,130,1170,ok,optimal,0.0,standard_primal_shadow_dual
3,March,20,3.865343749998211,0.0,3.865343749998211,6,130,1170,ok,optimal,3.865343749998211,standard_primal_shadow_dual
3,March,21,0.0,0.0,0.0,2,130,1170,ok,optimal,0.0,standard_primal_shadow_dual
3,March,22,0.0,0.0,0.0,1,128,1152,ok,optimal,0.0,standard_primal_shadow_dual
3,March,23,0.0,0.0,0.0,7,126,1134,ok,optimal,0.0,standard_primal_shadow_dual
3,March,24,3.5123961921370928,0.0,3.5123961921370928,5,126,1134,ok,optimal,3.5123961921370928,standard_primal_shadow_dual
3,March,25,0.0,0.0,0.0,3,118,1062,ok,optimal,0.0,standard_primal_shadow_dual
3,March,26,0.0,0.0,0.0,3,122,1098,ok,optimal,0.0,standard_primal_shadow_dual
3,March,27,0.0,0.0,0.0,3,120,1080,ok,optimal,0.0,standard_primal_shadow_dual
3,March,28,135.63625351464614,0.0,135.63625351464614,6,122,1098,ok,optimal,135.63625351464614,standard_primal_shadow_dual
3,March,29,0.0,0.0,0.0,3,124,1116,ok,optimal,0.0,standard_primal_shadow_dual
3,March,30,3.1,0.0,3.1,5,122,1098,ok,optimal,3.1,standard_primal_shadow_dual
3,March,31,0.0,0.0,0.0,3,126,1134,ok,optimal,0.0,standard_primal_shadow_dual
3,March,32,0.0,0.0,0.0,0,0,0,ok,empty_zero_redirection,,
3,March,33,0.0,0.0,0.0,5,124,1116,ok,optimal,0.0,standard_primal_shadow_dual
3,March,34,0.0,0.0,0.0,7,128,1152,ok,optimal,0.0,standard_primal_shadow_dual
3,March,35,0.0,0.0,0.0,3,124,1116,ok,optimal,0.0,standard_primal_shadow_dual
3,March,36,0.0,0.0,0.0,1,120,1080,ok,optimal,0.0,standard_primal_shadow_dual
3,March,37,0.0,0.0,0.0,1,108,972,ok,optimal,0.0,standard_primal_shadow_dual
3,March,38,0.0,0.0,0.0,3,112,1008,ok,optimal,0.0,standard_primal_shadow_dual
3,March,39,0.0,0.0,0.0,1,106,954,ok,optimal,0.0,standard_primal_shadow_dual
3,March,40,0.0,0.0,0.0,0,0,0,ok,empty_zero_redirection,,
3,March,41,0.0,0.0,0.0,0,0,0,ok,empty_zero_redirection,,
3,March,42,0.0,0.0,0.0,0,0,0,ok,empty_zero_redirection,,
3,March,43,0.0,0.0,0.0,0,0,0,ok,empty_zero_redirection,,
3,March,44,0.0,0.0,0.0,0,0,0,ok,empty_zero_redirection,,
3,March,45,0.0,0.0,0.0,0,0,0,ok,empty_zero_redirection,,
3,March,46,0.0,0.0,0.0,0,0,0,ok,empty_zero_redirection,,
3,March,47,0.0,0.0,0.0,0,0,0,ok,empty_zero_redirection,,
3,March,48,0.0,0.0,0.0,0,0,0,ok,empty_zero_redirection,,
3,April,1,0.0,0.0,0.0,0,0,0,ok,empty_zero_redirection,,
3,April,2,0.0,0.0,0.0,1,90,810,ok,optimal,0.0,standard_primal_shadow_dual
3,April,3,11.336995947094056,0.0,11.336995947094056,3,92,828,ok,optimal,11.336995947094056,standard_primal_shadow_dual
3,April,4,0.0,0.0,0.0,1,90,810,ok,optimal,0.0,standard_primal_shadow_dual
3,April,5,0.0,0.0,0.0,0,0,0,ok,empty_zero_redirection,,
3,April,6,0.0,0.0,0.0,0,0,0,ok,empty_zero_redirection,,
3,April,7,0.0,0.0,0.0,0,0,0,ok,empty_zero_redirection,,
3,April,8,0.0,0.0,0.0,0,0,0,ok,empty_zero_redirection,,
3,April,9,0.0,0.0,0.0,0,0,0,ok,empty_zero_redirection,,
3,April,10,0.0,0.0,0.0,0,0,0,ok,empty_zero_redirection,,
3,April,11,0.0,0.0,0.0,1,80,720,ok,optimal,0.0,standard_primal_shadow_dual
3,April,12,0.0,0.0,0.0,0,0,0,ok,empty_zero_redirection,,
3,April,13,0.0,0.0,0.0,2,118,1062,ok,optimal,0.0,standard_primal_shadow_dual
3,April,14,0.0,0.0,0.0,1,126,1134,ok,optimal,0.0,standard_primal_shadow_dual
3,April,15,3.770440769050927,0.0,3.770440769050927,3,126,1134,ok,optimal,3.770440769050927,standard_primal_shadow_dual
3,April,16,0.0,0.0,0.0,8,130,1170,ok,optimal,0.0,standard_primal_shadow_dual
3,April,17,170.4313992695665,0.0,170.4313992695665,14,130,1170,ok,optimal,170.4313992695665,standard_primal_shadow_dual
3,April,18,158.66844635078175,0.0,158.66844635078175,11,130,1170,ok,optimal,158.66844635078175,standard_primal_shadow_dual
3,April,19,100.43846473321757,0.0,100.43846473321757,9,130,1170,ok,optimal,100.43846473321757,standard_primal_shadow_dual
3,April,20,442.1330193446673,0.0,442.1330193446673,10,130,1170,ok,optimal,442.1330193446673,standard_primal_shadow_dual
3,April,21,0.0,0.0,0.0,9,130,1170,ok,optimal,0.0,standard_primal_shadow_dual
3,April,22,0.0,0.0,0.0,7,128,1152,ok,optimal,0.0,standard_primal_shadow_dual
3,April,23,0.0,0.0,0.0,7,126,1134,ok,optimal,0.0,standard_primal_shadow_dual
3,April,24,0.0,0.0,0.0,9,126,1134,ok,optimal,0.0,standard_primal_shadow_dual
3,April,25,0.0,0.0,0.0,6,118,1062,ok,optimal,0.0,standard_primal_shadow_dual
3,April,26,82.3210232044999,0.0,82.3210232044999,6,122,1098,ok,optimal,82.3210232044999,standard_primal_shadow_dual
3,April,27,0.0,0.0,0.0,7,120,1080,ok,optimal,0.0,standard_primal_shadow_dual
3,April,28,1012.1957133342081,0.0,1012.1957133342081,11,122,1098,ok,optimal,1012.1957133342081,standard_primal_shadow_dual
3,April,29,0.0,0.0,0.0,10,124,1116,ok,optimal,0.0,standard_primal_shadow_dual
3,April,30,285.4256950949921,0.0,285.4256950949921,11,122,1098,ok,optimal,285.4256950949921,standard_primal_shadow_dual
3,April,31,627.3052493436818,0.0,627.3052493436818,8,126,1134,ok,optimal,627.3052493436818,standard_primal_shadow_dual
3,April,32,0.0,0.0,0.0,7,126,1134,ok,optimal,0.0,standard_primal_shadow_dual
3,April,33,178.18447040421162,0.0,178.18447040421162,6,124,1116,ok,optimal,178.18447040421162,standard_primal_shadow_dual
3,April,34,381.0340654406596,0.0,381.0340654406596,10,128,1152,ok,optimal,381.0340654406596,standard_primal_shadow_dual
3,April,35,0.0,0.0,0.0,6,124,1116,ok,optimal,0.0,standard_primal_shadow_dual
3,April,36,0.0,0.0,0.0,4,120,1080,ok,optimal,0.0,standard_primal_shadow_dual
3,April,37,0.0,0.0,0.0,2,108,972,ok,optimal,0.0,standard_primal_shadow_dual
3,April,38,0.0,0.0,0.0,3,112,1008,ok,optimal,0.0,standard_primal_shadow_dual
3,April,39,0.0,0.0,0.0,1,106,954,ok,optimal,0.0,standard_primal_shadow_dual
3,April,40,0.0,0.0,0.0,0,0,0,ok,empty_zero_redirection,,
3,April,41,0.0,0.0,0.0,0,0,0,ok,empty_zero_redirection,,
3,April,42,0.0,0.0,0.0,0,0,0,ok,empty_zero_redirection,,
3,April,43,0.0,0.0,0.0,0,0,0,ok,empty_zero_redirection,,
3,April,44,0.0,0.0,0.0,0,0,0,ok,empty_zero_redirection,,
3,April,45,0.0,0.0,0.0,0,0,0,ok,empty_zero_redirection,,
3,April,46,0.0,0.0,0.0,0,0,0,ok,empty_zero_redirection,,
3,April,47,0.0,0.0,0.0,0,0,0,ok,empty_zero_redirection,,
3,April,48,0.0,0.0,0.0,0,0,0,ok,empty_zero_redirection,,
3,May,1,0.0,0.0,0.0,0,0,0,ok,empty_zero_redirection,,
3,May,2,0.0,0.0,0.0,1,90,810,ok,optimal,0.0,standard_primal_shadow_dual
3,May,3,0.0,0.0,0.0,3,92,828,ok,optimal,0.0,standard_primal_shadow_dual
3,May,4,0.0,0.0,0.0,1,90,810,ok,optimal,0.0,standard_primal_shadow_dual
3,May,5,0.0,0.0,0.0,0,0,0,ok,empty_zero_redirection,,
3,May,6,0.0,0.0,0.0,0,0,0,ok,empty_zero_redirection,,
3,May,7,0.0,0.0,0.0,0,0,0,ok,empty_zero_redirection,,
3,May,8,0.0,0.0,0.0,0,0,0,ok,empty_zero_redirection,,
3,May,9,0.0,0.0,0.0,0,0,0,ok,empty_zero_redirection,,
3,May,10,0.0,0.0,0.0,0,0,0,ok,empty_zero_redirection,,
3,May,11,56.86711875000014,0.0,56.86711875000014,1,80,720,ok,optimal,56.86711875000014,standard_primal_shadow_dual
3,May,12,0.0,0.0,0.0,1,96,864,ok,optimal,0.0,standard_primal_shadow_dual
3,May,13,0.0,0.0,0.0,1,118,1062,ok,optimal,0.0,standard_primal_shadow_dual
3,May,14,0.0,0.0,0.0,1,126,1134,ok,optimal,0.0,standard_primal_shadow_dual
3,May,15,298.95028504782084,0.0,298.95028504782084,7,126,1134,ok,optimal,298.95028504782084,standard_primal_shadow_dual
3,May,16,115.91082668790668,0.0,115.91082668790668,12,130,1170,ok,optimal,115.91082668790668,standard_primal_shadow_dual
3,May,17,191.20134157423877,0.0,191.20134157423877,13,130,1170,ok,optimal,191.20134157423877,standard_primal_shadow_dual
3,May,18,160.22325042595023,0.0,160.22325042595023,11,130,1170,ok,optimal,160.22325042595023,standard_primal_shadow_dual
3,May,19,207.19273604648936,0.0,207.19273604648936,14,130,1170,ok,optimal,207.19273604648936,standard_primal_shadow_dual
3,May,20,459.6450496170951,0.0,459.6450496170951,15,130,1170,ok,optimal,459.6450496170951,standard_primal_shadow_dual
3,May,21,349.2802841031723,0.0,349.2802841031723,10,130,1170,ok,optimal,349.2802841031723,standard_primal_shadow_dual
3,May,22,0.0,0.0,0.0,8,128,1152,ok,optimal,0.0,standard_primal_shadow_dual
3,May,23,0.0,0.0,0.0,6,126,1134,ok,optimal,0.0,standard_primal_shadow_dual
3,May,24,0.0,0.0,0.0,6,126,1134,ok,optimal,0.0,standard_primal_shadow_dual
3,May,25,0.0,0.0,0.0,5,118,1062,ok,optimal,0.0,standard_primal_shadow_dual
3,May,26,317.5695518920302,0.0,317.5695518920302,5,122,1098,ok,optimal,317.5695518920302,standard_primal_shadow_dual
3,May,27,0.0,0.0,0.0,4,120,1080,ok,optimal,0.0,standard_primal_shadow_dual
3,May,28,222.72777351081717,0.0,222.72777351081717,8,122,1098,ok,optimal,222.72777351081717,standard_primal_shadow_dual
3,May,29,0.0,0.0,0.0,8,124,1116,ok,optimal,0.0,standard_primal_shadow_dual
3,May,30,1.55,0.0,1.55,7,122,1098,ok,optimal,1.55,standard_primal_shadow_dual
3,May,31,0.0,0.0,0.0,7,126,1134,ok,optimal,0.0,standard_primal_shadow_dual
3,May,32,39.5709946081825,0.0,39.5709946081825,7,126,1134,ok,optimal,39.5709946081825,standard_primal_shadow_dual
3,May,33,27.935379336505463,0.0,27.935379336505463,6,124,1116,ok,optimal,27.935379336505463,standard_primal_shadow_dual
3,May,34,0.0,0.0,0.0,9,128,1152,ok,optimal,0.0,standard_primal_shadow_dual
3,May,35,0.0,0.0,0.0,6,124,1116,ok,optimal,0.0,standard_primal_shadow_dual
3,May,36,3.1,0.0,3.1,5,120,1080,ok,optimal,3.1,standard_primal_shadow_dual
3,May,37,0.0,0.0,0.0,4,108,972,ok,optimal,0.0,standard_primal_shadow_dual
3,May,38,0.0,0.0,0.0,4,112,1008,ok,optimal,0.0,standard_primal_shadow_dual
3,May,39,0.0,0.0,0.0,1,106,954,ok,optimal,0.0,standard_primal_shadow_dual
3,May,40,0.0,0.0,0.0,0,0,0,ok,empty_zero_redirection,,
3,May,41,0.0,0.0,0.0,0,0,0,ok,empty_zero_redirection,,
3,May,42,0.0,0.0,0.0,0,0,0,ok,empty_zero_redirection,,
3,May,43,0.0,0.0,0.0,0,0,0,ok,empty_zero_redirection,,
3,May,44,0.0,0.0,0.0,0,0,0,ok,empty_zero_redirection,,
3,May,45,0.0,0.0,0.0,0,0,0,ok,empty_zero_redirection,,
3,May,46,0.0,0.0,0.0,0,0,0,ok,empty_zero_redirection,,
3,May,47,0.0,0.0,0.0,0,0,0,ok,empty_zero_redirection,,
3,May,48,0.0,0.0,0.0,0,0,0,ok,empty_zero_redirection,,
3,June,1,0.0,0.0,0.0,0,0,0,ok,empty_zero_redirection,,
3,June,2,0.0,0.0,0.0,1,90,810,ok,optimal,0.0,standard_primal_shadow_dual
3,June,3,0.0,0.0,0.0,3,92,828,ok,optimal,0.0,standard_primal_shadow_dual
3,June,4,0.0,0.0,0.0,1,90,810,ok,optimal,0.0,standard_primal_shadow_dual
3,June,5,0.0,0.0,0.0,0,0,0,ok,empty_zero_redirection,,
3,June,6,0.0,0.0,0.0,0,0,0,ok,empty_zero_redirection,,
3,June,7,0.0,0.0,0.0,5,24,216,ok,optimal,0.0,standard_primal_shadow_dual
3,June,8,0.0,0.0,0.0,5,20,180,ok,optimal,0.0,standard_primal_shadow_dual
3,June,9,4.325729999996568,0.0,4.325729999996568,4,32,288,ok,optimal,4.325729999996568,standard_primal_shadow_dual
3,June,10,28.204139999998294,0.0,28.204139999998294,4,32,288,ok,optimal,28.204139999998294,standard_primal_shadow_dual
3,June,11,0.0,0.0,0.0,5,80,720,ok,optimal,0.0,standard_primal_shadow_dual
3,June,12,0.0,0.0,0.0,2,96,864,ok,optimal,0.0,standard_primal_shadow_dual
3,June,13,0.0,0.0,0.0,4,118,1062,ok,optimal,0.0,standard_primal_shadow_dual
3,June,14,0.0,0.0,0.0,3,126,1134,ok,optimal,0.0,standard_primal_shadow_dual
3,June,15,0.0,0.0,0.0,4,126,1134,ok,optimal,0.0,standard_primal_shadow_dual
3,June,16,0.0,0.0,0.0,9,130,1170,ok,optimal,0.0,standard_primal_shadow_dual
3,June,17,373.1688834221726,0.0,373.1688834221726,14,130,1170,ok,optimal,373.1688834221726,standard_primal_shadow_dual
3,June,18,0.0,0.0,0.0,9,130,1170,ok,optimal,0.0,standard_primal_shadow_dual
3,June,19,0.0,0.0,0.0,10,130,1170,ok,optimal,0.0,standard_primal_shadow_dual
3,June,20,282.01614523792415,0.0,282.01614523792415,9,130,1170,ok,optimal,282.01614523792415,standard_primal_shadow_dual
3,June,21,242.3480764666564,0.0,242.3480764666564,11,130,1170,ok,optimal,242.3480764666564,standard_primal_shadow_dual
3,June,22,0.0,0.0,0.0,8,128,1152,ok,optimal,0.0,standard_primal_shadow_dual
3,June,23,0.0,0.0,0.0,11,126,1134,ok,optimal,0.0,standard_primal_shadow_dual
3,June,24,0.0,0.0,0.0,9,126,1134,ok,optimal,0.0,standard_primal_shadow_dual
3,June,25,375.4981141384345,0.0,375.4981141384345,9,118,1062,ok,optimal,375.4981141384345,standard_primal_shadow_dual
3,June,26,529.1360785468796,0.0,529.1360785468796,10,122,1098,ok,optimal,529.1360785468796,standard_primal_shadow_dual
3,June,27,316.325409748687,0.0,316.325409748687,10,120,1080,ok,optimal,316.325409748687,standard_primal_shadow_dual
3,June,28,1531.0148419900102,0.0,1531.0148419900102,11,122,1098,ok,optimal,1531.0148419900102,standard_primal_shadow_dual
3,June,29,0.0,0.0,0.0,11,124,1116,ok,optimal,0.0,standard_primal_shadow_dual
3,June,30,0.0,0.0,0.0,14,122,1098,ok,optimal,0.0,standard_primal_shadow_dual
3,June,31,0.0,0.0,0.0,10,126,1134,ok,optimal,0.0,standard_primal_shadow_dual
3,June,32,294.50343950355784,0.0,294.50343950355784,12,126,1134,ok,optimal,294.50343950355784,standard_primal_shadow_dual
3,June,33,178.18447040421145,0.0,178.18447040421145,8,124,1116,ok,optimal,178.18447040421145,standard_primal_shadow_dual
3,June,34,0.0,0.0,0.0,9,128,1152,ok,optimal,0.0,standard_primal_shadow_dual
3,June,35,0.0,0.0,0.0,6,124,1116,ok,optimal,0.0,standard_primal_shadow_dual
3,June,36,0.0,0.0,0.0,4,120,1080,ok,optimal,0.0,standard_primal_shadow_dual
3,June,37,0.0,0.0,0.0,3,108,972,ok,optimal,0.0,standard_primal_shadow_dual
3,June,38,0.0,0.0,0.0,3,112,1008,ok,optimal,0.0,standard_primal_shadow_dual
3,June,39,0.0,0.0,0.0,1,106,954,ok,optimal,0.0,standard_primal_shadow_dual
3,June,40,0.0,0.0,0.0,0,0,0,ok,empty_zero_redirection,,
3,June,41,0.0,0.0,0.0,0,0,0,ok,empty_zero_redirection,,
3,June,42,0.0,0.0,0.0,0,0,0,ok,empty_zero_redirection,,
3,June,43,0.0,0.0,0.0,0,0,0,ok,empty_zero_redirection,,
3,June,44,0.0,0.0,0.0,0,0,0,ok,empty_zero_redirection,,
3,June,45,0.0,0.0,0.0,0,0,0,ok,empty_zero_redirection,,
3,June,46,0.0,0.0,0.0,0,0,0,ok,empty_zero_redirection,,
3,June,47,0.0,0.0,0.0,0,0,0,ok,empty_zero_redirection,,
3,June,48,0.0,0.0,0.0,0,0,0,ok,empty_zero_redirection,,
3,July,1,0.0,0.0,0.0,0,0,0,ok,empty_zero_redirection,,
3,July,2,0.0,0.0,0.0,1,90,810,ok,optimal,0.0,standard_primal_shadow_dual
3,July,3,0.0,0.0,0.0,3,92,828,ok,optimal,0.0,standard_primal_shadow_dual
3,July,4,0.0,0.0,0.0,1,90,810,ok,optimal,0.0,standard_primal_shadow_dual
3,July,5,0.0,0.0,0.0,0,0,0,ok,empty_zero_redirection,,
3,July,6,0.0,0.0,0.0,0,0,0,ok,empty_zero_redirection,,
3,July,7,0.0,0.0,0.0,0,0,0,ok,empty_zero_redirection,,
3,July,8,0.0,0.0,0.0,0,0,0,ok,empty_zero_redirection,,
3,July,9,0.0,0.0,0.0,0,0,0,ok,empty_zero_redirection,,
3,July,10,0.0,0.0,0.0,0,0,0,ok,empty_zero_redirection,,
3,July,11,0.0,0.0,0.0,1,80,720,ok,optimal,0.0,standard_primal_shadow_dual
3,July,12,0.0,0.0,0.0,0,0,0,ok,empty_zero_redirection,,
3,July,13,125.40200532061677,0.0,125.40200532061677,1,118,1062,ok,optimal,125.40200532061677,standard_primal_shadow_dual
3,July,14,0.0,0.0,0.0,1,126,1134,ok,optimal,0.0,standard_primal_shadow_dual
3,July,15,0.0,0.0,0.0,1,126,1134,ok,optimal,0.0,standard_primal_shadow_dual
3,July,16,533.7238685187065,0.0,533.7238685187065,7,130,1170,ok,optimal,533.7238685187065,standard_primal_shadow_dual
3,July,17,93.85914746557836,0.0,93.85914746557836,13,130,1170,ok,optimal,93.85914746557836,standard_primal_shadow_dual
3,July,18,0.0,0.0,0.0,7,130,1170,ok,optimal,0.0,standard_primal_shadow_dual
3,July,19,0.0,0.0,0.0,6,130,1170,ok,optimal,0.0,standard_primal_shadow_dual
3,July,20,0.0,0.0,0.0,7,130,1170,ok,optimal,0.0,standard_primal_shadow_dual
3,July,21,0.0,0.0,0.0,2,130,1170,ok,optimal,0.0,standard_primal_shadow_dual
3,July,22,0.0,0.0,0.0,2,128,1152,ok,optimal,0.0,standard_primal_shadow_dual
3,July,23,0.0,0.0,0.0,8,126,1134,ok,optimal,0.0,standard_primal_shadow_dual
3,July,24,0.0,0.0,0.0,5,126,1134,ok,optimal,0.0,standard_primal_shadow_dual
3,July,25,0.0,0.0,0.0,3,118,1062,ok,optimal,0.0,standard_primal_shadow_dual
3,July,26,244.96709749999826,0.0,244.96709749999826,4,122,1098,ok,optimal,244.96709749999826,standard_primal_shadow_dual
3,July,27,0.0,0.0,0.0,4,120,1080,ok,optimal,0.0,standard_primal_shadow_dual
3,July,28,62.93472853626871,0.0,62.93472853626871,6,122,1098,ok,optimal,62.93472853626871,standard_primal_shadow_dual
3,July,29,0.0,0.0,0.0,3,124,1116,ok,optimal,0.0,standard_primal_shadow_dual
3,July,30,0.0,0.0,0.0,6,122,1098,ok,optimal,0.0,standard_primal_shadow_dual
3,July,31,0.0,0.0,0.0,4,126,1134,ok,optimal,0.0,standard_primal_shadow_dual
3,July,32,0.0,0.0,0.0,1,126,1134,ok,optimal,0.0,standard_primal_shadow_dual
3,July,33,0.0,0.0,0.0,6,124,1116,ok,optimal,0.0,standard_primal_shadow_dual
3,July,34,0.0,0.0,0.0,7,128,1152,ok,optimal,0.0,standard_primal_shadow_dual
3,July,35,0.0,0.0,0.0,6,124,1116,ok,optimal,0.0,standard_primal_shadow_dual
3,July,36,0.0,0.0,0.0,3,120,1080,ok,optimal,0.0,standard_primal_shadow_dual
3,July,37,0.0,0.0,0.0,2,108,972,ok,optimal,0.0,standard_primal_shadow_dual
3,July,38,0.0,0.0,0.0,3,112,1008,ok,optimal,0.0,standard_primal_shadow_dual
3,July,39,0.0,0.0,0.0,1,106,954,ok,optimal,0.0,standard_primal_shadow_dual
3,July,40,0.0,0.0,0.0,0,0,0,ok,empty_zero_redirection,,
3,July,41,0.0,0.0,0.0,0,0,0,ok,empty_zero_redirection,,
3,July,42,0.0,0.0,0.0,0,0,0,ok,empty_zero_redirection,,
3,July,43,0.0,0.0,0.0,0,0,0,ok,empty_zero_redirection,,
3,July,44,0.0,0.0,0.0,0,0,0,ok,empty_zero_redirection,,
3,July,45,0.0,0.0,0.0,0,0,0,ok,empty_zero_redirection,,
3,July,46,0.0,0.0,0.0,0,0,0,ok,empty_zero_redirection,,
3,July,47,0.0,0.0,0.0,0,0,0,ok,empty_zero_redirection,,
3,July,48,0.0,0.0,0.0,0,0,0,ok,empty_zero_redirection,,
3,August,1,0.0,0.0,0.0,0,0,0,ok,empty_zero_redirection,,
3,August,2,0.0,0.0,0.0,1,90,810,ok,optimal,0.0,standard_primal_shadow_dual
3,August,3,11.714895811995866,0.0,11.714895811995866,3,92,828,ok,optimal,11.714895811995866,standard_primal_shadow_dual
3,August,4,0.0,0.0,0.0,1,90,810,ok,optimal,0.0,standard_primal_shadow_dual
3,August,5,0.0,0.0,0.0,0,0,0,ok,empty_zero_redirection,,
3,August,6,0.0,0.0,0.0,0,0,0,ok,empty_zero_redirection,,
3,August,7,0.0,0.0,0.0,0,0,0,ok,empty_zero_redirection,,
3,August,8,0.0,0.0,0.0,0,0,0,ok,empty_zero_redirection,,
3,August,9,0.0,0.0,0.0,0,0,0,ok,empty_zero_redirection,,
3,August,10,0.0,0.0,0.0,0,0,0,ok,empty_zero_redirection,,
3,August,11,0.0,0.0,0.0,1,80,720,ok,optimal,0.0,standard_primal_shadow_dual
3,August,12,0.0,0.0,0.0,0,0,0,ok,empty_zero_redirection,,
3,August,13,0.0,0.0,0.0,0,0,0,ok,empty_zero_redirection,,
3,August,14,0.0,0.0,0.0,1,126,1134,ok,optimal,0.0,standard_primal_shadow_dual
3,August,15,0.0,0.0,0.0,1,126,1134,ok,optimal,0.0,standard_primal_shadow_dual
3,August,16,0.0,0.0,0.0,7,130,1170,ok,optimal,0.0,standard_primal_shadow_dual
3,August,17,137.25835032423737,0.0,137.25835032423737,12,130,1170,ok,optimal,137.25835032423737,standard_primal_shadow_dual
3,August,18,0.0,0.0,0.0,7,130,1170,ok,optimal,0.0,standard_primal_shadow_dual
3,August,19,0.0,0.0,0.0,3,130,1170,ok,optimal,0.0,standard_primal_shadow_dual
3,August,20,0.0,0.0,0.0,4,130,1170,ok,optimal,0.0,standard_primal_shadow_dual
3,August,21,0.0,0.0,0.0,2,130,1170,ok,optimal,0.0,standard_primal_shadow_dual
3,August,22,0.0,0.0,0.0,1,128,1152,ok,optimal,0.0,standard_primal_shadow_dual
3,August,23,0.0,0.0,0.0,6,126,1134,ok,optimal,0.0,standard_primal_shadow_dual
3,August,24,0.0,0.0,0.0,5,126,1134,ok,optimal,0.0,standard_primal_shadow_dual
3,August,25,0.0,0.0,0.0,5,118,1062,ok,optimal,0.0,standard_primal_shadow_dual
3,August,26,0.0,0.0,0.0,3,122,1098,ok,optimal,0.0,standard_primal_shadow_dual
3,August,27,0.0,0.0,0.0,3,120,1080,ok,optimal,0.0,standard_primal_shadow_dual
3,August,28,0.0,0.0,0.0,8,122,1098,ok,optimal,0.0,standard_primal_shadow_dual
3,August,29,0.0,0.0,0.0,4,124,1116,ok,optimal,0.0,standard_primal_shadow_dual
3,August,30,3.1,0.0,3.1,8,122,1098,ok,optimal,3.1,standard_primal_shadow_dual
3,August,31,0.0,0.0,0.0,4,126,1134,ok,optimal,0.0,standard_primal_shadow_dual
3,August,32,0.0,0.0,0.0,1,126,1134,ok,optimal,0.0,standard_primal_shadow_dual
3,August,33,0.0,0.0,0.0,6,124,1116,ok,optimal,0.0,standard_primal_shadow_dual
3,August,34,0.0,0.0,0.0,9,128,1152,ok,optimal,0.0,standard_primal_shadow_dual
3,August,35,21.686556250000006,0.0,21.686556250000006,4,124,1116,ok,optimal,21.686556250000006,standard_primal_shadow_dual
3,August,36,11.826875533199612,0.0,11.826875533199612,3,120,1080,ok,optimal,11.826875533199612,standard_primal_shadow_dual
3,August,37,0.0,0.0,0.0,0,0,0,ok,empty_zero_redirection,,
3,August,38,0.0,0.0,0.0,1,112,1008,ok,optimal,0.0,standard_primal_shadow_dual
3,August,39,0.0,0.0,0.0,1,106,954,ok,optimal,0.0,standard_primal_shadow_dual
3,August,40,0.0,0.0,0.0,0,0,0,ok,empty_zero_redirection,,
3,August,41,0.0,0.0,0.0,0,0,0,ok,empty_zero_redirection,,
3,August,42,0.0,0.0,0.0,0,0,0,ok,empty_zero_redirection,,
3,August,43,0.0,0.0,0.0,0,0,0,ok,empty_zero_redirection,,
3,August,44,0.0,0.0,0.0,0,0,0,ok,empty_zero_redirection,,
3,August,45,0.0,0.0,0.0,0,0,0,ok,empty_zero_redirection,,
3,August,46,0.0,0.0,0.0,0,0,0,ok,empty_zero_redirection,,
3,August,47,0.0,0.0,0.0,0,0,0,ok,empty_zero_redirection,,
3,August,48,0.0,0.0,0.0,0,0,0,ok,empty_zero_redirection,,
3,September,1,0.0,0.0,0.0,0,0,0,ok,empty_zero_redirection,,
3,September,2,0.0,0.0,0.0,1,90,810,ok,optimal,0.0,standard_primal_shadow_dual
3,September,3,17.80653766147278,0.0,17.80653766147278,3,92,828,ok,optimal,17.80653766147278,standard_primal_shadow_dual
3,September,4,0.0,0.0,0.0,1,90,810,ok,optimal,0.0,standard_primal_shadow_dual
3,September,5,0.0,0.0,0.0,0,0,0,ok,empty_zero_redirection,,
3,September,6,0.0,0.0,0.0,0,0,0,ok,empty_zero_redirection,,
3,September,7,0.0,0.0,0.0,0,0,0,ok,empty_zero_redirection,,
3,September,8,0.0,0.0,0.0,0,0,0,ok,empty_zero_redirection,,
3,September,9,0.0,0.0,0.0,0,0,0,ok,empty_zero_redirection,,
3,September,10,0.0,0.0,0.0,0,0,0,ok,empty_zero_redirection,,
3,September,11,0.0,0.0,0.0,1,80,720,ok,optimal,0.0,standard_primal_shadow_dual
3,September,12,0.0,0.0,0.0,0,0,0,ok,empty_zero_redirection,,
3,September,13,0.0,0.0,0.0,0,0,0,ok,empty_zero_redirection,,
3,September,14,0.0,0.0,0.0,1,126,1134,ok,optimal,0.0,standard_primal_shadow_dual
3,September,15,0.0,0.0,0.0,2,126,1134,ok,optimal,0.0,standard_primal_shadow_dual
3,September,16,209.64325918273465,0.0,209.64325918273465,7,130,1170,ok,optimal,209.64325918273465,standard_primal_shadow_dual
3,September,17,132.83066160410124,0.0,132.83066160410124,14,130,1170,ok,optimal,132.83066160410124,standard_primal_shadow_dual
3,September,18,0.0,0.0,0.0,7,130,1170,ok,optimal,0.0,standard_primal_shadow_dual
3,September,19,531.3266047707717,0.0,531.3266047707717,6,130,1170,ok,optimal,531.3266047707717,standard_primal_shadow_dual
3,September,20,0.0,0.0,0.0,4,130,1170,ok,optimal,0.0,standard_primal_shadow_dual
3,September,21,0.0,0.0,0.0,2,130,1170,ok,optimal,0.0,standard_primal_shadow_dual
3,September,22,0.0,0.0,0.0,1,128,1152,ok,optimal,0.0,standard_primal_shadow_dual
3,September,23,0.0,0.0,0.0,6,126,1134,ok,optimal,0.0,standard_primal_shadow_dual
3,September,24,0.0,0.0,0.0,5,126,1134,ok,optimal,0.0,standard_primal_shadow_dual
3,September,25,254.1695722420007,0.0,254.1695722420007,5,118,1062,ok,optimal,254.1695722420007,standard_primal_shadow_dual
3,September,26,0.0,0.0,0.0,4,122,1098,ok,optimal,0.0,standard_primal_shadow_dual
3,September,27,0.0,0.0,0.0,4,120,1080,ok,optimal,0.0,standard_primal_shadow_dual
3,September,28,0.0,0.0,0.0,9,122,1098,ok,optimal,0.0,standard_primal_shadow_dual
3,September,29,0.0,0.0,0.0,4,124,1116,ok,optimal,0.0,standard_primal_shadow_dual
3,September,30,118.7857286346733,0.0,118.7857286346733,8,122,1098,ok,optimal,118.7857286346733,standard_primal_shadow_dual
3,September,31,0.0,0.0,0.0,2,126,1134,ok,optimal,0.0,standard_primal_shadow_dual
3,September,32,0.0,0.0,0.0,0,0,0,ok,empty_zero_redirection,,
3,September,33,0.0,0.0,0.0,6,124,1116,ok,optimal,0.0,standard_primal_shadow_dual
3,September,34,13.690566277033756,0.0,13.690566277033756,5,128,1152,ok,optimal,13.690566277033756,standard_primal_shadow_dual
3,September,35,0.0,0.0,0.0,3,124,1116,ok,optimal,0.0,standard_primal_shadow_dual
3,September,36,0.0,0.0,0.0,1,120,1080,ok,optimal,0.0,standard_primal_shadow_dual
3,September,37,0.0,0.0,0.0,0,0,0,ok,empty_zero_redirection,,
3,September,38,0.0,0.0,0.0,1,112,1008,ok,optimal,0.0,standard_primal_shadow_dual
3,September,39,0.0,0.0,0.0,1,106,954,ok,optimal,0.0,standard_primal_shadow_dual
3,September,40,0.0,0.0,0.0,0,0,0,ok,empty_zero_redirection,,
3,September,41,0.0,0.0,0.0,0,0,0,ok,empty_zero_redirection,,
3,September,42,0.0,0.0,0.0,0,0,0,ok,empty_zero_redirection,,
3,September,43,0.0,0.0,0.0,0,0,0,ok,empty_zero_redirection,,
3,September,44,0.0,0.0,0.0,0,0,0,ok,empty_zero_redirection,,
3,September,45,0.0,0.0,0.0,0,0,0,ok,empty_zero_redirection,,
3,September,46,0.0,0.0,0.0,0,0,0,ok,empty_zero_redirection,,
3,September,47,0.0,0.0,0.0,0,0,0,ok,empty_zero_redirection,,
3,September,48,0.0,0.0,0.0,0,0,0,ok,empty_zero_redirection,,
3,October,1,0.0,0.0,0.0,0,0,0,ok,empty_zero_redirection,,
3,October,2,0.0,0.0,0.0,1,90,810,ok,optimal,0.0,standard_primal_shadow_dual
3,October,3,0.0,0.0,0.0,3,92,828,ok,optimal,0.0,standard_primal_shadow_dual
3,October,4,0.0,0.0,0.0,1,90,810,ok,optimal,0.0,standard_primal_shadow_dual
3,October,5,0.0,0.0,0.0,0,0,0,ok,empty_zero_redirection,,
3,October,6,0.0,0.0,0.0,0,0,0,ok,empty_zero_redirection,,
3,October,7,0.0,0.0,0.0,0,0,0,ok,empty_zero_redirection,,
3,October,8,0.0,0.0,0.0,0,0,0,ok,empty_zero_redirection,,
3,October,9,0.0,0.0,0.0,0,0,0,ok,empty_zero_redirection,,
3,October,10,0.0,0.0,0.0,0,0,0,ok,empty_zero_redirection,,
3,October,11,0.0,0.0,0.0,0,0,0,ok,empty_zero_redirection,,
3,October,12,0.0,0.0,0.0,0,0,0,ok,empty_zero_redirection,,
3,October,13,0.0,0.0,0.0,0,0,0,ok,empty_zero_redirection,,
3,October,14,0.0,0.0,0.0,1,126,1134,ok,optimal,0.0,standard_primal_shadow_dual
3,October,15,0.0,0.0,0.0,1,126,1134,ok,optimal,0.0,standard_primal_shadow_dual
3,October,16,4.692671572851232,0.0,4.692671572851232,7,130,1170,ok,optimal,4.692671572851232,standard_primal_shadow_dual
3,October,17,1005.3927425419079,0.0,1005.3927425419079,12,130,1170,ok,optimal,1005.3927425419079,standard_primal_shadow_dual
3,October,18,1351.0981335226888,0.0,1351.0981335226888,6,130,1170,ok,optimal,1351.0981335226888,standard_primal_shadow_dual
3,October,19,0.0,0.0,0.0,3,130,1170,ok,optimal,0.0,standard_primal_shadow_dual
3,October,20,0.0,0.0,0.0,2,130,1170,ok,optimal,0.0,standard_primal_shadow_dual
3,October,21,0.0,0.0,0.0,0,0,0,ok,empty_zero_redirection,,
3,October,22,0.0,0.0,0.0,0,0,0,ok,empty_zero_redirection,,
3,October,23,0.0,0.0,0.0,6,126,1134,ok,optimal,0.0,standard_primal_shadow_dual
3,October,24,0.0,0.0,0.0,4,126,1134,ok,optimal,0.0,standard_primal_shadow_dual
3,October,25,0.0,0.0,0.0,2,118,1062,ok,optimal,0.0,standard_primal_shadow_dual
3,October,26,0.0,0.0,0.0,2,122,1098,ok,optimal,0.0,standard_primal_shadow_dual
3,October,27,0.0,0.0,0.0,3,120,1080,ok,optimal,0.0,standard_primal_shadow_dual
3,October,28,0.0,0.0,0.0,6,122,1098,ok,optimal,0.0,standard_primal_shadow_dual
3,October,29,45.236352499998226,0.0,45.236352499998226,2,124,1116,ok,optimal,45.236352499998226,standard_primal_shadow_dual
3,October,30,3.1,0.0,3.1,5,122,1098,ok,optimal,3.1,standard_primal_shadow_dual
3,October,31,0.0,0.0,0.0,2,126,1134,ok,optimal,0.0,standard_primal_shadow_dual
3,October,32,0.0,0.0,0.0,0,0,0,ok,empty_zero_redirection,,
3,October,33,0.0,0.0,0.0,5,124,1116,ok,optimal,0.0,standard_primal_shadow_dual
3,October,34,0.0,0.0,0.0,4,128,1152,ok,optimal,0.0,standard_primal_shadow_dual
3,October,35,0.0,0.0,0.0,3,124,1116,ok,optimal,0.0,standard_primal_shadow_dual
3,October,36,0.0,0.0,0.0,1,120,1080,ok,optimal,0.0,standard_primal_shadow_dual
3,October,37,0.0,0.0,0.0,0,0,0,ok,empty_zero_redirection,,
3,October,38,0.0,0.0,0.0,1,112,1008,ok,optimal,0.0,standard_primal_shadow_dual
3,October,39,0.0,0.0,0.0,1,106,954,ok,optimal,0.0,standard_primal_shadow_dual
3,October,40,0.0,0.0,0.0,0,0,0,ok,empty_zero_redirection,,
3,October,41,0.0,0.0,0.0,0,0,0,ok,empty_zero_redirection,,
3,October,42,0.0,0.0,0.0,0,0,0,ok,empty_zero_redirection,,
3,October,43,0.0,0.0,0.0,0,0,0,ok,empty_zero_redirection,,
3,October,44,0.0,0.0,0.0,0,0,0,ok,empty_zero_redirection,,
3,October,45,0.0,0.0,0.0,0,0,0,ok,empty_zero_redirection,,
3,October,46,0.0,0.0,0.0,0,0,0,ok,empty_zero_redirection,,
3,October,47,0.0,0.0,0.0,0,0,0,ok,empty_zero_redirection,,
3,October,48,0.0,0.0,0.0,0,0,0,ok,empty_zero_redirection,,
3,November,1,0.0,0.0,0.0,0,0,0,ok,empty_zero_redirection,,
3,November,2,0.0,0.0,0.0,1,90,810,ok,optimal,0.0,standard_primal_shadow_dual
3,November,3,0.0,0.0,0.0,3,92,828,ok,optimal,0.0,standard_primal_shadow_dual
3,November,4,0.0,0.0,0.0,1,90,810,ok,optimal,0.0,standard_primal_shadow_dual
3,November,5,0.0,0.0,0.0,0,0,0,ok,empty_zero_redirection,,
3,November,6,0.0,0.0,0.0,0,0,0,ok,empty_zero_redirection,,
3,November,7,0.0,0.0,0.0,0,0,0,ok,empty_zero_redirection,,
3,November,8,0.0,0.0,0.0,0,0,0,ok,empty_zero_redirection,,
3,November,9,0.0,0.0,0.0,0,0,0,ok,empty_zero_redirection,,
3,November,10,0.0,0.0,0.0,0,0,0,ok,empty_zero_redirection,,
3,November,11,0.0,0.0,0.0,0,0,0,ok,empty_zero_redirection,,
3,November,12,0.0,0.0,0.0,0,0,0,ok,empty_zero_redirection,,
3,November,13,0.0,0.0,0.0,0,0,0,ok,empty_zero_redirection,,
3,November,14,0.0,0.0,0.0,1,126,1134,ok,optimal,0.0,standard_primal_shadow_dual
3,November,15,0.0,0.0,0.0,1,126,1134,ok,optimal,0.0,standard_primal_shadow_dual
3,November,16,0.0,0.0,0.0,7,130,1170,ok,optimal,0.0,standard_primal_shadow_dual
3,November,17,132.83066160409973,0.0,132.83066160409973,12,130,1170,ok,optimal,132.83066160409973,standard_primal_shadow_dual
3,November,18,116.56983940925318,0.0,116.56983940925318,6,130,1170,ok,optimal,116.56983940925318,standard_primal_shadow_dual
3,November,19,0.0,0.0,0.0,3,130,1170,ok,optimal,0.0,standard_primal_shadow_dual
3,November,20,0.0,0.0,0.0,2,130,1170,ok,optimal,0.0,standard_primal_shadow_dual
3,November,21,0.0,0.0,0.0,0,0,0,ok,empty_zero_redirection,,
3,November,22,0.0,0.0,0.0,0,0,0,ok,empty_zero_redirection,,
3,November,23,0.0,0.0,0.0,6,126,1134,ok,optimal,0.0,standard_primal_shadow_dual
3,November,24,0.0,0.0,0.0,4,126,1134,ok,optimal,0.0,standard_primal_shadow_dual
3,November,25,0.0,0.0,0.0,2,118,1062,ok,optimal,0.0,standard_primal_shadow_dual
3,November,26,0.0,0.0,0.0,2,122,1098,ok,optimal,0.0,standard_primal_shadow_dual
3,November,27,0.0,0.0,0.0,3,120,1080,ok,optimal,0.0,standard_primal_shadow_dual
3,November,28,0.0,0.0,0.0,6,122,1098,ok,optimal,0.0,standard_primal_shadow_dual
3,November,29,0.0,0.0,0.0,1,124,1116,ok,optimal,0.0,standard_primal_shadow_dual
3,November,30,0.0,0.0,0.0,4,122,1098,ok,optimal,0.0,standard_primal_shadow_dual
3,November,31,0.0,0.0,0.0,2,126,1134,ok,optimal,0.0,standard_primal_shadow_dual
3,November,32,0.0,0.0,0.0,0,0,0,ok,empty_zero_redirection,,
3,November,33,0.0,0.0,0.0,5,124,1116,ok,optimal,0.0,standard_primal_shadow_dual
3,November,34,97.36116960745017,0.0,97.36116960745017,4,128,1152,ok,optimal,97.36116960745017,standard_primal_shadow_dual
3,November,35,0.0,0.0,0.0,3,124,1116,ok,optimal,0.0,standard_primal_shadow_dual
3,November,36,0.0,0.0,0.0,1,120,1080,ok,optimal,0.0,standard_primal_shadow_dual
3,November,37,0.0,0.0,0.0,0,0,0,ok,empty_zero_redirection,,
3,November,38,0.0,0.0,0.0,1,112,1008,ok,optimal,0.0,standard_primal_shadow_dual
3,November,39,0.0,0.0,0.0,1,106,954,ok,optimal,0.0,standard_primal_shadow_dual
3,November,40,0.0,0.0,0.0,0,0,0,ok,empty_zero_redirection,,
3,November,41,0.0,0.0,0.0,0,0,0,ok,empty_zero_redirection,,
3,November,42,0.0,0.0,0.0,0,0,0,ok,empty_zero_redirection,,
3,November,43,0.0,0.0,0.0,0,0,0,ok,empty_zero_redirection,,
3,November,44,0.0,0.0,0.0,0,0,0,ok,empty_zero_redirection,,
3,November,45,0.0,0.0,0.0,0,0,0,ok,empty_zero_redirection,,
3,November,46,0.0,0.0,0.0,0,0,0,ok,empty_zero_redirection,,
3,November,47,0.0,0.0,0.0,0,0,0,ok,empty_zero_redirection,,
3,November,48,0.0,0.0,0.0,0,0,0,ok,empty_zero_redirection,,
3,December,1,0.0,0.0,0.0,0,0,0,ok,empty_zero_redirection,,
3,December,2,0.0,0.0,0.0,1,90,810,ok,optimal,0.0,standard_primal_shadow_dual
3,December,3,0.0,0.0,0.0,3,92,828,ok,optimal,0.0,standard_primal_shadow_dual
3,December,4,0.0,0.0,0.0,1,90,810,ok,optimal,0.0,standard_primal_shadow_dual
3,December,5,0.0,0.0,0.0,0,0,0,ok,empty_zero_redirection,,
3,December,6,0.0,0.0,0.0,0,0,0,ok,empty_zero_redirection,,
3,December,7,0.0,0.0,0.0,0,0,0,ok,empty_zero_redirection,,
3,December,8,0.0,0.0,0.0,0,0,0,ok,empty_zero_redirection,,
3,December,9,0.0,0.0,0.0,0,0,0,ok,empty_zero_redirection,,
3,December,10,0.0,0.0,0.0,0,0,0,ok,empty_zero_redirection,,
3,December,11,0.0,0.0,0.0,0,0,0,ok,empty_zero_redirection,,
3,December,12,0.0,0.0,0.0,0,0,0,ok,empty_zero_redirection,,
3,December,13,0.0,0.0,0.0,0,0,0,ok,empty_zero_redirection,,
3,December,14,0.0,0.0,0.0,1,126,1134,ok,optimal,0.0,standard_primal_shadow_dual
3,December,15,0.0,0.0,0.0,1,126,1134,ok,optimal,0.0,standard_primal_shadow_dual
3,December,16,0.0,0.0,0.0,7,130,1170,ok,optimal,0.0,standard_primal_shadow_dual
3,December,17,137.25835032423794,0.0,137.25835032423794,12,130,1170,ok,optimal,137.25835032423794,standard_primal_shadow_dual
3,December,18,69.84398847160833,0.0,69.84398847160833,6,130,1170,ok,optimal,69.84398847160833,standard_primal_shadow_dual
3,December,19,752.5986802685293,0.0,752.5986802685293,3,130,1170,ok,optimal,752.5986802685293,standard_primal_shadow_dual
3,December,20,0.0,0.0,0.0,2,130,1170,ok,optimal,0.0,standard_primal_shadow_dual
3,December,21,0.0,0.0,0.0,0,0,0,ok,empty_zero_redirection,,
3,December,22,0.0,0.0,0.0,0,0,0,ok,empty_zero_redirection,,
3,December,23,0.0,0.0,0.0,7,126,1134,ok,optimal,0.0,standard_primal_shadow_dual
3,December,24,22.28070051048831,0.0,22.28070051048831,4,126,1134,ok,optimal,22.28070051048831,standard_primal_shadow_dual
3,December,25,0.0,0.0,0.0,2,118,1062,ok,optimal,0.0,standard_primal_shadow_dual
3,December,26,0.0,0.0,0.0,2,122,1098,ok,optimal,0.0,standard_primal_shadow_dual
3,December,27,0.0,0.0,0.0,3,120,1080,ok,optimal,0.0,standard_primal_shadow_dual
3,December,28,0.0,0.0,0.0,6,122,1098,ok,optimal,0.0,standard_primal_shadow_dual
3,December,29,0.0,0.0,0.0,1,124,1116,ok,optimal,0.0,standard_primal_shadow_dual
3,December,30,3.1,0.0,3.1,4,122,1098,ok,optimal,3.1,standard_primal_shadow_dual
3,December,31,0.0,0.0,0.0,2,126,1134,ok,optimal,0.0,standard_primal_shadow_dual
3,December,32,0.0,0.0,0.0,0,0,0,ok,empty_zero_redirection,,
3,December,33,0.0,0.0,0.0,5,124,1116,ok,optimal,0.0,standard_primal_shadow_dual
3,December,34,146.564329513825,0.0,146.564329513825,4,128,1152,ok,optimal,146.564329513825,standard_primal_shadow_dual
3,December,35,0.0,0.0,0.0,3,124,1116,ok,optimal,0.0,standard_primal_shadow_dual
3,December,36,0.0,0.0,0.0,1,120,1080,ok,optimal,0.0,standard_primal_shadow_dual
3,December,37,0.0,0.0,0.0,0,0,0,ok,empty_zero_redirection,,
3,December,38,0.0,0.0,0.0,1,112,1008,ok,optimal,0.0,standard_primal_shadow_dual
3,December,39,0.0,0.0,0.0,1,106,954,ok,optimal,0.0,standard_primal_shadow_dual
3,December,40,0.0,0.0,0.0,0,0,0,ok,empty_zero_redirection,,
3,December,41,0.0,0.0,0.0,0,0,0,ok,empty_zero_redirection,,
3,December,42,0.0,0.0,0.0,0,0,0,ok,empty_zero_redirection,,
3,December,43,0.0,0.0,0.0,0,0,0,ok,empty_zero_redirection,,
3,December,44,0.0,0.0,0.0,0,0,0,ok,empty_zero_redirection,,
3,December,45,0.0,0.0,0.0,0,0,0,ok,empty_zero_redirection,,
3,December,46,0.0,0.0,0.0,0,0,0,ok,empty_zero_redirection,,
3,December,47,0.0,0.0,0.0,0,0,0,ok,empty_zero_redirection,,
3,December,48,0.0,0.0,0.0,0,0,0,ok,empty_zero_redirection,,
4,January,1,0.0,0.0,0.0,0,0,0,ok,empty_zero_redirection,,
4,January,2,0.0,0.0,0.0,1,90,810,ok,optimal,0.0,standard_primal_shadow_dual
4,January,3,0.0,0.0,0.0,3,92,828,ok,optimal,0.0,standard_primal_shadow_dual
4,January,4,0.0,0.0,0.0,1,90,810,ok,optimal,0.0,standard_primal_shadow_dual
4,January,5,0.0,0.0,0.0,0,0,0,ok,empty_zero_redirection,,
4,January,6,0.0,0.0,0.0,0,0,0,ok,empty_zero_redirection,,
4,January,7,0.0,0.0,0.0,0,0,0,ok,empty_zero_redirection,,
4,January,8,0.0,0.0,0.0,0,0,0,ok,empty_zero_redirection,,
4,January,9,0.0,0.0,0.0,0,0,0,ok,empty_zero_redirection,,
4,January,10,0.0,0.0,0.0,0,0,0,ok,empty_zero_redirection,,
4,January,11,0.0,0.0,0.0,0,0,0,ok,empty_zero_redirection,,
4,January,12,0.0,0.0,0.0,0,0,0,ok,empty_zero_redirection,,
4,January,13,0.0,0.0,0.0,0,0,0,ok,empty_zero_redirection,,
4,January,14,0.0,0.0,0.0,1,126,1134,ok,optimal,0.0,standard_primal_shadow_dual
4,January,15,286.82095537751854,0.0,286.82095537751854,1,126,1134,ok,optimal,286.82095537751854,standard_primal_shadow_dual
4,January,16,125.29616983360914,0.0,125.29616983360914,7,130,1170,ok,optimal,125.29616983360914,standard_primal_shadow_dual
4,January,17,1700.0849821452646,0.0,1700.0849821452646,14,130,1170,ok,optimal,1700.0849821452646,standard_primal_shadow_dual
4,January,18,111.8065928226802,0.0,111.8065928226802,7,130,1170,ok,optimal,111.8065928226802,standard_primal_shadow_dual
4,January,19,376.29934013426487,0.0,376.29934013426487,4,130,1170,ok,optimal,376.29934013426487,standard_primal_shadow_dual
4,January,20,0.0,0.0,0.0,2,130,1170,ok,optimal,0.0,standard_primal_shadow_dual
4,January,21,0.0,0.0,0.0,0,0,0,ok,empty_zero_redirection,,
4,January,22,0.0,0.0,0.0,0,0,0,ok,empty_zero_redirection,,
4,January,23,559.7809114365757,0.0,559.7809114365757,6,126,1134,ok,optimal,559.7809114365757,standard_primal_shadow_dual
4,January,24,0.0,0.0,0.0,4,126,1134,ok,optimal,0.0,standard_primal_shadow_dual
4,January,25,0.0,0.0,0.0,2,118,1062,ok,optimal,0.0,standard_primal_shadow_dual
4,January,26,0.0,0.0,0.0,2,122,1098,ok,optimal,0.0,standard_primal_shadow_dual
4,January,27,0.0,0.0,0.0,3,120,1080,ok,optimal,0.0,standard_primal_shadow_dual
4,January,28,0.0,0.0,0.0,6,122,1098,ok,optimal,0.0,standard_primal_shadow_dual
4,January,29,0.0,0.0,0.0,1,124,1116,ok,optimal,0.0,standard_primal_shadow_dual
4,January,30,0.0,0.0,0.0,4,122,1098,ok,optimal,0.0,standard_primal_shadow_dual
4,January,31,790.178370900455,0.0,790.178370900455,3,126,1134,ok,optimal,790.178370900455,standard_primal_shadow_dual
4,January,32,0.0,0.0,0.0,0,0,0,ok,empty_zero_redirection,,
4,January,33,129.98002562826736,0.0,129.98002562826736,5,124,1116,ok,optimal,129.98002562826736,standard_primal_shadow_dual
4,January,34,35.612526569271196,0.0,35.612526569271196,6,128,1152,ok,optimal,35.612526569271196,standard_primal_shadow_dual
4,January,35,0.0,0.0,0.0,3,124,1116,ok,optimal,0.0,standard_primal_shadow_dual
4,January,36,0.0,0.0,0.0,1,120,1080,ok,optimal,0.0,standard_primal_shadow_dual
4,January,37,0.0,0.0,0.0,0,0,0,ok,empty_zero_redirection,,
4,January,38,0.0,0.0,0.0,1,112,1008,ok,optimal,0.0,standard_primal_shadow_dual
4,January,39,0.0,0.0,0.0,1,106,954,ok,optimal,0.0,standard_primal_shadow_dual
4,January,40,0.0,0.0,0.0,0,0,0,ok,empty_zero_redirection,,
4,January,41,0.0,0.0,0.0,0,0,0,ok,empty_zero_redirection,,
4,January,42,0.0,0.0,0.0,0,0,0,ok,empty_zero_redirection,,
4,January,43,0.0,0.0,0.0,0,0,0,ok,empty_zero_redirection,,
4,January,44,0.0,0.0,0.0,0,0,0,ok,empty_zero_redirection,,
4,January,45,0.0,0.0,0.0,0,0,0,ok,empty_zero_redirection,,
4,January,46,0.0,0.0,0.0,0,0,0,ok,empty_zero_redirection,,
4,January,47,0.0,0.0,0.0,0,0,0,ok,empty_zero_redirection,,
4,January,48,0.0,0.0,0.0,0,0,0,ok,empty_zero_redirection,,
4,February,1,0.0,0.0,0.0,0,0,0,ok,empty_zero_redirection,,
4,February,2,0.0,0.0,0.0,1,90,810,ok,optimal,0.0,standard_primal_shadow_dual
4,February,3,0.0,0.0,0.0,3,92,828,ok,optimal,0.0,standard_primal_shadow_dual
4,February,4,0.0,0.0,0.0,1,90,810,ok,optimal,0.0,standard_primal_shadow_dual
4,February,5,0.0,0.0,0.0,0,0,0,ok,empty_zero_redirection,,
4,February,6,0.0,0.0,0.0,0,0,0,ok,empty_zero_redirection,,
4,February,7,0.0,0.0,0.0,0,0,0,ok,empty_zero_redirection,,
4,February,8,0.0,0.0,0.0,0,0,0,ok,empty_zero_redirection,,
4,February,9,0.0,0.0,0.0,0,0,0,ok,empty_zero_redirection,,
4,February,10,0.0,0.0,0.0,0,0,0,ok,empty_zero_redirection,,
4,February,11,0.0,0.0,0.0,0,0,0,ok,empty_zero_redirection,,
4,February,12,0.0,0.0,0.0,0,0,0,ok,empty_zero_redirection,,
4,February,13,0.0,0.0,0.0,0,0,0,ok,empty_zero_redirection,,
4,February,14,0.0,0.0,0.0,1,126,1134,ok,optimal,0.0,standard_primal_shadow_dual
4,February,15,0.0,0.0,0.0,1,126,1134,ok,optimal,0.0,standard_primal_shadow_dual
4,February,16,0.0,0.0,0.0,7,130,1170,ok,optimal,0.0,standard_primal_shadow_dual
4,February,17,795.2740925424159,0.0,795.2740925424159,14,130,1170,ok,optimal,795.2740925424159,standard_primal_shadow_dual
4,February,18,0.0,0.0,0.0,7,130,1170,ok,optimal,0.0,standard_primal_shadow_dual
4,February,19,529.8096622387823,0.0,529.8096622387823,4,130,1170,ok,optimal,529.8096622387823,standard_primal_shadow_dual
4,February,20,0.0,0.0,0.0,2,130,1170,ok,optimal,0.0,standard_primal_shadow_dual
4,February,21,0.0,0.0,0.0,0,0,0,ok,empty_zero_redirection,,
4,February,22,0.0,0.0,0.0,0,0,0,ok,empty_zero_redirection,,
4,February,23,0.0,0.0,0.0,6,126,1134,ok,optimal,0.0,standard_primal_shadow_dual
4,February,24,0.0,0.0,0.0,5,126,1134,ok,optimal,0.0,standard_primal_shadow_dual
4,February,25,0.0,0.0,0.0,2,118,1062,ok,optimal,0.0,standard_primal_shadow_dual
4,February,26,0.0,0.0,0.0,4,122,1098,ok,optimal,0.0,standard_primal_shadow_dual
4,February,27,0.0,0.0,0.0,3,120,1080,ok,optimal,0.0,standard_primal_shadow_dual
4,February,28,7.223245700709317,0.0,7.223245700709317,8,122,1098,ok,optimal,7.223245700709317,standard_primal_shadow_dual
4,February,29,0.0,0.0,0.0,2,124,1116,ok,optimal,0.0,standard_primal_shadow_dual
4,February,30,0.0,0.0,0.0,5,122,1098,ok,optimal,0.0,standard_primal_shadow_dual
4,February,31,350.0,0.0,350.0,3,126,1134,ok,optimal,350.0,standard_primal_shadow_dual
4,February,32,0.0,0.0,0.0,0,0,0,ok,empty_zero_redirection,,
4,February,33,166.30550571059752,0.0,166.30550571059752,6,124,1116,ok,optimal,166.30550571059752,standard_primal_shadow_dual
4,February,34,0.0,0.0,0.0,4,128,1152,ok,optimal,0.0,standard_primal_shadow_dual
4,February,35,0.0,0.0,0.0,3,124,1116,ok,optimal,0.0,standard_primal_shadow_dual
4,February,36,0.0,0.0,0.0,1,120,1080,ok,optimal,0.0,standard_primal_shadow_dual
4,February,37,0.0,0.0,0.0,0,0,0,ok,empty_zero_redirection,,
4,February,38,0.0,0.0,0.0,1,112,1008,ok,optimal,0.0,standard_primal_shadow_dual
4,February,39,0.0,0.0,0.0,1,106,954,ok,optimal,0.0,standard_primal_shadow_dual
4,February,40,0.0,0.0,0.0,0,0,0,ok,empty_zero_redirection,,
4,February,41,0.0,0.0,0.0,0,0,0,ok,empty_zero_redirection,,
4,February,42,0.0,0.0,0.0,0,0,0,ok,empty_zero_redirection,,
4,February,43,0.0,0.0,0.0,0,0,0,ok,empty_zero_redirection,,
4,February,44,0.0,0.0,0.0,0,0,0,ok,empty_zero_redirection,,
4,February,45,0.0,0.0,0.0,0,0,0,ok,empty_zero_redirection,,
4,February,46,0.0,0.0,0.0,0,0,0,ok,empty_zero_redirection,,
4,February,47,0.0,0.0,0.0,0,0,0,ok,empty_zero_redirection,,
4,February,48,0.0,0.0,0.0,0,0,0,ok,empty_zero_redirection,,
4,March,1,0.0,0.0,0.0,0,0,0,ok,empty_zero_redirection,,
4,March,2,0.0,0.0,0.0,1,90,810,ok,optimal,0.0,standard_primal_shadow_dual
4,March,3,0.0,0.0,0.0,3,92,828,ok,optimal,0.0,standard_primal_shadow_dual
4,March,4,0.0,0.0,0.0,1,90,810,ok,optimal,0.0,standard_primal_shadow_dual
4,March,5,0.0,0.0,0.0,0,0,0,ok,empty_zero_redirection,,
4,March,6,0.0,0.0,0.0,0,0,0,ok,empty_zero_redirection,,
4,March,7,0.0,0.0,0.0,0,0,0,ok,empty_zero_redirection,,
4,March,8,0.0,0.0,0.0,0,0,0,ok,empty_zero_redirection,,
4,March,9,0.0,0.0,0.0,0,0,0,ok,empty_zero_redirection,,
4,March,10,0.0,0.0,0.0,0,0,0,ok,empty_zero_redirection,,
4,March,11,0.0,0.0,0.0,0,0,0,ok,empty_zero_redirection,,
4,March,12,0.0,0.0,0.0,0,0,0,ok,empty_zero_redirection,,
4,March,13,0.0,0.0,0.0,0,0,0,ok,empty_zero_redirection,,
4,March,14,0.0,0.0,0.0,1,126,1134,ok,optimal,0.0,standard_primal_shadow_dual
4,March,15,0.0,0.0,0.0,3,126,1134,ok,optimal,0.0,standard_primal_shadow_dual
4,March,16,127.13185284870805,0.0,127.13185284870805,10,130,1170,ok,optimal,127.13185284870805,standard_primal_shadow_dual
4,March,17,601.5068373601821,0.0,601.5068373601821,14,130,1170,ok,optimal,601.5068373601821,standard_primal_shadow_dual
4,March,18,0.0,0.0,0.0,8,130,1170,ok,optimal,0.0,standard_primal_shadow_dual
4,March,19,409.90131973150335,0.0,409.90131973150335,6,130,1170,ok,optimal,409.90131973150335,standard_primal_shadow_dual
4,March,20,291.41668341250227,0.0,291.41668341250227,6,130,1170,ok,optimal,291.41668341250227,standard_primal_shadow_dual
4,March,21,0.0,0.0,0.0,2,130,1170,ok,optimal,0.0,standard_primal_shadow_dual
4,March,22,0.0,0.0,0.0,1,128,1152,ok,optimal,0.0,standard_primal_shadow_dual
4,March,23,279.89045571828785,0.0,279.89045571828785,7,126,1134,ok,optimal,279.89045571828785,standard_primal_shadow_dual
4,March,24,22.280700510493485,0.0,22.280700510493485,6,126,1134,ok,optimal,22.280700510493485,standard_primal_shadow_dual
4,March,25,0.0,0.0,0.0,3,118,1062,ok,optimal,0.0,standard_primal_shadow_dual
4,March,26,0.0,0.0,0.0,4,122,1098,ok,optimal,0.0,standard_primal_shadow_dual
4,March,27,0.0,0.0,0.0,3,120,1080,ok,optimal,0.0,standard_primal_shadow_dual
4,March,28,0.0,0.0,0.0,6,122,1098,ok,optimal,0.0,standard_primal_shadow_dual
4,March,29,0.0,0.0,0.0,3,124,1116,ok,optimal,0.0,standard_primal_shadow_dual
4,March,30,274.1561839247823,0.0,274.1561839247823,6,122,1098,ok,optimal,274.1561839247823,standard_primal_shadow_dual
4,March,31,402.6783709005682,0.0,402.6783709005682,3,126,1134,ok,optimal,402.6783709005682,standard_primal_shadow_dual
4,March,32,0.0,0.0,0.0,0,0,0,ok,empty_zero_redirection,,
4,March,33,400.6517743773976,0.0,400.6517743773976,6,124,1116,ok,optimal,400.6517743773976,standard_primal_shadow_dual
4,March,34,19.149448826981455,0.0,19.149448826981455,7,128,1152,ok,optimal,19.149448826981455,standard_primal_shadow_dual
4,March,35,0.0,0.0,0.0,3,124,1116,ok,optimal,0.0,standard_primal_shadow_dual
4,March,36,0.0,0.0,0.0,1,120,1080,ok,optimal,0.0,standard_primal_shadow_dual
4,March,37,0.0,0.0,0.0,2,108,972,ok,optimal,0.0,standard_primal_shadow_dual
4,March,38,0.0,0.0,0.0,2,112,1008,ok,optimal,0.0,standard_primal_shadow_dual
4,March,39,0.0,0.0,0.0,1,106,954,ok,optimal,0.0,standard_primal_shadow_dual
4,March,40,0.0,0.0,0.0,0,0,0,ok,empty_zero_redirection,,
4,March,41,0.0,0.0,0.0,0,0,0,ok,empty_zero_redirection,,
4,March,42,0.0,0.0,0.0,0,0,0,ok,empty_zero_redirection,,
4,March,43,0.0,0.0,0.0,0,0,0,ok,empty_zero_redirection,,
4,March,44,0.0,0.0,0.0,0,0,0,ok,empty_zero_redirection,,
4,March,45,0.0,0.0,0.0,0,0,0,ok,empty_zero_redirection,,
4,March,46,0.0,0.0,0.0,0,0,0,ok,empty_zero_redirection,,
4,March,47,0.0,0.0,0.0,0,0,0,ok,empty_zero_redirection,,
4,March,48,0.0,0.0,0.0,0,0,0,ok,empty_zero_redirection,,
4,April,1,0.0,0.0,0.0,0,0,0,ok,empty_zero_redirection,,
4,April,2,0.0,0.0,0.0,1,90,810,ok,optimal,0.0,standard_primal_shadow_dual
4,April,3,0.0,0.0,0.0,3,92,828,ok,optimal,0.0,standard_primal_shadow_dual
4,April,4,0.0,0.0,0.0,1,90,810,ok,optimal,0.0,standard_primal_shadow_dual
4,April,5,0.0,0.0,0.0,0,0,0,ok,empty_zero_redirection,,
4,April,6,0.0,0.0,0.0,0,0,0,ok,empty_zero_redirection,,
4,April,7,0.0,0.0,0.0,0,0,0,ok,empty_zero_redirection,,
4,April,8,0.0,0.0,0.0,0,0,0,ok,empty_zero_redirection,,
4,April,9,0.0,0.0,0.0,0,0,0,ok,empty_zero_redirection,,
4,April,10,0.0,0.0,0.0,0,0,0,ok,empty_zero_redirection,,
4,April,11,0.0,0.0,0.0,1,80,720,ok,optimal,0.0,standard_primal_shadow_dual
4,April,12,0.0,0.0,0.0,0,0,0,ok,empty_zero_redirection,,
4,April,13,0.0,0.0,0.0,2,118,1062,ok,optimal,0.0,standard_primal_shadow_dual
4,April,14,0.0,0.0,0.0,1,126,1134,ok,optimal,0.0,standard_primal_shadow_dual
4,April,15,0.0,0.0,0.0,2,126,1134,ok,optimal,0.0,standard_primal_shadow_dual
4,April,16,0.0,0.0,0.0,9,130,1170,ok,optimal,0.0,standard_primal_shadow_dual
4,April,17,53.94857352877679,0.0,53.94857352877679,14,130,1170,ok,optimal,53.94857352877679,standard_primal_shadow_dual
4,April,18,0.0,0.0,0.0,10,130,1170,ok,optimal,0.0,standard_primal_shadow_dual
4,April,19,53.38959808961597,0.0,53.38959808961597,9,130,1170,ok,optimal,53.38959808961597,standard_primal_shadow_dual
4,April,20,25.440706361785246,0.0,25.440706361785246,11,130,1170,ok,optimal,25.440706361785246,standard_primal_shadow_dual
4,April,21,396.73167514621866,0.0,396.73167514621866,9,130,1170,ok,optimal,396.73167514621866,standard_primal_shadow_dual
4,April,22,0.0,0.0,0.0,7,128,1152,ok,optimal,0.0,standard_primal_shadow_dual
4,April,23,300.96748363405294,0.0,300.96748363405294,9,126,1134,ok,optimal,300.96748363405294,standard_primal_shadow_dual
4,April,24,0.0,0.0,0.0,9,126,1134,ok,optimal,0.0,standard_primal_shadow_dual
4,April,25,164.32977266294745,0.0,164.32977266294745,7,118,1062,ok,optimal,164.32977266294745,standard_primal_shadow_dual
4,April,26,59.157053155853305,0.0,59.157053155853305,7,122,1098,ok,optimal,59.157053155853305,standard_primal_shadow_dual
4,April,27,435.74675954987987,0.0,435.74675954987987,7,120,1080,ok,optimal,435.74675954987987,standard_primal_shadow_dual
4,April,28,193.5784314646301,0.0,193.5784314646301,11,122,1098,ok,optimal,193.5784314646301,standard_primal_shadow_dual
4,April,29,905.3662297833885,0.0,905.3662297833885,11,124,1116,ok,optimal,905.3662297833885,standard_primal_shadow_dual
4,April,30,152.8689786346707,0.0,152.8689786346707,11,122,1098,ok,optimal,152.8689786346707,standard_primal_shadow_dual
4,April,31,138.18342500000006,0.0,138.18342500000006,10,126,1134,ok,optimal,138.18342500000006,standard_primal_shadow_dual
4,April,32,0.0,0.0,0.0,7,126,1134,ok,optimal,0.0,standard_primal_shadow_dual
4,April,33,180.34664276172137,0.0,180.34664276172137,6,124,1116,ok,optimal,180.34664276172137,standard_primal_shadow_dual
4,April,34,7.5208197767960705,0.0,7.5208197767960705,11,128,1152,ok,optimal,7.5208197767960705,standard_primal_shadow_dual
4,April,35,0.0,0.0,0.0,6,124,1116,ok,optimal,0.0,standard_primal_shadow_dual
4,April,36,0.0,0.0,0.0,4,120,1080,ok,optimal,0.0,standard_primal_shadow_dual
4,April,37,0.0,0.0,0.0,2,108,972,ok,optimal,0.0,standard_primal_shadow_dual
4,April,38,0.0,0.0,0.0,3,112,1008,ok,optimal,0.0,standard_primal_shadow_dual
4,April,39,0.0,0.0,0.0,1,106,954,ok,optimal,0.0,standard_primal_shadow_dual
4,April,40,0.0,0.0,0.0,0,0,0,ok,empty_zero_redirection,,
4,April,41,0.0,0.0,0.0,0,0,0,ok,empty_zero_redirection,,
4,April,42,0.0,0.0,0.0,0,0,0,ok,empty_zero_redirection,,
4,April,43,0.0,0.0,0.0,0,0,0,ok,empty_zero_redirection,,
4,April,44,0.0,0.0,0.0,0,0,0,ok,empty_zero_redirection,,
4,April,45,0.0,0.0,0.0,0,0,0,ok,empty_zero_redirection,,
4,April,46,0.0,0.0,0.0,0,0,0,ok,empty_zero_redirection,,
4,April,47,0.0,0.0,0.0,0,0,0,ok,empty_zero_redirection,,
4,April,48,0.0,0.0,0.0,0,0,0,ok,empty_zero_redirection,,
4,May,1,0.0,0.0,0.0,0,0,0,ok,empty_zero_redirection,,
4,May,2,0.0,0.0,0.0,1,90,810,ok,optimal,0.0,standard_primal_shadow_dual
4,May,3,0.0,0.0,0.0,3,92,828,ok,optimal,0.0,standard_primal_shadow_dual
4,May,4,0.0,0.0,0.0,1,90,810,ok,optimal,0.0,standard_primal_shadow_dual
4,May,5,0.0,0.0,0.0,0,0,0,ok,empty_zero_redirection,,
4,May,6,0.0,0.0,0.0,0,0,0,ok,empty_zero_redirection,,
4,May,7,0.0,0.0,0.0,0,0,0,ok,empty_zero_redirection,,
4,May,8,0.0,0.0,0.0,0,0,0,ok,empty_zero_redirection,,
4,May,9,0.0,0.0,0.0,0,0,0,ok,empty_zero_redirection,,
4,May,10,0.0,0.0,0.0,0,0,0,ok,empty_zero_redirection,,
4,May,11,0.0,0.0,0.0,1,80,720,ok,optimal,0.0,standard_primal_shadow_dual
4,May,12,0.0,0.0,0.0,1,96,864,ok,optimal,0.0,standard_primal_shadow_dual
4,May,13,0.0,0.0,0.0,1,118,1062,ok,optimal,0.0,standard_primal_shadow_dual
4,May,14,0.0,0.0,0.0,1,126,1134,ok,optimal,0.0,standard_primal_shadow_dual
4,May,15,0.0,0.0,0.0,7,126,1134,ok,optimal,0.0,standard_primal_shadow_dual
4,May,16,0.0,0.0,0.0,11,130,1170,ok,optimal,0.0,standard_primal_shadow_dual
4,May,17,657.2536966732515,0.0,657.2536966732515,15,130,1170,ok,optimal,657.2536966732515,standard_primal_shadow_dual
4,May,18,61.37007921336471,0.0,61.37007921336471,12,130,1170,ok,optimal,61.37007921336471,standard_primal_shadow_dual
4,May,19,414.20144117628286,0.0,414.20144117628286,15,130,1170,ok,optimal,414.20144117628286,standard_primal_shadow_dual
4,May,20,432.7290839138848,0.0,432.7290839138848,15,130,1170,ok,optimal,432.7290839138848,standard_primal_shadow_dual
4,May,21,480.1104170343268,0.0,480.1104170343268,9,130,1170,ok,optimal,480.1104170343268,standard_primal_shadow_dual
4,May,22,10.628068155525888,0.0,10.628068155525888,7,128,1152,ok,optimal,10.628068155525888,standard_primal_shadow_dual
4,May,23,256.8129768437493,0.0,256.8129768437493,8,126,1134,ok,optimal,256.8129768437493,standard_primal_shadow_dual
4,May,24,0.0,0.0,0.0,6,126,1134,ok,optimal,0.0,standard_primal_shadow_dual
4,May,25,0.0,0.0,0.0,5,118,1062,ok,optimal,0.0,standard_primal_shadow_dual
4,May,26,0.0,0.0,0.0,5,122,1098,ok,optimal,0.0,standard_primal_shadow_dual
4,May,27,487.0514449031438,0.0,487.0514449031438,4,120,1080,ok,optimal,487.0514449031438,standard_primal_shadow_dual
4,May,28,445.45554702163435,0.0,445.45554702163435,8,122,1098,ok,optimal,445.45554702163435,standard_primal_shadow_dual
4,May,29,127.35291875012194,0.0,127.35291875012194,9,124,1116,ok,optimal,127.35291875012194,standard_primal_shadow_dual
4,May,30,366.64342459498613,0.0,366.64342459498613,8,122,1098,ok,optimal,366.64342459498613,standard_primal_shadow_dual
4,May,31,469.31346093057266,0.0,469.31346093057266,7,126,1134,ok,optimal,469.31346093057266,standard_primal_shadow_dual
4,May,32,212.90908370932218,0.0,212.90908370932218,7,126,1134,ok,optimal,212.90908370932218,standard_primal_shadow_dual
4,May,33,0.0,0.0,0.0,6,124,1116,ok,optimal,0.0,standard_primal_shadow_dual
4,May,34,77.5104577006989,0.0,77.5104577006989,10,128,1152,ok,optimal,77.5104577006989,standard_primal_shadow_dual
4,May,35,280.57293976909006,0.0,280.57293976909006,6,124,1116,ok,optimal,280.57293976909006,standard_primal_shadow_dual
4,May,36,177.22943388573216,0.0,177.22943388573216,5,120,1080,ok,optimal,177.22943388573216,standard_primal_shadow_dual
4,May,37,0.0,0.0,0.0,4,108,972,ok,optimal,0.0,standard_primal_shadow_dual
4,May,38,0.0,0.0,0.0,4,112,1008,ok,optimal,0.0,standard_primal_shadow_dual
4,May,39,0.0,0.0,0.0,1,106,954,ok,optimal,0.0,standard_primal_shadow_dual
4,May,40,0.0,0.0,0.0,0,0,0,ok,empty_zero_redirection,,
4,May,41,0.0,0.0,0.0,0,0,0,ok,empty_zero_redirection,,
4,May,42,0.0,0.0,0.0,0,0,0,ok,empty_zero_redirection,,
4,May,43,0.0,0.0,0.0,0,0,0,ok,empty_zero_redirection,,
4,May,44,0.0,0.0,0.0,0,0,0,ok,empty_zero_redirection,,
4,May,45,0.0,0.0,0.0,0,0,0,ok,empty_zero_redirection,,
4,May,46,0.0,0.0,0.0,0,0,0,ok,empty_zero_redirection,,
4,May,47,0.0,0.0,0.0,0,0,0,ok,empty_zero_redirection,,
4,May,48,0.0,0.0,0.0,0,0,0,ok,empty_zero_redirection,,
4,June,1,0.0,0.0,0.0,0,0,0,ok,empty_zero_redirection,,
4,June,2,0.0,0.0,0.0,1,90,810,ok,optimal,0.0,standard_primal_shadow_dual
4,June,3,0.0,0.0,0.0,3,92,828,ok,optimal,0.0,standard_primal_shadow_dual
4,June,4,0.0,0.0,0.0,1,90,810,ok,optimal,0.0,standard_primal_shadow_dual
4,June,5,0.0,0.0,0.0,0,0,0,ok,empty_zero_redirection,,
4,June,6,0.0,0.0,0.0,0,0,0,ok,empty_zero_redirection,,
4,June,7,0.0,0.0,0.0,6,24,216,ok,optimal,0.0,standard_primal_shadow_dual
4,June,8,1.9027037499999988,0.0,1.9027037499999988,4,20,180,ok,optimal,1.9027037499999988,standard_primal_shadow_dual
4,June,9,0.0,0.0,0.0,4,32,288,ok,optimal,0.0,standard_primal_shadow_dual
4,June,10,0.0,0.0,0.0,4,32,288,ok,optimal,0.0,standard_primal_shadow_dual
4,June,11,0.0,0.0,0.0,5,80,720,ok,optimal,0.0,standard_primal_shadow_dual
4,June,12,4.539506645288882,0.0,4.539506645288882,2,96,864,ok,optimal,4.539506645288882,standard_primal_shadow_dual
4,June,13,0.0,0.0,0.0,5,118,1062,ok,optimal,0.0,standard_primal_shadow_dual
4,June,14,22.36793903777749,0.0,22.36793903777749,3,126,1134,ok,optimal,22.36793903777749,standard_primal_shadow_dual
4,June,15,0.0,0.0,0.0,4,126,1134,ok,optimal,0.0,standard_primal_shadow_dual
4,June,16,244.41337284671982,0.0,244.41337284671982,10,130,1170,ok,optimal,244.41337284671982,standard_primal_shadow_dual
4,June,17,862.8210970570515,0.0,862.8210970570515,15,130,1170,ok,optimal,862.8210970570515,standard_primal_shadow_dual
4,June,18,505.9111200589905,0.0,505.9111200589905,10,130,1170,ok,optimal,505.9111200589905,standard_primal_shadow_dual
4,June,19,711.9095496638471,0.0,711.9095496638471,13,130,1170,ok,optimal,711.9095496638471,standard_primal_shadow_dual
4,June,20,183.11911407317027,0.0,183.11911407317027,10,130,1170,ok,optimal,183.11911407317027,standard_primal_shadow_dual
4,June,21,572.7939772309986,0.0,572.7939772309986,10,130,1170,ok,optimal,572.7939772309986,standard_primal_shadow_dual
4,June,22,196.12571549713795,0.0,196.12571549713795,9,128,1152,ok,optimal,196.12571549713795,standard_primal_shadow_dual
4,June,23,196.12571549713795,0.0,196.12571549713795,12,126,1134,ok,optimal,196.12571549713795,standard_primal_shadow_dual
4,June,24,271.1504315257661,0.0,271.1504315257661,12,126,1134,ok,optimal,271.1504315257661,standard_primal_shadow_dual
4,June,25,0.0,0.0,0.0,11,118,1062,ok,optimal,0.0,standard_primal_shadow_dual
4,June,26,448.05587480692816,0.0,448.05587480692816,8,122,1098,ok,optimal,448.05587480692816,standard_primal_shadow_dual
4,June,27,442.0680953741231,0.0,442.0680953741231,10,120,1080,ok,optimal,442.0680953741231,standard_primal_shadow_dual
4,June,28,206.82722646463006,0.0,206.82722646463006,11,122,1098,ok,optimal,206.82722646463006,standard_primal_shadow_dual
4,June,29,28.79175727555804,0.0,28.79175727555804,12,124,1116,ok,optimal,28.79175727555804,standard_primal_shadow_dual
4,June,30,367.84779096925934,0.0,367.84779096925934,15,122,1098,ok,optimal,367.84779096925934,standard_primal_shadow_dual
4,June,31,383.621778344704,0.0,383.621778344704,10,126,1134,ok,optimal,383.621778344704,standard_primal_shadow_dual
4,June,32,232.5592392785298,0.0,232.5592392785298,13,126,1134,ok,optimal,232.5592392785298,standard_primal_shadow_dual
4,June,33,324.3141809468107,0.0,324.3141809468107,9,124,1116,ok,optimal,324.3141809468107,standard_primal_shadow_dual
4,June,34,106.25354733888474,0.0,106.25354733888474,9,128,1152,ok,optimal,106.25354733888474,standard_primal_shadow_dual
4,June,35,29.521995335713484,0.0,29.521995335713484,7,124,1116,ok,optimal,29.521995335713484,standard_primal_shadow_dual
4,June,36,0.0,0.0,0.0,4,120,1080,ok,optimal,0.0,standard_primal_shadow_dual
4,June,37,0.0,0.0,0.0,3,108,972,ok,optimal,0.0,standard_primal_shadow_dual
4,June,38,0.0,0.0,0.0,3,112,1008,ok,optimal,0.0,standard_primal_shadow_dual
4,June,39,0.0,0.0,0.0,1,106,954,ok,optimal,0.0,standard_primal_shadow_dual
4,June,40,0.0,0.0,0.0,0,0,0,ok,empty_zero_redirection,,
4,June,41,0.0,0.0,0.0,0,0,0,ok,empty_zero_redirection,,
4,June,42,0.0,0.0,0.0,0,0,0,ok,empty_zero_redirection,,
4,June,43,0.0,0.0,0.0,0,0,0,ok,empty_zero_redirection,,
4,June,44,0.0,0.0,0.0,0,0,0,ok,empty_zero_redirection,,
4,June,45,0.0,0.0,0.0,0,0,0,ok,empty_zero_redirection,,
4,June,46,0.0,0.0,0.0,0,0,0,ok,empty_zero_redirection,,
4,June,47,0.0,0.0,0.0,0,0,0,ok,empty_zero_redirection,,
4,June,48,0.0,0.0,0.0,0,0,0,ok,empty_zero_redirection,,
4,July,1,0.0,0.0,0.0,0,0,0,ok,empty_zero_redirection,,
4,July,2,0.0,0.0,0.0,1,90,810,ok,optimal,0.0,standard_primal_shadow_dual
4,July,3,18.400088916855207,0.0,18.400088916855207,3,92,828,ok,optimal,18.400088916855207,standard_primal_shadow_dual
4,July,4,0.0,0.0,0.0,1,90,810,ok,optimal,0.0,standard_primal_shadow_dual
4,July,5,0.0,0.0,0.0,0,0,0,ok,empty_zero_redirection,,
4,July,6,0.0,0.0,0.0,0,0,0,ok,empty_zero_redirection,,
4,July,7,0.0,0.0,0.0,0,0,0,ok,empty_zero_redirection,,
4,July,8,0.0,0.0,0.0,0,0,0,ok,empty_zero_redirection,,
4,July,9,0.0,0.0,0.0,0,0,0,ok,empty_zero_redirection,,
4,July,10,0.0,0.0,0.0,0,0,0,ok,empty_zero_redirection,,
4,July,11,0.0,0.0,0.0,1,80,720,ok,optimal,0.0,standard_primal_shadow_dual
4,July,12,0.0,0.0,0.0,0,0,0,ok,empty_zero_redirection,,
4,July,13,0.0,0.0,0.0,1,118,1062,ok,optimal,0.0,standard_primal_shadow_dual
4,July,14,0.0,0.0,0.0,1,126,1134,ok,optimal,0.0,standard_primal_shadow_dual
4,July,15,0.0,0.0,0.0,1,126,1134,ok,optimal,0.0,standard_primal_shadow_dual
4,July,16,68.32482929351852,0.0,68.32482929351852,8,130,1170,ok,optimal,68.32482929351852,standard_primal_shadow_dual
4,July,17,0.0,0.0,0.0,13,130,1170,ok,optimal,0.0,standard_primal_shadow_dual
4,July,18,111.80659282268108,0.0,111.80659282268108,7,130,1170,ok,optimal,111.80659282268108,standard_primal_shadow_dual
4,July,19,586.5749831929376,0.0,586.5749831929376,7,130,1170,ok,optimal,586.5749831929376,standard_primal_shadow_dual
4,July,20,258.0562526610215,0.0,258.0562526610215,6,130,1170,ok,optimal,258.0562526610215,standard_primal_shadow_dual
4,July,21,0.0,0.0,0.0,2,130,1170,ok,optimal,0.0,standard_primal_shadow_dual
4,July,22,0.0,0.0,0.0,2,128,1152,ok,optimal,0.0,standard_primal_shadow_dual
4,July,23,0.0,0.0,0.0,7,126,1134,ok,optimal,0.0,standard_primal_shadow_dual
4,July,24,385.28644537915267,0.0,385.28644537915267,5,126,1134,ok,optimal,385.28644537915267,standard_primal_shadow_dual
4,July,25,0.0,0.0,0.0,3,118,1062,ok,optimal,0.0,standard_primal_shadow_dual
4,July,26,0.0,0.0,0.0,4,122,1098,ok,optimal,0.0,standard_primal_shadow_dual
4,July,27,37.108812451570074,0.0,37.108812451570074,4,120,1080,ok,optimal,37.108812451570074,standard_primal_shadow_dual
4,July,28,182.0399100422676,0.0,182.0399100422676,6,122,1098,ok,optimal,182.0399100422676,standard_primal_shadow_dual
4,July,29,0.0,0.0,0.0,3,124,1116,ok,optimal,0.0,standard_primal_shadow_dual
4,July,30,428.0262980634634,0.0,428.0262980634634,6,122,1098,ok,optimal,428.0262980634634,standard_primal_shadow_dual
4,July,31,400.73122301980374,0.0,400.73122301980374,4,126,1134,ok,optimal,400.73122301980374,standard_primal_shadow_dual
4,July,32,0.0,0.0,0.0,1,126,1134,ok,optimal,0.0,standard_primal_shadow_dual
4,July,33,400.6517743773976,0.0,400.6517743773976,6,124,1116,ok,optimal,400.6517743773976,standard_primal_shadow_dual
4,July,34,100.60654192775846,0.0,100.60654192775846,8,128,1152,ok,optimal,100.60654192775846,standard_primal_shadow_dual
4,July,35,0.0,0.0,0.0,6,124,1116,ok,optimal,0.0,standard_primal_shadow_dual
4,July,36,0.0,0.0,0.0,3,120,1080,ok,optimal,0.0,standard_primal_shadow_dual
4,July,37,0.0,0.0,0.0,2,108,972,ok,optimal,0.0,standard_primal_shadow_dual
4,July,38,0.0,0.0,0.0,3,112,1008,ok,optimal,0.0,standard_primal_shadow_dual
4,July,39,0.0,0.0,0.0,1,106,954,ok,optimal,0.0,standard_primal_shadow_dual
4,July,40,0.0,0.0,0.0,0,0,0,ok,empty_zero_redirection,,
4,July,41,0.0,0.0,0.0,0,0,0,ok,empty_zero_redirection,,
4,July,42,0.0,0.0,0.0,0,0,0,ok,empty_zero_redirection,,
4,July,43,0.0,0.0,0.0,0,0,0,ok,empty_zero_redirection,,
4,July,44,0.0,0.0,0.0,0,0,0,ok,empty_zero_redirection,,
4,July,45,0.0,0.0,0.0,0,0,0,ok,empty_zero_redirection,,
4,July,46,0.0,0.0,0.0,0,0,0,ok,empty_zero_redirection,,
4,July,47,0.0,0.0,0.0,0,0,0,ok,empty_zero_redirection,,
4,July,48,0.0,0.0,0.0,0,0,0,ok,empty_zero_redirection,,
4,August,1,0.0,0.0,0.0,0,0,0,ok,empty_zero_redirection,,
4,August,2,0.0,0.0,0.0,1,90,810,ok,optimal,0.0,standard_primal_shadow_dual
4,August,3,0.0,0.0,0.0,3,92,828,ok,optimal,0.0,standard_primal_shadow_dual
4,August,4,0.0,0.0,0.0,1,90,810,ok,optimal,0.0,standard_primal_shadow_dual
4,August,5,0.0,0.0,0.0,0,0,0,ok,empty_zero_redirection,,
4,August,6,0.0,0.0,0.0,0,0,0,ok,empty_zero_redirection,,
4,August,7,0.0,0.0,0.0,0,0,0,ok,empty_zero_redirection,,
4,August,8,0.0,0.0,0.0,0,0,0,ok,empty_zero_redirection,,
4,August,9,0.0,0.0,0.0,0,0,0,ok,empty_zero_redirection,,
4,August,10,0.0,0.0,0.0,0,0,0,ok,empty_zero_redirection,,
4,August,11,0.0,0.0,0.0,1,80,720,ok,optimal,0.0,standard_primal_shadow_dual
4,August,12,0.0,0.0,0.0,0,0,0,ok,empty_zero_redirection,,
4,August,13,0.0,0.0,0.0,0,0,0,ok,empty_zero_redirection,,
4,August,14,0.0,0.0,0.0,1,126,1134,ok,optimal,0.0,standard_primal_shadow_dual
4,August,15,0.0,0.0,0.0,1,126,1134,ok,optimal,0.0,standard_primal_shadow_dual
4,August,16,169.518671302911,0.0,169.518671302911,7,130,1170,ok,optimal,169.518671302911,standard_primal_shadow_dual
4,August,17,38.85409558764799,0.0,38.85409558764799,12,130,1170,ok,optimal,38.85409558764799,standard_primal_shadow_dual
4,August,18,120.45550072289748,0.0,120.45550072289748,6,130,1170,ok,optimal,120.45550072289748,standard_primal_shadow_dual
4,August,19,37.537491596468314,0.0,37.537491596468314,3,130,1170,ok,optimal,37.537491596468314,standard_primal_shadow_dual
4,August,20,14.57080104737122,0.0,14.57080104737122,4,130,1170,ok,optimal,14.57080104737122,standard_primal_shadow_dual
4,August,21,0.0,0.0,0.0,2,130,1170,ok,optimal,0.0,standard_primal_shadow_dual
4,August,22,0.0,0.0,0.0,1,128,1152,ok,optimal,0.0,standard_primal_shadow_dual
4,August,23,160.4328010338162,0.0,160.4328010338162,7,126,1134,ok,optimal,160.4328010338162,standard_primal_shadow_dual
4,August,24,22.280700510484785,0.0,22.280700510484785,6,126,1134,ok,optimal,22.280700510484785,standard_primal_shadow_dual
4,August,25,42.8760824105626,0.0,42.8760824105626,5,118,1062,ok,optimal,42.8760824105626,standard_primal_shadow_dual
4,August,26,0.0,0.0,0.0,3,122,1098,ok,optimal,0.0,standard_primal_shadow_dual
4,August,27,0.0,0.0,0.0,3,120,1080,ok,optimal,0.0,standard_primal_shadow_dual
4,August,28,59.07391226420903,0.0,59.07391226420903,8,122,1098,ok,optimal,59.07391226420903,standard_primal_shadow_dual
4,August,29,0.0,0.0,0.0,4,124,1116,ok,optimal,0.0,standard_primal_shadow_dual
4,August,30,288.47681221841367,0.0,288.47681221841367,9,122,1098,ok,optimal,288.47681221841367,standard_primal_shadow_dual
4,August,31,0.0,0.0,0.0,4,126,1134,ok,optimal,0.0,standard_primal_shadow_dual
4,August,32,0.0,0.0,0.0,2,126,1134,ok,optimal,0.0,standard_primal_shadow_dual
4,August,33,157.91540496477415,0.0,157.91540496477415,6,124,1116,ok,optimal,157.91540496477415,standard_primal_shadow_dual
4,August,34,87.12423169460155,0.0,87.12423169460155,9,128,1152,ok,optimal,87.12423169460155,standard_primal_shadow_dual
4,August,35,11.826875533199626,0.0,11.826875533199626,5,124,1116,ok,optimal,11.826875533199626,standard_primal_shadow_dual
4,August,36,0.0,0.0,0.0,2,120,1080,ok,optimal,0.0,standard_primal_shadow_dual
4,August,37,0.0,0.0,0.0,0,0,0,ok,empty_zero_redirection,,
4,August,38,0.0,0.0,0.0,1,112,1008,ok,optimal,0.0,standard_primal_shadow_dual
4,August,39,0.0,0.0,0.0,1,106,954,ok,optimal,0.0,standard_primal_shadow_dual
4,August,40,0.0,0.0,0.0,0,0,0,ok,empty_zero_redirection,,
4,August,41,0.0,0.0,0.0,0,0,0,ok,empty_zero_redirection,,
4,August,42,0.0,0.0,0.0,0,0,0,ok,empty_zero_redirection,,
4,August,43,0.0,0.0,0.0,0,0,0,ok,empty_zero_redirection,,
4,August,44,0.0,0.0,0.0,0,0,0,ok,empty_zero_redirection,,
4,August,45,0.0,0.0,0.0,0,0,0,ok,empty_zero_redirection,,
4,August,46,0.0,0.0,0.0,0,0,0,ok,empty_zero_redirection,,
4,August,47,0.0,0.0,0.0,0,0,0,ok,empty_zero_redirection,,
4,August,48,0.0,0.0,0.0,0,0,0,ok,empty_zero_redirection,,
4,September,1,0.0,0.0,0.0,0,0,0,ok,empty_zero_redirection,,
4,September,2,0.0,0.0,0.0,1,90,810,ok,optimal,0.0,standard_primal_shadow_dual
4,September,3,11.336995947092774,0.0,11.336995947092774,3,92,828,ok,optimal,11.336995947092774,standard_primal_shadow_dual
4,September,4,0.0,0.0,0.0,1,90,810,ok,optimal,0.0,standard_primal_shadow_dual
4,September,5,0.0,0.0,0.0,0,0,0,ok,empty_zero_redirection,,
4,September,6,0.0,0.0,0.0,0,0,0,ok,empty_zero_redirection,,
4,September,7,0.0,0.0,0.0,0,0,0,ok,empty_zero_redirection,,
4,September,8,0.0,0.0,0.0,0,0,0,ok,empty_zero_redirection,,
4,September,9,0.0,0.0,0.0,0,0,0,ok,empty_zero_redirection,,
4,September,10,0.0,0.0,0.0,0,0,0,ok,empty_zero_redirection,,
4,September,11,0.0,0.0,0.0,1,80,720,ok,optimal,0.0,standard_primal_shadow_dual
4,September,12,0.0,0.0,0.0,0,0,0,ok,empty_zero_redirection,,
4,September,13,0.0,0.0,0.0,0,0,0,ok,empty_zero_redirection,,
4,September,14,0.0,0.0,0.0,1,126,1134,ok,optimal,0.0,standard_primal_shadow_dual
4,September,15,0.0,0.0,0.0,2,126,1134,ok,optimal,0.0,standard_primal_shadow_dual
4,September,16,112.17176776249033,0.0,112.17176776249033,7,130,1170,ok,optimal,112.17176776249033,standard_primal_shadow_dual
4,September,17,688.4974465255416,0.0,688.4974465255416,15,130,1170,ok,optimal,688.4974465255416,standard_primal_shadow_dual
4,September,18,39.51650722306013,0.0,39.51650722306013,8,130,1170,ok,optimal,39.51650722306013,standard_primal_shadow_dual
4,September,19,185.15737133123176,0.0,185.15737133123176,7,130,1170,ok,optimal,185.15737133123176,standard_primal_shadow_dual
4,September,20,7.050387603566719,0.0,7.050387603566719,4,130,1170,ok,optimal,7.050387603566719,standard_primal_shadow_dual
4,September,21,0.0,0.0,0.0,2,130,1170,ok,optimal,0.0,standard_primal_shadow_dual
4,September,22,0.0,0.0,0.0,1,128,1152,ok,optimal,0.0,standard_primal_shadow_dual
4,September,23,248.23716664807003,0.0,248.23716664807003,7,126,1134,ok,optimal,248.23716664807003,standard_primal_shadow_dual
4,September,24,0.0,0.0,0.0,5,126,1134,ok,optimal,0.0,standard_primal_shadow_dual
4,September,25,0.0,0.0,0.0,4,118,1062,ok,optimal,0.0,standard_primal_shadow_dual
4,September,26,0.0,0.0,0.0,5,122,1098,ok,optimal,0.0,standard_primal_shadow_dual
4,September,27,24.19204281339603,0.0,24.19204281339603,4,120,1080,ok,optimal,24.19204281339603,standard_primal_shadow_dual
4,September,28,0.0,0.0,0.0,8,122,1098,ok,optimal,0.0,standard_primal_shadow_dual
4,September,29,148.79827749999828,0.0,148.79827749999828,4,124,1116,ok,optimal,148.79827749999828,standard_primal_shadow_dual
4,September,30,189.83637835653215,0.0,189.83637835653215,9,122,1098,ok,optimal,189.83637835653215,standard_primal_shadow_dual
4,September,31,0.0,0.0,0.0,3,126,1134,ok,optimal,0.0,standard_primal_shadow_dual
4,September,32,0.0,0.0,0.0,0,0,0,ok,empty_zero_redirection,,
4,September,33,477.5650214841281,0.0,477.5650214841281,7,124,1116,ok,optimal,477.5650214841281,standard_primal_shadow_dual
4,September,34,256.2917632791422,0.0,256.2917632791422,5,128,1152,ok,optimal,256.2917632791422,standard_primal_shadow_dual
4,September,35,0.0,0.0,0.0,3,124,1116,ok,optimal,0.0,standard_primal_shadow_dual
4,September,36,0.0,0.0,0.0,1,120,1080,ok,optimal,0.0,standard_primal_shadow_dual
4,September,37,0.0,0.0,0.0,0,0,0,ok,empty_zero_redirection,,
4,September,38,0.0,0.0,0.0,1,112,1008,ok,optimal,0.0,standard_primal_shadow_dual
4,September,39,0.0,0.0,0.0,1,106,954,ok,optimal,0.0,standard_primal_shadow_dual
4,September,40,0.0,0.0,0.0,0,0,0,ok,empty_zero_redirection,,
4,September,41,0.0,0.0,0.0,0,0,0,ok,empty_zero_redirection,,
4,September,42,0.0,0.0,0.0,0,0,0,ok,empty_zero_redirection,,
4,September,43,0.0,0.0,0.0,0,0,0,ok,empty_zero_redirection,,
4,September,44,0.0,0.0,0.0,0,0,0,ok,empty_zero_redirection,,
4,September,45,0.0,0.0,0.0,0,0,0,ok,empty_zero_redirection,,
4,September,46,0.0,0.0,0.0,0,0,0,ok,empty_zero_redirection,,
4,September,47,0.0,0.0,0.0,0,0,0,ok,empty_zero_redirection,,
4,September,48,0.0,0.0,0.0,0,0,0,ok,empty_zero_redirection,,
4,October,1,0.0,0.0,0.0,0,0,0,ok,empty_zero_redirection,,
4,October,2,0.0,0.0,0.0,1,90,810,ok,optimal,0.0,standard_primal_shadow_dual
4,October,3,0.0,0.0,0.0,3,92,828,ok,optimal,0.0,standard_primal_shadow_dual
4,October,4,0.0,0.0,0.0,1,90,810,ok,optimal,0.0,standard_primal_shadow_dual
4,October,5,0.0,0.0,0.0,0,0,0,ok,empty_zero_redirection,,
4,October,6,0.0,0.0,0.0,0,0,0,ok,empty_zero_redirection,,
4,October,7,0.0,0.0,0.0,0,0,0,ok,empty_zero_redirection,,
4,October,8,0.0,0.0,0.0,0,0,0,ok,empty_zero_redirection,,
4,October,9,0.0,0.0,0.0,0,0,0,ok,empty_zero_redirection,,
4,October,10,0.0,0.0,0.0,0,0,0,ok,empty_zero_redirection,,
4,October,11,0.0,0.0,0.0,0,0,0,ok,empty_zero_redirection,,
4,October,12,0.0,0.0,0.0,0,0,0,ok,empty_zero_redirection,,
4,October,13,0.0,0.0,0.0,0,0,0,ok,empty_zero_redirection,,
4,October,14,0.0,0.0,0.0,1,126,1134,ok,optimal,0.0,standard_primal_shadow_dual
4,October,15,0.0,0.0,0.0,1,126,1134,ok,optimal,0.0,standard_primal_shadow_dual
4,October,16,200.84265819083203,0.0,200.84265819083203,7,130,1170,ok,optimal,200.84265819083203,standard_primal_shadow_dual
4,October,17,576.7458844522556,0.0,576.7458844522556,12,130,1170,ok,optimal,576.7458844522556,standard_primal_shadow_dual
4,October,18,764.4139609165128,0.0,764.4139609165128,8,130,1170,ok,optimal,764.4139609165128,standard_primal_shadow_dual
4,October,19,586.5749831929373,0.0,586.5749831929373,4,130,1170,ok,optimal,586.5749831929373,standard_primal_shadow_dual
4,October,20,291.4166834125238,0.0,291.4166834125238,2,130,1170,ok,optimal,291.4166834125238,standard_primal_shadow_dual
4,October,21,0.0,0.0,0.0,0,0,0,ok,empty_zero_redirection,,
4,October,22,0.0,0.0,0.0,0,0,0,ok,empty_zero_redirection,,
4,October,23,0.0,0.0,0.0,6,126,1134,ok,optimal,0.0,standard_primal_shadow_dual
4,October,24,44.56140102098697,0.0,44.56140102098697,4,126,1134,ok,optimal,44.56140102098697,standard_primal_shadow_dual
4,October,25,0.0,0.0,0.0,2,118,1062,ok,optimal,0.0,standard_primal_shadow_dual
4,October,26,0.0,0.0,0.0,2,122,1098,ok,optimal,0.0,standard_primal_shadow_dual
4,October,27,0.0,0.0,0.0,3,120,1080,ok,optimal,0.0,standard_primal_shadow_dual
4,October,28,123.94477257266605,0.0,123.94477257266605,7,122,1098,ok,optimal,123.94477257266605,standard_primal_shadow_dual
4,October,29,0.0,0.0,0.0,2,124,1116,ok,optimal,0.0,standard_primal_shadow_dual
4,October,30,707.2347952819382,0.0,707.2347952819382,5,122,1098,ok,optimal,707.2347952819382,standard_primal_shadow_dual
4,October,31,0.0,0.0,0.0,2,126,1134,ok,optimal,0.0,standard_primal_shadow_dual
4,October,32,0.0,0.0,0.0,0,0,0,ok,empty_zero_redirection,,
4,October,33,27.935379336506784,0.0,27.935379336506784,5,124,1116,ok,optimal,27.935379336506784,standard_primal_shadow_dual
4,October,34,0.0,0.0,0.0,4,128,1152,ok,optimal,0.0,standard_primal_shadow_dual
4,October,35,0.0,0.0,0.0,3,124,1116,ok,optimal,0.0,standard_primal_shadow_dual
4,October,36,467.9562982564369,0.0,467.9562982564369,1,120,1080,ok,optimal,467.9562982564369,standard_primal_shadow_dual
4,October,37,0.0,0.0,0.0,0,0,0,ok,empty_zero_redirection,,
4,October,38,0.0,0.0,0.0,1,112,1008,ok,optimal,0.0,standard_primal_shadow_dual
4,October,39,0.0,0.0,0.0,1,106,954,ok,optimal,0.0,standard_primal_shadow_dual
4,October,40,0.0,0.0,0.0,0,0,0,ok,empty_zero_redirection,,
4,October,41,0.0,0.0,0.0,0,0,0,ok,empty_zero_redirection,,
4,October,42,0.0,0.0,0.0,0,0,0,ok,empty_zero_redirection,,
4,October,43,0.0,0.0,0.0,0,0,0,ok,empty_zero_redirection,,
4,October,44,0.0,0.0,0.0,0,0,0,ok,empty_zero_redirection,,
4,October,45,0.0,0.0,0.0,0,0,0,ok,empty_zero_redirection,,
4,October,46,0.0,0.0,0.0,0,0,0,ok,empty_zero_redirection,,
4,October,47,0.0,0.0,0.0,0,0,0,ok,empty_zero_redirection,,
4,October,48,0.0,0.0,0.0,0,0,0,ok,empty_zero_redirection,,
4,November,1,0.0,0.0,0.0,0,0,0,ok,empty_zero_redirection,,
4,November,2,0.0,0.0,0.0,1,90,810,ok,optimal,0.0,standard_primal_shadow_dual
4,November,3,0.0,0.0,0.0,3,92,828,ok,optimal,0.0,standard_primal_shadow_dual
4,November,4,0.0,0.0,0.0,1,90,810,ok,optimal,0.0,standard_primal_shadow_dual
4,November,5,0.0,0.0,0.0,0,0,0,ok,empty_zero_redirection,,
4,November,6,0.0,0.0,0.0,0,0,0,ok,empty_zero_redirection,,
4,November,7,0.0,0.0,0.0,0,0,0,ok,empty_zero_redirection,,
4,November,8,0.0,0.0,0.0,0,0,0,ok,empty_zero_redirection,,
4,November,9,0.0,0.0,0.0,0,0,0,ok,empty_zero_redirection,,
4,November,10,0.0,0.0,0.0,0,0,0,ok,empty_zero_redirection,,
4,November,11,0.0,0.0,0.0,0,0,0,ok,empty_zero_redirection,,
4,November,12,0.0,0.0,0.0,0,0,0,ok,empty_zero_redirection,,
4,November,13,0.0,0.0,0.0,0,0,0,ok,empty_zero_redirection,,
4,November,14,0.0,0.0,0.0,1,126,1134,ok,optimal,0.0,standard_primal_shadow_dual
4,November,15,0.0,0.0,0.0,1,126,1134,ok,optimal,0.0,standard_primal_shadow_dual
4,November,16,112.17176776249033,0.0,112.17176776249033,7,130,1170,ok,optimal,112.17176776249033,standard_primal_shadow_dual
4,November,17,617.0585839365438,0.0,617.0585839365438,13,130,1170,ok,optimal,617.0585839365438,standard_primal_shadow_dual
4,November,18,0.0,0.0,0.0,6,130,1170,ok,optimal,0.0,standard_primal_shadow_dual
4,November,19,1103.321303485676,0.0,1103.321303485676,4,130,1170,ok,optimal,1103.321303485676,standard_primal_shadow_dual
4,November,20,0.0,0.0,0.0,2,130,1170,ok,optimal,0.0,standard_primal_shadow_dual
4,November,21,0.0,0.0,0.0,0,0,0,ok,empty_zero_redirection,,
4,November,22,0.0,0.0,0.0,0,0,0,ok,empty_zero_redirection,,
4,November,23,61.98641150704135,0.0,61.98641150704135,7,126,1134,ok,optimal,61.98641150704135,standard_primal_shadow_dual
4,November,24,0.0,0.0,0.0,4,126,1134,ok,optimal,0.0,standard_primal_shadow_dual
4,November,25,0.0,0.0,0.0,2,118,1062,ok,optimal,0.0,standard_primal_shadow_dual
4,November,26,0.0,0.0,0.0,2,122,1098,ok,optimal,0.0,standard_primal_shadow_dual
4,November,27,0.0,0.0,0.0,3,120,1080,ok,optimal,0.0,standard_primal_shadow_dual
4,November,28,127.8681053768876,0.0,127.8681053768876,6,122,1098,ok,optimal,127.8681053768876,standard_primal_shadow_dual
4,November,29,0.0,0.0,0.0,1,124,1116,ok,optimal,0.0,standard_primal_shadow_dual
4,November,30,115.7857286346707,0.0,115.7857286346707,4,122,1098,ok,optimal,115.7857286346707,standard_primal_shadow_dual
4,November,31,0.0,0.0,0.0,2,126,1134,ok,optimal,0.0,standard_primal_shadow_dual
4,November,32,0.0,0.0,0.0,0,0,0,ok,empty_zero_redirection,,
4,November,33,207.38088082930858,0.0,207.38088082930858,6,124,1116,ok,optimal,207.38088082930858,standard_primal_shadow_dual
4,November,34,0.0,0.0,0.0,4,128,1152,ok,optimal,0.0,standard_primal_shadow_dual
4,November,35,0.0,0.0,0.0,3,124,1116,ok,optimal,0.0,standard_primal_shadow_dual
4,November,36,0.0,0.0,0.0,1,120,1080,ok,optimal,0.0,standard_primal_shadow_dual
4,November,37,0.0,0.0,0.0,0,0,0,ok,empty_zero_redirection,,
4,November,38,0.0,0.0,0.0,1,112,1008,ok,optimal,0.0,standard_primal_shadow_dual
4,November,39,31.110418929992534,0.0,31.110418929992534,1,106,954,ok,optimal,31.110418929992534,standard_primal_shadow_dual
4,November,40,0.0,0.0,0.0,0,0,0,ok,empty_zero_redirection,,
4,November,41,0.0,0.0,0.0,0,0,0,ok,empty_zero_redirection,,
4,November,42,0.0,0.0,0.0,0,0,0,ok,empty_zero_redirection,,
4,November,43,0.0,0.0,0.0,0,0,0,ok,empty_zero_redirection,,
4,November,44,0.0,0.0,0.0,0,0,0,ok,empty_zero_redirection,,
4,November,45,0.0,0.0,0.0,0,0,0,ok,empty_zero_redirection,,
4,November,46,0.0,0.0,0.0,0,0,0,ok,empty_zero_redirection,,
4,November,47,0.0,0.0,0.0,0,0,0,ok,empty_zero_redirection,,
4,November,48,0.0,0.0,0.0,0,0,0,ok,empty_zero_redirection,,
4,December,1,0.0,0.0,0.0,0,0,0,ok,empty_zero_redirection,,
4,December,2,0.0,0.0,0.0,1,90,810,ok,optimal,0.0,standard_primal_shadow_dual
4,December,3,0.0,0.0,0.0,3,92,828,ok,optimal,0.0,standard_primal_shadow_dual
4,December,4,0.0,0.0,0.0,1,90,810,ok,optimal,0.0,standard_primal_shadow_dual
4,December,5,0.0,0.0,0.0,0,0,0,ok,empty_zero_redirection,,
4,December,6,0.0,0.0,0.0,0,0,0,ok,empty_zero_redirection,,
4,December,7,0.0,0.0,0.0,0,0,0,ok,empty_zero_redirection,,
4,December,8,0.0,0.0,0.0,0,0,0,ok,empty_zero_redirection,,
4,December,9,0.0,0.0,0.0,0,0,0,ok,empty_zero_redirection,,
4,December,10,0.0,0.0,0.0,0,0,0,ok,empty_zero_redirection,,
4,December,11,0.0,0.0,0.0,0,0,0,ok,empty_zero_redirection,,
4,December,12,0.0,0.0,0.0,0,0,0,ok,empty_zero_redirection,,
4,December,13,0.0,0.0,0.0,0,0,0,ok,empty_zero_redirection,,
4,December,14,0.0,0.0,0.0,1,126,1134,ok,optimal,0.0,standard_primal_shadow_dual
4,December,15,0.0,0.0,0.0,1,126,1134,ok,optimal,0.0,standard_primal_shadow_dual
4,December,16,9.385343145702464,0.0,9.385343145702464,7,130,1170,ok,optimal,9.385343145702464,standard_primal_shadow_dual
4,December,17,209.3092666384062,0.0,209.3092666384062,13,130,1170,ok,optimal,209.3092666384062,standard_primal_shadow_dual
4,December,18,240.91100144579497,0.0,240.91100144579497,6,130,1170,ok,optimal,240.91100144579497,standard_primal_shadow_dual
4,December,19,387.5,0.0,387.5,4,130,1170,ok,optimal,387.5,standard_primal_shadow_dual
4,December,20,0.0,0.0,0.0,2,130,1170,ok,optimal,0.0,standard_primal_shadow_dual
4,December,21,0.0,0.0,0.0,0,0,0,ok,empty_zero_redirection,,
4,December,22,0.0,0.0,0.0,0,0,0,ok,empty_zero_redirection,,
4,December,23,511.6915514317876,0.0,511.6915514317876,7,126,1134,ok,optimal,511.6915514317876,standard_primal_shadow_dual
4,December,24,0.0,0.0,0.0,4,126,1134,ok,optimal,0.0,standard_primal_shadow_dual
4,December,25,0.0,0.0,0.0,2,118,1062,ok,optimal,0.0,standard_primal_shadow_dual
4,December,26,0.0,0.0,0.0,2,122,1098,ok,optimal,0.0,standard_primal_shadow_dual
4,December,27,0.0,0.0,0.0,3,120,1080,ok,optimal,0.0,standard_primal_shadow_dual
4,December,28,0.0,0.0,0.0,6,122,1098,ok,optimal,0.0,standard_primal_shadow_dual
4,December,29,0.0,0.0,0.0,1,124,1116,ok,optimal,0.0,standard_primal_shadow_dual
4,December,30,0.0,0.0,0.0,4,122,1098,ok,optimal,0.0,standard_primal_shadow_dual
4,December,31,0.0,0.0,0.0,3,126,1134,ok,optimal,0.0,standard_primal_shadow_dual
4,December,32,0.0,0.0,0.0,0,0,0,ok,empty_zero_redirection,,
4,December,33,184.1239527510187,0.0,184.1239527510187,5,124,1116,ok,optimal,184.1239527510187,standard_primal_shadow_dual
4,December,34,0.0,0.0,0.0,4,128,1152,ok,optimal,0.0,standard_primal_shadow_dual
4,December,35,0.0,0.0,0.0,3,124,1116,ok,optimal,0.0,standard_primal_shadow_dual
4,December,36,0.0,0.0,0.0,1,120,1080,ok,optimal,0.0,standard_primal_shadow_dual
4,December,37,0.0,0.0,0.0,0,0,0,ok,empty_zero_redirection,,
4,December,38,0.0,0.0,0.0,1,112,1008,ok,optimal,0.0,standard_primal_shadow_dual
4,December,39,0.0,0.0,0.0,1,106,954,ok,optimal,0.0,standard_primal_shadow_dual
4,December,40,0.0,0.0,0.0,0,0,0,ok,empty_zero_redirection,,
4,December,41,0.0,0.0,0.0,0,0,0,ok,empty_zero_redirection,,
4,December,42,0.0,0.0,0.0,0,0,0,ok,empty_zero_redirection,,
4,December,43,0.0,0.0,0.0,0,0,0,ok,empty_zero_redirection,,
4,December,44,0.0,0.0,0.0,0,0,0,ok,empty_zero_redirection,,
4,December,45,0.0,0.0,0.0,0,0,0,ok,empty_zero_redirection,,
4,December,46,0.0,0.0,0.0,0,0,0,ok,empty_zero_redirection,,
4,December,47,0.0,0.0,0.0,0,0,0,ok,empty_zero_redirection,,
4,December,48,0.0,0.0,0.0,0,0,0,ok,empty_zero_redirection,,
5,January,1,0.0,0.0,0.0,0,0,0,ok,empty_zero_redirection,,
5,January,2,0.0,0.0,0.0,1,90,810,ok,optimal,0.0,standard_primal_shadow_dual
5,January,3,0.0,0.0,0.0,3,92,828,ok,optimal,0.0,standard_primal_shadow_dual
5,January,4,0.0,0.0,0.0,1,90,810,ok,optimal,0.0,standard_primal_shadow_dual
5,January,5,0.0,0.0,0.0,0,0,0,ok,empty_zero_redirection,,
5,January,6,0.0,0.0,0.0,0,0,0,ok,empty_zero_redirection,,
5,January,7,0.0,0.0,0.0,0,0,0,ok,empty_zero_redirection,,
5,January,8,0.0,0.0,0.0,0,0,0,ok,empty_zero_redirection,,
5,January,9,0.0,0.0,0.0,0,0,0,ok,empty_zero_redirection,,
5,January,10,0.0,0.0,0.0,0,0,0,ok,empty_zero_redirection,,
5,January,11,0.0,0.0,0.0,0,0,0,ok,empty_zero_redirection,,
5,January,12,0.0,0.0,0.0,0,0,0,ok,empty_zero_redirection,,
5,January,13,0.0,0.0,0.0,0,0,0,ok,empty_zero_redirection,,
5,January,14,0.0,0.0,0.0,1,126,1134,ok,optimal,0.0,standard_primal_shadow_dual
5,January,15,0.0,0.0,0.0,1,126,1134,ok,optimal,0.0,standard_primal_shadow_dual
5,January,16,0.0,0.0,0.0,7,130,1170,ok,optimal,0.0,standard_primal_shadow_dual
5,January,17,0.0,0.0,0.0,12,130,1170,ok,optimal,0.0,standard_primal_shadow_dual
5,January,18,0.0,0.0,0.0,6,130,1170,ok,optimal,0.0,standard_primal_shadow_dual
5,January,19,0.0,0.0,0.0,3,130,1170,ok,optimal,0.0,standard_primal_shadow_dual
5,January,20,0.0,0.0,0.0,2,130,1170,ok,optimal,0.0,standard_primal_shadow_dual
5,January,21,0.0,0.0,0.0,0,0,0,ok,empty_zero_redirection,,
5,January,22,0.0,0.0,0.0,0,0,0,ok,empty_zero_redirection,,
5,January,23,0.0,0.0,0.0,6,126,1134,ok,optimal,0.0,standard_primal_shadow_dual
5,January,24,0.0,0.0,0.0,4,126,1134,ok,optimal,0.0,standard_primal_shadow_dual
5,January,25,0.0,0.0,0.0,2,118,1062,ok,optimal,0.0,standard_primal_shadow_dual
5,January,26,0.0,0.0,0.0,2,122,1098,ok,optimal,0.0,standard_primal_shadow_dual
5,January,27,0.0,0.0,0.0,3,120,1080,ok,optimal,0.0,standard_primal_shadow_dual
5,January,28,0.0,0.0,0.0,6,122,1098,ok,optimal,0.0,standard_primal_shadow_dual
5,January,29,0.0,0.0,0.0,1,124,1116,ok,optimal,0.0,standard_primal_shadow_dual
5,January,30,0.0,0.0,0.0,4,122,1098,ok,optimal,0.0,standard_primal_shadow_dual
5,January,31,0.0,0.0,0.0,2,126,1134,ok,optimal,0.0,standard_primal_shadow_dual
5,January,32,0.0,0.0,0.0,0,0,0,ok,empty_zero_redirection,,
5,January,33,0.0,0.0,0.0,5,124,1116,ok,optimal,0.0,standard_primal_shadow_dual
5,January,34,0.0,0.0,0.0,5,128,1152,ok,optimal,0.0,standard_primal_shadow_dual
5,January,35,0.0,0.0,0.0,3,124,1116,ok,optimal,0.0,standard_primal_shadow_dual
5,January,36,0.0,0.0,0.0,1,120,1080,ok,optimal,0.0,standard_primal_shadow_dual
5,January,37,0.0,0.0,0.0,0,0,0,ok,empty_zero_redirection,,
5,January,38,0.0,0.0,0.0,1,112,1008,ok,optimal,0.0,standard_primal_shadow_dual
5,January,39,0.0,0.0,0.0,1,106,954,ok,optimal,0.0,standard_primal_shadow_dual
5,January,40,0.0,0.0,0.0,0,0,0,ok,empty_zero_redirection,,
5,January,41,0.0,0.0,0.0,0,0,0,ok,empty_zero_redirection,,
5,January,42,0.0,0.0,0.0,0,0,0,ok,empty_zero_redirection,,
5,January,43,0.0,0.0,0.0,0,0,0,ok,empty_zero_redirection,,
5,January,44,0.0,0.0,0.0,0,0,0,ok,empty_zero_redirection,,
5,January,45,0.0,0.0,0.0,0,0,0,ok,empty_zero_redirection,,
5,January,46,0.0,0.0,0.0,0,0,0,ok,empty_zero_redirection,,
5,January,47,0.0,0.0,0.0,0,0,0,ok,empty_zero_redirection,,
5,January,48,0.0,0.0,0.0,0,0,0,ok,empty_zero_redirection,,
5,February,1,0.0,0.0,0.0,0,0,0,ok,empty_zero_redirection,,
5,February,2,0.0,0.0,0.0,1,90,810,ok,optimal,0.0,standard_primal_shadow_dual
5,February,3,0.0,0.0,0.0,3,92,828,ok,optimal,0.0,standard_primal_shadow_dual
5,February,4,0.0,0.0,0.0,1,90,810,ok,optimal,0.0,standard_primal_shadow_dual
5,February,5,0.0,0.0,0.0,0,0,0,ok,empty_zero_redirection,,
5,February,6,0.0,0.0,0.0,0,0,0,ok,empty_zero_redirection,,
5,February,7,0.0,0.0,0.0,0,0,0,ok,empty_zero_redirection,,
5,February,8,0.0,0.0,0.0,0,0,0,ok,empty_zero_redirection,,
5,February,9,0.0,0.0,0.0,0,0,0,ok,empty_zero_redirection,,
5,February,10,0.0,0.0,0.0,0,0,0,ok,empty_zero_redirection,,
5,February,11,0.0,0.0,0.0,0,0,0,ok,empty_zero_redirection,,
5,February,12,0.0,0.0,0.0,0,0,0,ok,empty_zero_redirection,,
5,February,13,0.0,0.0,0.0,0,0,0,ok,empty_zero_redirection,,
5,February,14,0.0,0.0,0.0,1,126,1134,ok,optimal,0.0,standard_primal_shadow_dual
5,February,15,0.0,0.0,0.0,1,126,1134,ok,optimal,0.0,standard_primal_shadow_dual
5,February,16,0.0,0.0,0.0,7,130,1170,ok,optimal,0.0,standard_primal_shadow_dual
5,February,17,0.0,0.0,0.0,12,130,1170,ok,optimal,0.0,standard_primal_shadow_dual
5,February,18,0.0,0.0,0.0,7,130,1170,ok,optimal,0.0,standard_primal_shadow_dual
5,February,19,0.0,0.0,0.0,3,130,1170,ok,optimal,0.0,standard_primal_shadow_dual
5,February,20,0.0,0.0,0.0,2,130,1170,ok,optimal,0.0,standard_primal_shadow_dual
5,February,21,0.0,0.0,0.0,0,0,0,ok,empty_zero_redirection,,
5,February,22,0.0,0.0,0.0,0,0,0,ok,empty_zero_redirection,,
5,February,23,0.0,0.0,0.0,6,126,1134,ok,optimal,0.0,standard_primal_shadow_dual
5,February,24,0.0,0.0,0.0,5,126,1134,ok,optimal,0.0,standard_primal_shadow_dual
5,February,25,0.0,0.0,0.0,2,118,1062,ok,optimal,0.0,standard_primal_shadow_dual
5,February,26,0.0,0.0,0.0,4,122,1098,ok,optimal,0.0,standard_primal_shadow_dual
5,February,27,0.0,0.0,0.0,3,120,1080,ok,optimal,0.0,standard_primal_shadow_dual
5,February,28,0.0,0.0,0.0,7,122,1098,ok,optimal,0.0,standard_primal_shadow_dual
5,February,29,0.0,0.0,0.0,2,124,1116,ok,optimal,0.0,standard_primal_shadow_dual
5,February,30,0.0,0.0,0.0,5,122,1098,ok,optimal,0.0,standard_primal_shadow_dual
5,February,31,0.0,0.0,0.0,2,126,1134,ok,optimal,0.0,standard_primal_shadow_dual
5,February,32,0.0,0.0,0.0,0,0,0,ok,empty_zero_redirection,,
5,February,33,0.0,0.0,0.0,6,124,1116,ok,optimal,0.0,standard_primal_shadow_dual
5,February,34,132.38068472216577,0.0,132.38068472216577,4,128,1152,ok,optimal,132.38068472216577,standard_primal_shadow_dual
5,February,35,0.0,0.0,0.0,3,124,1116,ok,optimal,0.0,standard_primal_shadow_dual
5,February,36,0.0,0.0,0.0,1,120,1080,ok,optimal,0.0,standard_primal_shadow_dual
5,February,37,0.0,0.0,0.0,0,0,0,ok,empty_zero_redirection,,
5,February,38,0.0,0.0,0.0,1,112,1008,ok,optimal,0.0,standard_primal_shadow_dual
5,February,39,0.0,0.0,0.0,1,106,954,ok,optimal,0.0,standard_primal_shadow_dual
5,February,40,0.0,0.0,0.0,0,0,0,ok,empty_zero_redirection,,
5,February,41,0.0,0.0,0.0,0,0,0,ok,empty_zero_redirection,,
5,February,42,0.0,0.0,0.0,0,0,0,ok,empty_zero_redirection,,
5,February,43,0.0,0.0,0.0,0,0,0,ok,empty_zero_redirection,,
5,February,44,0.0,0.0,0.0,0,0,0,ok,empty_zero_redirection,,
5,February,45,0.0,0.0,0.0,0,0,0,ok,empty_zero_redirection,,
5,February,46,0.0,0.0,0.0,0,0,0,ok,empty_zero_redirection,,
5,February,47,0.0,0.0,0.0,0,0,0,ok,empty_zero_redirection,,
5,February,48,0.0,0.0,0.0,0,0,0,ok,empty_zero_redirection,,
5,March,1,0.0,0.0,0.0,0,0,0,ok,empty_zero_redirection,,
5,March,2,0.0,0.0,0.0,1,90,810,ok,optimal,0.0,standard_primal_shadow_dual
5,March,3,0.0,0.0,0.0,3,92,828,ok,optimal,0.0,standard_primal_shadow_dual
5,March,4,0.0,0.0,0.0,1,90,810,ok,optimal,0.0,standard_primal_shadow_dual
5,March,5,0.0,0.0,0.0,0,0,0,ok,empty_zero_redirection,,
5,March,6,0.0,0.0,0.0,0,0,0,ok,empty_zero_redirection,,
5,March,7,0.0,0.0,0.0,0,0,0,ok,empty_zero_redirection,,
5,March,8,0.0,0.0,0.0,0,0,0,ok,empty_zero_redirection,,
5,March,9,0.0,0.0,0.0,0,0,0,ok,empty_zero_redirection,,
5,March,10,0.0,0.0,0.0,0,0,0,ok,empty_zero_redirection,,
5,March,11,0.0,0.0,0.0,0,0,0,ok,empty_zero_redirection,,
5,March,12,0.0,0.0,0.0,0,0,0,ok,empty_zero_redirection,,
5,March,13,0.0,0.0,0.0,0,0,0,ok,empty_zero_redirection,,
5,March,14,0.0,0.0,0.0,1,126,1134,ok,optimal,0.0,standard_primal_shadow_dual
5,March,15,17.279567131990873,0.0,17.279567131990873,3,126,1134,ok,optimal,17.279567131990873,standard_primal_shadow_dual
5,March,16,0.0,0.0,0.0,8,130,1170,ok,optimal,0.0,standard_primal_shadow_dual
5,March,17,0.0,0.0,0.0,13,130,1170,ok,optimal,0.0,standard_primal_shadow_dual
5,March,18,341.9919666807101,0.0,341.9919666807101,8,130,1170,ok,optimal,341.9919666807101,standard_primal_shadow_dual
5,March,19,37.537491596468314,0.0,37.537491596468314,4,130,1170,ok,optimal,37.537491596468314,standard_primal_shadow_dual
5,March,20,0.0,0.0,0.0,6,130,1170,ok,optimal,0.0,standard_primal_shadow_dual
5,March,21,0.0,0.0,0.0,2,130,1170,ok,optimal,0.0,standard_primal_shadow_dual
5,March,22,0.0,0.0,0.0,1,128,1152,ok,optimal,0.0,standard_primal_shadow_dual
5,March,23,0.0,0.0,0.0,6,126,1134,ok,optimal,0.0,standard_primal_shadow_dual
5,March,24,0.0,0.0,0.0,6,126,1134,ok,optimal,0.0,standard_primal_shadow_dual
5,March,25,0.0,0.0,0.0,3,118,1062,ok,optimal,0.0,standard_primal_shadow_dual
5,March,26,12.421185969387755,0.0,12.421185969387755,4,122,1098,ok,optimal,12.421185969387755,standard_primal_shadow_dual
5,March,27,0.0,0.0,0.0,3,120,1080,ok,optimal,0.0,standard_primal_shadow_dual
5,March,28,0.0,0.0,0.0,6,122,1098,ok,optimal,0.0,standard_primal_shadow_dual
5,March,29,0.0,0.0,0.0,3,124,1116,ok,optimal,0.0,standard_primal_shadow_dual
5,March,30,0.0,0.0,0.0,5,122,1098,ok,optimal,0.0,standard_primal_shadow_dual
5,March,31,0.0,0.0,0.0,3,126,1134,ok,optimal,0.0,standard_primal_shadow_dual
5,March,32,0.0,0.0,0.0,0,0,0,ok,empty_zero_redirection,,
5,March,33,0.0,0.0,0.0,6,124,1116,ok,optimal,0.0,standard_primal_shadow_dual
5,March,34,0.0,0.0,0.0,7,128,1152,ok,optimal,0.0,standard_primal_shadow_dual
5,March,35,0.0,0.0,0.0,3,124,1116,ok,optimal,0.0,standard_primal_shadow_dual
5,March,36,0.0,0.0,0.0,1,120,1080,ok,optimal,0.0,standard_primal_shadow_dual
5,March,37,0.0,0.0,0.0,1,108,972,ok,optimal,0.0,standard_primal_shadow_dual
5,March,38,0.0,0.0,0.0,3,112,1008,ok,optimal,0.0,standard_primal_shadow_dual
5,March,39,0.0,0.0,0.0,1,106,954,ok,optimal,0.0,standard_primal_shadow_dual
5,March,40,0.0,0.0,0.0,0,0,0,ok,empty_zero_redirection,,
5,March,41,0.0,0.0,0.0,0,0,0,ok,empty_zero_redirection,,
5,March,42,0.0,0.0,0.0,0,0,0,ok,empty_zero_redirection,,
5,March,43,0.0,0.0,0.0,0,0,0,ok,empty_zero_redirection,,
5,March,44,0.0,0.0,0.0,0,0,0,ok,empty_zero_redirection,,
5,March,45,0.0,0.0,0.0,0,0,0,ok,empty_zero_redirection,,
5,March,46,0.0,0.0,0.0,0,0,0,ok,empty_zero_redirection,,
5,March,47,0.0,0.0,0.0,0,0,0,ok,empty_zero_redirection,,
5,March,48,0.0,0.0,0.0,0,0,0,ok,empty_zero_redirection,,
5,April,1,0.0,0.0,0.0,0,0,0,ok,empty_zero_redirection,,
5,April,2,0.0,0.0,0.0,1,90,810,ok,optimal,0.0,standard_primal_shadow_dual
5,April,3,0.0,0.0,0.0,3,92,828,ok,optimal,0.0,standard_primal_shadow_dual
5,April,4,0.0,0.0,0.0,1,90,810,ok,optimal,0.0,standard_primal_shadow_dual
5,April,5,0.0,0.0,0.0,0,0,0,ok,empty_zero_redirection,,
5,April,6,0.0,0.0,0.0,0,0,0,ok,empty_zero_redirection,,
5,April,7,0.0,0.0,0.0,0,0,0,ok,empty_zero_redirection,,
5,April,8,0.0,0.0,0.0,0,0,0,ok,empty_zero_redirection,,
5,April,9,0.0,0.0,0.0,0,0,0,ok,empty_zero_redirection,,
5,April,10,0.0,0.0,0.0,0,0,0,ok,empty_zero_redirection,,
5,April,11,0.0,0.0,0.0,1,80,720,ok,optimal,0.0,standard_primal_shadow_dual
5,April,12,0.0,0.0,0.0,0,0,0,ok,empty_zero_redirection,,
5,April,13,0.0,0.0,0.0,2,118,1062,ok,optimal,0.0,standard_primal_shadow_dual
5,April,14,0.0,0.0,0.0,1,126,1134,ok,optimal,0.0,standard_primal_shadow_dual
5,April,15,0.0,0.0,0.0,3,126,1134,ok,optimal,0.0,standard_primal_shadow_dual
5,April,16,0.0,0.0,0.0,8,130,1170,ok,optimal,0.0,standard_primal_shadow_dual
5,April,17,0.0,0.0,0.0,15,130,1170,ok,optimal,0.0,standard_primal_shadow_dual
5,April,18,0.0,0.0,0.0,11,130,1170,ok,optimal,0.0,standard_primal_shadow_dual
5,April,19,0.0,0.0,0.0,9,130,1170,ok,optimal,0.0,standard_primal_shadow_dual
5,April,20,98.19593301431334,0.0,98.19593301431334,9,130,1170,ok,optimal,98.19593301431334,standard_primal_shadow_dual
5,April,21,0.0,0.0,0.0,10,130,1170,ok,optimal,0.0,standard_primal_shadow_dual
5,April,22,0.0,0.0,0.0,6,128,1152,ok,optimal,0.0,standard_primal_shadow_dual
5,April,23,0.0,0.0,0.0,8,126,1134,ok,optimal,0.0,standard_primal_shadow_dual
5,April,24,0.0,0.0,0.0,7,126,1134,ok,optimal,0.0,standard_primal_shadow_dual
5,April,25,0.0,0.0,0.0,5,118,1062,ok,optimal,0.0,standard_primal_shadow_dual
5,April,26,0.0,0.0,0.0,7,122,1098,ok,optimal,0.0,standard_primal_shadow_dual
5,April,27,0.0,0.0,0.0,7,120,1080,ok,optimal,0.0,standard_primal_shadow_dual
5,April,28,0.0,0.0,0.0,11,122,1098,ok,optimal,0.0,standard_primal_shadow_dual
5,April,29,0.0,0.0,0.0,11,124,1116,ok,optimal,0.0,standard_primal_shadow_dual
5,April,30,0.0,0.0,0.0,11,122,1098,ok,optimal,0.0,standard_primal_shadow_dual
5,April,31,0.0,0.0,0.0,9,126,1134,ok,optimal,0.0,standard_primal_shadow_dual
5,April,32,0.0,0.0,0.0,7,126,1134,ok,optimal,0.0,standard_primal_shadow_dual
5,April,33,27.034238067585825,0.0,27.034238067585825,6,124,1116,ok,optimal,27.034238067585825,standard_primal_shadow_dual
5,April,34,0.0,0.0,0.0,10,128,1152,ok,optimal,0.0,standard_primal_shadow_dual
5,April,35,0.0,0.0,0.0,6,124,1116,ok,optimal,0.0,standard_primal_shadow_dual
5,April,36,0.0,0.0,0.0,4,120,1080,ok,optimal,0.0,standard_primal_shadow_dual
5,April,37,0.0,0.0,0.0,2,108,972,ok,optimal,0.0,standard_primal_shadow_dual
5,April,38,0.0,0.0,0.0,3,112,1008,ok,optimal,0.0,standard_primal_shadow_dual
5,April,39,0.0,0.0,0.0,1,106,954,ok,optimal,0.0,standard_primal_shadow_dual
5,April,40,0.0,0.0,0.0,0,0,0,ok,empty_zero_redirection,,
5,April,41,0.0,0.0,0.0,0,0,0,ok,empty_zero_redirection,,
5,April,42,0.0,0.0,0.0,0,0,0,ok,empty_zero_redirection,,
5,April,43,0.0,0.0,0.0,0,0,0,ok,empty_zero_redirection,,
5,April,44,0.0,0.0,0.0,0,0,0,ok,empty_zero_redirection,,
5,April,45,0.0,0.0,0.0,0,0,0,ok,empty_zero_redirection,,
5,April,46,0.0,0.0,0.0,0,0,0,ok,empty_zero_redirection,,
5,April,47,0.0,0.0,0.0,0,0,0,ok,empty_zero_redirection,,
5,April,48,0.0,0.0,0.0,0,0,0,ok,empty_zero_redirection,,
5,May,1,0.0,0.0,0.0,0,0,0,ok,empty_zero_redirection,,
5,May,2,0.0,0.0,0.0,1,90,810,ok,optimal,0.0,standard_primal_shadow_dual
5,May,3,0.0,0.0,0.0,3,92,828,ok,optimal,0.0,standard_primal_shadow_dual
5,May,4,0.0,0.0,0.0,1,90,810,ok,optimal,0.0,standard_primal_shadow_dual
5,May,5,0.0,0.0,0.0,0,0,0,ok,empty_zero_redirection,,
5,May,6,0.0,0.0,0.0,0,0,0,ok,empty_zero_redirection,,
5,May,7,0.0,0.0,0.0,0,0,0,ok,empty_zero_redirection,,
5,May,8,0.0,0.0,0.0,0,0,0,ok,empty_zero_redirection,,
5,May,9,0.0,0.0,0.0,0,0,0,ok,empty_zero_redirection,,
5,May,10,0.0,0.0,0.0,0,0,0,ok,empty_zero_redirection,,
5,May,11,0.0,0.0,0.0,1,80,720,ok,optimal,0.0,standard_primal_shadow_dual
5,May,12,0.0,0.0,0.0,1,96,864,ok,optimal,0.0,standard_primal_shadow_dual
5,May,13,0.0,0.0,0.0,1,118,1062,ok,optimal,0.0,standard_primal_shadow_dual
5,May,14,0.0,0.0,0.0,1,126,1134,ok,optimal,0.0,standard_primal_shadow_dual
5,May,15,0.0,0.0,0.0,7,126,1134,ok,optimal,0.0,standard_primal_shadow_dual
5,May,16,0.0,0.0,0.0,11,130,1170,ok,optimal,0.0,standard_primal_shadow_dual
5,May,17,69.0028366146782,0.0,69.0028366146782,14,130,1170,ok,optimal,69.0028366146782,standard_primal_shadow_dual
5,May,18,381.67768636918976,0.0,381.67768636918976,12,130,1170,ok,optimal,381.67768636918976,standard_primal_shadow_dual
5,May,19,336.5733356706571,0.0,336.5733356706571,14,130,1170,ok,optimal,336.5733356706571,standard_primal_shadow_dual
5,May,20,0.0,0.0,0.0,14,130,1170,ok,optimal,0.0,standard_primal_shadow_dual
5,May,21,0.0,0.0,0.0,10,130,1170,ok,optimal,0.0,standard_primal_shadow_dual
5,May,22,0.0,0.0,0.0,8,128,1152,ok,optimal,0.0,standard_primal_shadow_dual
5,May,23,0.0,0.0,0.0,6,126,1134,ok,optimal,0.0,standard_primal_shadow_dual
5,May,24,0.0,0.0,0.0,6,126,1134,ok,optimal,0.0,standard_primal_shadow_dual
5,May,25,0.0,0.0,0.0,5,118,1062,ok,optimal,0.0,standard_primal_shadow_dual
5,May,26,0.0,0.0,0.0,5,122,1098,ok,optimal,0.0,standard_primal_shadow_dual
5,May,27,0.0,0.0,0.0,4,120,1080,ok,optimal,0.0,standard_primal_shadow_dual
5,May,28,38.7176398757598,0.0,38.7176398757598,8,122,1098,ok,optimal,38.7176398757598,standard_primal_shadow_dual
5,May,29,0.0,0.0,0.0,8,124,1116,ok,optimal,0.0,standard_primal_shadow_dual
5,May,30,119.64525292249576,0.0,119.64525292249576,7,122,1098,ok,optimal,119.64525292249576,standard_primal_shadow_dual
5,May,31,0.0,0.0,0.0,7,126,1134,ok,optimal,0.0,standard_primal_shadow_dual
5,May,32,0.0,0.0,0.0,7,126,1134,ok,optimal,0.0,standard_primal_shadow_dual
5,May,33,129.98002562826707,0.0,129.98002562826707,6,124,1116,ok,optimal,129.98002562826707,standard_primal_shadow_dual
5,May,34,0.0,0.0,0.0,9,128,1152,ok,optimal,0.0,standard_primal_shadow_dual
5,May,35,0.0,0.0,0.0,6,124,1116,ok,optimal,0.0,standard_primal_shadow_dual
5,May,36,0.0,0.0,0.0,5,120,1080,ok,optimal,0.0,standard_primal_shadow_dual
5,May,37,0.0,0.0,0.0,4,108,972,ok,optimal,0.0,standard_primal_shadow_dual
5,May,38,0.0,0.0,0.0,4,112,1008,ok,optimal,0.0,standard_primal_shadow_dual
5,May,39,0.0,0.0,0.0,1,106,954,ok,optimal,0.0,standard_primal_shadow_dual
5,May,40,0.0,0.0,0.0,0,0,0,ok,empty_zero_redirection,,
5,May,41,0.0,0.0,0.0,0,0,0,ok,empty_zero_redirection,,
5,May,42,0.0,0.0,0.0,0,0,0,ok,empty_zero_redirection,,
5,May,43,0.0,0.0,0.0,0,0,0,ok,empty_zero_redirection,,
5,May,44,0.0,0.0,0.0,0,0,0,ok,empty_zero_redirection,,
5,May,45,0.0,0.0,0.0,0,0,0,ok,empty_zero_redirection,,
5,May,46,0.0,0.0,0.0,0,0,0,ok,empty_zero_redirection,,
5,May,47,0.0,0.0,0.0,0,0,0,ok,empty_zero_redirection,,
5,May,48,0.0,0.0,0.0,0,0,0,ok,empty_zero_redirection,,
5,June,1,0.0,0.0,0.0,0,0,0,ok,empty_zero_redirection,,
5,June,2,0.0,0.0,0.0,1,90,810,ok,optimal,0.0,standard_primal_shadow_dual
5,June,3,0.0,0.0,0.0,3,92,828,ok,optimal,0.0,standard_primal_shadow_dual
5,June,4,0.0,0.0,0.0,1,90,810,ok,optimal,0.0,standard_primal_shadow_dual
5,June,5,0.0,0.0,0.0,0,0,0,ok,empty_zero_redirection,,
5,June,6,0.0,0.0,0.0,0,0,0,ok,empty_zero_redirection,,
5,June,7,0.0,0.0,0.0,5,24,216,ok,optimal,0.0,standard_primal_shadow_dual
5,June,8,0.0,0.0,0.0,4,20,180,ok,optimal,0.0,standard_primal_shadow_dual
5,June,9,0.0,0.0,0.0,4,32,288,ok,optimal,0.0,standard_primal_shadow_dual
5,June,10,0.0,0.0,0.0,4,32,288,ok,optimal,0.0,standard_primal_shadow_dual
5,June,11,0.0,0.0,0.0,5,80,720,ok,optimal,0.0,standard_primal_shadow_dual
5,June,12,0.0,0.0,0.0,2,96,864,ok,optimal,0.0,standard_primal_shadow_dual
5,June,13,0.0,0.0,0.0,4,118,1062,ok,optimal,0.0,standard_primal_shadow_dual
5,June,14,0.0,0.0,0.0,3,126,1134,ok,optimal,0.0,standard_primal_shadow_dual
5,June,15,0.0,0.0,0.0,4,126,1134,ok,optimal,0.0,standard_primal_shadow_dual
5,June,16,210.96807285678466,0.0,210.96807285678466,9,130,1170,ok,optimal,210.96807285678466,standard_primal_shadow_dual
5,June,17,0.0,0.0,0.0,15,130,1170,ok,optimal,0.0,standard_primal_shadow_dual
5,June,18,135.18191317085737,0.0,135.18191317085737,9,130,1170,ok,optimal,135.18191317085737,standard_primal_shadow_dual
5,June,19,0.0,0.0,0.0,12,130,1170,ok,optimal,0.0,standard_primal_shadow_dual
5,June,20,0.0,0.0,0.0,10,130,1170,ok,optimal,0.0,standard_primal_shadow_dual
5,June,21,0.0,0.0,0.0,11,130,1170,ok,optimal,0.0,standard_primal_shadow_dual
5,June,22,0.0,0.0,0.0,9,128,1152,ok,optimal,0.0,standard_primal_shadow_dual
5,June,23,0.0,0.0,0.0,11,126,1134,ok,optimal,0.0,standard_primal_shadow_dual
5,June,24,0.0,0.0,0.0,11,126,1134,ok,optimal,0.0,standard_primal_shadow_dual
5,June,25,0.0,0.0,0.0,10,118,1062,ok,optimal,0.0,standard_primal_shadow_dual
5,June,26,0.0,0.0,0.0,10,122,1098,ok,optimal,0.0,standard_primal_shadow_dual
5,June,27,0.0,0.0,0.0,10,120,1080,ok,optimal,0.0,standard_primal_shadow_dual
5,June,28,0.0,0.0,0.0,12,122,1098,ok,optimal,0.0,standard_primal_shadow_dual
5,June,29,0.0,0.0,0.0,10,124,1116,ok,optimal,0.0,standard_primal_shadow_dual
5,June,30,207.41957173890563,0.0,207.41957173890563,13,122,1098,ok,optimal,207.41957173890563,standard_primal_shadow_dual
5,June,31,0.0,0.0,0.0,9,126,1134,ok,optimal,0.0,standard_primal_shadow_dual
5,June,32,38.474174645883714,0.0,38.474174645883714,12,126,1134,ok,optimal,38.474174645883714,standard_primal_shadow_dual
5,June,33,0.0,0.0,0.0,8,124,1116,ok,optimal,0.0,standard_primal_shadow_dual
5,June,34,0.0,0.0,0.0,9,128,1152,ok,optimal,0.0,standard_primal_shadow_dual
5,June,35,0.0,0.0,0.0,6,124,1116,ok,optimal,0.0,standard_primal_shadow_dual
5,June,36,0.0,0.0,0.0,3,120,1080,ok,optimal,0.0,standard_primal_shadow_dual
5,June,37,0.0,0.0,0.0,3,108,972,ok,optimal,0.0,standard_primal_shadow_dual
5,June,38,0.0,0.0,0.0,3,112,1008,ok,optimal,0.0,standard_primal_shadow_dual
5,June,39,0.0,0.0,0.0,1,106,954,ok,optimal,0.0,standard_primal_shadow_dual
5,June,40,0.0,0.0,0.0,0,0,0,ok,empty_zero_redirection,,
5,June,41,0.0,0.0,0.0,0,0,0,ok,empty_zero_redirection,,
5,June,42,0.0,0.0,0.0,0,0,0,ok,empty_zero_redirection,,
5,June,43,0.0,0.0,0.0,0,0,0,ok,empty_zero_redirection,,
5,June,44,0.0,0.0,0.0,0,0,0,ok,empty_zero_redirection,,
5,June,45,0.0,0.0,0.0,0,0,0,ok,empty_zero_redirection,,
5,June,46,0.0,0.0,0.0,0,0,0,ok,empty_zero_redirection,,
5,June,47,0.0,0.0,0.0,0,0,0,ok,empty_zero_redirection,,
5,June,48,0.0,0.0,0.0,0,0,0,ok,empty_zero_redirection,,
5,July,1,0.0,0.0,0.0,0,0,0,ok,empty_zero_redirection,,
5,July,2,0.0,0.0,0.0,1,90,810,ok,optimal,0.0,standard_primal_shadow_dual
5,July,3,0.0,0.0,0.0,3,92,828,ok,optimal,0.0,standard_primal_shadow_dual
5,July,4,0.0,0.0,0.0,1,90,810,ok,optimal,0.0,standard_primal_shadow_dual
5,July,5,0.0,0.0,0.0,0,0,0,ok,empty_zero_redirection,,
5,July,6,0.0,0.0,0.0,0,0,0,ok,empty_zero_redirection,,
5,July,7,0.0,0.0,0.0,0,0,0,ok,empty_zero_redirection,,
5,July,8,0.0,0.0,0.0,0,0,0,ok,empty_zero_redirection,,
5,July,9,0.0,0.0,0.0,0,0,0,ok,empty_zero_redirection,,
5,July,10,0.0,0.0,0.0,0,0,0,ok,empty_zero_redirection,,
5,July,11,0.0,0.0,0.0,1,80,720,ok,optimal,0.0,standard_primal_shadow_dual
5,July,12,0.0,0.0,0.0,0,0,0,ok,empty_zero_redirection,,
5,July,13,0.0,0.0,0.0,1,118,1062,ok,optimal,0.0,standard_primal_shadow_dual
5,July,14,0.0,0.0,0.0,1,126,1134,ok,optimal,0.0,standard_primal_shadow_dual
5,July,15,0.0,0.0,0.0,1,126,1134,ok,optimal,0.0,standard_primal_shadow_dual
5,July,16,0.0,0.0,0.0,7,130,1170,ok,optimal,0.0,standard_primal_shadow_dual
5,July,17,0.0,0.0,0.0,13,130,1170,ok,optimal,0.0,standard_primal_shadow_dual
5,July,18,69.84398847160963,0.0,69.84398847160963,7,130,1170,ok,optimal,69.84398847160963,standard_primal_shadow_dual
5,July,19,0.0,0.0,0.0,6,130,1170,ok,optimal,0.0,standard_primal_shadow_dual
5,July,20,0.0,0.0,0.0,7,130,1170,ok,optimal,0.0,standard_primal_shadow_dual
5,July,21,0.0,0.0,0.0,2,130,1170,ok,optimal,0.0,standard_primal_shadow_dual
5,July,22,0.0,0.0,0.0,2,128,1152,ok,optimal,0.0,standard_primal_shadow_dual
5,July,23,0.0,0.0,0.0,8,126,1134,ok,optimal,0.0,standard_primal_shadow_dual
5,July,24,0.0,0.0,0.0,5,126,1134,ok,optimal,0.0,standard_primal_shadow_dual
5,July,25,0.0,0.0,0.0,4,118,1062,ok,optimal,0.0,standard_primal_shadow_dual
5,July,26,0.0,0.0,0.0,4,122,1098,ok,optimal,0.0,standard_primal_shadow_dual
5,July,27,0.0,0.0,0.0,4,120,1080,ok,optimal,0.0,standard_primal_shadow_dual
5,July,28,0.0,0.0,0.0,6,122,1098,ok,optimal,0.0,standard_primal_shadow_dual
5,July,29,0.0,0.0,0.0,3,124,1116,ok,optimal,0.0,standard_primal_shadow_dual
5,July,30,119.64525292249576,0.0,119.64525292249576,6,122,1098,ok,optimal,119.64525292249576,standard_primal_shadow_dual
5,July,31,0.0,0.0,0.0,5,126,1134,ok,optimal,0.0,standard_primal_shadow_dual
5,July,32,0.0,0.0,0.0,1,126,1134,ok,optimal,0.0,standard_primal_shadow_dual
5,July,33,0.0,0.0,0.0,6,124,1116,ok,optimal,0.0,standard_primal_shadow_dual
5,July,34,0.0,0.0,0.0,7,128,1152,ok,optimal,0.0,standard_primal_shadow_dual
5,July,35,0.0,0.0,0.0,6,124,1116,ok,optimal,0.0,standard_primal_shadow_dual
5,July,36,0.0,0.0,0.0,3,120,1080,ok,optimal,0.0,standard_primal_shadow_dual
5,July,37,0.0,0.0,0.0,2,108,972,ok,optimal,0.0,standard_primal_shadow_dual
5,July,38,0.0,0.0,0.0,3,112,1008,ok,optimal,0.0,standard_primal_shadow_dual
5,July,39,0.0,0.0,0.0,1,106,954,ok,optimal,0.0,standard_primal_shadow_dual
5,July,40,0.0,0.0,0.0,0,0,0,ok,empty_zero_redirection,,
5,July,41,0.0,0.0,0.0,0,0,0,ok,empty_zero_redirection,,
5,July,42,0.0,0.0,0.0,0,0,0,ok,empty_zero_redirection,,
5,July,43,0.0,0.0,0.0,0,0,0,ok,empty_zero_redirection,,
5,July,44,0.0,0.0,0.0,0,0,0,ok,empty_zero_redirection,,
5,July,45,0.0,0.0,0.0,0,0,0,ok,empty_zero_redirection,,
5,July,46,0.0,0.0,0.0,0,0,0,ok,empty_zero_redirection,,
5,July,47,0.0,0.0,0.0,0,0,0,ok,empty_zero_redirection,,
5,July,48,0.0,0.0,0.0,0,0,0,ok,empty_zero_redirection,,
5,August,1,0.0,0.0,0.0,0,0,0,ok,empty_zero_redirection,,
5,August,2,0.0,0.0,0.0,1,90,810,ok,optimal,0.0,standard_primal_shadow_dual
5,August,3,0.0,0.0,0.0,3,92,828,ok,optimal,0.0,standard_primal_shadow_dual
5,August,4,0.0,0.0,0.0,1,90,810,ok,optimal,0.0,standard_primal_shadow_dual
5,August,5,0.0,0.0,0.0,0,0,0,ok,empty_zero_redirection,,
5,August,6,0.0,0.0,0.0,0,0,0,ok,empty_zero_redirection,,
5,August,7,0.0,0.0,0.0,0,0,0,ok,empty_zero_redirection,,
5,August,8,0.0,0.0,0.0,0,0,0,ok,empty_zero_redirection,,
5,August,9,0.0,0.0,0.0,0,0,0,ok,empty_zero_redirection,,
5,August,10,0.0,0.0,0.0,0,0,0,ok,empty_zero_redirection,,
5,August,11,0.0,0.0,0.0,1,80,720,ok,optimal,0.0,standard_primal_shadow_dual
5,August,12,0.0,0.0,0.0,0,0,0,ok,empty_zero_redirection,,
5,August,13,0.0,0.0,0.0,0,0,0,ok,empty_zero_redirection,,
5,August,14,0.0,0.0,0.0,1,126,1134,ok,optimal,0.0,standard_primal_shadow_dual
5,August,15,286.82095537751525,0.0,286.82095537751525,1,126,1134,ok,optimal,286.82095537751525,standard_primal_shadow_dual
5,August,16,0.0,0.0,0.0,7,130,1170,ok,optimal,0.0,standard_primal_shadow_dual
5,August,17,69.00283661467927,0.0,69.00283661467927,12,130,1170,ok,optimal,69.00283661467927,standard_primal_shadow_dual
5,August,18,0.0,0.0,0.0,7,130,1170,ok,optimal,0.0,standard_primal_shadow_dual
5,August,19,0.0,0.0,0.0,3,130,1170,ok,optimal,0.0,standard_primal_shadow_dual
5,August,20,0.0,0.0,0.0,4,130,1170,ok,optimal,0.0,standard_primal_shadow_dual
5,August,21,0.0,0.0,0.0,2,130,1170,ok,optimal,0.0,standard_primal_shadow_dual
5,August,22,0.0,0.0,0.0,1,128,1152,ok,optimal,0.0,standard_primal_shadow_dual
5,August,23,0.0,0.0,0.0,6,126,1134,ok,optimal,0.0,standard_primal_shadow_dual
5,August,24,0.0,0.0,0.0,5,126,1134,ok,optimal,0.0,standard_primal_shadow_dual
5,August,25,150.43906899825612,0.0,150.43906899825612,5,118,1062,ok,optimal,150.43906899825612,standard_primal_shadow_dual
5,August,26,0.0,0.0,0.0,3,122,1098,ok,optimal,0.0,standard_primal_shadow_dual
5,August,27,0.0,0.0,0.0,3,120,1080,ok,optimal,0.0,standard_primal_shadow_dual
5,August,28,0.0,0.0,0.0,8,122,1098,ok,optimal,0.0,standard_primal_shadow_dual
5,August,29,0.0,0.0,0.0,4,124,1116,ok,optimal,0.0,standard_primal_shadow_dual
5,August,30,119.64525292249576,0.0,119.64525292249576,8,122,1098,ok,optimal,119.64525292249576,standard_primal_shadow_dual
5,August,31,0.0,0.0,0.0,3,126,1134,ok,optimal,0.0,standard_primal_shadow_dual
5,August,32,0.0,0.0,0.0,2,126,1134,ok,optimal,0.0,standard_primal_shadow_dual
5,August,33,0.0,0.0,0.0,6,124,1116,ok,optimal,0.0,standard_primal_shadow_dual
5,August,34,0.0,0.0,0.0,9,128,1152,ok,optimal,0.0,standard_primal_shadow_dual
5,August,35,0.0,0.0,0.0,5,124,1116,ok,optimal,0.0,standard_primal_shadow_dual
5,August,36,0.0,0.0,0.0,2,120,1080,ok,optimal,0.0,standard_primal_shadow_dual
5,August,37,0.0,0.0,0.0,0,0,0,ok,empty_zero_redirection,,
5,August,38,0.0,0.0,0.0,1,112,1008,ok,optimal,0.0,standard_primal_shadow_dual
5,August,39,0.0,0.0,0.0,1,106,954,ok,optimal,0.0,standard_primal_shadow_dual
5,August,40,0.0,0.0,0.0,0,0,0,ok,empty_zero_redirection,,
5,August,41,0.0,0.0,0.0,0,0,0,ok,empty_zero_redirection,,
5,August,42,0.0,0.0,0.0,0,0,0,ok,empty_zero_redirection,,
5,August,43,0.0,0.0,0.0,0,0,0,ok,empty_zero_redirection,,
5,August,44,0.0,0.0,0.0,0,0,0,ok,empty_zero_redirection,,
5,August,45,0.0,0.0,0.0,0,0,0,ok,empty_zero_redirection,,
5,August,46,0.0,0.0,0.0,0,0,0,ok,empty_zero_redirection,,
5,August,47,0.0,0.0,0.0,0,0,0,ok,empty_zero_redirection,,
5,August,48,0.0,0.0,0.0,0,0,0,ok,empty_zero_redirection,,
5,September,1,0.0,0.0,0.0,0,0,0,ok,empty_zero_redirection,,
5,September,2,0.0,0.0,0.0,1,90,810,ok,optimal,0.0,standard_primal_shadow_dual
5,September,3,0.0,0.0,0.0,3,92,828,ok,optimal,0.0,standard_primal_shadow_dual
5,September,4,0.0,0.0,0.0,1,90,810,ok,optimal,0.0,standard_primal_shadow_dual
5,September,5,0.0,0.0,0.0,0,0,0,ok,empty_zero_redirection,,
5,September,6,0.0,0.0,0.0,0,0,0,ok,empty_zero_redirection,,
5,September,7,0.0,0.0,0.0,0,0,0,ok,empty_zero_redirection,,
5,September,8,0.0,0.0,0.0,0,0,0,ok,empty_zero_redirection,,
5,September,9,0.0,0.0,0.0,0,0,0,ok,empty_zero_redirection,,
5,September,10,0.0,0.0,0.0,0,0,0,ok,empty_zero_redirection,,
5,September,11,0.0,0.0,0.0,1,80,720,ok,optimal,0.0,standard_primal_shadow_dual
5,September,12,0.0,0.0,0.0,0,0,0,ok,empty_zero_redirection,,
5,September,13,0.0,0.0,0.0,0,0,0,ok,empty_zero_redirection,,
5,September,14,0.0,0.0,0.0,1,126,1134,ok,optimal,0.0,standard_primal_shadow_dual
5,September,15,0.0,0.0,0.0,2,126,1134,ok,optimal,0.0,standard_primal_shadow_dual
5,September,16,0.0,0.0,0.0,7,130,1170,ok,optimal,0.0,standard_primal_shadow_dual
5,September,17,66.77693865936703,0.0,66.77693865936703,14,130,1170,ok,optimal,66.77693865936703,standard_primal_shadow_dual
5,September,18,330.9599677555259,0.0,330.9599677555259,7,130,1170,ok,optimal,330.9599677555259,standard_primal_shadow_dual
5,September,19,0.0,0.0,0.0,6,130,1170,ok,optimal,0.0,standard_primal_shadow_dual
5,September,20,0.0,0.0,0.0,4,130,1170,ok,optimal,0.0,standard_primal_shadow_dual
5,September,21,0.0,0.0,0.0,2,130,1170,ok,optimal,0.0,standard_primal_shadow_dual
5,September,22,0.0,0.0,0.0,1,128,1152,ok,optimal,0.0,standard_primal_shadow_dual
5,September,23,0.0,0.0,0.0,6,126,1134,ok,optimal,0.0,standard_primal_shadow_dual
5,September,24,0.0,0.0,0.0,5,126,1134,ok,optimal,0.0,standard_primal_shadow_dual
5,September,25,0.0,0.0,0.0,5,118,1062,ok,optimal,0.0,standard_primal_shadow_dual
5,September,26,0.0,0.0,0.0,4,122,1098,ok,optimal,0.0,standard_primal_shadow_dual
5,September,27,0.0,0.0,0.0,4,120,1080,ok,optimal,0.0,standard_primal_shadow_dual
5,September,28,0.0,0.0,0.0,9,122,1098,ok,optimal,0.0,standard_primal_shadow_dual
5,September,29,0.0,0.0,0.0,4,124,1116,ok,optimal,0.0,standard_primal_shadow_dual
5,September,30,0.0,0.0,0.0,8,122,1098,ok,optimal,0.0,standard_primal_shadow_dual
5,September,31,0.0,0.0,0.0,2,126,1134,ok,optimal,0.0,standard_primal_shadow_dual
5,September,32,0.0,0.0,0.0,0,0,0,ok,empty_zero_redirection,,
5,September,33,0.0,0.0,0.0,6,124,1116,ok,optimal,0.0,standard_primal_shadow_dual
5,September,34,0.0,0.0,0.0,5,128,1152,ok,optimal,0.0,standard_primal_shadow_dual
5,September,35,0.0,0.0,0.0,3,124,1116,ok,optimal,0.0,standard_primal_shadow_dual
5,September,36,0.0,0.0,0.0,1,120,1080,ok,optimal,0.0,standard_primal_shadow_dual
5,September,37,0.0,0.0,0.0,0,0,0,ok,empty_zero_redirection,,
5,September,38,0.0,0.0,0.0,1,112,1008,ok,optimal,0.0,standard_primal_shadow_dual
5,September,39,0.0,0.0,0.0,1,106,954,ok,optimal,0.0,standard_primal_shadow_dual
5,September,40,0.0,0.0,0.0,0,0,0,ok,empty_zero_redirection,,
5,September,41,0.0,0.0,0.0,0,0,0,ok,empty_zero_redirection,,
5,September,42,0.0,0.0,0.0,0,0,0,ok,empty_zero_redirection,,
5,September,43,0.0,0.0,0.0,0,0,0,ok,empty_zero_redirection,,
5,September,44,0.0,0.0,0.0,0,0,0,ok,empty_zero_redirection,,
5,September,45,0.0,0.0,0.0,0,0,0,ok,empty_zero_redirection,,
5,September,46,0.0,0.0,0.0,0,0,0,ok,empty_zero_redirection,,
5,September,47,0.0,0.0,0.0,0,0,0,ok,empty_zero_redirection,,
5,September,48,0.0,0.0,0.0,0,0,0,ok,empty_zero_redirection,,
5,October,1,0.0,0.0,0.0,0,0,0,ok,empty_zero_redirection,,
5,October,2,0.0,0.0,0.0,1,90,810,ok,optimal,0.0,standard_primal_shadow_dual
5,October,3,0.0,0.0,0.0,3,92,828,ok,optimal,0.0,standard_primal_shadow_dual
5,October,4,0.0,0.0,0.0,1,90,810,ok,optimal,0.0,standard_primal_shadow_dual
5,October,5,0.0,0.0,0.0,0,0,0,ok,empty_zero_redirection,,
5,October,6,0.0,0.0,0.0,0,0,0,ok,empty_zero_redirection,,
5,October,7,0.0,0.0,0.0,0,0,0,ok,empty_zero_redirection,,
5,October,8,0.0,0.0,0.0,0,0,0,ok,empty_zero_redirection,,
5,October,9,0.0,0.0,0.0,0,0,0,ok,empty_zero_redirection,,
5,October,10,0.0,0.0,0.0,0,0,0,ok,empty_zero_redirection,,
5,October,11,0.0,0.0,0.0,0,0,0,ok,empty_zero_redirection,,
5,October,12,0.0,0.0,0.0,0,0,0,ok,empty_zero_redirection,,
5,October,13,0.0,0.0,0.0,0,0,0,ok,empty_zero_redirection,,
5,October,14,0.0,0.0,0.0,1,126,1134,ok,optimal,0.0,standard_primal_shadow_dual
5,October,15,0.0,0.0,0.0,1,126,1134,ok,optimal,0.0,standard_primal_shadow_dual
5,October,16,0.0,0.0,0.0,7,130,1170,ok,optimal,0.0,standard_primal_shadow_dual
5,October,17,0.0,0.0,0.0,12,130,1170,ok,optimal,0.0,standard_primal_shadow_dual
5,October,18,0.0,0.0,0.0,6,130,1170,ok,optimal,0.0,standard_primal_shadow_dual
5,October,19,0.0,0.0,0.0,3,130,1170,ok,optimal,0.0,standard_primal_shadow_dual
5,October,20,0.0,0.0,0.0,2,130,1170,ok,optimal,0.0,standard_primal_shadow_dual
5,October,21,0.0,0.0,0.0,0,0,0,ok,empty_zero_redirection,,
5,October,22,0.0,0.0,0.0,0,0,0,ok,empty_zero_redirection,,
5,October,23,1087.4357280874804,0.0,1087.4357280874804,6,126,1134,ok,optimal,1087.4357280874804,standard_primal_shadow_dual
5,October,24,0.0,0.0,0.0,4,126,1134,ok,optimal,0.0,standard_primal_shadow_dual
5,October,25,0.0,0.0,0.0,2,118,1062,ok,optimal,0.0,standard_primal_shadow_dual
5,October,26,0.0,0.0,0.0,2,122,1098,ok,optimal,0.0,standard_primal_shadow_dual
5,October,27,0.0,0.0,0.0,3,120,1080,ok,optimal,0.0,standard_primal_shadow_dual
5,October,28,0.0,0.0,0.0,6,122,1098,ok,optimal,0.0,standard_primal_shadow_dual
5,October,29,0.0,0.0,0.0,2,124,1116,ok,optimal,0.0,standard_primal_shadow_dual
5,October,30,0.0,0.0,0.0,5,122,1098,ok,optimal,0.0,standard_primal_shadow_dual
5,October,31,0.0,0.0,0.0,2,126,1134,ok,optimal,0.0,standard_primal_shadow_dual
5,October,32,0.0,0.0,0.0,0,0,0,ok,empty_zero_redirection,,
5,October,33,0.0,0.0,0.0,5,124,1116,ok,optimal,0.0,standard_primal_shadow_dual
5,October,34,0.0,0.0,0.0,4,128,1152,ok,optimal,0.0,standard_primal_shadow_dual
5,October,35,0.0,0.0,0.0,3,124,1116,ok,optimal,0.0,standard_primal_shadow_dual
5,October,36,0.0,0.0,0.0,1,120,1080,ok,optimal,0.0,standard_primal_shadow_dual
5,October,37,0.0,0.0,0.0,0,0,0,ok,empty_zero_redirection,,
5,October,38,0.0,0.0,0.0,1,112,1008,ok,optimal,0.0,standard_primal_shadow_dual
5,October,39,0.0,0.0,0.0,1,106,954,ok,optimal,0.0,standard_primal_shadow_dual
5,October,40,0.0,0.0,0.0,0,0,0,ok,empty_zero_redirection,,
5,October,41,0.0,0.0,0.0,0,0,0,ok,empty_zero_redirection,,
5,October,42,0.0,0.0,0.0,0,0,0,ok,empty_zero_redirection,,
5,October,43,0.0,0.0,0.0,0,0,0,ok,empty_zero_redirection,,
5,October,44,0.0,0.0,0.0,0,0,0,ok,empty_zero_redirection,,
5,October,45,0.0,0.0,0.0,0,0,0,ok,empty_zero_redirection,,
5,October,46,0.0,0.0,0.0,0,0,0,ok,empty_zero_redirection,,
5,October,47,0.0,0.0,0.0,0,0,0,ok,empty_zero_redirection,,
5,October,48,0.0,0.0,0.0,0,0,0,ok,empty_zero_redirection,,
5,November,1,0.0,0.0,0.0,0,0,0,ok,empty_zero_redirection,,
5,November,2,15.03562683634506,0.0,15.03562683634506,1,90,810,ok,optimal,15.03562683634506,standard_primal_shadow_dual
5,November,3,0.0,0.0,0.0,3,92,828,ok,optimal,0.0,standard_primal_shadow_dual
5,November,4,0.0,0.0,0.0,1,90,810,ok,optimal,0.0,standard_primal_shadow_dual
5,November,5,0.0,0.0,0.0,0,0,0,ok,empty_zero_redirection,,
5,November,6,0.0,0.0,0.0,0,0,0,ok,empty_zero_redirection,,
5,November,7,0.0,0.0,0.0,0,0,0,ok,empty_zero_redirection,,
5,November,8,0.0,0.0,0.0,0,0,0,ok,empty_zero_redirection,,
5,November,9,0.0,0.0,0.0,0,0,0,ok,empty_zero_redirection,,
5,November,10,0.0,0.0,0.0,0,0,0,ok,empty_zero_redirection,,
5,November,11,0.0,0.0,0.0,0,0,0,ok,empty_zero_redirection,,
5,November,12,0.0,0.0,0.0,0,0,0,ok,empty_zero_redirection,,
5,November,13,0.0,0.0,0.0,0,0,0,ok,empty_zero_redirection,,
5,November,14,0.0,0.0,0.0,1,126,1134,ok,optimal,0.0,standard_primal_shadow_dual
5,November,15,0.0,0.0,0.0,1,126,1134,ok,optimal,0.0,standard_primal_shadow_dual
5,November,16,0.0,0.0,0.0,7,130,1170,ok,optimal,0.0,standard_primal_shadow_dual
5,November,17,55.22422858282683,0.0,55.22422858282683,12,130,1170,ok,optimal,55.22422858282683,standard_primal_shadow_dual
5,November,18,0.0,0.0,0.0,6,130,1170,ok,optimal,0.0,standard_primal_shadow_dual
5,November,19,0.0,0.0,0.0,3,130,1170,ok,optimal,0.0,standard_primal_shadow_dual
5,November,20,0.0,0.0,0.0,2,130,1170,ok,optimal,0.0,standard_primal_shadow_dual
5,November,21,0.0,0.0,0.0,0,0,0,ok,empty_zero_redirection,,
5,November,22,0.0,0.0,0.0,0,0,0,ok,empty_zero_redirection,,
5,November,23,0.0,0.0,0.0,6,126,1134,ok,optimal,0.0,standard_primal_shadow_dual
5,November,24,0.0,0.0,0.0,4,126,1134,ok,optimal,0.0,standard_primal_shadow_dual
5,November,25,0.0,0.0,0.0,2,118,1062,ok,optimal,0.0,standard_primal_shadow_dual
5,November,26,0.0,0.0,0.0,2,122,1098,ok,optimal,0.0,standard_primal_shadow_dual
5,November,27,0.0,0.0,0.0,3,120,1080,ok,optimal,0.0,standard_primal_shadow_dual
5,November,28,0.0,0.0,0.0,6,122,1098,ok,optimal,0.0,standard_primal_shadow_dual
5,November,29,0.0,0.0,0.0,1,124,1116,ok,optimal,0.0,standard_primal_shadow_dual
5,November,30,0.0,0.0,0.0,4,122,1098,ok,optimal,0.0,standard_primal_shadow_dual
5,November,31,0.0,0.0,0.0,2,126,1134,ok,optimal,0.0,standard_primal_shadow_dual
5,November,32,0.0,0.0,0.0,0,0,0,ok,empty_zero_redirection,,
5,November,33,0.0,0.0,0.0,5,124,1116,ok,optimal,0.0,standard_primal_shadow_dual
5,November,34,0.0,0.0,0.0,4,128,1152,ok,optimal,0.0,standard_primal_shadow_dual
5,November,35,0.0,0.0,0.0,3,124,1116,ok,optimal,0.0,standard_primal_shadow_dual
5,November,36,0.0,0.0,0.0,1,120,1080,ok,optimal,0.0,standard_primal_shadow_dual
5,November,37,0.0,0.0,0.0,0,0,0,ok,empty_zero_redirection,,
5,November,38,0.0,0.0,0.0,1,112,1008,ok,optimal,0.0,standard_primal_shadow_dual
5,November,39,0.0,0.0,0.0,1,106,954,ok,optimal,0.0,standard_primal_shadow_dual
5,November,40,0.0,0.0,0.0,0,0,0,ok,empty_zero_redirection,,
5,November,41,0.0,0.0,0.0,0,0,0,ok,empty_zero_redirection,,
5,November,42,0.0,0.0,0.0,0,0,0,ok,empty_zero_redirection,,
5,November,43,0.0,0.0,0.0,0,0,0,ok,empty_zero_redirection,,
5,November,44,0.0,0.0,0.0,0,0,0,ok,empty_zero_redirection,,
5,November,45,0.0,0.0,0.0,0,0,0,ok,empty_zero_redirection,,
5,November,46,0.0,0.0,0.0,0,0,0,ok,empty_zero_redirection,,
5,November,47,0.0,0.0,0.0,0,0,0,ok,empty_zero_redirection,,
5,November,48,0.0,0.0,0.0,0,0,0,ok,empty_zero_redirection,,
5,December,1,0.0,0.0,0.0,0,0,0,ok,empty_zero_redirection,,
5,December,2,0.0,0.0,0.0,1,90,810,ok,optimal,0.0,standard_primal_shadow_dual
5,December,3,0.0,0.0,0.0,3,92,828,ok,optimal,0.0,standard_primal_shadow_dual
5,December,4,0.0,0.0,0.0,1,90,810,ok,optimal,0.0,standard_primal_shadow_dual
5,December,5,0.0,0.0,0.0,0,0,0,ok,empty_zero_redirection,,
5,December,6,0.0,0.0,0.0,0,0,0,ok,empty_zero_redirection,,
5,December,7,0.0,0.0,0.0,0,0,0,ok,empty_zero_redirection,,
5,December,8,0.0,0.0,0.0,0,0,0,ok,empty_zero_redirection,,
5,December,9,0.0,0.0,0.0,0,0,0,ok,empty_zero_redirection,,
5,December,10,0.0,0.0,0.0,0,0,0,ok,empty_zero_redirection,,
5,December,11,0.0,0.0,0.0,0,0,0,ok,empty_zero_redirection,,
5,December,12,0.0,0.0,0.0,0,0,0,ok,empty_zero_redirection,,
5,December,13,0.0,0.0,0.0,0,0,0,ok,empty_zero_redirection,,
5,December,14,0.0,0.0,0.0,1,126,1134,ok,optimal,0.0,standard_primal_shadow_dual
5,December,15,0.0,0.0,0.0,1,126,1134,ok,optimal,0.0,standard_primal_shadow_dual
5,December,16,0.0,0.0,0.0,7,130,1170,ok,optimal,0.0,standard_primal_shadow_dual
5,December,17,69.00283661467982,0.0,69.00283661467982,12,130,1170,ok,optimal,69.00283661467982,standard_primal_shadow_dual
5,December,18,69.84398847160963,0.0,69.84398847160963,6,130,1170,ok,optimal,69.84398847160963,standard_primal_shadow_dual
5,December,19,0.0,0.0,0.0,3,130,1170,ok,optimal,0.0,standard_primal_shadow_dual
5,December,20,0.0,0.0,0.0,2,130,1170,ok,optimal,0.0,standard_primal_shadow_dual
5,December,21,0.0,0.0,0.0,0,0,0,ok,empty_zero_redirection,,
5,December,22,0.0,0.0,0.0,0,0,0,ok,empty_zero_redirection,,
5,December,23,0.0,0.0,0.0,7,126,1134,ok,optimal,0.0,standard_primal_shadow_dual
5,December,24,22.2807005104882,0.0,22.2807005104882,4,126,1134,ok,optimal,22.2807005104882,standard_primal_shadow_dual
5,December,25,0.0,0.0,0.0,2,118,1062,ok,optimal,0.0,standard_primal_shadow_dual
5,December,26,0.0,0.0,0.0,2,122,1098,ok,optimal,0.0,standard_primal_shadow_dual
5,December,27,0.0,0.0,0.0,3,120,1080,ok,optimal,0.0,standard_primal_shadow_dual
5,December,28,0.0,0.0,0.0,6,122,1098,ok,optimal,0.0,standard_primal_shadow_dual
5,December,29,0.0,0.0,0.0,1,124,1116,ok,optimal,0.0,standard_primal_shadow_dual
5,December,30,0.0,0.0,0.0,4,122,1098,ok,optimal,0.0,standard_primal_shadow_dual
5,December,31,0.0,0.0,0.0,2,126,1134,ok,optimal,0.0,standard_primal_shadow_dual
5,December,32,0.0,0.0,0.0,0,0,0,ok,empty_zero_redirection,,
5,December,33,0.0,0.0,0.0,5,124,1116,ok,optimal,0.0,standard_primal_shadow_dual
5,December,34,0.0,0.0,0.0,4,128,1152,ok,optimal,0.0,standard_primal_shadow_dual
5,December,35,0.0,0.0,0.0,3,124,1116,ok,optimal,0.0,standard_primal_shadow_dual
5,December,36,0.0,0.0,0.0,1,120,1080,ok,optimal,0.0,standard_primal_shadow_dual
5,December,37,0.0,0.0,0.0,0,0,0,ok,empty_zero_redirection,,
5,December,38,0.0,0.0,0.0,1,112,1008,ok,optimal,0.0,standard_primal_shadow_dual
5,December,39,0.0,0.0,0.0,1,106,954,ok,optimal,0.0,standard_primal_shadow_dual
5,December,40,0.0,0.0,0.0,0,0,0,ok,empty_zero_redirection,,
5,December,41,0.0,0.0,0.0,0,0,0,ok,empty_zero_redirection,,
5,December,42,0.0,0.0,0.0,0,0,0,ok,empty_zero_redirection,,
5,December,43,0.0,0.0,0.0,0,0,0,ok,empty_zero_redirection,,
5,December,44,0.0,0.0,0.0,0,0,0,ok,empty_zero_redirection,,
5,December,45,0.0,0.0,0.0,0,0,0,ok,empty_zero_redirection,,
5,December,46,0.0,0.0,0.0,0,0,0,ok,empty_zero_redirection,,
5,December,47,0.0,0.0,0.0,0,0,0,ok,empty_zero_redirection,,
5,December,48,0.0,0.0,0.0,0,0,0,ok,empty_zero_redirection,,
6,January,1,0.0,0.0,0.0,0,0,0,ok,empty_zero_redirection,,
6,January,2,0.0,0.0,0.0,1,90,810,ok,optimal,0.0,standard_primal_shadow_dual
6,January,3,0.0,0.0,0.0,3,92,828,ok,optimal,0.0,standard_primal_shadow_dual
6,January,4,0.0,0.0,0.0,1,90,810,ok,optimal,0.0,standard_primal_shadow_dual
6,January,5,0.0,0.0,0.0,0,0,0,ok,empty_zero_redirection,,
6,January,6,0.0,0.0,0.0,0,0,0,ok,empty_zero_redirection,,
6,January,7,0.0,0.0,0.0,0,0,0,ok,empty_zero_redirection,,
6,January,8,0.0,0.0,0.0,0,0,0,ok,empty_zero_redirection,,
6,January,9,0.0,0.0,0.0,0,0,0,ok,empty_zero_redirection,,
6,January,10,0.0,0.0,0.0,0,0,0,ok,empty_zero_redirection,,
6,January,11,0.0,0.0,0.0,0,0,0,ok,empty_zero_redirection,,
6,January,12,0.0,0.0,0.0,0,0,0,ok,empty_zero_redirection,,
6,January,13,0.0,0.0,0.0,0,0,0,ok,empty_zero_redirection,,
6,January,14,0.0,0.0,0.0,1,126,1134,ok,optimal,0.0,standard_primal_shadow_dual
6,January,15,0.0,0.0,0.0,1,126,1134,ok,optimal,0.0,standard_primal_shadow_dual
6,January,16,0.0,0.0,0.0,8,130,1170,ok,optimal,0.0,standard_primal_shadow_dual
6,January,17,94.6009549007176,0.0,94.6009549007176,12,130,1170,ok,optimal,94.6009549007176,standard_primal_shadow_dual
6,January,18,0.0,0.0,0.0,6,130,1170,ok,optimal,0.0,standard_primal_shadow_dual
6,January,19,0.0,0.0,0.0,3,130,1170,ok,optimal,0.0,standard_primal_shadow_dual
6,January,20,0.0,0.0,0.0,2,130,1170,ok,optimal,0.0,standard_primal_shadow_dual
6,January,21,0.0,0.0,0.0,0,0,0,ok,empty_zero_redirection,,
6,January,22,0.0,0.0,0.0,0,0,0,ok,empty_zero_redirection,,
6,January,23,0.0,0.0,0.0,6,126,1134,ok,optimal,0.0,standard_primal_shadow_dual
6,January,24,0.0,0.0,0.0,4,126,1134,ok,optimal,0.0,standard_primal_shadow_dual
6,January,25,0.0,0.0,0.0,2,118,1062,ok,optimal,0.0,standard_primal_shadow_dual
6,January,26,0.0,0.0,0.0,2,122,1098,ok,optimal,0.0,standard_primal_shadow_dual
6,January,27,0.0,0.0,0.0,3,120,1080,ok,optimal,0.0,standard_primal_shadow_dual
6,January,28,0.0,0.0,0.0,6,122,1098,ok,optimal,0.0,standard_primal_shadow_dual
6,January,29,0.0,0.0,0.0,1,124,1116,ok,optimal,0.0,standard_primal_shadow_dual
6,January,30,0.0,0.0,0.0,4,122,1098,ok,optimal,0.0,standard_primal_shadow_dual
6,January,31,0.0,0.0,0.0,2,126,1134,ok,optimal,0.0,standard_primal_shadow_dual
6,January,32,0.0,0.0,0.0,0,0,0,ok,empty_zero_redirection,,
6,January,33,0.0,0.0,0.0,5,124,1116,ok,optimal,0.0,standard_primal_shadow_dual
6,January,34,0.0,0.0,0.0,5,128,1152,ok,optimal,0.0,standard_primal_shadow_dual
6,January,35,0.0,0.0,0.0,3,124,1116,ok,optimal,0.0,standard_primal_shadow_dual
6,January,36,0.0,0.0,0.0,1,120,1080,ok,optimal,0.0,standard_primal_shadow_dual
6,January,37,0.0,0.0,0.0,0,0,0,ok,empty_zero_redirection,,
6,January,38,0.0,0.0,0.0,1,112,1008,ok,optimal,0.0,standard_primal_shadow_dual
6,January,39,0.0,0.0,0.0,1,106,954,ok,optimal,0.0,standard_primal_shadow_dual
6,January,40,0.0,0.0,0.0,0,0,0,ok,empty_zero_redirection,,
6,January,41,0.0,0.0,0.0,0,0,0,ok,empty_zero_redirection,,
6,January,42,0.0,0.0,0.0,0,0,0,ok,empty_zero_redirection,,
6,January,43,0.0,0.0,0.0,0,0,0,ok,empty_zero_redirection,,
6,January,44,0.0,0.0,0.0,0,0,0,ok,empty_zero_redirection,,
6,January,45,0.0,0.0,0.0,0,0,0,ok,empty_zero_redirection,,
6,January,46,0.0,0.0,0.0,0,0,0,ok,empty_zero_redirection,,
6,January,47,0.0,0.0,0.0,0,0,0,ok,empty_zero_redirection,,
6,January,48,0.0,0.0,0.0,0,0,0,ok,empty_zero_redirection,,
6,February,1,0.0,0.0,0.0,0,0,0,ok,empty_zero_redirection,,
6,February,2,14.033251713922148,0.0,14.033251713922148,1,90,810,ok,optimal,14.033251713922148,standard_primal_shadow_dual
6,February,3,0.0,0.0,0.0,3,92,828,ok,optimal,0.0,standard_primal_shadow_dual
6,February,4,0.0,0.0,0.0,1,90,810,ok,optimal,0.0,standard_primal_shadow_dual
6,February,5,0.0,0.0,0.0,0,0,0,ok,empty_zero_redirection,,
6,February,6,0.0,0.0,0.0,0,0,0,ok,empty_zero_redirection,,
6,February,7,0.0,0.0,0.0,0,0,0,ok,empty_zero_redirection,,
6,February,8,0.0,0.0,0.0,0,0,0,ok,empty_zero_redirection,,
6,February,9,0.0,0.0,0.0,0,0,0,ok,empty_zero_redirection,,
6,February,10,0.0,0.0,0.0,0,0,0,ok,empty_zero_redirection,,
6,February,11,0.0,0.0,0.0,0,0,0,ok,empty_zero_redirection,,
6,February,12,0.0,0.0,0.0,0,0,0,ok,empty_zero_redirection,,
6,February,13,0.0,0.0,0.0,0,0,0,ok,empty_zero_redirection,,
6,February,14,0.0,0.0,0.0,1,126,1134,ok,optimal,0.0,standard_primal_shadow_dual
6,February,15,0.0,0.0,0.0,1,126,1134,ok,optimal,0.0,standard_primal_shadow_dual
6,February,16,104.69364991166049,0.0,104.69364991166049,7,130,1170,ok,optimal,104.69364991166049,standard_primal_shadow_dual
6,February,17,454.8321261647325,0.0,454.8321261647325,12,130,1170,ok,optimal,454.8321261647325,standard_primal_shadow_dual
6,February,18,0.0,0.0,0.0,7,130,1170,ok,optimal,0.0,standard_primal_shadow_dual
6,February,19,0.0,0.0,0.0,3,130,1170,ok,optimal,0.0,standard_primal_shadow_dual
6,February,20,0.0,0.0,0.0,2,130,1170,ok,optimal,0.0,standard_primal_shadow_dual
6,February,21,0.0,0.0,0.0,0,0,0,ok,empty_zero_redirection,,
6,February,22,0.0,0.0,0.0,0,0,0,ok,empty_zero_redirection,,
6,February,23,0.0,0.0,0.0,6,126,1134,ok,optimal,0.0,standard_primal_shadow_dual
6,February,24,0.0,0.0,0.0,5,126,1134,ok,optimal,0.0,standard_primal_shadow_dual
6,February,25,0.0,0.0,0.0,2,118,1062,ok,optimal,0.0,standard_primal_shadow_dual
6,February,26,0.0,0.0,0.0,4,122,1098,ok,optimal,0.0,standard_primal_shadow_dual
6,February,27,0.0,0.0,0.0,3,120,1080,ok,optimal,0.0,standard_primal_shadow_dual
6,February,28,0.0,0.0,0.0,8,122,1098,ok,optimal,0.0,standard_primal_shadow_dual
6,February,29,0.0,0.0,0.0,2,124,1116,ok,optimal,0.0,standard_primal_shadow_dual
6,February,30,449.0087563246618,0.0,449.0087563246618,6,122,1098,ok,optimal,449.0087563246618,standard_primal_shadow_dual
6,February,31,0.0,0.0,0.0,2,126,1134,ok,optimal,0.0,standard_primal_shadow_dual
6,February,32,0.0,0.0,0.0,0,0,0,ok,empty_zero_redirection,,
6,February,33,0.0,0.0,0.0,6,124,1116,ok,optimal,0.0,standard_primal_shadow_dual
6,February,34,264.7613694442407,0.0,264.7613694442407,4,128,1152,ok,optimal,264.7613694442407,standard_primal_shadow_dual
6,February,35,0.0,0.0,0.0,3,124,1116,ok,optimal,0.0,standard_primal_shadow_dual
6,February,36,0.0,0.0,0.0,1,120,1080,ok,optimal,0.0,standard_primal_shadow_dual
6,February,37,0.0,0.0,0.0,0,0,0,ok,empty_zero_redirection,,
6,February,38,0.0,0.0,0.0,1,112,1008,ok,optimal,0.0,standard_primal_shadow_dual
6,February,39,0.0,0.0,0.0,1,106,954,ok,optimal,0.0,standard_primal_shadow_dual
6,February,40,0.0,0.0,0.0,0,0,0,ok,empty_zero_redirection,,
6,February,41,0.0,0.0,0.0,0,0,0,ok,empty_zero_redirection,,
6,February,42,0.0,0.0,0.0,0,0,0,ok,empty_zero_redirection,,
6,February,43,0.0,0.0,0.0,0,0,0,ok,empty_zero_redirection,,
6,February,44,0.0,0.0,0.0,0,0,0,ok,empty_zero_redirection,,
6,February,45,0.0,0.0,0.0,0,0,0,ok,empty_zero_redirection,,
6,February,46,0.0,0.0,0.0,0,0,0,ok,empty_zero_redirection,,
6,February,47,0.0,0.0,0.0,0,0,0,ok,empty_zero_redirection,,
6,February,48,0.0,0.0,0.0,0,0,0,ok,empty_zero_redirection,,
6,March,1,0.0,0.0,0.0,0,0,0,ok,empty_zero_redirection,,
6,March,2,0.0,0.0,0.0,1,90,810,ok,optimal,0.0,standard_primal_shadow_dual
6,March,3,50.22580614113548,0.0,50.22580614113548,4,92,828,ok,optimal,50.22580614113548,standard_primal_shadow_dual
6,March,4,0.0,0.0,0.0,1,90,810,ok,optimal,0.0,standard_primal_shadow_dual
6,March,5,0.0,0.0,0.0,0,0,0,ok,empty_zero_redirection,,
6,March,6,0.0,0.0,0.0,0,0,0,ok,empty_zero_redirection,,
6,March,7,0.0,0.0,0.0,0,0,0,ok,empty_zero_redirection,,
6,March,8,0.0,0.0,0.0,0,0,0,ok,empty_zero_redirection,,
6,March,9,0.0,0.0,0.0,0,0,0,ok,empty_zero_redirection,,
6,March,10,0.0,0.0,0.0,0,0,0,ok,empty_zero_redirection,,
6,March,11,0.0,0.0,0.0,0,0,0,ok,empty_zero_redirection,,
6,March,12,0.0,0.0,0.0,0,0,0,ok,empty_zero_redirection,,
6,March,13,0.0,0.0,0.0,0,0,0,ok,empty_zero_redirection,,
6,March,14,0.0,0.0,0.0,1,126,1134,ok,optimal,0.0,standard_primal_shadow_dual
6,March,15,0.0,0.0,0.0,3,126,1134,ok,optimal,0.0,standard_primal_shadow_dual
6,March,16,57.9554133439551,0.0,57.9554133439551,9,130,1170,ok,optimal,57.9554133439551,standard_primal_shadow_dual
6,March,17,289.2288139012686,0.0,289.2288139012686,14,130,1170,ok,optimal,289.2288139012686,standard_primal_shadow_dual
6,March,18,0.0,0.0,0.0,8,130,1170,ok,optimal,0.0,standard_primal_shadow_dual
6,March,19,0.0,0.0,0.0,6,130,1170,ok,optimal,0.0,standard_primal_shadow_dual
6,March,20,0.0,0.0,0.0,6,130,1170,ok,optimal,0.0,standard_primal_shadow_dual
6,March,21,0.0,0.0,0.0,2,130,1170,ok,optimal,0.0,standard_primal_shadow_dual
6,March,22,0.0,0.0,0.0,1,128,1152,ok,optimal,0.0,standard_primal_shadow_dual
6,March,23,0.0,0.0,0.0,7,126,1134,ok,optimal,0.0,standard_primal_shadow_dual
6,March,24,0.0,0.0,0.0,6,126,1134,ok,optimal,0.0,standard_primal_shadow_dual
6,March,25,0.0,0.0,0.0,3,118,1062,ok,optimal,0.0,standard_primal_shadow_dual
6,March,26,0.0,0.0,0.0,4,122,1098,ok,optimal,0.0,standard_primal_shadow_dual
6,March,27,0.0,0.0,0.0,3,120,1080,ok,optimal,0.0,standard_primal_shadow_dual
6,March,28,0.0,0.0,0.0,6,122,1098,ok,optimal,0.0,standard_primal_shadow_dual
6,March,29,0.0,0.0,0.0,3,124,1116,ok,optimal,0.0,standard_primal_shadow_dual
6,March,30,0.0,0.0,0.0,5,122,1098,ok,optimal,0.0,standard_primal_shadow_dual
6,March,31,0.0,0.0,0.0,3,126,1134,ok,optimal,0.0,standard_primal_shadow_dual
6,March,32,0.0,0.0,0.0,0,0,0,ok,empty_zero_redirection,,
6,March,33,0.0,0.0,0.0,6,124,1116,ok,optimal,0.0,standard_primal_shadow_dual
6,March,34,0.0,0.0,0.0,8,128,1152,ok,optimal,0.0,standard_primal_shadow_dual
6,March,35,0.0,0.0,0.0,3,124,1116,ok,optimal,0.0,standard_primal_shadow_dual
6,March,36,0.0,0.0,0.0,1,120,1080,ok,optimal,0.0,standard_primal_shadow_dual
6,March,37,0.0,0.0,0.0,2,108,972,ok,optimal,0.0,standard_primal_shadow_dual
6,March,38,0.0,0.0,0.0,2,112,1008,ok,optimal,0.0,standard_primal_shadow_dual
6,March,39,0.0,0.0,0.0,1,106,954,ok,optimal,0.0,standard_primal_shadow_dual
6,March,40,0.0,0.0,0.0,0,0,0,ok,empty_zero_redirection,,
6,March,41,0.0,0.0,0.0,0,0,0,ok,empty_zero_redirection,,
6,March,42,0.0,0.0,0.0,0,0,0,ok,empty_zero_redirection,,
6,March,43,0.0,0.0,0.0,0,0,0,ok,empty_zero_redirection,,
6,March,44,0.0,0.0,0.0,0,0,0,ok,empty_zero_redirection,,
6,March,45,0.0,0.0,0.0,0,0,0,ok,empty_zero_redirection,,
6,March,46,0.0,0.0,0.0,0,0,0,ok,empty_zero_redirection,,
6,March,47,0.0,0.0,0.0,0,0,0,ok,empty_zero_redirection,,
6,March,48,0.0,0.0,0.0,0,0,0,ok,empty_zero_redirection,,
6,April,1,0.0,0.0,0.0,0,0,0,ok,empty_zero_redirection,,
6,April,2,0.0,0.0,0.0,1,90,810,ok,optimal,0.0,standard_primal_shadow_dual
6,April,3,0.0,0.0,0.0,3,92,828,ok,optimal,0.0,standard_primal_shadow_dual
6,April,4,0.0,0.0,0.0,1,90,810,ok,optimal,0.0,standard_primal_shadow_dual
6,April,5,0.0,0.0,0.0,0,0,0,ok,empty_zero_redirection,,
6,April,6,0.0,0.0,0.0,0,0,0,ok,empty_zero_redirection,,
6,April,7,0.0,0.0,0.0,0,0,0,ok,empty_zero_redirection,,
6,April,8,0.0,0.0,0.0,0,0,0,ok,empty_zero_redirection,,
6,April,9,0.0,0.0,0.0,0,0,0,ok,empty_zero_redirection,,
6,April,10,0.0,0.0,0.0,0,0,0,ok,empty_zero_redirection,,
6,April,11,0.0,0.0,0.0,1,80,720,ok,optimal,0.0,standard_primal_shadow_dual
6,April,12,0.0,0.0,0.0,0,0,0,ok,empty_zero_redirection,,
6,April,13,0.0,0.0,0.0,2,118,1062,ok,optimal,0.0,standard_primal_shadow_dual
6,April,14,0.0,0.0,0.0,1,126,1134,ok,optimal,0.0,standard_primal_shadow_dual
6,April,15,0.0,0.0,0.0,3,126,1134,ok,optimal,0.0,standard_primal_shadow_dual
6,April,16,0.0,0.0,0.0,9,130,1170,ok,optimal,0.0,standard_primal_shadow_dual
6,April,17,242.05858393653108,0.0,242.05858393653108,14,130,1170,ok,optimal,242.05858393653108,standard_primal_shadow_dual
6,April,18,28.525249999979277,0.0,28.525249999979277,11,130,1170,ok,optimal,28.525249999979277,standard_primal_shadow_dual
6,April,19,0.0,0.0,0.0,9,130,1170,ok,optimal,0.0,standard_primal_shadow_dual
6,April,20,99.6879375,0.0,99.6879375,9,130,1170,ok,optimal,99.6879375,standard_primal_shadow_dual
6,April,21,0.0,0.0,0.0,10,130,1170,ok,optimal,0.0,standard_primal_shadow_dual
6,April,22,0.0,0.0,0.0,7,128,1152,ok,optimal,0.0,standard_primal_shadow_dual
6,April,23,0.0,0.0,0.0,9,126,1134,ok,optimal,0.0,standard_primal_shadow_dual
6,April,24,338.2123826738712,0.0,338.2123826738712,9,126,1134,ok,optimal,338.2123826738712,standard_primal_shadow_dual
6,April,25,0.0,0.0,0.0,5,118,1062,ok,optimal,0.0,standard_primal_shadow_dual
6,April,26,0.0,0.0,0.0,7,122,1098,ok,optimal,0.0,standard_primal_shadow_dual
6,April,27,23.66337689797616,0.0,23.66337689797616,8,120,1080,ok,optimal,23.66337689797616,standard_primal_shadow_dual
6,April,28,0.0,0.0,0.0,11,122,1098,ok,optimal,0.0,standard_primal_shadow_dual
6,April,29,0.0,0.0,0.0,10,124,1116,ok,optimal,0.0,standard_primal_shadow_dual
6,April,30,0.0,0.0,0.0,10,122,1098,ok,optimal,0.0,standard_primal_shadow_dual
6,April,31,0.0,0.0,0.0,7,126,1134,ok,optimal,0.0,standard_primal_shadow_dual
6,April,32,0.0,0.0,0.0,7,126,1134,ok,optimal,0.0,standard_primal_shadow_dual
6,April,33,0.0,0.0,0.0,6,124,1116,ok,optimal,0.0,standard_primal_shadow_dual
6,April,34,0.0,0.0,0.0,10,128,1152,ok,optimal,0.0,standard_primal_shadow_dual
6,April,35,0.0,0.0,0.0,6,124,1116,ok,optimal,0.0,standard_primal_shadow_dual
6,April,36,0.0,0.0,0.0,4,120,1080,ok,optimal,0.0,standard_primal_shadow_dual
6,April,37,0.0,0.0,0.0,2,108,972,ok,optimal,0.0,standard_primal_shadow_dual
6,April,38,0.0,0.0,0.0,3,112,1008,ok,optimal,0.0,standard_primal_shadow_dual
6,April,39,0.0,0.0,0.0,1,106,954,ok,optimal,0.0,standard_primal_shadow_dual
6,April,40,0.0,0.0,0.0,0,0,0,ok,empty_zero_redirection,,
6,April,41,0.0,0.0,0.0,0,0,0,ok,empty_zero_redirection,,
6,April,42,0.0,0.0,0.0,0,0,0,ok,empty_zero_redirection,,
6,April,43,0.0,0.0,0.0,0,0,0,ok,empty_zero_redirection,,
6,April,44,0.0,0.0,0.0,0,0,0,ok,empty_zero_redirection,,
6,April,45,0.0,0.0,0.0,0,0,0,ok,empty_zero_redirection,,
6,April,46,0.0,0.0,0.0,0,0,0,ok,empty_zero_redirection,,
6,April,47,0.0,0.0,0.0,0,0,0,ok,empty_zero_redirection,,
6,April,48,0.0,0.0,0.0,0,0,0,ok,empty_zero_redirection,,
6,May,1,0.0,0.0,0.0,0,0,0,ok,empty_zero_redirection,,
6,May,2,0.0,0.0,0.0,1,90,810,ok,optimal,0.0,standard_primal_shadow_dual
6,May,3,0.0,0.0,0.0,3,92,828,ok,optimal,0.0,standard_primal_shadow_dual
6,May,4,0.0,0.0,0.0,1,90,810,ok,optimal,0.0,standard_primal_shadow_dual
6,May,5,0.0,0.0,0.0,0,0,0,ok,empty_zero_redirection,,
6,May,6,0.0,0.0,0.0,0,0,0,ok,empty_zero_redirection,,
6,May,7,0.0,0.0,0.0,0,0,0,ok,empty_zero_redirection,,
6,May,8,0.0,0.0,0.0,0,0,0,ok,empty_zero_redirection,,
6,May,9,0.0,0.0,0.0,0,0,0,ok,empty_zero_redirection,,
6,May,10,0.0,0.0,0.0,0,0,0,ok,empty_zero_redirection,,
6,May,11,0.0,0.0,0.0,1,80,720,ok,optimal,0.0,standard_primal_shadow_dual
6,May,12,0.0,0.0,0.0,1,96,864,ok,optimal,0.0,standard_primal_shadow_dual
6,May,13,0.0,0.0,0.0,1,118,1062,ok,optimal,0.0,standard_primal_shadow_dual
6,May,14,0.0,0.0,0.0,1,126,1134,ok,optimal,0.0,standard_primal_shadow_dual
6,May,15,0.0,0.0,0.0,7,126,1134,ok,optimal,0.0,standard_primal_shadow_dual
6,May,16,127.22594466557265,0.0,127.22594466557265,12,130,1170,ok,optimal,127.22594466557265,standard_primal_shadow_dual
6,May,17,191.20134157423809,0.0,191.20134157423809,15,130,1170,ok,optimal,191.20134157423809,standard_primal_shadow_dual
6,May,18,14.684810059594822,0.0,14.684810059594822,10,130,1170,ok,optimal,14.684810059594822,standard_primal_shadow_dual
6,May,19,88.81916855782076,0.0,88.81916855782076,15,130,1170,ok,optimal,88.81916855782076,standard_primal_shadow_dual
6,May,20,0.0,0.0,0.0,15,130,1170,ok,optimal,0.0,standard_primal_shadow_dual
6,May,21,64.39765644491617,0.0,64.39765644491617,10,130,1170,ok,optimal,64.39765644491617,standard_primal_shadow_dual
6,May,22,0.0,0.0,0.0,7,128,1152,ok,optimal,0.0,standard_primal_shadow_dual
6,May,23,0.0,0.0,0.0,6,126,1134,ok,optimal,0.0,standard_primal_shadow_dual
6,May,24,0.0,0.0,0.0,6,126,1134,ok,optimal,0.0,standard_primal_shadow_dual
6,May,25,0.0,0.0,0.0,5,118,1062,ok,optimal,0.0,standard_primal_shadow_dual
6,May,26,0.0,0.0,0.0,5,122,1098,ok,optimal,0.0,standard_primal_shadow_dual
6,May,27,0.0,0.0,0.0,4,120,1080,ok,optimal,0.0,standard_primal_shadow_dual
6,May,28,0.0,0.0,0.0,8,122,1098,ok,optimal,0.0,standard_primal_shadow_dual
6,May,29,0.0,0.0,0.0,8,124,1116,ok,optimal,0.0,standard_primal_shadow_dual
6,May,30,0.0,0.0,0.0,7,122,1098,ok,optimal,0.0,standard_primal_shadow_dual
6,May,31,0.0,0.0,0.0,7,126,1134,ok,optimal,0.0,standard_primal_shadow_dual
6,May,32,0.0,0.0,0.0,7,126,1134,ok,optimal,0.0,standard_primal_shadow_dual
6,May,33,0.0,0.0,0.0,6,124,1116,ok,optimal,0.0,standard_primal_shadow_dual
6,May,34,0.0,0.0,0.0,9,128,1152,ok,optimal,0.0,standard_primal_shadow_dual
6,May,35,0.0,0.0,0.0,6,124,1116,ok,optimal,0.0,standard_primal_shadow_dual
6,May,36,0.0,0.0,0.0,4,120,1080,ok,optimal,0.0,standard_primal_shadow_dual
6,May,37,0.0,0.0,0.0,4,108,972,ok,optimal,0.0,standard_primal_shadow_dual
6,May,38,0.0,0.0,0.0,4,112,1008,ok,optimal,0.0,standard_primal_shadow_dual
6,May,39,0.0,0.0,0.0,1,106,954,ok,optimal,0.0,standard_primal_shadow_dual
6,May,40,0.0,0.0,0.0,0,0,0,ok,empty_zero_redirection,,
6,May,41,0.0,0.0,0.0,0,0,0,ok,empty_zero_redirection,,
6,May,42,0.0,0.0,0.0,0,0,0,ok,empty_zero_redirection,,
6,May,43,0.0,0.0,0.0,0,0,0,ok,empty_zero_redirection,,
6,May,44,0.0,0.0,0.0,0,0,0,ok,empty_zero_redirection,,
6,May,45,0.0,0.0,0.0,0,0,0,ok,empty_zero_redirection,,
6,May,46,0.0,0.0,0.0,0,0,0,ok,empty_zero_redirection,,
6,May,47,0.0,0.0,0.0,0,0,0,ok,empty_zero_redirection,,
6,May,48,0.0,0.0,0.0,0,0,0,ok,empty_zero_redirection,,
6,June,1,0.0,0.0,0.0,0,0,0,ok,empty_zero_redirection,,
6,June,2,0.0,0.0,0.0,1,90,810,ok,optimal,0.0,standard_primal_shadow_dual
6,June,3,0.0,0.0,0.0,3,92,828,ok,optimal,0.0,standard_primal_shadow_dual
6,June,4,0.0,0.0,0.0,1,90,810,ok,optimal,0.0,standard_primal_shadow_dual
6,June,5,0.0,0.0,0.0,0,0,0,ok,empty_zero_redirection,,
6,June,6,0.0,0.0,0.0,0,0,0,ok,empty_zero_redirection,,
6,June,7,0.0,0.0,0.0,5,24,216,ok,optimal,0.0,standard_primal_shadow_dual
6,June,8,0.0,0.0,0.0,4,20,180,ok,optimal,0.0,standard_primal_shadow_dual
6,June,9,0.0,0.0,0.0,4,32,288,ok,optimal,0.0,standard_primal_shadow_dual
6,June,10,0.0,0.0,0.0,4,32,288,ok,optimal,0.0,standard_primal_shadow_dual
6,June,11,0.0,0.0,0.0,5,80,720,ok,optimal,0.0,standard_primal_shadow_dual
6,June,12,0.0,0.0,0.0,2,96,864,ok,optimal,0.0,standard_primal_shadow_dual
6,June,13,0.0,0.0,0.0,4,118,1062,ok,optimal,0.0,standard_primal_shadow_dual
6,June,14,0.0,0.0,0.0,3,126,1134,ok,optimal,0.0,standard_primal_shadow_dual
6,June,15,0.0,0.0,0.0,4,126,1134,ok,optimal,0.0,standard_primal_shadow_dual
6,June,16,0.0,0.0,0.0,9,130,1170,ok,optimal,0.0,standard_primal_shadow_dual
6,June,17,0.0,0.0,0.0,15,130,1170,ok,optimal,0.0,standard_primal_shadow_dual
6,June,18,109.28084694412527,0.0,109.28084694412527,10,130,1170,ok,optimal,109.28084694412527,standard_primal_shadow_dual
6,June,19,0.0,0.0,0.0,12,130,1170,ok,optimal,0.0,standard_primal_shadow_dual
6,June,20,42.68690750000001,0.0,42.68690750000001,10,130,1170,ok,optimal,42.68690750000001,standard_primal_shadow_dual
6,June,21,119.97884976717408,0.0,119.97884976717408,11,130,1170,ok,optimal,119.97884976717408,standard_primal_shadow_dual
6,June,22,0.0,0.0,0.0,8,128,1152,ok,optimal,0.0,standard_primal_shadow_dual
6,June,23,0.0,0.0,0.0,13,126,1134,ok,optimal,0.0,standard_primal_shadow_dual
6,June,24,340.1786296297872,0.0,340.1786296297872,10,126,1134,ok,optimal,340.1786296297872,standard_primal_shadow_dual
6,June,25,55.22627559615902,0.0,55.22627559615902,11,118,1062,ok,optimal,55.22627559615902,standard_primal_shadow_dual
6,June,26,0.0,0.0,0.0,8,122,1098,ok,optimal,0.0,standard_primal_shadow_dual
6,June,27,364.3561605637183,0.0,364.3561605637183,10,120,1080,ok,optimal,364.3561605637183,standard_primal_shadow_dual
6,June,28,96.65437396050348,0.0,96.65437396050348,11,122,1098,ok,optimal,96.65437396050348,standard_primal_shadow_dual
6,June,29,0.0,0.0,0.0,11,124,1116,ok,optimal,0.0,standard_primal_shadow_dual
6,June,30,818.2009091158325,0.0,818.2009091158325,14,122,1098,ok,optimal,818.2009091158325,standard_primal_shadow_dual
6,June,31,172.26567968503267,0.0,172.26567968503267,11,126,1134,ok,optimal,172.26567968503267,standard_primal_shadow_dual
6,June,32,349.15044417373696,0.0,349.15044417373696,12,126,1134,ok,optimal,349.15044417373696,standard_primal_shadow_dual
6,June,33,0.0,0.0,0.0,8,124,1116,ok,optimal,0.0,standard_primal_shadow_dual
6,June,34,0.0,0.0,0.0,9,128,1152,ok,optimal,0.0,standard_primal_shadow_dual
6,June,35,0.0,0.0,0.0,6,124,1116,ok,optimal,0.0,standard_primal_shadow_dual
6,June,36,0.0,0.0,0.0,4,120,1080,ok,optimal,0.0,standard_primal_shadow_dual
6,June,37,0.0,0.0,0.0,3,108,972,ok,optimal,0.0,standard_primal_shadow_dual
6,June,38,0.0,0.0,0.0,3,112,1008,ok,optimal,0.0,standard_primal_shadow_dual
6,June,39,0.0,0.0,0.0,1,106,954,ok,optimal,0.0,standard_primal_shadow_dual
6,June,40,0.0,0.0,0.0,0,0,0,ok,empty_zero_redirection,,
6,June,41,0.0,0.0,0.0,0,0,0,ok,empty_zero_redirection,,
6,June,42,0.0,0.0,0.0,0,0,0,ok,empty_zero_redirection,,
6,June,43,0.0,0.0,0.0,0,0,0,ok,empty_zero_redirection,,
6,June,44,0.0,0.0,0.0,0,0,0,ok,empty_zero_redirection,,
6,June,45,0.0,0.0,0.0,0,0,0,ok,empty_zero_redirection,,
6,June,46,0.0,0.0,0.0,0,0,0,ok,empty_zero_redirection,,
6,June,47,0.0,0.0,0.0,0,0,0,ok,empty_zero_redirection,,
6,June,48,0.0,0.0,0.0,0,0,0,ok,empty_zero_redirection,,
6,July,1,0.0,0.0,0.0,0,0,0,ok,empty_zero_redirection,,
6,July,2,0.0,0.0,0.0,1,90,810,ok,optimal,0.0,standard_primal_shadow_dual
6,July,3,0.0,0.0,0.0,3,92,828,ok,optimal,0.0,standard_primal_shadow_dual
6,July,4,0.0,0.0,0.0,1,90,810,ok,optimal,0.0,standard_primal_shadow_dual
6,July,5,0.0,0.0,0.0,0,0,0,ok,empty_zero_redirection,,
6,July,6,0.0,0.0,0.0,0,0,0,ok,empty_zero_redirection,,
6,July,7,0.0,0.0,0.0,0,0,0,ok,empty_zero_redirection,,
6,July,8,0.0,0.0,0.0,0,0,0,ok,empty_zero_redirection,,
6,July,9,0.0,0.0,0.0,0,0,0,ok,empty_zero_redirection,,
6,July,10,0.0,0.0,0.0,0,0,0,ok,empty_zero_redirection,,
6,July,11,0.0,0.0,0.0,1,80,720,ok,optimal,0.0,standard_primal_shadow_dual
6,July,12,0.0,0.0,0.0,0,0,0,ok,empty_zero_redirection,,
6,July,13,0.0,0.0,0.0,1,118,1062,ok,optimal,0.0,standard_primal_shadow_dual
6,July,14,0.0,0.0,0.0,1,126,1134,ok,optimal,0.0,standard_primal_shadow_dual
6,July,15,143.41047768875939,0.0,143.41047768875939,1,126,1134,ok,optimal,143.41047768875939,standard_primal_shadow_dual
6,July,16,6.912943966376948,0.0,6.912943966376948,10,130,1170,ok,optimal,6.912943966376948,standard_primal_shadow_dual
6,July,17,500.25440680215706,0.0,500.25440680215706,13,130,1170,ok,optimal,500.25440680215706,standard_primal_shadow_dual
6,July,18,0.0,0.0,0.0,7,130,1170,ok,optimal,0.0,standard_primal_shadow_dual
6,July,19,69.5559752796858,0.0,69.5559752796858,6,130,1170,ok,optimal,69.5559752796858,standard_primal_shadow_dual
6,July,20,0.0,0.0,0.0,9,130,1170,ok,optimal,0.0,standard_primal_shadow_dual
6,July,21,0.0,0.0,0.0,2,130,1170,ok,optimal,0.0,standard_primal_shadow_dual
6,July,22,0.0,0.0,0.0,2,128,1152,ok,optimal,0.0,standard_primal_shadow_dual
6,July,23,0.0,0.0,0.0,8,126,1134,ok,optimal,0.0,standard_primal_shadow_dual
6,July,24,0.0,0.0,0.0,5,126,1134,ok,optimal,0.0,standard_primal_shadow_dual
6,July,25,0.0,0.0,0.0,4,118,1062,ok,optimal,0.0,standard_primal_shadow_dual
6,July,26,0.0,0.0,0.0,4,122,1098,ok,optimal,0.0,standard_primal_shadow_dual
6,July,27,0.0,0.0,0.0,4,120,1080,ok,optimal,0.0,standard_primal_shadow_dual
6,July,28,0.0,0.0,0.0,6,122,1098,ok,optimal,0.0,standard_primal_shadow_dual
6,July,29,0.0,0.0,0.0,3,124,1116,ok,optimal,0.0,standard_primal_shadow_dual
6,July,30,0.0,0.0,0.0,7,122,1098,ok,optimal,0.0,standard_primal_shadow_dual
6,July,31,0.0,0.0,0.0,5,126,1134,ok,optimal,0.0,standard_primal_shadow_dual
6,July,32,0.0,0.0,0.0,1,126,1134,ok,optimal,0.0,standard_primal_shadow_dual
6,July,33,140.8718739484599,0.0,140.8718739484599,7,124,1116,ok,optimal,140.8718739484599,standard_primal_shadow_dual
6,July,34,155.06323999999998,0.0,155.06323999999998,7,128,1152,ok,optimal,155.06323999999998,standard_primal_shadow_dual
6,July,35,0.0,0.0,0.0,6,124,1116,ok,optimal,0.0,standard_primal_shadow_dual
6,July,36,0.0,0.0,0.0,3,120,1080,ok,optimal,0.0,standard_primal_shadow_dual
6,July,37,0.0,0.0,0.0,2,108,972,ok,optimal,0.0,standard_primal_shadow_dual
6,July,38,10.842144687464241,0.0,10.842144687464241,3,112,1008,ok,optimal,10.842144687464241,standard_primal_shadow_dual
6,July,39,0.0,0.0,0.0,1,106,954,ok,optimal,0.0,standard_primal_shadow_dual
6,July,40,0.0,0.0,0.0,0,0,0,ok,empty_zero_redirection,,
6,July,41,0.0,0.0,0.0,0,0,0,ok,empty_zero_redirection,,
6,July,42,0.0,0.0,0.0,0,0,0,ok,empty_zero_redirection,,
6,July,43,0.0,0.0,0.0,0,0,0,ok,empty_zero_redirection,,
6,July,44,0.0,0.0,0.0,0,0,0,ok,empty_zero_redirection,,
6,July,45,0.0,0.0,0.0,0,0,0,ok,empty_zero_redirection,,
6,July,46,0.0,0.0,0.0,0,0,0,ok,empty_zero_redirection,,
6,July,47,0.0,0.0,0.0,0,0,0,ok,empty_zero_redirection,,
6,July,48,0.0,0.0,0.0,0,0,0,ok,empty_zero_redirection,,
6,August,1,0.0,0.0,0.0,0,0,0,ok,empty_zero_redirection,,
6,August,2,0.0,0.0,0.0,1,90,810,ok,optimal,0.0,standard_primal_shadow_dual
6,August,3,11.714895811995866,0.0,11.714895811995866,4,92,828,ok,optimal,11.714895811995866,standard_primal_shadow_dual
6,August,4,0.0,0.0,0.0,1,90,810,ok,optimal,0.0,standard_primal_shadow_dual
6,August,5,0.0,0.0,0.0,0,0,0,ok,empty_zero_redirection,,
6,August,6,0.0,0.0,0.0,0,0,0,ok,empty_zero_redirection,,
6,August,7,0.0,0.0,0.0,0,0,0,ok,empty_zero_redirection,,
6,August,8,0.0,0.0,0.0,0,0,0,ok,empty_zero_redirection,,
6,August,9,0.0,0.0,0.0,0,0,0,ok,empty_zero_redirection,,
6,August,10,0.0,0.0,0.0,0,0,0,ok,empty_zero_redirection,,
6,August,11,0.0,0.0,0.0,1,80,720,ok,optimal,0.0,standard_primal_shadow_dual
6,August,12,0.0,0.0,0.0,0,0,0,ok,empty_zero_redirection,,
6,August,13,0.0,0.0,0.0,0,0,0,ok,empty_zero_redirection,,
6,August,14,0.0,0.0,0.0,1,126,1134,ok,optimal,0.0,standard_primal_shadow_dual
6,August,15,0.0,0.0,0.0,1,126,1134,ok,optimal,0.0,standard_primal_shadow_dual
6,August,16,20.738831899130375,0.0,20.738831899130375,7,130,1170,ok,optimal,20.738831899130375,standard_primal_shadow_dual
6,August,17,209.30926663838233,0.0,209.30926663838233,13,130,1170,ok,optimal,209.30926663838233,standard_primal_shadow_dual
6,August,18,0.0,0.0,0.0,6,130,1170,ok,optimal,0.0,standard_primal_shadow_dual
6,August,19,132.59869576854112,0.0,132.59869576854112,4,130,1170,ok,optimal,132.59869576854112,standard_primal_shadow_dual
6,August,20,0.0,0.0,0.0,5,130,1170,ok,optimal,0.0,standard_primal_shadow_dual
6,August,21,0.0,0.0,0.0,2,130,1170,ok,optimal,0.0,standard_primal_shadow_dual
6,August,22,0.0,0.0,0.0,1,128,1152,ok,optimal,0.0,standard_primal_shadow_dual
6,August,23,0.0,0.0,0.0,7,126,1134,ok,optimal,0.0,standard_primal_shadow_dual
6,August,24,0.0,0.0,0.0,5,126,1134,ok,optimal,0.0,standard_primal_shadow_dual
6,August,25,0.0,0.0,0.0,4,118,1062,ok,optimal,0.0,standard_primal_shadow_dual
6,August,26,0.0,0.0,0.0,3,122,1098,ok,optimal,0.0,standard_primal_shadow_dual
6,August,27,0.0,0.0,0.0,3,120,1080,ok,optimal,0.0,standard_primal_shadow_dual
6,August,28,0.0,0.0,0.0,7,122,1098,ok,optimal,0.0,standard_primal_shadow_dual
6,August,29,0.0,0.0,0.0,4,124,1116,ok,optimal,0.0,standard_primal_shadow_dual
6,August,30,0.0,0.0,0.0,8,122,1098,ok,optimal,0.0,standard_primal_shadow_dual
6,August,31,0.0,0.0,0.0,5,126,1134,ok,optimal,0.0,standard_primal_shadow_dual
6,August,32,0.0,0.0,0.0,2,126,1134,ok,optimal,0.0,standard_primal_shadow_dual
6,August,33,0.0,0.0,0.0,6,124,1116,ok,optimal,0.0,standard_primal_shadow_dual
6,August,34,0.0,0.0,0.0,9,128,1152,ok,optimal,0.0,standard_primal_shadow_dual
6,August,35,0.0,0.0,0.0,4,124,1116,ok,optimal,0.0,standard_primal_shadow_dual
6,August,36,0.0,0.0,0.0,3,120,1080,ok,optimal,0.0,standard_primal_shadow_dual
6,August,37,0.0,0.0,0.0,0,0,0,ok,empty_zero_redirection,,
6,August,38,0.0,0.0,0.0,1,112,1008,ok,optimal,0.0,standard_primal_shadow_dual
6,August,39,0.0,0.0,0.0,1,106,954,ok,optimal,0.0,standard_primal_shadow_dual
6,August,40,0.0,0.0,0.0,0,0,0,ok,empty_zero_redirection,,
6,August,41,0.0,0.0,0.0,0,0,0,ok,empty_zero_redirection,,
6,August,42,0.0,0.0,0.0,0,0,0,ok,empty_zero_redirection,,
6,August,43,0.0,0.0,0.0,0,0,0,ok,empty_zero_redirection,,
6,August,44,0.0,0.0,0.0,0,0,0,ok,empty_zero_redirection,,
6,August,45,0.0,0.0,0.0,0,0,0,ok,empty_zero_redirection,,
6,August,46,0.0,0.0,0.0,0,0,0,ok,empty_zero_redirection,,
6,August,47,0.0,0.0,0.0,0,0,0,ok,empty_zero_redirection,,
6,August,48,0.0,0.0,0.0,0,0,0,ok,empty_zero_redirection,,
6,September,1,0.0,0.0,0.0,0,0,0,ok,empty_zero_redirection,,
6,September,2,15.035626836345163,0.0,15.035626836345163,1,90,810,ok,optimal,15.035626836345163,standard_primal_shadow_dual
6,September,3,11.336995947092774,0.0,11.336995947092774,4,92,828,ok,optimal,11.336995947092774,standard_primal_shadow_dual
6,September,4,0.0,0.0,0.0,1,90,810,ok,optimal,0.0,standard_primal_shadow_dual
6,September,5,0.0,0.0,0.0,0,0,0,ok,empty_zero_redirection,,
6,September,6,0.0,0.0,0.0,0,0,0,ok,empty_zero_redirection,,
6,September,7,0.0,0.0,0.0,0,0,0,ok,empty_zero_redirection,,
6,September,8,0.0,0.0,0.0,0,0,0,ok,empty_zero_redirection,,
6,September,9,0.0,0.0,0.0,0,0,0,ok,empty_zero_redirection,,
6,September,10,0.0,0.0,0.0,0,0,0,ok,empty_zero_redirection,,
6,September,11,0.0,0.0,0.0,1,80,720,ok,optimal,0.0,standard_primal_shadow_dual
6,September,12,0.0,0.0,0.0,0,0,0,ok,empty_zero_redirection,,
6,September,13,0.0,0.0,0.0,0,0,0,ok,empty_zero_redirection,,
6,September,14,0.0,0.0,0.0,1,126,1134,ok,optimal,0.0,standard_primal_shadow_dual
6,September,15,0.0,0.0,0.0,2,126,1134,ok,optimal,0.0,standard_primal_shadow_dual
6,September,16,0.0,0.0,0.0,7,130,1170,ok,optimal,0.0,standard_primal_shadow_dual
6,September,17,144.07345014631255,0.0,144.07345014631255,16,130,1170,ok,optimal,144.07345014631255,standard_primal_shadow_dual
6,September,18,0.0,0.0,0.0,7,130,1170,ok,optimal,0.0,standard_primal_shadow_dual
6,September,19,148.8307665604571,0.0,148.8307665604571,7,130,1170,ok,optimal,148.8307665604571,standard_primal_shadow_dual
6,September,20,33.778324607784114,0.0,33.778324607784114,6,130,1170,ok,optimal,33.778324607784114,standard_primal_shadow_dual
6,September,21,0.0,0.0,0.0,2,130,1170,ok,optimal,0.0,standard_primal_shadow_dual
6,September,22,0.0,0.0,0.0,1,128,1152,ok,optimal,0.0,standard_primal_shadow_dual
6,September,23,0.0,0.0,0.0,7,126,1134,ok,optimal,0.0,standard_primal_shadow_dual
6,September,24,0.0,0.0,0.0,5,126,1134,ok,optimal,0.0,standard_primal_shadow_dual
6,September,25,0.0,0.0,0.0,5,118,1062,ok,optimal,0.0,standard_primal_shadow_dual
6,September,26,0.0,0.0,0.0,4,122,1098,ok,optimal,0.0,standard_primal_shadow_dual
6,September,27,0.0,0.0,0.0,4,120,1080,ok,optimal,0.0,standard_primal_shadow_dual
6,September,28,0.0,0.0,0.0,8,122,1098,ok,optimal,0.0,standard_primal_shadow_dual
6,September,29,0.0,0.0,0.0,4,124,1116,ok,optimal,0.0,standard_primal_shadow_dual
6,September,30,2.0082775474959647,0.0,2.0082775474959647,8,122,1098,ok,optimal,2.0082775474959647,standard_primal_shadow_dual
6,September,31,0.0,0.0,0.0,3,126,1134,ok,optimal,0.0,standard_primal_shadow_dual
6,September,32,0.0,0.0,0.0,0,0,0,ok,empty_zero_redirection,,
6,September,33,0.0,0.0,0.0,6,124,1116,ok,optimal,0.0,standard_primal_shadow_dual
6,September,34,128.14588163953522,0.0,128.14588163953522,5,128,1152,ok,optimal,128.14588163953522,standard_primal_shadow_dual
6,September,35,0.0,0.0,0.0,3,124,1116,ok,optimal,0.0,standard_primal_shadow_dual
6,September,36,0.0,0.0,0.0,1,120,1080,ok,optimal,0.0,standard_primal_shadow_dual
6,September,37,0.0,0.0,0.0,0,0,0,ok,empty_zero_redirection,,
6,September,38,0.0,0.0,0.0,1,112,1008,ok,optimal,0.0,standard_primal_shadow_dual
6,September,39,0.0,0.0,0.0,1,106,954,ok,optimal,0.0,standard_primal_shadow_dual
6,September,40,0.0,0.0,0.0,0,0,0,ok,empty_zero_redirection,,
6,September,41,0.0,0.0,0.0,0,0,0,ok,empty_zero_redirection,,
6,September,42,0.0,0.0,0.0,0,0,0,ok,empty_zero_redirection,,
6,September,43,0.0,0.0,0.0,0,0,0,ok,empty_zero_redirection,,
6,September,44,0.0,0.0,0.0,0,0,0,ok,empty_zero_redirection,,
6,September,45,0.0,0.0,0.0,0,0,0,ok,empty_zero_redirection,,
6,September,46,0.0,0.0,0.0,0,0,0,ok,empty_zero_redirection,,
6,September,47,0.0,0.0,0.0,0,0,0,ok,empty_zero_redirection,,
6,September,48,0.0,0.0,0.0,0,0,0,ok,empty_zero_redirection,,
6,October,1,0.0,0.0,0.0,0,0,0,ok,empty_zero_redirection,,
6,October,2,0.0,0.0,0.0,1,90,810,ok,optimal,0.0,standard_primal_shadow_dual
6,October,3,0.0,0.0,0.0,3,92,828,ok,optimal,0.0,standard_primal_shadow_dual
6,October,4,0.0,0.0,0.0,1,90,810,ok,optimal,0.0,standard_primal_shadow_dual
6,October,5,0.0,0.0,0.0,0,0,0,ok,empty_zero_redirection,,
6,October,6,0.0,0.0,0.0,0,0,0,ok,empty_zero_redirection,,
6,October,7,0.0,0.0,0.0,0,0,0,ok,empty_zero_redirection,,
6,October,8,0.0,0.0,0.0,0,0,0,ok,empty_zero_redirection,,
6,October,9,0.0,0.0,0.0,0,0,0,ok,empty_zero_redirection,,
6,October,10,0.0,0.0,0.0,0,0,0,ok,empty_zero_redirection,,
6,October,11,0.0,0.0,0.0,0,0,0,ok,empty_zero_redirection,,
6,October,12,0.0,0.0,0.0,0,0,0,ok,empty_zero_redirection,,
6,October,13,0.0,0.0,0.0,0,0,0,ok,empty_zero_redirection,,
6,October,14,0.0,0.0,0.0,1,126,1134,ok,optimal,0.0,standard_primal_shadow_dual
6,October,15,0.0,0.0,0.0,1,126,1134,ok,optimal,0.0,standard_primal_shadow_dual
6,October,16,0.0,0.0,0.0,7,130,1170,ok,optimal,0.0,standard_primal_shadow_dual
6,October,17,209.3092666384062,0.0,209.3092666384062,12,130,1170,ok,optimal,209.3092666384062,standard_primal_shadow_dual
6,October,18,0.0,0.0,0.0,6,130,1170,ok,optimal,0.0,standard_primal_shadow_dual
6,October,19,0.0,0.0,0.0,3,130,1170,ok,optimal,0.0,standard_primal_shadow_dual
6,October,20,0.0,0.0,0.0,2,130,1170,ok,optimal,0.0,standard_primal_shadow_dual
6,October,21,0.0,0.0,0.0,0,0,0,ok,empty_zero_redirection,,
6,October,22,0.0,0.0,0.0,0,0,0,ok,empty_zero_redirection,,
6,October,23,0.0,0.0,0.0,6,126,1134,ok,optimal,0.0,standard_primal_shadow_dual
6,October,24,0.0,0.0,0.0,4,126,1134,ok,optimal,0.0,standard_primal_shadow_dual
6,October,25,0.0,0.0,0.0,2,118,1062,ok,optimal,0.0,standard_primal_shadow_dual
6,October,26,0.0,0.0,0.0,2,122,1098,ok,optimal,0.0,standard_primal_shadow_dual
6,October,27,0.0,0.0,0.0,3,120,1080,ok,optimal,0.0,standard_primal_shadow_dual
6,October,28,0.0,0.0,0.0,6,122,1098,ok,optimal,0.0,standard_primal_shadow_dual
6,October,29,0.0,0.0,0.0,2,124,1116,ok,optimal,0.0,standard_primal_shadow_dual
6,October,30,119.6452529224965,0.0,119.6452529224965,5,122,1098,ok,optimal,119.6452529224965,standard_primal_shadow_dual
6,October,31,0.0,0.0,0.0,2,126,1134,ok,optimal,0.0,standard_primal_shadow_dual
6,October,32,0.0,0.0,0.0,0,0,0,ok,empty_zero_redirection,,
6,October,33,0.0,0.0,0.0,5,124,1116,ok,optimal,0.0,standard_primal_shadow_dual
6,October,34,0.0,0.0,0.0,4,128,1152,ok,optimal,0.0,standard_primal_shadow_dual
6,October,35,0.0,0.0,0.0,3,124,1116,ok,optimal,0.0,standard_primal_shadow_dual
6,October,36,0.0,0.0,0.0,1,120,1080,ok,optimal,0.0,standard_primal_shadow_dual
6,October,37,0.0,0.0,0.0,0,0,0,ok,empty_zero_redirection,,
6,October,38,0.0,0.0,0.0,1,112,1008,ok,optimal,0.0,standard_primal_shadow_dual
6,October,39,0.0,0.0,0.0,1,106,954,ok,optimal,0.0,standard_primal_shadow_dual
6,October,40,0.0,0.0,0.0,0,0,0,ok,empty_zero_redirection,,
6,October,41,0.0,0.0,0.0,0,0,0,ok,empty_zero_redirection,,
6,October,42,0.0,0.0,0.0,0,0,0,ok,empty_zero_redirection,,
6,October,43,0.0,0.0,0.0,0,0,0,ok,empty_zero_redirection,,
6,October,44,0.0,0.0,0.0,0,0,0,ok,empty_zero_redirection,,
6,October,45,0.0,0.0,0.0,0,0,0,ok,empty_zero_redirection,,
6,October,46,0.0,0.0,0.0,0,0,0,ok,empty_zero_redirection,,
6,October,47,0.0,0.0,0.0,0,0,0,ok,empty_zero_redirection,,
6,October,48,0.0,0.0,0.0,0,0,0,ok,empty_zero_redirection,,
6,November,1,0.0,0.0,0.0,0,0,0,ok,empty_zero_redirection,,
6,November,2,0.0,0.0,0.0,1,90,810,ok,optimal,0.0,standard_primal_shadow_dual
6,November,3,0.0,0.0,0.0,3,92,828,ok,optimal,0.0,standard_primal_shadow_dual
6,November,4,0.0,0.0,0.0,1,90,810,ok,optimal,0.0,standard_primal_shadow_dual
6,November,5,0.0,0.0,0.0,0,0,0,ok,empty_zero_redirection,,
6,November,6,0.0,0.0,0.0,0,0,0,ok,empty_zero_redirection,,
6,November,7,0.0,0.0,0.0,0,0,0,ok,empty_zero_redirection,,
6,November,8,0.0,0.0,0.0,0,0,0,ok,empty_zero_redirection,,
6,November,9,0.0,0.0,0.0,0,0,0,ok,empty_zero_redirection,,
6,November,10,0.0,0.0,0.0,0,0,0,ok,empty_zero_redirection,,
6,November,11,0.0,0.0,0.0,0,0,0,ok,empty_zero_redirection,,
6,November,12,0.0,0.0,0.0,0,0,0,ok,empty_zero_redirection,,
6,November,13,0.0,0.0,0.0,0,0,0,ok,empty_zero_redirection,,
6,November,14,0.0,0.0,0.0,1,126,1134,ok,optimal,0.0,standard_primal_shadow_dual
6,November,15,0.0,0.0,0.0,1,126,1134,ok,optimal,0.0,standard_primal_shadow_dual
6,November,16,244.41337284672656,0.0,244.41337284672656,7,130,1170,ok,optimal,244.41337284672656,standard_primal_shadow_dual
6,November,17,211.23237105722427,0.0,211.23237105722427,14,130,1170,ok,optimal,211.23237105722427,standard_primal_shadow_dual
6,November,18,0.0,0.0,0.0,6,130,1170,ok,optimal,0.0,standard_primal_shadow_dual
6,November,19,0.0,0.0,0.0,3,130,1170,ok,optimal,0.0,standard_primal_shadow_dual
6,November,20,0.0,0.0,0.0,2,130,1170,ok,optimal,0.0,standard_primal_shadow_dual
6,November,21,0.0,0.0,0.0,0,0,0,ok,empty_zero_redirection,,
6,November,22,0.0,0.0,0.0,0,0,0,ok,empty_zero_redirection,,
6,November,23,0.0,0.0,0.0,6,126,1134,ok,optimal,0.0,standard_primal_shadow_dual
6,November,24,0.0,0.0,0.0,4,126,1134,ok,optimal,0.0,standard_primal_shadow_dual
6,November,25,0.0,0.0,0.0,2,118,1062,ok,optimal,0.0,standard_primal_shadow_dual
6,November,26,0.0,0.0,0.0,2,122,1098,ok,optimal,0.0,standard_primal_shadow_dual
6,November,27,0.0,0.0,0.0,3,120,1080,ok,optimal,0.0,standard_primal_shadow_dual
6,November,28,0.0,0.0,0.0,6,122,1098,ok,optimal,0.0,standard_primal_shadow_dual
6,November,29,0.0,0.0,0.0,1,124,1116,ok,optimal,0.0,standard_primal_shadow_dual
6,November,30,115.78572863467336,0.0,115.78572863467336,4,122,1098,ok,optimal,115.78572863467336,standard_primal_shadow_dual
6,November,31,0.0,0.0,0.0,2,126,1134,ok,optimal,0.0,standard_primal_shadow_dual
6,November,32,0.0,0.0,0.0,0,0,0,ok,empty_zero_redirection,,
6,November,33,0.0,0.0,0.0,5,124,1116,ok,optimal,0.0,standard_primal_shadow_dual
6,November,34,0.0,0.0,0.0,4,128,1152,ok,optimal,0.0,standard_primal_shadow_dual
6,November,35,0.0,0.0,0.0,3,124,1116,ok,optimal,0.0,standard_primal_shadow_dual
6,November,36,0.0,0.0,0.0,1,120,1080,ok,optimal,0.0,standard_primal_shadow_dual
6,November,37,0.0,0.0,0.0,0,0,0,ok,empty_zero_redirection,,
6,November,38,0.0,0.0,0.0,1,112,1008,ok,optimal,0.0,standard_primal_shadow_dual
6,November,39,0.0,0.0,0.0,1,106,954,ok,optimal,0.0,standard_primal_shadow_dual
6,November,40,0.0,0.0,0.0,0,0,0,ok,empty_zero_redirection,,
6,November,41,0.0,0.0,0.0,0,0,0,ok,empty_zero_redirection,,
6,November,42,0.0,0.0,0.0,0,0,0,ok,empty_zero_redirection,,
6,November,43,0.0,0.0,0.0,0,0,0,ok,empty_zero_redirection,,
6,November,44,0.0,0.0,0.0,0,0,0,ok,empty_zero_redirection,,
6,November,45,0.0,0.0,0.0,0,0,0,ok,empty_zero_redirection,,
6,November,46,0.0,0.0,0.0,0,0,0,ok,empty_zero_redirection,,
6,November,47,0.0,0.0,0.0,0,0,0,ok,empty_zero_redirection,,
6,November,48,0.0,0.0,0.0,0,0,0,ok,empty_zero_redirection,,
6,December,1,0.0,0.0,0.0,0,0,0,ok,empty_zero_redirection,,
6,December,2,15.536814397556665,0.0,15.536814397556665,1,90,810,ok,optimal,15.536814397556665,standard_primal_shadow_dual
6,December,3,0.0,0.0,0.0,3,92,828,ok,optimal,0.0,standard_primal_shadow_dual
6,December,4,0.0,0.0,0.0,1,90,810,ok,optimal,0.0,standard_primal_shadow_dual
6,December,5,0.0,0.0,0.0,0,0,0,ok,empty_zero_redirection,,
6,December,6,0.0,0.0,0.0,0,0,0,ok,empty_zero_redirection,,
6,December,7,0.0,0.0,0.0,0,0,0,ok,empty_zero_redirection,,
6,December,8,0.0,0.0,0.0,0,0,0,ok,empty_zero_redirection,,
6,December,9,0.0,0.0,0.0,0,0,0,ok,empty_zero_redirection,,
6,December,10,0.0,0.0,0.0,0,0,0,ok,empty_zero_redirection,,
6,December,11,0.0,0.0,0.0,0,0,0,ok,empty_zero_redirection,,
6,December,12,0.0,0.0,0.0,0,0,0,ok,empty_zero_redirection,,
6,December,13,0.0,0.0,0.0,0,0,0,ok,empty_zero_redirection,,
6,December,14,0.0,0.0,0.0,1,126,1134,ok,optimal,0.0,standard_primal_shadow_dual
6,December,15,0.0,0.0,0.0,1,126,1134,ok,optimal,0.0,standard_primal_shadow_dual
6,December,16,84.9318315029029,0.0,84.9318315029029,7,130,1170,ok,optimal,84.9318315029029,standard_primal_shadow_dual
6,December,17,0.0,0.0,0.0,12,130,1170,ok,optimal,0.0,standard_primal_shadow_dual
6,December,18,0.0,0.0,0.0,6,130,1170,ok,optimal,0.0,standard_primal_shadow_dual
6,December,19,0.0,0.0,0.0,3,130,1170,ok,optimal,0.0,standard_primal_shadow_dual
6,December,20,0.0,0.0,0.0,2,130,1170,ok,optimal,0.0,standard_primal_shadow_dual
6,December,21,0.0,0.0,0.0,0,0,0,ok,empty_zero_redirection,,
6,December,22,0.0,0.0,0.0,0,0,0,ok,empty_zero_redirection,,
6,December,23,0.0,0.0,0.0,7,126,1134,ok,optimal,0.0,standard_primal_shadow_dual
6,December,24,0.0,0.0,0.0,4,126,1134,ok,optimal,0.0,standard_primal_shadow_dual
6,December,25,0.0,0.0,0.0,2,118,1062,ok,optimal,0.0,standard_primal_shadow_dual
6,December,26,0.0,0.0,0.0,2,122,1098,ok,optimal,0.0,standard_primal_shadow_dual
6,December,27,33.29126269864414,0.0,33.29126269864414,3,120,1080,ok,optimal,33.29126269864414,standard_primal_shadow_dual
6,December,28,0.0,0.0,0.0,6,122,1098,ok,optimal,0.0,standard_primal_shadow_dual
6,December,29,0.0,0.0,0.0,1,124,1116,ok,optimal,0.0,standard_primal_shadow_dual
6,December,30,119.64525292249567,0.0,119.64525292249567,4,122,1098,ok,optimal,119.64525292249567,standard_primal_shadow_dual
6,December,31,0.0,0.0,0.0,2,126,1134,ok,optimal,0.0,standard_primal_shadow_dual
6,December,32,0.0,0.0,0.0,0,0,0,ok,empty_zero_redirection,,
6,December,33,27.935379336506784,0.0,27.935379336506784,5,124,1116,ok,optimal,27.935379336506784,standard_primal_shadow_dual
6,December,34,0.0,0.0,0.0,4,128,1152,ok,optimal,0.0,standard_primal_shadow_dual
6,December,35,0.0,0.0,0.0,3,124,1116,ok,optimal,0.0,standard_primal_shadow_dual
6,December,36,0.0,0.0,0.0,1,120,1080,ok,optimal,0.0,standard_primal_shadow_dual
6,December,37,0.0,0.0,0.0,0,0,0,ok,empty_zero_redirection,,
6,December,38,0.0,0.0,0.0,1,112,1008,ok,optimal,0.0,standard_primal_shadow_dual
6,December,39,0.0,0.0,0.0,1,106,954,ok,optimal,0.0,standard_primal_shadow_dual
6,December,40,0.0,0.0,0.0,0,0,0,ok,empty_zero_redirection,,
6,December,41,0.0,0.0,0.0,0,0,0,ok,empty_zero_redirection,,
6,December,42,0.0,0.0,0.0,0,0,0,ok,empty_zero_redirection,,
6,December,43,0.0,0.0,0.0,0,0,0,ok,empty_zero_redirection,,
6,December,44,0.0,0.0,0.0,0,0,0,ok,empty_zero_redirection,,
6,December,45,0.0,0.0,0.0,0,0,0,ok,empty_zero_redirection,,
6,December,46,0.0,0.0,0.0,0,0,0,ok,empty_zero_redirection,,
6,December,47,0.0,0.0,0.0,0,0,0,ok,empty_zero_redirection,,
6,December,48,0.0,0.0,0.0,0,0,0,ok,empty_zero_redirection,,
7,January,1,0.0,0.0,0.0,0,0,0,ok,empty_zero_redirection,,
7,January,2,0.0,0.0,0.0,1,90,810,ok,optimal,0.0,standard_primal_shadow_dual
7,January,3,0.0,0.0,0.0,3,92,828,ok,optimal,0.0,standard_primal_shadow_dual
7,January,4,0.0,0.0,0.0,1,90,810,ok,optimal,0.0,standard_primal_shadow_dual
7,January,5,0.0,0.0,0.0,0,0,0,ok,empty_zero_redirection,,
7,January,6,0.0,0.0,0.0,0,0,0,ok,empty_zero_redirection,,
7,January,7,0.0,0.0,0.0,0,0,0,ok,empty_zero_redirection,,
7,January,8,0.0,0.0,0.0,0,0,0,ok,empty_zero_redirection,,
7,January,9,0.0,0.0,0.0,0,0,0,ok,empty_zero_redirection,,
7,January,10,0.0,0.0,0.0,0,0,0,ok,empty_zero_redirection,,
7,January,11,0.0,0.0,0.0,0,0,0,ok,empty_zero_redirection,,
7,January,12,0.0,0.0,0.0,0,0,0,ok,empty_zero_redirection,,
7,January,13,0.0,0.0,0.0,0,0,0,ok,empty_zero_redirection,,
7,January,14,0.0,0.0,0.0,1,126,1134,ok,optimal,0.0,standard_primal_shadow_dual
7,January,15,0.0,0.0,0.0,1,126,1134,ok,optimal,0.0,standard_primal_shadow_dual
7,January,16,0.0,0.0,0.0,7,130,1170,ok,optimal,0.0,standard_primal_shadow_dual
7,January,17,137.25835032423683,0.0,137.25835032423683,12,130,1170,ok,optimal,137.25835032423683,standard_primal_shadow_dual
7,January,18,0.0,0.0,0.0,6,130,1170,ok,optimal,0.0,standard_primal_shadow_dual
7,January,19,0.0,0.0,0.0,3,130,1170,ok,optimal,0.0,standard_primal_shadow_dual
7,January,20,0.0,0.0,0.0,2,130,1170,ok,optimal,0.0,standard_primal_shadow_dual
7,January,21,0.0,0.0,0.0,0,0,0,ok,empty_zero_redirection,,
7,January,22,0.0,0.0,0.0,0,0,0,ok,empty_zero_redirection,,
7,January,23,0.0,0.0,0.0,6,126,1134,ok,optimal,0.0,standard_primal_shadow_dual
7,January,24,0.0,0.0,0.0,4,126,1134,ok,optimal,0.0,standard_primal_shadow_dual
7,January,25,0.0,0.0,0.0,2,118,1062,ok,optimal,0.0,standard_primal_shadow_dual
7,January,26,0.0,0.0,0.0,2,122,1098,ok,optimal,0.0,standard_primal_shadow_dual
7,January,27,0.0,0.0,0.0,3,120,1080,ok,optimal,0.0,standard_primal_shadow_dual
7,January,28,0.0,0.0,0.0,6,122,1098,ok,optimal,0.0,standard_primal_shadow_dual
7,January,29,0.0,0.0,0.0,1,124,1116,ok,optimal,0.0,standard_primal_shadow_dual
7,January,30,3.1,0.0,3.1,4,122,1098,ok,optimal,3.1,standard_primal_shadow_dual
7,January,31,0.0,0.0,0.0,2,126,1134,ok,optimal,0.0,standard_primal_shadow_dual
7,January,32,0.0,0.0,0.0,0,0,0,ok,empty_zero_redirection,,
7,January,33,0.0,0.0,0.0,5,124,1116,ok,optimal,0.0,standard_primal_shadow_dual
7,January,34,0.0,0.0,0.0,5,128,1152,ok,optimal,0.0,standard_primal_shadow_dual
7,January,35,0.0,0.0,0.0,3,124,1116,ok,optimal,0.0,standard_primal_shadow_dual
7,January,36,0.0,0.0,0.0,1,120,1080,ok,optimal,0.0,standard_primal_shadow_dual
7,January,37,0.0,0.0,0.0,0,0,0,ok,empty_zero_redirection,,
7,January,38,0.0,0.0,0.0,1,112,1008,ok,optimal,0.0,standard_primal_shadow_dual
7,January,39,0.0,0.0,0.0,1,106,954,ok,optimal,0.0,standard_primal_shadow_dual
7,January,40,0.0,0.0,0.0,0,0,0,ok,empty_zero_redirection,,
7,January,41,0.0,0.0,0.0,0,0,0,ok,empty_zero_redirection,,
7,January,42,0.0,0.0,0.0,0,0,0,ok,empty_zero_redirection,,
7,January,43,0.0,0.0,0.0,0,0,0,ok,empty_zero_redirection,,
7,January,44,0.0,0.0,0.0,0,0,0,ok,empty_zero_redirection,,
7,January,45,0.0,0.0,0.0,0,0,0,ok,empty_zero_redirection,,
7,January,46,0.0,0.0,0.0,0,0,0,ok,empty_zero_redirection,,
7,January,47,0.0,0.0,0.0,0,0,0,ok,empty_zero_redirection,,
7,January,48,0.0,0.0,0.0,0,0,0,ok,empty_zero_redirection,,
7,February,1,0.0,0.0,0.0,0,0,0,ok,empty_zero_redirection,,
7,February,2,0.0,0.0,0.0,1,90,810,ok,optimal,0.0,standard_primal_shadow_dual
7,February,3,0.0,0.0,0.0,3,92,828,ok,optimal,0.0,standard_primal_shadow_dual
7,February,4,0.0,0.0,0.0,1,90,810,ok,optimal,0.0,standard_primal_shadow_dual
7,February,5,0.0,0.0,0.0,0,0,0,ok,empty_zero_redirection,,
7,February,6,0.0,0.0,0.0,0,0,0,ok,empty_zero_redirection,,
7,February,7,0.0,0.0,0.0,0,0,0,ok,empty_zero_redirection,,
7,February,8,0.0,0.0,0.0,0,0,0,ok,empty_zero_redirection,,
7,February,9,0.0,0.0,0.0,0,0,0,ok,empty_zero_redirection,,
7,February,10,0.0,0.0,0.0,0,0,0,ok,empty_zero_redirection,,
7,February,11,0.0,0.0,0.0,0,0,0,ok,empty_zero_redirection,,
7,February,12,0.0,0.0,0.0,0,0,0,ok,empty_zero_redirection,,
7,February,13,0.0,0.0,0.0,0,0,0,ok,empty_zero_redirection,,
7,February,14,0.0,0.0,0.0,1,126,1134,ok,optimal,0.0,standard_primal_shadow_dual
7,February,15,0.0,0.0,0.0,1,126,1134,ok,optimal,0.0,standard_primal_shadow_dual
7,February,16,0.0,0.0,0.0,7,130,1170,ok,optimal,0.0,standard_primal_shadow_dual
7,February,17,62.3251427487354,0.0,62.3251427487354,12,130,1170,ok,optimal,62.3251427487354,standard_primal_shadow_dual
7,February,18,1220.3467012463034,0.0,1220.3467012463034,7,130,1170,ok,optimal,1220.3467012463034,standard_primal_shadow_dual
7,February,19,0.0,0.0,0.0,3,130,1170,ok,optimal,0.0,standard_primal_shadow_dual
7,February,20,0.0,0.0,0.0,2,130,1170,ok,optimal,0.0,standard_primal_shadow_dual
7,February,21,0.0,0.0,0.0,0,0,0,ok,empty_zero_redirection,,
7,February,22,0.0,0.0,0.0,0,0,0,ok,empty_zero_redirection,,
7,February,23,0.0,0.0,0.0,6,126,1134,ok,optimal,0.0,standard_primal_shadow_dual
7,February,24,0.0,0.0,0.0,5,126,1134,ok,optimal,0.0,standard_primal_shadow_dual
7,February,25,0.0,0.0,0.0,2,118,1062,ok,optimal,0.0,standard_primal_shadow_dual
7,February,26,0.0,0.0,0.0,4,122,1098,ok,optimal,0.0,standard_primal_shadow_dual
7,February,27,0.0,0.0,0.0,3,120,1080,ok,optimal,0.0,standard_primal_shadow_dual
7,February,28,0.0,0.0,0.0,8,122,1098,ok,optimal,0.0,standard_primal_shadow_dual
7,February,29,0.0,0.0,0.0,2,124,1116,ok,optimal,0.0,standard_primal_shadow_dual
7,February,30,0.0,0.0,0.0,5,122,1098,ok,optimal,0.0,standard_primal_shadow_dual
7,February,31,0.0,0.0,0.0,2,126,1134,ok,optimal,0.0,standard_primal_shadow_dual
7,February,32,0.0,0.0,0.0,0,0,0,ok,empty_zero_redirection,,
7,February,33,0.0,0.0,0.0,6,124,1116,ok,optimal,0.0,standard_primal_shadow_dual
7,February,34,0.0,0.0,0.0,4,128,1152,ok,optimal,0.0,standard_primal_shadow_dual
7,February,35,0.0,0.0,0.0,3,124,1116,ok,optimal,0.0,standard_primal_shadow_dual
7,February,36,0.0,0.0,0.0,1,120,1080,ok,optimal,0.0,standard_primal_shadow_dual
7,February,37,0.0,0.0,0.0,0,0,0,ok,empty_zero_redirection,,
7,February,38,0.0,0.0,0.0,1,112,1008,ok,optimal,0.0,standard_primal_shadow_dual
7,February,39,0.0,0.0,0.0,1,106,954,ok,optimal,0.0,standard_primal_shadow_dual
7,February,40,0.0,0.0,0.0,0,0,0,ok,empty_zero_redirection,,
7,February,41,0.0,0.0,0.0,0,0,0,ok,empty_zero_redirection,,
7,February,42,0.0,0.0,0.0,0,0,0,ok,empty_zero_redirection,,
7,February,43,0.0,0.0,0.0,0,0,0,ok,empty_zero_redirection,,
7,February,44,0.0,0.0,0.0,0,0,0,ok,empty_zero_redirection,,
7,February,45,0.0,0.0,0.0,0,0,0,ok,empty_zero_redirection,,
7,February,46,0.0,0.0,0.0,0,0,0,ok,empty_zero_redirection,,
7,February,47,0.0,0.0,0.0,0,0,0,ok,empty_zero_redirection,,
7,February,48,0.0,0.0,0.0,0,0,0,ok,empty_zero_redirection,,
7,March,1,0.0,0.0,0.0,0,0,0,ok,empty_zero_redirection,,
7,March,2,0.0,0.0,0.0,1,90,810,ok,optimal,0.0,standard_primal_shadow_dual
7,March,3,0.0,0.0,0.0,3,92,828,ok,optimal,0.0,standard_primal_shadow_dual
7,March,4,0.0,0.0,0.0,1,90,810,ok,optimal,0.0,standard_primal_shadow_dual
7,March,5,0.0,0.0,0.0,0,0,0,ok,empty_zero_redirection,,
7,March,6,0.0,0.0,0.0,0,0,0,ok,empty_zero_redirection,,
7,March,7,0.0,0.0,0.0,0,0,0,ok,empty_zero_redirection,,
7,March,8,0.0,0.0,0.0,0,0,0,ok,empty_zero_redirection,,
7,March,9,0.0,0.0,0.0,0,0,0,ok,empty_zero_redirection,,
7,March,10,0.0,0.0,0.0,0,0,0,ok,empty_zero_redirection,,
7,March,11,0.0,0.0,0.0,0,0,0,ok,empty_zero_redirection,,
7,March,12,0.0,0.0,0.0,0,0,0,ok,empty_zero_redirection,,
7,March,13,0.0,0.0,0.0,0,0,0,ok,empty_zero_redirection,,
7,March,14,0.0,0.0,0.0,1,126,1134,ok,optimal,0.0,standard_primal_shadow_dual
7,March,15,0.0,0.0,0.0,3,126,1134,ok,optimal,0.0,standard_primal_shadow_dual
7,March,16,0.0,0.0,0.0,8,130,1170,ok,optimal,0.0,standard_primal_shadow_dual
7,March,17,0.0,0.0,0.0,13,130,1170,ok,optimal,0.0,standard_primal_shadow_dual
7,March,18,0.0,0.0,0.0,8,130,1170,ok,optimal,0.0,standard_primal_shadow_dual
7,March,19,5.579871380141172,0.0,5.579871380141172,4,130,1170,ok,optimal,5.579871380141172,standard_primal_shadow_dual
7,March,20,0.0,0.0,0.0,6,130,1170,ok,optimal,0.0,standard_primal_shadow_dual
7,March,21,0.0,0.0,0.0,2,130,1170,ok,optimal,0.0,standard_primal_shadow_dual
7,March,22,0.0,0.0,0.0,1,128,1152,ok,optimal,0.0,standard_primal_shadow_dual
7,March,23,0.0,0.0,0.0,7,126,1134,ok,optimal,0.0,standard_primal_shadow_dual
7,March,24,0.0,0.0,0.0,5,126,1134,ok,optimal,0.0,standard_primal_shadow_dual
7,March,25,0.0,0.0,0.0,2,118,1062,ok,optimal,0.0,standard_primal_shadow_dual
7,March,26,0.0,0.0,0.0,3,122,1098,ok,optimal,0.0,standard_primal_shadow_dual
7,March,27,0.0,0.0,0.0,3,120,1080,ok,optimal,0.0,standard_primal_shadow_dual
7,March,28,0.0,0.0,0.0,6,122,1098,ok,optimal,0.0,standard_primal_shadow_dual
7,March,29,0.0,0.0,0.0,3,124,1116,ok,optimal,0.0,standard_primal_shadow_dual
7,March,30,0.0,0.0,0.0,5,122,1098,ok,optimal,0.0,standard_primal_shadow_dual
7,March,31,0.0,0.0,0.0,3,126,1134,ok,optimal,0.0,standard_primal_shadow_dual
7,March,32,0.0,0.0,0.0,0,0,0,ok,empty_zero_redirection,,
7,March,33,0.0,0.0,0.0,6,124,1116,ok,optimal,0.0,standard_primal_shadow_dual
7,March,34,0.0,0.0,0.0,7,128,1152,ok,optimal,0.0,standard_primal_shadow_dual
7,March,35,0.0,0.0,0.0,3,124,1116,ok,optimal,0.0,standard_primal_shadow_dual
7,March,36,0.0,0.0,0.0,1,120,1080,ok,optimal,0.0,standard_primal_shadow_dual
7,March,37,0.0,0.0,0.0,1,108,972,ok,optimal,0.0,standard_primal_shadow_dual
7,March,38,0.0,0.0,0.0,3,112,1008,ok,optimal,0.0,standard_primal_shadow_dual
7,March,39,0.0,0.0,0.0,1,106,954,ok,optimal,0.0,standard_primal_shadow_dual
7,March,40,0.0,0.0,0.0,0,0,0,ok,empty_zero_redirection,,
7,March,41,0.0,0.0,0.0,0,0,0,ok,empty_zero_redirection,,
7,March,42,0.0,0.0,0.0,0,0,0,ok,empty_zero_redirection,,
7,March,43,0.0,0.0,0.0,0,0,0,ok,empty_zero_redirection,,
7,March,44,0.0,0.0,0.0,0,0,0,ok,empty_zero_redirection,,
7,March,45,0.0,0.0,0.0,0,0,0,ok,empty_zero_redirection,,
7,March,46,0.0,0.0,0.0,0,0,0,ok,empty_zero_redirection,,
7,March,47,0.0,0.0,0.0,0,0,0,ok,empty_zero_redirection,,
7,March,48,0.0,0.0,0.0,0,0,0,ok,empty_zero_redirection,,
7,April,1,0.0,0.0,0.0,0,0,0,ok,empty_zero_redirection,,
7,April,2,0.0,0.0,0.0,1,90,810,ok,optimal,0.0,standard_primal_shadow_dual
7,April,3,0.0,0.0,0.0,3,92,828,ok,optimal,0.0,standard_primal_shadow_dual
7,April,4,0.0,0.0,0.0,1,90,810,ok,optimal,0.0,standard_primal_shadow_dual
7,April,5,0.0,0.0,0.0,0,0,0,ok,empty_zero_redirection,,
7,April,6,0.0,0.0,0.0,0,0,0,ok,empty_zero_redirection,,
7,April,7,0.0,0.0,0.0,0,0,0,ok,empty_zero_redirection,,
7,April,8,0.0,0.0,0.0,0,0,0,ok,empty_zero_redirection,,
7,April,9,0.0,0.0,0.0,0,0,0,ok,empty_zero_redirection,,
7,April,10,0.0,0.0,0.0,0,0,0,ok,empty_zero_redirection,,
7,April,11,0.0,0.0,0.0,1,80,720,ok,optimal,0.0,standard_primal_shadow_dual
7,April,12,0.0,0.0,0.0,0,0,0,ok,empty_zero_redirection,,
7,April,13,0.0,0.0,0.0,2,118,1062,ok,optimal,0.0,standard_primal_shadow_dual
7,April,14,0.0,0.0,0.0,1,126,1134,ok,optimal,0.0,standard_primal_shadow_dual
7,April,15,0.0,0.0,0.0,3,126,1134,ok,optimal,0.0,standard_primal_shadow_dual
7,April,16,0.0,0.0,0.0,8,130,1170,ok,optimal,0.0,standard_primal_shadow_dual
7,April,17,1039.737657248309,0.0,1039.737657248309,14,130,1170,ok,optimal,1039.737657248309,standard_primal_shadow_dual
7,April,18,0.0,0.0,0.0,11,130,1170,ok,optimal,0.0,standard_primal_shadow_dual
7,April,19,0.0,0.0,0.0,9,130,1170,ok,optimal,0.0,standard_primal_shadow_dual
7,April,20,0.0,0.0,0.0,9,130,1170,ok,optimal,0.0,standard_primal_shadow_dual
7,April,21,0.0,0.0,0.0,10,130,1170,ok,optimal,0.0,standard_primal_shadow_dual
7,April,22,0.0,0.0,0.0,7,128,1152,ok,optimal,0.0,standard_primal_shadow_dual
7,April,23,1233.879887173916,0.0,1233.879887173916,8,126,1134,ok,optimal,1233.879887173916,standard_primal_shadow_dual
7,April,24,21.561968235960478,0.0,21.561968235960478,8,126,1134,ok,optimal,21.561968235960478,standard_primal_shadow_dual
7,April,25,0.0,0.0,0.0,7,118,1062,ok,optimal,0.0,standard_primal_shadow_dual
7,April,26,0.0,0.0,0.0,7,122,1098,ok,optimal,0.0,standard_primal_shadow_dual
7,April,27,0.0,0.0,0.0,7,120,1080,ok,optimal,0.0,standard_primal_shadow_dual
7,April,28,0.0,0.0,0.0,11,122,1098,ok,optimal,0.0,standard_primal_shadow_dual
7,April,29,0.0,0.0,0.0,10,124,1116,ok,optimal,0.0,standard_primal_shadow_dual
7,April,30,0.0,0.0,0.0,10,122,1098,ok,optimal,0.0,standard_primal_shadow_dual
7,April,31,0.0,0.0,0.0,8,126,1134,ok,optimal,0.0,standard_primal_shadow_dual
7,April,32,0.0,0.0,0.0,7,126,1134,ok,optimal,0.0,standard_primal_shadow_dual
7,April,33,0.0,0.0,0.0,6,124,1116,ok,optimal,0.0,standard_primal_shadow_dual
7,April,34,0.0,0.0,0.0,10,128,1152,ok,optimal,0.0,standard_primal_shadow_dual
7,April,35,0.0,0.0,0.0,6,124,1116,ok,optimal,0.0,standard_primal_shadow_dual
7,April,36,0.0,0.0,0.0,4,120,1080,ok,optimal,0.0,standard_primal_shadow_dual
7,April,37,0.0,0.0,0.0,2,108,972,ok,optimal,0.0,standard_primal_shadow_dual
7,April,38,0.0,0.0,0.0,3,112,1008,ok,optimal,0.0,standard_primal_shadow_dual
7,April,39,0.0,0.0,0.0,1,106,954,ok,optimal,0.0,standard_primal_shadow_dual
7,April,40,0.0,0.0,0.0,0,0,0,ok,empty_zero_redirection,,
7,April,41,0.0,0.0,0.0,0,0,0,ok,empty_zero_redirection,,
7,April,42,0.0,0.0,0.0,0,0,0,ok,empty_zero_redirection,,
7,April,43,0.0,0.0,0.0,0,0,0,ok,empty_zero_redirection,,
7,April,44,0.0,0.0,0.0,0,0,0,ok,empty_zero_redirection,,
7,April,45,0.0,0.0,0.0,0,0,0,ok,empty_zero_redirection,,
7,April,46,0.0,0.0,0.0,0,0,0,ok,empty_zero_redirection,,
7,April,47,0.0,0.0,0.0,0,0,0,ok,empty_zero_redirection,,
7,April,48,0.0,0.0,0.0,0,0,0,ok,empty_zero_redirection,,
7,May,1,0.0,0.0,0.0,0,0,0,ok,empty_zero_redirection,,
7,May,2,0.0,0.0,0.0,1,90,810,ok,optimal,0.0,standard_primal_shadow_dual
7,May,3,0.0,0.0,0.0,3,92,828,ok,optimal,0.0,standard_primal_shadow_dual
7,May,4,0.0,0.0,0.0,1,90,810,ok,optimal,0.0,standard_primal_shadow_dual
7,May,5,0.0,0.0,0.0,0,0,0,ok,empty_zero_redirection,,
7,May,6,0.0,0.0,0.0,0,0,0,ok,empty_zero_redirection,,
7,May,7,0.0,0.0,0.0,0,0,0,ok,empty_zero_redirection,,
7,May,8,0.0,0.0,0.0,0,0,0,ok,empty_zero_redirection,,
7,May,9,0.0,0.0,0.0,0,0,0,ok,empty_zero_redirection,,
7,May,10,0.0,0.0,0.0,0,0,0,ok,empty_zero_redirection,,
7,May,11,0.0,0.0,0.0,1,80,720,ok,optimal,0.0,standard_primal_shadow_dual
7,May,12,0.0,0.0,0.0,1,96,864,ok,optimal,0.0,standard_primal_shadow_dual
7,May,13,0.0,0.0,0.0,1,118,1062,ok,optimal,0.0,standard_primal_shadow_dual
7,May,14,0.0,0.0,0.0,1,126,1134,ok,optimal,0.0,standard_primal_shadow_dual
7,May,15,0.0,0.0,0.0,7,126,1134,ok,optimal,0.0,standard_primal_shadow_dual
7,May,16,0.0,0.0,0.0,11,130,1170,ok,optimal,0.0,standard_primal_shadow_dual
7,May,17,0.0,0.0,0.0,13,130,1170,ok,optimal,0.0,standard_primal_shadow_dual
7,May,18,192.7704569345949,0.0,192.7704569345949,14,130,1170,ok,optimal,192.7704569345949,standard_primal_shadow_dual
7,May,19,0.0,0.0,0.0,13,130,1170,ok,optimal,0.0,standard_primal_shadow_dual
7,May,20,0.0,0.0,0.0,15,130,1170,ok,optimal,0.0,standard_primal_shadow_dual
7,May,21,0.0,0.0,0.0,9,130,1170,ok,optimal,0.0,standard_primal_shadow_dual
7,May,22,0.0,0.0,0.0,6,128,1152,ok,optimal,0.0,standard_primal_shadow_dual
7,May,23,0.0,0.0,0.0,6,126,1134,ok,optimal,0.0,standard_primal_shadow_dual
7,May,24,0.0,0.0,0.0,6,126,1134,ok,optimal,0.0,standard_primal_shadow_dual
7,May,25,0.0,0.0,0.0,5,118,1062,ok,optimal,0.0,standard_primal_shadow_dual
7,May,26,0.0,0.0,0.0,5,122,1098,ok,optimal,0.0,standard_primal_shadow_dual
7,May,27,0.0,0.0,0.0,4,120,1080,ok,optimal,0.0,standard_primal_shadow_dual
7,May,28,0.0,0.0,0.0,8,122,1098,ok,optimal,0.0,standard_primal_shadow_dual
7,May,29,0.0,0.0,0.0,8,124,1116,ok,optimal,0.0,standard_primal_shadow_dual
7,May,30,0.0,0.0,0.0,7,122,1098,ok,optimal,0.0,standard_primal_shadow_dual
7,May,31,0.0,0.0,0.0,7,126,1134,ok,optimal,0.0,standard_primal_shadow_dual
7,May,32,0.0,0.0,0.0,8,126,1134,ok,optimal,0.0,standard_primal_shadow_dual
7,May,33,0.0,0.0,0.0,6,124,1116,ok,optimal,0.0,standard_primal_shadow_dual
7,May,34,0.0,0.0,0.0,9,128,1152,ok,optimal,0.0,standard_primal_shadow_dual
7,May,35,0.0,0.0,0.0,6,124,1116,ok,optimal,0.0,standard_primal_shadow_dual
7,May,36,0.0,0.0,0.0,4,120,1080,ok,optimal,0.0,standard_primal_shadow_dual
7,May,37,0.0,0.0,0.0,4,108,972,ok,optimal,0.0,standard_primal_shadow_dual
7,May,38,0.0,0.0,0.0,4,112,1008,ok,optimal,0.0,standard_primal_shadow_dual
7,May,39,0.0,0.0,0.0,1,106,954,ok,optimal,0.0,standard_primal_shadow_dual
7,May,40,0.0,0.0,0.0,0,0,0,ok,empty_zero_redirection,,
7,May,41,0.0,0.0,0.0,0,0,0,ok,empty_zero_redirection,,
7,May,42,0.0,0.0,0.0,0,0,0,ok,empty_zero_redirection,,
7,May,43,0.0,0.0,0.0,0,0,0,ok,empty_zero_redirection,,
7,May,44,0.0,0.0,0.0,0,0,0,ok,empty_zero_redirection,,
7,May,45,0.0,0.0,0.0,0,0,0,ok,empty_zero_redirection,,
7,May,46,0.0,0.0,0.0,0,0,0,ok,empty_zero_redirection,,
7,May,47,0.0,0.0,0.0,0,0,0,ok,empty_zero_redirection,,
7,May,48,0.0,0.0,0.0,0,0,0,ok,empty_zero_redirection,,
7,June,1,0.0,0.0,0.0,0,0,0,ok,empty_zero_redirection,,
7,June,2,0.0,0.0,0.0,1,90,810,ok,optimal,0.0,standard_primal_shadow_dual
7,June,3,0.0,0.0,0.0,3,92,828,ok,optimal,0.0,standard_primal_shadow_dual
7,June,4,0.0,0.0,0.0,1,90,810,ok,optimal,0.0,standard_primal_shadow_dual
7,June,5,0.0,0.0,0.0,0,0,0,ok,empty_zero_redirection,,
7,June,6,0.0,0.0,0.0,0,0,0,ok,empty_zero_redirection,,
7,June,7,0.0,0.0,0.0,5,24,216,ok,optimal,0.0,standard_primal_shadow_dual
7,June,8,3.9533975744885095,0.0,3.9533975744885095,5,20,180,ok,optimal,3.9533975744885095,standard_primal_shadow_dual
7,June,9,12.264771438679228,0.0,12.264771438679228,4,32,288,ok,optimal,12.264771438679228,standard_primal_shadow_dual
7,June,10,0.0,0.0,0.0,4,32,288,ok,optimal,0.0,standard_primal_shadow_dual
7,June,11,0.0,0.0,0.0,5,80,720,ok,optimal,0.0,standard_primal_shadow_dual
7,June,12,0.0,0.0,0.0,2,96,864,ok,optimal,0.0,standard_primal_shadow_dual
7,June,13,0.0,0.0,0.0,4,118,1062,ok,optimal,0.0,standard_primal_shadow_dual
7,June,14,0.0,0.0,0.0,3,126,1134,ok,optimal,0.0,standard_primal_shadow_dual
7,June,15,0.0,0.0,0.0,4,126,1134,ok,optimal,0.0,standard_primal_shadow_dual
7,June,16,0.0,0.0,0.0,9,130,1170,ok,optimal,0.0,standard_primal_shadow_dual
7,June,17,0.0,0.0,0.0,15,130,1170,ok,optimal,0.0,standard_primal_shadow_dual
7,June,18,108.19992853807847,0.0,108.19992853807847,9,130,1170,ok,optimal,108.19992853807847,standard_primal_shadow_dual
7,June,19,0.0,0.0,0.0,11,130,1170,ok,optimal,0.0,standard_primal_shadow_dual
7,June,20,0.0,0.0,0.0,10,130,1170,ok,optimal,0.0,standard_primal_shadow_dual
7,June,21,0.0,0.0,0.0,11,130,1170,ok,optimal,0.0,standard_primal_shadow_dual
7,June,22,0.0,0.0,0.0,8,128,1152,ok,optimal,0.0,standard_primal_shadow_dual
7,June,23,0.0,0.0,0.0,12,126,1134,ok,optimal,0.0,standard_primal_shadow_dual
7,June,24,0.0,0.0,0.0,11,126,1134,ok,optimal,0.0,standard_primal_shadow_dual
7,June,25,0.0,0.0,0.0,10,118,1062,ok,optimal,0.0,standard_primal_shadow_dual
7,June,26,0.0,0.0,0.0,9,122,1098,ok,optimal,0.0,standard_primal_shadow_dual
7,June,27,0.0,0.0,0.0,10,120,1080,ok,optimal,0.0,standard_primal_shadow_dual
7,June,28,24.253941312499787,0.0,24.253941312499787,11,122,1098,ok,optimal,24.253941312499787,standard_primal_shadow_dual
7,June,29,0.0,0.0,0.0,11,124,1116,ok,optimal,0.0,standard_primal_shadow_dual
7,June,30,390.0671125954378,0.0,390.0671125954378,13,122,1098,ok,optimal,390.0671125954378,standard_primal_shadow_dual
7,June,31,0.0,0.0,0.0,10,126,1134,ok,optimal,0.0,standard_primal_shadow_dual
7,June,32,0.0,0.0,0.0,12,126,1134,ok,optimal,0.0,standard_primal_shadow_dual
7,June,33,0.0,0.0,0.0,8,124,1116,ok,optimal,0.0,standard_primal_shadow_dual
7,June,34,0.0,0.0,0.0,9,128,1152,ok,optimal,0.0,standard_primal_shadow_dual
7,June,35,0.0,0.0,0.0,5,124,1116,ok,optimal,0.0,standard_primal_shadow_dual
7,June,36,62.04399067132392,0.0,62.04399067132392,5,120,1080,ok,optimal,62.04399067132392,standard_primal_shadow_dual
7,June,37,0.0,0.0,0.0,3,108,972,ok,optimal,0.0,standard_primal_shadow_dual
7,June,38,0.0,0.0,0.0,3,112,1008,ok,optimal,0.0,standard_primal_shadow_dual
7,June,39,0.0,0.0,0.0,1,106,954,ok,optimal,0.0,standard_primal_shadow_dual
7,June,40,0.0,0.0,0.0,0,0,0,ok,empty_zero_redirection,,
7,June,41,0.0,0.0,0.0,0,0,0,ok,empty_zero_redirection,,
7,June,42,0.0,0.0,0.0,0,0,0,ok,empty_zero_redirection,,
7,June,43,0.0,0.0,0.0,0,0,0,ok,empty_zero_redirection,,
7,June,44,0.0,0.0,0.0,0,0,0,ok,empty_zero_redirection,,
7,June,45,0.0,0.0,0.0,0,0,0,ok,empty_zero_redirection,,
7,June,46,0.0,0.0,0.0,0,0,0,ok,empty_zero_redirection,,
7,June,47,0.0,0.0,0.0,0,0,0,ok,empty_zero_redirection,,
7,June,48,0.0,0.0,0.0,0,0,0,ok,empty_zero_redirection,,
7,July,1,0.0,0.0,0.0,0,0,0,ok,empty_zero_redirection,,
7,July,2,0.0,0.0,0.0,1,90,810,ok,optimal,0.0,standard_primal_shadow_dual
7,July,3,0.0,0.0,0.0,3,92,828,ok,optimal,0.0,standard_primal_shadow_dual
7,July,4,0.0,0.0,0.0,1,90,810,ok,optimal,0.0,standard_primal_shadow_dual
7,July,5,0.0,0.0,0.0,0,0,0,ok,empty_zero_redirection,,
7,July,6,0.0,0.0,0.0,0,0,0,ok,empty_zero_redirection,,
7,July,7,0.0,0.0,0.0,0,0,0,ok,empty_zero_redirection,,
7,July,8,0.0,0.0,0.0,0,0,0,ok,empty_zero_redirection,,
7,July,9,0.0,0.0,0.0,0,0,0,ok,empty_zero_redirection,,
7,July,10,0.0,0.0,0.0,0,0,0,ok,empty_zero_redirection,,
7,July,11,0.0,0.0,0.0,1,80,720,ok,optimal,0.0,standard_primal_shadow_dual
7,July,12,0.0,0.0,0.0,0,0,0,ok,empty_zero_redirection,,
7,July,13,0.0,0.0,0.0,1,118,1062,ok,optimal,0.0,standard_primal_shadow_dual
7,July,14,0.0,0.0,0.0,1,126,1134,ok,optimal,0.0,standard_primal_shadow_dual
7,July,15,0.0,0.0,0.0,1,126,1134,ok,optimal,0.0,standard_primal_shadow_dual
7,July,16,0.0,0.0,0.0,7,130,1170,ok,optimal,0.0,standard_primal_shadow_dual
7,July,17,274.5167006484752,0.0,274.5167006484752,13,130,1170,ok,optimal,274.5167006484752,standard_primal_shadow_dual
7,July,18,0.0,0.0,0.0,7,130,1170,ok,optimal,0.0,standard_primal_shadow_dual
7,July,19,0.0,0.0,0.0,6,130,1170,ok,optimal,0.0,standard_primal_shadow_dual
7,July,20,0.0,0.0,0.0,7,130,1170,ok,optimal,0.0,standard_primal_shadow_dual
7,July,21,0.0,0.0,0.0,2,130,1170,ok,optimal,0.0,standard_primal_shadow_dual
7,July,22,0.0,0.0,0.0,2,128,1152,ok,optimal,0.0,standard_primal_shadow_dual
7,July,23,0.0,0.0,0.0,8,126,1134,ok,optimal,0.0,standard_primal_shadow_dual
7,July,24,0.0,0.0,0.0,5,126,1134,ok,optimal,0.0,standard_primal_shadow_dual
7,July,25,0.0,0.0,0.0,3,118,1062,ok,optimal,0.0,standard_primal_shadow_dual
7,July,26,0.0,0.0,0.0,4,122,1098,ok,optimal,0.0,standard_primal_shadow_dual
7,July,27,0.0,0.0,0.0,4,120,1080,ok,optimal,0.0,standard_primal_shadow_dual
7,July,28,0.0,0.0,0.0,6,122,1098,ok,optimal,0.0,standard_primal_shadow_dual
7,July,29,0.0,0.0,0.0,3,124,1116,ok,optimal,0.0,standard_primal_shadow_dual
7,July,30,0.0,0.0,0.0,6,122,1098,ok,optimal,0.0,standard_primal_shadow_dual
7,July,31,0.0,0.0,0.0,4,126,1134,ok,optimal,0.0,standard_primal_shadow_dual
7,July,32,0.0,0.0,0.0,1,126,1134,ok,optimal,0.0,standard_primal_shadow_dual
7,July,33,0.0,0.0,0.0,6,124,1116,ok,optimal,0.0,standard_primal_shadow_dual
7,July,34,0.0,0.0,0.0,7,128,1152,ok,optimal,0.0,standard_primal_shadow_dual
7,July,35,0.0,0.0,0.0,6,124,1116,ok,optimal,0.0,standard_primal_shadow_dual
7,July,36,0.0,0.0,0.0,3,120,1080,ok,optimal,0.0,standard_primal_shadow_dual
7,July,37,0.0,0.0,0.0,2,108,972,ok,optimal,0.0,standard_primal_shadow_dual
7,July,38,0.0,0.0,0.0,3,112,1008,ok,optimal,0.0,standard_primal_shadow_dual
7,July,39,0.0,0.0,0.0,1,106,954,ok,optimal,0.0,standard_primal_shadow_dual
7,July,40,0.0,0.0,0.0,0,0,0,ok,empty_zero_redirection,,
7,July,41,0.0,0.0,0.0,0,0,0,ok,empty_zero_redirection,,
7,July,42,0.0,0.0,0.0,0,0,0,ok,empty_zero_redirection,,
7,July,43,0.0,0.0,0.0,0,0,0,ok,empty_zero_redirection,,
7,July,44,0.0,0.0,0.0,0,0,0,ok,empty_zero_redirection,,
7,July,45,0.0,0.0,0.0,0,0,0,ok,empty_zero_redirection,,
7,July,46,0.0,0.0,0.0,0,0,0,ok,empty_zero_redirection,,
7,July,47,0.0,0.0,0.0,0,0,0,ok,empty_zero_redirection,,
7,July,48,0.0,0.0,0.0,0,0,0,ok,empty_zero_redirection,,
7,August,1,0.0,0.0,0.0,0,0,0,ok,empty_zero_redirection,,
7,August,2,0.0,0.0,0.0,1,90,810,ok,optimal,0.0,standard_primal_shadow_dual
7,August,3,0.0,0.0,0.0,3,92,828,ok,optimal,0.0,standard_primal_shadow_dual
7,August,4,0.0,0.0,0.0,1,90,810,ok,optimal,0.0,standard_primal_shadow_dual
7,August,5,0.0,0.0,0.0,0,0,0,ok,empty_zero_redirection,,
7,August,6,0.0,0.0,0.0,0,0,0,ok,empty_zero_redirection,,
7,August,7,0.0,0.0,0.0,0,0,0,ok,empty_zero_redirection,,
7,August,8,0.0,0.0,0.0,0,0,0,ok,empty_zero_redirection,,
7,August,9,0.0,0.0,0.0,0,0,0,ok,empty_zero_redirection,,
7,August,10,0.0,0.0,0.0,0,0,0,ok,empty_zero_redirection,,
7,August,11,0.0,0.0,0.0,1,80,720,ok,optimal,0.0,standard_primal_shadow_dual
7,August,12,0.0,0.0,0.0,0,0,0,ok,empty_zero_redirection,,
7,August,13,0.0,0.0,0.0,0,0,0,ok,empty_zero_redirection,,
7,August,14,0.0,0.0,0.0,1,126,1134,ok,optimal,0.0,standard_primal_shadow_dual
7,August,15,0.0,0.0,0.0,1,126,1134,ok,optimal,0.0,standard_primal_shadow_dual
7,August,16,0.0,0.0,0.0,7,130,1170,ok,optimal,0.0,standard_primal_shadow_dual
7,August,17,0.0,0.0,0.0,12,130,1170,ok,optimal,0.0,standard_primal_shadow_dual
7,August,18,111.80659282268108,0.0,111.80659282268108,7,130,1170,ok,optimal,111.80659282268108,standard_primal_shadow_dual
7,August,19,0.0,0.0,0.0,3,130,1170,ok,optimal,0.0,standard_primal_shadow_dual
7,August,20,0.0,0.0,0.0,4,130,1170,ok,optimal,0.0,standard_primal_shadow_dual
7,August,21,0.0,0.0,0.0,2,130,1170,ok,optimal,0.0,standard_primal_shadow_dual
7,August,22,0.0,0.0,0.0,1,128,1152,ok,optimal,0.0,standard_primal_shadow_dual
7,August,23,0.0,0.0,0.0,6,126,1134,ok,optimal,0.0,standard_primal_shadow_dual
7,August,24,0.0,0.0,0.0,5,126,1134,ok,optimal,0.0,standard_primal_shadow_dual
7,August,25,0.0,0.0,0.0,5,118,1062,ok,optimal,0.0,standard_primal_shadow_dual
7,August,26,0.0,0.0,0.0,3,122,1098,ok,optimal,0.0,standard_primal_shadow_dual
7,August,27,0.0,0.0,0.0,3,120,1080,ok,optimal,0.0,standard_primal_shadow_dual
7,August,28,0.0,0.0,0.0,8,122,1098,ok,optimal,0.0,standard_primal_shadow_dual
7,August,29,0.0,0.0,0.0,4,124,1116,ok,optimal,0.0,standard_primal_shadow_dual
7,August,30,0.0,0.0,0.0,8,122,1098,ok,optimal,0.0,standard_primal_shadow_dual
7,August,31,0.0,0.0,0.0,5,126,1134,ok,optimal,0.0,standard_primal_shadow_dual
7,August,32,0.0,0.0,0.0,1,126,1134,ok,optimal,0.0,standard_primal_shadow_dual
7,August,33,0.0,0.0,0.0,6,124,1116,ok,optimal,0.0,standard_primal_shadow_dual
7,August,34,0.0,0.0,0.0,9,128,1152,ok,optimal,0.0,standard_primal_shadow_dual
7,August,35,0.0,0.0,0.0,5,124,1116,ok,optimal,0.0,standard_primal_shadow_dual
7,August,36,0.0,0.0,0.0,2,120,1080,ok,optimal,0.0,standard_primal_shadow_dual
7,August,37,0.0,0.0,0.0,0,0,0,ok,empty_zero_redirection,,
7,August,38,0.0,0.0,0.0,1,112,1008,ok,optimal,0.0,standard_primal_shadow_dual
7,August,39,0.0,0.0,0.0,1,106,954,ok,optimal,0.0,standard_primal_shadow_dual
7,August,40,0.0,0.0,0.0,0,0,0,ok,empty_zero_redirection,,
7,August,41,0.0,0.0,0.0,0,0,0,ok,empty_zero_redirection,,
7,August,42,0.0,0.0,0.0,0,0,0,ok,empty_zero_redirection,,
7,August,43,0.0,0.0,0.0,0,0,0,ok,empty_zero_redirection,,
7,August,44,0.0,0.0,0.0,0,0,0,ok,empty_zero_redirection,,
7,August,45,0.0,0.0,0.0,0,0,0,ok,empty_zero_redirection,,
7,August,46,0.0,0.0,0.0,0,0,0,ok,empty_zero_redirection,,
7,August,47,0.0,0.0,0.0,0,0,0,ok,empty_zero_redirection,,
7,August,48,0.0,0.0,0.0,0,0,0,ok,empty_zero_redirection,,
7,September,1,0.0,0.0,0.0,0,0,0,ok,empty_zero_redirection,,
7,September,2,0.0,0.0,0.0,1,90,810,ok,optimal,0.0,standard_primal_shadow_dual
7,September,3,0.0,0.0,0.0,3,92,828,ok,optimal,0.0,standard_primal_shadow_dual
7,September,4,0.0,0.0,0.0,1,90,810,ok,optimal,0.0,standard_primal_shadow_dual
7,September,5,0.0,0.0,0.0,0,0,0,ok,empty_zero_redirection,,
7,September,6,0.0,0.0,0.0,0,0,0,ok,empty_zero_redirection,,
7,September,7,0.0,0.0,0.0,0,0,0,ok,empty_zero_redirection,,
7,September,8,0.0,0.0,0.0,0,0,0,ok,empty_zero_redirection,,
7,September,9,0.0,0.0,0.0,0,0,0,ok,empty_zero_redirection,,
7,September,10,0.0,0.0,0.0,0,0,0,ok,empty_zero_redirection,,
7,September,11,0.0,0.0,0.0,1,80,720,ok,optimal,0.0,standard_primal_shadow_dual
7,September,12,0.0,0.0,0.0,0,0,0,ok,empty_zero_redirection,,
7,September,13,0.0,0.0,0.0,0,0,0,ok,empty_zero_redirection,,
7,September,14,0.0,0.0,0.0,1,126,1134,ok,optimal,0.0,standard_primal_shadow_dual
7,September,15,0.0,0.0,0.0,2,126,1134,ok,optimal,0.0,standard_primal_shadow_dual
7,September,16,0.0,0.0,0.0,7,130,1170,ok,optimal,0.0,standard_primal_shadow_dual
7,September,17,0.0,0.0,0.0,14,130,1170,ok,optimal,0.0,standard_primal_shadow_dual
7,September,18,0.0,0.0,0.0,7,130,1170,ok,optimal,0.0,standard_primal_shadow_dual
7,September,19,0.0,0.0,0.0,6,130,1170,ok,optimal,0.0,standard_primal_shadow_dual
7,September,20,0.0,0.0,0.0,4,130,1170,ok,optimal,0.0,standard_primal_shadow_dual
7,September,21,0.0,0.0,0.0,2,130,1170,ok,optimal,0.0,standard_primal_shadow_dual
7,September,22,0.0,0.0,0.0,1,128,1152,ok,optimal,0.0,standard_primal_shadow_dual
7,September,23,0.0,0.0,0.0,6,126,1134,ok,optimal,0.0,standard_primal_shadow_dual
7,September,24,0.0,0.0,0.0,5,126,1134,ok,optimal,0.0,standard_primal_shadow_dual
7,September,25,0.0,0.0,0.0,4,118,1062,ok,optimal,0.0,standard_primal_shadow_dual
7,September,26,0.0,0.0,0.0,4,122,1098,ok,optimal,0.0,standard_primal_shadow_dual
7,September,27,0.0,0.0,0.0,4,120,1080,ok,optimal,0.0,standard_primal_shadow_dual
7,September,28,0.0,0.0,0.0,9,122,1098,ok,optimal,0.0,standard_primal_shadow_dual
7,September,29,0.0,0.0,0.0,4,124,1116,ok,optimal,0.0,standard_primal_shadow_dual
7,September,30,0.0,0.0,0.0,8,122,1098,ok,optimal,0.0,standard_primal_shadow_dual
7,September,31,0.0,0.0,0.0,2,126,1134,ok,optimal,0.0,standard_primal_shadow_dual
7,September,32,0.0,0.0,0.0,0,0,0,ok,empty_zero_redirection,,
7,September,33,0.0,0.0,0.0,6,124,1116,ok,optimal,0.0,standard_primal_shadow_dual
7,September,34,0.0,0.0,0.0,5,128,1152,ok,optimal,0.0,standard_primal_shadow_dual
7,September,35,0.0,0.0,0.0,3,124,1116,ok,optimal,0.0,standard_primal_shadow_dual
7,September,36,0.0,0.0,0.0,1,120,1080,ok,optimal,0.0,standard_primal_shadow_dual
7,September,37,0.0,0.0,0.0,0,0,0,ok,empty_zero_redirection,,
7,September,38,0.0,0.0,0.0,1,112,1008,ok,optimal,0.0,standard_primal_shadow_dual
7,September,39,0.0,0.0,0.0,1,106,954,ok,optimal,0.0,standard_primal_shadow_dual
7,September,40,0.0,0.0,0.0,0,0,0,ok,empty_zero_redirection,,
7,September,41,0.0,0.0,0.0,0,0,0,ok,empty_zero_redirection,,
7,September,42,0.0,0.0,0.0,0,0,0,ok,empty_zero_redirection,,
7,September,43,0.0,0.0,0.0,0,0,0,ok,empty_zero_redirection,,
7,September,44,0.0,0.0,0.0,0,0,0,ok,empty_zero_redirection,,
7,September,45,0.0,0.0,0.0,0,0,0,ok,empty_zero_redirection,,
7,September,46,0.0,0.0,0.0,0,0,0,ok,empty_zero_redirection,,
7,September,47,0.0,0.0,0.0,0,0,0,ok,empty_zero_redirection,,
7,September,48,0.0,0.0,0.0,0,0,0,ok,empty_zero_redirection,,
7,October,1,0.0,0.0,0.0,0,0,0,ok,empty_zero_redirection,,
7,October,2,0.0,0.0,0.0,1,90,810,ok,optimal,0.0,standard_primal_shadow_dual
7,October,3,0.0,0.0,0.0,3,92,828,ok,optimal,0.0,standard_primal_shadow_dual
7,October,4,0.0,0.0,0.0,1,90,810,ok,optimal,0.0,standard_primal_shadow_dual
7,October,5,0.0,0.0,0.0,0,0,0,ok,empty_zero_redirection,,
7,October,6,0.0,0.0,0.0,0,0,0,ok,empty_zero_redirection,,
7,October,7,0.0,0.0,0.0,0,0,0,ok,empty_zero_redirection,,
7,October,8,0.0,0.0,0.0,0,0,0,ok,empty_zero_redirection,,
7,October,9,0.0,0.0,0.0,0,0,0,ok,empty_zero_redirection,,
7,October,10,0.0,0.0,0.0,0,0,0,ok,empty_zero_redirection,,
7,October,11,0.0,0.0,0.0,0,0,0,ok,empty_zero_redirection,,
7,October,12,0.0,0.0,0.0,0,0,0,ok,empty_zero_redirection,,
7,October,13,0.0,0.0,0.0,0,0,0,ok,empty_zero_redirection,,
7,October,14,0.0,0.0,0.0,1,126,1134,ok,optimal,0.0,standard_primal_shadow_dual
7,October,15,0.0,0.0,0.0,1,126,1134,ok,optimal,0.0,standard_primal_shadow_dual
7,October,16,0.0,0.0,0.0,7,130,1170,ok,optimal,0.0,standard_primal_shadow_dual
7,October,17,0.0,0.0,0.0,12,130,1170,ok,optimal,0.0,standard_primal_shadow_dual
7,October,18,0.0,0.0,0.0,7,130,1170,ok,optimal,0.0,standard_primal_shadow_dual
7,October,19,0.0,0.0,0.0,3,130,1170,ok,optimal,0.0,standard_primal_shadow_dual
7,October,20,0.0,0.0,0.0,2,130,1170,ok,optimal,0.0,standard_primal_shadow_dual
7,October,21,0.0,0.0,0.0,0,0,0,ok,empty_zero_redirection,,
7,October,22,0.0,0.0,0.0,0,0,0,ok,empty_zero_redirection,,
7,October,23,0.0,0.0,0.0,6,126,1134,ok,optimal,0.0,standard_primal_shadow_dual
7,October,24,0.0,0.0,0.0,4,126,1134,ok,optimal,0.0,standard_primal_shadow_dual
7,October,25,0.0,0.0,0.0,2,118,1062,ok,optimal,0.0,standard_primal_shadow_dual
7,October,26,0.0,0.0,0.0,2,122,1098,ok,optimal,0.0,standard_primal_shadow_dual
7,October,27,0.0,0.0,0.0,3,120,1080,ok,optimal,0.0,standard_primal_shadow_dual
7,October,28,0.0,0.0,0.0,6,122,1098,ok,optimal,0.0,standard_primal_shadow_dual
7,October,29,0.0,0.0,0.0,2,124,1116,ok,optimal,0.0,standard_primal_shadow_dual
7,October,30,0.0,0.0,0.0,5,122,1098,ok,optimal,0.0,standard_primal_shadow_dual
7,October,31,0.0,0.0,0.0,2,126,1134,ok,optimal,0.0,standard_primal_shadow_dual
7,October,32,0.0,0.0,0.0,0,0,0,ok,empty_zero_redirection,,
7,October,33,0.0,0.0,0.0,5,124,1116,ok,optimal,0.0,standard_primal_shadow_dual
7,October,34,0.0,0.0,0.0,4,128,1152,ok,optimal,0.0,standard_primal_shadow_dual
7,October,35,0.0,0.0,0.0,3,124,1116,ok,optimal,0.0,standard_primal_shadow_dual
7,October,36,0.0,0.0,0.0,1,120,1080,ok,optimal,0.0,standard_primal_shadow_dual
7,October,37,0.0,0.0,0.0,0,0,0,ok,empty_zero_redirection,,
7,October,38,0.0,0.0,0.0,1,112,1008,ok,optimal,0.0,standard_primal_shadow_dual
7,October,39,0.0,0.0,0.0,1,106,954,ok,optimal,0.0,standard_primal_shadow_dual
7,October,40,0.0,0.0,0.0,0,0,0,ok,empty_zero_redirection,,
7,October,41,0.0,0.0,0.0,0,0,0,ok,empty_zero_redirection,,
7,October,42,0.0,0.0,0.0,0,0,0,ok,empty_zero_redirection,,
7,October,43,0.0,0.0,0.0,0,0,0,ok,empty_zero_redirection,,
7,October,44,0.0,0.0,0.0,0,0,0,ok,empty_zero_redirection,,
7,October,45,0.0,0.0,0.0,0,0,0,ok,empty_zero_redirection,,
7,October,46,0.0,0.0,0.0,0,0,0,ok,empty_zero_redirection,,
7,October,47,0.0,0.0,0.0,0,0,0,ok,empty_zero_redirection,,
7,October,48,0.0,0.0,0.0,0,0,0,ok,empty_zero_redirection,,
7,November,1,0.0,0.0,0.0,0,0,0,ok,empty_zero_redirection,,
7,November,2,0.0,0.0,0.0,1,90,810,ok,optimal,0.0,standard_primal_shadow_dual
7,November,3,0.0,0.0,0.0,3,92,828,ok,optimal,0.0,standard_primal_shadow_dual
7,November,4,0.0,0.0,0.0,1,90,810,ok,optimal,0.0,standard_primal_shadow_dual
7,November,5,0.0,0.0,0.0,0,0,0,ok,empty_zero_redirection,,
7,November,6,0.0,0.0,0.0,0,0,0,ok,empty_zero_redirection,,
7,November,7,0.0,0.0,0.0,0,0,0,ok,empty_zero_redirection,,
7,November,8,0.0,0.0,0.0,0,0,0,ok,empty_zero_redirection,,
7,November,9,0.0,0.0,0.0,0,0,0,ok,empty_zero_redirection,,
7,November,10,0.0,0.0,0.0,0,0,0,ok,empty_zero_redirection,,
7,November,11,0.0,0.0,0.0,0,0,0,ok,empty_zero_redirection,,
7,November,12,0.0,0.0,0.0,0,0,0,ok,empty_zero_redirection,,
7,November,13,0.0,0.0,0.0,0,0,0,ok,empty_zero_redirection,,
7,November,14,0.0,0.0,0.0,1,126,1134,ok,optimal,0.0,standard_primal_shadow_dual
7,November,15,0.0,0.0,0.0,1,126,1134,ok,optimal,0.0,standard_primal_shadow_dual
7,November,16,0.0,0.0,0.0,7,130,1170,ok,optimal,0.0,standard_primal_shadow_dual
7,November,17,0.0,0.0,0.0,12,130,1170,ok,optimal,0.0,standard_primal_shadow_dual
7,November,18,0.0,0.0,0.0,6,130,1170,ok,optimal,0.0,standard_primal_shadow_dual
7,November,19,0.0,0.0,0.0,3,130,1170,ok,optimal,0.0,standard_primal_shadow_dual
7,November,20,0.0,0.0,0.0,2,130,1170,ok,optimal,0.0,standard_primal_shadow_dual
7,November,21,0.0,0.0,0.0,0,0,0,ok,empty_zero_redirection,,
7,November,22,0.0,0.0,0.0,0,0,0,ok,empty_zero_redirection,,
7,November,23,0.0,0.0,0.0,6,126,1134,ok,optimal,0.0,standard_primal_shadow_dual
7,November,24,0.0,0.0,0.0,4,126,1134,ok,optimal,0.0,standard_primal_shadow_dual
7,November,25,0.0,0.0,0.0,2,118,1062,ok,optimal,0.0,standard_primal_shadow_dual
7,November,26,0.0,0.0,0.0,2,122,1098,ok,optimal,0.0,standard_primal_shadow_dual
7,November,27,0.0,0.0,0.0,3,120,1080,ok,optimal,0.0,standard_primal_shadow_dual
7,November,28,0.0,0.0,0.0,6,122,1098,ok,optimal,0.0,standard_primal_shadow_dual
7,November,29,0.0,0.0,0.0,1,124,1116,ok,optimal,0.0,standard_primal_shadow_dual
7,November,30,0.0,0.0,0.0,4,122,1098,ok,optimal,0.0,standard_primal_shadow_dual
7,November,31,0.0,0.0,0.0,2,126,1134,ok,optimal,0.0,standard_primal_shadow_dual
7,November,32,0.0,0.0,0.0,0,0,0,ok,empty_zero_redirection,,
7,November,33,0.0,0.0,0.0,5,124,1116,ok,optimal,0.0,standard_primal_shadow_dual
7,November,34,0.0,0.0,0.0,4,128,1152,ok,optimal,0.0,standard_primal_shadow_dual
7,November,35,0.0,0.0,0.0,3,124,1116,ok,optimal,0.0,standard_primal_shadow_dual
7,November,36,0.0,0.0,0.0,1,120,1080,ok,optimal,0.0,standard_primal_shadow_dual
7,November,37,0.0,0.0,0.0,0,0,0,ok,empty_zero_redirection,,
7,November,38,0.0,0.0,0.0,1,112,1008,ok,optimal,0.0,standard_primal_shadow_dual
7,November,39,0.0,0.0,0.0,1,106,954,ok,optimal,0.0,standard_primal_shadow_dual
7,November,40,0.0,0.0,0.0,0,0,0,ok,empty_zero_redirection,,
7,November,41,0.0,0.0,0.0,0,0,0,ok,empty_zero_redirection,,
7,November,42,0.0,0.0,0.0,0,0,0,ok,empty_zero_redirection,,
7,November,43,0.0,0.0,0.0,0,0,0,ok,empty_zero_redirection,,
7,November,44,0.0,0.0,0.0,0,0,0,ok,empty_zero_redirection,,
7,November,45,0.0,0.0,0.0,0,0,0,ok,empty_zero_redirection,,
7,November,46,0.0,0.0,0.0,0,0,0,ok,empty_zero_redirection,,
7,November,47,0.0,0.0,0.0,0,0,0,ok,empty_zero_redirection,,
7,November,48,0.0,0.0,0.0,0,0,0,ok,empty_zero_redirection,,
7,December,1,0.0,0.0,0.0,0,0,0,ok,empty_zero_redirection,,
7,December,2,0.0,0.0,0.0,1,90,810,ok,optimal,0.0,standard_primal_shadow_dual
7,December,3,0.0,0.0,0.0,3,92,828,ok,optimal,0.0,standard_primal_shadow_dual
7,December,4,0.0,0.0,0.0,1,90,810,ok,optimal,0.0,standard_primal_shadow_dual
7,December,5,0.0,0.0,0.0,0,0,0,ok,empty_zero_redirection,,
7,December,6,0.0,0.0,0.0,0,0,0,ok,empty_zero_redirection,,
7,December,7,0.0,0.0,0.0,0,0,0,ok,empty_zero_redirection,,
7,December,8,0.0,0.0,0.0,0,0,0,ok,empty_zero_redirection,,
7,December,9,0.0,0.0,0.0,0,0,0,ok,empty_zero_redirection,,
7,December,10,0.0,0.0,0.0,0,0,0,ok,empty_zero_redirection,,
7,December,11,0.0,0.0,0.0,0,0,0,ok,empty_zero_redirection,,
7,December,12,0.0,0.0,0.0,0,0,0,ok,empty_zero_redirection,,
7,December,13,0.0,0.0,0.0,0,0,0,ok,empty_zero_redirection,,
7,December,14,0.0,0.0,0.0,1,126,1134,ok,optimal,0.0,standard_primal_shadow_dual
7,December,15,0.0,0.0,0.0,1,126,1134,ok,optimal,0.0,standard_primal_shadow_dual
7,December,16,0.0,0.0,0.0,7,130,1170,ok,optimal,0.0,standard_primal_shadow_dual
7,December,17,0.0,0.0,0.0,12,130,1170,ok,optimal,0.0,standard_primal_shadow_dual
7,December,18,0.0,0.0,0.0,6,130,1170,ok,optimal,0.0,standard_primal_shadow_dual
7,December,19,0.0,0.0,0.0,3,130,1170,ok,optimal,0.0,standard_primal_shadow_dual
7,December,20,0.0,0.0,0.0,2,130,1170,ok,optimal,0.0,standard_primal_shadow_dual
7,December,21,0.0,0.0,0.0,0,0,0,ok,empty_zero_redirection,,
7,December,22,0.0,0.0,0.0,0,0,0,ok,empty_zero_redirection,,
7,December,23,0.0,0.0,0.0,7,126,1134,ok,optimal,0.0,standard_primal_shadow_dual
7,December,24,0.0,0.0,0.0,4,126,1134,ok,optimal,0.0,standard_primal_shadow_dual
7,December,25,0.0,0.0,0.0,2,118,1062,ok,optimal,0.0,standard_primal_shadow_dual
7,December,26,0.0,0.0,0.0,2,122,1098,ok,optimal,0.0,standard_primal_shadow_dual
7,December,27,0.0,0.0,0.0,3,120,1080,ok,optimal,0.0,standard_primal_shadow_dual
7,December,28,0.0,0.0,0.0,6,122,1098,ok,optimal,0.0,standard_primal_shadow_dual
7,December,29,0.0,0.0,0.0,1,124,1116,ok,optimal,0.0,standard_primal_shadow_dual
7,December,30,0.0,0.0,0.0,4,122,1098,ok,optimal,0.0,standard_primal_shadow_dual
7,December,31,0.0,0.0,0.0,2,126,1134,ok,optimal,0.0,standard_primal_shadow_dual
7,December,32,0.0,0.0,0.0,0,0,0,ok,empty_zero_redirection,,
7,December,33,0.0,0.0,0.0,5,124,1116,ok,optimal,0.0,standard_primal_shadow_dual
7,December,34,0.0,0.0,0.0,4,128,1152,ok,optimal,0.0,standard_primal_shadow_dual
7,December,35,0.0,0.0,0.0,3,124,1116,ok,optimal,0.0,standard_primal_shadow_dual
7,December,36,0.0,0.0,0.0,1,120,1080,ok,optimal,0.0,standard_primal_shadow_dual
7,December,37,0.0,0.0,0.0,0,0,0,ok,empty_zero_redirection,,
7,December,38,0.0,0.0,0.0,1,112,1008,ok,optimal,0.0,standard_primal_shadow_dual
7,December,39,0.0,0.0,0.0,1,106,954,ok,optimal,0.0,standard_primal_shadow_dual
7,December,40,0.0,0.0,0.0,0,0,0,ok,empty_zero_redirection,,
7,December,41,0.0,0.0,0.0,0,0,0,ok,empty_zero_redirection,,
7,December,42,0.0,0.0,0.0,0,0,0,ok,empty_zero_redirection,,
7,December,43,0.0,0.0,0.0,0,0,0,ok,empty_zero_redirection,,
7,December,44,0.0,0.0,0.0,0,0,0,ok,empty_zero_redirection,,
7,December,45,0.0,0.0,0.0,0,0,0,ok,empty_zero_redirection,,
7,December,46,0.0,0.0,0.0,0,0,0,ok,empty_zero_redirection,,
7,December,47,0.0,0.0,0.0,0,0,0,ok,empty_zero_redirection,,
7,December,48,0.0,0.0,0.0,0,0,0,ok,empty_zero_redirection,,
8,January,1,0.0,0.0,0.0,0,0,0,ok,empty_zero_redirection,,
8,January,2,0.0,0.0,0.0,1,90,810,ok,optimal,0.0,standard_primal_shadow_dual
8,January,3,0.0,0.0,0.0,3,92,828,ok,optimal,0.0,standard_primal_shadow_dual
8,January,4,0.0,0.0,0.0,1,90,810,ok,optimal,0.0,standard_primal_shadow_dual
8,January,5,0.0,0.0,0.0,0,0,0,ok,empty_zero_redirection,,
8,January,6,0.0,0.0,0.0,0,0,0,ok,empty_zero_redirection,,
8,January,7,0.0,0.0,0.0,0,0,0,ok,empty_zero_redirection,,
8,January,8,0.0,0.0,0.0,0,0,0,ok,empty_zero_redirection,,
8,January,9,0.0,0.0,0.0,0,0,0,ok,empty_zero_redirection,,
8,January,10,0.0,0.0,0.0,0,0,0,ok,empty_zero_redirection,,
8,January,11,0.0,0.0,0.0,0,0,0,ok,empty_zero_redirection,,
8,January,12,0.0,0.0,0.0,0,0,0,ok,empty_zero_redirection,,
8,January,13,0.0,0.0,0.0,0,0,0,ok,empty_zero_redirection,,
8,January,14,0.0,0.0,0.0,1,126,1134,ok,optimal,0.0,standard_primal_shadow_dual
8,January,15,0.0,0.0,0.0,1,126,1134,ok,optimal,0.0,standard_primal_shadow_dual
8,January,16,0.0,0.0,0.0,7,130,1170,ok,optimal,0.0,standard_primal_shadow_dual
8,January,17,209.3092666384062,0.0,209.3092666384062,12,130,1170,ok,optimal,209.3092666384062,standard_primal_shadow_dual
8,January,18,0.0,0.0,0.0,6,130,1170,ok,optimal,0.0,standard_primal_shadow_dual
8,January,19,0.0,0.0,0.0,3,130,1170,ok,optimal,0.0,standard_primal_shadow_dual
8,January,20,0.0,0.0,0.0,2,130,1170,ok,optimal,0.0,standard_primal_shadow_dual
8,January,21,0.0,0.0,0.0,0,0,0,ok,empty_zero_redirection,,
8,January,22,0.0,0.0,0.0,0,0,0,ok,empty_zero_redirection,,
8,January,23,0.0,0.0,0.0,6,126,1134,ok,optimal,0.0,standard_primal_shadow_dual
8,January,24,0.0,0.0,0.0,4,126,1134,ok,optimal,0.0,standard_primal_shadow_dual
8,January,25,0.0,0.0,0.0,2,118,1062,ok,optimal,0.0,standard_primal_shadow_dual
8,January,26,0.0,0.0,0.0,2,122,1098,ok,optimal,0.0,standard_primal_shadow_dual
8,January,27,0.0,0.0,0.0,3,120,1080,ok,optimal,0.0,standard_primal_shadow_dual
8,January,28,0.0,0.0,0.0,6,122,1098,ok,optimal,0.0,standard_primal_shadow_dual
8,January,29,0.0,0.0,0.0,1,124,1116,ok,optimal,0.0,standard_primal_shadow_dual
8,January,30,0.0,0.0,0.0,4,122,1098,ok,optimal,0.0,standard_primal_shadow_dual
8,January,31,0.0,0.0,0.0,2,126,1134,ok,optimal,0.0,standard_primal_shadow_dual
8,January,32,0.0,0.0,0.0,0,0,0,ok,empty_zero_redirection,,
8,January,33,27.935379336504568,0.0,27.935379336504568,5,124,1116,ok,optimal,27.935379336504568,standard_primal_shadow_dual
8,January,34,0.0,0.0,0.0,5,128,1152,ok,optimal,0.0,standard_primal_shadow_dual
8,January,35,0.0,0.0,0.0,3,124,1116,ok,optimal,0.0,standard_primal_shadow_dual
8,January,36,0.0,0.0,0.0,1,120,1080,ok,optimal,0.0,standard_primal_shadow_dual
8,January,37,0.0,0.0,0.0,0,0,0,ok,empty_zero_redirection,,
8,January,38,0.0,0.0,0.0,1,112,1008,ok,optimal,0.0,standard_primal_shadow_dual
8,January,39,0.0,0.0,0.0,1,106,954,ok,optimal,0.0,standard_primal_shadow_dual
8,January,40,0.0,0.0,0.0,0,0,0,ok,empty_zero_redirection,,
8,January,41,0.0,0.0,0.0,0,0,0,ok,empty_zero_redirection,,
8,January,42,0.0,0.0,0.0,0,0,0,ok,empty_zero_redirection,,
8,January,43,0.0,0.0,0.0,0,0,0,ok,empty_zero_redirection,,
8,January,44,0.0,0.0,0.0,0,0,0,ok,empty_zero_redirection,,
8,January,45,0.0,0.0,0.0,0,0,0,ok,empty_zero_redirection,,
8,January,46,0.0,0.0,0.0,0,0,0,ok,empty_zero_redirection,,
8,January,47,0.0,0.0,0.0,0,0,0,ok,empty_zero_redirection,,
8,January,48,0.0,0.0,0.0,0,0,0,ok,empty_zero_redirection,,
8,February,1,0.0,0.0,0.0,0,0,0,ok,empty_zero_redirection,,
8,February,2,0.0,0.0,0.0,1,90,810,ok,optimal,0.0,standard_primal_shadow_dual
8,February,3,0.0,0.0,0.0,3,92,828,ok,optimal,0.0,standard_primal_shadow_dual
8,February,4,0.0,0.0,0.0,1,90,810,ok,optimal,0.0,standard_primal_shadow_dual
8,February,5,0.0,0.0,0.0,0,0,0,ok,empty_zero_redirection,,
8,February,6,0.0,0.0,0.0,0,0,0,ok,empty_zero_redirection,,
8,February,7,0.0,0.0,0.0,0,0,0,ok,empty_zero_redirection,,
8,February,8,0.0,0.0,0.0,0,0,0,ok,empty_zero_redirection,,
8,February,9,0.0,0.0,0.0,0,0,0,ok,empty_zero_redirection,,
8,February,10,0.0,0.0,0.0,0,0,0,ok,empty_zero_redirection,,
8,February,11,0.0,0.0,0.0,0,0,0,ok,empty_zero_redirection,,
8,February,12,0.0,0.0,0.0,0,0,0,ok,empty_zero_redirection,,
8,February,13,0.0,0.0,0.0,0,0,0,ok,empty_zero_redirection,,
8,February,14,0.0,0.0,0.0,1,126,1134,ok,optimal,0.0,standard_primal_shadow_dual
8,February,15,0.0,0.0,0.0,1,126,1134,ok,optimal,0.0,standard_primal_shadow_dual
8,February,16,0.0,0.0,0.0,7,130,1170,ok,optimal,0.0,standard_primal_shadow_dual
8,February,17,0.0,0.0,0.0,12,130,1170,ok,optimal,0.0,standard_primal_shadow_dual
8,February,18,0.0,0.0,0.0,8,130,1170,ok,optimal,0.0,standard_primal_shadow_dual
8,February,19,0.0,0.0,0.0,3,130,1170,ok,optimal,0.0,standard_primal_shadow_dual
8,February,20,0.0,0.0,0.0,2,130,1170,ok,optimal,0.0,standard_primal_shadow_dual
8,February,21,0.0,0.0,0.0,0,0,0,ok,empty_zero_redirection,,
8,February,22,3.0310679518628945,0.0,3.0310679518628945,1,128,1152,ok,optimal,3.0310679518628945,standard_primal_shadow_dual
8,February,23,0.0,0.0,0.0,6,126,1134,ok,optimal,0.0,standard_primal_shadow_dual
8,February,24,0.0,0.0,0.0,5,126,1134,ok,optimal,0.0,standard_primal_shadow_dual
8,February,25,0.0,0.0,0.0,2,118,1062,ok,optimal,0.0,standard_primal_shadow_dual
8,February,26,0.0,0.0,0.0,3,122,1098,ok,optimal,0.0,standard_primal_shadow_dual
8,February,27,0.0,0.0,0.0,3,120,1080,ok,optimal,0.0,standard_primal_shadow_dual
8,February,28,0.0,0.0,0.0,8,122,1098,ok,optimal,0.0,standard_primal_shadow_dual
8,February,29,0.0,0.0,0.0,2,124,1116,ok,optimal,0.0,standard_primal_shadow_dual
8,February,30,0.0,0.0,0.0,5,122,1098,ok,optimal,0.0,standard_primal_shadow_dual
8,February,31,0.0,0.0,0.0,2,126,1134,ok,optimal,0.0,standard_primal_shadow_dual
8,February,32,0.0,0.0,0.0,0,0,0,ok,empty_zero_redirection,,
8,February,33,0.0,0.0,0.0,6,124,1116,ok,optimal,0.0,standard_primal_shadow_dual
8,February,34,0.0,0.0,0.0,4,128,1152,ok,optimal,0.0,standard_primal_shadow_dual
8,February,35,0.0,0.0,0.0,3,124,1116,ok,optimal,0.0,standard_primal_shadow_dual
8,February,36,0.0,0.0,0.0,1,120,1080,ok,optimal,0.0,standard_primal_shadow_dual
8,February,37,0.0,0.0,0.0,0,0,0,ok,empty_zero_redirection,,
8,February,38,0.0,0.0,0.0,1,112,1008,ok,optimal,0.0,standard_primal_shadow_dual
8,February,39,0.0,0.0,0.0,1,106,954,ok,optimal,0.0,standard_primal_shadow_dual
8,February,40,0.0,0.0,0.0,0,0,0,ok,empty_zero_redirection,,
8,February,41,0.0,0.0,0.0,0,0,0,ok,empty_zero_redirection,,
8,February,42,0.0,0.0,0.0,0,0,0,ok,empty_zero_redirection,,
8,February,43,0.0,0.0,0.0,0,0,0,ok,empty_zero_redirection,,
8,February,44,0.0,0.0,0.0,0,0,0,ok,empty_zero_redirection,,
8,February,45,0.0,0.0,0.0,0,0,0,ok,empty_zero_redirection,,
8,February,46,0.0,0.0,0.0,0,0,0,ok,empty_zero_redirection,,
8,February,47,0.0,0.0,0.0,0,0,0,ok,empty_zero_redirection,,
8,February,48,0.0,0.0,0.0,0,0,0,ok,empty_zero_redirection,,
8,March,1,0.0,0.0,0.0,0,0,0,ok,empty_zero_redirection,,
8,March,2,0.0,0.0,0.0,1,90,810,ok,optimal,0.0,standard_primal_shadow_dual
8,March,3,0.0,0.0,0.0,3,92,828,ok,optimal,0.0,standard_primal_shadow_dual
8,March,4,0.0,0.0,0.0,1,90,810,ok,optimal,0.0,standard_primal_shadow_dual
8,March,5,0.0,0.0,0.0,0,0,0,ok,empty_zero_redirection,,
8,March,6,0.0,0.0,0.0,0,0,0,ok,empty_zero_redirection,,
8,March,7,0.0,0.0,0.0,0,0,0,ok,empty_zero_redirection,,
8,March,8,0.0,0.0,0.0,0,0,0,ok,empty_zero_redirection,,
8,March,9,0.0,0.0,0.0,0,0,0,ok,empty_zero_redirection,,
8,March,10,0.0,0.0,0.0,0,0,0,ok,empty_zero_redirection,,
8,March,11,0.0,0.0,0.0,0,0,0,ok,empty_zero_redirection,,
8,March,12,0.0,0.0,0.0,0,0,0,ok,empty_zero_redirection,,
8,March,13,0.0,0.0,0.0,0,0,0,ok,empty_zero_redirection,,
8,March,14,0.0,0.0,0.0,1,126,1134,ok,optimal,0.0,standard_primal_shadow_dual
8,March,15,0.0,0.0,0.0,3,126,1134,ok,optimal,0.0,standard_primal_shadow_dual
8,March,16,0.0,0.0,0.0,8,130,1170,ok,optimal,0.0,standard_primal_shadow_dual
8,March,17,0.0,0.0,0.0,13,130,1170,ok,optimal,0.0,standard_primal_shadow_dual
8,March,18,0.0,0.0,0.0,8,130,1170,ok,optimal,0.0,standard_primal_shadow_dual
8,March,19,0.0,0.0,0.0,4,130,1170,ok,optimal,0.0,standard_primal_shadow_dual
8,March,20,0.0,0.0,0.0,6,130,1170,ok,optimal,0.0,standard_primal_shadow_dual
8,March,21,0.0,0.0,0.0,2,130,1170,ok,optimal,0.0,standard_primal_shadow_dual
8,March,22,0.0,0.0,0.0,1,128,1152,ok,optimal,0.0,standard_primal_shadow_dual
8,March,23,0.0,0.0,0.0,7,126,1134,ok,optimal,0.0,standard_primal_shadow_dual
8,March,24,0.0,0.0,0.0,5,126,1134,ok,optimal,0.0,standard_primal_shadow_dual
8,March,25,0.0,0.0,0.0,3,118,1062,ok,optimal,0.0,standard_primal_shadow_dual
8,March,26,0.0,0.0,0.0,3,122,1098,ok,optimal,0.0,standard_primal_shadow_dual
8,March,27,0.0,0.0,0.0,3,120,1080,ok,optimal,0.0,standard_primal_shadow_dual
8,March,28,0.0,0.0,0.0,6,122,1098,ok,optimal,0.0,standard_primal_shadow_dual
8,March,29,0.0,0.0,0.0,3,124,1116,ok,optimal,0.0,standard_primal_shadow_dual
8,March,30,0.0,0.0,0.0,5,122,1098,ok,optimal,0.0,standard_primal_shadow_dual
8,March,31,0.0,0.0,0.0,3,126,1134,ok,optimal,0.0,standard_primal_shadow_dual
8,March,32,0.0,0.0,0.0,0,0,0,ok,empty_zero_redirection,,
8,March,33,0.0,0.0,0.0,6,124,1116,ok,optimal,0.0,standard_primal_shadow_dual
8,March,34,0.0,0.0,0.0,7,128,1152,ok,optimal,0.0,standard_primal_shadow_dual
8,March,35,0.0,0.0,0.0,3,124,1116,ok,optimal,0.0,standard_primal_shadow_dual
8,March,36,0.0,0.0,0.0,1,120,1080,ok,optimal,0.0,standard_primal_shadow_dual
8,March,37,0.0,0.0,0.0,2,108,972,ok,optimal,0.0,standard_primal_shadow_dual
8,March,38,0.0,0.0,0.0,2,112,1008,ok,optimal,0.0,standard_primal_shadow_dual
8,March,39,0.0,0.0,0.0,1,106,954,ok,optimal,0.0,standard_primal_shadow_dual
8,March,40,0.0,0.0,0.0,0,0,0,ok,empty_zero_redirection,,
8,March,41,0.0,0.0,0.0,0,0,0,ok,empty_zero_redirection,,
8,March,42,0.0,0.0,0.0,0,0,0,ok,empty_zero_redirection,,
8,March,43,0.0,0.0,0.0,0,0,0,ok,empty_zero_redirection,,
8,March,44,0.0,0.0,0.0,0,0,0,ok,empty_zero_redirection,,
8,March,45,0.0,0.0,0.0,0,0,0,ok,empty_zero_redirection,,
8,March,46,0.0,0.0,0.0,0,0,0,ok,empty_zero_redirection,,
8,March,47,0.0,0.0,0.0,0,0,0,ok,empty_zero_redirection,,
8,March,48,0.0,0.0,0.0,0,0,0,ok,empty_zero_redirection,,
8,April,1,0.0,0.0,0.0,0,0,0,ok,empty_zero_redirection,,
8,April,2,0.0,0.0,0.0,1,90,810,ok,optimal,0.0,standard_primal_shadow_dual
8,April,3,0.0,0.0,0.0,3,92,828,ok,optimal,0.0,standard_primal_shadow_dual
8,April,4,0.0,0.0,0.0,1,90,810,ok,optimal,0.0,standard_primal_shadow_dual
8,April,5,0.0,0.0,0.0,0,0,0,ok,empty_zero_redirection,,
8,April,6,0.0,0.0,0.0,0,0,0,ok,empty_zero_redirection,,
8,April,7,0.0,0.0,0.0,0,0,0,ok,empty_zero_redirection,,
8,April,8,0.0,0.0,0.0,0,0,0,ok,empty_zero_redirection,,
8,April,9,0.0,0.0,0.0,0,0,0,ok,empty_zero_redirection,,
8,April,10,0.0,0.0,0.0,0,0,0,ok,empty_zero_redirection,,
8,April,11,0.0,0.0,0.0,1,80,720,ok,optimal,0.0,standard_primal_shadow_dual
8,April,12,0.0,0.0,0.0,0,0,0,ok,empty_zero_redirection,,
8,April,13,0.0,0.0,0.0,2,118,1062,ok,optimal,0.0,standard_primal_shadow_dual
8,April,14,0.0,0.0,0.0,1,126,1134,ok,optimal,0.0,standard_primal_shadow_dual
8,April,15,0.0,0.0,0.0,2,126,1134,ok,optimal,0.0,standard_primal_shadow_dual
8,April,16,0.0,0.0,0.0,8,130,1170,ok,optimal,0.0,standard_primal_shadow_dual
8,April,17,0.0,0.0,0.0,14,130,1170,ok,optimal,0.0,standard_primal_shadow_dual
8,April,18,0.0,0.0,0.0,10,130,1170,ok,optimal,0.0,standard_primal_shadow_dual
8,April,19,0.0,0.0,0.0,8,130,1170,ok,optimal,0.0,standard_primal_shadow_dual
8,April,20,0.0,0.0,0.0,9,130,1170,ok,optimal,0.0,standard_primal_shadow_dual
8,April,21,0.0,0.0,0.0,9,130,1170,ok,optimal,0.0,standard_primal_shadow_dual
8,April,22,0.0,0.0,0.0,6,128,1152,ok,optimal,0.0,standard_primal_shadow_dual
8,April,23,0.0,0.0,0.0,7,126,1134,ok,optimal,0.0,standard_primal_shadow_dual
8,April,24,0.0,0.0,0.0,9,126,1134,ok,optimal,0.0,standard_primal_shadow_dual
8,April,25,0.0,0.0,0.0,7,118,1062,ok,optimal,0.0,standard_primal_shadow_dual
8,April,26,0.0,0.0,0.0,7,122,1098,ok,optimal,0.0,standard_primal_shadow_dual
8,April,27,0.0,0.0,0.0,7,120,1080,ok,optimal,0.0,standard_primal_shadow_dual
8,April,28,0.0,0.0,0.0,11,122,1098,ok,optimal,0.0,standard_primal_shadow_dual
8,April,29,0.0,0.0,0.0,9,124,1116,ok,optimal,0.0,standard_primal_shadow_dual
8,April,30,0.0,0.0,0.0,10,122,1098,ok,optimal,0.0,standard_primal_shadow_dual
8,April,31,0.0,0.0,0.0,8,126,1134,ok,optimal,0.0,standard_primal_shadow_dual
8,April,32,0.0,0.0,0.0,7,126,1134,ok,optimal,0.0,standard_primal_shadow_dual
8,April,33,0.0,0.0,0.0,6,124,1116,ok,optimal,0.0,standard_primal_shadow_dual
8,April,34,0.0,0.0,0.0,10,128,1152,ok,optimal,0.0,standard_primal_shadow_dual
8,April,35,0.0,0.0,0.0,6,124,1116,ok,optimal,0.0,standard_primal_shadow_dual
8,April,36,0.0,0.0,0.0,4,120,1080,ok,optimal,0.0,standard_primal_shadow_dual
8,April,37,0.0,0.0,0.0,2,108,972,ok,optimal,0.0,standard_primal_shadow_dual
8,April,38,0.0,0.0,0.0,3,112,1008,ok,optimal,0.0,standard_primal_shadow_dual
8,April,39,0.0,0.0,0.0,1,106,954,ok,optimal,0.0,standard_primal_shadow_dual
8,April,40,0.0,0.0,0.0,0,0,0,ok,empty_zero_redirection,,
8,April,41,0.0,0.0,0.0,0,0,0,ok,empty_zero_redirection,,
8,April,42,0.0,0.0,0.0,0,0,0,ok,empty_zero_redirection,,
8,April,43,0.0,0.0,0.0,0,0,0,ok,empty_zero_redirection,,
8,April,44,0.0,0.0,0.0,0,0,0,ok,empty_zero_redirection,,
8,April,45,0.0,0.0,0.0,0,0,0,ok,empty_zero_redirection,,
8,April,46,0.0,0.0,0.0,0,0,0,ok,empty_zero_redirection,,
8,April,47,0.0,0.0,0.0,0,0,0,ok,empty_zero_redirection,,
8,April,48,0.0,0.0,0.0,0,0,0,ok,empty_zero_redirection,,
8,May,1,0.0,0.0,0.0,0,0,0,ok,empty_zero_redirection,,
8,May,2,0.0,0.0,0.0,1,90,810,ok,optimal,0.0,standard_primal_shadow_dual
8,May,3,0.0,0.0,0.0,3,92,828,ok,optimal,0.0,standard_primal_shadow_dual
8,May,4,0.0,0.0,0.0,1,90,810,ok,optimal,0.0,standard_primal_shadow_dual
8,May,5,0.0,0.0,0.0,0,0,0,ok,empty_zero_redirection,,
8,May,6,0.0,0.0,0.0,0,0,0,ok,empty_zero_redirection,,
8,May,7,0.0,0.0,0.0,0,0,0,ok,empty_zero_redirection,,
8,May,8,0.0,0.0,0.0,0,0,0,ok,empty_zero_redirection,,
8,May,9,0.0,0.0,0.0,0,0,0,ok,empty_zero_redirection,,
8,May,10,0.0,0.0,0.0,0,0,0,ok,empty_zero_redirection,,
8,May,11,0.0,0.0,0.0,1,80,720,ok,optimal,0.0,standard_primal_shadow_dual
8,May,12,0.0,0.0,0.0,1,96,864,ok,optimal,0.0,standard_primal_shadow_dual
8,May,13,0.0,0.0,0.0,1,118,1062,ok,optimal,0.0,standard_primal_shadow_dual
8,May,14,0.0,0.0,0.0,1,126,1134,ok,optimal,0.0,standard_primal_shadow_dual
8,May,15,0.0,0.0,0.0,6,126,1134,ok,optimal,0.0,standard_primal_shadow_dual
8,May,16,0.0,0.0,0.0,12,130,1170,ok,optimal,0.0,standard_primal_shadow_dual
8,May,17,0.0,0.0,0.0,13,130,1170,ok,optimal,0.0,standard_primal_shadow_dual
8,May,18,0.0,0.0,0.0,11,130,1170,ok,optimal,0.0,standard_primal_shadow_dual
8,May,19,0.0,0.0,0.0,14,130,1170,ok,optimal,0.0,standard_primal_shadow_dual
8,May,20,144.47730024298005,0.0,144.47730024298005,15,130,1170,ok,optimal,144.47730024298005,standard_primal_shadow_dual
8,May,21,0.0,0.0,0.0,10,130,1170,ok,optimal,0.0,standard_primal_shadow_dual
8,May,22,0.0,0.0,0.0,8,128,1152,ok,optimal,0.0,standard_primal_shadow_dual
8,May,23,0.0,0.0,0.0,6,126,1134,ok,optimal,0.0,standard_primal_shadow_dual
8,May,24,0.0,0.0,0.0,6,126,1134,ok,optimal,0.0,standard_primal_shadow_dual
8,May,25,0.0,0.0,0.0,5,118,1062,ok,optimal,0.0,standard_primal_shadow_dual
8,May,26,0.0,0.0,0.0,5,122,1098,ok,optimal,0.0,standard_primal_shadow_dual
8,May,27,0.0,0.0,0.0,4,120,1080,ok,optimal,0.0,standard_primal_shadow_dual
8,May,28,0.0,0.0,0.0,8,122,1098,ok,optimal,0.0,standard_primal_shadow_dual
8,May,29,0.0,0.0,0.0,8,124,1116,ok,optimal,0.0,standard_primal_shadow_dual
8,May,30,0.0,0.0,0.0,7,122,1098,ok,optimal,0.0,standard_primal_shadow_dual
8,May,31,0.0,0.0,0.0,7,126,1134,ok,optimal,0.0,standard_primal_shadow_dual
8,May,32,0.0,0.0,0.0,7,126,1134,ok,optimal,0.0,standard_primal_shadow_dual
8,May,33,0.0,0.0,0.0,6,124,1116,ok,optimal,0.0,standard_primal_shadow_dual
8,May,34,0.0,0.0,0.0,9,128,1152,ok,optimal,0.0,standard_primal_shadow_dual
8,May,35,0.0,0.0,0.0,6,124,1116,ok,optimal,0.0,standard_primal_shadow_dual
8,May,36,0.0,0.0,0.0,4,120,1080,ok,optimal,0.0,standard_primal_shadow_dual
8,May,37,0.0,0.0,0.0,4,108,972,ok,optimal,0.0,standard_primal_shadow_dual
8,May,38,0.0,0.0,0.0,4,112,1008,ok,optimal,0.0,standard_primal_shadow_dual
8,May,39,0.0,0.0,0.0,1,106,954,ok,optimal,0.0,standard_primal_shadow_dual
8,May,40,0.0,0.0,0.0,0,0,0,ok,empty_zero_redirection,,
8,May,41,0.0,0.0,0.0,0,0,0,ok,empty_zero_redirection,,
8,May,42,0.0,0.0,0.0,0,0,0,ok,empty_zero_redirection,,
8,May,43,0.0,0.0,0.0,0,0,0,ok,empty_zero_redirection,,
8,May,44,0.0,0.0,0.0,0,0,0,ok,empty_zero_redirection,,
8,May,45,0.0,0.0,0.0,0,0,0,ok,empty_zero_redirection,,
8,May,46,0.0,0.0,0.0,0,0,0,ok,empty_zero_redirection,,
8,May,47,0.0,0.0,0.0,0,0,0,ok,empty_zero_redirection,,
8,May,48,0.0,0.0,0.0,0,0,0,ok,empty_zero_redirection,,
8,June,1,0.0,0.0,0.0,0,0,0,ok,empty_zero_redirection,,
8,June,2,0.0,0.0,0.0,1,90,810,ok,optimal,0.0,standard_primal_shadow_dual
8,June,3,0.0,0.0,0.0,3,92,828,ok,optimal,0.0,standard_primal_shadow_dual
8,June,4,0.0,0.0,0.0,1,90,810,ok,optimal,0.0,standard_primal_shadow_dual
8,June,5,0.0,0.0,0.0,0,0,0,ok,empty_zero_redirection,,
8,June,6,0.0,0.0,0.0,0,0,0,ok,empty_zero_redirection,,
8,June,7,0.0,0.0,0.0,6,24,216,ok,optimal,0.0,standard_primal_shadow_dual
8,June,8,0.0,0.0,0.0,4,20,180,ok,optimal,0.0,standard_primal_shadow_dual
8,June,9,0.0,0.0,0.0,4,32,288,ok,optimal,0.0,standard_primal_shadow_dual
8,June,10,0.0,0.0,0.0,4,32,288,ok,optimal,0.0,standard_primal_shadow_dual
8,June,11,0.0,0.0,0.0,5,80,720,ok,optimal,0.0,standard_primal_shadow_dual
8,June,12,0.0,0.0,0.0,2,96,864,ok,optimal,0.0,standard_primal_shadow_dual
8,June,13,0.0,0.0,0.0,4,118,1062,ok,optimal,0.0,standard_primal_shadow_dual
8,June,14,0.0,0.0,0.0,3,126,1134,ok,optimal,0.0,standard_primal_shadow_dual
8,June,15,0.0,0.0,0.0,3,126,1134,ok,optimal,0.0,standard_primal_shadow_dual
8,June,16,11.101600000000001,0.0,11.101600000000001,9,130,1170,ok,optimal,11.101600000000001,standard_primal_shadow_dual
8,June,17,0.0,0.0,0.0,15,130,1170,ok,optimal,0.0,standard_primal_shadow_dual
8,June,18,0.0,0.0,0.0,9,130,1170,ok,optimal,0.0,standard_primal_shadow_dual
8,June,19,0.0,0.0,0.0,12,130,1170,ok,optimal,0.0,standard_primal_shadow_dual
8,June,20,0.0,0.0,0.0,10,130,1170,ok,optimal,0.0,standard_primal_shadow_dual
8,June,21,0.0,0.0,0.0,12,130,1170,ok,optimal,0.0,standard_primal_shadow_dual
8,June,22,0.0,0.0,0.0,9,128,1152,ok,optimal,0.0,standard_primal_shadow_dual
8,June,23,0.0,0.0,0.0,11,126,1134,ok,optimal,0.0,standard_primal_shadow_dual
8,June,24,0.0,0.0,0.0,9,126,1134,ok,optimal,0.0,standard_primal_shadow_dual
8,June,25,299.99998500000964,0.0,299.99998500000964,11,118,1062,ok,optimal,299.99998500000964,standard_primal_shadow_dual
8,June,26,0.0,0.0,0.0,8,122,1098,ok,optimal,0.0,standard_primal_shadow_dual
8,June,27,0.0,0.0,0.0,10,120,1080,ok,optimal,0.0,standard_primal_shadow_dual
8,June,28,0.0,0.0,0.0,11,122,1098,ok,optimal,0.0,standard_primal_shadow_dual
8,June,29,0.0,0.0,0.0,11,124,1116,ok,optimal,0.0,standard_primal_shadow_dual
8,June,30,0.0,0.0,0.0,14,122,1098,ok,optimal,0.0,standard_primal_shadow_dual
8,June,31,0.0,0.0,0.0,10,126,1134,ok,optimal,0.0,standard_primal_shadow_dual
8,June,32,76.94834929169059,0.0,76.94834929169059,12,126,1134,ok,optimal,76.94834929169059,standard_primal_shadow_dual
8,June,33,0.0,0.0,0.0,8,124,1116,ok,optimal,0.0,standard_primal_shadow_dual
8,June,34,0.0,0.0,0.0,9,128,1152,ok,optimal,0.0,standard_primal_shadow_dual
8,June,35,0.0,0.0,0.0,6,124,1116,ok,optimal,0.0,standard_primal_shadow_dual
8,June,36,0.0,0.0,0.0,3,120,1080,ok,optimal,0.0,standard_primal_shadow_dual
8,June,37,0.0,0.0,0.0,3,108,972,ok,optimal,0.0,standard_primal_shadow_dual
8,June,38,0.0,0.0,0.0,3,112,1008,ok,optimal,0.0,standard_primal_shadow_dual
8,June,39,0.0,0.0,0.0,1,106,954,ok,optimal,0.0,standard_primal_shadow_dual
8,June,40,0.0,0.0,0.0,0,0,0,ok,empty_zero_redirection,,
8,June,41,0.0,0.0,0.0,0,0,0,ok,empty_zero_redirection,,
8,June,42,0.0,0.0,0.0,0,0,0,ok,empty_zero_redirection,,
8,June,43,0.0,0.0,0.0,0,0,0,ok,empty_zero_redirection,,
8,June,44,0.0,0.0,0.0,0,0,0,ok,empty_zero_redirection,,
8,June,45,0.0,0.0,0.0,0,0,0,ok,empty_zero_redirection,,
8,June,46,0.0,0.0,0.0,0,0,0,ok,empty_zero_redirection,,
8,June,47,0.0,0.0,0.0,0,0,0,ok,empty_zero_redirection,,
8,June,48,0.0,0.0,0.0,0,0,0,ok,empty_zero_redirection,,
8,July,1,0.0,0.0,0.0,0,0,0,ok,empty_zero_redirection,,
8,July,2,0.0,0.0,0.0,1,90,810,ok,optimal,0.0,standard_primal_shadow_dual
8,July,3,0.0,0.0,0.0,3,92,828,ok,optimal,0.0,standard_primal_shadow_dual
8,July,4,0.0,0.0,0.0,1,90,810,ok,optimal,0.0,standard_primal_shadow_dual
8,July,5,0.0,0.0,0.0,0,0,0,ok,empty_zero_redirection,,
8,July,6,0.0,0.0,0.0,0,0,0,ok,empty_zero_redirection,,
8,July,7,0.0,0.0,0.0,0,0,0,ok,empty_zero_redirection,,
8,July,8,0.0,0.0,0.0,0,0,0,ok,empty_zero_redirection,,
8,July,9,0.0,0.0,0.0,0,0,0,ok,empty_zero_redirection,,
8,July,10,0.0,0.0,0.0,0,0,0,ok,empty_zero_redirection,,
8,July,11,0.0,0.0,0.0,1,80,720,ok,optimal,0.0,standard_primal_shadow_dual
8,July,12,0.0,0.0,0.0,0,0,0,ok,empty_zero_redirection,,
8,July,13,0.0,0.0,0.0,1,118,1062,ok,optimal,0.0,standard_primal_shadow_dual
8,July,14,0.0,0.0,0.0,1,126,1134,ok,optimal,0.0,standard_primal_shadow_dual
8,July,15,0.0,0.0,0.0,1,126,1134,ok,optimal,0.0,standard_primal_shadow_dual
8,July,16,0.0,0.0,0.0,7,130,1170,ok,optimal,0.0,standard_primal_shadow_dual
8,July,17,0.0,0.0,0.0,13,130,1170,ok,optimal,0.0,standard_primal_shadow_dual
8,July,18,0.0,0.0,0.0,7,130,1170,ok,optimal,0.0,standard_primal_shadow_dual
8,July,19,0.0,0.0,0.0,6,130,1170,ok,optimal,0.0,standard_primal_shadow_dual
8,July,20,0.0,0.0,0.0,6,130,1170,ok,optimal,0.0,standard_primal_shadow_dual
8,July,21,0.0,0.0,0.0,2,130,1170,ok,optimal,0.0,standard_primal_shadow_dual
8,July,22,0.0,0.0,0.0,2,128,1152,ok,optimal,0.0,standard_primal_shadow_dual
8,July,23,0.0,0.0,0.0,8,126,1134,ok,optimal,0.0,standard_primal_shadow_dual
8,July,24,0.0,0.0,0.0,5,126,1134,ok,optimal,0.0,standard_primal_shadow_dual
8,July,25,0.0,0.0,0.0,3,118,1062,ok,optimal,0.0,standard_primal_shadow_dual
8,July,26,0.0,0.0,0.0,3,122,1098,ok,optimal,0.0,standard_primal_shadow_dual
8,July,27,0.0,0.0,0.0,4,120,1080,ok,optimal,0.0,standard_primal_shadow_dual
8,July,28,0.0,0.0,0.0,6,122,1098,ok,optimal,0.0,standard_primal_shadow_dual
8,July,29,0.0,0.0,0.0,3,124,1116,ok,optimal,0.0,standard_primal_shadow_dual
8,July,30,0.0,0.0,0.0,6,122,1098,ok,optimal,0.0,standard_primal_shadow_dual
8,July,31,0.0,0.0,0.0,4,126,1134,ok,optimal,0.0,standard_primal_shadow_dual
8,July,32,0.0,0.0,0.0,1,126,1134,ok,optimal,0.0,standard_primal_shadow_dual
8,July,33,0.0,0.0,0.0,6,124,1116,ok,optimal,0.0,standard_primal_shadow_dual
8,July,34,0.0,0.0,0.0,7,128,1152,ok,optimal,0.0,standard_primal_shadow_dual
8,July,35,0.0,0.0,0.0,6,124,1116,ok,optimal,0.0,standard_primal_shadow_dual
8,July,36,0.0,0.0,0.0,3,120,1080,ok,optimal,0.0,standard_primal_shadow_dual
8,July,37,0.0,0.0,0.0,2,108,972,ok,optimal,0.0,standard_primal_shadow_dual
8,July,38,0.0,0.0,0.0,3,112,1008,ok,optimal,0.0,standard_primal_shadow_dual
8,July,39,0.0,0.0,0.0,1,106,954,ok,optimal,0.0,standard_primal_shadow_dual
8,July,40,0.0,0.0,0.0,0,0,0,ok,empty_zero_redirection,,
8,July,41,0.0,0.0,0.0,0,0,0,ok,empty_zero_redirection,,
8,July,42,0.0,0.0,0.0,0,0,0,ok,empty_zero_redirection,,
8,July,43,0.0,0.0,0.0,0,0,0,ok,empty_zero_redirection,,
8,July,44,0.0,0.0,0.0,0,0,0,ok,empty_zero_redirection,,
8,July,45,0.0,0.0,0.0,0,0,0,ok,empty_zero_redirection,,
8,July,46,0.0,0.0,0.0,0,0,0,ok,empty_zero_redirection,,
8,July,47,0.0,0.0,0.0,0,0,0,ok,empty_zero_redirection,,
8,July,48,0.0,0.0,0.0,0,0,0,ok,empty_zero_redirection,,
8,August,1,0.0,0.0,0.0,0,0,0,ok,empty_zero_redirection,,
8,August,2,0.0,0.0,0.0,1,90,810,ok,optimal,0.0,standard_primal_shadow_dual
8,August,3,0.0,0.0,0.0,3,92,828,ok,optimal,0.0,standard_primal_shadow_dual
8,August,4,0.0,0.0,0.0,1,90,810,ok,optimal,0.0,standard_primal_shadow_dual
8,August,5,0.0,0.0,0.0,0,0,0,ok,empty_zero_redirection,,
8,August,6,0.0,0.0,0.0,0,0,0,ok,empty_zero_redirection,,
8,August,7,0.0,0.0,0.0,0,0,0,ok,empty_zero_redirection,,
8,August,8,0.0,0.0,0.0,0,0,0,ok,empty_zero_redirection,,
8,August,9,0.0,0.0,0.0,0,0,0,ok,empty_zero_redirection,,
8,August,10,0.0,0.0,0.0,0,0,0,ok,empty_zero_redirection,,
8,August,11,0.0,0.0,0.0,1,80,720,ok,optimal,0.0,standard_primal_shadow_dual
8,August,12,0.0,0.0,0.0,0,0,0,ok,empty_zero_redirection,,
8,August,13,0.0,0.0,0.0,0,0,0,ok,empty_zero_redirection,,
8,August,14,0.0,0.0,0.0,1,126,1134,ok,optimal,0.0,standard_primal_shadow_dual
8,August,15,0.0,0.0,0.0,1,126,1134,ok,optimal,0.0,standard_primal_shadow_dual
8,August,16,0.0,0.0,0.0,7,130,1170,ok,optimal,0.0,standard_primal_shadow_dual
8,August,17,1005.3927425419079,0.0,1005.3927425419079,12,130,1170,ok,optimal,1005.3927425419079,standard_primal_shadow_dual
8,August,18,0.0,0.0,0.0,7,130,1170,ok,optimal,0.0,standard_primal_shadow_dual
8,August,19,0.0,0.0,0.0,3,130,1170,ok,optimal,0.0,standard_primal_shadow_dual
8,August,20,0.0,0.0,0.0,4,130,1170,ok,optimal,0.0,standard_primal_shadow_dual
8,August,21,0.0,0.0,0.0,2,130,1170,ok,optimal,0.0,standard_primal_shadow_dual
8,August,22,0.0,0.0,0.0,1,128,1152,ok,optimal,0.0,standard_primal_shadow_dual
8,August,23,0.0,0.0,0.0,6,126,1134,ok,optimal,0.0,standard_primal_shadow_dual
8,August,24,0.0,0.0,0.0,5,126,1134,ok,optimal,0.0,standard_primal_shadow_dual
8,August,25,0.0,0.0,0.0,5,118,1062,ok,optimal,0.0,standard_primal_shadow_dual
8,August,26,0.0,0.0,0.0,3,122,1098,ok,optimal,0.0,standard_primal_shadow_dual
8,August,27,0.0,0.0,0.0,3,120,1080,ok,optimal,0.0,standard_primal_shadow_dual
8,August,28,0.0,0.0,0.0,8,122,1098,ok,optimal,0.0,standard_primal_shadow_dual
8,August,29,0.0,0.0,0.0,4,124,1116,ok,optimal,0.0,standard_primal_shadow_dual
8,August,30,0.0,0.0,0.0,8,122,1098,ok,optimal,0.0,standard_primal_shadow_dual
8,August,31,0.0,0.0,0.0,3,126,1134,ok,optimal,0.0,standard_primal_shadow_dual
8,August,32,0.0,0.0,0.0,2,126,1134,ok,optimal,0.0,standard_primal_shadow_dual
8,August,33,0.0,0.0,0.0,6,124,1116,ok,optimal,0.0,standard_primal_shadow_dual
8,August,34,0.0,0.0,0.0,9,128,1152,ok,optimal,0.0,standard_primal_shadow_dual
8,August,35,0.0,0.0,0.0,5,124,1116,ok,optimal,0.0,standard_primal_shadow_dual
8,August,36,0.0,0.0,0.0,2,120,1080,ok,optimal,0.0,standard_primal_shadow_dual
8,August,37,0.0,0.0,0.0,0,0,0,ok,empty_zero_redirection,,
8,August,38,0.0,0.0,0.0,1,112,1008,ok,optimal,0.0,standard_primal_shadow_dual
8,August,39,0.0,0.0,0.0,1,106,954,ok,optimal,0.0,standard_primal_shadow_dual
8,August,40,0.0,0.0,0.0,0,0,0,ok,empty_zero_redirection,,
8,August,41,0.0,0.0,0.0,0,0,0,ok,empty_zero_redirection,,
8,August,42,0.0,0.0,0.0,0,0,0,ok,empty_zero_redirection,,
8,August,43,0.0,0.0,0.0,0,0,0,ok,empty_zero_redirection,,
8,August,44,0.0,0.0,0.0,0,0,0,ok,empty_zero_redirection,,
8,August,45,0.0,0.0,0.0,0,0,0,ok,empty_zero_redirection,,
8,August,46,0.0,0.0,0.0,0,0,0,ok,empty_zero_redirection,,
8,August,47,0.0,0.0,0.0,0,0,0,ok,empty_zero_redirection,,
8,August,48,0.0,0.0,0.0,0,0,0,ok,empty_zero_redirection,,
8,September,1,0.0,0.0,0.0,0,0,0,ok,empty_zero_redirection,,
8,September,2,0.0,0.0,0.0,1,90,810,ok,optimal,0.0,standard_primal_shadow_dual
8,September,3,0.0,0.0,0.0,3,92,828,ok,optimal,0.0,standard_primal_shadow_dual
8,September,4,0.0,0.0,0.0,1,90,810,ok,optimal,0.0,standard_primal_shadow_dual
8,September,5,0.0,0.0,0.0,0,0,0,ok,empty_zero_redirection,,
8,September,6,0.0,0.0,0.0,0,0,0,ok,empty_zero_redirection,,
8,September,7,0.0,0.0,0.0,0,0,0,ok,empty_zero_redirection,,
8,September,8,0.0,0.0,0.0,0,0,0,ok,empty_zero_redirection,,
8,September,9,0.0,0.0,0.0,0,0,0,ok,empty_zero_redirection,,
8,September,10,0.0,0.0,0.0,0,0,0,ok,empty_zero_redirection,,
8,September,11,0.0,0.0,0.0,1,80,720,ok,optimal,0.0,standard_primal_shadow_dual
8,September,12,0.0,0.0,0.0,0,0,0,ok,empty_zero_redirection,,
8,September,13,0.0,0.0,0.0,0,0,0,ok,empty_zero_redirection,,
8,September,14,0.0,0.0,0.0,1,126,1134,ok,optimal,0.0,standard_primal_shadow_dual
8,September,15,0.0,0.0,0.0,2,126,1134,ok,optimal,0.0,standard_primal_shadow_dual
8,September,16,0.0,0.0,0.0,7,130,1170,ok,optimal,0.0,standard_primal_shadow_dual
8,September,17,0.0,0.0,0.0,14,130,1170,ok,optimal,0.0,standard_primal_shadow_dual
8,September,18,108.19992853807847,0.0,108.19992853807847,7,130,1170,ok,optimal,108.19992853807847,standard_primal_shadow_dual
8,September,19,0.0,0.0,0.0,6,130,1170,ok,optimal,0.0,standard_primal_shadow_dual
8,September,20,0.0,0.0,0.0,4,130,1170,ok,optimal,0.0,standard_primal_shadow_dual
8,September,21,0.0,0.0,0.0,2,130,1170,ok,optimal,0.0,standard_primal_shadow_dual
8,September,22,0.0,0.0,0.0,1,128,1152,ok,optimal,0.0,standard_primal_shadow_dual
8,September,23,0.0,0.0,0.0,6,126,1134,ok,optimal,0.0,standard_primal_shadow_dual
8,September,24,0.0,0.0,0.0,5,126,1134,ok,optimal,0.0,standard_primal_shadow_dual
8,September,25,0.0,0.0,0.0,5,118,1062,ok,optimal,0.0,standard_primal_shadow_dual
8,September,26,0.0,0.0,0.0,5,122,1098,ok,optimal,0.0,standard_primal_shadow_dual
8,September,27,0.0,0.0,0.0,4,120,1080,ok,optimal,0.0,standard_primal_shadow_dual
8,September,28,0.0,0.0,0.0,9,122,1098,ok,optimal,0.0,standard_primal_shadow_dual
8,September,29,0.0,0.0,0.0,4,124,1116,ok,optimal,0.0,standard_primal_shadow_dual
8,September,30,0.0,0.0,0.0,8,122,1098,ok,optimal,0.0,standard_primal_shadow_dual
8,September,31,0.0,0.0,0.0,2,126,1134,ok,optimal,0.0,standard_primal_shadow_dual
8,September,32,0.0,0.0,0.0,0,0,0,ok,empty_zero_redirection,,
8,September,33,0.0,0.0,0.0,6,124,1116,ok,optimal,0.0,standard_primal_shadow_dual
8,September,34,0.0,0.0,0.0,5,128,1152,ok,optimal,0.0,standard_primal_shadow_dual
8,September,35,0.0,0.0,0.0,3,124,1116,ok,optimal,0.0,standard_primal_shadow_dual
8,September,36,0.0,0.0,0.0,1,120,1080,ok,optimal,0.0,standard_primal_shadow_dual
8,September,37,0.0,0.0,0.0,0,0,0,ok,empty_zero_redirection,,
8,September,38,0.0,0.0,0.0,1,112,1008,ok,optimal,0.0,standard_primal_shadow_dual
8,September,39,0.0,0.0,0.0,1,106,954,ok,optimal,0.0,standard_primal_shadow_dual
8,September,40,0.0,0.0,0.0,0,0,0,ok,empty_zero_redirection,,
8,September,41,0.0,0.0,0.0,0,0,0,ok,empty_zero_redirection,,
8,September,42,0.0,0.0,0.0,0,0,0,ok,empty_zero_redirection,,
8,September,43,0.0,0.0,0.0,0,0,0,ok,empty_zero_redirection,,
8,September,44,0.0,0.0,0.0,0,0,0,ok,empty_zero_redirection,,
8,September,45,0.0,0.0,0.0,0,0,0,ok,empty_zero_redirection,,
8,September,46,0.0,0.0,0.0,0,0,0,ok,empty_zero_redirection,,
8,September,47,0.0,0.0,0.0,0,0,0,ok,empty_zero_redirection,,
8,September,48,0.0,0.0,0.0,0,0,0,ok,empty_zero_redirection,,
8,October,1,0.0,0.0,0.0,0,0,0,ok,empty_zero_redirection,,
8,October,2,0.0,0.0,0.0,1,90,810,ok,optimal,0.0,standard_primal_shadow_dual
8,October,3,0.0,0.0,0.0,3,92,828,ok,optimal,0.0,standard_primal_shadow_dual
8,October,4,0.0,0.0,0.0,1,90,810,ok,optimal,0.0,standard_primal_shadow_dual
8,October,5,0.0,0.0,0.0,0,0,0,ok,empty_zero_redirection,,
8,October,6,0.0,0.0,0.0,0,0,0,ok,empty_zero_redirection,,
8,October,7,0.0,0.0,0.0,0,0,0,ok,empty_zero_redirection,,
8,October,8,0.0,0.0,0.0,0,0,0,ok,empty_zero_redirection,,
8,October,9,0.0,0.0,0.0,0,0,0,ok,empty_zero_redirection,,
8,October,10,0.0,0.0,0.0,0,0,0,ok,empty_zero_redirection,,
8,October,11,0.0,0.0,0.0,0,0,0,ok,empty_zero_redirection,,
8,October,12,0.0,0.0,0.0,0,0,0,ok,empty_zero_redirection,,
8,October,13,0.0,0.0,0.0,0,0,0,ok,empty_zero_redirection,,
8,October,14,0.0,0.0,0.0,1,126,1134,ok,optimal,0.0,standard_primal_shadow_dual
8,October,15,0.0,0.0,0.0,1,126,1134,ok,optimal,0.0,standard_primal_shadow_dual
8,October,16,0.0,0.0,0.0,7,130,1170,ok,optimal,0.0,standard_primal_shadow_dual
8,October,17,55.74685931306935,0.0,55.74685931306935,12,130,1170,ok,optimal,55.74685931306935,standard_primal_shadow_dual
8,October,18,0.0,0.0,0.0,6,130,1170,ok,optimal,0.0,standard_primal_shadow_dual
8,October,19,0.0,0.0,0.0,3,130,1170,ok,optimal,0.0,standard_primal_shadow_dual
8,October,20,0.0,0.0,0.0,2,130,1170,ok,optimal,0.0,standard_primal_shadow_dual
8,October,21,0.0,0.0,0.0,0,0,0,ok,empty_zero_redirection,,
8,October,22,0.0,0.0,0.0,0,0,0,ok,empty_zero_redirection,,
8,October,23,0.0,0.0,0.0,6,126,1134,ok,optimal,0.0,standard_primal_shadow_dual
8,October,24,0.0,0.0,0.0,4,126,1134,ok,optimal,0.0,standard_primal_shadow_dual
8,October,25,0.0,0.0,0.0,2,118,1062,ok,optimal,0.0,standard_primal_shadow_dual
8,October,26,0.0,0.0,0.0,2,122,1098,ok,optimal,0.0,standard_primal_shadow_dual
8,October,27,0.0,0.0,0.0,3,120,1080,ok,optimal,0.0,standard_primal_shadow_dual
8,October,28,0.0,0.0,0.0,6,122,1098,ok,optimal,0.0,standard_primal_shadow_dual
8,October,29,0.0,0.0,0.0,2,124,1116,ok,optimal,0.0,standard_primal_shadow_dual
8,October,30,0.0,0.0,0.0,5,122,1098,ok,optimal,0.0,standard_primal_shadow_dual
8,October,31,0.0,0.0,0.0,2,126,1134,ok,optimal,0.0,standard_primal_shadow_dual
8,October,32,0.0,0.0,0.0,0,0,0,ok,empty_zero_redirection,,
8,October,33,0.0,0.0,0.0,5,124,1116,ok,optimal,0.0,standard_primal_shadow_dual
8,October,34,0.0,0.0,0.0,4,128,1152,ok,optimal,0.0,standard_primal_shadow_dual
8,October,35,0.0,0.0,0.0,3,124,1116,ok,optimal,0.0,standard_primal_shadow_dual
8,October,36,0.0,0.0,0.0,1,120,1080,ok,optimal,0.0,standard_primal_shadow_dual
8,October,37,0.0,0.0,0.0,0,0,0,ok,empty_zero_redirection,,
8,October,38,0.0,0.0,0.0,1,112,1008,ok,optimal,0.0,standard_primal_shadow_dual
8,October,39,0.0,0.0,0.0,1,106,954,ok,optimal,0.0,standard_primal_shadow_dual
8,October,40,0.0,0.0,0.0,0,0,0,ok,empty_zero_redirection,,
8,October,41,0.0,0.0,0.0,0,0,0,ok,empty_zero_redirection,,
8,October,42,0.0,0.0,0.0,0,0,0,ok,empty_zero_redirection,,
8,October,43,0.0,0.0,0.0,0,0,0,ok,empty_zero_redirection,,
8,October,44,0.0,0.0,0.0,0,0,0,ok,empty_zero_redirection,,
8,October,45,0.0,0.0,0.0,0,0,0,ok,empty_zero_redirection,,
8,October,46,0.0,0.0,0.0,0,0,0,ok,empty_zero_redirection,,
8,October,47,0.0,0.0,0.0,0,0,0,ok,empty_zero_redirection,,
8,October,48,0.0,0.0,0.0,0,0,0,ok,empty_zero_redirection,,
8,November,1,0.0,0.0,0.0,0,0,0,ok,empty_zero_redirection,,
8,November,2,0.0,0.0,0.0,1,90,810,ok,optimal,0.0,standard_primal_shadow_dual
8,November,3,0.0,0.0,0.0,3,92,828,ok,optimal,0.0,standard_primal_shadow_dual
8,November,4,0.0,0.0,0.0,1,90,810,ok,optimal,0.0,standard_primal_shadow_dual
8,November,5,0.0,0.0,0.0,0,0,0,ok,empty_zero_redirection,,
8,November,6,0.0,0.0,0.0,0,0,0,ok,empty_zero_redirection,,
8,November,7,0.0,0.0,0.0,0,0,0,ok,empty_zero_redirection,,
8,November,8,0.0,0.0,0.0,0,0,0,ok,empty_zero_redirection,,
8,November,9,0.0,0.0,0.0,0,0,0,ok,empty_zero_redirection,,
8,November,10,0.0,0.0,0.0,0,0,0,ok,empty_zero_redirection,,
8,November,11,0.0,0.0,0.0,0,0,0,ok,empty_zero_redirection,,
8,November,12,0.0,0.0,0.0,0,0,0,ok,empty_zero_redirection,,
8,November,13,0.0,0.0,0.0,0,0,0,ok,empty_zero_redirection,,
8,November,14,0.0,0.0,0.0,1,126,1134,ok,optimal,0.0,standard_primal_shadow_dual
8,November,15,0.0,0.0,0.0,1,126,1134,ok,optimal,0.0,standard_primal_shadow_dual
8,November,16,0.0,0.0,0.0,7,130,1170,ok,optimal,0.0,standard_primal_shadow_dual
8,November,17,51.169826948980486,0.0,51.169826948980486,12,130,1170,ok,optimal,51.169826948980486,standard_primal_shadow_dual
8,November,18,0.0,0.0,0.0,6,130,1170,ok,optimal,0.0,standard_primal_shadow_dual
8,November,19,0.0,0.0,0.0,3,130,1170,ok,optimal,0.0,standard_primal_shadow_dual
8,November,20,0.0,0.0,0.0,2,130,1170,ok,optimal,0.0,standard_primal_shadow_dual
8,November,21,0.0,0.0,0.0,0,0,0,ok,empty_zero_redirection,,
8,November,22,0.0,0.0,0.0,0,0,0,ok,empty_zero_redirection,,
8,November,23,0.0,0.0,0.0,6,126,1134,ok,optimal,0.0,standard_primal_shadow_dual
8,November,24,0.0,0.0,0.0,4,126,1134,ok,optimal,0.0,standard_primal_shadow_dual
8,November,25,0.0,0.0,0.0,2,118,1062,ok,optimal,0.0,standard_primal_shadow_dual
8,November,26,0.0,0.0,0.0,2,122,1098,ok,optimal,0.0,standard_primal_shadow_dual
8,November,27,0.0,0.0,0.0,3,120,1080,ok,optimal,0.0,standard_primal_shadow_dual
8,November,28,0.0,0.0,0.0,6,122,1098,ok,optimal,0.0,standard_primal_shadow_dual
8,November,29,0.0,0.0,0.0,1,124,1116,ok,optimal,0.0,standard_primal_shadow_dual
8,November,30,0.0,0.0,0.0,4,122,1098,ok,optimal,0.0,standard_primal_shadow_dual
8,November,31,0.0,0.0,0.0,2,126,1134,ok,optimal,0.0,standard_primal_shadow_dual
8,November,32,0.0,0.0,0.0,0,0,0,ok,empty_zero_redirection,,
8,November,33,0.0,0.0,0.0,5,124,1116,ok,optimal,0.0,standard_primal_shadow_dual
8,November,34,0.0,0.0,0.0,4,128,1152,ok,optimal,0.0,standard_primal_shadow_dual
8,November,35,0.0,0.0,0.0,3,124,1116,ok,optimal,0.0,standard_primal_shadow_dual
8,November,36,0.0,0.0,0.0,1,120,1080,ok,optimal,0.0,standard_primal_shadow_dual
8,November,37,0.0,0.0,0.0,0,0,0,ok,empty_zero_redirection,,
8,November,38,0.0,0.0,0.0,1,112,1008,ok,optimal,0.0,standard_primal_shadow_dual
8,November,39,0.0,0.0,0.0,1,106,954,ok,optimal,0.0,standard_primal_shadow_dual
8,November,40,0.0,0.0,0.0,0,0,0,ok,empty_zero_redirection,,
8,November,41,0.0,0.0,0.0,0,0,0,ok,empty_zero_redirection,,
8,November,42,0.0,0.0,0.0,0,0,0,ok,empty_zero_redirection,,
8,November,43,0.0,0.0,0.0,0,0,0,ok,empty_zero_redirection,,
8,November,44,0.0,0.0,0.0,0,0,0,ok,empty_zero_redirection,,
8,November,45,0.0,0.0,0.0,0,0,0,ok,empty_zero_redirection,,
8,November,46,0.0,0.0,0.0,0,0,0,ok,empty_zero_redirection,,
8,November,47,0.0,0.0,0.0,0,0,0,ok,empty_zero_redirection,,
8,November,48,0.0,0.0,0.0,0,0,0,ok,empty_zero_redirection,,
8,December,1,0.0,0.0,0.0,0,0,0,ok,empty_zero_redirection,,
8,December,2,0.0,0.0,0.0,1,90,810,ok,optimal,0.0,standard_primal_shadow_dual
8,December,3,0.0,0.0,0.0,3,92,828,ok,optimal,0.0,standard_primal_shadow_dual
8,December,4,0.0,0.0,0.0,1,90,810,ok,optimal,0.0,standard_primal_shadow_dual
8,December,5,0.0,0.0,0.0,0,0,0,ok,empty_zero_redirection,,
8,December,6,0.0,0.0,0.0,0,0,0,ok,empty_zero_redirection,,
8,December,7,0.0,0.0,0.0,0,0,0,ok,empty_zero_redirection,,
8,December,8,0.0,0.0,0.0,0,0,0,ok,empty_zero_redirection,,
8,December,9,0.0,0.0,0.0,0,0,0,ok,empty_zero_redirection,,
8,December,10,0.0,0.0,0.0,0,0,0,ok,empty_zero_redirection,,
8,December,11,0.0,0.0,0.0,0,0,0,ok,empty_zero_redirection,,
8,December,12,0.0,0.0,0.0,0,0,0,ok,empty_zero_redirection,,
8,December,13,0.0,0.0,0.0,0,0,0,ok,empty_zero_redirection,,
8,December,14,0.0,0.0,0.0,1,126,1134,ok,optimal,0.0,standard_primal_shadow_dual
8,December,15,0.0,0.0,0.0,1,126,1134,ok,optimal,0.0,standard_primal_shadow_dual
8,December,16,0.0,0.0,0.0,7,130,1170,ok,optimal,0.0,standard_primal_shadow_dual
8,December,17,0.0,0.0,0.0,12,130,1170,ok,optimal,0.0,standard_primal_shadow_dual
8,December,18,0.0,0.0,0.0,6,130,1170,ok,optimal,0.0,standard_primal_shadow_dual
8,December,19,0.0,0.0,0.0,3,130,1170,ok,optimal,0.0,standard_primal_shadow_dual
8,December,20,0.0,0.0,0.0,2,130,1170,ok,optimal,0.0,standard_primal_shadow_dual
8,December,21,0.0,0.0,0.0,0,0,0,ok,empty_zero_redirection,,
8,December,22,0.0,0.0,0.0,0,0,0,ok,empty_zero_redirection,,
8,December,23,0.0,0.0,0.0,7,126,1134,ok,optimal,0.0,standard_primal_shadow_dual
8,December,24,0.0,0.0,0.0,4,126,1134,ok,optimal,0.0,standard_primal_shadow_dual
8,December,25,0.0,0.0,0.0,2,118,1062,ok,optimal,0.0,standard_primal_shadow_dual
8,December,26,0.0,0.0,0.0,2,122,1098,ok,optimal,0.0,standard_primal_shadow_dual
8,December,27,0.0,0.0,0.0,3,120,1080,ok,optimal,0.0,standard_primal_shadow_dual
8,December,28,0.0,0.0,0.0,6,122,1098,ok,optimal,0.0,standard_primal_shadow_dual
8,December,29,0.0,0.0,0.0,1,124,1116,ok,optimal,0.0,standard_primal_shadow_dual
8,December,30,0.0,0.0,0.0,4,122,1098,ok,optimal,0.0,standard_primal_shadow_dual
8,December,31,0.0,0.0,0.0,2,126,1134,ok,optimal,0.0,standard_primal_shadow_dual
8,December,32,0.0,0.0,0.0,0,0,0,ok,empty_zero_redirection,,
8,December,33,0.0,0.0,0.0,5,124,1116,ok,optimal,0.0,standard_primal_shadow_dual
8,December,34,0.0,0.0,0.0,4,128,1152,ok,optimal,0.0,standard_primal_shadow_dual
8,December,35,0.0,0.0,0.0,3,124,1116,ok,optimal,0.0,standard_primal_shadow_dual
8,December,36,0.0,0.0,0.0,1,120,1080,ok,optimal,0.0,standard_primal_shadow_dual
8,December,37,0.0,0.0,0.0,0,0,0,ok,empty_zero_redirection,,
8,December,38,0.0,0.0,0.0,1,112,1008,ok,optimal,0.0,standard_primal_shadow_dual
8,December,39,0.0,0.0,0.0,1,106,954,ok,optimal,0.0,standard_primal_shadow_dual
8,December,40,0.0,0.0,0.0,0,0,0,ok,empty_zero_redirection,,
8,December,41,0.0,0.0,0.0,0,0,0,ok,empty_zero_redirection,,
8,December,42,0.0,0.0,0.0,0,0,0,ok,empty_zero_redirection,,
8,December,43,0.0,0.0,0.0,0,0,0,ok,empty_zero_redirection,,
8,December,44,0.0,0.0,0.0,0,0,0,ok,empty_zero_redirection,,
8,December,45,0.0,0.0,0.0,0,0,0,ok,empty_zero_redirection,,
8,December,46,0.0,0.0,0.0,0,0,0,ok,empty_zero_redirection,,
8,December,47,0.0,0.0,0.0,0,0,0,ok,empty_zero_redirection,,
8,December,48,0.0,0.0,0.0,0,0,0,ok,empty_zero_redirection,,
9,January,1,0.0,0.0,0.0,0,0,0,ok,empty_zero_redirection,,
9,January,2,0.0,0.0,0.0,1,90,810,ok,optimal,0.0,standard_primal_shadow_dual
9,January,3,0.0,0.0,0.0,3,92,828,ok,optimal,0.0,standard_primal_shadow_dual
9,January,4,0.0,0.0,0.0,1,90,810,ok,optimal,0.0,standard_primal_shadow_dual
9,January,5,0.0,0.0,0.0,0,0,0,ok,empty_zero_redirection,,
9,January,6,0.0,0.0,0.0,0,0,0,ok,empty_zero_redirection,,
9,January,7,0.0,0.0,0.0,0,0,0,ok,empty_zero_redirection,,
9,January,8,0.0,0.0,0.0,0,0,0,ok,empty_zero_redirection,,
9,January,9,0.0,0.0,0.0,0,0,0,ok,empty_zero_redirection,,
9,January,10,0.0,0.0,0.0,0,0,0,ok,empty_zero_redirection,,
9,January,11,0.0,0.0,0.0,0,0,0,ok,empty_zero_redirection,,
9,January,12,0.0,0.0,0.0,0,0,0,ok,empty_zero_redirection,,
9,January,13,0.0,0.0,0.0,0,0,0,ok,empty_zero_redirection,,
9,January,14,0.0,0.0,0.0,1,126,1134,ok,optimal,0.0,standard_primal_shadow_dual
9,January,15,0.0,0.0,0.0,1,126,1134,ok,optimal,0.0,standard_primal_shadow_dual
9,January,16,0.0,0.0,0.0,7,130,1170,ok,optimal,0.0,standard_primal_shadow_dual
9,January,17,0.0,0.0,0.0,12,130,1170,ok,optimal,0.0,standard_primal_shadow_dual
9,January,18,69.84398847160963,0.0,69.84398847160963,6,130,1170,ok,optimal,69.84398847160963,standard_primal_shadow_dual
9,January,19,0.0,0.0,0.0,3,130,1170,ok,optimal,0.0,standard_primal_shadow_dual
9,January,20,0.0,0.0,0.0,2,130,1170,ok,optimal,0.0,standard_primal_shadow_dual
9,January,21,0.0,0.0,0.0,0,0,0,ok,empty_zero_redirection,,
9,January,22,0.0,0.0,0.0,0,0,0,ok,empty_zero_redirection,,
9,January,23,0.0,0.0,0.0,6,126,1134,ok,optimal,0.0,standard_primal_shadow_dual
9,January,24,0.0,0.0,0.0,4,126,1134,ok,optimal,0.0,standard_primal_shadow_dual
9,January,25,0.0,0.0,0.0,2,118,1062,ok,optimal,0.0,standard_primal_shadow_dual
9,January,26,0.0,0.0,0.0,2,122,1098,ok,optimal,0.0,standard_primal_shadow_dual
9,January,27,0.0,0.0,0.0,3,120,1080,ok,optimal,0.0,standard_primal_shadow_dual
9,January,28,0.0,0.0,0.0,6,122,1098,ok,optimal,0.0,standard_primal_shadow_dual
9,January,29,0.0,0.0,0.0,1,124,1116,ok,optimal,0.0,standard_primal_shadow_dual
9,January,30,0.0,0.0,0.0,4,122,1098,ok,optimal,0.0,standard_primal_shadow_dual
9,January,31,0.0,0.0,0.0,2,126,1134,ok,optimal,0.0,standard_primal_shadow_dual
9,January,32,0.0,0.0,0.0,0,0,0,ok,empty_zero_redirection,,
9,January,33,0.0,0.0,0.0,5,124,1116,ok,optimal,0.0,standard_primal_shadow_dual
9,January,34,0.0,0.0,0.0,5,128,1152,ok,optimal,0.0,standard_primal_shadow_dual
9,January,35,0.0,0.0,0.0,3,124,1116,ok,optimal,0.0,standard_primal_shadow_dual
9,January,36,0.0,0.0,0.0,1,120,1080,ok,optimal,0.0,standard_primal_shadow_dual
9,January,37,0.0,0.0,0.0,0,0,0,ok,empty_zero_redirection,,
9,January,38,0.0,0.0,0.0,1,112,1008,ok,optimal,0.0,standard_primal_shadow_dual
9,January,39,0.0,0.0,0.0,1,106,954,ok,optimal,0.0,standard_primal_shadow_dual
9,January,40,0.0,0.0,0.0,0,0,0,ok,empty_zero_redirection,,
9,January,41,0.0,0.0,0.0,0,0,0,ok,empty_zero_redirection,,
9,January,42,0.0,0.0,0.0,0,0,0,ok,empty_zero_redirection,,
9,January,43,0.0,0.0,0.0,0,0,0,ok,empty_zero_redirection,,
9,January,44,0.0,0.0,0.0,0,0,0,ok,empty_zero_redirection,,
9,January,45,0.0,0.0,0.0,0,0,0,ok,empty_zero_redirection,,
9,January,46,0.0,0.0,0.0,0,0,0,ok,empty_zero_redirection,,
9,January,47,0.0,0.0,0.0,0,0,0,ok,empty_zero_redirection,,
9,January,48,0.0,0.0,0.0,0,0,0,ok,empty_zero_redirection,,
9,February,1,0.0,0.0,0.0,0,0,0,ok,empty_zero_redirection,,
9,February,2,0.0,0.0,0.0,1,90,810,ok,optimal,0.0,standard_primal_shadow_dual
9,February,3,0.0,0.0,0.0,3,92,828,ok,optimal,0.0,standard_primal_shadow_dual
9,February,4,0.0,0.0,0.0,1,90,810,ok,optimal,0.0,standard_primal_shadow_dual
9,February,5,0.0,0.0,0.0,0,0,0,ok,empty_zero_redirection,,
9,February,6,0.0,0.0,0.0,0,0,0,ok,empty_zero_redirection,,
9,February,7,0.0,0.0,0.0,0,0,0,ok,empty_zero_redirection,,
9,February,8,0.0,0.0,0.0,0,0,0,ok,empty_zero_redirection,,
9,February,9,0.0,0.0,0.0,0,0,0,ok,empty_zero_redirection,,
9,February,10,0.0,0.0,0.0,0,0,0,ok,empty_zero_redirection,,
9,February,11,0.0,0.0,0.0,0,0,0,ok,empty_zero_redirection,,
9,February,12,0.0,0.0,0.0,0,0,0,ok,empty_zero_redirection,,
9,February,13,0.0,0.0,0.0,0,0,0,ok,empty_zero_redirection,,
9,February,14,0.0,0.0,0.0,1,126,1134,ok,optimal,0.0,standard_primal_shadow_dual
9,February,15,0.0,0.0,0.0,1,126,1134,ok,optimal,0.0,standard_primal_shadow_dual
9,February,16,0.0,0.0,0.0,7,130,1170,ok,optimal,0.0,standard_primal_shadow_dual
9,February,17,0.0,0.0,0.0,12,130,1170,ok,optimal,0.0,standard_primal_shadow_dual
9,February,18,63.08489281306677,0.0,63.08489281306677,9,130,1170,ok,optimal,63.08489281306677,standard_primal_shadow_dual
9,February,19,0.0,0.0,0.0,3,130,1170,ok,optimal,0.0,standard_primal_shadow_dual
9,February,20,0.0,0.0,0.0,2,130,1170,ok,optimal,0.0,standard_primal_shadow_dual
9,February,21,0.0,0.0,0.0,0,0,0,ok,empty_zero_redirection,,
9,February,22,0.0,0.0,0.0,0,0,0,ok,empty_zero_redirection,,
9,February,23,0.0,0.0,0.0,6,126,1134,ok,optimal,0.0,standard_primal_shadow_dual
9,February,24,0.0,0.0,0.0,5,126,1134,ok,optimal,0.0,standard_primal_shadow_dual
9,February,25,0.0,0.0,0.0,2,118,1062,ok,optimal,0.0,standard_primal_shadow_dual
9,February,26,0.0,0.0,0.0,4,122,1098,ok,optimal,0.0,standard_primal_shadow_dual
9,February,27,0.0,0.0,0.0,3,120,1080,ok,optimal,0.0,standard_primal_shadow_dual
9,February,28,0.0,0.0,0.0,8,122,1098,ok,optimal,0.0,standard_primal_shadow_dual
9,February,29,0.0,0.0,0.0,2,124,1116,ok,optimal,0.0,standard_primal_shadow_dual
9,February,30,108.06668005902841,0.0,108.06668005902841,5,122,1098,ok,optimal,108.06668005902841,standard_primal_shadow_dual
9,February,31,0.0,0.0,0.0,2,126,1134,ok,optimal,0.0,standard_primal_shadow_dual
9,February,32,0.0,0.0,0.0,0,0,0,ok,empty_zero_redirection,,
9,February,33,0.0,0.0,0.0,6,124,1116,ok,optimal,0.0,standard_primal_shadow_dual
9,February,34,0.0,0.0,0.0,4,128,1152,ok,optimal,0.0,standard_primal_shadow_dual
9,February,35,0.0,0.0,0.0,3,124,1116,ok,optimal,0.0,standard_primal_shadow_dual
9,February,36,0.0,0.0,0.0,1,120,1080,ok,optimal,0.0,standard_primal_shadow_dual
9,February,37,0.0,0.0,0.0,0,0,0,ok,empty_zero_redirection,,
9,February,38,0.0,0.0,0.0,1,112,1008,ok,optimal,0.0,standard_primal_shadow_dual
9,February,39,0.0,0.0,0.0,1,106,954,ok,optimal,0.0,standard_primal_shadow_dual
9,February,40,0.0,0.0,0.0,0,0,0,ok,empty_zero_redirection,,
9,February,41,0.0,0.0,0.0,0,0,0,ok,empty_zero_redirection,,
9,February,42,0.0,0.0,0.0,0,0,0,ok,empty_zero_redirection,,
9,February,43,0.0,0.0,0.0,0,0,0,ok,empty_zero_redirection,,
9,February,44,0.0,0.0,0.0,0,0,0,ok,empty_zero_redirection,,
9,February,45,0.0,0.0,0.0,0,0,0,ok,empty_zero_redirection,,
9,February,46,0.0,0.0,0.0,0,0,0,ok,empty_zero_redirection,,
9,February,47,0.0,0.0,0.0,0,0,0,ok,empty_zero_redirection,,
9,February,48,0.0,0.0,0.0,0,0,0,ok,empty_zero_redirection,,
9,March,1,0.0,0.0,0.0,0,0,0,ok,empty_zero_redirection,,
9,March,2,0.0,0.0,0.0,1,90,810,ok,optimal,0.0,standard_primal_shadow_dual
9,March,3,0.0,0.0,0.0,3,92,828,ok,optimal,0.0,standard_primal_shadow_dual
9,March,4,0.0,0.0,0.0,1,90,810,ok,optimal,0.0,standard_primal_shadow_dual
9,March,5,0.0,0.0,0.0,0,0,0,ok,empty_zero_redirection,,
9,March,6,0.0,0.0,0.0,0,0,0,ok,empty_zero_redirection,,
9,March,7,0.0,0.0,0.0,0,0,0,ok,empty_zero_redirection,,
9,March,8,0.0,0.0,0.0,0,0,0,ok,empty_zero_redirection,,
9,March,9,0.0,0.0,0.0,0,0,0,ok,empty_zero_redirection,,
9,March,10,0.0,0.0,0.0,0,0,0,ok,empty_zero_redirection,,
9,March,11,0.0,0.0,0.0,0,0,0,ok,empty_zero_redirection,,
9,March,12,0.0,0.0,0.0,0,0,0,ok,empty_zero_redirection,,
9,March,13,0.0,0.0,0.0,0,0,0,ok,empty_zero_redirection,,
9,March,14,0.0,0.0,0.0,1,126,1134,ok,optimal,0.0,standard_primal_shadow_dual
9,March,15,0.0,0.0,0.0,3,126,1134,ok,optimal,0.0,standard_primal_shadow_dual
9,March,16,0.0,0.0,0.0,8,130,1170,ok,optimal,0.0,standard_primal_shadow_dual
9,March,17,0.0,0.0,0.0,13,130,1170,ok,optimal,0.0,standard_primal_shadow_dual
9,March,18,69.84398847160963,0.0,69.84398847160963,9,130,1170,ok,optimal,69.84398847160963,standard_primal_shadow_dual
9,March,19,0.0,0.0,0.0,4,130,1170,ok,optimal,0.0,standard_primal_shadow_dual
9,March,20,0.0,0.0,0.0,6,130,1170,ok,optimal,0.0,standard_primal_shadow_dual
9,March,21,0.0,0.0,0.0,2,130,1170,ok,optimal,0.0,standard_primal_shadow_dual
9,March,22,0.0,0.0,0.0,1,128,1152,ok,optimal,0.0,standard_primal_shadow_dual
9,March,23,0.0,0.0,0.0,7,126,1134,ok,optimal,0.0,standard_primal_shadow_dual
9,March,24,0.0,0.0,0.0,5,126,1134,ok,optimal,0.0,standard_primal_shadow_dual
9,March,25,0.0,0.0,0.0,3,118,1062,ok,optimal,0.0,standard_primal_shadow_dual
9,March,26,0.0,0.0,0.0,3,122,1098,ok,optimal,0.0,standard_primal_shadow_dual
9,March,27,0.0,0.0,0.0,3,120,1080,ok,optimal,0.0,standard_primal_shadow_dual
9,March,28,0.0,0.0,0.0,6,122,1098,ok,optimal,0.0,standard_primal_shadow_dual
9,March,29,0.0,0.0,0.0,3,124,1116,ok,optimal,0.0,standard_primal_shadow_dual
9,March,30,0.0,0.0,0.0,5,122,1098,ok,optimal,0.0,standard_primal_shadow_dual
9,March,31,0.0,0.0,0.0,3,126,1134,ok,optimal,0.0,standard_primal_shadow_dual
9,March,32,0.0,0.0,0.0,0,0,0,ok,empty_zero_redirection,,
9,March,33,0.0,0.0,0.0,6,124,1116,ok,optimal,0.0,standard_primal_shadow_dual
9,March,34,0.0,0.0,0.0,7,128,1152,ok,optimal,0.0,standard_primal_shadow_dual
9,March,35,0.0,0.0,0.0,3,124,1116,ok,optimal,0.0,standard_primal_shadow_dual
9,March,36,0.0,0.0,0.0,1,120,1080,ok,optimal,0.0,standard_primal_shadow_dual
9,March,37,0.0,0.0,0.0,2,108,972,ok,optimal,0.0,standard_primal_shadow_dual
9,March,38,0.0,0.0,0.0,2,112,1008,ok,optimal,0.0,standard_primal_shadow_dual
9,March,39,0.0,0.0,0.0,1,106,954,ok,optimal,0.0,standard_primal_shadow_dual
9,March,40,0.0,0.0,0.0,0,0,0,ok,empty_zero_redirection,,
9,March,41,0.0,0.0,0.0,0,0,0,ok,empty_zero_redirection,,
9,March,42,0.0,0.0,0.0,0,0,0,ok,empty_zero_redirection,,
9,March,43,0.0,0.0,0.0,0,0,0,ok,empty_zero_redirection,,
9,March,44,0.0,0.0,0.0,0,0,0,ok,empty_zero_redirection,,
9,March,45,0.0,0.0,0.0,0,0,0,ok,empty_zero_redirection,,
9,March,46,0.0,0.0,0.0,0,0,0,ok,empty_zero_redirection,,
9,March,47,0.0,0.0,0.0,0,0,0,ok,empty_zero_redirection,,
9,March,48,0.0,0.0,0.0,0,0,0,ok,empty_zero_redirection,,
9,April,1,0.0,0.0,0.0,0,0,0,ok,empty_zero_redirection,,
9,April,2,0.0,0.0,0.0,1,90,810,ok,optimal,0.0,standard_primal_shadow_dual
9,April,3,0.0,0.0,0.0,3,92,828,ok,optimal,0.0,standard_primal_shadow_dual
9,April,4,0.0,0.0,0.0,1,90,810,ok,optimal,0.0,standard_primal_shadow_dual
9,April,5,0.0,0.0,0.0,0,0,0,ok,empty_zero_redirection,,
9,April,6,0.0,0.0,0.0,0,0,0,ok,empty_zero_redirection,,
9,April,7,0.0,0.0,0.0,0,0,0,ok,empty_zero_redirection,,
9,April,8,0.0,0.0,0.0,0,0,0,ok,empty_zero_redirection,,
9,April,9,0.0,0.0,0.0,0,0,0,ok,empty_zero_redirection,,
9,April,10,0.0,0.0,0.0,0,0,0,ok,empty_zero_redirection,,
9,April,11,0.0,0.0,0.0,1,80,720,ok,optimal,0.0,standard_primal_shadow_dual
9,April,12,0.0,0.0,0.0,0,0,0,ok,empty_zero_redirection,,
9,April,13,0.0,0.0,0.0,2,118,1062,ok,optimal,0.0,standard_primal_shadow_dual
9,April,14,0.0,0.0,0.0,1,126,1134,ok,optimal,0.0,standard_primal_shadow_dual
9,April,15,0.0,0.0,0.0,2,126,1134,ok,optimal,0.0,standard_primal_shadow_dual
9,April,16,0.0,0.0,0.0,9,130,1170,ok,optimal,0.0,standard_primal_shadow_dual
9,April,17,0.0,0.0,0.0,14,130,1170,ok,optimal,0.0,standard_primal_shadow_dual
9,April,18,67.59095658542869,0.0,67.59095658542869,11,130,1170,ok,optimal,67.59095658542869,standard_primal_shadow_dual
9,April,19,0.0,0.0,0.0,9,130,1170,ok,optimal,0.0,standard_primal_shadow_dual
9,April,20,264.4754026991729,0.0,264.4754026991729,9,130,1170,ok,optimal,264.4754026991729,standard_primal_shadow_dual
9,April,21,0.0,0.0,0.0,9,130,1170,ok,optimal,0.0,standard_primal_shadow_dual
9,April,22,0.0,0.0,0.0,6,128,1152,ok,optimal,0.0,standard_primal_shadow_dual
9,April,23,0.0,0.0,0.0,9,126,1134,ok,optimal,0.0,standard_primal_shadow_dual
9,April,24,0.0,0.0,0.0,7,126,1134,ok,optimal,0.0,standard_primal_shadow_dual
9,April,25,0.0,0.0,0.0,5,118,1062,ok,optimal,0.0,standard_primal_shadow_dual
9,April,26,0.0,0.0,0.0,7,122,1098,ok,optimal,0.0,standard_primal_shadow_dual
9,April,27,0.0,0.0,0.0,7,120,1080,ok,optimal,0.0,standard_primal_shadow_dual
9,April,28,0.0,0.0,0.0,11,122,1098,ok,optimal,0.0,standard_primal_shadow_dual
9,April,29,0.0,0.0,0.0,11,124,1116,ok,optimal,0.0,standard_primal_shadow_dual
9,April,30,0.0,0.0,0.0,10,122,1098,ok,optimal,0.0,standard_primal_shadow_dual
9,April,31,0.0,0.0,0.0,9,126,1134,ok,optimal,0.0,standard_primal_shadow_dual
9,April,32,0.0,0.0,0.0,7,126,1134,ok,optimal,0.0,standard_primal_shadow_dual
9,April,33,0.0,0.0,0.0,6,124,1116,ok,optimal,0.0,standard_primal_shadow_dual
9,April,34,0.0,0.0,0.0,10,128,1152,ok,optimal,0.0,standard_primal_shadow_dual
9,April,35,0.0,0.0,0.0,6,124,1116,ok,optimal,0.0,standard_primal_shadow_dual
9,April,36,0.0,0.0,0.0,4,120,1080,ok,optimal,0.0,standard_primal_shadow_dual
9,April,37,0.0,0.0,0.0,2,108,972,ok,optimal,0.0,standard_primal_shadow_dual
9,April,38,0.0,0.0,0.0,3,112,1008,ok,optimal,0.0,standard_primal_shadow_dual
9,April,39,0.0,0.0,0.0,1,106,954,ok,optimal,0.0,standard_primal_shadow_dual
9,April,40,0.0,0.0,0.0,0,0,0,ok,empty_zero_redirection,,
9,April,41,0.0,0.0,0.0,0,0,0,ok,empty_zero_redirection,,
9,April,42,0.0,0.0,0.0,0,0,0,ok,empty_zero_redirection,,
9,April,43,0.0,0.0,0.0,0,0,0,ok,empty_zero_redirection,,
9,April,44,0.0,0.0,0.0,0,0,0,ok,empty_zero_redirection,,
9,April,45,0.0,0.0,0.0,0,0,0,ok,empty_zero_redirection,,
9,April,46,0.0,0.0,0.0,0,0,0,ok,empty_zero_redirection,,
9,April,47,0.0,0.0,0.0,0,0,0,ok,empty_zero_redirection,,
9,April,48,0.0,0.0,0.0,0,0,0,ok,empty_zero_redirection,,
9,May,1,0.0,0.0,0.0,0,0,0,ok,empty_zero_redirection,,
9,May,2,0.0,0.0,0.0,1,90,810,ok,optimal,0.0,standard_primal_shadow_dual
9,May,3,0.0,0.0,0.0,3,92,828,ok,optimal,0.0,standard_primal_shadow_dual
9,May,4,0.0,0.0,0.0,1,90,810,ok,optimal,0.0,standard_primal_shadow_dual
9,May,5,0.0,0.0,0.0,0,0,0,ok,empty_zero_redirection,,
9,May,6,0.0,0.0,0.0,0,0,0,ok,empty_zero_redirection,,
9,May,7,0.0,0.0,0.0,0,0,0,ok,empty_zero_redirection,,
9,May,8,0.0,0.0,0.0,0,0,0,ok,empty_zero_redirection,,
9,May,9,0.0,0.0,0.0,0,0,0,ok,empty_zero_redirection,,
9,May,10,0.0,0.0,0.0,0,0,0,ok,empty_zero_redirection,,
9,May,11,0.0,0.0,0.0,1,80,720,ok,optimal,0.0,standard_primal_shadow_dual
9,May,12,0.0,0.0,0.0,1,96,864,ok,optimal,0.0,standard_primal_shadow_dual
9,May,13,0.0,0.0,0.0,1,118,1062,ok,optimal,0.0,standard_primal_shadow_dual
9,May,14,0.0,0.0,0.0,1,126,1134,ok,optimal,0.0,standard_primal_shadow_dual
9,May,15,0.0,0.0,0.0,7,126,1134,ok,optimal,0.0,standard_primal_shadow_dual
9,May,16,0.0,0.0,0.0,11,130,1170,ok,optimal,0.0,standard_primal_shadow_dual
9,May,17,0.0,0.0,0.0,14,130,1170,ok,optimal,0.0,standard_primal_shadow_dual
9,May,18,139.68797694321927,0.0,139.68797694321927,12,130,1170,ok,optimal,139.68797694321927,standard_primal_shadow_dual
9,May,19,0.0,0.0,0.0,14,130,1170,ok,optimal,0.0,standard_primal_shadow_dual
9,May,20,311.0039023629064,0.0,311.0039023629064,15,130,1170,ok,optimal,311.0039023629064,standard_primal_shadow_dual
9,May,21,0.0,0.0,0.0,10,130,1170,ok,optimal,0.0,standard_primal_shadow_dual
9,May,22,0.0,0.0,0.0,8,128,1152,ok,optimal,0.0,standard_primal_shadow_dual
9,May,23,0.0,0.0,0.0,6,126,1134,ok,optimal,0.0,standard_primal_shadow_dual
9,May,24,0.0,0.0,0.0,6,126,1134,ok,optimal,0.0,standard_primal_shadow_dual
9,May,25,0.0,0.0,0.0,5,118,1062,ok,optimal,0.0,standard_primal_shadow_dual
9,May,26,0.0,0.0,0.0,5,122,1098,ok,optimal,0.0,standard_primal_shadow_dual
9,May,27,0.0,0.0,0.0,4,120,1080,ok,optimal,0.0,standard_primal_shadow_dual
9,May,28,0.0,0.0,0.0,8,122,1098,ok,optimal,0.0,standard_primal_shadow_dual
9,May,29,0.0,0.0,0.0,8,124,1116,ok,optimal,0.0,standard_primal_shadow_dual
9,May,30,0.0,0.0,0.0,7,122,1098,ok,optimal,0.0,standard_primal_shadow_dual
9,May,31,0.0,0.0,0.0,7,126,1134,ok,optimal,0.0,standard_primal_shadow_dual
9,May,32,0.0,0.0,0.0,7,126,1134,ok,optimal,0.0,standard_primal_shadow_dual
9,May,33,0.0,0.0,0.0,6,124,1116,ok,optimal,0.0,standard_primal_shadow_dual
9,May,34,0.0,0.0,0.0,9,128,1152,ok,optimal,0.0,standard_primal_shadow_dual
9,May,35,0.0,0.0,0.0,6,124,1116,ok,optimal,0.0,standard_primal_shadow_dual
9,May,36,0.0,0.0,0.0,5,120,1080,ok,optimal,0.0,standard_primal_shadow_dual
9,May,37,0.0,0.0,0.0,4,108,972,ok,optimal,0.0,standard_primal_shadow_dual
9,May,38,0.0,0.0,0.0,4,112,1008,ok,optimal,0.0,standard_primal_shadow_dual
9,May,39,0.0,0.0,0.0,1,106,954,ok,optimal,0.0,standard_primal_shadow_dual
9,May,40,0.0,0.0,0.0,0,0,0,ok,empty_zero_redirection,,
9,May,41,0.0,0.0,0.0,0,0,0,ok,empty_zero_redirection,,
9,May,42,0.0,0.0,0.0,0,0,0,ok,empty_zero_redirection,,
9,May,43,0.0,0.0,0.0,0,0,0,ok,empty_zero_redirection,,
9,May,44,0.0,0.0,0.0,0,0,0,ok,empty_zero_redirection,,
9,May,45,0.0,0.0,0.0,0,0,0,ok,empty_zero_redirection,,
9,May,46,0.0,0.0,0.0,0,0,0,ok,empty_zero_redirection,,
9,May,47,0.0,0.0,0.0,0,0,0,ok,empty_zero_redirection,,
9,May,48,0.0,0.0,0.0,0,0,0,ok,empty_zero_redirection,,
9,June,1,0.0,0.0,0.0,0,0,0,ok,empty_zero_redirection,,
9,June,2,0.0,0.0,0.0,1,90,810,ok,optimal,0.0,standard_primal_shadow_dual
9,June,3,0.0,0.0,0.0,3,92,828,ok,optimal,0.0,standard_primal_shadow_dual
9,June,4,0.0,0.0,0.0,1,90,810,ok,optimal,0.0,standard_primal_shadow_dual
9,June,5,0.0,0.0,0.0,0,0,0,ok,empty_zero_redirection,,
9,June,6,0.0,0.0,0.0,0,0,0,ok,empty_zero_redirection,,
9,June,7,0.0,0.0,0.0,5,24,216,ok,optimal,0.0,standard_primal_shadow_dual
9,June,8,0.0,0.0,0.0,4,20,180,ok,optimal,0.0,standard_primal_shadow_dual
9,June,9,0.0,0.0,0.0,4,32,288,ok,optimal,0.0,standard_primal_shadow_dual
9,June,10,52.08255000000002,0.0,52.08255000000002,4,32,288,ok,optimal,52.08255000000002,standard_primal_shadow_dual
9,June,11,0.0,0.0,0.0,5,80,720,ok,optimal,0.0,standard_primal_shadow_dual
9,June,12,0.0,0.0,0.0,2,96,864,ok,optimal,0.0,standard_primal_shadow_dual
9,June,13,0.0,0.0,0.0,4,118,1062,ok,optimal,0.0,standard_primal_shadow_dual
9,June,14,0.0,0.0,0.0,3,126,1134,ok,optimal,0.0,standard_primal_shadow_dual
9,June,15,0.0,0.0,0.0,4,126,1134,ok,optimal,0.0,standard_primal_shadow_dual
9,June,16,0.0,0.0,0.0,9,130,1170,ok,optimal,0.0,standard_primal_shadow_dual
9,June,17,106.8387625962243,0.0,106.8387625962243,15,130,1170,ok,optimal,106.8387625962243,standard_primal_shadow_dual
9,June,18,0.0,0.0,0.0,9,130,1170,ok,optimal,0.0,standard_primal_shadow_dual
9,June,19,0.0,0.0,0.0,12,130,1170,ok,optimal,0.0,standard_primal_shadow_dual
9,June,20,0.0,0.0,0.0,10,130,1170,ok,optimal,0.0,standard_primal_shadow_dual
9,June,21,0.0,0.0,0.0,11,130,1170,ok,optimal,0.0,standard_primal_shadow_dual
9,June,22,0.0,0.0,0.0,8,128,1152,ok,optimal,0.0,standard_primal_shadow_dual
9,June,23,0.0,0.0,0.0,11,126,1134,ok,optimal,0.0,standard_primal_shadow_dual
9,June,24,0.0,0.0,0.0,10,126,1134,ok,optimal,0.0,standard_primal_shadow_dual
9,June,25,0.0,0.0,0.0,10,118,1062,ok,optimal,0.0,standard_primal_shadow_dual
9,June,26,0.0,0.0,0.0,10,122,1098,ok,optimal,0.0,standard_primal_shadow_dual
9,June,27,0.0,0.0,0.0,10,120,1080,ok,optimal,0.0,standard_primal_shadow_dual
9,June,28,0.0,0.0,0.0,11,122,1098,ok,optimal,0.0,standard_primal_shadow_dual
9,June,29,0.0,0.0,0.0,11,124,1116,ok,optimal,0.0,standard_primal_shadow_dual
9,June,30,0.0,0.0,0.0,14,122,1098,ok,optimal,0.0,standard_primal_shadow_dual
9,June,31,0.0,0.0,0.0,10,126,1134,ok,optimal,0.0,standard_primal_shadow_dual
9,June,32,0.0,0.0,0.0,12,126,1134,ok,optimal,0.0,standard_primal_shadow_dual
9,June,33,0.0,0.0,0.0,8,124,1116,ok,optimal,0.0,standard_primal_shadow_dual
9,June,34,0.0,0.0,0.0,9,128,1152,ok,optimal,0.0,standard_primal_shadow_dual
9,June,35,0.0,0.0,0.0,6,124,1116,ok,optimal,0.0,standard_primal_shadow_dual
9,June,36,0.0,0.0,0.0,3,120,1080,ok,optimal,0.0,standard_primal_shadow_dual
9,June,37,0.0,0.0,0.0,3,108,972,ok,optimal,0.0,standard_primal_shadow_dual
9,June,38,0.0,0.0,0.0,3,112,1008,ok,optimal,0.0,standard_primal_shadow_dual
9,June,39,0.0,0.0,0.0,1,106,954,ok,optimal,0.0,standard_primal_shadow_dual
9,June,40,0.0,0.0,0.0,0,0,0,ok,empty_zero_redirection,,
9,June,41,0.0,0.0,0.0,0,0,0,ok,empty_zero_redirection,,
9,June,42,0.0,0.0,0.0,0,0,0,ok,empty_zero_redirection,,
9,June,43,0.0,0.0,0.0,0,0,0,ok,empty_zero_redirection,,
9,June,44,0.0,0.0,0.0,0,0,0,ok,empty_zero_redirection,,
9,June,45,0.0,0.0,0.0,0,0,0,ok,empty_zero_redirection,,
9,June,46,0.0,0.0,0.0,0,0,0,ok,empty_zero_redirection,,
9,June,47,0.0,0.0,0.0,0,0,0,ok,empty_zero_redirection,,
9,June,48,0.0,0.0,0.0,0,0,0,ok,empty_zero_redirection,,
9,July,1,0.0,0.0,0.0,0,0,0,ok,empty_zero_redirection,,
9,July,2,0.0,0.0,0.0,1,90,810,ok,optimal,0.0,standard_primal_shadow_dual
9,July,3,0.0,0.0,0.0,3,92,828,ok,optimal,0.0,standard_primal_shadow_dual
9,July,4,0.0,0.0,0.0,1,90,810,ok,optimal,0.0,standard_primal_shadow_dual
9,July,5,0.0,0.0,0.0,0,0,0,ok,empty_zero_redirection,,
9,July,6,0.0,0.0,0.0,0,0,0,ok,empty_zero_redirection,,
9,July,7,0.0,0.0,0.0,0,0,0,ok,empty_zero_redirection,,
9,July,8,0.0,0.0,0.0,0,0,0,ok,empty_zero_redirection,,
9,July,9,0.0,0.0,0.0,0,0,0,ok,empty_zero_redirection,,
9,July,10,0.0,0.0,0.0,0,0,0,ok,empty_zero_redirection,,
9,July,11,0.0,0.0,0.0,1,80,720,ok,optimal,0.0,standard_primal_shadow_dual
9,July,12,0.0,0.0,0.0,0,0,0,ok,empty_zero_redirection,,
9,July,13,0.0,0.0,0.0,1,118,1062,ok,optimal,0.0,standard_primal_shadow_dual
9,July,14,0.0,0.0,0.0,1,126,1134,ok,optimal,0.0,standard_primal_shadow_dual
9,July,15,0.0,0.0,0.0,1,126,1134,ok,optimal,0.0,standard_primal_shadow_dual
9,July,16,0.0,0.0,0.0,7,130,1170,ok,optimal,0.0,standard_primal_shadow_dual
9,July,17,0.0,0.0,0.0,13,130,1170,ok,optimal,0.0,standard_primal_shadow_dual
9,July,18,0.0,0.0,0.0,7,130,1170,ok,optimal,0.0,standard_primal_shadow_dual
9,July,19,0.0,0.0,0.0,6,130,1170,ok,optimal,0.0,standard_primal_shadow_dual
9,July,20,0.0,0.0,0.0,6,130,1170,ok,optimal,0.0,standard_primal_shadow_dual
9,July,21,0.0,0.0,0.0,2,130,1170,ok,optimal,0.0,standard_primal_shadow_dual
9,July,22,0.0,0.0,0.0,2,128,1152,ok,optimal,0.0,standard_primal_shadow_dual
9,July,23,0.0,0.0,0.0,8,126,1134,ok,optimal,0.0,standard_primal_shadow_dual
9,July,24,0.0,0.0,0.0,5,126,1134,ok,optimal,0.0,standard_primal_shadow_dual
9,July,25,0.0,0.0,0.0,4,118,1062,ok,optimal,0.0,standard_primal_shadow_dual
9,July,26,0.0,0.0,0.0,4,122,1098,ok,optimal,0.0,standard_primal_shadow_dual
9,July,27,0.0,0.0,0.0,4,120,1080,ok,optimal,0.0,standard_primal_shadow_dual
9,July,28,0.0,0.0,0.0,6,122,1098,ok,optimal,0.0,standard_primal_shadow_dual
9,July,29,0.0,0.0,0.0,3,124,1116,ok,optimal,0.0,standard_primal_shadow_dual
9,July,30,0.0,0.0,0.0,6,122,1098,ok,optimal,0.0,standard_primal_shadow_dual
9,July,31,0.0,0.0,0.0,5,126,1134,ok,optimal,0.0,standard_primal_shadow_dual
9,July,32,0.0,0.0,0.0,1,126,1134,ok,optimal,0.0,standard_primal_shadow_dual
9,July,33,0.0,0.0,0.0,6,124,1116,ok,optimal,0.0,standard_primal_shadow_dual
9,July,34,0.0,0.0,0.0,7,128,1152,ok,optimal,0.0,standard_primal_shadow_dual
9,July,35,0.0,0.0,0.0,6,124,1116,ok,optimal,0.0,standard_primal_shadow_dual
9,July,36,0.0,0.0,0.0,3,120,1080,ok,optimal,0.0,standard_primal_shadow_dual
9,July,37,0.0,0.0,0.0,2,108,972,ok,optimal,0.0,standard_primal_shadow_dual
9,July,38,0.0,0.0,0.0,3,112,1008,ok,optimal,0.0,standard_primal_shadow_dual
9,July,39,0.0,0.0,0.0,1,106,954,ok,optimal,0.0,standard_primal_shadow_dual
9,July,40,0.0,0.0,0.0,0,0,0,ok,empty_zero_redirection,,
9,July,41,0.0,0.0,0.0,0,0,0,ok,empty_zero_redirection,,
9,July,42,0.0,0.0,0.0,0,0,0,ok,empty_zero_redirection,,
9,July,43,0.0,0.0,0.0,0,0,0,ok,empty_zero_redirection,,
9,July,44,0.0,0.0,0.0,0,0,0,ok,empty_zero_redirection,,
9,July,45,0.0,0.0,0.0,0,0,0,ok,empty_zero_redirection,,
9,July,46,0.0,0.0,0.0,0,0,0,ok,empty_zero_redirection,,
9,July,47,0.0,0.0,0.0,0,0,0,ok,empty_zero_redirection,,
9,July,48,0.0,0.0,0.0,0,0,0,ok,empty_zero_redirection,,
9,August,1,0.0,0.0,0.0,0,0,0,ok,empty_zero_redirection,,
9,August,2,0.0,0.0,0.0,1,90,810,ok,optimal,0.0,standard_primal_shadow_dual
9,August,3,0.0,0.0,0.0,3,92,828,ok,optimal,0.0,standard_primal_shadow_dual
9,August,4,0.0,0.0,0.0,1,90,810,ok,optimal,0.0,standard_primal_shadow_dual
9,August,5,0.0,0.0,0.0,0,0,0,ok,empty_zero_redirection,,
9,August,6,0.0,0.0,0.0,0,0,0,ok,empty_zero_redirection,,
9,August,7,0.0,0.0,0.0,0,0,0,ok,empty_zero_redirection,,
9,August,8,0.0,0.0,0.0,0,0,0,ok,empty_zero_redirection,,
9,August,9,0.0,0.0,0.0,0,0,0,ok,empty_zero_redirection,,
9,August,10,0.0,0.0,0.0,0,0,0,ok,empty_zero_redirection,,
9,August,11,0.0,0.0,0.0,1,80,720,ok,optimal,0.0,standard_primal_shadow_dual
9,August,12,0.0,0.0,0.0,0,0,0,ok,empty_zero_redirection,,
9,August,13,0.0,0.0,0.0,0,0,0,ok,empty_zero_redirection,,
9,August,14,0.0,0.0,0.0,1,126,1134,ok,optimal,0.0,standard_primal_shadow_dual
9,August,15,0.0,0.0,0.0,1,126,1134,ok,optimal,0.0,standard_primal_shadow_dual
9,August,16,0.0,0.0,0.0,7,130,1170,ok,optimal,0.0,standard_primal_shadow_dual
9,August,17,0.0,0.0,0.0,12,130,1170,ok,optimal,0.0,standard_primal_shadow_dual
9,August,18,69.84398847160963,0.0,69.84398847160963,6,130,1170,ok,optimal,69.84398847160963,standard_primal_shadow_dual
9,August,19,0.0,0.0,0.0,3,130,1170,ok,optimal,0.0,standard_primal_shadow_dual
9,August,20,0.0,0.0,0.0,4,130,1170,ok,optimal,0.0,standard_primal_shadow_dual
9,August,21,0.0,0.0,0.0,2,130,1170,ok,optimal,0.0,standard_primal_shadow_dual
9,August,22,0.0,0.0,0.0,1,128,1152,ok,optimal,0.0,standard_primal_shadow_dual
9,August,23,0.0,0.0,0.0,6,126,1134,ok,optimal,0.0,standard_primal_shadow_dual
9,August,24,0.0,0.0,0.0,5,126,1134,ok,optimal,0.0,standard_primal_shadow_dual
9,August,25,0.0,0.0,0.0,5,118,1062,ok,optimal,0.0,standard_primal_shadow_dual
9,August,26,0.0,0.0,0.0,3,122,1098,ok,optimal,0.0,standard_primal_shadow_dual
9,August,27,0.0,0.0,0.0,3,120,1080,ok,optimal,0.0,standard_primal_shadow_dual
9,August,28,0.0,0.0,0.0,7,122,1098,ok,optimal,0.0,standard_primal_shadow_dual
9,August,29,0.0,0.0,0.0,4,124,1116,ok,optimal,0.0,standard_primal_shadow_dual
9,August,30,0.0,0.0,0.0,8,122,1098,ok,optimal,0.0,standard_primal_shadow_dual
9,August,31,0.0,0.0,0.0,4,126,1134,ok,optimal,0.0,standard_primal_shadow_dual
9,August,32,0.0,0.0,0.0,1,126,1134,ok,optimal,0.0,standard_primal_shadow_dual
9,August,33,0.0,0.0,0.0,6,124,1116,ok,optimal,0.0,standard_primal_shadow_dual
9,August,34,0.0,0.0,0.0,9,128,1152,ok,optimal,0.0,standard_primal_shadow_dual
9,August,35,0.0,0.0,0.0,4,124,1116,ok,optimal,0.0,standard_primal_shadow_dual
9,August,36,0.0,0.0,0.0,3,120,1080,ok,optimal,0.0,standard_primal_shadow_dual
9,August,37,0.0,0.0,0.0,0,0,0,ok,empty_zero_redirection,,
9,August,38,0.0,0.0,0.0,1,112,1008,ok,optimal,0.0,standard_primal_shadow_dual
9,August,39,0.0,0.0,0.0,1,106,954,ok,optimal,0.0,standard_primal_shadow_dual
9,August,40,0.0,0.0,0.0,0,0,0,ok,empty_zero_redirection,,
9,August,41,0.0,0.0,0.0,0,0,0,ok,empty_zero_redirection,,
9,August,42,0.0,0.0,0.0,0,0,0,ok,empty_zero_redirection,,
9,August,43,0.0,0.0,0.0,0,0,0,ok,empty_zero_redirection,,
9,August,44,0.0,0.0,0.0,0,0,0,ok,empty_zero_redirection,,
9,August,45,0.0,0.0,0.0,0,0,0,ok,empty_zero_redirection,,
9,August,46,0.0,0.0,0.0,0,0,0,ok,empty_zero_redirection,,
9,August,47,0.0,0.0,0.0,0,0,0,ok,empty_zero_redirection,,
9,August,48,0.0,0.0,0.0,0,0,0,ok,empty_zero_redirection,,
9,September,1,0.0,0.0,0.0,0,0,0,ok,empty_zero_redirection,,
9,September,2,0.0,0.0,0.0,1,90,810,ok,optimal,0.0,standard_primal_shadow_dual
9,September,3,0.0,0.0,0.0,3,92,828,ok,optimal,0.0,standard_primal_shadow_dual
9,September,4,0.0,0.0,0.0,1,90,810,ok,optimal,0.0,standard_primal_shadow_dual
9,September,5,0.0,0.0,0.0,0,0,0,ok,empty_zero_redirection,,
9,September,6,0.0,0.0,0.0,0,0,0,ok,empty_zero_redirection,,
9,September,7,0.0,0.0,0.0,0,0,0,ok,empty_zero_redirection,,
9,September,8,0.0,0.0,0.0,0,0,0,ok,empty_zero_redirection,,
9,September,9,0.0,0.0,0.0,0,0,0,ok,empty_zero_redirection,,
9,September,10,0.0,0.0,0.0,0,0,0,ok,empty_zero_redirection,,
9,September,11,0.0,0.0,0.0,1,80,720,ok,optimal,0.0,standard_primal_shadow_dual
9,September,12,0.0,0.0,0.0,0,0,0,ok,empty_zero_redirection,,
9,September,13,0.0,0.0,0.0,0,0,0,ok,empty_zero_redirection,,
9,September,14,0.0,0.0,0.0,1,126,1134,ok,optimal,0.0,standard_primal_shadow_dual
9,September,15,0.0,0.0,0.0,2,126,1134,ok,optimal,0.0,standard_primal_shadow_dual
9,September,16,0.0,0.0,0.0,7,130,1170,ok,optimal,0.0,standard_primal_shadow_dual
9,September,17,202.55735481136085,0.0,202.55735481136085,14,130,1170,ok,optimal,202.55735481136085,standard_primal_shadow_dual
9,September,18,0.0,0.0,0.0,7,130,1170,ok,optimal,0.0,standard_primal_shadow_dual
9,September,19,0.0,0.0,0.0,6,130,1170,ok,optimal,0.0,standard_primal_shadow_dual
9,September,20,0.0,0.0,0.0,4,130,1170,ok,optimal,0.0,standard_primal_shadow_dual
9,September,21,0.0,0.0,0.0,2,130,1170,ok,optimal,0.0,standard_primal_shadow_dual
9,September,22,0.0,0.0,0.0,1,128,1152,ok,optimal,0.0,standard_primal_shadow_dual
9,September,23,0.0,0.0,0.0,6,126,1134,ok,optimal,0.0,standard_primal_shadow_dual
9,September,24,0.0,0.0,0.0,5,126,1134,ok,optimal,0.0,standard_primal_shadow_dual
9,September,25,0.0,0.0,0.0,5,118,1062,ok,optimal,0.0,standard_primal_shadow_dual
9,September,26,0.0,0.0,0.0,4,122,1098,ok,optimal,0.0,standard_primal_shadow_dual
9,September,27,0.0,0.0,0.0,4,120,1080,ok,optimal,0.0,standard_primal_shadow_dual
9,September,28,0.0,0.0,0.0,9,122,1098,ok,optimal,0.0,standard_primal_shadow_dual
9,September,29,0.0,0.0,0.0,4,124,1116,ok,optimal,0.0,standard_primal_shadow_dual
9,September,30,0.0,0.0,0.0,8,122,1098,ok,optimal,0.0,standard_primal_shadow_dual
9,September,31,0.0,0.0,0.0,2,126,1134,ok,optimal,0.0,standard_primal_shadow_dual
9,September,32,0.0,0.0,0.0,0,0,0,ok,empty_zero_redirection,,
9,September,33,0.0,0.0,0.0,6,124,1116,ok,optimal,0.0,standard_primal_shadow_dual
9,September,34,0.0,0.0,0.0,5,128,1152,ok,optimal,0.0,standard_primal_shadow_dual
9,September,35,0.0,0.0,0.0,3,124,1116,ok,optimal,0.0,standard_primal_shadow_dual
9,September,36,0.0,0.0,0.0,1,120,1080,ok,optimal,0.0,standard_primal_shadow_dual
9,September,37,0.0,0.0,0.0,0,0,0,ok,empty_zero_redirection,,
9,September,38,0.0,0.0,0.0,1,112,1008,ok,optimal,0.0,standard_primal_shadow_dual
9,September,39,0.0,0.0,0.0,1,106,954,ok,optimal,0.0,standard_primal_shadow_dual
9,September,40,0.0,0.0,0.0,0,0,0,ok,empty_zero_redirection,,
9,September,41,0.0,0.0,0.0,0,0,0,ok,empty_zero_redirection,,
9,September,42,0.0,0.0,0.0,0,0,0,ok,empty_zero_redirection,,
9,September,43,0.0,0.0,0.0,0,0,0,ok,empty_zero_redirection,,
9,September,44,0.0,0.0,0.0,0,0,0,ok,empty_zero_redirection,,
9,September,45,0.0,0.0,0.0,0,0,0,ok,empty_zero_redirection,,
9,September,46,0.0,0.0,0.0,0,0,0,ok,empty_zero_redirection,,
9,September,47,0.0,0.0,0.0,0,0,0,ok,empty_zero_redirection,,
9,September,48,0.0,0.0,0.0,0,0,0,ok,empty_zero_redirection,,
9,October,1,0.0,0.0,0.0,0,0,0,ok,empty_zero_redirection,,
9,October,2,0.0,0.0,0.0,1,90,810,ok,optimal,0.0,standard_primal_shadow_dual
9,October,3,0.0,0.0,0.0,3,92,828,ok,optimal,0.0,standard_primal_shadow_dual
9,October,4,0.0,0.0,0.0,1,90,810,ok,optimal,0.0,standard_primal_shadow_dual
9,October,5,0.0,0.0,0.0,0,0,0,ok,empty_zero_redirection,,
9,October,6,0.0,0.0,0.0,0,0,0,ok,empty_zero_redirection,,
9,October,7,0.0,0.0,0.0,0,0,0,ok,empty_zero_redirection,,
9,October,8,0.0,0.0,0.0,0,0,0,ok,empty_zero_redirection,,
9,October,9,0.0,0.0,0.0,0,0,0,ok,empty_zero_redirection,,
9,October,10,0.0,0.0,0.0,0,0,0,ok,empty_zero_redirection,,
9,October,11,0.0,0.0,0.0,0,0,0,ok,empty_zero_redirection,,
9,October,12,0.0,0.0,0.0,0,0,0,ok,empty_zero_redirection,,
9,October,13,0.0,0.0,0.0,0,0,0,ok,empty_zero_redirection,,
9,October,14,0.0,0.0,0.0,1,126,1134,ok,optimal,0.0,standard_primal_shadow_dual
9,October,15,0.0,0.0,0.0,1,126,1134,ok,optimal,0.0,standard_primal_shadow_dual
9,October,16,0.0,0.0,0.0,7,130,1170,ok,optimal,0.0,standard_primal_shadow_dual
9,October,17,69.00283661467786,0.0,69.00283661467786,12,130,1170,ok,optimal,69.00283661467786,standard_primal_shadow_dual
9,October,18,0.0,0.0,0.0,6,130,1170,ok,optimal,0.0,standard_primal_shadow_dual
9,October,19,0.0,0.0,0.0,3,130,1170,ok,optimal,0.0,standard_primal_shadow_dual
9,October,20,0.0,0.0,0.0,2,130,1170,ok,optimal,0.0,standard_primal_shadow_dual
9,October,21,0.0,0.0,0.0,0,0,0,ok,empty_zero_redirection,,
9,October,22,0.0,0.0,0.0,0,0,0,ok,empty_zero_redirection,,
9,October,23,0.0,0.0,0.0,6,126,1134,ok,optimal,0.0,standard_primal_shadow_dual
9,October,24,0.0,0.0,0.0,4,126,1134,ok,optimal,0.0,standard_primal_shadow_dual
9,October,25,0.0,0.0,0.0,2,118,1062,ok,optimal,0.0,standard_primal_shadow_dual
9,October,26,0.0,0.0,0.0,2,122,1098,ok,optimal,0.0,standard_primal_shadow_dual
9,October,27,0.0,0.0,0.0,3,120,1080,ok,optimal,0.0,standard_primal_shadow_dual
9,October,28,0.0,0.0,0.0,6,122,1098,ok,optimal,0.0,standard_primal_shadow_dual
9,October,29,0.0,0.0,0.0,2,124,1116,ok,optimal,0.0,standard_primal_shadow_dual
9,October,30,0.0,0.0,0.0,5,122,1098,ok,optimal,0.0,standard_primal_shadow_dual
9,October,31,0.0,0.0,0.0,2,126,1134,ok,optimal,0.0,standard_primal_shadow_dual
9,October,32,0.0,0.0,0.0,0,0,0,ok,empty_zero_redirection,,
9,October,33,0.0,0.0,0.0,5,124,1116,ok,optimal,0.0,standard_primal_shadow_dual
9,October,34,0.0,0.0,0.0,4,128,1152,ok,optimal,0.0,standard_primal_shadow_dual
9,October,35,0.0,0.0,0.0,3,124,1116,ok,optimal,0.0,standard_primal_shadow_dual
9,October,36,0.0,0.0,0.0,1,120,1080,ok,optimal,0.0,standard_primal_shadow_dual
9,October,37,0.0,0.0,0.0,0,0,0,ok,empty_zero_redirection,,
9,October,38,0.0,0.0,0.0,1,112,1008,ok,optimal,0.0,standard_primal_shadow_dual
9,October,39,0.0,0.0,0.0,1,106,954,ok,optimal,0.0,standard_primal_shadow_dual
9,October,40,0.0,0.0,0.0,0,0,0,ok,empty_zero_redirection,,
9,October,41,0.0,0.0,0.0,0,0,0,ok,empty_zero_redirection,,
9,October,42,0.0,0.0,0.0,0,0,0,ok,empty_zero_redirection,,
9,October,43,0.0,0.0,0.0,0,0,0,ok,empty_zero_redirection,,
9,October,44,0.0,0.0,0.0,0,0,0,ok,empty_zero_redirection,,
9,October,45,0.0,0.0,0.0,0,0,0,ok,empty_zero_redirection,,
9,October,46,0.0,0.0,0.0,0,0,0,ok,empty_zero_redirection,,
9,October,47,0.0,0.0,0.0,0,0,0,ok,empty_zero_redirection,,
9,October,48,0.0,0.0,0.0,0,0,0,ok,empty_zero_redirection,,
9,November,1,0.0,0.0,0.0,0,0,0,ok,empty_zero_redirection,,
9,November,2,0.0,0.0,0.0,1,90,810,ok,optimal,0.0,standard_primal_shadow_dual
9,November,3,0.0,0.0,0.0,3,92,828,ok,optimal,0.0,standard_primal_shadow_dual
9,November,4,0.0,0.0,0.0,1,90,810,ok,optimal,0.0,standard_primal_shadow_dual
9,November,5,0.0,0.0,0.0,0,0,0,ok,empty_zero_redirection,,
9,November,6,0.0,0.0,0.0,0,0,0,ok,empty_zero_redirection,,
9,November,7,0.0,0.0,0.0,0,0,0,ok,empty_zero_redirection,,
9,November,8,0.0,0.0,0.0,0,0,0,ok,empty_zero_redirection,,
9,November,9,0.0,0.0,0.0,0,0,0,ok,empty_zero_redirection,,
9,November,10,0.0,0.0,0.0,0,0,0,ok,empty_zero_redirection,,
9,November,11,0.0,0.0,0.0,0,0,0,ok,empty_zero_redirection,,
9,November,12,0.0,0.0,0.0,0,0,0,ok,empty_zero_redirection,,
9,November,13,0.0,0.0,0.0,0,0,0,ok,empty_zero_redirection,,
9,November,14,0.0,0.0,0.0,1,126,1134,ok,optimal,0.0,standard_primal_shadow_dual
9,November,15,0.0,0.0,0.0,1,126,1134,ok,optimal,0.0,standard_primal_shadow_dual
9,November,16,0.0,0.0,0.0,7,130,1170,ok,optimal,0.0,standard_primal_shadow_dual
9,November,17,0.0,0.0,0.0,12,130,1170,ok,optimal,0.0,standard_primal_shadow_dual
9,November,18,0.0,0.0,0.0,6,130,1170,ok,optimal,0.0,standard_primal_shadow_dual
9,November,19,0.0,0.0,0.0,3,130,1170,ok,optimal,0.0,standard_primal_shadow_dual
9,November,20,0.0,0.0,0.0,2,130,1170,ok,optimal,0.0,standard_primal_shadow_dual
9,November,21,0.0,0.0,0.0,0,0,0,ok,empty_zero_redirection,,
9,November,22,0.0,0.0,0.0,0,0,0,ok,empty_zero_redirection,,
9,November,23,0.0,0.0,0.0,6,126,1134,ok,optimal,0.0,standard_primal_shadow_dual
9,November,24,0.0,0.0,0.0,4,126,1134,ok,optimal,0.0,standard_primal_shadow_dual
9,November,25,0.0,0.0,0.0,2,118,1062,ok,optimal,0.0,standard_primal_shadow_dual
9,November,26,0.0,0.0,0.0,2,122,1098,ok,optimal,0.0,standard_primal_shadow_dual
9,November,27,0.0,0.0,0.0,3,120,1080,ok,optimal,0.0,standard_primal_shadow_dual
9,November,28,0.0,0.0,0.0,6,122,1098,ok,optimal,0.0,standard_primal_shadow_dual
9,November,29,0.0,0.0,0.0,1,124,1116,ok,optimal,0.0,standard_primal_shadow_dual
9,November,30,0.0,0.0,0.0,4,122,1098,ok,optimal,0.0,standard_primal_shadow_dual
9,November,31,0.0,0.0,0.0,2,126,1134,ok,optimal,0.0,standard_primal_shadow_dual
9,November,32,0.0,0.0,0.0,0,0,0,ok,empty_zero_redirection,,
9,November,33,0.0,0.0,0.0,5,124,1116,ok,optimal,0.0,standard_primal_shadow_dual
9,November,34,0.0,0.0,0.0,4,128,1152,ok,optimal,0.0,standard_primal_shadow_dual
9,November,35,0.0,0.0,0.0,3,124,1116,ok,optimal,0.0,standard_primal_shadow_dual
9,November,36,0.0,0.0,0.0,1,120,1080,ok,optimal,0.0,standard_primal_shadow_dual
9,November,37,0.0,0.0,0.0,0,0,0,ok,empty_zero_redirection,,
9,November,38,0.0,0.0,0.0,1,112,1008,ok,optimal,0.0,standard_primal_shadow_dual
9,November,39,0.0,0.0,0.0,1,106,954,ok,optimal,0.0,standard_primal_shadow_dual
9,November,40,0.0,0.0,0.0,0,0,0,ok,empty_zero_redirection,,
9,November,41,0.0,0.0,0.0,0,0,0,ok,empty_zero_redirection,,
9,November,42,0.0,0.0,0.0,0,0,0,ok,empty_zero_redirection,,
9,November,43,0.0,0.0,0.0,0,0,0,ok,empty_zero_redirection,,
9,November,44,0.0,0.0,0.0,0,0,0,ok,empty_zero_redirection,,
9,November,45,0.0,0.0,0.0,0,0,0,ok,empty_zero_redirection,,
9,November,46,0.0,0.0,0.0,0,0,0,ok,empty_zero_redirection,,
9,November,47,0.0,0.0,0.0,0,0,0,ok,empty_zero_redirection,,
9,November,48,0.0,0.0,0.0,0,0,0,ok,empty_zero_redirection,,
9,December,1,0.0,0.0,0.0,0,0,0,ok,empty_zero_redirection,,
9,December,2,0.0,0.0,0.0,1,90,810,ok,optimal,0.0,standard_primal_shadow_dual
9,December,3,0.0,0.0,0.0,3,92,828,ok,optimal,0.0,standard_primal_shadow_dual
9,December,4,0.0,0.0,0.0,1,90,810,ok,optimal,0.0,standard_primal_shadow_dual
9,December,5,0.0,0.0,0.0,0,0,0,ok,empty_zero_redirection,,
9,December,6,0.0,0.0,0.0,0,0,0,ok,empty_zero_redirection,,
9,December,7,0.0,0.0,0.0,0,0,0,ok,empty_zero_redirection,,
9,December,8,0.0,0.0,0.0,0,0,0,ok,empty_zero_redirection,,
9,December,9,0.0,0.0,0.0,0,0,0,ok,empty_zero_redirection,,
9,December,10,0.0,0.0,0.0,0,0,0,ok,empty_zero_redirection,,
9,December,11,0.0,0.0,0.0,0,0,0,ok,empty_zero_redirection,,
9,December,12,0.0,0.0,0.0,0,0,0,ok,empty_zero_redirection,,
9,December,13,0.0,0.0,0.0,0,0,0,ok,empty_zero_redirection,,
9,December,14,0.0,0.0,0.0,1,126,1134,ok,optimal,0.0,standard_primal_shadow_dual
9,December,15,0.0,0.0,0.0,1,126,1134,ok,optimal,0.0,standard_primal_shadow_dual
9,December,16,0.0,0.0,0.0,7,130,1170,ok,optimal,0.0,standard_primal_shadow_dual
9,December,17,0.0,0.0,0.0,12,130,1170,ok,optimal,0.0,standard_primal_shadow_dual
9,December,18,0.0,0.0,0.0,6,130,1170,ok,optimal,0.0,standard_primal_shadow_dual
9,December,19,0.0,0.0,0.0,3,130,1170,ok,optimal,0.0,standard_primal_shadow_dual
9,December,20,0.0,0.0,0.0,2,130,1170,ok,optimal,0.0,standard_primal_shadow_dual
9,December,21,0.0,0.0,0.0,0,0,0,ok,empty_zero_redirection,,
9,December,22,0.0,0.0,0.0,0,0,0,ok,empty_zero_redirection,,
9,December,23,18.723690000000015,0.0,18.723690000000015,7,126,1134,ok,optimal,18.723690000000015,standard_primal_shadow_dual
9,December,24,0.0,0.0,0.0,4,126,1134,ok,optimal,0.0,standard_primal_shadow_dual
9,December,25,0.0,0.0,0.0,2,118,1062,ok,optimal,0.0,standard_primal_shadow_dual
9,December,26,0.0,0.0,0.0,2,122,1098,ok,optimal,0.0,standard_primal_shadow_dual
9,December,27,0.0,0.0,0.0,3,120,1080,ok,optimal,0.0,standard_primal_shadow_dual
9,December,28,0.0,0.0,0.0,6,122,1098,ok,optimal,0.0,standard_primal_shadow_dual
9,December,29,0.0,0.0,0.0,1,124,1116,ok,optimal,0.0,standard_primal_shadow_dual
9,December,30,0.0,0.0,0.0,4,122,1098,ok,optimal,0.0,standard_primal_shadow_dual
9,December,31,0.0,0.0,0.0,2,126,1134,ok,optimal,0.0,standard_primal_shadow_dual
9,December,32,0.0,0.0,0.0,0,0,0,ok,empty_zero_redirection,,
9,December,33,0.0,0.0,0.0,5,124,1116,ok,optimal,0.0,standard_primal_shadow_dual
9,December,34,0.0,0.0,0.0,4,128,1152,ok,optimal,0.0,standard_primal_shadow_dual
9,December,35,0.0,0.0,0.0,3,124,1116,ok,optimal,0.0,standard_primal_shadow_dual
9,December,36,0.0,0.0,0.0,1,120,1080,ok,optimal,0.0,standard_primal_shadow_dual
9,December,37,0.0,0.0,0.0,0,0,0,ok,empty_zero_redirection,,
9,December,38,0.0,0.0,0.0,1,112,1008,ok,optimal,0.0,standard_primal_shadow_dual
9,December,39,0.0,0.0,0.0,1,106,954,ok,optimal,0.0,standard_primal_shadow_dual
9,December,40,0.0,0.0,0.0,0,0,0,ok,empty_zero_redirection,,
9,December,41,0.0,0.0,0.0,0,0,0,ok,empty_zero_redirection,,
9,December,42,0.0,0.0,0.0,0,0,0,ok,empty_zero_redirection,,
9,December,43,0.0,0.0,0.0,0,0,0,ok,empty_zero_redirection,,
9,December,44,0.0,0.0,0.0,0,0,0,ok,empty_zero_redirection,,
9,December,45,0.0,0.0,0.0,0,0,0,ok,empty_zero_redirection,,
9,December,46,0.0,0.0,0.0,0,0,0,ok,empty_zero_redirection,,
9,December,47,0.0,0.0,0.0,0,0,0,ok,empty_zero_redirection,,
9,December,48,0.0,0.0,0.0,0,0,0,ok,empty_zero_redirection,,
10,January,1,0.0,0.0,0.0,0,0,0,ok,empty_zero_redirection,,
10,January,2,0.0,0.0,0.0,1,90,810,ok,optimal,0.0,standard_primal_shadow_dual
10,January,3,0.0,0.0,0.0,3,92,828,ok,optimal,0.0,standard_primal_shadow_dual
10,January,4,0.0,0.0,0.0,1,90,810,ok,optimal,0.0,standard_primal_shadow_dual
10,January,5,0.0,0.0,0.0,0,0,0,ok,empty_zero_redirection,,
10,January,6,0.0,0.0,0.0,0,0,0,ok,empty_zero_redirection,,
10,January,7,0.0,0.0,0.0,0,0,0,ok,empty_zero_redirection,,
10,January,8,0.0,0.0,0.0,0,0,0,ok,empty_zero_redirection,,
10,January,9,0.0,0.0,0.0,0,0,0,ok,empty_zero_redirection,,
10,January,10,0.0,0.0,0.0,0,0,0,ok,empty_zero_redirection,,
10,January,11,0.0,0.0,0.0,0,0,0,ok,empty_zero_redirection,,
10,January,12,0.0,0.0,0.0,0,0,0,ok,empty_zero_redirection,,
10,January,13,0.0,0.0,0.0,0,0,0,ok,empty_zero_redirection,,
10,January,14,0.0,0.0,0.0,1,126,1134,ok,optimal,0.0,standard_primal_shadow_dual
10,January,15,0.0,0.0,0.0,1,126,1134,ok,optimal,0.0,standard_primal_shadow_dual
10,January,16,0.0,0.0,0.0,7,130,1170,ok,optimal,0.0,standard_primal_shadow_dual
10,January,17,0.0,0.0,0.0,12,130,1170,ok,optimal,0.0,standard_primal_shadow_dual
10,January,18,0.0,0.0,0.0,6,130,1170,ok,optimal,0.0,standard_primal_shadow_dual
10,January,19,0.0,0.0,0.0,3,130,1170,ok,optimal,0.0,standard_primal_shadow_dual
10,January,20,0.0,0.0,0.0,2,130,1170,ok,optimal,0.0,standard_primal_shadow_dual
10,January,21,0.0,0.0,0.0,0,0,0,ok,empty_zero_redirection,,
10,January,22,0.0,0.0,0.0,0,0,0,ok,empty_zero_redirection,,
10,January,23,0.0,0.0,0.0,6,126,1134,ok,optimal,0.0,standard_primal_shadow_dual
10,January,24,0.0,0.0,0.0,4,126,1134,ok,optimal,0.0,standard_primal_shadow_dual
10,January,25,0.0,0.0,0.0,2,118,1062,ok,optimal,0.0,standard_primal_shadow_dual
10,January,26,0.0,0.0,0.0,2,122,1098,ok,optimal,0.0,standard_primal_shadow_dual
10,January,27,0.0,0.0,0.0,3,120,1080,ok,optimal,0.0,standard_primal_shadow_dual
10,January,28,0.0,0.0,0.0,6,122,1098,ok,optimal,0.0,standard_primal_shadow_dual
10,January,29,0.0,0.0,0.0,1,124,1116,ok,optimal,0.0,standard_primal_shadow_dual
10,January,30,0.0,0.0,0.0,4,122,1098,ok,optimal,0.0,standard_primal_shadow_dual
10,January,31,0.0,0.0,0.0,2,126,1134,ok,optimal,0.0,standard_primal_shadow_dual
10,January,32,0.0,0.0,0.0,0,0,0,ok,empty_zero_redirection,,
10,January,33,0.0,0.0,0.0,5,124,1116,ok,optimal,0.0,standard_primal_shadow_dual
10,January,34,0.0,0.0,0.0,5,128,1152,ok,optimal,0.0,standard_primal_shadow_dual
10,January,35,0.0,0.0,0.0,3,124,1116,ok,optimal,0.0,standard_primal_shadow_dual
10,January,36,0.0,0.0,0.0,1,120,1080,ok,optimal,0.0,standard_primal_shadow_dual
10,January,37,0.0,0.0,0.0,0,0,0,ok,empty_zero_redirection,,
10,January,38,0.0,0.0,0.0,1,112,1008,ok,optimal,0.0,standard_primal_shadow_dual
10,January,39,0.0,0.0,0.0,1,106,954,ok,optimal,0.0,standard_primal_shadow_dual
10,January,40,0.0,0.0,0.0,0,0,0,ok,empty_zero_redirection,,
10,January,41,0.0,0.0,0.0,0,0,0,ok,empty_zero_redirection,,
10,January,42,0.0,0.0,0.0,0,0,0,ok,empty_zero_redirection,,
10,January,43,0.0,0.0,0.0,0,0,0,ok,empty_zero_redirection,,
10,January,44,0.0,0.0,0.0,0,0,0,ok,empty_zero_redirection,,
10,January,45,0.0,0.0,0.0,0,0,0,ok,empty_zero_redirection,,
10,January,46,0.0,0.0,0.0,0,0,0,ok,empty_zero_redirection,,
10,January,47,0.0,0.0,0.0,0,0,0,ok,empty_zero_redirection,,
10,January,48,0.0,0.0,0.0,0,0,0,ok,empty_zero_redirection,,
10,February,1,0.0,0.0,0.0,0,0,0,ok,empty_zero_redirection,,
10,February,2,0.0,0.0,0.0,1,90,810,ok,optimal,0.0,standard_primal_shadow_dual
10,February,3,0.0,0.0,0.0,3,92,828,ok,optimal,0.0,standard_primal_shadow_dual
10,February,4,0.0,0.0,0.0,1,90,810,ok,optimal,0.0,standard_primal_shadow_dual
10,February,5,0.0,0.0,0.0,0,0,0,ok,empty_zero_redirection,,
10,February,6,0.0,0.0,0.0,0,0,0,ok,empty_zero_redirection,,
10,February,7,0.0,0.0,0.0,0,0,0,ok,empty_zero_redirection,,
10,February,8,0.0,0.0,0.0,0,0,0,ok,empty_zero_redirection,,
10,February,9,0.0,0.0,0.0,0,0,0,ok,empty_zero_redirection,,
10,February,10,0.0,0.0,0.0,0,0,0,ok,empty_zero_redirection,,
10,February,11,0.0,0.0,0.0,0,0,0,ok,empty_zero_redirection,,
10,February,12,0.0,0.0,0.0,0,0,0,ok,empty_zero_redirection,,
10,February,13,0.0,0.0,0.0,0,0,0,ok,empty_zero_redirection,,
10,February,14,0.0,0.0,0.0,1,126,1134,ok,optimal,0.0,standard_primal_shadow_dual
10,February,15,0.0,0.0,0.0,1,126,1134,ok,optimal,0.0,standard_primal_shadow_dual
10,February,16,0.0,0.0,0.0,7,130,1170,ok,optimal,0.0,standard_primal_shadow_dual
10,February,17,0.0,0.0,0.0,12,130,1170,ok,optimal,0.0,standard_primal_shadow_dual
10,February,18,0.0,0.0,0.0,7,130,1170,ok,optimal,0.0,standard_primal_shadow_dual
10,February,19,0.0,0.0,0.0,3,130,1170,ok,optimal,0.0,standard_primal_shadow_dual
10,February,20,0.0,0.0,0.0,2,130,1170,ok,optimal,0.0,standard_primal_shadow_dual
10,February,21,0.0,0.0,0.0,0,0,0,ok,empty_zero_redirection,,
10,February,22,0.0,0.0,0.0,0,0,0,ok,empty_zero_redirection,,
10,February,23,0.0,0.0,0.0,6,126,1134,ok,optimal,0.0,standard_primal_shadow_dual
10,February,24,0.0,0.0,0.0,4,126,1134,ok,optimal,0.0,standard_primal_shadow_dual
10,February,25,0.0,0.0,0.0,2,118,1062,ok,optimal,0.0,standard_primal_shadow_dual
10,February,26,0.0,0.0,0.0,3,122,1098,ok,optimal,0.0,standard_primal_shadow_dual
10,February,27,0.0,0.0,0.0,3,120,1080,ok,optimal,0.0,standard_primal_shadow_dual
10,February,28,0.0,0.0,0.0,8,122,1098,ok,optimal,0.0,standard_primal_shadow_dual
10,February,29,0.0,0.0,0.0,2,124,1116,ok,optimal,0.0,standard_primal_shadow_dual
10,February,30,0.0,0.0,0.0,5,122,1098,ok,optimal,0.0,standard_primal_shadow_dual
10,February,31,0.0,0.0,0.0,2,126,1134,ok,optimal,0.0,standard_primal_shadow_dual
10,February,32,0.0,0.0,0.0,0,0,0,ok,empty_zero_redirection,,
10,February,33,0.0,0.0,0.0,6,124,1116,ok,optimal,0.0,standard_primal_shadow_dual
10,February,34,0.0,0.0,0.0,4,128,1152,ok,optimal,0.0,standard_primal_shadow_dual
10,February,35,0.0,0.0,0.0,3,124,1116,ok,optimal,0.0,standard_primal_shadow_dual
10,February,36,0.0,0.0,0.0,1,120,1080,ok,optimal,0.0,standard_primal_shadow_dual
10,February,37,0.0,0.0,0.0,0,0,0,ok,empty_zero_redirection,,
10,February,38,0.0,0.0,0.0,1,112,1008,ok,optimal,0.0,standard_primal_shadow_dual
10,February,39,0.0,0.0,0.0,1,106,954,ok,optimal,0.0,standard_primal_shadow_dual
10,February,40,0.0,0.0,0.0,0,0,0,ok,empty_zero_redirection,,
10,February,41,0.0,0.0,0.0,0,0,0,ok,empty_zero_redirection,,
10,February,42,0.0,0.0,0.0,0,0,0,ok,empty_zero_redirection,,
10,February,43,0.0,0.0,0.0,0,0,0,ok,empty_zero_redirection,,
10,February,44,0.0,0.0,0.0,0,0,0,ok,empty_zero_redirection,,
10,February,45,0.0,0.0,0.0,0,0,0,ok,empty_zero_redirection,,
10,February,46,0.0,0.0,0.0,0,0,0,ok,empty_zero_redirection,,
10,February,47,0.0,0.0,0.0,0,0,0,ok,empty_zero_redirection,,
10,February,48,0.0,0.0,0.0,0,0,0,ok,empty_zero_redirection,,
10,March,1,0.0,0.0,0.0,0,0,0,ok,empty_zero_redirection,,
10,March,2,0.0,0.0,0.0,1,90,810,ok,optimal,0.0,standard_primal_shadow_dual
10,March,3,0.0,0.0,0.0,3,92,828,ok,optimal,0.0,standard_primal_shadow_dual
10,March,4,0.0,0.0,0.0,1,90,810,ok,optimal,0.0,standard_primal_shadow_dual
10,March,5,0.0,0.0,0.0,0,0,0,ok,empty_zero_redirection,,
10,March,6,0.0,0.0,0.0,0,0,0,ok,empty_zero_redirection,,
10,March,7,0.0,0.0,0.0,0,0,0,ok,empty_zero_redirection,,
10,March,8,0.0,0.0,0.0,0,0,0,ok,empty_zero_redirection,,
10,March,9,0.0,0.0,0.0,0,0,0,ok,empty_zero_redirection,,
10,March,10,0.0,0.0,0.0,0,0,0,ok,empty_zero_redirection,,
10,March,11,0.0,0.0,0.0,0,0,0,ok,empty_zero_redirection,,
10,March,12,0.0,0.0,0.0,0,0,0,ok,empty_zero_redirection,,
10,March,13,0.0,0.0,0.0,0,0,0,ok,empty_zero_redirection,,
10,March,14,0.0,0.0,0.0,1,126,1134,ok,optimal,0.0,standard_primal_shadow_dual
10,March,15,0.0,0.0,0.0,3,126,1134,ok,optimal,0.0,standard_primal_shadow_dual
10,March,16,0.0,0.0,0.0,8,130,1170,ok,optimal,0.0,standard_primal_shadow_dual
10,March,17,0.0,0.0,0.0,13,130,1170,ok,optimal,0.0,standard_primal_shadow_dual
10,March,18,0.0,0.0,0.0,8,130,1170,ok,optimal,0.0,standard_primal_shadow_dual
10,March,19,0.0,0.0,0.0,4,130,1170,ok,optimal,0.0,standard_primal_shadow_dual
10,March,20,0.0,0.0,0.0,6,130,1170,ok,optimal,0.0,standard_primal_shadow_dual
10,March,21,0.0,0.0,0.0,2,130,1170,ok,optimal,0.0,standard_primal_shadow_dual
10,March,22,0.0,0.0,0.0,1,128,1152,ok,optimal,0.0,standard_primal_shadow_dual
10,March,23,0.0,0.0,0.0,7,126,1134,ok,optimal,0.0,standard_primal_shadow_dual
10,March,24,0.0,0.0,0.0,5,126,1134,ok,optimal,0.0,standard_primal_shadow_dual
10,March,25,0.0,0.0,0.0,3,118,1062,ok,optimal,0.0,standard_primal_shadow_dual
10,March,26,0.0,0.0,0.0,4,122,1098,ok,optimal,0.0,standard_primal_shadow_dual
10,March,27,0.0,0.0,0.0,3,120,1080,ok,optimal,0.0,standard_primal_shadow_dual
10,March,28,0.0,0.0,0.0,6,122,1098,ok,optimal,0.0,standard_primal_shadow_dual
10,March,29,0.0,0.0,0.0,3,124,1116,ok,optimal,0.0,standard_primal_shadow_dual
10,March,30,0.0,0.0,0.0,5,122,1098,ok,optimal,0.0,standard_primal_shadow_dual
10,March,31,0.0,0.0,0.0,3,126,1134,ok,optimal,0.0,standard_primal_shadow_dual
10,March,32,0.0,0.0,0.0,0,0,0,ok,empty_zero_redirection,,
10,March,33,0.0,0.0,0.0,6,124,1116,ok,optimal,0.0,standard_primal_shadow_dual
10,March,34,0.0,0.0,0.0,7,128,1152,ok,optimal,0.0,standard_primal_shadow_dual
10,March,35,0.0,0.0,0.0,3,124,1116,ok,optimal,0.0,standard_primal_shadow_dual
10,March,36,0.0,0.0,0.0,1,120,1080,ok,optimal,0.0,standard_primal_shadow_dual
10,March,37,0.0,0.0,0.0,1,108,972,ok,optimal,0.0,standard_primal_shadow_dual
10,March,38,0.0,0.0,0.0,3,112,1008,ok,optimal,0.0,standard_primal_shadow_dual
10,March,39,0.0,0.0,0.0,1,106,954,ok,optimal,0.0,standard_primal_shadow_dual
10,March,40,0.0,0.0,0.0,0,0,0,ok,empty_zero_redirection,,
10,March,41,0.0,0.0,0.0,0,0,0,ok,empty_zero_redirection,,
10,March,42,0.0,0.0,0.0,0,0,0,ok,empty_zero_redirection,,
10,March,43,0.0,0.0,0.0,0,0,0,ok,empty_zero_redirection,,
10,March,44,0.0,0.0,0.0,0,0,0,ok,empty_zero_redirection,,
10,March,45,0.0,0.0,0.0,0,0,0,ok,empty_zero_redirection,,
10,March,46,0.0,0.0,0.0,0,0,0,ok,empty_zero_redirection,,
10,March,47,0.0,0.0,0.0,0,0,0,ok,empty_zero_redirection,,
10,March,48,0.0,0.0,0.0,0,0,0,ok,empty_zero_redirection,,
10,April,1,0.0,0.0,0.0,0,0,0,ok,empty_zero_redirection,,
10,April,2,0.0,0.0,0.0,1,90,810,ok,optimal,0.0,standard_primal_shadow_dual
10,April,3,0.0,0.0,0.0,3,92,828,ok,optimal,0.0,standard_primal_shadow_dual
10,April,4,0.0,0.0,0.0,1,90,810,ok,optimal,0.0,standard_primal_shadow_dual
10,April,5,0.0,0.0,0.0,0,0,0,ok,empty_zero_redirection,,
10,April,6,0.0,0.0,0.0,0,0,0,ok,empty_zero_redirection,,
10,April,7,0.0,0.0,0.0,0,0,0,ok,empty_zero_redirection,,
10,April,8,0.0,0.0,0.0,0,0,0,ok,empty_zero_redirection,,
10,April,9,0.0,0.0,0.0,0,0,0,ok,empty_zero_redirection,,
10,April,10,0.0,0.0,0.0,0,0,0,ok,empty_zero_redirection,,
10,April,11,0.0,0.0,0.0,1,80,720,ok,optimal,0.0,standard_primal_shadow_dual
10,April,12,0.0,0.0,0.0,0,0,0,ok,empty_zero_redirection,,
10,April,13,0.0,0.0,0.0,2,118,1062,ok,optimal,0.0,standard_primal_shadow_dual
10,April,14,0.0,0.0,0.0,1,126,1134,ok,optimal,0.0,standard_primal_shadow_dual
10,April,15,0.0,0.0,0.0,3,126,1134,ok,optimal,0.0,standard_primal_shadow_dual
10,April,16,0.0,0.0,0.0,8,130,1170,ok,optimal,0.0,standard_primal_shadow_dual
10,April,17,0.0,0.0,0.0,14,130,1170,ok,optimal,0.0,standard_primal_shadow_dual
10,April,18,67.59095658542869,0.0,67.59095658542869,11,130,1170,ok,optimal,67.59095658542869,standard_primal_shadow_dual
10,April,19,0.0,0.0,0.0,8,130,1170,ok,optimal,0.0,standard_primal_shadow_dual
10,April,20,0.0,0.0,0.0,8,130,1170,ok,optimal,0.0,standard_primal_shadow_dual
10,April,21,0.0,0.0,0.0,10,130,1170,ok,optimal,0.0,standard_primal_shadow_dual
10,April,22,0.0,0.0,0.0,7,128,1152,ok,optimal,0.0,standard_primal_shadow_dual
10,April,23,0.0,0.0,0.0,9,126,1134,ok,optimal,0.0,standard_primal_shadow_dual
10,April,24,0.0,0.0,0.0,8,126,1134,ok,optimal,0.0,standard_primal_shadow_dual
10,April,25,0.0,0.0,0.0,6,118,1062,ok,optimal,0.0,standard_primal_shadow_dual
10,April,26,0.0,0.0,0.0,7,122,1098,ok,optimal,0.0,standard_primal_shadow_dual
10,April,27,0.0,0.0,0.0,7,120,1080,ok,optimal,0.0,standard_primal_shadow_dual
10,April,28,0.0,0.0,0.0,11,122,1098,ok,optimal,0.0,standard_primal_shadow_dual
10,April,29,0.0,0.0,0.0,10,124,1116,ok,optimal,0.0,standard_primal_shadow_dual
10,April,30,0.0,0.0,0.0,11,122,1098,ok,optimal,0.0,standard_primal_shadow_dual
10,April,31,0.0,0.0,0.0,8,126,1134,ok,optimal,0.0,standard_primal_shadow_dual
10,April,32,0.0,0.0,0.0,7,126,1134,ok,optimal,0.0,standard_primal_shadow_dual
10,April,33,0.0,0.0,0.0,6,124,1116,ok,optimal,0.0,standard_primal_shadow_dual
10,April,34,0.0,0.0,0.0,11,128,1152,ok,optimal,0.0,standard_primal_shadow_dual
10,April,35,0.0,0.0,0.0,6,124,1116,ok,optimal,0.0,standard_primal_shadow_dual
10,April,36,0.0,0.0,0.0,4,120,1080,ok,optimal,0.0,standard_primal_shadow_dual
10,April,37,0.0,0.0,0.0,2,108,972,ok,optimal,0.0,standard_primal_shadow_dual
10,April,38,0.0,0.0,0.0,3,112,1008,ok,optimal,0.0,standard_primal_shadow_dual
10,April,39,0.0,0.0,0.0,1,106,954,ok,optimal,0.0,standard_primal_shadow_dual
10,April,40,0.0,0.0,0.0,0,0,0,ok,empty_zero_redirection,,
10,April,41,0.0,0.0,0.0,0,0,0,ok,empty_zero_redirection,,
10,April,42,0.0,0.0,0.0,0,0,0,ok,empty_zero_redirection,,
10,April,43,0.0,0.0,0.0,0,0,0,ok,empty_zero_redirection,,
10,April,44,0.0,0.0,0.0,0,0,0,ok,empty_zero_redirection,,
10,April,45,0.0,0.0,0.0,0,0,0,ok,empty_zero_redirection,,
10,April,46,0.0,0.0,0.0,0,0,0,ok,empty_zero_redirection,,
10,April,47,0.0,0.0,0.0,0,0,0,ok,empty_zero_redirection,,
10,April,48,0.0,0.0,0.0,0,0,0,ok,empty_zero_redirection,,
10,May,1,0.0,0.0,0.0,0,0,0,ok,empty_zero_redirection,,
10,May,2,0.0,0.0,0.0,1,90,810,ok,optimal,0.0,standard_primal_shadow_dual
10,May,3,0.0,0.0,0.0,3,92,828,ok,optimal,0.0,standard_primal_shadow_dual
10,May,4,0.0,0.0,0.0,1,90,810,ok,optimal,0.0,standard_primal_shadow_dual
10,May,5,0.0,0.0,0.0,0,0,0,ok,empty_zero_redirection,,
10,May,6,0.0,0.0,0.0,0,0,0,ok,empty_zero_redirection,,
10,May,7,0.0,0.0,0.0,0,0,0,ok,empty_zero_redirection,,
10,May,8,0.0,0.0,0.0,0,0,0,ok,empty_zero_redirection,,
10,May,9,0.0,0.0,0.0,0,0,0,ok,empty_zero_redirection,,
10,May,10,0.0,0.0,0.0,0,0,0,ok,empty_zero_redirection,,
10,May,11,0.0,0.0,0.0,1,80,720,ok,optimal,0.0,standard_primal_shadow_dual
10,May,12,0.0,0.0,0.0,1,96,864,ok,optimal,0.0,standard_primal_shadow_dual
10,May,13,0.0,0.0,0.0,1,118,1062,ok,optimal,0.0,standard_primal_shadow_dual
10,May,14,0.0,0.0,0.0,1,126,1134,ok,optimal,0.0,standard_primal_shadow_dual
10,May,15,0.0,0.0,0.0,7,126,1134,ok,optimal,0.0,standard_primal_shadow_dual
10,May,16,0.0,0.0,0.0,11,130,1170,ok,optimal,0.0,standard_primal_shadow_dual
10,May,17,0.0,0.0,0.0,14,130,1170,ok,optimal,0.0,standard_primal_shadow_dual
10,May,18,0.0,0.0,0.0,11,130,1170,ok,optimal,0.0,standard_primal_shadow_dual
10,May,19,0.0,0.0,0.0,14,130,1170,ok,optimal,0.0,standard_primal_shadow_dual
10,May,20,0.0,0.0,0.0,14,130,1170,ok,optimal,0.0,standard_primal_shadow_dual
10,May,21,0.0,0.0,0.0,10,130,1170,ok,optimal,0.0,standard_primal_shadow_dual
10,May,22,0.0,0.0,0.0,8,128,1152,ok,optimal,0.0,standard_primal_shadow_dual
10,May,23,0.0,0.0,0.0,6,126,1134,ok,optimal,0.0,standard_primal_shadow_dual
10,May,24,0.0,0.0,0.0,6,126,1134,ok,optimal,0.0,standard_primal_shadow_dual
10,May,25,0.0,0.0,0.0,5,118,1062,ok,optimal,0.0,standard_primal_shadow_dual
10,May,26,0.0,0.0,0.0,5,122,1098,ok,optimal,0.0,standard_primal_shadow_dual
10,May,27,0.0,0.0,0.0,4,120,1080,ok,optimal,0.0,standard_primal_shadow_dual
10,May,28,0.0,0.0,0.0,8,122,1098,ok,optimal,0.0,standard_primal_shadow_dual
10,May,29,0.0,0.0,0.0,8,124,1116,ok,optimal,0.0,standard_primal_shadow_dual
10,May,30,0.0,0.0,0.0,7,122,1098,ok,optimal,0.0,standard_primal_shadow_dual
10,May,31,0.0,0.0,0.0,7,126,1134,ok,optimal,0.0,standard_primal_shadow_dual
10,May,32,0.0,0.0,0.0,7,126,1134,ok,optimal,0.0,standard_primal_shadow_dual
10,May,33,0.0,0.0,0.0,6,124,1116,ok,optimal,0.0,standard_primal_shadow_dual
10,May,34,0.0,0.0,0.0,9,128,1152,ok,optimal,0.0,standard_primal_shadow_dual
10,May,35,0.0,0.0,0.0,6,124,1116,ok,optimal,0.0,standard_primal_shadow_dual
10,May,36,0.0,0.0,0.0,4,120,1080,ok,optimal,0.0,standard_primal_shadow_dual
10,May,37,0.0,0.0,0.0,4,108,972,ok,optimal,0.0,standard_primal_shadow_dual
10,May,38,0.0,0.0,0.0,4,112,1008,ok,optimal,0.0,standard_primal_shadow_dual
10,May,39,0.0,0.0,0.0,1,106,954,ok,optimal,0.0,standard_primal_shadow_dual
10,May,40,0.0,0.0,0.0,0,0,0,ok,empty_zero_redirection,,
10,May,41,0.0,0.0,0.0,0,0,0,ok,empty_zero_redirection,,
10,May,42,0.0,0.0,0.0,0,0,0,ok,empty_zero_redirection,,
10,May,43,0.0,0.0,0.0,0,0,0,ok,empty_zero_redirection,,
10,May,44,0.0,0.0,0.0,0,0,0,ok,empty_zero_redirection,,
10,May,45,0.0,0.0,0.0,0,0,0,ok,empty_zero_redirection,,
10,May,46,0.0,0.0,0.0,0,0,0,ok,empty_zero_redirection,,
10,May,47,0.0,0.0,0.0,0,0,0,ok,empty_zero_redirection,,
10,May,48,0.0,0.0,0.0,0,0,0,ok,empty_zero_redirection,,
10,June,1,0.0,0.0,0.0,0,0,0,ok,empty_zero_redirection,,
10,June,2,0.0,0.0,0.0,1,90,810,ok,optimal,0.0,standard_primal_shadow_dual
10,June,3,0.0,0.0,0.0,3,92,828,ok,optimal,0.0,standard_primal_shadow_dual
10,June,4,0.0,0.0,0.0,1,90,810,ok,optimal,0.0,standard_primal_shadow_dual
10,June,5,0.0,0.0,0.0,0,0,0,ok,empty_zero_redirection,,
10,June,6,0.0,0.0,0.0,0,0,0,ok,empty_zero_redirection,,
10,June,7,0.0,0.0,0.0,5,24,216,ok,optimal,0.0,standard_primal_shadow_dual
10,June,8,0.0,0.0,0.0,5,20,180,ok,optimal,0.0,standard_primal_shadow_dual
10,June,9,0.0,0.0,0.0,4,32,288,ok,optimal,0.0,standard_primal_shadow_dual
10,June,10,0.0,0.0,0.0,4,32,288,ok,optimal,0.0,standard_primal_shadow_dual
10,June,11,0.0,0.0,0.0,5,80,720,ok,optimal,0.0,standard_primal_shadow_dual
10,June,12,0.0,0.0,0.0,2,96,864,ok,optimal,0.0,standard_primal_shadow_dual
10,June,13,0.0,0.0,0.0,4,118,1062,ok,optimal,0.0,standard_primal_shadow_dual
10,June,14,0.0,0.0,0.0,3,126,1134,ok,optimal,0.0,standard_primal_shadow_dual
10,June,15,0.0,0.0,0.0,4,126,1134,ok,optimal,0.0,standard_primal_shadow_dual
10,June,16,0.0,0.0,0.0,9,130,1170,ok,optimal,0.0,standard_primal_shadow_dual
10,June,17,0.0,0.0,0.0,14,130,1170,ok,optimal,0.0,standard_primal_shadow_dual
10,June,18,0.0,0.0,0.0,9,130,1170,ok,optimal,0.0,standard_primal_shadow_dual
10,June,19,0.0,0.0,0.0,12,130,1170,ok,optimal,0.0,standard_primal_shadow_dual
10,June,20,100.9345374999983,0.0,100.9345374999983,10,130,1170,ok,optimal,100.9345374999983,standard_primal_shadow_dual
10,June,21,0.0,0.0,0.0,12,130,1170,ok,optimal,0.0,standard_primal_shadow_dual
10,June,22,0.0,0.0,0.0,8,128,1152,ok,optimal,0.0,standard_primal_shadow_dual
10,June,23,0.0,0.0,0.0,11,126,1134,ok,optimal,0.0,standard_primal_shadow_dual
10,June,24,0.0,0.0,0.0,9,126,1134,ok,optimal,0.0,standard_primal_shadow_dual
10,June,25,0.0,0.0,0.0,10,118,1062,ok,optimal,0.0,standard_primal_shadow_dual
10,June,26,0.0,0.0,0.0,9,122,1098,ok,optimal,0.0,standard_primal_shadow_dual
10,June,27,0.0,0.0,0.0,10,120,1080,ok,optimal,0.0,standard_primal_shadow_dual
10,June,28,0.0,0.0,0.0,11,122,1098,ok,optimal,0.0,standard_primal_shadow_dual
10,June,29,0.0,0.0,0.0,12,124,1116,ok,optimal,0.0,standard_primal_shadow_dual
10,June,30,115.78572863467336,0.0,115.78572863467336,13,122,1098,ok,optimal,115.78572863467336,standard_primal_shadow_dual
10,June,31,0.0,0.0,0.0,10,126,1134,ok,optimal,0.0,standard_primal_shadow_dual
10,June,32,0.0,0.0,0.0,12,126,1134,ok,optimal,0.0,standard_primal_shadow_dual
10,June,33,0.0,0.0,0.0,8,124,1116,ok,optimal,0.0,standard_primal_shadow_dual
10,June,34,0.0,0.0,0.0,9,128,1152,ok,optimal,0.0,standard_primal_shadow_dual
10,June,35,0.0,0.0,0.0,6,124,1116,ok,optimal,0.0,standard_primal_shadow_dual
10,June,36,0.0,0.0,0.0,4,120,1080,ok,optimal,0.0,standard_primal_shadow_dual
10,June,37,0.0,0.0,0.0,3,108,972,ok,optimal,0.0,standard_primal_shadow_dual
10,June,38,0.0,0.0,0.0,3,112,1008,ok,optimal,0.0,standard_primal_shadow_dual
10,June,39,0.0,0.0,0.0,1,106,954,ok,optimal,0.0,standard_primal_shadow_dual
10,June,40,0.0,0.0,0.0,0,0,0,ok,empty_zero_redirection,,
10,June,41,0.0,0.0,0.0,0,0,0,ok,empty_zero_redirection,,
10,June,42,0.0,0.0,0.0,0,0,0,ok,empty_zero_redirection,,
10,June,43,0.0,0.0,0.0,0,0,0,ok,empty_zero_redirection,,
10,June,44,0.0,0.0,0.0,0,0,0,ok,empty_zero_redirection,,
10,June,45,0.0,0.0,0.0,0,0,0,ok,empty_zero_redirection,,
10,June,46,0.0,0.0,0.0,0,0,0,ok,empty_zero_redirection,,
10,June,47,0.0,0.0,0.0,0,0,0,ok,empty_zero_redirection,,
10,June,48,0.0,0.0,0.0,0,0,0,ok,empty_zero_redirection,,
10,July,1,0.0,0.0,0.0,0,0,0,ok,empty_zero_redirection,,
10,July,2,0.0,0.0,0.0,1,90,810,ok,optimal,0.0,standard_primal_shadow_dual
10,July,3,0.0,0.0,0.0,3,92,828,ok,optimal,0.0,standard_primal_shadow_dual
10,July,4,0.0,0.0,0.0,1,90,810,ok,optimal,0.0,standard_primal_shadow_dual
10,July,5,0.0,0.0,0.0,0,0,0,ok,empty_zero_redirection,,
10,July,6,0.0,0.0,0.0,0,0,0,ok,empty_zero_redirection,,
10,July,7,0.0,0.0,0.0,0,0,0,ok,empty_zero_redirection,,
10,July,8,0.0,0.0,0.0,0,0,0,ok,empty_zero_redirection,,
10,July,9,0.0,0.0,0.0,0,0,0,ok,empty_zero_redirection,,
10,July,10,0.0,0.0,0.0,0,0,0,ok,empty_zero_redirection,,
10,July,11,0.0,0.0,0.0,1,80,720,ok,optimal,0.0,standard_primal_shadow_dual
10,July,12,0.0,0.0,0.0,0,0,0,ok,empty_zero_redirection,,
10,July,13,0.0,0.0,0.0,1,118,1062,ok,optimal,0.0,standard_primal_shadow_dual
10,July,14,0.0,0.0,0.0,1,126,1134,ok,optimal,0.0,standard_primal_shadow_dual
10,July,15,0.0,0.0,0.0,1,126,1134,ok,optimal,0.0,standard_primal_shadow_dual
10,July,16,0.0,0.0,0.0,7,130,1170,ok,optimal,0.0,standard_primal_shadow_dual
10,July,17,0.0,0.0,0.0,13,130,1170,ok,optimal,0.0,standard_primal_shadow_dual
10,July,18,0.0,0.0,0.0,7,130,1170,ok,optimal,0.0,standard_primal_shadow_dual
10,July,19,0.0,0.0,0.0,6,130,1170,ok,optimal,0.0,standard_primal_shadow_dual
10,July,20,0.0,0.0,0.0,6,130,1170,ok,optimal,0.0,standard_primal_shadow_dual
10,July,21,0.0,0.0,0.0,2,130,1170,ok,optimal,0.0,standard_primal_shadow_dual
10,July,22,0.0,0.0,0.0,2,128,1152,ok,optimal,0.0,standard_primal_shadow_dual
10,July,23,0.0,0.0,0.0,8,126,1134,ok,optimal,0.0,standard_primal_shadow_dual
10,July,24,0.0,0.0,0.0,5,126,1134,ok,optimal,0.0,standard_primal_shadow_dual
10,July,25,0.0,0.0,0.0,3,118,1062,ok,optimal,0.0,standard_primal_shadow_dual
10,July,26,0.0,0.0,0.0,4,122,1098,ok,optimal,0.0,standard_primal_shadow_dual
10,July,27,0.0,0.0,0.0,4,120,1080,ok,optimal,0.0,standard_primal_shadow_dual
10,July,28,0.0,0.0,0.0,6,122,1098,ok,optimal,0.0,standard_primal_shadow_dual
10,July,29,0.0,0.0,0.0,3,124,1116,ok,optimal,0.0,standard_primal_shadow_dual
10,July,30,0.0,0.0,0.0,6,122,1098,ok,optimal,0.0,standard_primal_shadow_dual
10,July,31,0.0,0.0,0.0,4,126,1134,ok,optimal,0.0,standard_primal_shadow_dual
10,July,32,0.0,0.0,0.0,1,126,1134,ok,optimal,0.0,standard_primal_shadow_dual
10,July,33,0.0,0.0,0.0,6,124,1116,ok,optimal,0.0,standard_primal_shadow_dual
10,July,34,0.0,0.0,0.0,7,128,1152,ok,optimal,0.0,standard_primal_shadow_dual
10,July,35,0.0,0.0,0.0,6,124,1116,ok,optimal,0.0,standard_primal_shadow_dual
10,July,36,0.0,0.0,0.0,3,120,1080,ok,optimal,0.0,standard_primal_shadow_dual
10,July,37,0.0,0.0,0.0,2,108,972,ok,optimal,0.0,standard_primal_shadow_dual
10,July,38,0.0,0.0,0.0,3,112,1008,ok,optimal,0.0,standard_primal_shadow_dual
10,July,39,0.0,0.0,0.0,1,106,954,ok,optimal,0.0,standard_primal_shadow_dual
10,July,40,0.0,0.0,0.0,0,0,0,ok,empty_zero_redirection,,
10,July,41,0.0,0.0,0.0,0,0,0,ok,empty_zero_redirection,,
10,July,42,0.0,0.0,0.0,0,0,0,ok,empty_zero_redirection,,
10,July,43,0.0,0.0,0.0,0,0,0,ok,empty_zero_redirection,,
10,July,44,0.0,0.0,0.0,0,0,0,ok,empty_zero_redirection,,
10,July,45,0.0,0.0,0.0,0,0,0,ok,empty_zero_redirection,,
10,July,46,0.0,0.0,0.0,0,0,0,ok,empty_zero_redirection,,
10,July,47,0.0,0.0,0.0,0,0,0,ok,empty_zero_redirection,,
10,July,48,0.0,0.0,0.0,0,0,0,ok,empty_zero_redirection,,
10,August,1,0.0,0.0,0.0,0,0,0,ok,empty_zero_redirection,,
10,August,2,0.0,0.0,0.0,1,90,810,ok,optimal,0.0,standard_primal_shadow_dual
10,August,3,0.0,0.0,0.0,3,92,828,ok,optimal,0.0,standard_primal_shadow_dual
10,August,4,0.0,0.0,0.0,1,90,810,ok,optimal,0.0,standard_primal_shadow_dual
10,August,5,0.0,0.0,0.0,0,0,0,ok,empty_zero_redirection,,
10,August,6,0.0,0.0,0.0,0,0,0,ok,empty_zero_redirection,,
10,August,7,0.0,0.0,0.0,0,0,0,ok,empty_zero_redirection,,
10,August,8,0.0,0.0,0.0,0,0,0,ok,empty_zero_redirection,,
10,August,9,0.0,0.0,0.0,0,0,0,ok,empty_zero_redirection,,
10,August,10,0.0,0.0,0.0,0,0,0,ok,empty_zero_redirection,,
10,August,11,0.0,0.0,0.0,1,80,720,ok,optimal,0.0,standard_primal_shadow_dual
10,August,12,0.0,0.0,0.0,0,0,0,ok,empty_zero_redirection,,
10,August,13,0.0,0.0,0.0,0,0,0,ok,empty_zero_redirection,,
10,August,14,0.0,0.0,0.0,1,126,1134,ok,optimal,0.0,standard_primal_shadow_dual
10,August,15,0.0,0.0,0.0,1,126,1134,ok,optimal,0.0,standard_primal_shadow_dual
10,August,16,0.0,0.0,0.0,7,130,1170,ok,optimal,0.0,standard_primal_shadow_dual
10,August,17,0.0,0.0,0.0,12,130,1170,ok,optimal,0.0,standard_primal_shadow_dual
10,August,18,0.0,0.0,0.0,6,130,1170,ok,optimal,0.0,standard_primal_shadow_dual
10,August,19,0.0,0.0,0.0,3,130,1170,ok,optimal,0.0,standard_primal_shadow_dual
10,August,20,0.0,0.0,0.0,4,130,1170,ok,optimal,0.0,standard_primal_shadow_dual
10,August,21,0.0,0.0,0.0,2,130,1170,ok,optimal,0.0,standard_primal_shadow_dual
10,August,22,0.0,0.0,0.0,1,128,1152,ok,optimal,0.0,standard_primal_shadow_dual
10,August,23,0.0,0.0,0.0,6,126,1134,ok,optimal,0.0,standard_primal_shadow_dual
10,August,24,0.0,0.0,0.0,5,126,1134,ok,optimal,0.0,standard_primal_shadow_dual
10,August,25,0.0,0.0,0.0,5,118,1062,ok,optimal,0.0,standard_primal_shadow_dual
10,August,26,0.0,0.0,0.0,3,122,1098,ok,optimal,0.0,standard_primal_shadow_dual
10,August,27,0.0,0.0,0.0,3,120,1080,ok,optimal,0.0,standard_primal_shadow_dual
10,August,28,0.0,0.0,0.0,8,122,1098,ok,optimal,0.0,standard_primal_shadow_dual
10,August,29,0.0,0.0,0.0,4,124,1116,ok,optimal,0.0,standard_primal_shadow_dual
10,August,30,0.0,0.0,0.0,8,122,1098,ok,optimal,0.0,standard_primal_shadow_dual
10,August,31,0.0,0.0,0.0,4,126,1134,ok,optimal,0.0,standard_primal_shadow_dual
10,August,32,0.0,0.0,0.0,1,126,1134,ok,optimal,0.0,standard_primal_shadow_dual
10,August,33,0.0,0.0,0.0,6,124,1116,ok,optimal,0.0,standard_primal_shadow_dual
10,August,34,0.0,0.0,0.0,9,128,1152,ok,optimal,0.0,standard_primal_shadow_dual
10,August,35,0.0,0.0,0.0,5,124,1116,ok,optimal,0.0,standard_primal_shadow_dual
10,August,36,0.0,0.0,0.0,2,120,1080,ok,optimal,0.0,standard_primal_shadow_dual
10,August,37,0.0,0.0,0.0,0,0,0,ok,empty_zero_redirection,,
10,August,38,0.0,0.0,0.0,1,112,1008,ok,optimal,0.0,standard_primal_shadow_dual
10,August,39,0.0,0.0,0.0,1,106,954,ok,optimal,0.0,standard_primal_shadow_dual
10,August,40,0.0,0.0,0.0,0,0,0,ok,empty_zero_redirection,,
10,August,41,0.0,0.0,0.0,0,0,0,ok,empty_zero_redirection,,
10,August,42,0.0,0.0,0.0,0,0,0,ok,empty_zero_redirection,,
10,August,43,0.0,0.0,0.0,0,0,0,ok,empty_zero_redirection,,
10,August,44,0.0,0.0,0.0,0,0,0,ok,empty_zero_redirection,,
10,August,45,0.0,0.0,0.0,0,0,0,ok,empty_zero_redirection,,
10,August,46,0.0,0.0,0.0,0,0,0,ok,empty_zero_redirection,,
10,August,47,0.0,0.0,0.0,0,0,0,ok,empty_zero_redirection,,
10,August,48,0.0,0.0,0.0,0,0,0,ok,empty_zero_redirection,,
10,September,1,0.0,0.0,0.0,0,0,0,ok,empty_zero_redirection,,
10,September,2,0.0,0.0,0.0,1,90,810,ok,optimal,0.0,standard_primal_shadow_dual
10,September,3,0.0,0.0,0.0,3,92,828,ok,optimal,0.0,standard_primal_shadow_dual
10,September,4,0.0,0.0,0.0,1,90,810,ok,optimal,0.0,standard_primal_shadow_dual
10,September,5,0.0,0.0,0.0,0,0,0,ok,empty_zero_redirection,,
10,September,6,0.0,0.0,0.0,0,0,0,ok,empty_zero_redirection,,
10,September,7,0.0,0.0,0.0,0,0,0,ok,empty_zero_redirection,,
10,September,8,0.0,0.0,0.0,0,0,0,ok,empty_zero_redirection,,
10,September,9,0.0,0.0,0.0,0,0,0,ok,empty_zero_redirection,,
10,September,10,0.0,0.0,0.0,0,0,0,ok,empty_zero_redirection,,
10,September,11,0.0,0.0,0.0,1,80,720,ok,optimal,0.0,standard_primal_shadow_dual
10,September,12,0.0,0.0,0.0,0,0,0,ok,empty_zero_redirection,,
10,September,13,0.0,0.0,0.0,0,0,0,ok,empty_zero_redirection,,
10,September,14,0.0,0.0,0.0,1,126,1134,ok,optimal,0.0,standard_primal_shadow_dual
10,September,15,0.0,0.0,0.0,2,126,1134,ok,optimal,0.0,standard_primal_shadow_dual
10,September,16,0.0,0.0,0.0,7,130,1170,ok,optimal,0.0,standard_primal_shadow_dual
10,September,17,0.0,0.0,0.0,14,130,1170,ok,optimal,0.0,standard_primal_shadow_dual
10,September,18,0.0,0.0,0.0,7,130,1170,ok,optimal,0.0,standard_primal_shadow_dual
10,September,19,0.0,0.0,0.0,6,130,1170,ok,optimal,0.0,standard_primal_shadow_dual
10,September,20,0.0,0.0,0.0,4,130,1170,ok,optimal,0.0,standard_primal_shadow_dual
10,September,21,0.0,0.0,0.0,2,130,1170,ok,optimal,0.0,standard_primal_shadow_dual
10,September,22,0.0,0.0,0.0,1,128,1152,ok,optimal,0.0,standard_primal_shadow_dual
10,September,23,0.0,0.0,0.0,6,126,1134,ok,optimal,0.0,standard_primal_shadow_dual
10,September,24,0.0,0.0,0.0,5,126,1134,ok,optimal,0.0,standard_primal_shadow_dual
10,September,25,0.0,0.0,0.0,5,118,1062,ok,optimal,0.0,standard_primal_shadow_dual
10,September,26,0.0,0.0,0.0,4,122,1098,ok,optimal,0.0,standard_primal_shadow_dual
10,September,27,0.0,0.0,0.0,4,120,1080,ok,optimal,0.0,standard_primal_shadow_dual
10,September,28,0.0,0.0,0.0,9,122,1098,ok,optimal,0.0,standard_primal_shadow_dual
10,September,29,0.0,0.0,0.0,4,124,1116,ok,optimal,0.0,standard_primal_shadow_dual
10,September,30,115.78572863467357,0.0,115.78572863467357,7,122,1098,ok,optimal,115.78572863467357,standard_primal_shadow_dual
10,September,31,0.0,0.0,0.0,2,126,1134,ok,optimal,0.0,standard_primal_shadow_dual
10,September,32,0.0,0.0,0.0,0,0,0,ok,empty_zero_redirection,,
10,September,33,0.0,0.0,0.0,6,124,1116,ok,optimal,0.0,standard_primal_shadow_dual
10,September,34,0.0,0.0,0.0,5,128,1152,ok,optimal,0.0,standard_primal_shadow_dual
10,September,35,0.0,0.0,0.0,3,124,1116,ok,optimal,0.0,standard_primal_shadow_dual
10,September,36,0.0,0.0,0.0,1,120,1080,ok,optimal,0.0,standard_primal_shadow_dual
10,September,37,0.0,0.0,0.0,0,0,0,ok,empty_zero_redirection,,
10,September,38,0.0,0.0,0.0,1,112,1008,ok,optimal,0.0,standard_primal_shadow_dual
10,September,39,0.0,0.0,0.0,1,106,954,ok,optimal,0.0,standard_primal_shadow_dual
10,September,40,0.0,0.0,0.0,0,0,0,ok,empty_zero_redirection,,
10,September,41,0.0,0.0,0.0,0,0,0,ok,empty_zero_redirection,,
10,September,42,0.0,0.0,0.0,0,0,0,ok,empty_zero_redirection,,
10,September,43,0.0,0.0,0.0,0,0,0,ok,empty_zero_redirection,,
10,September,44,0.0,0.0,0.0,0,0,0,ok,empty_zero_redirection,,
10,September,45,0.0,0.0,0.0,0,0,0,ok,empty_zero_redirection,,
10,September,46,0.0,0.0,0.0,0,0,0,ok,empty_zero_redirection,,
10,September,47,0.0,0.0,0.0,0,0,0,ok,empty_zero_redirection,,
10,September,48,0.0,0.0,0.0,0,0,0,ok,empty_zero_redirection,,
10,October,1,0.0,0.0,0.0,0,0,0,ok,empty_zero_redirection,,
10,October,2,0.0,0.0,0.0,1,90,810,ok,optimal,0.0,standard_primal_shadow_dual
10,October,3,0.0,0.0,0.0,3,92,828,ok,optimal,0.0,standard_primal_shadow_dual
10,October,4,0.0,0.0,0.0,1,90,810,ok,optimal,0.0,standard_primal_shadow_dual
10,October,5,0.0,0.0,0.0,0,0,0,ok,empty_zero_redirection,,
10,October,6,0.0,0.0,0.0,0,0,0,ok,empty_zero_redirection,,
10,October,7,0.0,0.0,0.0,0,0,0,ok,empty_zero_redirection,,
10,October,8,0.0,0.0,0.0,0,0,0,ok,empty_zero_redirection,,
10,October,9,0.0,0.0,0.0,0,0,0,ok,empty_zero_redirection,,
10,October,10,0.0,0.0,0.0,0,0,0,ok,empty_zero_redirection,,
10,October,11,0.0,0.0,0.0,0,0,0,ok,empty_zero_redirection,,
10,October,12,0.0,0.0,0.0,0,0,0,ok,empty_zero_redirection,,
10,October,13,0.0,0.0,0.0,0,0,0,ok,empty_zero_redirection,,
10,October,14,0.0,0.0,0.0,1,126,1134,ok,optimal,0.0,standard_primal_shadow_dual
10,October,15,0.0,0.0,0.0,1,126,1134,ok,optimal,0.0,standard_primal_shadow_dual
10,October,16,0.0,0.0,0.0,7,130,1170,ok,optimal,0.0,standard_primal_shadow_dual
10,October,17,0.0,0.0,0.0,12,130,1170,ok,optimal,0.0,standard_primal_shadow_dual
10,October,18,0.0,0.0,0.0,6,130,1170,ok,optimal,0.0,standard_primal_shadow_dual
10,October,19,0.0,0.0,0.0,3,130,1170,ok,optimal,0.0,standard_primal_shadow_dual
10,October,20,0.0,0.0,0.0,2,130,1170,ok,optimal,0.0,standard_primal_shadow_dual
10,October,21,0.0,0.0,0.0,0,0,0,ok,empty_zero_redirection,,
10,October,22,0.0,0.0,0.0,0,0,0,ok,empty_zero_redirection,,
10,October,23,0.0,0.0,0.0,6,126,1134,ok,optimal,0.0,standard_primal_shadow_dual
10,October,24,0.0,0.0,0.0,4,126,1134,ok,optimal,0.0,standard_primal_shadow_dual
10,October,25,0.0,0.0,0.0,2,118,1062,ok,optimal,0.0,standard_primal_shadow_dual
10,October,26,0.0,0.0,0.0,2,122,1098,ok,optimal,0.0,standard_primal_shadow_dual
10,October,27,0.0,0.0,0.0,3,120,1080,ok,optimal,0.0,standard_primal_shadow_dual
10,October,28,0.0,0.0,0.0,6,122,1098,ok,optimal,0.0,standard_primal_shadow_dual
10,October,29,0.0,0.0,0.0,2,124,1116,ok,optimal,0.0,standard_primal_shadow_dual
10,October,30,0.0,0.0,0.0,5,122,1098,ok,optimal,0.0,standard_primal_shadow_dual
10,October,31,0.0,0.0,0.0,2,126,1134,ok,optimal,0.0,standard_primal_shadow_dual
10,October,32,0.0,0.0,0.0,0,0,0,ok,empty_zero_redirection,,
10,October,33,0.0,0.0,0.0,5,124,1116,ok,optimal,0.0,standard_primal_shadow_dual
10,October,34,0.0,0.0,0.0,4,128,1152,ok,optimal,0.0,standard_primal_shadow_dual
10,October,35,0.0,0.0,0.0,3,124,1116,ok,optimal,0.0,standard_primal_shadow_dual
10,October,36,0.0,0.0,0.0,1,120,1080,ok,optimal,0.0,standard_primal_shadow_dual
10,October,37,0.0,0.0,0.0,0,0,0,ok,empty_zero_redirection,,
10,October,38,0.0,0.0,0.0,1,112,1008,ok,optimal,0.0,standard_primal_shadow_dual
10,October,39,0.0,0.0,0.0,1,106,954,ok,optimal,0.0,standard_primal_shadow_dual
10,October,40,0.0,0.0,0.0,0,0,0,ok,empty_zero_redirection,,
10,October,41,0.0,0.0,0.0,0,0,0,ok,empty_zero_redirection,,
10,October,42,0.0,0.0,0.0,0,0,0,ok,empty_zero_redirection,,
10,October,43,0.0,0.0,0.0,0,0,0,ok,empty_zero_redirection,,
10,October,44,0.0,0.0,0.0,0,0,0,ok,empty_zero_redirection,,
10,October,45,0.0,0.0,0.0,0,0,0,ok,empty_zero_redirection,,
10,October,46,0.0,0.0,0.0,0,0,0,ok,empty_zero_redirection,,
10,October,47,0.0,0.0,0.0,0,0,0,ok,empty_zero_redirection,,
10,October,48,0.0,0.0,0.0,0,0,0,ok,empty_zero_redirection,,
10,November,1,0.0,0.0,0.0,0,0,0,ok,empty_zero_redirection,,
10,November,2,0.0,0.0,0.0,1,90,810,ok,optimal,0.0,standard_primal_shadow_dual
10,November,3,0.0,0.0,0.0,3,92,828,ok,optimal,0.0,standard_primal_shadow_dual
10,November,4,0.0,0.0,0.0,1,90,810,ok,optimal,0.0,standard_primal_shadow_dual
10,November,5,0.0,0.0,0.0,0,0,0,ok,empty_zero_redirection,,
10,November,6,0.0,0.0,0.0,0,0,0,ok,empty_zero_redirection,,
10,November,7,0.0,0.0,0.0,0,0,0,ok,empty_zero_redirection,,
10,November,8,0.0,0.0,0.0,0,0,0,ok,empty_zero_redirection,,
10,November,9,0.0,0.0,0.0,0,0,0,ok,empty_zero_redirection,,
10,November,10,0.0,0.0,0.0,0,0,0,ok,empty_zero_redirection,,
10,November,11,0.0,0.0,0.0,0,0,0,ok,empty_zero_redirection,,
10,November,12,0.0,0.0,0.0,0,0,0,ok,empty_zero_redirection,,
10,November,13,0.0,0.0,0.0,0,0,0,ok,empty_zero_redirection,,
10,November,14,0.0,0.0,0.0,1,126,1134,ok,optimal,0.0,standard_primal_shadow_dual
10,November,15,0.0,0.0,0.0,1,126,1134,ok,optimal,0.0,standard_primal_shadow_dual
10,November,16,0.0,0.0,0.0,7,130,1170,ok,optimal,0.0,standard_primal_shadow_dual
10,November,17,0.0,0.0,0.0,12,130,1170,ok,optimal,0.0,standard_primal_shadow_dual
10,November,18,0.0,0.0,0.0,6,130,1170,ok,optimal,0.0,standard_primal_shadow_dual
10,November,19,0.0,0.0,0.0,3,130,1170,ok,optimal,0.0,standard_primal_shadow_dual
10,November,20,0.0,0.0,0.0,2,130,1170,ok,optimal,0.0,standard_primal_shadow_dual
10,November,21,0.0,0.0,0.0,0,0,0,ok,empty_zero_redirection,,
10,November,22,0.0,0.0,0.0,0,0,0,ok,empty_zero_redirection,,
10,November,23,0.0,0.0,0.0,6,126,1134,ok,optimal,0.0,standard_primal_shadow_dual
10,November,24,0.0,0.0,0.0,4,126,1134,ok,optimal,0.0,standard_primal_shadow_dual
10,November,25,0.0,0.0,0.0,2,118,1062,ok,optimal,0.0,standard_primal_shadow_dual
10,November,26,0.0,0.0,0.0,2,122,1098,ok,optimal,0.0,standard_primal_shadow_dual
10,November,27,0.0,0.0,0.0,3,120,1080,ok,optimal,0.0,standard_primal_shadow_dual
10,November,28,0.0,0.0,0.0,6,122,1098,ok,optimal,0.0,standard_primal_shadow_dual
10,November,29,0.0,0.0,0.0,1,124,1116,ok,optimal,0.0,standard_primal_shadow_dual
10,November,30,0.0,0.0,0.0,4,122,1098,ok,optimal,0.0,standard_primal_shadow_dual
10,November,31,0.0,0.0,0.0,2,126,1134,ok,optimal,0.0,standard_primal_shadow_dual
10,November,32,0.0,0.0,0.0,0,0,0,ok,empty_zero_redirection,,
10,November,33,0.0,0.0,0.0,5,124,1116,ok,optimal,0.0,standard_primal_shadow_dual
10,November,34,0.0,0.0,0.0,4,128,1152,ok,optimal,0.0,standard_primal_shadow_dual
10,November,35,0.0,0.0,0.0,3,124,1116,ok,optimal,0.0,standard_primal_shadow_dual
10,November,36,0.0,0.0,0.0,1,120,1080,ok,optimal,0.0,standard_primal_shadow_dual
10,November,37,0.0,0.0,0.0,0,0,0,ok,empty_zero_redirection,,
10,November,38,0.0,0.0,0.0,1,112,1008,ok,optimal,0.0,standard_primal_shadow_dual
10,November,39,0.0,0.0,0.0,1,106,954,ok,optimal,0.0,standard_primal_shadow_dual
10,November,40,0.0,0.0,0.0,0,0,0,ok,empty_zero_redirection,,
10,November,41,0.0,0.0,0.0,0,0,0,ok,empty_zero_redirection,,
10,November,42,0.0,0.0,0.0,0,0,0,ok,empty_zero_redirection,,
10,November,43,0.0,0.0,0.0,0,0,0,ok,empty_zero_redirection,,
10,November,44,0.0,0.0,0.0,0,0,0,ok,empty_zero_redirection,,
10,November,45,0.0,0.0,0.0,0,0,0,ok,empty_zero_redirection,,
10,November,46,0.0,0.0,0.0,0,0,0,ok,empty_zero_redirection,,
10,November,47,0.0,0.0,0.0,0,0,0,ok,empty_zero_redirection,,
10,November,48,0.0,0.0,0.0,0,0,0,ok,empty_zero_redirection,,
10,December,1,0.0,0.0,0.0,0,0,0,ok,empty_zero_redirection,,
10,December,2,0.0,0.0,0.0,1,90,810,ok,optimal,0.0,standard_primal_shadow_dual
10,December,3,0.0,0.0,0.0,3,92,828,ok,optimal,0.0,standard_primal_shadow_dual
10,December,4,0.0,0.0,0.0,1,90,810,ok,optimal,0.0,standard_primal_shadow_dual
10,December,5,0.0,0.0,0.0,0,0,0,ok,empty_zero_redirection,,
10,December,6,0.0,0.0,0.0,0,0,0,ok,empty_zero_redirection,,
10,December,7,0.0,0.0,0.0,0,0,0,ok,empty_zero_redirection,,
10,December,8,0.0,0.0,0.0,0,0,0,ok,empty_zero_redirection,,
10,December,9,0.0,0.0,0.0,0,0,0,ok,empty_zero_redirection,,
10,December,10,0.0,0.0,0.0,0,0,0,ok,empty_zero_redirection,,
10,December,11,0.0,0.0,0.0,0,0,0,ok,empty_zero_redirection,,
10,December,12,0.0,0.0,0.0,0,0,0,ok,empty_zero_redirection,,
10,December,13,0.0,0.0,0.0,0,0,0,ok,empty_zero_redirection,,
10,December,14,0.0,0.0,0.0,1,126,1134,ok,optimal,0.0,standard_primal_shadow_dual
10,December,15,0.0,0.0,0.0,1,126,1134,ok,optimal,0.0,standard_primal_shadow_dual
10,December,16,0.0,0.0,0.0,7,130,1170,ok,optimal,0.0,standard_primal_shadow_dual
10,December,17,0.0,0.0,0.0,12,130,1170,ok,optimal,0.0,standard_primal_shadow_dual
10,December,18,0.0,0.0,0.0,6,130,1170,ok,optimal,0.0,standard_primal_shadow_dual
10,December,19,0.0,0.0,0.0,3,130,1170,ok,optimal,0.0,standard_primal_shadow_dual
10,December,20,0.0,0.0,0.0,2,130,1170,ok,optimal,0.0,standard_primal_shadow_dual
10,December,21,0.0,0.0,0.0,0,0,0,ok,empty_zero_redirection,,
10,December,22,0.0,0.0,0.0,0,0,0,ok,empty_zero_redirection,,
10,December,23,0.0,0.0,0.0,7,126,1134,ok,optimal,0.0,standard_primal_shadow_dual
10,December,24,0.0,0.0,0.0,4,126,1134,ok,optimal,0.0,standard_primal_shadow_dual
10,December,25,0.0,0.0,0.0,2,118,1062,ok,optimal,0.0,standard_primal_shadow_dual
10,December,26,0.0,0.0,0.0,2,122,1098,ok,optimal,0.0,standard_primal_shadow_dual
10,December,27,0.0,0.0,0.0,3,120,1080,ok,optimal,0.0,standard_primal_shadow_dual
10,December,28,0.0,0.0,0.0,6,122,1098,ok,optimal,0.0,standard_primal_shadow_dual
10,December,29,0.0,0.0,0.0,1,124,1116,ok,optimal,0.0,standard_primal_shadow_dual
10,December,30,0.0,0.0,0.0,4,122,1098,ok,optimal,0.0,standard_primal_shadow_dual
10,December,31,0.0,0.0,0.0,2,126,1134,ok,optimal,0.0,standard_primal_shadow_dual
10,December,32,0.0,0.0,0.0,0,0,0,ok,empty_zero_redirection,,
10,December,33,0.0,0.0,0.0,5,124,1116,ok,optimal,0.0,standard_primal_shadow_dual
10,December,34,0.0,0.0,0.0,4,128,1152,ok,optimal,0.0,standard_primal_shadow_dual
10,December,35,0.0,0.0,0.0,3,124,1116,ok,optimal,0.0,standard_primal_shadow_dual
10,December,36,0.0,0.0,0.0,1,120,1080,ok,optimal,0.0,standard_primal_shadow_dual
10,December,37,0.0,0.0,0.0,0,0,0,ok,empty_zero_redirection,,
10,December,38,0.0,0.0,0.0,1,112,1008,ok,optimal,0.0,standard_primal_shadow_dual
10,December,39,0.0,0.0,0.0,1,106,954,ok,optimal,0.0,standard_primal_shadow_dual
10,December,40,0.0,0.0,0.0,0,0,0,ok,empty_zero_redirection,,
10,December,41,0.0,0.0,0.0,0,0,0,ok,empty_zero_redirection,,
10,December,42,0.0,0.0,0.0,0,0,0,ok,empty_zero_redirection,,
10,December,43,0.0,0.0,0.0,0,0,0,ok,empty_zero_redirection,,
10,December,44,0.0,0.0,0.0,0,0,0,ok,empty_zero_redirection,,
10,December,45,0.0,0.0,0.0,0,0,0,ok,empty_zero_redirection,,
10,December,46,0.0,0.0,0.0,0,0,0,ok,empty_zero_redirection,,
10,December,47,0.0,0.0,0.0,0,0,0,ok,empty_zero_redirection,,
10,December,48,0.0,0.0,0.0,0,0,0,ok,empty_zero_redirection,,
