iteration,Month,TimeIndex,objective_SEK,theta_SEK,violation_SEK,positive_rows,n_arcs,n_vars,status,termination,dual_rhs_current_SEK,dual_selection
1,January,1,0.0,0.0,0.0,0,0,0,ok,empty_zero_redirection,,
1,January,2,0.0,0.0,0.0,1,90,810,ok,optimal,0.0,standard_primal_shadow_dual
1,January,3,18.400088916855207,0.0,18.400088916855207,3,92,828,ok,optimal,18.400088916855207,standard_primal_shadow_dual
1,January,4,135.0635665743837,0.0,135.0635665743837,1,90,810,ok,optimal,135.0635665743837,standard_primal_shadow_dual
1,January,5,0.0,0.0,0.0,0,0,0,ok,empty_zero_redirection,,
1,January,6,0.0,0.0,0.0,0,0,0,ok,empty_zero_redirection,,
1,January,7,0.0,0.0,0.0,0,0,0,ok,empty_zero_redirection,,
1,January,8,0.0,0.0,0.0,0,0,0,ok,empty_zero_redirection,,
1,January,9,0.0,0.0,0.0,0,0,0,ok,empty_zero_redirection,,
1,January,10,0.0,0.0,0.0,0,0,0,ok,empty_zero_redirection,,
1,January,11,0.0,0.0,0.0,0,0,0,ok,empty_zero_redirection,,
1,January,12,0.0,0.0,0.0,0,0,0,ok,empty_zero_redirection,,
1,January,13,0.0,0.0,0.0,0,0,0,ok,empty_zero_redirection,,
1,January,14,0.0,0.0,0.0,1,126,1134,ok,optimal,0.0,standard_primal_shadow_dual
1,January,15,0.0,0.0,0.0,1,126,1134,ok,optimal,0.0,standard_primal_shadow_dual
1,January,16,331.6873743699174,0.0,331.6873743699174,7,130,1170,ok,optimal,331.6873743699174,standard_primal_shadow_dual
1,January,17,207.4820067061919,0.0,207.4820067061919,12,130,1170,ok,optimal,207.4820067061919,standard_primal_shadow_dual
1,January,18,492.4055712116926,0.0,492.4055712116926,6,130,1170,ok,optimal,492.4055712116926,standard_primal_shadow_dual
1,January,19,620.0,0.0,620.0,2,130,1170,ok,optimal,620.0,standard_primal_shadow_dual
1,January,20,305.98748445989713,0.0,305.98748445989713,2,130,1170,ok,optimal,305.98748445989713,standard_primal_shadow_dual
1,January,21,0.0,0.0,0.0,0,0,0,ok,empty_zero_redirection,,
1,January,22,0.0,0.0,0.0,0,0,0,ok,empty_zero_redirection,,
1,January,23,1624.1391606494753,0.0,1624.1391606494753,6,126,1134,ok,optimal,1624.1391606494753,standard_primal_shadow_dual
1,January,24,387.5,0.0,387.5,4,126,1134,ok,optimal,387.5,standard_primal_shadow_dual
1,January,25,44.56140102098697,0.0,44.56140102098697,2,118,1062,ok,optimal,44.56140102098697,standard_primal_shadow_dual
1,January,26,315.3375620059695,0.0,315.3375620059695,2,122,1098,ok,optimal,315.3375620059695,standard_primal_shadow_dual
1,January,27,891.6117484839876,0.0,891.6117484839876,3,120,1080,ok,optimal,891.6117484839876,standard_primal_shadow_dual
1,January,28,1100.6462138651507,0.0,1100.6462138651507,6,122,1098,ok,optimal,1100.6462138651507,standard_primal_shadow_dual
1,January,29,0.0,0.0,0.0,2,124,1116,ok,optimal,0.0,standard_primal_shadow_dual
1,January,30,406.1693496819512,0.0,406.1693496819512,3,122,1098,ok,optimal,406.1693496819512,standard_primal_shadow_dual
1,January,31,648.2154243218043,0.0,648.2154243218043,2,126,1134,ok,optimal,648.2154243218043,standard_primal_shadow_dual
1,January,32,0.0,0.0,0.0,0,0,0,ok,empty_zero_redirection,,
1,January,33,554.6061030224809,0.0,554.6061030224809,6,124,1116,ok,optimal,554.6061030224809,standard_primal_shadow_dual
1,January,34,614.8530094952322,0.0,614.8530094952322,5,128,1152,ok,optimal,614.8530094952322,standard_primal_shadow_dual
1,January,35,263.24281194950584,0.0,263.24281194950584,3,124,1116,ok,optimal,263.24281194950584,standard_primal_shadow_dual
1,January,36,0.0,0.0,0.0,1,120,1080,ok,optimal,0.0,standard_primal_shadow_dual
1,January,37,0.0,0.0,0.0,0,0,0,ok,empty_zero_redirection,,
1,January,38,10.842144687459532,0.0,10.842144687459532,1,112,1008,ok,optimal,10.842144687459532,standard_primal_shadow_dual
1,January,39,0.0,0.0,0.0,1,106,954,ok,optimal,0.0,standard_primal_shadow_dual
1,January,40,0.0,0.0,0.0,0,0,0,ok,empty_zero_redirection,,
1,January,41,0.0,0.0,0.0,0,0,0,ok,empty_zero_redirection,,
1,January,42,0.0,0.0,0.0,0,0,0,ok,empty_zero_redirection,,
1,January,43,0.0,0.0,0.0,0,0,0,ok,empty_zero_redirection,,
1,January,44,0.0,0.0,0.0,0,0,0,ok,empty_zero_redirection,,
1,January,45,0.0,0.0,0.0,0,0,0,ok,empty_zero_redirection,,
1,January,46,0.0,0.0,0.0,0,0,0,ok,empty_zero_redirection,,
1,January,47,0.0,0.0,0.0,0,0,0,ok,empty_zero_redirection,,
1,January,48,0.0,0.0,0.0,0,0,0,ok,empty_zero_redirection,,
1,February,1,0.0,0.0,0.0,0,0,0,ok,empty_zero_redirection,,
1,February,2,0.0,0.0,0.0,1,90,810,ok,optimal,0.0,standard_primal_shadow_dual
1,February,3,33.23887030141586,0.0,33.23887030141586,3,92,828,ok,optimal,33.23887030141586,standard_primal_shadow_dual
1,February,4,60.996449420689416,0.0,60.996449420689416,1,90,810,ok,optimal,60.996449420689416,standard_primal_shadow_dual
1,February,5,0.0,0.0,0.0,0,0,0,ok,empty_zero_redirection,,
1,February,6,0.0,0.0,0.0,0,0,0,ok,empty_zero_redirection,,
1,February,7,0.0,0.0,0.0,0,0,0,ok,empty_zero_redirection,,
1,February,8,0.0,0.0,0.0,0,0,0,ok,empty_zero_redirection,,
1,February,9,0.0,0.0,0.0,0,0,0,ok,empty_zero_redirection,,
1,February,10,0.0,0.0,0.0,0,0,0,ok,empty_zero_redirection,,
1,February,11,0.0,0.0,0.0,0,0,0,ok,empty_zero_redirection,,
1,February,12,0.0,0.0,0.0,0,0,0,ok,empty_zero_redirection,,
1,February,13,0.0,0.0,0.0,0,0,0,ok,empty_zero_redirection,,
1,February,14,112.39956958302747,0.0,112.39956958302747,1,126,1134,ok,optimal,112.39956958302747,standard_primal_shadow_dual
1,February,15,129.53204436404064,0.0,129.53204436404064,1,126,1134,ok,optimal,129.53204436404064,standard_primal_shadow_dual
1,February,16,37.463696333909155,0.0,37.463696333909155,7,130,1170,ok,optimal,37.463696333909155,standard_primal_shadow_dual
1,February,17,276.27334696763506,0.0,276.27334696763506,12,130,1170,ok,optimal,276.27334696763506,standard_primal_shadow_dual
1,February,18,119.42763667296558,0.0,119.42763667296558,7,130,1170,ok,optimal,119.42763667296558,standard_primal_shadow_dual
1,February,19,679.7665499199622,0.0,679.7665499199622,2,130,1170,ok,optimal,679.7665499199622,standard_primal_shadow_dual
1,February,20,6.580361763330927,0.0,6.580361763330927,2,130,1170,ok,optimal,6.580361763330927,standard_primal_shadow_dual
1,February,21,0.0,0.0,0.0,0,0,0,ok,empty_zero_redirection,,
1,February,22,0.0,0.0,0.0,0,0,0,ok,empty_zero_redirection,,
1,February,23,1235.00429505037,0.0,1235.00429505037,6,126,1134,ok,optimal,1235.00429505037,standard_primal_shadow_dual
1,February,24,948.9594985069257,0.0,948.9594985069257,5,126,1134,ok,optimal,948.9594985069257,standard_primal_shadow_dual
1,February,25,149.45386862379308,0.0,149.45386862379308,2,118,1062,ok,optimal,149.45386862379308,standard_primal_shadow_dual
1,February,26,288.40972250000004,0.0,288.40972250000004,3,122,1098,ok,optimal,288.40972250000004,standard_primal_shadow_dual
1,February,27,408.13658326373115,0.0,408.13658326373115,3,120,1080,ok,optimal,408.13658326373115,standard_primal_shadow_dual
1,February,28,2013.6533271964422,0.0,2013.6533271964422,8,122,1098,ok,optimal,2013.6533271964422,standard_primal_shadow_dual
1,February,29,0.0,0.0,0.0,2,124,1116,ok,optimal,0.0,standard_primal_shadow_dual
1,February,30,456.9771496724071,0.0,456.9771496724071,4,122,1098,ok,optimal,456.9771496724071,standard_primal_shadow_dual
1,February,31,0.0,0.0,0.0,2,126,1134,ok,optimal,0.0,standard_primal_shadow_dual
1,February,32,0.0,0.0,0.0,0,0,0,ok,empty_zero_redirection,,
1,February,33,204.5943353199946,0.0,204.5943353199946,6,124,1116,ok,optimal,204.5943353199946,standard_primal_shadow_dual
1,February,34,117.5224073458081,0.0,117.5224073458081,4,128,1152,ok,optimal,117.5224073458081,standard_primal_shadow_dual
1,February,35,425.3501966443744,0.0,425.3501966443744,3,124,1116,ok,optimal,425.3501966443744,standard_primal_shadow_dual
1,February,36,422.6702048767817,0.0,422.6702048767817,1,120,1080,ok,optimal,422.6702048767817,standard_primal_shadow_dual
1,February,37,0.0,0.0,0.0,0,0,0,ok,empty_zero_redirection,,
1,February,38,9.792904878995706,0.0,9.792904878995706,1,112,1008,ok,optimal,9.792904878995706,standard_primal_shadow_dual
1,February,39,58.07278200265273,0.0,58.07278200265273,1,106,954,ok,optimal,58.07278200265273,standard_primal_shadow_dual
1,February,40,0.0,0.0,0.0,0,0,0,ok,empty_zero_redirection,,
1,February,41,0.0,0.0,0.0,0,0,0,ok,empty_zero_redirection,,
1,February,42,0.0,0.0,0.0,0,0,0,ok,empty_zero_redirection,,
1,February,43,0.0,0.0,0.0,0,0,0,ok,empty_zero_redirection,,
1,February,44,0.0,0.0,0.0,0,0,0,ok,empty_zero_redirection,,
1,February,45,0.0,0.0,0.0,0,0,0,ok,empty_zero_redirection,,
1,February,46,0.0,0.0,0.0,0,0,0,ok,empty_zero_redirection,,
1,February,47,0.0,0.0,0.0,0,0,0,ok,empty_zero_redirection,,
1,February,48,0.0,0.0,0.0,0,0,0,ok,empty_zero_redirection,,
1,March,1,0.0,0.0,0.0,0,0,0,ok,empty_zero_redirection,,
1,March,2,15.536814397556562,0.0,15.536814397556562,1,90,810,ok,optimal,15.536814397556562,standard_primal_shadow_dual
1,March,3,0.0,0.0,0.0,3,92,828,ok,optimal,0.0,standard_primal_shadow_dual
1,March,4,0.0,0.0,0.0,1,90,810,ok,optimal,0.0,standard_primal_shadow_dual
1,March,5,0.0,0.0,0.0,0,0,0,ok,empty_zero_redirection,,
1,March,6,0.0,0.0,0.0,0,0,0,ok,empty_zero_redirection,,
1,March,7,0.0,0.0,0.0,0,0,0,ok,empty_zero_redirection,,
1,March,8,0.0,0.0,0.0,0,0,0,ok,empty_zero_redirection,,
1,March,9,0.0,0.0,0.0,0,0,0,ok,empty_zero_redirection,,
1,March,10,0.0,0.0,0.0,0,0,0,ok,empty_zero_redirection,,
1,March,11,0.0,0.0,0.0,0,0,0,ok,empty_zero_redirection,,
1,March,12,0.0,0.0,0.0,0,0,0,ok,empty_zero_redirection,,
1,March,13,0.0,0.0,0.0,0,0,0,ok,empty_zero_redirection,,
1,March,14,124.44238060978041,0.0,124.44238060978041,1,126,1134,ok,optimal,124.44238060978041,standard_primal_shadow_dual
1,March,15,0.0,0.0,0.0,3,126,1134,ok,optimal,0.0,standard_primal_shadow_dual
1,March,16,258.1090316204157,0.0,258.1090316204157,8,130,1170,ok,optimal,258.1090316204157,standard_primal_shadow_dual
1,March,17,211.47178901538987,0.0,211.47178901538987,13,130,1170,ok,optimal,211.47178901538987,standard_primal_shadow_dual
1,March,18,713.9420371695053,0.0,713.9420371695053,8,130,1170,ok,optimal,713.9420371695053,standard_primal_shadow_dual
1,March,19,0.0,0.0,0.0,3,130,1170,ok,optimal,0.0,standard_primal_shadow_dual
1,March,20,695.8259630262123,0.0,695.8259630262123,6,130,1170,ok,optimal,695.8259630262123,standard_primal_shadow_dual
1,March,21,222.06873869408508,0.0,222.06873869408508,2,130,1170,ok,optimal,222.06873869408508,standard_primal_shadow_dual
1,March,22,111.03436934704254,0.0,111.03436934704254,1,128,1152,ok,optimal,111.03436934704254,standard_primal_shadow_dual
1,March,23,0.0,0.0,0.0,7,126,1134,ok,optimal,0.0,standard_primal_shadow_dual
1,March,24,1058.859651000304,0.0,1058.859651000304,6,126,1134,ok,optimal,1058.859651000304,standard_primal_shadow_dual
1,March,25,271.0177879067853,0.0,271.0177879067853,3,118,1062,ok,optimal,271.0177879067853,standard_primal_shadow_dual
1,March,26,354.3370524999965,0.0,354.3370524999965,4,122,1098,ok,optimal,354.3370524999965,standard_primal_shadow_dual
1,March,27,891.6117484839876,0.0,891.6117484839876,3,120,1080,ok,optimal,891.6117484839876,standard_primal_shadow_dual
1,March,28,965.0099603505867,0.0,965.0099603505867,6,122,1098,ok,optimal,965.0099603505867,standard_primal_shadow_dual
1,March,29,238.66274743849158,0.0,238.66274743849158,3,124,1116,ok,optimal,238.66274743849158,standard_primal_shadow_dual
1,March,30,630.8923621819489,0.0,630.8923621819489,5,122,1098,ok,optimal,630.8923621819489,standard_primal_shadow_dual
1,March,31,706.7454126853429,0.0,706.7454126853429,3,126,1134,ok,optimal,706.7454126853429,standard_primal_shadow_dual
1,March,32,0.0,0.0,0.0,0,0,0,ok,empty_zero_redirection,,
1,March,33,256.0005362979286,0.0,256.0005362979286,7,124,1116,ok,optimal,256.0005362979286,standard_primal_shadow_dual
1,March,34,494.4320091540677,0.0,494.4320091540677,7,128,1152,ok,optimal,494.4320091540677,standard_primal_shadow_dual
1,March,35,1102.818355134469,0.0,1102.818355134469,3,124,1116,ok,optimal,1102.818355134469,standard_primal_shadow_dual
1,March,36,0.0,0.0,0.0,1,120,1080,ok,optimal,0.0,standard_primal_shadow_dual
1,March,37,8.960186362540856,0.0,8.960186362540856,2,108,972,ok,optimal,8.960186362540856,standard_primal_shadow_dual
1,March,38,60.43428937491906,0.0,60.43428937491906,2,112,1008,ok,optimal,60.43428937491906,standard_primal_shadow_dual
1,March,39,64.29486578865124,0.0,64.29486578865124,1,106,954,ok,optimal,64.29486578865124,standard_primal_shadow_dual
1,March,40,0.0,0.0,0.0,0,0,0,ok,empty_zero_redirection,,
1,March,41,0.0,0.0,0.0,0,0,0,ok,empty_zero_redirection,,
1,March,42,0.0,0.0,0.0,0,0,0,ok,empty_zero_redirection,,
1,March,43,0.0,0.0,0.0,0,0,0,ok,empty_zero_redirection,,
1,March,44,0.0,0.0,0.0,0,0,0,ok,empty_zero_redirection,,
1,March,45,0.0,0.0,0.0,0,0,0,ok,empty_zero_redirection,,
1,March,46,0.0,0.0,0.0,0,0,0,ok,empty_zero_redirection,,
1,March,47,0.0,0.0,0.0,0,0,0,ok,empty_zero_redirection,,
1,March,48,0.0,0.0,0.0,0,0,0,ok,empty_zero_redirection,,
1,April,1,0.0,0.0,0.0,0,0,0,ok,empty_zero_redirection,,
1,April,2,15.03562683634506,0.0,15.03562683634506,1,90,810,ok,optimal,15.03562683634506,standard_primal_shadow_dual
1,April,3,68.0677040839543,0.0,68.0677040839543,3,92,828,ok,optimal,68.0677040839543,standard_primal_shadow_dual
1,April,4,130.70667733004876,0.0,130.70667733004876,1,90,810,ok,optimal,130.70667733004876,standard_primal_shadow_dual
1,April,5,0.0,0.0,0.0,0,0,0,ok,empty_zero_redirection,,
1,April,6,0.0,0.0,0.0,0,0,0,ok,empty_zero_redirection,,
1,April,7,0.0,0.0,0.0,0,0,0,ok,empty_zero_redirection,,
1,April,8,0.0,0.0,0.0,0,0,0,ok,empty_zero_redirection,,
1,April,9,0.0,0.0,0.0,0,0,0,ok,empty_zero_redirection,,
1,April,10,0.0,0.0,0.0,0,0,0,ok,empty_zero_redirection,,
1,April,11,14.894100000000003,0.0,14.894100000000003,1,80,720,ok,optimal,14.894100000000003,standard_primal_shadow_dual
1,April,12,0.0,0.0,0.0,0,0,0,ok,empty_zero_redirection,,
1,April,13,407.1655629828548,0.0,407.1655629828548,2,118,1062,ok,optimal,407.1655629828548,standard_primal_shadow_dual
1,April,14,240.85622053505887,0.0,240.85622053505887,1,126,1134,ok,optimal,240.85622053505887,standard_primal_shadow_dual
1,April,15,484.20399112548307,0.0,484.20399112548307,3,126,1134,ok,optimal,484.20399112548307,standard_primal_shadow_dual
1,April,16,446.75978709882236,0.0,446.75978709882236,8,130,1170,ok,optimal,446.75978709882236,standard_primal_shadow_dual
1,April,17,667.5728558323242,0.0,667.5728558323242,15,130,1170,ok,optimal,667.5728558323242,standard_primal_shadow_dual
1,April,18,793.2794580641918,0.0,793.2794580641918,10,130,1170,ok,optimal,793.2794580641918,standard_primal_shadow_dual
1,April,19,1223.237673492906,0.0,1223.237673492906,8,130,1170,ok,optimal,1223.237673492906,standard_primal_shadow_dual
1,April,20,983.9347121076399,0.0,983.9347121076399,8,130,1170,ok,optimal,983.9347121076399,standard_primal_shadow_dual
1,April,21,1006.2131987278935,0.0,1006.2131987278935,10,130,1170,ok,optimal,1006.2131987278935,standard_primal_shadow_dual
1,April,22,875.4118514345435,0.0,875.4118514345435,6,128,1152,ok,optimal,875.4118514345435,standard_primal_shadow_dual
1,April,23,767.9549304714712,0.0,767.9549304714712,7,126,1134,ok,optimal,767.9549304714712,standard_primal_shadow_dual
1,April,24,1077.8578503669255,0.0,1077.8578503669255,8,126,1134,ok,optimal,1077.8578503669255,standard_primal_shadow_dual
1,April,25,641.2032925944384,0.0,641.2032925944384,5,118,1062,ok,optimal,641.2032925944384,standard_primal_shadow_dual
1,April,26,681.8642684481557,0.0,681.8642684481557,8,122,1098,ok,optimal,681.8642684481557,standard_primal_shadow_dual
1,April,27,1276.4562375492465,0.0,1276.4562375492465,7,120,1080,ok,optimal,1276.4562375492465,standard_primal_shadow_dual
1,April,28,1507.3533357590627,0.0,1507.3533357590627,11,122,1098,ok,optimal,1507.3533357590627,standard_primal_shadow_dual
1,April,29,1424.0857006027677,0.0,1424.0857006027677,10,124,1116,ok,optimal,1424.0857006027677,standard_primal_shadow_dual
1,April,30,1134.3129532211858,0.0,1134.3129532211858,10,122,1098,ok,optimal,1134.3129532211858,standard_primal_shadow_dual
1,April,31,1238.8985222162823,0.0,1238.8985222162823,9,126,1134,ok,optimal,1238.8985222162823,standard_primal_shadow_dual
1,April,32,352.6547340288222,0.0,352.6547340288222,7,126,1134,ok,optimal,352.6547340288222,standard_primal_shadow_dual
1,April,33,385.16285515770176,0.0,385.16285515770176,7,124,1116,ok,optimal,385.16285515770176,standard_primal_shadow_dual
1,April,34,920.7377729100753,0.0,920.7377729100753,9,128,1152,ok,optimal,920.7377729100753,standard_primal_shadow_dual
1,April,35,1071.9569199701702,0.0,1071.9569199701702,5,124,1116,ok,optimal,1071.9569199701702,standard_primal_shadow_dual
1,April,36,250.06875939827594,0.0,250.06875939827594,3,120,1080,ok,optimal,250.06875939827594,standard_primal_shadow_dual
1,April,37,0.0,0.0,0.0,2,108,972,ok,optimal,0.0,standard_primal_shadow_dual
1,April,38,10.492398084638257,0.0,10.492398084638257,3,112,1008,ok,optimal,10.492398084638257,standard_primal_shadow_dual
1,April,39,62.22083785998507,0.0,62.22083785998507,1,106,954,ok,optimal,62.22083785998507,standard_primal_shadow_dual
1,April,40,0.0,0.0,0.0,0,0,0,ok,empty_zero_redirection,,
1,April,41,0.0,0.0,0.0,0,0,0,ok,empty_zero_redirection,,
1,April,42,0.0,0.0,0.0,0,0,0,ok,empty_zero_redirection,,
1,April,43,0.0,0.0,0.0,0,0,0,ok,empty_zero_redirection,,
1,April,44,0.0,0.0,0.0,0,0,0,ok,empty_zero_redirection,,
1,April,45,0.0,0.0,0.0,0,0,0,ok,empty_zero_redirection,,
1,April,46,0.0,0.0,0.0,0,0,0,ok,empty_zero_redirection,,
1,April,47,0.0,0.0,0.0,0,0,0,ok,empty_zero_redirection,,
1,April,48,0.0,0.0,0.0,0,0,0,ok,empty_zero_redirection,,
1,May,1,0.0,0.0,0.0,0,0,0,ok,empty_zero_redirection,,
1,May,2,0.0,0.0,0.0,1,90,810,ok,optimal,0.0,standard_primal_shadow_dual
1,May,3,18.400088916855207,0.0,18.400088916855207,3,92,828,ok,optimal,18.400088916855207,standard_primal_shadow_dual
1,May,4,135.0635665743837,0.0,135.0635665743837,1,90,810,ok,optimal,135.0635665743837,standard_primal_shadow_dual
1,May,5,0.0,0.0,0.0,0,0,0,ok,empty_zero_redirection,,
1,May,6,0.0,0.0,0.0,0,0,0,ok,empty_zero_redirection,,
1,May,7,0.0,0.0,0.0,0,0,0,ok,empty_zero_redirection,,
1,May,8,0.0,0.0,0.0,0,0,0,ok,empty_zero_redirection,,
1,May,9,0.0,0.0,0.0,0,0,0,ok,empty_zero_redirection,,
1,May,10,0.0,0.0,0.0,0,0,0,ok,empty_zero_redirection,,
1,May,11,0.0,0.0,0.0,1,80,720,ok,optimal,0.0,standard_primal_shadow_dual
1,May,12,0.0,0.0,0.0,1,96,864,ok,optimal,0.0,standard_primal_shadow_dual
1,May,13,127.72088395279255,0.0,127.72088395279255,1,118,1062,ok,optimal,127.72088395279255,standard_primal_shadow_dual
1,May,14,124.44238060978041,0.0,124.44238060978041,1,126,1134,ok,optimal,124.44238060978041,standard_primal_shadow_dual
1,May,15,1044.862673234907,0.0,1044.862673234907,7,126,1134,ok,optimal,1044.862673234907,standard_primal_shadow_dual
1,May,16,1552.071869313402,0.0,1552.071869313402,11,130,1170,ok,optimal,1552.071869313402,standard_primal_shadow_dual
1,May,17,1883.5151708108895,0.0,1883.5151708108895,13,130,1170,ok,optimal,1883.5151708108895,standard_primal_shadow_dual
1,May,18,1585.7966998606573,0.0,1585.7966998606573,10,130,1170,ok,optimal,1585.7966998606573,standard_primal_shadow_dual
1,May,19,414.7365046887886,0.0,414.7365046887886,14,130,1170,ok,optimal,414.7365046887886,standard_primal_shadow_dual
1,May,20,1527.0932912722683,0.0,1527.0932912722683,13,130,1170,ok,optimal,1527.0932912722683,standard_primal_shadow_dual
1,May,21,1443.597423088053,0.0,1443.597423088053,9,130,1170,ok,optimal,1443.597423088053,standard_primal_shadow_dual
1,May,22,443.71856127798503,0.0,443.71856127798503,7,128,1152,ok,optimal,443.71856127798503,standard_primal_shadow_dual
1,May,23,610.9601834871851,0.0,610.9601834871851,7,126,1134,ok,optimal,610.9601834871851,standard_primal_shadow_dual
1,May,24,576.0450000969017,0.0,576.0450000969017,5,126,1134,ok,optimal,576.0450000969017,standard_primal_shadow_dual
1,May,25,214.3688327726994,0.0,214.3688327726994,5,118,1062,ok,optimal,214.3688327726994,standard_primal_shadow_dual
1,May,26,1021.3348243230071,0.0,1021.3348243230071,5,122,1098,ok,optimal,1021.3348243230071,standard_primal_shadow_dual
1,May,27,387.5,0.0,387.5,4,120,1080,ok,optimal,387.5,standard_primal_shadow_dual
1,May,28,1172.851692260815,0.0,1172.851692260815,8,122,1098,ok,optimal,1172.851692260815,standard_primal_shadow_dual
1,May,29,1079.4462396097308,0.0,1079.4462396097308,8,124,1116,ok,optimal,1079.4462396097308,standard_primal_shadow_dual
1,May,30,460.0533990616333,0.0,460.0533990616333,6,122,1098,ok,optimal,460.0533990616333,standard_primal_shadow_dual
1,May,31,746.8714550773994,0.0,746.8714550773994,7,126,1134,ok,optimal,746.8714550773994,standard_primal_shadow_dual
1,May,32,201.45907256545843,0.0,201.45907256545843,7,126,1134,ok,optimal,201.45907256545843,standard_primal_shadow_dual
1,May,33,931.4737980843477,0.0,931.4737980843477,6,124,1116,ok,optimal,931.4737980843477,standard_primal_shadow_dual
1,May,34,1136.110566011127,0.0,1136.110566011127,8,128,1152,ok,optimal,1136.110566011127,standard_primal_shadow_dual
1,May,35,450.8064208243336,0.0,450.8064208243336,6,124,1116,ok,optimal,450.8064208243336,standard_primal_shadow_dual
1,May,36,53.19544375000001,0.0,53.19544375000001,4,120,1080,ok,optimal,53.19544375000001,standard_primal_shadow_dual
1,May,37,300.2477080067788,0.0,300.2477080067788,4,108,972,ok,optimal,300.2477080067788,standard_primal_shadow_dual
1,May,38,266.5531893749244,0.0,266.5531893749244,4,112,1008,ok,optimal,266.5531893749244,standard_primal_shadow_dual
1,May,39,32.14743289432562,0.0,32.14743289432562,1,106,954,ok,optimal,32.14743289432562,standard_primal_shadow_dual
1,May,40,0.0,0.0,0.0,0,0,0,ok,empty_zero_redirection,,
1,May,41,0.0,0.0,0.0,0,0,0,ok,empty_zero_redirection,,
1,May,42,0.0,0.0,0.0,0,0,0,ok,empty_zero_redirection,,
1,May,43,0.0,0.0,0.0,0,0,0,ok,empty_zero_redirection,,
1,May,44,0.0,0.0,0.0,0,0,0,ok,empty_zero_redirection,,
1,May,45,0.0,0.0,0.0,0,0,0,ok,empty_zero_redirection,,
1,May,46,0.0,0.0,0.0,0,0,0,ok,empty_zero_redirection,,
1,May,47,0.0,0.0,0.0,0,0,0,ok,empty_zero_redirection,,
1,May,48,0.0,0.0,0.0,0,0,0,ok,empty_zero_redirection,,
1,June,1,0.0,0.0,0.0,0,0,0,ok,empty_zero_redirection,,
1,June,2,0.0,0.0,0.0,1,90,810,ok,optimal,0.0,standard_primal_shadow_dual
1,June,3,17.80653766147278,0.0,17.80653766147278,3,92,828,ok,optimal,17.80653766147278,standard_primal_shadow_dual
1,June,4,130.70667733004876,0.0,130.70667733004876,1,90,810,ok,optimal,130.70667733004876,standard_primal_shadow_dual
1,June,5,0.0,0.0,0.0,0,0,0,ok,empty_zero_redirection,,
1,June,6,0.0,0.0,0.0,0,0,0,ok,empty_zero_redirection,,
1,June,7,20.88663007444515,0.0,20.88663007444515,6,24,216,ok,optimal,20.88663007444515,standard_primal_shadow_dual
1,June,8,0.0,0.0,0.0,4,20,180,ok,optimal,0.0,standard_primal_shadow_dual
1,June,9,52.90387219168127,0.0,52.90387219168127,4,32,288,ok,optimal,52.90387219168127,standard_primal_shadow_dual
1,June,10,35.67541874999659,0.0,35.67541874999659,4,32,288,ok,optimal,35.67541874999659,standard_primal_shadow_dual
1,June,11,218.74034157426271,0.0,218.74034157426271,5,80,720,ok,optimal,218.74034157426271,standard_primal_shadow_dual
1,June,12,0.0,0.0,0.0,2,96,864,ok,optimal,0.0,standard_primal_shadow_dual
1,June,13,225.78217994816208,0.0,225.78217994816208,4,118,1062,ok,optimal,225.78217994816208,standard_primal_shadow_dual
1,June,14,232.92964839550012,0.0,232.92964839550012,3,126,1134,ok,optimal,232.92964839550012,standard_primal_shadow_dual
1,June,15,468.5192642851048,0.0,468.5192642851048,4,126,1134,ok,optimal,468.5192642851048,standard_primal_shadow_dual
1,June,16,638.8387391805386,0.0,638.8387391805386,9,130,1170,ok,optimal,638.8387391805386,standard_primal_shadow_dual
1,June,17,1620.3492281256076,0.0,1620.3492281256076,15,130,1170,ok,optimal,1620.3492281256076,standard_primal_shadow_dual
1,June,18,962.4818278378809,0.0,962.4818278378809,9,130,1170,ok,optimal,962.4818278378809,standard_primal_shadow_dual
1,June,19,223.3038764115052,0.0,223.3038764115052,10,130,1170,ok,optimal,223.3038764115052,standard_primal_shadow_dual
1,June,20,884.7038649966003,0.0,884.7038649966003,9,130,1170,ok,optimal,884.7038649966003,standard_primal_shadow_dual
1,June,21,418.31905536603193,0.0,418.31905536603193,10,130,1170,ok,optimal,418.31905536603193,standard_primal_shadow_dual
1,June,22,875.7768860226645,0.0,875.7768860226645,8,128,1152,ok,optimal,875.7768860226645,standard_primal_shadow_dual
1,June,23,1159.271268062164,0.0,1159.271268062164,11,126,1134,ok,optimal,1159.271268062164,standard_primal_shadow_dual
1,June,24,768.4314881066273,0.0,768.4314881066273,10,126,1134,ok,optimal,768.4314881066273,standard_primal_shadow_dual
1,June,25,642.0291091004756,0.0,642.0291091004756,9,118,1062,ok,optimal,642.0291091004756,standard_primal_shadow_dual
1,June,26,413.52913913765474,0.0,413.52913913765474,8,122,1098,ok,optimal,413.52913913765474,standard_primal_shadow_dual
1,June,27,1081.2302930927165,0.0,1081.2302930927165,11,120,1080,ok,optimal,1081.2302930927165,standard_primal_shadow_dual
1,June,28,1353.9671308443458,0.0,1353.9671308443458,11,122,1098,ok,optimal,1353.9671308443458,standard_primal_shadow_dual
1,June,29,2262.1172349863195,0.0,2262.1172349863195,11,124,1116,ok,optimal,2262.1172349863195,standard_primal_shadow_dual
1,June,30,2103.669326939625,0.0,2103.669326939625,12,122,1098,ok,optimal,2103.669326939625,standard_primal_shadow_dual
1,June,31,1112.0302486487674,0.0,1112.0302486487674,10,126,1134,ok,optimal,1112.0302486487674,standard_primal_shadow_dual
1,June,32,1037.650100435604,0.0,1037.650100435604,11,126,1134,ok,optimal,1037.650100435604,standard_primal_shadow_dual
1,June,33,1320.7375943589436,0.0,1320.7375943589436,8,124,1116,ok,optimal,1320.7375943589436,standard_primal_shadow_dual
1,June,34,716.4132756030749,0.0,716.4132756030749,9,128,1152,ok,optimal,716.4132756030749,standard_primal_shadow_dual
1,June,35,443.9014350991945,0.0,443.9014350991945,6,124,1116,ok,optimal,443.9014350991945,standard_primal_shadow_dual
1,June,36,620.1414717727616,0.0,620.1414717727616,3,120,1080,ok,optimal,620.1414717727616,standard_primal_shadow_dual
1,June,37,25.457925245212948,0.0,25.457925245212948,3,108,972,ok,optimal,25.457925245212948,standard_primal_shadow_dual
1,June,38,39.89726491927652,0.0,39.89726491927652,3,112,1008,ok,optimal,39.89726491927652,standard_primal_shadow_dual
1,June,39,0.0,0.0,0.0,1,106,954,ok,optimal,0.0,standard_primal_shadow_dual
1,June,40,0.0,0.0,0.0,0,0,0,ok,empty_zero_redirection,,
1,June,41,0.0,0.0,0.0,0,0,0,ok,empty_zero_redirection,,
1,June,42,0.0,0.0,0.0,0,0,0,ok,empty_zero_redirection,,
1,June,43,0.0,0.0,0.0,0,0,0,ok,empty_zero_redirection,,
1,June,44,0.0,0.0,0.0,0,0,0,ok,empty_zero_redirection,,
1,June,45,0.0,0.0,0.0,0,0,0,ok,empty_zero_redirection,,
1,June,46,0.0,0.0,0.0,0,0,0,ok,empty_zero_redirection,,
1,June,47,0.0,0.0,0.0,0,0,0,ok,empty_zero_redirection,,
1,June,48,0.0,0.0,0.0,0,0,0,ok,empty_zero_redirection,,
1,July,1,0.0,0.0,0.0,0,0,0,ok,empty_zero_redirection,,
1,July,2,0.0,0.0,0.0,1,90,810,ok,optimal,0.0,standard_primal_shadow_dual
1,July,3,51.93653863656423,0.0,51.93653863656423,3,92,828,ok,optimal,51.93653863656423,standard_primal_shadow_dual
1,July,4,135.0635665743837,0.0,135.0635665743837,1,90,810,ok,optimal,135.0635665743837,standard_primal_shadow_dual
1,July,5,0.0,0.0,0.0,0,0,0,ok,empty_zero_redirection,,
1,July,6,0.0,0.0,0.0,0,0,0,ok,empty_zero_redirection,,
1,July,7,0.0,0.0,0.0,0,0,0,ok,empty_zero_redirection,,
1,July,8,0.0,0.0,0.0,0,0,0,ok,empty_zero_redirection,,
1,July,9,0.0,0.0,0.0,0,0,0,ok,empty_zero_redirection,,
1,July,10,0.0,0.0,0.0,0,0,0,ok,empty_zero_redirection,,
1,July,11,50.99825625000001,0.0,50.99825625000001,1,80,720,ok,optimal,50.99825625000001,standard_primal_shadow_dual
1,July,12,0.0,0.0,0.0,0,0,0,ok,empty_zero_redirection,,
1,July,13,62.70100266030844,0.0,62.70100266030844,1,118,1062,ok,optimal,62.70100266030844,standard_primal_shadow_dual
1,July,14,124.44238060978041,0.0,124.44238060978041,1,126,1134,ok,optimal,124.44238060978041,standard_primal_shadow_dual
1,July,15,0.0,0.0,0.0,1,126,1134,ok,optimal,0.0,standard_primal_shadow_dual
1,July,16,205.5353297636912,0.0,205.5353297636912,7,130,1170,ok,optimal,205.5353297636912,standard_primal_shadow_dual
1,July,17,480.07150116159835,0.0,480.07150116159835,13,130,1170,ok,optimal,480.07150116159835,standard_primal_shadow_dual
1,July,18,281.7447255762904,0.0,281.7447255762904,7,130,1170,ok,optimal,281.7447255762904,standard_primal_shadow_dual
1,July,19,31.8604625,0.0,31.8604625,5,130,1170,ok,optimal,31.8604625,standard_primal_shadow_dual
1,July,20,362.17826183152033,0.0,362.17826183152033,6,130,1170,ok,optimal,362.17826183152033,standard_primal_shadow_dual
1,July,21,574.387453019028,0.0,574.387453019028,2,130,1170,ok,optimal,574.387453019028,standard_primal_shadow_dual
1,July,22,10.010210447527516,0.0,10.010210447527516,2,128,1152,ok,optimal,10.010210447527516,standard_primal_shadow_dual
1,July,23,610.9601834871851,0.0,610.9601834871851,8,126,1134,ok,optimal,610.9601834871851,standard_primal_shadow_dual
1,July,24,795.0671458896463,0.0,795.0671458896463,5,126,1134,ok,optimal,795.0671458896463,standard_primal_shadow_dual
1,July,25,25.380700510493487,0.0,25.380700510493487,3,118,1062,ok,optimal,25.380700510493487,standard_primal_shadow_dual
1,July,26,85.06505731131656,0.0,85.06505731131656,4,122,1098,ok,optimal,85.06505731131656,standard_primal_shadow_dual
1,July,27,74.21762490314379,0.0,74.21762490314379,4,120,1080,ok,optimal,74.21762490314379,standard_primal_shadow_dual
1,July,28,1205.1834899953928,0.0,1205.1834899953928,6,122,1098,ok,optimal,1205.1834899953928,standard_primal_shadow_dual
1,July,29,758.8316761884898,0.0,758.8316761884898,3,124,1116,ok,optimal,758.8316761884898,standard_primal_shadow_dual
1,July,30,476.9586457626132,0.0,476.9586457626132,5,122,1098,ok,optimal,476.9586457626132,standard_primal_shadow_dual
1,July,31,648.2154243218044,0.0,648.2154243218044,4,126,1134,ok,optimal,648.2154243218044,standard_primal_shadow_dual
1,July,32,9.750242992081201,0.0,9.750242992081201,1,126,1134,ok,optimal,9.750242992081201,standard_primal_shadow_dual
1,July,33,1010.2710807580735,0.0,1010.2710807580735,7,124,1116,ok,optimal,1010.2710807580735,standard_primal_shadow_dual
1,July,34,585.7852954850996,0.0,585.7852954850996,7,128,1152,ok,optimal,585.7852954850996,standard_primal_shadow_dual
1,July,35,418.08943459241635,0.0,418.08943459241635,6,124,1116,ok,optimal,418.08943459241635,standard_primal_shadow_dual
1,July,36,252.3853103782168,0.0,252.3853103782168,2,120,1080,ok,optimal,252.3853103782168,standard_primal_shadow_dual
1,July,37,178.7697082958171,0.0,178.7697082958171,2,108,972,ok,optimal,178.7697082958171,standard_primal_shadow_dual
1,July,38,0.0,0.0,0.0,3,112,1008,ok,optimal,0.0,standard_primal_shadow_dual
1,July,39,32.14743289432562,0.0,32.14743289432562,1,106,954,ok,optimal,32.14743289432562,standard_primal_shadow_dual
1,July,40,0.0,0.0,0.0,0,0,0,ok,empty_zero_redirection,,
1,July,41,0.0,0.0,0.0,0,0,0,ok,empty_zero_redirection,,
1,July,42,0.0,0.0,0.0,0,0,0,ok,empty_zero_redirection,,
1,July,43,0.0,0.0,0.0,0,0,0,ok,empty_zero_redirection,,
1,July,44,0.0,0.0,0.0,0,0,0,ok,empty_zero_redirection,,
1,July,45,0.0,0.0,0.0,0,0,0,ok,empty_zero_redirection,,
1,July,46,0.0,0.0,0.0,0,0,0,ok,empty_zero_redirection,,
1,July,47,0.0,0.0,0.0,0,0,0,ok,empty_zero_redirection,,
1,July,48,0.0,0.0,0.0,0,0,0,ok,empty_zero_redirection,,
1,August,1,0.0,0.0,0.0,0,0,0,ok,empty_zero_redirection,,
1,August,2,0.0,0.0,0.0,1,90,810,ok,optimal,0.0,standard_primal_shadow_dual
1,August,3,36.800177833710414,0.0,36.800177833710414,3,92,828,ok,optimal,36.800177833710414,standard_primal_shadow_dual
1,August,4,135.0635665743837,0.0,135.0635665743837,1,90,810,ok,optimal,135.0635665743837,standard_primal_shadow_dual
1,August,5,0.0,0.0,0.0,0,0,0,ok,empty_zero_redirection,,
1,August,6,0.0,0.0,0.0,0,0,0,ok,empty_zero_redirection,,
1,August,7,0.0,0.0,0.0,0,0,0,ok,empty_zero_redirection,,
1,August,8,0.0,0.0,0.0,0,0,0,ok,empty_zero_redirection,,
1,August,9,0.0,0.0,0.0,0,0,0,ok,empty_zero_redirection,,
1,August,10,0.0,0.0,0.0,0,0,0,ok,empty_zero_redirection,,
1,August,11,19.242487500000003,0.0,19.242487500000003,1,80,720,ok,optimal,19.242487500000003,standard_primal_shadow_dual
1,August,12,0.0,0.0,0.0,0,0,0,ok,empty_zero_redirection,,
1,August,13,0.0,0.0,0.0,0,0,0,ok,empty_zero_redirection,,
1,August,14,248.88476121956083,0.0,248.88476121956083,1,126,1134,ok,optimal,248.88476121956083,standard_primal_shadow_dual
1,August,15,0.0,0.0,0.0,1,126,1134,ok,optimal,0.0,standard_primal_shadow_dual
1,August,16,262.8017031932669,0.0,262.8017031932669,7,130,1170,ok,optimal,262.8017031932669,standard_primal_shadow_dual
1,August,17,881.039760380545,0.0,881.039760380545,12,130,1170,ok,optimal,881.039760380545,standard_primal_shadow_dual
1,August,18,1490.7861104659123,0.0,1490.7861104659123,6,130,1170,ok,optimal,1490.7861104659123,standard_primal_shadow_dual
1,August,19,620.0,0.0,620.0,2,130,1170,ok,optimal,620.0,standard_primal_shadow_dual
1,August,20,337.87850743471677,0.0,337.87850743471677,4,130,1170,ok,optimal,337.87850743471677,standard_primal_shadow_dual
1,August,21,133.52666367198523,0.0,133.52666367198523,2,130,1170,ok,optimal,133.52666367198523,standard_primal_shadow_dual
1,August,22,131.95099934704254,0.0,131.95099934704254,1,128,1152,ok,optimal,131.95099934704254,standard_primal_shadow_dual
1,August,23,279.8904557183077,0.0,279.8904557183077,6,126,1134,ok,optimal,279.8904557183077,standard_primal_shadow_dual
1,August,24,387.5,0.0,387.5,5,126,1134,ok,optimal,387.5,standard_primal_shadow_dual
1,August,25,187.00927499999818,0.0,187.00927499999818,5,118,1062,ok,optimal,187.00927499999818,standard_primal_shadow_dual
1,August,26,494.0510786556583,0.0,494.0510786556583,3,122,1098,ok,optimal,494.0510786556583,standard_primal_shadow_dual
1,August,27,860.7952219679754,0.0,860.7952219679754,3,120,1080,ok,optimal,860.7952219679754,standard_primal_shadow_dual
1,August,28,941.5264579230964,0.0,941.5264579230964,8,122,1098,ok,optimal,941.5264579230964,standard_primal_shadow_dual
1,August,29,266.08706118849346,0.0,266.08706118849346,4,124,1116,ok,optimal,266.08706118849346,standard_primal_shadow_dual
1,August,30,392.3400557625523,0.0,392.3400557625523,7,122,1098,ok,optimal,392.3400557625523,standard_primal_shadow_dual
1,August,31,174.3129377020328,0.0,174.3129377020328,4,126,1134,ok,optimal,174.3129377020328,standard_primal_shadow_dual
1,August,32,19.500485984162403,0.0,19.500485984162403,1,126,1134,ok,optimal,19.500485984162403,standard_primal_shadow_dual
1,August,33,185.6739527510187,0.0,185.6739527510187,7,124,1116,ok,optimal,185.6739527510187,standard_primal_shadow_dual
1,August,34,382.16918696890735,0.0,382.16918696890735,8,128,1152,ok,optimal,382.16918696890735,standard_primal_shadow_dual
1,August,35,143.44828150795252,0.0,143.44828150795252,4,124,1116,ok,optimal,143.44828150795252,standard_primal_shadow_dual
1,August,36,467.9562982564369,0.0,467.9562982564369,2,120,1080,ok,optimal,467.9562982564369,standard_primal_shadow_dual
1,August,37,0.0,0.0,0.0,0,0,0,ok,empty_zero_redirection,,
1,August,38,10.842144687459532,0.0,10.842144687459532,1,112,1008,ok,optimal,10.842144687459532,standard_primal_shadow_dual
1,August,39,32.14743289432562,0.0,32.14743289432562,1,106,954,ok,optimal,32.14743289432562,standard_primal_shadow_dual
1,August,40,0.0,0.0,0.0,0,0,0,ok,empty_zero_redirection,,
1,August,41,0.0,0.0,0.0,0,0,0,ok,empty_zero_redirection,,
1,August,42,0.0,0.0,0.0,0,0,0,ok,empty_zero_redirection,,
1,August,43,0.0,0.0,0.0,0,0,0,ok,empty_zero_redirection,,
1,August,44,0.0,0.0,0.0,0,0,0,ok,empty_zero_redirection,,
1,August,45,0.0,0.0,0.0,0,0,0,ok,empty_zero_redirection,,
1,August,46,0.0,0.0,0.0,0,0,0,ok,empty_zero_redirection,,
1,August,47,0.0,0.0,0.0,0,0,0,ok,empty_zero_redirection,,
1,August,48,0.0,0.0,0.0,0,0,0,ok,empty_zero_redirection,,
1,September,1,0.0,0.0,0.0,0,0,0,ok,empty_zero_redirection,,
1,September,2,0.0,0.0,0.0,1,90,810,ok,optimal,0.0,standard_primal_shadow_dual
1,September,3,50.261166422481516,0.0,50.261166422481516,3,92,828,ok,optimal,50.261166422481516,standard_primal_shadow_dual
1,September,4,0.0,0.0,0.0,1,90,810,ok,optimal,0.0,standard_primal_shadow_dual
1,September,5,0.0,0.0,0.0,0,0,0,ok,empty_zero_redirection,,
1,September,6,0.0,0.0,0.0,0,0,0,ok,empty_zero_redirection,,
1,September,7,0.0,0.0,0.0,0,0,0,ok,empty_zero_redirection,,
1,September,8,0.0,0.0,0.0,0,0,0,ok,empty_zero_redirection,,
1,September,9,0.0,0.0,0.0,0,0,0,ok,empty_zero_redirection,,
1,September,10,0.0,0.0,0.0,0,0,0,ok,empty_zero_redirection,,
1,September,11,2.0231437500000005,0.0,2.0231437500000005,1,80,720,ok,optimal,2.0231437500000005,standard_primal_shadow_dual
1,September,12,0.0,0.0,0.0,0,0,0,ok,empty_zero_redirection,,
1,September,13,0.0,0.0,0.0,0,0,0,ok,empty_zero_redirection,,
1,September,14,240.85622053505887,0.0,240.85622053505887,1,126,1134,ok,optimal,240.85622053505887,standard_primal_shadow_dual
1,September,15,0.0,0.0,0.0,2,126,1134,ok,optimal,0.0,standard_primal_shadow_dual
1,September,16,9.082590141002385,0.0,9.082590141002385,7,130,1170,ok,optimal,9.082590141002385,standard_primal_shadow_dual
1,September,17,1326.1634886338136,0.0,1326.1634886338136,14,130,1170,ok,optimal,1326.1634886338136,standard_primal_shadow_dual
1,September,18,356.15104431400505,0.0,356.15104431400505,7,130,1170,ok,optimal,356.15104431400505,standard_primal_shadow_dual
1,September,19,165.46382144066385,0.0,165.46382144066385,4,130,1170,ok,optimal,165.46382144066385,standard_primal_shadow_dual
1,September,20,592.7866772448934,0.0,592.7866772448934,4,130,1170,ok,optimal,592.7866772448934,standard_primal_shadow_dual
1,September,21,0.0,0.0,0.0,2,130,1170,ok,optimal,0.0,standard_primal_shadow_dual
1,September,22,149.379755497138,0.0,149.379755497138,1,128,1152,ok,optimal,149.379755497138,standard_primal_shadow_dual
1,September,23,1014.5757909617464,0.0,1014.5757909617464,6,126,1134,ok,optimal,1014.5757909617464,standard_primal_shadow_dual
1,September,24,297.490390366922,0.0,297.490390366922,5,126,1134,ok,optimal,297.490390366922,standard_primal_shadow_dual
1,September,25,61.42399771995873,0.0,61.42399771995873,5,118,1062,ok,optimal,61.42399771995873,standard_primal_shadow_dual
1,September,26,298.4371451640801,0.0,298.4371451640801,5,122,1098,ok,optimal,298.4371451640801,standard_primal_shadow_dual
1,September,27,893.0259646681881,0.0,893.0259646681881,4,120,1080,ok,optimal,893.0259646681881,standard_primal_shadow_dual
1,September,28,1237.4361673214132,0.0,1237.4361673214132,9,122,1098,ok,optimal,1237.4361673214132,standard_primal_shadow_dual
1,September,29,618.0458802757312,0.0,618.0458802757312,4,124,1116,ok,optimal,618.0458802757312,standard_primal_shadow_dual
1,September,30,1215.2666177858594,0.0,1215.2666177858594,7,122,1098,ok,optimal,1215.2666177858594,standard_primal_shadow_dual
1,September,31,627.3052493436817,0.0,627.3052493436817,2,126,1134,ok,optimal,627.3052493436817,standard_primal_shadow_dual
1,September,32,0.0,0.0,0.0,0,0,0,ok,empty_zero_redirection,,
1,September,33,245.53572399964833,0.0,245.53572399964833,6,124,1116,ok,optimal,245.53572399964833,standard_primal_shadow_dual
1,September,34,208.41290549193408,0.0,208.41290549193408,5,128,1152,ok,optimal,208.41290549193408,standard_primal_shadow_dual
1,September,35,890.3818923416795,0.0,890.3818923416795,3,124,1116,ok,optimal,890.3818923416795,standard_primal_shadow_dual
1,September,36,452.8609337965519,0.0,452.8609337965519,1,120,1080,ok,optimal,452.8609337965519,standard_primal_shadow_dual
1,September,37,0.0,0.0,0.0,0,0,0,ok,empty_zero_redirection,,
1,September,38,20.984796169276514,0.0,20.984796169276514,1,112,1008,ok,optimal,20.984796169276514,standard_primal_shadow_dual
1,September,39,62.22083785998507,0.0,62.22083785998507,1,106,954,ok,optimal,62.22083785998507,standard_primal_shadow_dual
1,September,40,0.0,0.0,0.0,0,0,0,ok,empty_zero_redirection,,
1,September,41,0.0,0.0,0.0,0,0,0,ok,empty_zero_redirection,,
1,September,42,0.0,0.0,0.0,0,0,0,ok,empty_zero_redirection,,
1,September,43,0.0,0.0,0.0,0,0,0,ok,empty_zero_redirection,,
1,September,44,0.0,0.0,0.0,0,0,0,ok,empty_zero_redirection,,
1,September,45,0.0,0.0,0.0,0,0,0,ok,empty_zero_redirection,,
1,September,46,0.0,0.0,0.0,0,0,0,ok,empty_zero_redirection,,
1,September,47,0.0,0.0,0.0,0,0,0,ok,empty_zero_redirection,,
1,September,48,0.0,0.0,0.0,0,0,0,ok,empty_zero_redirection,,
1,October,1,0.0,0.0,0.0,0,0,0,ok,empty_zero_redirection,,
1,October,2,15.536814397556562,0.0,15.536814397556562,1,90,810,ok,optimal,15.536814397556562,standard_primal_shadow_dual
1,October,3,18.400088916855207,0.0,18.400088916855207,3,92,828,ok,optimal,18.400088916855207,standard_primal_shadow_dual
1,October,4,67.53178328719186,0.0,67.53178328719186,1,90,810,ok,optimal,67.53178328719186,standard_primal_shadow_dual
1,October,5,0.0,0.0,0.0,0,0,0,ok,empty_zero_redirection,,
1,October,6,0.0,0.0,0.0,0,0,0,ok,empty_zero_redirection,,
1,October,7,0.0,0.0,0.0,0,0,0,ok,empty_zero_redirection,,
1,October,8,0.0,0.0,0.0,0,0,0,ok,empty_zero_redirection,,
1,October,9,0.0,0.0,0.0,0,0,0,ok,empty_zero_redirection,,
1,October,10,0.0,0.0,0.0,0,0,0,ok,empty_zero_redirection,,
1,October,11,0.0,0.0,0.0,0,0,0,ok,empty_zero_redirection,,
1,October,12,0.0,0.0,0.0,0,0,0,ok,empty_zero_redirection,,
1,October,13,0.0,0.0,0.0,0,0,0,ok,empty_zero_redirection,,
1,October,14,124.44238060978041,0.0,124.44238060978041,1,126,1134,ok,optimal,124.44238060978041,standard_primal_shadow_dual
1,October,15,0.0,0.0,0.0,1,126,1134,ok,optimal,0.0,standard_primal_shadow_dual
1,October,16,0.0,0.0,0.0,7,130,1170,ok,optimal,0.0,standard_primal_shadow_dual
1,October,17,459.38763632891806,0.0,459.38763632891806,12,130,1170,ok,optimal,459.38763632891806,standard_primal_shadow_dual
1,October,18,380.59897838901423,0.0,380.59897838901423,6,130,1170,ok,optimal,380.59897838901423,standard_primal_shadow_dual
1,October,19,752.5986802685297,0.0,752.5986802685297,2,130,1170,ok,optimal,752.5986802685297,standard_primal_shadow_dual
1,October,20,0.0,0.0,0.0,2,130,1170,ok,optimal,0.0,standard_primal_shadow_dual
1,October,21,0.0,0.0,0.0,0,0,0,ok,empty_zero_redirection,,
1,October,22,0.0,0.0,0.0,0,0,0,ok,empty_zero_redirection,,
1,October,23,408.2969441401426,0.0,408.2969441401426,6,126,1134,ok,optimal,408.2969441401426,standard_primal_shadow_dual
1,October,24,0.0,0.0,0.0,4,126,1134,ok,optimal,0.0,standard_primal_shadow_dual
1,October,25,208.5138074999964,0.0,208.5138074999964,2,118,1062,ok,optimal,208.5138074999964,standard_primal_shadow_dual
1,October,26,315.3375620059695,0.0,315.3375620059695,2,122,1098,ok,optimal,315.3375620059695,standard_primal_shadow_dual
1,October,27,387.5,0.0,387.5,3,120,1080,ok,optimal,387.5,standard_primal_shadow_dual
1,October,28,387.5,0.0,387.5,6,122,1098,ok,optimal,387.5,standard_primal_shadow_dual
1,October,29,638.6474096182556,0.0,638.6474096182556,2,124,1116,ok,optimal,638.6474096182556,standard_primal_shadow_dual
1,October,30,0.0,0.0,0.0,4,122,1098,ok,optimal,0.0,standard_primal_shadow_dual
1,October,31,0.0,0.0,0.0,2,126,1134,ok,optimal,0.0,standard_primal_shadow_dual
1,October,32,0.0,0.0,0.0,0,0,0,ok,empty_zero_redirection,,
1,October,33,170.82122983867038,0.0,170.82122983867038,6,124,1116,ok,optimal,170.82122983867038,standard_primal_shadow_dual
1,October,34,423.2427528747964,0.0,423.2427528747964,4,128,1152,ok,optimal,423.2427528747964,standard_primal_shadow_dual
1,October,35,868.9256283464215,0.0,868.9256283464215,3,124,1116,ok,optimal,868.9256283464215,standard_primal_shadow_dual
1,October,36,0.0,0.0,0.0,1,120,1080,ok,optimal,0.0,standard_primal_shadow_dual
1,October,37,0.0,0.0,0.0,0,0,0,ok,empty_zero_redirection,,
1,October,38,0.0,0.0,0.0,1,112,1008,ok,optimal,0.0,standard_primal_shadow_dual
1,October,39,0.0,0.0,0.0,1,106,954,ok,optimal,0.0,standard_primal_shadow_dual
1,October,40,0.0,0.0,0.0,0,0,0,ok,empty_zero_redirection,,
1,October,41,0.0,0.0,0.0,0,0,0,ok,empty_zero_redirection,,
1,October,42,0.0,0.0,0.0,0,0,0,ok,empty_zero_redirection,,
1,October,43,0.0,0.0,0.0,0,0,0,ok,empty_zero_redirection,,
1,October,44,0.0,0.0,0.0,0,0,0,ok,empty_zero_redirection,,
1,October,45,0.0,0.0,0.0,0,0,0,ok,empty_zero_redirection,,
1,October,46,0.0,0.0,0.0,0,0,0,ok,empty_zero_redirection,,
1,October,47,0.0,0.0,0.0,0,0,0,ok,empty_zero_redirection,,
1,October,48,0.0,0.0,0.0,0,0,0,ok,empty_zero_redirection,,
1,November,1,0.0,0.0,0.0,0,0,0,ok,empty_zero_redirection,,
1,November,2,15.03562683634506,0.0,15.03562683634506,1,90,810,ok,optimal,15.03562683634506,standard_primal_shadow_dual
1,November,3,17.80653766147278,0.0,17.80653766147278,3,92,828,ok,optimal,17.80653766147278,standard_primal_shadow_dual
1,November,4,65.35333866502438,0.0,65.35333866502438,1,90,810,ok,optimal,65.35333866502438,standard_primal_shadow_dual
1,November,5,0.0,0.0,0.0,0,0,0,ok,empty_zero_redirection,,
1,November,6,0.0,0.0,0.0,0,0,0,ok,empty_zero_redirection,,
1,November,7,0.0,0.0,0.0,0,0,0,ok,empty_zero_redirection,,
1,November,8,0.0,0.0,0.0,0,0,0,ok,empty_zero_redirection,,
1,November,9,0.0,0.0,0.0,0,0,0,ok,empty_zero_redirection,,
1,November,10,0.0,0.0,0.0,0,0,0,ok,empty_zero_redirection,,
1,November,11,0.0,0.0,0.0,0,0,0,ok,empty_zero_redirection,,
1,November,12,0.0,0.0,0.0,0,0,0,ok,empty_zero_redirection,,
1,November,13,0.0,0.0,0.0,0,0,0,ok,empty_zero_redirection,,
1,November,14,240.85622053505887,0.0,240.85622053505887,1,126,1134,ok,optimal,240.85622053505887,standard_primal_shadow_dual
1,November,15,0.0,0.0,0.0,1,126,1134,ok,optimal,0.0,standard_primal_shadow_dual
1,November,16,238.7956866454741,0.0,238.7956866454741,7,130,1170,ok,optimal,238.7956866454741,standard_primal_shadow_dual
1,November,17,1630.2655849136047,0.0,1630.2655849136047,12,130,1170,ok,optimal,1630.2655849136047,standard_primal_shadow_dual
1,November,18,175.7908851235046,0.0,175.7908851235046,6,130,1170,ok,optimal,175.7908851235046,standard_primal_shadow_dual
1,November,19,728.3213034856739,0.0,728.3213034856739,2,130,1170,ok,optimal,728.3213034856739,standard_primal_shadow_dual
1,November,20,0.0,0.0,0.0,2,130,1170,ok,optimal,0.0,standard_primal_shadow_dual
1,November,21,0.0,0.0,0.0,0,0,0,ok,empty_zero_redirection,,
1,November,22,0.0,0.0,0.0,0,0,0,ok,empty_zero_redirection,,
1,November,23,1014.5757909617244,0.0,1014.5757909617244,6,126,1134,ok,optimal,1014.5757909617244,standard_primal_shadow_dual
1,November,24,375.0,0.0,375.0,4,126,1134,ok,optimal,375.0,standard_primal_shadow_dual
1,November,25,151.22661647191944,0.0,151.22661647191944,2,118,1062,ok,optimal,151.22661647191944,standard_primal_shadow_dual
1,November,26,401.2872788667126,0.0,401.2872788667126,2,122,1098,ok,optimal,401.2872788667126,standard_primal_shadow_dual
1,November,27,375.0,0.0,375.0,3,120,1080,ok,optimal,375.0,standard_primal_shadow_dual
1,November,28,195.1949431864267,0.0,195.1949431864267,6,122,1098,ok,optimal,195.1949431864267,standard_primal_shadow_dual
1,November,29,309.0229401378656,0.0,309.0229401378656,2,124,1116,ok,optimal,309.0229401378656,standard_primal_shadow_dual
1,November,30,393.06711259543795,0.0,393.06711259543795,3,122,1098,ok,optimal,393.06711259543795,standard_primal_shadow_dual
1,November,31,118.80825165549167,0.0,118.80825165549167,2,126,1134,ok,optimal,118.80825165549167,standard_primal_shadow_dual
1,November,32,0.0,0.0,0.0,0,0,0,ok,empty_zero_redirection,,
1,November,33,370.52957605760827,0.0,370.52957605760827,6,124,1116,ok,optimal,370.52957605760827,standard_primal_shadow_dual
1,November,34,336.55878713150514,0.0,336.55878713150514,4,128,1152,ok,optimal,336.55878713150514,standard_primal_shadow_dual
1,November,35,176.86167714329048,0.0,176.86167714329048,3,124,1116,ok,optimal,176.86167714329048,standard_primal_shadow_dual
1,November,36,0.0,0.0,0.0,1,120,1080,ok,optimal,0.0,standard_primal_shadow_dual
1,November,37,0.0,0.0,0.0,0,0,0,ok,empty_zero_redirection,,
1,November,38,20.984796169276514,0.0,20.984796169276514,1,112,1008,ok,optimal,20.984796169276514,standard_primal_shadow_dual
1,November,39,0.0,0.0,0.0,1,106,954,ok,optimal,0.0,standard_primal_shadow_dual
1,November,40,0.0,0.0,0.0,0,0,0,ok,empty_zero_redirection,,
1,November,41,0.0,0.0,0.0,0,0,0,ok,empty_zero_redirection,,
1,November,42,0.0,0.0,0.0,0,0,0,ok,empty_zero_redirection,,
1,November,43,0.0,0.0,0.0,0,0,0,ok,empty_zero_redirection,,
1,November,44,0.0,0.0,0.0,0,0,0,ok,empty_zero_redirection,,
1,November,45,0.0,0.0,0.0,0,0,0,ok,empty_zero_redirection,,
1,November,46,0.0,0.0,0.0,0,0,0,ok,empty_zero_redirection,,
1,November,47,0.0,0.0,0.0,0,0,0,ok,empty_zero_redirection,,
1,November,48,0.0,0.0,0.0,0,0,0,ok,empty_zero_redirection,,
1,December,1,0.0,0.0,0.0,0,0,0,ok,empty_zero_redirection,,
1,December,2,0.0,0.0,0.0,1,90,810,ok,optimal,0.0,standard_primal_shadow_dual
1,December,3,18.400088916855207,0.0,18.400088916855207,3,92,828,ok,optimal,18.400088916855207,standard_primal_shadow_dual
1,December,4,0.0,0.0,0.0,1,90,810,ok,optimal,0.0,standard_primal_shadow_dual
1,December,5,0.0,0.0,0.0,0,0,0,ok,empty_zero_redirection,,
1,December,6,0.0,0.0,0.0,0,0,0,ok,empty_zero_redirection,,
1,December,7,0.0,0.0,0.0,0,0,0,ok,empty_zero_redirection,,
1,December,8,0.0,0.0,0.0,0,0,0,ok,empty_zero_redirection,,
1,December,9,0.0,0.0,0.0,0,0,0,ok,empty_zero_redirection,,
1,December,10,0.0,0.0,0.0,0,0,0,ok,empty_zero_redirection,,
1,December,11,0.0,0.0,0.0,0,0,0,ok,empty_zero_redirection,,
1,December,12,0.0,0.0,0.0,0,0,0,ok,empty_zero_redirection,,
1,December,13,0.0,0.0,0.0,0,0,0,ok,empty_zero_redirection,,
1,December,14,124.44238060978041,0.0,124.44238060978041,1,126,1134,ok,optimal,124.44238060978041,standard_primal_shadow_dual
1,December,15,0.0,0.0,0.0,1,126,1134,ok,optimal,0.0,standard_primal_shadow_dual
1,December,16,491.82070252712595,0.0,491.82070252712595,7,130,1170,ok,optimal,491.82070252712595,standard_primal_shadow_dual
1,December,17,340.9858909051435,0.0,340.9858909051435,12,130,1170,ok,optimal,340.9858909051435,standard_primal_shadow_dual
1,December,18,0.0,0.0,0.0,6,130,1170,ok,optimal,0.0,standard_primal_shadow_dual
1,December,19,752.5986802685293,0.0,752.5986802685293,2,130,1170,ok,optimal,752.5986802685293,standard_primal_shadow_dual
1,December,20,0.0,0.0,0.0,2,130,1170,ok,optimal,0.0,standard_primal_shadow_dual
1,December,21,0.0,0.0,0.0,0,0,0,ok,empty_zero_redirection,,
1,December,22,0.0,0.0,0.0,0,0,0,ok,empty_zero_redirection,,
1,December,23,688.1873998584305,0.0,688.1873998584305,7,126,1134,ok,optimal,688.1873998584305,standard_primal_shadow_dual
1,December,24,1036.5789504898116,0.0,1036.5789504898116,4,126,1134,ok,optimal,1036.5789504898116,standard_primal_shadow_dual
1,December,25,56.07549602098597,0.0,56.07549602098597,2,118,1062,ok,optimal,56.07549602098597,standard_primal_shadow_dual
1,December,26,256.99474049261823,0.0,256.99474049261823,2,122,1098,ok,optimal,256.99474049261823,standard_primal_shadow_dual
1,December,27,0.0,0.0,0.0,3,120,1080,ok,optimal,0.0,standard_primal_shadow_dual
1,December,28,267.76662907071784,0.0,267.76662907071784,6,122,1098,ok,optimal,267.76662907071784,standard_primal_shadow_dual
1,December,29,0.0,0.0,0.0,2,124,1116,ok,optimal,0.0,standard_primal_shadow_dual
1,December,30,404.61934968195254,0.0,404.61934968195254,3,122,1098,ok,optimal,404.61934968195254,standard_primal_shadow_dual
1,December,31,648.2154243218043,0.0,648.2154243218043,2,126,1134,ok,optimal,648.2154243218043,standard_primal_shadow_dual
1,December,32,0.0,0.0,0.0,0,0,0,ok,empty_zero_redirection,,
1,December,33,226.51515696142258,0.0,226.51515696142258,6,124,1116,ok,optimal,226.51515696142258,standard_primal_shadow_dual
1,December,34,545.4926446394155,0.0,545.4926446394155,4,128,1152,ok,optimal,545.4926446394155,standard_primal_shadow_dual
1,December,35,868.9256283464215,0.0,868.9256283464215,3,124,1116,ok,optimal,868.9256283464215,standard_primal_shadow_dual
1,December,36,0.0,0.0,0.0,1,120,1080,ok,optimal,0.0,standard_primal_shadow_dual
1,December,37,0.0,0.0,0.0,0,0,0,ok,empty_zero_redirection,,
1,December,38,21.684289374919064,0.0,21.684289374919064,1,112,1008,ok,optimal,21.684289374919064,standard_primal_shadow_dual
1,December,39,64.29486578865124,0.0,64.29486578865124,1,106,954,ok,optimal,64.29486578865124,standard_primal_shadow_dual
1,December,40,0.0,0.0,0.0,0,0,0,ok,empty_zero_redirection,,
1,December,41,0.0,0.0,0.0,0,0,0,ok,empty_zero_redirection,,
1,December,42,0.0,0.0,0.0,0,0,0,ok,empty_zero_redirection,,
1,December,43,0.0,0.0,0.0,0,0,0,ok,empty_zero_redirection,,
1,December,44,0.0,0.0,0.0,0,0,0,ok,empty_zero_redirection,,
1,December,45,0.0,0.0,0.0,0,0,0,ok,empty_zero_redirection,,
1,December,46,0.0,0.0,0.0,0,0,0,ok,empty_zero_redirection,,
1,December,47,0.0,0.0,0.0,0,0,0,ok,empty_zero_redirection,,
1,December,48,0.0,0.0,0.0,0,0,0,ok,empty_zero_redirection,,
2,January,1,0.0,0.0,0.0,0,0,0,ok,empty_zero_redirection,,
2,January,2,15.536814397556562,0.0,15.536814397556562,1,90,810,ok,optimal,15.536814397556562,standard_primal_shadow_dual
2,January,3,0.0,0.0,0.0,3,92,828,ok,optimal,0.0,standard_primal_shadow_dual
2,January,4,0.0,0.0,0.0,1,90,810,ok,optimal,0.0,standard_primal_shadow_dual
2,January,5,0.0,0.0,0.0,0,0,0,ok,empty_zero_redirection,,
2,January,6,0.0,0.0,0.0,0,0,0,ok,empty_zero_redirection,,
2,January,7,0.0,0.0,0.0,0,0,0,ok,empty_zero_redirection,,
2,January,8,0.0,0.0,0.0,0,0,0,ok,empty_zero_redirection,,
2,January,9,0.0,0.0,0.0,0,0,0,ok,empty_zero_redirection,,
2,January,10,0.0,0.0,0.0,0,0,0,ok,empty_zero_redirection,,
2,January,11,0.0,0.0,0.0,0,0,0,ok,empty_zero_redirection,,
2,January,12,0.0,0.0,0.0,0,0,0,ok,empty_zero_redirection,,
2,January,13,0.0,0.0,0.0,0,0,0,ok,empty_zero_redirection,,
2,January,14,0.0,0.0,0.0,1,126,1134,ok,optimal,0.0,standard_primal_shadow_dual
2,January,15,286.82095537751786,0.0,286.82095537751786,1,126,1134,ok,optimal,286.82095537751786,standard_primal_shadow_dual
2,January,16,285.4294979908234,0.0,285.4294979908234,7,130,1170,ok,optimal,285.4294979908234,standard_primal_shadow_dual
2,January,17,795.8302238866904,0.0,795.8302238866904,12,130,1170,ok,optimal,795.8302238866904,standard_primal_shadow_dual
2,January,18,1351.0981335226952,0.0,1351.0981335226952,6,130,1170,ok,optimal,1351.0981335226952,standard_primal_shadow_dual
2,January,19,752.5986802685297,0.0,752.5986802685297,3,130,1170,ok,optimal,752.5986802685297,standard_primal_shadow_dual
2,January,20,0.0,0.0,0.0,2,130,1170,ok,optimal,0.0,standard_primal_shadow_dual
2,January,21,0.0,0.0,0.0,0,0,0,ok,empty_zero_redirection,,
2,January,22,0.0,0.0,0.0,0,0,0,ok,empty_zero_redirection,,
2,January,23,0.0,0.0,0.0,6,126,1134,ok,optimal,0.0,standard_primal_shadow_dual
2,January,24,0.0,0.0,0.0,4,126,1134,ok,optimal,0.0,standard_primal_shadow_dual
2,January,25,0.0,0.0,0.0,2,118,1062,ok,optimal,0.0,standard_primal_shadow_dual
2,January,26,0.0,0.0,0.0,2,122,1098,ok,optimal,0.0,standard_primal_shadow_dual
2,January,27,0.0,0.0,0.0,3,120,1080,ok,optimal,0.0,standard_primal_shadow_dual
2,January,28,0.0,0.0,0.0,6,122,1098,ok,optimal,0.0,standard_primal_shadow_dual
2,January,29,0.0,0.0,0.0,1,124,1116,ok,optimal,0.0,standard_primal_shadow_dual
2,January,30,3.1,0.0,3.1,3,122,1098,ok,optimal,3.1,standard_primal_shadow_dual
2,January,31,0.0,0.0,0.0,2,126,1134,ok,optimal,0.0,standard_primal_shadow_dual
2,January,32,0.0,0.0,0.0,0,0,0,ok,empty_zero_redirection,,
2,January,33,259.96005125653824,0.0,259.96005125653824,5,124,1116,ok,optimal,259.96005125653824,standard_primal_shadow_dual
2,January,34,0.0,0.0,0.0,5,128,1152,ok,optimal,0.0,standard_primal_shadow_dual
2,January,35,419.7877715924816,0.0,419.7877715924816,3,124,1116,ok,optimal,419.7877715924816,standard_primal_shadow_dual
2,January,36,233.97814912821846,0.0,233.97814912821846,1,120,1080,ok,optimal,233.97814912821846,standard_primal_shadow_dual
2,January,37,0.0,0.0,0.0,0,0,0,ok,empty_zero_redirection,,
2,January,38,0.0,0.0,0.0,1,112,1008,ok,optimal,0.0,standard_primal_shadow_dual
2,January,39,0.0,0.0,0.0,1,106,954,ok,optimal,0.0,standard_primal_shadow_dual
2,January,40,0.0,0.0,0.0,0,0,0,ok,empty_zero_redirection,,
2,January,41,0.0,0.0,0.0,0,0,0,ok,empty_zero_redirection,,
2,January,42,0.0,0.0,0.0,0,0,0,ok,empty_zero_redirection,,
2,January,43,0.0,0.0,0.0,0,0,0,ok,empty_zero_redirection,,
2,January,44,0.0,0.0,0.0,0,0,0,ok,empty_zero_redirection,,
2,January,45,0.0,0.0,0.0,0,0,0,ok,empty_zero_redirection,,
2,January,46,0.0,0.0,0.0,0,0,0,ok,empty_zero_redirection,,
2,January,47,0.0,0.0,0.0,0,0,0,ok,empty_zero_redirection,,
2,January,48,0.0,0.0,0.0,0,0,0,ok,empty_zero_redirection,,
2,February,1,0.0,0.0,0.0,0,0,0,ok,empty_zero_redirection,,
2,February,2,14.033251713922056,0.0,14.033251713922056,1,90,810,ok,optimal,14.033251713922056,standard_primal_shadow_dual
2,February,3,10.581196217286589,0.0,10.581196217286589,3,92,828,ok,optimal,10.581196217286589,standard_primal_shadow_dual
2,February,4,0.0,0.0,0.0,1,90,810,ok,optimal,0.0,standard_primal_shadow_dual
2,February,5,0.0,0.0,0.0,0,0,0,ok,empty_zero_redirection,,
2,February,6,0.0,0.0,0.0,0,0,0,ok,empty_zero_redirection,,
2,February,7,0.0,0.0,0.0,0,0,0,ok,empty_zero_redirection,,
2,February,8,0.0,0.0,0.0,0,0,0,ok,empty_zero_redirection,,
2,February,9,0.0,0.0,0.0,0,0,0,ok,empty_zero_redirection,,
2,February,10,0.0,0.0,0.0,0,0,0,ok,empty_zero_redirection,,
2,February,11,0.0,0.0,0.0,0,0,0,ok,empty_zero_redirection,,
2,February,12,0.0,0.0,0.0,0,0,0,ok,empty_zero_redirection,,
2,February,13,0.0,0.0,0.0,0,0,0,ok,empty_zero_redirection,,
2,February,14,0.0,0.0,0.0,1,126,1134,ok,optimal,0.0,standard_primal_shadow_dual
2,February,15,0.0,0.0,0.0,1,126,1134,ok,optimal,0.0,standard_primal_shadow_dual
2,February,16,0.0,0.0,0.0,7,130,1170,ok,optimal,0.0,standard_primal_shadow_dual
2,February,17,318.13861196986284,0.0,318.13861196986284,12,130,1170,ok,optimal,318.13861196986284,standard_primal_shadow_dual
2,February,18,63.08489281306677,0.0,63.08489281306677,7,130,1170,ok,optimal,63.08489281306677,standard_primal_shadow_dual
2,February,19,0.0,0.0,0.0,3,130,1170,ok,optimal,0.0,standard_primal_shadow_dual
2,February,20,526.4301377774584,0.0,526.4301377774584,2,130,1170,ok,optimal,526.4301377774584,standard_primal_shadow_dual
2,February,21,0.0,0.0,0.0,0,0,0,ok,empty_zero_redirection,,
2,February,22,0.0,0.0,0.0,0,0,0,ok,empty_zero_redirection,,
2,February,23,0.0,0.0,0.0,6,126,1134,ok,optimal,0.0,standard_primal_shadow_dual
2,February,24,0.0,0.0,0.0,5,126,1134,ok,optimal,0.0,standard_primal_shadow_dual
2,February,25,0.0,0.0,0.0,2,118,1062,ok,optimal,0.0,standard_primal_shadow_dual
2,February,26,0.0,0.0,0.0,3,122,1098,ok,optimal,0.0,standard_primal_shadow_dual
2,February,27,0.0,0.0,0.0,3,120,1080,ok,optimal,0.0,standard_primal_shadow_dual
2,February,28,122.95518786881259,0.0,122.95518786881259,8,122,1098,ok,optimal,122.95518786881259,standard_primal_shadow_dual
2,February,29,378.5359220453412,0.0,378.5359220453412,2,124,1116,ok,optimal,378.5359220453412,standard_primal_shadow_dual
2,February,30,2.8000000000000003,0.0,2.8000000000000003,4,122,1098,ok,optimal,2.8000000000000003,standard_primal_shadow_dual
2,February,31,0.0,0.0,0.0,2,126,1134,ok,optimal,0.0,standard_primal_shadow_dual
2,February,32,0.0,0.0,0.0,0,0,0,ok,empty_zero_redirection,,
2,February,33,25.23195552974677,0.0,25.23195552974677,6,124,1116,ok,optimal,25.23195552974677,standard_primal_shadow_dual
2,February,34,310.96218393395213,0.0,310.96218393395213,4,128,1152,ok,optimal,310.96218393395213,standard_primal_shadow_dual
2,February,35,118.88385055784134,0.0,118.88385055784134,3,124,1116,ok,optimal,118.88385055784134,standard_primal_shadow_dual
2,February,36,0.0,0.0,0.0,1,120,1080,ok,optimal,0.0,standard_primal_shadow_dual
2,February,37,0.0,0.0,0.0,0,0,0,ok,empty_zero_redirection,,
2,February,38,0.0,0.0,0.0,1,112,1008,ok,optimal,0.0,standard_primal_shadow_dual
2,February,39,0.0,0.0,0.0,1,106,954,ok,optimal,0.0,standard_primal_shadow_dual
2,February,40,0.0,0.0,0.0,0,0,0,ok,empty_zero_redirection,,
2,February,41,0.0,0.0,0.0,0,0,0,ok,empty_zero_redirection,,
2,February,42,0.0,0.0,0.0,0,0,0,ok,empty_zero_redirection,,
2,February,43,0.0,0.0,0.0,0,0,0,ok,empty_zero_redirection,,
2,February,44,0.0,0.0,0.0,0,0,0,ok,empty_zero_redirection,,
2,February,45,0.0,0.0,0.0,0,0,0,ok,empty_zero_redirection,,
2,February,46,0.0,0.0,0.0,0,0,0,ok,empty_zero_redirection,,
2,February,47,0.0,0.0,0.0,0,0,0,ok,empty_zero_redirection,,
2,February,48,0.0,0.0,0.0,0,0,0,ok,empty_zero_redirection,,
2,March,1,0.0,0.0,0.0,0,0,0,ok,empty_zero_redirection,,
2,March,2,0.0,0.0,0.0,1,90,810,ok,optimal,0.0,standard_primal_shadow_dual
2,March,3,51.93653863656423,0.0,51.93653863656423,3,92,828,ok,optimal,51.93653863656423,standard_primal_shadow_dual
2,March,4,135.0635665743837,0.0,135.0635665743837,1,90,810,ok,optimal,135.0635665743837,standard_primal_shadow_dual
2,March,5,0.0,0.0,0.0,0,0,0,ok,empty_zero_redirection,,
2,March,6,0.0,0.0,0.0,0,0,0,ok,empty_zero_redirection,,
2,March,7,0.0,0.0,0.0,0,0,0,ok,empty_zero_redirection,,
2,March,8,0.0,0.0,0.0,0,0,0,ok,empty_zero_redirection,,
2,March,9,0.0,0.0,0.0,0,0,0,ok,empty_zero_redirection,,
2,March,10,0.0,0.0,0.0,0,0,0,ok,empty_zero_redirection,,
2,March,11,0.0,0.0,0.0,0,0,0,ok,empty_zero_redirection,,
2,March,12,0.0,0.0,0.0,0,0,0,ok,empty_zero_redirection,,
2,March,13,0.0,0.0,0.0,0,0,0,ok,empty_zero_redirection,,
2,March,14,0.0,0.0,0.0,1,126,1134,ok,optimal,0.0,standard_primal_shadow_dual
2,March,15,160.69004482074814,0.0,160.69004482074814,2,126,1134,ok,optimal,160.69004482074814,standard_primal_shadow_dual
2,March,16,4.692671572851232,0.0,4.692671572851232,7,130,1170,ok,optimal,4.692671572851232,standard_primal_shadow_dual
2,March,17,1319.7812154524802,0.0,1319.7812154524802,14,130,1170,ok,optimal,1319.7812154524802,standard_primal_shadow_dual
2,March,18,20.416862065247734,0.0,20.416862065247734,7,130,1170,ok,optimal,20.416862065247734,standard_primal_shadow_dual
2,March,19,0.0,0.0,0.0,4,130,1170,ok,optimal,0.0,standard_primal_shadow_dual
2,March,20,0.0,0.0,0.0,5,130,1170,ok,optimal,0.0,standard_primal_shadow_dual
2,March,21,83.78761881762819,0.0,83.78761881762819,2,130,1170,ok,optimal,83.78761881762819,standard_primal_shadow_dual
2,March,22,0.0,0.0,0.0,1,128,1152,ok,optimal,0.0,standard_primal_shadow_dual
2,March,23,1250.0876150120025,0.0,1250.0876150120025,7,126,1134,ok,optimal,1250.0876150120025,standard_primal_shadow_dual
2,March,24,23.830700510492495,0.0,23.830700510492495,6,126,1134,ok,optimal,23.830700510492495,standard_primal_shadow_dual
2,March,25,0.0,0.0,0.0,3,118,1062,ok,optimal,0.0,standard_primal_shadow_dual
2,March,26,0.0,0.0,0.0,2,122,1098,ok,optimal,0.0,standard_primal_shadow_dual
2,March,27,0.0,0.0,0.0,3,120,1080,ok,optimal,0.0,standard_primal_shadow_dual
2,March,28,0.0,0.0,0.0,6,122,1098,ok,optimal,0.0,standard_primal_shadow_dual
2,March,29,0.0,0.0,0.0,2,124,1116,ok,optimal,0.0,standard_primal_shadow_dual
2,March,30,3.1,0.0,3.1,4,122,1098,ok,optimal,3.1,standard_primal_shadow_dual
2,March,31,0.0,0.0,0.0,3,126,1134,ok,optimal,0.0,standard_primal_shadow_dual
2,March,32,0.0,0.0,0.0,0,0,0,ok,empty_zero_redirection,,
2,March,33,0.0,0.0,0.0,5,124,1116,ok,optimal,0.0,standard_primal_shadow_dual
2,March,34,29.507551919446193,0.0,29.507551919446193,6,128,1152,ok,optimal,29.507551919446193,standard_primal_shadow_dual
2,March,35,0.0,0.0,0.0,3,124,1116,ok,optimal,0.0,standard_primal_shadow_dual
2,March,36,233.97814912821846,0.0,233.97814912821846,1,120,1080,ok,optimal,233.97814912821846,standard_primal_shadow_dual
2,March,37,0.0,0.0,0.0,2,108,972,ok,optimal,0.0,standard_primal_shadow_dual
2,March,38,0.0,0.0,0.0,2,112,1008,ok,optimal,0.0,standard_primal_shadow_dual
2,March,39,0.0,0.0,0.0,1,106,954,ok,optimal,0.0,standard_primal_shadow_dual
2,March,40,0.0,0.0,0.0,0,0,0,ok,empty_zero_redirection,,
2,March,41,0.0,0.0,0.0,0,0,0,ok,empty_zero_redirection,,
2,March,42,0.0,0.0,0.0,0,0,0,ok,empty_zero_redirection,,
2,March,43,0.0,0.0,0.0,0,0,0,ok,empty_zero_redirection,,
2,March,44,0.0,0.0,0.0,0,0,0,ok,empty_zero_redirection,,
2,March,45,0.0,0.0,0.0,0,0,0,ok,empty_zero_redirection,,
2,March,46,0.0,0.0,0.0,0,0,0,ok,empty_zero_redirection,,
2,March,47,0.0,0.0,0.0,0,0,0,ok,empty_zero_redirection,,
2,March,48,0.0,0.0,0.0,0,0,0,ok,empty_zero_redirection,,
2,April,1,0.0,0.0,0.0,0,0,0,ok,empty_zero_redirection,,
2,April,2,0.0,0.0,0.0,1,90,810,ok,optimal,0.0,standard_primal_shadow_dual
2,April,3,0.0,0.0,0.0,3,92,828,ok,optimal,0.0,standard_primal_shadow_dual
2,April,4,0.0,0.0,0.0,1,90,810,ok,optimal,0.0,standard_primal_shadow_dual
2,April,5,0.0,0.0,0.0,0,0,0,ok,empty_zero_redirection,,
2,April,6,0.0,0.0,0.0,0,0,0,ok,empty_zero_redirection,,
2,April,7,0.0,0.0,0.0,0,0,0,ok,empty_zero_redirection,,
2,April,8,0.0,0.0,0.0,0,0,0,ok,empty_zero_redirection,,
2,April,9,0.0,0.0,0.0,0,0,0,ok,empty_zero_redirection,,
2,April,10,0.0,0.0,0.0,0,0,0,ok,empty_zero_redirection,,
2,April,11,0.0,0.0,0.0,1,80,720,ok,optimal,0.0,standard_primal_shadow_dual
2,April,12,0.0,0.0,0.0,0,0,0,ok,empty_zero_redirection,,
2,April,13,0.0,0.0,0.0,2,118,1062,ok,optimal,0.0,standard_primal_shadow_dual
2,April,14,0.0,0.0,0.0,1,126,1134,ok,optimal,0.0,standard_primal_shadow_dual
2,April,15,0.0,0.0,0.0,2,126,1134,ok,optimal,0.0,standard_primal_shadow_dual
2,April,16,0.0,0.0,0.0,8,130,1170,ok,optimal,0.0,standard_primal_shadow_dual
2,April,17,132.83066160410326,0.0,132.83066160410326,14,130,1170,ok,optimal,132.83066160410326,standard_primal_shadow_dual
2,April,18,72.42292861153003,0.0,72.42292861153003,10,130,1170,ok,optimal,72.42292861153003,standard_primal_shadow_dual
2,April,19,42.4375875,0.0,42.4375875,9,130,1170,ok,optimal,42.4375875,standard_primal_shadow_dual
2,April,20,419.9216857135418,0.0,419.9216857135418,8,130,1170,ok,optimal,419.9216857135418,standard_primal_shadow_dual
2,April,21,802.0919706662015,0.0,802.0919706662015,10,130,1170,ok,optimal,802.0919706662015,standard_primal_shadow_dual
2,April,22,155.29325333631863,0.0,155.29325333631863,6,128,1152,ok,optimal,155.29325333631863,standard_primal_shadow_dual
2,April,23,1233.8798871777904,0.0,1233.8798871777904,7,126,1134,ok,optimal,1233.8798871777904,standard_primal_shadow_dual
2,April,24,21.561968235960478,0.0,21.561968235960478,7,126,1134,ok,optimal,21.561968235960478,standard_primal_shadow_dual
2,April,25,165.03680897486396,0.0,165.03680897486396,5,118,1062,ok,optimal,165.03680897486396,standard_primal_shadow_dual
2,April,26,463.00608480119274,0.0,463.00608480119274,6,122,1098,ok,optimal,463.00608480119274,standard_primal_shadow_dual
2,April,27,45.41151488388689,0.0,45.41151488388689,7,120,1080,ok,optimal,45.41151488388689,standard_primal_shadow_dual
2,April,28,699.1754049354117,0.0,699.1754049354117,10,122,1098,ok,optimal,699.1754049354117,standard_primal_shadow_dual
2,April,29,76.42958428112264,0.0,76.42958428112264,8,124,1116,ok,optimal,76.42958428112264,standard_primal_shadow_dual
2,April,30,953.8854272686531,0.0,953.8854272686531,9,122,1098,ok,optimal,953.8854272686531,standard_primal_shadow_dual
2,April,31,0.0,0.0,0.0,7,126,1134,ok,optimal,0.0,standard_primal_shadow_dual
2,April,32,0.0,0.0,0.0,7,126,1134,ok,optimal,0.0,standard_primal_shadow_dual
2,April,33,272.78328,0.0,272.78328,6,124,1116,ok,optimal,272.78328,standard_primal_shadow_dual
2,April,34,0.0,0.0,0.0,10,128,1152,ok,optimal,0.0,standard_primal_shadow_dual
2,April,35,0.0,0.0,0.0,6,124,1116,ok,optimal,0.0,standard_primal_shadow_dual
2,April,36,59.68999,0.0,59.68999,4,120,1080,ok,optimal,59.68999,standard_primal_shadow_dual
2,April,37,0.0,0.0,0.0,2,108,972,ok,optimal,0.0,standard_primal_shadow_dual
2,April,38,38.01037375,0.0,38.01037375,3,112,1008,ok,optimal,38.01037375,standard_primal_shadow_dual
2,April,39,0.0,0.0,0.0,1,106,954,ok,optimal,0.0,standard_primal_shadow_dual
2,April,40,0.0,0.0,0.0,0,0,0,ok,empty_zero_redirection,,
2,April,41,0.0,0.0,0.0,0,0,0,ok,empty_zero_redirection,,
2,April,42,0.0,0.0,0.0,0,0,0,ok,empty_zero_redirection,,
2,April,43,0.0,0.0,0.0,0,0,0,ok,empty_zero_redirection,,
2,April,44,0.0,0.0,0.0,0,0,0,ok,empty_zero_redirection,,
2,April,45,0.0,0.0,0.0,0,0,0,ok,empty_zero_redirection,,
2,April,46,0.0,0.0,0.0,0,0,0,ok,empty_zero_redirection,,
2,April,47,0.0,0.0,0.0,0,0,0,ok,empty_zero_redirection,,
2,April,48,0.0,0.0,0.0,0,0,0,ok,empty_zero_redirection,,
2,May,1,0.0,0.0,0.0,0,0,0,ok,empty_zero_redirection,,
2,May,2,0.0,0.0,0.0,1,90,810,ok,optimal,0.0,standard_primal_shadow_dual
2,May,3,11.714895811996362,0.0,11.714895811996362,3,92,828,ok,optimal,11.714895811996362,standard_primal_shadow_dual
2,May,4,0.0,0.0,0.0,1,90,810,ok,optimal,0.0,standard_primal_shadow_dual
2,May,5,0.0,0.0,0.0,0,0,0,ok,empty_zero_redirection,,
2,May,6,0.0,0.0,0.0,0,0,0,ok,empty_zero_redirection,,
2,May,7,0.0,0.0,0.0,0,0,0,ok,empty_zero_redirection,,
2,May,8,0.0,0.0,0.0,0,0,0,ok,empty_zero_redirection,,
2,May,9,0.0,0.0,0.0,0,0,0,ok,empty_zero_redirection,,
2,May,10,0.0,0.0,0.0,0,0,0,ok,empty_zero_redirection,,
2,May,11,56.86711875000014,0.0,56.86711875000014,1,80,720,ok,optimal,56.86711875000014,standard_primal_shadow_dual
2,May,12,0.0,0.0,0.0,1,96,864,ok,optimal,0.0,standard_primal_shadow_dual
2,May,13,0.0,0.0,0.0,1,118,1062,ok,optimal,0.0,standard_primal_shadow_dual
2,May,14,0.0,0.0,0.0,1,126,1134,ok,optimal,0.0,standard_primal_shadow_dual
2,May,15,213.07770887053542,0.0,213.07770887053542,6,126,1134,ok,optimal,213.07770887053542,standard_primal_shadow_dual
2,May,16,115.9108266879124,0.0,115.9108266879124,10,130,1170,ok,optimal,115.9108266879124,standard_primal_shadow_dual
2,May,17,1186.0317694905818,0.0,1186.0317694905818,14,130,1170,ok,optimal,1186.0317694905818,standard_primal_shadow_dual
2,May,18,1308.4029808188989,0.0,1308.4029808188989,8,130,1170,ok,optimal,1308.4029808188989,standard_primal_shadow_dual
2,May,19,630.0259190731043,0.0,630.0259190731043,14,130,1170,ok,optimal,630.0259190731043,standard_primal_shadow_dual
2,May,20,349.25974880031214,0.0,349.25974880031214,13,130,1170,ok,optimal,349.25974880031214,standard_primal_shadow_dual
2,May,21,349.2802841031723,0.0,349.2802841031723,10,130,1170,ok,optimal,349.2802841031723,standard_primal_shadow_dual
2,May,22,373.16323934704286,0.0,373.16323934704286,7,128,1152,ok,optimal,373.16323934704286,standard_primal_shadow_dual
2,May,23,1151.4883533113903,0.0,1151.4883533113903,6,126,1134,ok,optimal,1151.4883533113903,standard_primal_shadow_dual
2,May,24,0.0,0.0,0.0,6,126,1134,ok,optimal,0.0,standard_primal_shadow_dual
2,May,25,472.7690179703464,0.0,472.7690179703464,5,118,1062,ok,optimal,472.7690179703464,standard_primal_shadow_dual
2,May,26,402.6346092033467,0.0,402.6346092033467,4,122,1098,ok,optimal,402.6346092033467,standard_primal_shadow_dual
2,May,27,0.0,0.0,0.0,4,120,1080,ok,optimal,0.0,standard_primal_shadow_dual
2,May,28,1112.0007582234234,0.0,1112.0007582234234,8,122,1098,ok,optimal,1112.0007582234234,standard_primal_shadow_dual
2,May,29,625.2899595772011,0.0,625.2899595772011,7,124,1116,ok,optimal,625.2899595772011,standard_primal_shadow_dual
2,May,30,887.2493962499984,0.0,887.2493962499984,6,122,1098,ok,optimal,887.2493962499984,standard_primal_shadow_dual
2,May,31,703.8241918632068,0.0,703.8241918632068,7,126,1134,ok,optimal,703.8241918632068,standard_primal_shadow_dual
2,May,32,423.32260152320964,0.0,423.32260152320964,7,126,1134,ok,optimal,423.32260152320964,standard_primal_shadow_dual
2,May,33,0.0,0.0,0.0,6,124,1116,ok,optimal,0.0,standard_primal_shadow_dual
2,May,34,371.9653088030076,0.0,371.9653088030076,9,128,1152,ok,optimal,371.9653088030076,standard_primal_shadow_dual
2,May,35,803.1311800423991,0.0,803.1311800423991,6,124,1116,ok,optimal,803.1311800423991,standard_primal_shadow_dual
2,May,36,109.6608628053014,0.0,109.6608628053014,5,120,1080,ok,optimal,109.6608628053014,standard_primal_shadow_dual
2,May,37,0.0,0.0,0.0,4,108,972,ok,optimal,0.0,standard_primal_shadow_dual
2,May,38,0.0,0.0,0.0,4,112,1008,ok,optimal,0.0,standard_primal_shadow_dual
2,May,39,0.0,0.0,0.0,1,106,954,ok,optimal,0.0,standard_primal_shadow_dual
2,May,40,0.0,0.0,0.0,0,0,0,ok,empty_zero_redirection,,
2,May,41,0.0,0.0,0.0,0,0,0,ok,empty_zero_redirection,,
2,May,42,0.0,0.0,0.0,0,0,0,ok,empty_zero_redirection,,
2,May,43,0.0,0.0,0.0,0,0,0,ok,empty_zero_redirection,,
2,May,44,0.0,0.0,0.0,0,0,0,ok,empty_zero_redirection,,
2,May,45,0.0,0.0,0.0,0,0,0,ok,empty_zero_redirection,,
2,May,46,0.0,0.0,0.0,0,0,0,ok,empty_zero_redirection,,
2,May,47,0.0,0.0,0.0,0,0,0,ok,empty_zero_redirection,,
2,May,48,0.0,0.0,0.0,0,0,0,ok,empty_zero_redirection,,
2,June,1,0.0,0.0,0.0,0,0,0,ok,empty_zero_redirection,,
2,June,2,30.07125367269012,0.0,30.07125367269012,1,90,810,ok,optimal,30.07125367269012,standard_primal_shadow_dual
2,June,3,50.261166422481516,0.0,50.261166422481516,3,92,828,ok,optimal,50.261166422481516,standard_primal_shadow_dual
2,June,4,0.0,0.0,0.0,1,90,810,ok,optimal,0.0,standard_primal_shadow_dual
2,June,5,0.0,0.0,0.0,0,0,0,ok,empty_zero_redirection,,
2,June,6,0.0,0.0,0.0,0,0,0,ok,empty_zero_redirection,,
2,June,7,1.9027037499999988,0.0,1.9027037499999988,5,24,216,ok,optimal,1.9027037499999988,standard_primal_shadow_dual
2,June,8,3.805407500000001,0.0,3.805407500000001,4,20,180,ok,optimal,3.805407500000001,standard_primal_shadow_dual
2,June,9,13.705308598571387,0.0,13.705308598571387,4,32,288,ok,optimal,13.705308598571387,standard_primal_shadow_dual
2,June,10,88.54033500000003,0.0,88.54033500000003,4,32,288,ok,optimal,88.54033500000003,standard_primal_shadow_dual
2,June,11,0.0,0.0,0.0,5,80,720,ok,optimal,0.0,standard_primal_shadow_dual
2,June,12,0.0,0.0,0.0,2,96,864,ok,optimal,0.0,standard_primal_shadow_dual
2,June,13,780.5015898871362,0.0,780.5015898871362,4,118,1062,ok,optimal,780.5015898871362,standard_primal_shadow_dual
2,June,14,0.0,0.0,0.0,3,126,1134,ok,optimal,0.0,standard_primal_shadow_dual
2,June,15,0.0,0.0,0.0,3,126,1134,ok,optimal,0.0,standard_primal_shadow_dual
2,June,16,222.19709926138938,0.0,222.19709926138938,8,130,1170,ok,optimal,222.19709926138938,standard_primal_shadow_dual
2,June,17,184.00048855308376,0.0,184.00048855308376,14,130,1170,ok,optimal,184.00048855308376,standard_primal_shadow_dual
2,June,18,135.18191317085737,0.0,135.18191317085737,8,130,1170,ok,optimal,135.18191317085737,standard_primal_shadow_dual
2,June,19,1660.6661070561083,0.0,1660.6661070561083,10,130,1170,ok,optimal,1660.6661070561083,standard_primal_shadow_dual
2,June,20,537.9046153325089,0.0,537.9046153325089,10,130,1170,ok,optimal,537.9046153325089,standard_primal_shadow_dual
2,June,21,698.6834943158999,0.0,698.6834943158999,11,130,1170,ok,optimal,698.6834943158999,standard_primal_shadow_dual
2,June,22,758.741932836656,0.0,758.741932836656,8,128,1152,ok,optimal,758.741932836656,standard_primal_shadow_dual
2,June,23,231.24530193708506,0.0,231.24530193708506,11,126,1134,ok,optimal,231.24530193708506,standard_primal_shadow_dual
2,June,24,0.0,0.0,0.0,10,126,1134,ok,optimal,0.0,standard_primal_shadow_dual
2,June,25,785.6296414239447,0.0,785.6296414239447,11,118,1062,ok,optimal,785.6296414239447,standard_primal_shadow_dual
2,June,26,658.1059885611412,0.0,658.1059885611412,8,122,1098,ok,optimal,658.1059885611412,standard_primal_shadow_dual
2,June,27,364.3561605637702,0.0,364.3561605637702,9,120,1080,ok,optimal,364.3561605637702,standard_primal_shadow_dual
2,June,28,413.6544529292601,0.0,413.6544529292601,10,122,1098,ok,optimal,413.6544529292601,standard_primal_shadow_dual
2,June,29,737.5660469502872,0.0,737.5660469502872,10,124,1116,ok,optimal,737.5660469502872,standard_primal_shadow_dual
2,June,30,332.90449755493876,0.0,332.90449755493876,12,122,1098,ok,optimal,332.90449755493876,standard_primal_shadow_dual
2,June,31,181.56604513561055,0.0,181.56604513561055,9,126,1134,ok,optimal,181.56604513561055,standard_primal_shadow_dual
2,June,32,419.6057130006741,0.0,419.6057130006741,11,126,1134,ok,optimal,419.6057130006741,standard_primal_shadow_dual
2,June,33,27.034238067585825,0.0,27.034238067585825,8,124,1116,ok,optimal,27.034238067585825,standard_primal_shadow_dual
2,June,34,622.5697426919037,0.0,622.5697426919037,9,128,1152,ok,optimal,622.5697426919037,standard_primal_shadow_dual
2,June,35,423.2030386738936,0.0,423.2030386738936,6,124,1116,ok,optimal,423.2030386738936,standard_primal_shadow_dual
2,June,36,0.0,0.0,0.0,3,120,1080,ok,optimal,0.0,standard_primal_shadow_dual
2,June,37,0.0,0.0,0.0,3,108,972,ok,optimal,0.0,standard_primal_shadow_dual
2,June,38,0.0,0.0,0.0,3,112,1008,ok,optimal,0.0,standard_primal_shadow_dual
2,June,39,31.11041892999232,0.0,31.11041892999232,1,106,954,ok,optimal,31.11041892999232,standard_primal_shadow_dual
2,June,40,0.0,0.0,0.0,0,0,0,ok,empty_zero_redirection,,
2,June,41,0.0,0.0,0.0,0,0,0,ok,empty_zero_redirection,,
2,June,42,0.0,0.0,0.0,0,0,0,ok,empty_zero_redirection,,
2,June,43,0.0,0.0,0.0,0,0,0,ok,empty_zero_redirection,,
2,June,44,0.0,0.0,0.0,0,0,0,ok,empty_zero_redirection,,
2,June,45,0.0,0.0,0.0,0,0,0,ok,empty_zero_redirection,,
2,June,46,0.0,0.0,0.0,0,0,0,ok,empty_zero_redirection,,
2,June,47,0.0,0.0,0.0,0,0,0,ok,empty_zero_redirection,,
2,June,48,0.0,0.0,0.0,0,0,0,ok,empty_zero_redirection,,
2,July,1,0.0,0.0,0.0,0,0,0,ok,empty_zero_redirection,,
2,July,2,0.0,0.0,0.0,1,90,810,ok,optimal,0.0,standard_primal_shadow_dual
2,July,3,11.714895811995866,0.0,11.714895811995866,3,92,828,ok,optimal,11.714895811995866,standard_primal_shadow_dual
2,July,4,0.0,0.0,0.0,1,90,810,ok,optimal,0.0,standard_primal_shadow_dual
2,July,5,0.0,0.0,0.0,0,0,0,ok,empty_zero_redirection,,
2,July,6,0.0,0.0,0.0,0,0,0,ok,empty_zero_redirection,,
2,July,7,0.0,0.0,0.0,0,0,0,ok,empty_zero_redirection,,
2,July,8,0.0,0.0,0.0,0,0,0,ok,empty_zero_redirection,,
2,July,9,0.0,0.0,0.0,0,0,0,ok,empty_zero_redirection,,
2,July,10,0.0,0.0,0.0,0,0,0,ok,empty_zero_redirection,,
2,July,11,0.0,0.0,0.0,1,80,720,ok,optimal,0.0,standard_primal_shadow_dual
2,July,12,0.0,0.0,0.0,0,0,0,ok,empty_zero_redirection,,
2,July,13,0.0,0.0,0.0,1,118,1062,ok,optimal,0.0,standard_primal_shadow_dual
2,July,14,0.0,0.0,0.0,1,126,1134,ok,optimal,0.0,standard_primal_shadow_dual
2,July,15,286.82095537751786,0.0,286.82095537751786,1,126,1134,ok,optimal,286.82095537751786,standard_primal_shadow_dual
2,July,16,703.2425398216195,0.0,703.2425398216195,7,130,1170,ok,optimal,703.2425398216195,standard_primal_shadow_dual
2,July,17,468.06088618789215,0.0,468.06088618789215,13,130,1170,ok,optimal,468.06088618789215,standard_primal_shadow_dual
2,July,18,1602.592703288596,0.0,1602.592703288596,7,130,1170,ok,optimal,1602.592703288596,standard_primal_shadow_dual
2,July,19,0.0,0.0,0.0,6,130,1170,ok,optimal,0.0,standard_primal_shadow_dual
2,July,20,334.4689959125198,0.0,334.4689959125198,6,130,1170,ok,optimal,334.4689959125198,standard_primal_shadow_dual
2,July,21,0.0,0.0,0.0,2,130,1170,ok,optimal,0.0,standard_primal_shadow_dual
2,July,22,333.25197119408523,0.0,333.25197119408523,2,128,1152,ok,optimal,333.25197119408523,standard_primal_shadow_dual
2,July,23,0.0,0.0,0.0,7,126,1134,ok,optimal,0.0,standard_primal_shadow_dual
2,July,24,0.0,0.0,0.0,5,126,1134,ok,optimal,0.0,standard_primal_shadow_dual
2,July,25,526.3831425548553,0.0,526.3831425548553,4,118,1062,ok,optimal,526.3831425548553,standard_primal_shadow_dual
2,July,26,362.53069159131024,0.0,362.53069159131024,3,122,1098,ok,optimal,362.53069159131024,standard_primal_shadow_dual
2,July,27,33.29126269864524,0.0,33.29126269864524,4,120,1080,ok,optimal,33.29126269864524,standard_primal_shadow_dual
2,July,28,0.0,0.0,0.0,6,122,1098,ok,optimal,0.0,standard_primal_shadow_dual
2,July,29,638.6474096182556,0.0,638.6474096182556,2,124,1116,ok,optimal,638.6474096182556,standard_primal_shadow_dual
2,July,30,1.55,0.0,1.55,4,122,1098,ok,optimal,1.55,standard_primal_shadow_dual
2,July,31,164.68825182698274,0.0,164.68825182698274,5,126,1134,ok,optimal,164.68825182698274,standard_primal_shadow_dual
2,July,32,0.0,0.0,0.0,1,126,1134,ok,optimal,0.0,standard_primal_shadow_dual
2,July,33,0.0,0.0,0.0,6,124,1116,ok,optimal,0.0,standard_primal_shadow_dual
2,July,34,197.71523127019447,0.0,197.71523127019447,7,128,1152,ok,optimal,197.71523127019447,standard_primal_shadow_dual
2,July,35,263.24281194950584,0.0,263.24281194950584,6,124,1116,ok,optimal,263.24281194950584,standard_primal_shadow_dual
2,July,36,0.0,0.0,0.0,3,120,1080,ok,optimal,0.0,standard_primal_shadow_dual
2,July,37,0.0,0.0,0.0,2,108,972,ok,optimal,0.0,standard_primal_shadow_dual
2,July,38,41.386624768625154,0.0,41.386624768625154,3,112,1008,ok,optimal,41.386624768625154,standard_primal_shadow_dual
2,July,39,0.0,0.0,0.0,1,106,954,ok,optimal,0.0,standard_primal_shadow_dual
2,July,40,0.0,0.0,0.0,0,0,0,ok,empty_zero_redirection,,
2,July,41,0.0,0.0,0.0,0,0,0,ok,empty_zero_redirection,,
2,July,42,0.0,0.0,0.0,0,0,0,ok,empty_zero_redirection,,
2,July,43,0.0,0.0,0.0,0,0,0,ok,empty_zero_redirection,,
2,July,44,0.0,0.0,0.0,0,0,0,ok,empty_zero_redirection,,
2,July,45,0.0,0.0,0.0,0,0,0,ok,empty_zero_redirection,,
2,July,46,0.0,0.0,0.0,0,0,0,ok,empty_zero_redirection,,
2,July,47,0.0,0.0,0.0,0,0,0,ok,empty_zero_redirection,,
2,July,48,0.0,0.0,0.0,0,0,0,ok,empty_zero_redirection,,
2,August,1,0.0,0.0,0.0,0,0,0,ok,empty_zero_redirection,,
2,August,2,0.0,0.0,0.0,1,90,810,ok,optimal,0.0,standard_primal_shadow_dual
2,August,3,0.0,0.0,0.0,3,92,828,ok,optimal,0.0,standard_primal_shadow_dual
2,August,4,0.0,0.0,0.0,1,90,810,ok,optimal,0.0,standard_primal_shadow_dual
2,August,5,0.0,0.0,0.0,0,0,0,ok,empty_zero_redirection,,
2,August,6,0.0,0.0,0.0,0,0,0,ok,empty_zero_redirection,,
2,August,7,0.0,0.0,0.0,0,0,0,ok,empty_zero_redirection,,
2,August,8,0.0,0.0,0.0,0,0,0,ok,empty_zero_redirection,,
2,August,9,0.0,0.0,0.0,0,0,0,ok,empty_zero_redirection,,
2,August,10,0.0,0.0,0.0,0,0,0,ok,empty_zero_redirection,,
2,August,11,0.0,0.0,0.0,1,80,720,ok,optimal,0.0,standard_primal_shadow_dual
2,August,12,0.0,0.0,0.0,0,0,0,ok,empty_zero_redirection,,
2,August,13,0.0,0.0,0.0,0,0,0,ok,empty_zero_redirection,,
2,August,14,0.0,0.0,0.0,1,126,1134,ok,optimal,0.0,standard_primal_shadow_dual
2,August,15,0.0,0.0,0.0,1,126,1134,ok,optimal,0.0,standard_primal_shadow_dual
2,August,16,169.518671302911,0.0,169.518671302911,7,130,1170,ok,optimal,169.518671302911,standard_primal_shadow_dual
2,August,17,1416.252365992615,0.0,1416.252365992615,12,130,1170,ok,optimal,1416.252365992615,standard_primal_shadow_dual
2,August,18,729.4919666807101,0.0,729.4919666807101,7,130,1170,ok,optimal,729.4919666807101,standard_primal_shadow_dual
2,August,19,752.5986802685297,0.0,752.5986802685297,3,130,1170,ok,optimal,752.5986802685297,standard_primal_shadow_dual
2,August,20,0.0,0.0,0.0,4,130,1170,ok,optimal,0.0,standard_primal_shadow_dual
2,August,21,0.0,0.0,0.0,1,130,1170,ok,optimal,0.0,standard_primal_shadow_dual
2,August,22,0.0,0.0,0.0,1,128,1152,ok,optimal,0.0,standard_primal_shadow_dual
2,August,23,256.81297684370946,0.0,256.81297684370946,6,126,1134,ok,optimal,256.81297684370946,standard_primal_shadow_dual
2,August,24,140.00936945006885,0.0,140.00936945006885,5,126,1134,ok,optimal,140.00936945006885,standard_primal_shadow_dual
2,August,25,195.00047001923562,0.0,195.00047001923562,5,118,1062,ok,optimal,195.00047001923562,standard_primal_shadow_dual
2,August,26,184.5759594896369,0.0,184.5759594896369,2,122,1098,ok,optimal,184.5759594896369,standard_primal_shadow_dual
2,August,27,66.58252539729048,0.0,66.58252539729048,3,120,1080,ok,optimal,66.58252539729048,standard_primal_shadow_dual
2,August,28,210.1965880430679,0.0,210.1965880430679,8,122,1098,ok,optimal,210.1965880430679,standard_primal_shadow_dual
2,August,29,0.0,0.0,0.0,3,124,1116,ok,optimal,0.0,standard_primal_shadow_dual
2,August,30,169.70156500000007,0.0,169.70156500000007,6,122,1098,ok,optimal,169.70156500000007,standard_primal_shadow_dual
2,August,31,648.2154243218043,0.0,648.2154243218043,4,126,1134,ok,optimal,648.2154243218043,standard_primal_shadow_dual
2,August,32,0.0,0.0,0.0,2,126,1134,ok,optimal,0.0,standard_primal_shadow_dual
2,August,33,314.14635092080755,0.0,314.14635092080755,6,124,1116,ok,optimal,314.14635092080755,standard_primal_shadow_dual
2,August,34,208.2126264690219,0.0,208.2126264690219,9,128,1152,ok,optimal,208.2126264690219,standard_primal_shadow_dual
2,August,35,51.135660406647254,0.0,51.135660406647254,4,124,1116,ok,optimal,51.135660406647254,standard_primal_shadow_dual
2,August,36,45.340307316482026,0.0,45.340307316482026,3,120,1080,ok,optimal,45.340307316482026,standard_primal_shadow_dual
2,August,37,0.0,0.0,0.0,0,0,0,ok,empty_zero_redirection,,
2,August,38,0.0,0.0,0.0,1,112,1008,ok,optimal,0.0,standard_primal_shadow_dual
2,August,39,0.0,0.0,0.0,1,106,954,ok,optimal,0.0,standard_primal_shadow_dual
2,August,40,0.0,0.0,0.0,0,0,0,ok,empty_zero_redirection,,
2,August,41,0.0,0.0,0.0,0,0,0,ok,empty_zero_redirection,,
2,August,42,0.0,0.0,0.0,0,0,0,ok,empty_zero_redirection,,
2,August,43,0.0,0.0,0.0,0,0,0,ok,empty_zero_redirection,,
2,August,44,0.0,0.0,0.0,0,0,0,ok,empty_zero_redirection,,
2,August,45,0.0,0.0,0.0,0,0,0,ok,empty_zero_redirection,,
2,August,46,0.0,0.0,0.0,0,0,0,ok,empty_zero_redirection,,
2,August,47,0.0,0.0,0.0,0,0,0,ok,empty_zero_redirection,,
2,August,48,0.0,0.0,0.0,0,0,0,ok,empty_zero_redirection,,
2,September,1,0.0,0.0,0.0,0,0,0,ok,empty_zero_redirection,,
2,September,2,0.0,0.0,0.0,1,90,810,ok,optimal,0.0,standard_primal_shadow_dual
2,September,3,29.143533608565768,0.0,29.143533608565768,3,92,828,ok,optimal,29.143533608565768,standard_primal_shadow_dual
2,September,4,65.35333866502438,0.0,65.35333866502438,1,90,810,ok,optimal,65.35333866502438,standard_primal_shadow_dual
2,September,5,0.0,0.0,0.0,0,0,0,ok,empty_zero_redirection,,
2,September,6,0.0,0.0,0.0,0,0,0,ok,empty_zero_redirection,,
2,September,7,0.0,0.0,0.0,0,0,0,ok,empty_zero_redirection,,
2,September,8,0.0,0.0,0.0,0,0,0,ok,empty_zero_redirection,,
2,September,9,0.0,0.0,0.0,0,0,0,ok,empty_zero_redirection,,
2,September,10,0.0,0.0,0.0,0,0,0,ok,empty_zero_redirection,,
2,September,11,0.0,0.0,0.0,1,80,720,ok,optimal,0.0,standard_primal_shadow_dual
2,September,12,0.0,0.0,0.0,0,0,0,ok,empty_zero_redirection,,
2,September,13,0.0,0.0,0.0,0,0,0,ok,empty_zero_redirection,,
2,September,14,0.0,0.0,0.0,1,126,1134,ok,optimal,0.0,standard_primal_shadow_dual
2,September,15,159.96299539104817,0.0,159.96299539104817,2,126,1134,ok,optimal,159.96299539104817,standard_primal_shadow_dual
2,September,16,485.8653540125638,0.0,485.8653540125638,7,130,1170,ok,optimal,485.8653540125638,standard_primal_shadow_dual
2,September,17,262.13402103686536,0.0,262.13402103686536,15,130,1170,ok,optimal,262.13402103686536,standard_primal_shadow_dual
2,September,18,0.0,0.0,0.0,7,130,1170,ok,optimal,0.0,standard_primal_shadow_dual
2,September,19,728.3213034856739,0.0,728.3213034856739,5,130,1170,ok,optimal,728.3213034856739,standard_primal_shadow_dual
2,September,20,108.2360021028162,0.0,108.2360021028162,4,130,1170,ok,optimal,108.2360021028162,standard_primal_shadow_dual
2,September,21,163.2920600051471,0.0,163.2920600051471,2,130,1170,ok,optimal,163.2920600051471,standard_primal_shadow_dual
2,September,22,0.0,0.0,0.0,1,128,1152,ok,optimal,0.0,standard_primal_shadow_dual
2,September,23,135.319499247138,0.0,135.319499247138,6,126,1134,ok,optimal,135.319499247138,standard_primal_shadow_dual
2,September,24,38.869108078743224,0.0,38.869108078743224,5,126,1134,ok,optimal,38.869108078743224,standard_primal_shadow_dual
2,September,25,548.9940119662747,0.0,548.9940119662747,6,118,1062,ok,optimal,548.9940119662747,standard_primal_shadow_dual
2,September,26,3.0,0.0,3.0,3,122,1098,ok,optimal,3.0,standard_primal_shadow_dual
2,September,27,0.0,0.0,0.0,4,120,1080,ok,optimal,0.0,standard_primal_shadow_dual
2,September,28,0.0,0.0,0.0,9,122,1098,ok,optimal,0.0,standard_primal_shadow_dual
2,September,29,304.7853924999994,0.0,304.7853924999994,3,124,1116,ok,optimal,304.7853924999994,standard_primal_shadow_dual
2,September,30,0.0,0.0,0.0,6,122,1098,ok,optimal,0.0,standard_primal_shadow_dual
2,September,31,0.0,0.0,0.0,2,126,1134,ok,optimal,0.0,standard_primal_shadow_dual
2,September,32,0.0,0.0,0.0,0,0,0,ok,empty_zero_redirection,,
2,September,33,41.02374601006816,0.0,41.02374601006816,6,124,1116,ok,optimal,41.02374601006816,standard_primal_shadow_dual
2,September,34,0.0,0.0,0.0,5,128,1152,ok,optimal,0.0,standard_primal_shadow_dual
2,September,35,0.0,0.0,0.0,3,124,1116,ok,optimal,0.0,standard_primal_shadow_dual
2,September,36,0.0,0.0,0.0,1,120,1080,ok,optimal,0.0,standard_primal_shadow_dual
2,September,37,0.0,0.0,0.0,0,0,0,ok,empty_zero_redirection,,
2,September,38,0.0,0.0,0.0,1,112,1008,ok,optimal,0.0,standard_primal_shadow_dual
2,September,39,0.0,0.0,0.0,1,106,954,ok,optimal,0.0,standard_primal_shadow_dual
2,September,40,0.0,0.0,0.0,0,0,0,ok,empty_zero_redirection,,
2,September,41,0.0,0.0,0.0,0,0,0,ok,empty_zero_redirection,,
2,September,42,0.0,0.0,0.0,0,0,0,ok,empty_zero_redirection,,
2,September,43,0.0,0.0,0.0,0,0,0,ok,empty_zero_redirection,,
2,September,44,0.0,0.0,0.0,0,0,0,ok,empty_zero_redirection,,
2,September,45,0.0,0.0,0.0,0,0,0,ok,empty_zero_redirection,,
2,September,46,0.0,0.0,0.0,0,0,0,ok,empty_zero_redirection,,
2,September,47,0.0,0.0,0.0,0,0,0,ok,empty_zero_redirection,,
2,September,48,0.0,0.0,0.0,0,0,0,ok,empty_zero_redirection,,
2,October,1,0.0,0.0,0.0,0,0,0,ok,empty_zero_redirection,,
2,October,2,15.536814397556562,0.0,15.536814397556562,1,90,810,ok,optimal,15.536814397556562,standard_primal_shadow_dual
2,October,3,0.0,0.0,0.0,3,92,828,ok,optimal,0.0,standard_primal_shadow_dual
2,October,4,0.0,0.0,0.0,1,90,810,ok,optimal,0.0,standard_primal_shadow_dual
2,October,5,0.0,0.0,0.0,0,0,0,ok,empty_zero_redirection,,
2,October,6,0.0,0.0,0.0,0,0,0,ok,empty_zero_redirection,,
2,October,7,0.0,0.0,0.0,0,0,0,ok,empty_zero_redirection,,
2,October,8,0.0,0.0,0.0,0,0,0,ok,empty_zero_redirection,,
2,October,9,0.0,0.0,0.0,0,0,0,ok,empty_zero_redirection,,
2,October,10,0.0,0.0,0.0,0,0,0,ok,empty_zero_redirection,,
2,October,11,0.0,0.0,0.0,0,0,0,ok,empty_zero_redirection,,
2,October,12,0.0,0.0,0.0,0,0,0,ok,empty_zero_redirection,,
2,October,13,0.0,0.0,0.0,0,0,0,ok,empty_zero_redirection,,
2,October,14,0.0,0.0,0.0,1,126,1134,ok,optimal,0.0,standard_primal_shadow_dual
2,October,15,143.41047768875893,0.0,143.41047768875893,1,126,1134,ok,optimal,143.41047768875893,standard_primal_shadow_dual
2,October,16,469.191853097113,0.0,469.191853097113,7,130,1170,ok,optimal,469.191853097113,standard_primal_shadow_dual
2,October,17,1244.3841869613393,0.0,1244.3841869613393,12,130,1170,ok,optimal,1244.3841869613393,standard_primal_shadow_dual
2,October,18,0.0,0.0,0.0,6,130,1170,ok,optimal,0.0,standard_primal_shadow_dual
2,October,19,549.0374915964701,0.0,549.0374915964701,3,130,1170,ok,optimal,549.0374915964701,standard_primal_shadow_dual
2,October,20,0.0,0.0,0.0,2,130,1170,ok,optimal,0.0,standard_primal_shadow_dual
2,October,21,0.0,0.0,0.0,0,0,0,ok,empty_zero_redirection,,
2,October,22,0.0,0.0,0.0,0,0,0,ok,empty_zero_redirection,,
2,October,23,511.6915514317876,0.0,511.6915514317876,6,126,1134,ok,optimal,511.6915514317876,standard_primal_shadow_dual
2,October,24,1058.8596510003047,0.0,1058.8596510003047,4,126,1134,ok,optimal,1058.8596510003047,standard_primal_shadow_dual
2,October,25,22.280700510492494,0.0,22.280700510492494,2,118,1062,ok,optimal,22.280700510492494,standard_primal_shadow_dual
2,October,26,99.32595948963547,0.0,99.32595948963547,2,122,1098,ok,optimal,99.32595948963547,standard_primal_shadow_dual
2,October,27,33.29126269864524,0.0,33.29126269864524,3,120,1080,ok,optimal,33.29126269864524,standard_primal_shadow_dual
2,October,28,135.63625351464614,0.0,135.63625351464614,6,122,1098,ok,optimal,135.63625351464614,standard_primal_shadow_dual
2,October,29,45.236352499999995,0.0,45.236352499999995,2,124,1116,ok,optimal,45.236352499999995,standard_primal_shadow_dual
2,October,30,618.9529071454881,0.0,618.9529071454881,4,122,1098,ok,optimal,618.9529071454881,standard_primal_shadow_dual
2,October,31,122.76852671067472,0.0,122.76852671067472,2,126,1134,ok,optimal,122.76852671067472,standard_primal_shadow_dual
2,October,32,0.0,0.0,0.0,0,0,0,ok,empty_zero_redirection,,
2,October,33,554.6061030224828,0.0,554.6061030224828,5,124,1116,ok,optimal,554.6061030224828,standard_primal_shadow_dual
2,October,34,197.71523127019364,0.0,197.71523127019364,4,128,1152,ok,optimal,197.71523127019364,standard_primal_shadow_dual
2,October,35,51.135660406647254,0.0,51.135660406647254,3,124,1116,ok,optimal,51.135660406647254,standard_primal_shadow_dual
2,October,36,0.0,0.0,0.0,1,120,1080,ok,optimal,0.0,standard_primal_shadow_dual
2,October,37,0.0,0.0,0.0,0,0,0,ok,empty_zero_redirection,,
2,October,38,21.68428937492479,0.0,21.68428937492479,1,112,1008,ok,optimal,21.68428937492479,standard_primal_shadow_dual
2,October,39,64.2948657886508,0.0,64.2948657886508,1,106,954,ok,optimal,64.2948657886508,standard_primal_shadow_dual
2,October,40,0.0,0.0,0.0,0,0,0,ok,empty_zero_redirection,,
2,October,41,0.0,0.0,0.0,0,0,0,ok,empty_zero_redirection,,
2,October,42,0.0,0.0,0.0,0,0,0,ok,empty_zero_redirection,,
2,October,43,0.0,0.0,0.0,0,0,0,ok,empty_zero_redirection,,
2,October,44,0.0,0.0,0.0,0,0,0,ok,empty_zero_redirection,,
2,October,45,0.0,0.0,0.0,0,0,0,ok,empty_zero_redirection,,
2,October,46,0.0,0.0,0.0,0,0,0,ok,empty_zero_redirection,,
2,October,47,0.0,0.0,0.0,0,0,0,ok,empty_zero_redirection,,
2,October,48,0.0,0.0,0.0,0,0,0,ok,empty_zero_redirection,,
2,November,1,0.0,0.0,0.0,0,0,0,ok,empty_zero_redirection,,
2,November,2,15.03562683634506,0.0,15.03562683634506,1,90,810,ok,optimal,15.03562683634506,standard_primal_shadow_dual
2,November,3,0.0,0.0,0.0,3,92,828,ok,optimal,0.0,standard_primal_shadow_dual
2,November,4,0.0,0.0,0.0,1,90,810,ok,optimal,0.0,standard_primal_shadow_dual
2,November,5,0.0,0.0,0.0,0,0,0,ok,empty_zero_redirection,,
2,November,6,0.0,0.0,0.0,0,0,0,ok,empty_zero_redirection,,
2,November,7,0.0,0.0,0.0,0,0,0,ok,empty_zero_redirection,,
2,November,8,0.0,0.0,0.0,0,0,0,ok,empty_zero_redirection,,
2,November,9,0.0,0.0,0.0,0,0,0,ok,empty_zero_redirection,,
2,November,10,0.0,0.0,0.0,0,0,0,ok,empty_zero_redirection,,
2,November,11,0.0,0.0,0.0,0,0,0,ok,empty_zero_redirection,,
2,November,12,0.0,0.0,0.0,0,0,0,ok,empty_zero_redirection,,
2,November,13,0.0,0.0,0.0,0,0,0,ok,empty_zero_redirection,,
2,November,14,0.0,0.0,0.0,1,126,1134,ok,optimal,0.0,standard_primal_shadow_dual
2,November,15,0.0,0.0,0.0,1,126,1134,ok,optimal,0.0,standard_primal_shadow_dual
2,November,16,194.36386276532687,0.0,194.36386276532687,7,130,1170,ok,optimal,194.36386276532687,standard_primal_shadow_dual
2,November,17,571.0854313800353,0.0,571.0854313800353,12,130,1170,ok,optimal,571.0854313800353,standard_primal_shadow_dual
2,November,18,1307.5143227638985,0.0,1307.5143227638985,6,130,1170,ok,optimal,1307.5143227638985,standard_primal_shadow_dual
2,November,19,0.0,0.0,0.0,3,130,1170,ok,optimal,0.0,standard_primal_shadow_dual
2,November,20,7.050387603565866,0.0,7.050387603565866,2,130,1170,ok,optimal,7.050387603565866,standard_primal_shadow_dual
2,November,21,0.0,0.0,0.0,0,0,0,ok,empty_zero_redirection,,
2,November,22,0.0,0.0,0.0,0,0,0,ok,empty_zero_redirection,,
2,November,23,0.0,0.0,0.0,6,126,1134,ok,optimal,0.0,standard_primal_shadow_dual
2,November,24,0.0,0.0,0.0,4,126,1134,ok,optimal,0.0,standard_primal_shadow_dual
2,November,25,0.0,0.0,0.0,2,118,1062,ok,optimal,0.0,standard_primal_shadow_dual
2,November,26,0.0,0.0,0.0,2,122,1098,ok,optimal,0.0,standard_primal_shadow_dual
2,November,27,0.0,0.0,0.0,3,120,1080,ok,optimal,0.0,standard_primal_shadow_dual
2,November,28,997.8146594793504,0.0,997.8146594793504,6,122,1098,ok,optimal,997.8146594793504,standard_primal_shadow_dual
2,November,29,0.0,0.0,0.0,1,124,1116,ok,optimal,0.0,standard_primal_shadow_dual
2,November,30,3.0,0.0,3.0,3,122,1098,ok,optimal,3.0,standard_primal_shadow_dual
2,November,31,0.0,0.0,0.0,2,126,1134,ok,optimal,0.0,standard_primal_shadow_dual
2,November,32,0.0,0.0,0.0,0,0,0,ok,empty_zero_redirection,,
2,November,33,0.0,0.0,0.0,5,124,1116,ok,optimal,0.0,standard_primal_shadow_dual
2,November,34,191.3373205840582,0.0,191.3373205840582,4,128,1152,ok,optimal,191.3373205840582,standard_primal_shadow_dual
2,November,35,713.520215198389,0.0,713.520215198389,3,124,1116,ok,optimal,713.520215198389,standard_primal_shadow_dual
2,November,36,0.0,0.0,0.0,1,120,1080,ok,optimal,0.0,standard_primal_shadow_dual
2,November,37,0.0,0.0,0.0,0,0,0,ok,empty_zero_redirection,,
2,November,38,0.0,0.0,0.0,1,112,1008,ok,optimal,0.0,standard_primal_shadow_dual
2,November,39,31.11041892999232,0.0,31.11041892999232,1,106,954,ok,optimal,31.11041892999232,standard_primal_shadow_dual
2,November,40,0.0,0.0,0.0,0,0,0,ok,empty_zero_redirection,,
2,November,41,0.0,0.0,0.0,0,0,0,ok,empty_zero_redirection,,
2,November,42,0.0,0.0,0.0,0,0,0,ok,empty_zero_redirection,,
2,November,43,0.0,0.0,0.0,0,0,0,ok,empty_zero_redirection,,
2,November,44,0.0,0.0,0.0,0,0,0,ok,empty_zero_redirection,,
2,November,45,0.0,0.0,0.0,0,0,0,ok,empty_zero_redirection,,
2,November,46,0.0,0.0,0.0,0,0,0,ok,empty_zero_redirection,,
2,November,47,0.0,0.0,0.0,0,0,0,ok,empty_zero_redirection,,
2,November,48,0.0,0.0,0.0,0,0,0,ok,empty_zero_redirection,,
2,December,1,0.0,0.0,0.0,0,0,0,ok,empty_zero_redirection,,
2,December,2,15.536814397556562,0.0,15.536814397556562,1,90,810,ok,optimal,15.536814397556562,standard_primal_shadow_dual
2,December,3,11.714895811995866,0.0,11.714895811995866,3,92,828,ok,optimal,11.714895811995866,standard_primal_shadow_dual
2,December,4,67.53178328719186,0.0,67.53178328719186,1,90,810,ok,optimal,67.53178328719186,standard_primal_shadow_dual
2,December,5,0.0,0.0,0.0,0,0,0,ok,empty_zero_redirection,,
2,December,6,0.0,0.0,0.0,0,0,0,ok,empty_zero_redirection,,
2,December,7,0.0,0.0,0.0,0,0,0,ok,empty_zero_redirection,,
2,December,8,0.0,0.0,0.0,0,0,0,ok,empty_zero_redirection,,
2,December,9,0.0,0.0,0.0,0,0,0,ok,empty_zero_redirection,,
2,December,10,0.0,0.0,0.0,0,0,0,ok,empty_zero_redirection,,
2,December,11,0.0,0.0,0.0,0,0,0,ok,empty_zero_redirection,,
2,December,12,0.0,0.0,0.0,0,0,0,ok,empty_zero_redirection,,
2,December,13,0.0,0.0,0.0,0,0,0,ok,empty_zero_redirection,,
2,December,14,0.0,0.0,0.0,1,126,1134,ok,optimal,0.0,standard_primal_shadow_dual
2,December,15,143.41047768875893,0.0,143.41047768875893,1,126,1134,ok,optimal,143.41047768875893,standard_primal_shadow_dual
2,December,16,120.60349826076364,0.0,120.60349826076364,7,130,1170,ok,optimal,120.60349826076364,standard_primal_shadow_dual
2,December,17,1062.4577787441658,0.0,1062.4577787441658,12,130,1170,ok,optimal,1062.4577787441658,standard_primal_shadow_dual
2,December,18,251.49456976590034,0.0,251.49456976590034,6,130,1170,ok,optimal,251.49456976590034,standard_primal_shadow_dual
2,December,19,549.0374915964701,0.0,549.0374915964701,3,130,1170,ok,optimal,549.0374915964701,standard_primal_shadow_dual
2,December,20,14.570801047369457,0.0,14.570801047369457,2,130,1170,ok,optimal,14.570801047369457,standard_primal_shadow_dual
2,December,21,0.0,0.0,0.0,0,0,0,ok,empty_zero_redirection,,
2,December,22,0.0,0.0,0.0,0,0,0,ok,empty_zero_redirection,,
2,December,23,0.0,0.0,0.0,7,126,1134,ok,optimal,0.0,standard_primal_shadow_dual
2,December,24,0.0,0.0,0.0,4,126,1134,ok,optimal,0.0,standard_primal_shadow_dual
2,December,25,0.0,0.0,0.0,2,118,1062,ok,optimal,0.0,standard_primal_shadow_dual
2,December,26,0.0,0.0,0.0,2,122,1098,ok,optimal,0.0,standard_primal_shadow_dual
2,December,27,454.0825253972905,0.0,454.0825253972905,3,120,1080,ok,optimal,454.0825253972905,standard_primal_shadow_dual
2,December,28,132.13037555614983,0.0,132.13037555614983,6,122,1098,ok,optimal,132.13037555614983,standard_primal_shadow_dual
2,December,29,0.0,0.0,0.0,1,124,1116,ok,optimal,0.0,standard_primal_shadow_dual
2,December,30,1.55,0.0,1.55,3,122,1098,ok,optimal,1.55,standard_primal_shadow_dual
2,December,31,0.0,0.0,0.0,2,126,1134,ok,optimal,0.0,standard_primal_shadow_dual
2,December,32,0.0,0.0,0.0,0,0,0,ok,empty_zero_redirection,,
2,December,33,259.96005125653824,0.0,259.96005125653824,5,124,1116,ok,optimal,259.96005125653824,standard_primal_shadow_dual
2,December,34,0.0,0.0,0.0,4,128,1152,ok,optimal,0.0,standard_primal_shadow_dual
2,December,35,51.135660406645826,0.0,51.135660406645826,3,124,1116,ok,optimal,51.135660406645826,standard_primal_shadow_dual
2,December,36,233.97814912821846,0.0,233.97814912821846,1,120,1080,ok,optimal,233.97814912821846,standard_primal_shadow_dual
2,December,37,0.0,0.0,0.0,0,0,0,ok,empty_zero_redirection,,
2,December,38,0.0,0.0,0.0,1,112,1008,ok,optimal,0.0,standard_primal_shadow_dual
2,December,39,0.0,0.0,0.0,1,106,954,ok,optimal,0.0,standard_primal_shadow_dual
2,December,40,0.0,0.0,0.0,0,0,0,ok,empty_zero_redirection,,
2,December,41,0.0,0.0,0.0,0,0,0,ok,empty_zero_redirection,,
2,December,42,0.0,0.0,0.0,0,0,0,ok,empty_zero_redirection,,
2,December,43,0.0,0.0,0.0,0,0,0,ok,empty_zero_redirection,,
2,December,44,0.0,0.0,0.0,0,0,0,ok,empty_zero_redirection,,
2,December,45,0.0,0.0,0.0,0,0,0,ok,empty_zero_redirection,,
2,December,46,0.0,0.0,0.0,0,0,0,ok,empty_zero_redirection,,
2,December,47,0.0,0.0,0.0,0,0,0,ok,empty_zero_redirection,,
2,December,48,0.0,0.0,0.0,0,0,0,ok,empty_zero_redirection,,
3,January,1,0.0,0.0,0.0,0,0,0,ok,empty_zero_redirection,,
3,January,2,0.0,0.0,0.0,1,90,810,ok,optimal,0.0,standard_primal_shadow_dual
3,January,3,51.9365386365637,0.0,51.9365386365637,3,92,828,ok,optimal,51.9365386365637,standard_primal_shadow_dual
3,January,4,0.0,0.0,0.0,1,90,810,ok,optimal,0.0,standard_primal_shadow_dual
3,January,5,0.0,0.0,0.0,0,0,0,ok,empty_zero_redirection,,
3,January,6,0.0,0.0,0.0,0,0,0,ok,empty_zero_redirection,,
3,January,7,0.0,0.0,0.0,0,0,0,ok,empty_zero_redirection,,
3,January,8,0.0,0.0,0.0,0,0,0,ok,empty_zero_redirection,,
3,January,9,0.0,0.0,0.0,0,0,0,ok,empty_zero_redirection,,
3,January,10,0.0,0.0,0.0,0,0,0,ok,empty_zero_redirection,,
3,January,11,0.0,0.0,0.0,0,0,0,ok,empty_zero_redirection,,
3,January,12,0.0,0.0,0.0,0,0,0,ok,empty_zero_redirection,,
3,January,13,0.0,0.0,0.0,0,0,0,ok,empty_zero_redirection,,
3,January,14,124.44238060978041,0.0,124.44238060978041,1,126,1134,ok,optimal,124.44238060978041,standard_primal_shadow_dual
3,January,15,0.0,0.0,0.0,1,126,1134,ok,optimal,0.0,standard_primal_shadow_dual
3,January,16,0.0,0.0,0.0,7,130,1170,ok,optimal,0.0,standard_primal_shadow_dual
3,January,17,1687.1241877307125,0.0,1687.1241877307125,12,130,1170,ok,optimal,1687.1241877307125,standard_primal_shadow_dual
3,January,18,341.99196668070795,0.0,341.99196668070795,6,130,1170,ok,optimal,341.99196668070795,standard_primal_shadow_dual
3,January,19,0.0,0.0,0.0,3,130,1170,ok,optimal,0.0,standard_primal_shadow_dual
3,January,20,0.0,0.0,0.0,2,130,1170,ok,optimal,0.0,standard_primal_shadow_dual
3,January,21,0.0,0.0,0.0,0,0,0,ok,empty_zero_redirection,,
3,January,22,0.0,0.0,0.0,0,0,0,ok,empty_zero_redirection,,
3,January,23,0.0,0.0,0.0,6,126,1134,ok,optimal,0.0,standard_primal_shadow_dual
3,January,24,0.0,0.0,0.0,4,126,1134,ok,optimal,0.0,standard_primal_shadow_dual
3,January,25,0.0,0.0,0.0,2,118,1062,ok,optimal,0.0,standard_primal_shadow_dual
3,January,26,99.32595820256687,0.0,99.32595820256687,2,122,1098,ok,optimal,99.32595820256687,standard_primal_shadow_dual
3,January,27,33.29126269864524,0.0,33.29126269864524,3,120,1080,ok,optimal,33.29126269864524,standard_primal_shadow_dual
3,January,28,0.0,0.0,0.0,6,122,1098,ok,optimal,0.0,standard_primal_shadow_dual
3,January,29,0.0,0.0,0.0,1,124,1116,ok,optimal,0.0,standard_primal_shadow_dual
3,January,30,0.0,0.0,0.0,4,122,1098,ok,optimal,0.0,standard_primal_shadow_dual
3,January,31,0.0,0.0,0.0,2,126,1134,ok,optimal,0.0,standard_primal_shadow_dual
3,January,32,0.0,0.0,0.0,0,0,0,ok,empty_zero_redirection,,
3,January,33,84.78240842080751,0.0,84.78240842080751,5,124,1116,ok,optimal,84.78240842080751,standard_primal_shadow_dual
3,January,34,0.0,0.0,0.0,5,128,1152,ok,optimal,0.0,standard_primal_shadow_dual
3,January,35,0.0,0.0,0.0,3,124,1116,ok,optimal,0.0,standard_primal_shadow_dual
3,January,36,0.0,0.0,0.0,0,0,0,ok,empty_zero_redirection,,
3,January,37,0.0,0.0,0.0,0,0,0,ok,empty_zero_redirection,,
3,January,38,0.0,0.0,0.0,1,112,1008,ok,optimal,0.0,standard_primal_shadow_dual
3,January,39,32.147432894325505,0.0,32.147432894325505,1,106,954,ok,optimal,32.147432894325505,standard_primal_shadow_dual
3,January,40,0.0,0.0,0.0,0,0,0,ok,empty_zero_redirection,,
3,January,41,0.0,0.0,0.0,0,0,0,ok,empty_zero_redirection,,
3,January,42,0.0,0.0,0.0,0,0,0,ok,empty_zero_redirection,,
3,January,43,0.0,0.0,0.0,0,0,0,ok,empty_zero_redirection,,
3,January,44,0.0,0.0,0.0,0,0,0,ok,empty_zero_redirection,,
3,January,45,0.0,0.0,0.0,0,0,0,ok,empty_zero_redirection,,
3,January,46,0.0,0.0,0.0,0,0,0,ok,empty_zero_redirection,,
3,January,47,0.0,0.0,0.0,0,0,0,ok,empty_zero_redirection,,
3,January,48,0.0,0.0,0.0,0,0,0,ok,empty_zero_redirection,,
3,February,1,0.0,0.0,0.0,0,0,0,ok,empty_zero_redirection,,
3,February,2,0.0,0.0,0.0,1,90,810,ok,optimal,0.0,standard_primal_shadow_dual
3,February,3,0.0,0.0,0.0,3,92,828,ok,optimal,0.0,standard_primal_shadow_dual
3,February,4,0.0,0.0,0.0,1,90,810,ok,optimal,0.0,standard_primal_shadow_dual
3,February,5,0.0,0.0,0.0,0,0,0,ok,empty_zero_redirection,,
3,February,6,0.0,0.0,0.0,0,0,0,ok,empty_zero_redirection,,
3,February,7,0.0,0.0,0.0,0,0,0,ok,empty_zero_redirection,,
3,February,8,0.0,0.0,0.0,0,0,0,ok,empty_zero_redirection,,
3,February,9,0.0,0.0,0.0,0,0,0,ok,empty_zero_redirection,,
3,February,10,0.0,0.0,0.0,0,0,0,ok,empty_zero_redirection,,
3,February,11,0.0,0.0,0.0,0,0,0,ok,empty_zero_redirection,,
3,February,12,0.0,0.0,0.0,0,0,0,ok,empty_zero_redirection,,
3,February,13,0.0,0.0,0.0,0,0,0,ok,empty_zero_redirection,,
3,February,14,0.0,0.0,0.0,1,126,1134,ok,optimal,0.0,standard_primal_shadow_dual
3,February,15,0.0,0.0,0.0,1,126,1134,ok,optimal,0.0,standard_primal_shadow_dual
3,February,16,353.01922256587244,0.0,353.01922256587244,7,130,1170,ok,optimal,353.01922256587244,standard_primal_shadow_dual
3,February,17,1739.7478185975015,0.0,1739.7478185975015,12,130,1170,ok,optimal,1739.7478185975015,standard_primal_shadow_dual
3,February,18,217.59703356394385,0.0,217.59703356394385,7,130,1170,ok,optimal,217.59703356394385,standard_primal_shadow_dual
3,February,19,350.0,0.0,350.0,4,130,1170,ok,optimal,350.0,standard_primal_shadow_dual
3,February,20,0.0,0.0,0.0,2,130,1170,ok,optimal,0.0,standard_primal_shadow_dual
3,February,21,0.0,0.0,0.0,0,0,0,ok,empty_zero_redirection,,
3,February,22,0.0,0.0,0.0,0,0,0,ok,empty_zero_redirection,,
3,February,23,0.0,0.0,0.0,6,126,1134,ok,optimal,0.0,standard_primal_shadow_dual
3,February,24,0.0,0.0,0.0,5,126,1134,ok,optimal,0.0,standard_primal_shadow_dual
3,February,25,0.0,0.0,0.0,2,118,1062,ok,optimal,0.0,standard_primal_shadow_dual
3,February,26,0.0,0.0,0.0,3,122,1098,ok,optimal,0.0,standard_primal_shadow_dual
3,February,27,0.0,0.0,0.0,3,120,1080,ok,optimal,0.0,standard_primal_shadow_dual
3,February,28,0.0,0.0,0.0,9,122,1098,ok,optimal,0.0,standard_primal_shadow_dual
3,February,29,0.0,0.0,0.0,2,124,1116,ok,optimal,0.0,standard_primal_shadow_dual
3,February,30,108.06668005902841,0.0,108.06668005902841,5,122,1098,ok,optimal,108.06668005902841,standard_primal_shadow_dual
3,February,31,585.4848993873868,0.0,585.4848993873868,2,126,1134,ok,optimal,585.4848993873868,standard_primal_shadow_dual
3,February,32,0.0,0.0,0.0,0,0,0,ok,empty_zero_redirection,,
3,February,33,144.88086222675162,0.0,144.88086222675162,6,124,1116,ok,optimal,144.88086222675162,standard_primal_shadow_dual
3,February,34,132.3806847221669,0.0,132.3806847221669,4,128,1152,ok,optimal,132.3806847221669,standard_primal_shadow_dual
3,February,35,0.0,0.0,0.0,3,124,1116,ok,optimal,0.0,standard_primal_shadow_dual
3,February,36,0.0,0.0,0.0,0,0,0,ok,empty_zero_redirection,,
3,February,37,0.0,0.0,0.0,0,0,0,ok,empty_zero_redirection,,
3,February,38,0.0,0.0,0.0,1,112,1008,ok,optimal,0.0,standard_primal_shadow_dual
3,February,39,0.0,0.0,0.0,1,106,954,ok,optimal,0.0,standard_primal_shadow_dual
3,February,40,0.0,0.0,0.0,0,0,0,ok,empty_zero_redirection,,
3,February,41,0.0,0.0,0.0,0,0,0,ok,empty_zero_redirection,,
3,February,42,0.0,0.0,0.0,0,0,0,ok,empty_zero_redirection,,
3,February,43,0.0,0.0,0.0,0,0,0,ok,empty_zero_redirection,,
3,February,44,0.0,0.0,0.0,0,0,0,ok,empty_zero_redirection,,
3,February,45,0.0,0.0,0.0,0,0,0,ok,empty_zero_redirection,,
3,February,46,0.0,0.0,0.0,0,0,0,ok,empty_zero_redirection,,
3,February,47,0.0,0.0,0.0,0,0,0,ok,empty_zero_redirection,,
3,February,48,0.0,0.0,0.0,0,0,0,ok,empty_zero_redirection,,
3,March,1,0.0,0.0,0.0,0,0,0,ok,empty_zero_redirection,,
3,March,2,0.0,0.0,0.0,1,90,810,ok,optimal,0.0,standard_primal_shadow_dual
3,March,3,18.40008891685521,0.0,18.40008891685521,3,92,828,ok,optimal,18.40008891685521,standard_primal_shadow_dual
3,March,4,0.0,0.0,0.0,1,90,810,ok,optimal,0.0,standard_primal_shadow_dual
3,March,5,0.0,0.0,0.0,0,0,0,ok,empty_zero_redirection,,
3,March,6,0.0,0.0,0.0,0,0,0,ok,empty_zero_redirection,,
3,March,7,0.0,0.0,0.0,0,0,0,ok,empty_zero_redirection,,
3,March,8,0.0,0.0,0.0,0,0,0,ok,empty_zero_redirection,,
3,March,9,0.0,0.0,0.0,0,0,0,ok,empty_zero_redirection,,
3,March,10,0.0,0.0,0.0,0,0,0,ok,empty_zero_redirection,,
3,March,11,0.0,0.0,0.0,0,0,0,ok,empty_zero_redirection,,
3,March,12,0.0,0.0,0.0,0,0,0,ok,empty_zero_redirection,,
3,March,13,0.0,0.0,0.0,0,0,0,ok,empty_zero_redirection,,
3,March,14,0.0,0.0,0.0,1,126,1134,ok,optimal,0.0,standard_primal_shadow_dual
3,March,15,4.4371624999999995,0.0,4.4371624999999995,3,126,1134,ok,optimal,4.4371624999999995,standard_primal_shadow_dual
3,March,16,4.43716249999629,0.0,4.43716249999629,8,130,1170,ok,optimal,4.43716249999629,standard_primal_shadow_dual
3,March,17,1005.1394905250932,0.0,1005.1394905250932,13,130,1170,ok,optimal,1005.1394905250932,standard_primal_shadow_dual
3,March,18,0.0,0.0,0.0,8,130,1170,ok,optimal,0.0,standard_primal_shadow_dual
3,March,19,1339.1736660355464,0.0,1339.1736660355464,4,130,1170,ok,optimal,1339.1736660355464,standard_primal_shadow_dual
3,March,20,3.8653437499997096,0.0,3.8653437499997096,5,130,1170,ok,optimal,3.8653437499997096,standard_primal_shadow_dual
3,March,21,0.0,0.0,0.0,2,130,1170,ok,optimal,0.0,standard_primal_shadow_dual
3,March,22,0.0,0.0,0.0,1,128,1152,ok,optimal,0.0,standard_primal_shadow_dual
3,March,23,559.7809114366057,0.0,559.7809114366057,7,126,1134,ok,optimal,559.7809114366057,standard_primal_shadow_dual
3,March,24,3.5123961921375324,0.0,3.5123961921375324,6,126,1134,ok,optimal,3.5123961921375324,standard_primal_shadow_dual
3,March,25,0.0,0.0,0.0,3,118,1062,ok,optimal,0.0,standard_primal_shadow_dual
3,March,26,0.0,0.0,0.0,2,122,1098,ok,optimal,0.0,standard_primal_shadow_dual
3,March,27,33.291262698645326,0.0,33.291262698645326,3,120,1080,ok,optimal,33.291262698645326,standard_primal_shadow_dual
3,March,28,172.34051077885698,0.0,172.34051077885698,7,122,1098,ok,optimal,172.34051077885698,standard_primal_shadow_dual
3,March,29,638.6474096182554,0.0,638.6474096182554,2,124,1116,ok,optimal,638.6474096182554,standard_primal_shadow_dual
3,March,30,0.0,0.0,0.0,5,122,1098,ok,optimal,0.0,standard_primal_shadow_dual
3,March,31,0.0,0.0,0.0,3,126,1134,ok,optimal,0.0,standard_primal_shadow_dual
3,March,32,0.0,0.0,0.0,0,0,0,ok,empty_zero_redirection,,
3,March,33,42.391204210403316,0.0,42.391204210403316,5,124,1116,ok,optimal,42.391204210403316,standard_primal_shadow_dual
3,March,34,0.0,0.0,0.0,6,128,1152,ok,optimal,0.0,standard_primal_shadow_dual
3,March,35,0.0,0.0,0.0,3,124,1116,ok,optimal,0.0,standard_primal_shadow_dual
3,March,36,0.0,0.0,0.0,0,0,0,ok,empty_zero_redirection,,
3,March,37,0.0,0.0,0.0,1,108,972,ok,optimal,0.0,standard_primal_shadow_dual
3,March,38,0.0,0.0,0.0,3,112,1008,ok,optimal,0.0,standard_primal_shadow_dual
3,March,39,0.0,0.0,0.0,1,106,954,ok,optimal,0.0,standard_primal_shadow_dual
3,March,40,0.0,0.0,0.0,0,0,0,ok,empty_zero_redirection,,
3,March,41,0.0,0.0,0.0,0,0,0,ok,empty_zero_redirection,,
3,March,42,0.0,0.0,0.0,0,0,0,ok,empty_zero_redirection,,
3,March,43,0.0,0.0,0.0,0,0,0,ok,empty_zero_redirection,,
3,March,44,0.0,0.0,0.0,0,0,0,ok,empty_zero_redirection,,
3,March,45,0.0,0.0,0.0,0,0,0,ok,empty_zero_redirection,,
3,March,46,0.0,0.0,0.0,0,0,0,ok,empty_zero_redirection,,
3,March,47,0.0,0.0,0.0,0,0,0,ok,empty_zero_redirection,,
3,March,48,0.0,0.0,0.0,0,0,0,ok,empty_zero_redirection,,
3,April,1,0.0,0.0,0.0,0,0,0,ok,empty_zero_redirection,,
3,April,2,15.035626836345156,0.0,15.035626836345156,1,90,810,ok,optimal,15.035626836345156,standard_primal_shadow_dual
3,April,3,11.336995947092777,0.0,11.336995947092777,3,92,828,ok,optimal,11.336995947092777,standard_primal_shadow_dual
3,April,4,0.0,0.0,0.0,1,90,810,ok,optimal,0.0,standard_primal_shadow_dual
3,April,5,0.0,0.0,0.0,0,0,0,ok,empty_zero_redirection,,
3,April,6,0.0,0.0,0.0,0,0,0,ok,empty_zero_redirection,,
3,April,7,0.0,0.0,0.0,0,0,0,ok,empty_zero_redirection,,
3,April,8,0.0,0.0,0.0,0,0,0,ok,empty_zero_redirection,,
3,April,9,0.0,0.0,0.0,0,0,0,ok,empty_zero_redirection,,
3,April,10,0.0,0.0,0.0,0,0,0,ok,empty_zero_redirection,,
3,April,11,0.0,0.0,0.0,1,80,720,ok,optimal,0.0,standard_primal_shadow_dual
3,April,12,0.0,0.0,0.0,0,0,0,ok,empty_zero_redirection,,
3,April,13,0.0,0.0,0.0,1,118,1062,ok,optimal,0.0,standard_primal_shadow_dual
3,April,14,0.0,0.0,0.0,1,126,1134,ok,optimal,0.0,standard_primal_shadow_dual
3,April,15,0.0,0.0,0.0,3,126,1134,ok,optimal,0.0,standard_primal_shadow_dual
3,April,16,198.90515783581944,0.0,198.90515783581944,8,130,1170,ok,optimal,198.90515783581944,standard_primal_shadow_dual
3,April,17,1034.9034225547064,0.0,1034.9034225547064,16,130,1170,ok,optimal,1034.9034225547064,standard_primal_shadow_dual
3,April,18,1462.2627539399577,0.0,1462.2627539399577,11,130,1170,ok,optimal,1462.2627539399577,standard_primal_shadow_dual
3,April,19,227.3133214406624,0.0,227.3133214406624,9,130,1170,ok,optimal,227.3133214406624,standard_primal_shadow_dual
3,April,20,368.5058085607287,0.0,368.5058085607287,8,130,1170,ok,optimal,368.5058085607287,standard_primal_shadow_dual
3,April,21,253.80204870077154,0.0,253.80204870077154,11,130,1170,ok,optimal,253.80204870077154,standard_primal_shadow_dual
3,April,22,0.0,0.0,0.0,6,128,1152,ok,optimal,0.0,standard_primal_shadow_dual
3,April,23,0.0,0.0,0.0,8,126,1134,ok,optimal,0.0,standard_primal_shadow_dual
3,April,24,255.71238267377856,0.0,255.71238267377856,8,126,1134,ok,optimal,255.71238267377856,standard_primal_shadow_dual
3,April,25,380.6320084837602,0.0,380.6320084837602,5,118,1062,ok,optimal,380.6320084837602,standard_primal_shadow_dual
3,April,26,0.0,0.0,0.0,6,122,1098,ok,optimal,0.0,standard_primal_shadow_dual
3,April,27,0.0,0.0,0.0,7,120,1080,ok,optimal,0.0,standard_primal_shadow_dual
3,April,28,248.3115243151518,0.0,248.3115243151518,11,122,1098,ok,optimal,248.3115243151518,standard_primal_shadow_dual
3,April,29,896.7819348088115,0.0,896.7819348088115,9,124,1116,ok,optimal,896.7819348088115,standard_primal_shadow_dual
3,April,30,299.0724895749925,0.0,299.0724895749925,10,122,1098,ok,optimal,299.0724895749925,standard_primal_shadow_dual
3,April,31,0.0,0.0,0.0,8,126,1134,ok,optimal,0.0,standard_primal_shadow_dual
3,April,32,15.925268958238838,0.0,15.925268958238838,7,126,1134,ok,optimal,15.925268958238838,standard_primal_shadow_dual
3,April,33,0.0,0.0,0.0,6,124,1116,ok,optimal,0.0,standard_primal_shadow_dual
3,April,34,1.5,0.0,1.5,11,128,1152,ok,optimal,1.5,standard_primal_shadow_dual
3,April,35,0.0,0.0,0.0,6,124,1116,ok,optimal,0.0,standard_primal_shadow_dual
3,April,36,0.0,0.0,0.0,3,120,1080,ok,optimal,0.0,standard_primal_shadow_dual
3,April,37,188.84864125000001,0.0,188.84864125000001,2,108,972,ok,optimal,188.84864125000001,standard_primal_shadow_dual
3,April,38,0.0,0.0,0.0,3,112,1008,ok,optimal,0.0,standard_primal_shadow_dual
3,April,39,0.0,0.0,0.0,1,106,954,ok,optimal,0.0,standard_primal_shadow_dual
3,April,40,0.0,0.0,0.0,0,0,0,ok,empty_zero_redirection,,
3,April,41,0.0,0.0,0.0,0,0,0,ok,empty_zero_redirection,,
3,April,42,0.0,0.0,0.0,0,0,0,ok,empty_zero_redirection,,
3,April,43,0.0,0.0,0.0,0,0,0,ok,empty_zero_redirection,,
3,April,44,0.0,0.0,0.0,0,0,0,ok,empty_zero_redirection,,
3,April,45,0.0,0.0,0.0,0,0,0,ok,empty_zero_redirection,,
3,April,46,0.0,0.0,0.0,0,0,0,ok,empty_zero_redirection,,
3,April,47,0.0,0.0,0.0,0,0,0,ok,empty_zero_redirection,,
3,April,48,0.0,0.0,0.0,0,0,0,ok,empty_zero_redirection,,
3,May,1,0.0,0.0,0.0,0,0,0,ok,empty_zero_redirection,,
3,May,2,31.073628795112683,0.0,31.073628795112683,1,90,810,ok,optimal,31.073628795112683,standard_primal_shadow_dual
3,May,3,0.0,0.0,0.0,3,92,828,ok,optimal,0.0,standard_primal_shadow_dual
3,May,4,0.0,0.0,0.0,1,90,810,ok,optimal,0.0,standard_primal_shadow_dual
3,May,5,0.0,0.0,0.0,0,0,0,ok,empty_zero_redirection,,
3,May,6,0.0,0.0,0.0,0,0,0,ok,empty_zero_redirection,,
3,May,7,0.0,0.0,0.0,0,0,0,ok,empty_zero_redirection,,
3,May,8,0.0,0.0,0.0,0,0,0,ok,empty_zero_redirection,,
3,May,9,0.0,0.0,0.0,0,0,0,ok,empty_zero_redirection,,
3,May,10,0.0,0.0,0.0,0,0,0,ok,empty_zero_redirection,,
3,May,11,0.0,0.0,0.0,1,80,720,ok,optimal,0.0,standard_primal_shadow_dual
3,May,12,5.702701158465192,0.0,5.702701158465192,1,96,864,ok,optimal,5.702701158465192,standard_primal_shadow_dual
3,May,13,0.0,0.0,0.0,1,118,1062,ok,optimal,0.0,standard_primal_shadow_dual
3,May,14,0.0,0.0,0.0,1,126,1134,ok,optimal,0.0,standard_primal_shadow_dual
3,May,15,211.50042745359102,0.0,211.50042745359102,7,126,1134,ok,optimal,211.50042745359102,standard_primal_shadow_dual
3,May,16,0.0,0.0,0.0,12,130,1170,ok,optimal,0.0,standard_primal_shadow_dual
3,May,17,601.5068373602116,0.0,601.5068373602116,14,130,1170,ok,optimal,601.5068373602116,standard_primal_shadow_dual
3,May,18,192.22370952012363,0.0,192.22370952012363,11,130,1170,ok,optimal,192.22370952012363,standard_primal_shadow_dual
3,May,19,1974.6808528566387,0.0,1974.6808528566387,16,130,1170,ok,optimal,1974.6808528566387,standard_primal_shadow_dual
3,May,20,379.42728352824776,0.0,379.42728352824776,13,130,1170,ok,optimal,379.42728352824776,standard_primal_shadow_dual
3,May,21,172.86844581749753,0.0,172.86844581749753,11,130,1170,ok,optimal,172.86844581749753,standard_primal_shadow_dual
3,May,22,0.0,0.0,0.0,7,128,1152,ok,optimal,0.0,standard_primal_shadow_dual
3,May,23,0.0,0.0,0.0,7,126,1134,ok,optimal,0.0,standard_primal_shadow_dual
3,May,24,385.2864453791601,0.0,385.2864453791601,6,126,1134,ok,optimal,385.2864453791601,standard_primal_shadow_dual
3,May,25,0.0,0.0,0.0,5,118,1062,ok,optimal,0.0,standard_primal_shadow_dual
3,May,26,0.0,0.0,0.0,4,122,1098,ok,optimal,0.0,standard_primal_shadow_dual
3,May,27,310.10824784886483,0.0,310.10824784886483,4,120,1080,ok,optimal,310.10824784886483,standard_primal_shadow_dual
3,May,28,77.4352797515196,0.0,77.4352797515196,8,122,1098,ok,optimal,77.4352797515196,standard_primal_shadow_dual
3,May,29,0.0,0.0,0.0,7,124,1116,ok,optimal,0.0,standard_primal_shadow_dual
3,May,30,0.0,0.0,0.0,7,122,1098,ok,optimal,0.0,standard_primal_shadow_dual
3,May,31,118.91722716197009,0.0,118.91722716197009,7,126,1134,ok,optimal,118.91722716197009,standard_primal_shadow_dual
3,May,32,74.428484847618,0.0,74.428484847618,7,126,1134,ok,optimal,74.428484847618,standard_primal_shadow_dual
3,May,33,0.0,0.0,0.0,6,124,1116,ok,optimal,0.0,standard_primal_shadow_dual
3,May,34,0.0,0.0,0.0,9,128,1152,ok,optimal,0.0,standard_primal_shadow_dual
3,May,35,0.0,0.0,0.0,6,124,1116,ok,optimal,0.0,standard_primal_shadow_dual
3,May,36,19.207712619195096,0.0,19.207712619195096,4,120,1080,ok,optimal,19.207712619195096,standard_primal_shadow_dual
3,May,37,0.0,0.0,0.0,4,108,972,ok,optimal,0.0,standard_primal_shadow_dual
3,May,38,0.0,0.0,0.0,5,112,1008,ok,optimal,0.0,standard_primal_shadow_dual
3,May,39,0.0,0.0,0.0,1,106,954,ok,optimal,0.0,standard_primal_shadow_dual
3,May,40,0.0,0.0,0.0,0,0,0,ok,empty_zero_redirection,,
3,May,41,0.0,0.0,0.0,0,0,0,ok,empty_zero_redirection,,
3,May,42,0.0,0.0,0.0,0,0,0,ok,empty_zero_redirection,,
3,May,43,0.0,0.0,0.0,0,0,0,ok,empty_zero_redirection,,
3,May,44,0.0,0.0,0.0,0,0,0,ok,empty_zero_redirection,,
3,May,45,0.0,0.0,0.0,0,0,0,ok,empty_zero_redirection,,
3,May,46,0.0,0.0,0.0,0,0,0,ok,empty_zero_redirection,,
3,May,47,0.0,0.0,0.0,0,0,0,ok,empty_zero_redirection,,
3,May,48,0.0,0.0,0.0,0,0,0,ok,empty_zero_redirection,,
3,June,1,0.0,0.0,0.0,0,0,0,ok,empty_zero_redirection,,
3,June,2,0.0,0.0,0.0,1,90,810,ok,optimal,0.0,standard_primal_shadow_dual
3,June,3,0.0,0.0,0.0,3,92,828,ok,optimal,0.0,standard_primal_shadow_dual
3,June,4,0.0,0.0,0.0,1,90,810,ok,optimal,0.0,standard_primal_shadow_dual
3,June,5,0.0,0.0,0.0,0,0,0,ok,empty_zero_redirection,,
3,June,6,0.0,0.0,0.0,0,0,0,ok,empty_zero_redirection,,
3,June,7,0.0,0.0,0.0,5,24,216,ok,optimal,0.0,standard_primal_shadow_dual
3,June,8,5.890903750000001,0.0,5.890903750000001,4,20,180,ok,optimal,5.890903750000001,standard_primal_shadow_dual
3,June,9,0.0,0.0,0.0,4,32,288,ok,optimal,0.0,standard_primal_shadow_dual
3,June,10,0.0,0.0,0.0,4,32,288,ok,optimal,0.0,standard_primal_shadow_dual
3,June,11,0.0,0.0,0.0,5,80,720,ok,optimal,0.0,standard_primal_shadow_dual
3,June,12,59.75678625,0.0,59.75678625,2,96,864,ok,optimal,59.75678625,standard_primal_shadow_dual
3,June,13,0.0,0.0,0.0,4,118,1062,ok,optimal,0.0,standard_primal_shadow_dual
3,June,14,22.367939037777493,0.0,22.367939037777493,3,126,1134,ok,optimal,22.367939037777493,standard_primal_shadow_dual
3,June,15,6.059591852666681,0.0,6.059591852666681,4,126,1134,ok,optimal,6.059591852666681,standard_primal_shadow_dual
3,June,16,112.17176776248844,0.0,112.17176776248844,9,130,1170,ok,optimal,112.17176776248844,standard_primal_shadow_dual
3,June,17,450.2014753309316,0.0,450.2014753309316,16,130,1170,ok,optimal,450.2014753309316,standard_primal_shadow_dual
3,June,18,1323.8863352638984,0.0,1323.8863352638984,9,130,1170,ok,optimal,1323.8863352638984,standard_primal_shadow_dual
3,June,19,539.4854988771351,0.0,539.4854988771351,12,130,1170,ok,optimal,539.4854988771351,standard_primal_shadow_dual
3,June,20,0.0,0.0,0.0,11,130,1170,ok,optimal,0.0,standard_primal_shadow_dual
3,June,21,0.0,0.0,0.0,9,130,1170,ok,optimal,0.0,standard_primal_shadow_dual
3,June,22,0.0,0.0,0.0,9,128,1152,ok,optimal,0.0,standard_primal_shadow_dual
3,June,23,1409.8203609598954,0.0,1409.8203609598954,12,126,1134,ok,optimal,1409.8203609598954,standard_primal_shadow_dual
3,June,24,147.32455009595492,0.0,147.32455009595492,9,126,1134,ok,optimal,147.32455009595492,standard_primal_shadow_dual
3,June,25,839.8771124768973,0.0,839.8771124768973,9,118,1062,ok,optimal,839.8771124768973,standard_primal_shadow_dual
3,June,26,375.0,0.0,375.0,9,122,1098,ok,optimal,375.0,standard_primal_shadow_dual
3,June,27,584.5432278787738,0.0,584.5432278787738,10,120,1080,ok,optimal,584.5432278787738,standard_primal_shadow_dual
3,June,28,349.3230236222132,0.0,349.3230236222132,11,122,1098,ok,optimal,349.3230236222132,standard_primal_shadow_dual
3,June,29,0.0,0.0,0.0,12,124,1116,ok,optimal,0.0,standard_primal_shadow_dual
3,June,30,415.2932153301482,0.0,415.2932153301482,13,122,1098,ok,optimal,415.2932153301482,standard_primal_shadow_dual
3,June,31,0.0,0.0,0.0,10,126,1134,ok,optimal,0.0,standard_primal_shadow_dual
3,June,32,146.87629200938977,0.0,146.87629200938977,12,126,1134,ok,optimal,146.87629200938977,standard_primal_shadow_dual
3,June,33,0.0,0.0,0.0,8,124,1116,ok,optimal,0.0,standard_primal_shadow_dual
3,June,34,364.5989035579857,0.0,364.5989035579857,9,128,1152,ok,optimal,364.5989035579857,standard_primal_shadow_dual
3,June,35,98.97224594834952,0.0,98.97224594834952,7,124,1116,ok,optimal,98.97224594834952,standard_primal_shadow_dual
3,June,36,0.0,0.0,0.0,4,120,1080,ok,optimal,0.0,standard_primal_shadow_dual
3,June,37,0.0,0.0,0.0,4,108,972,ok,optimal,0.0,standard_primal_shadow_dual
3,June,38,23.24437500000002,0.0,23.24437500000002,4,112,1008,ok,optimal,23.24437500000002,standard_primal_shadow_dual
3,June,39,0.0,0.0,0.0,2,106,954,ok,optimal,0.0,standard_primal_shadow_dual
3,June,40,0.0,0.0,0.0,1,112,1008,ok,optimal,0.0,standard_primal_shadow_dual
3,June,41,0.0,0.0,0.0,0,0,0,ok,empty_zero_redirection,,
3,June,42,0.0,0.0,0.0,0,0,0,ok,empty_zero_redirection,,
3,June,43,0.0,0.0,0.0,0,0,0,ok,empty_zero_redirection,,
3,June,44,0.0,0.0,0.0,0,0,0,ok,empty_zero_redirection,,
3,June,45,0.0,0.0,0.0,0,0,0,ok,empty_zero_redirection,,
3,June,46,0.0,0.0,0.0,0,0,0,ok,empty_zero_redirection,,
3,June,47,0.0,0.0,0.0,0,0,0,ok,empty_zero_redirection,,
3,June,48,0.0,0.0,0.0,0,0,0,ok,empty_zero_redirection,,
3,July,1,0.0,0.0,0.0,0,0,0,ok,empty_zero_redirection,,
3,July,2,15.536814397556562,0.0,15.536814397556562,1,90,810,ok,optimal,15.536814397556562,standard_primal_shadow_dual
3,July,3,18.40008891685543,0.0,18.40008891685543,3,92,828,ok,optimal,18.40008891685543,standard_primal_shadow_dual
3,July,4,0.0,0.0,0.0,1,90,810,ok,optimal,0.0,standard_primal_shadow_dual
3,July,5,0.0,0.0,0.0,0,0,0,ok,empty_zero_redirection,,
3,July,6,0.0,0.0,0.0,0,0,0,ok,empty_zero_redirection,,
3,July,7,0.0,0.0,0.0,0,0,0,ok,empty_zero_redirection,,
3,July,8,0.0,0.0,0.0,0,0,0,ok,empty_zero_redirection,,
3,July,9,0.0,0.0,0.0,0,0,0,ok,empty_zero_redirection,,
3,July,10,0.0,0.0,0.0,0,0,0,ok,empty_zero_redirection,,
3,July,11,0.0,0.0,0.0,1,80,720,ok,optimal,0.0,standard_primal_shadow_dual
3,July,12,0.0,0.0,0.0,0,0,0,ok,empty_zero_redirection,,
3,July,13,0.0,0.0,0.0,0,0,0,ok,empty_zero_redirection,,
3,July,14,0.0,0.0,0.0,1,126,1134,ok,optimal,0.0,standard_primal_shadow_dual
3,July,15,0.0,0.0,0.0,1,126,1134,ok,optimal,0.0,standard_primal_shadow_dual
3,July,16,20.738831899130375,0.0,20.738831899130375,7,130,1170,ok,optimal,20.738831899130375,standard_primal_shadow_dual
3,July,17,118.71545831653255,0.0,118.71545831653255,13,130,1170,ok,optimal,118.71545831653255,standard_primal_shadow_dual
3,July,18,387.5,0.0,387.5,8,130,1170,ok,optimal,387.5,standard_primal_shadow_dual
3,July,19,2.7418910776757106,0.0,2.7418910776757106,6,130,1170,ok,optimal,2.7418910776757106,standard_primal_shadow_dual
3,July,20,291.41668341252887,0.0,291.41668341252887,6,130,1170,ok,optimal,291.41668341252887,standard_primal_shadow_dual
3,July,21,0.0,0.0,0.0,2,130,1170,ok,optimal,0.0,standard_primal_shadow_dual
3,July,22,0.0,0.0,0.0,2,128,1152,ok,optimal,0.0,standard_primal_shadow_dual
3,July,23,511.69155143178693,0.0,511.69155143178693,8,126,1134,ok,optimal,511.69155143178693,standard_primal_shadow_dual
3,July,24,0.0,0.0,0.0,5,126,1134,ok,optimal,0.0,standard_primal_shadow_dual
3,July,25,0.0,0.0,0.0,3,118,1062,ok,optimal,0.0,standard_primal_shadow_dual
3,July,26,486.8341949999999,0.0,486.8341949999999,3,122,1098,ok,optimal,486.8341949999999,standard_primal_shadow_dual
3,July,27,834.4097657179763,0.0,834.4097657179763,4,120,1080,ok,optimal,834.4097657179763,standard_primal_shadow_dual
3,July,28,849.0758138950233,0.0,849.0758138950233,6,122,1098,ok,optimal,849.0758138950233,standard_primal_shadow_dual
3,July,29,0.0,0.0,0.0,2,124,1116,ok,optimal,0.0,standard_primal_shadow_dual
3,July,30,0.0,0.0,0.0,5,122,1098,ok,optimal,0.0,standard_primal_shadow_dual
3,July,31,0.0,0.0,0.0,5,126,1134,ok,optimal,0.0,standard_primal_shadow_dual
3,July,32,0.0,0.0,0.0,1,126,1134,ok,optimal,0.0,standard_primal_shadow_dual
3,July,33,0.0,0.0,0.0,6,124,1116,ok,optimal,0.0,standard_primal_shadow_dual
3,July,34,0.0,0.0,0.0,7,128,1152,ok,optimal,0.0,standard_primal_shadow_dual
3,July,35,51.135660406652775,0.0,51.135660406652775,6,124,1116,ok,optimal,51.135660406652775,standard_primal_shadow_dual
3,July,36,0.0,0.0,0.0,3,120,1080,ok,optimal,0.0,standard_primal_shadow_dual
3,July,37,0.0,0.0,0.0,3,108,972,ok,optimal,0.0,standard_primal_shadow_dual
3,July,38,44.28820000000003,0.0,44.28820000000003,4,112,1008,ok,optimal,44.28820000000003,standard_primal_shadow_dual
3,July,39,5.645750000000003,0.0,5.645750000000003,2,106,954,ok,optimal,5.645750000000003,standard_primal_shadow_dual
3,July,40,0.0,0.0,0.0,1,112,1008,ok,optimal,0.0,standard_primal_shadow_dual
3,July,41,0.0,0.0,0.0,0,0,0,ok,empty_zero_redirection,,
3,July,42,0.0,0.0,0.0,0,0,0,ok,empty_zero_redirection,,
3,July,43,0.0,0.0,0.0,0,0,0,ok,empty_zero_redirection,,
3,July,44,0.0,0.0,0.0,0,0,0,ok,empty_zero_redirection,,
3,July,45,0.0,0.0,0.0,0,0,0,ok,empty_zero_redirection,,
3,July,46,0.0,0.0,0.0,0,0,0,ok,empty_zero_redirection,,
3,July,47,0.0,0.0,0.0,0,0,0,ok,empty_zero_redirection,,
3,July,48,0.0,0.0,0.0,0,0,0,ok,empty_zero_redirection,,
3,August,1,0.0,0.0,0.0,0,0,0,ok,empty_zero_redirection,,
3,August,2,0.0,0.0,0.0,1,90,810,ok,optimal,0.0,standard_primal_shadow_dual
3,August,3,0.0,0.0,0.0,3,92,828,ok,optimal,0.0,standard_primal_shadow_dual
3,August,4,0.0,0.0,0.0,1,90,810,ok,optimal,0.0,standard_primal_shadow_dual
3,August,5,0.0,0.0,0.0,0,0,0,ok,empty_zero_redirection,,
3,August,6,0.0,0.0,0.0,0,0,0,ok,empty_zero_redirection,,
3,August,7,0.0,0.0,0.0,0,0,0,ok,empty_zero_redirection,,
3,August,8,0.0,0.0,0.0,0,0,0,ok,empty_zero_redirection,,
3,August,9,0.0,0.0,0.0,0,0,0,ok,empty_zero_redirection,,
3,August,10,0.0,0.0,0.0,0,0,0,ok,empty_zero_redirection,,
3,August,11,0.0,0.0,0.0,1,80,720,ok,optimal,0.0,standard_primal_shadow_dual
3,August,12,0.0,0.0,0.0,0,0,0,ok,empty_zero_redirection,,
3,August,13,0.0,0.0,0.0,0,0,0,ok,empty_zero_redirection,,
3,August,14,0.0,0.0,0.0,1,126,1134,ok,optimal,0.0,standard_primal_shadow_dual
3,August,15,286.82095537751854,0.0,286.82095537751854,1,126,1134,ok,optimal,286.82095537751854,standard_primal_shadow_dual
3,August,16,200.8426581908395,0.0,200.8426581908395,7,130,1170,ok,optimal,200.8426581908395,standard_primal_shadow_dual
3,August,17,0.0,0.0,0.0,12,130,1170,ok,optimal,0.0,standard_primal_shadow_dual
3,August,18,232.26209354557858,0.0,232.26209354557858,6,130,1170,ok,optimal,232.26209354557858,standard_primal_shadow_dual
3,August,19,0.0,0.0,0.0,3,130,1170,ok,optimal,0.0,standard_primal_shadow_dual
3,August,20,14.81363124999998,0.0,14.81363124999998,4,130,1170,ok,optimal,14.81363124999998,standard_primal_shadow_dual
3,August,21,0.0,0.0,0.0,2,130,1170,ok,optimal,0.0,standard_primal_shadow_dual
3,August,22,0.0,0.0,0.0,1,128,1152,ok,optimal,0.0,standard_primal_shadow_dual
3,August,23,624.5552157788319,0.0,624.5552157788319,6,126,1134,ok,optimal,624.5552157788319,standard_primal_shadow_dual
3,August,24,0.0,0.0,0.0,5,126,1134,ok,optimal,0.0,standard_primal_shadow_dual
3,August,25,44.58707487041764,0.0,44.58707487041764,6,118,1062,ok,optimal,44.58707487041764,standard_primal_shadow_dual
3,August,26,0.0,0.0,0.0,3,122,1098,ok,optimal,0.0,standard_primal_shadow_dual
3,August,27,21.812422451571866,0.0,21.812422451571866,4,120,1080,ok,optimal,21.812422451571866,standard_primal_shadow_dual
3,August,28,0.0,0.0,0.0,8,122,1098,ok,optimal,0.0,standard_primal_shadow_dual
3,August,29,800.4011271182555,0.0,800.4011271182555,3,124,1116,ok,optimal,800.4011271182555,standard_primal_shadow_dual
3,August,30,119.64525292249547,0.0,119.64525292249547,7,122,1098,ok,optimal,119.64525292249547,standard_primal_shadow_dual
3,August,31,0.0,0.0,0.0,4,126,1134,ok,optimal,0.0,standard_primal_shadow_dual
3,August,32,50.22881513156419,0.0,50.22881513156419,2,126,1134,ok,optimal,50.22881513156419,standard_primal_shadow_dual
3,August,33,0.0,0.0,0.0,5,124,1116,ok,optimal,0.0,standard_primal_shadow_dual
3,August,34,0.0,0.0,0.0,9,128,1152,ok,optimal,0.0,standard_primal_shadow_dual
3,August,35,0.0,0.0,0.0,5,124,1116,ok,optimal,0.0,standard_primal_shadow_dual
3,August,36,0.0,0.0,0.0,2,120,1080,ok,optimal,0.0,standard_primal_shadow_dual
3,August,37,0.0,0.0,0.0,0,0,0,ok,empty_zero_redirection,,
3,August,38,0.0,0.0,0.0,1,112,1008,ok,optimal,0.0,standard_primal_shadow_dual
3,August,39,0.0,0.0,0.0,1,106,954,ok,optimal,0.0,standard_primal_shadow_dual
3,August,40,0.0,0.0,0.0,0,0,0,ok,empty_zero_redirection,,
3,August,41,0.0,0.0,0.0,0,0,0,ok,empty_zero_redirection,,
3,August,42,0.0,0.0,0.0,0,0,0,ok,empty_zero_redirection,,
3,August,43,0.0,0.0,0.0,0,0,0,ok,empty_zero_redirection,,
3,August,44,0.0,0.0,0.0,0,0,0,ok,empty_zero_redirection,,
3,August,45,0.0,0.0,0.0,0,0,0,ok,empty_zero_redirection,,
3,August,46,0.0,0.0,0.0,0,0,0,ok,empty_zero_redirection,,
3,August,47,0.0,0.0,0.0,0,0,0,ok,empty_zero_redirection,,
3,August,48,0.0,0.0,0.0,0,0,0,ok,empty_zero_redirection,,
3,September,1,0.0,0.0,0.0,0,0,0,ok,empty_zero_redirection,,
3,September,2,0.0,0.0,0.0,1,90,810,ok,optimal,0.0,standard_primal_shadow_dual
3,September,3,0.0,0.0,0.0,3,92,828,ok,optimal,0.0,standard_primal_shadow_dual
3,September,4,0.0,0.0,0.0,1,90,810,ok,optimal,0.0,standard_primal_shadow_dual
3,September,5,0.0,0.0,0.0,0,0,0,ok,empty_zero_redirection,,
3,September,6,0.0,0.0,0.0,0,0,0,ok,empty_zero_redirection,,
3,September,7,0.0,0.0,0.0,0,0,0,ok,empty_zero_redirection,,
3,September,8,0.0,0.0,0.0,0,0,0,ok,empty_zero_redirection,,
3,September,9,0.0,0.0,0.0,0,0,0,ok,empty_zero_redirection,,
3,September,10,0.0,0.0,0.0,0,0,0,ok,empty_zero_redirection,,
3,September,11,0.0,0.0,0.0,1,80,720,ok,optimal,0.0,standard_primal_shadow_dual
3,September,12,0.0,0.0,0.0,0,0,0,ok,empty_zero_redirection,,
3,September,13,0.0,0.0,0.0,0,0,0,ok,empty_zero_redirection,,
3,September,14,0.0,0.0,0.0,1,126,1134,ok,optimal,0.0,standard_primal_shadow_dual
3,September,15,0.0,0.0,0.0,2,126,1134,ok,optimal,0.0,standard_primal_shadow_dual
3,September,16,0.0,0.0,0.0,7,130,1170,ok,optimal,0.0,standard_primal_shadow_dual
3,September,17,51.16982694897767,0.0,51.16982694897767,16,130,1170,ok,optimal,51.16982694897767,standard_primal_shadow_dual
3,September,18,0.0,0.0,0.0,7,130,1170,ok,optimal,0.0,standard_primal_shadow_dual
3,September,19,567.6532095415531,0.0,567.6532095415531,5,130,1170,ok,optimal,567.6532095415531,standard_primal_shadow_dual
3,September,20,0.0,0.0,0.0,4,130,1170,ok,optimal,0.0,standard_primal_shadow_dual
3,September,21,0.0,0.0,0.0,2,130,1170,ok,optimal,0.0,standard_primal_shadow_dual
3,September,22,0.0,0.0,0.0,1,128,1152,ok,optimal,0.0,standard_primal_shadow_dual
3,September,23,0.0,0.0,0.0,6,126,1134,ok,optimal,0.0,standard_primal_shadow_dual
3,September,24,56.176247921520115,0.0,56.176247921520115,5,126,1134,ok,optimal,56.176247921520115,standard_primal_shadow_dual
3,September,25,212.63323372776927,0.0,212.63323372776927,6,118,1062,ok,optimal,212.63323372776927,standard_primal_shadow_dual
3,September,26,0.0,0.0,0.0,4,122,1098,ok,optimal,0.0,standard_primal_shadow_dual
3,September,27,28.486007970784346,0.0,28.486007970784346,5,120,1080,ok,optimal,28.486007970784346,standard_primal_shadow_dual
3,September,28,0.0,0.0,0.0,9,122,1098,ok,optimal,0.0,standard_primal_shadow_dual
3,September,29,0.0,0.0,0.0,3,124,1116,ok,optimal,0.0,standard_primal_shadow_dual
3,September,30,1.5,0.0,1.5,7,122,1098,ok,optimal,1.5,standard_primal_shadow_dual
3,September,31,0.0,0.0,0.0,2,126,1134,ok,optimal,0.0,standard_primal_shadow_dual
3,September,32,0.0,0.0,0.0,0,0,0,ok,empty_zero_redirection,,
3,September,33,0.0,0.0,0.0,6,124,1116,ok,optimal,0.0,standard_primal_shadow_dual
3,September,34,0.0,0.0,0.0,5,128,1152,ok,optimal,0.0,standard_primal_shadow_dual
3,September,35,0.0,0.0,0.0,3,124,1116,ok,optimal,0.0,standard_primal_shadow_dual
3,September,36,0.0,0.0,0.0,0,0,0,ok,empty_zero_redirection,,
3,September,37,0.0,0.0,0.0,0,0,0,ok,empty_zero_redirection,,
3,September,38,0.0,0.0,0.0,1,112,1008,ok,optimal,0.0,standard_primal_shadow_dual
3,September,39,0.0,0.0,0.0,1,106,954,ok,optimal,0.0,standard_primal_shadow_dual
3,September,40,0.0,0.0,0.0,0,0,0,ok,empty_zero_redirection,,
3,September,41,0.0,0.0,0.0,0,0,0,ok,empty_zero_redirection,,
3,September,42,0.0,0.0,0.0,0,0,0,ok,empty_zero_redirection,,
3,September,43,0.0,0.0,0.0,0,0,0,ok,empty_zero_redirection,,
3,September,44,0.0,0.0,0.0,0,0,0,ok,empty_zero_redirection,,
3,September,45,0.0,0.0,0.0,0,0,0,ok,empty_zero_redirection,,
3,September,46,0.0,0.0,0.0,0,0,0,ok,empty_zero_redirection,,
3,September,47,0.0,0.0,0.0,0,0,0,ok,empty_zero_redirection,,
3,September,48,0.0,0.0,0.0,0,0,0,ok,empty_zero_redirection,,
3,October,1,0.0,0.0,0.0,0,0,0,ok,empty_zero_redirection,,
3,October,2,0.0,0.0,0.0,1,90,810,ok,optimal,0.0,standard_primal_shadow_dual
3,October,3,63.6514344485616,0.0,63.6514344485616,3,92,828,ok,optimal,63.6514344485616,standard_primal_shadow_dual
3,October,4,0.0,0.0,0.0,1,90,810,ok,optimal,0.0,standard_primal_shadow_dual
3,October,5,0.0,0.0,0.0,0,0,0,ok,empty_zero_redirection,,
3,October,6,0.0,0.0,0.0,0,0,0,ok,empty_zero_redirection,,
3,October,7,0.0,0.0,0.0,0,0,0,ok,empty_zero_redirection,,
3,October,8,0.0,0.0,0.0,0,0,0,ok,empty_zero_redirection,,
3,October,9,0.0,0.0,0.0,0,0,0,ok,empty_zero_redirection,,
3,October,10,0.0,0.0,0.0,0,0,0,ok,empty_zero_redirection,,
3,October,11,0.0,0.0,0.0,0,0,0,ok,empty_zero_redirection,,
3,October,12,0.0,0.0,0.0,0,0,0,ok,empty_zero_redirection,,
3,October,13,0.0,0.0,0.0,0,0,0,ok,empty_zero_redirection,,
3,October,14,0.0,0.0,0.0,1,126,1134,ok,optimal,0.0,standard_primal_shadow_dual
3,October,15,0.0,0.0,0.0,1,126,1134,ok,optimal,0.0,standard_primal_shadow_dual
3,October,16,0.0,0.0,0.0,7,130,1170,ok,optimal,0.0,standard_primal_shadow_dual
3,October,17,55.746859313065826,0.0,55.746859313065826,12,130,1170,ok,optimal,55.746859313065826,standard_primal_shadow_dual
3,October,18,1351.0981335226925,0.0,1351.0981335226925,6,130,1170,ok,optimal,1351.0981335226925,standard_primal_shadow_dual
3,October,19,0.0,0.0,0.0,3,130,1170,ok,optimal,0.0,standard_primal_shadow_dual
3,October,20,590.1187673487424,0.0,590.1187673487424,2,130,1170,ok,optimal,590.1187673487424,standard_primal_shadow_dual
3,October,21,0.0,0.0,0.0,0,0,0,ok,empty_zero_redirection,,
3,October,22,0.0,0.0,0.0,0,0,0,ok,empty_zero_redirection,,
3,October,23,0.0,0.0,0.0,6,126,1134,ok,optimal,0.0,standard_primal_shadow_dual
3,October,24,0.0,0.0,0.0,4,126,1134,ok,optimal,0.0,standard_primal_shadow_dual
3,October,25,0.0,0.0,0.0,2,118,1062,ok,optimal,0.0,standard_primal_shadow_dual
3,October,26,0.0,0.0,0.0,2,122,1098,ok,optimal,0.0,standard_primal_shadow_dual
3,October,27,0.0,0.0,0.0,3,120,1080,ok,optimal,0.0,standard_primal_shadow_dual
3,October,28,132.1303755561538,0.0,132.1303755561538,6,122,1098,ok,optimal,132.1303755561538,standard_primal_shadow_dual
3,October,29,0.0,0.0,0.0,2,124,1116,ok,optimal,0.0,standard_primal_shadow_dual
3,October,30,45.236352499999974,0.0,45.236352499999974,5,122,1098,ok,optimal,45.236352499999974,standard_primal_shadow_dual
3,October,31,0.0,0.0,0.0,3,126,1134,ok,optimal,0.0,standard_primal_shadow_dual
3,October,32,0.0,0.0,0.0,0,0,0,ok,empty_zero_redirection,,
3,October,33,0.0,0.0,0.0,5,124,1116,ok,optimal,0.0,standard_primal_shadow_dual
3,October,34,0.0,0.0,0.0,4,128,1152,ok,optimal,0.0,standard_primal_shadow_dual
3,October,35,0.0,0.0,0.0,3,124,1116,ok,optimal,0.0,standard_primal_shadow_dual
3,October,36,0.0,0.0,0.0,0,0,0,ok,empty_zero_redirection,,
3,October,37,0.0,0.0,0.0,0,0,0,ok,empty_zero_redirection,,
3,October,38,0.0,0.0,0.0,1,112,1008,ok,optimal,0.0,standard_primal_shadow_dual
3,October,39,0.0,0.0,0.0,1,106,954,ok,optimal,0.0,standard_primal_shadow_dual
3,October,40,0.0,0.0,0.0,0,0,0,ok,empty_zero_redirection,,
3,October,41,0.0,0.0,0.0,0,0,0,ok,empty_zero_redirection,,
3,October,42,0.0,0.0,0.0,0,0,0,ok,empty_zero_redirection,,
3,October,43,0.0,0.0,0.0,0,0,0,ok,empty_zero_redirection,,
3,October,44,0.0,0.0,0.0,0,0,0,ok,empty_zero_redirection,,
3,October,45,0.0,0.0,0.0,0,0,0,ok,empty_zero_redirection,,
3,October,46,0.0,0.0,0.0,0,0,0,ok,empty_zero_redirection,,
3,October,47,0.0,0.0,0.0,0,0,0,ok,empty_zero_redirection,,
3,October,48,0.0,0.0,0.0,0,0,0,ok,empty_zero_redirection,,
3,November,1,0.0,0.0,0.0,0,0,0,ok,empty_zero_redirection,,
3,November,2,0.0,0.0,0.0,1,90,810,ok,optimal,0.0,standard_primal_shadow_dual
3,November,3,61.59816236957256,0.0,61.59816236957256,3,92,828,ok,optimal,61.59816236957256,standard_primal_shadow_dual
3,November,4,0.0,0.0,0.0,1,90,810,ok,optimal,0.0,standard_primal_shadow_dual
3,November,5,0.0,0.0,0.0,0,0,0,ok,empty_zero_redirection,,
3,November,6,0.0,0.0,0.0,0,0,0,ok,empty_zero_redirection,,
3,November,7,0.0,0.0,0.0,0,0,0,ok,empty_zero_redirection,,
3,November,8,0.0,0.0,0.0,0,0,0,ok,empty_zero_redirection,,
3,November,9,0.0,0.0,0.0,0,0,0,ok,empty_zero_redirection,,
3,November,10,0.0,0.0,0.0,0,0,0,ok,empty_zero_redirection,,
3,November,11,0.0,0.0,0.0,0,0,0,ok,empty_zero_redirection,,
3,November,12,0.0,0.0,0.0,0,0,0,ok,empty_zero_redirection,,
3,November,13,0.0,0.0,0.0,0,0,0,ok,empty_zero_redirection,,
3,November,14,0.0,0.0,0.0,1,126,1134,ok,optimal,0.0,standard_primal_shadow_dual
3,November,15,0.0,0.0,0.0,1,126,1134,ok,optimal,0.0,standard_primal_shadow_dual
3,November,16,0.0,0.0,0.0,7,130,1170,ok,optimal,0.0,standard_primal_shadow_dual
3,November,17,345.8982378345022,0.0,345.8982378345022,13,130,1170,ok,optimal,345.8982378345022,standard_primal_shadow_dual
3,November,18,705.9599677555238,0.0,705.9599677555238,7,130,1170,ok,optimal,705.9599677555238,standard_primal_shadow_dual
3,November,19,567.6532095415532,0.0,567.6532095415532,3,130,1170,ok,optimal,567.6532095415532,standard_primal_shadow_dual
3,November,20,564.0322904758671,0.0,564.0322904758671,2,130,1170,ok,optimal,564.0322904758671,standard_primal_shadow_dual
3,November,21,0.0,0.0,0.0,0,0,0,ok,empty_zero_redirection,,
3,November,22,0.0,0.0,0.0,0,0,0,ok,empty_zero_redirection,,
3,November,23,0.0,0.0,0.0,7,126,1134,ok,optimal,0.0,standard_primal_shadow_dual
3,November,24,0.0,0.0,0.0,4,126,1134,ok,optimal,0.0,standard_primal_shadow_dual
3,November,25,0.0,0.0,0.0,2,118,1062,ok,optimal,0.0,standard_primal_shadow_dual
3,November,26,0.0,0.0,0.0,2,122,1098,ok,optimal,0.0,standard_primal_shadow_dual
3,November,27,0.0,0.0,0.0,3,120,1080,ok,optimal,0.0,standard_primal_shadow_dual
3,November,28,0.0,0.0,0.0,6,122,1098,ok,optimal,0.0,standard_primal_shadow_dual
3,November,29,0.0,0.0,0.0,1,124,1116,ok,optimal,0.0,standard_primal_shadow_dual
3,November,30,115.7857286346733,0.0,115.7857286346733,4,122,1098,ok,optimal,115.7857286346733,standard_primal_shadow_dual
3,November,31,0.0,0.0,0.0,2,126,1134,ok,optimal,0.0,standard_primal_shadow_dual
3,November,32,0.0,0.0,0.0,0,0,0,ok,empty_zero_redirection,,
3,November,33,0.0,0.0,0.0,5,124,1116,ok,optimal,0.0,standard_primal_shadow_dual
3,November,34,57.11139081183134,0.0,57.11139081183134,4,128,1152,ok,optimal,57.11139081183134,standard_primal_shadow_dual
3,November,35,0.0,0.0,0.0,3,124,1116,ok,optimal,0.0,standard_primal_shadow_dual
3,November,36,0.0,0.0,0.0,0,0,0,ok,empty_zero_redirection,,
3,November,37,0.0,0.0,0.0,0,0,0,ok,empty_zero_redirection,,
3,November,38,0.0,0.0,0.0,1,112,1008,ok,optimal,0.0,standard_primal_shadow_dual
3,November,39,0.0,0.0,0.0,1,106,954,ok,optimal,0.0,standard_primal_shadow_dual
3,November,40,0.0,0.0,0.0,0,0,0,ok,empty_zero_redirection,,
3,November,41,0.0,0.0,0.0,0,0,0,ok,empty_zero_redirection,,
3,November,42,0.0,0.0,0.0,0,0,0,ok,empty_zero_redirection,,
3,November,43,0.0,0.0,0.0,0,0,0,ok,empty_zero_redirection,,
3,November,44,0.0,0.0,0.0,0,0,0,ok,empty_zero_redirection,,
3,November,45,0.0,0.0,0.0,0,0,0,ok,empty_zero_redirection,,
3,November,46,0.0,0.0,0.0,0,0,0,ok,empty_zero_redirection,,
3,November,47,0.0,0.0,0.0,0,0,0,ok,empty_zero_redirection,,
3,November,48,0.0,0.0,0.0,0,0,0,ok,empty_zero_redirection,,
3,December,1,0.0,0.0,0.0,0,0,0,ok,empty_zero_redirection,,
3,December,2,0.0,0.0,0.0,1,90,810,ok,optimal,0.0,standard_primal_shadow_dual
3,December,3,0.0,0.0,0.0,3,92,828,ok,optimal,0.0,standard_primal_shadow_dual
3,December,4,0.0,0.0,0.0,1,90,810,ok,optimal,0.0,standard_primal_shadow_dual
3,December,5,0.0,0.0,0.0,0,0,0,ok,empty_zero_redirection,,
3,December,6,0.0,0.0,0.0,0,0,0,ok,empty_zero_redirection,,
3,December,7,0.0,0.0,0.0,0,0,0,ok,empty_zero_redirection,,
3,December,8,0.0,0.0,0.0,0,0,0,ok,empty_zero_redirection,,
3,December,9,0.0,0.0,0.0,0,0,0,ok,empty_zero_redirection,,
3,December,10,0.0,0.0,0.0,0,0,0,ok,empty_zero_redirection,,
3,December,11,0.0,0.0,0.0,0,0,0,ok,empty_zero_redirection,,
3,December,12,0.0,0.0,0.0,0,0,0,ok,empty_zero_redirection,,
3,December,13,0.0,0.0,0.0,0,0,0,ok,empty_zero_redirection,,
3,December,14,0.0,0.0,0.0,1,126,1134,ok,optimal,0.0,standard_primal_shadow_dual
3,December,15,0.0,0.0,0.0,1,126,1134,ok,optimal,0.0,standard_primal_shadow_dual
3,December,16,0.0,0.0,0.0,7,130,1170,ok,optimal,0.0,standard_primal_shadow_dual
3,December,17,1330.8636241962254,0.0,1330.8636241962254,13,130,1170,ok,optimal,1330.8636241962254,standard_primal_shadow_dual
3,December,18,1813.545600926307,0.0,1813.545600926307,6,130,1170,ok,optimal,1813.545600926307,standard_primal_shadow_dual
3,December,19,0.0,0.0,0.0,3,130,1170,ok,optimal,0.0,standard_primal_shadow_dual
3,December,20,0.0,0.0,0.0,2,130,1170,ok,optimal,0.0,standard_primal_shadow_dual
3,December,21,0.0,0.0,0.0,0,0,0,ok,empty_zero_redirection,,
3,December,22,0.0,0.0,0.0,0,0,0,ok,empty_zero_redirection,,
3,December,23,18.723690000000015,0.0,18.723690000000015,7,126,1134,ok,optimal,18.723690000000015,standard_primal_shadow_dual
3,December,24,0.0,0.0,0.0,4,126,1134,ok,optimal,0.0,standard_primal_shadow_dual
3,December,25,0.0,0.0,0.0,2,118,1062,ok,optimal,0.0,standard_primal_shadow_dual
3,December,26,0.0,0.0,0.0,2,122,1098,ok,optimal,0.0,standard_primal_shadow_dual
3,December,27,0.0,0.0,0.0,3,120,1080,ok,optimal,0.0,standard_primal_shadow_dual
3,December,28,0.0,0.0,0.0,6,122,1098,ok,optimal,0.0,standard_primal_shadow_dual
3,December,29,638.6474096182556,0.0,638.6474096182556,1,124,1116,ok,optimal,638.6474096182556,standard_primal_shadow_dual
3,December,30,0.0,0.0,0.0,4,122,1098,ok,optimal,0.0,standard_primal_shadow_dual
3,December,31,0.0,0.0,0.0,2,126,1134,ok,optimal,0.0,standard_primal_shadow_dual
3,December,32,0.0,0.0,0.0,0,0,0,ok,empty_zero_redirection,,
3,December,33,27.93537933650403,0.0,27.93537933650403,5,124,1116,ok,optimal,27.93537933650403,standard_primal_shadow_dual
3,December,34,29.50755191944559,0.0,29.50755191944559,4,128,1152,ok,optimal,29.50755191944559,standard_primal_shadow_dual
3,December,35,0.0,0.0,0.0,3,124,1116,ok,optimal,0.0,standard_primal_shadow_dual
3,December,36,0.0,0.0,0.0,0,0,0,ok,empty_zero_redirection,,
3,December,37,0.0,0.0,0.0,0,0,0,ok,empty_zero_redirection,,
3,December,38,0.0,0.0,0.0,1,112,1008,ok,optimal,0.0,standard_primal_shadow_dual
3,December,39,0.0,0.0,0.0,1,106,954,ok,optimal,0.0,standard_primal_shadow_dual
3,December,40,0.0,0.0,0.0,0,0,0,ok,empty_zero_redirection,,
3,December,41,0.0,0.0,0.0,0,0,0,ok,empty_zero_redirection,,
3,December,42,0.0,0.0,0.0,0,0,0,ok,empty_zero_redirection,,
3,December,43,0.0,0.0,0.0,0,0,0,ok,empty_zero_redirection,,
3,December,44,0.0,0.0,0.0,0,0,0,ok,empty_zero_redirection,,
3,December,45,0.0,0.0,0.0,0,0,0,ok,empty_zero_redirection,,
3,December,46,0.0,0.0,0.0,0,0,0,ok,empty_zero_redirection,,
3,December,47,0.0,0.0,0.0,0,0,0,ok,empty_zero_redirection,,
3,December,48,0.0,0.0,0.0,0,0,0,ok,empty_zero_redirection,,
4,January,1,0.0,0.0,0.0,0,0,0,ok,empty_zero_redirection,,
4,January,2,0.0,0.0,0.0,1,90,810,ok,optimal,0.0,standard_primal_shadow_dual
4,January,3,0.0,0.0,0.0,2,92,828,ok,optimal,0.0,standard_primal_shadow_dual
4,January,4,0.0,0.0,0.0,1,90,810,ok,optimal,0.0,standard_primal_shadow_dual
4,January,5,0.0,0.0,0.0,0,0,0,ok,empty_zero_redirection,,
4,January,6,0.0,0.0,0.0,0,0,0,ok,empty_zero_redirection,,
4,January,7,0.0,0.0,0.0,0,0,0,ok,empty_zero_redirection,,
4,January,8,0.0,0.0,0.0,0,0,0,ok,empty_zero_redirection,,
4,January,9,0.0,0.0,0.0,0,0,0,ok,empty_zero_redirection,,
4,January,10,0.0,0.0,0.0,0,0,0,ok,empty_zero_redirection,,
4,January,11,0.0,0.0,0.0,0,0,0,ok,empty_zero_redirection,,
4,January,12,0.0,0.0,0.0,0,0,0,ok,empty_zero_redirection,,
4,January,13,0.0,0.0,0.0,0,0,0,ok,empty_zero_redirection,,
4,January,14,0.0,0.0,0.0,1,126,1134,ok,optimal,0.0,standard_primal_shadow_dual
4,January,15,0.0,0.0,0.0,1,126,1134,ok,optimal,0.0,standard_primal_shadow_dual
4,January,16,115.9108266879309,0.0,115.9108266879309,7,130,1170,ok,optimal,115.9108266879309,standard_primal_shadow_dual
4,January,17,35.111828190978365,0.0,35.111828190978365,13,130,1170,ok,optimal,35.111828190978365,standard_primal_shadow_dual
4,January,18,0.0,0.0,0.0,5,130,1170,ok,optimal,0.0,standard_primal_shadow_dual
4,January,19,0.0,0.0,0.0,2,130,1170,ok,optimal,0.0,standard_primal_shadow_dual
4,January,20,0.0,0.0,0.0,2,130,1170,ok,optimal,0.0,standard_primal_shadow_dual
4,January,21,0.0,0.0,0.0,0,0,0,ok,empty_zero_redirection,,
4,January,22,0.0,0.0,0.0,0,0,0,ok,empty_zero_redirection,,
4,January,23,0.0,0.0,0.0,6,126,1134,ok,optimal,0.0,standard_primal_shadow_dual
4,January,24,0.0,0.0,0.0,4,126,1134,ok,optimal,0.0,standard_primal_shadow_dual
4,January,25,55.106860000000005,0.0,55.106860000000005,2,118,1062,ok,optimal,55.106860000000005,standard_primal_shadow_dual
4,January,26,0.0,0.0,0.0,2,122,1098,ok,optimal,0.0,standard_primal_shadow_dual
4,January,27,0.0,0.0,0.0,3,120,1080,ok,optimal,0.0,standard_primal_shadow_dual
4,January,28,0.0,0.0,0.0,6,122,1098,ok,optimal,0.0,standard_primal_shadow_dual
4,January,29,638.6474096182545,0.0,638.6474096182545,1,124,1116,ok,optimal,638.6474096182545,standard_primal_shadow_dual
4,January,30,0.0,0.0,0.0,3,122,1098,ok,optimal,0.0,standard_primal_shadow_dual
4,January,31,0.0,0.0,0.0,4,126,1134,ok,optimal,0.0,standard_primal_shadow_dual
4,January,32,0.0,0.0,0.0,0,0,0,ok,empty_zero_redirection,,
4,January,33,0.0,0.0,0.0,5,124,1116,ok,optimal,0.0,standard_primal_shadow_dual
4,January,34,0.0,0.0,0.0,5,128,1152,ok,optimal,0.0,standard_primal_shadow_dual
4,January,35,0.0,0.0,0.0,3,124,1116,ok,optimal,0.0,standard_primal_shadow_dual
4,January,36,0.0,0.0,0.0,1,120,1080,ok,optimal,0.0,standard_primal_shadow_dual
4,January,37,0.0,0.0,0.0,0,0,0,ok,empty_zero_redirection,,
4,January,38,0.0,0.0,0.0,1,112,1008,ok,optimal,0.0,standard_primal_shadow_dual
4,January,39,0.0,0.0,0.0,1,106,954,ok,optimal,0.0,standard_primal_shadow_dual
4,January,40,0.0,0.0,0.0,0,0,0,ok,empty_zero_redirection,,
4,January,41,0.0,0.0,0.0,0,0,0,ok,empty_zero_redirection,,
4,January,42,0.0,0.0,0.0,0,0,0,ok,empty_zero_redirection,,
4,January,43,0.0,0.0,0.0,0,0,0,ok,empty_zero_redirection,,
4,January,44,0.0,0.0,0.0,0,0,0,ok,empty_zero_redirection,,
4,January,45,0.0,0.0,0.0,0,0,0,ok,empty_zero_redirection,,
4,January,46,0.0,0.0,0.0,0,0,0,ok,empty_zero_redirection,,
4,January,47,0.0,0.0,0.0,0,0,0,ok,empty_zero_redirection,,
4,January,48,0.0,0.0,0.0,0,0,0,ok,empty_zero_redirection,,
4,February,1,0.0,0.0,0.0,0,0,0,ok,empty_zero_redirection,,
4,February,2,0.0,0.0,0.0,1,90,810,ok,optimal,0.0,standard_primal_shadow_dual
4,February,3,0.0,0.0,0.0,2,92,828,ok,optimal,0.0,standard_primal_shadow_dual
4,February,4,0.0,0.0,0.0,1,90,810,ok,optimal,0.0,standard_primal_shadow_dual
4,February,5,0.0,0.0,0.0,0,0,0,ok,empty_zero_redirection,,
4,February,6,0.0,0.0,0.0,0,0,0,ok,empty_zero_redirection,,
4,February,7,0.0,0.0,0.0,0,0,0,ok,empty_zero_redirection,,
4,February,8,0.0,0.0,0.0,0,0,0,ok,empty_zero_redirection,,
4,February,9,0.0,0.0,0.0,0,0,0,ok,empty_zero_redirection,,
4,February,10,0.0,0.0,0.0,0,0,0,ok,empty_zero_redirection,,
4,February,11,0.0,0.0,0.0,0,0,0,ok,empty_zero_redirection,,
4,February,12,0.0,0.0,0.0,0,0,0,ok,empty_zero_redirection,,
4,February,13,0.0,0.0,0.0,0,0,0,ok,empty_zero_redirection,,
4,February,14,0.0,0.0,0.0,1,126,1134,ok,optimal,0.0,standard_primal_shadow_dual
4,February,15,0.0,0.0,0.0,1,126,1134,ok,optimal,0.0,standard_primal_shadow_dual
4,February,16,181.40627191432185,0.0,181.40627191432185,7,130,1170,ok,optimal,181.40627191432185,standard_primal_shadow_dual
4,February,17,0.0,0.0,0.0,12,130,1170,ok,optimal,0.0,standard_primal_shadow_dual
4,February,18,0.0,0.0,0.0,6,130,1170,ok,optimal,0.0,standard_primal_shadow_dual
4,February,19,0.0,0.0,0.0,3,130,1170,ok,optimal,0.0,standard_primal_shadow_dual
4,February,20,0.0,0.0,0.0,2,130,1170,ok,optimal,0.0,standard_primal_shadow_dual
4,February,21,0.0,0.0,0.0,0,0,0,ok,empty_zero_redirection,,
4,February,22,0.0,0.0,0.0,0,0,0,ok,empty_zero_redirection,,
4,February,23,0.0,0.0,0.0,6,126,1134,ok,optimal,0.0,standard_primal_shadow_dual
4,February,24,0.0,0.0,0.0,5,126,1134,ok,optimal,0.0,standard_primal_shadow_dual
4,February,25,0.0,0.0,0.0,2,118,1062,ok,optimal,0.0,standard_primal_shadow_dual
4,February,26,0.0,0.0,0.0,3,122,1098,ok,optimal,0.0,standard_primal_shadow_dual
4,February,27,0.0,0.0,0.0,3,120,1080,ok,optimal,0.0,standard_primal_shadow_dual
4,February,28,0.0,0.0,0.0,7,122,1098,ok,optimal,0.0,standard_primal_shadow_dual
4,February,29,0.0,0.0,0.0,2,124,1116,ok,optimal,0.0,standard_primal_shadow_dual
4,February,30,0.0,0.0,0.0,4,122,1098,ok,optimal,0.0,standard_primal_shadow_dual
4,February,31,1.4000000000000001,0.0,1.4000000000000001,3,126,1134,ok,optimal,1.4000000000000001,standard_primal_shadow_dual
4,February,32,0.0,0.0,0.0,0,0,0,ok,empty_zero_redirection,,
4,February,33,0.0,0.0,0.0,6,124,1116,ok,optimal,0.0,standard_primal_shadow_dual
4,February,34,0.0,0.0,0.0,4,128,1152,ok,optimal,0.0,standard_primal_shadow_dual
4,February,35,0.0,0.0,0.0,3,124,1116,ok,optimal,0.0,standard_primal_shadow_dual
4,February,36,0.0,0.0,0.0,1,120,1080,ok,optimal,0.0,standard_primal_shadow_dual
4,February,37,0.0,0.0,0.0,0,0,0,ok,empty_zero_redirection,,
4,February,38,0.0,0.0,0.0,1,112,1008,ok,optimal,0.0,standard_primal_shadow_dual
4,February,39,0.0,0.0,0.0,1,106,954,ok,optimal,0.0,standard_primal_shadow_dual
4,February,40,0.0,0.0,0.0,0,0,0,ok,empty_zero_redirection,,
4,February,41,0.0,0.0,0.0,0,0,0,ok,empty_zero_redirection,,
4,February,42,0.0,0.0,0.0,0,0,0,ok,empty_zero_redirection,,
4,February,43,0.0,0.0,0.0,0,0,0,ok,empty_zero_redirection,,
4,February,44,0.0,0.0,0.0,0,0,0,ok,empty_zero_redirection,,
4,February,45,0.0,0.0,0.0,0,0,0,ok,empty_zero_redirection,,
4,February,46,0.0,0.0,0.0,0,0,0,ok,empty_zero_redirection,,
4,February,47,0.0,0.0,0.0,0,0,0,ok,empty_zero_redirection,,
4,February,48,0.0,0.0,0.0,0,0,0,ok,empty_zero_redirection,,
4,March,1,0.0,0.0,0.0,0,0,0,ok,empty_zero_redirection,,
4,March,2,0.0,0.0,0.0,1,90,810,ok,optimal,0.0,standard_primal_shadow_dual
4,March,3,0.0,0.0,0.0,2,92,828,ok,optimal,0.0,standard_primal_shadow_dual
4,March,4,0.0,0.0,0.0,1,90,810,ok,optimal,0.0,standard_primal_shadow_dual
4,March,5,0.0,0.0,0.0,0,0,0,ok,empty_zero_redirection,,
4,March,6,0.0,0.0,0.0,0,0,0,ok,empty_zero_redirection,,
4,March,7,0.0,0.0,0.0,0,0,0,ok,empty_zero_redirection,,
4,March,8,0.0,0.0,0.0,0,0,0,ok,empty_zero_redirection,,
4,March,9,0.0,0.0,0.0,0,0,0,ok,empty_zero_redirection,,
4,March,10,0.0,0.0,0.0,0,0,0,ok,empty_zero_redirection,,
4,March,11,0.0,0.0,0.0,0,0,0,ok,empty_zero_redirection,,
4,March,12,0.0,0.0,0.0,0,0,0,ok,empty_zero_redirection,,
4,March,13,0.0,0.0,0.0,0,0,0,ok,empty_zero_redirection,,
4,March,14,0.0,0.0,0.0,1,126,1134,ok,optimal,0.0,standard_primal_shadow_dual
4,March,15,0.0,0.0,0.0,3,126,1134,ok,optimal,0.0,standard_primal_shadow_dual
4,March,16,0.0,0.0,0.0,8,130,1170,ok,optimal,0.0,standard_primal_shadow_dual
4,March,17,121.87832446195733,0.0,121.87832446195733,13,130,1170,ok,optimal,121.87832446195733,standard_primal_shadow_dual
4,March,18,7.993025,0.0,7.993025,7,130,1170,ok,optimal,7.993025,standard_primal_shadow_dual
4,March,19,0.0,0.0,0.0,3,130,1170,ok,optimal,0.0,standard_primal_shadow_dual
4,March,20,1.55,0.0,1.55,7,130,1170,ok,optimal,1.55,standard_primal_shadow_dual
4,March,21,0.0,0.0,0.0,2,130,1170,ok,optimal,0.0,standard_primal_shadow_dual
4,March,22,0.0,0.0,0.0,1,128,1152,ok,optimal,0.0,standard_primal_shadow_dual
4,March,23,0.0,0.0,0.0,6,126,1134,ok,optimal,0.0,standard_primal_shadow_dual
4,March,24,22.280700510493485,0.0,22.280700510493485,7,126,1134,ok,optimal,22.280700510493485,standard_primal_shadow_dual
4,March,25,0.0,0.0,0.0,2,118,1062,ok,optimal,0.0,standard_primal_shadow_dual
4,March,26,0.0,0.0,0.0,3,122,1098,ok,optimal,0.0,standard_primal_shadow_dual
4,March,27,0.0,0.0,0.0,3,120,1080,ok,optimal,0.0,standard_primal_shadow_dual
4,March,28,0.0,0.0,0.0,5,122,1098,ok,optimal,0.0,standard_primal_shadow_dual
4,March,29,0.0,0.0,0.0,3,124,1116,ok,optimal,0.0,standard_primal_shadow_dual
4,March,30,0.0,0.0,0.0,5,122,1098,ok,optimal,0.0,standard_primal_shadow_dual
4,March,31,0.0,0.0,0.0,4,126,1134,ok,optimal,0.0,standard_primal_shadow_dual
4,March,32,0.0,0.0,0.0,0,0,0,ok,empty_zero_redirection,,
4,March,33,48.71050336025266,0.0,48.71050336025266,6,124,1116,ok,optimal,48.71050336025266,standard_primal_shadow_dual
4,March,34,3.1,0.0,3.1,7,128,1152,ok,optimal,3.1,standard_primal_shadow_dual
4,March,35,0.0,0.0,0.0,3,124,1116,ok,optimal,0.0,standard_primal_shadow_dual
4,March,36,0.0,0.0,0.0,1,120,1080,ok,optimal,0.0,standard_primal_shadow_dual
4,March,37,0.0,0.0,0.0,1,108,972,ok,optimal,0.0,standard_primal_shadow_dual
4,March,38,0.0,0.0,0.0,3,112,1008,ok,optimal,0.0,standard_primal_shadow_dual
4,March,39,0.0,0.0,0.0,1,106,954,ok,optimal,0.0,standard_primal_shadow_dual
4,March,40,0.0,0.0,0.0,0,0,0,ok,empty_zero_redirection,,
4,March,41,0.0,0.0,0.0,0,0,0,ok,empty_zero_redirection,,
4,March,42,0.0,0.0,0.0,0,0,0,ok,empty_zero_redirection,,
4,March,43,0.0,0.0,0.0,0,0,0,ok,empty_zero_redirection,,
4,March,44,0.0,0.0,0.0,0,0,0,ok,empty_zero_redirection,,
4,March,45,0.0,0.0,0.0,0,0,0,ok,empty_zero_redirection,,
4,March,46,0.0,0.0,0.0,0,0,0,ok,empty_zero_redirection,,
4,March,47,0.0,0.0,0.0,0,0,0,ok,empty_zero_redirection,,
4,March,48,0.0,0.0,0.0,0,0,0,ok,empty_zero_redirection,,
4,April,1,0.0,0.0,0.0,0,0,0,ok,empty_zero_redirection,,
4,April,2,0.0,0.0,0.0,1,90,810,ok,optimal,0.0,standard_primal_shadow_dual
4,April,3,0.0,0.0,0.0,2,92,828,ok,optimal,0.0,standard_primal_shadow_dual
4,April,4,0.0,0.0,0.0,1,90,810,ok,optimal,0.0,standard_primal_shadow_dual
4,April,5,0.0,0.0,0.0,0,0,0,ok,empty_zero_redirection,,
4,April,6,0.0,0.0,0.0,0,0,0,ok,empty_zero_redirection,,
4,April,7,0.0,0.0,0.0,0,0,0,ok,empty_zero_redirection,,
4,April,8,0.0,0.0,0.0,0,0,0,ok,empty_zero_redirection,,
4,April,9,0.0,0.0,0.0,0,0,0,ok,empty_zero_redirection,,
4,April,10,0.0,0.0,0.0,0,0,0,ok,empty_zero_redirection,,
4,April,11,0.0,0.0,0.0,1,80,720,ok,optimal,0.0,standard_primal_shadow_dual
4,April,12,0.0,0.0,0.0,0,0,0,ok,empty_zero_redirection,,
4,April,13,0.0,0.0,0.0,2,118,1062,ok,optimal,0.0,standard_primal_shadow_dual
4,April,14,0.0,0.0,0.0,1,126,1134,ok,optimal,0.0,standard_primal_shadow_dual
4,April,15,0.0,0.0,0.0,2,126,1134,ok,optimal,0.0,standard_primal_shadow_dual
4,April,16,132.24160508425285,0.0,132.24160508425285,9,130,1170,ok,optimal,132.24160508425285,standard_primal_shadow_dual
4,April,17,1146.1317127801203,0.0,1146.1317127801203,14,130,1170,ok,optimal,1146.1317127801203,standard_primal_shadow_dual
4,April,18,380.0231396489849,0.0,380.0231396489849,9,130,1170,ok,optimal,380.0231396489849,standard_primal_shadow_dual
4,April,19,625.4363650559475,0.0,625.4363650559475,10,130,1170,ok,optimal,625.4363650559475,standard_primal_shadow_dual
4,April,20,42.4375875,0.0,42.4375875,9,130,1170,ok,optimal,42.4375875,standard_primal_shadow_dual
4,April,21,0.0,0.0,0.0,10,130,1170,ok,optimal,0.0,standard_primal_shadow_dual
4,April,22,0.0,0.0,0.0,7,128,1152,ok,optimal,0.0,standard_primal_shadow_dual
4,April,23,436.934967268108,0.0,436.934967268108,9,126,1134,ok,optimal,436.934967268108,standard_primal_shadow_dual
4,April,24,0.0,0.0,0.0,6,126,1134,ok,optimal,0.0,standard_primal_shadow_dual
4,April,25,0.0,0.0,0.0,5,118,1062,ok,optimal,0.0,standard_primal_shadow_dual
4,April,26,82.3210232044999,0.0,82.3210232044999,7,122,1098,ok,optimal,82.3210232044999,standard_primal_shadow_dual
4,April,27,673.3243670019053,0.0,673.3243670019053,7,120,1080,ok,optimal,673.3243670019053,standard_primal_shadow_dual
4,April,28,259.31177895308304,0.0,259.31177895308304,11,122,1098,ok,optimal,259.31177895308304,standard_primal_shadow_dual
4,April,29,0.0,0.0,0.0,10,124,1116,ok,optimal,0.0,standard_primal_shadow_dual
4,April,30,0.0,0.0,0.0,9,122,1098,ok,optimal,0.0,standard_primal_shadow_dual
4,April,31,0.0,0.0,0.0,9,126,1134,ok,optimal,0.0,standard_primal_shadow_dual
4,April,32,0.0,0.0,0.0,7,126,1134,ok,optimal,0.0,standard_primal_shadow_dual
4,April,33,0.0,0.0,0.0,6,124,1116,ok,optimal,0.0,standard_primal_shadow_dual
4,April,34,191.33732058405957,0.0,191.33732058405957,10,128,1152,ok,optimal,191.33732058405957,standard_primal_shadow_dual
4,April,35,0.0,0.0,0.0,6,124,1116,ok,optimal,0.0,standard_primal_shadow_dual
4,April,36,0.0,0.0,0.0,4,120,1080,ok,optimal,0.0,standard_primal_shadow_dual
4,April,37,0.0,0.0,0.0,2,108,972,ok,optimal,0.0,standard_primal_shadow_dual
4,April,38,0.0,0.0,0.0,3,112,1008,ok,optimal,0.0,standard_primal_shadow_dual
4,April,39,0.0,0.0,0.0,1,106,954,ok,optimal,0.0,standard_primal_shadow_dual
4,April,40,0.0,0.0,0.0,0,0,0,ok,empty_zero_redirection,,
4,April,41,0.0,0.0,0.0,0,0,0,ok,empty_zero_redirection,,
4,April,42,0.0,0.0,0.0,0,0,0,ok,empty_zero_redirection,,
4,April,43,0.0,0.0,0.0,0,0,0,ok,empty_zero_redirection,,
4,April,44,0.0,0.0,0.0,0,0,0,ok,empty_zero_redirection,,
4,April,45,0.0,0.0,0.0,0,0,0,ok,empty_zero_redirection,,
4,April,46,0.0,0.0,0.0,0,0,0,ok,empty_zero_redirection,,
4,April,47,0.0,0.0,0.0,0,0,0,ok,empty_zero_redirection,,
4,April,48,0.0,0.0,0.0,0,0,0,ok,empty_zero_redirection,,
4,May,1,0.0,0.0,0.0,0,0,0,ok,empty_zero_redirection,,
4,May,2,0.0,0.0,0.0,1,90,810,ok,optimal,0.0,standard_primal_shadow_dual
4,May,3,0.0,0.0,0.0,2,92,828,ok,optimal,0.0,standard_primal_shadow_dual
4,May,4,0.0,0.0,0.0,1,90,810,ok,optimal,0.0,standard_primal_shadow_dual
4,May,5,0.0,0.0,0.0,0,0,0,ok,empty_zero_redirection,,
4,May,6,0.0,0.0,0.0,0,0,0,ok,empty_zero_redirection,,
4,May,7,0.0,0.0,0.0,0,0,0,ok,empty_zero_redirection,,
4,May,8,0.0,0.0,0.0,0,0,0,ok,empty_zero_redirection,,
4,May,9,0.0,0.0,0.0,0,0,0,ok,empty_zero_redirection,,
4,May,10,0.0,0.0,0.0,0,0,0,ok,empty_zero_redirection,,
4,May,11,0.0,0.0,0.0,1,80,720,ok,optimal,0.0,standard_primal_shadow_dual
4,May,12,0.0,0.0,0.0,1,96,864,ok,optimal,0.0,standard_primal_shadow_dual
4,May,13,0.0,0.0,0.0,1,118,1062,ok,optimal,0.0,standard_primal_shadow_dual
4,May,14,0.0,0.0,0.0,1,126,1134,ok,optimal,0.0,standard_primal_shadow_dual
4,May,15,0.0,0.0,0.0,7,126,1134,ok,optimal,0.0,standard_primal_shadow_dual
4,May,16,290.1221695636934,0.0,290.1221695636934,11,130,1170,ok,optimal,290.1221695636934,standard_primal_shadow_dual
4,May,17,139.52399957422358,0.0,139.52399957422358,13,130,1170,ok,optimal,139.52399957422358,standard_primal_shadow_dual
4,May,18,620.202740724005,0.0,620.202740724005,9,130,1170,ok,optimal,620.202740724005,standard_primal_shadow_dual
4,May,19,1171.783963867113,0.0,1171.783963867113,15,130,1170,ok,optimal,1171.783963867113,standard_primal_shadow_dual
4,May,20,998.4666925995052,0.0,998.4666925995052,14,130,1170,ok,optimal,998.4666925995052,standard_primal_shadow_dual
4,May,21,0.0,0.0,0.0,8,130,1170,ok,optimal,0.0,standard_primal_shadow_dual
4,May,22,170.5,0.0,170.5,8,128,1152,ok,optimal,170.5,standard_primal_shadow_dual
4,May,23,0.0,0.0,0.0,7,126,1134,ok,optimal,0.0,standard_primal_shadow_dual
4,May,24,22.280700510492494,0.0,22.280700510492494,5,126,1134,ok,optimal,22.280700510492494,standard_primal_shadow_dual
4,May,25,0.0,0.0,0.0,5,118,1062,ok,optimal,0.0,standard_primal_shadow_dual
4,May,26,0.0,0.0,0.0,5,122,1098,ok,optimal,0.0,standard_primal_shadow_dual
4,May,27,0.0,0.0,0.0,4,120,1080,ok,optimal,0.0,standard_primal_shadow_dual
4,May,28,0.0,0.0,0.0,8,122,1098,ok,optimal,0.0,standard_primal_shadow_dual
4,May,29,0.0,0.0,0.0,8,124,1116,ok,optimal,0.0,standard_primal_shadow_dual
4,May,30,0.0,0.0,0.0,6,122,1098,ok,optimal,0.0,standard_primal_shadow_dual
4,May,31,1.55,0.0,1.55,8,126,1134,ok,optimal,1.55,standard_primal_shadow_dual
4,May,32,160.9093947762861,0.0,160.9093947762861,8,126,1134,ok,optimal,160.9093947762861,standard_primal_shadow_dual
4,May,33,0.0,0.0,0.0,6,124,1116,ok,optimal,0.0,standard_primal_shadow_dual
4,May,34,0.0,0.0,0.0,9,128,1152,ok,optimal,0.0,standard_primal_shadow_dual
4,May,35,34.17584375000001,0.0,34.17584375000001,7,124,1116,ok,optimal,34.17584375000001,standard_primal_shadow_dual
4,May,36,0.0,0.0,0.0,4,120,1080,ok,optimal,0.0,standard_primal_shadow_dual
4,May,37,0.0,0.0,0.0,4,108,972,ok,optimal,0.0,standard_primal_shadow_dual
4,May,38,0.0,0.0,0.0,4,112,1008,ok,optimal,0.0,standard_primal_shadow_dual
4,May,39,0.0,0.0,0.0,1,106,954,ok,optimal,0.0,standard_primal_shadow_dual
4,May,40,0.0,0.0,0.0,0,0,0,ok,empty_zero_redirection,,
4,May,41,0.0,0.0,0.0,0,0,0,ok,empty_zero_redirection,,
4,May,42,0.0,0.0,0.0,0,0,0,ok,empty_zero_redirection,,
4,May,43,0.0,0.0,0.0,0,0,0,ok,empty_zero_redirection,,
4,May,44,0.0,0.0,0.0,0,0,0,ok,empty_zero_redirection,,
4,May,45,0.0,0.0,0.0,0,0,0,ok,empty_zero_redirection,,
4,May,46,0.0,0.0,0.0,0,0,0,ok,empty_zero_redirection,,
4,May,47,0.0,0.0,0.0,0,0,0,ok,empty_zero_redirection,,
4,May,48,0.0,0.0,0.0,0,0,0,ok,empty_zero_redirection,,
4,June,1,0.0,0.0,0.0,0,0,0,ok,empty_zero_redirection,,
4,June,2,0.0,0.0,0.0,1,90,810,ok,optimal,0.0,standard_primal_shadow_dual
4,June,3,0.0,0.0,0.0,2,92,828,ok,optimal,0.0,standard_primal_shadow_dual
4,June,4,0.0,0.0,0.0,1,90,810,ok,optimal,0.0,standard_primal_shadow_dual
4,June,5,0.0,0.0,0.0,0,0,0,ok,empty_zero_redirection,,
4,June,6,0.0,0.0,0.0,0,0,0,ok,empty_zero_redirection,,
4,June,7,0.0,0.0,0.0,5,24,216,ok,optimal,0.0,standard_primal_shadow_dual
4,June,8,0.0,0.0,0.0,5,20,180,ok,optimal,0.0,standard_primal_shadow_dual
4,June,9,0.0,0.0,0.0,4,32,288,ok,optimal,0.0,standard_primal_shadow_dual
4,June,10,52.08255000000002,0.0,52.08255000000002,4,32,288,ok,optimal,52.08255000000002,standard_primal_shadow_dual
4,June,11,0.0,0.0,0.0,5,80,720,ok,optimal,0.0,standard_primal_shadow_dual
4,June,12,4.539506645288882,0.0,4.539506645288882,2,96,864,ok,optimal,4.539506645288882,standard_primal_shadow_dual
4,June,13,0.0,0.0,0.0,4,118,1062,ok,optimal,0.0,standard_primal_shadow_dual
4,June,14,0.0,0.0,0.0,3,126,1134,ok,optimal,0.0,standard_primal_shadow_dual
4,June,15,0.0,0.0,0.0,4,126,1134,ok,optimal,0.0,standard_primal_shadow_dual
4,June,16,22.203200000000002,0.0,22.203200000000002,9,130,1170,ok,optimal,22.203200000000002,standard_primal_shadow_dual
4,June,17,0.0,0.0,0.0,14,130,1170,ok,optimal,0.0,standard_primal_shadow_dual
4,June,18,0.0,0.0,0.0,8,130,1170,ok,optimal,0.0,standard_primal_shadow_dual
4,June,19,116.38065752872826,0.0,116.38065752872826,11,130,1170,ok,optimal,116.38065752872826,standard_primal_shadow_dual
4,June,20,0.0,0.0,0.0,9,130,1170,ok,optimal,0.0,standard_primal_shadow_dual
4,June,21,539.806537022943,0.0,539.806537022943,10,130,1170,ok,optimal,539.806537022943,standard_primal_shadow_dual
4,June,22,0.0,0.0,0.0,9,128,1152,ok,optimal,0.0,standard_primal_shadow_dual
4,June,23,422.79094250914164,0.0,422.79094250914164,12,126,1134,ok,optimal,422.79094250914164,standard_primal_shadow_dual
4,June,24,53.663908109992136,0.0,53.663908109992136,8,126,1134,ok,optimal,53.663908109992136,standard_primal_shadow_dual
4,June,25,105.56333284899577,0.0,105.56333284899577,10,118,1062,ok,optimal,105.56333284899577,standard_primal_shadow_dual
4,June,26,0.0,0.0,0.0,8,122,1098,ok,optimal,0.0,standard_primal_shadow_dual
4,June,27,0.0,0.0,0.0,11,120,1080,ok,optimal,0.0,standard_primal_shadow_dual
4,June,28,234.58329276558328,0.0,234.58329276558328,12,122,1098,ok,optimal,234.58329276558328,standard_primal_shadow_dual
4,June,29,0.0,0.0,0.0,11,124,1116,ok,optimal,0.0,standard_primal_shadow_dual
4,June,30,0.0,0.0,0.0,13,122,1098,ok,optimal,0.0,standard_primal_shadow_dual
4,June,31,218.2983168065481,0.0,218.2983168065481,9,126,1134,ok,optimal,218.2983168065481,standard_primal_shadow_dual
4,June,32,129.1719654335192,0.0,129.1719654335192,12,126,1134,ok,optimal,129.1719654335192,standard_primal_shadow_dual
4,June,33,0.0,0.0,0.0,8,124,1116,ok,optimal,0.0,standard_primal_shadow_dual
4,June,34,0.0,0.0,0.0,9,128,1152,ok,optimal,0.0,standard_primal_shadow_dual
4,June,35,0.0,0.0,0.0,6,124,1116,ok,optimal,0.0,standard_primal_shadow_dual
4,June,36,0.0,0.0,0.0,4,120,1080,ok,optimal,0.0,standard_primal_shadow_dual
4,June,37,0.0,0.0,0.0,3,108,972,ok,optimal,0.0,standard_primal_shadow_dual
4,June,38,0.0,0.0,0.0,3,112,1008,ok,optimal,0.0,standard_primal_shadow_dual
4,June,39,0.0,0.0,0.0,1,106,954,ok,optimal,0.0,standard_primal_shadow_dual
4,June,40,0.0,0.0,0.0,0,0,0,ok,empty_zero_redirection,,
4,June,41,0.0,0.0,0.0,0,0,0,ok,empty_zero_redirection,,
4,June,42,0.0,0.0,0.0,0,0,0,ok,empty_zero_redirection,,
4,June,43,0.0,0.0,0.0,0,0,0,ok,empty_zero_redirection,,
4,June,44,0.0,0.0,0.0,0,0,0,ok,empty_zero_redirection,,
4,June,45,0.0,0.0,0.0,0,0,0,ok,empty_zero_redirection,,
4,June,46,0.0,0.0,0.0,0,0,0,ok,empty_zero_redirection,,
4,June,47,0.0,0.0,0.0,0,0,0,ok,empty_zero_redirection,,
4,June,48,0.0,0.0,0.0,0,0,0,ok,empty_zero_redirection,,
4,July,1,0.0,0.0,0.0,0,0,0,ok,empty_zero_redirection,,
4,July,2,0.0,0.0,0.0,1,90,810,ok,optimal,0.0,standard_primal_shadow_dual
4,July,3,0.0,0.0,0.0,2,92,828,ok,optimal,0.0,standard_primal_shadow_dual
4,July,4,0.0,0.0,0.0,1,90,810,ok,optimal,0.0,standard_primal_shadow_dual
4,July,5,0.0,0.0,0.0,0,0,0,ok,empty_zero_redirection,,
4,July,6,0.0,0.0,0.0,0,0,0,ok,empty_zero_redirection,,
4,July,7,0.0,0.0,0.0,0,0,0,ok,empty_zero_redirection,,
4,July,8,0.0,0.0,0.0,0,0,0,ok,empty_zero_redirection,,
4,July,9,0.0,0.0,0.0,0,0,0,ok,empty_zero_redirection,,
4,July,10,0.0,0.0,0.0,0,0,0,ok,empty_zero_redirection,,
4,July,11,0.0,0.0,0.0,1,80,720,ok,optimal,0.0,standard_primal_shadow_dual
4,July,12,0.0,0.0,0.0,0,0,0,ok,empty_zero_redirection,,
4,July,13,0.0,0.0,0.0,1,118,1062,ok,optimal,0.0,standard_primal_shadow_dual
4,July,14,0.0,0.0,0.0,1,126,1134,ok,optimal,0.0,standard_primal_shadow_dual
4,July,15,0.0,0.0,0.0,1,126,1134,ok,optimal,0.0,standard_primal_shadow_dual
4,July,16,20.738831899129053,0.0,20.738831899129053,7,130,1170,ok,optimal,20.738831899129053,standard_primal_shadow_dual
4,July,17,0.0,0.0,0.0,12,130,1170,ok,optimal,0.0,standard_primal_shadow_dual
4,July,18,0.0,0.0,0.0,6,130,1170,ok,optimal,0.0,standard_primal_shadow_dual
4,July,19,814.2106308279032,0.0,814.2106308279032,5,130,1170,ok,optimal,814.2106308279032,standard_primal_shadow_dual
4,July,20,104.39422849850742,0.0,104.39422849850742,7,130,1170,ok,optimal,104.39422849850742,standard_primal_shadow_dual
4,July,21,0.0,0.0,0.0,2,130,1170,ok,optimal,0.0,standard_primal_shadow_dual
4,July,22,0.0,0.0,0.0,2,128,1152,ok,optimal,0.0,standard_primal_shadow_dual
4,July,23,0.0,0.0,0.0,7,126,1134,ok,optimal,0.0,standard_primal_shadow_dual
4,July,24,214.92392320006883,0.0,214.92392320006883,5,126,1134,ok,optimal,214.92392320006883,standard_primal_shadow_dual
4,July,25,0.0,0.0,0.0,3,118,1062,ok,optimal,0.0,standard_primal_shadow_dual
4,July,26,0.0,0.0,0.0,4,122,1098,ok,optimal,0.0,standard_primal_shadow_dual
4,July,27,0.0,0.0,0.0,4,120,1080,ok,optimal,0.0,standard_primal_shadow_dual
4,July,28,122.09756976421082,0.0,122.09756976421082,6,122,1098,ok,optimal,122.09756976421082,standard_primal_shadow_dual
4,July,29,0.0,0.0,0.0,3,124,1116,ok,optimal,0.0,standard_primal_shadow_dual
4,July,30,0.0,0.0,0.0,5,122,1098,ok,optimal,0.0,standard_primal_shadow_dual
4,July,31,1.55,0.0,1.55,5,126,1134,ok,optimal,1.55,standard_primal_shadow_dual
4,July,32,0.0,0.0,0.0,1,126,1134,ok,optimal,0.0,standard_primal_shadow_dual
4,July,33,27.935379336505903,0.0,27.935379336505903,6,124,1116,ok,optimal,27.935379336505903,standard_primal_shadow_dual
4,July,34,293.1286590276518,0.0,293.1286590276518,7,128,1152,ok,optimal,293.1286590276518,standard_primal_shadow_dual
4,July,35,0.0,0.0,0.0,6,124,1116,ok,optimal,0.0,standard_primal_shadow_dual
4,July,36,0.0,0.0,0.0,3,120,1080,ok,optimal,0.0,standard_primal_shadow_dual
4,July,37,0.0,0.0,0.0,2,108,972,ok,optimal,0.0,standard_primal_shadow_dual
4,July,38,0.0,0.0,0.0,3,112,1008,ok,optimal,0.0,standard_primal_shadow_dual
4,July,39,0.0,0.0,0.0,1,106,954,ok,optimal,0.0,standard_primal_shadow_dual
4,July,40,0.0,0.0,0.0,0,0,0,ok,empty_zero_redirection,,
4,July,41,0.0,0.0,0.0,0,0,0,ok,empty_zero_redirection,,
4,July,42,0.0,0.0,0.0,0,0,0,ok,empty_zero_redirection,,
4,July,43,0.0,0.0,0.0,0,0,0,ok,empty_zero_redirection,,
4,July,44,0.0,0.0,0.0,0,0,0,ok,empty_zero_redirection,,
4,July,45,0.0,0.0,0.0,0,0,0,ok,empty_zero_redirection,,
4,July,46,0.0,0.0,0.0,0,0,0,ok,empty_zero_redirection,,
4,July,47,0.0,0.0,0.0,0,0,0,ok,empty_zero_redirection,,
4,July,48,0.0,0.0,0.0,0,0,0,ok,empty_zero_redirection,,
4,August,1,0.0,0.0,0.0,0,0,0,ok,empty_zero_redirection,,
4,August,2,0.0,0.0,0.0,1,90,810,ok,optimal,0.0,standard_primal_shadow_dual
4,August,3,0.0,0.0,0.0,2,92,828,ok,optimal,0.0,standard_primal_shadow_dual
4,August,4,0.0,0.0,0.0,1,90,810,ok,optimal,0.0,standard_primal_shadow_dual
4,August,5,0.0,0.0,0.0,0,0,0,ok,empty_zero_redirection,,
4,August,6,0.0,0.0,0.0,0,0,0,ok,empty_zero_redirection,,
4,August,7,0.0,0.0,0.0,0,0,0,ok,empty_zero_redirection,,
4,August,8,0.0,0.0,0.0,0,0,0,ok,empty_zero_redirection,,
4,August,9,0.0,0.0,0.0,0,0,0,ok,empty_zero_redirection,,
4,August,10,0.0,0.0,0.0,0,0,0,ok,empty_zero_redirection,,
4,August,11,0.0,0.0,0.0,1,80,720,ok,optimal,0.0,standard_primal_shadow_dual
4,August,12,0.0,0.0,0.0,0,0,0,ok,empty_zero_redirection,,
4,August,13,0.0,0.0,0.0,0,0,0,ok,empty_zero_redirection,,
4,August,14,0.0,0.0,0.0,1,126,1134,ok,optimal,0.0,standard_primal_shadow_dual
4,August,15,0.0,0.0,0.0,1,126,1134,ok,optimal,0.0,standard_primal_shadow_dual
4,August,16,0.0,0.0,0.0,7,130,1170,ok,optimal,0.0,standard_primal_shadow_dual
4,August,17,137.25835032423737,0.0,137.25835032423737,12,130,1170,ok,optimal,137.25835032423737,standard_primal_shadow_dual
4,August,18,0.0,0.0,0.0,6,130,1170,ok,optimal,0.0,standard_primal_shadow_dual
4,August,19,387.5,0.0,387.5,3,130,1170,ok,optimal,387.5,standard_primal_shadow_dual
4,August,20,0.0,0.0,0.0,4,130,1170,ok,optimal,0.0,standard_primal_shadow_dual
4,August,21,0.0,0.0,0.0,2,130,1170,ok,optimal,0.0,standard_primal_shadow_dual
4,August,22,0.0,0.0,0.0,1,128,1152,ok,optimal,0.0,standard_primal_shadow_dual
4,August,23,0.0,0.0,0.0,7,126,1134,ok,optimal,0.0,standard_primal_shadow_dual
4,August,24,0.0,0.0,0.0,5,126,1134,ok,optimal,0.0,standard_primal_shadow_dual
4,August,25,0.0,0.0,0.0,5,118,1062,ok,optimal,0.0,standard_primal_shadow_dual
4,August,26,0.0,0.0,0.0,3,122,1098,ok,optimal,0.0,standard_primal_shadow_dual
4,August,27,0.0,0.0,0.0,3,120,1080,ok,optimal,0.0,standard_primal_shadow_dual
4,August,28,0.0,0.0,0.0,8,122,1098,ok,optimal,0.0,standard_primal_shadow_dual
4,August,29,0.0,0.0,0.0,4,124,1116,ok,optimal,0.0,standard_primal_shadow_dual
4,August,30,0.0,0.0,0.0,7,122,1098,ok,optimal,0.0,standard_primal_shadow_dual
4,August,31,3.1,0.0,3.1,5,126,1134,ok,optimal,3.1,standard_primal_shadow_dual
4,August,32,0.0,0.0,0.0,2,126,1134,ok,optimal,0.0,standard_primal_shadow_dual
4,August,33,0.0,0.0,0.0,6,124,1116,ok,optimal,0.0,standard_primal_shadow_dual
4,August,34,0.0,0.0,0.0,9,128,1152,ok,optimal,0.0,standard_primal_shadow_dual
4,August,35,737.3042223716686,0.0,737.3042223716686,5,124,1116,ok,optimal,737.3042223716686,standard_primal_shadow_dual
4,August,36,0.0,0.0,0.0,2,120,1080,ok,optimal,0.0,standard_primal_shadow_dual
4,August,37,0.0,0.0,0.0,0,0,0,ok,empty_zero_redirection,,
4,August,38,0.0,0.0,0.0,1,112,1008,ok,optimal,0.0,standard_primal_shadow_dual
4,August,39,0.0,0.0,0.0,1,106,954,ok,optimal,0.0,standard_primal_shadow_dual
4,August,40,0.0,0.0,0.0,0,0,0,ok,empty_zero_redirection,,
4,August,41,0.0,0.0,0.0,0,0,0,ok,empty_zero_redirection,,
4,August,42,0.0,0.0,0.0,0,0,0,ok,empty_zero_redirection,,
4,August,43,0.0,0.0,0.0,0,0,0,ok,empty_zero_redirection,,
4,August,44,0.0,0.0,0.0,0,0,0,ok,empty_zero_redirection,,
4,August,45,0.0,0.0,0.0,0,0,0,ok,empty_zero_redirection,,
4,August,46,0.0,0.0,0.0,0,0,0,ok,empty_zero_redirection,,
4,August,47,0.0,0.0,0.0,0,0,0,ok,empty_zero_redirection,,
4,August,48,0.0,0.0,0.0,0,0,0,ok,empty_zero_redirection,,
4,September,1,0.0,0.0,0.0,0,0,0,ok,empty_zero_redirection,,
4,September,2,15.03562683634506,0.0,15.03562683634506,1,90,810,ok,optimal,15.03562683634506,standard_primal_shadow_dual
4,September,3,0.0,0.0,0.0,2,92,828,ok,optimal,0.0,standard_primal_shadow_dual
4,September,4,0.0,0.0,0.0,1,90,810,ok,optimal,0.0,standard_primal_shadow_dual
4,September,5,0.0,0.0,0.0,0,0,0,ok,empty_zero_redirection,,
4,September,6,0.0,0.0,0.0,0,0,0,ok,empty_zero_redirection,,
4,September,7,0.0,0.0,0.0,0,0,0,ok,empty_zero_redirection,,
4,September,8,0.0,0.0,0.0,0,0,0,ok,empty_zero_redirection,,
4,September,9,0.0,0.0,0.0,0,0,0,ok,empty_zero_redirection,,
4,September,10,0.0,0.0,0.0,0,0,0,ok,empty_zero_redirection,,
4,September,11,0.0,0.0,0.0,1,80,720,ok,optimal,0.0,standard_primal_shadow_dual
4,September,12,0.0,0.0,0.0,0,0,0,ok,empty_zero_redirection,,
4,September,13,0.0,0.0,0.0,0,0,0,ok,empty_zero_redirection,,
4,September,14,0.0,0.0,0.0,1,126,1134,ok,optimal,0.0,standard_primal_shadow_dual
4,September,15,0.0,0.0,0.0,2,126,1134,ok,optimal,0.0,standard_primal_shadow_dual
4,September,16,20.069837321737793,0.0,20.069837321737793,7,130,1170,ok,optimal,20.069837321737793,standard_primal_shadow_dual
4,September,17,172.18543931622378,0.0,172.18543931622378,14,130,1170,ok,optimal,172.18543931622378,standard_primal_shadow_dual
4,September,18,0.0,0.0,0.0,6,130,1170,ok,optimal,0.0,standard_primal_shadow_dual
4,September,19,0.0,0.0,0.0,5,130,1170,ok,optimal,0.0,standard_primal_shadow_dual
4,September,20,1.7501304017814334,0.0,1.7501304017814334,5,130,1170,ok,optimal,1.7501304017814334,standard_primal_shadow_dual
4,September,21,0.0,0.0,0.0,2,130,1170,ok,optimal,0.0,standard_primal_shadow_dual
4,September,22,0.0,0.0,0.0,1,128,1152,ok,optimal,0.0,standard_primal_shadow_dual
4,September,23,27.510524855074063,0.0,27.510524855074063,7,126,1134,ok,optimal,27.510524855074063,standard_primal_shadow_dual
4,September,24,480.448059671631,0.0,480.448059671631,5,126,1134,ok,optimal,480.448059671631,standard_primal_shadow_dual
4,September,25,0.0,0.0,0.0,4,118,1062,ok,optimal,0.0,standard_primal_shadow_dual
4,September,26,0.0,0.0,0.0,5,122,1098,ok,optimal,0.0,standard_primal_shadow_dual
4,September,27,0.0,0.0,0.0,4,120,1080,ok,optimal,0.0,standard_primal_shadow_dual
4,September,28,0.0,0.0,0.0,8,122,1098,ok,optimal,0.0,standard_primal_shadow_dual
4,September,29,241.7262576017679,0.0,241.7262576017679,5,124,1116,ok,optimal,241.7262576017679,standard_primal_shadow_dual
4,September,30,0.0,0.0,0.0,7,122,1098,ok,optimal,0.0,standard_primal_shadow_dual
4,September,31,1.5,0.0,1.5,4,126,1134,ok,optimal,1.5,standard_primal_shadow_dual
4,September,32,0.0,0.0,0.0,0,0,0,ok,empty_zero_redirection,,
4,September,33,27.034238067586358,0.0,27.034238067586358,6,124,1116,ok,optimal,27.034238067586358,standard_primal_shadow_dual
4,September,34,0.0,0.0,0.0,5,128,1152,ok,optimal,0.0,standard_primal_shadow_dual
4,September,35,0.0,0.0,0.0,3,124,1116,ok,optimal,0.0,standard_primal_shadow_dual
4,September,36,0.0,0.0,0.0,1,120,1080,ok,optimal,0.0,standard_primal_shadow_dual
4,September,37,0.0,0.0,0.0,0,0,0,ok,empty_zero_redirection,,
4,September,38,0.0,0.0,0.0,1,112,1008,ok,optimal,0.0,standard_primal_shadow_dual
4,September,39,0.0,0.0,0.0,1,106,954,ok,optimal,0.0,standard_primal_shadow_dual
4,September,40,0.0,0.0,0.0,0,0,0,ok,empty_zero_redirection,,
4,September,41,0.0,0.0,0.0,0,0,0,ok,empty_zero_redirection,,
4,September,42,0.0,0.0,0.0,0,0,0,ok,empty_zero_redirection,,
4,September,43,0.0,0.0,0.0,0,0,0,ok,empty_zero_redirection,,
4,September,44,0.0,0.0,0.0,0,0,0,ok,empty_zero_redirection,,
4,September,45,0.0,0.0,0.0,0,0,0,ok,empty_zero_redirection,,
4,September,46,0.0,0.0,0.0,0,0,0,ok,empty_zero_redirection,,
4,September,47,0.0,0.0,0.0,0,0,0,ok,empty_zero_redirection,,
4,September,48,0.0,0.0,0.0,0,0,0,ok,empty_zero_redirection,,
4,October,1,0.0,0.0,0.0,0,0,0,ok,empty_zero_redirection,,
4,October,2,0.0,0.0,0.0,1,90,810,ok,optimal,0.0,standard_primal_shadow_dual
4,October,3,0.0,0.0,0.0,2,92,828,ok,optimal,0.0,standard_primal_shadow_dual
4,October,4,0.0,0.0,0.0,1,90,810,ok,optimal,0.0,standard_primal_shadow_dual
4,October,5,0.0,0.0,0.0,0,0,0,ok,empty_zero_redirection,,
4,October,6,0.0,0.0,0.0,0,0,0,ok,empty_zero_redirection,,
4,October,7,0.0,0.0,0.0,0,0,0,ok,empty_zero_redirection,,
4,October,8,0.0,0.0,0.0,0,0,0,ok,empty_zero_redirection,,
4,October,9,0.0,0.0,0.0,0,0,0,ok,empty_zero_redirection,,
4,October,10,0.0,0.0,0.0,0,0,0,ok,empty_zero_redirection,,
4,October,11,0.0,0.0,0.0,0,0,0,ok,empty_zero_redirection,,
4,October,12,0.0,0.0,0.0,0,0,0,ok,empty_zero_redirection,,
4,October,13,0.0,0.0,0.0,0,0,0,ok,empty_zero_redirection,,
4,October,14,0.0,0.0,0.0,1,126,1134,ok,optimal,0.0,standard_primal_shadow_dual
4,October,15,0.0,0.0,0.0,1,126,1134,ok,optimal,0.0,standard_primal_shadow_dual
4,October,16,169.518671302911,0.0,169.518671302911,7,130,1170,ok,optimal,169.518671302911,standard_primal_shadow_dual
4,October,17,0.0,0.0,0.0,12,130,1170,ok,optimal,0.0,standard_primal_shadow_dual
4,October,18,0.0,0.0,0.0,5,130,1170,ok,optimal,0.0,standard_primal_shadow_dual
4,October,19,0.0,0.0,0.0,2,130,1170,ok,optimal,0.0,standard_primal_shadow_dual
4,October,20,0.0,0.0,0.0,2,130,1170,ok,optimal,0.0,standard_primal_shadow_dual
4,October,21,0.0,0.0,0.0,0,0,0,ok,empty_zero_redirection,,
4,October,22,0.0,0.0,0.0,0,0,0,ok,empty_zero_redirection,,
4,October,23,0.0,0.0,0.0,6,126,1134,ok,optimal,0.0,standard_primal_shadow_dual
4,October,24,0.0,0.0,0.0,4,126,1134,ok,optimal,0.0,standard_primal_shadow_dual
4,October,25,0.0,0.0,0.0,2,118,1062,ok,optimal,0.0,standard_primal_shadow_dual
4,October,26,0.0,0.0,0.0,2,122,1098,ok,optimal,0.0,standard_primal_shadow_dual
4,October,27,0.0,0.0,0.0,3,120,1080,ok,optimal,0.0,standard_primal_shadow_dual
4,October,28,0.0,0.0,0.0,6,122,1098,ok,optimal,0.0,standard_primal_shadow_dual
4,October,29,0.0,0.0,0.0,2,124,1116,ok,optimal,0.0,standard_primal_shadow_dual
4,October,30,1.55,0.0,1.55,4,122,1098,ok,optimal,1.55,standard_primal_shadow_dual
4,October,31,0.0,0.0,0.0,3,126,1134,ok,optimal,0.0,standard_primal_shadow_dual
4,October,32,0.0,0.0,0.0,0,0,0,ok,empty_zero_redirection,,
4,October,33,400.6517743773966,0.0,400.6517743773966,5,124,1116,ok,optimal,400.6517743773966,standard_primal_shadow_dual
4,October,34,0.0,0.0,0.0,4,128,1152,ok,optimal,0.0,standard_primal_shadow_dual
4,October,35,0.0,0.0,0.0,3,124,1116,ok,optimal,0.0,standard_primal_shadow_dual
4,October,36,0.0,0.0,0.0,1,120,1080,ok,optimal,0.0,standard_primal_shadow_dual
4,October,37,0.0,0.0,0.0,0,0,0,ok,empty_zero_redirection,,
4,October,38,0.0,0.0,0.0,1,112,1008,ok,optimal,0.0,standard_primal_shadow_dual
4,October,39,0.0,0.0,0.0,1,106,954,ok,optimal,0.0,standard_primal_shadow_dual
4,October,40,0.0,0.0,0.0,0,0,0,ok,empty_zero_redirection,,
4,October,41,0.0,0.0,0.0,0,0,0,ok,empty_zero_redirection,,
4,October,42,0.0,0.0,0.0,0,0,0,ok,empty_zero_redirection,,
4,October,43,0.0,0.0,0.0,0,0,0,ok,empty_zero_redirection,,
4,October,44,0.0,0.0,0.0,0,0,0,ok,empty_zero_redirection,,
4,October,45,0.0,0.0,0.0,0,0,0,ok,empty_zero_redirection,,
4,October,46,0.0,0.0,0.0,0,0,0,ok,empty_zero_redirection,,
4,October,47,0.0,0.0,0.0,0,0,0,ok,empty_zero_redirection,,
4,October,48,0.0,0.0,0.0,0,0,0,ok,empty_zero_redirection,,
4,November,1,0.0,0.0,0.0,0,0,0,ok,empty_zero_redirection,,
4,November,2,0.0,0.0,0.0,1,90,810,ok,optimal,0.0,standard_primal_shadow_dual
4,November,3,0.0,0.0,0.0,2,92,828,ok,optimal,0.0,standard_primal_shadow_dual
4,November,4,0.0,0.0,0.0,1,90,810,ok,optimal,0.0,standard_primal_shadow_dual
4,November,5,0.0,0.0,0.0,0,0,0,ok,empty_zero_redirection,,
4,November,6,0.0,0.0,0.0,0,0,0,ok,empty_zero_redirection,,
4,November,7,0.0,0.0,0.0,0,0,0,ok,empty_zero_redirection,,
4,November,8,0.0,0.0,0.0,0,0,0,ok,empty_zero_redirection,,
4,November,9,0.0,0.0,0.0,0,0,0,ok,empty_zero_redirection,,
4,November,10,0.0,0.0,0.0,0,0,0,ok,empty_zero_redirection,,
4,November,11,0.0,0.0,0.0,0,0,0,ok,empty_zero_redirection,,
4,November,12,0.0,0.0,0.0,0,0,0,ok,empty_zero_redirection,,
4,November,13,0.0,0.0,0.0,0,0,0,ok,empty_zero_redirection,,
4,November,14,0.0,0.0,0.0,1,126,1134,ok,optimal,0.0,standard_primal_shadow_dual
4,November,15,138.78433324718605,0.0,138.78433324718605,1,126,1134,ok,optimal,138.78433324718605,standard_primal_shadow_dual
4,November,16,184.1201643890723,0.0,184.1201643890723,7,130,1170,ok,optimal,184.1201643890723,standard_primal_shadow_dual
4,November,17,186.77923513289113,0.0,186.77923513289113,12,130,1170,ok,optimal,186.77923513289113,standard_primal_shadow_dual
4,November,18,97.95776564765433,0.0,97.95776564765433,5,130,1170,ok,optimal,97.95776564765433,standard_primal_shadow_dual
4,November,19,0.0,0.0,0.0,2,130,1170,ok,optimal,0.0,standard_primal_shadow_dual
4,November,20,0.0,0.0,0.0,2,130,1170,ok,optimal,0.0,standard_primal_shadow_dual
4,November,21,0.0,0.0,0.0,0,0,0,ok,empty_zero_redirection,,
4,November,22,0.0,0.0,0.0,0,0,0,ok,empty_zero_redirection,,
4,November,23,0.0,0.0,0.0,6,126,1134,ok,optimal,0.0,standard_primal_shadow_dual
4,November,24,0.0,0.0,0.0,4,126,1134,ok,optimal,0.0,standard_primal_shadow_dual
4,November,25,0.0,0.0,0.0,2,118,1062,ok,optimal,0.0,standard_primal_shadow_dual
4,November,26,0.0,0.0,0.0,2,122,1098,ok,optimal,0.0,standard_primal_shadow_dual
4,November,27,64.43470199737789,0.0,64.43470199737789,3,120,1080,ok,optimal,64.43470199737789,standard_primal_shadow_dual
4,November,28,0.0,0.0,0.0,7,122,1098,ok,optimal,0.0,standard_primal_shadow_dual
4,November,29,0.0,0.0,0.0,1,124,1116,ok,optimal,0.0,standard_primal_shadow_dual
4,November,30,0.0,0.0,0.0,3,122,1098,ok,optimal,0.0,standard_primal_shadow_dual
4,November,31,3.0,0.0,3.0,3,126,1134,ok,optimal,3.0,standard_primal_shadow_dual
4,November,32,0.0,0.0,0.0,0,0,0,ok,empty_zero_redirection,,
4,November,33,0.0,0.0,0.0,5,124,1116,ok,optimal,0.0,standard_primal_shadow_dual
4,November,34,0.0,0.0,0.0,4,128,1152,ok,optimal,0.0,standard_primal_shadow_dual
4,November,35,0.0,0.0,0.0,3,124,1116,ok,optimal,0.0,standard_primal_shadow_dual
4,November,36,0.0,0.0,0.0,1,120,1080,ok,optimal,0.0,standard_primal_shadow_dual
4,November,37,0.0,0.0,0.0,0,0,0,ok,empty_zero_redirection,,
4,November,38,0.0,0.0,0.0,1,112,1008,ok,optimal,0.0,standard_primal_shadow_dual
4,November,39,0.0,0.0,0.0,1,106,954,ok,optimal,0.0,standard_primal_shadow_dual
4,November,40,0.0,0.0,0.0,0,0,0,ok,empty_zero_redirection,,
4,November,41,0.0,0.0,0.0,0,0,0,ok,empty_zero_redirection,,
4,November,42,0.0,0.0,0.0,0,0,0,ok,empty_zero_redirection,,
4,November,43,0.0,0.0,0.0,0,0,0,ok,empty_zero_redirection,,
4,November,44,0.0,0.0,0.0,0,0,0,ok,empty_zero_redirection,,
4,November,45,0.0,0.0,0.0,0,0,0,ok,empty_zero_redirection,,
4,November,46,0.0,0.0,0.0,0,0,0,ok,empty_zero_redirection,,
4,November,47,0.0,0.0,0.0,0,0,0,ok,empty_zero_redirection,,
4,November,48,0.0,0.0,0.0,0,0,0,ok,empty_zero_redirection,,
4,December,1,0.0,0.0,0.0,0,0,0,ok,empty_zero_redirection,,
4,December,2,15.536814397556562,0.0,15.536814397556562,1,90,810,ok,optimal,15.536814397556562,standard_primal_shadow_dual
4,December,3,0.0,0.0,0.0,2,92,828,ok,optimal,0.0,standard_primal_shadow_dual
4,December,4,0.0,0.0,0.0,1,90,810,ok,optimal,0.0,standard_primal_shadow_dual
4,December,5,0.0,0.0,0.0,0,0,0,ok,empty_zero_redirection,,
4,December,6,0.0,0.0,0.0,0,0,0,ok,empty_zero_redirection,,
4,December,7,0.0,0.0,0.0,0,0,0,ok,empty_zero_redirection,,
4,December,8,0.0,0.0,0.0,0,0,0,ok,empty_zero_redirection,,
4,December,9,0.0,0.0,0.0,0,0,0,ok,empty_zero_redirection,,
4,December,10,0.0,0.0,0.0,0,0,0,ok,empty_zero_redirection,,
4,December,11,0.0,0.0,0.0,0,0,0,ok,empty_zero_redirection,,
4,December,12,0.0,0.0,0.0,0,0,0,ok,empty_zero_redirection,,
4,December,13,0.0,0.0,0.0,0,0,0,ok,empty_zero_redirection,,
4,December,14,0.0,0.0,0.0,1,126,1134,ok,optimal,0.0,standard_primal_shadow_dual
4,December,15,0.0,0.0,0.0,1,126,1134,ok,optimal,0.0,standard_primal_shadow_dual
4,December,16,0.0,0.0,0.0,7,130,1170,ok,optimal,0.0,standard_primal_shadow_dual
4,December,17,137.25835032423794,0.0,137.25835032423794,12,130,1170,ok,optimal,137.25835032423794,standard_primal_shadow_dual
4,December,18,0.0,0.0,0.0,5,130,1170,ok,optimal,0.0,standard_primal_shadow_dual
4,December,19,0.0,0.0,0.0,2,130,1170,ok,optimal,0.0,standard_primal_shadow_dual
4,December,20,291.4166834125234,0.0,291.4166834125234,2,130,1170,ok,optimal,291.4166834125234,standard_primal_shadow_dual
4,December,21,0.0,0.0,0.0,0,0,0,ok,empty_zero_redirection,,
4,December,22,0.0,0.0,0.0,0,0,0,ok,empty_zero_redirection,,
4,December,23,0.0,0.0,0.0,7,126,1134,ok,optimal,0.0,standard_primal_shadow_dual
4,December,24,0.0,0.0,0.0,4,126,1134,ok,optimal,0.0,standard_primal_shadow_dual
4,December,25,0.0,0.0,0.0,2,118,1062,ok,optimal,0.0,standard_primal_shadow_dual
4,December,26,0.0,0.0,0.0,2,122,1098,ok,optimal,0.0,standard_primal_shadow_dual
4,December,27,0.0,0.0,0.0,3,120,1080,ok,optimal,0.0,standard_primal_shadow_dual
4,December,28,898.9447725725101,0.0,898.9447725725101,7,122,1098,ok,optimal,898.9447725725101,standard_primal_shadow_dual
4,December,29,0.0,0.0,0.0,1,124,1116,ok,optimal,0.0,standard_primal_shadow_dual
4,December,30,0.0,0.0,0.0,3,122,1098,ok,optimal,0.0,standard_primal_shadow_dual
4,December,31,0.0,0.0,0.0,4,126,1134,ok,optimal,0.0,standard_primal_shadow_dual
4,December,32,0.0,0.0,0.0,0,0,0,ok,empty_zero_redirection,,
4,December,33,0.0,0.0,0.0,5,124,1116,ok,optimal,0.0,standard_primal_shadow_dual
4,December,34,146.5643295138259,0.0,146.5643295138259,4,128,1152,ok,optimal,146.5643295138259,standard_primal_shadow_dual
4,December,35,0.0,0.0,0.0,3,124,1116,ok,optimal,0.0,standard_primal_shadow_dual
4,December,36,0.0,0.0,0.0,1,120,1080,ok,optimal,0.0,standard_primal_shadow_dual
4,December,37,0.0,0.0,0.0,0,0,0,ok,empty_zero_redirection,,
4,December,38,0.0,0.0,0.0,1,112,1008,ok,optimal,0.0,standard_primal_shadow_dual
4,December,39,0.0,0.0,0.0,1,106,954,ok,optimal,0.0,standard_primal_shadow_dual
4,December,40,0.0,0.0,0.0,0,0,0,ok,empty_zero_redirection,,
4,December,41,0.0,0.0,0.0,0,0,0,ok,empty_zero_redirection,,
4,December,42,0.0,0.0,0.0,0,0,0,ok,empty_zero_redirection,,
4,December,43,0.0,0.0,0.0,0,0,0,ok,empty_zero_redirection,,
4,December,44,0.0,0.0,0.0,0,0,0,ok,empty_zero_redirection,,
4,December,45,0.0,0.0,0.0,0,0,0,ok,empty_zero_redirection,,
4,December,46,0.0,0.0,0.0,0,0,0,ok,empty_zero_redirection,,
4,December,47,0.0,0.0,0.0,0,0,0,ok,empty_zero_redirection,,
4,December,48,0.0,0.0,0.0,0,0,0,ok,empty_zero_redirection,,
5,January,1,0.0,0.0,0.0,0,0,0,ok,empty_zero_redirection,,
5,January,2,0.0,0.0,0.0,1,90,810,ok,optimal,0.0,standard_primal_shadow_dual
5,January,3,0.0,0.0,0.0,3,92,828,ok,optimal,0.0,standard_primal_shadow_dual
5,January,4,0.0,0.0,0.0,1,90,810,ok,optimal,0.0,standard_primal_shadow_dual
5,January,5,0.0,0.0,0.0,0,0,0,ok,empty_zero_redirection,,
5,January,6,0.0,0.0,0.0,0,0,0,ok,empty_zero_redirection,,
5,January,7,0.0,0.0,0.0,0,0,0,ok,empty_zero_redirection,,
5,January,8,0.0,0.0,0.0,0,0,0,ok,empty_zero_redirection,,
5,January,9,0.0,0.0,0.0,0,0,0,ok,empty_zero_redirection,,
5,January,10,0.0,0.0,0.0,0,0,0,ok,empty_zero_redirection,,
5,January,11,0.0,0.0,0.0,0,0,0,ok,empty_zero_redirection,,
5,January,12,0.0,0.0,0.0,0,0,0,ok,empty_zero_redirection,,
5,January,13,0.0,0.0,0.0,0,0,0,ok,empty_zero_redirection,,
5,January,14,0.0,0.0,0.0,1,126,1134,ok,optimal,0.0,standard_primal_shadow_dual
5,January,15,0.0,0.0,0.0,1,126,1134,ok,optimal,0.0,standard_primal_shadow_dual
5,January,16,0.0,0.0,0.0,7,130,1170,ok,optimal,0.0,standard_primal_shadow_dual
5,January,17,0.0,0.0,0.0,13,130,1170,ok,optimal,0.0,standard_primal_shadow_dual
5,January,18,0.0,0.0,0.0,5,130,1170,ok,optimal,0.0,standard_primal_shadow_dual
5,January,19,0.0,0.0,0.0,3,130,1170,ok,optimal,0.0,standard_primal_shadow_dual
5,January,20,0.0,0.0,0.0,2,130,1170,ok,optimal,0.0,standard_primal_shadow_dual
5,January,21,0.0,0.0,0.0,0,0,0,ok,empty_zero_redirection,,
5,January,22,0.0,0.0,0.0,0,0,0,ok,empty_zero_redirection,,
5,January,23,0.0,0.0,0.0,6,126,1134,ok,optimal,0.0,standard_primal_shadow_dual
5,January,24,0.0,0.0,0.0,4,126,1134,ok,optimal,0.0,standard_primal_shadow_dual
5,January,25,0.0,0.0,0.0,2,118,1062,ok,optimal,0.0,standard_primal_shadow_dual
5,January,26,0.0,0.0,0.0,2,122,1098,ok,optimal,0.0,standard_primal_shadow_dual
5,January,27,0.0,0.0,0.0,3,120,1080,ok,optimal,0.0,standard_primal_shadow_dual
5,January,28,0.0,0.0,0.0,6,122,1098,ok,optimal,0.0,standard_primal_shadow_dual
5,January,29,0.0,0.0,0.0,1,124,1116,ok,optimal,0.0,standard_primal_shadow_dual
5,January,30,0.0,0.0,0.0,3,122,1098,ok,optimal,0.0,standard_primal_shadow_dual
5,January,31,0.0,0.0,0.0,2,126,1134,ok,optimal,0.0,standard_primal_shadow_dual
5,January,32,0.0,0.0,0.0,0,0,0,ok,empty_zero_redirection,,
5,January,33,0.0,0.0,0.0,5,124,1116,ok,optimal,0.0,standard_primal_shadow_dual
5,January,34,0.0,0.0,0.0,5,128,1152,ok,optimal,0.0,standard_primal_shadow_dual
5,January,35,0.0,0.0,0.0,3,124,1116,ok,optimal,0.0,standard_primal_shadow_dual
5,January,36,0.0,0.0,0.0,1,120,1080,ok,optimal,0.0,standard_primal_shadow_dual
5,January,37,0.0,0.0,0.0,0,0,0,ok,empty_zero_redirection,,
5,January,38,0.0,0.0,0.0,1,112,1008,ok,optimal,0.0,standard_primal_shadow_dual
5,January,39,0.0,0.0,0.0,1,106,954,ok,optimal,0.0,standard_primal_shadow_dual
5,January,40,0.0,0.0,0.0,0,0,0,ok,empty_zero_redirection,,
5,January,41,0.0,0.0,0.0,0,0,0,ok,empty_zero_redirection,,
5,January,42,0.0,0.0,0.0,0,0,0,ok,empty_zero_redirection,,
5,January,43,0.0,0.0,0.0,0,0,0,ok,empty_zero_redirection,,
5,January,44,0.0,0.0,0.0,0,0,0,ok,empty_zero_redirection,,
5,January,45,0.0,0.0,0.0,0,0,0,ok,empty_zero_redirection,,
5,January,46,0.0,0.0,0.0,0,0,0,ok,empty_zero_redirection,,
5,January,47,0.0,0.0,0.0,0,0,0,ok,empty_zero_redirection,,
5,January,48,0.0,0.0,0.0,0,0,0,ok,empty_zero_redirection,,
5,February,1,0.0,0.0,0.0,0,0,0,ok,empty_zero_redirection,,
5,February,2,0.0,0.0,0.0,1,90,810,ok,optimal,0.0,standard_primal_shadow_dual
5,February,3,0.0,0.0,0.0,3,92,828,ok,optimal,0.0,standard_primal_shadow_dual
5,February,4,0.0,0.0,0.0,1,90,810,ok,optimal,0.0,standard_primal_shadow_dual
5,February,5,0.0,0.0,0.0,0,0,0,ok,empty_zero_redirection,,
5,February,6,0.0,0.0,0.0,0,0,0,ok,empty_zero_redirection,,
5,February,7,0.0,0.0,0.0,0,0,0,ok,empty_zero_redirection,,
5,February,8,0.0,0.0,0.0,0,0,0,ok,empty_zero_redirection,,
5,February,9,0.0,0.0,0.0,0,0,0,ok,empty_zero_redirection,,
5,February,10,0.0,0.0,0.0,0,0,0,ok,empty_zero_redirection,,
5,February,11,0.0,0.0,0.0,0,0,0,ok,empty_zero_redirection,,
5,February,12,0.0,0.0,0.0,0,0,0,ok,empty_zero_redirection,,
5,February,13,0.0,0.0,0.0,0,0,0,ok,empty_zero_redirection,,
5,February,14,0.0,0.0,0.0,1,126,1134,ok,optimal,0.0,standard_primal_shadow_dual
5,February,15,0.0,0.0,0.0,1,126,1134,ok,optimal,0.0,standard_primal_shadow_dual
5,February,16,0.0,0.0,0.0,7,130,1170,ok,optimal,0.0,standard_primal_shadow_dual
5,February,17,0.0,0.0,0.0,12,130,1170,ok,optimal,0.0,standard_primal_shadow_dual
5,February,18,1529.242671151462,0.0,1529.242671151462,6,130,1170,ok,optimal,1529.242671151462,standard_primal_shadow_dual
5,February,19,495.90483111939056,0.0,495.90483111939056,3,130,1170,ok,optimal,495.90483111939056,standard_primal_shadow_dual
5,February,20,0.0,0.0,0.0,2,130,1170,ok,optimal,0.0,standard_primal_shadow_dual
5,February,21,0.0,0.0,0.0,0,0,0,ok,empty_zero_redirection,,
5,February,22,0.0,0.0,0.0,0,0,0,ok,empty_zero_redirection,,
5,February,23,0.0,0.0,0.0,6,126,1134,ok,optimal,0.0,standard_primal_shadow_dual
5,February,24,20.124503686896944,0.0,20.124503686896944,4,126,1134,ok,optimal,20.124503686896944,standard_primal_shadow_dual
5,February,25,0.0,0.0,0.0,2,118,1062,ok,optimal,0.0,standard_primal_shadow_dual
5,February,26,89.71376986159906,0.0,89.71376986159906,3,122,1098,ok,optimal,89.71376986159906,standard_primal_shadow_dual
5,February,27,0.0,0.0,0.0,3,120,1080,ok,optimal,0.0,standard_primal_shadow_dual
5,February,28,0.0,0.0,0.0,8,122,1098,ok,optimal,0.0,standard_primal_shadow_dual
5,February,29,0.0,0.0,0.0,2,124,1116,ok,optimal,0.0,standard_primal_shadow_dual
5,February,30,0.0,0.0,0.0,4,122,1098,ok,optimal,0.0,standard_primal_shadow_dual
5,February,31,0.0,0.0,0.0,2,126,1134,ok,optimal,0.0,standard_primal_shadow_dual
5,February,32,0.0,0.0,0.0,0,0,0,ok,empty_zero_redirection,,
5,February,33,0.0,0.0,0.0,6,124,1116,ok,optimal,0.0,standard_primal_shadow_dual
5,February,34,0.0,0.0,0.0,4,128,1152,ok,optimal,0.0,standard_primal_shadow_dual
5,February,35,0.0,0.0,0.0,3,124,1116,ok,optimal,0.0,standard_primal_shadow_dual
5,February,36,0.0,0.0,0.0,1,120,1080,ok,optimal,0.0,standard_primal_shadow_dual
5,February,37,0.0,0.0,0.0,0,0,0,ok,empty_zero_redirection,,
5,February,38,0.0,0.0,0.0,1,112,1008,ok,optimal,0.0,standard_primal_shadow_dual
5,February,39,0.0,0.0,0.0,1,106,954,ok,optimal,0.0,standard_primal_shadow_dual
5,February,40,0.0,0.0,0.0,0,0,0,ok,empty_zero_redirection,,
5,February,41,0.0,0.0,0.0,0,0,0,ok,empty_zero_redirection,,
5,February,42,0.0,0.0,0.0,0,0,0,ok,empty_zero_redirection,,
5,February,43,0.0,0.0,0.0,0,0,0,ok,empty_zero_redirection,,
5,February,44,0.0,0.0,0.0,0,0,0,ok,empty_zero_redirection,,
5,February,45,0.0,0.0,0.0,0,0,0,ok,empty_zero_redirection,,
5,February,46,0.0,0.0,0.0,0,0,0,ok,empty_zero_redirection,,
5,February,47,0.0,0.0,0.0,0,0,0,ok,empty_zero_redirection,,
5,February,48,0.0,0.0,0.0,0,0,0,ok,empty_zero_redirection,,
5,March,1,0.0,0.0,0.0,0,0,0,ok,empty_zero_redirection,,
5,March,2,0.0,0.0,0.0,1,90,810,ok,optimal,0.0,standard_primal_shadow_dual
5,March,3,11.714895811998124,0.0,11.714895811998124,3,92,828,ok,optimal,11.714895811998124,standard_primal_shadow_dual
5,March,4,0.0,0.0,0.0,1,90,810,ok,optimal,0.0,standard_primal_shadow_dual
5,March,5,0.0,0.0,0.0,0,0,0,ok,empty_zero_redirection,,
5,March,6,0.0,0.0,0.0,0,0,0,ok,empty_zero_redirection,,
5,March,7,0.0,0.0,0.0,0,0,0,ok,empty_zero_redirection,,
5,March,8,0.0,0.0,0.0,0,0,0,ok,empty_zero_redirection,,
5,March,9,0.0,0.0,0.0,0,0,0,ok,empty_zero_redirection,,
5,March,10,0.0,0.0,0.0,0,0,0,ok,empty_zero_redirection,,
5,March,11,0.0,0.0,0.0,0,0,0,ok,empty_zero_redirection,,
5,March,12,0.0,0.0,0.0,0,0,0,ok,empty_zero_redirection,,
5,March,13,0.0,0.0,0.0,0,0,0,ok,empty_zero_redirection,,
5,March,14,0.0,0.0,0.0,1,126,1134,ok,optimal,0.0,standard_primal_shadow_dual
5,March,15,0.0,0.0,0.0,3,126,1134,ok,optimal,0.0,standard_primal_shadow_dual
5,March,16,115.9108266879124,0.0,115.9108266879124,8,130,1170,ok,optimal,115.9108266879124,standard_primal_shadow_dual
5,March,17,0.0,0.0,0.0,13,130,1170,ok,optimal,0.0,standard_primal_shadow_dual
5,March,18,0.0,0.0,0.0,7,130,1170,ok,optimal,0.0,standard_primal_shadow_dual
5,March,19,393.07987138153425,0.0,393.07987138153425,5,130,1170,ok,optimal,393.07987138153425,standard_primal_shadow_dual
5,March,20,0.0,0.0,0.0,6,130,1170,ok,optimal,0.0,standard_primal_shadow_dual
5,March,21,0.0,0.0,0.0,2,130,1170,ok,optimal,0.0,standard_primal_shadow_dual
5,March,22,0.0,0.0,0.0,1,128,1152,ok,optimal,0.0,standard_primal_shadow_dual
5,March,23,0.0,0.0,0.0,7,126,1134,ok,optimal,0.0,standard_primal_shadow_dual
5,March,24,0.0,0.0,0.0,6,126,1134,ok,optimal,0.0,standard_primal_shadow_dual
5,March,25,0.0,0.0,0.0,3,118,1062,ok,optimal,0.0,standard_primal_shadow_dual
5,March,26,184.39101680094376,0.0,184.39101680094376,4,122,1098,ok,optimal,184.39101680094376,standard_primal_shadow_dual
5,March,27,0.0,0.0,0.0,3,120,1080,ok,optimal,0.0,standard_primal_shadow_dual
5,March,28,66.0651877780769,0.0,66.0651877780769,6,122,1098,ok,optimal,66.0651877780769,standard_primal_shadow_dual
5,March,29,0.0,0.0,0.0,3,124,1116,ok,optimal,0.0,standard_primal_shadow_dual
5,March,30,0.0,0.0,0.0,4,122,1098,ok,optimal,0.0,standard_primal_shadow_dual
5,March,31,0.0,0.0,0.0,3,126,1134,ok,optimal,0.0,standard_primal_shadow_dual
5,March,32,0.0,0.0,0.0,0,0,0,ok,empty_zero_redirection,,
5,March,33,0.0,0.0,0.0,6,124,1116,ok,optimal,0.0,standard_primal_shadow_dual
5,March,34,0.0,0.0,0.0,7,128,1152,ok,optimal,0.0,standard_primal_shadow_dual
5,March,35,0.0,0.0,0.0,3,124,1116,ok,optimal,0.0,standard_primal_shadow_dual
5,March,36,0.0,0.0,0.0,1,120,1080,ok,optimal,0.0,standard_primal_shadow_dual
5,March,37,0.0,0.0,0.0,1,108,972,ok,optimal,0.0,standard_primal_shadow_dual
5,March,38,0.0,0.0,0.0,3,112,1008,ok,optimal,0.0,standard_primal_shadow_dual
5,March,39,0.0,0.0,0.0,1,106,954,ok,optimal,0.0,standard_primal_shadow_dual
5,March,40,0.0,0.0,0.0,0,0,0,ok,empty_zero_redirection,,
5,March,41,0.0,0.0,0.0,0,0,0,ok,empty_zero_redirection,,
5,March,42,0.0,0.0,0.0,0,0,0,ok,empty_zero_redirection,,
5,March,43,0.0,0.0,0.0,0,0,0,ok,empty_zero_redirection,,
5,March,44,0.0,0.0,0.0,0,0,0,ok,empty_zero_redirection,,
5,March,45,0.0,0.0,0.0,0,0,0,ok,empty_zero_redirection,,
5,March,46,0.0,0.0,0.0,0,0,0,ok,empty_zero_redirection,,
5,March,47,0.0,0.0,0.0,0,0,0,ok,empty_zero_redirection,,
5,March,48,0.0,0.0,0.0,0,0,0,ok,empty_zero_redirection,,
5,April,1,0.0,0.0,0.0,0,0,0,ok,empty_zero_redirection,,
5,April,2,0.0,0.0,0.0,1,90,810,ok,optimal,0.0,standard_primal_shadow_dual
5,April,3,0.0,0.0,0.0,3,92,828,ok,optimal,0.0,standard_primal_shadow_dual
5,April,4,0.0,0.0,0.0,1,90,810,ok,optimal,0.0,standard_primal_shadow_dual
5,April,5,0.0,0.0,0.0,0,0,0,ok,empty_zero_redirection,,
5,April,6,0.0,0.0,0.0,0,0,0,ok,empty_zero_redirection,,
5,April,7,0.0,0.0,0.0,0,0,0,ok,empty_zero_redirection,,
5,April,8,0.0,0.0,0.0,0,0,0,ok,empty_zero_redirection,,
5,April,9,0.0,0.0,0.0,0,0,0,ok,empty_zero_redirection,,
5,April,10,0.0,0.0,0.0,0,0,0,ok,empty_zero_redirection,,
5,April,11,0.0,0.0,0.0,1,80,720,ok,optimal,0.0,standard_primal_shadow_dual
5,April,12,0.0,0.0,0.0,0,0,0,ok,empty_zero_redirection,,
5,April,13,0.0,0.0,0.0,2,118,1062,ok,optimal,0.0,standard_primal_shadow_dual
5,April,14,0.0,0.0,0.0,1,126,1134,ok,optimal,0.0,standard_primal_shadow_dual
5,April,15,3.7704407690557202,0.0,3.7704407690557202,3,126,1134,ok,optimal,3.7704407690557202,standard_primal_shadow_dual
5,April,16,164.0503270673313,0.0,164.0503270673313,8,130,1170,ok,optimal,164.0503270673313,standard_primal_shadow_dual
5,April,17,202.55735481136074,0.0,202.55735481136074,14,130,1170,ok,optimal,202.55735481136074,standard_primal_shadow_dual
5,April,18,0.0,0.0,0.0,10,130,1170,ok,optimal,0.0,standard_primal_shadow_dual
5,April,19,0.0,0.0,0.0,9,130,1170,ok,optimal,0.0,standard_primal_shadow_dual
5,April,20,0.0,0.0,0.0,8,130,1170,ok,optimal,0.0,standard_primal_shadow_dual
5,April,21,0.0,0.0,0.0,10,130,1170,ok,optimal,0.0,standard_primal_shadow_dual
5,April,22,0.0,0.0,0.0,7,128,1152,ok,optimal,0.0,standard_primal_shadow_dual
5,April,23,0.0,0.0,0.0,9,126,1134,ok,optimal,0.0,standard_primal_shadow_dual
5,April,24,0.0,0.0,0.0,7,126,1134,ok,optimal,0.0,standard_primal_shadow_dual
5,April,25,176.0121696023855,0.0,176.0121696023855,7,118,1062,ok,optimal,176.0121696023855,standard_primal_shadow_dual
5,April,26,153.66268639936942,0.0,153.66268639936942,6,122,1098,ok,optimal,153.66268639936942,standard_primal_shadow_dual
5,April,27,0.0,0.0,0.0,7,120,1080,ok,optimal,0.0,standard_primal_shadow_dual
5,April,28,0.0,0.0,0.0,11,122,1098,ok,optimal,0.0,standard_primal_shadow_dual
5,April,29,0.0,0.0,0.0,10,124,1116,ok,optimal,0.0,standard_primal_shadow_dual
5,April,30,0.0,0.0,0.0,10,122,1098,ok,optimal,0.0,standard_primal_shadow_dual
5,April,31,0.0,0.0,0.0,9,126,1134,ok,optimal,0.0,standard_primal_shadow_dual
5,April,32,0.0,0.0,0.0,7,126,1134,ok,optimal,0.0,standard_primal_shadow_dual
5,April,33,0.0,0.0,0.0,6,124,1116,ok,optimal,0.0,standard_primal_shadow_dual
5,April,34,0.0,0.0,0.0,10,128,1152,ok,optimal,0.0,standard_primal_shadow_dual
5,April,35,0.0,0.0,0.0,6,124,1116,ok,optimal,0.0,standard_primal_shadow_dual
5,April,36,0.0,0.0,0.0,4,120,1080,ok,optimal,0.0,standard_primal_shadow_dual
5,April,37,0.0,0.0,0.0,2,108,972,ok,optimal,0.0,standard_primal_shadow_dual
5,April,38,0.0,0.0,0.0,3,112,1008,ok,optimal,0.0,standard_primal_shadow_dual
5,April,39,0.0,0.0,0.0,1,106,954,ok,optimal,0.0,standard_primal_shadow_dual
5,April,40,0.0,0.0,0.0,0,0,0,ok,empty_zero_redirection,,
5,April,41,0.0,0.0,0.0,0,0,0,ok,empty_zero_redirection,,
5,April,42,0.0,0.0,0.0,0,0,0,ok,empty_zero_redirection,,
5,April,43,0.0,0.0,0.0,0,0,0,ok,empty_zero_redirection,,
5,April,44,0.0,0.0,0.0,0,0,0,ok,empty_zero_redirection,,
5,April,45,0.0,0.0,0.0,0,0,0,ok,empty_zero_redirection,,
5,April,46,0.0,0.0,0.0,0,0,0,ok,empty_zero_redirection,,
5,April,47,0.0,0.0,0.0,0,0,0,ok,empty_zero_redirection,,
5,April,48,0.0,0.0,0.0,0,0,0,ok,empty_zero_redirection,,
5,May,1,0.0,0.0,0.0,0,0,0,ok,empty_zero_redirection,,
5,May,2,0.0,0.0,0.0,1,90,810,ok,optimal,0.0,standard_primal_shadow_dual
5,May,3,0.0,0.0,0.0,3,92,828,ok,optimal,0.0,standard_primal_shadow_dual
5,May,4,0.0,0.0,0.0,1,90,810,ok,optimal,0.0,standard_primal_shadow_dual
5,May,5,0.0,0.0,0.0,0,0,0,ok,empty_zero_redirection,,
5,May,6,0.0,0.0,0.0,0,0,0,ok,empty_zero_redirection,,
5,May,7,0.0,0.0,0.0,0,0,0,ok,empty_zero_redirection,,
5,May,8,0.0,0.0,0.0,0,0,0,ok,empty_zero_redirection,,
5,May,9,0.0,0.0,0.0,0,0,0,ok,empty_zero_redirection,,
5,May,10,0.0,0.0,0.0,0,0,0,ok,empty_zero_redirection,,
5,May,11,0.0,0.0,0.0,1,80,720,ok,optimal,0.0,standard_primal_shadow_dual
5,May,12,0.0,0.0,0.0,1,96,864,ok,optimal,0.0,standard_primal_shadow_dual
5,May,13,0.0,0.0,0.0,1,118,1062,ok,optimal,0.0,standard_primal_shadow_dual
5,May,14,0.0,0.0,0.0,1,126,1134,ok,optimal,0.0,standard_primal_shadow_dual
5,May,15,0.0,0.0,0.0,7,126,1134,ok,optimal,0.0,standard_primal_shadow_dual
5,May,16,0.0,0.0,0.0,12,130,1170,ok,optimal,0.0,standard_primal_shadow_dual
5,May,17,387.5,0.0,387.5,13,130,1170,ok,optimal,387.5,standard_primal_shadow_dual
5,May,18,21.693516861283005,0.0,21.693516861283005,12,130,1170,ok,optimal,21.693516861283005,standard_primal_shadow_dual
5,May,19,0.0,0.0,0.0,15,130,1170,ok,optimal,0.0,standard_primal_shadow_dual
5,May,20,0.0,0.0,0.0,13,130,1170,ok,optimal,0.0,standard_primal_shadow_dual
5,May,21,0.0,0.0,0.0,9,130,1170,ok,optimal,0.0,standard_primal_shadow_dual
5,May,22,0.0,0.0,0.0,9,128,1152,ok,optimal,0.0,standard_primal_shadow_dual
5,May,23,0.0,0.0,0.0,6,126,1134,ok,optimal,0.0,standard_primal_shadow_dual
5,May,24,0.0,0.0,0.0,6,126,1134,ok,optimal,0.0,standard_primal_shadow_dual
5,May,25,0.0,0.0,0.0,5,118,1062,ok,optimal,0.0,standard_primal_shadow_dual
5,May,26,0.0,0.0,0.0,5,122,1098,ok,optimal,0.0,standard_primal_shadow_dual
5,May,27,0.0,0.0,0.0,4,120,1080,ok,optimal,0.0,standard_primal_shadow_dual
5,May,28,66.0651877780769,0.0,66.0651877780769,8,122,1098,ok,optimal,66.0651877780769,standard_primal_shadow_dual
5,May,29,246.29689334762523,0.0,246.29689334762523,9,124,1116,ok,optimal,246.29689334762523,standard_primal_shadow_dual
5,May,30,3.1,0.0,3.1,6,122,1098,ok,optimal,3.1,standard_primal_shadow_dual
5,May,31,0.0,0.0,0.0,7,126,1134,ok,optimal,0.0,standard_primal_shadow_dual
5,May,32,0.0,0.0,0.0,7,126,1134,ok,optimal,0.0,standard_primal_shadow_dual
5,May,33,129.98002562826736,0.0,129.98002562826736,6,124,1116,ok,optimal,129.98002562826736,standard_primal_shadow_dual
5,May,34,0.0,0.0,0.0,9,128,1152,ok,optimal,0.0,standard_primal_shadow_dual
5,May,35,0.0,0.0,0.0,6,124,1116,ok,optimal,0.0,standard_primal_shadow_dual
5,May,36,0.0,0.0,0.0,4,120,1080,ok,optimal,0.0,standard_primal_shadow_dual
5,May,37,0.0,0.0,0.0,4,108,972,ok,optimal,0.0,standard_primal_shadow_dual
5,May,38,0.0,0.0,0.0,4,112,1008,ok,optimal,0.0,standard_primal_shadow_dual
5,May,39,0.0,0.0,0.0,1,106,954,ok,optimal,0.0,standard_primal_shadow_dual
5,May,40,0.0,0.0,0.0,0,0,0,ok,empty_zero_redirection,,
5,May,41,0.0,0.0,0.0,0,0,0,ok,empty_zero_redirection,,
5,May,42,0.0,0.0,0.0,0,0,0,ok,empty_zero_redirection,,
5,May,43,0.0,0.0,0.0,0,0,0,ok,empty_zero_redirection,,
5,May,44,0.0,0.0,0.0,0,0,0,ok,empty_zero_redirection,,
5,May,45,0.0,0.0,0.0,0,0,0,ok,empty_zero_redirection,,
5,May,46,0.0,0.0,0.0,0,0,0,ok,empty_zero_redirection,,
5,May,47,0.0,0.0,0.0,0,0,0,ok,empty_zero_redirection,,
5,May,48,0.0,0.0,0.0,0,0,0,ok,empty_zero_redirection,,
5,June,1,0.0,0.0,0.0,0,0,0,ok,empty_zero_redirection,,
5,June,2,0.0,0.0,0.0,1,90,810,ok,optimal,0.0,standard_primal_shadow_dual
5,June,3,11.336995947094959,0.0,11.336995947094959,3,92,828,ok,optimal,11.336995947094959,standard_primal_shadow_dual
5,June,4,0.0,0.0,0.0,1,90,810,ok,optimal,0.0,standard_primal_shadow_dual
5,June,5,0.0,0.0,0.0,0,0,0,ok,empty_zero_redirection,,
5,June,6,0.0,0.0,0.0,0,0,0,ok,empty_zero_redirection,,
5,June,7,0.0,0.0,0.0,5,24,216,ok,optimal,0.0,standard_primal_shadow_dual
5,June,8,3.95339757444518,0.0,3.95339757444518,5,20,180,ok,optimal,3.95339757444518,standard_primal_shadow_dual
5,June,9,0.0,0.0,0.0,4,32,288,ok,optimal,0.0,standard_primal_shadow_dual
5,June,10,0.0,0.0,0.0,4,32,288,ok,optimal,0.0,standard_primal_shadow_dual
5,June,11,0.0,0.0,0.0,6,80,720,ok,optimal,0.0,standard_primal_shadow_dual
5,June,12,0.0,0.0,0.0,2,96,864,ok,optimal,0.0,standard_primal_shadow_dual
5,June,13,0.0,0.0,0.0,4,118,1062,ok,optimal,0.0,standard_primal_shadow_dual
5,June,14,0.0,0.0,0.0,3,126,1134,ok,optimal,0.0,standard_primal_shadow_dual
5,June,15,0.0,0.0,0.0,4,126,1134,ok,optimal,0.0,standard_primal_shadow_dual
5,June,16,0.0,0.0,0.0,9,130,1170,ok,optimal,0.0,standard_primal_shadow_dual
5,June,17,0.0,0.0,0.0,13,130,1170,ok,optimal,0.0,standard_primal_shadow_dual
5,June,18,330.9599677555259,0.0,330.9599677555259,8,130,1170,ok,optimal,330.9599677555259,standard_primal_shadow_dual
5,June,19,0.0,0.0,0.0,10,130,1170,ok,optimal,0.0,standard_primal_shadow_dual
5,June,20,365.40994019917116,0.0,365.40994019917116,8,130,1170,ok,optimal,365.40994019917116,standard_primal_shadow_dual
5,June,21,0.0,0.0,0.0,9,130,1170,ok,optimal,0.0,standard_primal_shadow_dual
5,June,22,16.421849022419124,0.0,16.421849022419124,9,128,1152,ok,optimal,16.421849022419124,standard_primal_shadow_dual
5,June,23,115.02550123557656,0.0,115.02550123557656,11,126,1134,ok,optimal,115.02550123557656,standard_primal_shadow_dual
5,June,24,429.3753319050365,0.0,429.3753319050365,9,126,1134,ok,optimal,429.3753319050365,standard_primal_shadow_dual
5,June,25,0.0,0.0,0.0,9,118,1062,ok,optimal,0.0,standard_primal_shadow_dual
5,June,26,0.0,0.0,0.0,9,122,1098,ok,optimal,0.0,standard_primal_shadow_dual
5,June,27,0.0,0.0,0.0,10,120,1080,ok,optimal,0.0,standard_primal_shadow_dual
5,June,28,0.0,0.0,0.0,11,122,1098,ok,optimal,0.0,standard_primal_shadow_dual
5,June,29,36.271624999999986,0.0,36.271624999999986,12,124,1116,ok,optimal,36.271624999999986,standard_primal_shadow_dual
5,June,30,0.0,0.0,0.0,12,122,1098,ok,optimal,0.0,standard_primal_shadow_dual
5,June,31,0.0,0.0,0.0,10,126,1134,ok,optimal,0.0,standard_primal_shadow_dual
5,June,32,57.3014139667436,0.0,57.3014139667436,12,126,1134,ok,optimal,57.3014139667436,standard_primal_shadow_dual
5,June,33,0.0,0.0,0.0,8,124,1116,ok,optimal,0.0,standard_primal_shadow_dual
5,June,34,0.0,0.0,0.0,9,128,1152,ok,optimal,0.0,standard_primal_shadow_dual
5,June,35,0.0,0.0,0.0,5,124,1116,ok,optimal,0.0,standard_primal_shadow_dual
5,June,36,0.0,0.0,0.0,3,120,1080,ok,optimal,0.0,standard_primal_shadow_dual
5,June,37,0.0,0.0,0.0,3,108,972,ok,optimal,0.0,standard_primal_shadow_dual
5,June,38,0.0,0.0,0.0,3,112,1008,ok,optimal,0.0,standard_primal_shadow_dual
5,June,39,0.0,0.0,0.0,1,106,954,ok,optimal,0.0,standard_primal_shadow_dual
5,June,40,0.0,0.0,0.0,0,0,0,ok,empty_zero_redirection,,
5,June,41,0.0,0.0,0.0,0,0,0,ok,empty_zero_redirection,,
5,June,42,0.0,0.0,0.0,0,0,0,ok,empty_zero_redirection,,
5,June,43,0.0,0.0,0.0,0,0,0,ok,empty_zero_redirection,,
5,June,44,0.0,0.0,0.0,0,0,0,ok,empty_zero_redirection,,
5,June,45,0.0,0.0,0.0,0,0,0,ok,empty_zero_redirection,,
5,June,46,0.0,0.0,0.0,0,0,0,ok,empty_zero_redirection,,
5,June,47,0.0,0.0,0.0,0,0,0,ok,empty_zero_redirection,,
5,June,48,0.0,0.0,0.0,0,0,0,ok,empty_zero_redirection,,
5,July,1,0.0,0.0,0.0,0,0,0,ok,empty_zero_redirection,,
5,July,2,0.0,0.0,0.0,1,90,810,ok,optimal,0.0,standard_primal_shadow_dual
5,July,3,0.0,0.0,0.0,3,92,828,ok,optimal,0.0,standard_primal_shadow_dual
5,July,4,0.0,0.0,0.0,1,90,810,ok,optimal,0.0,standard_primal_shadow_dual
5,July,5,0.0,0.0,0.0,0,0,0,ok,empty_zero_redirection,,
5,July,6,0.0,0.0,0.0,0,0,0,ok,empty_zero_redirection,,
5,July,7,0.0,0.0,0.0,0,0,0,ok,empty_zero_redirection,,
5,July,8,0.0,0.0,0.0,0,0,0,ok,empty_zero_redirection,,
5,July,9,0.0,0.0,0.0,0,0,0,ok,empty_zero_redirection,,
5,July,10,0.0,0.0,0.0,0,0,0,ok,empty_zero_redirection,,
5,July,11,0.0,0.0,0.0,1,80,720,ok,optimal,0.0,standard_primal_shadow_dual
5,July,12,0.0,0.0,0.0,0,0,0,ok,empty_zero_redirection,,
5,July,13,0.0,0.0,0.0,1,118,1062,ok,optimal,0.0,standard_primal_shadow_dual
5,July,14,0.0,0.0,0.0,1,126,1134,ok,optimal,0.0,standard_primal_shadow_dual
5,July,15,0.0,0.0,0.0,1,126,1134,ok,optimal,0.0,standard_primal_shadow_dual
5,July,16,0.0,0.0,0.0,7,130,1170,ok,optimal,0.0,standard_primal_shadow_dual
5,July,17,662.0167006484726,0.0,662.0167006484726,13,130,1170,ok,optimal,662.0167006484726,standard_primal_shadow_dual
5,July,18,0.0,0.0,0.0,6,130,1170,ok,optimal,0.0,standard_primal_shadow_dual
5,July,19,387.5,0.0,387.5,7,130,1170,ok,optimal,387.5,standard_primal_shadow_dual
5,July,20,0.0,0.0,0.0,6,130,1170,ok,optimal,0.0,standard_primal_shadow_dual
5,July,21,0.0,0.0,0.0,2,130,1170,ok,optimal,0.0,standard_primal_shadow_dual
5,July,22,0.0,0.0,0.0,2,128,1152,ok,optimal,0.0,standard_primal_shadow_dual
5,July,23,0.0,0.0,0.0,7,126,1134,ok,optimal,0.0,standard_primal_shadow_dual
5,July,24,0.0,0.0,0.0,5,126,1134,ok,optimal,0.0,standard_primal_shadow_dual
5,July,25,0.0,0.0,0.0,3,118,1062,ok,optimal,0.0,standard_primal_shadow_dual
5,July,26,0.0,0.0,0.0,4,122,1098,ok,optimal,0.0,standard_primal_shadow_dual
5,July,27,0.0,0.0,0.0,4,120,1080,ok,optimal,0.0,standard_primal_shadow_dual
5,July,28,0.0,0.0,0.0,6,122,1098,ok,optimal,0.0,standard_primal_shadow_dual
5,July,29,0.0,0.0,0.0,3,124,1116,ok,optimal,0.0,standard_primal_shadow_dual
5,July,30,0.0,0.0,0.0,5,122,1098,ok,optimal,0.0,standard_primal_shadow_dual
5,July,31,0.0,0.0,0.0,4,126,1134,ok,optimal,0.0,standard_primal_shadow_dual
5,July,32,0.0,0.0,0.0,1,126,1134,ok,optimal,0.0,standard_primal_shadow_dual
5,July,33,0.0,0.0,0.0,6,124,1116,ok,optimal,0.0,standard_primal_shadow_dual
5,July,34,0.0,0.0,0.0,7,128,1152,ok,optimal,0.0,standard_primal_shadow_dual
5,July,35,0.0,0.0,0.0,6,124,1116,ok,optimal,0.0,standard_primal_shadow_dual
5,July,36,0.0,0.0,0.0,3,120,1080,ok,optimal,0.0,standard_primal_shadow_dual
5,July,37,0.0,0.0,0.0,2,108,972,ok,optimal,0.0,standard_primal_shadow_dual
5,July,38,0.0,0.0,0.0,3,112,1008,ok,optimal,0.0,standard_primal_shadow_dual
5,July,39,0.0,0.0,0.0,1,106,954,ok,optimal,0.0,standard_primal_shadow_dual
5,July,40,0.0,0.0,0.0,0,0,0,ok,empty_zero_redirection,,
5,July,41,0.0,0.0,0.0,0,0,0,ok,empty_zero_redirection,,
5,July,42,0.0,0.0,0.0,0,0,0,ok,empty_zero_redirection,,
5,July,43,0.0,0.0,0.0,0,0,0,ok,empty_zero_redirection,,
5,July,44,0.0,0.0,0.0,0,0,0,ok,empty_zero_redirection,,
5,July,45,0.0,0.0,0.0,0,0,0,ok,empty_zero_redirection,,
5,July,46,0.0,0.0,0.0,0,0,0,ok,empty_zero_redirection,,
5,July,47,0.0,0.0,0.0,0,0,0,ok,empty_zero_redirection,,
5,July,48,0.0,0.0,0.0,0,0,0,ok,empty_zero_redirection,,
5,August,1,0.0,0.0,0.0,0,0,0,ok,empty_zero_redirection,,
5,August,2,0.0,0.0,0.0,1,90,810,ok,optimal,0.0,standard_primal_shadow_dual
5,August,3,0.0,0.0,0.0,3,92,828,ok,optimal,0.0,standard_primal_shadow_dual
5,August,4,0.0,0.0,0.0,1,90,810,ok,optimal,0.0,standard_primal_shadow_dual
5,August,5,0.0,0.0,0.0,0,0,0,ok,empty_zero_redirection,,
5,August,6,0.0,0.0,0.0,0,0,0,ok,empty_zero_redirection,,
5,August,7,0.0,0.0,0.0,0,0,0,ok,empty_zero_redirection,,
5,August,8,0.0,0.0,0.0,0,0,0,ok,empty_zero_redirection,,
5,August,9,0.0,0.0,0.0,0,0,0,ok,empty_zero_redirection,,
5,August,10,0.0,0.0,0.0,0,0,0,ok,empty_zero_redirection,,
5,August,11,0.0,0.0,0.0,1,80,720,ok,optimal,0.0,standard_primal_shadow_dual
5,August,12,0.0,0.0,0.0,0,0,0,ok,empty_zero_redirection,,
5,August,13,0.0,0.0,0.0,0,0,0,ok,empty_zero_redirection,,
5,August,14,0.0,0.0,0.0,1,126,1134,ok,optimal,0.0,standard_primal_shadow_dual
5,August,15,0.0,0.0,0.0,1,126,1134,ok,optimal,0.0,standard_primal_shadow_dual
5,August,16,0.0,0.0,0.0,7,130,1170,ok,optimal,0.0,standard_primal_shadow_dual
5,August,17,0.0,0.0,0.0,11,130,1170,ok,optimal,0.0,standard_primal_shadow_dual
5,August,18,0.0,0.0,0.0,5,130,1170,ok,optimal,0.0,standard_primal_shadow_dual
5,August,19,0.0,0.0,0.0,3,130,1170,ok,optimal,0.0,standard_primal_shadow_dual
5,August,20,0.0,0.0,0.0,4,130,1170,ok,optimal,0.0,standard_primal_shadow_dual
5,August,21,0.0,0.0,0.0,2,130,1170,ok,optimal,0.0,standard_primal_shadow_dual
5,August,22,0.0,0.0,0.0,1,128,1152,ok,optimal,0.0,standard_primal_shadow_dual
5,August,23,0.0,0.0,0.0,6,126,1134,ok,optimal,0.0,standard_primal_shadow_dual
5,August,24,0.0,0.0,0.0,5,126,1134,ok,optimal,0.0,standard_primal_shadow_dual
5,August,25,0.0,0.0,0.0,5,118,1062,ok,optimal,0.0,standard_primal_shadow_dual
5,August,26,0.0,0.0,0.0,3,122,1098,ok,optimal,0.0,standard_primal_shadow_dual
5,August,27,0.0,0.0,0.0,3,120,1080,ok,optimal,0.0,standard_primal_shadow_dual
5,August,28,66.0651877780769,0.0,66.0651877780769,8,122,1098,ok,optimal,66.0651877780769,standard_primal_shadow_dual
5,August,29,0.0,0.0,0.0,4,124,1116,ok,optimal,0.0,standard_primal_shadow_dual
5,August,30,0.0,0.0,0.0,7,122,1098,ok,optimal,0.0,standard_primal_shadow_dual
5,August,31,0.0,0.0,0.0,4,126,1134,ok,optimal,0.0,standard_primal_shadow_dual
5,August,32,0.0,0.0,0.0,1,126,1134,ok,optimal,0.0,standard_primal_shadow_dual
5,August,33,0.0,0.0,0.0,6,124,1116,ok,optimal,0.0,standard_primal_shadow_dual
5,August,34,0.0,0.0,0.0,9,128,1152,ok,optimal,0.0,standard_primal_shadow_dual
5,August,35,0.0,0.0,0.0,4,124,1116,ok,optimal,0.0,standard_primal_shadow_dual
5,August,36,0.0,0.0,0.0,3,120,1080,ok,optimal,0.0,standard_primal_shadow_dual
5,August,37,0.0,0.0,0.0,0,0,0,ok,empty_zero_redirection,,
5,August,38,0.0,0.0,0.0,1,112,1008,ok,optimal,0.0,standard_primal_shadow_dual
5,August,39,0.0,0.0,0.0,1,106,954,ok,optimal,0.0,standard_primal_shadow_dual
5,August,40,0.0,0.0,0.0,0,0,0,ok,empty_zero_redirection,,
5,August,41,0.0,0.0,0.0,0,0,0,ok,empty_zero_redirection,,
5,August,42,0.0,0.0,0.0,0,0,0,ok,empty_zero_redirection,,
5,August,43,0.0,0.0,0.0,0,0,0,ok,empty_zero_redirection,,
5,August,44,0.0,0.0,0.0,0,0,0,ok,empty_zero_redirection,,
5,August,45,0.0,0.0,0.0,0,0,0,ok,empty_zero_redirection,,
5,August,46,0.0,0.0,0.0,0,0,0,ok,empty_zero_redirection,,
5,August,47,0.0,0.0,0.0,0,0,0,ok,empty_zero_redirection,,
5,August,48,0.0,0.0,0.0,0,0,0,ok,empty_zero_redirection,,
5,September,1,0.0,0.0,0.0,0,0,0,ok,empty_zero_redirection,,
5,September,2,0.0,0.0,0.0,1,90,810,ok,optimal,0.0,standard_primal_shadow_dual
5,September,3,35.61307532294599,0.0,35.61307532294599,3,92,828,ok,optimal,35.61307532294599,standard_primal_shadow_dual
5,September,4,0.0,0.0,0.0,1,90,810,ok,optimal,0.0,standard_primal_shadow_dual
5,September,5,0.0,0.0,0.0,0,0,0,ok,empty_zero_redirection,,
5,September,6,0.0,0.0,0.0,0,0,0,ok,empty_zero_redirection,,
5,September,7,0.0,0.0,0.0,0,0,0,ok,empty_zero_redirection,,
5,September,8,0.0,0.0,0.0,0,0,0,ok,empty_zero_redirection,,
5,September,9,0.0,0.0,0.0,0,0,0,ok,empty_zero_redirection,,
5,September,10,0.0,0.0,0.0,0,0,0,ok,empty_zero_redirection,,
5,September,11,0.0,0.0,0.0,1,80,720,ok,optimal,0.0,standard_primal_shadow_dual
5,September,12,0.0,0.0,0.0,0,0,0,ok,empty_zero_redirection,,
5,September,13,0.0,0.0,0.0,0,0,0,ok,empty_zero_redirection,,
5,September,14,0.0,0.0,0.0,1,126,1134,ok,optimal,0.0,standard_primal_shadow_dual
5,September,15,0.0,0.0,0.0,2,126,1134,ok,optimal,0.0,standard_primal_shadow_dual
5,September,16,0.0,0.0,0.0,7,130,1170,ok,optimal,0.0,standard_primal_shadow_dual
5,September,17,1039.7376572483101,0.0,1039.7376572483101,14,130,1170,ok,optimal,1039.7376572483101,standard_primal_shadow_dual
5,September,18,0.0,0.0,0.0,6,130,1170,ok,optimal,0.0,standard_primal_shadow_dual
5,September,19,0.0,0.0,0.0,6,130,1170,ok,optimal,0.0,standard_primal_shadow_dual
5,September,20,0.0,0.0,0.0,4,130,1170,ok,optimal,0.0,standard_primal_shadow_dual
5,September,21,0.0,0.0,0.0,2,130,1170,ok,optimal,0.0,standard_primal_shadow_dual
5,September,22,0.0,0.0,0.0,1,128,1152,ok,optimal,0.0,standard_primal_shadow_dual
5,September,23,0.0,0.0,0.0,6,126,1134,ok,optimal,0.0,standard_primal_shadow_dual
5,September,24,0.0,0.0,0.0,5,126,1134,ok,optimal,0.0,standard_primal_shadow_dual
5,September,25,0.0,0.0,0.0,4,118,1062,ok,optimal,0.0,standard_primal_shadow_dual
5,September,26,468.4771149999966,0.0,468.4771149999966,5,122,1098,ok,optimal,468.4771149999966,standard_primal_shadow_dual
5,September,27,0.0,0.0,0.0,4,120,1080,ok,optimal,0.0,standard_primal_shadow_dual
5,September,28,127.86810537692304,0.0,127.86810537692304,9,122,1098,ok,optimal,127.86810537692304,standard_primal_shadow_dual
5,September,29,0.0,0.0,0.0,4,124,1116,ok,optimal,0.0,standard_primal_shadow_dual
5,September,30,0.0,0.0,0.0,7,122,1098,ok,optimal,0.0,standard_primal_shadow_dual
5,September,31,0.0,0.0,0.0,2,126,1134,ok,optimal,0.0,standard_primal_shadow_dual
5,September,32,0.0,0.0,0.0,0,0,0,ok,empty_zero_redirection,,
5,September,33,0.0,0.0,0.0,6,124,1116,ok,optimal,0.0,standard_primal_shadow_dual
5,September,34,191.33732058405116,0.0,191.33732058405116,5,128,1152,ok,optimal,191.33732058405116,standard_primal_shadow_dual
5,September,35,0.0,0.0,0.0,3,124,1116,ok,optimal,0.0,standard_primal_shadow_dual
5,September,36,0.0,0.0,0.0,1,120,1080,ok,optimal,0.0,standard_primal_shadow_dual
5,September,37,0.0,0.0,0.0,0,0,0,ok,empty_zero_redirection,,
5,September,38,0.0,0.0,0.0,1,112,1008,ok,optimal,0.0,standard_primal_shadow_dual
5,September,39,0.0,0.0,0.0,1,106,954,ok,optimal,0.0,standard_primal_shadow_dual
5,September,40,0.0,0.0,0.0,0,0,0,ok,empty_zero_redirection,,
5,September,41,0.0,0.0,0.0,0,0,0,ok,empty_zero_redirection,,
5,September,42,0.0,0.0,0.0,0,0,0,ok,empty_zero_redirection,,
5,September,43,0.0,0.0,0.0,0,0,0,ok,empty_zero_redirection,,
5,September,44,0.0,0.0,0.0,0,0,0,ok,empty_zero_redirection,,
5,September,45,0.0,0.0,0.0,0,0,0,ok,empty_zero_redirection,,
5,September,46,0.0,0.0,0.0,0,0,0,ok,empty_zero_redirection,,
5,September,47,0.0,0.0,0.0,0,0,0,ok,empty_zero_redirection,,
5,September,48,0.0,0.0,0.0,0,0,0,ok,empty_zero_redirection,,
5,October,1,0.0,0.0,0.0,0,0,0,ok,empty_zero_redirection,,
5,October,2,0.0,0.0,0.0,1,90,810,ok,optimal,0.0,standard_primal_shadow_dual
5,October,3,0.0,0.0,0.0,3,92,828,ok,optimal,0.0,standard_primal_shadow_dual
5,October,4,0.0,0.0,0.0,1,90,810,ok,optimal,0.0,standard_primal_shadow_dual
5,October,5,0.0,0.0,0.0,0,0,0,ok,empty_zero_redirection,,
5,October,6,0.0,0.0,0.0,0,0,0,ok,empty_zero_redirection,,
5,October,7,0.0,0.0,0.0,0,0,0,ok,empty_zero_redirection,,
5,October,8,0.0,0.0,0.0,0,0,0,ok,empty_zero_redirection,,
5,October,9,0.0,0.0,0.0,0,0,0,ok,empty_zero_redirection,,
5,October,10,0.0,0.0,0.0,0,0,0,ok,empty_zero_redirection,,
5,October,11,0.0,0.0,0.0,0,0,0,ok,empty_zero_redirection,,
5,October,12,0.0,0.0,0.0,0,0,0,ok,empty_zero_redirection,,
5,October,13,0.0,0.0,0.0,0,0,0,ok,empty_zero_redirection,,
5,October,14,0.0,0.0,0.0,1,126,1134,ok,optimal,0.0,standard_primal_shadow_dual
5,October,15,0.0,0.0,0.0,1,126,1134,ok,optimal,0.0,standard_primal_shadow_dual
5,October,16,94.31717464861836,0.0,94.31717464861836,7,130,1170,ok,optimal,94.31717464861836,standard_primal_shadow_dual
5,October,17,1530.1510928661453,0.0,1530.1510928661453,13,130,1170,ok,optimal,1530.1510928661453,standard_primal_shadow_dual
5,October,18,0.0,0.0,0.0,6,130,1170,ok,optimal,0.0,standard_primal_shadow_dual
5,October,19,0.0,0.0,0.0,3,130,1170,ok,optimal,0.0,standard_primal_shadow_dual
5,October,20,0.0,0.0,0.0,2,130,1170,ok,optimal,0.0,standard_primal_shadow_dual
5,October,21,0.0,0.0,0.0,0,0,0,ok,empty_zero_redirection,,
5,October,22,0.0,0.0,0.0,0,0,0,ok,empty_zero_redirection,,
5,October,23,0.0,0.0,0.0,6,126,1134,ok,optimal,0.0,standard_primal_shadow_dual
5,October,24,0.0,0.0,0.0,4,126,1134,ok,optimal,0.0,standard_primal_shadow_dual
5,October,25,0.0,0.0,0.0,2,118,1062,ok,optimal,0.0,standard_primal_shadow_dual
5,October,26,0.0,0.0,0.0,2,122,1098,ok,optimal,0.0,standard_primal_shadow_dual
5,October,27,0.0,0.0,0.0,3,120,1080,ok,optimal,0.0,standard_primal_shadow_dual
5,October,28,0.0,0.0,0.0,6,122,1098,ok,optimal,0.0,standard_primal_shadow_dual
5,October,29,0.0,0.0,0.0,2,124,1116,ok,optimal,0.0,standard_primal_shadow_dual
5,October,30,0.0,0.0,0.0,4,122,1098,ok,optimal,0.0,standard_primal_shadow_dual
5,October,31,0.0,0.0,0.0,2,126,1134,ok,optimal,0.0,standard_primal_shadow_dual
5,October,32,0.0,0.0,0.0,0,0,0,ok,empty_zero_redirection,,
5,October,33,0.0,0.0,0.0,5,124,1116,ok,optimal,0.0,standard_primal_shadow_dual
5,October,34,0.0,0.0,0.0,4,128,1152,ok,optimal,0.0,standard_primal_shadow_dual
5,October,35,0.0,0.0,0.0,3,124,1116,ok,optimal,0.0,standard_primal_shadow_dual
5,October,36,0.0,0.0,0.0,1,120,1080,ok,optimal,0.0,standard_primal_shadow_dual
5,October,37,0.0,0.0,0.0,0,0,0,ok,empty_zero_redirection,,
5,October,38,0.0,0.0,0.0,1,112,1008,ok,optimal,0.0,standard_primal_shadow_dual
5,October,39,0.0,0.0,0.0,1,106,954,ok,optimal,0.0,standard_primal_shadow_dual
5,October,40,0.0,0.0,0.0,0,0,0,ok,empty_zero_redirection,,
5,October,41,0.0,0.0,0.0,0,0,0,ok,empty_zero_redirection,,
5,October,42,0.0,0.0,0.0,0,0,0,ok,empty_zero_redirection,,
5,October,43,0.0,0.0,0.0,0,0,0,ok,empty_zero_redirection,,
5,October,44,0.0,0.0,0.0,0,0,0,ok,empty_zero_redirection,,
5,October,45,0.0,0.0,0.0,0,0,0,ok,empty_zero_redirection,,
5,October,46,0.0,0.0,0.0,0,0,0,ok,empty_zero_redirection,,
5,October,47,0.0,0.0,0.0,0,0,0,ok,empty_zero_redirection,,
5,October,48,0.0,0.0,0.0,0,0,0,ok,empty_zero_redirection,,
5,November,1,0.0,0.0,0.0,0,0,0,ok,empty_zero_redirection,,
5,November,2,0.0,0.0,0.0,1,90,810,ok,optimal,0.0,standard_primal_shadow_dual
5,November,3,0.0,0.0,0.0,3,92,828,ok,optimal,0.0,standard_primal_shadow_dual
5,November,4,0.0,0.0,0.0,1,90,810,ok,optimal,0.0,standard_primal_shadow_dual
5,November,5,0.0,0.0,0.0,0,0,0,ok,empty_zero_redirection,,
5,November,6,0.0,0.0,0.0,0,0,0,ok,empty_zero_redirection,,
5,November,7,0.0,0.0,0.0,0,0,0,ok,empty_zero_redirection,,
5,November,8,0.0,0.0,0.0,0,0,0,ok,empty_zero_redirection,,
5,November,9,0.0,0.0,0.0,0,0,0,ok,empty_zero_redirection,,
5,November,10,0.0,0.0,0.0,0,0,0,ok,empty_zero_redirection,,
5,November,11,0.0,0.0,0.0,0,0,0,ok,empty_zero_redirection,,
5,November,12,0.0,0.0,0.0,0,0,0,ok,empty_zero_redirection,,
5,November,13,0.0,0.0,0.0,0,0,0,ok,empty_zero_redirection,,
5,November,14,0.0,0.0,0.0,1,126,1134,ok,optimal,0.0,standard_primal_shadow_dual
5,November,15,0.0,0.0,0.0,1,126,1134,ok,optimal,0.0,standard_primal_shadow_dual
5,November,16,0.0,0.0,0.0,7,130,1170,ok,optimal,0.0,standard_primal_shadow_dual
5,November,17,0.0,0.0,0.0,11,130,1170,ok,optimal,0.0,standard_primal_shadow_dual
5,November,18,0.0,0.0,0.0,5,130,1170,ok,optimal,0.0,standard_primal_shadow_dual
5,November,19,375.0,0.0,375.0,4,130,1170,ok,optimal,375.0,standard_primal_shadow_dual
5,November,20,0.0,0.0,0.0,2,130,1170,ok,optimal,0.0,standard_primal_shadow_dual
5,November,21,0.0,0.0,0.0,0,0,0,ok,empty_zero_redirection,,
5,November,22,0.0,0.0,0.0,0,0,0,ok,empty_zero_redirection,,
5,November,23,0.0,0.0,0.0,6,126,1134,ok,optimal,0.0,standard_primal_shadow_dual
5,November,24,0.0,0.0,0.0,4,126,1134,ok,optimal,0.0,standard_primal_shadow_dual
5,November,25,0.0,0.0,0.0,2,118,1062,ok,optimal,0.0,standard_primal_shadow_dual
5,November,26,0.0,0.0,0.0,2,122,1098,ok,optimal,0.0,standard_primal_shadow_dual
5,November,27,0.0,0.0,0.0,3,120,1080,ok,optimal,0.0,standard_primal_shadow_dual
5,November,28,63.93405268846152,0.0,63.93405268846152,6,122,1098,ok,optimal,63.93405268846152,standard_primal_shadow_dual
5,November,29,0.0,0.0,0.0,1,124,1116,ok,optimal,0.0,standard_primal_shadow_dual
5,November,30,0.0,0.0,0.0,3,122,1098,ok,optimal,0.0,standard_primal_shadow_dual
5,November,31,0.0,0.0,0.0,2,126,1134,ok,optimal,0.0,standard_primal_shadow_dual
5,November,32,0.0,0.0,0.0,0,0,0,ok,empty_zero_redirection,,
5,November,33,0.0,0.0,0.0,5,124,1116,ok,optimal,0.0,standard_primal_shadow_dual
5,November,34,0.0,0.0,0.0,4,128,1152,ok,optimal,0.0,standard_primal_shadow_dual
5,November,35,0.0,0.0,0.0,3,124,1116,ok,optimal,0.0,standard_primal_shadow_dual
5,November,36,0.0,0.0,0.0,1,120,1080,ok,optimal,0.0,standard_primal_shadow_dual
5,November,37,0.0,0.0,0.0,0,0,0,ok,empty_zero_redirection,,
5,November,38,0.0,0.0,0.0,1,112,1008,ok,optimal,0.0,standard_primal_shadow_dual
5,November,39,0.0,0.0,0.0,1,106,954,ok,optimal,0.0,standard_primal_shadow_dual
5,November,40,0.0,0.0,0.0,0,0,0,ok,empty_zero_redirection,,
5,November,41,0.0,0.0,0.0,0,0,0,ok,empty_zero_redirection,,
5,November,42,0.0,0.0,0.0,0,0,0,ok,empty_zero_redirection,,
5,November,43,0.0,0.0,0.0,0,0,0,ok,empty_zero_redirection,,
5,November,44,0.0,0.0,0.0,0,0,0,ok,empty_zero_redirection,,
5,November,45,0.0,0.0,0.0,0,0,0,ok,empty_zero_redirection,,
5,November,46,0.0,0.0,0.0,0,0,0,ok,empty_zero_redirection,,
5,November,47,0.0,0.0,0.0,0,0,0,ok,empty_zero_redirection,,
5,November,48,0.0,0.0,0.0,0,0,0,ok,empty_zero_redirection,,
5,December,1,0.0,0.0,0.0,0,0,0,ok,empty_zero_redirection,,
5,December,2,0.0,0.0,0.0,1,90,810,ok,optimal,0.0,standard_primal_shadow_dual
5,December,3,0.0,0.0,0.0,3,92,828,ok,optimal,0.0,standard_primal_shadow_dual
5,December,4,0.0,0.0,0.0,1,90,810,ok,optimal,0.0,standard_primal_shadow_dual
5,December,5,0.0,0.0,0.0,0,0,0,ok,empty_zero_redirection,,
5,December,6,0.0,0.0,0.0,0,0,0,ok,empty_zero_redirection,,
5,December,7,0.0,0.0,0.0,0,0,0,ok,empty_zero_redirection,,
5,December,8,0.0,0.0,0.0,0,0,0,ok,empty_zero_redirection,,
5,December,9,0.0,0.0,0.0,0,0,0,ok,empty_zero_redirection,,
5,December,10,0.0,0.0,0.0,0,0,0,ok,empty_zero_redirection,,
5,December,11,0.0,0.0,0.0,0,0,0,ok,empty_zero_redirection,,
5,December,12,0.0,0.0,0.0,0,0,0,ok,empty_zero_redirection,,
5,December,13,0.0,0.0,0.0,0,0,0,ok,empty_zero_redirection,,
5,December,14,0.0,0.0,0.0,1,126,1134,ok,optimal,0.0,standard_primal_shadow_dual
5,December,15,0.0,0.0,0.0,1,126,1134,ok,optimal,0.0,standard_primal_shadow_dual
5,December,16,20.738831899130375,0.0,20.738831899130375,7,130,1170,ok,optimal,20.738831899130375,standard_primal_shadow_dual
5,December,17,0.0,0.0,0.0,12,130,1170,ok,optimal,0.0,standard_primal_shadow_dual
5,December,18,0.0,0.0,0.0,6,130,1170,ok,optimal,0.0,standard_primal_shadow_dual
5,December,19,0.0,0.0,0.0,4,130,1170,ok,optimal,0.0,standard_primal_shadow_dual
5,December,20,0.0,0.0,0.0,2,130,1170,ok,optimal,0.0,standard_primal_shadow_dual
5,December,21,0.0,0.0,0.0,0,0,0,ok,empty_zero_redirection,,
5,December,22,0.0,0.0,0.0,0,0,0,ok,empty_zero_redirection,,
5,December,23,1087.4357280874774,0.0,1087.4357280874774,7,126,1134,ok,optimal,1087.4357280874774,standard_primal_shadow_dual
5,December,24,0.0,0.0,0.0,4,126,1134,ok,optimal,0.0,standard_primal_shadow_dual
5,December,25,0.0,0.0,0.0,2,118,1062,ok,optimal,0.0,standard_primal_shadow_dual
5,December,26,0.0,0.0,0.0,2,122,1098,ok,optimal,0.0,standard_primal_shadow_dual
5,December,27,0.0,0.0,0.0,3,120,1080,ok,optimal,0.0,standard_primal_shadow_dual
5,December,28,0.0,0.0,0.0,6,122,1098,ok,optimal,0.0,standard_primal_shadow_dual
5,December,29,0.0,0.0,0.0,1,124,1116,ok,optimal,0.0,standard_primal_shadow_dual
5,December,30,0.0,0.0,0.0,3,122,1098,ok,optimal,0.0,standard_primal_shadow_dual
5,December,31,0.0,0.0,0.0,2,126,1134,ok,optimal,0.0,standard_primal_shadow_dual
5,December,32,0.0,0.0,0.0,0,0,0,ok,empty_zero_redirection,,
5,December,33,0.0,0.0,0.0,5,124,1116,ok,optimal,0.0,standard_primal_shadow_dual
5,December,34,0.0,0.0,0.0,4,128,1152,ok,optimal,0.0,standard_primal_shadow_dual
5,December,35,0.0,0.0,0.0,3,124,1116,ok,optimal,0.0,standard_primal_shadow_dual
5,December,36,0.0,0.0,0.0,1,120,1080,ok,optimal,0.0,standard_primal_shadow_dual
5,December,37,0.0,0.0,0.0,0,0,0,ok,empty_zero_redirection,,
5,December,38,0.0,0.0,0.0,1,112,1008,ok,optimal,0.0,standard_primal_shadow_dual
5,December,39,0.0,0.0,0.0,1,106,954,ok,optimal,0.0,standard_primal_shadow_dual
5,December,40,0.0,0.0,0.0,0,0,0,ok,empty_zero_redirection,,
5,December,41,0.0,0.0,0.0,0,0,0,ok,empty_zero_redirection,,
5,December,42,0.0,0.0,0.0,0,0,0,ok,empty_zero_redirection,,
5,December,43,0.0,0.0,0.0,0,0,0,ok,empty_zero_redirection,,
5,December,44,0.0,0.0,0.0,0,0,0,ok,empty_zero_redirection,,
5,December,45,0.0,0.0,0.0,0,0,0,ok,empty_zero_redirection,,
5,December,46,0.0,0.0,0.0,0,0,0,ok,empty_zero_redirection,,
5,December,47,0.0,0.0,0.0,0,0,0,ok,empty_zero_redirection,,
5,December,48,0.0,0.0,0.0,0,0,0,ok,empty_zero_redirection,,
6,January,1,0.0,0.0,0.0,0,0,0,ok,empty_zero_redirection,,
6,January,2,0.0,0.0,0.0,1,90,810,ok,optimal,0.0,standard_primal_shadow_dual
6,January,3,11.714895811995866,0.0,11.714895811995866,3,92,828,ok,optimal,11.714895811995866,standard_primal_shadow_dual
6,January,4,0.0,0.0,0.0,1,90,810,ok,optimal,0.0,standard_primal_shadow_dual
6,January,5,0.0,0.0,0.0,0,0,0,ok,empty_zero_redirection,,
6,January,6,0.0,0.0,0.0,0,0,0,ok,empty_zero_redirection,,
6,January,7,0.0,0.0,0.0,0,0,0,ok,empty_zero_redirection,,
6,January,8,0.0,0.0,0.0,0,0,0,ok,empty_zero_redirection,,
6,January,9,0.0,0.0,0.0,0,0,0,ok,empty_zero_redirection,,
6,January,10,0.0,0.0,0.0,0,0,0,ok,empty_zero_redirection,,
6,January,11,0.0,0.0,0.0,0,0,0,ok,empty_zero_redirection,,
6,January,12,0.0,0.0,0.0,0,0,0,ok,empty_zero_redirection,,
6,January,13,0.0,0.0,0.0,0,0,0,ok,empty_zero_redirection,,
6,January,14,0.0,0.0,0.0,1,126,1134,ok,optimal,0.0,standard_primal_shadow_dual
6,January,15,0.0,0.0,0.0,1,126,1134,ok,optimal,0.0,standard_primal_shadow_dual
6,January,16,0.0,0.0,0.0,7,130,1170,ok,optimal,0.0,standard_primal_shadow_dual
6,January,17,0.0,0.0,0.0,12,130,1170,ok,optimal,0.0,standard_primal_shadow_dual
6,January,18,0.0,0.0,0.0,6,130,1170,ok,optimal,0.0,standard_primal_shadow_dual
6,January,19,0.0,0.0,0.0,3,130,1170,ok,optimal,0.0,standard_primal_shadow_dual
6,January,20,291.4166834125216,0.0,291.4166834125216,2,130,1170,ok,optimal,291.4166834125216,standard_primal_shadow_dual
6,January,21,0.0,0.0,0.0,0,0,0,ok,empty_zero_redirection,,
6,January,22,0.0,0.0,0.0,0,0,0,ok,empty_zero_redirection,,
6,January,23,128.40648842185473,0.0,128.40648842185473,6,126,1134,ok,optimal,128.40648842185473,standard_primal_shadow_dual
6,January,24,0.0,0.0,0.0,4,126,1134,ok,optimal,0.0,standard_primal_shadow_dual
6,January,25,0.0,0.0,0.0,2,118,1062,ok,optimal,0.0,standard_primal_shadow_dual
6,January,26,0.0,0.0,0.0,2,122,1098,ok,optimal,0.0,standard_primal_shadow_dual
6,January,27,0.0,0.0,0.0,3,120,1080,ok,optimal,0.0,standard_primal_shadow_dual
6,January,28,0.0,0.0,0.0,6,122,1098,ok,optimal,0.0,standard_primal_shadow_dual
6,January,29,0.0,0.0,0.0,1,124,1116,ok,optimal,0.0,standard_primal_shadow_dual
6,January,30,0.0,0.0,0.0,3,122,1098,ok,optimal,0.0,standard_primal_shadow_dual
6,January,31,0.0,0.0,0.0,2,126,1134,ok,optimal,0.0,standard_primal_shadow_dual
6,January,32,0.0,0.0,0.0,0,0,0,ok,empty_zero_redirection,,
6,January,33,0.0,0.0,0.0,5,124,1116,ok,optimal,0.0,standard_primal_shadow_dual
6,January,34,0.0,0.0,0.0,5,128,1152,ok,optimal,0.0,standard_primal_shadow_dual
6,January,35,0.0,0.0,0.0,3,124,1116,ok,optimal,0.0,standard_primal_shadow_dual
6,January,36,0.0,0.0,0.0,1,120,1080,ok,optimal,0.0,standard_primal_shadow_dual
6,January,37,0.0,0.0,0.0,0,0,0,ok,empty_zero_redirection,,
6,January,38,0.0,0.0,0.0,1,112,1008,ok,optimal,0.0,standard_primal_shadow_dual
6,January,39,0.0,0.0,0.0,1,106,954,ok,optimal,0.0,standard_primal_shadow_dual
6,January,40,0.0,0.0,0.0,0,0,0,ok,empty_zero_redirection,,
6,January,41,0.0,0.0,0.0,0,0,0,ok,empty_zero_redirection,,
6,January,42,0.0,0.0,0.0,0,0,0,ok,empty_zero_redirection,,
6,January,43,0.0,0.0,0.0,0,0,0,ok,empty_zero_redirection,,
6,January,44,0.0,0.0,0.0,0,0,0,ok,empty_zero_redirection,,
6,January,45,0.0,0.0,0.0,0,0,0,ok,empty_zero_redirection,,
6,January,46,0.0,0.0,0.0,0,0,0,ok,empty_zero_redirection,,
6,January,47,0.0,0.0,0.0,0,0,0,ok,empty_zero_redirection,,
6,January,48,0.0,0.0,0.0,0,0,0,ok,empty_zero_redirection,,
6,February,1,0.0,0.0,0.0,0,0,0,ok,empty_zero_redirection,,
6,February,2,0.0,0.0,0.0,1,90,810,ok,optimal,0.0,standard_primal_shadow_dual
6,February,3,0.0,0.0,0.0,3,92,828,ok,optimal,0.0,standard_primal_shadow_dual
6,February,4,0.0,0.0,0.0,1,90,810,ok,optimal,0.0,standard_primal_shadow_dual
6,February,5,0.0,0.0,0.0,0,0,0,ok,empty_zero_redirection,,
6,February,6,0.0,0.0,0.0,0,0,0,ok,empty_zero_redirection,,
6,February,7,0.0,0.0,0.0,0,0,0,ok,empty_zero_redirection,,
6,February,8,0.0,0.0,0.0,0,0,0,ok,empty_zero_redirection,,
6,February,9,0.0,0.0,0.0,0,0,0,ok,empty_zero_redirection,,
6,February,10,0.0,0.0,0.0,0,0,0,ok,empty_zero_redirection,,
6,February,11,0.0,0.0,0.0,0,0,0,ok,empty_zero_redirection,,
6,February,12,0.0,0.0,0.0,0,0,0,ok,empty_zero_redirection,,
6,February,13,0.0,0.0,0.0,0,0,0,ok,empty_zero_redirection,,
6,February,14,0.0,0.0,0.0,1,126,1134,ok,optimal,0.0,standard_primal_shadow_dual
6,February,15,0.0,0.0,0.0,1,126,1134,ok,optimal,0.0,standard_primal_shadow_dual
6,February,16,0.0,0.0,0.0,7,130,1170,ok,optimal,0.0,standard_primal_shadow_dual
6,February,17,0.0,0.0,0.0,12,130,1170,ok,optimal,0.0,standard_primal_shadow_dual
6,February,18,0.0,0.0,0.0,6,130,1170,ok,optimal,0.0,standard_primal_shadow_dual
6,February,19,0.0,0.0,0.0,4,130,1170,ok,optimal,0.0,standard_primal_shadow_dual
6,February,20,0.0,0.0,0.0,2,130,1170,ok,optimal,0.0,standard_primal_shadow_dual
6,February,21,0.0,0.0,0.0,0,0,0,ok,empty_zero_redirection,,
6,February,22,0.0,0.0,0.0,0,0,0,ok,empty_zero_redirection,,
6,February,23,115.98005405844943,0.0,115.98005405844943,6,126,1134,ok,optimal,115.98005405844943,standard_primal_shadow_dual
6,February,24,0.0,0.0,0.0,5,126,1134,ok,optimal,0.0,standard_primal_shadow_dual
6,February,25,0.0,0.0,0.0,2,118,1062,ok,optimal,0.0,standard_primal_shadow_dual
6,February,26,0.0,0.0,0.0,3,122,1098,ok,optimal,0.0,standard_primal_shadow_dual
6,February,27,0.0,0.0,0.0,3,120,1080,ok,optimal,0.0,standard_primal_shadow_dual
6,February,28,0.0,0.0,0.0,9,122,1098,ok,optimal,0.0,standard_primal_shadow_dual
6,February,29,0.0,0.0,0.0,2,124,1116,ok,optimal,0.0,standard_primal_shadow_dual
6,February,30,0.0,0.0,0.0,4,122,1098,ok,optimal,0.0,standard_primal_shadow_dual
6,February,31,0.0,0.0,0.0,2,126,1134,ok,optimal,0.0,standard_primal_shadow_dual
6,February,32,0.0,0.0,0.0,0,0,0,ok,empty_zero_redirection,,
6,February,33,0.0,0.0,0.0,6,124,1116,ok,optimal,0.0,standard_primal_shadow_dual
6,February,34,0.0,0.0,0.0,4,128,1152,ok,optimal,0.0,standard_primal_shadow_dual
6,February,35,0.0,0.0,0.0,3,124,1116,ok,optimal,0.0,standard_primal_shadow_dual
6,February,36,0.0,0.0,0.0,1,120,1080,ok,optimal,0.0,standard_primal_shadow_dual
6,February,37,0.0,0.0,0.0,0,0,0,ok,empty_zero_redirection,,
6,February,38,0.0,0.0,0.0,1,112,1008,ok,optimal,0.0,standard_primal_shadow_dual
6,February,39,0.0,0.0,0.0,1,106,954,ok,optimal,0.0,standard_primal_shadow_dual
6,February,40,0.0,0.0,0.0,0,0,0,ok,empty_zero_redirection,,
6,February,41,0.0,0.0,0.0,0,0,0,ok,empty_zero_redirection,,
6,February,42,0.0,0.0,0.0,0,0,0,ok,empty_zero_redirection,,
6,February,43,0.0,0.0,0.0,0,0,0,ok,empty_zero_redirection,,
6,February,44,0.0,0.0,0.0,0,0,0,ok,empty_zero_redirection,,
6,February,45,0.0,0.0,0.0,0,0,0,ok,empty_zero_redirection,,
6,February,46,0.0,0.0,0.0,0,0,0,ok,empty_zero_redirection,,
6,February,47,0.0,0.0,0.0,0,0,0,ok,empty_zero_redirection,,
6,February,48,0.0,0.0,0.0,0,0,0,ok,empty_zero_redirection,,
6,March,1,0.0,0.0,0.0,0,0,0,ok,empty_zero_redirection,,
6,March,2,0.0,0.0,0.0,1,90,810,ok,optimal,0.0,standard_primal_shadow_dual
6,March,3,0.0,0.0,0.0,3,92,828,ok,optimal,0.0,standard_primal_shadow_dual
6,March,4,0.0,0.0,0.0,1,90,810,ok,optimal,0.0,standard_primal_shadow_dual
6,March,5,0.0,0.0,0.0,0,0,0,ok,empty_zero_redirection,,
6,March,6,0.0,0.0,0.0,0,0,0,ok,empty_zero_redirection,,
6,March,7,0.0,0.0,0.0,0,0,0,ok,empty_zero_redirection,,
6,March,8,0.0,0.0,0.0,0,0,0,ok,empty_zero_redirection,,
6,March,9,0.0,0.0,0.0,0,0,0,ok,empty_zero_redirection,,
6,March,10,0.0,0.0,0.0,0,0,0,ok,empty_zero_redirection,,
6,March,11,0.0,0.0,0.0,0,0,0,ok,empty_zero_redirection,,
6,March,12,0.0,0.0,0.0,0,0,0,ok,empty_zero_redirection,,
6,March,13,0.0,0.0,0.0,0,0,0,ok,empty_zero_redirection,,
6,March,14,0.0,0.0,0.0,1,126,1134,ok,optimal,0.0,standard_primal_shadow_dual
6,March,15,0.0,0.0,0.0,3,126,1134,ok,optimal,0.0,standard_primal_shadow_dual
6,March,16,115.9108266879124,0.0,115.9108266879124,8,130,1170,ok,optimal,115.9108266879124,standard_primal_shadow_dual
6,March,17,0.0,0.0,0.0,13,130,1170,ok,optimal,0.0,standard_primal_shadow_dual
6,March,18,0.0,0.0,0.0,7,130,1170,ok,optimal,0.0,standard_primal_shadow_dual
6,March,19,0.0,0.0,0.0,4,130,1170,ok,optimal,0.0,standard_primal_shadow_dual
6,March,20,0.0,0.0,0.0,5,130,1170,ok,optimal,0.0,standard_primal_shadow_dual
6,March,21,0.0,0.0,0.0,2,130,1170,ok,optimal,0.0,standard_primal_shadow_dual
6,March,22,0.0,0.0,0.0,1,128,1152,ok,optimal,0.0,standard_primal_shadow_dual
6,March,23,0.0,0.0,0.0,7,126,1134,ok,optimal,0.0,standard_primal_shadow_dual
6,March,24,0.0,0.0,0.0,6,126,1134,ok,optimal,0.0,standard_primal_shadow_dual
6,March,25,0.0,0.0,0.0,2,118,1062,ok,optimal,0.0,standard_primal_shadow_dual
6,March,26,0.0,0.0,0.0,2,122,1098,ok,optimal,0.0,standard_primal_shadow_dual
6,March,27,0.0,0.0,0.0,3,120,1080,ok,optimal,0.0,standard_primal_shadow_dual
6,March,28,0.0,0.0,0.0,6,122,1098,ok,optimal,0.0,standard_primal_shadow_dual
6,March,29,0.0,0.0,0.0,2,124,1116,ok,optimal,0.0,standard_primal_shadow_dual
6,March,30,0.0,0.0,0.0,5,122,1098,ok,optimal,0.0,standard_primal_shadow_dual
6,March,31,0.0,0.0,0.0,3,126,1134,ok,optimal,0.0,standard_primal_shadow_dual
6,March,32,0.0,0.0,0.0,0,0,0,ok,empty_zero_redirection,,
6,March,33,0.0,0.0,0.0,5,124,1116,ok,optimal,0.0,standard_primal_shadow_dual
6,March,34,0.0,0.0,0.0,7,128,1152,ok,optimal,0.0,standard_primal_shadow_dual
6,March,35,0.0,0.0,0.0,3,124,1116,ok,optimal,0.0,standard_primal_shadow_dual
6,March,36,0.0,0.0,0.0,1,120,1080,ok,optimal,0.0,standard_primal_shadow_dual
6,March,37,0.0,0.0,0.0,1,108,972,ok,optimal,0.0,standard_primal_shadow_dual
6,March,38,0.0,0.0,0.0,3,112,1008,ok,optimal,0.0,standard_primal_shadow_dual
6,March,39,0.0,0.0,0.0,1,106,954,ok,optimal,0.0,standard_primal_shadow_dual
6,March,40,0.0,0.0,0.0,0,0,0,ok,empty_zero_redirection,,
6,March,41,0.0,0.0,0.0,0,0,0,ok,empty_zero_redirection,,
6,March,42,0.0,0.0,0.0,0,0,0,ok,empty_zero_redirection,,
6,March,43,0.0,0.0,0.0,0,0,0,ok,empty_zero_redirection,,
6,March,44,0.0,0.0,0.0,0,0,0,ok,empty_zero_redirection,,
6,March,45,0.0,0.0,0.0,0,0,0,ok,empty_zero_redirection,,
6,March,46,0.0,0.0,0.0,0,0,0,ok,empty_zero_redirection,,
6,March,47,0.0,0.0,0.0,0,0,0,ok,empty_zero_redirection,,
6,March,48,0.0,0.0,0.0,0,0,0,ok,empty_zero_redirection,,
6,April,1,0.0,0.0,0.0,0,0,0,ok,empty_zero_redirection,,
6,April,2,0.0,0.0,0.0,1,90,810,ok,optimal,0.0,standard_primal_shadow_dual
6,April,3,0.0,0.0,0.0,3,92,828,ok,optimal,0.0,standard_primal_shadow_dual
6,April,4,0.0,0.0,0.0,1,90,810,ok,optimal,0.0,standard_primal_shadow_dual
6,April,5,0.0,0.0,0.0,0,0,0,ok,empty_zero_redirection,,
6,April,6,0.0,0.0,0.0,0,0,0,ok,empty_zero_redirection,,
6,April,7,0.0,0.0,0.0,0,0,0,ok,empty_zero_redirection,,
6,April,8,0.0,0.0,0.0,0,0,0,ok,empty_zero_redirection,,
6,April,9,0.0,0.0,0.0,0,0,0,ok,empty_zero_redirection,,
6,April,10,0.0,0.0,0.0,0,0,0,ok,empty_zero_redirection,,
6,April,11,0.0,0.0,0.0,1,80,720,ok,optimal,0.0,standard_primal_shadow_dual
6,April,12,0.0,0.0,0.0,0,0,0,ok,empty_zero_redirection,,
6,April,13,0.0,0.0,0.0,2,118,1062,ok,optimal,0.0,standard_primal_shadow_dual
6,April,14,0.0,0.0,0.0,1,126,1134,ok,optimal,0.0,standard_primal_shadow_dual
6,April,15,0.0,0.0,0.0,3,126,1134,ok,optimal,0.0,standard_primal_shadow_dual
6,April,16,0.0,0.0,0.0,8,130,1170,ok,optimal,0.0,standard_primal_shadow_dual
6,April,17,37.60073766546579,0.0,37.60073766546579,14,130,1170,ok,optimal,37.60073766546579,standard_primal_shadow_dual
6,April,18,10.952010589643141,0.0,10.952010589643141,11,130,1170,ok,optimal,10.952010589643141,standard_primal_shadow_dual
6,April,19,0.0,0.0,0.0,9,130,1170,ok,optimal,0.0,standard_primal_shadow_dual
6,April,20,0.0,0.0,0.0,8,130,1170,ok,optimal,0.0,standard_primal_shadow_dual
6,April,21,0.0,0.0,0.0,10,130,1170,ok,optimal,0.0,standard_primal_shadow_dual
6,April,22,0.0,0.0,0.0,7,128,1152,ok,optimal,0.0,standard_primal_shadow_dual
6,April,23,0.0,0.0,0.0,8,126,1134,ok,optimal,0.0,standard_primal_shadow_dual
6,April,24,0.0,0.0,0.0,7,126,1134,ok,optimal,0.0,standard_primal_shadow_dual
6,April,25,0.0,0.0,0.0,5,118,1062,ok,optimal,0.0,standard_primal_shadow_dual
6,April,26,0.0,0.0,0.0,6,122,1098,ok,optimal,0.0,standard_primal_shadow_dual
6,April,27,0.0,0.0,0.0,7,120,1080,ok,optimal,0.0,standard_primal_shadow_dual
6,April,28,0.0,0.0,0.0,11,122,1098,ok,optimal,0.0,standard_primal_shadow_dual
6,April,29,0.0,0.0,0.0,10,124,1116,ok,optimal,0.0,standard_primal_shadow_dual
6,April,30,0.0,0.0,0.0,9,122,1098,ok,optimal,0.0,standard_primal_shadow_dual
6,April,31,0.0,0.0,0.0,8,126,1134,ok,optimal,0.0,standard_primal_shadow_dual
6,April,32,0.0,0.0,0.0,7,126,1134,ok,optimal,0.0,standard_primal_shadow_dual
6,April,33,0.0,0.0,0.0,6,124,1116,ok,optimal,0.0,standard_primal_shadow_dual
6,April,34,0.0,0.0,0.0,11,128,1152,ok,optimal,0.0,standard_primal_shadow_dual
6,April,35,0.0,0.0,0.0,6,124,1116,ok,optimal,0.0,standard_primal_shadow_dual
6,April,36,0.0,0.0,0.0,4,120,1080,ok,optimal,0.0,standard_primal_shadow_dual
6,April,37,0.0,0.0,0.0,2,108,972,ok,optimal,0.0,standard_primal_shadow_dual
6,April,38,0.0,0.0,0.0,3,112,1008,ok,optimal,0.0,standard_primal_shadow_dual
6,April,39,0.0,0.0,0.0,1,106,954,ok,optimal,0.0,standard_primal_shadow_dual
6,April,40,0.0,0.0,0.0,0,0,0,ok,empty_zero_redirection,,
6,April,41,0.0,0.0,0.0,0,0,0,ok,empty_zero_redirection,,
6,April,42,0.0,0.0,0.0,0,0,0,ok,empty_zero_redirection,,
6,April,43,0.0,0.0,0.0,0,0,0,ok,empty_zero_redirection,,
6,April,44,0.0,0.0,0.0,0,0,0,ok,empty_zero_redirection,,
6,April,45,0.0,0.0,0.0,0,0,0,ok,empty_zero_redirection,,
6,April,46,0.0,0.0,0.0,0,0,0,ok,empty_zero_redirection,,
6,April,47,0.0,0.0,0.0,0,0,0,ok,empty_zero_redirection,,
6,April,48,0.0,0.0,0.0,0,0,0,ok,empty_zero_redirection,,
6,May,1,0.0,0.0,0.0,0,0,0,ok,empty_zero_redirection,,
6,May,2,0.0,0.0,0.0,1,90,810,ok,optimal,0.0,standard_primal_shadow_dual
6,May,3,0.0,0.0,0.0,3,92,828,ok,optimal,0.0,standard_primal_shadow_dual
6,May,4,0.0,0.0,0.0,1,90,810,ok,optimal,0.0,standard_primal_shadow_dual
6,May,5,0.0,0.0,0.0,0,0,0,ok,empty_zero_redirection,,
6,May,6,0.0,0.0,0.0,0,0,0,ok,empty_zero_redirection,,
6,May,7,0.0,0.0,0.0,0,0,0,ok,empty_zero_redirection,,
6,May,8,0.0,0.0,0.0,0,0,0,ok,empty_zero_redirection,,
6,May,9,0.0,0.0,0.0,0,0,0,ok,empty_zero_redirection,,
6,May,10,0.0,0.0,0.0,0,0,0,ok,empty_zero_redirection,,
6,May,11,0.0,0.0,0.0,1,80,720,ok,optimal,0.0,standard_primal_shadow_dual
6,May,12,0.0,0.0,0.0,1,96,864,ok,optimal,0.0,standard_primal_shadow_dual
6,May,13,0.0,0.0,0.0,1,118,1062,ok,optimal,0.0,standard_primal_shadow_dual
6,May,14,0.0,0.0,0.0,1,126,1134,ok,optimal,0.0,standard_primal_shadow_dual
6,May,15,0.0,0.0,0.0,7,126,1134,ok,optimal,0.0,standard_primal_shadow_dual
6,May,16,20.738831899130375,0.0,20.738831899130375,12,130,1170,ok,optimal,20.738831899130375,standard_primal_shadow_dual
6,May,17,0.0,0.0,0.0,12,130,1170,ok,optimal,0.0,standard_primal_shadow_dual
6,May,18,0.0,0.0,0.0,10,130,1170,ok,optimal,0.0,standard_primal_shadow_dual
6,May,19,0.0,0.0,0.0,15,130,1170,ok,optimal,0.0,standard_primal_shadow_dual
6,May,20,0.0,0.0,0.0,14,130,1170,ok,optimal,0.0,standard_primal_shadow_dual
6,May,21,0.0,0.0,0.0,10,130,1170,ok,optimal,0.0,standard_primal_shadow_dual
6,May,22,0.0,0.0,0.0,8,128,1152,ok,optimal,0.0,standard_primal_shadow_dual
6,May,23,0.0,0.0,0.0,7,126,1134,ok,optimal,0.0,standard_primal_shadow_dual
6,May,24,0.0,0.0,0.0,6,126,1134,ok,optimal,0.0,standard_primal_shadow_dual
6,May,25,0.0,0.0,0.0,5,118,1062,ok,optimal,0.0,standard_primal_shadow_dual
6,May,26,0.0,0.0,0.0,4,122,1098,ok,optimal,0.0,standard_primal_shadow_dual
6,May,27,0.0,0.0,0.0,4,120,1080,ok,optimal,0.0,standard_primal_shadow_dual
6,May,28,0.0,0.0,0.0,8,122,1098,ok,optimal,0.0,standard_primal_shadow_dual
6,May,29,0.0,0.0,0.0,7,124,1116,ok,optimal,0.0,standard_primal_shadow_dual
6,May,30,0.0,0.0,0.0,6,122,1098,ok,optimal,0.0,standard_primal_shadow_dual
6,May,31,0.0,0.0,0.0,7,126,1134,ok,optimal,0.0,standard_primal_shadow_dual
6,May,32,0.0,0.0,0.0,7,126,1134,ok,optimal,0.0,standard_primal_shadow_dual
6,May,33,0.0,0.0,0.0,6,124,1116,ok,optimal,0.0,standard_primal_shadow_dual
6,May,34,0.0,0.0,0.0,10,128,1152,ok,optimal,0.0,standard_primal_shadow_dual
6,May,35,0.0,0.0,0.0,6,124,1116,ok,optimal,0.0,standard_primal_shadow_dual
6,May,36,0.0,0.0,0.0,4,120,1080,ok,optimal,0.0,standard_primal_shadow_dual
6,May,37,0.0,0.0,0.0,4,108,972,ok,optimal,0.0,standard_primal_shadow_dual
6,May,38,0.0,0.0,0.0,4,112,1008,ok,optimal,0.0,standard_primal_shadow_dual
6,May,39,0.0,0.0,0.0,1,106,954,ok,optimal,0.0,standard_primal_shadow_dual
6,May,40,0.0,0.0,0.0,0,0,0,ok,empty_zero_redirection,,
6,May,41,0.0,0.0,0.0,0,0,0,ok,empty_zero_redirection,,
6,May,42,0.0,0.0,0.0,0,0,0,ok,empty_zero_redirection,,
6,May,43,0.0,0.0,0.0,0,0,0,ok,empty_zero_redirection,,
6,May,44,0.0,0.0,0.0,0,0,0,ok,empty_zero_redirection,,
6,May,45,0.0,0.0,0.0,0,0,0,ok,empty_zero_redirection,,
6,May,46,0.0,0.0,0.0,0,0,0,ok,empty_zero_redirection,,
6,May,47,0.0,0.0,0.0,0,0,0,ok,empty_zero_redirection,,
6,May,48,0.0,0.0,0.0,0,0,0,ok,empty_zero_redirection,,
6,June,1,0.0,0.0,0.0,0,0,0,ok,empty_zero_redirection,,
6,June,2,0.0,0.0,0.0,1,90,810,ok,optimal,0.0,standard_primal_shadow_dual
6,June,3,0.0,0.0,0.0,3,92,828,ok,optimal,0.0,standard_primal_shadow_dual
6,June,4,0.0,0.0,0.0,1,90,810,ok,optimal,0.0,standard_primal_shadow_dual
6,June,5,0.0,0.0,0.0,0,0,0,ok,empty_zero_redirection,,
6,June,6,0.0,0.0,0.0,0,0,0,ok,empty_zero_redirection,,
6,June,7,0.0,0.0,0.0,5,24,216,ok,optimal,0.0,standard_primal_shadow_dual
6,June,8,0.0,0.0,0.0,5,20,180,ok,optimal,0.0,standard_primal_shadow_dual
6,June,9,0.0,0.0,0.0,4,32,288,ok,optimal,0.0,standard_primal_shadow_dual
6,June,10,0.0,0.0,0.0,4,32,288,ok,optimal,0.0,standard_primal_shadow_dual
6,June,11,0.0,0.0,0.0,5,80,720,ok,optimal,0.0,standard_primal_shadow_dual
6,June,12,9.079013290577764,0.0,9.079013290577764,2,96,864,ok,optimal,9.079013290577764,standard_primal_shadow_dual
6,June,13,0.0,0.0,0.0,4,118,1062,ok,optimal,0.0,standard_primal_shadow_dual
6,June,14,0.0,0.0,0.0,3,126,1134,ok,optimal,0.0,standard_primal_shadow_dual
6,June,15,0.0,0.0,0.0,4,126,1134,ok,optimal,0.0,standard_primal_shadow_dual
6,June,16,220.13621094858115,0.0,220.13621094858115,10,130,1170,ok,optimal,220.13621094858115,standard_primal_shadow_dual
6,June,17,175.9239072246811,0.0,175.9239072246811,15,130,1170,ok,optimal,175.9239072246811,standard_primal_shadow_dual
6,June,18,0.0,0.0,0.0,9,130,1170,ok,optimal,0.0,standard_primal_shadow_dual
6,June,19,0.0,0.0,0.0,11,130,1170,ok,optimal,0.0,standard_primal_shadow_dual
6,June,20,0.0,0.0,0.0,10,130,1170,ok,optimal,0.0,standard_primal_shadow_dual
6,June,21,0.0,0.0,0.0,9,130,1170,ok,optimal,0.0,standard_primal_shadow_dual
6,June,22,0.0,0.0,0.0,9,128,1152,ok,optimal,0.0,standard_primal_shadow_dual
6,June,23,0.0,0.0,0.0,11,126,1134,ok,optimal,0.0,standard_primal_shadow_dual
6,June,24,0.0,0.0,0.0,9,126,1134,ok,optimal,0.0,standard_primal_shadow_dual
6,June,25,0.0,0.0,0.0,9,118,1062,ok,optimal,0.0,standard_primal_shadow_dual
6,June,26,231.54021715286476,0.0,231.54021715286476,7,122,1098,ok,optimal,231.54021715286476,standard_primal_shadow_dual
6,June,27,0.0,0.0,0.0,9,120,1080,ok,optimal,0.0,standard_primal_shadow_dual
6,June,28,0.0,0.0,0.0,11,122,1098,ok,optimal,0.0,standard_primal_shadow_dual
6,June,29,0.0,0.0,0.0,11,124,1116,ok,optimal,0.0,standard_primal_shadow_dual
6,June,30,0.0,0.0,0.0,12,122,1098,ok,optimal,0.0,standard_primal_shadow_dual
6,June,31,0.0,0.0,0.0,10,126,1134,ok,optimal,0.0,standard_primal_shadow_dual
6,June,32,0.0,0.0,0.0,12,126,1134,ok,optimal,0.0,standard_primal_shadow_dual
6,June,33,260.07920241781903,0.0,260.07920241781903,8,124,1116,ok,optimal,260.07920241781903,standard_primal_shadow_dual
6,June,34,0.0,0.0,0.0,10,128,1152,ok,optimal,0.0,standard_primal_shadow_dual
6,June,35,0.0,0.0,0.0,6,124,1116,ok,optimal,0.0,standard_primal_shadow_dual
6,June,36,0.0,0.0,0.0,3,120,1080,ok,optimal,0.0,standard_primal_shadow_dual
6,June,37,0.0,0.0,0.0,3,108,972,ok,optimal,0.0,standard_primal_shadow_dual
6,June,38,0.0,0.0,0.0,3,112,1008,ok,optimal,0.0,standard_primal_shadow_dual
6,June,39,0.0,0.0,0.0,1,106,954,ok,optimal,0.0,standard_primal_shadow_dual
6,June,40,0.0,0.0,0.0,0,0,0,ok,empty_zero_redirection,,
6,June,41,0.0,0.0,0.0,0,0,0,ok,empty_zero_redirection,,
6,June,42,0.0,0.0,0.0,0,0,0,ok,empty_zero_redirection,,
6,June,43,0.0,0.0,0.0,0,0,0,ok,empty_zero_redirection,,
6,June,44,0.0,0.0,0.0,0,0,0,ok,empty_zero_redirection,,
6,June,45,0.0,0.0,0.0,0,0,0,ok,empty_zero_redirection,,
6,June,46,0.0,0.0,0.0,0,0,0,ok,empty_zero_redirection,,
6,June,47,0.0,0.0,0.0,0,0,0,ok,empty_zero_redirection,,
6,June,48,0.0,0.0,0.0,0,0,0,ok,empty_zero_redirection,,
6,July,1,0.0,0.0,0.0,0,0,0,ok,empty_zero_redirection,,
6,July,2,0.0,0.0,0.0,1,90,810,ok,optimal,0.0,standard_primal_shadow_dual
6,July,3,0.0,0.0,0.0,3,92,828,ok,optimal,0.0,standard_primal_shadow_dual
6,July,4,0.0,0.0,0.0,1,90,810,ok,optimal,0.0,standard_primal_shadow_dual
6,July,5,0.0,0.0,0.0,0,0,0,ok,empty_zero_redirection,,
6,July,6,0.0,0.0,0.0,0,0,0,ok,empty_zero_redirection,,
6,July,7,0.0,0.0,0.0,0,0,0,ok,empty_zero_redirection,,
6,July,8,0.0,0.0,0.0,0,0,0,ok,empty_zero_redirection,,
6,July,9,0.0,0.0,0.0,0,0,0,ok,empty_zero_redirection,,
6,July,10,0.0,0.0,0.0,0,0,0,ok,empty_zero_redirection,,
6,July,11,0.0,0.0,0.0,1,80,720,ok,optimal,0.0,standard_primal_shadow_dual
6,July,12,0.0,0.0,0.0,0,0,0,ok,empty_zero_redirection,,
6,July,13,0.0,0.0,0.0,1,118,1062,ok,optimal,0.0,standard_primal_shadow_dual
6,July,14,0.0,0.0,0.0,1,126,1134,ok,optimal,0.0,standard_primal_shadow_dual
6,July,15,0.0,0.0,0.0,1,126,1134,ok,optimal,0.0,standard_primal_shadow_dual
6,July,16,0.0,0.0,0.0,7,130,1170,ok,optimal,0.0,standard_primal_shadow_dual
6,July,17,0.0,0.0,0.0,13,130,1170,ok,optimal,0.0,standard_primal_shadow_dual
6,July,18,0.0,0.0,0.0,7,130,1170,ok,optimal,0.0,standard_primal_shadow_dual
6,July,19,0.0,0.0,0.0,7,130,1170,ok,optimal,0.0,standard_primal_shadow_dual
6,July,20,0.0,0.0,0.0,6,130,1170,ok,optimal,0.0,standard_primal_shadow_dual
6,July,21,0.0,0.0,0.0,2,130,1170,ok,optimal,0.0,standard_primal_shadow_dual
6,July,22,0.0,0.0,0.0,2,128,1152,ok,optimal,0.0,standard_primal_shadow_dual
6,July,23,0.0,0.0,0.0,8,126,1134,ok,optimal,0.0,standard_primal_shadow_dual
6,July,24,0.0,0.0,0.0,5,126,1134,ok,optimal,0.0,standard_primal_shadow_dual
6,July,25,0.0,0.0,0.0,3,118,1062,ok,optimal,0.0,standard_primal_shadow_dual
6,July,26,0.0,0.0,0.0,3,122,1098,ok,optimal,0.0,standard_primal_shadow_dual
6,July,27,0.0,0.0,0.0,4,120,1080,ok,optimal,0.0,standard_primal_shadow_dual
6,July,28,0.0,0.0,0.0,6,122,1098,ok,optimal,0.0,standard_primal_shadow_dual
6,July,29,0.0,0.0,0.0,2,124,1116,ok,optimal,0.0,standard_primal_shadow_dual
6,July,30,0.0,0.0,0.0,4,122,1098,ok,optimal,0.0,standard_primal_shadow_dual
6,July,31,0.0,0.0,0.0,4,126,1134,ok,optimal,0.0,standard_primal_shadow_dual
6,July,32,0.0,0.0,0.0,1,126,1134,ok,optimal,0.0,standard_primal_shadow_dual
6,July,33,0.0,0.0,0.0,6,124,1116,ok,optimal,0.0,standard_primal_shadow_dual
6,July,34,0.0,0.0,0.0,8,128,1152,ok,optimal,0.0,standard_primal_shadow_dual
6,July,35,0.0,0.0,0.0,6,124,1116,ok,optimal,0.0,standard_primal_shadow_dual
6,July,36,0.0,0.0,0.0,3,120,1080,ok,optimal,0.0,standard_primal_shadow_dual
6,July,37,0.0,0.0,0.0,2,108,972,ok,optimal,0.0,standard_primal_shadow_dual
6,July,38,0.0,0.0,0.0,3,112,1008,ok,optimal,0.0,standard_primal_shadow_dual
6,July,39,0.0,0.0,0.0,1,106,954,ok,optimal,0.0,standard_primal_shadow_dual
6,July,40,0.0,0.0,0.0,0,0,0,ok,empty_zero_redirection,,
6,July,41,0.0,0.0,0.0,0,0,0,ok,empty_zero_redirection,,
6,July,42,0.0,0.0,0.0,0,0,0,ok,empty_zero_redirection,,
6,July,43,0.0,0.0,0.0,0,0,0,ok,empty_zero_redirection,,
6,July,44,0.0,0.0,0.0,0,0,0,ok,empty_zero_redirection,,
6,July,45,0.0,0.0,0.0,0,0,0,ok,empty_zero_redirection,,
6,July,46,0.0,0.0,0.0,0,0,0,ok,empty_zero_redirection,,
6,July,47,0.0,0.0,0.0,0,0,0,ok,empty_zero_redirection,,
6,July,48,0.0,0.0,0.0,0,0,0,ok,empty_zero_redirection,,
6,August,1,0.0,0.0,0.0,0,0,0,ok,empty_zero_redirection,,
6,August,2,15.536814397556562,0.0,15.536814397556562,1,90,810,ok,optimal,15.536814397556562,standard_primal_shadow_dual
6,August,3,0.0,0.0,0.0,3,92,828,ok,optimal,0.0,standard_primal_shadow_dual
6,August,4,0.0,0.0,0.0,1,90,810,ok,optimal,0.0,standard_primal_shadow_dual
6,August,5,0.0,0.0,0.0,0,0,0,ok,empty_zero_redirection,,
6,August,6,0.0,0.0,0.0,0,0,0,ok,empty_zero_redirection,,
6,August,7,0.0,0.0,0.0,0,0,0,ok,empty_zero_redirection,,
6,August,8,0.0,0.0,0.0,0,0,0,ok,empty_zero_redirection,,
6,August,9,0.0,0.0,0.0,0,0,0,ok,empty_zero_redirection,,
6,August,10,0.0,0.0,0.0,0,0,0,ok,empty_zero_redirection,,
6,August,11,0.0,0.0,0.0,1,80,720,ok,optimal,0.0,standard_primal_shadow_dual
6,August,12,0.0,0.0,0.0,0,0,0,ok,empty_zero_redirection,,
6,August,13,0.0,0.0,0.0,0,0,0,ok,empty_zero_redirection,,
6,August,14,0.0,0.0,0.0,1,126,1134,ok,optimal,0.0,standard_primal_shadow_dual
6,August,15,0.0,0.0,0.0,1,126,1134,ok,optimal,0.0,standard_primal_shadow_dual
6,August,16,0.0,0.0,0.0,7,130,1170,ok,optimal,0.0,standard_primal_shadow_dual
6,August,17,0.0,0.0,0.0,12,130,1170,ok,optimal,0.0,standard_primal_shadow_dual
6,August,18,0.0,0.0,0.0,5,130,1170,ok,optimal,0.0,standard_primal_shadow_dual
6,August,19,0.0,0.0,0.0,4,130,1170,ok,optimal,0.0,standard_primal_shadow_dual
6,August,20,0.0,0.0,0.0,4,130,1170,ok,optimal,0.0,standard_primal_shadow_dual
6,August,21,0.0,0.0,0.0,2,130,1170,ok,optimal,0.0,standard_primal_shadow_dual
6,August,22,0.0,0.0,0.0,1,128,1152,ok,optimal,0.0,standard_primal_shadow_dual
6,August,23,0.0,0.0,0.0,7,126,1134,ok,optimal,0.0,standard_primal_shadow_dual
6,August,24,0.0,0.0,0.0,5,126,1134,ok,optimal,0.0,standard_primal_shadow_dual
6,August,25,0.0,0.0,0.0,5,118,1062,ok,optimal,0.0,standard_primal_shadow_dual
6,August,26,0.0,0.0,0.0,2,122,1098,ok,optimal,0.0,standard_primal_shadow_dual
6,August,27,0.0,0.0,0.0,3,120,1080,ok,optimal,0.0,standard_primal_shadow_dual
6,August,28,0.0,0.0,0.0,8,122,1098,ok,optimal,0.0,standard_primal_shadow_dual
6,August,29,0.0,0.0,0.0,3,124,1116,ok,optimal,0.0,standard_primal_shadow_dual
6,August,30,0.0,0.0,0.0,6,122,1098,ok,optimal,0.0,standard_primal_shadow_dual
6,August,31,0.0,0.0,0.0,4,126,1134,ok,optimal,0.0,standard_primal_shadow_dual
6,August,32,0.0,0.0,0.0,2,126,1134,ok,optimal,0.0,standard_primal_shadow_dual
6,August,33,27.935379336505463,0.0,27.935379336505463,5,124,1116,ok,optimal,27.935379336505463,standard_primal_shadow_dual
6,August,34,0.0,0.0,0.0,9,128,1152,ok,optimal,0.0,standard_primal_shadow_dual
6,August,35,0.0,0.0,0.0,5,124,1116,ok,optimal,0.0,standard_primal_shadow_dual
6,August,36,0.0,0.0,0.0,2,120,1080,ok,optimal,0.0,standard_primal_shadow_dual
6,August,37,0.0,0.0,0.0,0,0,0,ok,empty_zero_redirection,,
6,August,38,0.0,0.0,0.0,1,112,1008,ok,optimal,0.0,standard_primal_shadow_dual
6,August,39,0.0,0.0,0.0,1,106,954,ok,optimal,0.0,standard_primal_shadow_dual
6,August,40,0.0,0.0,0.0,0,0,0,ok,empty_zero_redirection,,
6,August,41,0.0,0.0,0.0,0,0,0,ok,empty_zero_redirection,,
6,August,42,0.0,0.0,0.0,0,0,0,ok,empty_zero_redirection,,
6,August,43,0.0,0.0,0.0,0,0,0,ok,empty_zero_redirection,,
6,August,44,0.0,0.0,0.0,0,0,0,ok,empty_zero_redirection,,
6,August,45,0.0,0.0,0.0,0,0,0,ok,empty_zero_redirection,,
6,August,46,0.0,0.0,0.0,0,0,0,ok,empty_zero_redirection,,
6,August,47,0.0,0.0,0.0,0,0,0,ok,empty_zero_redirection,,
6,August,48,0.0,0.0,0.0,0,0,0,ok,empty_zero_redirection,,
6,September,1,0.0,0.0,0.0,0,0,0,ok,empty_zero_redirection,,
6,September,2,0.0,0.0,0.0,1,90,810,ok,optimal,0.0,standard_primal_shadow_dual
6,September,3,0.0,0.0,0.0,3,92,828,ok,optimal,0.0,standard_primal_shadow_dual
6,September,4,0.0,0.0,0.0,1,90,810,ok,optimal,0.0,standard_primal_shadow_dual
6,September,5,0.0,0.0,0.0,0,0,0,ok,empty_zero_redirection,,
6,September,6,0.0,0.0,0.0,0,0,0,ok,empty_zero_redirection,,
6,September,7,0.0,0.0,0.0,0,0,0,ok,empty_zero_redirection,,
6,September,8,0.0,0.0,0.0,0,0,0,ok,empty_zero_redirection,,
6,September,9,0.0,0.0,0.0,0,0,0,ok,empty_zero_redirection,,
6,September,10,0.0,0.0,0.0,0,0,0,ok,empty_zero_redirection,,
6,September,11,0.0,0.0,0.0,1,80,720,ok,optimal,0.0,standard_primal_shadow_dual
6,September,12,0.0,0.0,0.0,0,0,0,ok,empty_zero_redirection,,
6,September,13,0.0,0.0,0.0,0,0,0,ok,empty_zero_redirection,,
6,September,14,0.0,0.0,0.0,1,126,1134,ok,optimal,0.0,standard_primal_shadow_dual
6,September,15,0.0,0.0,0.0,2,126,1134,ok,optimal,0.0,standard_primal_shadow_dual
6,September,16,0.0,0.0,0.0,7,130,1170,ok,optimal,0.0,standard_primal_shadow_dual
6,September,17,132.83066160410078,0.0,132.83066160410078,14,130,1170,ok,optimal,132.83066160410078,standard_primal_shadow_dual
6,September,18,1307.5143227638969,0.0,1307.5143227638969,6,130,1170,ok,optimal,1307.5143227638969,standard_primal_shadow_dual
6,September,19,441.0988558401241,0.0,441.0988558401241,6,130,1170,ok,optimal,441.0988558401241,standard_primal_shadow_dual
6,September,20,0.0,0.0,0.0,4,130,1170,ok,optimal,0.0,standard_primal_shadow_dual
6,September,21,0.0,0.0,0.0,2,130,1170,ok,optimal,0.0,standard_primal_shadow_dual
6,September,22,0.0,0.0,0.0,1,128,1152,ok,optimal,0.0,standard_primal_shadow_dual
6,September,23,0.0,0.0,0.0,7,126,1134,ok,optimal,0.0,standard_primal_shadow_dual
6,September,24,0.0,0.0,0.0,5,126,1134,ok,optimal,0.0,standard_primal_shadow_dual
6,September,25,1.5,0.0,1.5,5,118,1062,ok,optimal,1.5,standard_primal_shadow_dual
6,September,26,0.0,0.0,0.0,4,122,1098,ok,optimal,0.0,standard_primal_shadow_dual
6,September,27,0.0,0.0,0.0,4,120,1080,ok,optimal,0.0,standard_primal_shadow_dual
6,September,28,0.0,0.0,0.0,9,122,1098,ok,optimal,0.0,standard_primal_shadow_dual
6,September,29,0.0,0.0,0.0,3,124,1116,ok,optimal,0.0,standard_primal_shadow_dual
6,September,30,0.0,0.0,0.0,6,122,1098,ok,optimal,0.0,standard_primal_shadow_dual
6,September,31,0.0,0.0,0.0,2,126,1134,ok,optimal,0.0,standard_primal_shadow_dual
6,September,32,0.0,0.0,0.0,0,0,0,ok,empty_zero_redirection,,
6,September,33,58.43586798030585,0.0,58.43586798030585,7,124,1116,ok,optimal,58.43586798030585,standard_primal_shadow_dual
6,September,34,28.55569540591567,0.0,28.55569540591567,5,128,1152,ok,optimal,28.55569540591567,standard_primal_shadow_dual
6,September,35,0.0,0.0,0.0,3,124,1116,ok,optimal,0.0,standard_primal_shadow_dual
6,September,36,0.0,0.0,0.0,1,120,1080,ok,optimal,0.0,standard_primal_shadow_dual
6,September,37,0.0,0.0,0.0,0,0,0,ok,empty_zero_redirection,,
6,September,38,0.0,0.0,0.0,1,112,1008,ok,optimal,0.0,standard_primal_shadow_dual
6,September,39,0.0,0.0,0.0,1,106,954,ok,optimal,0.0,standard_primal_shadow_dual
6,September,40,0.0,0.0,0.0,0,0,0,ok,empty_zero_redirection,,
6,September,41,0.0,0.0,0.0,0,0,0,ok,empty_zero_redirection,,
6,September,42,0.0,0.0,0.0,0,0,0,ok,empty_zero_redirection,,
6,September,43,0.0,0.0,0.0,0,0,0,ok,empty_zero_redirection,,
6,September,44,0.0,0.0,0.0,0,0,0,ok,empty_zero_redirection,,
6,September,45,0.0,0.0,0.0,0,0,0,ok,empty_zero_redirection,,
6,September,46,0.0,0.0,0.0,0,0,0,ok,empty_zero_redirection,,
6,September,47,0.0,0.0,0.0,0,0,0,ok,empty_zero_redirection,,
6,September,48,0.0,0.0,0.0,0,0,0,ok,empty_zero_redirection,,
6,October,1,0.0,0.0,0.0,0,0,0,ok,empty_zero_redirection,,
6,October,2,0.0,0.0,0.0,1,90,810,ok,optimal,0.0,standard_primal_shadow_dual
6,October,3,0.0,0.0,0.0,3,92,828,ok,optimal,0.0,standard_primal_shadow_dual
6,October,4,0.0,0.0,0.0,1,90,810,ok,optimal,0.0,standard_primal_shadow_dual
6,October,5,0.0,0.0,0.0,0,0,0,ok,empty_zero_redirection,,
6,October,6,0.0,0.0,0.0,0,0,0,ok,empty_zero_redirection,,
6,October,7,0.0,0.0,0.0,0,0,0,ok,empty_zero_redirection,,
6,October,8,0.0,0.0,0.0,0,0,0,ok,empty_zero_redirection,,
6,October,9,0.0,0.0,0.0,0,0,0,ok,empty_zero_redirection,,
6,October,10,0.0,0.0,0.0,0,0,0,ok,empty_zero_redirection,,
6,October,11,0.0,0.0,0.0,0,0,0,ok,empty_zero_redirection,,
6,October,12,0.0,0.0,0.0,0,0,0,ok,empty_zero_redirection,,
6,October,13,0.0,0.0,0.0,0,0,0,ok,empty_zero_redirection,,
6,October,14,0.0,0.0,0.0,1,126,1134,ok,optimal,0.0,standard_primal_shadow_dual
6,October,15,0.0,0.0,0.0,1,126,1134,ok,optimal,0.0,standard_primal_shadow_dual
6,October,16,0.0,0.0,0.0,7,130,1170,ok,optimal,0.0,standard_primal_shadow_dual
6,October,17,0.0,0.0,0.0,12,130,1170,ok,optimal,0.0,standard_primal_shadow_dual
6,October,18,120.10403806404707,0.0,120.10403806404707,6,130,1170,ok,optimal,120.10403806404707,standard_primal_shadow_dual
6,October,19,0.0,0.0,0.0,3,130,1170,ok,optimal,0.0,standard_primal_shadow_dual
6,October,20,0.0,0.0,0.0,2,130,1170,ok,optimal,0.0,standard_primal_shadow_dual
6,October,21,0.0,0.0,0.0,0,0,0,ok,empty_zero_redirection,,
6,October,22,0.0,0.0,0.0,0,0,0,ok,empty_zero_redirection,,
6,October,23,0.0,0.0,0.0,6,126,1134,ok,optimal,0.0,standard_primal_shadow_dual
6,October,24,22.280700510487318,0.0,22.280700510487318,4,126,1134,ok,optimal,22.280700510487318,standard_primal_shadow_dual
6,October,25,0.0,0.0,0.0,2,118,1062,ok,optimal,0.0,standard_primal_shadow_dual
6,October,26,0.0,0.0,0.0,2,122,1098,ok,optimal,0.0,standard_primal_shadow_dual
6,October,27,0.0,0.0,0.0,3,120,1080,ok,optimal,0.0,standard_primal_shadow_dual
6,October,28,0.0,0.0,0.0,6,122,1098,ok,optimal,0.0,standard_primal_shadow_dual
6,October,29,0.0,0.0,0.0,2,124,1116,ok,optimal,0.0,standard_primal_shadow_dual
6,October,30,0.0,0.0,0.0,4,122,1098,ok,optimal,0.0,standard_primal_shadow_dual
6,October,31,0.0,0.0,0.0,2,126,1134,ok,optimal,0.0,standard_primal_shadow_dual
6,October,32,0.0,0.0,0.0,0,0,0,ok,empty_zero_redirection,,
6,October,33,370.4821502714641,0.0,370.4821502714641,5,124,1116,ok,optimal,370.4821502714641,standard_primal_shadow_dual
6,October,34,0.0,0.0,0.0,4,128,1152,ok,optimal,0.0,standard_primal_shadow_dual
6,October,35,0.0,0.0,0.0,3,124,1116,ok,optimal,0.0,standard_primal_shadow_dual
6,October,36,0.0,0.0,0.0,1,120,1080,ok,optimal,0.0,standard_primal_shadow_dual
6,October,37,0.0,0.0,0.0,0,0,0,ok,empty_zero_redirection,,
6,October,38,0.0,0.0,0.0,1,112,1008,ok,optimal,0.0,standard_primal_shadow_dual
6,October,39,0.0,0.0,0.0,1,106,954,ok,optimal,0.0,standard_primal_shadow_dual
6,October,40,0.0,0.0,0.0,0,0,0,ok,empty_zero_redirection,,
6,October,41,0.0,0.0,0.0,0,0,0,ok,empty_zero_redirection,,
6,October,42,0.0,0.0,0.0,0,0,0,ok,empty_zero_redirection,,
6,October,43,0.0,0.0,0.0,0,0,0,ok,empty_zero_redirection,,
6,October,44,0.0,0.0,0.0,0,0,0,ok,empty_zero_redirection,,
6,October,45,0.0,0.0,0.0,0,0,0,ok,empty_zero_redirection,,
6,October,46,0.0,0.0,0.0,0,0,0,ok,empty_zero_redirection,,
6,October,47,0.0,0.0,0.0,0,0,0,ok,empty_zero_redirection,,
6,October,48,0.0,0.0,0.0,0,0,0,ok,empty_zero_redirection,,
6,November,1,0.0,0.0,0.0,0,0,0,ok,empty_zero_redirection,,
6,November,2,0.0,0.0,0.0,1,90,810,ok,optimal,0.0,standard_primal_shadow_dual
6,November,3,0.0,0.0,0.0,3,92,828,ok,optimal,0.0,standard_primal_shadow_dual
6,November,4,0.0,0.0,0.0,1,90,810,ok,optimal,0.0,standard_primal_shadow_dual
6,November,5,0.0,0.0,0.0,0,0,0,ok,empty_zero_redirection,,
6,November,6,0.0,0.0,0.0,0,0,0,ok,empty_zero_redirection,,
6,November,7,0.0,0.0,0.0,0,0,0,ok,empty_zero_redirection,,
6,November,8,0.0,0.0,0.0,0,0,0,ok,empty_zero_redirection,,
6,November,9,0.0,0.0,0.0,0,0,0,ok,empty_zero_redirection,,
6,November,10,0.0,0.0,0.0,0,0,0,ok,empty_zero_redirection,,
6,November,11,0.0,0.0,0.0,0,0,0,ok,empty_zero_redirection,,
6,November,12,0.0,0.0,0.0,0,0,0,ok,empty_zero_redirection,,
6,November,13,0.0,0.0,0.0,0,0,0,ok,empty_zero_redirection,,
6,November,14,0.0,0.0,0.0,1,126,1134,ok,optimal,0.0,standard_primal_shadow_dual
6,November,15,0.0,0.0,0.0,1,126,1134,ok,optimal,0.0,standard_primal_shadow_dual
6,November,16,0.0,0.0,0.0,7,130,1170,ok,optimal,0.0,standard_primal_shadow_dual
6,November,17,0.0,0.0,0.0,12,130,1170,ok,optimal,0.0,standard_primal_shadow_dual
6,November,18,0.0,0.0,0.0,5,130,1170,ok,optimal,0.0,standard_primal_shadow_dual
6,November,19,0.0,0.0,0.0,3,130,1170,ok,optimal,0.0,standard_primal_shadow_dual
6,November,20,0.0,0.0,0.0,2,130,1170,ok,optimal,0.0,standard_primal_shadow_dual
6,November,21,0.0,0.0,0.0,0,0,0,ok,empty_zero_redirection,,
6,November,22,0.0,0.0,0.0,0,0,0,ok,empty_zero_redirection,,
6,November,23,270.86173134029775,0.0,270.86173134029775,6,126,1134,ok,optimal,270.86173134029775,standard_primal_shadow_dual
6,November,24,0.0,0.0,0.0,4,126,1134,ok,optimal,0.0,standard_primal_shadow_dual
6,November,25,0.0,0.0,0.0,2,118,1062,ok,optimal,0.0,standard_primal_shadow_dual
6,November,26,0.0,0.0,0.0,2,122,1098,ok,optimal,0.0,standard_primal_shadow_dual
6,November,27,0.0,0.0,0.0,3,120,1080,ok,optimal,0.0,standard_primal_shadow_dual
6,November,28,0.0,0.0,0.0,6,122,1098,ok,optimal,0.0,standard_primal_shadow_dual
6,November,29,0.0,0.0,0.0,1,124,1116,ok,optimal,0.0,standard_primal_shadow_dual
6,November,30,0.0,0.0,0.0,3,122,1098,ok,optimal,0.0,standard_primal_shadow_dual
6,November,31,0.0,0.0,0.0,2,126,1134,ok,optimal,0.0,standard_primal_shadow_dual
6,November,32,0.0,0.0,0.0,0,0,0,ok,empty_zero_redirection,,
6,November,33,0.0,0.0,0.0,5,124,1116,ok,optimal,0.0,standard_primal_shadow_dual
6,November,34,0.0,0.0,0.0,4,128,1152,ok,optimal,0.0,standard_primal_shadow_dual
6,November,35,0.0,0.0,0.0,3,124,1116,ok,optimal,0.0,standard_primal_shadow_dual
6,November,36,452.8609337965519,0.0,452.8609337965519,1,120,1080,ok,optimal,452.8609337965519,standard_primal_shadow_dual
6,November,37,0.0,0.0,0.0,0,0,0,ok,empty_zero_redirection,,
6,November,38,0.0,0.0,0.0,1,112,1008,ok,optimal,0.0,standard_primal_shadow_dual
6,November,39,0.0,0.0,0.0,1,106,954,ok,optimal,0.0,standard_primal_shadow_dual
6,November,40,0.0,0.0,0.0,0,0,0,ok,empty_zero_redirection,,
6,November,41,0.0,0.0,0.0,0,0,0,ok,empty_zero_redirection,,
6,November,42,0.0,0.0,0.0,0,0,0,ok,empty_zero_redirection,,
6,November,43,0.0,0.0,0.0,0,0,0,ok,empty_zero_redirection,,
6,November,44,0.0,0.0,0.0,0,0,0,ok,empty_zero_redirection,,
6,November,45,0.0,0.0,0.0,0,0,0,ok,empty_zero_redirection,,
6,November,46,0.0,0.0,0.0,0,0,0,ok,empty_zero_redirection,,
6,November,47,0.0,0.0,0.0,0,0,0,ok,empty_zero_redirection,,
6,November,48,0.0,0.0,0.0,0,0,0,ok,empty_zero_redirection,,
6,December,1,0.0,0.0,0.0,0,0,0,ok,empty_zero_redirection,,
6,December,2,0.0,0.0,0.0,1,90,810,ok,optimal,0.0,standard_primal_shadow_dual
6,December,3,0.0,0.0,0.0,3,92,828,ok,optimal,0.0,standard_primal_shadow_dual
6,December,4,0.0,0.0,0.0,1,90,810,ok,optimal,0.0,standard_primal_shadow_dual
6,December,5,0.0,0.0,0.0,0,0,0,ok,empty_zero_redirection,,
6,December,6,0.0,0.0,0.0,0,0,0,ok,empty_zero_redirection,,
6,December,7,0.0,0.0,0.0,0,0,0,ok,empty_zero_redirection,,
6,December,8,0.0,0.0,0.0,0,0,0,ok,empty_zero_redirection,,
6,December,9,0.0,0.0,0.0,0,0,0,ok,empty_zero_redirection,,
6,December,10,0.0,0.0,0.0,0,0,0,ok,empty_zero_redirection,,
6,December,11,0.0,0.0,0.0,0,0,0,ok,empty_zero_redirection,,
6,December,12,0.0,0.0,0.0,0,0,0,ok,empty_zero_redirection,,
6,December,13,0.0,0.0,0.0,0,0,0,ok,empty_zero_redirection,,
6,December,14,0.0,0.0,0.0,1,126,1134,ok,optimal,0.0,standard_primal_shadow_dual
6,December,15,0.0,0.0,0.0,1,126,1134,ok,optimal,0.0,standard_primal_shadow_dual
6,December,16,0.0,0.0,0.0,7,130,1170,ok,optimal,0.0,standard_primal_shadow_dual
6,December,17,69.00283661468126,0.0,69.00283661468126,12,130,1170,ok,optimal,69.00283661468126,standard_primal_shadow_dual
6,December,18,0.0,0.0,0.0,5,130,1170,ok,optimal,0.0,standard_primal_shadow_dual
6,December,19,775.0,0.0,775.0,5,130,1170,ok,optimal,775.0,standard_primal_shadow_dual
6,December,20,0.0,0.0,0.0,2,130,1170,ok,optimal,0.0,standard_primal_shadow_dual
6,December,21,0.0,0.0,0.0,0,0,0,ok,empty_zero_redirection,,
6,December,22,0.0,0.0,0.0,0,0,0,ok,empty_zero_redirection,,
6,December,23,0.0,0.0,0.0,7,126,1134,ok,optimal,0.0,standard_primal_shadow_dual
6,December,24,0.0,0.0,0.0,4,126,1134,ok,optimal,0.0,standard_primal_shadow_dual
6,December,25,0.0,0.0,0.0,2,118,1062,ok,optimal,0.0,standard_primal_shadow_dual
6,December,26,0.0,0.0,0.0,2,122,1098,ok,optimal,0.0,standard_primal_shadow_dual
6,December,27,0.0,0.0,0.0,3,120,1080,ok,optimal,0.0,standard_primal_shadow_dual
6,December,28,0.0,0.0,0.0,6,122,1098,ok,optimal,0.0,standard_primal_shadow_dual
6,December,29,0.0,0.0,0.0,1,124,1116,ok,optimal,0.0,standard_primal_shadow_dual
6,December,30,0.0,0.0,0.0,3,122,1098,ok,optimal,0.0,standard_primal_shadow_dual
6,December,31,0.0,0.0,0.0,2,126,1134,ok,optimal,0.0,standard_primal_shadow_dual
6,December,32,0.0,0.0,0.0,0,0,0,ok,empty_zero_redirection,,
6,December,33,0.0,0.0,0.0,5,124,1116,ok,optimal,0.0,standard_primal_shadow_dual
6,December,34,0.0,0.0,0.0,4,128,1152,ok,optimal,0.0,standard_primal_shadow_dual
6,December,35,0.0,0.0,0.0,3,124,1116,ok,optimal,0.0,standard_primal_shadow_dual
6,December,36,0.0,0.0,0.0,1,120,1080,ok,optimal,0.0,standard_primal_shadow_dual
6,December,37,0.0,0.0,0.0,0,0,0,ok,empty_zero_redirection,,
6,December,38,0.0,0.0,0.0,1,112,1008,ok,optimal,0.0,standard_primal_shadow_dual
6,December,39,0.0,0.0,0.0,1,106,954,ok,optimal,0.0,standard_primal_shadow_dual
6,December,40,0.0,0.0,0.0,0,0,0,ok,empty_zero_redirection,,
6,December,41,0.0,0.0,0.0,0,0,0,ok,empty_zero_redirection,,
6,December,42,0.0,0.0,0.0,0,0,0,ok,empty_zero_redirection,,
6,December,43,0.0,0.0,0.0,0,0,0,ok,empty_zero_redirection,,
6,December,44,0.0,0.0,0.0,0,0,0,ok,empty_zero_redirection,,
6,December,45,0.0,0.0,0.0,0,0,0,ok,empty_zero_redirection,,
6,December,46,0.0,0.0,0.0,0,0,0,ok,empty_zero_redirection,,
6,December,47,0.0,0.0,0.0,0,0,0,ok,empty_zero_redirection,,
6,December,48,0.0,0.0,0.0,0,0,0,ok,empty_zero_redirection,,
