from_HexID,to_HexID,Month,TimeIndex,Distance_km,Energy_kWh_day,Energy_kWh_annual,Yarc,Trips,Tail_kWh
1,2,April,17,1.284,3.6816152388556205,110.44845716566861,1.0,-0.0,3.6816152388556205
1,2,August,17,1.284,0.2702934422571275,8.379096709970952,1.0,-0.0,0.2702934422571275
1,2,December,17,1.284,3.6816152388556205,114.13007240452424,1.0,-0.0,3.6816152388556205
1,2,February,17,1.284,0.2702934422571275,7.5682163831995695,1.0,-0.0,0.2702934422571275
1,2,January,17,1.284,0.2702934422566159,8.379096709955093,1.0,-0.0,0.2702934422566159
1,2,July,17,1.284,3.6816152388556205,114.13007240452424,1.0,-0.0,3.6816152388556205
1,2,June,17,1.284,0.2702934422571275,8.108803267713824,1.0,-0.0,0.2702934422571275
1,2,March,17,1.284,3.6816152388556205,114.13007240452424,1.0,-0.0,3.6816152388556205
1,2,May,17,1.284,3.681615238855649,114.13007240452512,1.0,-0.0,3.681615238855649
1,2,November,17,1.284,3.6816152388556205,110.44845716566861,1.0,-0.0,3.6816152388556205
1,2,October,17,1.284,0.2702934422571275,8.379096709970952,1.0,-0.0,0.2702934422571275
1,2,September,17,1.284,3.6816152388556205,110.44845716566861,1.0,-0.0,3.6816152388556205
1,9,April,20,1.236,1.858611517145686,55.75834551437058,1.0,-0.0,1.858611517145686
1,9,August,17,1.236,3.4113217965985214,105.75097569455417,1.0,-0.0,3.4113217965985214
1,9,February,17,1.236,3.4113217965985214,95.5170103047586,1.0,-0.0,3.4113217965985214
1,9,January,17,1.236,3.4113217965985143,105.75097569455394,1.0,-0.0,3.4113217965985143
1,9,June,17,1.236,3.4113217965985214,102.33965389795564,1.0,-0.0,3.4113217965985214
1,9,June,20,1.236,9.702370244473506,291.0711073342052,1.0,-0.0,9.702370244473506
1,9,May,19,1.236,0.91907564859887,28.49134510656497,1.0,-0.0,0.91907564859887
1,9,May,20,1.236,4.41781313351937,136.9522071391005,1.0,-0.0,4.41781313351937
1,9,October,17,1.236,3.4113217965985214,105.75097569455417,1.0,-0.0,3.4113217965985214
2,9,April,19,1.124,3.347948824440593,100.43846473321778,1.0,-0.0,3.347948824440593
2,9,April,20,1.124,8.815846756639095,264.47540269917283,1.0,-0.0,8.815846756639095
2,9,April,21,1.124,1.8225303349580386,54.67591004874116,1.0,0.0,1.8225303349580386
2,9,June,19,1.124,3.5857061577739273,107.57118473321782,1.0,-0.0,3.5857061577739273
2,9,June,20,1.124,8.815846756639095,264.47540269917283,1.0,0.0,8.815846756639095
2,9,June,21,1.124,6.068241184153243,182.0472355245973,1.0,-0.0,6.068241184153243
2,9,May,19,1.124,7.615912059207663,236.09327383543754,1.0,-0.0,7.615912059207663
2,9,May,20,1.124,8.815846756639097,273.291249455812,1.0,-0.0,8.815846756639097
2,9,May,21,1.124,6.068241184153243,188.11547670875055,1.0,-0.0,6.068241184153243
4,11,April,23,1.2756,0.30868813681616203,9.26064410448486,1.0,-0.0,0.30868813681616203
4,11,April,38,1.2756,0.6994932056425824,20.984796169277473,1.0,-0.0,0.6994932056425824
4,11,August,38,1.2756,0.6994932056428537,21.684289374928465,1.0,-0.0,0.6994932056428537
4,11,December,38,1.2756,0.6994932056428537,21.684289374928465,1.0,-0.0,0.6994932056428537
4,11,February,38,1.2756,0.6994932056428537,19.585809757999904,1.0,-0.0,0.6994932056428537
4,11,January,38,1.2756,0.6994932056425966,21.684289374920496,1.0,-0.0,0.6994932056425966
4,11,July,38,1.2756,0.6994932056425966,21.684289374920496,1.0,-0.0,0.6994932056425966
4,11,June,38,1.2756,0.6994932056428537,20.98479616928561,1.0,-0.0,0.6994932056428537
4,11,March,38,1.2756,0.6994932056425966,21.684289374920496,1.0,-0.0,0.6994932056425966
4,11,May,38,1.2756,0.6994932056425966,21.684289374920496,1.0,-0.0,0.6994932056425966
4,11,November,38,1.2756,0.6994932056425966,20.9847961692779,1.0,-0.0,0.6994932056425966
4,11,October,38,1.2756,0.6994932056425824,21.684289374920056,1.0,-0.0,0.6994932056425824
4,11,September,38,1.2756,0.6994932056428537,20.98479616928561,1.0,-0.0,0.6994932056428537
7,8,April,24,1.1712,1.153809322852183,34.61427968556549,1.0,-0.0,1.153809322852183
7,8,August,24,1.1712,1.153809322852183,35.768089008417675,1.0,-0.0,1.153809322852183
7,8,December,24,1.1712,1.153809322852183,35.768089008417675,1.0,-0.0,1.153809322852183
7,8,February,24,1.1712,1.153809322852183,32.306661039861126,1.0,-0.0,1.153809322852183
7,8,January,24,1.1712,1.153809322852183,35.768089008417675,1.0,-0.0,1.153809322852183
7,8,July,24,1.1712,1.153809322852183,35.768089008417675,1.0,-0.0,1.153809322852183
7,8,June,24,1.1712,1.153809322852183,34.61427968556549,1.0,-0.0,1.153809322852183
7,8,March,24,1.1712,1.153809322852183,35.768089008417675,1.0,-0.0,1.153809322852183
7,8,May,24,1.1712,1.153809322852183,35.768089008417675,1.0,-0.0,1.153809322852183
7,8,November,24,1.1712,1.153809322852183,34.61427968556549,1.0,-0.0,1.153809322852183
7,8,October,24,1.1712,1.153809322852183,35.768089008417675,1.0,-0.0,1.153809322852183
7,8,September,24,1.1712,1.153809322852183,34.61427968556549,1.0,-0.0,1.153809322852183
8,1,April,21,1.1788,6.705008401144934,201.150252034348,1.0,-0.0,6.705008401144934
8,1,June,21,1.1788,7.998589984478269,239.95769953434805,1.0,-0.0,7.998589984478269
8,1,May,21,1.1788,8.760569597540112,271.5776575237435,1.0,-0.0,8.760569597540112
8,16,November,19,1.117,0.9524099732465925,28.572299197397776,1.0,-0.0,0.9524099732465925
9,1,June,23,1.236,7.668366749038553,230.05100247115658,1.0,-0.0,7.668366749038553
9,1,June,29,1.236,1.919450485037201,57.583514551116025,1.0,-0.0,1.919450485037201
10,9,April,34,1.4594,9.455763194440507,283.6728958332152,1.0,-0.0,9.455763194440507
10,9,August,34,1.4594,9.455763194440502,293.12865902765554,1.0,-0.0,9.455763194440502
10,9,January,34,1.4594,9.455763194440502,293.12865902765554,1.0,-0.0,9.455763194440502
10,9,July,34,1.4594,9.455763194440507,293.1286590276557,1.0,-0.0,9.455763194440507
10,9,June,34,1.4594,9.455763194440507,283.6728958332152,1.0,-0.0,9.455763194440507
10,9,March,34,1.4594,9.455763194440502,293.12865902765554,1.0,-0.0,9.455763194440502
10,9,May,20,1.4594,3.0819894799584944,95.54167387871333,1.0,-0.0,3.0819894799584944
10,9,May,34,1.4594,9.455763194440518,293.12865902765606,1.0,-0.0,9.455763194440518
10,9,November,34,1.4594,9.455763194440502,283.6728958332151,1.0,-0.0,9.455763194440502
10,9,September,34,1.4594,0.9127044184689179,27.381132554067538,1.0,-0.0,0.9127044184689179
10,11,December,34,1.1045,9.455763194440499,293.12865902765543,1.0,-0.0,9.455763194440499
10,11,February,34,1.1045,9.455763194440507,264.7613694443342,1.0,-0.0,9.455763194440507
10,11,October,34,1.1045,9.455763194440502,293.12865902765554,1.0,-0.0,9.455763194440502
10,11,September,34,1.1045,8.543058775971588,256.29176327914763,1.0,-0.0,8.543058775971588
11,4,April,25,1.2756,5.867072320079515,176.01216960238546,1.0,-0.0,5.867072320079515
11,4,April,27,1.2756,23.182711649912324,695.4813494973697,1.0,1.0,3.182711649912323
11,4,April,33,1.2756,11.878964693614108,356.36894080842325,1.0,-0.0,11.878964693614108
11,4,August,27,1.2756,2.147823399912454,66.58252539728608,1.0,-0.0,2.147823399912454
11,4,August,33,1.2756,11.878964693614114,368.2479055020375,1.0,-0.0,11.878964693614114
11,4,December,27,1.2756,2.147823399912454,66.58252539728608,1.0,-0.0,2.147823399912454
11,4,December,33,1.2756,11.878964693614108,368.2479055020374,1.0,0.0,11.878964693614108
11,4,February,27,1.2756,2.147823399912454,60.139055197548714,1.0,-0.0,2.147823399912454
11,4,February,33,1.2756,11.878964693614108,332.61101142119503,1.0,-0.0,11.878964693614108
11,4,January,27,1.2756,2.147823399912454,66.58252539728608,1.0,-0.0,2.147823399912454
11,4,January,33,1.2756,11.878964693614108,368.2479055020374,1.0,-0.0,11.878964693614108
11,4,July,27,1.2756,2.147823399912454,66.58252539728608,1.0,-0.0,2.147823399912454
11,4,July,33,1.2756,11.878964693614108,368.2479055020374,1.0,-0.0,11.878964693614108
11,4,June,17,1.2756,18.127443289660675,543.8232986898203,1.0,-0.0,18.127443289660675
11,4,June,18,1.2756,12.248493479604448,367.4548043881334,1.0,0.0,12.248493479604445
11,4,June,19,1.2756,0.47103221767363834,14.13096653020915,1.0,-0.0,0.47103221767363834
11,4,June,25,1.2756,0.1,3.0,1.0,-0.0,0.1
11,4,June,26,1.2756,0.1,3.0,1.0,-0.0,0.1
11,4,June,27,1.2756,22.72923650311752,681.8770950935256,1.0,1.0,2.7292365031175194
11,4,June,33,1.2756,11.878964693614101,356.368940808423,1.0,-0.0,11.878964693614101
11,4,March,27,1.2756,2.1478233999124576,66.58252539728619,1.0,-0.0,2.1478233999124576
11,4,March,33,1.2756,11.878964693614114,368.2479055020375,1.0,-0.0,11.878964693614114
11,4,May,15,1.2756,4.3565094992066165,135.0517944754051,1.0,-0.0,4.3565094992066165
11,4,May,16,1.2756,11.919988442953155,369.51964173154784,1.0,-0.0,11.919988442953155
11,4,May,17,1.2756,28.768004694102316,891.8081455171719,1.0,1.0,8.768004694102316
11,4,May,18,1.2756,19.999999000000038,619.9999690000012,1.0,-0.0,19.999999000000003
11,4,May,19,1.2756,10.968753655108344,340.03136330835866,1.0,-0.0,10.968753655108344
11,4,May,20,1.2756,6.0660186239078655,188.04657734114383,1.0,-0.0,6.0660186239078655
11,4,May,27,1.2756,2.1478233999124683,66.58252539728652,1.0,-0.0,2.1478233999124683
11,4,May,33,1.2756,11.878964693614108,368.2479055020374,1.0,-0.0,11.878964693614108
11,4,November,27,1.2756,2.147823399912582,64.43470199737746,1.0,-0.0,2.147823399912582
11,4,November,33,1.2756,11.878964693614108,356.36894080842325,1.0,-0.0,11.878964693614108
11,4,October,27,1.2756,2.147823399912454,66.58252539728608,1.0,-0.0,2.147823399912454
11,4,October,33,1.2756,11.878964693614108,368.2479055020374,1.0,-0.0,11.878964693614108
11,4,September,17,1.2756,1.31182592373737,39.3547777121211,1.0,-0.0,1.31182592373737
11,4,September,27,1.2756,2.147823399912454,64.43470199737362,1.0,-0.0,2.147823399912454
11,4,September,33,1.2756,11.878964693614108,356.36894080842325,1.0,-0.0,11.878964693614108
11,10,April,21,1.1045,4.518507219573369,135.55521658720107,1.0,-0.0,4.518507219573369
11,10,April,32,1.1045,11.02209827133598,330.6629481400794,1.0,-0.0,11.02209827133598
11,10,April,33,1.1045,12.02310951744795,360.6932855234385,1.0,-0.0,12.02310951744795
11,10,August,33,1.1045,12.023109517447958,372.7163950408867,1.0,-0.0,12.023109517447958
11,10,December,33,1.1045,12.023109517447963,372.7163950408869,1.0,-0.0,12.023109517447963
11,10,February,33,1.1045,12.023109517447953,336.6470664885427,1.0,-0.0,12.023109517447953
11,10,January,33,1.1045,12.023109517447963,372.7163950408869,1.0,-0.0,12.023109517447963
11,10,July,33,1.1045,12.023109517447963,372.7163950408869,1.0,-0.0,12.023109517447963
11,10,June,21,1.1045,4.206648161476835,126.19944484430505,1.0,-0.0,4.206648161476835
11,10,June,32,1.1045,35.185452894036416,1055.5635868210925,1.0,1.0,15.185452894036416
11,10,June,33,1.1045,12.02310951744797,360.6932855234391,1.0,-0.0,12.02310951744797
11,10,March,33,1.1045,12.02310951744797,372.7163950408871,1.0,-0.0,12.02310951744797
11,10,May,32,1.1045,11.02209827133598,341.6850464114153,1.0,-0.0,11.02209827133598
11,10,May,33,1.1045,12.02310951744795,372.7163950408864,1.0,-0.0,12.02310951744795
11,10,November,33,1.1045,12.02310951744795,360.6932855234385,1.0,-0.0,12.02310951744795
11,10,October,33,1.1045,12.023109517447963,372.7163950408869,1.0,-0.0,12.023109517447963
11,10,September,33,1.1045,12.023109517447963,360.69328552343893,1.0,-0.0,12.023109517447963
12,19,December,23,1.113,1.20798,37.44738,1.0,0.0,1.20798
12,19,June,22,1.113,1.0947899348279453,32.84369804483836,1.0,0.0,1.0947899348279453
12,19,June,23,1.113,0.7207799348279469,21.623398044838407,1.0,0.0,0.7207799348279469
13,21,April,16,1.0012,1.3379891547824911,40.139674643474734,1.0,-0.0,1.3379891547824911
13,21,August,16,1.0012,1.3379891547824911,41.477663798257225,1.0,-0.0,1.3379891547824911
13,21,December,16,1.0012,1.337989154782468,41.47766379825651,1.0,-0.0,1.337989154782468
13,21,February,16,1.0012,1.3379891547824911,37.46369633390975,1.0,-0.0,1.3379891547824911
13,21,January,16,1.0012,1.3379891547824911,41.477663798257225,1.0,-0.0,1.3379891547824911
13,21,July,16,1.0012,1.3379891547824911,41.477663798257225,1.0,-0.0,1.3379891547824911
13,21,June,16,1.0012,1.3379891547824911,40.139674643474734,1.0,-0.0,1.3379891547824911
13,21,March,16,1.0012,1.3379891547824911,41.477663798257225,1.0,-0.0,1.3379891547824911
13,21,May,16,1.0012,1.3379891547824911,41.477663798257225,1.0,-0.0,1.3379891547824911
13,21,November,16,1.0012,1.3379891547824911,40.139674643474734,1.0,-0.0,1.3379891547824911
13,21,October,16,1.0012,1.3379891547824911,41.477663798257225,1.0,-0.0,1.3379891547824911
13,21,September,16,1.0012,1.3379891547824911,40.139674643474734,1.0,-0.0,1.3379891547824911
14,13,April,28,1.1531,12.905228764308676,387.1568629292603,1.0,-0.0,12.905228764308676
14,13,April,29,1.1531,15.655716920058929,469.67150760176787,1.0,-0.0,15.655716920058929
14,13,April,35,1.1531,4.784007173279662,143.52021519838985,1.0,-0.0,4.784007173279662
14,13,August,35,1.1531,4.784007173279662,148.3042223716695,1.0,-0.0,4.784007173279662
14,13,December,35,1.1531,4.784007173279662,148.3042223716695,1.0,-0.0,4.784007173279662
14,13,February,35,1.1531,4.784007173279587,133.95220085182842,1.0,-0.0,4.784007173279587
14,13,January,35,1.1531,4.784007173279662,148.3042223716695,1.0,-0.0,4.784007173279662
14,13,July,35,1.1531,4.784007173279662,148.3042223716695,1.0,-0.0,4.784007173279662
14,13,June,28,1.1531,13.78848176430867,413.6544529292601,1.0,-0.0,13.78848176430867
14,13,June,29,1.1531,15.661333586725597,469.8400076017679,1.0,-0.0,15.661333586725597
14,13,June,35,1.1531,4.784007173279662,143.52021519838985,1.0,-0.0,4.784007173279662
14,13,March,35,1.1531,4.784007173279662,148.3042223716695,1.0,-0.0,4.784007173279662
14,13,May,19,1.1531,3.692435987802579,114.46551562187994,1.0,-0.0,3.692435987802579
14,13,May,21,1.1531,11.267105938812126,349.2802841031759,1.0,-0.0,11.267105938812126
14,13,May,28,1.1531,14.369533774891437,445.4555470216345,1.0,0.0,14.369533774891437
14,13,May,35,1.1531,4.784007173279662,148.3042223716695,1.0,-0.0,4.784007173279662
14,13,November,35,1.1531,4.784007173279587,143.5202151983876,1.0,-0.0,4.784007173279587
14,13,October,35,1.1531,4.784007173279662,148.3042223716695,1.0,-0.0,4.784007173279662
14,13,September,35,1.1531,4.784007173279662,143.52021519838985,1.0,-0.0,4.784007173279662
15,7,April,16,1.0885,6.481363411250886,194.44090233752658,1.0,-0.0,6.481363411250886
15,7,April,17,1.0885,31.50861765740415,945.2585297221245,1.0,1.0,11.508617657404152
15,7,April,18,1.0885,33.0,990.0,1.0,1.0,13.0
15,7,April,19,1.0885,33.0,990.0,1.0,1.0,13.0
15,7,April,20,1.0885,6.645862499999884,199.37587499999654,1.0,-0.0,6.645862499999884
15,7,April,26,1.0885,3.9438035437235524,118.31410631170657,1.0,-0.0,3.9438035437235524
15,7,April,27,1.0885,8.58837541666655,257.6512624999965,1.0,-0.0,8.58837541666655
15,7,April,28,1.0885,8.58837541666655,257.6512624999965,1.0,-0.0,8.58837541666655
15,7,April,29,1.0885,10.302087938593958,309.06263815781875,1.0,0.0,10.302087938593958
15,7,April,30,1.0885,5.565245833333217,166.9573749999965,1.0,-0.0,5.565245833333217
15,7,April,31,1.0885,9.212228333333334,276.36685,1.0,-0.0,9.212228333333334
15,7,April,32,1.0885,9.212228333333334,276.36685,1.0,-0.0,9.212228333333334
15,7,April,33,1.0885,8.385808105049506,251.57424315148518,1.0,-0.0,8.385808105049506
15,7,April,34,1.0885,0.2506939925582605,7.520819776747816,1.0,-0.0,0.2506939925582605
15,7,April,35,1.0885,1.0124408333333335,30.373225000000005,1.0,-0.0,1.0124408333333335
15,7,April,36,1.0885,1.0124408333333335,30.373225000000005,1.0,-0.0,1.0124408333333335
15,7,April,37,1.0885,7.521859583333449,225.65578750000347,1.0,-0.0,7.521859583333449
15,7,April,38,1.0885,5.83315887567193,174.9947662701579,1.0,-0.0,5.83315887567193
15,7,August,16,1.0885,6.481363411250859,200.92226574877662,1.0,-0.0,6.481363411250859
15,7,August,17,1.0885,31.50861765740415,976.7671473795288,1.0,1.0,11.508617657404134
15,7,August,18,1.0885,33.0,1023.0,1.0,1.0,13.0
15,7,August,19,1.0885,33.0,1023.0,1.0,1.0,13.0
15,7,August,20,1.0885,0.9557181451612209,29.627262499997848,1.0,-0.0,0.9557181451612209
15,7,August,23,1.0885,4.132427433800386,128.10525044781195,1.0,-0.0,4.132427433800386
15,7,August,27,1.0885,9.511501612903224,294.85654999999997,1.0,-0.0,9.511501612903224
15,7,August,28,1.0885,9.511501612903226,294.85655,1.0,-0.0,9.511501612903226
15,7,August,29,1.0885,0.8106604838708531,25.130474999996444,1.0,-0.0,0.8106604838708531
15,7,August,30,1.0885,0.8106604838708913,25.13047499999763,1.0,-0.0,0.8106604838708913
15,7,August,31,1.0885,3.2405687181636966,100.45763026307459,1.0,-0.0,3.2405687181636966
15,7,August,33,1.0885,8.385808105049506,259.9600512565347,1.0,-0.0,8.385808105049506
15,7,August,34,1.0885,1.0395160602167919,32.22499786672055,1.0,-0.0,1.0395160602167919
15,7,August,35,1.0885,1.3991326612903228,43.373112500000005,1.0,-0.0,1.3991326612903228
15,7,August,36,1.0885,1.3991326612903228,43.373112500000005,1.0,-0.0,1.3991326612903228
15,7,December,16,1.0885,6.481363411250875,200.92226574877714,1.0,-0.0,6.481363411250875
15,7,December,17,1.0885,31.50861765740415,976.7671473795288,1.0,1.0,11.50861765740413
15,7,December,18,1.0885,33.0,1023.0,1.0,1.0,13.0
15,7,December,19,1.0885,33.0,1023.0,1.0,1.0,13.0
15,7,December,23,1.0885,4.132427433800389,128.10525044781207,1.0,-0.0,4.132427433800389
15,7,December,27,1.0885,7.523338611870216,233.2234969679767,1.0,-0.0,7.523338611870216
15,7,December,28,1.0885,7.996436940161956,247.88954514502063,1.0,-0.0,7.996436940161956
15,7,February,16,1.0885,6.481363411250886,181.47817551502482,1.0,-0.0,6.481363411250886
15,7,February,17,1.0885,31.50861765740415,882.2412944073162,1.0,1.0,11.508617657404152
15,7,February,18,1.0885,33.0,924.0,1.0,1.0,13.0
15,7,February,19,1.0885,33.0,924.0,1.0,1.0,13.0
15,7,February,23,1.0885,4.132427433799279,115.70796814637981,1.0,-0.0,4.132427433799279
15,7,February,27,1.0885,7.523338611870258,210.65348113236723,1.0,-0.0,7.523338611870258
15,7,February,28,1.0885,7.996436940161999,223.90023432453597,1.0,-0.0,7.996436940161999
15,7,February,33,1.0885,6.42298319390602,179.84352942936854,1.0,-0.0,6.42298319390602
15,7,January,16,1.0885,6.481363411250884,200.9222657487774,1.0,-0.0,6.481363411250884
15,7,January,17,1.0885,31.50861765740415,976.7671473795288,1.0,1.0,11.508617657404152
15,7,January,18,1.0885,33.0,1023.0,1.0,1.0,13.0
15,7,January,19,1.0885,33.0,1023.0,1.0,1.0,13.0
15,7,January,23,1.0885,4.132427433800386,128.10525044781195,1.0,-0.0,4.132427433800386
15,7,January,27,1.0885,7.52333861187023,233.22349696797713,1.0,-0.0,7.52333861187023
15,7,January,28,1.0885,7.996436940161999,247.88954514502197,1.0,-0.0,7.996436940161999
15,7,July,16,1.0885,6.481363411250886,200.92226574877745,1.0,-0.0,6.481363411250886
15,7,July,17,1.0885,31.50861765740415,976.7671473795288,1.0,1.0,11.50861765740413
15,7,July,18,1.0885,33.0,1023.0,1.0,1.0,13.0
15,7,July,19,1.0885,33.0,1023.0,1.0,1.0,13.0
15,7,July,20,1.0885,2.7775685483869808,86.1046249999964,1.0,-0.0,2.7775685483869808
15,7,July,23,1.0885,0.9771380789617865,30.29128044781538,1.0,-0.0,0.9771380789617865
15,7,July,27,1.0885,11.213789112903227,347.62746250000004,1.0,-0.0,11.213789112903227
15,7,July,28,1.0885,11.213789112903227,347.62746250000004,1.0,0.0,11.213789112903227
15,7,July,33,1.0885,8.385808105049534,259.96005125653556,1.0,-0.0,8.385808105049534
15,7,July,35,1.0885,2.369102016129033,73.44216250000002,1.0,-0.0,2.369102016129033
15,7,July,36,1.0885,2.3691020161290326,73.44216250000001,1.0,-0.0,2.3691020161290326
15,7,July,37,1.0885,7.592306331192242,235.3614962669595,1.0,-0.0,7.592306331192242
15,7,July,38,1.0885,0.7467951612903228,23.150650000000006,1.0,-0.0,0.7467951612903228
15,7,June,16,1.0885,6.481363411250886,194.44090233752658,1.0,-0.0,6.481363411250886
15,7,June,17,1.0885,31.50861765740415,945.2585297221245,1.0,1.0,11.508617657404152
15,7,June,18,1.0885,33.0,990.0,1.0,1.0,13.0
15,7,June,19,1.0885,33.0,990.0,1.0,1.0,13.0
15,7,June,20,1.0885,6.728969166666554,201.8690749999966,1.0,-0.0,6.728969166666554
15,7,June,26,1.0885,4.006171877056891,120.18515631170673,1.0,-0.0,4.006171877056891
15,7,June,27,1.0885,16.53193041666667,495.9579125,1.0,-0.0,16.53193041666667
15,7,June,28,1.0885,16.531930416666665,495.95791249999996,1.0,-0.0,16.531930416666665
15,7,June,29,1.0885,13.90412291666667,417.12368750000013,1.0,-0.0,13.90412291666667
15,7,June,30,1.0885,13.90412291666667,417.12368750000013,1.0,-0.0,13.90412291666667
15,7,June,31,1.0885,10.624138371975677,318.7241511592703,1.0,-0.0,10.624138371975677
15,7,June,32,1.0885,11.169672083333333,335.0901625,1.0,-0.0,11.169672083333333
15,7,June,33,1.0885,7.795553341166954,233.86660023500863,1.0,-0.0,7.795553341166954
15,7,June,35,1.0885,1.968133022376876,59.04399067130628,1.0,-0.0,1.968133022376876
15,7,June,36,1.0885,0.1,3.0,1.0,-0.0,0.1
15,7,June,37,1.0885,0.8100312500000001,24.300937500000003,1.0,-0.0,0.8100312500000001
15,7,June,38,1.0885,0.8100312500000001,24.300937500000003,1.0,-0.0,0.8100312500000001
15,7,March,15,1.0885,1.1148107827090885,34.55913426398175,1.0,-0.0,1.1148107827090885
15,7,March,16,1.0885,6.481363411250886,200.92226574877745,1.0,-0.0,6.481363411250886
15,7,March,17,1.0885,31.50861765740415,976.7671473795288,1.0,1.0,11.508617657404152
15,7,March,18,1.0885,33.0,1023.0,1.0,1.0,13.0
15,7,March,19,1.0885,33.0,1023.0,1.0,1.0,13.0
15,7,March,20,1.0885,0.249377016128987,7.730687499998597,1.0,-0.0,0.249377016128987
15,7,March,23,1.0885,4.1324274338003875,128.105250447812,1.0,-0.0,4.1324274338003875
15,7,March,27,1.0885,7.523338611870258,233.223496967978,1.0,-0.0,7.523338611870258
15,7,March,28,1.0885,7.996436940161942,247.8895451450202,1.0,-0.0,7.996436940161942
15,7,March,33,1.0885,8.385808105049506,259.9600512565347,1.0,-0.0,8.385808105049506
15,7,March,34,1.0885,1.0999750000000001,34.099225000000004,1.0,-0.0,1.0999750000000001
15,7,March,38,1.0885,0.2383150096747663,7.387765299917755,1.0,-0.0,0.2383150096747663
15,7,May,15,1.0885,7.530391831096185,233.44214676398173,1.0,-0.0,7.530391831096185
15,7,May,16,1.0885,6.481363411250886,200.92226574877745,1.0,-0.0,6.481363411250886
15,7,May,17,1.0885,31.50861765740415,976.7671473795288,1.0,1.0,11.508617657404148
15,7,May,18,1.0885,33.0,1023.0,1.0,1.0,13.0
15,7,May,19,1.0885,33.0,1023.0,1.0,1.0,13.0
15,7,May,20,1.0885,10.461942741935369,324.3202249999964,1.0,-0.0,10.461942741935369
15,7,May,25,1.0885,2.561106952090636,79.39431551480972,1.0,-0.0,2.561106952090636
15,7,May,26,1.0885,6.740408785659044,208.95267235543037,1.0,-0.0,6.740408785659044
15,7,May,27,1.0885,11.298317338709557,350.24783749999625,1.0,0.0,11.298317338709557
15,7,May,28,1.0885,16.0351594439703,497.0899427630793,1.0,-0.0,16.0351594439703
15,7,May,29,1.0885,8.216317338709562,254.70583749999642,1.0,-0.0,8.216317338709562
15,7,May,30,1.0885,8.216317338709562,254.70583749999642,1.0,-0.0,8.216317338709562
15,7,May,31,1.0885,11.366646370967741,352.3660375,1.0,0.0,11.366646370967741
15,7,May,32,1.0885,11.366646370967741,352.3660375,1.0,-0.0,11.366646370967741
15,7,May,33,1.0885,8.385808105049534,259.96005125653556,1.0,-0.0,8.385808105049534
15,7,May,34,1.0885,5.000674690365992,155.02091540134575,1.0,-0.0,5.000674690365992
15,7,May,35,1.0885,2.2048931451612908,68.35168750000001,1.0,-0.0,2.2048931451612908
15,7,May,36,1.0885,5.717078512442011,177.22943388570235,1.0,-0.0,5.717078512442011
15,7,May,37,1.0885,8.026032258064632,248.8070000000036,1.0,-0.0,8.026032258064632
15,7,May,38,1.0885,8.026032258064632,248.8070000000036,1.0,-0.0,8.026032258064632
15,7,November,16,1.0885,6.481363411250886,194.44090233752658,1.0,-0.0,6.481363411250886
15,7,November,17,1.0885,31.50861765740415,945.2585297221245,1.0,1.0,11.508617657404152
15,7,November,18,1.0885,33.0,990.0,1.0,1.0,13.0
15,7,November,19,1.0885,33.0,990.0,1.0,1.0,13.0
15,7,November,23,1.0885,4.1324274338003875,123.97282301401162,1.0,-0.0,4.1324274338003875
15,7,November,27,1.0885,7.52333861187023,225.7001583561069,1.0,-0.0,7.52333861187023
15,7,November,28,1.0885,7.996436940161999,239.89310820485997,1.0,-0.0,7.996436940161999
15,7,October,16,1.0885,6.481363411250886,200.92226574877745,1.0,-0.0,6.481363411250886
15,7,October,17,1.0885,31.50861765740415,976.7671473795288,1.0,1.0,11.508617657404134
15,7,October,18,1.0885,33.0,1023.0,1.0,1.0,13.0
15,7,October,19,1.0885,33.0,1023.0,1.0,1.0,13.0
15,7,October,23,1.0885,4.1324274338003875,128.105250447812,1.0,-0.0,4.1324274338003875
15,7,October,27,1.0885,7.523338611870258,233.223496967978,1.0,-0.0,7.523338611870258
15,7,October,28,1.0885,7.996436940161999,247.88954514502197,1.0,-0.0,7.996436940161999
15,7,September,15,1.0885,1.411910809590808,42.35732428772424,1.0,-0.0,1.411910809590808
15,7,September,16,1.0885,6.481363411250857,194.44090233752573,1.0,-0.0,6.481363411250857
15,7,September,17,1.0885,31.50861765740415,945.2585297221245,1.0,1.0,11.508617657404152
15,7,September,18,1.0885,33.0,990.0,1.0,1.0,13.0
15,7,September,19,1.0885,33.0,990.0,1.0,1.0,13.0
15,7,September,23,1.0885,4.1324274338003875,123.97282301401162,1.0,-0.0,4.1324274338003875
15,7,September,27,1.0885,9.272239166666667,278.167175,1.0,-0.0,9.272239166666667
15,7,September,28,1.0885,9.272239166666669,278.16717500000004,1.0,-0.0,9.272239166666669
15,7,September,29,1.0885,0.47925583333329413,14.377674999998824,1.0,-0.0,0.47925583333329413
15,7,September,30,1.0885,0.47925583333329413,14.377674999998824,1.0,-0.0,0.47925583333329413
15,7,September,33,1.0885,3.8957245320203198,116.8717359606096,1.0,-0.0,3.8957245320203198
15,8,April,16,1.082,13.976217278848974,419.28651836546925,1.0,-0.0,13.976217278848974
15,8,April,22,1.082,10.352883555754575,310.58650667263726,1.0,-0.0,10.352883555754575
15,8,April,23,1.082,17.09821248947419,512.9463746842257,1.0,0.0,17.09821248947419
15,8,April,24,1.082,27.378877541141904,821.3663262342571,1.0,1.0,7.378877541141904
15,8,April,25,1.082,25.0,750.0,1.0,1.0,5.0
15,8,April,26,1.082,25.0,750.0,1.0,1.0,5.0
15,8,April,27,1.082,23.934963195203707,718.0488958561112,1.0,1.0,3.934963195203707
15,8,April,28,1.082,24.408061523495448,732.2418457048634,1.0,1.0,4.408061523495448
15,8,April,29,1.082,17.83633916666667,535.090175,1.0,-0.0,17.83633916666667
15,8,April,30,1.082,19.758518983055225,592.7555694916567,1.0,-0.0,19.758518983055225
15,8,April,31,1.082,9.057599259040707,271.7279777712212,1.0,-0.0,9.057599259040707
15,8,April,32,1.082,1.061684597215919,31.85053791647757,1.0,-0.0,1.061684597215919
15,8,April,34,1.082,3.882049879860798,116.46149639582393,1.0,-0.0,3.882049879860798
15,8,April,35,1.082,1.5758861666666673,47.27658500000002,1.0,-0.0,1.5758861666666673
15,8,April,36,1.082,1.5758861666666668,47.276585000000004,1.0,-0.0,1.5758861666666668
15,8,April,37,1.082,0.5914872571852423,17.74461771555727,1.0,-0.0,0.5914872571852423
15,8,April,38,1.082,2.534024916666664,76.02074749999991,1.0,-0.0,2.534024916666664
15,8,August,16,1.082,13.976217278848976,433.26273564431824,1.0,-0.0,13.976217278848976
15,8,August,23,1.082,17.661586407103826,547.5091786202186,1.0,0.0,17.66158640710381
15,8,August,24,1.082,23.846190677147817,739.2319109915824,1.0,1.0,3.846190677147817
15,8,August,25,1.082,12.065114516129032,374.01855,1.0,-0.0,12.065114516129032
15,8,August,26,1.082,12.065114516129032,374.01855,1.0,-0.0,12.065114516129032
15,8,August,27,1.082,23.011836998967027,713.3669469679778,1.0,1.0,3.011836998966853
15,8,August,28,1.082,23.484935327258768,728.0329951450218,1.0,1.0,3.484935327258743
15,8,August,29,1.082,10.435723709677422,323.5074350000001,1.0,-0.0,10.435723709677422
15,8,August,30,1.082,10.435723709677422,323.5074350000001,1.0,-0.0,10.435723709677422
15,8,August,31,1.082,2.7279876085030725,84.56761586359525,1.0,-0.0,2.7279876085030725
15,8,August,34,1.082,2.569430369108111,79.65234144235144,1.0,-0.0,2.569430369108111
15,8,August,35,1.082,0.7630242279510377,23.65375106648217,1.0,-0.0,0.7630242279510377
15,8,December,16,1.082,13.976217278848976,433.26273564431824,1.0,-0.0,13.976217278848976
15,8,December,23,1.082,17.661586407103822,547.5091786202184,1.0,-0.0,17.661586407103822
15,8,December,24,1.082,23.846190677147817,739.2319109915824,1.0,1.0,3.846190677147817
15,8,December,25,1.082,0.7428448387096784,23.02819000000003,1.0,-0.0,0.7428448387096784
15,8,December,26,1.082,10.17217941954732,315.3375620059669,1.0,-0.0,10.17217941954732
15,8,December,27,1.082,25.0,775.0,1.0,1.0,5.0
15,8,December,28,1.082,25.0,775.0,1.0,1.0,5.0
15,8,December,33,1.082,8.385808105049534,259.96005125653556,1.0,-0.0,8.385808105049534
15,8,February,16,1.082,13.976217278848974,391.33408380777126,1.0,-0.0,13.976217278848974
15,8,February,23,1.082,17.661586407103822,494.524419398907,1.0,-0.0,17.661586407103822
15,8,February,24,1.082,23.846190677147817,667.6933389601388,1.0,1.0,3.846190677147817
15,8,February,25,1.082,7.800347232142859,218.40972250000004,1.0,-0.0,7.800347232142859
15,8,February,26,1.082,10.17217941954732,284.82102374732494,1.0,-0.0,10.17217941954732
15,8,February,27,1.082,25.0,700.0,1.0,1.0,5.0
15,8,February,28,1.082,25.0,700.0,1.0,1.0,5.0
15,8,February,29,1.082,6.436750803571431,180.22902250000007,1.0,-0.0,6.436750803571431
15,8,February,30,1.082,6.436750803571431,180.22902250000007,1.0,-0.0,6.436750803571431
15,8,February,33,1.082,1.9628249111435148,54.95909751201842,1.0,-0.0,1.9628249111435148
15,8,January,16,1.082,13.976217278848976,433.26273564431824,1.0,-0.0,13.976217278848976
15,8,January,23,1.082,17.661586407103826,547.5091786202186,1.0,-0.0,17.661586407103826
15,8,January,24,1.082,23.846190677147817,739.2319109915824,1.0,1.0,3.846190677147817
15,8,January,25,1.082,3.5552812903225837,110.2137200000001,1.0,-0.0,3.5552812903225837
15,8,January,26,1.082,10.17217941954732,315.3375620059669,1.0,-0.0,10.17217941954732
15,8,January,27,1.082,25.0,775.0,1.0,1.0,5.0
15,8,January,28,1.082,25.0,775.0,1.0,1.0,5.0
15,8,January,33,1.082,8.385808105049534,259.96005125653556,1.0,-0.0,8.385808105049534
15,8,July,16,1.082,13.976217278848974,433.2627356443182,1.0,-0.0,13.976217278848974
15,8,July,22,1.082,0.6458200288728602,20.020420895058663,1.0,-0.0,0.6458200288728602
15,8,July,23,1.082,17.661586407103826,547.5091786202186,1.0,-0.0,17.661586407103826
15,8,July,24,1.082,23.846190677147817,739.2319109915824,1.0,1.0,3.846190677147817
15,8,July,25,1.082,15.704328870967746,486.83419500000014,1.0,-0.0,15.704328870967746
15,8,July,26,1.082,15.704328870967746,486.83419500000014,1.0,-0.0,15.704328870967746
15,8,July,27,1.082,21.30954949896703,660.5960344679779,1.0,1.0,1.30954949896703
15,8,July,28,1.082,21.78264782725877,675.2620826450219,1.0,1.0,1.7826478272587707
15,8,July,29,1.082,12.724267580645162,394.452295,1.0,-0.0,12.724267580645162
15,8,July,30,1.082,12.724267580645162,394.452295,1.0,-0.0,12.724267580645162
15,8,July,31,1.082,3.6586143826966167,113.41704586359512,1.0,-0.0,3.6586143826966167
15,8,July,34,1.082,4.056819320721012,125.76139894235138,1.0,-0.0,4.056819320721012
15,8,July,35,1.082,1.1875587903225826,36.81432250000006,1.0,-0.0,1.1875587903225826
15,8,July,36,1.082,2.9606332732830567,91.77963147177476,1.0,-0.0,2.9606332732830567
15,8,July,37,1.082,1.9706116181395332,61.08896016232553,1.0,-0.0,1.9706116181395332
15,8,July,38,1.082,1.1624029032258065,36.034490000000005,1.0,-0.0,1.1624029032258065
15,8,June,16,1.082,13.976217278848974,419.28651836546925,1.0,-0.0,13.976217278848974
15,8,June,22,1.082,10.575136722421242,317.25410167263726,1.0,-0.0,10.575136722421242
15,8,June,23,1.082,17.661586407103822,529.8475922131147,1.0,-0.0,17.661586407103822
15,8,June,24,1.082,26.425488707808626,792.7646612342587,1.0,1.0,6.425488707808626
15,8,June,25,1.082,25.0,750.0,1.0,1.0,5.0
15,8,June,26,1.082,25.0,750.0,1.0,1.0,5.0
15,8,June,27,1.082,25.0,750.0,1.0,1.0,5.0
15,8,June,28,1.082,25.0,750.0,1.0,1.0,5.0
15,8,June,29,1.082,21.642069583333335,649.2620875,1.0,1.0,1.6420695833333312
15,8,June,30,1.082,22.09074696688734,662.7224090066202,1.0,1.0,2.090746966887341
15,8,June,31,1.082,12.104403009040707,363.1320902712212,1.0,-0.0,12.104403009040707
15,8,June,32,1.082,4.108488347215923,123.25465041647769,1.0,-0.0,4.108488347215923
15,8,June,33,1.082,0.5902547638825801,17.707642916477404,1.0,-0.0,0.5902547638825801
15,8,June,34,1.082,10.703736379860798,321.11209139582394,1.0,-0.0,10.703736379860798
15,8,June,35,1.082,4.580997833333333,137.429935,1.0,-0.0,4.580997833333333
15,8,June,36,1.082,4.580997833333334,137.42993500000003,1.0,-0.0,4.580997833333334
15,8,June,37,1.082,1.26083125,37.824937500000004,1.0,-0.0,1.26083125
15,8,June,38,1.082,1.26083125,37.824937500000004,1.0,-0.0,1.26083125
15,8,March,16,1.082,13.976217278848974,433.2627356443182,1.0,-0.0,13.976217278848974
15,8,March,23,1.082,17.661586407103826,547.5091786202186,1.0,-0.0,17.661586407103826
15,8,March,24,1.082,23.846190677147817,739.2319109915824,1.0,1.0,3.846190677147817
15,8,March,25,1.082,11.430227500000004,354.33705250000014,1.0,-0.0,11.430227500000004
15,8,March,26,1.082,11.430227500000004,354.33705250000014,1.0,-0.0,11.430227500000004
15,8,March,27,1.082,25.0,775.0,1.0,1.0,5.0
15,8,March,28,1.082,25.0,775.0,1.0,1.0,5.0
15,8,March,29,1.082,7.199129435483871,223.1730125,1.0,-0.0,7.199129435483871
15,8,March,30,1.082,7.199129435483871,223.1730125,1.0,-0.0,7.199129435483871
15,8,March,31,1.082,1.8880641407611325,58.52998836359511,1.0,-0.0,1.8880641407611325
15,8,March,34,1.082,1.0482675465274625,32.496293942351336,1.0,-0.0,1.0482675465274625
15,8,March,37,1.082,0.11988076491935476,3.7163037124999976,1.0,-0.0,0.11988076491935476
15,8,March,38,1.082,2.5,77.5,1.0,-0.0,2.5
15,8,May,16,1.082,13.976217278848974,433.2627356443182,1.0,-0.0,13.976217278848974
15,8,May,22,1.082,16.067093819195442,498.0799083950587,1.0,0.0,16.067093819195442
15,8,May,23,1.082,17.661586407103822,547.5091786202184,1.0,-0.0,17.661586407103822
15,8,May,24,1.082,23.846190677147817,739.2319109915824,1.0,1.0,3.846190677147817
15,8,May,25,1.082,25.0,775.0,1.0,1.0,5.0
15,8,May,26,1.082,25.0,775.0,1.0,1.0,5.0
15,8,May,27,1.082,25.0,775.0,1.0,1.0,5.0
15,8,May,28,1.082,25.0,775.0,1.0,1.0,5.0
15,8,May,29,1.082,24.4627895967742,758.3464775000002,1.0,1.0,4.462789596774201
15,8,May,30,1.082,24.4627895967742,758.3464775000002,1.0,1.0,4.462789596774201
15,8,May,31,1.082,12.410997769793386,384.740930863595,1.0,-0.0,12.410997769793386
15,8,May,32,1.082,4.415083107968604,136.86757634702673,1.0,-0.0,4.415083107968604
15,8,May,34,1.082,7.3893229497532715,229.0690114423514,1.0,-0.0,7.3893229497532715
15,8,May,35,1.082,3.4319641129032266,106.39088750000002,1.0,-0.0,3.4319641129032266
15,8,May,36,1.082,5.788214112903228,179.43463750000006,1.0,-0.0,5.788214112903228
15,8,May,37,1.082,3.318780645161288,102.88219999999993,1.0,-0.0,3.318780645161288
15,8,May,38,1.082,3.318780645161288,102.88219999999993,1.0,-0.0,3.318780645161288
15,8,November,16,1.082,13.976217278848974,419.28651836546925,1.0,-0.0,13.976217278848974
15,8,November,19,1.082,2.4217736513850814,72.65320954155244,1.0,-0.0,2.4217736513850814
15,8,November,23,1.082,17.661586407103826,529.8475922131148,1.0,-0.0,17.661586407103826
15,8,November,24,1.082,23.846190677147817,715.3857203144345,1.0,1.0,3.846190677147817
15,8,November,25,1.082,3.6034226666666695,108.10268000000009,1.0,-0.0,3.6034226666666695
15,8,November,26,1.082,10.172179419547348,305.16538258642044,1.0,-0.0,10.172179419547348
15,8,November,27,1.082,25.0,750.0,1.0,1.0,5.0
15,8,November,28,1.082,25.0,750.0,1.0,1.0,5.0
15,8,November,33,1.082,8.385808105049534,251.57424315148603,1.0,-0.0,8.385808105049534
15,8,October,16,1.082,13.976217278848974,433.2627356443182,1.0,-0.0,13.976217278848974
15,8,October,23,1.082,17.661586407103826,547.5091786202186,1.0,-0.0,17.661586407103826
15,8,October,24,1.082,23.846190677147817,739.2319109915824,1.0,1.0,3.846190677147817
15,8,October,25,1.082,6.7262518548387105,208.5138075,1.0,-0.0,6.7262518548387105
15,8,October,26,1.082,10.17217941954732,315.3375620059669,1.0,-0.0,10.17217941954732
15,8,October,27,1.082,25.0,775.0,1.0,1.0,5.0
15,8,October,28,1.082,25.0,775.0,1.0,1.0,5.0
15,8,October,29,1.082,2.918474354838712,90.47270500000008,1.0,-0.0,2.918474354838712
15,8,October,30,1.082,2.918474354838712,90.47270500000008,1.0,-0.0,2.918474354838712
15,8,October,33,1.082,8.385808105049534,259.96005125653556,1.0,-0.0,8.385808105049534
15,8,September,16,1.082,13.976217278848974,419.28651836546925,1.0,0.0,13.976217278848974
15,8,September,23,1.082,17.661586407103826,529.8475922131148,1.0,-0.0,17.661586407103826
15,8,September,24,1.082,23.846190677147817,715.3857203144345,1.0,1.0,3.846190677147817
15,8,September,25,1.082,15.615903833333338,468.47711500000014,1.0,-0.0,15.615903833333338
15,8,September,26,1.082,15.615903833333338,468.47711500000014,1.0,-0.0,15.615903833333338
15,8,September,27,1.082,23.251099445203593,697.5329833561078,1.0,1.0,3.2510994452035042
15,8,September,28,1.082,23.72419777349533,711.7259332048599,1.0,1.0,3.72419777349533
15,8,September,29,1.082,9.919885166666667,297.596555,1.0,-0.0,9.919885166666667
15,8,September,30,1.082,9.919885166666667,297.596555,1.0,-0.0,9.919885166666667
15,8,September,33,1.082,4.490083573029215,134.70250719087645,1.0,-0.0,4.490083573029215
15,22,April,18,1.3667,32.10362366722478,963.1087100167434,1.0,1.0,12.103623667224657
15,22,April,19,1.3667,2.421773651385081,72.65320954155243,1.0,-0.0,2.421773651385081
15,22,April,22,1.3667,2.451018914425944,73.53056743277833,1.0,-0.0,2.451018914425944
15,22,April,23,1.3667,32.71146241645225,981.3438724935675,1.0,1.0,12.71146241645225
15,22,April,24,1.3667,14.497183780781334,434.91551342344,1.0,-0.0,14.497183780781334
15,22,April,25,1.3667,14.871957074834366,446.158712245031,1.0,-0.0,14.871957074834366
15,22,August,18,1.3667,32.10362366722478,995.2123336839682,1.0,1.0,12.103623667224781
15,22,August,19,1.3667,2.421773651385081,75.07498319293751,1.0,-0.0,2.421773651385081
15,22,August,23,1.3667,15.350771749785695,475.87392424335656,1.0,-0.0,15.350771749785695
15,22,December,18,1.3667,32.10362366722478,995.2123336839682,1.0,1.0,12.103623667224781
15,22,December,19,1.3667,2.421773651385081,75.07498319293751,1.0,-0.0,2.421773651385081
15,22,December,23,1.3667,15.350771749785695,475.87392424335656,1.0,-0.0,15.350771749785695
15,22,February,18,1.3667,32.10362366722478,898.9014626822939,1.0,1.0,12.103623667224657
15,22,February,19,1.3667,2.4217736513851094,67.80966223878306,1.0,-0.0,2.4217736513851094
15,22,February,23,1.3667,15.350771749786807,429.8216089940306,1.0,-0.0,15.350771749786807
15,22,January,18,1.3667,32.10362366722478,995.2123336839682,1.0,1.0,12.103623667224777
15,22,January,19,1.3667,2.421773651385081,75.07498319293751,1.0,-0.0,2.421773651385081
15,22,January,23,1.3667,15.350771749785695,475.87392424335656,1.0,-0.0,15.350771749785695
15,22,July,18,1.3667,32.10362366722478,995.2123336839682,1.0,1.0,12.103623667224781
15,22,July,19,1.3667,2.421773651385081,75.07498319293751,1.0,-0.0,2.421773651385081
15,22,July,23,1.3667,18.506061104624294,573.6878942433531,1.0,-0.0,18.506061104624294
15,22,June,11,1.3667,1.3437804999998804,40.31341499999641,1.0,-0.0,1.3437804999998804
15,22,June,18,1.3667,32.10362366722478,963.1087100167434,1.0,1.0,12.103623667224781
15,22,June,19,1.3667,2.4217736513850814,72.65320954155244,1.0,-0.0,2.4217736513850814
15,22,June,22,1.3667,4.847716081092614,145.4314824327784,1.0,-0.0,4.847716081092614
15,22,June,23,1.3667,33.664851249785585,1009.9455374935676,1.0,1.0,13.664851249785585
15,22,June,24,1.3667,15.450572614114662,463.5171784234399,1.0,-0.0,15.450572614114662
15,22,June,25,1.3667,15.035741741501038,451.07225224503117,1.0,-0.0,15.035741741501038
15,22,March,18,1.3667,32.10362366722478,995.2123336839682,1.0,1.0,12.103623667224783
15,22,March,19,1.3667,2.421773651385081,75.07498319293751,1.0,-0.0,2.421773651385081
15,22,March,23,1.3667,15.350771749785695,475.87392424335656,1.0,-0.0,15.350771749785695
15,22,May,18,1.3667,32.10362366722478,995.2123336839682,1.0,1.0,12.103623667224781
15,22,May,19,1.3667,2.4217736513850525,75.07498319293663,1.0,-0.0,2.4217736513850525
15,22,May,22,1.3667,13.670700917253185,423.7917284348488,1.0,-0.0,13.670700917253185
15,22,May,23,1.3667,19.483199183586088,603.9791746911687,1.0,-0.0,19.483199183586088
15,22,May,24,1.3667,18.02987064477547,558.9259899880396,1.0,-0.0,18.02987064477547
15,22,November,18,1.3667,32.10362366722478,963.1087100167434,1.0,1.0,12.103623667224777
15,22,November,23,1.3667,15.350771749785695,460.5231524935708,1.0,-0.0,15.350771749785695
15,22,October,18,1.3667,32.10362366722478,995.2123336839682,1.0,1.0,12.103623667224777
15,22,October,19,1.3667,2.421773651385081,75.07498319293751,1.0,-0.0,2.421773651385081
15,22,October,23,1.3667,15.350771749785695,475.87392424335656,1.0,-0.0,15.350771749785695
15,22,September,18,1.3667,32.10362366722478,963.1087100167434,1.0,1.0,12.103623667224781
15,22,September,19,1.3667,2.421773651385095,72.65320954155285,1.0,-0.0,2.421773651385095
15,22,September,23,1.3667,15.350771749785695,460.5231524935708,1.0,-0.0,15.350771749785695
15,23,April,17,1.2323,33.355430248525444,1000.6629074557633,1.0,1.0,13.355430248525444
15,23,April,18,1.2323,22.063997850368395,661.9199355110518,1.0,1.0,2.063997850368395
15,23,August,17,1.2323,33.355430248525444,1034.0183377042888,1.0,1.0,13.355430248525444
15,23,August,18,1.2323,22.063997850368395,683.9839333614202,1.0,1.0,2.063997850368395
15,23,August,24,1.2323,18.02987064477547,558.9259899880396,1.0,-0.0,18.02987064477547
15,23,December,17,1.2323,33.355430248525444,1034.0183377042888,1.0,1.0,13.355430248525444
15,23,December,18,1.2323,22.063997850368395,683.9839333614202,1.0,1.0,2.063997850368395
15,23,December,24,1.2323,18.029870644775414,558.9259899880378,1.0,-0.0,18.029870644775414
15,23,February,17,1.2323,33.355430248525415,933.9520469587117,1.0,1.0,13.355430248525415
15,23,February,18,1.2323,22.063997850368395,617.7919398103151,1.0,1.0,2.0639978503683936
15,23,February,24,1.2323,18.02987064477547,504.8363780537132,1.0,-0.0,18.02987064477547
15,23,January,17,1.2323,33.35543024852539,1034.018337704287,1.0,1.0,13.355430248525387
15,23,January,18,1.2323,22.063997850368395,683.9839333614202,1.0,1.0,2.063997850368395
15,23,January,24,1.2323,18.029870644775414,558.9259899880378,1.0,-0.0,18.029870644775414
15,23,July,17,1.2323,33.355430248525444,1034.0183377042888,1.0,1.0,13.355430248525417
15,23,July,18,1.2323,22.063997850368395,683.9839333614202,1.0,1.0,2.063997850368395
15,23,July,24,1.2323,18.02987064477547,558.9259899880396,1.0,-0.0,18.02987064477547
15,23,June,9,1.2323,0.6253052399049879,18.759157197149637,1.0,-0.0,0.6253052399049879
15,23,June,10,1.2323,1.7360850000000005,52.08255000000002,1.0,-0.0,1.7360850000000005
15,23,June,11,1.2323,1.3732274514472496,41.19682354341749,1.0,-0.0,1.3732274514472496
15,23,June,17,1.2323,33.355430248525444,1000.6629074557633,1.0,1.0,13.355430248525444
15,23,June,18,1.2323,22.063997850368395,661.9199355110518,1.0,1.0,2.063997850368395
15,23,March,17,1.2323,33.35543024852539,1034.018337704287,1.0,1.0,13.355430248525387
15,23,March,18,1.2323,22.063997850368395,683.9839333614202,1.0,1.0,2.0639978503679757
15,23,March,24,1.2323,18.02987064477547,558.9259899880396,1.0,-0.0,18.02987064477547
15,23,May,17,1.2323,33.355430248525444,1034.0183377042888,1.0,1.0,13.355430248525444
15,23,May,18,1.2323,22.063997850368395,683.9839333614202,1.0,1.0,2.0639978503683936
15,23,November,17,1.2323,33.35543024852539,1000.6629074557616,1.0,1.0,13.355430248525387
15,23,November,18,1.2323,22.063997850368395,661.9199355110518,1.0,1.0,2.063997850368395
15,23,November,24,1.2323,18.029870644775414,540.8961193432624,1.0,-0.0,18.029870644775414
15,23,October,17,1.2323,33.355430248525444,1034.0183377042888,1.0,1.0,13.355430248525444
15,23,October,18,1.2323,22.063997850368395,683.9839333614202,1.0,1.0,2.063997850368395
15,23,October,24,1.2323,18.02987064477547,558.9259899880396,1.0,-0.0,18.02987064477547
15,23,September,17,1.2323,33.355430248525444,1000.6629074557633,1.0,1.0,13.35543024852544
15,23,September,18,1.2323,22.063997850368395,661.9199355110518,1.0,1.0,2.0639978503679757
15,23,September,24,1.2323,18.02987064477547,540.8961193432641,1.0,-0.0,18.02987064477547
16,24,April,17,1.041,13.503823654091065,405.11470962273194,1.0,0.0,13.503823654091065
16,24,August,17,1.041,13.503823654091207,418.6185332768274,1.0,-0.0,13.503823654091207
16,24,December,17,1.041,13.503823654091207,418.6185332768274,1.0,0.0,13.503823654091207
16,24,February,17,1.041,13.503823654091207,378.1070623145538,1.0,-0.0,13.503823654091207
16,24,January,17,1.041,13.503823654091065,418.618533276823,1.0,-0.0,13.503823654091065
16,24,July,17,1.041,13.503823654091065,418.618533276823,1.0,-0.0,13.503823654091065
16,24,June,17,1.041,13.503823654091207,405.1147096227362,1.0,-0.0,13.503823654091207
16,24,March,17,1.041,13.503823654091065,418.618533276823,1.0,-0.0,13.503823654091065
16,24,May,17,1.041,13.503823654091207,418.6185332768274,1.0,-0.0,13.503823654091207
16,24,November,17,1.041,13.503823654091207,405.1147096227362,1.0,-0.0,13.503823654091207
16,24,October,17,1.041,13.503823654091207,418.6185332768274,1.0,-0.0,13.503823654091207
16,24,September,17,1.041,13.503823654091207,405.1147096227362,1.0,-0.0,13.503823654091207
17,9,April,26,1.3851,14.434377176937558,433.03131530812675,1.0,0.0,14.434377176937558
17,9,April,27,1.3851,8.0391506303915,241.174518911745,1.0,-0.0,8.0391506303915
17,9,April,28,1.3851,4.690420966346927,140.71262899040784,1.0,-0.0,4.690420966346927
17,9,August,28,1.3851,4.690420966346927,145.40304995675476,1.0,-0.0,4.690420966346927
17,9,December,28,1.3851,4.690420966346927,145.40304995675476,1.0,-0.0,4.690420966346927
17,9,February,28,1.3851,4.690420966346927,131.33178705771397,1.0,-0.0,4.690420966346927
17,9,January,28,1.3851,4.690420966346927,145.40304995675476,1.0,-0.0,4.690420966346927
17,9,June,26,1.3851,14.434377176937558,433.03131530812675,1.0,-0.0,14.434377176937558
17,9,June,27,1.3851,8.0391506303915,241.174518911745,1.0,-0.0,8.0391506303915
17,9,June,28,1.3851,4.690420966346927,140.71262899040784,1.0,-0.0,4.690420966346927
17,9,March,28,1.3851,4.690420966346927,145.40304995675476,1.0,-0.0,4.690420966346927
17,9,May,19,1.3851,5.730268939214714,177.63833711565613,1.0,-0.0,5.730268939214714
17,9,May,20,1.3851,4.163389551785464,129.0650761053494,1.0,-0.0,4.163389551785464
17,9,May,28,1.3851,4.690420966346927,145.40304995675476,1.0,-0.0,4.690420966346927
17,9,May,37,1.3851,0.1,3.1,1.0,-0.0,0.1
17,9,May,38,1.3851,0.1,3.1,1.0,-0.0,0.1
17,9,May,41,1.3851,0.1,3.1,1.0,-0.0,0.1
17,9,November,28,1.3851,4.690420966346931,140.71262899040792,1.0,-0.0,4.690420966346931
17,9,October,28,1.3851,4.690420966346927,145.40304995675476,1.0,-0.0,4.690420966346927
17,9,September,28,1.3851,0.1,3.0,1.0,-0.0,0.1
17,10,April,22,1.1152,4.38116631374842,131.43498941245258,1.0,-0.0,4.38116631374842
17,10,April,28,1.1152,54.038567222730634,1621.157016681919,1.0,2.0,14.038567222730634
17,10,April,29,1.1152,13.82797144926037,414.8391434778111,1.0,-0.0,13.82797144926037
17,10,August,28,1.1152,21.73799926040443,673.8779770725373,1.0,1.0,1.737999260404397
17,10,December,28,1.1152,4.060305066856042,125.8694570725373,1.0,-0.0,4.060305066856042
17,10,February,28,1.1152,13.458984352570333,376.85156187196935,1.0,-0.0,13.458984352570333
17,10,January,28,1.1152,4.060305066856042,125.8694570725373,1.0,-0.0,4.060305066856042
17,10,July,28,1.1152,58.72898818907757,1820.5986338614046,1.0,2.0,18.728988189077278
17,10,June,21,1.1152,31.468595248622826,944.0578574586848,1.0,1.0,11.468595248622826
17,10,June,22,1.1152,45.71067381981423,1371.320214594427,1.0,2.0,5.710673819814218
17,10,June,23,1.1152,10.128614077922926,303.8584223376878,1.0,-0.0,10.128614077922926
17,10,June,25,1.1152,19.999999000000024,599.9999700000008,1.0,-0.0,19.999999000000003
17,10,June,26,1.1152,22.76051878192783,682.8155634578349,1.0,1.0,2.7605187819278285
17,10,June,27,1.1152,36.17118946716293,1085.135684014888,1.0,1.0,16.17118946716293
17,10,June,28,1.1152,54.03856722273065,1621.1570166819195,1.0,2.0,14.038567222730649
17,10,June,29,1.1152,51.215166449260366,1536.454993477811,1.0,2.0,11.215166449260366
17,10,June,30,1.1152,19.99999900000016,599.9999700000047,1.0,0.0,19.999999
17,10,March,28,1.1152,4.060305066856042,125.8694570725373,1.0,-0.0,4.060305066856042
17,10,May,21,1.1152,23.960702111526047,742.7817654573074,1.0,1.0,3.9607021115260395
17,10,May,22,1.1152,38.202780682717446,1184.2862011642408,1.0,1.0,18.202780682717446
17,10,May,28,1.1152,54.03856722273066,1675.1955839046504,1.0,2.0,14.038567222730578
17,10,May,29,1.1152,13.82797144926037,428.66711492707145,1.0,-0.0,13.82797144926037
17,10,November,28,1.1152,4.060305066856042,121.80915200568126,1.0,-0.0,4.060305066856042
17,10,October,28,1.1152,4.060305066856042,125.8694570725373,1.0,-0.0,4.060305066856042
17,10,September,28,1.1152,18.628988189098607,558.8696456729582,1.0,-0.0,18.628988189098607
17,24,August,28,1.0749,32.30056796232622,1001.3176068321128,1.0,1.0,12.300567962326193
17,24,December,28,1.0749,49.978262155874596,1549.3261268321125,1.0,2.0,9.978262155874596
17,24,February,28,1.0749,40.579582870160294,1136.2283203644884,1.0,2.0,0.5795828701602872
17,24,January,28,1.0749,49.97826215587465,1549.3261268321141,1.0,2.0,9.978262155874539
17,24,March,28,1.0749,49.978262155874596,1549.3261268321125,1.0,2.0,9.978262155874596
17,24,November,28,1.0749,49.97826215587459,1499.3478646762376,1.0,2.0,9.978262155874589
17,24,October,28,1.0749,49.978262155874596,1549.3261268321125,1.0,2.0,9.978262155874592
17,24,September,28,1.0749,40.0,1200.0,1.0,2.0,0.0
18,10,April,30,1.2157,26.00447417302918,780.1342251908754,1.0,1.0,6.004474173029158
18,10,April,31,1.2157,33.89979984587934,1016.9939953763803,1.0,1.0,13.899799845879343
18,10,August,30,1.2157,13.82797144926037,428.66711492707145,1.0,-0.0,13.82797144926037
18,10,August,31,1.2157,7.920550110366108,245.53705342134936,1.0,-0.0,7.920550110366108
18,10,December,30,1.2157,13.827971449260376,428.6671149270717,1.0,-0.0,13.827971449260376
18,10,December,31,1.2157,7.920550110366108,245.53705342134936,1.0,-0.0,7.920550110366108
18,10,February,30,1.2157,13.82797144926037,387.1832005792903,1.0,-0.0,13.82797144926037
18,10,February,31,1.2157,7.920550110366111,221.77540309025113,1.0,-0.0,7.920550110366111
18,10,January,30,1.2157,13.827971449260408,428.66711492707265,1.0,-0.0,13.827971449260408
18,10,January,31,1.2157,7.920550110366108,245.53705342134936,1.0,-0.0,7.920550110366108
18,10,July,30,1.2157,26.004474173029177,806.1386993639045,1.0,1.0,6.004474173028976
18,10,July,31,1.2157,30.736100804439328,952.8191249376192,1.0,1.0,10.73610080443931
18,10,June,30,1.2157,26.004474173029166,780.134225190875,1.0,1.0,6.004474173028928
18,10,June,31,1.2157,33.89979984587933,1016.9939953763799,1.0,1.0,13.899799845879329
18,10,March,30,1.2157,13.827971449260408,428.66711492707265,1.0,-0.0,13.827971449260408
18,10,March,31,1.2157,7.920550110366108,245.53705342134936,1.0,-0.0,7.920550110366108
18,10,May,30,1.2157,26.00447417302918,806.1386993639046,1.0,1.0,6.004474173029168
18,10,May,31,1.2157,33.89979984587933,1050.893795222259,1.0,1.0,13.899799845879325
18,10,November,30,1.2157,13.82797144926037,414.8391434778111,1.0,-0.0,13.82797144926037
18,10,November,31,1.2157,7.920550110366093,237.61650331098278,1.0,-0.0,7.920550110366093
18,10,October,30,1.2157,13.82797144926037,428.66711492707145,1.0,-0.0,13.82797144926037
18,10,October,31,1.2157,7.920550110366108,245.53705342134936,1.0,-0.0,7.920550110366108
18,10,September,30,1.2157,13.82797144926037,414.8391434778111,1.0,-0.0,13.82797144926037
18,10,September,31,1.2157,7.920550110366108,237.61650331098323,1.0,-0.0,7.920550110366108
18,25,August,30,0.9638,12.176502723768806,377.471584436833,1.0,-0.0,12.176502723768806
18,25,August,31,0.9638,25.97924973551322,805.3567418009098,1.0,1.0,5.979249735513214
18,25,December,30,0.9638,12.176502723768806,377.471584436833,1.0,-0.0,12.176502723768806
18,25,December,31,0.9638,25.97924973551322,805.3567418009098,1.0,1.0,5.979249735513221
18,25,February,30,0.9638,12.176502723768806,340.94207626552657,1.0,-0.0,12.176502723768806
18,25,February,31,0.9638,25.979249735513218,727.4189925943701,1.0,1.0,5.979249735513203
18,25,January,30,0.9638,12.176502723768778,377.47158443683213,1.0,-0.0,12.176502723768778
18,25,January,31,0.9638,25.97924973551322,805.3567418009098,1.0,1.0,5.979249735513221
18,25,July,31,0.9638,3.163699041439969,98.07467028463904,1.0,-0.0,3.163699041439969
18,25,March,30,0.9638,12.176502723768806,377.471584436833,1.0,-0.0,12.176502723768806
18,25,March,31,0.9638,25.97924973551322,805.3567418009098,1.0,1.0,5.979249735513221
18,25,November,30,0.9638,12.176502723768806,365.2950817130642,1.0,-0.0,12.176502723768806
18,25,November,31,0.9638,25.979249735513235,779.3774920653971,1.0,1.0,5.9792497355132355
18,25,October,30,0.9638,12.176502723768806,377.471584436833,1.0,-0.0,12.176502723768806
18,25,October,31,0.9638,25.97924973551322,805.3567418009098,1.0,1.0,5.979249735513218
18,25,September,30,0.9638,12.17650272376882,365.29508171306463,1.0,-0.0,12.17650272376882
18,25,September,31,0.9638,25.97924973551322,779.3774920653966,1.0,1.0,5.979249735513196
19,12,June,14,1.113,1.4911959358518327,44.73587807555498,1.0,0.0,1.4911959358518327
19,12,May,17,1.113,0.5767948742998765,17.88064110329617,1.0,0.0,0.5767948742998765
19,12,May,21,1.113,0.5842915974301199,18.113039520333718,1.0,0.0,0.5842915974301199
21,13,April,19,1.0012,7.577110714688764,227.31332144066295,1.0,-0.0,7.577110714688764
21,13,April,20,1.0012,11.35422119345209,340.62663580356275,1.0,-0.0,11.35422119345209
21,13,April,21,1.0012,18.528144366475864,555.8443309942759,1.0,-0.0,18.528144366475864
21,13,April,22,1.0012,18.528144366475864,555.8443309942759,1.0,-0.0,18.528144366475864
21,13,April,23,1.0012,20.755021033142533,622.650630994276,1.0,1.0,0.7550210331425333
21,13,April,24,1.0012,20.108568345564073,603.2570503669222,1.0,1.0,0.10856834556407335
21,13,April,25,1.0012,12.687733616126316,380.6320084837895,1.0,-0.0,12.687733616126316
21,13,April,26,1.0012,13.428263200107958,402.84789600323876,1.0,-0.0,13.428263200107958
21,13,April,27,1.0012,15.711336932359478,471.34010797078435,1.0,-0.0,15.711336932359478
21,13,April,28,1.0012,7.894231381769444,236.82694145308332,1.0,-0.0,7.894231381769444
21,13,April,30,1.0012,7.920829836499731,237.62489509499193,1.0,-0.0,7.920829836499731
21,13,April,32,1.0012,2.8230108960284923,84.69032688085477,1.0,-0.0,2.8230108960284923
21,13,April,33,1.0012,8.659786666666665,259.79359999999997,1.0,-0.0,8.659786666666665
21,13,April,34,1.0012,8.659786666666665,259.79359999999997,1.0,-0.0,8.659786666666665
21,13,August,20,1.0012,0.46872764506499465,14.530556997014834,1.0,-0.0,0.46872764506499465
21,13,August,21,1.0012,6.205460603035002,192.36927869408507,1.0,-0.0,6.205460603035002
21,13,August,22,1.0012,6.205460603035002,192.36927869408507,1.0,-0.0,6.205460603035002
21,13,August,23,1.0012,7.281526732067261,225.72732869408512,1.0,-0.0,7.281526732067261
21,13,August,24,1.0012,6.635074044488798,205.68729537915274,1.0,-0.0,6.635074044488798
21,13,August,25,1.0012,3.856576242045957,119.55386350342467,1.0,-0.0,3.856576242045957
21,13,August,26,1.0012,2.186301795322514,67.77535565499792,1.0,-0.0,2.186301795322514
21,13,August,27,1.0012,1.4072530613917351,43.62484490314379,1.0,-0.0,1.4072530613917351
21,13,August,28,1.0012,6.495376275110375,201.35666452842162,1.0,-0.0,6.495376275110375
21,13,August,33,1.0012,5.517916174877659,171.05540142120742,1.0,-0.0,5.517916174877659
21,13,August,34,1.0012,0.1,3.1,1.0,-0.0,0.1
21,13,February,28,1.0012,2.965563717506692,83.03578409018738,1.0,-0.0,2.965563717506692
21,13,July,19,1.0012,0.17689619855973449,5.483782155351769,1.0,-0.0,0.17689619855973449
21,13,July,20,1.0012,3.9540066773230613,122.5742069970149,1.0,-0.0,3.9540066773230613
21,13,July,21,1.0012,9.670300925615651,299.77932869408517,1.0,-0.0,9.670300925615651
21,13,July,22,1.0012,9.670300925615651,299.77932869408517,1.0,-0.0,9.670300925615651
21,13,July,23,1.0012,10.406715441744685,322.60817869408527,1.0,-0.0,10.406715441744685
21,13,July,24,1.0012,9.760262754166222,302.5681453791529,1.0,-0.0,9.760262754166222
21,13,July,25,1.0012,7.204032592411007,223.32501036474122,1.0,-0.0,7.204032592411007
21,13,July,26,1.0012,10.362248683978928,321.2297092033468,1.0,-0.0,10.362248683978928
21,13,July,27,1.0012,4.663803061391736,144.5778949031438,1.0,-0.0,4.663803061391736
21,13,July,28,1.0012,9.751926275110376,302.3097145284217,1.0,-0.0,9.751926275110376
21,13,July,33,1.0012,4.1866794085236325,129.7870616642326,1.0,-0.0,4.1866794085236325
21,13,July,34,1.0012,8.874587096774192,275.1122,1.0,-0.0,8.874587096774192
21,13,July,36,1.0012,1.8821543660991606,58.34678534907398,1.0,-0.0,1.8821543660991606
21,13,July,37,1.0012,3.04673804032258,94.44887924999998,1.0,-0.0,3.04673804032258
21,13,June,19,1.0012,7.736097381355439,232.08292144066317,1.0,-0.0,7.736097381355439
21,13,June,20,1.0012,11.513207860118765,345.39623580356294,1.0,-0.0,11.513207860118765
21,13,June,21,1.0012,18.30093705938429,549.0281117815287,1.0,-0.0,18.30093705938429
21,13,June,22,1.0012,20.2740826998092,608.222480994276,1.0,1.0,0.27408269980919897
21,13,June,23,1.0012,13.949542699809195,418.48628099427583,1.0,-0.0,13.949542699809195
21,13,June,24,1.0012,14.742656361826056,442.2796908547817,1.0,-0.0,14.742656361826056
21,13,June,25,1.0012,19.014681510863163,570.4404453258949,1.0,-0.0,19.014681510863163
21,13,June,26,1.0012,19.543491262867356,586.3047378860207,1.0,-0.0,19.543491262867356
21,13,June,27,1.0012,22.337638599026143,670.1291579707843,1.0,1.0,2.3376385990261426
21,13,June,28,1.0012,7.010978381769448,210.32935145308343,1.0,-0.0,7.010978381769448
21,13,June,30,1.0012,9.52563816983307,285.7691450949921,1.0,-0.0,9.52563816983307
21,13,June,31,1.0012,2.6646854759675414,79.94056427902623,1.0,-0.0,2.6646854759675414
21,13,June,32,1.0012,7.7643501885852295,232.9305056575569,1.0,-0.0,7.7643501885852295
21,13,June,33,1.0012,13.971356666666667,419.1407,1.0,-0.0,13.971356666666667
21,13,June,34,1.0012,13.971356666666667,419.1407,1.0,-0.0,13.971356666666667
21,13,June,35,1.0012,0.8462694933870045,25.388084801610134,1.0,0.0,0.8462694933870045
21,13,June,36,1.0012,3.2592519512420837,97.77755853726251,1.0,-0.0,3.2592519512420837
21,13,June,37,1.0012,1.8844961208333322,56.534883624999964,1.0,-0.0,1.8844961208333322
21,13,June,38,1.0012,1.549625,46.48875,1.0,-0.0,1.549625
21,13,June,40,1.0012,0.3710483333333333,11.13145,1.0,-0.0,0.3710483333333333
21,13,March,21,1.0012,5.008358990131777,155.2591286940851,1.0,-0.0,5.008358990131777
21,13,March,22,1.0012,5.008358990131777,155.2591286940851,1.0,-0.0,5.008358990131777
21,13,March,23,1.0012,4.8024191211500575,148.8749927556518,1.0,-0.0,4.8024191211500575
21,13,March,24,1.0012,6.371748238037183,197.52419537915267,1.0,-0.0,6.371748238037183
21,13,March,28,1.0012,2.368016597691022,73.40851452842168,1.0,-0.0,2.368016597691022
21,13,May,19,1.0012,9.370018677381992,290.47057899884175,1.0,-0.0,9.370018677381992
21,13,May,20,1.0012,20.29257119345221,629.0697069970186,1.0,1.0,0.2925711934522113
21,13,May,21,1.0012,12.807941760997188,397.0461945909128,1.0,-0.0,12.807941760997188
21,13,May,22,1.0012,24.075047699810412,746.3264786941228,1.0,1.0,4.075047699805001
21,13,May,23,1.0012,13.075047699809199,405.32647869408515,1.0,-0.0,13.075047699809199
21,13,May,24,1.0012,12.428595012230735,385.2864453791528,1.0,-0.0,12.428595012230735
21,13,May,25,1.0012,10.955318177529833,339.61486350342483,1.0,-0.0,10.955318177529833
21,13,May,26,1.0012,12.988213200107959,402.6346092033467,1.0,-0.0,12.988213200107959
21,13,May,27,1.0012,15.71133693235948,487.0514449031439,1.0,-0.0,15.71133693235948
21,13,May,28,1.0012,2.497912250049019,77.4352797515196,1.0,-0.0,2.497912250049019
21,13,May,30,1.0012,7.9264465031663995,245.71984159815838,1.0,-0.0,7.9264465031663995
21,13,May,31,1.0012,3.041505852311623,94.28668142166032,1.0,-0.0,3.041505852311623
21,13,May,32,1.0012,8.141170564929311,252.37628751280863,1.0,-0.0,8.141170564929311
21,13,May,33,1.0012,12.970401612903226,402.08245,1.0,-0.0,12.970401612903226
21,13,May,34,1.0012,12.970401612903226,402.08245,1.0,-0.0,12.970401612903226
21,13,May,36,1.0012,1.2392072657506668,38.41542523827067,1.0,-0.0,1.2392072657506668
21,13,May,37,1.0012,1.0063225806451612,31.195999999999998,1.0,-0.0,1.0063225806451612
21,13,May,38,1.0012,1.0063225806451612,31.195999999999998,1.0,-0.0,1.0063225806451612
21,13,September,21,1.0012,7.487921033142532,224.63763099427598,1.0,-0.0,7.487921033142532
21,13,September,22,1.0012,7.487921033142532,224.63763099427598,1.0,-0.0,7.487921033142532
21,13,September,23,1.0012,8.023859366475863,240.7157809942759,1.0,-0.0,8.023859366475863
21,13,September,24,1.0012,7.377406678897399,221.32220036692198,1.0,-0.0,7.377406678897399
21,13,September,25,1.0012,8.220674844196498,246.62024532589496,1.0,-0.0,8.220674844196498
21,13,September,26,1.0012,5.9164088920967135,177.4922667629014,1.0,-0.0,5.9164088920967135
21,13,September,27,1.0012,0.9495335990261466,28.4860079707844,1.0,-0.0,0.9495335990261466
21,13,September,28,1.0012,6.037656812744787,181.12970438234362,1.0,-0.0,6.037656812744787
21,14,June,13,1.2286,9.076945687761826,272.3083706328548,1.0,-0.0,9.076945687761826
21,14,June,22,1.2286,2.926932010738625,87.80796032215875,1.0,-0.0,2.926932010738625
21,14,June,24,1.2286,1.8839160512704822,56.51748153811447,1.0,-0.0,1.8839160512704822
22,21,April,29,1.0533,5.095305618741506,152.85916856224517,1.0,-0.0,5.095305618741506
22,21,June,7,1.0533,0.1268469166666667,3.805407500000001,1.0,-0.0,0.1268469166666667
22,21,June,8,1.0533,0.1268469166666799,3.8054075000003973,1.0,0.0,0.1268469166666799
22,21,June,29,1.0533,6.765765202074842,202.97295606224526,1.0,-0.0,6.765765202074842
22,21,May,29,1.0533,4.078424785408167,126.43116834765317,1.0,-0.0,4.078424785408167
23,15,June,13,1.2323,4.880911502008033,146.42734506024098,1.0,-0.0,4.880911502008033
23,16,April,19,1.1232,48.55475356571159,1456.6426069713477,1.0,2.0,8.554753565711593
23,16,April,20,1.1232,18.801076349194943,564.0322904758483,1.0,-0.0,18.801076349194943
23,16,August,19,1.1232,48.55475356571159,1505.1973605370595,1.0,2.0,8.554753565711593
23,16,August,20,1.1232,18.801076349194943,582.8333668250432,1.0,-0.0,18.801076349194943
23,16,December,19,1.1232,48.55475356571159,1505.1973605370595,1.0,2.0,8.554753565711593
23,16,December,20,1.1232,18.801076349194943,582.8333668250432,1.0,-0.0,18.801076349194943
23,16,February,19,1.1232,48.55475356571159,1359.5330998399245,1.0,2.0,8.554753565711593
23,16,February,20,1.1232,18.801076349194943,526.4301377774584,1.0,-0.0,18.801076349194943
23,16,January,19,1.1232,48.55475356571159,1505.1973605370595,1.0,2.0,8.554753565711593
23,16,January,20,1.1232,18.801076349194943,582.8333668250432,1.0,-0.0,18.801076349194943
23,16,July,19,1.1232,48.55475356571159,1505.1973605370595,1.0,2.0,8.554753565711593
23,16,July,20,1.1232,18.801076349194943,582.8333668250432,1.0,0.0,18.801076349194734
23,16,June,19,1.1232,48.55475356571159,1456.6426069713477,1.0,2.0,8.554753565711593
23,16,June,20,1.1232,18.801076349194943,564.0322904758483,1.0,-0.0,18.801076349194943
23,16,March,19,1.1232,48.55475356571159,1505.1973605370595,1.0,2.0,8.554753565711593
23,16,March,20,1.1232,18.801076349194943,582.8333668250432,1.0,-0.0,18.801076349194943
23,16,May,19,1.1232,48.55475356571159,1505.1973605370595,1.0,2.0,8.554753565711593
23,16,May,20,1.1232,18.801076349194943,582.8333668250432,1.0,0.0,18.801076349194943
23,16,November,19,1.1232,48.55475356571159,1456.6426069713477,1.0,2.0,8.554753565711593
23,16,November,20,1.1232,18.801076349194943,564.0322904758483,1.0,-0.0,18.801076349194943
23,16,October,19,1.1232,48.55475356571159,1505.1973605370595,1.0,2.0,8.554753565711593
23,16,October,20,1.1232,18.801076349194943,582.8333668250432,1.0,-0.0,18.801076349194943
23,16,September,19,1.1232,48.55475356571159,1456.6426069713477,1.0,2.0,8.554753565711593
23,16,September,20,1.1232,18.801076349194943,564.0322904758483,1.0,-0.0,18.801076349194943
24,16,April,11,1.041,0.9929400000000003,29.788200000000007,1.0,0.0,0.9929400000000003
24,16,April,34,1.041,6.4907446404967,194.722339214901,1.0,-0.0,6.4907446404967
24,16,August,11,1.041,1.241450806451613,38.484975000000006,1.0,-0.0,1.241450806451613
24,16,August,34,1.041,6.490744640496644,201.21308385539595,1.0,-0.0,6.490744640496644
24,16,December,34,1.041,6.490744640496665,201.2130838553966,1.0,-0.0,6.490744640496665
24,16,February,34,1.041,6.4907446404967,181.7408499339076,1.0,-0.0,6.4907446404967
24,16,January,34,1.041,6.4907446404967,201.2130838553977,1.0,-0.0,6.4907446404967
24,16,July,11,1.041,3.290210080645162,101.99651250000002,1.0,-0.0,3.290210080645162
24,16,July,34,1.041,6.490744640496644,201.21308385539595,1.0,-0.0,6.490744640496644
24,16,June,11,1.041,3.6274087500000083,108.82226250000025,1.0,-0.0,3.6274087500000083
24,16,June,34,1.041,6.490744640496644,194.7223392148993,1.0,-0.0,6.490744640496644
24,16,March,34,1.041,6.490744640496644,201.21308385539595,1.0,-0.0,6.490744640496644
24,16,May,11,1.041,3.6688463709677426,113.73423750000002,1.0,-0.0,3.6688463709677426
24,16,May,34,1.041,6.4907446404967,201.2130838553977,1.0,-0.0,6.4907446404967
24,16,November,34,1.041,6.4907446404967,194.722339214901,1.0,-0.0,6.4907446404967
24,16,October,34,1.041,6.490744640496644,201.21308385539595,1.0,-0.0,6.490744640496644
24,16,September,11,1.041,0.13487625000000003,4.046287500000001,1.0,-0.0,0.13487625000000003
24,16,September,34,1.041,6.490744640496644,194.7223392148993,1.0,-0.0,6.490744640496644
24,17,June,7,1.0749,0.17337591666666669,5.201277500000001,1.0,-0.0,0.17337591666666669
24,17,June,8,1.0749,0.17337591666666669,5.201277500000001,1.0,-0.0,0.17337591666666669
24,17,June,9,1.0749,0.8176514292452826,24.529542877358477,1.0,-0.0,0.8176514292452826
24,17,June,10,1.0749,2.089979250000006,62.69937750000018,1.0,-0.0,2.089979250000006
24,17,June,11,1.0749,3.98378575,119.5135725,1.0,-0.0,3.98378575
24,17,June,12,1.0749,3.98378575,119.5135725,1.0,-0.0,3.98378575
24,23,June,7,1.4545,0.14401833333333336,4.320550000000001,1.0,-0.0,0.14401833333333336
24,23,June,8,1.4545,0.14401833333333336,4.320550000000001,1.0,-0.0,0.14401833333333336
24,25,June,7,1.2938,0.24870858333333337,7.461257500000001,1.0,-0.0,0.24870858333333337
24,25,June,8,1.2938,0.24870858333333337,7.461257500000001,1.0,0.0,0.24870858333333337
25,18,April,17,0.9638,16.137238929102917,484.1171678730875,1.0,0.0,16.137238929102917
25,18,April,21,0.9638,4.288694050060208,128.66082150180625,1.0,-0.0,4.288694050060208
25,18,August,17,0.9638,16.13723892910359,500.25440680221124,1.0,-0.0,16.13723892910359
25,18,December,17,0.9638,16.137238929103546,500.2544068022099,1.0,-0.0,16.137238929103546
25,18,February,17,0.9638,16.13723892910359,451.8426900149005,1.0,-0.0,16.13723892910359
25,18,January,17,0.9638,16.13723892910359,500.25440680221124,1.0,-0.0,16.13723892910359
25,18,July,17,0.9638,16.137238929103603,500.2544068022117,1.0,-0.0,16.137238929103603
25,18,June,9,0.9638,0.1441909999998856,4.325729999996568,1.0,-0.0,0.1441909999998856
25,18,June,10,0.9638,0.1441909999998856,4.325729999996568,1.0,-0.0,0.1441909999998856
25,18,June,11,0.9638,4.11913636841852,123.57409105255559,1.0,-0.0,4.11913636841852
25,18,June,17,0.9638,7.122584173082501,213.67752519247503,1.0,-0.0,7.122584173082501
25,18,June,21,0.9638,7.431383050060205,222.94149150180615,1.0,-0.0,7.431383050060205
25,18,March,17,0.9638,16.13723892910359,500.25440680221124,1.0,-0.0,16.13723892910359
25,18,May,21,0.9638,16.930187146834406,524.8358015518666,1.0,-0.0,16.930187146834406
25,18,November,17,0.9638,16.137238929103603,484.1171678731081,1.0,-0.0,16.137238929103603
25,18,October,17,0.9638,16.13723892910359,500.25440680221124,1.0,-0.0,16.13723892910359
25,18,September,17,0.9638,16.13723892910359,484.11716787310763,1.0,-0.0,16.13723892910359
25,26,June,23,1.1451,15.416353462472223,462.4906038741667,1.0,0.0,15.416353462472223
25,33,April,25,1.079,5.501226965828797,165.03680897486393,1.0,-0.0,5.501226965828797
25,33,August,25,1.079,1.5478511593771804,47.98338594069259,1.0,-0.0,1.5478511593771804
25,33,June,24,1.079,3.5775938739994757,107.32781621998427,1.0,-0.0,3.5775938739994757
25,33,June,25,1.079,25.033207609228967,750.996228276869,1.0,1.0,5.033207609228968
25,33,June,26,1.079,15.43601447685765,463.0804343057295,1.0,-0.0,15.43601447685765
25,33,May,25,1.079,5.501226965828797,170.5380359406927,1.0,-0.0,5.501226965828797
25,33,September,25,1.079,5.501226965828797,165.03680897486393,1.0,-0.0,5.501226965828797
26,33,June,25,1.0994,7.037555523266384,211.12666569799154,1.0,-0.0,7.037555523266384
26,34,April,17,1.0655,3.5965715685851194,107.89714705755358,1.0,-0.0,3.5965715685851194
26,34,April,21,1.0655,21.06270639713767,631.8811919141301,1.0,1.0,1.0627063971376707
26,34,April,22,1.0655,13.360421624374801,400.81264873124405,1.0,-0.0,13.360421624374801
26,34,April,24,1.0655,17.047492178242685,511.4247653472805,1.0,-0.0,17.047492178242685
26,34,April,29,1.0655,30.555538128797323,916.6661438639197,1.0,1.0,10.555538128797323
26,34,April,31,1.0655,15.502761903168391,465.08285709505174,1.0,-0.0,15.502761903168391
26,34,August,17,1.0655,3.5965715685851194,111.4937186261387,1.0,-0.0,3.5965715685851194
26,34,August,30,1.0655,5.424244032258066,168.15156500000006,1.0,-0.0,5.424244032258066
26,34,December,17,1.0655,3.5965715685851407,111.49371862613935,1.0,-0.0,3.5965715685851407
26,34,February,17,1.0655,3.5965715685851194,100.70400392038334,1.0,-0.0,3.5965715685851194
26,34,January,17,1.0655,3.5965715685851194,111.4937186261387,1.0,-0.0,3.5965715685851194
26,34,July,17,1.0655,3.5965715685851194,111.4937186261387,1.0,-0.0,3.5965715685851194
26,34,June,17,1.0655,12.611226324606193,378.33678973818576,1.0,-0.0,12.611226324606193
26,34,June,21,1.0655,22.99097813988938,689.7293441966814,1.0,1.0,2.9909781398893784
26,34,June,22,1.0655,9.868544957708124,296.0563487312437,1.0,-0.0,9.868544957708124
26,34,June,24,1.0655,19.230011752787732,576.900352583632,1.0,-0.0,19.230011752787732
26,34,June,27,1.0655,24.290410704251332,728.71232112754,1.0,1.0,4.290410704251332
26,34,June,29,1.0655,22.60907935686992,678.2723807060976,1.0,1.0,2.6090793568699198
26,34,June,31,1.0655,12.750254008420072,382.5076202526021,1.0,-0.0,12.750254008420072
26,34,June,32,1.0655,8.699905177710257,260.9971553313077,1.0,-0.0,8.699905177710257
26,34,March,17,1.0655,3.5965715685851194,111.4937186261387,1.0,-0.0,3.5965715685851194
26,34,May,17,1.0655,19.733810497688694,611.7481254283496,1.0,-0.0,19.733810497688694
26,34,May,20,1.0655,3.2550975208005255,100.9080231448163,1.0,-0.0,3.2550975208005255
26,34,May,21,1.0655,15.19528700884387,471.05389727415997,1.0,-0.0,15.19528700884387
26,34,May,24,1.0655,5.363364502787735,166.26429958641978,1.0,-0.0,5.363364502787735
26,34,May,29,1.0655,20.41230802127044,632.7815486593837,1.0,1.0,0.41230802127043664
26,34,May,31,1.0655,7.259771150471174,225.05290566460639,1.0,-0.0,7.259771150471174
26,34,May,32,1.0655,3.875430322668322,120.13834000271798,1.0,-0.0,3.875430322668322
26,34,November,17,1.0655,3.5965715685851194,107.89714705755358,1.0,-0.0,3.5965715685851194
26,34,October,17,1.0655,3.5965715685851194,111.4937186261387,1.0,-0.0,3.5965715685851194
26,34,September,17,1.0655,3.5965715685851194,107.89714705755358,1.0,-0.0,3.5965715685851194
26,34,September,30,1.0655,4.21101483333333,126.3304449999999,1.0,-0.0,4.21101483333333
27,34,April,14,0.9431,8.028540684501941,240.85622053505824,1.0,-0.0,8.028540684501941
27,34,April,15,0.9431,9.2522888831456,277.56866649436796,1.0,-0.0,9.2522888831456
27,34,April,21,0.9431,2.4087337783728593,72.26201335118577,1.0,0.0,2.4087337783728593
27,34,April,32,0.9431,1.533958927710259,46.01876783130777,1.0,0.0,1.533958927710259
27,34,August,14,0.9431,8.028540684501941,248.88476121956018,1.0,-0.0,8.028540684501941
27,34,August,15,0.9431,9.25228888314576,286.82095537751854,1.0,-0.0,9.25228888314576
27,34,December,14,0.9431,8.028540684501941,248.88476121956018,1.0,-0.0,8.028540684501941
27,34,December,15,0.9431,9.25228888314576,286.82095537751854,1.0,-0.0,9.25228888314576
27,34,February,14,0.9431,8.028540684501941,224.79913916605435,1.0,-0.0,8.028540684501941
27,34,February,15,0.9431,9.25228888314576,259.0640887280813,1.0,-0.0,9.25228888314576
27,34,January,14,0.9431,8.028540684501941,248.88476121956018,1.0,-0.0,8.028540684501941
27,34,January,15,0.9431,9.252288883145738,286.82095537751786,1.0,-0.0,9.252288883145738
27,34,July,14,0.9431,8.028540684501941,248.88476121956018,1.0,-0.0,8.028540684501941
27,34,July,15,0.9431,9.25228888314576,286.82095537751854,1.0,-0.0,9.25228888314576
27,34,June,14,0.9431,8.028540684501962,240.85622053505887,1.0,-0.0,8.028540684501962
27,34,June,15,0.9431,9.25228888314576,277.5686664943728,1.0,-0.0,9.25228888314576
27,34,March,14,0.9431,8.028540684501941,248.88476121956018,1.0,-0.0,8.028540684501941
27,34,March,15,0.9431,9.25228888314576,286.82095537751854,1.0,-0.0,9.25228888314576
27,34,May,14,0.9431,8.028540684501962,248.88476121956083,1.0,-0.0,8.028540684501962
27,34,May,15,0.9431,25.499127592823175,790.4729553775185,1.0,1.0,5.499127592823175
27,34,May,16,0.9431,5.115830782933379,158.59075427093475,1.0,-0.0,5.115830782933379
27,34,May,32,0.9431,5.545572029773108,171.91273292296637,1.0,0.0,5.545572029773108
27,34,November,14,0.9431,8.028540684501941,240.85622053505824,1.0,-0.0,8.028540684501941
27,34,November,15,0.9431,9.252288883145603,277.5686664943681,1.0,-0.0,9.252288883145603
27,34,October,14,0.9431,8.028540684501941,248.88476121956018,1.0,-0.0,8.028540684501941
27,34,October,15,0.9431,9.252288883145738,286.82095537751786,1.0,-0.0,9.252288883145738
27,34,September,14,0.9431,8.028540684501941,240.85622053505824,1.0,-0.0,8.028540684501941
27,34,September,15,0.9431,9.25228888314576,277.5686664943728,1.0,-0.0,9.25228888314576
29,30,April,27,1.1769,2.4441465667301756,73.32439700190527,1.0,0.0,2.4441465667301756
29,30,April,28,1.1769,8.277050810505486,248.31152431516458,1.0,0.0,8.277050810505486
29,30,April,33,1.1769,5.312750878516409,159.38252635549227,1.0,0.0,5.312750878516409
29,30,April,35,1.1769,8.491703611274382,254.75110833823146,1.0,0.0,8.491703611274382
29,30,August,33,1.1769,2.73491640067121,84.78240842080751,1.0,0.0,2.73491640067121
29,30,August,35,1.1769,8.491703611274382,263.24281194950584,1.0,0.0,8.491703611274382
29,30,December,33,1.1769,2.73491640067121,84.78240842080751,1.0,0.0,2.73491640067121
29,30,December,35,1.1769,8.491703611274382,263.24281194950584,1.0,0.0,8.491703611274382
29,30,February,33,1.1769,2.73491640067121,76.57765921879388,1.0,0.0,2.73491640067121
29,30,February,35,1.1769,8.491703611274382,237.76770111568268,1.0,0.0,8.491703611274382
29,30,January,33,1.1769,2.73491640067121,84.78240842080751,1.0,0.0,2.73491640067121
29,30,January,35,1.1769,8.491703611274382,263.24281194950584,1.0,0.0,8.491703611274382
29,30,July,33,1.1769,2.73491640067121,84.78240842080751,1.0,0.0,2.73491640067121
29,30,July,35,1.1769,8.491703611274382,263.24281194950584,1.0,0.0,8.491703611274382
29,30,June,27,1.1769,0.9669155667301723,29.00746700190517,1.0,0.0,0.9669155667301723
29,30,June,28,1.1769,9.499719810505482,284.99159431516443,1.0,0.0,9.499719810505482
29,30,June,30,1.1769,5.198126330653658,155.94378991960974,1.0,0.0,5.198126330653658
29,30,June,32,1.1769,12.525812252946974,375.77436758840923,1.0,0.0,12.525812252946974
29,30,June,33,1.1769,6.991465938550785,209.74397815652355,1.0,0.0,6.991465938550785
29,30,June,34,1.1769,12.153296785266187,364.59890355798564,1.0,0.0,12.153296785266187
29,30,June,35,1.1769,8.491703611274382,254.75110833823146,1.0,0.0,8.491703611274382
29,30,March,33,1.1769,2.73491640067121,84.78240842080751,1.0,0.0,2.73491640067121
29,30,March,35,1.1769,8.491703611274382,263.24281194950584,1.0,0.0,8.491703611274382
29,30,May,33,1.1769,15.896328257962123,492.7861759968258,1.0,0.0,15.896328257962123
29,30,May,34,1.1769,10.711011548707047,332.04135800991844,1.0,0.0,10.711011548707047
29,30,May,35,1.1769,8.491703611274382,263.24281194950584,1.0,0.0,8.491703611274382
29,30,November,33,1.1769,2.73491640067121,82.0474920201363,1.0,0.0,2.73491640067121
29,30,November,35,1.1769,8.491703611274382,254.75110833823146,1.0,0.0,8.491703611274382
29,30,October,33,1.1769,2.73491640067121,84.78240842080751,1.0,0.0,2.73491640067121
29,30,October,35,1.1769,8.491703611274382,263.24281194950584,1.0,0.0,8.491703611274382
29,30,September,33,1.1769,2.73491640067121,82.0474920201363,1.0,0.0,2.73491640067121
29,30,September,35,1.1769,8.491703611274382,254.75110833823146,1.0,0.0,8.491703611274382
30,29,April,18,1.1769,9.38957679782936,281.6873039348808,1.0,0.0,9.38957679782936
30,29,April,19,1.1769,7.758710501915218,232.76131505745653,1.0,0.0,7.758710501915218
30,29,August,18,1.1769,7.771322627283709,240.91100144579497,1.0,0.0,7.771322627283709
30,29,December,18,1.1769,7.771322627283709,240.91100144579497,1.0,0.0,7.771322627283709
30,29,February,18,1.1769,7.771322627283709,217.59703356394385,1.0,0.0,7.771322627283709
30,29,January,18,1.1769,7.771322627283709,240.91100144579497,1.0,0.0,7.771322627283709
30,29,July,18,1.1769,7.771322627283709,240.91100144579497,1.0,0.0,7.771322627283709
30,29,July,19,1.1769,4.487482276108764,139.11195055937168,1.0,0.0,4.487482276108764
30,29,June,15,1.1769,3.417552427027312,102.52657281081936,1.0,0.0,3.417552427027312
30,29,June,18,1.1769,26.192782047829365,785.7834614348809,1.0,1.0,6.192782047829365
30,29,June,19,1.1769,13.367273293321894,401.01819879965683,1.0,0.0,13.367273293321894
30,29,March,18,1.1769,7.771322627283709,240.91100144579497,1.0,0.0,7.771322627283709
30,29,May,15,1.1769,8.61400532658253,267.03416512405846,1.0,0.0,8.61400532658253
30,29,May,18,1.1769,32.11912945911969,995.6930132327104,1.0,1.0,12.11912945911969
30,29,May,19,1.1769,13.367273293321894,414.3854720929787,1.0,0.0,13.367273293321894
30,29,November,18,1.1769,7.771322627283709,233.13967881851127,1.0,0.0,7.771322627283709
30,29,October,18,1.1769,7.771322627283709,240.91100144579497,1.0,0.0,7.771322627283709
30,29,September,18,1.1769,9.38957679782936,281.6873039348808,1.0,0.0,9.38957679782936
30,38,April,16,1.0958,0.3027530047000795,9.082590141002385,1.0,0.0,0.3027530047000795
30,38,August,16,1.0958,0.3027530047000795,9.385343145702464,1.0,0.0,0.3027530047000795
30,38,December,16,1.0958,0.3027530047000795,9.385343145702464,1.0,0.0,0.3027530047000795
30,38,February,16,1.0958,0.3027530047000795,8.477084131602226,1.0,0.0,0.3027530047000795
30,38,January,16,1.0958,0.3027530047000795,9.385343145702464,1.0,0.0,0.3027530047000795
30,38,July,16,1.0958,0.3027530047000795,9.385343145702464,1.0,0.0,0.3027530047000795
30,38,June,16,1.0958,0.3027530047000795,9.082590141002385,1.0,0.0,0.3027530047000795
30,38,June,37,1.0958,0.4363637663475295,13.090912990425885,1.0,0.0,0.4363637663475295
30,38,March,16,1.0958,0.3027530047000795,9.385343145702464,1.0,0.0,0.3027530047000795
30,38,May,15,1.0958,1.0295522556054808,31.916119923769905,1.0,0.0,1.0295522556054808
30,38,May,16,1.0958,0.3027530047000795,9.385343145702464,1.0,0.0,0.3027530047000795
30,38,May,37,1.0958,1.2192131615088222,37.79560800677349,1.0,0.0,1.2192131615088222
30,38,November,16,1.0958,0.3027530047000795,9.082590141002385,1.0,0.0,0.3027530047000795
30,38,October,16,1.0958,0.3027530047000795,9.385343145702464,1.0,0.0,0.3027530047000795
30,38,September,16,1.0958,0.3027530047000795,9.082590141002385,1.0,0.0,0.3027530047000795
31,32,April,17,1.3408,0.1,3.0,1.0,-0.0,0.1
31,32,August,17,1.3408,0.1,3.1,1.0,-0.0,0.1
31,32,December,17,1.3408,0.1,3.1,1.0,-0.0,0.1
31,32,February,17,1.3408,0.1,2.8000000000000003,1.0,-0.0,0.1
31,32,January,17,1.3408,0.1,3.1,1.0,-0.0,0.1
31,32,July,17,1.3408,0.1,3.1,1.0,-0.0,0.1
31,32,June,17,1.3408,0.1,3.0,1.0,-0.0,0.1
31,32,March,17,1.3408,0.1,3.1,1.0,-0.0,0.1
31,32,May,17,1.3408,0.1,3.1,1.0,-0.0,0.1
31,32,November,17,1.3408,0.1,3.0,1.0,-0.0,0.1
31,32,October,17,1.3408,0.1,3.1,1.0,-0.0,0.1
31,32,September,17,1.3408,0.1,3.0,1.0,-0.0,0.1
32,24,April,17,1.4092,4.551795910624378,136.55387731873134,1.0,-0.0,4.551795910624378
32,24,August,17,1.4092,4.551795910623751,141.10567322933628,1.0,-0.0,4.551795910623751
32,24,December,17,1.4092,4.551795910624321,141.10567322935395,1.0,-0.0,4.551795910624321
32,24,February,17,1.4092,4.551795910623978,127.45028549747138,1.0,-0.0,4.551795910623978
32,24,January,17,1.4092,4.551795910624403,141.10567322935648,1.0,-0.0,4.551795910624403
32,24,July,17,1.4092,4.551795910624435,141.10567322935748,1.0,-0.0,4.551795910624435
32,24,June,17,1.4092,4.551795910624378,136.55387731873134,1.0,-0.0,4.551795910624378
32,24,March,17,1.4092,4.551795910624378,141.10567322935572,1.0,-0.0,4.551795910624378
32,24,May,17,1.4092,4.55179591062398,141.10567322934338,1.0,-0.0,4.55179591062398
32,24,November,17,1.4092,4.551795910624403,136.55387731873208,1.0,-0.0,4.551795910624403
32,24,October,17,1.4092,4.551795910623866,141.10567322933986,1.0,-0.0,4.551795910623866
32,24,September,17,1.4092,4.551795910624033,136.553877318721,1.0,-0.0,4.551795910624033
32,25,June,12,1.0655,0.30263377635259214,9.079013290577764,1.0,-0.0,0.30263377635259214
32,25,June,13,1.0655,5.975199642115644,179.25598926346933,1.0,-0.0,5.975199642115644
32,25,May,12,1.0655,0.3679162037719479,11.405402316930385,1.0,-0.0,0.3679162037719479
32,25,May,13,1.0655,8.24005702921242,255.441767905585,1.0,-0.0,8.24005702921242
33,25,April,16,1.079,7.478117850833325,224.34353552499974,1.0,-0.0,7.478117850833325
33,25,April,17,1.079,17.47560140245791,524.2680420737373,1.0,-0.0,17.47560140245791
33,25,August,16,1.079,7.478117850833328,231.8216533758332,1.0,-0.0,7.478117850833328
33,25,August,17,1.079,17.47560140245791,541.7436434761953,1.0,0.0,17.47560140245791
33,25,December,16,1.079,7.478117850833328,231.8216533758332,1.0,-0.0,7.478117850833328
33,25,December,17,1.079,17.475601402457883,541.7436434761944,1.0,-0.0,17.475601402457883
33,25,February,16,1.079,7.478117850833339,209.38729982333348,1.0,-0.0,7.478117850833339
33,25,February,17,1.079,17.47560140245791,489.3168392688215,1.0,-0.0,17.47560140245791
33,25,January,16,1.079,7.478117850833328,231.8216533758332,1.0,-0.0,7.478117850833328
33,25,January,17,1.079,17.47560140245791,541.7436434761953,1.0,0.0,17.47560140245769
33,25,July,16,1.079,7.478117850833328,231.8216533758332,1.0,-0.0,7.478117850833328
33,25,July,17,1.079,17.47560140245791,541.7436434761953,1.0,0.0,17.475601402457798
33,25,June,16,1.079,7.478117850833325,224.34353552499974,1.0,-0.0,7.478117850833325
33,25,June,17,1.079,8.460946646436824,253.82839939310472,1.0,-0.0,8.460946646436824
33,25,March,16,1.079,7.478117850833328,231.8216533758332,1.0,-0.0,7.478117850833328
33,25,March,17,1.079,17.47560140245791,541.7436434761953,1.0,0.0,17.475601402457798
33,25,May,16,1.079,7.478117850833328,231.8216533758332,1.0,-0.0,7.478117850833328
33,25,May,17,1.079,1.338362473354323,41.48923667398401,1.0,-0.0,1.338362473354323
33,25,November,16,1.079,7.478117850833328,224.34353552499985,1.0,-0.0,7.478117850833328
33,25,November,17,1.079,17.47560140245791,524.2680420737373,1.0,-0.0,17.47560140245791
33,25,October,16,1.079,7.478117850833328,231.8216533758332,1.0,-0.0,7.478117850833328
33,25,October,17,1.079,17.47560140245791,541.7436434761953,1.0,-0.0,17.47560140245791
33,25,September,16,1.079,7.478117850833499,224.34353552500497,1.0,-0.0,7.478117850833499
33,25,September,17,1.079,17.475601402458366,524.268042073751,1.0,0.0,17.475601402458366
33,26,April,17,1.0994,21.331291330457702,639.9387399137311,1.0,1.0,1.3312913304577023
33,26,August,17,1.0994,21.331291330457702,661.2700312441888,1.0,1.0,1.3312913304577023
33,26,December,17,1.0994,21.331291330457724,661.2700312441895,1.0,1.0,1.3312913304577165
33,26,February,17,1.0994,21.331291330457702,597.2761572528157,1.0,1.0,1.3312913304577023
33,26,January,17,1.0994,21.331291330457702,661.2700312441888,1.0,1.0,1.3312913304577023
33,26,July,17,1.0994,21.331291330457702,661.2700312441888,1.0,1.0,1.3312913304576284
33,26,June,17,1.0994,30.34594608647879,910.3783825943638,1.0,1.0,10.34594608647879
33,26,June,28,1.0994,6.443624930700231,193.30874792100695,1.0,-0.0,6.443624930700231
33,26,June,30,1.0994,10.441527609865105,313.2458282959532,1.0,-0.0,10.441527609865105
33,26,March,17,1.0994,21.331291330457702,661.2700312441888,1.0,1.0,1.3312913304577023
33,26,May,17,1.0994,37.46853025956129,1161.5244380464,1.0,1.0,17.468530259561295
33,26,May,22,1.0994,0.6856818164854275,21.25613631104825,1.0,-0.0,0.6856818164854275
33,26,November,17,1.0994,21.331291330457702,639.9387399137311,1.0,1.0,1.3312913304570664
33,26,October,17,1.0994,21.331291330457702,661.2700312441888,1.0,1.0,1.3312913304577023
33,26,September,17,1.0994,21.331291330457702,639.9387399137311,1.0,1.0,1.3312913304575034
34,27,April,26,0.9431,6.872848918686238,206.18546756058714,1.0,-0.0,6.872848918686238
34,27,April,34,0.9431,7.255821372270567,217.67464116811703,1.0,-0.0,7.255821372270567
34,27,August,26,0.9431,10.740417623710792,332.95294633503454,1.0,-0.0,10.740417623710792
34,27,August,34,0.9431,7.255821372270589,224.93046254038825,1.0,-0.0,7.255821372270589
34,27,December,26,0.9431,0.9081264186861162,28.151918979269603,1.0,-0.0,0.9081264186861162
34,27,December,34,0.9431,7.255821372270567,224.9304625403876,1.0,-0.0,7.255821372270567
34,27,February,26,0.9431,1.7361747605461586,48.61289329529244,1.0,-0.0,1.7361747605461586
34,27,February,34,0.9431,7.255821372270567,203.16299842357589,1.0,-0.0,7.255821372270567
34,27,January,26,0.9431,0.9081264186861304,28.151918979270043,1.0,-0.0,0.9081264186861304
34,27,January,34,0.9431,7.255821372270574,224.9304625403878,1.0,-0.0,7.255821372270574
34,27,July,26,0.9431,11.90812641868613,369.15191897927,1.0,0.0,11.90812641868613
34,27,July,34,0.9431,7.255821372270567,224.9304625403876,1.0,-0.0,7.255821372270567
34,27,June,19,0.9431,0.35766429458541343,10.729928837562403,1.0,-0.0,0.35766429458541343
34,27,June,26,0.9431,6.644526585352885,199.33579756058657,1.0,-0.0,6.644526585352885
34,27,June,34,0.9431,7.255821372270567,217.67464116811703,1.0,-0.0,7.255821372270567
34,27,March,26,0.9431,3.1190795529306525,96.69146614085022,1.0,-0.0,3.1190795529306525
34,27,March,34,0.9431,7.255821372270589,224.93046254038825,1.0,-0.0,7.255821372270589
34,27,May,19,0.9431,4.406590389341517,136.60430206958702,1.0,-0.0,4.406590389341517
34,27,May,26,0.9431,0.9081264186861162,28.151918979269603,1.0,-0.0,0.9081264186861162
34,27,May,34,0.9431,7.255821372270567,224.9304625403876,1.0,-0.0,7.255821372270567
34,27,November,26,0.9431,0.9081264186861304,27.243792560583913,1.0,-0.0,0.9081264186861304
34,27,November,34,0.9431,7.255821372270589,217.67464116811766,1.0,-0.0,7.255821372270589
34,27,October,26,0.9431,0.9081264186861304,28.151918979270043,1.0,-0.0,0.9081264186861304
34,27,October,34,0.9431,7.255821372270574,224.9304625403878,1.0,-0.0,7.255821372270574
34,27,September,19,0.9431,2.9507728060081764,88.5231841802453,1.0,-0.0,2.9507728060081764
34,27,September,26,0.9431,11.908126418686116,357.2437925605835,1.0,-0.0,11.908126418686116
34,27,September,34,0.9431,7.255821372270567,217.67464116811703,1.0,-0.0,7.255821372270567
34,42,April,19,1.096,2.8291725,84.875175,1.0,-0.0,2.8291725
34,42,August,19,1.096,0.1,3.1,1.0,-0.0,0.1
34,42,February,26,1.096,0.1,2.8000000000000003,1.0,-0.0,0.1
34,42,July,19,1.096,2.0555137096774194,63.720925,1.0,-0.0,2.0555137096774194
34,42,June,19,1.096,2.845793833333334,85.37381500000002,1.0,-0.0,2.845793833333334
34,42,September,19,1.096,1.4558175833333336,43.6745275,1.0,-0.0,1.4558175833333336
36,28,April,29,1.3396,2.8728349736559693,86.18504920967908,1.0,0.0,2.8728349736559693
36,28,July,20,1.3396,0.21531210788497646,6.67467534443427,1.0,0.0,0.21531210788497646
36,28,May,19,1.3396,15.696168160084127,486.58121296260794,1.0,0.0,15.696168160084127
36,28,May,20,1.3396,25.0,775.0,1.0,1.0,5.0
36,29,April,20,1.3576,1.696047090785683,50.88141272357049,1.0,0.0,1.696047090785683
36,29,August,20,1.3576,0.4700258402379234,14.570801047375625,1.0,0.0,0.4700258402379234
36,29,December,20,1.3576,0.4700258402379234,14.570801047375625,1.0,0.0,0.4700258402379234
36,29,February,20,1.3576,0.4700258402379234,13.160723526661855,1.0,0.0,0.4700258402379234
36,29,January,20,1.3576,0.4700258402379234,14.570801047375625,1.0,0.0,0.4700258402379234
36,29,July,20,1.3576,0.2547137323529469,7.8961257029413545,1.0,0.0,0.2547137323529469
36,29,June,20,1.3576,1.696047090785683,50.88141272357049,1.0,0.0,1.696047090785683
36,29,March,20,1.3576,0.4700258402379234,14.570801047375625,1.0,0.0,0.4700258402379234
36,29,May,20,1.3576,1.696047090785683,52.577459814356175,1.0,0.0,1.696047090785683
36,29,November,20,1.3576,0.4700258402379234,14.100775207137701,1.0,0.0,0.4700258402379234
36,29,October,20,1.3576,0.4700258402379234,14.570801047375625,1.0,0.0,0.4700258402379234
36,29,September,20,1.3576,0.4700258402379234,14.100775207137701,1.0,0.0,0.4700258402379234
38,30,April,18,1.0958,4.506063772361912,135.18191317085737,1.0,0.0,4.506063772361912
38,30,August,18,1.0958,4.506063772361912,139.68797694321927,1.0,0.0,4.506063772361912
38,30,December,18,1.0958,4.506063772361912,139.68797694321927,1.0,0.0,4.506063772361912
38,30,February,18,1.0958,4.506063772361912,126.16978562613355,1.0,0.0,4.506063772361912
38,30,January,18,1.0958,4.506063772361912,139.68797694321927,1.0,0.0,4.506063772361912
38,30,July,18,1.0958,4.506063772361912,139.68797694321927,1.0,0.0,4.506063772361912
38,30,June,18,1.0958,4.506063772361912,135.18191317085737,1.0,0.0,4.506063772361912
38,30,March,18,1.0958,4.506063772361912,139.68797694321927,1.0,0.0,4.506063772361912
38,30,May,18,1.0958,4.506063772361912,139.68797694321927,1.0,0.0,4.506063772361912
38,30,November,18,1.0958,4.506063772361912,135.18191317085737,1.0,0.0,4.506063772361912
38,30,October,18,1.0958,4.506063772361912,139.68797694321927,1.0,0.0,4.506063772361912
38,30,September,18,1.0958,4.506063772361912,135.18191317085737,1.0,0.0,4.506063772361912
39,40,April,20,0.8239,15.785553837242325,473.56661511726975,1.0,0.0,15.785553837242325
39,40,April,21,0.8239,1.3713506477564152,41.14051943269246,1.0,0.0,1.3713506477564152
39,40,April,34,0.8239,1.6448609317889336,49.34582795366801,1.0,0.0,1.6448609317889336
39,40,August,21,0.8239,0.10165576289952938,3.1513286498854107,1.0,0.0,0.10165576289952938
39,40,August,34,0.8239,1.6669949784251639,51.67684433118008,1.0,0.0,1.6669949784251639
39,40,July,20,0.8239,5.09944167687209,158.08269198303478,1.0,0.0,5.09944167687209
39,40,July,21,0.8239,12.219679633867276,378.8100686498856,1.0,0.0,12.219679633867276
39,40,June,19,0.8239,0.34630185037904226,10.389055511371268,1.0,0.0,0.34630185037904226
39,40,June,20,0.8239,15.483479170575649,464.50437511726943,1.0,0.0,15.483479170575649
39,40,March,20,0.8239,0.9584795589681789,29.712866328013547,1.0,0.0,0.9584795589681789
39,40,September,20,0.8239,0.9584795589681789,28.754386769045368,1.0,0.0,0.9584795589681789
39,40,September,21,0.8239,2.4275726338672747,72.82717901601825,1.0,0.0,2.4275726338672747
39,48,April,16,1.4229,10.936688471155549,328.10065413466646,1.0,0.0,10.936688471155549
39,48,August,16,1.4229,10.936688471155549,339.037342605822,1.0,0.0,10.936688471155549
39,48,December,16,1.4229,10.936688471155549,339.037342605822,1.0,0.0,10.936688471155549
39,48,February,16,1.4229,10.936688471155549,306.22727719235536,1.0,0.0,10.936688471155549
39,48,January,16,1.4229,10.936688471155549,339.037342605822,1.0,0.0,10.936688471155549
39,48,July,16,1.4229,10.936688471155549,339.037342605822,1.0,0.0,10.936688471155549
39,48,June,16,1.4229,10.936688471155549,328.10065413466646,1.0,0.0,10.936688471155549
39,48,March,16,1.4229,10.936688471155549,339.037342605822,1.0,0.0,10.936688471155549
39,48,May,16,1.4229,10.936688471155549,339.037342605822,1.0,0.0,10.936688471155549
39,48,November,16,1.4229,10.936688471155549,328.10065413466646,1.0,0.0,10.936688471155549
39,48,October,16,1.4229,10.936688471155549,339.037342605822,1.0,0.0,10.936688471155549
39,48,September,16,1.4229,10.936688471155549,328.10065413466646,1.0,0.0,10.936688471155549
40,39,August,25,0.8239,8.377012070850313,259.6873741963597,1.0,0.0,8.377012070850313
40,39,September,25,0.8239,1.1809252007519504,35.42775602255851,1.0,0.0,1.1809252007519504
40,39,September,26,0.8239,5.35240701874363,160.5722105623089,1.0,0.0,5.35240701874363
40,39,September,27,0.8239,1.612802854226679,48.38408562680037,1.0,0.0,1.612802854226679
40,39,September,28,0.8239,0.1,3.0,1.0,0.0,0.1
40,48,April,16,1.1288,5.479473000188875,164.38419000566626,1.0,0.0,5.479473000188875
40,48,August,16,1.1288,5.479473000188875,169.86366300585513,1.0,0.0,5.479473000188875
40,48,December,16,1.1288,5.479473000188875,169.86366300585513,1.0,0.0,5.479473000188875
40,48,February,16,1.1288,5.479473000188875,153.4252440052885,1.0,0.0,5.479473000188875
40,48,January,16,1.1288,5.479473000188875,169.86366300585513,1.0,0.0,5.479473000188875
40,48,July,16,1.1288,5.479473000188875,169.86366300585513,1.0,0.0,5.479473000188875
40,48,June,16,1.1288,5.479473000188875,164.38419000566626,1.0,0.0,5.479473000188875
40,48,March,16,1.1288,5.479473000188875,169.86366300585513,1.0,0.0,5.479473000188875
40,48,May,16,1.1288,5.479473000188875,169.86366300585513,1.0,0.0,5.479473000188875
40,48,November,16,1.1288,5.479473000188875,164.38419000566626,1.0,0.0,5.479473000188875
40,48,October,16,1.1288,5.479473000188875,169.86366300585513,1.0,0.0,5.479473000188875
40,48,September,16,1.1288,5.479473000188875,164.38419000566626,1.0,0.0,5.479473000188875
41,42,April,18,0.9809,7.213328569205061,216.39985707615182,1.0,-0.0,7.213328569205061
41,42,April,20,0.9809,2.8291725,84.875175,1.0,-0.0,2.8291725
41,42,April,21,0.9809,2.232116616248881,66.96349848746642,1.0,-0.0,2.232116616248881
41,42,April,22,0.9809,3.183732833333333,95.511985,1.0,-0.0,3.183732833333333
41,42,August,18,0.9809,7.213328569205061,223.61318564535688,1.0,-0.0,7.213328569205061
41,42,December,18,0.9809,7.213328569205061,223.61318564535688,1.0,-0.0,7.213328569205061
41,42,February,18,0.9809,7.213328569205061,201.9731999377417,1.0,-0.0,7.213328569205061
41,42,January,18,0.9809,7.2133285692050535,223.61318564535665,1.0,-0.0,7.2133285692050535
41,42,July,18,0.9809,7.213328569205061,223.61318564535688,1.0,-0.0,7.213328569205061
41,42,June,18,0.9809,7.213328569205061,216.39985707615182,1.0,-0.0,7.213328569205061
41,42,June,20,0.9809,2.845793833333334,85.37381500000002,1.0,-0.0,2.845793833333334
41,42,June,21,0.9809,3.3662627499999997,100.9878825,1.0,-0.0,3.3662627499999997
41,42,March,18,0.9809,7.213328569205061,223.61318564535688,1.0,-0.0,7.213328569205061
41,42,May,18,0.9809,7.213328569205061,223.61318564535688,1.0,-0.0,7.213328569205061
41,42,May,19,0.9809,3.5923885483870968,111.364045,1.0,-0.0,3.5923885483870968
41,42,May,20,0.9809,3.5923885483870968,111.364045,1.0,-0.0,3.5923885483870968
41,42,November,18,0.9809,7.213328569205061,216.39985707615182,1.0,-0.0,7.213328569205061
41,42,October,18,0.9809,7.213328569205061,223.61318564535688,1.0,-0.0,7.213328569205061
41,42,September,18,0.9809,7.213328569205061,216.39985707615182,1.0,-0.0,7.213328569205061
43,44,April,28,1.3113,5.813695132479625,174.41085397438874,1.0,0.0,5.813695132479625
43,44,April,29,1.3113,32.98936438585193,989.6809315755579,1.0,1.0,12.989364385851928
43,44,April,30,1.3113,5.715500708890744,171.46502126672232,1.0,0.0,5.715500708890744
43,44,August,29,1.3113,20.601529342524373,638.6474096182556,1.0,1.0,0.6015293425243726
43,44,July,29,1.3113,20.601529342524373,638.6474096182556,1.0,1.0,0.6015293425243726
43,44,June,29,1.3113,23.625809655823495,708.7742896747048,1.0,1.0,3.6258096558234953
43,44,May,29,1.3113,16.73489305220179,518.7816846182556,1.0,0.0,16.73489305220179
43,44,September,29,1.3113,20.601529342524373,618.0458802757312,1.0,1.0,0.6015293425243726
43,50,April,15,1.1113,0.1256813589683627,3.7704407690508805,1.0,0.0,0.1256813589683627
43,50,April,17,1.1113,2.506715844364386,75.20147533093159,1.0,0.0,2.506715844364386
43,50,April,18,1.1113,0.9508416666666668,28.525250000000003,1.0,0.0,0.9508416666666668
43,50,April,28,1.1113,1.3989891666666665,41.969674999999995,1.0,0.0,1.3989891666666665
43,50,April,29,1.1113,1.6392321729166657,49.176965187499974,1.0,0.0,1.6392321729166657
43,50,April,30,1.1113,1.1361083333333333,34.08325,1.0,0.0,1.1361083333333333
43,50,August,17,1.1113,2.506715844364386,77.70819117529598,1.0,0.0,2.506715844364386
43,50,December,17,1.1113,2.506715844364386,77.70819117529598,1.0,0.0,2.506715844364386
43,50,December,29,1.1113,20.601529342524373,638.6474096182556,1.0,1.0,0.6015293425243726
43,50,February,17,1.1113,2.8469464285714285,79.7145,1.0,0.0,2.8469464285714285
43,50,February,29,1.1113,20.601529342524373,576.8428215906824,1.0,1.0,0.6015293425243726
43,50,January,17,1.1113,2.506715844364386,77.70819117529598,1.0,0.0,2.506715844364386
43,50,January,29,1.1113,20.601529342524373,638.6474096182556,1.0,1.0,0.6015293425243726
43,50,July,17,1.1113,2.506715844364386,77.70819117529598,1.0,0.0,2.506715844364386
43,50,June,15,1.1113,0.40397279017796583,12.119183705338974,1.0,0.0,0.40397279017796583
43,50,June,16,1.1113,0.7401066666666667,22.203200000000002,1.0,0.0,0.7401066666666667
43,50,June,17,1.1113,2.506715844364386,75.20147533093159,1.0,0.0,2.506715844364386
43,50,June,18,1.1113,1.0914675000000003,32.74402500000001,1.0,0.0,1.0914675000000003
43,50,March,15,1.1113,0.2862685483870968,8.874325,1.0,0.0,0.2862685483870968
43,50,March,16,1.1113,0.2862685483870968,8.874325,1.0,0.0,0.2862685483870968
43,50,March,17,1.1113,2.506715844364386,77.70819117529598,1.0,0.0,2.506715844364386
43,50,March,18,1.1113,0.5156790322580646,15.98605,1.0,0.0,0.5156790322580646
43,50,March,29,1.1113,20.601529342524373,638.6474096182556,1.0,1.0,0.6015293425243726
43,50,May,15,1.1113,0.7300076114629266,22.630235955350724,1.0,0.0,0.7300076114629266
43,50,May,16,1.1113,0.8441451612903226,26.1685,1.0,0.0,0.8441451612903226
43,50,May,17,1.1113,2.506715844364386,77.70819117529598,1.0,0.0,2.506715844364386
43,50,May,18,1.1113,1.2462024193548387,38.632275,1.0,0.0,1.2462024193548387
43,50,May,29,1.1113,3.866636290322581,119.86572500000001,1.0,0.0,3.866636290322581
43,50,November,17,1.1113,2.506715844364386,75.20147533093159,1.0,0.0,2.506715844364386
43,50,November,29,1.1113,20.601529342524373,618.0458802757312,1.0,1.0,0.6015293425243726
43,50,October,17,1.1113,2.506715844364386,77.70819117529598,1.0,0.0,2.506715844364386
43,50,October,29,1.1113,20.601529342524373,638.6474096182556,1.0,1.0,0.6015293425243726
43,50,September,17,1.1113,3.0082,90.246,1.0,0.0,3.0082
43,51,March,19,1.2236,0.35999170203735087,11.159742763157876,1.0,0.0,0.35999170203735087
44,43,April,35,1.3113,3.299074864944984,98.97224594834952,1.0,0.0,3.299074864944984
44,43,August,35,1.3113,3.299074864944984,102.27132081329451,1.0,0.0,3.299074864944984
44,43,December,35,1.3113,3.299074864944984,102.27132081329451,1.0,0.0,3.299074864944984
44,43,February,35,1.3113,3.299074864944984,92.37409621845956,1.0,0.0,3.299074864944984
44,43,January,35,1.3113,3.299074864944984,102.27132081329451,1.0,0.0,3.299074864944984
44,43,July,35,1.3113,3.299074864944984,102.27132081329451,1.0,0.0,3.299074864944984
44,43,June,35,1.3113,3.299074864944984,98.97224594834952,1.0,0.0,3.299074864944984
44,43,March,20,1.3113,4.387042483308344,135.99831698255866,1.0,0.0,4.387042483308344
44,43,March,21,1.3113,5.405652826943754,167.57523763525637,1.0,0.0,5.405652826943754
44,43,March,35,1.3113,3.299074864944984,102.27132081329451,1.0,0.0,3.299074864944984
44,43,May,35,1.3113,3.299074864944984,102.27132081329451,1.0,0.0,3.299074864944984
44,43,November,35,1.3113,3.299074864944984,98.97224594834952,1.0,0.0,3.299074864944984
44,43,October,35,1.3113,3.299074864944984,102.27132081329451,1.0,0.0,3.299074864944984
44,43,September,20,1.3113,3.372853816641678,101.18561449925033,1.0,0.0,3.372853816641678
44,43,September,35,1.3113,3.299074864944984,98.97224594834952,1.0,0.0,3.299074864944984
44,52,April,19,1.3985,10.943882670396498,328.3164801118949,1.0,0.0,10.943882670396498
45,44,April,28,1.4524,4.262270179230768,127.86810537692304,1.0,0.0,4.262270179230768
45,44,August,28,1.4524,4.262270179230768,132.1303755561538,1.0,0.0,4.262270179230768
45,44,December,28,1.4524,4.262270179230768,132.1303755561538,1.0,0.0,4.262270179230768
45,44,February,28,1.4524,4.262270179230768,119.3435650184615,1.0,0.0,4.262270179230768
45,44,January,28,1.4524,4.262270179230768,132.1303755561538,1.0,0.0,4.262270179230768
45,44,July,28,1.4524,4.262270179230768,132.1303755561538,1.0,0.0,4.262270179230768
45,44,June,27,1.4524,16.546575128418084,496.3972538525425,1.0,0.0,16.546575128418084
45,44,June,28,1.4524,36.615521113251724,1098.4656333975518,1.0,1.0,16.615521113251724
45,44,June,30,1.4524,24.318906671556427,729.5672001466928,1.0,1.0,4.318906671556427
45,44,June,31,1.4524,8.706732057011035,261.20196171033103,1.0,0.0,8.706732057011035
45,44,June,32,1.4524,6.816393791881474,204.49181375644423,1.0,0.0,6.816393791881474
45,44,June,33,1.4524,0.625561483164077,18.76684449492231,1.0,0.0,0.625561483164077
45,44,March,28,1.4524,4.262270179230768,132.1303755561538,1.0,0.0,4.262270179230768
45,44,May,28,1.4524,4.262270179230768,132.1303755561538,1.0,0.0,4.262270179230768
45,44,November,28,1.4524,4.262270179230768,127.86810537692304,1.0,0.0,4.262270179230768
45,44,October,28,1.4524,4.262270179230768,132.1303755561538,1.0,0.0,4.262270179230768
45,44,September,28,1.4524,4.262270179230768,127.86810537692304,1.0,0.0,4.262270179230768
45,53,April,3,1.3256,1.187102510764852,35.61307532294556,1.0,0.0,1.187102510764852
45,53,April,4,1.3256,4.356889244334958,130.70667733004876,1.0,0.0,4.356889244334958
45,53,April,13,1.3256,10.104685495,303.14056485,1.0,0.0,10.104685495
45,53,April,17,1.3256,4.793038640369087,143.7911592110726,1.0,0.0,4.793038640369087
45,53,April,18,1.3256,4.859656639377135,145.78969918131406,1.0,0.0,4.859656639377135
45,53,August,3,1.3256,1.187102510764852,36.800177833710414,1.0,0.0,1.187102510764852
45,53,August,4,1.3256,4.356889244334958,135.0635665743837,1.0,0.0,4.356889244334958
45,53,December,3,1.3256,1.187102510764852,36.800177833710414,1.0,0.0,1.187102510764852
45,53,December,4,1.3256,4.356889244334958,135.0635665743837,1.0,0.0,4.356889244334958
45,53,February,3,1.3256,1.187102510764852,33.23887030141586,1.0,0.0,1.187102510764852
45,53,February,4,1.3256,4.356889244334958,121.99289884137883,1.0,0.0,4.356889244334958
45,53,January,3,1.3256,1.187102510764852,36.800177833710414,1.0,0.0,1.187102510764852
45,53,January,4,1.3256,4.356889244334958,135.0635665743837,1.0,0.0,4.356889244334958
45,53,July,3,1.3256,1.187102510764852,36.800177833710414,1.0,0.0,1.187102510764852
45,53,July,4,1.3256,4.356889244334958,135.0635665743837,1.0,0.0,4.356889244334958
45,53,June,3,1.3256,1.187102510764852,35.61307532294556,1.0,0.0,1.187102510764852
45,53,June,4,1.3256,4.356889244334958,130.70667733004876,1.0,0.0,4.356889244334958
45,53,June,7,1.3256,0.17005241666666665,5.1015725,1.0,0.0,0.17005241666666665
45,53,June,13,1.3256,23.576263911900526,707.2879173570158,1.0,1.0,3.5762639119005257
45,53,June,17,1.3256,3.1058211609991346,93.17463482997404,1.0,0.0,3.1058211609991346
45,53,June,34,1.3256,0.5928251820957899,17.784755462873697,1.0,0.0,0.5928251820957899
45,53,March,3,1.3256,1.187102510764852,36.800177833710414,1.0,0.0,1.187102510764852
45,53,March,4,1.3256,4.356889244334958,135.0635665743837,1.0,0.0,4.356889244334958
45,53,May,3,1.3256,1.187102510764852,36.800177833710414,1.0,0.0,1.187102510764852
45,53,May,4,1.3256,4.356889244334958,135.0635665743837,1.0,0.0,4.356889244334958
45,53,November,3,1.3256,1.187102510764852,35.61307532294556,1.0,0.0,1.187102510764852
45,53,November,4,1.3256,4.356889244334958,130.70667733004876,1.0,0.0,4.356889244334958
45,53,October,3,1.3256,1.187102510764852,36.800177833710414,1.0,0.0,1.187102510764852
45,53,October,4,1.3256,4.356889244334958,135.0635665743837,1.0,0.0,4.356889244334958
45,53,September,3,1.3256,1.187102510764852,35.61307532294556,1.0,0.0,1.187102510764852
45,53,September,4,1.3256,4.356889244334958,130.70667733004876,1.0,0.0,4.356889244334958
47,46,April,15,1.3839,6.8878441543703435,206.6353246311103,1.0,0.0,6.8878441543703435
47,46,April,17,1.3839,8.855377440273614,265.6613232082084,1.0,0.0,8.855377440273614
47,46,August,17,1.3839,8.855377440273614,274.516700648482,1.0,0.0,8.855377440273614
47,46,December,17,1.3839,8.855377440273614,274.516700648482,1.0,0.0,8.855377440273614
47,46,February,17,1.3839,8.855377440273614,247.9505683276612,1.0,0.0,8.855377440273614
47,46,January,17,1.3839,8.855377440273614,274.516700648482,1.0,0.0,8.855377440273614
47,46,July,17,1.3839,8.855377440273614,274.516700648482,1.0,0.0,8.855377440273614
47,46,June,14,1.3839,7.500102541864713,225.00307625594138,1.0,0.0,7.500102541864713
47,46,June,15,1.3839,9.282388154416957,278.4716446325087,1.0,0.0,9.282388154416957
47,46,June,16,1.3839,7.032269095226155,210.96807285678466,1.0,0.0,7.032269095226155
47,46,June,17,1.3839,8.855377440273614,265.6613232082084,1.0,0.0,8.855377440273614
47,46,March,17,1.3839,8.855377440273614,274.516700648482,1.0,0.0,8.855377440273614
47,46,May,15,1.3839,6.40052185334169,198.41617745359238,1.0,0.0,6.40052185334169
47,46,May,16,1.3839,36.362781998451965,1127.246241952011,1.0,1.0,16.362781998451965
47,46,May,17,1.3839,17.83535796684454,552.8960969721808,1.0,0.0,17.83535796684454
47,46,November,17,1.3839,8.855377440273614,265.6613232082084,1.0,0.0,8.855377440273614
47,46,October,17,1.3839,8.855377440273614,274.516700648482,1.0,0.0,8.855377440273614
47,46,September,17,1.3839,8.855377440273614,265.6613232082084,1.0,0.0,8.855377440273614
48,39,April,25,1.4229,1.4374645490640958,43.123936471922875,1.0,0.0,1.4374645490640958
48,39,August,25,1.4229,1.4374645490640958,44.56140102098697,1.0,0.0,1.4374645490640958
48,39,December,25,1.4229,1.4374645490640958,44.56140102098697,1.0,0.0,1.4374645490640958
48,39,February,25,1.4229,1.4374645490640958,40.24900737379468,1.0,0.0,1.4374645490640958
48,39,January,25,1.4229,1.4374645490640958,44.56140102098697,1.0,0.0,1.4374645490640958
48,39,July,25,1.4229,1.4374645490640958,44.56140102098697,1.0,0.0,1.4374645490640958
48,39,June,25,1.4229,2.7661988651975875,82.98596595592763,1.0,0.0,2.7661988651975875
48,39,March,25,1.4229,1.4374645490640958,44.56140102098697,1.0,0.0,1.4374645490640958
48,39,May,25,1.4229,1.4374645490640958,44.56140102098697,1.0,0.0,1.4374645490640958
48,39,November,25,1.4229,1.4374645490640958,43.123936471922875,1.0,0.0,1.4374645490640958
48,39,October,25,1.4229,1.4374645490640958,44.56140102098697,1.0,0.0,1.4374645490640958
48,39,September,25,1.4229,1.4374645490640958,43.123936471922875,1.0,0.0,1.4374645490640958
48,40,April,24,1.1288,1.4374645490640958,43.123936471922875,1.0,0.0,1.4374645490640958
48,40,August,24,1.1288,1.4374645490640958,44.56140102098697,1.0,0.0,1.4374645490640958
48,40,December,24,1.1288,1.4374645490640958,44.56140102098697,1.0,0.0,1.4374645490640958
48,40,February,24,1.1288,1.4374645490640958,40.24900737379468,1.0,0.0,1.4374645490640958
48,40,January,24,1.1288,1.4374645490640958,44.56140102098697,1.0,0.0,1.4374645490640958
48,40,July,24,1.1288,1.4374645490640958,44.56140102098697,1.0,0.0,1.4374645490640958
48,40,June,24,1.1288,6.244042799064097,187.32128397192292,1.0,0.0,6.244042799064097
48,40,June,25,1.1288,3.682679517199844,110.48038551599532,1.0,0.0,3.682679517199844
48,40,March,24,1.1288,1.4374645490640958,44.56140102098697,1.0,0.0,1.4374645490640958
48,40,May,24,1.1288,1.4374645490640958,44.56140102098697,1.0,0.0,1.4374645490640958
48,40,November,24,1.1288,1.4374645490640958,43.123936471922875,1.0,0.0,1.4374645490640958
48,40,October,24,1.1288,1.4374645490640958,44.56140102098697,1.0,0.0,1.4374645490640958
48,40,September,24,1.1288,1.4374645490640958,43.123936471922875,1.0,0.0,1.4374645490640958
50,43,April,2,1.1113,1.002375122423004,30.07125367269012,1.0,0.0,1.002375122423004
50,43,April,3,1.1113,0.7557997298061849,22.673991894185548,1.0,0.0,0.7557997298061849
50,43,April,34,1.1113,1.9037130270610447,57.11139081183134,1.0,0.0,1.9037130270610447
50,43,August,2,1.1113,1.002375122423004,31.073628795113123,1.0,0.0,1.002375122423004
50,43,August,3,1.1113,0.7557997298061849,23.429791623991733,1.0,0.0,0.7557997298061849
50,43,August,34,1.1113,1.9037130270610447,59.01510383889239,1.0,0.0,1.9037130270610447
50,43,December,2,1.1113,1.002375122423004,31.073628795113123,1.0,0.0,1.002375122423004
50,43,December,3,1.1113,0.7557997298061849,23.429791623991733,1.0,0.0,0.7557997298061849
50,43,December,34,1.1113,1.9037130270610447,59.01510383889239,1.0,0.0,1.9037130270610447
50,43,February,2,1.1113,1.002375122423004,28.06650342784411,1.0,0.0,1.002375122423004
50,43,February,3,1.1113,0.7557997298061849,21.162392434573178,1.0,0.0,0.7557997298061849
50,43,February,34,1.1113,1.9037130270610447,53.30396475770925,1.0,0.0,1.9037130270610447
50,43,January,2,1.1113,1.002375122423004,31.073628795113123,1.0,0.0,1.002375122423004
50,43,January,3,1.1113,0.7557997298061849,23.429791623991733,1.0,0.0,0.7557997298061849
50,43,January,34,1.1113,1.9037130270610447,59.01510383889239,1.0,0.0,1.9037130270610447
50,43,July,2,1.1113,1.002375122423004,31.073628795113123,1.0,0.0,1.002375122423004
50,43,July,3,1.1113,0.7557997298061849,23.429791623991733,1.0,0.0,0.7557997298061849
50,43,July,34,1.1113,1.9037130270610447,59.01510383889239,1.0,0.0,1.9037130270610447
50,43,June,2,1.1113,1.002375122423004,30.07125367269012,1.0,0.0,1.002375122423004
50,43,June,3,1.1113,0.7557997298061849,22.673991894185548,1.0,0.0,0.7557997298061849
50,43,June,34,1.1113,1.9037130270610447,57.11139081183134,1.0,0.0,1.9037130270610447
50,43,March,2,1.1113,1.002375122423004,31.073628795113123,1.0,0.0,1.002375122423004
50,43,March,3,1.1113,0.7557997298061849,23.429791623991733,1.0,0.0,0.7557997298061849
50,43,March,25,1.1113,1.6072964260489755,49.82618920751824,1.0,0.0,1.6072964260489755
50,43,March,26,1.1113,0.8013668367346939,24.84237193877551,1.0,0.0,0.8013668367346939
50,43,March,34,1.1113,1.9037130270610447,59.01510383889239,1.0,0.0,1.9037130270610447
50,43,May,2,1.1113,1.002375122423004,31.073628795113123,1.0,0.0,1.002375122423004
50,43,May,3,1.1113,0.7557997298061849,23.429791623991733,1.0,0.0,0.7557997298061849
50,43,May,34,1.1113,1.9037130270610447,59.01510383889239,1.0,0.0,1.9037130270610447
50,43,November,2,1.1113,1.002375122423004,30.07125367269012,1.0,0.0,1.002375122423004
50,43,November,3,1.1113,0.7557997298061849,22.673991894185548,1.0,0.0,0.7557997298061849
50,43,November,34,1.1113,1.9037130270610447,57.11139081183134,1.0,0.0,1.9037130270610447
50,43,October,2,1.1113,1.002375122423004,31.073628795113123,1.0,0.0,1.002375122423004
50,43,October,3,1.1113,0.7557997298061849,23.429791623991733,1.0,0.0,0.7557997298061849
50,43,October,34,1.1113,1.9037130270610447,59.01510383889239,1.0,0.0,1.9037130270610447
50,43,September,2,1.1113,1.002375122423004,30.07125367269012,1.0,0.0,1.002375122423004
50,43,September,3,1.1113,0.7557997298061849,22.673991894185548,1.0,0.0,0.7557997298061849
50,43,September,34,1.1113,1.9037130270610447,57.11139081183134,1.0,0.0,1.9037130270610447
50,51,April,3,1.3007,2.5949446983592495,77.84834095077748,1.0,0.0,2.5949446983592495
50,51,August,3,1.3007,2.5949446983592495,80.44328564913673,1.0,0.0,2.5949446983592495
50,51,December,3,1.3007,2.5949446983592495,80.44328564913673,1.0,0.0,2.5949446983592495
50,51,February,3,1.3007,2.5949446983592495,72.65845155405898,1.0,0.0,2.5949446983592495
50,51,January,3,1.3007,2.5949446983592495,80.44328564913673,1.0,0.0,2.5949446983592495
50,51,July,3,1.3007,2.5949446983592495,80.44328564913673,1.0,0.0,2.5949446983592495
50,51,June,3,1.3007,2.5949446983592495,77.84834095077748,1.0,0.0,2.5949446983592495
50,51,March,3,1.3007,2.5949446983592495,80.44328564913673,1.0,0.0,2.5949446983592495
50,51,May,3,1.3007,2.5949446983592495,80.44328564913673,1.0,0.0,2.5949446983592495
50,51,November,3,1.3007,2.5949446983592495,77.84834095077748,1.0,0.0,2.5949446983592495
50,51,October,3,1.3007,2.5949446983592495,80.44328564913673,1.0,0.0,2.5949446983592495
50,51,September,3,1.3007,2.5949446983592495,77.84834095077748,1.0,0.0,2.5949446983592495
51,43,April,39,1.2236,2.074027928666169,62.22083785998507,1.0,0.0,2.074027928666169
51,43,August,39,1.2236,2.074027928666169,64.29486578865124,1.0,0.0,2.074027928666169
51,43,December,39,1.2236,2.074027928666169,64.29486578865124,1.0,0.0,2.074027928666169
51,43,February,39,1.2236,2.074027928666169,58.07278200265273,1.0,0.0,2.074027928666169
51,43,January,39,1.2236,2.074027928666169,64.29486578865124,1.0,0.0,2.074027928666169
51,43,July,39,1.2236,2.074027928666169,64.29486578865124,1.0,0.0,2.074027928666169
51,43,June,39,1.2236,2.074027928666169,62.22083785998507,1.0,0.0,2.074027928666169
51,43,March,39,1.2236,2.074027928666169,64.29486578865124,1.0,0.0,2.074027928666169
51,43,May,36,1.2236,3.5374471872677873,109.6608628053014,1.0,0.0,3.5374471872677873
51,43,May,38,1.2236,1.1344,35.1664,1.0,0.0,1.1344
51,43,May,39,1.2236,2.074027928666169,64.29486578865124,1.0,0.0,2.074027928666169
51,43,November,39,1.2236,2.074027928666169,62.22083785998507,1.0,0.0,2.074027928666169
51,43,October,39,1.2236,2.074027928666169,64.29486578865124,1.0,0.0,2.074027928666169
51,43,September,39,1.2236,2.074027928666169,62.22083785998507,1.0,0.0,2.074027928666169
51,50,June,28,1.3007,1.6169294208333325,48.50788262499997,1.0,0.0,1.6169294208333325
51,50,June,29,1.3007,1.2090541666666668,36.271625,1.0,0.0,1.2090541666666668
51,50,June,30,1.3007,1.2090541666666668,36.271625,1.0,0.0,1.2090541666666668
51,50,June,32,1.3007,0.9712758333333333,29.138275,1.0,0.0,0.9712758333333333
52,44,April,23,1.3985,12.062127433278171,361.86382299834514,1.0,0.0,12.062127433278171
52,44,April,32,1.3985,2.5217750182737007,75.65325054821102,1.0,0.0,2.5217750182737007
52,44,August,23,1.3985,18.057448756019852,559.7809114366154,1.0,0.0,18.057448756019852
52,44,December,23,1.3985,12.062127433278171,373.9259504316233,1.0,0.0,12.062127433278171
52,44,February,23,1.3985,15.170067076135311,424.7618781317887,1.0,0.0,15.170067076135311
52,44,January,23,1.3985,12.062127433278171,373.9259504316233,1.0,0.0,12.062127433278171
52,44,July,23,1.3985,12.062127433278171,373.9259504316233,1.0,0.0,12.062127433278171
52,44,June,23,1.3985,12.062127433278171,361.86382299834514,1.0,0.0,12.062127433278171
52,44,June,32,1.3985,2.5649449763922343,76.94834929176703,1.0,0.0,2.5649449763922343
52,44,March,23,1.3985,12.062127433278171,373.9259504316233,1.0,0.0,12.062127433278171
52,44,May,23,1.3985,12.062127433278171,373.9259504316233,1.0,0.0,12.062127433278171
52,44,November,23,1.3985,12.062127433278171,361.86382299834514,1.0,0.0,12.062127433278171
52,44,October,23,1.3985,12.062127433278171,373.9259504316233,1.0,0.0,12.062127433278171
52,44,September,23,1.3985,18.057448756019852,541.7234626805955,1.0,0.0,18.057448756019852
52,53,April,16,1.3386,7.234889686478354,217.04669059435062,1.0,0.0,7.234889686478354
52,53,April,18,1.3386,12.66743798829949,380.0231396489847,1.0,0.0,12.66743798829949
52,53,April,23,1.3386,5.995321322741681,179.85963968225042,1.0,0.0,5.995321322741681
52,53,December,23,1.3386,5.995321322741681,185.8549610049921,1.0,0.0,5.995321322741681
52,53,February,23,1.3386,2.887381679884541,80.84668703676715,1.0,0.0,2.887381679884541
52,53,January,23,1.3386,5.995321322741681,185.8549610049921,1.0,0.0,5.995321322741681
52,53,July,23,1.3386,5.995321322741681,185.8549610049921,1.0,0.0,5.995321322741681
52,53,June,23,1.3386,5.995321322741681,179.85963968225042,1.0,0.0,5.995321322741681
52,53,March,23,1.3386,5.995321322741681,185.8549610049921,1.0,0.0,5.995321322741681
52,53,March,24,1.3386,0.11330310297216428,3.5123961921370928,1.0,0.0,0.11330310297216428
52,53,May,23,1.3386,5.995321322741681,185.8549610049921,1.0,0.0,5.995321322741681
52,53,November,23,1.3386,5.995321322741681,179.85963968225042,1.0,0.0,5.995321322741681
52,53,October,23,1.3386,5.995321322741681,185.8549610049921,1.0,0.0,5.995321322741681
53,45,February,24,1.3256,0.4533800000000028,12.694640000000078,1.0,0.0,0.4533800000000028
53,52,April,27,1.3386,1.5137171627962296,45.41151488388689,1.0,0.0,1.5137171627962296
53,52,April,30,1.3386,11.879958097810324,356.3987429343097,1.0,0.0,11.879958097810324
53,52,April,31,1.3386,1.001522871559633,30.045686146788988,1.0,0.0,1.001522871559633
53,52,August,30,1.3386,0.1,3.1,1.0,0.0,0.1
53,52,December,30,1.3386,0.1,3.1,1.0,0.0,0.1
53,52,February,30,1.3386,0.1,2.8000000000000003,1.0,0.0,0.1
53,52,January,30,1.3386,0.1,3.1,1.0,0.0,0.1
53,52,July,30,1.3386,0.1,3.1,1.0,0.0,0.1
53,52,June,30,1.3386,13.254146435382726,397.6243930614818,1.0,0.0,13.254146435382726
53,52,June,31,1.3386,5.2398141215596326,157.19442364678898,1.0,0.0,5.2398141215596326
53,52,March,30,1.3386,0.1,3.1,1.0,0.0,0.1
53,52,May,30,1.3386,0.1,3.1,1.0,0.0,0.1
53,52,November,30,1.3386,0.1,3.0,1.0,0.0,0.1
53,52,October,30,1.3386,0.1,3.1,1.0,0.0,0.1
53,52,September,30,1.3386,0.1,3.0,1.0,0.0,0.1
54,55,April,30,1.0452,7.0625216737972565,211.8756502139177,1.0,0.0,7.0625216737972565
54,55,April,31,1.0452,20.299118512823817,608.9735553847145,1.0,1.0,0.2991185128238172
54,55,April,32,1.0452,0.6358719349729789,19.076158049189367,1.0,0.0,0.6358719349729789
54,55,April,34,1.0452,8.935325333333333,268.05976,1.0,0.0,8.935325333333333
54,55,April,35,1.0452,2.037412063958333,61.122361918749995,1.0,0.0,2.037412063958333
54,55,April,36,1.0452,1.9984701666666667,59.954105,1.0,0.0,1.9984701666666667
54,55,August,32,1.0452,0.6290479349729807,19.500485984162403,1.0,0.0,0.6290479349729807
54,55,July,32,1.0452,0.6290479349729807,19.500485984162403,1.0,0.0,0.6290479349729807
54,55,July,34,1.0452,3.4294496933764536,106.31294049467006,1.0,0.0,3.4294496933764536
54,55,July,35,1.0452,0.22887146262789315,7.095015341464688,1.0,0.0,0.22887146262789315
54,55,June,30,1.0452,14.373010977130583,431.1903293139175,1.0,0.0,14.373010977130583
54,55,June,31,1.0452,24.16294226282382,724.8882678847145,1.0,1.0,4.162942262823819
54,55,June,32,1.0452,0.6290479349729807,18.871438049189422,1.0,0.0,0.6290479349729807
54,55,June,34,1.0452,10.861076667043427,325.83230001130283,1.0,0.0,10.861076667043427
54,55,June,35,1.0452,2.2441154626278923,67.32346387883678,1.0,0.0,2.2441154626278923
54,55,June,36,1.0452,5.555346569119424,166.66039707358271,1.0,0.0,5.555346569119424
54,55,May,31,1.0452,14.61498084615715,453.06440623087167,1.0,0.0,14.61498084615715
54,55,May,32,1.0452,0.6290479349729807,19.500485984162403,1.0,0.0,0.6290479349729807
54,55,May,34,1.0452,6.2815992621099745,194.7295771254092,1.0,0.0,6.2815992621099745
54,55,May,35,1.0452,8.444141397487217,261.7683833221037,1.0,0.0,8.444141397487217
55,54,April,17,1.0452,6.740277979710459,202.20833939131379,1.0,0.0,6.740277979710459
55,54,April,18,1.0452,1.3172169074353377,39.51650722306013,1.0,0.0,1.3172169074353377
55,54,April,23,1.0452,9.064498908936862,271.9349672681059,1.0,0.0,9.064498908936862
55,54,August,23,1.0452,8.28428957560353,256.81297684370946,1.0,0.0,8.28428957560353
55,54,December,23,1.0452,8.28428957560353,256.81297684370946,1.0,0.0,8.28428957560353
55,54,February,18,1.0452,1.3172169074353377,36.882073408189456,1.0,0.0,1.3172169074353377
55,54,February,23,1.0452,8.28428957560353,231.96010811689885,1.0,0.0,8.28428957560353
55,54,February,28,1.0452,0.2579730607397357,7.223245700712599,1.0,0.0,0.2579730607397357
55,54,January,23,1.0452,8.28428957560353,256.81297684370946,1.0,0.0,8.28428957560353
55,54,July,17,1.0452,1.603632958125262,49.71262170188312,1.0,0.0,1.603632958125262
55,54,July,18,1.0452,0.4843813250766136,15.015821077375021,1.0,0.0,0.4843813250766136
55,54,July,23,1.0452,8.28428957560353,256.81297684370946,1.0,0.0,8.28428957560353
55,54,June,7,1.0452,0.1317799191481716,3.953397574445148,1.0,0.0,0.1317799191481716
55,54,June,9,1.0452,2.2763143329687754,68.28942998906327,1.0,0.0,2.2763143329687754
55,54,June,10,1.0452,2.083302,62.49906000000001,1.0,0.0,2.083302
55,54,June,23,1.0452,8.347878825603537,250.4363647681061,1.0,0.0,8.347878825603537
55,54,March,17,1.0452,1.2613422741991567,39.101610500173855,1.0,0.0,1.2613422741991567
55,54,March,18,1.0452,1.3172169074353377,40.83372413049547,1.0,0.0,1.3172169074353377
55,54,March,23,1.0452,8.28428957560353,256.81297684370946,1.0,0.0,8.28428957560353
55,54,May,23,1.0452,8.28428957560353,256.81297684370946,1.0,0.0,8.28428957560353
55,54,November,23,1.0452,8.28428957560353,248.5286872681059,1.0,0.0,8.28428957560353
55,54,October,23,1.0452,8.28428957560353,256.81297684370946,1.0,0.0,8.28428957560353
55,54,September,17,1.0452,3.3341785593527433,100.0253567805823,1.0,0.0,3.3341785593527433
55,54,September,18,1.0452,1.3172169074353377,39.51650722306013,1.0,0.0,1.3172169074353377
55,54,September,23,1.0452,8.28428957560353,248.5286872681059,1.0,0.0,8.28428957560353
