from_HexID,to_HexID,Month,TimeIndex,OriginType,DestinationType,Energy_kWh_day,Energy_kWh_annual,DeltaPrice_SEK_per_kWh,PriceComp_SEK_day,PriceComp_SEK_annual
1,2,April,17,medium,medium,3.6816152388556205,110.44845716566861,0.0,0.0,0.0
1,2,August,17,medium,medium,0.2702934422571275,8.379096709970952,0.0,0.0,0.0
1,2,December,17,medium,medium,3.6816152388556205,114.13007240452424,0.0,0.0,0.0
1,2,February,17,medium,medium,0.2702934422571275,7.5682163831995695,0.0,0.0,0.0
1,2,January,17,fast,medium,0.2702934422566159,8.379096709955093,0.0,0.0,0.0
1,2,July,17,fast,medium,3.6816152388556205,114.13007240452424,0.0,0.0,0.0
1,2,June,17,medium,medium,0.2702934422571275,8.108803267713824,0.0,0.0,0.0
1,2,March,17,medium,medium,3.6816152388556205,114.13007240452424,0.0,0.0,0.0
1,2,May,17,fast,medium,3.681615238855649,114.13007240452512,0.0,0.0,0.0
1,2,November,17,medium,medium,3.6816152388556205,110.44845716566861,0.0,0.0,0.0
1,2,October,17,medium,medium,0.2702934422571275,8.379096709970952,0.0,0.0,0.0
1,2,September,17,fast,medium,3.6816152388556205,110.44845716566861,0.0,0.0,0.0
1,9,April,20,fast,fast,1.858611517145686,55.75834551437058,0.0,0.0,0.0
1,9,August,17,fast,medium,3.4113217965985214,105.75097569455417,0.0,0.0,0.0
1,9,February,17,medium,medium,3.4113217965985214,95.5170103047586,0.0,0.0,0.0
1,9,January,17,medium,medium,3.4113217965985143,105.75097569455394,0.0,0.0,0.0
1,9,June,17,fast,fast,3.4113217965985214,102.33965389795564,0.0,0.0,0.0
1,9,June,20,fast,fast,9.702370244473506,291.0711073342052,0.0,0.0,0.0
1,9,May,19,fast,fast,0.91907564859887,28.49134510656497,0.0,0.0,0.0
1,9,May,20,fast,fast,4.41781313351937,136.9522071391005,0.0,0.0,0.0
1,9,October,17,fast,fast,3.4113217965985214,105.75097569455417,0.0,0.0,0.0
2,9,April,19,fast,fast,3.347948824440593,100.43846473321778,0.0,0.0,0.0
2,9,April,20,fast,fast,8.815846756639095,264.47540269917283,0.0,0.0,0.0
2,9,April,21,fast,fast,1.8225303349580386,54.67591004874116,0.0,0.0,0.0
2,9,June,19,fast,fast,3.5857061577739273,107.57118473321782,0.0,0.0,0.0
2,9,June,20,medium,medium,7.843758727327817,235.31276181983452,0.0,0.0,0.0
2,9,June,20,fast,fast,0.9720880293112781,29.162640879338344,0.0,0.0,0.0
2,9,June,21,fast,fast,6.068241184153243,182.0472355245973,0.0,0.0,0.0
2,9,May,19,fast,fast,7.615912059207663,236.09327383543754,0.0,0.0,0.0
2,9,May,20,medium,medium,8.815846756639097,273.291249455812,0.0,0.0,0.0
2,9,May,21,fast,fast,6.068241184153243,188.11547670875055,0.0,0.0,0.0
4,11,April,23,fast,fast,0.30868813681616203,9.26064410448486,0.0,0.0,0.0
4,11,April,38,fast,fast,0.6994932056425824,20.984796169277473,0.0,0.0,0.0
4,11,August,38,fast,fast,0.6994932056428537,21.684289374928465,0.0,0.0,0.0
4,11,December,38,fast,fast,0.6994932056428537,21.684289374928465,0.0,0.0,0.0
4,11,February,38,fast,fast,0.6994932056428537,19.585809757999904,0.0,0.0,0.0
4,11,January,38,fast,fast,0.6994932056425966,21.684289374920496,0.0,0.0,0.0
4,11,July,38,fast,fast,0.6994932056425966,21.684289374920496,0.0,0.0,0.0
4,11,June,38,fast,fast,0.6994932056428537,20.98479616928561,0.0,0.0,0.0
4,11,March,38,fast,fast,0.6994932056425966,21.684289374920496,0.0,0.0,0.0
4,11,May,38,fast,fast,0.6994932056425966,21.684289374920496,0.0,0.0,0.0
4,11,November,38,fast,fast,0.6994932056425966,20.9847961692779,0.0,0.0,0.0
4,11,October,38,fast,fast,0.6994932056425824,21.684289374920056,0.0,0.0,0.0
4,11,September,38,fast,fast,0.6994932056428537,20.98479616928561,0.0,0.0,0.0
7,8,April,24,medium,slow,1.153809322852183,34.61427968556549,0.0,0.0,0.0
7,8,August,24,fast,fast,1.153809322852183,35.768089008417675,0.0,0.0,0.0
7,8,December,24,fast,fast,1.153809322852183,35.768089008417675,0.0,0.0,0.0
7,8,February,24,fast,fast,1.153809322852183,32.306661039861126,0.0,0.0,0.0
7,8,January,24,fast,fast,1.153809322852183,35.768089008417675,0.0,0.0,0.0
7,8,July,24,fast,fast,1.153809322852183,35.768089008417675,0.0,0.0,0.0
7,8,June,24,fast,fast,1.153809322852183,34.61427968556549,0.0,0.0,0.0
7,8,March,24,fast,fast,1.153809322852183,35.768089008417675,0.0,0.0,0.0
7,8,May,24,fast,fast,1.153809322852183,35.768089008417675,0.0,0.0,0.0
7,8,November,24,fast,fast,1.153809322852183,34.61427968556549,0.0,0.0,0.0
7,8,October,24,fast,fast,1.153809322852183,35.768089008417675,0.0,0.0,0.0
7,8,September,24,fast,fast,1.153809322852183,34.61427968556549,0.0,0.0,0.0
8,1,April,21,medium,medium,6.705008401144934,201.150252034348,0.0,0.0,0.0
8,1,June,21,fast,medium,7.998589984478269,239.95769953434805,0.0,0.0,0.0
8,1,May,21,fast,medium,8.760569597540112,271.5776575237435,0.0,0.0,0.0
8,16,November,19,medium,medium,0.9524099732465925,28.572299197397776,0.0,0.0,0.0
9,1,June,23,fast,medium,7.668366749038553,230.05100247115658,0.0,0.0,0.0
9,1,June,29,medium,medium,1.919450485037201,57.583514551116025,0.0,0.0,0.0
10,9,April,34,fast,fast,9.455763194440507,283.6728958332152,0.0,0.0,0.0
10,9,August,34,fast,fast,9.455763194440502,293.12865902765554,0.0,0.0,0.0
10,9,January,34,fast,fast,9.455763194440502,293.12865902765554,0.0,0.0,0.0
10,9,July,34,fast,fast,9.455763194440507,293.1286590276557,0.0,0.0,0.0
10,9,June,34,fast,fast,9.455763194440507,283.6728958332152,0.0,0.0,0.0
10,9,March,34,fast,fast,9.455763194440507,293.1286590276557,0.0,0.0,0.0
10,9,May,20,medium,medium,0.9887338914785477,30.65075063583498,0.0,0.0,0.0
10,9,May,20,fast,fast,2.0932555884799466,64.89092324287834,0.0,0.0,0.0
10,9,May,34,fast,fast,9.455763194440518,293.12865902765606,0.0,0.0,0.0
10,9,November,34,fast,fast,9.455763194440502,283.6728958332151,0.0,0.0,0.0
10,9,September,34,fast,fast,0.9127044184689179,27.381132554067538,0.0,0.0,0.0
10,11,December,34,medium,medium,9.455763194440499,293.12865902765543,0.0,0.0,0.0
10,11,February,34,fast,medium,9.455763194440507,264.7613694443342,0.0,0.0,0.0
10,11,October,34,medium,medium,9.455763194440502,293.12865902765554,0.0,0.0,0.0
10,11,September,34,fast,fast,8.543058775971588,256.29176327914763,0.0,0.0,0.0
11,4,April,25,fast,fast,5.867072320079515,176.01216960238546,0.0,0.0,0.0
11,4,April,27,fast,fast,23.182711649912324,695.4813494973697,0.0,0.0,0.0
11,4,April,33,fast,fast,11.878964693614108,356.36894080842325,0.0,0.0,0.0
11,4,August,27,fast,fast,2.147823399912454,66.58252539728608,0.0,0.0,0.0
11,4,August,33,fast,fast,11.878964693614114,368.2479055020375,0.0,0.0,0.0
11,4,December,27,fast,fast,2.147823399912454,66.58252539728608,0.0,0.0,0.0
11,4,December,33,fast,fast,11.878964693614108,368.2479055020374,0.0,0.0,0.0
11,4,February,27,fast,fast,2.147823399912454,60.139055197548714,0.0,0.0,0.0
11,4,February,33,fast,fast,11.878964693614108,332.61101142119503,0.0,0.0,0.0
11,4,January,27,fast,fast,2.147823399912454,66.58252539728608,0.0,0.0,0.0
11,4,January,33,fast,fast,11.878964693614108,368.2479055020374,0.0,0.0,0.0
11,4,July,27,fast,fast,2.147823399912454,66.58252539728608,0.0,0.0,0.0
11,4,July,33,fast,fast,11.878964693614108,368.2479055020374,0.0,0.0,0.0
11,4,June,17,fast,fast,18.127443289660675,543.8232986898203,0.0,0.0,0.0
11,4,June,18,fast,fast,12.248493479604448,367.4548043881334,0.0,0.0,0.0
11,4,June,19,fast,fast,0.47103221767363834,14.13096653020915,0.0,0.0,0.0
11,4,June,25,fast,fast,0.1,3.0,0.0,0.0,0.0
11,4,June,26,fast,fast,0.1,3.0,0.0,0.0,0.0
11,4,June,27,fast,fast,22.72923650311752,681.8770950935256,0.0,0.0,0.0
11,4,June,33,fast,fast,11.878964693614101,356.368940808423,0.0,0.0,0.0
11,4,March,27,fast,fast,2.147823399912454,66.58252539728608,0.0,0.0,0.0
11,4,March,33,fast,fast,11.878964693614101,368.24790550203716,0.0,0.0,0.0
11,4,May,15,fast,fast,4.3565094992066165,135.0517944754051,0.0,0.0,0.0
11,4,May,16,fast,fast,11.919988442953155,369.51964173154784,0.0,0.0,0.0
11,4,May,17,fast,fast,28.768004694102316,891.8081455171719,0.0,0.0,0.0
11,4,May,18,fast,fast,19.99999900000007,619.9999690000021,0.0,0.0,0.0
11,4,May,19,fast,fast,10.968753655108344,340.03136330835866,0.0,0.0,0.0
11,4,May,20,fast,fast,6.0660186239078655,188.04657734114383,0.0,0.0,0.0
11,4,May,27,fast,fast,2.1478233999124683,66.58252539728652,0.0,0.0,0.0
11,4,May,33,fast,fast,11.878964693614108,368.2479055020374,0.0,0.0,0.0
11,4,November,27,fast,fast,2.147823399912582,64.43470199737746,0.0,0.0,0.0
11,4,November,33,fast,fast,11.878964693614108,356.36894080842325,0.0,0.0,0.0
11,4,October,27,fast,fast,2.147823399912454,66.58252539728608,0.0,0.0,0.0
11,4,October,33,fast,fast,11.878964693614108,368.2479055020374,0.0,0.0,0.0
11,4,September,17,fast,fast,1.31182592373737,39.3547777121211,0.0,0.0,0.0
11,4,September,27,fast,fast,2.147823399912454,64.43470199737362,0.0,0.0,0.0
11,4,September,33,fast,fast,11.878964693614108,356.36894080842325,0.0,0.0,0.0
11,10,April,21,fast,fast,4.518507219573369,135.55521658720107,0.0,0.0,0.0
11,10,April,32,fast,fast,11.02209827133598,330.6629481400794,0.0,0.0,0.0
11,10,April,33,fast,medium,12.02310951744795,360.6932855234385,0.0,0.0,0.0
11,10,August,33,medium,medium,12.023109517447958,372.7163950408867,0.0,0.0,0.0
11,10,December,33,fast,medium,12.023109517447963,372.7163950408869,0.0,0.0,0.0
11,10,February,33,fast,medium,12.02310951745676,336.6470664887893,0.0,0.0,0.0
11,10,January,33,fast,fast,12.023109517447963,372.7163950408869,0.0,0.0,0.0
11,10,July,33,fast,fast,12.023109517447963,372.7163950408869,0.0,0.0,0.0
11,10,June,21,fast,fast,4.206648161476835,126.19944484430505,0.0,0.0,0.0
11,10,June,32,medium,medium,24.16335462270044,724.9006386810131,0.0,0.0,0.0
11,10,June,32,fast,fast,11.02209827133598,330.6629481400794,0.0,0.0,0.0
11,10,June,33,medium,medium,12.02310951744797,360.6932855234391,0.0,0.0,0.0
11,10,March,33,medium,medium,12.02310951744797,372.7163950408871,0.0,0.0,0.0
11,10,May,32,fast,fast,11.02209827133598,341.6850464114153,0.0,0.0,0.0
11,10,May,33,fast,medium,12.02310951744795,372.7163950408864,0.0,0.0,0.0
11,10,November,33,fast,medium,12.02310951744795,360.6932855234385,0.0,0.0,0.0
11,10,October,33,fast,fast,12.023109517447963,372.7163950408869,0.0,0.0,0.0
11,10,September,33,medium,medium,12.023109517447963,360.69328552343893,0.0,0.0,0.0
12,19,December,23,medium,medium,1.20798,37.44738,0.0,0.0,0.0
12,19,June,22,fast,medium,1.0947899348279453,32.84369804483836,0.0,0.0,0.0
12,19,June,23,medium,medium,0.7207799348279469,21.623398044838407,0.0,0.0,0.0
13,21,April,16,fast,fast,1.3379891547824911,40.139674643474734,0.0,0.0,0.0
13,21,August,16,fast,medium,1.3379891547824911,41.477663798257225,0.0,0.0,0.0
13,21,December,16,fast,medium,1.337989154782468,41.47766379825651,0.0,0.0,0.0
13,21,February,16,medium,medium,1.3379891547824911,37.46369633390975,0.0,0.0,0.0
13,21,January,16,medium,medium,1.3379891547824911,41.477663798257225,0.0,0.0,0.0
13,21,July,16,medium,medium,1.3379891547824911,41.477663798257225,0.0,0.0,0.0
13,21,June,16,fast,medium,1.3379891547824911,40.139674643474734,0.0,0.0,0.0
13,21,March,16,medium,medium,1.3379891547824911,41.477663798257225,0.0,0.0,0.0
13,21,May,16,medium,medium,1.3379891547824911,41.477663798257225,0.0,0.0,0.0
13,21,November,16,fast,medium,1.3379891547824911,40.139674643474734,0.0,0.0,0.0
13,21,October,16,fast,medium,1.3379891547824911,41.477663798257225,0.0,0.0,0.0
13,21,September,16,fast,fast,1.3379891547824911,40.139674643474734,0.0,0.0,0.0
14,13,April,28,fast,fast,12.905228764308676,387.1568629292603,0.0,0.0,0.0
14,13,April,29,fast,fast,15.655716920058929,469.67150760176787,0.0,0.0,0.0
14,13,April,35,fast,fast,4.784007173279662,143.52021519838985,0.0,0.0,0.0
14,13,August,35,fast,fast,4.784007173279662,148.3042223716695,0.0,0.0,0.0
14,13,December,35,fast,fast,4.784007173279662,148.3042223716695,0.0,0.0,0.0
14,13,February,35,fast,fast,4.784007173279587,133.95220085182842,0.0,0.0,0.0
14,13,January,35,fast,fast,4.784007173279662,148.3042223716695,0.0,0.0,0.0
14,13,July,35,fast,fast,4.784007173279662,148.3042223716695,0.0,0.0,0.0
14,13,June,28,fast,fast,13.78848176430867,413.6544529292601,0.0,0.0,0.0
14,13,June,29,fast,fast,15.661333586725597,469.8400076017679,0.0,0.0,0.0
14,13,June,35,fast,fast,4.784007173279662,143.52021519838985,0.0,0.0,0.0
14,13,March,35,fast,fast,4.784007173279662,148.3042223716695,0.0,0.0,0.0
14,13,May,19,fast,fast,3.692435987802579,114.46551562187994,0.0,0.0,0.0
14,13,May,21,fast,fast,11.267105938812126,349.2802841031759,0.0,0.0,0.0
14,13,May,28,fast,fast,14.369533774891437,445.4555470216345,0.0,0.0,0.0
14,13,May,35,fast,fast,4.784007173279662,148.3042223716695,0.0,0.0,0.0
14,13,November,35,fast,fast,4.784007173279587,143.5202151983876,0.0,0.0,0.0
14,13,October,35,fast,fast,4.784007173279662,148.3042223716695,0.0,0.0,0.0
14,13,September,35,fast,fast,4.784007173279662,143.52021519838985,0.0,0.0,0.0
15,7,April,16,fast,medium,6.481363411250886,194.44090233752658,0.0,0.0,0.0
15,7,April,17,fast,medium,31.50861765740415,945.2585297221245,0.0,0.0,0.0
15,7,April,18,fast,medium,33.0,990.0,0.0,0.0,0.0
15,7,April,19,medium,medium,33.0,990.0,0.0,0.0,0.0
15,7,April,20,fast,medium,6.645862499999884,199.37587499999654,0.0,0.0,0.0
15,7,April,26,medium,medium,3.9438035437235524,118.31410631170657,0.0,0.0,0.0
15,7,April,27,medium,medium,8.58837541666655,257.6512624999965,0.0,0.0,0.0
15,7,April,28,fast,medium,8.58837541666655,257.6512624999965,0.0,0.0,0.0
15,7,April,29,fast,medium,10.302087938593958,309.06263815781875,0.0,0.0,0.0
15,7,April,30,medium,medium,5.565245833333217,166.9573749999965,0.0,0.0,0.0
15,7,April,31,medium,medium,9.212228333333334,276.36685,0.0,0.0,0.0
15,7,April,32,fast,medium,9.212228333333334,276.36685,0.0,0.0,0.0
15,7,April,33,fast,medium,8.385808105049506,251.57424315148518,0.0,0.0,0.0
15,7,April,34,fast,medium,0.2506939925582605,7.520819776747816,0.0,0.0,0.0
15,7,April,35,fast,medium,1.0124408333333335,30.373225000000005,0.0,0.0,0.0
15,7,April,36,medium,medium,1.0124408333333335,30.373225000000005,0.0,0.0,0.0
15,7,April,37,medium,medium,7.521859583333449,225.65578750000347,0.0,0.0,0.0
15,7,April,38,fast,medium,5.83315887567193,174.9947662701579,0.0,0.0,0.0
15,7,August,16,medium,medium,6.481363411250859,200.92226574877662,0.0,0.0,0.0
15,7,August,17,fast,medium,31.50861765740415,976.7671473795288,0.0,0.0,0.0
15,7,August,18,medium,medium,33.0,1023.0,0.0,0.0,0.0
15,7,August,19,fast,medium,33.0,1023.0,0.0,0.0,0.0
15,7,August,20,medium,medium,0.9557181451612209,29.627262499997848,0.0,0.0,0.0
15,7,August,23,fast,medium,4.132427433800386,128.10525044781195,0.0,0.0,0.0
15,7,August,27,fast,medium,9.511501612903224,294.85654999999997,0.0,0.0,0.0
15,7,August,28,fast,medium,9.511501612903226,294.85655,0.0,0.0,0.0
15,7,August,29,fast,medium,0.8106604838708531,25.130474999996444,0.0,0.0,0.0
15,7,August,30,medium,medium,0.8106604838708913,25.13047499999763,0.0,0.0,0.0
15,7,August,31,fast,medium,3.2405687181636966,100.45763026307459,0.0,0.0,0.0
15,7,August,33,medium,medium,8.385808105049506,259.9600512565347,0.0,0.0,0.0
15,7,August,34,medium,medium,1.0395160602167919,32.22499786672055,0.0,0.0,0.0
15,7,August,35,fast,medium,1.3991326612903228,43.373112500000005,0.0,0.0,0.0
15,7,August,36,fast,medium,1.3991326612903228,43.373112500000005,0.0,0.0,0.0
15,7,December,16,fast,medium,6.481363411250875,200.92226574877714,0.0,0.0,0.0
15,7,December,17,fast,medium,31.50861765740415,976.7671473795288,0.0,0.0,0.0
15,7,December,18,medium,medium,33.0,1023.0,0.0,0.0,0.0
15,7,December,19,fast,medium,33.0,1023.0,0.0,0.0,0.0
15,7,December,23,fast,medium,4.132427433800389,128.10525044781207,0.0,0.0,0.0
15,7,December,27,fast,medium,7.523338611870216,233.2234969679767,0.0,0.0,0.0
15,7,December,28,medium,medium,7.996436940161956,247.88954514502063,0.0,0.0,0.0
15,7,February,16,fast,medium,6.481363411250886,181.47817551502482,0.0,0.0,0.0
15,7,February,17,medium,medium,31.50861765740415,882.2412944073162,0.0,0.0,0.0
15,7,February,18,medium,medium,33.0,924.0,0.0,0.0,0.0
15,7,February,19,fast,medium,33.0,924.0,0.0,0.0,0.0
15,7,February,23,fast,medium,4.132427433799279,115.70796814637981,0.0,0.0,0.0
15,7,February,27,fast,medium,7.523338611870258,210.65348113236723,0.0,0.0,0.0
15,7,February,28,medium,medium,7.996436940161999,223.90023432453597,0.0,0.0,0.0
15,7,February,33,medium,medium,6.42298319390602,179.84352942936854,0.0,0.0,0.0
15,7,January,16,fast,medium,6.481363411250884,200.9222657487774,0.0,0.0,0.0
15,7,January,17,fast,medium,31.50861765740415,976.7671473795288,0.0,0.0,0.0
15,7,January,18,medium,medium,33.0,1023.0,0.0,0.0,0.0
15,7,January,19,medium,medium,33.0,1023.0,0.0,0.0,0.0
15,7,January,23,fast,medium,4.132427433800386,128.10525044781195,0.0,0.0,0.0
15,7,January,27,medium,medium,7.52333861187023,233.22349696797713,0.0,0.0,0.0
15,7,January,28,medium,medium,7.996436940161999,247.88954514502197,0.0,0.0,0.0
15,7,July,16,fast,medium,6.481363411250886,200.92226574877745,0.0,0.0,0.0
15,7,July,17,fast,medium,31.50861765740415,976.7671473795288,0.0,0.0,0.0
15,7,July,18,medium,medium,33.0,1023.0,0.0,0.0,0.0
15,7,July,19,medium,medium,33.0,1023.0,0.0,0.0,0.0
15,7,July,20,medium,medium,2.7775685483869808,86.1046249999964,0.0,0.0,0.0
15,7,July,23,fast,medium,0.9771380789617865,30.29128044781538,0.0,0.0,0.0
15,7,July,27,fast,medium,11.213789112903227,347.62746250000004,0.0,0.0,0.0
15,7,July,28,fast,medium,11.213789112903227,347.62746250000004,0.0,0.0,0.0
15,7,July,33,medium,medium,8.385808105049534,259.96005125653556,0.0,0.0,0.0
15,7,July,35,fast,medium,2.369102016129033,73.44216250000002,0.0,0.0,0.0
15,7,July,36,medium,medium,2.3691020161290326,73.44216250000001,0.0,0.0,0.0
15,7,July,37,fast,medium,7.592306331192242,235.3614962669595,0.0,0.0,0.0
15,7,July,38,medium,medium,0.7467951612903228,23.150650000000006,0.0,0.0,0.0
15,7,June,16,fast,medium,6.481363411250886,194.44090233752658,0.0,0.0,0.0
15,7,June,17,fast,medium,31.50861765740415,945.2585297221245,0.0,0.0,0.0
15,7,June,18,fast,medium,33.0,990.0,0.0,0.0,0.0
15,7,June,19,fast,medium,33.0,990.0,0.0,0.0,0.0
15,7,June,20,medium,medium,6.728969166666554,201.8690749999966,0.0,0.0,0.0
15,7,June,26,medium,medium,4.006171877056891,120.18515631170673,0.0,0.0,0.0
15,7,June,27,medium,medium,16.53193041666667,495.9579125,0.0,0.0,0.0
15,7,June,28,fast,medium,16.531930416666665,495.95791249999996,0.0,0.0,0.0
15,7,June,29,fast,medium,13.90412291666667,417.12368750000013,0.0,0.0,0.0
15,7,June,30,medium,medium,13.90412291666667,417.12368750000013,0.0,0.0,0.0
15,7,June,31,fast,medium,10.624138371975677,318.7241511592703,0.0,0.0,0.0
15,7,June,32,fast,medium,11.169672083333333,335.0901625,0.0,0.0,0.0
15,7,June,33,fast,medium,7.795553341166954,233.86660023500863,0.0,0.0,0.0
15,7,June,35,medium,medium,1.968133022376876,59.04399067130628,0.0,0.0,0.0
15,7,June,36,medium,medium,0.1,3.0,0.0,0.0,0.0
15,7,June,37,fast,medium,0.8100312500000001,24.300937500000003,0.0,0.0,0.0
15,7,June,38,medium,medium,0.8100312500000001,24.300937500000003,0.0,0.0,0.0
15,7,March,15,medium,medium,1.1148107827090885,34.55913426398175,0.0,0.0,0.0
15,7,March,16,fast,medium,6.481363411250886,200.92226574877745,0.0,0.0,0.0
15,7,March,17,medium,medium,31.50861765740415,976.7671473795288,0.0,0.0,0.0
15,7,March,18,fast,medium,33.0,1023.0,0.0,0.0,0.0
15,7,March,19,medium,medium,33.0,1023.0,0.0,0.0,0.0
15,7,March,20,medium,medium,0.249377016128987,7.730687499998597,0.0,0.0,0.0
15,7,March,23,medium,medium,4.1324274338003875,128.105250447812,0.0,0.0,0.0
15,7,March,27,fast,medium,7.523338611870258,233.223496967978,0.0,0.0,0.0
15,7,March,28,medium,medium,7.996436940161942,247.8895451450202,0.0,0.0,0.0
15,7,March,33,fast,medium,8.385808105049506,259.9600512565347,0.0,0.0,0.0
15,7,March,34,medium,medium,1.0999750000000001,34.099225000000004,0.0,0.0,0.0
15,7,March,38,fast,medium,0.2383150096747663,7.387765299917755,0.0,0.0,0.0
15,7,May,15,medium,medium,7.530391831096185,233.44214676398173,0.0,0.0,0.0
15,7,May,16,fast,medium,6.481363411250886,200.92226574877745,0.0,0.0,0.0
15,7,May,17,medium,medium,31.50861765740415,976.7671473795288,0.0,0.0,0.0
15,7,May,18,medium,medium,33.0,1023.0,0.0,0.0,0.0
15,7,May,19,medium,medium,33.0,1023.0,0.0,0.0,0.0
15,7,May,20,medium,medium,10.461942741935369,324.3202249999964,0.0,0.0,0.0
15,7,May,25,fast,medium,2.561106952090636,79.39431551480972,0.0,0.0,0.0
15,7,May,26,fast,medium,6.740408785659044,208.95267235543037,0.0,0.0,0.0
15,7,May,27,fast,medium,11.298317338709557,350.24783749999625,0.0,0.0,0.0
15,7,May,28,fast,medium,16.0351594439703,497.0899427630793,0.0,0.0,0.0
15,7,May,29,medium,medium,8.216317338709562,254.70583749999642,0.0,0.0,0.0
15,7,May,30,medium,medium,8.216317338709562,254.70583749999642,0.0,0.0,0.0
15,7,May,31,medium,medium,11.366646370967741,352.3660375,0.0,0.0,0.0
15,7,May,32,fast,medium,11.366646370967741,352.3660375,0.0,0.0,0.0
15,7,May,33,fast,medium,8.385808105049534,259.96005125653556,0.0,0.0,0.0
15,7,May,34,medium,medium,5.000674690365992,155.02091540134575,0.0,0.0,0.0
15,7,May,35,medium,medium,2.2048931451612908,68.35168750000001,0.0,0.0,0.0
15,7,May,36,medium,medium,5.717078512442011,177.22943388570235,0.0,0.0,0.0
15,7,May,37,fast,medium,8.026032258064632,248.8070000000036,0.0,0.0,0.0
15,7,May,38,medium,medium,8.026032258064632,248.8070000000036,0.0,0.0,0.0
15,7,November,16,medium,medium,6.481363411250886,194.44090233752658,0.0,0.0,0.0
15,7,November,17,medium,medium,31.50861765740415,945.2585297221245,0.0,0.0,0.0
15,7,November,18,medium,medium,33.0,990.0,0.0,0.0,0.0
15,7,November,19,fast,medium,33.0,990.0,0.0,0.0,0.0
15,7,November,23,medium,medium,4.1324274338003875,123.97282301401162,0.0,0.0,0.0
15,7,November,27,medium,medium,7.52333861187023,225.7001583561069,0.0,0.0,0.0
15,7,November,28,medium,medium,7.996436940161999,239.89310820485997,0.0,0.0,0.0
15,7,October,16,medium,medium,6.481363411250886,200.92226574877745,0.0,0.0,0.0
15,7,October,17,fast,medium,31.50861765740415,976.7671473795288,0.0,0.0,0.0
15,7,October,18,fast,medium,33.0,1023.0,0.0,0.0,0.0
15,7,October,19,fast,medium,33.0,1023.0,0.0,0.0,0.0
15,7,October,23,medium,medium,4.1324274338003875,128.105250447812,0.0,0.0,0.0
15,7,October,27,medium,medium,7.523338611870258,233.223496967978,0.0,0.0,0.0
15,7,October,28,fast,medium,7.996436940161999,247.88954514502197,0.0,0.0,0.0
15,7,September,15,medium,medium,1.411910809590808,42.35732428772424,0.0,0.0,0.0
15,7,September,16,fast,medium,6.481363411250857,194.44090233752573,0.0,0.0,0.0
15,7,September,17,fast,medium,31.50861765740415,945.2585297221245,0.0,0.0,0.0
15,7,September,18,fast,medium,33.0,990.0,0.0,0.0,0.0
15,7,September,19,medium,medium,33.0,990.0,0.0,0.0,0.0
15,7,September,23,fast,medium,4.1324274338003875,123.97282301401162,0.0,0.0,0.0
15,7,September,27,medium,medium,9.272239166666667,278.167175,0.0,0.0,0.0
15,7,September,28,medium,medium,9.272239166666669,278.16717500000004,0.0,0.0,0.0
15,7,September,29,fast,medium,0.47925583333329413,14.377674999998824,0.0,0.0,0.0
15,7,September,30,medium,medium,0.47925583333329413,14.377674999998824,0.0,0.0,0.0
15,7,September,33,fast,medium,3.8957245320203198,116.8717359606096,0.0,0.0,0.0
15,8,April,16,fast,fast,13.976217278848974,419.28651836546925,0.0,0.0,0.0
15,8,April,22,fast,fast,10.352883555754575,310.58650667263726,0.0,0.0,0.0
15,8,April,23,fast,fast,17.09821248947419,512.9463746842257,0.0,0.0,0.0
15,8,April,24,fast,slow,2.378877541141904,71.36632623425712,0.0,0.0,0.0
15,8,April,24,fast,fast,25.0,750.0,0.0,0.0,0.0
15,8,April,25,fast,fast,25.0,750.0,0.0,0.0,0.0
15,8,April,26,fast,fast,25.0,750.0,0.0,0.0,0.0
15,8,April,27,fast,fast,23.934963195203707,718.0488958561112,0.0,0.0,0.0
15,8,April,28,fast,fast,24.408061523495448,732.2418457048634,0.0,0.0,0.0
15,8,April,29,fast,fast,17.83633916666667,535.090175,0.0,0.0,0.0
15,8,April,30,fast,fast,19.758518983055225,592.7555694916567,0.0,0.0,0.0
15,8,April,31,fast,fast,9.057599259040707,271.7279777712212,0.0,0.0,0.0
15,8,April,32,fast,fast,1.061684597215919,31.85053791647757,0.0,0.0,0.0
15,8,April,34,fast,fast,3.882049879860798,116.46149639582393,0.0,0.0,0.0
15,8,April,35,fast,fast,1.5758861666666673,47.27658500000002,0.0,0.0,0.0
15,8,April,36,fast,fast,1.5758861666666668,47.276585000000004,0.0,0.0,0.0
15,8,April,37,fast,fast,0.5914872571852423,17.74461771555727,0.0,0.0,0.0
15,8,April,38,fast,fast,2.534024916666664,76.02074749999991,0.0,0.0,0.0
15,8,August,16,fast,fast,13.976217278848976,433.26273564431824,0.0,0.0,0.0
15,8,August,23,fast,fast,17.661586407103826,547.5091786202186,0.0,0.0,0.0
15,8,August,24,fast,fast,23.846190677147817,739.2319109915824,0.0,0.0,0.0
15,8,August,25,fast,fast,12.065114516129032,374.01855,0.0,0.0,0.0
15,8,August,26,fast,fast,12.065114516129032,374.01855,0.0,0.0,0.0
15,8,August,27,fast,fast,23.011836998967027,713.3669469679778,0.0,0.0,0.0
15,8,August,28,fast,fast,23.484935327258768,728.0329951450218,0.0,0.0,0.0
15,8,August,29,fast,fast,10.435723709677422,323.5074350000001,0.0,0.0,0.0
15,8,August,30,fast,fast,10.435723709677422,323.5074350000001,0.0,0.0,0.0
15,8,August,31,fast,fast,2.7279876085030725,84.56761586359525,0.0,0.0,0.0
15,8,August,34,fast,fast,2.569430369108111,79.65234144235144,0.0,0.0,0.0
15,8,August,35,fast,fast,0.7630242279510377,23.65375106648217,0.0,0.0,0.0
15,8,December,16,fast,fast,13.976217278848976,433.26273564431824,0.0,0.0,0.0
15,8,December,23,fast,fast,17.661586407103822,547.5091786202184,0.0,0.0,0.0
15,8,December,24,fast,fast,23.846190677147817,739.2319109915824,0.0,0.0,0.0
15,8,December,25,fast,fast,0.7428448387096784,23.02819000000003,0.0,0.0,0.0
15,8,December,26,fast,fast,10.17217941954732,315.3375620059669,0.0,0.0,0.0
15,8,December,27,fast,fast,25.0,775.0,0.0,0.0,0.0
15,8,December,28,fast,fast,25.0,775.0,0.0,0.0,0.0
15,8,December,33,fast,fast,8.385808105049534,259.96005125653556,0.0,0.0,0.0
15,8,February,16,fast,fast,13.976217278848974,391.33408380777126,0.0,0.0,0.0
15,8,February,23,fast,fast,17.661586407103822,494.524419398907,0.0,0.0,0.0
15,8,February,24,fast,fast,23.846190677147817,667.6933389601388,0.0,0.0,0.0
15,8,February,25,fast,fast,7.800347232142859,218.40972250000004,0.0,0.0,0.0
15,8,February,26,fast,fast,10.17217941954732,284.82102374732494,0.0,0.0,0.0
15,8,February,27,fast,fast,25.0,700.0,0.0,0.0,0.0
15,8,February,28,fast,fast,25.0,700.0,0.0,0.0,0.0
15,8,February,29,fast,fast,6.436750803571431,180.22902250000007,0.0,0.0,0.0
15,8,February,30,fast,fast,6.436750803571431,180.22902250000007,0.0,0.0,0.0
15,8,February,33,fast,fast,1.9628249111435148,54.95909751201842,0.0,0.0,0.0
15,8,January,16,fast,fast,13.976217278848976,433.26273564431824,0.0,0.0,0.0
15,8,January,23,fast,fast,17.661586407103826,547.5091786202186,0.0,0.0,0.0
15,8,January,24,fast,fast,23.846190677147817,739.2319109915824,0.0,0.0,0.0
15,8,January,25,fast,fast,3.5552812903225837,110.2137200000001,0.0,0.0,0.0
15,8,January,26,fast,fast,10.17217941954732,315.3375620059669,0.0,0.0,0.0
15,8,January,27,fast,fast,25.0,775.0,0.0,0.0,0.0
15,8,January,28,fast,fast,25.0,775.0,0.0,0.0,0.0
15,8,January,33,fast,fast,8.385808105049534,259.96005125653556,0.0,0.0,0.0
15,8,July,16,fast,fast,13.976217278848974,433.2627356443182,0.0,0.0,0.0
15,8,July,22,fast,fast,0.6458200288728602,20.020420895058663,0.0,0.0,0.0
15,8,July,23,fast,fast,17.661586407103826,547.5091786202186,0.0,0.0,0.0
15,8,July,24,fast,fast,23.846190677147817,739.2319109915824,0.0,0.0,0.0
15,8,July,25,fast,fast,15.704328870967746,486.83419500000014,0.0,0.0,0.0
15,8,July,26,fast,fast,15.704328870967746,486.83419500000014,0.0,0.0,0.0
15,8,July,27,fast,fast,21.30954949896703,660.5960344679779,0.0,0.0,0.0
15,8,July,28,fast,fast,21.78264782725877,675.2620826450219,0.0,0.0,0.0
15,8,July,29,fast,fast,12.724267580645162,394.452295,0.0,0.0,0.0
15,8,July,30,fast,fast,12.724267580645162,394.452295,0.0,0.0,0.0
15,8,July,31,fast,fast,3.6586143826966167,113.41704586359512,0.0,0.0,0.0
15,8,July,34,fast,fast,4.056819320721012,125.76139894235138,0.0,0.0,0.0
15,8,July,35,fast,fast,1.1875587903225826,36.81432250000006,0.0,0.0,0.0
15,8,July,36,fast,fast,2.9606332732830567,91.77963147177476,0.0,0.0,0.0
15,8,July,37,fast,fast,1.9706116181395332,61.08896016232553,0.0,0.0,0.0
15,8,July,38,fast,fast,1.1624029032258065,36.034490000000005,0.0,0.0,0.0
15,8,June,16,fast,fast,13.976217278848974,419.28651836546925,0.0,0.0,0.0
15,8,June,22,fast,fast,10.57513672242124,317.2541016726372,0.0,0.0,0.0
15,8,June,23,fast,fast,17.661586407103822,529.8475922131147,0.0,0.0,0.0
15,8,June,24,fast,slow,2.5792980306608086,77.37894091982426,0.0,0.0,0.0
15,8,June,24,fast,fast,23.846190677147817,715.3857203144345,0.0,0.0,0.0
15,8,June,25,fast,fast,25.0,750.0,0.0,0.0,0.0
15,8,June,26,fast,fast,25.0,750.0,0.0,0.0,0.0
15,8,June,27,fast,fast,25.0,750.0,0.0,0.0,0.0
15,8,June,28,fast,fast,25.0,750.0,0.0,0.0,0.0
15,8,June,29,fast,fast,21.64206958333334,649.2620875000001,0.0,0.0,0.0
15,8,June,30,fast,fast,22.09074696688734,662.7224090066202,0.0,0.0,0.0
15,8,June,31,fast,fast,12.104403009040707,363.1320902712212,0.0,0.0,0.0
15,8,June,32,fast,fast,4.108488347215923,123.25465041647769,0.0,0.0,0.0
15,8,June,33,fast,fast,0.5902547638825801,17.707642916477404,0.0,0.0,0.0
15,8,June,34,fast,fast,10.703736379860798,321.11209139582394,0.0,0.0,0.0
15,8,June,35,fast,fast,4.580997833333333,137.429935,0.0,0.0,0.0
15,8,June,36,fast,fast,4.580997833333334,137.42993500000003,0.0,0.0,0.0
15,8,June,37,fast,fast,1.26083125,37.824937500000004,0.0,0.0,0.0
15,8,June,38,fast,fast,1.26083125,37.824937500000004,0.0,0.0,0.0
15,8,March,16,fast,fast,13.976217278848974,433.2627356443182,0.0,0.0,0.0
15,8,March,23,fast,fast,17.661586407103826,547.5091786202186,0.0,0.0,0.0
15,8,March,24,fast,fast,23.846190677147817,739.2319109915824,0.0,0.0,0.0
15,8,March,25,fast,fast,11.430227500000004,354.33705250000014,0.0,0.0,0.0
15,8,March,26,fast,fast,11.430227500000004,354.33705250000014,0.0,0.0,0.0
15,8,March,27,fast,fast,25.0,775.0,0.0,0.0,0.0
15,8,March,28,fast,fast,25.0,775.0,0.0,0.0,0.0
15,8,March,29,fast,fast,7.199129435483871,223.1730125,0.0,0.0,0.0
15,8,March,30,fast,fast,7.199129435483871,223.1730125,0.0,0.0,0.0
15,8,March,31,fast,fast,1.8880641407611325,58.52998836359511,0.0,0.0,0.0
15,8,March,34,fast,fast,1.0482675465274625,32.496293942351336,0.0,0.0,0.0
15,8,March,37,fast,fast,0.11988076491935476,3.7163037124999976,0.0,0.0,0.0
15,8,March,38,fast,fast,2.5,77.5,0.0,0.0,0.0
15,8,May,16,fast,fast,13.976217278848974,433.2627356443182,0.0,0.0,0.0
15,8,May,22,fast,fast,16.067093819195442,498.0799083950587,0.0,0.0,0.0
15,8,May,23,fast,fast,17.661586407103822,547.5091786202184,0.0,0.0,0.0
15,8,May,24,fast,fast,23.846190677147817,739.2319109915824,0.0,0.0,0.0
15,8,May,25,fast,fast,25.0,775.0,0.0,0.0,0.0
15,8,May,26,fast,fast,25.0,775.0,0.0,0.0,0.0
15,8,May,27,fast,fast,25.0,775.0,0.0,0.0,0.0
15,8,May,28,fast,fast,25.0,775.0,0.0,0.0,0.0
15,8,May,29,fast,fast,24.4627895967742,758.3464775000002,0.0,0.0,0.0
15,8,May,30,fast,fast,24.4627895967742,758.3464775000002,0.0,0.0,0.0
15,8,May,31,fast,fast,12.410997769793386,384.740930863595,0.0,0.0,0.0
15,8,May,32,fast,fast,4.415083107968604,136.86757634702673,0.0,0.0,0.0
15,8,May,34,fast,fast,7.3893229497532715,229.0690114423514,0.0,0.0,0.0
15,8,May,35,fast,fast,3.4319641129032266,106.39088750000002,0.0,0.0,0.0
15,8,May,36,fast,fast,5.788214112903228,179.43463750000006,0.0,0.0,0.0
15,8,May,37,fast,fast,3.318780645161288,102.88219999999993,0.0,0.0,0.0
15,8,May,38,fast,fast,3.318780645161288,102.88219999999993,0.0,0.0,0.0
15,8,November,16,fast,fast,13.976217278848974,419.28651836546925,0.0,0.0,0.0
15,8,November,19,medium,slow,2.4217736513850814,72.65320954155244,0.0,0.0,0.0
15,8,November,23,fast,fast,17.661586407103826,529.8475922131148,0.0,0.0,0.0
15,8,November,24,fast,fast,23.846190677147817,715.3857203144345,0.0,0.0,0.0
15,8,November,25,fast,fast,3.6034226666666695,108.10268000000009,0.0,0.0,0.0
15,8,November,26,fast,fast,10.172179419547348,305.16538258642044,0.0,0.0,0.0
15,8,November,27,fast,fast,25.0,750.0,0.0,0.0,0.0
15,8,November,28,fast,fast,25.0,750.0,0.0,0.0,0.0
15,8,November,33,fast,fast,8.385808105049534,251.57424315148603,0.0,0.0,0.0
15,8,October,16,fast,fast,13.976217278848974,433.2627356443182,0.0,0.0,0.0
15,8,October,23,fast,fast,17.661586407103826,547.5091786202186,0.0,0.0,0.0
15,8,October,24,fast,fast,23.846190677147817,739.2319109915824,0.0,0.0,0.0
15,8,October,25,fast,fast,6.7262518548387105,208.5138075,0.0,0.0,0.0
15,8,October,26,fast,fast,10.17217941954732,315.3375620059669,0.0,0.0,0.0
15,8,October,27,fast,fast,25.0,775.0,0.0,0.0,0.0
15,8,October,28,fast,fast,25.0,775.0,0.0,0.0,0.0
15,8,October,29,fast,fast,2.918474354838712,90.47270500000008,0.0,0.0,0.0
15,8,October,30,fast,fast,2.918474354838712,90.47270500000008,0.0,0.0,0.0
15,8,October,33,fast,fast,8.385808105049534,259.96005125653556,0.0,0.0,0.0
15,8,September,16,fast,fast,13.976217278848974,419.28651836546925,0.0,0.0,0.0
15,8,September,23,fast,fast,17.661586407103826,529.8475922131148,0.0,0.0,0.0
15,8,September,24,fast,fast,23.846190677147817,715.3857203144345,0.0,0.0,0.0
15,8,September,25,fast,fast,15.615903833333338,468.47711500000014,0.0,0.0,0.0
15,8,September,26,fast,fast,15.615903833333338,468.47711500000014,0.0,0.0,0.0
15,8,September,27,fast,fast,23.251099445203593,697.5329833561078,0.0,0.0,0.0
15,8,September,28,fast,fast,23.72419777349533,711.7259332048599,0.0,0.0,0.0
15,8,September,29,fast,fast,9.919885166666667,297.596555,0.0,0.0,0.0
15,8,September,30,fast,fast,9.919885166666667,297.596555,0.0,0.0,0.0
15,8,September,33,fast,fast,4.490083573029215,134.70250719087645,0.0,0.0,0.0
15,22,April,18,fast,medium,32.10362366722478,963.1087100167434,0.0,0.0,0.0
15,22,April,19,fast,medium,2.421773651385081,72.65320954155243,0.0,0.0,0.0
15,22,April,22,fast,medium,2.451018914425944,73.53056743277833,0.0,0.0,0.0
15,22,April,23,medium,medium,17.360690666666557,520.8207199999968,0.0,0.0,0.0
15,22,April,23,fast,fast,15.350771749785695,460.5231524935708,0.0,0.0,0.0
15,22,April,24,fast,fast,14.497183780781334,434.91551342344,0.0,0.0,0.0
15,22,April,25,fast,medium,14.871957074834366,446.158712245031,0.0,0.0,0.0
15,22,August,18,medium,medium,32.10362366722478,995.2123336839682,0.0,0.0,0.0
15,22,August,19,fast,fast,2.421773651385081,75.07498319293751,0.0,0.0,0.0
15,22,August,23,fast,fast,15.350771749785695,475.87392424335656,0.0,0.0,0.0
15,22,December,18,medium,medium,32.10362366722478,995.2123336839682,0.0,0.0,0.0
15,22,December,19,fast,medium,2.421773651385081,75.07498319293751,0.0,0.0,0.0
15,22,December,23,fast,fast,15.350771749785695,475.87392424335656,0.0,0.0,0.0
15,22,February,18,medium,medium,32.10362366722478,898.9014626822939,0.0,0.0,0.0
15,22,February,19,medium,medium,2.4217736513851094,67.80966223878306,0.0,0.0,0.0
15,22,February,23,fast,fast,15.350771749785695,429.82160899399946,0.0,0.0,0.0
15,22,January,18,fast,medium,32.10362366722478,995.2123336839682,0.0,0.0,0.0
15,22,January,19,fast,fast,2.421773651385081,75.07498319293751,0.0,0.0,0.0
15,22,January,23,fast,fast,15.350771749785695,475.87392424335656,0.0,0.0,0.0
15,22,July,18,fast,medium,32.10362366722478,995.2123336839682,0.0,0.0,0.0
15,22,July,19,fast,medium,2.421773651385081,75.07498319293751,0.0,0.0,0.0
15,22,July,23,fast,medium,3.1552893548385974,97.81396999999652,0.0,0.0,0.0
15,22,July,23,fast,fast,15.350771749785697,475.8739242433566,0.0,0.0,0.0
15,22,June,11,fast,fast,1.3437804999998804,40.31341499999641,0.0,0.0,0.0
15,22,June,18,fast,medium,32.10362366722478,963.1087100167434,0.0,0.0,0.0
15,22,June,19,fast,fast,2.4217736513850814,72.65320954155244,0.0,0.0,0.0
15,22,June,22,fast,medium,4.847716081092614,145.4314824327784,0.0,0.0,0.0
15,22,June,23,fast,medium,18.314079499999888,549.4223849999967,0.0,0.0,0.0
15,22,June,23,fast,fast,15.350771749785697,460.5231524935709,0.0,0.0,0.0
15,22,June,24,fast,fast,15.450572614114662,463.5171784234399,0.0,0.0,0.0
15,22,June,25,fast,medium,15.035741741501038,451.07225224503117,0.0,0.0,0.0
15,22,March,18,fast,medium,32.10362366722478,995.2123336839682,0.0,0.0,0.0
15,22,March,19,medium,medium,2.421773651385081,75.07498319293751,0.0,0.0,0.0
15,22,March,23,fast,fast,15.350771749785695,475.87392424335656,0.0,0.0,0.0
15,22,May,18,fast,medium,32.10362366722478,995.2123336839682,0.0,0.0,0.0
15,22,May,19,fast,medium,2.4217736513850525,75.07498319293663,0.0,0.0,0.0
15,22,May,22,fast,fast,13.670700917253185,423.7917284348488,0.0,0.0,0.0
15,22,May,23,fast,medium,4.132427433800391,128.10525044781213,0.0,0.0,0.0
15,22,May,23,fast,fast,15.350771749785695,475.87392424335656,0.0,0.0,0.0
15,22,May,24,fast,medium,18.02987064477547,558.9259899880396,0.0,0.0,0.0
15,22,November,18,fast,medium,32.10362366722478,963.1087100167434,0.0,0.0,0.0
15,22,November,23,fast,fast,15.350771749785695,460.5231524935708,0.0,0.0,0.0
15,22,October,18,medium,medium,32.10362366722478,995.2123336839682,0.0,0.0,0.0
15,22,October,19,fast,fast,2.421773651385081,75.07498319293751,0.0,0.0,0.0
15,22,October,23,fast,fast,15.350771749785695,475.87392424335656,0.0,0.0,0.0
15,22,September,18,fast,medium,32.10362366722478,963.1087100167434,0.0,0.0,0.0
15,22,September,19,fast,medium,2.421773651385095,72.65320954155285,0.0,0.0,0.0
15,22,September,23,fast,fast,15.350771749785695,460.5231524935708,0.0,0.0,0.0
15,23,April,17,fast,medium,33.355430248525444,1000.6629074557633,0.0,0.0,0.0
15,23,April,18,fast,medium,22.063997850368395,661.9199355110518,0.0,0.0,0.0
15,23,August,17,fast,medium,33.355430248525444,1034.0183377042888,0.0,0.0,0.0
15,23,August,18,fast,medium,22.063997850372672,683.9839333615529,0.0,0.0,0.0
15,23,August,24,fast,fast,18.02987064477547,558.9259899880396,0.0,0.0,0.0
15,23,December,17,fast,medium,33.355430248525444,1034.0183377042888,0.0,0.0,0.0
15,23,December,18,fast,medium,22.063997850372672,683.9839333615529,0.0,0.0,0.0
15,23,December,24,fast,fast,18.029870644775414,558.9259899880378,0.0,0.0,0.0
15,23,February,17,fast,medium,33.355430248525415,933.9520469587117,0.0,0.0,0.0
15,23,February,18,fast,medium,22.063997850368395,617.7919398103151,0.0,0.0,0.0
15,23,February,24,fast,fast,18.02987064477547,504.8363780537132,0.0,0.0,0.0
15,23,January,17,fast,medium,33.35543024852539,1034.018337704287,0.0,0.0,0.0
15,23,January,18,fast,fast,22.063997850375245,683.9839333616326,0.0,0.0,0.0
15,23,January,24,fast,fast,18.029870644775414,558.9259899880378,0.0,0.0,0.0
15,23,July,17,fast,medium,33.355430248525444,1034.0183377042888,0.0,0.0,0.0
15,23,July,18,medium,medium,22.063997850372672,683.9839333615529,0.0,0.0,0.0
15,23,July,24,fast,medium,18.02987064477547,558.9259899880396,0.0,0.0,0.0
15,23,June,9,fast,fast,0.6253052399049879,18.759157197149637,0.0,0.0,0.0
15,23,June,10,fast,fast,1.7360850000000005,52.08255000000002,0.0,0.0,0.0
15,23,June,11,fast,fast,1.3732274514472496,41.19682354341749,0.0,0.0,0.0
15,23,June,17,fast,medium,33.355430248525444,1000.6629074557633,0.0,0.0,0.0
15,23,June,18,fast,medium,22.063997850368395,661.9199355110518,0.0,0.0,0.0
15,23,March,17,medium,medium,33.35543024852539,1034.018337704287,0.0,0.0,0.0
15,23,March,18,fast,medium,22.063997850368395,683.9839333614202,0.0,0.0,0.0
15,23,March,24,medium,medium,18.02987064477547,558.9259899880396,0.0,0.0,0.0
15,23,May,17,fast,medium,33.355430248525444,1034.0183377042888,0.0,0.0,0.0
15,23,May,18,fast,medium,22.063997850372672,683.9839333615529,0.0,0.0,0.0
15,23,November,17,fast,medium,33.35543024852539,1000.6629074557616,0.0,0.0,0.0
15,23,November,18,fast,medium,22.063997850368395,661.9199355110518,0.0,0.0,0.0
15,23,November,24,fast,fast,18.029870644775414,540.8961193432624,0.0,0.0,0.0
15,23,October,17,fast,medium,33.355430248525444,1034.0183377042888,0.0,0.0,0.0
15,23,October,18,medium,medium,22.063997850368395,683.9839333614202,0.0,0.0,0.0
15,23,October,24,fast,fast,18.02987064477547,558.9259899880396,0.0,0.0,0.0
15,23,September,17,fast,medium,33.355430248525444,1000.6629074557633,0.0,0.0,0.0
15,23,September,18,fast,medium,22.063997850368395,661.9199355110518,0.0,0.0,0.0
15,23,September,24,fast,medium,18.02987064477547,540.8961193432641,0.0,0.0,0.0
16,24,April,17,medium,medium,13.503823654091065,405.11470962273194,0.0,0.0,0.0
16,24,August,17,fast,medium,13.503823654091207,418.6185332768274,0.0,0.0,0.0
16,24,December,17,fast,medium,13.503823654091207,418.6185332768274,0.0,0.0,0.0
16,24,February,17,medium,medium,13.503823654091207,378.1070623145538,0.0,0.0,0.0
16,24,January,17,medium,medium,13.503823654091065,418.618533276823,0.0,0.0,0.0
16,24,July,17,fast,medium,13.503823654091065,418.618533276823,0.0,0.0,0.0
16,24,June,17,fast,medium,13.503823654091207,405.1147096227362,0.0,0.0,0.0
16,24,March,17,medium,medium,13.503823654091065,418.618533276823,0.0,0.0,0.0
16,24,May,17,medium,medium,13.503823654091207,418.6185332768274,0.0,0.0,0.0
16,24,November,17,medium,medium,13.503823654091207,405.1147096227362,0.0,0.0,0.0
16,24,October,17,medium,medium,13.503823654091207,418.6185332768274,0.0,0.0,0.0
16,24,September,17,fast,medium,13.503823654091207,405.1147096227362,0.0,0.0,0.0
17,9,April,26,fast,fast,14.434377176937558,433.03131530812675,0.0,0.0,0.0
17,9,April,27,fast,fast,8.0391506303915,241.174518911745,0.0,0.0,0.0
17,9,April,28,fast,fast,4.690420966346927,140.71262899040784,0.0,0.0,0.0
17,9,August,28,fast,fast,4.690420966346927,145.40304995675476,0.0,0.0,0.0
17,9,December,28,fast,fast,4.690420966346927,145.40304995675476,0.0,0.0,0.0
17,9,February,28,fast,fast,4.690420966346927,131.33178705771397,0.0,0.0,0.0
17,9,January,28,fast,fast,4.690420966346927,145.40304995675476,0.0,0.0,0.0
17,9,June,26,fast,fast,14.434377176937558,433.03131530812675,0.0,0.0,0.0
17,9,June,27,fast,fast,8.0391506303915,241.174518911745,0.0,0.0,0.0
17,9,June,28,fast,fast,4.690420966346927,140.71262899040784,0.0,0.0,0.0
17,9,March,28,fast,fast,4.690420966346927,145.40304995675476,0.0,0.0,0.0
17,9,May,19,fast,medium,5.730268939214714,177.63833711565613,0.0,0.0,0.0
17,9,May,20,fast,fast,4.163389551785464,129.0650761053494,0.0,0.0,0.0
17,9,May,28,fast,fast,4.690420966346927,145.40304995675476,0.0,0.0,0.0
17,9,May,37,fast,fast,0.1,3.1,0.0,0.0,0.0
17,9,May,38,fast,fast,0.1,3.1,0.0,0.0,0.0
17,9,May,41,fast,fast,0.1,3.1,0.0,0.0,0.0
17,9,November,28,fast,fast,4.690420966346931,140.71262899040792,0.0,0.0,0.0
17,9,October,28,fast,fast,4.690420966346927,145.40304995675476,0.0,0.0,0.0
17,9,September,28,fast,fast,0.1,3.0,0.0,0.0,0.0
17,10,April,22,fast,fast,4.38116631374842,131.43498941245258,0.0,0.0,0.0
17,10,April,28,medium,medium,49.978262155874596,1499.3478646762378,0.0,0.0,0.0
17,10,April,28,fast,fast,4.060305066856042,121.80915200568126,0.0,0.0,0.0
17,10,April,29,fast,fast,13.82797144926037,414.8391434778111,0.0,0.0,0.0
17,10,August,28,fast,medium,17.677694193548387,548.00852,0.0,0.0,0.0
17,10,August,28,fast,fast,4.060305066856042,125.8694570725373,0.0,0.0,0.0
17,10,December,28,fast,fast,4.060305066856042,125.8694570725373,0.0,0.0,0.0
17,10,February,28,fast,fast,13.458984352570333,376.85156187196935,0.0,0.0,0.0
17,10,January,28,fast,fast,4.060305066856042,125.8694570725373,0.0,0.0,0.0
17,10,July,28,fast,medium,54.66868312222152,1694.7291767888673,0.0,0.0,0.0
17,10,July,28,fast,fast,4.060305066856042,125.8694570725373,0.0,0.0,0.0
17,10,June,21,fast,medium,31.156736190526292,934.7020857157887,0.0,0.0,0.0
17,10,June,21,fast,fast,0.3118590580965339,9.355771742896017,0.0,0.0,0.0
17,10,June,22,medium,medium,41.32950750606581,1239.8852251819742,0.0,0.0,0.0
17,10,June,22,fast,fast,4.38116631374842,131.43498941245258,0.0,0.0,0.0
17,10,June,23,fast,medium,10.128614077922926,303.8584223376878,0.0,0.0,0.0
17,10,June,25,fast,fast,19.99999900000004,599.9999700000012,0.0,0.0,0.0
17,10,June,26,fast,fast,22.76051878192783,682.8155634578349,0.0,0.0,0.0
17,10,June,27,fast,medium,36.17118946716293,1085.135684014888,0.0,0.0,0.0
17,10,June,28,medium,medium,49.9782621558746,1499.347864676238,0.0,0.0,0.0
17,10,June,28,fast,fast,4.060305066856042,121.80915200568126,0.0,0.0,0.0
17,10,June,29,medium,medium,26.21516644926037,786.4549934778111,0.0,0.0,0.0
17,10,June,29,fast,fast,25.0,750.0,0.0,0.0,0.0
17,10,June,30,fast,medium,6.17202755073979,185.1608265221937,0.0,0.0,0.0
17,10,June,30,fast,fast,13.82797144926037,414.8391434778111,0.0,0.0,0.0
17,10,March,28,fast,fast,4.060305066856042,125.8694570725373,0.0,0.0,0.0
17,10,May,21,medium,medium,19.442194891952678,602.708041650533,0.0,0.0,0.0
17,10,May,21,fast,fast,4.518507219573369,140.07372380677444,0.0,0.0,0.0
17,10,May,22,medium,medium,33.82161436896902,1048.4700454380397,0.0,0.0,0.0
17,10,May,22,fast,fast,4.38116631374842,135.816155726201,0.0,0.0,0.0
17,10,May,28,fast,medium,49.978262155874624,1549.3261268321135,0.0,0.0,0.0
17,10,May,28,fast,fast,4.060305066856042,125.8694570725373,0.0,0.0,0.0
17,10,May,29,fast,fast,13.82797144926037,428.66711492707145,0.0,0.0,0.0
17,10,November,28,fast,fast,4.060305066856042,121.80915200568126,0.0,0.0,0.0
17,10,October,28,fast,fast,4.060305066856042,125.8694570725373,0.0,0.0,0.0
17,10,September,28,medium,medium,14.568683122242563,437.0604936672769,0.0,0.0,0.0
17,10,September,28,fast,fast,4.060305066856042,121.80915200568126,0.0,0.0,0.0
17,24,August,28,fast,medium,32.30056796232622,1001.3176068321128,0.0,0.0,0.0
17,24,December,28,fast,medium,49.978262155874596,1549.3261268321125,0.0,0.0,0.0
17,24,February,28,fast,medium,40.579582870160294,1136.2283203644884,0.0,0.0,0.0
17,24,January,28,fast,medium,49.97826215587465,1549.3261268321141,0.0,0.0,0.0
17,24,March,28,medium,medium,49.978262155874596,1549.3261268321125,0.0,0.0,0.0
17,24,November,28,fast,medium,49.97826215587459,1499.3478646762376,0.0,0.0,0.0
17,24,October,28,medium,medium,49.978262155874596,1549.3261268321125,0.0,0.0,0.0
17,24,September,28,medium,medium,40.0,1200.0,0.0,0.0,0.0
18,10,April,30,fast,medium,1.0044741730291804,30.134225190875412,0.0,0.0,0.0
18,10,April,30,fast,fast,25.0,750.0,0.0,0.0,0.0
18,10,April,31,fast,medium,25.979249735513235,779.3774920653971,0.0,0.0,0.0
18,10,April,31,fast,fast,7.920550110366108,237.61650331098323,0.0,0.0,0.0
18,10,August,30,fast,fast,13.82797144926037,428.66711492707145,0.0,0.0,0.0
18,10,August,31,fast,fast,7.920550110366108,245.53705342134936,0.0,0.0,0.0
18,10,December,30,fast,fast,13.827971449260376,428.6671149270717,0.0,0.0,0.0
18,10,December,31,fast,fast,7.920550110366108,245.53705342134936,0.0,0.0,0.0
18,10,February,30,fast,fast,13.82797144926037,387.1832005792903,0.0,0.0,0.0
18,10,February,31,fast,fast,7.920550110366111,221.77540309025113,0.0,0.0,0.0
18,10,January,30,fast,fast,13.827971449260408,428.66711492707265,0.0,0.0,0.0
18,10,January,31,fast,fast,7.920550110366108,245.53705342134936,0.0,0.0,0.0
18,10,July,30,medium,medium,12.176502723768806,377.471584436833,0.0,0.0,0.0
18,10,July,30,fast,fast,13.827971449260371,428.6671149270715,0.0,0.0,0.0
18,10,July,31,medium,medium,22.815550694073217,707.2820715162698,0.0,0.0,0.0
18,10,July,31,fast,fast,7.920550110366111,245.53705342134944,0.0,0.0,0.0
18,10,June,30,fast,medium,26.004474173029166,780.134225190875,0.0,0.0,0.0
18,10,June,31,medium,medium,25.97924973551322,779.3774920653966,0.0,0.0,0.0
18,10,June,31,fast,fast,7.920550110366108,237.61650331098323,0.0,0.0,0.0
18,10,March,30,fast,fast,13.82797144926037,428.66711492707145,0.0,0.0,0.0
18,10,March,31,fast,fast,7.920550110366108,245.53705342134936,0.0,0.0,0.0
18,10,May,30,medium,medium,1.0044741730291804,31.138699363904593,0.0,0.0,0.0
18,10,May,30,fast,fast,25.0,775.0,0.0,0.0,0.0
18,10,May,31,fast,medium,25.97924973551322,805.3567418009098,0.0,0.0,0.0
18,10,May,31,fast,fast,7.920550110366108,245.53705342134936,0.0,0.0,0.0
18,10,November,30,fast,fast,13.82797144926037,414.8391434778111,0.0,0.0,0.0
18,10,November,31,fast,fast,7.920550110366093,237.61650331098278,0.0,0.0,0.0
18,10,October,30,fast,fast,13.82797144926037,428.66711492707145,0.0,0.0,0.0
18,10,October,31,fast,fast,7.920550110366108,245.53705342134936,0.0,0.0,0.0
18,10,September,30,fast,fast,13.82797144926037,414.8391434778111,0.0,0.0,0.0
18,10,September,31,fast,fast,7.920550110366108,237.61650331098323,0.0,0.0,0.0
18,25,August,30,medium,medium,12.176502723768806,377.471584436833,0.0,0.0,0.0
18,25,August,31,medium,medium,25.97924973551322,805.3567418009098,0.0,0.0,0.0
18,25,December,30,medium,medium,12.176502723768806,377.471584436833,0.0,0.0,0.0
18,25,December,31,fast,medium,25.979249735524764,805.3567418012677,0.0,0.0,0.0
18,25,February,30,medium,medium,12.176502723768806,340.94207626552657,0.0,0.0,0.0
18,25,February,31,medium,medium,25.97924973552476,727.4189925946932,0.0,0.0,0.0
18,25,January,30,fast,medium,12.176502723768778,377.47158443683213,0.0,0.0,0.0
18,25,January,31,fast,medium,0.9792497355132213,30.35674180090986,0.0,0.0,0.0
18,25,January,31,fast,fast,25.0,775.0,0.0,0.0,0.0
18,25,July,31,medium,medium,3.163699041439969,98.07467028463904,0.0,0.0,0.0
18,25,March,30,fast,fast,12.176502723768806,377.471584436833,0.0,0.0,0.0
18,25,March,31,fast,medium,25.97924973551322,805.3567418009098,0.0,0.0,0.0
18,25,November,30,medium,medium,12.176502723768806,365.2950817130642,0.0,0.0,0.0
18,25,November,31,fast,medium,25.979249735513235,779.3774920653971,0.0,0.0,0.0
18,25,October,30,medium,medium,12.176502723768806,377.471584436833,0.0,0.0,0.0
18,25,October,31,fast,medium,25.97924973551322,805.3567418009098,0.0,0.0,0.0
18,25,September,30,medium,medium,12.17650272376882,365.29508171306463,0.0,0.0,0.0
18,25,September,31,medium,medium,25.97924973551322,779.3774920653966,0.0,0.0,0.0
19,12,June,14,fast,medium,1.4911959358518327,44.73587807555498,0.0,0.0,0.0
19,12,May,17,medium,medium,0.5767948742998765,17.88064110329617,0.0,0.0,0.0
19,12,May,21,medium,medium,0.5842915974301199,18.113039520333718,0.0,0.0,0.0
21,13,April,19,fast,fast,7.577110714688764,227.31332144066295,0.0,0.0,0.0
21,13,April,20,fast,fast,11.35422119345209,340.62663580356275,0.0,0.0,0.0
21,13,April,21,fast,fast,18.528144366475864,555.8443309942759,0.0,0.0,0.0
21,13,April,22,fast,fast,18.528144366475864,555.8443309942759,0.0,0.0,0.0
21,13,April,23,fast,medium,7.679973333333336,230.3992000000001,0.0,0.0,0.0
21,13,April,23,fast,fast,13.075047699809199,392.25143099427595,0.0,0.0,0.0
21,13,April,24,fast,fast,20.108568345564073,603.2570503669222,0.0,0.0,0.0
21,13,April,25,fast,fast,12.687733616126316,380.6320084837895,0.0,0.0,0.0
21,13,April,26,fast,medium,0.44005000000000294,13.201500000000088,0.0,0.0,0.0
21,13,April,26,fast,fast,12.988213200107955,389.64639600323864,0.0,0.0,0.0
21,13,April,27,fast,fast,15.711336932359478,471.34010797078435,0.0,0.0,0.0
21,13,April,28,fast,fast,7.894231381769444,236.82694145308332,0.0,0.0,0.0
21,13,April,30,fast,fast,7.920829836499731,237.62489509499193,0.0,0.0,0.0
21,13,April,32,fast,fast,2.8230108960284923,84.69032688085477,0.0,0.0,0.0
21,13,April,33,fast,fast,8.659786666666665,259.79359999999997,0.0,0.0,0.0
21,13,April,34,fast,fast,8.659786666666665,259.79359999999997,0.0,0.0,0.0
21,13,August,20,fast,fast,0.46872764506499465,14.530556997014834,0.0,0.0,0.0
21,13,August,21,fast,fast,6.205460603035002,192.36927869408507,0.0,0.0,0.0
21,13,August,22,fast,fast,6.205460603035002,192.36927869408507,0.0,0.0,0.0
21,13,August,23,fast,fast,7.281526732067261,225.72732869408512,0.0,0.0,0.0
21,13,August,24,fast,fast,6.635074044488798,205.68729537915274,0.0,0.0,0.0
21,13,August,25,fast,fast,3.856576242045957,119.55386350342467,0.0,0.0,0.0
21,13,August,26,fast,fast,2.186301795322514,67.77535565499792,0.0,0.0,0.0
21,13,August,27,fast,fast,1.4072530613917351,43.62484490314379,0.0,0.0,0.0
21,13,August,28,fast,fast,6.495376275110375,201.35666452842162,0.0,0.0,0.0
21,13,August,33,fast,fast,5.517916174877659,171.05540142120742,0.0,0.0,0.0
21,13,August,34,fast,fast,0.1,3.1,0.0,0.0,0.0
21,13,February,28,fast,fast,2.965563717506692,83.03578409018738,0.0,0.0,0.0
21,13,July,19,fast,fast,0.17689619855973449,5.483782155351769,0.0,0.0,0.0
21,13,July,20,fast,fast,3.9540066773230613,122.5742069970149,0.0,0.0,0.0
21,13,July,21,fast,fast,9.670300925615651,299.77932869408517,0.0,0.0,0.0
21,13,July,22,fast,fast,9.670300925615651,299.77932869408517,0.0,0.0,0.0
21,13,July,23,fast,fast,10.406715441744685,322.60817869408527,0.0,0.0,0.0
21,13,July,24,fast,fast,9.760262754166222,302.5681453791529,0.0,0.0,0.0
21,13,July,25,fast,fast,7.204032592411007,223.32501036474122,0.0,0.0,0.0
21,13,July,26,fast,fast,10.362248683978928,321.2297092033468,0.0,0.0,0.0
21,13,July,27,fast,fast,4.663803061391736,144.5778949031438,0.0,0.0,0.0
21,13,July,28,fast,fast,9.751926275110376,302.3097145284217,0.0,0.0,0.0
21,13,July,33,fast,fast,4.1866794085236325,129.7870616642326,0.0,0.0,0.0
21,13,July,34,fast,fast,8.874587096774192,275.1122,0.0,0.0,0.0
21,13,July,36,fast,fast,1.8821543660991606,58.34678534907398,0.0,0.0,0.0
21,13,July,37,fast,fast,3.04673804032258,94.44887924999998,0.0,0.0,0.0
21,13,June,19,fast,fast,7.736097381355439,232.08292144066317,0.0,0.0,0.0
21,13,June,20,fast,fast,11.513207860118765,345.39623580356294,0.0,0.0,0.0
21,13,June,21,fast,fast,18.30093705938429,549.0281117815287,0.0,0.0,0.0
21,13,June,22,fast,fast,20.2740826998092,608.222480994276,0.0,0.0,0.0
21,13,June,23,fast,fast,13.949542699809195,418.48628099427583,0.0,0.0,0.0
21,13,June,24,fast,fast,14.742656361826056,442.2796908547817,0.0,0.0,0.0
21,13,June,25,fast,fast,19.014681510863163,570.4404453258949,0.0,0.0,0.0
21,13,June,26,fast,fast,19.543491262867356,586.3047378860207,0.0,0.0,0.0
21,13,June,27,fast,fast,22.337638599026143,670.1291579707843,0.0,0.0,0.0
21,13,June,28,fast,fast,7.010978381769448,210.32935145308343,0.0,0.0,0.0
21,13,June,30,fast,fast,9.52563816983307,285.7691450949921,0.0,0.0,0.0
21,13,June,31,fast,fast,2.6646854759675414,79.94056427902623,0.0,0.0,0.0
21,13,June,32,fast,fast,7.7643501885852295,232.9305056575569,0.0,0.0,0.0
21,13,June,33,fast,fast,13.971356666666667,419.1407,0.0,0.0,0.0
21,13,June,34,fast,fast,13.971356666666667,419.1407,0.0,0.0,0.0
21,13,June,35,fast,fast,0.8462694933870045,25.388084801610134,0.0,0.0,0.0
21,13,June,36,fast,fast,3.2592519512420837,97.77755853726251,0.0,0.0,0.0
21,13,June,37,fast,fast,1.8844961208333322,56.534883624999964,0.0,0.0,0.0
21,13,June,38,fast,fast,1.549625,46.48875,0.0,0.0,0.0
21,13,June,40,fast,fast,0.3710483333333333,11.13145,0.0,0.0,0.0
21,13,March,21,fast,fast,5.008358990131777,155.2591286940851,0.0,0.0,0.0
21,13,March,22,fast,fast,5.008358990131777,155.2591286940851,0.0,0.0,0.0
21,13,March,23,fast,fast,4.8024191211500575,148.8749927556518,0.0,0.0,0.0
21,13,March,24,fast,fast,6.371748238037183,197.52419537915267,0.0,0.0,0.0
21,13,March,28,fast,fast,2.368016597691022,73.40851452842168,0.0,0.0,0.0
21,13,May,19,fast,fast,9.370018677381992,290.47057899884175,0.0,0.0,0.0
21,13,May,20,fast,fast,20.29257119345221,629.0697069970186,0.0,0.0,0.0
21,13,May,21,fast,fast,12.807941760997188,397.0461945909128,0.0,0.0,0.0
21,13,May,22,fast,fast,24.075047699810412,746.3264786941228,0.0,0.0,0.0
21,13,May,23,fast,fast,13.075047699809199,405.32647869408515,0.0,0.0,0.0
21,13,May,24,fast,fast,12.428595012230735,385.2864453791528,0.0,0.0,0.0
21,13,May,25,fast,fast,10.955318177529833,339.61486350342483,0.0,0.0,0.0
21,13,May,26,fast,fast,12.988213200107959,402.6346092033467,0.0,0.0,0.0
21,13,May,27,fast,fast,15.71133693235948,487.0514449031439,0.0,0.0,0.0
21,13,May,28,fast,fast,2.497912250049019,77.4352797515196,0.0,0.0,0.0
21,13,May,30,fast,fast,7.9264465031663995,245.71984159815838,0.0,0.0,0.0
21,13,May,31,fast,fast,3.041505852311623,94.28668142166032,0.0,0.0,0.0
21,13,May,32,fast,fast,8.141170564929311,252.37628751280863,0.0,0.0,0.0
21,13,May,33,fast,fast,12.970401612903226,402.08245,0.0,0.0,0.0
21,13,May,34,fast,fast,12.970401612903226,402.08245,0.0,0.0,0.0
21,13,May,36,fast,fast,1.2392072657506668,38.41542523827067,0.0,0.0,0.0
21,13,May,37,fast,fast,1.0063225806451612,31.195999999999998,0.0,0.0,0.0
21,13,May,38,fast,fast,1.0063225806451612,31.195999999999998,0.0,0.0,0.0
21,13,September,21,fast,fast,7.487921033142532,224.63763099427598,0.0,0.0,0.0
21,13,September,22,fast,fast,7.487921033142532,224.63763099427598,0.0,0.0,0.0
21,13,September,23,fast,fast,8.023859366475863,240.7157809942759,0.0,0.0,0.0
21,13,September,24,fast,fast,7.377406678897399,221.32220036692198,0.0,0.0,0.0
21,13,September,25,fast,fast,8.220674844196498,246.62024532589496,0.0,0.0,0.0
21,13,September,26,fast,fast,5.9164088920967135,177.4922667629014,0.0,0.0,0.0
21,13,September,27,fast,fast,0.9495335990261466,28.4860079707844,0.0,0.0,0.0
21,13,September,28,fast,fast,6.037656812744787,181.12970438234362,0.0,0.0,0.0
21,14,June,13,fast,medium,9.076945687761826,272.3083706328548,0.0,0.0,0.0
21,14,June,22,medium,medium,2.926932010738625,87.80796032215875,0.0,0.0,0.0
21,14,June,24,fast,medium,1.8839160512704822,56.51748153811447,0.0,0.0,0.0
22,21,April,29,fast,fast,5.095305618741506,152.85916856224517,0.0,0.0,0.0
22,21,June,7,fast,fast,0.1268469166666667,3.805407500000001,0.0,0.0,0.0
22,21,June,8,fast,fast,0.1268469166666799,3.8054075000003973,0.0,0.0,0.0
22,21,June,29,fast,fast,6.765765202074842,202.97295606224526,0.0,0.0,0.0
22,21,May,29,fast,fast,4.078424785408167,126.43116834765317,0.0,0.0,0.0
23,15,June,13,fast,medium,4.880911502008033,146.42734506024098,0.0,0.0,0.0
23,16,April,19,fast,medium,23.554753565711593,706.6426069713477,0.0,0.0,0.0
23,16,April,19,fast,fast,25.0,750.0,0.0,0.0,0.0
23,16,April,20,fast,fast,18.801076349194943,564.0322904758483,0.0,0.0,0.0
23,16,August,19,medium,medium,23.554753565711593,730.1973605370594,0.0,0.0,0.0
23,16,August,19,fast,fast,25.0,775.0,0.0,0.0,0.0
23,16,August,20,fast,medium,18.801076349194943,582.8333668250432,0.0,0.0,0.0
23,16,December,19,fast,medium,23.554753565711593,730.1973605370594,0.0,0.0,0.0
23,16,December,19,fast,fast,25.0,775.0,0.0,0.0,0.0
23,16,December,20,fast,fast,18.801076349194943,582.8333668250432,0.0,0.0,0.0
23,16,February,19,fast,medium,48.55475356571792,1359.5330998401016,0.0,0.0,0.0
23,16,February,20,fast,fast,18.801076349194943,526.4301377774584,0.0,0.0,0.0
23,16,January,19,medium,medium,23.554753565711593,730.1973605370594,0.0,0.0,0.0
23,16,January,19,fast,fast,25.0,775.0,0.0,0.0,0.0
23,16,January,20,fast,fast,18.801076349194943,582.8333668250432,0.0,0.0,0.0
23,16,July,19,fast,medium,23.554753565711593,730.1973605370594,0.0,0.0,0.0
23,16,July,19,fast,fast,25.0,775.0,0.0,0.0,0.0
23,16,July,20,fast,fast,18.801076349194943,582.8333668250432,0.0,0.0,0.0
23,16,June,19,fast,medium,48.55475356571863,1456.6426069715587,0.0,0.0,0.0
23,16,June,20,fast,fast,18.801076349194943,564.0322904758483,0.0,0.0,0.0
23,16,March,19,medium,medium,48.55475356571159,1505.1973605370595,0.0,0.0,0.0
23,16,March,20,fast,fast,18.801076349194943,582.8333668250432,0.0,0.0,0.0
23,16,May,19,fast,medium,48.55475356571792,1505.1973605372555,0.0,0.0,0.0
23,16,May,20,fast,fast,18.801076349194943,582.8333668250432,0.0,0.0,0.0
23,16,November,19,fast,medium,23.554753565711593,706.6426069713477,0.0,0.0,0.0
23,16,November,19,fast,fast,25.0,750.0,0.0,0.0,0.0
23,16,November,20,fast,fast,18.801076349194943,564.0322904758483,0.0,0.0,0.0
23,16,October,19,medium,medium,23.554753565711593,730.1973605370594,0.0,0.0,0.0
23,16,October,19,fast,fast,25.0,775.0,0.0,0.0,0.0
23,16,October,20,fast,medium,18.801076349194943,582.8333668250432,0.0,0.0,0.0
23,16,September,19,medium,medium,23.554753565711593,706.6426069713477,0.0,0.0,0.0
23,16,September,19,fast,fast,25.0,750.0,0.0,0.0,0.0
23,16,September,20,fast,fast,18.801076349194943,564.0322904758483,0.0,0.0,0.0
24,16,April,11,fast,fast,0.9929400000000003,29.788200000000007,0.0,0.0,0.0
24,16,April,34,fast,fast,6.4907446404967,194.722339214901,0.0,0.0,0.0
24,16,August,11,fast,fast,1.241450806451613,38.484975000000006,0.0,0.0,0.0
24,16,August,34,fast,medium,6.490744640496644,201.21308385539595,0.0,0.0,0.0
24,16,December,34,fast,fast,6.490744640496665,201.2130838553966,0.0,0.0,0.0
24,16,February,34,fast,fast,6.4907446404967,181.7408499339076,0.0,0.0,0.0
24,16,January,34,fast,fast,6.4907446404967,201.2130838553977,0.0,0.0,0.0
24,16,July,11,fast,fast,3.290210080645162,101.99651250000002,0.0,0.0,0.0
24,16,July,34,fast,medium,6.490744640496644,201.21308385539595,0.0,0.0,0.0
24,16,June,11,fast,fast,3.6274087500000003,108.82226250000001,0.0,0.0,0.0
24,16,June,34,fast,fast,6.490744640496644,194.7223392148993,0.0,0.0,0.0
24,16,March,34,fast,fast,6.490744640496644,201.21308385539595,0.0,0.0,0.0
24,16,May,11,fast,fast,3.6688463709677426,113.73423750000002,0.0,0.0,0.0
24,16,May,34,fast,medium,6.4907446404967,201.2130838553977,0.0,0.0,0.0
24,16,November,34,fast,medium,6.4907446404967,194.722339214901,0.0,0.0,0.0
24,16,October,34,fast,fast,6.490744640496644,201.21308385539595,0.0,0.0,0.0
24,16,September,11,fast,fast,0.13487625000000003,4.046287500000001,0.0,0.0,0.0
24,16,September,34,fast,medium,6.490744640496644,194.7223392148993,0.0,0.0,0.0
24,17,June,7,fast,medium,0.17337591666666669,5.201277500000001,0.0,0.0,0.0
24,17,June,8,fast,medium,0.17337591666666669,5.201277500000001,0.0,0.0,0.0
24,17,June,9,medium,medium,0.8176514292452826,24.529542877358477,0.0,0.0,0.0
24,17,June,10,medium,medium,2.089979250000006,62.69937750000018,0.0,0.0,0.0
24,17,June,11,medium,medium,3.98378575,119.5135725,0.0,0.0,0.0
24,17,June,12,fast,medium,3.983785749999999,119.51357249999998,0.0,0.0,0.0
24,23,June,7,fast,fast,0.14401833333333336,4.320550000000001,0.0,0.0,0.0
24,23,June,8,fast,fast,0.14401833333333336,4.320550000000001,0.0,0.0,0.0
24,25,June,7,fast,fast,0.24870858333333337,7.461257500000001,0.0,0.0,0.0
24,25,June,8,fast,fast,0.24870858333333337,7.461257500000001,0.0,0.0,0.0
25,18,April,17,fast,fast,16.13723892910359,484.11716787310763,0.0,0.0,0.0
25,18,April,21,fast,fast,4.288694050060208,128.66082150180625,0.0,0.0,0.0
25,18,August,17,fast,medium,16.13723892910359,500.25440680221124,0.0,0.0,0.0
25,18,December,17,medium,medium,16.137238929103546,500.2544068022099,0.0,0.0,0.0
25,18,February,17,medium,medium,16.13723892910359,451.8426900149005,0.0,0.0,0.0
25,18,January,17,fast,medium,16.13723892910359,500.25440680221124,0.0,0.0,0.0
25,18,July,17,fast,fast,16.137238929103603,500.2544068022117,0.0,0.0,0.0
25,18,June,9,fast,fast,0.1441909999998856,4.325729999996568,0.0,0.0,0.0
25,18,June,10,fast,fast,0.1441909999998856,4.325729999996568,0.0,0.0,0.0
25,18,June,11,fast,fast,4.11913636841852,123.57409105255559,0.0,0.0,0.0
25,18,June,17,medium,medium,7.122584173082501,213.67752519247503,0.0,0.0,0.0
25,18,June,21,fast,fast,7.431383050060205,222.94149150180615,0.0,0.0,0.0
25,18,March,17,fast,fast,16.13723892910359,500.25440680221124,0.0,0.0,0.0
25,18,May,21,fast,medium,16.930187146834406,524.8358015518666,0.0,0.0,0.0
25,18,November,17,fast,medium,16.137238929103603,484.1171678731081,0.0,0.0,0.0
25,18,October,17,fast,fast,16.13723892910359,500.25440680221124,0.0,0.0,0.0
25,18,September,17,medium,medium,16.13723892910359,484.11716787310763,0.0,0.0,0.0
25,26,June,23,fast,medium,15.416353462472223,462.4906038741667,0.0,0.0,0.0
25,33,April,25,fast,fast,5.501226965828797,165.03680897486393,0.0,0.0,0.0
25,33,August,25,fast,fast,1.5478511593771804,47.98338594069259,0.0,0.0,0.0
25,33,June,24,fast,fast,3.5775938739994757,107.32781621998427,0.0,0.0,0.0
25,33,June,25,medium,medium,0.03320760922896682,0.9962282768690045,0.0,0.0,0.0
25,33,June,25,fast,fast,25.0,750.0,0.0,0.0,0.0
25,33,June,26,fast,fast,15.43601447685765,463.0804343057295,0.0,0.0,0.0
25,33,May,25,fast,fast,5.501226965828796,170.53803594069265,0.0,0.0,0.0
25,33,September,25,fast,fast,5.501226965828796,165.03680897486387,0.0,0.0,0.0
26,33,June,25,medium,medium,7.037555523266384,211.12666569799154,0.0,0.0,0.0
26,34,April,17,fast,fast,3.5965715685851194,107.89714705755358,0.0,0.0,0.0
26,34,April,21,medium,medium,5.867419388293808,176.02258164881422,0.0,0.0,0.0
26,34,April,21,fast,fast,15.195287008843863,455.85861026531586,0.0,0.0,0.0
26,34,April,22,fast,fast,13.360421624374801,400.81264873124405,0.0,0.0,0.0
26,34,April,24,medium,medium,11.684127675454953,350.52383026364856,0.0,0.0,0.0
26,34,April,24,fast,fast,5.363364502787732,160.90093508363196,0.0,0.0,0.0
26,34,April,29,fast,fast,30.555538128797323,916.6661438639197,0.0,0.0,0.0
26,34,April,31,fast,fast,15.502761903168391,465.08285709505174,0.0,0.0,0.0
26,34,August,17,fast,fast,3.5965715685851194,111.4937186261387,0.0,0.0,0.0
26,34,August,30,fast,fast,5.424244032258066,168.15156500000006,0.0,0.0,0.0
26,34,December,17,fast,fast,3.5965715685851407,111.49371862613935,0.0,0.0,0.0
26,34,February,17,fast,fast,3.5965715685851194,100.70400392038334,0.0,0.0,0.0
26,34,January,17,fast,fast,3.5965715685851194,111.4937186261387,0.0,0.0,0.0
26,34,July,17,fast,fast,3.5965715685851194,111.4937186261387,0.0,0.0,0.0
26,34,June,17,fast,fast,12.611226324606193,378.33678973818576,0.0,0.0,0.0
26,34,June,21,fast,fast,22.99097813988938,689.7293441966814,0.0,0.0,0.0
26,34,June,22,fast,fast,9.868544957708124,296.0563487312437,0.0,0.0,0.0
26,34,June,24,medium,medium,13.866647249999993,415.99941749999977,0.0,0.0,0.0
26,34,June,24,fast,fast,5.363364502787739,160.9009350836322,0.0,0.0,0.0
26,34,June,27,fast,fast,24.290410704251332,728.71232112754,0.0,0.0,0.0
26,34,June,29,fast,fast,22.60907935686992,678.2723807060976,0.0,0.0,0.0
26,34,June,31,fast,fast,12.750254008420072,382.5076202526021,0.0,0.0,0.0
26,34,June,32,fast,fast,8.699905177710257,260.9971553313077,0.0,0.0,0.0
26,34,March,17,fast,fast,3.5965715685851194,111.4937186261387,0.0,0.0,0.0
26,34,May,17,fast,fast,19.733810497688694,611.7481254283496,0.0,0.0,0.0
26,34,May,20,medium,medium,3.2550975208005255,100.9080231448163,0.0,0.0,0.0
26,34,May,21,fast,fast,15.19528700884387,471.05389727415997,0.0,0.0,0.0
26,34,May,24,fast,fast,5.363364502787732,166.2642995864197,0.0,0.0,0.0
26,34,May,29,fast,fast,20.41230802127044,632.7815486593837,0.0,0.0,0.0
26,34,May,31,fast,fast,7.259771150471174,225.05290566460639,0.0,0.0,0.0
26,34,May,32,fast,fast,3.875430322668322,120.13834000271798,0.0,0.0,0.0
26,34,November,17,fast,fast,3.5965715685851194,107.89714705755358,0.0,0.0,0.0
26,34,October,17,fast,fast,3.5965715685851194,111.4937186261387,0.0,0.0,0.0
26,34,September,17,fast,fast,3.5965715685851194,107.89714705755358,0.0,0.0,0.0
26,34,September,30,fast,fast,4.21101483333333,126.3304449999999,0.0,0.0,0.0
27,34,April,14,fast,fast,8.028540684501941,240.85622053505824,0.0,0.0,0.0
27,34,April,15,fast,fast,9.2522888831456,277.56866649436796,0.0,0.0,0.0
27,34,April,21,medium,medium,2.4087337783728593,72.26201335118577,0.0,0.0,0.0
27,34,April,32,fast,fast,1.533958927710259,46.01876783130777,0.0,0.0,0.0
27,34,August,14,fast,fast,8.028540684501941,248.88476121956018,0.0,0.0,0.0
27,34,August,15,fast,fast,9.25228888314576,286.82095537751854,0.0,0.0,0.0
27,34,December,14,fast,fast,8.028540684501941,248.88476121956018,0.0,0.0,0.0
27,34,December,15,fast,fast,9.25228888314576,286.82095537751854,0.0,0.0,0.0
27,34,February,14,fast,fast,8.028540684501941,224.79913916605435,0.0,0.0,0.0
27,34,February,15,fast,fast,9.25228888314576,259.0640887280813,0.0,0.0,0.0
27,34,January,14,fast,fast,8.028540684501941,248.88476121956018,0.0,0.0,0.0
27,34,January,15,fast,fast,9.252288883145738,286.82095537751786,0.0,0.0,0.0
27,34,July,14,fast,fast,8.028540684501941,248.88476121956018,0.0,0.0,0.0
27,34,July,15,fast,fast,9.25228888314576,286.82095537751854,0.0,0.0,0.0
27,34,June,14,fast,fast,8.028540684501962,240.85622053505887,0.0,0.0,0.0
27,34,June,15,fast,fast,9.25228888314576,277.5686664943728,0.0,0.0,0.0
27,34,March,14,fast,fast,8.028540684501941,248.88476121956018,0.0,0.0,0.0
27,34,March,15,fast,fast,9.25228888314576,286.82095537751854,0.0,0.0,0.0
27,34,May,14,fast,fast,8.028540684501962,248.88476121956083,0.0,0.0,0.0
27,34,May,15,fast,fast,25.499127592823175,790.4729553775185,0.0,0.0,0.0
27,34,May,16,fast,fast,5.115830782933379,158.59075427093475,0.0,0.0,0.0
27,34,May,32,fast,fast,5.545572029773108,171.91273292296637,0.0,0.0,0.0
27,34,November,14,fast,fast,8.028540684501941,240.85622053505824,0.0,0.0,0.0
27,34,November,15,fast,fast,9.252288883145603,277.5686664943681,0.0,0.0,0.0
27,34,October,14,fast,fast,8.028540684501941,248.88476121956018,0.0,0.0,0.0
27,34,October,15,fast,fast,9.252288883145738,286.82095537751786,0.0,0.0,0.0
27,34,September,14,fast,fast,8.028540684501941,240.85622053505824,0.0,0.0,0.0
27,34,September,15,fast,fast,9.25228888314576,277.5686664943728,0.0,0.0,0.0
29,30,April,27,fast,fast,2.4441465667301756,73.32439700190527,0.0,0.0,0.0
29,30,April,28,fast,fast,8.277050810505486,248.31152431516458,0.0,0.0,0.0
29,30,April,33,fast,fast,5.312750878516409,159.38252635549227,0.0,0.0,0.0
29,30,April,35,fast,fast,8.491703611274382,254.75110833823146,0.0,0.0,0.0
29,30,August,33,fast,fast,2.73491640067121,84.78240842080751,0.0,0.0,0.0
29,30,August,35,fast,fast,8.491703611274382,263.24281194950584,0.0,0.0,0.0
29,30,December,33,fast,fast,2.73491640067121,84.78240842080751,0.0,0.0,0.0
29,30,December,35,fast,fast,8.491703611274382,263.24281194950584,0.0,0.0,0.0
29,30,February,33,fast,fast,2.73491640067121,76.57765921879388,0.0,0.0,0.0
29,30,February,35,fast,fast,8.491703611274382,237.76770111568268,0.0,0.0,0.0
29,30,January,33,fast,fast,2.73491640067121,84.78240842080751,0.0,0.0,0.0
29,30,January,35,fast,fast,8.491703611274382,263.24281194950584,0.0,0.0,0.0
29,30,July,33,fast,fast,2.73491640067121,84.78240842080751,0.0,0.0,0.0
29,30,July,35,fast,fast,8.491703611274382,263.24281194950584,0.0,0.0,0.0
29,30,June,27,fast,fast,0.9669155667301723,29.00746700190517,0.0,0.0,0.0
29,30,June,28,fast,fast,9.499719810505482,284.99159431516443,0.0,0.0,0.0
29,30,June,30,fast,fast,5.198126330653658,155.94378991960974,0.0,0.0,0.0
29,30,June,32,fast,fast,12.525812252946974,375.77436758840923,0.0,0.0,0.0
29,30,June,33,fast,fast,6.991465938550785,209.74397815652355,0.0,0.0,0.0
29,30,June,34,fast,fast,12.153296785266187,364.59890355798564,0.0,0.0,0.0
29,30,June,35,fast,fast,8.491703611274382,254.75110833823146,0.0,0.0,0.0
29,30,March,33,fast,fast,2.73491640067121,84.78240842080751,0.0,0.0,0.0
29,30,March,35,fast,fast,8.491703611274382,263.24281194950584,0.0,0.0,0.0
29,30,May,33,fast,fast,15.896328257962123,492.7861759968258,0.0,0.0,0.0
29,30,May,34,fast,fast,10.711011548707047,332.04135800991844,0.0,0.0,0.0
29,30,May,35,fast,fast,8.491703611274382,263.24281194950584,0.0,0.0,0.0
29,30,November,33,fast,fast,2.73491640067121,82.0474920201363,0.0,0.0,0.0
29,30,November,35,fast,fast,8.491703611274382,254.75110833823146,0.0,0.0,0.0
29,30,October,33,fast,fast,2.73491640067121,84.78240842080751,0.0,0.0,0.0
29,30,October,35,fast,fast,8.491703611274382,263.24281194950584,0.0,0.0,0.0
29,30,September,33,fast,fast,2.73491640067121,82.0474920201363,0.0,0.0,0.0
29,30,September,35,fast,fast,8.491703611274382,254.75110833823146,0.0,0.0,0.0
30,29,April,18,fast,fast,9.38957679782936,281.6873039348808,0.0,0.0,0.0
30,29,April,19,fast,fast,7.758710501915218,232.76131505745653,0.0,0.0,0.0
30,29,August,18,fast,fast,7.771322627283709,240.91100144579497,0.0,0.0,0.0
30,29,December,18,fast,fast,7.771322627283709,240.91100144579497,0.0,0.0,0.0
30,29,February,18,fast,fast,7.771322627283709,217.59703356394385,0.0,0.0,0.0
30,29,January,18,fast,fast,7.771322627283709,240.91100144579497,0.0,0.0,0.0
30,29,July,18,fast,fast,7.771322627283709,240.91100144579497,0.0,0.0,0.0
30,29,July,19,fast,fast,4.487482276108764,139.11195055937168,0.0,0.0,0.0
30,29,June,15,fast,fast,3.417552427027312,102.52657281081936,0.0,0.0,0.0
30,29,June,18,medium,medium,16.803205250000005,504.0961575000001,0.0,0.0,0.0
30,29,June,18,fast,fast,9.38957679782936,281.6873039348808,0.0,0.0,0.0
30,29,June,19,fast,fast,13.367273293321894,401.01819879965683,0.0,0.0,0.0
30,29,March,18,fast,fast,7.771322627283709,240.91100144579497,0.0,0.0,0.0
30,29,May,15,fast,fast,8.61400532658253,267.03416512405846,0.0,0.0,0.0
30,29,May,18,medium,medium,22.729552661290327,704.6161325000002,0.0,0.0,0.0
30,29,May,18,fast,fast,9.38957679782936,291.07688073271015,0.0,0.0,0.0
30,29,May,19,fast,fast,13.367273293321894,414.3854720929787,0.0,0.0,0.0
30,29,November,18,fast,fast,7.771322627283709,233.13967881851127,0.0,0.0,0.0
30,29,October,18,fast,fast,7.771322627283709,240.91100144579497,0.0,0.0,0.0
30,29,September,18,fast,fast,9.38957679782936,281.6873039348808,0.0,0.0,0.0
30,38,April,16,fast,fast,0.3027530047000795,9.082590141002385,0.0,0.0,0.0
30,38,August,16,fast,fast,0.3027530047000795,9.385343145702464,0.0,0.0,0.0
30,38,December,16,fast,fast,0.3027530047000795,9.385343145702464,0.0,0.0,0.0
30,38,February,16,fast,fast,0.3027530047000795,8.477084131602226,0.0,0.0,0.0
30,38,January,16,fast,fast,0.3027530047000795,9.385343145702464,0.0,0.0,0.0
30,38,July,16,fast,fast,0.3027530047000795,9.385343145702464,0.0,0.0,0.0
30,38,June,16,fast,fast,0.3027530047000795,9.082590141002385,0.0,0.0,0.0
30,38,June,37,fast,fast,0.4363637663475295,13.090912990425885,0.0,0.0,0.0
30,38,March,16,fast,fast,0.3027530047000795,9.385343145702464,0.0,0.0,0.0
30,38,May,15,fast,fast,1.0295522556054808,31.916119923769905,0.0,0.0,0.0
30,38,May,16,fast,fast,0.3027530047000795,9.385343145702464,0.0,0.0,0.0
30,38,May,37,fast,fast,1.2192131615088222,37.79560800677349,0.0,0.0,0.0
30,38,November,16,fast,fast,0.3027530047000795,9.082590141002385,0.0,0.0,0.0
30,38,October,16,fast,fast,0.3027530047000795,9.385343145702464,0.0,0.0,0.0
30,38,September,16,fast,fast,0.3027530047000795,9.082590141002385,0.0,0.0,0.0
31,32,April,17,fast,medium,0.1,3.0,0.0,0.0,0.0
31,32,August,17,medium,medium,0.1,3.1,0.0,0.0,0.0
31,32,December,17,fast,medium,0.1,3.1,0.0,0.0,0.0
31,32,February,17,medium,medium,0.1,2.8000000000000003,0.0,0.0,0.0
31,32,January,17,fast,medium,0.1,3.1,0.0,0.0,0.0
31,32,July,17,fast,medium,0.1,3.1,0.0,0.0,0.0
31,32,June,17,fast,medium,0.1,3.0,0.0,0.0,0.0
31,32,March,17,fast,medium,0.1,3.1,0.0,0.0,0.0
31,32,May,17,medium,medium,0.1,3.1,0.0,0.0,0.0
31,32,November,17,medium,medium,0.1,3.0,0.0,0.0,0.0
31,32,October,17,fast,medium,0.1,3.1,0.0,0.0,0.0
31,32,September,17,medium,medium,0.1,3.0,0.0,0.0,0.0
32,24,April,17,fast,medium,4.551795910624378,136.55387731873134,0.0,0.0,0.0
32,24,August,17,medium,medium,4.551795910623751,141.10567322933628,0.0,0.0,0.0
32,24,December,17,fast,medium,4.551795910624321,141.10567322935395,0.0,0.0,0.0
32,24,February,17,fast,medium,4.551795910623978,127.45028549747138,0.0,0.0,0.0
32,24,January,17,medium,medium,4.551795910624403,141.10567322935648,0.0,0.0,0.0
32,24,July,17,fast,medium,4.551795910624435,141.10567322935748,0.0,0.0,0.0
32,24,June,17,fast,medium,4.551795910624378,136.55387731873134,0.0,0.0,0.0
32,24,March,17,fast,medium,4.551795910624378,141.10567322935572,0.0,0.0,0.0
32,24,May,17,fast,medium,4.55179591062398,141.10567322934338,0.0,0.0,0.0
32,24,November,17,fast,medium,4.551795910624403,136.55387731873208,0.0,0.0,0.0
32,24,October,17,fast,medium,4.551795910623866,141.10567322933986,0.0,0.0,0.0
32,24,September,17,fast,medium,4.551795910624033,136.553877318721,0.0,0.0,0.0
32,25,June,12,fast,fast,0.30263377635259214,9.079013290577764,0.0,0.0,0.0
32,25,June,13,fast,fast,5.975199642115644,179.25598926346933,0.0,0.0,0.0
32,25,May,12,fast,fast,0.3679162037719479,11.405402316930385,0.0,0.0,0.0
32,25,May,13,fast,fast,8.24005702921242,255.441767905585,0.0,0.0,0.0
33,25,April,16,medium,medium,7.478117850854986,224.34353552564957,0.0,0.0,0.0
33,25,April,17,fast,fast,17.47560140245791,524.2680420737373,0.0,0.0,0.0
33,25,August,16,fast,fast,7.478117850833328,231.8216533758332,0.0,0.0,0.0
33,25,August,17,fast,fast,17.47560140245791,541.7436434761953,0.0,0.0,0.0
33,25,December,16,fast,medium,7.478117850833328,231.8216533758332,0.0,0.0,0.0
33,25,December,17,fast,fast,17.475601402457883,541.7436434761944,0.0,0.0,0.0
33,25,February,16,medium,medium,7.478117850855014,209.3872998239404,0.0,0.0,0.0
33,25,February,17,fast,fast,17.47560140245791,489.3168392688215,0.0,0.0,0.0
33,25,January,16,fast,fast,7.478117850833328,231.8216533758332,0.0,0.0,0.0
33,25,January,17,fast,fast,17.47560140245791,541.7436434761953,0.0,0.0,0.0
33,25,July,16,medium,medium,7.478117850833328,231.8216533758332,0.0,0.0,0.0
33,25,July,17,fast,medium,17.47560140245791,541.7436434761953,0.0,0.0,0.0
33,25,June,16,fast,medium,7.478117850854986,224.34353552564957,0.0,0.0,0.0
33,25,June,17,fast,medium,8.460946646436824,253.82839939310472,0.0,0.0,0.0
33,25,March,16,fast,medium,7.478117850833328,231.8216533758332,0.0,0.0,0.0
33,25,March,17,fast,fast,17.47560140245791,541.7436434761953,0.0,0.0,0.0
33,25,May,16,medium,medium,7.478117850833328,231.8216533758332,0.0,0.0,0.0
33,25,May,17,fast,medium,1.338362473354323,41.48923667398401,0.0,0.0,0.0
33,25,November,16,fast,medium,7.478117850833328,224.34353552499985,0.0,0.0,0.0
33,25,November,17,fast,medium,17.47560140245791,524.2680420737373,0.0,0.0,0.0
33,25,October,16,fast,medium,7.478117850833328,231.8216533758332,0.0,0.0,0.0
33,25,October,17,fast,fast,17.47560140245791,541.7436434761953,0.0,0.0,0.0
33,25,September,16,fast,medium,7.478117850833499,224.34353552500497,0.0,0.0,0.0
33,25,September,17,fast,medium,17.47560140245791,524.2680420737373,0.0,0.0,0.0
33,26,April,17,fast,fast,21.331291330457702,639.9387399137311,0.0,0.0,0.0
33,26,August,17,fast,medium,21.331291330457702,661.2700312441888,0.0,0.0,0.0
33,26,December,17,fast,medium,21.331291330457724,661.2700312441895,0.0,0.0,0.0
33,26,February,17,fast,fast,21.331291330457702,597.2761572528157,0.0,0.0,0.0
33,26,January,17,medium,medium,21.331291330457702,661.2700312441888,0.0,0.0,0.0
33,26,July,17,fast,fast,21.331291330457702,661.2700312441888,0.0,0.0,0.0
33,26,June,17,fast,medium,5.34594608647879,160.3783825943637,0.0,0.0,0.0
33,26,June,17,fast,fast,25.0,750.0,0.0,0.0,0.0
33,26,June,28,fast,fast,6.443624930700231,193.30874792100695,0.0,0.0,0.0
33,26,June,30,fast,medium,10.441527609865105,313.2458282959532,0.0,0.0,0.0
33,26,March,17,fast,fast,21.331291330457702,661.2700312441888,0.0,0.0,0.0
33,26,May,17,medium,medium,12.468530259561291,386.5244380464,0.0,0.0,0.0
33,26,May,17,fast,fast,25.0,775.0,0.0,0.0,0.0
33,26,May,22,fast,medium,0.6856818164854275,21.25613631104825,0.0,0.0,0.0
33,26,November,17,medium,medium,21.331291330457702,639.9387399137311,0.0,0.0,0.0
33,26,October,17,medium,medium,21.331291330457702,661.2700312441888,0.0,0.0,0.0
33,26,September,17,fast,fast,21.331291330457702,639.9387399137311,0.0,0.0,0.0
34,27,April,26,medium,medium,6.872848918686238,206.18546756058714,0.0,0.0,0.0
34,27,April,34,medium,medium,7.255821372270567,217.67464116811703,0.0,0.0,0.0
34,27,August,26,medium,medium,10.740417623710792,332.95294633503454,0.0,0.0,0.0
34,27,August,34,fast,medium,7.255821372270589,224.93046254038825,0.0,0.0,0.0
34,27,December,26,fast,medium,0.9081264186861162,28.151918979269603,0.0,0.0,0.0
34,27,December,34,medium,medium,7.255821372270567,224.9304625403876,0.0,0.0,0.0
34,27,February,26,fast,medium,1.7361747605461586,48.61289329529244,0.0,0.0,0.0
34,27,February,34,medium,medium,7.255821372270567,203.16299842357589,0.0,0.0,0.0
34,27,January,26,medium,medium,0.9081264186861304,28.151918979270043,0.0,0.0,0.0
34,27,January,34,medium,medium,7.255821372270574,224.9304625403878,0.0,0.0,0.0
34,27,July,26,medium,medium,11.90812641868613,369.15191897927,0.0,0.0,0.0
34,27,July,34,medium,medium,7.255821372270567,224.9304625403876,0.0,0.0,0.0
34,27,June,19,medium,medium,0.35766429458541343,10.729928837562403,0.0,0.0,0.0
34,27,June,26,fast,medium,6.644526585352885,199.33579756058657,0.0,0.0,0.0
34,27,June,34,medium,medium,7.255821372270567,217.67464116811703,0.0,0.0,0.0
34,27,March,26,fast,medium,3.1190795529306525,96.69146614085022,0.0,0.0,0.0
34,27,March,34,fast,medium,7.255821372270589,224.93046254038825,0.0,0.0,0.0
34,27,May,19,fast,medium,4.406590389341517,136.60430206958702,0.0,0.0,0.0
34,27,May,26,medium,medium,0.9081264186861162,28.151918979269603,0.0,0.0,0.0
34,27,May,34,fast,medium,7.255821372270567,224.9304625403876,0.0,0.0,0.0
34,27,November,26,medium,medium,0.9081264186861304,27.243792560583913,0.0,0.0,0.0
34,27,November,34,fast,medium,7.255821372270589,217.67464116811766,0.0,0.0,0.0
34,27,October,26,medium,medium,0.9081264186861304,28.151918979270043,0.0,0.0,0.0
34,27,October,34,fast,medium,7.255821372270574,224.9304625403878,0.0,0.0,0.0
34,27,September,19,fast,medium,2.9507728060081764,88.5231841802453,0.0,0.0,0.0
34,27,September,26,medium,medium,11.908126418686116,357.2437925605835,0.0,0.0,0.0
34,27,September,34,medium,medium,7.255821372270567,217.67464116811703,0.0,0.0,0.0
34,42,April,19,fast,medium,2.8291725,84.875175,0.0,0.0,0.0
34,42,August,19,medium,medium,0.1,3.1,0.0,0.0,0.0
34,42,February,26,medium,medium,0.1,2.8000000000000003,0.0,0.0,0.0
34,42,July,19,fast,medium,2.0555137096774194,63.720925,0.0,0.0,0.0
34,42,June,19,fast,medium,2.845793833333334,85.37381500000002,0.0,0.0,0.0
34,42,September,19,fast,medium,1.4558175833333336,43.6745275,0.0,0.0,0.0
36,28,April,29,fast,fast,2.8728349736559693,86.18504920967908,0.0,0.0,0.0
36,28,July,20,fast,fast,0.21531210788497646,6.67467534443427,0.0,0.0,0.0
36,28,May,19,medium,medium,15.696168160084127,486.58121296260794,0.0,0.0,0.0
36,28,May,20,fast,fast,25.0,775.0,0.0,0.0,0.0
36,29,April,20,fast,fast,1.696047090785683,50.88141272357049,0.0,0.0,0.0
36,29,August,20,fast,fast,0.4700258402379234,14.570801047375625,0.0,0.0,0.0
36,29,December,20,fast,fast,0.4700258402379234,14.570801047375625,0.0,0.0,0.0
36,29,February,20,fast,fast,0.4700258402379234,13.160723526661855,0.0,0.0,0.0
36,29,January,20,fast,fast,0.4700258402379234,14.570801047375625,0.0,0.0,0.0
36,29,July,20,fast,fast,0.2547137323529469,7.8961257029413545,0.0,0.0,0.0
36,29,June,20,fast,fast,1.696047090785683,50.88141272357049,0.0,0.0,0.0
36,29,March,20,fast,fast,0.4700258402379234,14.570801047375625,0.0,0.0,0.0
36,29,May,20,fast,fast,1.696047090785683,52.577459814356175,0.0,0.0,0.0
36,29,November,20,fast,fast,0.4700258402379234,14.100775207137701,0.0,0.0,0.0
36,29,October,20,fast,fast,0.4700258402379234,14.570801047375625,0.0,0.0,0.0
36,29,September,20,fast,fast,0.4700258402379234,14.100775207137701,0.0,0.0,0.0
38,30,April,18,medium,medium,4.506063772361912,135.18191317085737,0.0,0.0,0.0
38,30,August,18,medium,medium,4.506063772361912,139.68797694321927,0.0,0.0,0.0
38,30,December,18,fast,medium,4.506063772361912,139.68797694321927,0.0,0.0,0.0
38,30,February,18,fast,medium,4.506063772361912,126.16978562613355,0.0,0.0,0.0
38,30,January,18,medium,medium,4.506063772361912,139.68797694321927,0.0,0.0,0.0
38,30,July,18,medium,medium,4.506063772361912,139.68797694321927,0.0,0.0,0.0
38,30,June,18,medium,medium,4.506063772361912,135.18191317085737,0.0,0.0,0.0
38,30,March,18,fast,medium,4.506063772361912,139.68797694321927,0.0,0.0,0.0
38,30,May,18,fast,medium,4.506063772361912,139.68797694321927,0.0,0.0,0.0
38,30,November,18,fast,medium,4.506063772361912,135.18191317085737,0.0,0.0,0.0
38,30,October,18,medium,medium,4.506063772361912,139.68797694321927,0.0,0.0,0.0
38,30,September,18,medium,medium,4.506063772361912,135.18191317085737,0.0,0.0,0.0
39,40,April,20,fast,fast,15.785553837242325,473.56661511726975,0.0,0.0,0.0
39,40,April,21,fast,fast,1.3713506477564152,41.14051943269246,0.0,0.0,0.0
39,40,April,34,fast,fast,1.6448609317889336,49.34582795366801,0.0,0.0,0.0
39,40,August,21,fast,fast,0.10165576289952938,3.1513286498854107,0.0,0.0,0.0
39,40,August,34,fast,fast,1.6669949784251639,51.67684433118008,0.0,0.0,0.0
39,40,July,20,fast,medium,4.140962117903911,128.36982565502123,0.0,0.0,0.0
39,40,July,20,fast,fast,0.9584795589681789,29.712866328013547,0.0,0.0,0.0
39,40,July,21,fast,fast,12.219679633867276,378.8100686498856,0.0,0.0,0.0
39,40,June,19,medium,medium,0.34630185037904226,10.389055511371268,0.0,0.0,0.0
39,40,June,20,fast,fast,15.483479170575649,464.50437511726943,0.0,0.0,0.0
39,40,March,20,fast,fast,0.9584795589681789,29.712866328013547,0.0,0.0,0.0
39,40,September,20,fast,fast,0.9584795589681789,28.754386769045368,0.0,0.0,0.0
39,40,September,21,fast,fast,2.4275726338672747,72.82717901601825,0.0,0.0,0.0
39,48,April,16,fast,medium,10.936688471155549,328.10065413466646,0.0,0.0,0.0
39,48,August,16,medium,medium,10.936688471155549,339.037342605822,0.0,0.0,0.0
39,48,December,16,medium,medium,10.936688471155549,339.037342605822,0.0,0.0,0.0
39,48,February,16,fast,medium,10.936688471155549,306.22727719235536,0.0,0.0,0.0
39,48,January,16,fast,medium,10.936688471155549,339.037342605822,0.0,0.0,0.0
39,48,July,16,fast,medium,10.936688471155549,339.037342605822,0.0,0.0,0.0
39,48,June,16,fast,medium,10.936688471155549,328.10065413466646,0.0,0.0,0.0
39,48,March,16,medium,medium,10.936688471155549,339.037342605822,0.0,0.0,0.0
39,48,May,16,medium,medium,10.936688471155549,339.037342605822,0.0,0.0,0.0
39,48,November,16,fast,medium,10.936688471155549,328.10065413466646,0.0,0.0,0.0
39,48,October,16,fast,medium,10.936688471155549,339.037342605822,0.0,0.0,0.0
39,48,September,16,medium,medium,10.936688471155549,328.10065413466646,0.0,0.0,0.0
40,39,August,25,medium,medium,7.048277754716821,218.49661039622146,0.0,0.0,0.0
40,39,August,25,fast,fast,1.3287343161334917,41.19076380013824,0.0,0.0,0.0
40,39,September,25,fast,fast,1.1809252007519504,35.42775602255851,0.0,0.0,0.0
40,39,September,26,fast,fast,5.35240701874363,160.5722105623089,0.0,0.0,0.0
40,39,September,27,fast,fast,1.612802854226679,48.38408562680037,0.0,0.0,0.0
40,39,September,28,fast,fast,0.1,3.0,0.0,0.0,0.0
40,48,April,16,fast,medium,5.479473000188875,164.38419000566626,0.0,0.0,0.0
40,48,August,16,fast,medium,5.479473000188875,169.86366300585513,0.0,0.0,0.0
40,48,December,16,fast,medium,5.479473000188875,169.86366300585513,0.0,0.0,0.0
40,48,February,16,medium,medium,5.479473000188875,153.4252440052885,0.0,0.0,0.0
40,48,January,16,medium,medium,5.479473000188875,169.86366300585513,0.0,0.0,0.0
40,48,July,16,fast,medium,5.479473000188875,169.86366300585513,0.0,0.0,0.0
40,48,June,16,fast,medium,5.479473000188875,164.38419000566626,0.0,0.0,0.0
40,48,March,16,medium,medium,5.479473000188875,169.86366300585513,0.0,0.0,0.0
40,48,May,16,fast,medium,5.479473000188875,169.86366300585513,0.0,0.0,0.0
40,48,November,16,medium,medium,5.479473000188875,164.38419000566626,0.0,0.0,0.0
40,48,October,16,medium,medium,5.479473000188875,169.86366300585513,0.0,0.0,0.0
40,48,September,16,fast,medium,5.479473000188875,164.38419000566626,0.0,0.0,0.0
41,42,April,18,medium,medium,7.213328569205061,216.39985707615182,0.0,0.0,0.0
41,42,April,20,fast,medium,2.8291725,84.875175,0.0,0.0,0.0
41,42,April,21,medium,medium,2.232116616248881,66.96349848746642,0.0,0.0,0.0
41,42,April,22,medium,medium,3.183732833333333,95.511985,0.0,0.0,0.0
41,42,August,18,medium,medium,7.213328569205061,223.61318564535688,0.0,0.0,0.0
41,42,December,18,medium,medium,7.213328569205061,223.61318564535688,0.0,0.0,0.0
41,42,February,18,medium,medium,7.213328569205061,201.9731999377417,0.0,0.0,0.0
41,42,January,18,fast,medium,7.2133285692050535,223.61318564535665,0.0,0.0,0.0
41,42,July,18,medium,medium,7.213328569205061,223.61318564535688,0.0,0.0,0.0
41,42,June,18,fast,medium,7.213328569205061,216.39985707615182,0.0,0.0,0.0
41,42,June,20,medium,medium,2.845793833333334,85.37381500000002,0.0,0.0,0.0
41,42,June,21,medium,medium,3.3662627499999997,100.9878825,0.0,0.0,0.0
41,42,March,18,medium,medium,7.213328569205061,223.61318564535688,0.0,0.0,0.0
41,42,May,18,medium,medium,7.213328569205061,223.61318564535688,0.0,0.0,0.0
41,42,May,19,fast,medium,3.5923885483870968,111.364045,0.0,0.0,0.0
41,42,May,20,fast,medium,3.5923885483870968,111.364045,0.0,0.0,0.0
41,42,November,18,medium,medium,7.213328569205061,216.39985707615182,0.0,0.0,0.0
41,42,October,18,fast,medium,7.213328569205061,223.61318564535688,0.0,0.0,0.0
41,42,September,18,medium,medium,7.213328569205061,216.39985707615182,0.0,0.0,0.0
43,44,April,28,fast,fast,5.813695132479625,174.41085397438874,0.0,0.0,0.0
43,44,April,29,fast,fast,32.98936438585193,989.6809315755579,0.0,0.0,0.0
43,44,April,30,fast,fast,5.715500708890744,171.46502126672232,0.0,0.0,0.0
43,44,August,29,fast,fast,20.601529342524373,638.6474096182556,0.0,0.0,0.0
43,44,July,29,fast,fast,20.601529342524373,638.6474096182556,0.0,0.0,0.0
43,44,June,29,fast,fast,23.625809655823495,708.7742896747048,0.0,0.0,0.0
43,44,May,29,fast,fast,16.73489305220179,518.7816846182556,0.0,0.0,0.0
43,44,September,29,fast,fast,20.601529342524373,618.0458802757312,0.0,0.0,0.0
43,50,April,15,fast,fast,0.1256813589683627,3.7704407690508805,0.0,0.0,0.0
43,50,April,17,fast,fast,2.506715844364386,75.20147533093159,0.0,0.0,0.0
43,50,April,18,fast,fast,0.9508416666666668,28.525250000000003,0.0,0.0,0.0
43,50,April,28,fast,fast,1.3989891666666665,41.969674999999995,0.0,0.0,0.0
43,50,April,29,fast,fast,1.6392321729166657,49.176965187499974,0.0,0.0,0.0
43,50,April,30,fast,fast,1.1361083333333333,34.08325,0.0,0.0,0.0
43,50,August,17,fast,fast,2.506715844364386,77.70819117529598,0.0,0.0,0.0
43,50,December,17,fast,fast,2.506715844364386,77.70819117529598,0.0,0.0,0.0
43,50,December,29,fast,fast,20.601529342524373,638.6474096182556,0.0,0.0,0.0
43,50,February,17,fast,fast,2.8469464285714285,79.7145,0.0,0.0,0.0
43,50,February,29,fast,fast,20.601529342524373,576.8428215906824,0.0,0.0,0.0
43,50,January,17,fast,fast,2.506715844364386,77.70819117529598,0.0,0.0,0.0
43,50,January,29,fast,fast,20.601529342524373,638.6474096182556,0.0,0.0,0.0
43,50,July,17,fast,fast,2.506715844364386,77.70819117529598,0.0,0.0,0.0
43,50,June,15,fast,fast,0.40397279017796583,12.119183705338974,0.0,0.0,0.0
43,50,June,16,fast,fast,0.7401066666666667,22.203200000000002,0.0,0.0,0.0
43,50,June,17,fast,fast,2.506715844364386,75.20147533093159,0.0,0.0,0.0
43,50,June,18,fast,fast,1.0914675000000003,32.74402500000001,0.0,0.0,0.0
43,50,March,15,fast,fast,0.2862685483870968,8.874325,0.0,0.0,0.0
43,50,March,16,fast,fast,0.2862685483870968,8.874325,0.0,0.0,0.0
43,50,March,17,fast,fast,2.506715844364386,77.70819117529598,0.0,0.0,0.0
43,50,March,18,fast,fast,0.5156790322580646,15.98605,0.0,0.0,0.0
43,50,March,29,fast,fast,20.601529342524373,638.6474096182556,0.0,0.0,0.0
43,50,May,15,fast,fast,0.7300076114629266,22.630235955350724,0.0,0.0,0.0
43,50,May,16,fast,fast,0.8441451612903226,26.1685,0.0,0.0,0.0
43,50,May,17,fast,fast,2.506715844364386,77.70819117529598,0.0,0.0,0.0
43,50,May,18,fast,fast,1.2462024193548387,38.632275,0.0,0.0,0.0
43,50,May,29,fast,fast,3.866636290322581,119.86572500000001,0.0,0.0,0.0
43,50,November,17,fast,fast,2.506715844364386,75.20147533093159,0.0,0.0,0.0
43,50,November,29,fast,fast,20.601529342524373,618.0458802757312,0.0,0.0,0.0
43,50,October,17,fast,fast,2.506715844364386,77.70819117529598,0.0,0.0,0.0
43,50,October,29,fast,fast,20.601529342524373,638.6474096182556,0.0,0.0,0.0
43,50,September,17,fast,fast,3.0082,90.246,0.0,0.0,0.0
43,51,March,19,medium,medium,0.35999170203735087,11.159742763157876,0.0,0.0,0.0
44,43,April,35,fast,fast,3.299074864944984,98.97224594834952,0.0,0.0,0.0
44,43,August,35,fast,fast,3.299074864944984,102.27132081329451,0.0,0.0,0.0
44,43,December,35,fast,fast,3.299074864944984,102.27132081329451,0.0,0.0,0.0
44,43,February,35,fast,fast,3.299074864944984,92.37409621845956,0.0,0.0,0.0
44,43,January,35,fast,fast,3.299074864944984,102.27132081329451,0.0,0.0,0.0
44,43,July,35,fast,fast,3.299074864944984,102.27132081329451,0.0,0.0,0.0
44,43,June,35,fast,fast,3.299074864944984,98.97224594834952,0.0,0.0,0.0
44,43,March,20,fast,fast,4.387042483308344,135.99831698255866,0.0,0.0,0.0
44,43,March,21,fast,fast,5.405652826943754,167.57523763525637,0.0,0.0,0.0
44,43,March,35,fast,fast,3.299074864944984,102.27132081329451,0.0,0.0,0.0
44,43,May,35,fast,fast,3.299074864944984,102.27132081329451,0.0,0.0,0.0
44,43,November,35,fast,fast,3.299074864944984,98.97224594834952,0.0,0.0,0.0
44,43,October,35,fast,fast,3.299074864944984,102.27132081329451,0.0,0.0,0.0
44,43,September,20,fast,fast,3.372853816641678,101.18561449925033,0.0,0.0,0.0
44,43,September,35,fast,fast,3.299074864944984,98.97224594834952,0.0,0.0,0.0
44,52,April,19,fast,fast,10.943882670396498,328.3164801118949,0.0,0.0,0.0
45,44,April,28,fast,fast,4.262270179230768,127.86810537692304,0.0,0.0,0.0
45,44,August,28,fast,fast,4.262270179230768,132.1303755561538,0.0,0.0,0.0
45,44,December,28,fast,fast,4.262270179230768,132.1303755561538,0.0,0.0,0.0
45,44,February,28,fast,fast,4.262270179230768,119.3435650184615,0.0,0.0,0.0
45,44,January,28,fast,fast,4.262270179230768,132.1303755561538,0.0,0.0,0.0
45,44,July,28,fast,fast,4.262270179230768,132.1303755561538,0.0,0.0,0.0
45,44,June,27,fast,fast,16.546575128418084,496.3972538525425,0.0,0.0,0.0
45,44,June,28,fast,fast,36.615521113251724,1098.4656333975518,0.0,0.0,0.0
45,44,June,30,fast,fast,24.318906671556427,729.5672001466928,0.0,0.0,0.0
45,44,June,31,fast,fast,8.706732057011035,261.20196171033103,0.0,0.0,0.0
45,44,June,32,fast,fast,6.816393791881474,204.49181375644423,0.0,0.0,0.0
45,44,June,33,fast,fast,0.625561483164077,18.76684449492231,0.0,0.0,0.0
45,44,March,28,fast,fast,4.262270179230768,132.1303755561538,0.0,0.0,0.0
45,44,May,28,fast,fast,4.262270179230768,132.1303755561538,0.0,0.0,0.0
45,44,November,28,fast,fast,4.262270179230768,127.86810537692304,0.0,0.0,0.0
45,44,October,28,fast,fast,4.262270179230768,132.1303755561538,0.0,0.0,0.0
45,44,September,28,fast,fast,4.262270179230768,127.86810537692304,0.0,0.0,0.0
45,53,April,3,fast,fast,1.187102510764852,35.61307532294556,0.0,0.0,0.0
45,53,April,4,fast,fast,4.356889244334958,130.70667733004876,0.0,0.0,0.0
45,53,April,13,fast,fast,10.104685495,303.14056485,0.0,0.0,0.0
45,53,April,17,fast,fast,4.793038640369087,143.7911592110726,0.0,0.0,0.0
45,53,April,18,fast,fast,4.859656639377135,145.78969918131406,0.0,0.0,0.0
45,53,August,3,fast,fast,1.187102510764852,36.800177833710414,0.0,0.0,0.0
45,53,August,4,fast,fast,4.356889244334958,135.0635665743837,0.0,0.0,0.0
45,53,December,3,fast,fast,1.187102510764852,36.800177833710414,0.0,0.0,0.0
45,53,December,4,fast,fast,4.356889244334958,135.0635665743837,0.0,0.0,0.0
45,53,February,3,fast,fast,1.187102510764852,33.23887030141586,0.0,0.0,0.0
45,53,February,4,fast,fast,4.356889244334958,121.99289884137883,0.0,0.0,0.0
45,53,January,3,fast,fast,1.187102510764852,36.800177833710414,0.0,0.0,0.0
45,53,January,4,fast,fast,4.356889244334958,135.0635665743837,0.0,0.0,0.0
45,53,July,3,fast,fast,1.187102510764852,36.800177833710414,0.0,0.0,0.0
45,53,July,4,fast,fast,4.356889244334958,135.0635665743837,0.0,0.0,0.0
45,53,June,3,fast,fast,1.187102510764852,35.61307532294556,0.0,0.0,0.0
45,53,June,4,fast,fast,4.356889244334958,130.70667733004876,0.0,0.0,0.0
45,53,June,7,fast,fast,0.17005241666666665,5.1015725,0.0,0.0,0.0
45,53,June,13,fast,fast,23.576263911900526,707.2879173570158,0.0,0.0,0.0
45,53,June,17,fast,fast,3.1058211609991346,93.17463482997404,0.0,0.0,0.0
45,53,June,34,fast,fast,0.5928251820957899,17.784755462873697,0.0,0.0,0.0
45,53,March,3,fast,fast,1.187102510764852,36.800177833710414,0.0,0.0,0.0
45,53,March,4,fast,fast,4.356889244334958,135.0635665743837,0.0,0.0,0.0
45,53,May,3,fast,fast,1.187102510764852,36.800177833710414,0.0,0.0,0.0
45,53,May,4,fast,fast,4.356889244334958,135.0635665743837,0.0,0.0,0.0
45,53,November,3,fast,fast,1.187102510764852,35.61307532294556,0.0,0.0,0.0
45,53,November,4,fast,fast,4.356889244334958,130.70667733004876,0.0,0.0,0.0
45,53,October,3,fast,fast,1.187102510764852,36.800177833710414,0.0,0.0,0.0
45,53,October,4,fast,fast,4.356889244334958,135.0635665743837,0.0,0.0,0.0
45,53,September,3,fast,fast,1.187102510764852,35.61307532294556,0.0,0.0,0.0
45,53,September,4,fast,fast,4.356889244334958,130.70667733004876,0.0,0.0,0.0
47,46,April,15,fast,fast,6.8878441543703435,206.6353246311103,0.0,0.0,0.0
47,46,April,17,medium,medium,8.855377440273614,265.6613232082084,0.0,0.0,0.0
47,46,August,17,medium,medium,8.855377440273614,274.516700648482,0.0,0.0,0.0
47,46,December,17,fast,medium,8.855377440273614,274.516700648482,0.0,0.0,0.0
47,46,February,17,fast,medium,8.855377440273614,247.9505683276612,0.0,0.0,0.0
47,46,January,17,medium,medium,8.855377440273614,274.516700648482,0.0,0.0,0.0
47,46,July,17,fast,medium,8.855377440273614,274.516700648482,0.0,0.0,0.0
47,46,June,14,fast,fast,7.500102541864713,225.00307625594138,0.0,0.0,0.0
47,46,June,15,fast,fast,9.282388154416957,278.4716446325087,0.0,0.0,0.0
47,46,June,16,fast,fast,7.032269095226155,210.96807285678466,0.0,0.0,0.0
47,46,June,17,medium,medium,8.855377440273614,265.6613232082084,0.0,0.0,0.0
47,46,March,17,fast,medium,8.855377440273614,274.516700648482,0.0,0.0,0.0
47,46,May,15,fast,fast,6.40052185334169,198.41617745359238,0.0,0.0,0.0
47,46,May,16,fast,fast,36.362781998451965,1127.246241952011,0.0,0.0,0.0
47,46,May,17,medium,medium,17.83535796684454,552.8960969721808,0.0,0.0,0.0
47,46,November,17,fast,medium,8.855377440273614,265.6613232082084,0.0,0.0,0.0
47,46,October,17,medium,medium,8.855377440273614,274.516700648482,0.0,0.0,0.0
47,46,September,17,medium,medium,8.855377440273614,265.6613232082084,0.0,0.0,0.0
48,39,April,25,fast,fast,1.4374645490640958,43.123936471922875,0.0,0.0,0.0
48,39,August,25,fast,fast,1.4374645490640958,44.56140102098697,0.0,0.0,0.0
48,39,December,25,fast,fast,1.4374645490640958,44.56140102098697,0.0,0.0,0.0
48,39,February,25,fast,fast,1.4374645490640958,40.24900737379468,0.0,0.0,0.0
48,39,January,25,fast,fast,1.4374645490640958,44.56140102098697,0.0,0.0,0.0
48,39,July,25,fast,fast,1.4374645490640958,44.56140102098697,0.0,0.0,0.0
48,39,June,25,fast,fast,2.7661988651975875,82.98596595592763,0.0,0.0,0.0
48,39,March,25,fast,fast,1.4374645490640958,44.56140102098697,0.0,0.0,0.0
48,39,May,25,fast,fast,1.4374645490640958,44.56140102098697,0.0,0.0,0.0
48,39,November,25,fast,fast,1.4374645490640958,43.123936471922875,0.0,0.0,0.0
48,39,October,25,fast,fast,1.4374645490640958,44.56140102098697,0.0,0.0,0.0
48,39,September,25,fast,fast,1.4374645490640958,43.123936471922875,0.0,0.0,0.0
48,40,April,24,fast,fast,1.4374645490640958,43.123936471922875,0.0,0.0,0.0
48,40,August,24,fast,fast,1.4374645490640958,44.56140102098697,0.0,0.0,0.0
48,40,December,24,fast,fast,1.4374645490640958,44.56140102098697,0.0,0.0,0.0
48,40,February,24,fast,fast,1.4374645490640958,40.24900737379468,0.0,0.0,0.0
48,40,January,24,fast,fast,1.4374645490640958,44.56140102098697,0.0,0.0,0.0
48,40,July,24,fast,fast,1.4374645490640958,44.56140102098697,0.0,0.0,0.0
48,40,June,24,fast,fast,6.244042799064097,187.32128397192292,0.0,0.0,0.0
48,40,June,25,fast,fast,3.682679517199844,110.48038551599532,0.0,0.0,0.0
48,40,March,24,fast,fast,1.4374645490640958,44.56140102098697,0.0,0.0,0.0
48,40,May,24,fast,fast,1.4374645490640958,44.56140102098697,0.0,0.0,0.0
48,40,November,24,fast,fast,1.4374645490640958,43.123936471922875,0.0,0.0,0.0
48,40,October,24,fast,fast,1.4374645490640958,44.56140102098697,0.0,0.0,0.0
48,40,September,24,fast,fast,1.4374645490640958,43.123936471922875,0.0,0.0,0.0
50,43,April,2,medium,medium,1.002375122423004,30.07125367269012,0.0,0.0,0.0
50,43,April,3,fast,fast,0.7557997298061849,22.673991894185548,0.0,0.0,0.0
50,43,April,34,fast,fast,1.9037130270610447,57.11139081183134,0.0,0.0,0.0
50,43,August,2,medium,medium,1.002375122423004,31.073628795113123,0.0,0.0,0.0
50,43,August,3,fast,medium,0.7557997298061849,23.429791623991733,0.0,0.0,0.0
50,43,August,34,fast,fast,1.9037130270610447,59.01510383889239,0.0,0.0,0.0
50,43,December,2,fast,medium,1.002375122423004,31.073628795113123,0.0,0.0,0.0
50,43,December,3,medium,medium,0.7557997298061849,23.429791623991733,0.0,0.0,0.0
50,43,December,34,fast,fast,1.9037130270610447,59.01510383889239,0.0,0.0,0.0
50,43,February,2,fast,medium,1.002375122423004,28.06650342784411,0.0,0.0,0.0
50,43,February,3,fast,medium,0.7557997298061849,21.162392434573178,0.0,0.0,0.0
50,43,February,34,fast,fast,1.9037130270610447,53.30396475770925,0.0,0.0,0.0
50,43,January,2,fast,medium,1.002375122423004,31.073628795113123,0.0,0.0,0.0
50,43,January,3,medium,medium,0.7557997298061849,23.429791623991733,0.0,0.0,0.0
50,43,January,34,fast,fast,1.9037130270610447,59.01510383889239,0.0,0.0,0.0
50,43,July,2,medium,medium,1.002375122423004,31.073628795113123,0.0,0.0,0.0
50,43,July,3,fast,medium,0.7557997298061849,23.429791623991733,0.0,0.0,0.0
50,43,July,34,fast,fast,1.9037130270610447,59.01510383889239,0.0,0.0,0.0
50,43,June,2,fast,medium,1.002375122423004,30.07125367269012,0.0,0.0,0.0
50,43,June,3,medium,medium,0.7557997298061849,22.673991894185548,0.0,0.0,0.0
50,43,June,34,fast,fast,1.9037130270610447,57.11139081183134,0.0,0.0,0.0
50,43,March,2,fast,medium,1.002375122423004,31.073628795113123,0.0,0.0,0.0
50,43,March,3,fast,medium,0.7557997298061849,23.429791623991733,0.0,0.0,0.0
50,43,March,25,fast,fast,1.6072964260489755,49.82618920751824,0.0,0.0,0.0
50,43,March,26,fast,fast,0.8013668367346939,24.84237193877551,0.0,0.0,0.0
50,43,March,34,fast,fast,1.9037130270610447,59.01510383889239,0.0,0.0,0.0
50,43,May,2,medium,medium,1.002375122423004,31.073628795113123,0.0,0.0,0.0
50,43,May,3,medium,medium,0.7557997298061849,23.429791623991733,0.0,0.0,0.0
50,43,May,34,fast,fast,1.9037130270610447,59.01510383889239,0.0,0.0,0.0
50,43,November,2,fast,medium,1.002375122423004,30.07125367269012,0.0,0.0,0.0
50,43,November,3,fast,fast,0.7557997298061849,22.673991894185548,0.0,0.0,0.0
50,43,November,34,fast,fast,1.9037130270610447,57.11139081183134,0.0,0.0,0.0
50,43,October,2,fast,medium,1.002375122423004,31.073628795113123,0.0,0.0,0.0
50,43,October,3,fast,fast,0.7557997298061849,23.429791623991733,0.0,0.0,0.0
50,43,October,34,fast,fast,1.9037130270610447,59.01510383889239,0.0,0.0,0.0
50,43,September,2,fast,medium,1.002375122423004,30.07125367269012,0.0,0.0,0.0
50,43,September,3,fast,fast,0.7557997298061849,22.673991894185548,0.0,0.0,0.0
50,43,September,34,fast,fast,1.9037130270610447,57.11139081183134,0.0,0.0,0.0
50,51,April,3,medium,medium,2.5949446983592495,77.84834095077748,0.0,0.0,0.0
50,51,August,3,medium,medium,2.5949446983592495,80.44328564913673,0.0,0.0,0.0
50,51,December,3,fast,medium,2.5949446983592495,80.44328564913673,0.0,0.0,0.0
50,51,February,3,medium,medium,2.5949446983592495,72.65845155405898,0.0,0.0,0.0
50,51,January,3,fast,medium,2.5949446983592495,80.44328564913673,0.0,0.0,0.0
50,51,July,3,fast,medium,2.5949446983592495,80.44328564913673,0.0,0.0,0.0
50,51,June,3,fast,medium,2.5949446983592495,77.84834095077748,0.0,0.0,0.0
50,51,March,3,medium,medium,2.5949446983592495,80.44328564913673,0.0,0.0,0.0
50,51,May,3,fast,medium,2.5949446983592495,80.44328564913673,0.0,0.0,0.0
50,51,November,3,fast,medium,2.5949446983592495,77.84834095077748,0.0,0.0,0.0
50,51,October,3,medium,medium,2.5949446983592495,80.44328564913673,0.0,0.0,0.0
50,51,September,3,medium,medium,2.5949446983592495,77.84834095077748,0.0,0.0,0.0
51,43,April,39,fast,fast,2.074027928666169,62.22083785998507,0.0,0.0,0.0
51,43,August,39,fast,fast,2.074027928666169,64.29486578865124,0.0,0.0,0.0
51,43,December,39,fast,fast,2.074027928666169,64.29486578865124,0.0,0.0,0.0
51,43,February,39,fast,fast,2.074027928666169,58.07278200265273,0.0,0.0,0.0
51,43,January,39,fast,fast,2.074027928666169,64.29486578865124,0.0,0.0,0.0
51,43,July,39,fast,fast,2.074027928666169,64.29486578865124,0.0,0.0,0.0
51,43,June,39,fast,fast,2.074027928666169,62.22083785998507,0.0,0.0,0.0
51,43,March,39,fast,fast,2.074027928666169,64.29486578865124,0.0,0.0,0.0
51,43,May,36,fast,fast,3.5374471872677873,109.6608628053014,0.0,0.0,0.0
51,43,May,38,fast,fast,1.1344,35.1664,0.0,0.0,0.0
51,43,May,39,fast,fast,2.074027928666169,64.29486578865124,0.0,0.0,0.0
51,43,November,39,fast,fast,2.074027928666169,62.22083785998507,0.0,0.0,0.0
51,43,October,39,fast,fast,2.074027928666169,64.29486578865124,0.0,0.0,0.0
51,43,September,39,fast,fast,2.074027928666169,62.22083785998507,0.0,0.0,0.0
51,50,June,28,fast,fast,1.6169294208333325,48.50788262499997,0.0,0.0,0.0
51,50,June,29,fast,fast,1.2090541666666668,36.271625,0.0,0.0,0.0
51,50,June,30,fast,fast,1.2090541666666668,36.271625,0.0,0.0,0.0
51,50,June,32,fast,fast,0.9712758333333333,29.138275,0.0,0.0,0.0
52,44,April,23,fast,fast,12.062127433278171,361.86382299834514,0.0,0.0,0.0
52,44,April,32,fast,fast,2.5217750182737007,75.65325054821102,0.0,0.0,0.0
52,44,August,23,fast,fast,18.057448756019852,559.7809114366154,0.0,0.0,0.0
52,44,December,23,fast,fast,12.062127433278171,373.9259504316233,0.0,0.0,0.0
52,44,February,23,fast,fast,15.170067076135311,424.7618781317887,0.0,0.0,0.0
52,44,January,23,fast,fast,12.062127433278171,373.9259504316233,0.0,0.0,0.0
52,44,July,23,fast,fast,12.062127433278171,373.9259504316233,0.0,0.0,0.0
52,44,June,23,fast,fast,12.062127433278171,361.86382299834514,0.0,0.0,0.0
52,44,June,32,fast,fast,2.5649449763922343,76.94834929176703,0.0,0.0,0.0
52,44,March,23,fast,fast,12.062127433278171,373.9259504316233,0.0,0.0,0.0
52,44,May,23,fast,fast,12.062127433278171,373.9259504316233,0.0,0.0,0.0
52,44,November,23,fast,fast,12.062127433278171,361.86382299834514,0.0,0.0,0.0
52,44,October,23,fast,fast,12.062127433278171,373.9259504316233,0.0,0.0,0.0
52,44,September,23,fast,fast,18.057448756019852,541.7234626805955,0.0,0.0,0.0
52,53,April,16,fast,fast,7.234889686478354,217.04669059435062,0.0,0.0,0.0
52,53,April,18,fast,fast,12.66743798829949,380.0231396489847,0.0,0.0,0.0
52,53,April,23,fast,fast,5.995321322741681,179.85963968225042,0.0,0.0,0.0
52,53,December,23,fast,fast,5.995321322741681,185.8549610049921,0.0,0.0,0.0
52,53,February,23,fast,fast,2.887381679884541,80.84668703676715,0.0,0.0,0.0
52,53,January,23,fast,fast,5.995321322741681,185.8549610049921,0.0,0.0,0.0
52,53,July,23,fast,fast,5.995321322741681,185.8549610049921,0.0,0.0,0.0
52,53,June,23,fast,fast,5.995321322741681,179.85963968225042,0.0,0.0,0.0
52,53,March,23,fast,fast,5.995321322741681,185.8549610049921,0.0,0.0,0.0
52,53,March,24,fast,fast,0.11330310297216428,3.5123961921370928,0.0,0.0,0.0
52,53,May,23,fast,fast,5.995321322741681,185.8549610049921,0.0,0.0,0.0
52,53,November,23,fast,fast,5.995321322741681,179.85963968225042,0.0,0.0,0.0
52,53,October,23,fast,fast,5.995321322741681,185.8549610049921,0.0,0.0,0.0
53,45,February,24,fast,fast,0.4533800000000028,12.694640000000078,0.0,0.0,0.0
53,52,April,27,fast,fast,1.5137171627962296,45.41151488388689,0.0,0.0,0.0
53,52,April,30,fast,fast,11.879958097810324,356.3987429343097,0.0,0.0,0.0
53,52,April,31,fast,fast,1.001522871559633,30.045686146788988,0.0,0.0,0.0
53,52,August,30,fast,fast,0.1,3.1,0.0,0.0,0.0
53,52,December,30,fast,fast,0.1,3.1,0.0,0.0,0.0
53,52,February,30,fast,fast,0.1,2.8000000000000003,0.0,0.0,0.0
53,52,January,30,fast,fast,0.1,3.1,0.0,0.0,0.0
53,52,July,30,fast,fast,0.1,3.1,0.0,0.0,0.0
53,52,June,30,fast,fast,13.254146435382726,397.6243930614818,0.0,0.0,0.0
53,52,June,31,fast,fast,5.2398141215596326,157.19442364678898,0.0,0.0,0.0
53,52,March,30,fast,fast,0.1,3.1,0.0,0.0,0.0
53,52,May,30,fast,fast,0.1,3.1,0.0,0.0,0.0
53,52,November,30,fast,fast,0.1,3.0,0.0,0.0,0.0
53,52,October,30,fast,fast,0.1,3.1,0.0,0.0,0.0
53,52,September,30,fast,fast,0.1,3.0,0.0,0.0,0.0
54,55,April,30,fast,fast,7.0625216737972565,211.8756502139177,0.0,0.0,0.0
54,55,April,31,fast,medium,5.684137666666668,170.52413000000004,0.0,0.0,0.0
54,55,April,31,fast,fast,14.61498084615715,438.4494253847145,0.0,0.0,0.0
54,55,April,32,fast,fast,0.6358719349729789,19.076158049189367,0.0,0.0,0.0
54,55,April,34,fast,fast,8.935325333333333,268.05976,0.0,0.0,0.0
54,55,April,35,fast,fast,2.037412063958333,61.122361918749995,0.0,0.0,0.0
54,55,April,36,fast,fast,1.9984701666666667,59.954105,0.0,0.0,0.0
54,55,August,32,fast,fast,0.6290479349729807,19.500485984162403,0.0,0.0,0.0
54,55,July,32,fast,fast,0.6290479349729807,19.500485984162403,0.0,0.0,0.0
54,55,July,34,fast,fast,3.4294496933764536,106.31294049467006,0.0,0.0,0.0
54,55,July,35,fast,fast,0.22887146262789315,7.095015341464688,0.0,0.0,0.0
54,55,June,30,fast,medium,14.373010977130583,431.1903293139175,0.0,0.0,0.0
54,55,June,31,medium,medium,9.547961416666666,286.43884249999996,0.0,0.0,0.0
54,55,June,31,fast,fast,14.61498084615715,438.4494253847145,0.0,0.0,0.0
54,55,June,32,fast,fast,0.6290479349729807,18.871438049189422,0.0,0.0,0.0
54,55,June,34,fast,fast,10.861076667043427,325.83230001130283,0.0,0.0,0.0
54,55,June,35,fast,fast,2.2441154626278923,67.32346387883678,0.0,0.0,0.0
54,55,June,36,fast,fast,5.555346569119424,166.66039707358271,0.0,0.0,0.0
54,55,May,31,fast,fast,14.61498084615715,453.06440623087167,0.0,0.0,0.0
54,55,May,32,fast,fast,0.6290479349729807,19.500485984162403,0.0,0.0,0.0
54,55,May,34,fast,fast,6.2815992621099745,194.7295771254092,0.0,0.0,0.0
54,55,May,35,fast,fast,8.444141397487217,261.7683833221037,0.0,0.0,0.0
55,54,April,17,fast,fast,6.740277979710459,202.20833939131379,0.0,0.0,0.0
55,54,April,18,fast,fast,1.3172169074353377,39.51650722306013,0.0,0.0,0.0
55,54,April,23,fast,fast,9.064498908936862,271.9349672681059,0.0,0.0,0.0
55,54,August,23,fast,fast,8.28428957560353,256.81297684370946,0.0,0.0,0.0
55,54,December,23,fast,fast,8.28428957560353,256.81297684370946,0.0,0.0,0.0
55,54,February,18,fast,fast,1.3172169074353377,36.882073408189456,0.0,0.0,0.0
55,54,February,23,medium,medium,8.28428957560353,231.96010811689885,0.0,0.0,0.0
55,54,February,28,fast,fast,0.2579730607397357,7.223245700712599,0.0,0.0,0.0
55,54,January,23,medium,medium,8.28428957560353,256.81297684370946,0.0,0.0,0.0
55,54,July,17,fast,fast,1.603632958125262,49.71262170188312,0.0,0.0,0.0
55,54,July,18,fast,fast,0.4843813250766136,15.015821077375021,0.0,0.0,0.0
55,54,July,23,fast,medium,8.28428957560353,256.81297684370946,0.0,0.0,0.0
55,54,June,7,fast,fast,0.1317799191481716,3.953397574445148,0.0,0.0,0.0
55,54,June,9,fast,fast,2.2763143329687754,68.28942998906327,0.0,0.0,0.0
55,54,June,10,fast,fast,2.083302,62.49906000000001,0.0,0.0,0.0
55,54,June,23,fast,medium,8.347878825603537,250.4363647681061,0.0,0.0,0.0
55,54,March,17,fast,fast,1.2613422741991567,39.101610500173855,0.0,0.0,0.0
55,54,March,18,fast,fast,1.3172169074353377,40.83372413049547,0.0,0.0,0.0
55,54,March,23,fast,fast,8.28428957560353,256.81297684370946,0.0,0.0,0.0
55,54,May,23,medium,medium,8.28428957560353,256.81297684370946,0.0,0.0,0.0
55,54,November,23,medium,medium,8.28428957560353,248.5286872681059,0.0,0.0,0.0
55,54,October,23,fast,fast,8.28428957560353,256.81297684370946,0.0,0.0,0.0
55,54,September,17,fast,fast,3.3341785593527433,100.0253567805823,0.0,0.0,0.0
55,54,September,18,fast,fast,1.3172169074353377,39.51650722306013,0.0,0.0,0.0
55,54,September,23,medium,medium,8.28428957560353,248.5286872681059,0.0,0.0,0.0
