from_HexID,to_HexID,Month,TimeIndex,Distance_km,Energy_kWh_day,Energy_kWh_annual,Yarc,Trips,Tail_kWh
1,2,April,17,1.284,0.2702934422569925,8.108803267709774,1.0,-0.0,0.2702934422569925
1,2,August,17,1.284,0.2702934422569996,8.379096709966987,1.0,-0.0,0.2702934422569996
1,2,December,17,1.284,0.2702934422569996,8.379096709966987,1.0,-0.0,0.2702934422569996
1,2,February,17,1.284,0.27029344225697116,7.5682163831951925,1.0,-0.0,0.27029344225697116
1,2,January,17,1.284,0.27029344225697827,8.379096709966326,1.0,-0.0,0.27029344225697827
1,2,July,17,1.284,0.27029344225697116,8.379096709966106,1.0,-0.0,0.27029344225697116
1,2,June,17,1.284,0.2702934422569996,8.108803267709987,1.0,-0.0,0.2702934422569996
1,2,March,17,1.284,0.27029344225696406,8.379096709965886,1.0,-0.0,0.27029344225696406
1,2,May,17,1.284,0.2702934422569996,8.379096709966987,1.0,-0.0,0.2702934422569996
1,2,November,17,1.284,0.27029344225697116,8.108803267709135,1.0,-0.0,0.27029344225697116
1,2,October,17,1.284,0.2702934422569996,8.379096709966987,1.0,-0.0,0.2702934422569996
1,2,September,17,1.284,0.2702934422569996,8.108803267709987,1.0,-0.0,0.2702934422569996
1,9,April,17,1.236,3.4113217965986595,102.33965389795979,1.0,0.0,3.4113217965986595
1,9,April,20,1.236,1.858611517145686,55.75834551437058,1.0,-0.0,1.858611517145686
1,9,August,17,1.236,3.4113217965986493,105.75097569455812,1.0,0.0,3.4113217965986493
1,9,December,17,1.236,3.4113217965986493,105.75097569455812,1.0,0.0,3.4113217965986493
1,9,February,17,1.236,3.411321796598649,95.51701030476217,1.0,-0.0,3.411321796598649
1,9,January,17,1.236,3.4113217965986506,105.75097569455816,1.0,-0.0,3.4113217965986506
1,9,July,17,1.236,3.41132179659865,105.75097569455815,1.0,0.0,3.41132179659865
1,9,June,17,1.236,3.4113217965986493,102.33965389795948,1.0,0.0,3.4113217965986493
1,9,June,20,1.236,9.702370244473492,291.0711073342048,1.0,-0.0,9.702370244473492
1,9,March,17,1.236,3.4113217965986538,105.75097569455826,1.0,0.0,3.4113217965986538
1,9,May,17,1.236,3.4113217965986466,105.75097569455805,1.0,0.0,3.4113217965986466
1,9,May,19,1.236,0.9190756486001774,28.4913451066055,1.0,-0.0,0.9190756486001774
1,9,May,20,1.236,4.417813133515242,136.9522071389725,1.0,-0.0,4.417813133515242
1,9,November,17,1.236,3.4113217965986466,102.3396538979594,1.0,0.0,3.4113217965986466
1,9,October,17,1.236,3.4113217965986493,105.75097569455812,1.0,0.0,3.4113217965986493
1,9,September,17,1.236,3.4113217965986493,102.33965389795948,1.0,0.0,3.4113217965986493
2,9,April,19,1.124,3.3479488244406053,100.43846473321815,1.0,-0.0,3.3479488244406053
2,9,April,20,1.124,8.815846756639095,264.47540269917283,1.0,-0.0,8.815846756639095
2,9,April,21,1.124,1.8225303349580386,54.67591004874116,1.0,-0.0,1.8225303349580386
2,9,June,19,1.124,3.5857061577739344,107.57118473321803,1.0,-0.0,3.5857061577739344
2,9,June,20,1.124,8.815846756639095,264.47540269917283,1.0,-0.0,8.815846756639095
2,9,June,21,1.124,6.068241184153243,182.0472355245973,1.0,-0.0,6.068241184153243
2,9,May,19,1.124,7.615912059207663,236.09327383543754,1.0,-0.0,7.615912059207663
2,9,May,20,1.124,8.815846756639095,273.29124945581196,1.0,-0.0,8.815846756639095
2,9,May,21,1.124,6.068241184153243,188.11547670875055,1.0,-0.0,6.068241184153243
4,11,April,38,1.2756,0.6994932056425824,20.984796169277473,1.0,-0.0,0.6994932056425824
4,11,August,38,1.2756,0.6994932056428537,21.684289374928465,1.0,-0.0,0.6994932056428537
4,11,December,38,1.2756,0.6994932056425824,21.684289374920056,1.0,-0.0,0.6994932056425824
4,11,February,38,1.2756,0.6994932056425824,19.58580975799231,1.0,-0.0,0.6994932056425824
4,11,January,38,1.2756,0.6994932056428537,21.684289374928465,1.0,-0.0,0.6994932056428537
4,11,July,38,1.2756,0.6994932056425824,21.684289374920056,1.0,-0.0,0.6994932056425824
4,11,June,38,1.2756,0.6994932056425824,20.984796169277473,1.0,-0.0,0.6994932056425824
4,11,March,38,1.2756,0.6994932056425824,21.684289374920056,1.0,-0.0,0.6994932056425824
4,11,May,38,1.2756,0.6994932056425824,21.684289374920056,1.0,-0.0,0.6994932056425824
4,11,November,38,1.2756,0.6994932056425824,20.984796169277473,1.0,-0.0,0.6994932056425824
4,11,October,38,1.2756,0.6994932056428537,21.684289374928465,1.0,-0.0,0.6994932056428537
4,11,September,38,1.2756,0.6994932056428537,20.98479616928561,1.0,-0.0,0.6994932056428537
7,8,April,24,1.1712,1.153809322852183,34.61427968556549,1.0,-0.0,1.153809322852183
7,8,August,24,1.1712,1.153809322852183,35.768089008417675,1.0,-0.0,1.153809322852183
7,8,December,24,1.1712,1.1538093228521757,35.76808900841745,1.0,-0.0,1.1538093228521757
7,8,February,24,1.1712,1.1538093228521618,32.30666103986053,1.0,-0.0,1.1538093228521618
7,8,January,24,1.1712,1.1538093228521618,35.768089008417014,1.0,-0.0,1.1538093228521618
7,8,July,24,1.1712,1.1538093228521618,35.768089008417014,1.0,-0.0,1.1538093228521618
7,8,June,24,1.1712,1.153809322852183,34.61427968556549,1.0,-0.0,1.153809322852183
7,8,March,24,1.1712,1.1538093228521618,35.768089008417014,1.0,-0.0,1.1538093228521618
7,8,May,24,1.1712,1.153809322852183,35.768089008417675,1.0,-0.0,1.153809322852183
7,8,November,24,1.1712,1.1538093228521618,34.61427968556485,1.0,-0.0,1.1538093228521618
7,8,October,24,1.1712,1.1538093228521757,35.76808900841745,1.0,-0.0,1.1538093228521757
7,8,September,24,1.1712,1.1538093228521618,34.61427968556485,1.0,-0.0,1.1538093228521618
8,1,April,21,1.1788,6.705008401144937,201.1502520343481,1.0,-0.0,6.705008401144937
8,1,June,21,1.1788,7.998589984478272,239.95769953434817,1.0,-0.0,7.998589984478272
8,1,May,21,1.1788,8.760569597540112,271.5776575237435,1.0,-0.0,8.760569597540112
9,1,June,23,1.236,7.668366749038437,230.0510024711531,1.0,-0.0,7.668366749038437
9,1,June,29,1.236,1.9194504850370855,57.583514551112565,1.0,-0.0,1.9194504850370855
10,9,April,34,1.4594,8.033498168468917,241.0049450540675,1.0,-0.0,8.033498168468917
10,9,August,34,1.4594,5.620918173845261,174.2484633892031,1.0,-0.0,5.620918173845261
10,9,January,34,1.4594,7.158180835135678,221.903605889206,1.0,-0.0,7.158180835135678
10,9,July,34,1.4594,9.455763194440308,293.1286590276496,1.0,-0.0,9.455763194440308
10,9,June,34,1.4594,9.455763194440323,283.6728958332097,1.0,-0.0,9.455763194440323
10,9,March,34,1.4594,9.455763194440312,293.1286590276497,1.0,-0.0,9.455763194440312
10,9,May,20,1.4594,3.0819894799584944,95.54167387871333,1.0,-0.0,3.0819894799584944
10,9,May,34,1.4594,9.455763194440308,293.1286590276496,1.0,-0.0,9.455763194440308
10,9,November,34,1.4594,9.455763194440308,283.6728958332093,1.0,-0.0,9.455763194440308
10,9,September,34,1.4594,0.9127044184689179,27.381132554067538,1.0,-0.0,0.9127044184689179
10,11,April,34,1.1045,1.42226502597142,42.6679507791426,1.0,-0.0,1.42226502597142
10,11,August,34,1.1045,3.8348450205950755,118.88019563844733,1.0,-0.0,3.8348450205950755
10,11,December,34,1.1045,9.455763194440323,293.12865902765,1.0,-0.0,9.455763194440323
10,11,February,34,1.1045,9.455763194440323,264.76136944432903,1.0,-0.0,9.455763194440323
10,11,January,34,1.1045,2.297582359304645,71.225053138444,1.0,-0.0,2.297582359304645
10,11,October,34,1.1045,9.455763194440323,293.12865902765,1.0,-0.0,9.455763194440323
10,11,September,34,1.1045,8.543058775971405,256.2917632791421,1.0,-0.0,8.543058775971405
11,4,April,18,1.2756,0.7301340393127376,21.904021179382127,1.0,-0.0,0.7301340393127376
11,4,April,26,1.2756,5.867072320079516,176.01216960238548,1.0,-0.0,5.867072320079516
11,4,April,27,1.2756,23.182711649912324,695.4813494973697,1.0,1.0,3.182711649912323
11,4,April,33,1.2756,11.878964693614108,356.36894080842325,1.0,-0.0,11.878964693614108
11,4,August,27,1.2756,2.147823399912454,66.58252539728608,1.0,-0.0,2.147823399912454
11,4,August,33,1.2756,11.878964693614108,368.2479055020374,1.0,-0.0,11.878964693614108
11,4,December,27,1.2756,2.147823399912454,66.58252539728608,1.0,-0.0,2.147823399912454
11,4,December,33,1.2756,11.878964693614122,368.2479055020378,1.0,-0.0,11.878964693614122
11,4,February,27,1.2756,2.147823399912454,60.139055197548714,1.0,-0.0,2.147823399912454
11,4,February,33,1.2756,11.878964693614108,332.61101142119503,1.0,-0.0,11.878964693614108
11,4,January,27,1.2756,2.147823399912454,66.58252539728608,1.0,-0.0,2.147823399912454
11,4,January,33,1.2756,11.878964693614122,368.2479055020378,1.0,-0.0,11.878964693614122
11,4,July,27,1.2756,2.147823399912454,66.58252539728608,1.0,-0.0,2.147823399912454
11,4,July,33,1.2756,11.878964693614108,368.2479055020374,1.0,-0.0,11.878964693614108
11,4,June,17,1.2756,18.23659003966116,547.0977011898348,1.0,-0.0,18.23659003966116
11,4,June,18,1.2756,12.357640229604936,370.7292068881481,1.0,-0.0,12.357640229604936
11,4,June,19,1.2756,1.4968896726646221,44.906690179938664,1.0,-0.0,1.4968896726646221
11,4,June,26,1.2756,1.8408758532045244,55.226275596135736,1.0,-0.0,1.8408758532045244
11,4,June,27,1.2756,21.088360649912467,632.650819497374,1.0,1.0,1.0883606499124667
11,4,June,33,1.2756,11.878964693614122,356.36894080842364,1.0,-0.0,11.878964693614122
11,4,March,27,1.2756,2.147823399912454,66.58252539728608,1.0,-0.0,2.147823399912454
11,4,March,33,1.2756,11.878964693614122,368.2479055020378,1.0,-0.0,11.878964693614122
11,4,May,15,1.2756,0.1,3.1,1.0,-0.0,0.1
11,4,May,16,1.2756,27.600378820963,855.6117434498531,1.0,1.0,7.600378820963002
11,4,May,17,1.2756,21.15656398694003,655.8534835951409,1.0,1.0,1.1565639869400282
11,4,May,18,1.2756,16.334327657024353,506.36415736775496,1.0,-0.0,16.334327657024353
11,4,May,19,1.2756,16.88800345035122,523.5281069608878,1.0,-0.0,16.88800345035122
11,4,May,27,1.2756,2.147823399912454,66.58252539728608,1.0,-0.0,2.147823399912454
11,4,May,33,1.2756,11.878964693614108,368.2479055020374,1.0,-0.0,11.878964693614108
11,4,November,27,1.2756,2.147823399912454,64.43470199737362,1.0,-0.0,2.147823399912454
11,4,November,33,1.2756,11.878964693614122,356.36894080842364,1.0,-0.0,11.878964693614122
11,4,October,27,1.2756,2.147823399912454,66.58252539728608,1.0,-0.0,2.147823399912454
11,4,October,33,1.2756,11.878964693614122,368.2479055020378,1.0,-0.0,11.878964693614122
11,4,September,17,1.2756,1.3972280105336985,41.916840316010955,1.0,-0.0,1.3972280105336985
11,4,September,27,1.2756,2.147823399912454,64.43470199737362,1.0,-0.0,2.147823399912454
11,4,September,33,1.2756,11.878964693614108,356.36894080842325,1.0,-0.0,11.878964693614108
11,10,April,21,1.1045,4.518507219573369,135.55521658720107,1.0,-0.0,4.518507219573369
11,10,April,32,1.1045,11.02209827133598,330.6629481400794,1.0,-0.0,11.02209827133598
11,10,April,33,1.1045,12.023109517447963,360.69328552343893,1.0,-0.0,12.023109517447963
11,10,August,33,1.1045,12.023109517447963,372.7163950408869,1.0,-0.0,12.023109517447963
11,10,December,33,1.1045,12.023109517447935,372.71639504088597,1.0,-0.0,12.023109517447935
11,10,February,33,1.1045,12.023109517447963,336.647066488543,1.0,-0.0,12.023109517447963
11,10,January,33,1.1045,12.023109517447935,372.71639504088597,1.0,-0.0,12.023109517447935
11,10,July,33,1.1045,12.023109517447963,372.7163950408869,1.0,-0.0,12.023109517447963
11,10,June,21,1.1045,4.206648161476835,126.19944484430505,1.0,-0.0,4.206648161476835
11,10,June,32,1.1045,34.29879454957666,1028.9638364873,1.0,1.0,14.298794549576579
11,10,June,33,1.1045,12.023109517447935,360.693285523438,1.0,-0.0,12.023109517447935
11,10,March,33,1.1045,12.023109517447935,372.71639504088597,1.0,-0.0,12.023109517447935
11,10,May,32,1.1045,11.02209827133598,341.6850464114153,1.0,-0.0,11.02209827133598
11,10,May,33,1.1045,12.023109517447963,372.7163950408869,1.0,-0.0,12.023109517447963
11,10,November,33,1.1045,12.023109517447935,360.693285523438,1.0,-0.0,12.023109517447935
11,10,October,33,1.1045,12.023109517447935,372.71639504088597,1.0,-0.0,12.023109517447935
11,10,September,33,1.1045,12.023109517447963,360.69328552343893,1.0,-0.0,12.023109517447963
12,19,December,23,1.113,1.20798,37.44738,1.0,0.0,1.20798
12,19,June,22,1.113,1.0947899348279453,32.84369804483836,1.0,0.0,1.0947899348279453
12,19,June,23,1.113,0.7207799348279469,21.623398044838407,1.0,0.0,0.7207799348279469
13,21,April,16,1.0012,1.3379891547824112,40.13967464347233,1.0,-0.0,1.3379891547824112
13,21,August,16,1.0012,1.3379891547824112,41.477663798254746,1.0,-0.0,1.3379891547824112
13,21,December,16,1.0012,1.3379891547824112,41.477663798254746,1.0,-0.0,1.3379891547824112
13,21,February,16,1.0012,1.3379891547824112,37.463696333907514,1.0,-0.0,1.3379891547824112
13,21,January,16,1.0012,1.3379891547824112,41.477663798254746,1.0,-0.0,1.3379891547824112
13,21,July,16,1.0012,1.3379891547824112,41.477663798254746,1.0,-0.0,1.3379891547824112
13,21,June,16,1.0012,1.3379891547824112,40.13967464347233,1.0,-0.0,1.3379891547824112
13,21,March,16,1.0012,1.3379891547824112,41.477663798254746,1.0,-0.0,1.3379891547824112
13,21,May,16,1.0012,1.3379891547824112,41.477663798254746,1.0,-0.0,1.3379891547824112
13,21,November,16,1.0012,1.337989154782413,40.13967464347239,1.0,-0.0,1.337989154782413
13,21,October,16,1.0012,1.3379891547824112,41.477663798254746,1.0,-0.0,1.3379891547824112
13,21,September,16,1.0012,1.3379891547824112,40.13967464347233,1.0,-0.0,1.3379891547824112
14,13,April,19,1.1531,10.89831321468876,326.9493964406628,1.0,0.0,10.89831321468876
14,13,April,26,1.1531,2.744034106816663,82.3210232044999,1.0,0.0,2.744034106816661
14,13,April,28,1.1531,12.905228764308674,387.1568629292602,1.0,-0.0,12.905228764308674
14,13,April,29,1.1531,18.723209420058925,561.6962826017677,1.0,-0.0,18.723209420058925
14,13,April,30,1.1531,10.988322336499731,329.64967009499196,1.0,-0.0,10.988322336499731
14,13,April,33,1.1531,9.722578666666664,291.6773599999999,1.0,-0.0,9.722578666666664
14,13,April,34,1.1531,9.722578666666664,291.6773599999999,1.0,-0.0,9.722578666666664
14,13,April,35,1.1531,23.784007173279633,713.520215198389,1.0,1.0,3.784007173279633
14,13,April,36,1.1531,15.095364459885062,452.8609337965519,1.0,-0.0,15.095364459885062
14,13,August,26,1.1531,2.744034106816663,85.06505731131656,1.0,-0.0,2.744034106816663
14,13,August,29,1.1531,8.511186973822367,263.8467961884934,1.0,-0.0,8.511186973822367
14,13,August,30,1.1531,0.7762998902631715,24.065296598158316,1.0,-0.0,0.7762998902631715
14,13,August,33,1.1531,7.911310403225805,245.25062249999996,1.0,-0.0,7.911310403225805
14,13,August,34,1.1531,4.153958118647845,128.7727016780832,1.0,-0.0,4.153958118647845
14,13,August,35,1.1531,23.784007173279633,737.3042223716686,1.0,1.0,3.784007173279633
14,13,August,36,1.1531,15.095364459885062,467.9562982564369,1.0,-0.0,15.095364459885062
14,13,December,35,1.1531,23.784007173279633,737.3042223716686,1.0,1.0,3.784007173279633
14,13,December,36,1.1531,15.095364459885062,467.9562982564369,1.0,-0.0,15.095364459885062
14,13,February,35,1.1531,23.784007173279633,665.9522008518297,1.0,1.0,3.784007173279633
14,13,February,36,1.1531,15.095364459885062,422.6702048767817,1.0,-0.0,15.095364459885062
14,13,January,35,1.1531,23.784007173279633,737.3042223716686,1.0,1.0,3.784007173279633
14,13,January,36,1.1531,15.095364459885062,467.9562982564369,1.0,-0.0,15.095364459885062
14,13,July,19,1.1531,2.5898905533984404,80.28660715535165,1.0,0.0,2.5898905533984404
14,13,July,26,1.1531,2.744034106816663,85.06505731131656,1.0,-0.0,2.744034106816663
14,13,July,29,1.1531,11.669121812532042,361.7427761884933,1.0,0.0,11.669121812532042
14,13,July,30,1.1531,3.9342347289728465,121.96127659815824,1.0,-0.0,3.9342347289728465
14,13,July,33,1.1531,8.91344268995513,276.31672338860903,1.0,-0.0,8.91344268995513
14,13,July,34,1.1531,9.963740967741932,308.8759699999999,1.0,-0.0,9.963740967741932
14,13,July,35,1.1531,23.784007173279633,737.3042223716686,1.0,1.0,3.784007173279633
14,13,July,36,1.1531,15.095364459885062,467.9562982564369,1.0,-0.0,15.095364459885062
14,13,June,19,1.1531,11.076811881355432,332.30435644066296,1.0,0.0,11.076811881355432
14,13,June,26,1.1531,2.744034106816663,82.3210232044999,1.0,-0.0,2.744034106816663
14,13,June,28,1.1531,13.78848176430867,413.6544529292601,1.0,-0.0,13.78848176430867
14,13,June,29,1.1531,20.524971503392255,615.7491451017677,1.0,1.0,0.5249715033922548
14,13,June,30,1.1531,12.790084419833061,383.70253259499185,1.0,-0.0,12.790084419833061
14,13,June,33,1.1531,15.686023166666663,470.5806949999999,1.0,-0.0,15.686023166666663
14,13,June,34,1.1531,15.686023166666663,470.5806949999999,1.0,-0.0,15.686023166666663
14,13,June,35,1.1531,23.784007173279633,713.520215198389,1.0,1.0,3.784007173279633
14,13,June,36,1.1531,15.095364459885062,452.8609337965519,1.0,-0.0,15.095364459885062
14,13,March,26,1.1531,2.744034106816663,85.06505731131656,1.0,-0.0,2.744034106816663
14,13,March,29,1.1531,4.045048506080429,125.39650368849328,1.0,-0.0,4.045048506080429
14,13,March,33,1.1531,0.1,3.1,1.0,-0.0,0.1
14,13,March,34,1.1531,1.0675191871220762,33.093094800784364,1.0,-0.0,1.0675191871220762
14,13,March,35,1.1531,23.784007173279633,737.3042223716686,1.0,1.0,3.784007173279633
14,13,March,36,1.1531,15.095364459885062,467.9562982564369,1.0,-0.0,15.095364459885062
14,13,May,18,1.1531,0.8227868586835498,25.506392619190045,1.0,0.0,0.8227868586835498
14,13,May,19,1.1531,15.916597008464734,493.41450726240674,1.0,-0.0,15.916597008464734
14,13,May,21,1.1531,11.267105938812183,349.2802841031777,1.0,-0.0,11.267105938812183
14,13,May,26,1.1531,2.744034106816663,85.06505731131656,1.0,-0.0,2.744034106816663
14,13,May,28,1.1531,14.369533774891416,445.4555470216339,1.0,-0.0,14.369533774891416
14,13,May,29,1.1531,15.661333586725595,485.5013411884934,1.0,-0.0,15.661333586725595
14,13,May,30,1.1531,7.9264465031663995,245.71984159815838,1.0,-0.0,7.9264465031663995
14,13,May,33,1.1531,14.562223629032255,451.4289324999999,1.0,0.0,14.562223629032255
14,13,May,34,1.1531,14.562223629032255,451.4289324999999,1.0,0.0,14.562223629032255
14,13,May,35,1.1531,23.784007173279633,737.3042223716686,1.0,1.0,3.784007173279633
14,13,May,36,1.1531,15.095364459885062,467.9562982564369,1.0,-0.0,15.095364459885062
14,13,May,37,1.1531,1.1298258064516127,35.02459999999999,1.0,-0.0,1.1298258064516127
14,13,November,35,1.1531,23.784007173279633,713.520215198389,1.0,1.0,3.784007173279633
14,13,November,36,1.1531,15.095364459885062,452.8609337965519,1.0,-0.0,15.095364459885062
14,13,October,35,1.1531,23.784007173279633,737.3042223716686,1.0,1.0,3.784007173279633
14,13,October,36,1.1531,15.095364459885062,467.9562982564369,1.0,-0.0,15.095364459885062
14,13,September,19,1.1531,5.515460714688768,165.46382144066303,1.0,0.0,5.515460714688768
14,13,September,26,1.1531,2.744034106816663,82.3210232044999,1.0,-0.0,2.744034106816663
14,13,September,29,1.1531,7.799387420058922,233.98162260176767,1.0,-0.0,7.799387420058922
14,13,September,30,1.1531,0.1,3.0,1.0,-0.0,0.1
14,13,September,35,1.1531,23.784007173279633,713.520215198389,1.0,1.0,3.784007173279633
14,13,September,36,1.1531,15.095364459885062,452.8609337965519,1.0,-0.0,15.095364459885062
14,21,April,29,1.2286,5.095305618741513,152.85916856224537,1.0,-0.0,5.095305618741513
14,21,June,29,1.2286,6.765765202074846,202.97295606224537,1.0,-0.0,6.765765202074846
14,21,May,29,1.2286,4.078424785408238,126.43116834765539,1.0,-0.0,4.078424785408238
15,7,April,16,1.0885,6.481363411250886,194.44090233752658,1.0,-0.0,6.481363411250886
15,7,April,17,1.0885,31.508617657404173,945.2585297221252,1.0,1.0,11.508617657404173
15,7,April,18,1.0885,33.0,990.0,1.0,1.0,13.0
15,7,April,19,1.0885,33.0,990.0,1.0,1.0,13.0
15,7,April,20,1.0885,6.645862499999884,199.37587499999654,1.0,-0.0,6.645862499999884
15,7,April,26,1.0885,3.943803543723556,118.31410631170668,1.0,-0.0,3.943803543723556
15,7,April,27,1.0885,8.829855433612803,264.8956630083841,1.0,-0.0,8.829855433612803
15,7,April,28,1.0885,8.58837541666655,257.6512624999965,1.0,-0.0,8.58837541666655
15,7,April,29,1.0885,5.565245833333217,166.9573749999965,1.0,-0.0,5.565245833333217
15,7,April,30,1.0885,10.060607921647703,301.81823764943107,1.0,-0.0,10.060607921647703
15,7,April,31,1.0885,9.212228333333334,276.36685,1.0,-0.0,9.212228333333334
15,7,April,32,1.0885,9.212228333333334,276.36685,1.0,-0.0,9.212228333333334
15,7,April,33,1.0885,8.385808105049506,251.57424315148518,1.0,-0.0,8.385808105049506
15,7,April,34,1.0885,0.2506939925582605,7.520819776747816,1.0,-0.0,0.2506939925582605
15,7,April,35,1.0885,1.0124408333333335,30.373225000000005,1.0,-0.0,1.0124408333333335
15,7,April,36,1.0885,1.0124408333333335,30.373225000000005,1.0,-0.0,1.0124408333333335
15,7,April,37,1.0885,5.833158875671928,174.99476627015784,1.0,-0.0,5.833158875671928
15,7,April,38,1.0885,7.521859583333449,225.65578750000347,1.0,-0.0,7.521859583333449
15,7,August,16,1.0885,6.481363411250836,200.9222657487759,1.0,-0.0,6.481363411250836
15,7,August,17,1.0885,31.508617657404173,976.7671473795293,1.0,1.0,11.508617657404173
15,7,August,18,1.0885,33.0,1023.0,1.0,1.0,13.0
15,7,August,19,1.0885,33.0,1023.0,1.0,1.0,13.0
15,7,August,20,1.0885,0.9557181451612209,29.627262499997848,1.0,-0.0,0.9557181451612209
15,7,August,23,1.0885,4.132427433800395,128.10525044781224,1.0,0.0,4.132427433800395
15,7,August,27,1.0885,9.511501612903224,294.85654999999997,1.0,-0.0,9.511501612903224
15,7,August,28,1.0885,9.511501612903224,294.85654999999997,1.0,-0.0,9.511501612903224
15,7,August,29,1.0885,0.8106604838708913,25.13047499999763,1.0,-0.0,0.8106604838708913
15,7,August,30,1.0885,0.8106604838708913,25.13047499999763,1.0,-0.0,0.8106604838708913
15,7,August,31,1.0885,3.1405687181637307,97.35763026307565,1.0,-0.0,3.1405687181637307
15,7,August,32,1.0885,0.1,3.1,1.0,-0.0,0.1
15,7,August,33,1.0885,8.385808105049506,259.9600512565347,1.0,-0.0,8.385808105049506
15,7,August,34,1.0885,1.0395160602167954,32.224997866720656,1.0,-0.0,1.0395160602167954
15,7,August,35,1.0885,1.399132661290323,43.37311250000001,1.0,-0.0,1.399132661290323
15,7,August,36,1.0885,1.3991326612903228,43.373112500000005,1.0,-0.0,1.3991326612903228
15,7,December,16,1.0885,6.481363411250829,200.9222657487757,1.0,-0.0,6.481363411250829
15,7,December,17,1.0885,31.508617657404173,976.7671473795293,1.0,1.0,11.508617657404173
15,7,December,18,1.0885,33.0,1023.0,1.0,1.0,13.0
15,7,December,19,1.0885,33.0,1023.0,1.0,1.0,13.0
15,7,December,23,1.0885,4.132427433800395,128.10525044781224,1.0,0.0,4.132427433800395
15,7,December,27,1.0885,7.523338611870216,233.2234969679767,1.0,-0.0,7.523338611870216
15,7,December,28,1.0885,7.996436940161956,247.88954514502063,1.0,-0.0,7.996436940161956
15,7,February,16,1.0885,6.481363411250879,181.4781755150246,1.0,-0.0,6.481363411250879
15,7,February,17,1.0885,31.508617657404173,882.2412944073169,1.0,1.0,11.508617657404173
15,7,February,18,1.0885,33.0,924.0,1.0,1.0,13.0
15,7,February,19,1.0885,33.0,924.0,1.0,1.0,13.0
15,7,February,23,1.0885,4.132427433800398,115.70796814641115,1.0,0.0,4.132427433800398
15,7,February,27,1.0885,7.523338611870258,210.65348113236723,1.0,-0.0,7.523338611870258
15,7,February,28,1.0885,7.996436940161999,223.90023432453597,1.0,-0.0,7.996436940161999
15,7,February,33,1.0885,6.422983193906023,179.84352942936866,1.0,-0.0,6.422983193906023
15,7,January,16,1.0885,6.4813634112508165,200.92226574877532,1.0,-0.0,6.4813634112508165
15,7,January,17,1.0885,31.508617657404173,976.7671473795293,1.0,1.0,11.508617657404173
15,7,January,18,1.0885,33.0,1023.0,1.0,1.0,13.0
15,7,January,19,1.0885,33.0,1023.0,1.0,1.0,13.0
15,7,January,23,1.0885,4.132427433800395,128.10525044781224,1.0,0.0,4.132427433800395
15,7,January,27,1.0885,7.523338611870258,233.223496967978,1.0,-0.0,7.523338611870258
15,7,January,28,1.0885,7.996436940161999,247.88954514502197,1.0,-0.0,7.996436940161999
15,7,July,16,1.0885,6.481363411250886,200.92226574877745,1.0,-0.0,6.481363411250886
15,7,July,17,1.0885,31.508617657404173,976.7671473795293,1.0,1.0,11.508617657404173
15,7,July,18,1.0885,33.0,1023.0,1.0,1.0,13.0
15,7,July,19,1.0885,33.0,1023.0,1.0,1.0,13.0
15,7,July,20,1.0885,2.7775685483869808,86.1046249999964,1.0,-0.0,2.7775685483869808
15,7,July,23,1.0885,0.9771380789617963,30.291280447815684,1.0,-0.0,0.9771380789617963
15,7,July,27,1.0885,11.213789112903225,347.6274625,1.0,-0.0,11.213789112903225
15,7,July,28,1.0885,11.213789112903227,347.62746250000004,1.0,-0.0,11.213789112903227
15,7,July,33,1.0885,8.385808105049506,259.9600512565347,1.0,-0.0,8.385808105049506
15,7,July,35,1.0885,2.369102016129033,73.44216250000002,1.0,-0.0,2.369102016129033
15,7,July,36,1.0885,2.369102016129033,73.44216250000002,1.0,-0.0,2.369102016129033
15,7,July,37,1.0885,0.7467951612903228,23.150650000000006,1.0,-0.0,0.7467951612903228
15,7,July,38,1.0885,7.592306331192121,235.36149626695573,1.0,-0.0,7.592306331192121
15,7,June,16,1.0885,6.481363411250886,194.44090233752658,1.0,-0.0,6.481363411250886
15,7,June,17,1.0885,31.508617657404173,945.2585297221252,1.0,1.0,11.508617657404173
15,7,June,18,1.0885,33.0,990.0,1.0,1.0,13.0
15,7,June,19,1.0885,33.0,990.0,1.0,1.0,13.0
15,7,June,20,1.0885,6.728969166666554,201.8690749999966,1.0,-0.0,6.728969166666554
15,7,June,26,1.0885,4.006171877056891,120.18515631170673,1.0,-0.0,4.006171877056891
15,7,June,27,1.0885,16.53193041666667,495.9579125,1.0,-0.0,16.53193041666667
15,7,June,28,1.0885,16.53193041666667,495.9579125,1.0,-0.0,16.53193041666667
15,7,June,29,1.0885,13.90412291666667,417.12368750000013,1.0,-0.0,13.90412291666667
15,7,June,30,1.0885,13.90412291666667,417.12368750000013,1.0,-0.0,13.90412291666667
15,7,June,31,1.0885,11.169672083333335,335.0901625000001,1.0,-0.0,11.169672083333335
15,7,June,32,1.0885,10.624138371975807,318.7241511592742,1.0,-0.0,10.624138371975807
15,7,June,33,1.0885,7.795553341166837,233.8666002350051,1.0,-0.0,7.795553341166837
15,7,June,35,1.0885,1.9681330223766533,59.043990671299596,1.0,-0.0,1.9681330223766533
15,7,June,36,1.0885,0.1,3.0,1.0,-0.0,0.1
15,7,June,37,1.0885,0.8100312500000003,24.30093750000001,1.0,-0.0,0.8100312500000003
15,7,June,38,1.0885,0.8100312500000003,24.30093750000001,1.0,-0.0,0.8100312500000003
15,7,March,15,1.0885,1.1148107827090885,34.55913426398175,1.0,-0.0,1.1148107827090885
15,7,March,16,1.0885,6.481363411250886,200.92226574877745,1.0,-0.0,6.481363411250886
15,7,March,17,1.0885,31.508617657404173,976.7671473795293,1.0,1.0,11.508617657404173
15,7,March,18,1.0885,33.0,1023.0,1.0,1.0,13.0
15,7,March,19,1.0885,33.0,1023.0,1.0,1.0,13.0
15,7,March,20,1.0885,0.249377016128987,7.730687499998597,1.0,-0.0,0.249377016128987
15,7,March,23,1.0885,4.132427433800395,128.10525044781224,1.0,-0.0,4.132427433800395
15,7,March,27,1.0885,7.523338611870258,233.223496967978,1.0,-0.0,7.523338611870258
15,7,March,28,1.0885,7.996436940161999,247.88954514502197,1.0,-0.0,7.996436940161999
15,7,March,33,1.0885,8.385808105049506,259.9600512565347,1.0,-0.0,8.385808105049506
15,7,March,34,1.0885,1.099975,34.099225,1.0,-0.0,1.099975
15,7,March,38,1.0885,0.23831500967498737,7.387765299924609,1.0,-0.0,0.23831500967498737
15,7,May,15,1.0885,7.5303918310961855,233.44214676398175,1.0,-0.0,7.5303918310961855
15,7,May,16,1.0885,6.481363411250886,200.92226574877745,1.0,-0.0,6.481363411250886
15,7,May,17,1.0885,31.508617657404173,976.7671473795293,1.0,1.0,11.508617657404173
15,7,May,18,1.0885,33.0,1023.0,1.0,1.0,13.0
15,7,May,19,1.0885,33.0,1023.0,1.0,1.0,13.0
15,7,May,20,1.0885,10.461942741935369,324.3202249999964,1.0,-0.0,10.461942741935369
15,7,May,25,1.0885,2.561106952090636,79.39431551480972,1.0,-0.0,2.561106952090636
15,7,May,26,1.0885,6.740408785659044,208.95267235543037,1.0,-0.0,6.740408785659044
15,7,May,27,1.0885,11.298317338709557,350.24783749999625,1.0,-0.0,11.298317338709557
15,7,May,28,1.0885,16.035159443970294,497.0899427630791,1.0,-0.0,16.035159443970294
15,7,May,29,1.0885,8.216317338709562,254.70583749999642,1.0,-0.0,8.216317338709562
15,7,May,30,1.0885,8.216317338709562,254.70583749999642,1.0,-0.0,8.216317338709562
15,7,May,31,1.0885,11.366646370967741,352.3660375,1.0,0.0,11.366646370967736
15,7,May,32,1.0885,11.36664637096774,352.36603749999995,1.0,-0.0,11.36664637096774
15,7,May,33,1.0885,8.385808105049506,259.9600512565347,1.0,-0.0,8.385808105049506
15,7,May,34,1.0885,5.000674690366022,155.02091540134668,1.0,-0.0,5.000674690366022
15,7,May,35,1.0885,5.717078512441925,177.22943388569968,1.0,-0.0,5.717078512441925
15,7,May,36,1.0885,2.2048931451612908,68.35168750000001,1.0,-0.0,2.2048931451612908
15,7,May,37,1.0885,8.026032258064632,248.8070000000036,1.0,-0.0,8.026032258064632
15,7,May,38,1.0885,8.026032258064632,248.8070000000036,1.0,-0.0,8.026032258064632
15,7,November,16,1.0885,6.481363411250886,194.44090233752658,1.0,-0.0,6.481363411250886
15,7,November,17,1.0885,31.508617657404173,945.2585297221252,1.0,1.0,11.508617657404173
15,7,November,18,1.0885,33.0,990.0,1.0,1.0,13.0
15,7,November,19,1.0885,33.0,990.0,1.0,1.0,13.0
15,7,November,23,1.0885,4.132427433800391,123.97282301401174,1.0,0.0,4.132427433800391
15,7,November,27,1.0885,7.523338611870258,225.70015835610775,1.0,-0.0,7.523338611870258
15,7,November,28,1.0885,7.996436940161999,239.89310820485997,1.0,-0.0,7.996436940161999
15,7,October,16,1.0885,6.481363411250829,200.9222657487757,1.0,-0.0,6.481363411250829
15,7,October,17,1.0885,31.508617657404173,976.7671473795293,1.0,1.0,11.508617657404173
15,7,October,18,1.0885,33.0,1023.0,1.0,1.0,13.0
15,7,October,19,1.0885,33.0,1023.0,1.0,1.0,13.0
15,7,October,23,1.0885,4.132427433800395,128.10525044781224,1.0,0.0,4.132427433800395
15,7,October,27,1.0885,7.523338611870258,233.223496967978,1.0,-0.0,7.523338611870258
15,7,October,28,1.0885,7.996436940161999,247.88954514502197,1.0,-0.0,7.996436940161999
15,7,September,15,1.0885,1.4119108095908088,42.35732428772427,1.0,-0.0,1.4119108095908088
15,7,September,16,1.0885,6.481363411250886,194.44090233752658,1.0,-0.0,6.481363411250886
15,7,September,17,1.0885,31.508617657404173,945.2585297221252,1.0,1.0,11.508617657404173
15,7,September,18,1.0885,33.0,990.0,1.0,1.0,13.0
15,7,September,19,1.0885,33.0,990.0,1.0,1.0,13.0
15,7,September,23,1.0885,4.132427433800391,123.97282301401174,1.0,0.0,4.132427433800391
15,7,September,27,1.0885,9.272239166666667,278.167175,1.0,-0.0,9.272239166666667
15,7,September,28,1.0885,9.272239166666667,278.167175,1.0,-0.0,9.272239166666667
15,7,September,29,1.0885,0.47925583333329413,14.377674999998824,1.0,-0.0,0.47925583333329413
15,7,September,30,1.0885,0.4792558333333705,14.377675000001116,1.0,-0.0,0.4792558333333705
15,7,September,33,1.0885,3.895724532020249,116.87173596060748,1.0,-0.0,3.895724532020249
15,8,April,16,1.082,13.976217278848974,419.28651836546925,1.0,-0.0,13.976217278848974
15,8,April,22,1.082,10.352883555754573,310.5865066726372,1.0,-0.0,10.352883555754573
15,8,April,23,1.082,17.09821248947413,512.9463746842239,1.0,-0.0,17.09821248947413
15,8,April,24,1.082,27.378877541141954,821.3663262342586,1.0,1.0,7.378877541141954
15,8,April,25,1.082,25.0,750.0,1.0,1.0,5.0
15,8,April,26,1.082,25.0,750.0,1.0,1.0,5.0
15,8,April,27,1.082,23.693483178257456,710.8044953477237,1.0,1.0,3.69348317825742
15,8,April,28,1.082,24.408061523495448,732.2418457048634,1.0,1.0,4.408061523495203
15,8,April,29,1.082,19.99999900000011,599.9999700000033,1.0,-0.0,19.999999000000003
15,8,April,30,1.082,17.83633916666655,535.0901749999965,1.0,-0.0,17.83633916666655
15,8,April,31,1.082,9.057599259040703,271.7279777712211,1.0,-0.0,9.057599259040703
15,8,April,32,1.082,1.061684597214482,31.850537916434458,1.0,-0.0,1.061684597214482
15,8,April,34,1.082,3.8820498798606806,116.46149639582042,1.0,-0.0,3.8820498798606806
15,8,April,35,1.082,1.5758861666666668,47.276585000000004,1.0,-0.0,1.5758861666666668
15,8,April,36,1.082,1.5758861666666668,47.276585000000004,1.0,-0.0,1.5758861666666668
15,8,April,37,1.082,2.5340249166667808,76.02074750000342,1.0,-0.0,2.5340249166667808
15,8,April,38,1.082,0.5914872571851082,17.744617715553247,1.0,-0.0,0.5914872571851082
15,8,August,16,1.082,13.976217278848976,433.26273564431824,1.0,-0.0,13.976217278848976
15,8,August,23,1.082,17.661586407103822,547.5091786202184,1.0,-0.0,17.661586407103822
15,8,August,24,1.082,23.846190677147817,739.2319109915824,1.0,1.0,3.846190677147817
15,8,August,25,1.082,12.065114516128915,374.01854999999637,1.0,-0.0,12.065114516128915
15,8,August,26,1.082,12.065114516128915,374.01854999999637,1.0,-0.0,12.065114516128915
15,8,August,27,1.082,23.011836998967034,713.366946967978,1.0,1.0,3.0118369989669063
15,8,August,28,1.082,23.484935327258775,728.032995145022,1.0,1.0,3.484935327258775
15,8,August,29,1.082,10.435723709677307,323.5074349999965,1.0,-0.0,10.435723709677307
15,8,August,30,1.082,10.435723709677307,323.5074349999965,1.0,-0.0,10.435723709677307
15,8,August,31,1.082,2.7279876085029553,84.56761586359161,1.0,-0.0,2.7279876085029553
15,8,August,34,1.082,2.569430369107994,79.65234144234782,1.0,-0.0,2.569430369107994
15,8,August,36,1.082,0.7630242279483621,23.653751066399224,1.0,-0.0,0.7630242279483621
15,8,December,16,1.082,13.976217278848983,433.26273564431847,1.0,-0.0,13.976217278848983
15,8,December,23,1.082,17.661586407103822,547.5091786202184,1.0,-0.0,17.661586407103822
15,8,December,24,1.082,23.846190677147817,739.2319109915824,1.0,1.0,3.846190677147817
15,8,December,25,1.082,0.7428448387091846,23.028189999984722,1.0,-0.0,0.7428448387091846
15,8,December,26,1.082,10.17217941954732,315.3375620059669,1.0,-0.0,10.17217941954732
15,8,December,27,1.082,25.0,775.0,1.0,1.0,5.0
15,8,December,28,1.082,25.0,775.0,1.0,1.0,5.0
15,8,December,33,1.082,8.385808105049506,259.9600512565347,1.0,-0.0,8.385808105049506
15,8,February,16,1.082,13.976217278848976,391.3340838077713,1.0,-0.0,13.976217278848976
15,8,February,23,1.082,17.661586407103822,494.524419398907,1.0,-0.0,17.661586407103822
15,8,February,24,1.082,23.84619067714784,667.6933389601395,1.0,1.0,3.8461906771478382
15,8,February,25,1.082,7.800347232142743,218.4097224999968,1.0,-0.0,7.800347232142743
15,8,February,26,1.082,10.17217941954732,284.82102374732494,1.0,-0.0,10.17217941954732
15,8,February,27,1.082,25.0,700.0,1.0,1.0,5.0
15,8,February,28,1.082,25.0,700.0,1.0,1.0,5.0
15,8,February,29,1.082,6.436750803571314,180.2290224999968,1.0,-0.0,6.436750803571314
15,8,February,30,1.082,6.436750803571314,180.2290224999968,1.0,-0.0,6.436750803571314
15,8,February,33,1.082,1.9628249111435112,54.95909751201832,1.0,-0.0,1.9628249111435112
15,8,January,16,1.082,13.976217278848983,433.26273564431847,1.0,-0.0,13.976217278848983
15,8,January,23,1.082,17.661586407103822,547.5091786202184,1.0,-0.0,17.661586407103822
15,8,January,24,1.082,23.84619067714784,739.2319109915829,1.0,1.0,3.8461906771478382
15,8,January,25,1.082,3.555281290322467,110.21371999999647,1.0,-0.0,3.555281290322467
15,8,January,26,1.082,10.17217941954732,315.3375620059669,1.0,-0.0,10.17217941954732
15,8,January,27,1.082,25.0,775.0,1.0,1.0,5.0
15,8,January,28,1.082,25.0,775.0,1.0,1.0,5.0
15,8,January,33,1.082,8.385808105049534,259.96005125653556,1.0,-0.0,8.385808105049534
15,8,July,16,1.082,13.976217278848974,433.2627356443182,1.0,-0.0,13.976217278848974
15,8,July,22,1.082,0.6458200288727429,20.020420895055032,1.0,-0.0,0.6458200288727429
15,8,July,23,1.082,17.661586407103822,547.5091786202184,1.0,-0.0,17.661586407103822
15,8,July,24,1.082,23.84619067714784,739.2319109915829,1.0,1.0,3.8461906771478382
15,8,July,25,1.082,15.704328870967629,486.8341949999965,1.0,-0.0,15.704328870967629
15,8,July,26,1.082,15.704328870967629,486.8341949999965,1.0,-0.0,15.704328870967629
15,8,July,27,1.082,21.309549498967034,660.596034467978,1.0,1.0,1.3095494989670335
15,8,July,28,1.082,21.78264782725877,675.2620826450219,1.0,1.0,1.7826478272586428
15,8,July,29,1.082,12.724267580645046,394.4522949999964,1.0,-0.0,12.724267580645046
15,8,July,30,1.082,12.724267580645046,394.4522949999964,1.0,-0.0,12.724267580645046
15,8,July,31,1.082,3.658614382696501,113.41704586359154,1.0,-0.0,3.658614382696501
15,8,July,34,1.082,4.056819320720896,125.76139894234778,1.0,-0.0,4.056819320720896
15,8,July,35,1.082,2.9606332732806306,91.77963147169955,1.0,-0.0,2.9606332732806306
15,8,July,36,1.082,1.1875587903224667,36.814322499996464,1.0,-0.0,1.1875587903224667
15,8,July,37,1.082,1.1624029032258065,36.034490000000005,1.0,-0.0,1.1624029032258065
15,8,July,38,1.082,1.9706116181395363,61.08896016232563,1.0,-0.0,1.9706116181395363
15,8,June,16,1.082,13.976217278848974,419.28651836546925,1.0,-0.0,13.976217278848974
15,8,June,22,1.082,10.575136722421243,317.2541016726373,1.0,-0.0,10.575136722421243
15,8,June,23,1.082,17.661586407103822,529.8475922131147,1.0,-0.0,17.661586407103822
15,8,June,24,1.082,26.425488707808583,792.7646612342575,1.0,1.0,6.425488707808583
15,8,June,25,1.082,25.0,750.0,1.0,1.0,5.0
15,8,June,26,1.082,25.0,750.0,1.0,1.0,5.0
15,8,June,27,1.082,25.0,750.0,1.0,1.0,5.0
15,8,June,28,1.082,25.0,750.0,1.0,1.0,5.0
15,8,June,29,1.082,21.642069583333335,649.2620875,1.0,1.0,1.642069583333335
15,8,June,30,1.082,22.090746966884666,662.7224090065399,1.0,1.0,2.090746966884666
15,8,June,31,1.082,12.104403009040704,363.1320902712211,1.0,-0.0,12.104403009040704
15,8,June,32,1.082,4.1084883472159195,123.25465041647759,1.0,-0.0,4.1084883472159195
15,8,June,33,1.082,0.5902547638826974,17.70764291648092,1.0,-0.0,0.5902547638826974
15,8,June,34,1.082,10.703736379860796,321.1120913958239,1.0,-0.0,10.703736379860796
15,8,June,35,1.082,4.580997833333333,137.429935,1.0,-0.0,4.580997833333333
15,8,June,36,1.082,4.580997833333333,137.429935,1.0,-0.0,4.580997833333333
15,8,June,37,1.082,1.26083125,37.824937500000004,1.0,-0.0,1.26083125
15,8,June,38,1.082,1.26083125,37.824937500000004,1.0,-0.0,1.26083125
15,8,March,16,1.082,13.976217278848974,433.2627356443182,1.0,-0.0,13.976217278848974
15,8,March,23,1.082,17.661586407103822,547.5091786202184,1.0,-0.0,17.661586407103822
15,8,March,24,1.082,23.84619067714784,739.2319109915829,1.0,1.0,3.8461906771478382
15,8,March,25,1.082,11.430227499999887,354.3370524999965,1.0,-0.0,11.430227499999887
15,8,March,26,1.082,11.430227499999887,354.3370524999965,1.0,-0.0,11.430227499999887
15,8,March,27,1.082,25.0,775.0,1.0,1.0,5.0
15,8,March,28,1.082,25.0,775.0,1.0,1.0,5.0
15,8,March,29,1.082,7.199129435483755,223.1730124999964,1.0,-0.0,7.199129435483755
15,8,March,30,1.082,7.199129435483755,223.1730124999964,1.0,-0.0,7.199129435483755
15,8,March,31,1.082,1.8880641407611325,58.52998836359511,1.0,-0.0,1.8880641407611325
15,8,March,34,1.082,1.048267546527463,32.49629394235135,1.0,-0.0,1.048267546527463
15,8,March,37,1.082,2.5,77.5,1.0,-0.0,2.5
15,8,March,38,1.082,0.11988076492160636,3.7163037125697973,1.0,-0.0,0.11988076492160636
15,8,May,16,1.082,13.976217278848974,433.2627356443182,1.0,-0.0,13.976217278848974
15,8,May,22,1.082,16.067093819195442,498.0799083950587,1.0,-0.0,16.067093819195442
15,8,May,23,1.082,17.661586407103826,547.5091786202186,1.0,-0.0,17.661586407103826
15,8,May,24,1.082,23.846190677147817,739.2319109915824,1.0,1.0,3.846190677147817
15,8,May,25,1.082,25.0,775.0,1.0,1.0,5.0
15,8,May,26,1.082,25.0,775.0,1.0,1.0,5.0
15,8,May,27,1.082,25.0,775.0,1.0,1.0,5.0
15,8,May,28,1.082,25.0,775.0,1.0,1.0,5.0
15,8,May,29,1.082,24.462789596774194,758.3464775,1.0,1.0,4.4627895967741935
15,8,May,30,1.082,24.462789596775497,758.3464775000405,1.0,1.0,4.462789596773828
15,8,May,31,1.082,12.410997769791967,384.740930863551,1.0,-0.0,12.410997769791967
15,8,May,32,1.082,4.415083107968604,136.86757634702673,1.0,-0.0,4.415083107968604
15,8,May,34,1.082,7.389322949753156,229.06901144234783,1.0,-0.0,7.389322949753156
15,8,May,35,1.082,5.788214112905708,179.43463750007695,1.0,-0.0,5.788214112905708
15,8,May,36,1.082,3.4319641129032266,106.39088750000002,1.0,-0.0,3.4319641129032266
15,8,May,37,1.082,3.3187806451614046,102.88220000000354,1.0,-0.0,3.3187806451614046
15,8,May,38,1.082,3.3187806451614046,102.88220000000354,1.0,-0.0,3.3187806451614046
15,8,November,16,1.082,13.976217278848974,419.28651836546925,1.0,-0.0,13.976217278848974
15,8,November,23,1.082,17.661586407103822,529.8475922131147,1.0,-0.0,17.661586407103822
15,8,November,24,1.082,23.84619067714784,715.3857203144352,1.0,1.0,3.8461906771478382
15,8,November,25,1.082,3.6034226666665528,108.10267999999658,1.0,-0.0,3.6034226666665528
15,8,November,26,1.082,10.17217941954732,305.1653825864196,1.0,-0.0,10.17217941954732
15,8,November,27,1.082,25.0,750.0,1.0,1.0,5.0
15,8,November,28,1.082,25.0,750.0,1.0,1.0,5.0
15,8,November,33,1.082,8.385808105049534,251.57424315148603,1.0,-0.0,8.385808105049534
15,8,October,16,1.082,13.976217278848976,433.26273564431824,1.0,-0.0,13.976217278848976
15,8,October,23,1.082,17.661586407103822,547.5091786202184,1.0,-0.0,17.661586407103822
15,8,October,24,1.082,23.846190677147817,739.2319109915824,1.0,1.0,3.846190677147817
15,8,October,25,1.082,6.726251854838594,208.5138074999964,1.0,-0.0,6.726251854838594
15,8,October,26,1.082,10.17217941954732,315.3375620059669,1.0,-0.0,10.17217941954732
15,8,October,27,1.082,25.0,775.0,1.0,1.0,5.0
15,8,October,28,1.082,25.0,775.0,1.0,1.0,5.0
15,8,October,29,1.082,2.918474354838595,90.47270499999645,1.0,-0.0,2.918474354838595
15,8,October,30,1.082,2.918474354838595,90.47270499999645,1.0,-0.0,2.918474354838595
15,8,October,33,1.082,8.385808105049506,259.9600512565347,1.0,-0.0,8.385808105049506
15,8,September,16,1.082,13.976217278848974,419.28651836546925,1.0,-0.0,13.976217278848974
15,8,September,23,1.082,17.661586407103822,529.8475922131147,1.0,-0.0,17.661586407103822
15,8,September,24,1.082,23.84619067714784,715.3857203144352,1.0,1.0,3.8461906771478382
15,8,September,25,1.082,15.61590383333322,468.4771149999966,1.0,-0.0,15.61590383333322
15,8,September,26,1.082,15.61590383333322,468.4771149999966,1.0,-0.0,15.61590383333322
15,8,September,27,1.082,23.251099445203593,697.5329833561078,1.0,1.0,3.2510994452035042
15,8,September,28,1.082,23.724197773495334,711.72593320486,1.0,1.0,3.7241977734953338
15,8,September,29,1.082,9.919885166666552,297.59655499999656,1.0,-0.0,9.919885166666552
15,8,September,30,1.082,9.919885166666552,297.59655499999656,1.0,-0.0,9.919885166666552
15,8,September,33,1.082,4.490083573029285,134.70250719087855,1.0,-0.0,4.490083573029285
15,22,April,18,1.3667,32.10362366722478,963.1087100167434,1.0,1.0,12.103623667224781
15,22,April,19,1.3667,2.421773651385081,72.65320954155243,1.0,-0.0,2.421773651385081
15,22,April,22,1.3667,2.451018914425944,73.53056743277833,1.0,-0.0,2.451018914425944
15,22,April,23,1.3667,32.71146241645225,981.3438724935675,1.0,1.0,12.71146241645225
15,22,April,24,1.3667,14.497183780781334,434.91551342344,1.0,-0.0,14.497183780781334
15,22,April,25,1.3667,14.871957074834363,446.15871224503087,1.0,-0.0,14.871957074834363
15,22,August,18,1.3667,32.10362366722454,995.2123336839608,1.0,1.0,12.103623667224472
15,22,August,19,1.3667,2.421773651385024,75.07498319293575,1.0,-0.0,2.421773651385024
15,22,August,23,1.3667,15.350771749785695,475.87392424335656,1.0,-0.0,15.350771749785695
15,22,December,18,1.3667,32.10362366722454,995.2123336839608,1.0,1.0,12.103623667224472
15,22,December,19,1.3667,2.421773651385024,75.07498319293575,1.0,-0.0,2.421773651385024
15,22,December,23,1.3667,15.350771749785695,475.87392424335656,1.0,-0.0,15.350771749785695
15,22,February,18,1.3667,32.10362366722478,898.9014626822939,1.0,1.0,12.103623667224781
15,22,February,19,1.3667,2.421773651385024,67.80966223878067,1.0,-0.0,2.421773651385024
15,22,February,23,1.3667,15.350771749785695,429.82160899399946,1.0,-0.0,15.350771749785695
15,22,January,18,1.3667,32.10362366722454,995.2123336839608,1.0,1.0,12.103623667224472
15,22,January,19,1.3667,2.421773651385024,75.07498319293575,1.0,-0.0,2.421773651385024
15,22,January,23,1.3667,15.350771749785695,475.87392424335656,1.0,-0.0,15.350771749785695
15,22,July,18,1.3667,32.10362366722448,995.212333683959,1.0,1.0,12.103623667224483
15,22,July,19,1.3667,2.421773651385024,75.07498319293575,1.0,-0.0,2.421773651385024
15,22,July,23,1.3667,18.506061104624294,573.6878942433531,1.0,-0.0,18.506061104624294
15,22,June,11,1.3667,1.3437804999998804,40.31341499999641,1.0,-0.0,1.3437804999998804
15,22,June,18,1.3667,32.10362366722478,963.1087100167434,1.0,1.0,12.103623667224781
15,22,June,19,1.3667,2.421773651385081,72.65320954155243,1.0,-0.0,2.421773651385081
15,22,June,22,1.3667,4.847716081092614,145.4314824327784,1.0,-0.0,4.847716081092614
15,22,June,23,1.3667,33.664851249785585,1009.9455374935676,1.0,1.0,13.664851249785585
15,22,June,24,1.3667,15.450572614114662,463.5171784234399,1.0,-0.0,15.450572614114662
15,22,June,25,1.3667,15.035741741501035,451.07225224503105,1.0,-0.0,15.035741741501035
15,22,March,18,1.3667,32.10362366722478,995.2123336839682,1.0,1.0,12.103623667224781
15,22,March,19,1.3667,2.421773651385024,75.07498319293575,1.0,-0.0,2.421773651385024
15,22,March,23,1.3667,15.350771749785695,475.87392424335656,1.0,-0.0,15.350771749785695
15,22,May,18,1.3667,32.10362366722478,995.2123336839682,1.0,1.0,12.103623667224781
15,22,May,19,1.3667,2.421773651385081,75.07498319293751,1.0,-0.0,2.421773651385081
15,22,May,22,1.3667,13.670700917253185,423.7917284348488,1.0,-0.0,13.670700917253185
15,22,May,23,1.3667,19.48319918358608,603.9791746911685,1.0,-0.0,19.48319918358608
15,22,May,24,1.3667,18.029870644775414,558.9259899880378,1.0,-0.0,18.029870644775414
15,22,November,18,1.3667,32.10362366722454,963.1087100167362,1.0,1.0,12.103623667224472
15,22,November,19,1.3667,2.4217736513850525,72.65320954155158,1.0,-0.0,2.4217736513850525
15,22,November,23,1.3667,15.350771749785695,460.5231524935708,1.0,-0.0,15.350771749785695
15,22,October,18,1.3667,32.10362366722478,995.2123336839682,1.0,1.0,12.103623667224781
15,22,October,19,1.3667,2.421773651385024,75.07498319293575,1.0,-0.0,2.421773651385024
15,22,October,23,1.3667,15.350771749785695,475.87392424335656,1.0,-0.0,15.350771749785695
15,22,September,18,1.3667,32.10362366722454,963.1087100167362,1.0,1.0,12.103623667224472
15,22,September,19,1.3667,2.421773651385024,72.65320954155072,1.0,-0.0,2.421773651385024
15,22,September,23,1.3667,15.350771749785695,460.5231524935708,1.0,-0.0,15.350771749785695
15,23,April,17,1.2323,33.35543024852536,1000.6629074557608,1.0,1.0,13.355430248525359
15,23,April,18,1.2323,22.063997850368395,661.9199355110518,1.0,1.0,2.063997850368395
15,23,August,17,1.2323,33.35543024852536,1034.018337704286,1.0,1.0,13.355430248525359
15,23,August,18,1.2323,22.063997850368395,683.9839333614202,1.0,1.0,2.0639978503683936
15,23,August,24,1.2323,18.02987064477547,558.9259899880396,1.0,-0.0,18.02987064477547
15,23,December,17,1.2323,33.35543024852536,1034.018337704286,1.0,1.0,13.355430248525359
15,23,December,18,1.2323,22.063997850368395,683.9839333614202,1.0,1.0,2.0639978503683936
15,23,December,24,1.2323,18.02987064477547,558.9259899880396,1.0,-0.0,18.02987064477547
15,23,February,17,1.2323,33.35543024852536,933.9520469587101,1.0,1.0,13.355430248525359
15,23,February,18,1.2323,22.063997850368395,617.7919398103151,1.0,1.0,2.063997850368395
15,23,February,24,1.2323,18.02987064477545,504.83637805371256,1.0,-0.0,18.02987064477545
15,23,January,17,1.2323,33.35543024852536,1034.018337704286,1.0,1.0,13.355430248525359
15,23,January,18,1.2323,22.063997850368395,683.9839333614202,1.0,1.0,2.0639978503683936
15,23,January,24,1.2323,18.029870644775386,558.9259899880369,1.0,-0.0,18.029870644775386
15,23,July,17,1.2323,33.35543024852536,1034.018337704286,1.0,1.0,13.355430248525359
15,23,July,18,1.2323,22.063997850368395,683.9839333614202,1.0,1.0,2.0639978503683936
15,23,July,24,1.2323,18.029870644775432,558.9259899880384,1.0,-0.0,18.029870644775432
15,23,June,9,1.2323,0.6253052399049879,18.759157197149637,1.0,-0.0,0.6253052399049879
15,23,June,10,1.2323,1.7360850000000005,52.08255000000002,1.0,-0.0,1.7360850000000005
15,23,June,11,1.2323,1.37322745144726,41.1968235434178,1.0,-0.0,1.37322745144726
15,23,June,17,1.2323,33.35543024852536,1000.6629074557608,1.0,1.0,13.355430248525359
15,23,June,18,1.2323,22.063997850368395,661.9199355110518,1.0,1.0,2.0639978503683936
15,23,March,17,1.2323,33.35543024852536,1034.018337704286,1.0,1.0,13.355430248525359
15,23,March,18,1.2323,22.063997850368395,683.9839333614202,1.0,1.0,2.063997850368395
15,23,March,24,1.2323,18.02987064477545,558.925989988039,1.0,-0.0,18.02987064477545
15,23,May,17,1.2323,33.35543024852536,1034.018337704286,1.0,1.0,13.355430248525359
15,23,May,18,1.2323,22.063997850368395,683.9839333614202,1.0,1.0,2.0639978503683936
15,23,November,17,1.2323,33.35543024852536,1000.6629074557608,1.0,1.0,13.355430248525359
15,23,November,18,1.2323,22.063997850368395,661.9199355110518,1.0,1.0,2.0639978503683936
15,23,November,24,1.2323,18.02987064477545,540.8961193432635,1.0,-0.0,18.02987064477545
15,23,October,17,1.2323,33.35543024852536,1034.018337704286,1.0,1.0,13.355430248525359
15,23,October,18,1.2323,22.063997850368395,683.9839333614202,1.0,1.0,2.063997850368395
15,23,October,24,1.2323,18.02987064477547,558.9259899880396,1.0,-0.0,18.02987064477547
15,23,September,17,1.2323,33.35543024852536,1000.6629074557608,1.0,1.0,13.355430248525359
15,23,September,18,1.2323,22.063997850368395,661.9199355110518,1.0,1.0,2.0639978503683936
15,23,September,24,1.2323,18.02987064477545,540.8961193432635,1.0,-0.0,18.02987064477545
16,24,April,17,1.041,13.503823654090723,405.1147096227217,1.0,-0.0,13.503823654090723
16,24,August,17,1.041,13.503823654090723,418.6185332768124,1.0,-0.0,13.503823654090723
16,24,December,17,1.041,13.503823654090723,418.6185332768124,1.0,-0.0,13.503823654090723
16,24,February,17,1.041,13.503823654090723,378.10706231454026,1.0,-0.0,13.503823654090723
16,24,January,17,1.041,13.503823654090723,418.6185332768124,1.0,-0.0,13.503823654090723
16,24,July,17,1.041,13.503823654090723,418.6185332768124,1.0,-0.0,13.503823654090723
16,24,June,17,1.041,13.503823654090723,405.1147096227217,1.0,-0.0,13.503823654090723
16,24,March,17,1.041,13.503823654090723,418.6185332768124,1.0,-0.0,13.503823654090723
16,24,May,17,1.041,13.503823654090723,418.6185332768124,1.0,-0.0,13.503823654090723
16,24,November,17,1.041,13.503823654090723,405.1147096227217,1.0,-0.0,13.503823654090723
16,24,October,17,1.041,13.503823654090723,418.6185332768124,1.0,-0.0,13.503823654090723
16,24,September,17,1.041,13.503823654090723,405.1147096227217,1.0,-0.0,13.503823654090723
17,9,April,26,1.3851,14.434377176937558,433.03131530812675,1.0,-0.0,14.434377176937558
17,9,April,27,1.3851,8.0391506303915,241.174518911745,1.0,-0.0,8.0391506303915
17,9,April,28,1.3851,4.690420966347231,140.71262899041693,1.0,-0.0,4.690420966347231
17,9,August,28,1.3851,4.690420966346927,145.40304995675476,1.0,-0.0,4.690420966346927
17,9,December,28,1.3851,4.690420966346927,145.40304995675476,1.0,-0.0,4.690420966346927
17,9,February,28,1.3851,4.690420966346927,131.33178705771397,1.0,-0.0,4.690420966346927
17,9,January,28,1.3851,4.690420966346927,145.40304995675476,1.0,-0.0,4.690420966346927
17,9,June,26,1.3851,14.434377176937558,433.03131530812675,1.0,-0.0,14.434377176937558
17,9,June,27,1.3851,8.0391506303915,241.174518911745,1.0,-0.0,8.0391506303915
17,9,June,28,1.3851,4.690420966346927,140.71262899040784,1.0,-0.0,4.690420966346927
17,9,March,28,1.3851,4.690420966346927,145.40304995675476,1.0,-0.0,4.690420966346927
17,9,May,19,1.3851,5.730268939213396,177.63833711561526,1.0,-0.0,5.730268939213396
17,9,May,20,1.3851,4.163389551785464,129.0650761053494,1.0,-0.0,4.163389551785464
17,9,May,28,1.3851,4.690420966346927,145.40304995675476,1.0,-0.0,4.690420966346927
17,9,November,28,1.3851,4.690420966346927,140.71262899040784,1.0,-0.0,4.690420966346927
17,9,October,28,1.3851,4.690420966346927,145.40304995675476,1.0,-0.0,4.690420966346927
17,9,September,28,1.3851,4.690420966346927,140.71262899040784,1.0,-0.0,4.690420966346927
17,10,April,22,1.1152,4.38116631374842,131.43498941245258,1.0,-0.0,4.38116631374842
17,10,April,28,1.1152,54.038567222730336,1621.1570166819101,1.0,2.0,14.038567222730336
17,10,April,29,1.1152,13.82797144926037,414.8391434778111,1.0,-0.0,13.82797144926037
17,10,August,28,1.1152,21.737999260404436,673.8779770725375,1.0,1.0,1.7379992604043686
17,10,December,28,1.1152,4.060305066856042,125.8694570725373,1.0,-0.0,4.060305066856042
17,10,February,28,1.1152,13.458984352570333,376.85156187196935,1.0,-0.0,13.458984352570333
17,10,January,28,1.1152,4.060305066856042,125.8694570725373,1.0,-0.0,4.060305066856042
17,10,July,28,1.1152,58.72898818907757,1820.5986338614046,1.0,2.0,18.72898818907757
17,10,June,21,1.1152,31.468595248622826,944.0578574586848,1.0,1.0,11.468595248622826
17,10,June,22,1.1152,45.710673819814225,1371.3202145944267,1.0,2.0,5.710673819814219
17,10,June,23,1.1152,10.128614077922926,303.8584223376878,1.0,-0.0,10.128614077922926
17,10,June,25,1.1152,20.0,600.0,1.0,1.0,0.0
17,10,June,26,1.1152,18.436482850156835,553.0944855047051,1.0,-0.0,18.436482850156835
17,10,June,27,1.1152,36.17118946716295,1085.1356840148883,1.0,1.0,16.171189467162947
17,10,June,28,1.1152,54.03856722273064,1621.1570166819192,1.0,2.0,14.038567222730642
17,10,June,29,1.1152,51.215166449260366,1536.454993477811,1.0,2.0,11.215166449260366
17,10,June,30,1.1152,25.210692276231203,756.3207682869361,1.0,1.0,5.210692276231202
17,10,March,28,1.1152,4.060305066856042,125.8694570725373,1.0,-0.0,4.060305066856042
17,10,May,21,1.1152,23.960702111526047,742.7817654573074,1.0,1.0,3.9607021115260466
17,10,May,22,1.1152,38.202780682717446,1184.2862011642408,1.0,1.0,18.202780682717442
17,10,May,28,1.1152,54.03856722273064,1675.19558390465,1.0,2.0,14.038567222730642
17,10,May,29,1.1152,13.82797144926037,428.66711492707145,1.0,-0.0,13.82797144926037
17,10,November,28,1.1152,4.060305066856042,121.80915200568126,1.0,-0.0,4.060305066856042
17,10,October,28,1.1152,4.060305066856042,125.8694570725373,1.0,-0.0,4.060305066856042
17,10,September,28,1.1152,20.664439066856055,619.9331720056816,1.0,1.0,0.6644390668560547
17,24,August,28,1.0749,32.300567962326234,1001.3176068321133,1.0,1.0,12.30056796232618
17,24,December,28,1.0749,49.978262155874596,1549.3261268321125,1.0,2.0,9.978262155874596
17,24,February,28,1.0749,40.57958287016031,1136.2283203644886,1.0,2.0,0.5795828701584288
17,24,January,28,1.0749,49.97826215587465,1549.3261268321141,1.0,2.0,9.978262155874653
17,24,March,28,1.0749,49.978262155874596,1549.3261268321125,1.0,2.0,9.978262155874596
17,24,November,28,1.0749,49.978262155874624,1499.3478646762387,1.0,2.0,9.978262155874624
17,24,October,28,1.0749,49.978262155874596,1549.3261268321125,1.0,2.0,9.978262155874596
17,24,September,28,1.0749,33.37412815587458,1001.2238446762374,1.0,1.0,13.374128155874544
18,10,April,30,1.2157,26.00447417302904,780.1342251908711,1.0,1.0,6.004474173029038
18,10,April,31,1.2157,33.89979984587934,1016.9939953763803,1.0,1.0,13.899799845879343
18,10,August,30,1.2157,13.82797144926037,428.66711492707145,1.0,-0.0,13.82797144926037
18,10,August,31,1.2157,7.920550110366108,245.53705342134936,1.0,-0.0,7.920550110366108
18,10,December,30,1.2157,13.827971449260376,428.6671149270717,1.0,-0.0,13.827971449260376
18,10,December,31,1.2157,7.920550110366108,245.53705342134936,1.0,-0.0,7.920550110366108
18,10,February,30,1.2157,13.82797144926037,387.1832005792903,1.0,-0.0,13.82797144926037
18,10,February,31,1.2157,7.920550110366108,221.77540309025102,1.0,-0.0,7.920550110366108
18,10,January,30,1.2157,13.82797144926037,428.66711492707145,1.0,-0.0,13.82797144926037
18,10,January,31,1.2157,7.920550110366108,245.53705342134936,1.0,-0.0,7.920550110366108
18,10,July,30,1.2157,26.004474173029173,806.1386993639044,1.0,1.0,6.004474173029173
18,10,July,31,1.2157,30.73610080443756,952.8191249375643,1.0,1.0,10.736100804437541
18,10,June,30,1.2157,26.00447417302918,780.1342251908754,1.0,1.0,6.00447417302918
18,10,June,31,1.2157,33.89979984587934,1016.9939953763803,1.0,1.0,13.899799845879343
18,10,March,30,1.2157,13.82797144926037,428.66711492707145,1.0,-0.0,13.82797144926037
18,10,March,31,1.2157,7.920550110366108,245.53705342134936,1.0,-0.0,7.920550110366108
18,10,May,30,1.2157,26.004474173029173,806.1386993639044,1.0,1.0,6.004474173029173
18,10,May,31,1.2157,33.89979984587933,1050.893795222259,1.0,1.0,13.899799845879327
18,10,November,30,1.2157,13.82797144926037,414.8391434778111,1.0,-0.0,13.82797144926037
18,10,November,31,1.2157,7.920550110366108,237.61650331098323,1.0,-0.0,7.920550110366108
18,10,October,30,1.2157,13.82797144926037,428.66711492707145,1.0,-0.0,13.82797144926037
18,10,October,31,1.2157,7.920550110366108,245.53705342134936,1.0,-0.0,7.920550110366108
18,10,September,30,1.2157,13.82797144926037,414.8391434778111,1.0,-0.0,13.82797144926037
18,10,September,31,1.2157,7.920550110366108,237.61650331098323,1.0,-0.0,7.920550110366108
18,25,August,30,0.9638,12.17650272376882,377.47158443683344,1.0,-0.0,12.17650272376882
18,25,August,31,0.9638,25.97924973551322,805.3567418009098,1.0,1.0,5.979249735513221
18,25,December,30,0.9638,12.176502723768792,377.47158443683253,1.0,-0.0,12.176502723768792
18,25,December,31,0.9638,25.97924973551322,805.3567418009098,1.0,1.0,5.979249735513221
18,25,February,30,0.9638,12.17650272376882,340.94207626552696,1.0,-0.0,12.17650272376882
18,25,February,31,0.9638,25.97924973551322,727.4189925943701,1.0,1.0,5.979249735513221
18,25,January,30,0.9638,12.17650272376882,377.47158443683344,1.0,-0.0,12.17650272376882
18,25,January,31,0.9638,25.97924973551322,805.3567418009098,1.0,1.0,5.979249735513221
18,25,July,31,0.9638,3.1636990414417703,98.07467028469488,1.0,-0.0,3.1636990414417703
18,25,March,30,0.9638,12.17650272376882,377.47158443683344,1.0,-0.0,12.17650272376882
18,25,March,31,0.9638,25.97924973551322,805.3567418009098,1.0,1.0,5.979249735513221
18,25,November,30,0.9638,12.17650272376882,365.29508171306463,1.0,-0.0,12.17650272376882
18,25,November,31,0.9638,25.97924973551322,779.3774920653966,1.0,1.0,5.979249735513221
18,25,October,30,0.9638,12.17650272376882,377.47158443683344,1.0,-0.0,12.17650272376882
18,25,October,31,0.9638,25.97924973551322,805.3567418009098,1.0,1.0,5.979249735513221
18,25,September,30,0.9638,12.17650272376882,365.29508171306463,1.0,-0.0,12.17650272376882
18,25,September,31,0.9638,25.97924973551322,779.3774920653966,1.0,1.0,5.979249735513221
19,12,June,14,1.113,1.4911959358518327,44.73587807555498,1.0,0.0,1.4911959358518327
19,12,May,17,1.113,0.5767948742998765,17.88064110329617,1.0,0.0,0.5767948742998765
19,12,May,21,1.113,0.5842915974301199,18.113039520333718,1.0,0.0,0.5842915974301199
21,13,April,20,1.0012,14.675423693452085,440.2627108035626,1.0,-0.0,14.675423693452085
21,13,April,21,1.0012,20.118300142717622,603.5490042815287,1.0,1.0,0.11830014271762224
21,13,April,22,1.0012,24.07504769980937,722.2514309942811,1.0,1.0,4.075047699809371
21,13,April,23,1.0012,24.07504769981145,722.2514309943435,1.0,1.0,4.075047699811449
21,13,April,24,1.0012,23.428595012230907,702.8578503669272,1.0,1.0,3.4285950122309075
21,13,April,25,1.0012,10.955318177529833,328.659545325895,1.0,-0.0,10.955318177529833
21,13,April,26,1.0012,12.73806857096824,382.1420571290472,1.0,-0.0,12.73806857096824
21,13,April,27,1.0012,15.71133693235948,471.3401079707844,1.0,-0.0,15.71133693235948
21,13,April,28,1.0012,7.894231381769444,236.82694145308332,1.0,-0.0,7.894231381769444
21,13,April,31,1.0012,1.082881475967536,32.48644427902608,1.0,-0.0,1.082881475967536
21,13,April,32,1.0012,6.182546188585224,185.47638565755673,1.0,-0.0,6.182546188585224
21,13,August,20,1.0012,2.4539832095811214,76.07347949701476,1.0,-0.0,2.4539832095811214
21,13,August,21,1.0012,8.430556732067254,261.34725869408487,1.0,-0.0,8.430556732067254
21,13,August,22,1.0012,8.430556732067254,261.34725869408487,1.0,-0.0,8.430556732067254
21,13,August,23,1.0012,2.5697691483180805,79.6628435978605,1.0,-0.0,2.5697691483180805
21,13,August,24,1.0012,8.992232834811373,278.7592178791526,1.0,-0.0,8.992232834811373
21,13,August,28,1.0012,3.728511436400579,115.58385452841794,1.0,-0.0,3.728511436400579
21,13,July,20,1.0012,6.367001032161767,197.37703199701477,1.0,-0.0,6.367001032161767
21,13,July,21,1.0012,12.32062745787371,381.93945119408505,1.0,-0.0,12.32062745787371
21,13,July,22,1.0012,12.32062745787371,381.93945119408505,1.0,-0.0,12.32062745787371
21,13,July,23,1.0012,13.075047699809199,405.32647869408515,1.0,-0.0,13.075047699809199
21,13,July,24,1.0012,12.428595012230735,385.2864453791528,1.0,-0.0,12.428595012230735
21,13,July,25,1.0012,0.1,3.1,1.0,-0.0,0.1
21,13,July,26,1.0012,4.378858629052802,135.74461750063685,1.0,-0.0,4.378858629052802
21,13,July,27,1.0012,2.296605722681935,71.19477740314,1.0,-0.0,2.296605722681935
21,13,July,28,1.0012,7.384728936400576,228.92659702841786,1.0,-0.0,7.384728936400576
21,13,June,20,1.0012,14.853922360118759,445.61767080356276,1.0,-0.0,14.853922360118759
21,13,June,21,1.0012,18.30093705938429,549.0281117815287,1.0,-0.0,18.30093705938429
21,13,June,22,1.0012,24.075047699810504,722.2514309943151,1.0,1.0,4.075047699810504
21,13,June,23,1.0012,16.427973096092195,492.8391928827659,1.0,-0.0,16.427973096092195
21,13,June,24,1.0012,12.428595012230735,372.85785036692204,1.0,-0.0,12.428595012230735
21,13,June,25,1.0012,21.955318177530003,658.6595453259001,1.0,1.0,1.9553181775300033
21,13,June,26,1.0012,19.543491262867356,586.3047378860207,1.0,-0.0,19.543491262867356
21,13,June,27,1.0012,26.21904834902613,786.5714504707839,1.0,1.0,6.2190483490261315
21,13,June,28,1.0012,7.010978381769448,210.32935145308343,1.0,-0.0,7.010978381769448
21,13,June,31,1.0012,5.292133381550499,158.76400144651498,1.0,-0.0,5.292133381550499
21,13,June,32,1.0012,10.381251275889426,311.43753827668274,1.0,-0.0,10.381251275889426
21,13,March,20,1.0012,0.9368853063553146,29.043444497014754,1.0,-0.0,0.9368853063553146
21,13,March,21,1.0012,7.086538103034998,219.68268119408495,1.0,-0.0,7.086538103034998
21,13,March,22,1.0012,7.086538103034998,219.68268119408495,1.0,-0.0,7.086538103034998
21,13,March,23,1.0012,3.679282451788106,114.05775600543129,1.0,-0.0,3.679282451788106
21,13,May,19,1.0012,0.5988637062242077,18.56477489295044,1.0,-0.0,0.5988637062242077
21,13,May,20,1.0012,20.292571193452268,629.0697069970203,1.0,1.0,0.2925711934522681
21,13,May,21,1.0012,12.807941760997188,397.0461945909128,1.0,-0.0,12.807941760997188
21,13,May,22,1.0012,24.07504769980937,746.3264786940905,1.0,1.0,4.075047699809371
21,13,May,23,1.0012,13.075047699809199,405.32647869408515,1.0,-0.0,13.075047699809199
21,13,May,24,1.0012,12.428595012230735,385.2864453791528,1.0,-0.0,12.428595012230735
21,13,May,25,1.0012,10.955318177529833,339.61486350342483,1.0,-0.0,10.955318177529833
21,13,May,26,1.0012,10.244179093291296,317.5695518920302,1.0,-0.0,10.244179093291296
21,13,May,27,1.0012,15.71133693235948,487.0514449031439,1.0,-0.0,15.71133693235948
21,13,May,28,1.0012,2.497912250049019,77.4352797515196,1.0,-0.0,2.497912250049019
21,13,May,31,1.0012,6.097017423371721,189.00754012452336,1.0,-0.0,6.097017423371721
21,13,May,32,1.0012,10.381251275889426,321.8187895525722,1.0,-0.0,10.381251275889426
21,13,September,21,1.0012,9.870410033142528,296.11230099427587,1.0,-0.0,9.870410033142528
21,13,September,22,1.0012,9.870410033142528,296.11230099427587,1.0,-0.0,9.870410033142528
21,13,September,23,1.0012,10.47212261647586,314.16367849427576,1.0,-0.0,10.47212261647586
21,13,September,24,1.0012,9.825669928897396,294.7700978669219,1.0,-0.0,9.825669928897396
21,13,September,25,1.0012,0.1,3.0,1.0,-0.0,0.1
21,13,September,26,1.0012,2.116574545283088,63.49723635849264,1.0,-0.0,2.116574545283088
21,13,September,28,1.0012,3.2146173127446662,96.43851938233999,1.0,-0.0,3.2146173127446662
21,14,April,13,1.2286,3.467499937761839,104.02499813285517,1.0,-0.0,3.467499937761839
21,14,July,13,1.2286,4.04522597808442,125.40200532061702,1.0,-0.0,4.04522597808442
21,14,June,13,1.2286,9.076945687761828,272.30837063285486,1.0,-0.0,9.076945687761828
21,14,June,22,1.2286,2.926932010738625,87.80796032215875,1.0,-0.0,2.926932010738625
21,14,June,24,1.2286,1.8839160512704822,56.51748153811447,1.0,-0.0,1.8839160512704822
22,21,April,30,1.0533,7.719048575644877,231.5714572693463,1.0,0.0,7.719048575644877
22,21,August,30,1.0533,7.719048575644891,239.29050584499163,1.0,0.0,7.719048575644891
22,21,December,30,1.0533,7.719048575644891,239.29050584499163,1.0,0.0,7.719048575644891
22,21,February,30,1.0533,7.719048575644891,216.13336011805694,1.0,0.0,7.719048575644891
22,21,January,30,1.0533,7.719048575644891,239.29050584499163,1.0,-0.0,7.719048575644891
22,21,July,30,1.0533,7.719048575644891,239.29050584499163,1.0,0.0,7.719048575644891
22,21,June,7,1.0533,0.1268469166666667,3.805407500000001,1.0,-0.0,0.1268469166666667
22,21,June,8,1.0533,0.1268469166666737,3.8054075000002108,1.0,-0.0,0.1268469166666737
22,21,June,30,1.0533,7.719048575644877,231.5714572693463,1.0,0.0,7.719048575644877
22,21,March,30,1.0533,7.719048575644891,239.29050584499163,1.0,0.0,7.719048575644891
22,21,May,30,1.0533,7.719048575644891,239.29050584499163,1.0,0.0,7.719048575644891
22,21,November,30,1.0533,7.719048575644877,231.5714572693463,1.0,0.0,7.719048575644877
22,21,October,30,1.0533,7.719048575644877,239.29050584499117,1.0,0.0,7.719048575644877
22,21,September,30,1.0533,7.719048575644891,231.57145726934672,1.0,0.0,7.719048575644891
23,15,June,13,1.2323,4.880911502008033,146.42734506024098,1.0,-0.0,4.880911502008033
23,16,April,19,1.1232,48.55475356571159,1456.6426069713477,1.0,2.0,8.554753565711593
23,16,April,20,1.1232,18.801076349194943,564.0322904758483,1.0,-0.0,18.801076349194943
23,16,August,19,1.1232,48.55475356571159,1505.1973605370595,1.0,2.0,8.554753565711593
23,16,August,20,1.1232,18.8010763491949,582.8333668250419,1.0,-0.0,18.8010763491949
23,16,December,19,1.1232,48.55475356571159,1505.1973605370595,1.0,2.0,8.554753565711593
23,16,December,20,1.1232,18.8010763491949,582.8333668250419,1.0,-0.0,18.8010763491949
23,16,February,19,1.1232,48.55475356571159,1359.5330998399245,1.0,2.0,8.554753565711593
23,16,February,20,1.1232,18.8010763491949,526.4301377774573,1.0,-0.0,18.8010763491949
23,16,January,19,1.1232,48.55475356571159,1505.1973605370595,1.0,2.0,8.554753565711593
23,16,January,20,1.1232,18.8010763491949,582.8333668250419,1.0,-0.0,18.8010763491949
23,16,July,19,1.1232,48.55475356571159,1505.1973605370595,1.0,2.0,8.554753565711593
23,16,July,20,1.1232,18.8010763491949,582.8333668250419,1.0,-0.0,18.8010763491949
23,16,June,19,1.1232,48.55475356571159,1456.6426069713477,1.0,2.0,8.554753565711593
23,16,June,20,1.1232,18.8010763491949,564.032290475847,1.0,-0.0,18.8010763491949
23,16,March,19,1.1232,48.55475356571159,1505.1973605370595,1.0,2.0,8.554753565711593
23,16,March,20,1.1232,18.801076349194936,582.8333668250431,1.0,-0.0,18.801076349194936
23,16,May,19,1.1232,48.55475356571159,1505.1973605370595,1.0,2.0,8.554753565711593
23,16,May,20,1.1232,18.801076349194943,582.8333668250432,1.0,-0.0,18.801076349194943
23,16,November,19,1.1232,48.55475356571159,1456.6426069713477,1.0,2.0,8.554753565711593
23,16,November,20,1.1232,18.8010763491949,564.032290475847,1.0,-0.0,18.8010763491949
23,16,October,19,1.1232,48.55475356571159,1505.1973605370595,1.0,2.0,8.554753565711593
23,16,October,20,1.1232,18.8010763491949,582.8333668250419,1.0,-0.0,18.8010763491949
23,16,September,19,1.1232,48.55475356571159,1456.6426069713477,1.0,2.0,8.554753565711593
23,16,September,20,1.1232,18.801076349194943,564.0322904758483,1.0,-0.0,18.801076349194943
24,16,April,11,1.041,0.9929400000000003,29.788200000000007,1.0,-0.0,0.9929400000000003
24,16,April,34,1.041,6.490744640496644,194.7223392148993,1.0,-0.0,6.490744640496644
24,16,August,11,1.041,1.241450806451613,38.484975000000006,1.0,-0.0,1.241450806451613
24,16,August,34,1.041,6.490744640496644,201.21308385539595,1.0,-0.0,6.490744640496644
24,16,December,34,1.041,6.490744640496644,201.21308385539595,1.0,-0.0,6.490744640496644
24,16,February,34,1.041,6.490744640496644,181.74084993390602,1.0,-0.0,6.490744640496644
24,16,January,34,1.041,6.4907446404967,201.2130838553977,1.0,-0.0,6.4907446404967
24,16,July,11,1.041,3.290210080645162,101.99651250000002,1.0,-0.0,3.290210080645162
24,16,July,34,1.041,6.490744640496644,201.21308385539595,1.0,-0.0,6.490744640496644
24,16,June,11,1.041,3.6274087500000003,108.82226250000001,1.0,-0.0,3.6274087500000003
24,16,June,34,1.041,6.490744640496644,194.7223392148993,1.0,-0.0,6.490744640496644
24,16,March,34,1.041,6.4907446404967,201.2130838553977,1.0,-0.0,6.4907446404967
24,16,May,11,1.041,3.6688463709677426,113.73423750000002,1.0,-0.0,3.6688463709677426
24,16,May,34,1.041,6.490744640496644,201.21308385539595,1.0,-0.0,6.490744640496644
24,16,November,34,1.041,6.490744640496644,194.7223392148993,1.0,-0.0,6.490744640496644
24,16,October,34,1.041,6.4907446404967,201.2130838553977,1.0,-0.0,6.4907446404967
24,16,September,11,1.041,0.13487625000000003,4.046287500000001,1.0,-0.0,0.13487625000000003
24,16,September,34,1.041,6.490744640496644,194.7223392148993,1.0,-0.0,6.490744640496644
24,17,June,7,1.0749,0.17337591666666669,5.201277500000001,1.0,-0.0,0.17337591666666669
24,17,June,8,1.0749,0.17337591666666669,5.201277500000001,1.0,-0.0,0.17337591666666669
24,17,June,9,1.0749,0.8176514292452826,24.529542877358477,1.0,-0.0,0.8176514292452826
24,17,June,10,1.0749,2.089979250000006,62.69937750000018,1.0,-0.0,2.089979250000006
24,17,June,11,1.0749,3.98378575,119.5135725,1.0,-0.0,3.98378575
24,17,June,12,1.0749,3.98378575,119.5135725,1.0,-0.0,3.98378575
24,23,June,7,1.4545,0.14401833333333336,4.320550000000001,1.0,-0.0,0.14401833333333336
24,23,June,8,1.4545,0.14401833333333336,4.320550000000001,1.0,-0.0,0.14401833333333336
24,25,June,7,1.2938,0.24870858333333337,7.461257500000001,1.0,-0.0,0.24870858333333337
24,25,June,8,1.2938,0.24870858333333337,7.461257500000001,1.0,-0.0,0.24870858333333337
25,18,April,17,0.9638,16.137238929102608,484.11716787307824,1.0,-0.0,16.137238929102608
25,18,April,21,0.9638,4.288694050060208,128.66082150180625,1.0,-0.0,4.288694050060208
25,18,August,17,0.9638,16.137238929102608,500.2544068021808,1.0,-0.0,16.137238929102608
25,18,December,17,0.9638,16.13723893727358,500.25440705548095,1.0,-0.0,16.13723893727358
25,18,February,17,0.9638,16.137238929102608,451.842690014873,1.0,-0.0,16.137238929102608
25,18,January,17,0.9638,16.137238929102608,500.2544068021808,1.0,-0.0,16.137238929102608
25,18,July,17,0.9638,16.137238929102608,500.2544068021808,1.0,-0.0,16.137238929102608
25,18,June,9,0.9638,0.1441909999998856,4.325729999996568,1.0,-0.0,0.1441909999998856
25,18,June,10,0.9638,0.1441909999998856,4.325729999996568,1.0,-0.0,0.1441909999998856
25,18,June,11,0.9638,4.11913636841852,123.57409105255559,1.0,-0.0,4.11913636841852
25,18,June,17,0.9638,7.122584173081629,213.67752519244885,1.0,-0.0,7.122584173081629
25,18,June,21,0.9638,7.431383050060202,222.94149150180604,1.0,-0.0,7.431383050060202
25,18,March,17,0.9638,16.137238929102608,500.2544068021808,1.0,-0.0,16.137238929102608
25,18,May,21,0.9638,16.930187146834406,524.8358015518666,1.0,-0.0,16.930187146834406
25,18,November,17,0.9638,16.137238929102608,484.11716787307824,1.0,-0.0,16.137238929102608
25,18,October,17,0.9638,16.1372389291026,500.25440680218065,1.0,-0.0,16.1372389291026
25,18,September,17,0.9638,16.137238929102608,484.11716787307824,1.0,-0.0,16.137238929102608
25,26,June,23,1.1451,15.416353462472337,462.4906038741701,1.0,-0.0,15.416353462472337
25,33,April,25,1.079,5.501226965828797,165.03680897486393,1.0,-0.0,5.501226965828797
25,33,August,25,1.079,1.547851159377064,47.98338594068899,1.0,-0.0,1.547851159377064
25,33,June,24,1.079,3.5775938739994757,107.32781621998427,1.0,-0.0,3.5775938739994757
25,33,June,25,1.079,25.033207609228967,750.996228276869,1.0,1.0,5.033207609228967
25,33,June,26,1.079,15.43601447685765,463.0804343057295,1.0,-0.0,15.43601447685765
25,33,May,25,1.079,5.501226965828797,170.5380359406927,1.0,-0.0,5.501226965828797
25,33,September,25,1.079,5.501226965828797,165.03680897486393,1.0,-0.0,5.501226965828797
26,33,June,25,1.0994,7.037555523266384,211.12666569799154,1.0,-0.0,7.037555523266384
26,34,April,17,1.0655,3.5965715685851194,107.89714705755358,1.0,-0.0,3.5965715685851194
26,34,April,21,1.0655,22.16008427842928,664.8025283528784,1.0,1.0,2.1600842784291236
26,34,April,22,1.0655,13.360421624374801,400.81264873124405,1.0,-0.0,13.360421624374801
26,34,April,24,1.0655,17.047492178251836,511.4247653475551,1.0,-0.0,17.047492178251836
26,34,April,29,1.0655,30.555538128797323,916.6661438639197,1.0,1.0,10.555538128797323
26,34,April,31,1.0655,15.502761903159339,465.08285709478014,1.0,-0.0,15.502761903159339
26,34,August,17,1.0655,3.5965715685851194,111.4937186261387,1.0,-0.0,3.5965715685851194
26,34,August,30,1.0655,5.42424403225812,168.1515650000017,1.0,-0.0,5.42424403225812
26,34,December,17,1.0655,3.5965715604141475,111.49371837283857,1.0,-0.0,3.5965715604141475
26,34,February,17,1.0655,3.5965715685851194,100.70400392038334,1.0,-0.0,3.5965715685851194
26,34,January,17,1.0655,3.5965715685851194,111.4937186261387,1.0,-0.0,3.5965715685851194
26,34,July,17,1.0655,3.5965715685851194,111.4937186261387,1.0,-0.0,3.5965715685851194
26,34,June,17,1.0655,12.611226324606099,378.336789738183,1.0,-0.0,12.611226324606099
26,34,June,21,1.0655,22.99097813988938,689.7293441966814,1.0,1.0,2.9909781398893784
26,34,June,22,1.0655,9.868544957708124,296.0563487312437,1.0,-0.0,9.868544957708124
26,34,June,24,1.0655,19.230011752787746,576.9003525836324,1.0,-0.0,19.230011752787746
26,34,June,27,1.0655,24.2904107042513,728.712321127539,1.0,1.0,4.2904107042513004
26,34,June,29,1.0655,22.609079356869913,678.2723807060974,1.0,1.0,2.6090793568699127
26,34,June,31,1.0655,12.750254008420072,382.5076202526021,1.0,-0.0,12.750254008420072
26,34,June,32,1.0655,4.879810913260677,146.3943273978203,1.0,-0.0,4.879810913260677
26,34,March,17,1.0655,3.5965715685851194,111.4937186261387,1.0,-0.0,3.5965715685851194
26,34,May,17,1.0655,19.733810497687728,611.7481254283196,1.0,-0.0,19.733810497687728
26,34,May,20,1.0655,3.2550975208005113,100.90802314481584,1.0,-0.0,3.2550975208005113
26,34,May,21,1.0655,15.19528700884387,471.05389727415997,1.0,-0.0,15.19528700884387
26,34,May,24,1.0655,5.363364502787735,166.26429958641978,1.0,-0.0,5.363364502787735
26,34,May,29,1.0655,19.999999000000056,619.9999690000018,1.0,0.0,19.999999000000003
26,34,May,31,1.0655,7.672080171741555,237.83448532398822,1.0,-0.0,7.672080171741555
26,34,May,32,1.0655,2.5529673940767683,79.14198921637981,1.0,-0.0,2.5529673940767683
26,34,November,17,1.0655,3.5965715685851194,107.89714705755358,1.0,-0.0,3.5965715685851194
26,34,October,17,1.0655,3.5965715685851265,111.49371862613893,1.0,-0.0,3.5965715685851265
26,34,September,17,1.0655,3.5965715685851194,107.89714705755358,1.0,-0.0,3.5965715685851194
26,34,September,30,1.0655,4.211014833333383,126.3304450000015,1.0,-0.0,4.211014833333383
27,34,April,14,0.9431,8.028540684501941,240.85622053505824,1.0,-0.0,8.028540684501941
27,34,April,15,0.9431,9.25228888314576,277.5686664943728,1.0,-0.0,9.25228888314576
27,34,April,21,0.9431,1.311355897081265,39.34067691243796,1.0,0.0,1.311355897081265
27,34,April,32,0.9431,1.533958927710259,46.01876783130777,1.0,0.0,1.533958927710259
27,34,August,14,0.9431,8.028540684501941,248.88476121956018,1.0,-0.0,8.028540684501941
27,34,August,15,0.9431,9.25228888314576,286.82095537751854,1.0,-0.0,9.25228888314576
27,34,December,14,0.9431,8.028540684501941,248.88476121956018,1.0,-0.0,8.028540684501941
27,34,December,15,0.9431,9.252288883145603,286.8209553775137,1.0,-0.0,9.252288883145603
27,34,February,14,0.9431,8.028540684501941,224.79913916605435,1.0,-0.0,8.028540684501941
27,34,February,15,0.9431,9.252288883145738,259.06408872808066,1.0,-0.0,9.252288883145738
27,34,January,14,0.9431,8.028540684501941,248.88476121956018,1.0,-0.0,8.028540684501941
27,34,January,15,0.9431,9.252288883145738,286.82095537751786,1.0,-0.0,9.252288883145738
27,34,July,14,0.9431,8.028540684501941,248.88476121956018,1.0,-0.0,8.028540684501941
27,34,July,15,0.9431,9.252288883145603,286.8209553775137,1.0,-0.0,9.252288883145603
27,34,June,14,0.9431,8.028540684501962,240.85622053505887,1.0,-0.0,8.028540684501962
27,34,June,15,0.9431,9.25228888314576,277.5686664943728,1.0,-0.0,9.25228888314576
27,34,June,32,0.9431,3.8200942644495797,114.60282793348739,1.0,0.0,3.8200942644495797
27,34,March,14,0.9431,8.028540684501941,248.88476121956018,1.0,-0.0,8.028540684501941
27,34,March,15,0.9431,9.252288883145603,286.8209553775137,1.0,-0.0,9.252288883145603
27,34,May,14,0.9431,8.028540684501962,248.88476121956083,1.0,-0.0,8.028540684501962
27,34,May,15,0.9431,25.330298560565,785.2392553775151,1.0,1.0,5.330298556526847
27,34,May,16,0.9431,4.947001750675202,153.35705427093126,1.0,-0.0,4.947001750675202
27,34,May,32,0.9431,6.868034958364666,212.90908370930464,1.0,0.0,6.868034958364666
27,34,November,14,0.9431,8.028540684501941,240.85622053505824,1.0,-0.0,8.028540684501941
27,34,November,15,0.9431,9.252288883145738,277.5686664943721,1.0,-0.0,9.252288883145738
27,34,October,14,0.9431,8.028540684501941,248.88476121956018,1.0,-0.0,8.028540684501941
27,34,October,15,0.9431,9.252288883145738,286.82095537751786,1.0,-0.0,9.252288883145738
27,34,September,14,0.9431,8.028540684501941,240.85622053505824,1.0,-0.0,8.028540684501941
27,34,September,15,0.9431,9.25228888314576,277.5686664943728,1.0,-0.0,9.25228888314576
29,30,April,27,1.1769,2.4441465667301756,73.32439700190527,1.0,0.0,2.4441465667301756
29,30,April,28,1.1769,8.277050810505486,248.31152431516458,1.0,0.0,8.277050810505486
29,30,April,33,1.1769,5.312750878516409,159.38252635549227,1.0,0.0,5.312750878516409
29,30,April,35,1.1769,8.491703611274382,254.75110833823146,1.0,0.0,8.491703611274382
29,30,August,33,1.1769,2.73491640067121,84.78240842080751,1.0,0.0,2.73491640067121
29,30,August,35,1.1769,8.491703611274382,263.24281194950584,1.0,0.0,8.491703611274382
29,30,December,33,1.1769,2.73491640067121,84.78240842080751,1.0,0.0,2.73491640067121
29,30,December,35,1.1769,8.491703611274382,263.24281194950584,1.0,0.0,8.491703611274382
29,30,February,33,1.1769,2.73491640067121,76.57765921879388,1.0,0.0,2.73491640067121
29,30,February,35,1.1769,8.491703611274382,237.76770111568268,1.0,0.0,8.491703611274382
29,30,January,33,1.1769,2.73491640067121,84.78240842080751,1.0,0.0,2.73491640067121
29,30,January,35,1.1769,8.491703611274382,263.24281194950584,1.0,0.0,8.491703611274382
29,30,July,33,1.1769,2.73491640067121,84.78240842080751,1.0,0.0,2.73491640067121
29,30,July,35,1.1769,8.491703611274382,263.24281194950584,1.0,0.0,8.491703611274382
29,30,June,27,1.1769,0.9669155667301723,29.00746700190517,1.0,0.0,0.9669155667301723
29,30,June,28,1.1769,9.499719810505482,284.99159431516443,1.0,0.0,9.499719810505482
29,30,June,30,1.1769,5.198126330653658,155.94378991960974,1.0,0.0,5.198126330653658
29,30,June,32,1.1769,12.525812252946974,375.77436758840923,1.0,0.0,12.525812252946974
29,30,June,33,1.1769,6.991465938550785,209.74397815652355,1.0,0.0,6.991465938550785
29,30,June,34,1.1769,12.153296785266187,364.59890355798564,1.0,0.0,12.153296785266187
29,30,June,35,1.1769,8.491703611274382,254.75110833823146,1.0,0.0,8.491703611274382
29,30,March,33,1.1769,2.73491640067121,84.78240842080751,1.0,0.0,2.73491640067121
29,30,March,35,1.1769,8.491703611274382,263.24281194950584,1.0,0.0,8.491703611274382
29,30,May,33,1.1769,15.896328257962123,492.7861759968258,1.0,0.0,15.896328257962123
29,30,May,34,1.1769,10.711011548707047,332.04135800991844,1.0,0.0,10.711011548707047
29,30,May,35,1.1769,8.491703611274382,263.24281194950584,1.0,0.0,8.491703611274382
29,30,November,33,1.1769,2.73491640067121,82.0474920201363,1.0,0.0,2.73491640067121
29,30,November,35,1.1769,8.491703611274382,254.75110833823146,1.0,0.0,8.491703611274382
29,30,October,33,1.1769,2.73491640067121,84.78240842080751,1.0,0.0,2.73491640067121
29,30,October,35,1.1769,8.491703611274382,263.24281194950584,1.0,0.0,8.491703611274382
29,30,September,33,1.1769,2.73491640067121,82.0474920201363,1.0,0.0,2.73491640067121
29,30,September,35,1.1769,8.491703611274382,254.75110833823146,1.0,0.0,8.491703611274382
30,29,April,18,1.1769,9.38957679782936,281.6873039348808,1.0,0.0,9.38957679782936
30,29,April,19,1.1769,7.758710501915218,232.76131505745653,1.0,0.0,7.758710501915218
30,29,August,18,1.1769,7.771322627283709,240.91100144579497,1.0,0.0,7.771322627283709
30,29,December,18,1.1769,7.771322627283709,240.91100144579497,1.0,0.0,7.771322627283709
30,29,February,18,1.1769,7.771322627283709,217.59703356394385,1.0,0.0,7.771322627283709
30,29,January,18,1.1769,7.771322627283709,240.91100144579497,1.0,0.0,7.771322627283709
30,29,July,18,1.1769,7.771322627283709,240.91100144579497,1.0,0.0,7.771322627283709
30,29,July,19,1.1769,4.487482276108764,139.11195055937168,1.0,0.0,4.487482276108764
30,29,June,15,1.1769,3.417552427027312,102.52657281081936,1.0,0.0,3.417552427027312
30,29,June,18,1.1769,26.192782047829365,785.7834614348809,1.0,1.0,6.192782047829365
30,29,June,19,1.1769,13.367273293321894,401.01819879965683,1.0,0.0,13.367273293321894
30,29,March,18,1.1769,7.771322627283709,240.91100144579497,1.0,0.0,7.771322627283709
30,29,May,15,1.1769,8.61400532658253,267.03416512405846,1.0,0.0,8.61400532658253
30,29,May,18,1.1769,32.11912945911969,995.6930132327104,1.0,1.0,12.11912945911969
30,29,May,19,1.1769,13.367273293321894,414.3854720929787,1.0,0.0,13.367273293321894
30,29,November,18,1.1769,7.771322627283709,233.13967881851127,1.0,0.0,7.771322627283709
30,29,October,18,1.1769,7.771322627283709,240.91100144579497,1.0,0.0,7.771322627283709
30,29,September,18,1.1769,9.38957679782936,281.6873039348808,1.0,0.0,9.38957679782936
30,38,April,16,1.0958,0.3027530047000795,9.082590141002385,1.0,0.0,0.3027530047000795
30,38,August,16,1.0958,0.3027530047000795,9.385343145702464,1.0,0.0,0.3027530047000795
30,38,December,16,1.0958,0.3027530047000795,9.385343145702464,1.0,0.0,0.3027530047000795
30,38,February,16,1.0958,0.3027530047000795,8.477084131602226,1.0,0.0,0.3027530047000795
30,38,January,16,1.0958,0.3027530047000795,9.385343145702464,1.0,0.0,0.3027530047000795
30,38,July,16,1.0958,0.3027530047000795,9.385343145702464,1.0,0.0,0.3027530047000795
30,38,June,16,1.0958,0.3027530047000795,9.082590141002385,1.0,0.0,0.3027530047000795
30,38,June,37,1.0958,0.4363637663475295,13.090912990425885,1.0,0.0,0.4363637663475295
30,38,March,16,1.0958,0.3027530047000795,9.385343145702464,1.0,0.0,0.3027530047000795
30,38,May,15,1.0958,1.0295522556054808,31.916119923769905,1.0,0.0,1.0295522556054808
30,38,May,16,1.0958,0.3027530047000795,9.385343145702464,1.0,0.0,0.3027530047000795
30,38,May,37,1.0958,1.2192131615088222,37.79560800677349,1.0,0.0,1.2192131615088222
30,38,November,16,1.0958,0.3027530047000795,9.082590141002385,1.0,0.0,0.3027530047000795
30,38,October,16,1.0958,0.3027530047000795,9.385343145702464,1.0,0.0,0.3027530047000795
30,38,September,16,1.0958,0.3027530047000795,9.082590141002385,1.0,0.0,0.3027530047000795
32,24,April,17,1.4092,4.451795910624412,133.55387731873236,1.0,-0.0,4.451795910624185
32,24,August,17,1.4092,4.451795910624481,138.00567322935893,1.0,-0.0,4.451795910624481
32,24,December,17,1.4092,4.451795910624481,138.00567322935893,1.0,-0.0,4.451795910624481
32,24,February,17,1.4092,4.4517959106242415,124.65028549747876,1.0,-0.0,4.4517959106242415
32,24,January,17,1.4092,4.451795910624412,138.00567322935677,1.0,-0.0,4.451795910624185
32,24,July,17,1.4092,4.451795910624443,138.00567322935774,1.0,-0.0,4.451795910624443
32,24,June,17,1.4092,4.451795910624185,133.55387731872554,1.0,-0.0,4.451795910624185
32,24,March,17,1.4092,4.451795910624436,138.0056732293575,1.0,-0.0,4.451795910624436
32,24,May,17,1.4092,4.451795910624443,138.00567322935774,1.0,-0.0,4.451795910624443
32,24,November,17,1.4092,4.451795910624185,133.55387731872554,1.0,-0.0,4.451795910624185
32,24,October,17,1.4092,4.451795910624443,138.00567322935774,1.0,-0.0,4.451795910624443
32,24,September,17,1.4092,4.451795910624443,133.5538773187333,1.0,-0.0,4.451795910624443
32,25,June,12,1.0655,0.30263377635259214,9.079013290577764,1.0,-0.0,0.30263377635259214
32,25,June,13,1.0655,5.975199642115648,179.25598926346942,1.0,-0.0,5.975199642115648
32,25,May,12,1.0655,0.3679162037719479,11.405402316930385,1.0,-0.0,0.3679162037719479
32,25,May,13,1.0655,8.240057029212423,255.4417679055851,1.0,-0.0,8.240057029212423
33,25,April,16,1.079,7.478117850832575,224.34353552497726,1.0,-0.0,7.478117850832575
33,25,April,17,1.079,17.47560140245716,524.2680420737147,1.0,-0.0,17.47560140245716
33,25,August,16,1.079,7.478117850832575,231.82165337580983,1.0,-0.0,7.478117850832575
33,25,August,17,1.079,17.47560140245716,541.7436434761719,1.0,-0.0,17.47560140245716
33,25,December,16,1.079,7.478117850832575,231.82165337580983,1.0,-0.0,7.478117850832575
33,25,December,17,1.079,17.47560141062813,541.7436437294721,1.0,0.0,17.475601410627466
33,25,February,16,1.079,7.478117850832575,209.3872998233121,1.0,-0.0,7.478117850832575
33,25,February,17,1.079,17.47560140245716,489.31683926880044,1.0,-0.0,17.47560140245716
33,25,January,16,1.079,7.478117850832575,231.82165337580983,1.0,-0.0,7.478117850832575
33,25,January,17,1.079,17.47560140245716,541.7436434761719,1.0,-0.0,17.47560140245716
33,25,July,16,1.079,7.478117850832575,231.82165337580983,1.0,-0.0,7.478117850832575
33,25,July,17,1.079,17.47560140245716,541.7436434761719,1.0,-0.0,17.47560140245716
33,25,June,16,1.079,7.478117850832575,224.34353552497726,1.0,-0.0,7.478117850832575
33,25,June,17,1.079,8.460946646436179,253.82839939308536,1.0,0.0,8.460946646436179
33,25,March,16,1.079,7.478117850832575,231.82165337580983,1.0,-0.0,7.478117850832575
33,25,March,17,1.079,17.47560140245716,541.7436434761719,1.0,-0.0,17.47560140245716
33,25,May,16,1.079,7.478117850832575,231.82165337580983,1.0,-0.0,7.478117850832575
33,25,May,17,1.079,1.3383624733545325,41.489236673990504,1.0,-0.0,1.3383624733545325
33,25,November,16,1.079,7.478117850832575,224.34353552497726,1.0,-0.0,7.478117850832575
33,25,November,17,1.079,17.47560140245716,524.2680420737147,1.0,-0.0,17.47560140245716
33,25,October,16,1.079,7.478117850832575,231.82165337580983,1.0,-0.0,7.478117850832575
33,25,October,17,1.079,17.47560140245715,541.7436434761717,1.0,-0.0,17.47560140245715
33,25,September,16,1.079,7.478117850832575,224.34353552497726,1.0,-0.0,7.478117850832575
33,25,September,17,1.079,17.47560140245716,524.2680420737147,1.0,0.0,17.47560140245716
33,26,April,17,1.0994,21.331291330457702,639.9387399137311,1.0,1.0,1.3312913304575709
33,26,August,17,1.0994,21.331291330457702,661.2700312441888,1.0,1.0,1.3312913304577023
33,26,December,17,1.0994,21.33129132228673,661.2700309908887,1.0,1.0,1.331291322286127
33,26,February,17,1.0994,21.331291330457702,597.2761572528157,1.0,1.0,1.3312913304577023
33,26,January,17,1.0994,21.331291330457702,661.2700312441888,1.0,1.0,1.3312913304577023
33,26,July,17,1.0994,21.331291330457702,661.2700312441888,1.0,1.0,1.3312913304577023
33,26,June,17,1.0994,30.345946086478683,910.3783825943605,1.0,1.0,10.345946086478683
33,26,June,28,1.0994,6.443624930702875,193.30874792108625,1.0,-0.0,6.443624930702875
33,26,June,30,1.0994,10.441527609865105,313.2458282959532,1.0,-0.0,10.441527609865105
33,26,March,17,1.0994,21.331291330457702,661.2700312441888,1.0,1.0,1.3312913304577023
33,26,May,17,1.0994,37.46853025956031,1161.5244380463696,1.0,1.0,17.46853025956031
33,26,May,22,1.0994,0.685681816485431,21.256136311048362,1.0,-0.0,0.685681816485431
33,26,November,17,1.0994,21.331291330457702,639.9387399137311,1.0,1.0,1.3312913304577023
33,26,October,17,1.0994,21.33129133045771,661.270031244189,1.0,1.0,1.3312913304577094
33,26,September,17,1.0994,21.331291330457702,639.9387399137311,1.0,1.0,1.3312913304577023
34,27,April,26,0.9431,6.872848918686277,206.1854675605883,1.0,-0.0,6.872848918686277
34,27,April,33,0.9431,1.802282537838522,54.06847613515566,1.0,-0.0,1.802282537838522
34,27,April,34,0.9431,12.755821372270084,382.67464116810254,1.0,-0.0,12.755821372270084
34,27,August,26,0.9431,11.908126418686237,369.1519189792733,1.0,-0.0,11.908126418686237
34,27,August,33,0.9431,1.802282537838522,55.870758672994185,1.0,-0.0,1.802282537838522
34,27,August,34,0.9431,12.75582137227008,395.4304625403725,1.0,-0.0,12.75582137227008
34,27,December,26,0.9431,6.408126418685633,198.65191897925462,1.0,-0.0,6.408126418685633
34,27,December,33,0.9431,1.802282537838522,55.870758672994185,1.0,-0.0,1.802282537838522
34,27,December,34,0.9431,12.755821372270084,395.4304625403726,1.0,-0.0,12.755821372270084
34,27,February,26,0.9431,5.084618115114219,142.36930722319815,1.0,-0.0,5.084618115114219
34,27,February,33,0.9431,1.802282537838522,50.46391105947862,1.0,-0.0,1.802282537838522
34,27,February,34,0.9431,12.755821372270077,357.16299842356216,1.0,-0.0,12.755821372270077
34,27,January,26,0.9431,6.408126418686237,198.65191897927335,1.0,-0.0,6.408126418686237
34,27,January,33,0.9431,1.8022825378390908,55.870758673011814,1.0,0.0,1.8022825378390908
34,27,January,34,0.9431,12.755821372270084,395.4304625403726,1.0,-0.0,12.755821372270084
34,27,July,26,0.9431,11.908126418686116,369.1519189792696,1.0,-0.0,11.908126418686116
34,27,July,33,0.9431,1.802282537838522,55.870758672994185,1.0,-0.0,1.802282537838522
34,27,July,34,0.9431,12.755821372270688,395.4304625403913,1.0,-0.0,12.755821372270688
34,27,June,19,0.9431,1.5393232287517034,46.1796968625511,1.0,-0.0,1.5393232287517034
34,27,June,26,0.9431,6.6445265853529385,199.33579756058816,1.0,-0.0,6.6445265853529385
34,27,June,33,0.9431,1.802282537838522,54.06847613515566,1.0,-0.0,1.802282537838522
34,27,June,34,0.9431,12.75582137227008,382.6746411681024,1.0,-0.0,12.75582137227008
34,27,March,26,0.9431,6.408126418686237,198.65191897927335,1.0,-0.0,6.408126418686237
34,27,March,33,0.9431,1.802282537838522,55.870758672994185,1.0,-0.0,1.802282537838522
34,27,March,34,0.9431,12.75582137227008,395.4304625403725,1.0,-0.0,12.75582137227008
34,27,May,19,0.9431,4.4065903893414955,136.60430206958637,1.0,-0.0,4.4065903893414955
34,27,May,26,0.9431,6.408126418685629,198.65191897925448,1.0,-0.0,6.408126418685629
34,27,May,33,0.9431,1.802282537838522,55.870758672994185,1.0,-0.0,1.802282537838522
34,27,May,34,0.9431,12.75582137227008,395.4304625403725,1.0,-0.0,12.75582137227008
34,27,November,26,0.9431,6.408126418686237,192.2437925605871,1.0,-0.0,6.408126418686237
34,27,November,33,0.9431,1.802282537838522,54.06847613515566,1.0,-0.0,1.802282537838522
34,27,November,34,0.9431,12.755821372270084,382.67464116810254,1.0,-0.0,12.755821372270084
34,27,October,26,0.9431,6.408126418686237,198.65191897927335,1.0,-0.0,6.408126418686237
34,27,October,33,0.9431,1.802282537838522,55.870758672994185,1.0,0.0,1.802282537838522
34,27,October,34,0.9431,12.755821372270084,395.4304625403726,1.0,-0.0,12.755821372270084
34,27,September,19,0.9431,2.9507728060081764,88.5231841802453,1.0,-0.0,2.9507728060081764
34,27,September,26,0.9431,11.908126418686116,357.2437925605835,1.0,-0.0,11.908126418686116
34,27,September,33,0.9431,1.802282537838522,54.06847613515566,1.0,-0.0,1.802282537838522
34,27,September,34,0.9431,12.75582137227008,382.6746411681024,1.0,-0.0,12.75582137227008
34,42,April,19,1.096,2.8291724999999994,84.87517499999998,1.0,-0.0,2.8291724999999994
34,42,February,26,1.096,1.3235083035714283,37.058232499999995,1.0,-0.0,1.3235083035714283
34,42,July,19,1.096,2.055513709677419,63.72092499999999,1.0,-0.0,2.055513709677419
34,42,June,19,1.096,2.8457938333333335,85.37381500000001,1.0,-0.0,2.8457938333333335
34,42,September,19,1.096,1.4558175833333333,43.674527499999996,1.0,-0.0,1.4558175833333333
36,28,April,29,1.3396,2.8728349736559693,86.18504920967908,1.0,0.0,2.8728349736559693
36,28,July,20,1.3396,0.21531210788497646,6.67467534443427,1.0,0.0,0.21531210788497646
36,28,May,19,1.3396,15.696168160084127,486.58121296260794,1.0,0.0,15.696168160084127
36,28,May,20,1.3396,25.0,775.0,1.0,1.0,5.0
36,29,April,20,1.3576,1.696047090785683,50.88141272357049,1.0,0.0,1.696047090785683
36,29,August,20,1.3576,0.4700258402379234,14.570801047375625,1.0,0.0,0.4700258402379234
36,29,December,20,1.3576,0.4700258402379234,14.570801047375625,1.0,0.0,0.4700258402379234
36,29,February,20,1.3576,0.4700258402379234,13.160723526661855,1.0,0.0,0.4700258402379234
36,29,January,20,1.3576,0.4700258402379234,14.570801047375625,1.0,0.0,0.4700258402379234
36,29,July,20,1.3576,0.2547137323529469,7.8961257029413545,1.0,0.0,0.2547137323529469
36,29,June,20,1.3576,1.696047090785683,50.88141272357049,1.0,0.0,1.696047090785683
36,29,March,20,1.3576,0.4700258402379234,14.570801047375625,1.0,0.0,0.4700258402379234
36,29,May,20,1.3576,1.696047090785683,52.577459814356175,1.0,0.0,1.696047090785683
36,29,November,20,1.3576,0.4700258402379234,14.100775207137701,1.0,0.0,0.4700258402379234
36,29,October,20,1.3576,0.4700258402379234,14.570801047375625,1.0,0.0,0.4700258402379234
36,29,September,20,1.3576,0.4700258402379234,14.100775207137701,1.0,0.0,0.4700258402379234
38,30,April,18,1.0958,4.506063772361912,135.18191317085737,1.0,0.0,4.506063772361912
38,30,August,18,1.0958,4.506063772361912,139.68797694321927,1.0,0.0,4.506063772361912
38,30,December,18,1.0958,4.506063772361912,139.68797694321927,1.0,0.0,4.506063772361912
38,30,February,18,1.0958,4.506063772361912,126.16978562613355,1.0,0.0,4.506063772361912
38,30,January,18,1.0958,4.506063772361912,139.68797694321927,1.0,0.0,4.506063772361912
38,30,July,18,1.0958,4.506063772361912,139.68797694321927,1.0,0.0,4.506063772361912
38,30,June,18,1.0958,4.506063772361912,135.18191317085737,1.0,0.0,4.506063772361912
38,30,March,18,1.0958,4.506063772361912,139.68797694321927,1.0,0.0,4.506063772361912
38,30,May,18,1.0958,4.506063772361912,139.68797694321927,1.0,0.0,4.506063772361912
38,30,November,18,1.0958,4.506063772361912,135.18191317085737,1.0,0.0,4.506063772361912
38,30,October,18,1.0958,4.506063772361912,139.68797694321927,1.0,0.0,4.506063772361912
38,30,September,18,1.0958,4.506063772361912,135.18191317085737,1.0,0.0,4.506063772361912
39,40,April,20,0.8239,15.785553837242325,473.56661511726975,1.0,0.0,15.785553837242325
39,40,April,21,0.8239,1.3713506477564152,41.14051943269246,1.0,0.0,1.3713506477564152
39,40,April,34,0.8239,1.6448609317889336,49.34582795366801,1.0,0.0,1.6448609317889336
39,40,August,21,0.8239,0.10165576289952938,3.1513286498854107,1.0,0.0,0.10165576289952938
39,40,August,34,0.8239,1.6669949784251639,51.67684433118008,1.0,0.0,1.6669949784251639
39,40,July,20,0.8239,5.09944167687209,158.08269198303478,1.0,0.0,5.09944167687209
39,40,July,21,0.8239,12.219679633867276,378.8100686498856,1.0,0.0,12.219679633867276
39,40,June,19,0.8239,0.34630185037904226,10.389055511371268,1.0,0.0,0.34630185037904226
39,40,June,20,0.8239,15.483479170575649,464.50437511726943,1.0,0.0,15.483479170575649
39,40,March,20,0.8239,0.9584795589681789,29.712866328013547,1.0,0.0,0.9584795589681789
39,40,September,20,0.8239,0.9584795589681789,28.754386769045368,1.0,0.0,0.9584795589681789
39,40,September,21,0.8239,2.4275726338672747,72.82717901601825,1.0,0.0,2.4275726338672747
39,48,April,16,1.4229,10.936688471155549,328.10065413466646,1.0,0.0,10.936688471155549
39,48,August,16,1.4229,10.936688471155549,339.037342605822,1.0,0.0,10.936688471155549
39,48,December,16,1.4229,10.936688471155549,339.037342605822,1.0,0.0,10.936688471155549
39,48,February,16,1.4229,10.936688471155549,306.22727719235536,1.0,0.0,10.936688471155549
39,48,January,16,1.4229,10.936688471155549,339.037342605822,1.0,0.0,10.936688471155549
39,48,July,16,1.4229,10.936688471155549,339.037342605822,1.0,0.0,10.936688471155549
39,48,June,16,1.4229,10.936688471155549,328.10065413466646,1.0,0.0,10.936688471155549
39,48,March,16,1.4229,10.936688471155549,339.037342605822,1.0,0.0,10.936688471155549
39,48,May,16,1.4229,10.936688471155549,339.037342605822,1.0,0.0,10.936688471155549
39,48,November,16,1.4229,10.936688471155549,328.10065413466646,1.0,0.0,10.936688471155549
39,48,October,16,1.4229,10.936688471155549,339.037342605822,1.0,0.0,10.936688471155549
39,48,September,16,1.4229,10.936688471155549,328.10065413466646,1.0,0.0,10.936688471155549
40,39,August,25,0.8239,8.377012070850313,259.6873741963597,1.0,0.0,8.377012070850313
40,39,September,25,0.8239,1.1809252007519504,35.42775602255851,1.0,0.0,1.1809252007519504
40,39,September,26,0.8239,5.35240701874363,160.5722105623089,1.0,0.0,5.35240701874363
40,39,September,27,0.8239,1.612802854226679,48.38408562680037,1.0,0.0,1.612802854226679
40,39,September,28,0.8239,0.1,3.0,1.0,0.0,0.1
40,48,April,16,1.1288,5.479473000188875,164.38419000566626,1.0,0.0,5.479473000188875
40,48,August,16,1.1288,5.479473000188875,169.86366300585513,1.0,0.0,5.479473000188875
40,48,December,16,1.1288,5.479473000188875,169.86366300585513,1.0,0.0,5.479473000188875
40,48,February,16,1.1288,5.479473000188875,153.4252440052885,1.0,0.0,5.479473000188875
40,48,January,16,1.1288,5.479473000188875,169.86366300585513,1.0,0.0,5.479473000188875
40,48,July,16,1.1288,5.479473000188875,169.86366300585513,1.0,0.0,5.479473000188875
40,48,June,16,1.1288,5.479473000188875,164.38419000566626,1.0,0.0,5.479473000188875
40,48,March,16,1.1288,5.479473000188875,169.86366300585513,1.0,0.0,5.479473000188875
40,48,May,16,1.1288,5.479473000188875,169.86366300585513,1.0,0.0,5.479473000188875
40,48,November,16,1.1288,5.479473000188875,164.38419000566626,1.0,0.0,5.479473000188875
40,48,October,16,1.1288,5.479473000188875,169.86366300585513,1.0,0.0,5.479473000188875
40,48,September,16,1.1288,5.479473000188875,164.38419000566626,1.0,0.0,5.479473000188875
41,42,April,18,0.9809,7.213328569205231,216.39985707615693,1.0,-0.0,7.213328569205231
41,42,April,20,0.9809,2.8291724999999994,84.87517499999998,1.0,-0.0,2.8291724999999994
41,42,April,21,0.9809,2.2321166162483372,66.96349848745012,1.0,-0.0,2.2321166162483372
41,42,April,22,0.9809,3.1837328333333326,95.51198499999998,1.0,-0.0,3.1837328333333326
41,42,August,18,0.9809,7.213328569205231,223.61318564536217,1.0,-0.0,7.213328569205231
41,42,December,18,0.9809,7.213328569205082,223.61318564535753,1.0,-0.0,7.213328569205082
41,42,February,18,0.9809,7.213328569205231,201.97319993774647,1.0,-0.0,7.213328569205231
41,42,January,18,0.9809,7.213328569205082,223.61318564535753,1.0,-0.0,7.213328569205082
41,42,July,18,0.9809,7.213328569205231,223.61318564536217,1.0,-0.0,7.213328569205231
41,42,June,18,0.9809,7.213328569205231,216.39985707615693,1.0,-0.0,7.213328569205231
41,42,June,20,0.9809,2.8457938333333335,85.37381500000001,1.0,-0.0,2.8457938333333335
41,42,June,21,0.9809,3.3662627499999993,100.98788249999998,1.0,-0.0,3.3662627499999993
41,42,March,18,0.9809,7.213328569205231,223.61318564536217,1.0,-0.0,7.213328569205231
41,42,May,18,0.9809,7.213328569205231,223.61318564536217,1.0,-0.0,7.213328569205231
41,42,May,19,0.9809,3.5923885483870963,111.36404499999999,1.0,-0.0,3.5923885483870963
41,42,May,20,0.9809,3.5923885483870963,111.36404499999999,1.0,-0.0,3.5923885483870963
41,42,November,18,0.9809,7.213328569205231,216.39985707615693,1.0,-0.0,7.213328569205231
41,42,October,18,0.9809,7.213328569205231,223.61318564536217,1.0,-0.0,7.213328569205231
41,42,September,18,0.9809,7.213328569205231,216.39985707615693,1.0,-0.0,7.213328569205231
43,44,April,28,1.3113,5.813695132479625,174.41085397438874,1.0,0.0,5.813695132479625
43,44,April,29,1.3113,32.989364385851935,989.680931575558,1.0,1.0,12.989364385851935
43,44,April,30,1.3113,5.715500708890744,171.46502126672232,1.0,0.0,5.715500708890744
43,44,August,29,1.3113,20.601529342524373,638.6474096182556,1.0,1.0,0.6015293425243726
43,44,July,29,1.3113,20.601529342524373,638.6474096182556,1.0,1.0,0.6015293425243726
43,44,June,29,1.3113,23.625809655823495,708.7742896747048,1.0,1.0,3.6258096558234953
43,44,May,29,1.3113,16.73489305220179,518.7816846182556,1.0,0.0,16.73489305220179
43,44,September,29,1.3113,20.601529342524373,618.0458802757312,1.0,1.0,0.6015293425243726
43,50,April,16,1.1113,0.12568135896836224,3.7704407690508672,1.0,0.0,0.12568135896836224
43,50,April,17,1.1113,2.506715844364386,75.20147533093159,1.0,0.0,2.506715844364386
43,50,April,18,1.1113,0.9508416666666668,28.525250000000003,1.0,0.0,0.9508416666666668
43,50,April,28,1.1113,1.902113006249999,57.06339018749997,1.0,0.0,1.902113006249999
43,50,April,29,1.1113,1.1361083333333333,34.08325,1.0,0.0,1.1361083333333333
43,50,April,30,1.1113,1.1361083333333333,34.08325,1.0,0.0,1.1361083333333333
43,50,August,17,1.1113,2.506715844364386,77.70819117529598,1.0,0.0,2.506715844364386
43,50,December,17,1.1113,2.506715844364386,77.70819117529598,1.0,0.0,2.506715844364386
43,50,December,29,1.1113,20.601529342524373,638.6474096182556,1.0,1.0,0.6015293425243726
43,50,February,17,1.1113,2.8469464285714285,79.7145,1.0,0.0,2.8469464285714285
43,50,February,29,1.1113,20.601529342524373,576.8428215906824,1.0,1.0,0.6015293425243726
43,50,January,17,1.1113,2.506715844364386,77.70819117529598,1.0,0.0,2.506715844364386
43,50,January,29,1.1113,20.601529342524373,638.6474096182556,1.0,1.0,0.6015293425243726
43,50,July,17,1.1113,2.506715844364386,77.70819117529598,1.0,0.0,2.506715844364386
43,50,June,15,1.1113,0.40397279017796583,12.119183705338974,1.0,0.0,0.40397279017796583
43,50,June,16,1.1113,0.7401066666666667,22.203200000000002,1.0,0.0,0.7401066666666667
43,50,June,17,1.1113,2.506715844364386,75.20147533093159,1.0,0.0,2.506715844364386
43,50,June,18,1.1113,1.0914675000000003,32.74402500000001,1.0,0.0,1.0914675000000003
43,50,March,15,1.1113,0.2862685483870968,8.874325,1.0,0.0,0.2862685483870968
43,50,March,16,1.1113,0.2862685483870968,8.874325,1.0,0.0,0.2862685483870968
43,50,March,17,1.1113,2.506715844364386,77.70819117529598,1.0,0.0,2.506715844364386
43,50,March,18,1.1113,0.5156790322580646,15.98605,1.0,0.0,0.5156790322580646
43,50,March,29,1.1113,20.601529342524373,638.6474096182556,1.0,1.0,0.6015293425243726
43,50,May,15,1.1113,0.7300076114629266,22.630235955350724,1.0,0.0,0.7300076114629266
43,50,May,16,1.1113,0.8441451612903226,26.1685,1.0,0.0,0.8441451612903226
43,50,May,17,1.1113,2.506715844364386,77.70819117529598,1.0,0.0,2.506715844364386
43,50,May,18,1.1113,1.2462024193548387,38.632275,1.0,0.0,1.2462024193548387
43,50,May,29,1.1113,3.866636290322581,119.86572500000001,1.0,0.0,3.866636290322581
43,50,November,17,1.1113,2.506715844364386,75.20147533093159,1.0,0.0,2.506715844364386
43,50,November,29,1.1113,20.601529342524373,618.0458802757312,1.0,1.0,0.6015293425243726
43,50,October,17,1.1113,2.506715844364386,77.70819117529598,1.0,0.0,2.506715844364386
43,50,October,29,1.1113,20.601529342524373,638.6474096182556,1.0,1.0,0.6015293425243726
43,50,September,17,1.1113,3.0082,90.246,1.0,0.0,3.0082
43,51,March,19,1.2236,0.35999170203735087,11.159742763157876,1.0,0.0,0.35999170203735087
44,43,April,35,1.3113,3.299074864944984,98.97224594834952,1.0,0.0,3.299074864944984
44,43,August,35,1.3113,3.299074864944984,102.27132081329451,1.0,0.0,3.299074864944984
44,43,December,35,1.3113,3.299074864944984,102.27132081329451,1.0,0.0,3.299074864944984
44,43,February,35,1.3113,3.299074864944984,92.37409621845956,1.0,0.0,3.299074864944984
44,43,January,35,1.3113,3.299074864944984,102.27132081329451,1.0,0.0,3.299074864944984
44,43,July,35,1.3113,3.299074864944984,102.27132081329451,1.0,0.0,3.299074864944984
44,43,June,35,1.3113,3.299074864944984,98.97224594834952,1.0,0.0,3.299074864944984
44,43,March,20,1.3113,4.387042483308344,135.99831698255866,1.0,0.0,4.387042483308344
44,43,March,21,1.3113,5.405652826943754,167.57523763525637,1.0,0.0,5.405652826943754
44,43,March,35,1.3113,3.299074864944984,102.27132081329451,1.0,0.0,3.299074864944984
44,43,May,35,1.3113,3.299074864944984,102.27132081329451,1.0,0.0,3.299074864944984
44,43,November,35,1.3113,3.299074864944984,98.97224594834952,1.0,0.0,3.299074864944984
44,43,October,35,1.3113,3.299074864944984,102.27132081329451,1.0,0.0,3.299074864944984
44,43,September,20,1.3113,3.372853816641678,101.18561449925033,1.0,0.0,3.372853816641678
44,43,September,35,1.3113,3.299074864944984,98.97224594834952,1.0,0.0,3.299074864944984
44,52,April,19,1.3985,10.943882670396498,328.3164801118949,1.0,0.0,10.943882670396498
45,44,April,28,1.4524,4.262270179230768,127.86810537692304,1.0,0.0,4.262270179230768
45,44,August,28,1.4524,4.262270179230768,132.1303755561538,1.0,0.0,4.262270179230768
45,44,December,28,1.4524,4.262270179230768,132.1303755561538,1.0,0.0,4.262270179230768
45,44,February,28,1.4524,4.262270179230768,119.3435650184615,1.0,0.0,4.262270179230768
45,44,January,28,1.4524,4.262270179230768,132.1303755561538,1.0,0.0,4.262270179230768
45,44,July,28,1.4524,4.262270179230768,132.1303755561538,1.0,0.0,4.262270179230768
45,44,June,27,1.4524,16.546575128418084,496.3972538525425,1.0,0.0,16.546575128418084
45,44,June,28,1.4524,36.615521113251724,1098.4656333975518,1.0,1.0,16.615521113251724
45,44,June,30,1.4524,24.318906671556427,729.5672001466928,1.0,1.0,4.318906671556427
45,44,June,31,1.4524,8.706732057011035,261.20196171033103,1.0,0.0,8.706732057011035
45,44,June,32,1.4524,6.816393791881474,204.49181375644423,1.0,0.0,6.816393791881474
45,44,June,33,1.4524,0.625561483164077,18.76684449492231,1.0,0.0,0.625561483164077
45,44,March,28,1.4524,4.262270179230768,132.1303755561538,1.0,0.0,4.262270179230768
45,44,May,28,1.4524,4.262270179230768,132.1303755561538,1.0,0.0,4.262270179230768
45,44,November,28,1.4524,4.262270179230768,127.86810537692304,1.0,0.0,4.262270179230768
45,44,October,28,1.4524,4.262270179230768,132.1303755561538,1.0,0.0,4.262270179230768
45,44,September,28,1.4524,4.262270179230768,127.86810537692304,1.0,0.0,4.262270179230768
45,53,April,3,1.3256,1.187102510764852,35.61307532294556,1.0,0.0,1.187102510764852
45,53,April,4,1.3256,4.356889244334958,130.70667733004876,1.0,0.0,4.356889244334958
45,53,April,13,1.3256,10.104685495,303.14056485,1.0,0.0,10.104685495
45,53,April,17,1.3256,4.793038640369087,143.7911592110726,1.0,0.0,4.793038640369087
45,53,April,18,1.3256,4.859656639377135,145.78969918131406,1.0,0.0,4.859656639377135
45,53,August,3,1.3256,1.187102510764852,36.800177833710414,1.0,0.0,1.187102510764852
45,53,August,4,1.3256,4.356889244334958,135.0635665743837,1.0,0.0,4.356889244334958
45,53,December,3,1.3256,1.187102510764852,36.800177833710414,1.0,0.0,1.187102510764852
45,53,December,4,1.3256,4.356889244334958,135.0635665743837,1.0,0.0,4.356889244334958
45,53,February,3,1.3256,1.187102510764852,33.23887030141586,1.0,0.0,1.187102510764852
45,53,February,4,1.3256,4.356889244334958,121.99289884137883,1.0,0.0,4.356889244334958
45,53,January,3,1.3256,1.187102510764852,36.800177833710414,1.0,0.0,1.187102510764852
45,53,January,4,1.3256,4.356889244334958,135.0635665743837,1.0,0.0,4.356889244334958
45,53,July,3,1.3256,1.187102510764852,36.800177833710414,1.0,0.0,1.187102510764852
45,53,July,4,1.3256,4.356889244334958,135.0635665743837,1.0,0.0,4.356889244334958
45,53,June,3,1.3256,1.187102510764852,35.61307532294556,1.0,0.0,1.187102510764852
45,53,June,4,1.3256,4.356889244334958,130.70667733004876,1.0,0.0,4.356889244334958
45,53,June,7,1.3256,0.17005241666666665,5.1015725,1.0,0.0,0.17005241666666665
45,53,June,13,1.3256,23.576263911900526,707.2879173570158,1.0,1.0,3.5762639119005257
45,53,June,17,1.3256,3.1058211609991346,93.17463482997404,1.0,0.0,3.1058211609991346
45,53,June,34,1.3256,0.5928251820957899,17.784755462873697,1.0,0.0,0.5928251820957899
45,53,March,3,1.3256,1.187102510764852,36.800177833710414,1.0,0.0,1.187102510764852
45,53,March,4,1.3256,4.356889244334958,135.0635665743837,1.0,0.0,4.356889244334958
45,53,May,3,1.3256,1.187102510764852,36.800177833710414,1.0,0.0,1.187102510764852
45,53,May,4,1.3256,4.356889244334958,135.0635665743837,1.0,0.0,4.356889244334958
45,53,November,3,1.3256,1.187102510764852,35.61307532294556,1.0,0.0,1.187102510764852
45,53,November,4,1.3256,4.356889244334958,130.70667733004876,1.0,0.0,4.356889244334958
45,53,October,3,1.3256,1.187102510764852,36.800177833710414,1.0,0.0,1.187102510764852
45,53,October,4,1.3256,4.356889244334958,135.0635665743837,1.0,0.0,4.356889244334958
45,53,September,3,1.3256,1.187102510764852,35.61307532294556,1.0,0.0,1.187102510764852
45,53,September,4,1.3256,4.356889244334958,130.70667733004876,1.0,0.0,4.356889244334958
47,46,April,15,1.3839,6.8878441543703435,206.6353246311103,1.0,0.0,6.8878441543703435
47,46,April,17,1.3839,8.855377440273614,265.6613232082084,1.0,0.0,8.855377440273614
47,46,August,17,1.3839,8.855377440273614,274.516700648482,1.0,0.0,8.855377440273614
47,46,December,17,1.3839,8.855377440273614,274.516700648482,1.0,0.0,8.855377440273614
47,46,February,17,1.3839,8.855377440273614,247.9505683276612,1.0,0.0,8.855377440273614
47,46,January,17,1.3839,8.855377440273614,274.516700648482,1.0,0.0,8.855377440273614
47,46,July,17,1.3839,8.855377440273614,274.516700648482,1.0,0.0,8.855377440273614
47,46,June,14,1.3839,7.500102541864713,225.00307625594138,1.0,0.0,7.500102541864713
47,46,June,15,1.3839,9.282388154416957,278.4716446325087,1.0,0.0,9.282388154416957
47,46,June,16,1.3839,7.032269095226155,210.96807285678466,1.0,0.0,7.032269095226155
47,46,June,17,1.3839,8.855377440273614,265.6613232082084,1.0,0.0,8.855377440273614
47,46,March,17,1.3839,8.855377440273614,274.516700648482,1.0,0.0,8.855377440273614
47,46,May,15,1.3839,6.40052185334169,198.41617745359238,1.0,0.0,6.40052185334169
47,46,May,16,1.3839,36.362781998451965,1127.246241952011,1.0,1.0,16.362781998451965
47,46,May,17,1.3839,17.83535796684454,552.8960969721808,1.0,0.0,17.83535796684454
47,46,November,17,1.3839,8.855377440273614,265.6613232082084,1.0,0.0,8.855377440273614
47,46,October,17,1.3839,8.855377440273614,274.516700648482,1.0,0.0,8.855377440273614
47,46,September,17,1.3839,8.855377440273614,265.6613232082084,1.0,0.0,8.855377440273614
48,39,April,25,1.4229,1.4374645490640958,43.123936471922875,1.0,0.0,1.4374645490640958
48,39,August,25,1.4229,1.4374645490640958,44.56140102098697,1.0,0.0,1.4374645490640958
48,39,December,25,1.4229,1.4374645490640958,44.56140102098697,1.0,0.0,1.4374645490640958
48,39,February,25,1.4229,1.4374645490640958,40.24900737379468,1.0,0.0,1.4374645490640958
48,39,January,25,1.4229,1.4374645490640958,44.56140102098697,1.0,0.0,1.4374645490640958
48,39,July,25,1.4229,1.4374645490640958,44.56140102098697,1.0,0.0,1.4374645490640958
48,39,June,25,1.4229,2.7661988651975875,82.98596595592763,1.0,0.0,2.7661988651975875
48,39,March,25,1.4229,1.4374645490640958,44.56140102098697,1.0,0.0,1.4374645490640958
48,39,May,25,1.4229,1.4374645490640958,44.56140102098697,1.0,0.0,1.4374645490640958
48,39,November,25,1.4229,1.4374645490640958,43.123936471922875,1.0,0.0,1.4374645490640958
48,39,October,25,1.4229,1.4374645490640958,44.56140102098697,1.0,0.0,1.4374645490640958
48,39,September,25,1.4229,1.4374645490640958,43.123936471922875,1.0,0.0,1.4374645490640958
48,40,April,24,1.1288,1.4374645490640958,43.123936471922875,1.0,0.0,1.4374645490640958
48,40,August,24,1.1288,1.4374645490640958,44.56140102098697,1.0,0.0,1.4374645490640958
48,40,December,24,1.1288,1.4374645490640958,44.56140102098697,1.0,0.0,1.4374645490640958
48,40,February,24,1.1288,1.4374645490640958,40.24900737379468,1.0,0.0,1.4374645490640958
48,40,January,24,1.1288,1.4374645490640958,44.56140102098697,1.0,0.0,1.4374645490640958
48,40,July,24,1.1288,1.4374645490640958,44.56140102098697,1.0,0.0,1.4374645490640958
48,40,June,24,1.1288,6.244042799064097,187.32128397192292,1.0,0.0,6.244042799064097
48,40,June,25,1.1288,3.682679517199844,110.48038551599532,1.0,0.0,3.682679517199844
48,40,March,24,1.1288,1.4374645490640958,44.56140102098697,1.0,0.0,1.4374645490640958
48,40,May,24,1.1288,1.4374645490640958,44.56140102098697,1.0,0.0,1.4374645490640958
48,40,November,24,1.1288,1.4374645490640958,43.123936471922875,1.0,0.0,1.4374645490640958
48,40,October,24,1.1288,1.4374645490640958,44.56140102098697,1.0,0.0,1.4374645490640958
48,40,September,24,1.1288,1.4374645490640958,43.123936471922875,1.0,0.0,1.4374645490640958
50,43,April,2,1.1113,1.002375122423004,30.07125367269012,1.0,0.0,1.002375122423004
50,43,April,3,1.1113,0.7557997298061849,22.673991894185548,1.0,0.0,0.7557997298061849
50,43,April,34,1.1113,1.9037130270610447,57.11139081183134,1.0,0.0,1.9037130270610447
50,43,August,2,1.1113,1.002375122423004,31.073628795113123,1.0,0.0,1.002375122423004
50,43,August,3,1.1113,0.7557997298061849,23.429791623991733,1.0,0.0,0.7557997298061849
50,43,August,34,1.1113,1.9037130270610447,59.01510383889239,1.0,0.0,1.9037130270610447
50,43,December,2,1.1113,1.002375122423004,31.073628795113123,1.0,0.0,1.002375122423004
50,43,December,3,1.1113,0.7557997298061849,23.429791623991733,1.0,0.0,0.7557997298061849
50,43,December,34,1.1113,1.9037130270610447,59.01510383889239,1.0,0.0,1.9037130270610447
50,43,February,2,1.1113,1.002375122423004,28.06650342784411,1.0,0.0,1.002375122423004
50,43,February,3,1.1113,0.7557997298061849,21.162392434573178,1.0,0.0,0.7557997298061849
50,43,February,34,1.1113,1.9037130270610447,53.30396475770925,1.0,0.0,1.9037130270610447
50,43,January,2,1.1113,1.002375122423004,31.073628795113123,1.0,0.0,1.002375122423004
50,43,January,3,1.1113,0.7557997298061849,23.429791623991733,1.0,0.0,0.7557997298061849
50,43,January,34,1.1113,1.9037130270610447,59.01510383889239,1.0,0.0,1.9037130270610447
50,43,July,2,1.1113,1.002375122423004,31.073628795113123,1.0,0.0,1.002375122423004
50,43,July,3,1.1113,0.7557997298061849,23.429791623991733,1.0,0.0,0.7557997298061849
50,43,July,34,1.1113,1.9037130270610447,59.01510383889239,1.0,0.0,1.9037130270610447
50,43,June,2,1.1113,1.002375122423004,30.07125367269012,1.0,0.0,1.002375122423004
50,43,June,3,1.1113,0.7557997298061849,22.673991894185548,1.0,0.0,0.7557997298061849
50,43,June,34,1.1113,1.9037130270610447,57.11139081183134,1.0,0.0,1.9037130270610447
50,43,March,2,1.1113,1.002375122423004,31.073628795113123,1.0,0.0,1.002375122423004
50,43,March,3,1.1113,0.7557997298061849,23.429791623991733,1.0,0.0,0.7557997298061849
50,43,March,25,1.1113,1.6072964260489755,49.82618920751824,1.0,0.0,1.6072964260489755
50,43,March,26,1.1113,0.8013668367346939,24.84237193877551,1.0,0.0,0.8013668367346939
50,43,March,34,1.1113,1.9037130270610447,59.01510383889239,1.0,0.0,1.9037130270610447
50,43,May,2,1.1113,1.002375122423004,31.073628795113123,1.0,0.0,1.002375122423004
50,43,May,3,1.1113,0.7557997298061849,23.429791623991733,1.0,0.0,0.7557997298061849
50,43,May,34,1.1113,1.9037130270610447,59.01510383889239,1.0,0.0,1.9037130270610447
50,43,November,2,1.1113,1.002375122423004,30.07125367269012,1.0,0.0,1.002375122423004
50,43,November,3,1.1113,0.7557997298061849,22.673991894185548,1.0,0.0,0.7557997298061849
50,43,November,34,1.1113,1.9037130270610447,57.11139081183134,1.0,0.0,1.9037130270610447
50,43,October,2,1.1113,1.002375122423004,31.073628795113123,1.0,0.0,1.002375122423004
50,43,October,3,1.1113,0.7557997298061849,23.429791623991733,1.0,0.0,0.7557997298061849
50,43,October,34,1.1113,1.9037130270610447,59.01510383889239,1.0,0.0,1.9037130270610447
50,43,September,2,1.1113,1.002375122423004,30.07125367269012,1.0,0.0,1.002375122423004
50,43,September,3,1.1113,0.7557997298061849,22.673991894185548,1.0,0.0,0.7557997298061849
50,43,September,34,1.1113,1.9037130270610447,57.11139081183134,1.0,0.0,1.9037130270610447
50,51,April,3,1.3007,2.5949446983592495,77.84834095077748,1.0,0.0,2.5949446983592495
50,51,August,3,1.3007,2.5949446983592495,80.44328564913673,1.0,0.0,2.5949446983592495
50,51,December,3,1.3007,2.5949446983592495,80.44328564913673,1.0,0.0,2.5949446983592495
50,51,February,3,1.3007,2.5949446983592495,72.65845155405898,1.0,0.0,2.5949446983592495
50,51,January,3,1.3007,2.5949446983592495,80.44328564913673,1.0,0.0,2.5949446983592495
50,51,July,3,1.3007,2.5949446983592495,80.44328564913673,1.0,0.0,2.5949446983592495
50,51,June,3,1.3007,2.5949446983592495,77.84834095077748,1.0,0.0,2.5949446983592495
50,51,March,3,1.3007,2.5949446983592495,80.44328564913673,1.0,0.0,2.5949446983592495
50,51,May,3,1.3007,2.5949446983592495,80.44328564913673,1.0,0.0,2.5949446983592495
50,51,November,3,1.3007,2.5949446983592495,77.84834095077748,1.0,0.0,2.5949446983592495
50,51,October,3,1.3007,2.5949446983592495,80.44328564913673,1.0,0.0,2.5949446983592495
50,51,September,3,1.3007,2.5949446983592495,77.84834095077748,1.0,0.0,2.5949446983592495
51,43,April,39,1.2236,2.074027928666169,62.22083785998507,1.0,0.0,2.074027928666169
51,43,August,39,1.2236,2.074027928666169,64.29486578865124,1.0,0.0,2.074027928666169
51,43,December,39,1.2236,2.074027928666169,64.29486578865124,1.0,0.0,2.074027928666169
51,43,February,39,1.2236,2.074027928666169,58.07278200265273,1.0,0.0,2.074027928666169
51,43,January,39,1.2236,2.074027928666169,64.29486578865124,1.0,0.0,2.074027928666169
51,43,July,39,1.2236,2.074027928666169,64.29486578865124,1.0,0.0,2.074027928666169
51,43,June,39,1.2236,2.074027928666169,62.22083785998507,1.0,0.0,2.074027928666169
51,43,March,39,1.2236,2.074027928666169,64.29486578865124,1.0,0.0,2.074027928666169
51,43,May,36,1.2236,3.5374471872677873,109.6608628053014,1.0,0.0,3.5374471872677873
51,43,May,38,1.2236,1.1344,35.1664,1.0,0.0,1.1344
51,43,May,39,1.2236,2.074027928666169,64.29486578865124,1.0,0.0,2.074027928666169
51,43,November,39,1.2236,2.074027928666169,62.22083785998507,1.0,0.0,2.074027928666169
51,43,October,39,1.2236,2.074027928666169,64.29486578865124,1.0,0.0,2.074027928666169
51,43,September,39,1.2236,2.074027928666169,62.22083785998507,1.0,0.0,2.074027928666169
51,50,June,28,1.3007,1.6169294208333325,48.50788262499997,1.0,0.0,1.6169294208333325
51,50,June,29,1.3007,1.2090541666666668,36.271625,1.0,0.0,1.2090541666666668
51,50,June,30,1.3007,1.2090541666666668,36.271625,1.0,0.0,1.2090541666666668
51,50,June,32,1.3007,0.9712758333333333,29.138275,1.0,0.0,0.9712758333333333
52,44,April,23,1.3985,12.062127433278171,361.86382299834514,1.0,0.0,12.062127433278171
52,44,April,32,1.3985,2.5217750182737007,75.65325054821102,1.0,0.0,2.5217750182737007
52,44,August,23,1.3985,18.057448756019852,559.7809114366154,1.0,0.0,18.057448756019852
52,44,December,23,1.3985,12.062127433278171,373.9259504316233,1.0,0.0,12.062127433278171
52,44,February,23,1.3985,15.170067076135311,424.7618781317887,1.0,0.0,15.170067076135311
52,44,January,23,1.3985,12.062127433278171,373.9259504316233,1.0,0.0,12.062127433278171
52,44,July,23,1.3985,12.062127433278171,373.9259504316233,1.0,0.0,12.062127433278171
52,44,June,23,1.3985,12.062127433278171,361.86382299834514,1.0,0.0,12.062127433278171
52,44,June,32,1.3985,2.5649449763922343,76.94834929176703,1.0,0.0,2.5649449763922343
52,44,March,23,1.3985,12.062127433278171,373.9259504316233,1.0,0.0,12.062127433278171
52,44,May,23,1.3985,12.062127433278171,373.9259504316233,1.0,0.0,12.062127433278171
52,44,November,23,1.3985,12.062127433278171,361.86382299834514,1.0,0.0,12.062127433278171
52,44,October,23,1.3985,12.062127433278171,373.9259504316233,1.0,0.0,12.062127433278171
52,44,September,23,1.3985,18.057448756019852,541.7234626805955,1.0,0.0,18.057448756019852
52,53,April,16,1.3386,7.234889686478354,217.04669059435062,1.0,0.0,7.234889686478354
52,53,April,18,1.3386,12.66743798829949,380.0231396489847,1.0,0.0,12.66743798829949
52,53,April,23,1.3386,5.995321322741681,179.85963968225042,1.0,0.0,5.995321322741681
52,53,December,23,1.3386,5.995321322741681,185.8549610049921,1.0,0.0,5.995321322741681
52,53,February,23,1.3386,2.887381679884541,80.84668703676715,1.0,0.0,2.887381679884541
52,53,January,23,1.3386,5.995321322741681,185.8549610049921,1.0,0.0,5.995321322741681
52,53,July,23,1.3386,5.995321322741681,185.8549610049921,1.0,0.0,5.995321322741681
52,53,June,23,1.3386,5.995321322741681,179.85963968225042,1.0,0.0,5.995321322741681
52,53,March,23,1.3386,5.995321322741681,185.8549610049921,1.0,0.0,5.995321322741681
52,53,March,24,1.3386,0.11330310297216428,3.5123961921370928,1.0,0.0,0.11330310297216428
52,53,May,23,1.3386,5.995321322741681,185.8549610049921,1.0,0.0,5.995321322741681
52,53,November,23,1.3386,5.995321322741681,179.85963968225042,1.0,0.0,5.995321322741681
52,53,October,23,1.3386,5.995321322741681,185.8549610049921,1.0,0.0,5.995321322741681
53,45,February,24,1.3256,0.4533800000000028,12.694640000000078,1.0,0.0,0.4533800000000028
53,52,April,27,1.3386,1.5137171627962296,45.41151488388689,1.0,0.0,1.5137171627962296
53,52,April,30,1.3386,11.879958097810324,356.3987429343097,1.0,0.0,11.879958097810324
53,52,April,31,1.3386,1.001522871559633,30.045686146788988,1.0,0.0,1.001522871559633
53,52,August,30,1.3386,0.1,3.1,1.0,0.0,0.1
53,52,December,30,1.3386,0.1,3.1,1.0,0.0,0.1
53,52,February,30,1.3386,0.1,2.8000000000000003,1.0,0.0,0.1
53,52,January,30,1.3386,0.1,3.1,1.0,0.0,0.1
53,52,July,30,1.3386,0.1,3.1,1.0,0.0,0.1
53,52,June,30,1.3386,13.254146435382726,397.6243930614818,1.0,0.0,13.254146435382726
53,52,June,31,1.3386,5.2398141215596326,157.19442364678898,1.0,0.0,5.2398141215596326
53,52,March,30,1.3386,0.1,3.1,1.0,0.0,0.1
53,52,May,30,1.3386,0.1,3.1,1.0,0.0,0.1
53,52,November,30,1.3386,0.1,3.0,1.0,0.0,0.1
53,52,October,30,1.3386,0.1,3.1,1.0,0.0,0.1
53,52,September,30,1.3386,0.1,3.0,1.0,0.0,0.1
54,55,April,30,1.0452,7.0625216737972565,211.8756502139177,1.0,0.0,7.0625216737972565
54,55,April,31,1.0452,20.299118512823817,608.9735553847145,1.0,1.0,0.2991185128238172
54,55,April,32,1.0452,0.6358719349729789,19.076158049189367,1.0,0.0,0.6358719349729789
54,55,April,34,1.0452,8.935325333333333,268.05976,1.0,0.0,8.935325333333333
54,55,April,35,1.0452,2.037412063958333,61.122361918749995,1.0,0.0,2.037412063958333
54,55,April,36,1.0452,1.9984701666666667,59.954105,1.0,0.0,1.9984701666666667
54,55,August,32,1.0452,0.6290479349729807,19.500485984162403,1.0,0.0,0.6290479349729807
54,55,July,32,1.0452,0.6290479349729807,19.500485984162403,1.0,0.0,0.6290479349729807
54,55,July,34,1.0452,3.4294496933764536,106.31294049467006,1.0,0.0,3.4294496933764536
54,55,July,35,1.0452,0.22887146262789315,7.095015341464688,1.0,0.0,0.22887146262789315
54,55,June,30,1.0452,14.373010977130583,431.1903293139175,1.0,0.0,14.373010977130583
54,55,June,31,1.0452,24.16294226282382,724.8882678847145,1.0,1.0,4.162942262823819
54,55,June,32,1.0452,0.6290479349729807,18.871438049189422,1.0,0.0,0.6290479349729807
54,55,June,34,1.0452,10.861076667043427,325.83230001130283,1.0,0.0,10.861076667043427
54,55,June,35,1.0452,2.2441154626278923,67.32346387883678,1.0,0.0,2.2441154626278923
54,55,June,36,1.0452,5.555346569119424,166.66039707358271,1.0,0.0,5.555346569119424
54,55,May,31,1.0452,14.61498084615715,453.06440623087167,1.0,0.0,14.61498084615715
54,55,May,32,1.0452,0.6290479349729807,19.500485984162403,1.0,0.0,0.6290479349729807
54,55,May,34,1.0452,6.2815992621099745,194.7295771254092,1.0,0.0,6.2815992621099745
54,55,May,35,1.0452,8.444141397487217,261.7683833221037,1.0,0.0,8.444141397487217
55,54,April,17,1.0452,6.740277979710459,202.20833939131379,1.0,0.0,6.740277979710459
55,54,April,18,1.0452,1.3172169074353377,39.51650722306013,1.0,0.0,1.3172169074353377
55,54,April,23,1.0452,9.064498908936862,271.9349672681059,1.0,0.0,9.064498908936862
55,54,August,23,1.0452,8.28428957560353,256.81297684370946,1.0,0.0,8.28428957560353
55,54,December,23,1.0452,8.28428957560353,256.81297684370946,1.0,0.0,8.28428957560353
55,54,February,18,1.0452,1.3172169074353377,36.882073408189456,1.0,0.0,1.3172169074353377
55,54,February,23,1.0452,8.28428957560353,231.96010811689885,1.0,0.0,8.28428957560353
55,54,February,28,1.0452,0.2579730607397357,7.223245700712599,1.0,0.0,0.2579730607397357
55,54,January,23,1.0452,8.28428957560353,256.81297684370946,1.0,0.0,8.28428957560353
55,54,July,17,1.0452,1.603632958125262,49.71262170188312,1.0,0.0,1.603632958125262
55,54,July,18,1.0452,0.4843813250766136,15.015821077375021,1.0,0.0,0.4843813250766136
55,54,July,23,1.0452,8.28428957560353,256.81297684370946,1.0,0.0,8.28428957560353
55,54,June,7,1.0452,0.1317799191481716,3.953397574445148,1.0,0.0,0.1317799191481716
55,54,June,9,1.0452,2.2763143329687754,68.28942998906327,1.0,0.0,2.2763143329687754
55,54,June,10,1.0452,2.083302,62.49906000000001,1.0,0.0,2.083302
55,54,June,23,1.0452,8.347878825603537,250.4363647681061,1.0,0.0,8.347878825603537
55,54,March,17,1.0452,1.2613422741991567,39.101610500173855,1.0,0.0,1.2613422741991567
55,54,March,18,1.0452,1.3172169074353377,40.83372413049547,1.0,0.0,1.3172169074353377
55,54,March,23,1.0452,8.28428957560353,256.81297684370946,1.0,0.0,8.28428957560353
55,54,May,23,1.0452,8.28428957560353,256.81297684370946,1.0,0.0,8.28428957560353
55,54,November,23,1.0452,8.28428957560353,248.5286872681059,1.0,0.0,8.28428957560353
55,54,October,23,1.0452,8.28428957560353,256.81297684370946,1.0,0.0,8.28428957560353
55,54,September,17,1.0452,3.3341785593527433,100.0253567805823,1.0,0.0,3.3341785593527433
55,54,September,18,1.0452,1.3172169074353377,39.51650722306013,1.0,0.0,1.3172169074353377
55,54,September,23,1.0452,8.28428957560353,248.5286872681059,1.0,0.0,8.28428957560353
