from_HexID,to_HexID,Month,TimeIndex,OriginType,DestinationType,Energy_kWh_day,Energy_kWh_annual,DeltaPrice_SEK_per_kWh,PriceComp_SEK_day,PriceComp_SEK_annual
1,2,April,17,fast,medium,0.2702934422569925,8.108803267709774,0.0,0.0,0.0
1,2,August,17,fast,medium,0.2702934422569996,8.379096709966987,0.0,0.0,0.0
1,2,December,17,medium,medium,0.2702934422569996,8.379096709966987,0.0,0.0,0.0
1,2,February,17,medium,medium,0.27029344225697116,7.5682163831951925,0.0,0.0,0.0
1,2,January,17,fast,medium,0.27029344225697827,8.379096709966326,0.0,0.0,0.0
1,2,July,17,fast,medium,0.27029344225697116,8.379096709966106,0.0,0.0,0.0
1,2,June,17,medium,medium,0.2702934422569996,8.108803267709987,0.0,0.0,0.0
1,2,March,17,medium,medium,0.27029344225696406,8.379096709965886,0.0,0.0,0.0
1,2,May,17,fast,medium,0.2702934422569996,8.379096709966987,0.0,0.0,0.0
1,2,November,17,medium,medium,0.27029344225697116,8.108803267709135,0.0,0.0,0.0
1,2,October,17,medium,medium,0.2702934422569996,8.379096709966987,0.0,0.0,0.0
1,2,September,17,fast,medium,0.2702934422569996,8.108803267709987,0.0,0.0,0.0
1,9,April,17,fast,medium,3.4113217965986595,102.33965389795979,0.0,0.0,0.0
1,9,April,20,fast,fast,1.858611517145686,55.75834551437058,0.0,0.0,0.0
1,9,August,17,medium,medium,3.4113217965986493,105.75097569455812,0.0,0.0,0.0
1,9,December,17,medium,medium,3.4113217965986493,105.75097569455812,0.0,0.0,0.0
1,9,February,17,medium,medium,3.411321796598649,95.51701030476217,0.0,0.0,0.0
1,9,January,17,medium,medium,3.4113217965986506,105.75097569455816,0.0,0.0,0.0
1,9,July,17,fast,medium,3.41132179659865,105.75097569455815,0.0,0.0,0.0
1,9,June,17,fast,medium,3.4113217965986493,102.33965389795948,0.0,0.0,0.0
1,9,June,20,fast,medium,7.843758727327803,235.31276181983407,0.0,0.0,0.0
1,9,June,20,fast,fast,1.8586115171456896,55.75834551437069,0.0,0.0,0.0
1,9,March,17,medium,medium,3.4113217965986538,105.75097569455826,0.0,0.0,0.0
1,9,May,17,fast,medium,3.4113217965986466,105.75097569455805,0.0,0.0,0.0
1,9,May,19,fast,medium,0.9190756486001774,28.4913451066055,0.0,0.0,0.0
1,9,May,20,fast,fast,4.417813133515242,136.9522071389725,0.0,0.0,0.0
1,9,November,17,medium,medium,3.4113217965986466,102.3396538979594,0.0,0.0,0.0
1,9,October,17,fast,medium,3.4113217965986493,105.75097569455812,0.0,0.0,0.0
1,9,September,17,medium,medium,3.4113217965986493,102.33965389795948,0.0,0.0,0.0
2,9,April,19,fast,medium,3.3479488244428044,100.43846473328414,0.0,0.0,0.0
2,9,April,20,fast,fast,8.815846756639095,264.47540269917283,0.0,0.0,0.0
2,9,April,21,fast,fast,1.8225303349580386,54.67591004874116,0.0,0.0,0.0
2,9,June,19,fast,fast,3.5857061577739344,107.57118473321803,0.0,0.0,0.0
2,9,June,20,fast,fast,8.815846756639095,264.47540269917283,0.0,0.0,0.0
2,9,June,21,fast,fast,6.068241184153243,182.0472355245973,0.0,0.0,0.0
2,9,May,19,fast,medium,7.615912059207663,236.09327383543754,0.0,0.0,0.0
2,9,May,20,fast,fast,8.815846756639095,273.29124945581196,0.0,0.0,0.0
2,9,May,21,fast,fast,6.068241184153243,188.11547670875055,0.0,0.0,0.0
4,11,April,38,fast,fast,0.6994932056425824,20.984796169277473,0.0,0.0,0.0
4,11,August,38,fast,fast,0.6994932056428537,21.684289374928465,0.0,0.0,0.0
4,11,December,38,fast,fast,0.6994932056425824,21.684289374920056,0.0,0.0,0.0
4,11,February,38,fast,fast,0.6994932056425824,19.58580975799231,0.0,0.0,0.0
4,11,January,38,fast,fast,0.6994932056428537,21.684289374928465,0.0,0.0,0.0
4,11,July,38,fast,fast,0.6994932056425824,21.684289374920056,0.0,0.0,0.0
4,11,June,38,fast,fast,0.6994932056425824,20.984796169277473,0.0,0.0,0.0
4,11,March,38,fast,fast,0.6994932056425824,21.684289374920056,0.0,0.0,0.0
4,11,May,38,fast,fast,0.6994932056425824,21.684289374920056,0.0,0.0,0.0
4,11,November,38,fast,fast,0.6994932056425824,20.984796169277473,0.0,0.0,0.0
4,11,October,38,fast,fast,0.6994932056428537,21.684289374928465,0.0,0.0,0.0
4,11,September,38,fast,fast,0.6994932056428537,20.98479616928561,0.0,0.0,0.0
7,8,April,24,slow,slow,1.153809322852183,34.61427968556549,0.0,0.0,0.0
7,8,August,24,fast,fast,1.153809322852183,35.768089008417675,0.0,0.0,0.0
7,8,December,24,fast,fast,1.153809322852183,35.768089008417675,0.0,0.0,0.0
7,8,February,24,fast,fast,1.1538093228521618,32.30666103986053,0.0,0.0,0.0
7,8,January,24,fast,fast,1.1538093228521618,35.768089008417014,0.0,0.0,0.0
7,8,July,24,fast,fast,1.1538093228521618,35.768089008417014,0.0,0.0,0.0
7,8,June,24,fast,fast,1.153809322852183,34.61427968556549,0.0,0.0,0.0
7,8,March,24,fast,fast,1.1538093228521618,35.768089008417014,0.0,0.0,0.0
7,8,May,24,fast,fast,1.153809322852183,35.768089008417675,0.0,0.0,0.0
7,8,November,24,fast,fast,1.1538093228521618,34.61427968556485,0.0,0.0,0.0
7,8,October,24,fast,fast,1.153809322852183,35.768089008417675,0.0,0.0,0.0
7,8,September,24,fast,fast,1.1538093228521618,34.61427968556485,0.0,0.0,0.0
8,1,April,21,medium,medium,6.705008401144937,201.1502520343481,0.0,0.0,0.0
8,1,June,21,fast,medium,7.998589984478272,239.95769953434817,0.0,0.0,0.0
8,1,May,21,fast,medium,8.760569597540112,271.5776575237435,0.0,0.0,0.0
9,1,June,23,medium,medium,7.668366749038437,230.0510024711531,0.0,0.0,0.0
9,1,June,29,fast,medium,1.9194504850370855,57.583514551112565,0.0,0.0,0.0
10,9,April,34,fast,fast,8.033498168468917,241.0049450540675,0.0,0.0,0.0
10,9,August,34,fast,fast,5.620918173845261,174.2484633892031,0.0,0.0,0.0
10,9,January,34,fast,fast,7.158180835135678,221.903605889206,0.0,0.0,0.0
10,9,July,34,fast,fast,9.455763194440308,293.1286590276496,0.0,0.0,0.0
10,9,June,34,fast,fast,9.455763194440323,283.6728958332097,0.0,0.0,0.0
10,9,March,34,fast,fast,9.455763194440312,293.1286590276497,0.0,0.0,0.0
10,9,May,20,fast,fast,3.0819894799584944,95.54167387871333,0.0,0.0,0.0
10,9,May,34,fast,fast,9.455763194440308,293.1286590276496,0.0,0.0,0.0
10,9,November,34,fast,fast,9.455763194440308,283.6728958332093,0.0,0.0,0.0
10,9,September,34,fast,fast,0.9127044184689179,27.381132554067538,0.0,0.0,0.0
10,11,April,34,fast,medium,1.42226502597142,42.6679507791426,0.0,0.0,0.0
10,11,August,34,medium,medium,3.8348450205950755,118.88019563844733,0.0,0.0,0.0
10,11,December,34,fast,fast,9.455763194440323,293.12865902765,0.0,0.0,0.0
10,11,February,34,fast,fast,9.455763194440323,264.76136944432903,0.0,0.0,0.0
10,11,January,34,fast,medium,2.297582359304645,71.225053138444,0.0,0.0,0.0
10,11,October,34,fast,fast,9.455763194440323,293.12865902765,0.0,0.0,0.0
10,11,September,34,fast,fast,8.543058775971405,256.2917632791421,0.0,0.0,0.0
11,4,April,18,fast,fast,0.7301340393127376,21.904021179382127,0.0,0.0,0.0
11,4,April,26,fast,fast,5.867072320079516,176.01216960238548,0.0,0.0,0.0
11,4,April,27,fast,fast,23.182711649912324,695.4813494973697,0.0,0.0,0.0
11,4,April,33,fast,fast,11.878964693614108,356.36894080842325,0.0,0.0,0.0
11,4,August,27,fast,fast,2.147823399912454,66.58252539728608,0.0,0.0,0.0
11,4,August,33,fast,fast,11.878964693614108,368.2479055020374,0.0,0.0,0.0
11,4,December,27,fast,fast,2.147823399912454,66.58252539728608,0.0,0.0,0.0
11,4,December,33,fast,fast,11.878964693614122,368.2479055020378,0.0,0.0,0.0
11,4,February,27,fast,fast,2.147823399912454,60.139055197548714,0.0,0.0,0.0
11,4,February,33,fast,fast,11.878964693614108,332.61101142119503,0.0,0.0,0.0
11,4,January,27,fast,fast,2.147823399912454,66.58252539728608,0.0,0.0,0.0
11,4,January,33,fast,fast,11.878964693614122,368.2479055020378,0.0,0.0,0.0
11,4,July,27,fast,fast,2.147823399912454,66.58252539728608,0.0,0.0,0.0
11,4,July,33,fast,fast,11.878964693614108,368.2479055020374,0.0,0.0,0.0
11,4,June,17,fast,fast,18.23659003966116,547.0977011898348,0.0,0.0,0.0
11,4,June,18,fast,fast,12.357640229604936,370.7292068881481,0.0,0.0,0.0
11,4,June,19,fast,fast,1.4968896726646221,44.906690179938664,0.0,0.0,0.0
11,4,June,26,fast,fast,1.8408758532045244,55.226275596135736,0.0,0.0,0.0
11,4,June,27,fast,fast,21.088360649912467,632.650819497374,0.0,0.0,0.0
11,4,June,33,fast,fast,11.878964693614122,356.36894080842364,0.0,0.0,0.0
11,4,March,27,fast,fast,2.147823399912454,66.58252539728608,0.0,0.0,0.0
11,4,March,33,fast,fast,11.878964693614122,368.2479055020378,0.0,0.0,0.0
11,4,May,15,fast,fast,0.1,3.1,0.0,0.0,0.0
11,4,May,16,fast,fast,27.600378820963,855.6117434498531,0.0,0.0,0.0
11,4,May,17,fast,fast,21.15656398694003,655.8534835951409,0.0,0.0,0.0
11,4,May,18,fast,fast,16.334327657024353,506.36415736775496,0.0,0.0,0.0
11,4,May,19,fast,fast,16.88800345035122,523.5281069608878,0.0,0.0,0.0
11,4,May,27,fast,fast,2.147823399912454,66.58252539728608,0.0,0.0,0.0
11,4,May,33,fast,fast,11.878964693614108,368.2479055020374,0.0,0.0,0.0
11,4,November,27,fast,fast,2.147823399912454,64.43470199737362,0.0,0.0,0.0
11,4,November,33,fast,fast,11.878964693614122,356.36894080842364,0.0,0.0,0.0
11,4,October,27,fast,fast,2.147823399912454,66.58252539728608,0.0,0.0,0.0
11,4,October,33,fast,fast,11.878964693614122,368.2479055020378,0.0,0.0,0.0
11,4,September,17,fast,fast,1.3972280105336985,41.916840316010955,0.0,0.0,0.0
11,4,September,27,fast,fast,2.147823399912454,64.43470199737362,0.0,0.0,0.0
11,4,September,33,fast,fast,11.878964693614108,356.36894080842325,0.0,0.0,0.0
11,10,April,21,fast,fast,4.518507219573369,135.55521658720107,0.0,0.0,0.0
11,10,April,32,fast,fast,11.02209827133598,330.6629481400794,0.0,0.0,0.0
11,10,April,33,fast,medium,12.023109517447963,360.69328552343893,0.0,0.0,0.0
11,10,August,33,fast,fast,12.023109517447963,372.7163950408869,0.0,0.0,0.0
11,10,December,33,fast,medium,12.023109517447935,372.71639504088597,0.0,0.0,0.0
11,10,February,33,fast,medium,12.023109517447963,336.647066488543,0.0,0.0,0.0
11,10,January,33,fast,fast,12.023109517447935,372.71639504088597,0.0,0.0,0.0
11,10,July,33,medium,medium,12.023109517447963,372.7163950408869,0.0,0.0,0.0
11,10,June,21,fast,fast,4.206648161476835,126.19944484430505,0.0,0.0,0.0
11,10,June,32,fast,medium,23.27669627824068,698.3008883472204,0.0,0.0,0.0
11,10,June,32,fast,fast,11.02209827133598,330.6629481400794,0.0,0.0,0.0
11,10,June,33,fast,fast,12.023109517447935,360.693285523438,0.0,0.0,0.0
11,10,March,33,medium,medium,12.023109517447935,372.71639504088597,0.0,0.0,0.0
11,10,May,32,fast,fast,11.02209827133598,341.6850464114153,0.0,0.0,0.0
11,10,May,33,fast,medium,12.023109517447963,372.7163950408869,0.0,0.0,0.0
11,10,November,33,fast,fast,12.023109517447935,360.693285523438,0.0,0.0,0.0
11,10,October,33,fast,fast,12.023109517447935,372.71639504088597,0.0,0.0,0.0
11,10,September,33,fast,fast,12.023109517447963,360.69328552343893,0.0,0.0,0.0
12,19,December,23,medium,medium,1.20798,37.44738,0.0,0.0,0.0
12,19,June,22,fast,medium,1.0947899348279453,32.84369804483836,0.0,0.0,0.0
12,19,June,23,medium,medium,0.7207799348279469,21.623398044838407,0.0,0.0,0.0
13,21,April,16,fast,medium,1.3379891547824112,40.13967464347233,0.0,0.0,0.0
13,21,August,16,fast,medium,1.3379891547824112,41.477663798254746,0.0,0.0,0.0
13,21,December,16,fast,medium,1.3379891547824112,41.477663798254746,0.0,0.0,0.0
13,21,February,16,medium,medium,1.3379891547824112,37.463696333907514,0.0,0.0,0.0
13,21,January,16,fast,fast,1.3379891547824112,41.477663798254746,0.0,0.0,0.0
13,21,July,16,fast,fast,1.3379891547824112,41.477663798254746,0.0,0.0,0.0
13,21,June,16,medium,medium,1.3379891547824112,40.13967464347233,0.0,0.0,0.0
13,21,March,16,fast,medium,1.3379891547824112,41.477663798254746,0.0,0.0,0.0
13,21,May,16,fast,medium,1.3379891547824112,41.477663798254746,0.0,0.0,0.0
13,21,November,16,fast,fast,1.337989154782413,40.13967464347239,0.0,0.0,0.0
13,21,October,16,fast,medium,1.3379891547824112,41.477663798254746,0.0,0.0,0.0
13,21,September,16,fast,medium,1.3379891547824112,40.13967464347233,0.0,0.0,0.0
14,13,April,19,fast,fast,10.89831321468876,326.9493964406628,0.0,0.0,0.0
14,13,April,26,fast,fast,2.744034106816663,82.3210232044999,0.0,0.0,0.0
14,13,April,28,fast,fast,12.905228764308674,387.1568629292602,0.0,0.0,0.0
14,13,April,29,fast,fast,18.723209420058925,561.6962826017677,0.0,0.0,0.0
14,13,April,30,fast,fast,10.988322336499731,329.64967009499196,0.0,0.0,0.0
14,13,April,33,fast,fast,9.722578666666664,291.6773599999999,0.0,0.0,0.0
14,13,April,34,fast,fast,9.722578666666664,291.6773599999999,0.0,0.0,0.0
14,13,April,35,fast,fast,23.784007173279633,713.520215198389,0.0,0.0,0.0
14,13,April,36,fast,fast,15.095364459885062,452.8609337965519,0.0,0.0,0.0
14,13,August,26,fast,fast,2.744034106816663,85.06505731131656,0.0,0.0,0.0
14,13,August,29,fast,fast,8.511186973822367,263.8467961884934,0.0,0.0,0.0
14,13,August,30,fast,fast,0.7762998902631715,24.065296598158316,0.0,0.0,0.0
14,13,August,33,fast,fast,7.911310403225805,245.25062249999996,0.0,0.0,0.0
14,13,August,34,fast,fast,4.153958118647845,128.7727016780832,0.0,0.0,0.0
14,13,August,35,fast,fast,23.784007173279633,737.3042223716686,0.0,0.0,0.0
14,13,August,36,fast,fast,15.095364459885062,467.9562982564369,0.0,0.0,0.0
14,13,December,35,fast,fast,23.784007173279633,737.3042223716686,0.0,0.0,0.0
14,13,December,36,fast,fast,15.095364459885062,467.9562982564369,0.0,0.0,0.0
14,13,February,35,fast,fast,23.784007173279633,665.9522008518297,0.0,0.0,0.0
14,13,February,36,fast,fast,15.095364459885062,422.6702048767817,0.0,0.0,0.0
14,13,January,35,fast,fast,23.784007173279633,737.3042223716686,0.0,0.0,0.0
14,13,January,36,fast,fast,15.095364459885062,467.9562982564369,0.0,0.0,0.0
14,13,July,19,fast,fast,2.5898905533984404,80.28660715535165,0.0,0.0,0.0
14,13,July,26,fast,fast,2.744034106816663,85.06505731131656,0.0,0.0,0.0
14,13,July,29,fast,fast,11.669121812532042,361.7427761884933,0.0,0.0,0.0
14,13,July,30,fast,fast,3.9342347289728465,121.96127659815824,0.0,0.0,0.0
14,13,July,33,fast,fast,8.91344268995513,276.31672338860903,0.0,0.0,0.0
14,13,July,34,fast,fast,9.963740967741932,308.8759699999999,0.0,0.0,0.0
14,13,July,35,fast,fast,23.784007173279633,737.3042223716686,0.0,0.0,0.0
14,13,July,36,fast,fast,15.095364459885062,467.9562982564369,0.0,0.0,0.0
14,13,June,19,fast,fast,11.076811881355432,332.30435644066296,0.0,0.0,0.0
14,13,June,26,fast,fast,2.744034106816663,82.3210232044999,0.0,0.0,0.0
14,13,June,28,fast,fast,13.78848176430867,413.6544529292601,0.0,0.0,0.0
14,13,June,29,fast,fast,20.524971503392255,615.7491451017677,0.0,0.0,0.0
14,13,June,30,fast,fast,12.790084419833061,383.70253259499185,0.0,0.0,0.0
14,13,June,33,fast,fast,15.686023166666663,470.5806949999999,0.0,0.0,0.0
14,13,June,34,fast,fast,15.686023166666663,470.5806949999999,0.0,0.0,0.0
14,13,June,35,fast,fast,23.784007173279633,713.520215198389,0.0,0.0,0.0
14,13,June,36,fast,fast,15.095364459885062,452.8609337965519,0.0,0.0,0.0
14,13,March,26,fast,fast,2.744034106816663,85.06505731131656,0.0,0.0,0.0
14,13,March,29,fast,fast,4.045048506080429,125.39650368849328,0.0,0.0,0.0
14,13,March,33,fast,fast,0.1,3.1,0.0,0.0,0.0
14,13,March,34,fast,fast,1.0675191871220762,33.093094800784364,0.0,0.0,0.0
14,13,March,35,fast,fast,23.784007173279633,737.3042223716686,0.0,0.0,0.0
14,13,March,36,fast,fast,15.095364459885062,467.9562982564369,0.0,0.0,0.0
14,13,May,18,fast,fast,0.8227868586835498,25.506392619190045,0.0,0.0,0.0
14,13,May,19,fast,fast,15.916597008464734,493.41450726240674,0.0,0.0,0.0
14,13,May,21,fast,fast,11.267105938812183,349.2802841031777,0.0,0.0,0.0
14,13,May,26,fast,fast,2.744034106816663,85.06505731131656,0.0,0.0,0.0
14,13,May,28,fast,fast,14.369533774891416,445.4555470216339,0.0,0.0,0.0
14,13,May,29,fast,fast,15.661333586725595,485.5013411884934,0.0,0.0,0.0
14,13,May,30,fast,fast,7.9264465031663995,245.71984159815838,0.0,0.0,0.0
14,13,May,33,fast,fast,14.562223629032255,451.4289324999999,0.0,0.0,0.0
14,13,May,34,fast,fast,14.562223629032255,451.4289324999999,0.0,0.0,0.0
14,13,May,35,fast,fast,23.784007173279633,737.3042223716686,0.0,0.0,0.0
14,13,May,36,fast,fast,15.095364459885062,467.9562982564369,0.0,0.0,0.0
14,13,May,37,fast,fast,1.1298258064516127,35.02459999999999,0.0,0.0,0.0
14,13,November,35,fast,fast,23.784007173279633,713.520215198389,0.0,0.0,0.0
14,13,November,36,fast,fast,15.095364459885062,452.8609337965519,0.0,0.0,0.0
14,13,October,35,fast,fast,23.784007173279633,737.3042223716686,0.0,0.0,0.0
14,13,October,36,fast,fast,15.095364459885062,467.9562982564369,0.0,0.0,0.0
14,13,September,19,fast,fast,5.515460714688768,165.46382144066303,0.0,0.0,0.0
14,13,September,26,fast,fast,2.744034106816663,82.3210232044999,0.0,0.0,0.0
14,13,September,29,fast,fast,7.799387420058922,233.98162260176767,0.0,0.0,0.0
14,13,September,30,fast,fast,0.1,3.0,0.0,0.0,0.0
14,13,September,35,fast,fast,23.784007173279633,713.520215198389,0.0,0.0,0.0
14,13,September,36,fast,fast,15.095364459885062,452.8609337965519,0.0,0.0,0.0
14,21,April,29,fast,fast,5.095305618741513,152.85916856224537,0.0,0.0,0.0
14,21,June,29,medium,medium,2.6873404166666788,80.62021250000036,0.0,0.0,0.0
14,21,June,29,fast,fast,4.078424785408167,122.35274356224501,0.0,0.0,0.0
14,21,May,29,fast,fast,4.078424785408239,126.4311683476554,0.0,0.0,0.0
15,7,April,16,fast,medium,6.481363411250886,194.44090233752658,0.0,0.0,0.0
15,7,April,17,medium,medium,31.508617657404173,945.2585297221252,0.0,0.0,0.0
15,7,April,18,fast,medium,33.0,990.0,0.0,0.0,0.0
15,7,April,19,medium,medium,33.0,990.0,0.0,0.0,0.0
15,7,April,20,medium,medium,6.645862499999884,199.37587499999654,0.0,0.0,0.0
15,7,April,26,medium,medium,3.943803543723556,118.31410631170668,0.0,0.0,0.0
15,7,April,27,medium,medium,8.829855433612803,264.8956630083841,0.0,0.0,0.0
15,7,April,28,fast,medium,8.58837541666655,257.6512624999965,0.0,0.0,0.0
15,7,April,29,fast,medium,5.565245833333217,166.9573749999965,0.0,0.0,0.0
15,7,April,30,fast,medium,10.060607921647703,301.81823764943107,0.0,0.0,0.0
15,7,April,31,medium,medium,9.212228333333334,276.36685,0.0,0.0,0.0
15,7,April,32,medium,medium,9.212228333333334,276.36685,0.0,0.0,0.0
15,7,April,33,medium,medium,8.385808105049506,251.57424315148518,0.0,0.0,0.0
15,7,April,34,medium,medium,0.2506939925582605,7.520819776747816,0.0,0.0,0.0
15,7,April,35,fast,medium,1.0124408333333335,30.373225000000005,0.0,0.0,0.0
15,7,April,36,fast,medium,1.0124408333333335,30.373225000000005,0.0,0.0,0.0
15,7,April,37,fast,medium,5.833158875671928,174.99476627015784,0.0,0.0,0.0
15,7,April,38,fast,medium,7.521859583333449,225.65578750000347,0.0,0.0,0.0
15,7,August,16,medium,medium,6.481363411250836,200.9222657487759,0.0,0.0,0.0
15,7,August,17,fast,medium,31.508617657404173,976.7671473795293,0.0,0.0,0.0
15,7,August,18,fast,medium,33.0,1023.0,0.0,0.0,0.0
15,7,August,19,fast,medium,33.0,1023.0,0.0,0.0,0.0
15,7,August,20,fast,medium,0.9557181451612209,29.627262499997848,0.0,0.0,0.0
15,7,August,23,medium,medium,4.132427433800395,128.10525044781224,0.0,0.0,0.0
15,7,August,27,medium,medium,9.511501612903224,294.85654999999997,0.0,0.0,0.0
15,7,August,28,medium,medium,9.511501612903224,294.85654999999997,0.0,0.0,0.0
15,7,August,29,medium,medium,0.8106604838708913,25.13047499999763,0.0,0.0,0.0
15,7,August,30,fast,medium,0.8106604838708913,25.13047499999763,0.0,0.0,0.0
15,7,August,31,medium,medium,3.1405687181637307,97.35763026307565,0.0,0.0,0.0
15,7,August,32,fast,medium,0.1,3.1,0.0,0.0,0.0
15,7,August,33,fast,medium,8.385808105049506,259.9600512565347,0.0,0.0,0.0
15,7,August,34,fast,medium,1.0395160602167954,32.224997866720656,0.0,0.0,0.0
15,7,August,35,medium,medium,1.399132661290323,43.37311250000001,0.0,0.0,0.0
15,7,August,36,medium,medium,1.3991326612903228,43.373112500000005,0.0,0.0,0.0
15,7,December,16,medium,medium,6.481363411250829,200.9222657487757,0.0,0.0,0.0
15,7,December,17,medium,medium,31.508617657404173,976.7671473795293,0.0,0.0,0.0
15,7,December,18,fast,medium,33.0,1023.0,0.0,0.0,0.0
15,7,December,19,fast,medium,33.0,1023.0,0.0,0.0,0.0
15,7,December,23,fast,medium,4.132427433800395,128.10525044781224,0.0,0.0,0.0
15,7,December,27,fast,medium,7.523338611870216,233.2234969679767,0.0,0.0,0.0
15,7,December,28,medium,medium,7.996436940161956,247.88954514502063,0.0,0.0,0.0
15,7,February,16,fast,medium,6.481363411250879,181.4781755150246,0.0,0.0,0.0
15,7,February,17,medium,medium,31.508617657404173,882.2412944073169,0.0,0.0,0.0
15,7,February,18,medium,medium,33.0,924.0,0.0,0.0,0.0
15,7,February,19,medium,medium,33.0,924.0,0.0,0.0,0.0
15,7,February,23,fast,medium,4.132427433800398,115.70796814641115,0.0,0.0,0.0
15,7,February,27,fast,medium,7.523338611870258,210.65348113236723,0.0,0.0,0.0
15,7,February,28,fast,medium,7.996436940161999,223.90023432453597,0.0,0.0,0.0
15,7,February,33,fast,medium,6.422983193906023,179.84352942936866,0.0,0.0,0.0
15,7,January,16,fast,medium,6.4813634112508165,200.92226574877532,0.0,0.0,0.0
15,7,January,17,fast,medium,31.508617657404173,976.7671473795293,0.0,0.0,0.0
15,7,January,18,medium,medium,33.0,1023.0,0.0,0.0,0.0
15,7,January,19,fast,medium,33.0,1023.0,0.0,0.0,0.0
15,7,January,23,fast,medium,4.132427433800395,128.10525044781224,0.0,0.0,0.0
15,7,January,27,medium,medium,7.523338611870258,233.223496967978,0.0,0.0,0.0
15,7,January,28,fast,medium,7.996436940161999,247.88954514502197,0.0,0.0,0.0
15,7,July,16,fast,medium,6.481363411250886,200.92226574877745,0.0,0.0,0.0
15,7,July,17,fast,medium,31.508617657404173,976.7671473795293,0.0,0.0,0.0
15,7,July,18,fast,medium,33.0,1023.0,0.0,0.0,0.0
15,7,July,19,medium,medium,33.0,1023.0,0.0,0.0,0.0
15,7,July,20,medium,medium,2.7775685483869808,86.1046249999964,0.0,0.0,0.0
15,7,July,23,fast,medium,0.9771380789617963,30.291280447815684,0.0,0.0,0.0
15,7,July,27,medium,medium,11.213789112903225,347.6274625,0.0,0.0,0.0
15,7,July,28,medium,medium,11.213789112903227,347.62746250000004,0.0,0.0,0.0
15,7,July,33,medium,medium,8.385808105049506,259.9600512565347,0.0,0.0,0.0
15,7,July,35,medium,medium,2.369102016129033,73.44216250000002,0.0,0.0,0.0
15,7,July,36,fast,medium,2.369102016129033,73.44216250000002,0.0,0.0,0.0
15,7,July,37,medium,medium,0.7467951612903228,23.150650000000006,0.0,0.0,0.0
15,7,July,38,fast,medium,7.592306331192121,235.36149626695573,0.0,0.0,0.0
15,7,June,16,fast,medium,6.481363411250886,194.44090233752658,0.0,0.0,0.0
15,7,June,17,medium,medium,31.508617657404173,945.2585297221252,0.0,0.0,0.0
15,7,June,18,medium,medium,33.0,990.0,0.0,0.0,0.0
15,7,June,19,fast,medium,33.0,990.0,0.0,0.0,0.0
15,7,June,20,fast,medium,6.728969166666554,201.8690749999966,0.0,0.0,0.0
15,7,June,26,fast,medium,4.006171877056891,120.18515631170673,0.0,0.0,0.0
15,7,June,27,medium,medium,16.53193041666667,495.9579125,0.0,0.0,0.0
15,7,June,28,fast,medium,16.53193041666667,495.9579125,0.0,0.0,0.0
15,7,June,29,medium,medium,13.90412291666667,417.12368750000013,0.0,0.0,0.0
15,7,June,30,medium,medium,13.90412291666667,417.12368750000013,0.0,0.0,0.0
15,7,June,31,medium,medium,11.169672083333335,335.0901625000001,0.0,0.0,0.0
15,7,June,32,fast,medium,10.624138371975807,318.7241511592742,0.0,0.0,0.0
15,7,June,33,fast,medium,7.795553341166837,233.8666002350051,0.0,0.0,0.0
15,7,June,35,medium,medium,1.9681330223766533,59.043990671299596,0.0,0.0,0.0
15,7,June,36,fast,medium,0.1,3.0,0.0,0.0,0.0
15,7,June,37,fast,medium,0.8100312500000003,24.30093750000001,0.0,0.0,0.0
15,7,June,38,medium,medium,0.8100312500000003,24.30093750000001,0.0,0.0,0.0
15,7,March,15,fast,medium,1.1148107827090885,34.55913426398175,0.0,0.0,0.0
15,7,March,16,medium,medium,6.481363411250886,200.92226574877745,0.0,0.0,0.0
15,7,March,17,medium,medium,31.508617657404173,976.7671473795293,0.0,0.0,0.0
15,7,March,18,medium,medium,33.0,1023.0,0.0,0.0,0.0
15,7,March,19,fast,medium,33.0,1023.0,0.0,0.0,0.0
15,7,March,20,fast,medium,0.249377016128987,7.730687499998597,0.0,0.0,0.0
15,7,March,23,medium,medium,4.132427433800395,128.10525044781224,0.0,0.0,0.0
15,7,March,27,medium,medium,7.523338611870258,233.223496967978,0.0,0.0,0.0
15,7,March,28,fast,medium,7.996436940161999,247.88954514502197,0.0,0.0,0.0
15,7,March,33,medium,medium,8.385808105049506,259.9600512565347,0.0,0.0,0.0
15,7,March,34,medium,medium,1.099975,34.099225,0.0,0.0,0.0
15,7,March,38,medium,medium,0.23831500967498737,7.387765299924609,0.0,0.0,0.0
15,7,May,15,medium,medium,7.5303918310961855,233.44214676398175,0.0,0.0,0.0
15,7,May,16,fast,medium,6.481363411250886,200.92226574877745,0.0,0.0,0.0
15,7,May,17,fast,medium,31.508617657404173,976.7671473795293,0.0,0.0,0.0
15,7,May,18,fast,medium,33.0,1023.0,0.0,0.0,0.0
15,7,May,19,medium,medium,33.0,1023.0,0.0,0.0,0.0
15,7,May,20,medium,medium,10.461942741935369,324.3202249999964,0.0,0.0,0.0
15,7,May,25,medium,medium,2.561106952090636,79.39431551480972,0.0,0.0,0.0
15,7,May,26,medium,medium,6.740408785659044,208.95267235543037,0.0,0.0,0.0
15,7,May,27,medium,medium,11.298317338709557,350.24783749999625,0.0,0.0,0.0
15,7,May,28,medium,medium,16.035159443970294,497.0899427630791,0.0,0.0,0.0
15,7,May,29,medium,medium,8.216317338709562,254.70583749999642,0.0,0.0,0.0
15,7,May,30,medium,medium,8.216317338709562,254.70583749999642,0.0,0.0,0.0
15,7,May,31,medium,medium,11.366646370967741,352.3660375,0.0,0.0,0.0
15,7,May,32,medium,medium,11.36664637096774,352.36603749999995,0.0,0.0,0.0
15,7,May,33,medium,medium,8.385808105049506,259.9600512565347,0.0,0.0,0.0
15,7,May,34,medium,medium,5.000674690366022,155.02091540134668,0.0,0.0,0.0
15,7,May,35,fast,medium,5.717078512441925,177.22943388569968,0.0,0.0,0.0
15,7,May,36,fast,medium,2.2048931451612908,68.35168750000001,0.0,0.0,0.0
15,7,May,37,medium,medium,8.026032258064632,248.8070000000036,0.0,0.0,0.0
15,7,May,38,fast,medium,8.026032258064632,248.8070000000036,0.0,0.0,0.0
15,7,November,16,fast,medium,6.481363411250886,194.44090233752658,0.0,0.0,0.0
15,7,November,17,fast,medium,31.508617657404173,945.2585297221252,0.0,0.0,0.0
15,7,November,18,fast,medium,33.0,990.0,0.0,0.0,0.0
15,7,November,19,fast,medium,33.0,990.0,0.0,0.0,0.0
15,7,November,23,medium,medium,4.132427433800391,123.97282301401174,0.0,0.0,0.0
15,7,November,27,medium,medium,7.523338611870258,225.70015835610775,0.0,0.0,0.0
15,7,November,28,medium,medium,7.996436940161999,239.89310820485997,0.0,0.0,0.0
15,7,October,16,fast,medium,6.481363411250829,200.9222657487757,0.0,0.0,0.0
15,7,October,17,fast,medium,31.508617657404173,976.7671473795293,0.0,0.0,0.0
15,7,October,18,medium,medium,33.0,1023.0,0.0,0.0,0.0
15,7,October,19,medium,medium,33.0,1023.0,0.0,0.0,0.0
15,7,October,23,fast,medium,4.132427433800395,128.10525044781224,0.0,0.0,0.0
15,7,October,27,fast,medium,7.523338611870258,233.223496967978,0.0,0.0,0.0
15,7,October,28,medium,medium,7.996436940161999,247.88954514502197,0.0,0.0,0.0
15,7,September,15,medium,medium,1.4119108095908088,42.35732428772427,0.0,0.0,0.0
15,7,September,16,fast,medium,6.481363411250886,194.44090233752658,0.0,0.0,0.0
15,7,September,17,medium,medium,31.508617657404173,945.2585297221252,0.0,0.0,0.0
15,7,September,18,medium,medium,33.0,990.0,0.0,0.0,0.0
15,7,September,19,medium,medium,33.0,990.0,0.0,0.0,0.0
15,7,September,23,fast,medium,4.132427433800391,123.97282301401174,0.0,0.0,0.0
15,7,September,27,fast,medium,9.272239166666667,278.167175,0.0,0.0,0.0
15,7,September,28,medium,medium,9.272239166666667,278.167175,0.0,0.0,0.0
15,7,September,29,fast,medium,0.47925583333329413,14.377674999998824,0.0,0.0,0.0
15,7,September,30,medium,medium,0.4792558333333705,14.377675000001116,0.0,0.0,0.0
15,7,September,33,fast,medium,3.895724532020249,116.87173596060748,0.0,0.0,0.0
15,8,April,16,fast,fast,13.976217278848974,419.28651836546925,0.0,0.0,0.0
15,8,April,22,fast,fast,10.352883555754573,310.5865066726372,0.0,0.0,0.0
15,8,April,23,fast,fast,17.09821248947413,512.9463746842239,0.0,0.0,0.0
15,8,April,24,fast,slow,2.3788775411419536,71.36632623425861,0.0,0.0,0.0
15,8,April,24,fast,fast,25.0,750.0,0.0,0.0,0.0
15,8,April,25,fast,fast,25.0,750.0,0.0,0.0,0.0
15,8,April,26,fast,fast,25.0,750.0,0.0,0.0,0.0
15,8,April,27,fast,fast,23.693483178257456,710.8044953477237,0.0,0.0,0.0
15,8,April,28,fast,fast,24.408061523495448,732.2418457048634,0.0,0.0,0.0
15,8,April,29,fast,fast,19.99999900000005,599.9999700000014,0.0,0.0,0.0
15,8,April,30,fast,fast,17.83633916666655,535.0901749999965,0.0,0.0,0.0
15,8,April,31,fast,fast,9.057599259040703,271.7279777712211,0.0,0.0,0.0
15,8,April,32,fast,fast,1.061684597214482,31.850537916434458,0.0,0.0,0.0
15,8,April,34,fast,fast,3.8820498798606806,116.46149639582042,0.0,0.0,0.0
15,8,April,35,fast,fast,1.5758861666666668,47.276585000000004,0.0,0.0,0.0
15,8,April,36,fast,fast,1.5758861666666668,47.276585000000004,0.0,0.0,0.0
15,8,April,37,fast,fast,2.5340249166667808,76.02074750000342,0.0,0.0,0.0
15,8,April,38,fast,fast,0.5914872571851082,17.744617715553247,0.0,0.0,0.0
15,8,August,16,fast,fast,13.976217278848976,433.26273564431824,0.0,0.0,0.0
15,8,August,23,fast,fast,17.661586407103822,547.5091786202184,0.0,0.0,0.0
15,8,August,24,fast,fast,23.846190677147817,739.2319109915824,0.0,0.0,0.0
15,8,August,25,fast,fast,12.065114516128915,374.01854999999637,0.0,0.0,0.0
15,8,August,26,fast,fast,12.065114516128915,374.01854999999637,0.0,0.0,0.0
15,8,August,27,fast,fast,23.011836998967034,713.366946967978,0.0,0.0,0.0
15,8,August,28,fast,fast,23.484935327258775,728.032995145022,0.0,0.0,0.0
15,8,August,29,fast,fast,10.435723709677307,323.5074349999965,0.0,0.0,0.0
15,8,August,30,fast,fast,10.435723709677307,323.5074349999965,0.0,0.0,0.0
15,8,August,31,fast,fast,2.7279876085029553,84.56761586359161,0.0,0.0,0.0
15,8,August,34,fast,fast,2.569430369107994,79.65234144234782,0.0,0.0,0.0
15,8,August,36,fast,fast,0.7630242279483621,23.653751066399224,0.0,0.0,0.0
15,8,December,16,fast,fast,13.976217278848983,433.26273564431847,0.0,0.0,0.0
15,8,December,23,fast,fast,17.661586407103822,547.5091786202184,0.0,0.0,0.0
15,8,December,24,fast,fast,23.846190677147817,739.2319109915824,0.0,0.0,0.0
15,8,December,25,fast,fast,0.7428448387091846,23.028189999984722,0.0,0.0,0.0
15,8,December,26,fast,fast,10.17217941954732,315.3375620059669,0.0,0.0,0.0
15,8,December,27,fast,fast,25.0,775.0,0.0,0.0,0.0
15,8,December,28,fast,fast,25.0,775.0,0.0,0.0,0.0
15,8,December,33,fast,fast,8.385808105049506,259.9600512565347,0.0,0.0,0.0
15,8,February,16,fast,fast,13.976217278848976,391.3340838077713,0.0,0.0,0.0
15,8,February,23,fast,fast,17.661586407103822,494.524419398907,0.0,0.0,0.0
15,8,February,24,fast,fast,23.84619067714784,667.6933389601395,0.0,0.0,0.0
15,8,February,25,fast,fast,7.800347232142743,218.4097224999968,0.0,0.0,0.0
15,8,February,26,fast,fast,10.17217941954732,284.82102374732494,0.0,0.0,0.0
15,8,February,27,fast,fast,25.0,700.0,0.0,0.0,0.0
15,8,February,28,fast,fast,25.0,700.0,0.0,0.0,0.0
15,8,February,29,fast,fast,6.436750803571314,180.2290224999968,0.0,0.0,0.0
15,8,February,30,fast,fast,6.436750803571314,180.2290224999968,0.0,0.0,0.0
15,8,February,33,fast,fast,1.9628249111435112,54.95909751201832,0.0,0.0,0.0
15,8,January,16,fast,fast,13.976217278848983,433.26273564431847,0.0,0.0,0.0
15,8,January,23,fast,fast,17.661586407103822,547.5091786202184,0.0,0.0,0.0
15,8,January,24,fast,fast,23.84619067714784,739.2319109915829,0.0,0.0,0.0
15,8,January,25,fast,fast,3.555281290322467,110.21371999999647,0.0,0.0,0.0
15,8,January,26,fast,fast,10.17217941954732,315.3375620059669,0.0,0.0,0.0
15,8,January,27,fast,fast,25.0,775.0,0.0,0.0,0.0
15,8,January,28,fast,fast,25.0,775.0,0.0,0.0,0.0
15,8,January,33,fast,fast,8.385808105049534,259.96005125653556,0.0,0.0,0.0
15,8,July,16,fast,fast,13.976217278848974,433.2627356443182,0.0,0.0,0.0
15,8,July,22,fast,fast,0.6458200288727429,20.020420895055032,0.0,0.0,0.0
15,8,July,23,fast,fast,17.661586407103822,547.5091786202184,0.0,0.0,0.0
15,8,July,24,fast,fast,23.84619067714784,739.2319109915829,0.0,0.0,0.0
15,8,July,25,fast,fast,15.704328870967629,486.8341949999965,0.0,0.0,0.0
15,8,July,26,fast,fast,15.704328870967629,486.8341949999965,0.0,0.0,0.0
15,8,July,27,fast,fast,21.309549498967034,660.596034467978,0.0,0.0,0.0
15,8,July,28,fast,fast,21.78264782725877,675.2620826450219,0.0,0.0,0.0
15,8,July,29,fast,fast,12.724267580645046,394.4522949999964,0.0,0.0,0.0
15,8,July,30,fast,fast,12.724267580645046,394.4522949999964,0.0,0.0,0.0
15,8,July,31,fast,fast,3.658614382696501,113.41704586359154,0.0,0.0,0.0
15,8,July,34,fast,fast,4.056819320720896,125.76139894234778,0.0,0.0,0.0
15,8,July,35,fast,fast,2.9606332732806306,91.77963147169955,0.0,0.0,0.0
15,8,July,36,fast,fast,1.1875587903224667,36.814322499996464,0.0,0.0,0.0
15,8,July,37,fast,fast,1.1624029032258065,36.034490000000005,0.0,0.0,0.0
15,8,July,38,fast,fast,1.9706116181395363,61.08896016232563,0.0,0.0,0.0
15,8,June,16,fast,fast,13.976217278848974,419.28651836546925,0.0,0.0,0.0
15,8,June,22,fast,fast,10.575136722421243,317.2541016726373,0.0,0.0,0.0
15,8,June,23,fast,fast,17.661586407103822,529.8475922131147,0.0,0.0,0.0
15,8,June,24,slow,slow,2.579298030660766,77.37894091982298,0.0,0.0,0.0
15,8,June,24,fast,fast,23.846190677147817,715.3857203144345,0.0,0.0,0.0
15,8,June,25,fast,fast,25.0,750.0,0.0,0.0,0.0
15,8,June,26,fast,fast,25.0,750.0,0.0,0.0,0.0
15,8,June,27,fast,fast,25.0,750.0,0.0,0.0,0.0
15,8,June,28,fast,fast,25.0,750.0,0.0,0.0,0.0
15,8,June,29,fast,fast,21.642069583333335,649.2620875,0.0,0.0,0.0
15,8,June,30,fast,fast,22.090746966884666,662.7224090065399,0.0,0.0,0.0
15,8,June,31,fast,fast,12.104403009040704,363.1320902712211,0.0,0.0,0.0
15,8,June,32,fast,fast,4.1084883472159195,123.25465041647759,0.0,0.0,0.0
15,8,June,33,fast,fast,0.5902547638826974,17.70764291648092,0.0,0.0,0.0
15,8,June,34,fast,fast,10.703736379860796,321.1120913958239,0.0,0.0,0.0
15,8,June,35,fast,fast,4.580997833333333,137.429935,0.0,0.0,0.0
15,8,June,36,fast,fast,4.580997833333333,137.429935,0.0,0.0,0.0
15,8,June,37,fast,fast,1.26083125,37.824937500000004,0.0,0.0,0.0
15,8,June,38,fast,fast,1.26083125,37.824937500000004,0.0,0.0,0.0
15,8,March,16,fast,fast,13.976217278848974,433.2627356443182,0.0,0.0,0.0
15,8,March,23,fast,fast,17.661586407103822,547.5091786202184,0.0,0.0,0.0
15,8,March,24,fast,fast,23.84619067714784,739.2319109915829,0.0,0.0,0.0
15,8,March,25,fast,fast,11.430227499999887,354.3370524999965,0.0,0.0,0.0
15,8,March,26,fast,fast,11.430227499999887,354.3370524999965,0.0,0.0,0.0
15,8,March,27,fast,fast,25.0,775.0,0.0,0.0,0.0
15,8,March,28,fast,fast,25.0,775.0,0.0,0.0,0.0
15,8,March,29,fast,fast,7.199129435483755,223.1730124999964,0.0,0.0,0.0
15,8,March,30,fast,fast,7.199129435483755,223.1730124999964,0.0,0.0,0.0
15,8,March,31,fast,fast,1.8880641407611325,58.52998836359511,0.0,0.0,0.0
15,8,March,34,fast,fast,1.048267546527463,32.49629394235135,0.0,0.0,0.0
15,8,March,37,fast,fast,2.5,77.5,0.0,0.0,0.0
15,8,March,38,fast,fast,0.11988076492160636,3.7163037125697973,0.0,0.0,0.0
15,8,May,16,fast,fast,13.976217278848974,433.2627356443182,0.0,0.0,0.0
15,8,May,22,fast,fast,16.067093819195442,498.0799083950587,0.0,0.0,0.0
15,8,May,23,fast,fast,17.661586407103826,547.5091786202186,0.0,0.0,0.0
15,8,May,24,fast,fast,23.846190677147817,739.2319109915824,0.0,0.0,0.0
15,8,May,25,fast,fast,25.0,775.0,0.0,0.0,0.0
15,8,May,26,fast,fast,25.0,775.0,0.0,0.0,0.0
15,8,May,27,fast,fast,25.0,775.0,0.0,0.0,0.0
15,8,May,28,fast,fast,25.0,775.0,0.0,0.0,0.0
15,8,May,29,fast,fast,24.462789596774194,758.3464775,0.0,0.0,0.0
15,8,May,30,fast,fast,24.462789596775497,758.3464775000405,0.0,0.0,0.0
15,8,May,31,fast,fast,12.410997769791967,384.740930863551,0.0,0.0,0.0
15,8,May,32,fast,fast,4.415083107968604,136.86757634702673,0.0,0.0,0.0
15,8,May,34,fast,fast,7.389322949753156,229.06901144234783,0.0,0.0,0.0
15,8,May,35,fast,fast,5.788214112905708,179.43463750007695,0.0,0.0,0.0
15,8,May,36,fast,fast,3.4319641129032266,106.39088750000002,0.0,0.0,0.0
15,8,May,37,fast,fast,3.3187806451614046,102.88220000000354,0.0,0.0,0.0
15,8,May,38,fast,fast,3.3187806451614046,102.88220000000354,0.0,0.0,0.0
15,8,November,16,fast,fast,13.976217278848974,419.28651836546925,0.0,0.0,0.0
15,8,November,23,fast,fast,17.661586407103822,529.8475922131147,0.0,0.0,0.0
15,8,November,24,fast,fast,23.84619067714784,715.3857203144352,0.0,0.0,0.0
15,8,November,25,fast,fast,3.6034226666665528,108.10267999999658,0.0,0.0,0.0
15,8,November,26,fast,fast,10.17217941954732,305.1653825864196,0.0,0.0,0.0
15,8,November,27,fast,fast,25.0,750.0,0.0,0.0,0.0
15,8,November,28,fast,fast,25.0,750.0,0.0,0.0,0.0
15,8,November,33,fast,fast,8.385808105049534,251.57424315148603,0.0,0.0,0.0
15,8,October,16,fast,fast,13.976217278848976,433.26273564431824,0.0,0.0,0.0
15,8,October,23,fast,fast,17.661586407103822,547.5091786202184,0.0,0.0,0.0
15,8,October,24,fast,fast,23.846190677147817,739.2319109915824,0.0,0.0,0.0
15,8,October,25,fast,fast,6.726251854838594,208.5138074999964,0.0,0.0,0.0
15,8,October,26,fast,fast,10.17217941954732,315.3375620059669,0.0,0.0,0.0
15,8,October,27,fast,fast,25.0,775.0,0.0,0.0,0.0
15,8,October,28,fast,fast,25.0,775.0,0.0,0.0,0.0
15,8,October,29,fast,fast,2.918474354838595,90.47270499999645,0.0,0.0,0.0
15,8,October,30,fast,fast,2.918474354838595,90.47270499999645,0.0,0.0,0.0
15,8,October,33,fast,fast,8.385808105049506,259.9600512565347,0.0,0.0,0.0
15,8,September,16,fast,fast,13.976217278848974,419.28651836546925,0.0,0.0,0.0
15,8,September,23,fast,fast,17.661586407103822,529.8475922131147,0.0,0.0,0.0
15,8,September,24,fast,fast,23.84619067714784,715.3857203144352,0.0,0.0,0.0
15,8,September,25,fast,fast,15.61590383333322,468.4771149999966,0.0,0.0,0.0
15,8,September,26,fast,fast,15.61590383333322,468.4771149999966,0.0,0.0,0.0
15,8,September,27,fast,fast,23.251099445203593,697.5329833561078,0.0,0.0,0.0
15,8,September,28,fast,fast,23.724197773495334,711.72593320486,0.0,0.0,0.0
15,8,September,29,fast,fast,9.919885166666552,297.59655499999656,0.0,0.0,0.0
15,8,September,30,fast,fast,9.919885166666552,297.59655499999656,0.0,0.0,0.0
15,8,September,33,fast,fast,4.490083573029285,134.70250719087855,0.0,0.0,0.0
15,22,April,18,fast,medium,32.10362366722478,963.1087100167434,0.0,0.0,0.0
15,22,April,19,medium,medium,2.421773651385081,72.65320954155243,0.0,0.0,0.0
15,22,April,22,fast,medium,2.451018914425944,73.53056743277833,0.0,0.0,0.0
15,22,April,23,medium,medium,7.711462416452253,231.3438724935676,0.0,0.0,0.0
15,22,April,23,fast,fast,25.0,750.0,0.0,0.0,0.0
15,22,April,24,medium,medium,14.497183780781334,434.91551342344,0.0,0.0,0.0
15,22,April,25,fast,medium,14.871957074834363,446.15871224503087,0.0,0.0,0.0
15,22,August,18,medium,medium,32.10362366722454,995.2123336839608,0.0,0.0,0.0
15,22,August,19,fast,fast,2.421773651385024,75.07498319293575,0.0,0.0,0.0
15,22,August,23,fast,fast,15.350771749785695,475.87392424335656,0.0,0.0,0.0
15,22,December,18,fast,medium,32.10362366722454,995.2123336839608,0.0,0.0,0.0
15,22,December,19,fast,fast,2.421773651385024,75.07498319293575,0.0,0.0,0.0
15,22,December,23,fast,fast,15.350771749785695,475.87392424335656,0.0,0.0,0.0
15,22,February,18,medium,medium,32.10362366722478,898.9014626822939,0.0,0.0,0.0
15,22,February,19,fast,fast,2.421773651385024,67.80966223878067,0.0,0.0,0.0
15,22,February,23,fast,fast,15.350771749785695,429.82160899399946,0.0,0.0,0.0
15,22,January,18,fast,medium,32.10362366722454,995.2123336839608,0.0,0.0,0.0
15,22,January,19,fast,fast,2.421773651385024,75.07498319293575,0.0,0.0,0.0
15,22,January,23,fast,fast,15.350771749785695,475.87392424335656,0.0,0.0,0.0
15,22,July,18,medium,medium,32.10362366722448,995.212333683959,0.0,0.0,0.0
15,22,July,19,fast,fast,2.421773651385024,75.07498319293575,0.0,0.0,0.0
15,22,July,23,medium,medium,3.1552893548385974,97.81396999999652,0.0,0.0,0.0
15,22,July,23,fast,fast,15.350771749785695,475.87392424335656,0.0,0.0,0.0
15,22,June,11,fast,fast,1.3437804999998804,40.31341499999641,0.0,0.0,0.0
15,22,June,18,medium,medium,32.10362366722478,963.1087100167434,0.0,0.0,0.0
15,22,June,19,fast,medium,2.421773651385081,72.65320954155243,0.0,0.0,0.0
15,22,June,22,fast,fast,4.847716081092614,145.4314824327784,0.0,0.0,0.0
15,22,June,23,fast,medium,18.31407949999989,549.4223849999968,0.0,0.0,0.0
15,22,June,23,fast,fast,15.350771749785695,460.5231524935708,0.0,0.0,0.0
15,22,June,24,fast,fast,15.450572614114662,463.5171784234399,0.0,0.0,0.0
15,22,June,25,medium,medium,15.035741741501035,451.07225224503105,0.0,0.0,0.0
15,22,March,18,fast,medium,32.10362366722478,995.2123336839682,0.0,0.0,0.0
15,22,March,19,fast,fast,2.421773651385024,75.07498319293575,0.0,0.0,0.0
15,22,March,23,fast,fast,15.350771749785695,475.87392424335656,0.0,0.0,0.0
15,22,May,18,fast,medium,32.10362366722478,995.2123336839682,0.0,0.0,0.0
15,22,May,19,fast,medium,2.421773651385081,75.07498319293751,0.0,0.0,0.0
15,22,May,22,fast,medium,13.670700917253185,423.7917284348488,0.0,0.0,0.0
15,22,May,23,fast,medium,4.132427433800386,128.10525044781195,0.0,0.0,0.0
15,22,May,23,fast,fast,15.350771749785695,475.87392424335656,0.0,0.0,0.0
15,22,May,24,fast,fast,18.029870644775414,558.9259899880378,0.0,0.0,0.0
15,22,November,18,fast,medium,32.10362366722454,963.1087100167362,0.0,0.0,0.0
15,22,November,19,fast,medium,2.4217736513850525,72.65320954155158,0.0,0.0,0.0
15,22,November,23,fast,fast,15.350771749785695,460.5231524935708,0.0,0.0,0.0
15,22,October,18,medium,medium,32.10362366722478,995.2123336839682,0.0,0.0,0.0
15,22,October,19,fast,fast,2.421773651385024,75.07498319293575,0.0,0.0,0.0
15,22,October,23,fast,fast,15.350771749785695,475.87392424335656,0.0,0.0,0.0
15,22,September,18,medium,medium,32.10362366722454,963.1087100167362,0.0,0.0,0.0
15,22,September,19,fast,fast,2.421773651385024,72.65320954155072,0.0,0.0,0.0
15,22,September,23,fast,fast,15.350771749785695,460.5231524935708,0.0,0.0,0.0
15,23,April,17,medium,medium,33.35543024852536,1000.6629074557608,0.0,0.0,0.0
15,23,April,18,medium,medium,22.063997850368395,661.9199355110518,0.0,0.0,0.0
15,23,August,17,fast,medium,33.35543024852536,1034.018337704286,0.0,0.0,0.0
15,23,August,18,medium,medium,22.063997850368395,683.9839333614202,0.0,0.0,0.0
15,23,August,24,medium,medium,18.02987064477547,558.9259899880396,0.0,0.0,0.0
15,23,December,17,medium,medium,8.355430248525352,259.0183377042859,0.0,0.0,0.0
15,23,December,17,fast,fast,25.0,775.0,0.0,0.0,0.0
15,23,December,18,fast,medium,22.063997850368395,683.9839333614202,0.0,0.0,0.0
15,23,December,24,fast,fast,18.02987064477547,558.9259899880396,0.0,0.0,0.0
15,23,February,17,medium,medium,33.35543024852536,933.9520469587101,0.0,0.0,0.0
15,23,February,18,fast,medium,22.063997850368395,617.7919398103151,0.0,0.0,0.0
15,23,February,24,medium,medium,18.02987064477545,504.83637805371256,0.0,0.0,0.0
15,23,January,17,fast,medium,8.355430248525352,259.0183377042859,0.0,0.0,0.0
15,23,January,17,fast,fast,25.0,775.0,0.0,0.0,0.0
15,23,January,18,fast,medium,22.063997850368395,683.9839333614202,0.0,0.0,0.0
15,23,January,24,fast,fast,18.029870644775386,558.9259899880369,0.0,0.0,0.0
15,23,July,17,fast,medium,8.355430248525352,259.0183377042859,0.0,0.0,0.0
15,23,July,17,fast,fast,25.0,775.0,0.0,0.0,0.0
15,23,July,18,fast,medium,22.063997850368395,683.9839333614202,0.0,0.0,0.0
15,23,July,24,medium,medium,18.029870644775432,558.9259899880384,0.0,0.0,0.0
15,23,June,9,fast,fast,0.6253052399049879,18.759157197149637,0.0,0.0,0.0
15,23,June,10,fast,fast,1.7360850000000005,52.08255000000002,0.0,0.0,0.0
15,23,June,11,fast,fast,1.37322745144726,41.1968235434178,0.0,0.0,0.0
15,23,June,17,medium,medium,8.355430248525352,250.66290745576055,0.0,0.0,0.0
15,23,June,17,fast,fast,25.0,750.0,0.0,0.0,0.0
15,23,June,18,medium,medium,22.063997850368395,661.9199355110518,0.0,0.0,0.0
15,23,March,17,fast,medium,8.355430248525352,259.0183377042859,0.0,0.0,0.0
15,23,March,17,fast,fast,25.0,775.0,0.0,0.0,0.0
15,23,March,18,medium,medium,22.063997850368395,683.9839333614202,0.0,0.0,0.0
15,23,March,24,fast,fast,18.02987064477545,558.925989988039,0.0,0.0,0.0
15,23,May,17,fast,medium,33.35543024852536,1034.018337704286,0.0,0.0,0.0
15,23,May,18,fast,medium,22.063997850368395,683.9839333614202,0.0,0.0,0.0
15,23,November,17,medium,medium,33.35543024852536,1000.6629074557608,0.0,0.0,0.0
15,23,November,18,medium,medium,22.063997850368395,661.9199355110518,0.0,0.0,0.0
15,23,November,24,medium,medium,18.02987064477545,540.8961193432635,0.0,0.0,0.0
15,23,October,17,medium,medium,8.355430248525352,259.0183377042859,0.0,0.0,0.0
15,23,October,17,fast,fast,25.0,775.0,0.0,0.0,0.0
15,23,October,18,medium,medium,22.063997850368395,683.9839333614202,0.0,0.0,0.0
15,23,October,24,fast,fast,18.02987064477547,558.9259899880396,0.0,0.0,0.0
15,23,September,17,fast,medium,33.35543024852536,1000.6629074557608,0.0,0.0,0.0
15,23,September,18,fast,medium,22.063997850368395,661.9199355110518,0.0,0.0,0.0
15,23,September,24,fast,fast,18.02987064477545,540.8961193432635,0.0,0.0,0.0
16,24,April,17,medium,medium,13.503823654090723,405.1147096227217,0.0,0.0,0.0
16,24,August,17,medium,medium,13.503823654090723,418.6185332768124,0.0,0.0,0.0
16,24,December,17,medium,medium,13.503823654090723,418.6185332768124,0.0,0.0,0.0
16,24,February,17,fast,medium,13.503823654090723,378.10706231454026,0.0,0.0,0.0
16,24,January,17,medium,medium,13.503823654090723,418.6185332768124,0.0,0.0,0.0
16,24,July,17,fast,medium,13.503823654090723,418.6185332768124,0.0,0.0,0.0
16,24,June,17,medium,medium,13.503823654090723,405.1147096227217,0.0,0.0,0.0
16,24,March,17,fast,medium,13.503823654090723,418.6185332768124,0.0,0.0,0.0
16,24,May,17,fast,medium,13.503823654090723,418.6185332768124,0.0,0.0,0.0
16,24,November,17,fast,medium,13.503823654090723,405.1147096227217,0.0,0.0,0.0
16,24,October,17,fast,medium,13.503823654090723,418.6185332768124,0.0,0.0,0.0
16,24,September,17,fast,medium,13.503823654090723,405.1147096227217,0.0,0.0,0.0
17,9,April,26,fast,fast,14.434377176937558,433.03131530812675,0.0,0.0,0.0
17,9,April,27,fast,fast,8.0391506303915,241.174518911745,0.0,0.0,0.0
17,9,April,28,fast,fast,4.69042096634723,140.7126289904169,0.0,0.0,0.0
17,9,August,28,fast,fast,4.690420966346927,145.40304995675476,0.0,0.0,0.0
17,9,December,28,fast,fast,4.690420966346927,145.40304995675476,0.0,0.0,0.0
17,9,February,28,fast,fast,4.690420966346927,131.33178705771397,0.0,0.0,0.0
17,9,January,28,fast,fast,4.690420966346927,145.40304995675476,0.0,0.0,0.0
17,9,June,26,fast,fast,14.434377176937558,433.03131530812675,0.0,0.0,0.0
17,9,June,27,fast,fast,8.0391506303915,241.174518911745,0.0,0.0,0.0
17,9,June,28,fast,fast,4.690420966346927,140.71262899040784,0.0,0.0,0.0
17,9,March,28,fast,fast,4.690420966346927,145.40304995675476,0.0,0.0,0.0
17,9,May,19,fast,fast,5.730268939213396,177.63833711561526,0.0,0.0,0.0
17,9,May,20,fast,fast,4.163389551785464,129.0650761053494,0.0,0.0,0.0
17,9,May,28,fast,fast,4.690420966346927,145.40304995675476,0.0,0.0,0.0
17,9,November,28,fast,fast,4.690420966346927,140.71262899040784,0.0,0.0,0.0
17,9,October,28,fast,fast,4.690420966346927,145.40304995675476,0.0,0.0,0.0
17,9,September,28,fast,fast,4.690420966346927,140.71262899040784,0.0,0.0,0.0
17,10,April,22,fast,fast,4.38116631374842,131.43498941245258,0.0,0.0,0.0
17,10,April,28,medium,medium,29.038567222730336,871.1570166819101,0.0,0.0,0.0
17,10,April,28,fast,fast,25.0,750.0,0.0,0.0,0.0
17,10,April,29,fast,fast,13.82797144926037,414.8391434778111,0.0,0.0,0.0
17,10,August,28,fast,fast,21.737999260404436,673.8779770725375,0.0,0.0,0.0
17,10,December,28,fast,fast,4.060305066856042,125.8694570725373,0.0,0.0,0.0
17,10,February,28,fast,fast,13.458984352570333,376.85156187196935,0.0,0.0,0.0
17,10,January,28,fast,fast,4.060305066856042,125.8694570725373,0.0,0.0,0.0
17,10,July,28,medium,medium,54.66868312222152,1694.7291767888673,0.0,0.0,0.0
17,10,July,28,fast,fast,4.060305066856042,125.8694570725373,0.0,0.0,0.0
17,10,June,21,medium,medium,31.156736190526292,934.7020857157887,0.0,0.0,0.0
17,10,June,21,fast,fast,0.3118590580965339,9.355771742896017,0.0,0.0,0.0
17,10,June,22,fast,medium,20.710673819814225,621.3202145944267,0.0,0.0,0.0
17,10,June,22,fast,fast,25.0,750.0,0.0,0.0,0.0
17,10,June,23,fast,medium,10.128614077922926,303.8584223376878,0.0,0.0,0.0
17,10,June,25,medium,medium,20.0,600.0,0.0,0.0,0.0
17,10,June,26,fast,fast,18.436482850156835,553.0944855047051,0.0,0.0,0.0
17,10,June,27,medium,medium,36.17118946716295,1085.1356840148883,0.0,0.0,0.0
17,10,June,28,fast,medium,29.03856722273064,871.1570166819192,0.0,0.0,0.0
17,10,June,28,fast,fast,25.0,750.0,0.0,0.0,0.0
17,10,June,29,medium,medium,26.21516644926037,786.4549934778111,0.0,0.0,0.0
17,10,June,29,fast,fast,25.0,750.0,0.0,0.0,0.0
17,10,June,30,medium,medium,0.21069227623120312,6.320768286936094,0.0,0.0,0.0
17,10,June,30,fast,fast,25.0,750.0,0.0,0.0,0.0
17,10,March,28,fast,fast,4.060305066856042,125.8694570725373,0.0,0.0,0.0
17,10,May,21,medium,medium,19.442194891952678,602.708041650533,0.0,0.0,0.0
17,10,May,21,fast,fast,4.518507219573369,140.07372380677444,0.0,0.0,0.0
17,10,May,22,fast,medium,33.82161436896902,1048.4700454380397,0.0,0.0,0.0
17,10,May,22,fast,fast,4.38116631374842,135.816155726201,0.0,0.0,0.0
17,10,May,28,fast,medium,29.03856722273064,900.1955839046499,0.0,0.0,0.0
17,10,May,28,fast,fast,25.0,775.0,0.0,0.0,0.0
17,10,May,29,fast,fast,13.82797144926037,428.66711492707145,0.0,0.0,0.0
17,10,November,28,fast,fast,4.060305066856042,121.80915200568126,0.0,0.0,0.0
17,10,October,28,fast,fast,4.060305066856042,125.8694570725373,0.0,0.0,0.0
17,10,September,28,fast,medium,16.604134000000013,498.12402000000037,0.0,0.0,0.0
17,10,September,28,fast,fast,4.060305066856042,121.80915200568126,0.0,0.0,0.0
17,24,August,28,medium,medium,32.300567962326234,1001.3176068321133,0.0,0.0,0.0
17,24,December,28,medium,medium,49.978262155874596,1549.3261268321125,0.0,0.0,0.0
17,24,February,28,fast,medium,40.57958287016031,1136.2283203644886,0.0,0.0,0.0
17,24,January,28,medium,medium,49.97826215587465,1549.3261268321141,0.0,0.0,0.0
17,24,March,28,medium,medium,49.978262155874596,1549.3261268321125,0.0,0.0,0.0
17,24,November,28,fast,medium,49.978262155874624,1499.3478646762387,0.0,0.0,0.0
17,24,October,28,fast,medium,49.978262155874596,1549.3261268321125,0.0,0.0,0.0
17,24,September,28,medium,medium,33.37412815587458,1001.2238446762374,0.0,0.0,0.0
18,10,April,30,fast,medium,1.0044741730290383,30.13422519087115,0.0,0.0,0.0
18,10,April,30,fast,fast,25.0,750.0,0.0,0.0,0.0
18,10,April,31,medium,medium,25.979249735513235,779.3774920653971,0.0,0.0,0.0
18,10,April,31,fast,fast,7.920550110366108,237.61650331098323,0.0,0.0,0.0
18,10,August,30,fast,fast,13.82797144926037,428.66711492707145,0.0,0.0,0.0
18,10,August,31,fast,fast,7.920550110366108,245.53705342134936,0.0,0.0,0.0
18,10,December,30,fast,fast,13.827971449260376,428.6671149270717,0.0,0.0,0.0
18,10,December,31,fast,fast,7.920550110366108,245.53705342134936,0.0,0.0,0.0
18,10,February,30,fast,fast,13.82797144926037,387.1832005792903,0.0,0.0,0.0
18,10,February,31,fast,fast,7.920550110366108,221.77540309025102,0.0,0.0,0.0
18,10,January,30,fast,fast,13.82797144926037,428.66711492707145,0.0,0.0,0.0
18,10,January,31,fast,fast,7.920550110366108,245.53705342134936,0.0,0.0,0.0
18,10,July,30,medium,medium,12.176502723768806,377.471584436833,0.0,0.0,0.0
18,10,July,30,fast,fast,13.82797144926037,428.66711492707145,0.0,0.0,0.0
18,10,July,31,medium,medium,5.736100804437559,177.8191249375643,0.0,0.0,0.0
18,10,July,31,fast,fast,25.0,775.0,0.0,0.0,0.0
18,10,June,30,medium,medium,26.00447417302918,780.1342251908754,0.0,0.0,0.0
18,10,June,31,medium,medium,25.979249735513235,779.3774920653971,0.0,0.0,0.0
18,10,June,31,fast,fast,7.920550110366108,237.61650331098323,0.0,0.0,0.0
18,10,March,30,fast,fast,13.82797144926037,428.66711492707145,0.0,0.0,0.0
18,10,March,31,fast,fast,7.920550110366108,245.53705342134936,0.0,0.0,0.0
18,10,May,30,medium,medium,12.176502723768806,377.471584436833,0.0,0.0,0.0
18,10,May,30,fast,fast,13.82797144926037,428.66711492707145,0.0,0.0,0.0
18,10,May,31,fast,medium,25.97924973551322,805.3567418009098,0.0,0.0,0.0
18,10,May,31,fast,fast,7.920550110366108,245.53705342134936,0.0,0.0,0.0
18,10,November,30,fast,fast,13.82797144926037,414.8391434778111,0.0,0.0,0.0
18,10,November,31,fast,fast,7.920550110366108,237.61650331098323,0.0,0.0,0.0
18,10,October,30,fast,fast,13.82797144926037,428.66711492707145,0.0,0.0,0.0
18,10,October,31,fast,fast,7.920550110366108,245.53705342134936,0.0,0.0,0.0
18,10,September,30,fast,fast,13.82797144926037,414.8391434778111,0.0,0.0,0.0
18,10,September,31,fast,fast,7.920550110366108,237.61650331098323,0.0,0.0,0.0
18,25,August,30,medium,medium,12.17650272376882,377.47158443683344,0.0,0.0,0.0
18,25,August,31,fast,medium,25.97924973551322,805.3567418009098,0.0,0.0,0.0
18,25,December,30,medium,medium,12.176502723768792,377.47158443683253,0.0,0.0,0.0
18,25,December,31,fast,medium,25.97924973551322,805.3567418009098,0.0,0.0,0.0
18,25,February,30,fast,medium,12.17650272376882,340.94207626552696,0.0,0.0,0.0
18,25,February,31,fast,medium,25.97924973551322,727.4189925943701,0.0,0.0,0.0
18,25,January,30,fast,fast,12.17650272376882,377.47158443683344,0.0,0.0,0.0
18,25,January,31,medium,medium,25.97924973551322,805.3567418009098,0.0,0.0,0.0
18,25,July,31,fast,fast,3.1636990414417703,98.07467028469488,0.0,0.0,0.0
18,25,March,30,fast,fast,12.17650272376882,377.47158443683344,0.0,0.0,0.0
18,25,March,31,fast,medium,25.97924973551322,805.3567418009098,0.0,0.0,0.0
18,25,November,30,fast,medium,12.17650272376882,365.29508171306463,0.0,0.0,0.0
18,25,November,31,fast,medium,25.97924973551322,779.3774920653966,0.0,0.0,0.0
18,25,October,30,fast,fast,12.17650272376882,377.47158443683344,0.0,0.0,0.0
18,25,October,31,medium,medium,25.97924973551322,805.3567418009098,0.0,0.0,0.0
18,25,September,30,fast,medium,12.17650272376882,365.29508171306463,0.0,0.0,0.0
18,25,September,31,medium,medium,25.97924973551322,779.3774920653966,0.0,0.0,0.0
19,12,June,14,fast,medium,1.4911959358518327,44.73587807555498,0.0,0.0,0.0
19,12,May,17,medium,medium,0.5767948742998765,17.88064110329617,0.0,0.0,0.0
19,12,May,21,medium,medium,0.5842915974301199,18.113039520333718,0.0,0.0,0.0
21,13,April,20,fast,fast,14.675423693452085,440.2627108035626,0.0,0.0,0.0
21,13,April,21,fast,fast,20.118300142717622,603.5490042815287,0.0,0.0,0.0
21,13,April,22,fast,medium,11.0,330.0,0.0,0.0,0.0
21,13,April,22,fast,fast,13.075047699809199,392.25143099427595,0.0,0.0,0.0
21,13,April,23,fast,fast,24.07504769981145,722.2514309943435,0.0,0.0,0.0
21,13,April,24,fast,medium,11.0,330.0,0.0,0.0,0.0
21,13,April,24,fast,fast,12.428595012230735,372.85785036692204,0.0,0.0,0.0
21,13,April,25,fast,fast,10.955318177529833,328.659545325895,0.0,0.0,0.0
21,13,April,26,fast,fast,12.73806857096824,382.1420571290472,0.0,0.0,0.0
21,13,April,27,fast,fast,15.71133693235948,471.3401079707844,0.0,0.0,0.0
21,13,April,28,fast,fast,7.894231381769444,236.82694145308332,0.0,0.0,0.0
21,13,April,31,fast,fast,1.082881475967536,32.48644427902608,0.0,0.0,0.0
21,13,April,32,fast,fast,6.182546188585224,185.47638565755673,0.0,0.0,0.0
21,13,August,20,fast,fast,2.4539832095811214,76.07347949701476,0.0,0.0,0.0
21,13,August,21,fast,fast,8.430556732067254,261.34725869408487,0.0,0.0,0.0
21,13,August,22,fast,fast,8.430556732067254,261.34725869408487,0.0,0.0,0.0
21,13,August,23,fast,fast,2.5697691483180805,79.6628435978605,0.0,0.0,0.0
21,13,August,24,fast,fast,8.992232834811373,278.7592178791526,0.0,0.0,0.0
21,13,August,28,fast,fast,3.728511436400579,115.58385452841794,0.0,0.0,0.0
21,13,July,20,fast,fast,6.367001032161767,197.37703199701477,0.0,0.0,0.0
21,13,July,21,fast,fast,12.32062745787371,381.93945119408505,0.0,0.0,0.0
21,13,July,22,fast,fast,12.32062745787371,381.93945119408505,0.0,0.0,0.0
21,13,July,23,fast,fast,13.075047699809199,405.32647869408515,0.0,0.0,0.0
21,13,July,24,fast,fast,12.428595012230735,385.2864453791528,0.0,0.0,0.0
21,13,July,25,fast,fast,0.1,3.1,0.0,0.0,0.0
21,13,July,26,fast,fast,4.378858629052802,135.74461750063685,0.0,0.0,0.0
21,13,July,27,fast,fast,2.296605722681935,71.19477740314,0.0,0.0,0.0
21,13,July,28,fast,fast,7.384728936400576,228.92659702841786,0.0,0.0,0.0
21,13,June,20,fast,fast,14.853922360118759,445.61767080356276,0.0,0.0,0.0
21,13,June,21,fast,fast,18.30093705938429,549.0281117815287,0.0,0.0,0.0
21,13,June,22,fast,fast,24.075047699810504,722.2514309943151,0.0,0.0,0.0
21,13,June,23,fast,fast,16.427973096092195,492.8391928827659,0.0,0.0,0.0
21,13,June,24,fast,fast,12.428595012230735,372.85785036692204,0.0,0.0,0.0
21,13,June,25,medium,medium,11.0,330.0,0.0,0.0,0.0
21,13,June,25,fast,fast,10.955318177529831,328.65954532589495,0.0,0.0,0.0
21,13,June,26,fast,fast,19.543491262867356,586.3047378860207,0.0,0.0,0.0
21,13,June,27,medium,medium,10.507711416666654,315.2313424999996,0.0,0.0,0.0
21,13,June,27,fast,fast,15.711336932359478,471.34010797078435,0.0,0.0,0.0
21,13,June,28,fast,fast,7.010978381769448,210.32935145308343,0.0,0.0,0.0
21,13,June,31,fast,fast,5.292133381550499,158.76400144651498,0.0,0.0,0.0
21,13,June,32,fast,fast,10.381251275889426,311.43753827668274,0.0,0.0,0.0
21,13,March,20,fast,fast,0.9368853063553146,29.043444497014754,0.0,0.0,0.0
21,13,March,21,fast,fast,7.086538103034998,219.68268119408495,0.0,0.0,0.0
21,13,March,22,fast,fast,7.086538103034998,219.68268119408495,0.0,0.0,0.0
21,13,March,23,fast,fast,3.679282451788106,114.05775600543129,0.0,0.0,0.0
21,13,May,19,fast,fast,0.5988637062242077,18.56477489295044,0.0,0.0,0.0
21,13,May,20,fast,fast,20.292571193452268,629.0697069970203,0.0,0.0,0.0
21,13,May,21,fast,fast,12.807941760997188,397.0461945909128,0.0,0.0,0.0
21,13,May,22,fast,fast,24.07504769980937,746.3264786940905,0.0,0.0,0.0
21,13,May,23,fast,fast,13.075047699809199,405.32647869408515,0.0,0.0,0.0
21,13,May,24,fast,fast,12.428595012230735,385.2864453791528,0.0,0.0,0.0
21,13,May,25,fast,fast,10.955318177529833,339.61486350342483,0.0,0.0,0.0
21,13,May,26,fast,fast,10.244179093291296,317.5695518920302,0.0,0.0,0.0
21,13,May,27,fast,fast,15.71133693235948,487.0514449031439,0.0,0.0,0.0
21,13,May,28,fast,fast,2.497912250049019,77.4352797515196,0.0,0.0,0.0
21,13,May,31,fast,fast,6.097017423371721,189.00754012452336,0.0,0.0,0.0
21,13,May,32,fast,fast,10.381251275889426,321.8187895525722,0.0,0.0,0.0
21,13,September,21,fast,fast,9.870410033142528,296.11230099427587,0.0,0.0,0.0
21,13,September,22,fast,fast,9.870410033142528,296.11230099427587,0.0,0.0,0.0
21,13,September,23,fast,fast,10.47212261647586,314.16367849427576,0.0,0.0,0.0
21,13,September,24,fast,fast,9.825669928897396,294.7700978669219,0.0,0.0,0.0
21,13,September,25,fast,fast,0.1,3.0,0.0,0.0,0.0
21,13,September,26,fast,fast,2.116574545283088,63.49723635849264,0.0,0.0,0.0
21,13,September,28,fast,fast,3.2146173127446662,96.43851938233999,0.0,0.0,0.0
21,14,April,13,fast,fast,3.467499937761839,104.02499813285517,0.0,0.0,0.0
21,14,July,13,fast,fast,4.04522597808442,125.40200532061702,0.0,0.0,0.0
21,14,June,13,fast,fast,9.076945687761828,272.30837063285486,0.0,0.0,0.0
21,14,June,22,fast,fast,2.926932010738625,87.80796032215875,0.0,0.0,0.0
21,14,June,24,fast,fast,1.8839160512704822,56.51748153811447,0.0,0.0,0.0
22,21,April,30,fast,medium,7.719048575644877,231.5714572693463,0.0,0.0,0.0
22,21,August,30,fast,fast,7.719048575644891,239.29050584499163,0.0,0.0,0.0
22,21,December,30,fast,fast,7.719048575644891,239.29050584499163,0.0,0.0,0.0
22,21,February,30,fast,fast,7.719048575644891,216.13336011805694,0.0,0.0,0.0
22,21,January,30,fast,medium,7.719048575644891,239.29050584499163,0.0,0.0,0.0
22,21,July,30,fast,fast,7.719048575644891,239.29050584499163,0.0,0.0,0.0
22,21,June,7,fast,fast,0.1268469166666667,3.805407500000001,0.0,0.0,0.0
22,21,June,8,fast,fast,0.1268469166666737,3.8054075000002108,0.0,0.0,0.0
22,21,June,30,fast,fast,7.719048575644877,231.5714572693463,0.0,0.0,0.0
22,21,March,30,fast,fast,7.719048575644891,239.29050584499163,0.0,0.0,0.0
22,21,May,30,fast,fast,7.719048575644891,239.29050584499163,0.0,0.0,0.0
22,21,November,30,fast,fast,7.719048575644877,231.5714572693463,0.0,0.0,0.0
22,21,October,30,fast,fast,7.719048575644877,239.29050584499117,0.0,0.0,0.0
22,21,September,30,fast,fast,7.719048575644891,231.57145726934672,0.0,0.0,0.0
23,15,June,13,medium,medium,4.880911502008033,146.42734506024098,0.0,0.0,0.0
23,16,April,19,medium,medium,48.55475356571159,1456.6426069713477,0.0,0.0,0.0
23,16,April,20,fast,fast,18.801076349194943,564.0322904758483,0.0,0.0,0.0
23,16,August,19,fast,medium,48.55475356571159,1505.1973605370595,0.0,0.0,0.0
23,16,August,20,medium,medium,18.8010763491949,582.8333668250419,0.0,0.0,0.0
23,16,December,19,fast,medium,48.55475356571159,1505.1973605370595,0.0,0.0,0.0
23,16,December,20,fast,fast,18.8010763491949,582.8333668250419,0.0,0.0,0.0
23,16,February,19,fast,medium,48.55475356571159,1359.5330998399245,0.0,0.0,0.0
23,16,February,20,fast,fast,18.8010763491949,526.4301377774573,0.0,0.0,0.0
23,16,January,19,medium,medium,48.55475356571159,1505.1973605370595,0.0,0.0,0.0
23,16,January,20,fast,medium,18.8010763491949,582.8333668250419,0.0,0.0,0.0
23,16,July,19,medium,medium,23.554753565711593,730.1973605370594,0.0,0.0,0.0
23,16,July,19,fast,fast,25.0,775.0,0.0,0.0,0.0
23,16,July,20,medium,medium,18.8010763491949,582.8333668250419,0.0,0.0,0.0
23,16,June,19,fast,medium,23.554753565711593,706.6426069713477,0.0,0.0,0.0
23,16,June,19,fast,fast,25.0,750.0,0.0,0.0,0.0
23,16,June,20,fast,fast,18.8010763491949,564.032290475847,0.0,0.0,0.0
23,16,March,19,medium,medium,23.554753565711593,730.1973605370594,0.0,0.0,0.0
23,16,March,19,fast,fast,25.0,775.0,0.0,0.0,0.0
23,16,March,20,fast,fast,18.801076349194936,582.8333668250431,0.0,0.0,0.0
23,16,May,19,medium,medium,48.55475356571159,1505.1973605370595,0.0,0.0,0.0
23,16,May,20,fast,medium,18.801076349194943,582.8333668250432,0.0,0.0,0.0
23,16,November,19,fast,medium,48.55475356571159,1456.6426069713477,0.0,0.0,0.0
23,16,November,20,fast,fast,18.8010763491949,564.032290475847,0.0,0.0,0.0
23,16,October,19,fast,medium,48.55475356571159,1505.1973605370595,0.0,0.0,0.0
23,16,October,20,fast,fast,18.8010763491949,582.8333668250419,0.0,0.0,0.0
23,16,September,19,fast,medium,48.55475356571159,1456.6426069713477,0.0,0.0,0.0
23,16,September,20,fast,medium,18.801076349194943,564.0322904758483,0.0,0.0,0.0
24,16,April,11,fast,fast,0.9929400000000003,29.788200000000007,0.0,0.0,0.0
24,16,April,34,fast,fast,6.490744640496644,194.7223392148993,0.0,0.0,0.0
24,16,August,11,fast,fast,1.241450806451613,38.484975000000006,0.0,0.0,0.0
24,16,August,34,fast,fast,6.490744640496644,201.21308385539595,0.0,0.0,0.0
24,16,December,34,fast,fast,6.490744640496644,201.21308385539595,0.0,0.0,0.0
24,16,February,34,fast,fast,6.490744640496644,181.74084993390602,0.0,0.0,0.0
24,16,January,34,fast,fast,6.4907446404967,201.2130838553977,0.0,0.0,0.0
24,16,July,11,fast,fast,3.290210080645162,101.99651250000002,0.0,0.0,0.0
24,16,July,34,fast,fast,6.490744640496644,201.21308385539595,0.0,0.0,0.0
24,16,June,11,fast,fast,3.6274087500000003,108.82226250000001,0.0,0.0,0.0
24,16,June,34,fast,fast,6.490744640496644,194.7223392148993,0.0,0.0,0.0
24,16,March,34,fast,fast,6.4907446404967,201.2130838553977,0.0,0.0,0.0
24,16,May,11,fast,fast,3.6688463709677426,113.73423750000002,0.0,0.0,0.0
24,16,May,34,fast,fast,6.490744640496644,201.21308385539595,0.0,0.0,0.0
24,16,November,34,fast,fast,6.490744640496644,194.7223392148993,0.0,0.0,0.0
24,16,October,34,fast,fast,6.4907446404967,201.2130838553977,0.0,0.0,0.0
24,16,September,11,fast,fast,0.13487625000000003,4.046287500000001,0.0,0.0,0.0
24,16,September,34,fast,fast,6.490744640496644,194.7223392148993,0.0,0.0,0.0
24,17,June,7,medium,medium,0.17337591666666669,5.201277500000001,0.0,0.0,0.0
24,17,June,8,medium,medium,0.17337591666666669,5.201277500000001,0.0,0.0,0.0
24,17,June,9,fast,medium,0.8176514292452826,24.529542877358477,0.0,0.0,0.0
24,17,June,10,fast,medium,2.089979250000006,62.69937750000018,0.0,0.0,0.0
24,17,June,11,medium,medium,3.98378575,119.5135725,0.0,0.0,0.0
24,17,June,12,medium,medium,3.983785749999999,119.51357249999998,0.0,0.0,0.0
24,23,June,7,fast,fast,0.14401833333333336,4.320550000000001,0.0,0.0,0.0
24,23,June,8,fast,fast,0.14401833333333336,4.320550000000001,0.0,0.0,0.0
24,25,June,7,fast,fast,0.24870858333333337,7.461257500000001,0.0,0.0,0.0
24,25,June,8,fast,fast,0.24870858333333337,7.461257500000001,0.0,0.0,0.0
25,18,April,17,medium,medium,16.137238929102608,484.11716787307824,0.0,0.0,0.0
25,18,April,21,fast,fast,4.288694050060208,128.66082150180625,0.0,0.0,0.0
25,18,August,17,medium,medium,16.137238929102608,500.2544068021808,0.0,0.0,0.0
25,18,December,17,medium,medium,16.13723893727358,500.25440705548095,0.0,0.0,0.0
25,18,February,17,medium,medium,16.137238929102608,451.842690014873,0.0,0.0,0.0
25,18,January,17,medium,medium,16.137238929102608,500.2544068021808,0.0,0.0,0.0
25,18,July,17,medium,medium,16.137238929102608,500.2544068021808,0.0,0.0,0.0
25,18,June,9,fast,fast,0.1441909999998856,4.325729999996568,0.0,0.0,0.0
25,18,June,10,fast,fast,0.1441909999998856,4.325729999996568,0.0,0.0,0.0
25,18,June,11,fast,fast,4.11913636841852,123.57409105255559,0.0,0.0,0.0
25,18,June,17,medium,medium,7.122584173081629,213.67752519244885,0.0,0.0,0.0
25,18,June,21,medium,medium,7.431383050063694,222.94149150191083,0.0,0.0,0.0
25,18,March,17,medium,medium,16.137238929102608,500.2544068021808,0.0,0.0,0.0
25,18,May,21,fast,fast,16.930187146834406,524.8358015518666,0.0,0.0,0.0
25,18,November,17,medium,medium,16.137238929102608,484.11716787307824,0.0,0.0,0.0
25,18,October,17,medium,medium,16.1372389291026,500.25440680218065,0.0,0.0,0.0
25,18,September,17,medium,medium,16.137238929102608,484.11716787307824,0.0,0.0,0.0
25,26,June,23,fast,fast,15.416353462472337,462.4906038741701,0.0,0.0,0.0
25,33,April,25,fast,fast,5.501226965828797,165.03680897486393,0.0,0.0,0.0
25,33,August,25,fast,fast,1.547851159377064,47.98338594068899,0.0,0.0,0.0
25,33,June,24,fast,fast,3.5775938739994757,107.32781621998427,0.0,0.0,0.0
25,33,June,25,fast,medium,25.033207609228967,750.996228276869,0.0,0.0,0.0
25,33,June,26,fast,fast,15.43601447685765,463.0804343057295,0.0,0.0,0.0
25,33,May,25,fast,fast,5.501226965828797,170.5380359406927,0.0,0.0,0.0
25,33,September,25,fast,fast,5.501226965828797,165.03680897486393,0.0,0.0,0.0
26,33,June,25,fast,medium,1.5363285574375851,46.08985672312755,0.0,0.0,0.0
26,33,June,25,fast,fast,5.501226965828799,165.03680897486396,0.0,0.0,0.0
26,34,April,17,fast,fast,3.5965715685851194,107.89714705755358,0.0,0.0,0.0
26,34,April,21,medium,medium,8.276153166666683,248.28459500000048,0.0,0.0,0.0
26,34,April,21,fast,fast,13.883931111762598,416.51793335287795,0.0,0.0,0.0
26,34,April,22,fast,fast,13.360421624374801,400.81264873124405,0.0,0.0,0.0
26,34,April,24,medium,medium,11.684127675464097,350.52383026392295,0.0,0.0,0.0
26,34,April,24,fast,fast,5.363364502787739,160.9009350836322,0.0,0.0,0.0
26,34,April,29,fast,fast,30.555538128797323,916.6661438639197,0.0,0.0,0.0
26,34,April,31,fast,fast,15.502761903159339,465.08285709478014,0.0,0.0,0.0
26,34,August,17,fast,fast,3.5965715685851194,111.4937186261387,0.0,0.0,0.0
26,34,August,30,fast,fast,5.42424403225812,168.1515650000017,0.0,0.0,0.0
26,34,December,17,fast,fast,3.5965715604141475,111.49371837283857,0.0,0.0,0.0
26,34,February,17,fast,fast,3.5965715685851194,100.70400392038334,0.0,0.0,0.0
26,34,January,17,fast,fast,3.5965715685851194,111.4937186261387,0.0,0.0,0.0
26,34,July,17,fast,fast,3.5965715685851194,111.4937186261387,0.0,0.0,0.0
26,34,June,17,medium,medium,9.01465475602098,270.4396426806294,0.0,0.0,0.0
26,34,June,17,fast,fast,3.5965715685851194,107.89714705755358,0.0,0.0,0.0
26,34,June,21,medium,medium,7.7956911310455155,233.87073393136546,0.0,0.0,0.0
26,34,June,21,fast,fast,15.195287008843863,455.85861026531586,0.0,0.0,0.0
26,34,June,22,fast,fast,9.868544957708124,296.0563487312437,0.0,0.0,0.0
26,34,June,24,fast,medium,13.866647250000007,415.9994175000002,0.0,0.0,0.0
26,34,June,24,fast,fast,5.363364502787739,160.9009350836322,0.0,0.0,0.0
26,34,June,27,fast,fast,24.2904107042513,728.712321127539,0.0,0.0,0.0
26,34,June,29,fast,fast,22.609079356869913,678.2723807060974,0.0,0.0,0.0
26,34,June,31,fast,fast,12.750254008420072,382.5076202526021,0.0,0.0,0.0
26,34,June,32,fast,fast,4.879810913260677,146.3943273978203,0.0,0.0,0.0
26,34,March,17,fast,fast,3.5965715685851194,111.4937186261387,0.0,0.0,0.0
26,34,May,17,medium,medium,16.137238929102608,500.2544068021808,0.0,0.0,0.0
26,34,May,17,fast,fast,3.5965715685851194,111.4937186261387,0.0,0.0,0.0
26,34,May,20,fast,fast,3.2550975208005113,100.90802314481584,0.0,0.0,0.0
26,34,May,21,fast,fast,15.19528700884387,471.05389727415997,0.0,0.0,0.0
26,34,May,24,fast,fast,5.363364502787739,166.26429958641992,0.0,0.0,0.0
26,34,May,29,fast,fast,19.999999000000056,619.9999690000018,0.0,0.0,0.0
26,34,May,31,fast,fast,7.672080171741555,237.83448532398822,0.0,0.0,0.0
26,34,May,32,fast,fast,2.5529673940767683,79.14198921637981,0.0,0.0,0.0
26,34,November,17,fast,fast,3.5965715685851194,107.89714705755358,0.0,0.0,0.0
26,34,October,17,fast,fast,3.5965715685851265,111.49371862613893,0.0,0.0,0.0
26,34,September,17,fast,fast,3.5965715685851194,107.89714705755358,0.0,0.0,0.0
26,34,September,30,fast,fast,4.211014833333383,126.3304450000015,0.0,0.0,0.0
27,34,April,14,fast,fast,8.028540684501941,240.85622053505824,0.0,0.0,0.0
27,34,April,15,fast,fast,9.25228888314576,277.5686664943728,0.0,0.0,0.0
27,34,April,21,fast,fast,1.311355897081265,39.34067691243796,0.0,0.0,0.0
27,34,April,32,fast,fast,1.533958927710259,46.01876783130777,0.0,0.0,0.0
27,34,August,14,fast,fast,8.028540684501941,248.88476121956018,0.0,0.0,0.0
27,34,August,15,fast,fast,9.25228888314576,286.82095537751854,0.0,0.0,0.0
27,34,December,14,fast,fast,8.028540684501941,248.88476121956018,0.0,0.0,0.0
27,34,December,15,fast,fast,9.252288883145603,286.8209553775137,0.0,0.0,0.0
27,34,February,14,fast,fast,8.028540684501941,224.79913916605435,0.0,0.0,0.0
27,34,February,15,fast,fast,9.252288883145738,259.06408872808066,0.0,0.0,0.0
27,34,January,14,fast,fast,8.028540684501941,248.88476121956018,0.0,0.0,0.0
27,34,January,15,fast,fast,9.252288883145738,286.82095537751786,0.0,0.0,0.0
27,34,July,14,fast,fast,8.028540684501941,248.88476121956018,0.0,0.0,0.0
27,34,July,15,fast,fast,9.252288883145603,286.8209553775137,0.0,0.0,0.0
27,34,June,14,fast,fast,8.028540684501962,240.85622053505887,0.0,0.0,0.0
27,34,June,15,fast,fast,9.25228888314576,277.5686664943728,0.0,0.0,0.0
27,34,June,32,fast,fast,3.8200942644495797,114.60282793348739,0.0,0.0,0.0
27,34,March,14,fast,fast,8.028540684501941,248.88476121956018,0.0,0.0,0.0
27,34,March,15,fast,fast,9.252288883145603,286.8209553775137,0.0,0.0,0.0
27,34,May,14,fast,fast,8.028540684501962,248.88476121956083,0.0,0.0,0.0
27,34,May,15,fast,fast,25.330298560565,785.2392553775151,0.0,0.0,0.0
27,34,May,16,fast,fast,4.947001750675202,153.35705427093126,0.0,0.0,0.0
27,34,May,32,fast,fast,6.868034958364666,212.90908370930464,0.0,0.0,0.0
27,34,November,14,fast,fast,8.028540684501941,240.85622053505824,0.0,0.0,0.0
27,34,November,15,fast,fast,9.252288883145738,277.5686664943721,0.0,0.0,0.0
27,34,October,14,fast,fast,8.028540684501941,248.88476121956018,0.0,0.0,0.0
27,34,October,15,fast,fast,9.252288883145738,286.82095537751786,0.0,0.0,0.0
27,34,September,14,fast,fast,8.028540684501941,240.85622053505824,0.0,0.0,0.0
27,34,September,15,fast,fast,9.25228888314576,277.5686664943728,0.0,0.0,0.0
29,30,April,27,fast,fast,2.4441465667301756,73.32439700190527,0.0,0.0,0.0
29,30,April,28,fast,fast,8.277050810505486,248.31152431516458,0.0,0.0,0.0
29,30,April,33,fast,fast,5.312750878516409,159.38252635549227,0.0,0.0,0.0
29,30,April,35,fast,fast,8.491703611274382,254.75110833823146,0.0,0.0,0.0
29,30,August,33,fast,fast,2.73491640067121,84.78240842080751,0.0,0.0,0.0
29,30,August,35,fast,fast,8.491703611274382,263.24281194950584,0.0,0.0,0.0
29,30,December,33,fast,fast,2.73491640067121,84.78240842080751,0.0,0.0,0.0
29,30,December,35,fast,fast,8.491703611274382,263.24281194950584,0.0,0.0,0.0
29,30,February,33,fast,fast,2.73491640067121,76.57765921879388,0.0,0.0,0.0
29,30,February,35,fast,fast,8.491703611274382,237.76770111568268,0.0,0.0,0.0
29,30,January,33,fast,fast,2.73491640067121,84.78240842080751,0.0,0.0,0.0
29,30,January,35,fast,fast,8.491703611274382,263.24281194950584,0.0,0.0,0.0
29,30,July,33,fast,fast,2.73491640067121,84.78240842080751,0.0,0.0,0.0
29,30,July,35,fast,fast,8.491703611274382,263.24281194950584,0.0,0.0,0.0
29,30,June,27,fast,fast,0.9669155667301723,29.00746700190517,0.0,0.0,0.0
29,30,June,28,fast,fast,9.499719810505482,284.99159431516443,0.0,0.0,0.0
29,30,June,30,fast,fast,5.198126330653658,155.94378991960974,0.0,0.0,0.0
29,30,June,32,fast,fast,12.525812252946974,375.77436758840923,0.0,0.0,0.0
29,30,June,33,fast,fast,6.991465938550785,209.74397815652355,0.0,0.0,0.0
29,30,June,34,fast,fast,12.153296785266187,364.59890355798564,0.0,0.0,0.0
29,30,June,35,fast,fast,8.491703611274382,254.75110833823146,0.0,0.0,0.0
29,30,March,33,fast,fast,2.73491640067121,84.78240842080751,0.0,0.0,0.0
29,30,March,35,fast,fast,8.491703611274382,263.24281194950584,0.0,0.0,0.0
29,30,May,33,fast,fast,15.896328257962123,492.7861759968258,0.0,0.0,0.0
29,30,May,34,fast,fast,10.711011548707047,332.04135800991844,0.0,0.0,0.0
29,30,May,35,fast,fast,8.491703611274382,263.24281194950584,0.0,0.0,0.0
29,30,November,33,fast,fast,2.73491640067121,82.0474920201363,0.0,0.0,0.0
29,30,November,35,fast,fast,8.491703611274382,254.75110833823146,0.0,0.0,0.0
29,30,October,33,fast,fast,2.73491640067121,84.78240842080751,0.0,0.0,0.0
29,30,October,35,fast,fast,8.491703611274382,263.24281194950584,0.0,0.0,0.0
29,30,September,33,fast,fast,2.73491640067121,82.0474920201363,0.0,0.0,0.0
29,30,September,35,fast,fast,8.491703611274382,254.75110833823146,0.0,0.0,0.0
30,29,April,18,fast,fast,9.38957679782936,281.6873039348808,0.0,0.0,0.0
30,29,April,19,fast,fast,7.758710501915218,232.76131505745653,0.0,0.0,0.0
30,29,August,18,fast,fast,7.771322627283709,240.91100144579497,0.0,0.0,0.0
30,29,December,18,fast,fast,7.771322627283709,240.91100144579497,0.0,0.0,0.0
30,29,February,18,fast,fast,7.771322627283709,217.59703356394385,0.0,0.0,0.0
30,29,January,18,fast,fast,7.771322627283709,240.91100144579497,0.0,0.0,0.0
30,29,July,18,fast,fast,7.771322627283709,240.91100144579497,0.0,0.0,0.0
30,29,July,19,fast,fast,4.487482276108764,139.11195055937168,0.0,0.0,0.0
30,29,June,15,fast,fast,3.417552427027312,102.52657281081936,0.0,0.0,0.0
30,29,June,18,medium,medium,16.803205250000005,504.0961575000001,0.0,0.0,0.0
30,29,June,18,fast,fast,9.38957679782936,281.6873039348808,0.0,0.0,0.0
30,29,June,19,fast,fast,13.367273293321894,401.01819879965683,0.0,0.0,0.0
30,29,March,18,fast,fast,7.771322627283709,240.91100144579497,0.0,0.0,0.0
30,29,May,15,fast,fast,8.61400532658253,267.03416512405846,0.0,0.0,0.0
30,29,May,18,medium,medium,22.729552661290327,704.6161325000002,0.0,0.0,0.0
30,29,May,18,fast,fast,9.38957679782936,291.07688073271015,0.0,0.0,0.0
30,29,May,19,fast,fast,13.367273293321894,414.3854720929787,0.0,0.0,0.0
30,29,November,18,fast,fast,7.771322627283709,233.13967881851127,0.0,0.0,0.0
30,29,October,18,fast,fast,7.771322627283709,240.91100144579497,0.0,0.0,0.0
30,29,September,18,fast,fast,9.38957679782936,281.6873039348808,0.0,0.0,0.0
30,38,April,16,fast,fast,0.3027530047000795,9.082590141002385,0.0,0.0,0.0
30,38,August,16,fast,fast,0.3027530047000795,9.385343145702464,0.0,0.0,0.0
30,38,December,16,fast,fast,0.3027530047000795,9.385343145702464,0.0,0.0,0.0
30,38,February,16,fast,fast,0.3027530047000795,8.477084131602226,0.0,0.0,0.0
30,38,January,16,fast,fast,0.3027530047000795,9.385343145702464,0.0,0.0,0.0
30,38,July,16,fast,fast,0.3027530047000795,9.385343145702464,0.0,0.0,0.0
30,38,June,16,fast,fast,0.3027530047000795,9.082590141002385,0.0,0.0,0.0
30,38,June,37,fast,fast,0.4363637663475295,13.090912990425885,0.0,0.0,0.0
30,38,March,16,fast,fast,0.3027530047000795,9.385343145702464,0.0,0.0,0.0
30,38,May,15,fast,fast,1.0295522556054808,31.916119923769905,0.0,0.0,0.0
30,38,May,16,fast,fast,0.3027530047000795,9.385343145702464,0.0,0.0,0.0
30,38,May,37,fast,fast,1.2192131615088222,37.79560800677349,0.0,0.0,0.0
30,38,November,16,fast,fast,0.3027530047000795,9.082590141002385,0.0,0.0,0.0
30,38,October,16,fast,fast,0.3027530047000795,9.385343145702464,0.0,0.0,0.0
30,38,September,16,fast,fast,0.3027530047000795,9.082590141002385,0.0,0.0,0.0
32,24,April,17,medium,medium,4.451795910624412,133.55387731873236,0.0,0.0,0.0
32,24,August,17,medium,medium,4.451795910624481,138.00567322935893,0.0,0.0,0.0
32,24,December,17,medium,medium,4.451795910624481,138.00567322935893,0.0,0.0,0.0
32,24,February,17,fast,medium,4.4517959106242415,124.65028549747876,0.0,0.0,0.0
32,24,January,17,fast,medium,4.451795910624412,138.00567322935677,0.0,0.0,0.0
32,24,July,17,fast,medium,4.451795910624443,138.00567322935774,0.0,0.0,0.0
32,24,June,17,medium,medium,4.451795910624185,133.55387731872554,0.0,0.0,0.0
32,24,March,17,fast,medium,4.451795910624436,138.0056732293575,0.0,0.0,0.0
32,24,May,17,medium,medium,4.451795910624443,138.00567322935774,0.0,0.0,0.0
32,24,November,17,fast,medium,4.451795910624185,133.55387731872554,0.0,0.0,0.0
32,24,October,17,medium,medium,4.451795910624443,138.00567322935774,0.0,0.0,0.0
32,24,September,17,medium,medium,4.451795910624443,133.5538773187333,0.0,0.0,0.0
32,25,June,12,fast,fast,0.30263377635259214,9.079013290577764,0.0,0.0,0.0
32,25,June,13,fast,fast,5.975199642115648,179.25598926346942,0.0,0.0,0.0
32,25,May,12,fast,fast,0.3679162037719479,11.405402316930385,0.0,0.0,0.0
32,25,May,13,fast,fast,8.240057029212423,255.4417679055851,0.0,0.0,0.0
33,25,April,16,fast,fast,7.478117850832575,224.34353552497726,0.0,0.0,0.0
33,25,April,17,medium,medium,17.47560140245716,524.2680420737147,0.0,0.0,0.0
33,25,August,16,fast,fast,7.478117850832575,231.82165337580983,0.0,0.0,0.0
33,25,August,17,medium,medium,17.47560140245716,541.7436434761719,0.0,0.0,0.0
33,25,December,16,fast,medium,7.478117850832575,231.82165337580983,0.0,0.0,0.0
33,25,December,17,fast,medium,17.47560141062813,541.7436437294721,0.0,0.0,0.0
33,25,February,16,fast,medium,7.478117850832575,209.3872998233121,0.0,0.0,0.0
33,25,February,17,fast,fast,17.47560140245716,489.31683926880044,0.0,0.0,0.0
33,25,January,16,fast,fast,7.478117850832575,231.82165337580983,0.0,0.0,0.0
33,25,January,17,fast,medium,17.47560140245716,541.7436434761719,0.0,0.0,0.0
33,25,July,16,fast,fast,7.478117850832575,231.82165337580983,0.0,0.0,0.0
33,25,July,17,medium,medium,17.47560140245716,541.7436434761719,0.0,0.0,0.0
33,25,June,16,medium,medium,7.478117850832575,224.34353552497726,0.0,0.0,0.0
33,25,June,17,medium,medium,8.460946646436179,253.82839939308536,0.0,0.0,0.0
33,25,March,16,fast,fast,7.478117850832575,231.82165337580983,0.0,0.0,0.0
33,25,March,17,fast,medium,17.47560140245716,541.7436434761719,0.0,0.0,0.0
33,25,May,16,fast,fast,7.478117850832575,231.82165337580983,0.0,0.0,0.0
33,25,May,17,fast,fast,1.3383624733545325,41.489236673990504,0.0,0.0,0.0
33,25,November,16,fast,medium,7.478117850832575,224.34353552497726,0.0,0.0,0.0
33,25,November,17,fast,fast,17.47560140245716,524.2680420737147,0.0,0.0,0.0
33,25,October,16,fast,fast,7.478117850832575,231.82165337580983,0.0,0.0,0.0
33,25,October,17,fast,fast,17.47560140245715,541.7436434761717,0.0,0.0,0.0
33,25,September,16,fast,medium,7.478117850832575,224.34353552497726,0.0,0.0,0.0
33,25,September,17,medium,medium,17.47560140245716,524.2680420737147,0.0,0.0,0.0
33,26,April,17,fast,medium,21.331291330457702,639.9387399137311,0.0,0.0,0.0
33,26,August,17,medium,medium,21.331291330457702,661.2700312441888,0.0,0.0,0.0
33,26,December,17,fast,fast,21.33129132228673,661.2700309908887,0.0,0.0,0.0
33,26,February,17,fast,medium,21.331291330457702,597.2761572528157,0.0,0.0,0.0
33,26,January,17,fast,medium,21.331291330457702,661.2700312441888,0.0,0.0,0.0
33,26,July,17,medium,medium,21.331291330457702,661.2700312441888,0.0,0.0,0.0
33,26,June,17,medium,medium,5.345946086478532,160.37838259435597,0.0,0.0,0.0
33,26,June,17,fast,fast,25.0,750.0,0.0,0.0,0.0
33,26,June,28,fast,fast,6.443624930702875,193.30874792108625,0.0,0.0,0.0
33,26,June,30,fast,medium,10.441527609865105,313.2458282959532,0.0,0.0,0.0
33,26,March,17,fast,medium,21.331291330457702,661.2700312441888,0.0,0.0,0.0
33,26,May,17,fast,medium,37.46853025956031,1161.5244380463696,0.0,0.0,0.0
33,26,May,22,medium,medium,0.685681816489847,21.25613631118526,0.0,0.0,0.0
33,26,November,17,fast,medium,21.331291330457702,639.9387399137311,0.0,0.0,0.0
33,26,October,17,medium,medium,21.33129133045771,661.270031244189,0.0,0.0,0.0
33,26,September,17,fast,fast,21.331291330457702,639.9387399137311,0.0,0.0,0.0
34,27,April,26,fast,medium,6.872848918686277,206.1854675605883,0.0,0.0,0.0
34,27,April,33,fast,medium,1.802282537838522,54.06847613515566,0.0,0.0,0.0
34,27,April,34,medium,medium,12.755821372270084,382.67464116810254,0.0,0.0,0.0
34,27,August,26,fast,medium,11.908126418686237,369.1519189792733,0.0,0.0,0.0
34,27,August,33,medium,medium,1.802282537838522,55.870758672994185,0.0,0.0,0.0
34,27,August,34,medium,medium,12.75582137227008,395.4304625403725,0.0,0.0,0.0
34,27,December,26,fast,medium,6.408126418685633,198.65191897925462,0.0,0.0,0.0
34,27,December,33,fast,medium,1.802282537838522,55.870758672994185,0.0,0.0,0.0
34,27,December,34,fast,medium,12.755821372270084,395.4304625403726,0.0,0.0,0.0
34,27,February,26,fast,medium,5.084618115114219,142.36930722319815,0.0,0.0,0.0
34,27,February,33,fast,medium,1.802282537838522,50.46391105947862,0.0,0.0,0.0
34,27,February,34,fast,medium,12.755821372270077,357.16299842356216,0.0,0.0,0.0
34,27,January,26,medium,medium,6.408126418686237,198.65191897927335,0.0,0.0,0.0
34,27,January,33,fast,medium,1.8022825378385434,55.870758672994846,0.0,0.0,0.0
34,27,January,34,medium,medium,12.755821372270084,395.4304625403726,0.0,0.0,0.0
34,27,July,26,medium,medium,11.908126418686116,369.1519189792696,0.0,0.0,0.0
34,27,July,33,medium,medium,1.802282537838522,55.870758672994185,0.0,0.0,0.0
34,27,July,34,fast,medium,12.755821372270688,395.4304625403913,0.0,0.0,0.0
34,27,June,19,fast,medium,1.5393232287517034,46.1796968625511,0.0,0.0,0.0
34,27,June,26,fast,medium,6.6445265853529385,199.33579756058816,0.0,0.0,0.0
34,27,June,33,fast,medium,1.802282537838522,54.06847613515566,0.0,0.0,0.0
34,27,June,34,fast,medium,12.75582137227008,382.6746411681024,0.0,0.0,0.0
34,27,March,26,fast,medium,6.408126418686237,198.65191897927335,0.0,0.0,0.0
34,27,March,33,fast,medium,1.802282537838522,55.870758672994185,0.0,0.0,0.0
34,27,March,34,fast,medium,12.75582137227008,395.4304625403725,0.0,0.0,0.0
34,27,May,19,medium,medium,4.4065903893414955,136.60430206958637,0.0,0.0,0.0
34,27,May,26,medium,medium,6.408126418685629,198.65191897925448,0.0,0.0,0.0
34,27,May,33,fast,medium,1.802282537838522,55.870758672994185,0.0,0.0,0.0
34,27,May,34,medium,medium,12.75582137227008,395.4304625403725,0.0,0.0,0.0
34,27,November,26,medium,medium,6.408126418686237,192.2437925605871,0.0,0.0,0.0
34,27,November,33,medium,medium,1.802282537838522,54.06847613515566,0.0,0.0,0.0
34,27,November,34,fast,medium,12.755821372270084,382.67464116810254,0.0,0.0,0.0
34,27,October,26,fast,medium,6.408126418686237,198.65191897927335,0.0,0.0,0.0
34,27,October,33,medium,medium,1.802282537838522,55.870758672994185,0.0,0.0,0.0
34,27,October,34,fast,medium,12.755821372270084,395.4304625403726,0.0,0.0,0.0
34,27,September,19,medium,medium,2.9507728060081764,88.5231841802453,0.0,0.0,0.0
34,27,September,26,medium,medium,11.908126418686116,357.2437925605835,0.0,0.0,0.0
34,27,September,33,fast,medium,1.802282537838522,54.06847613515566,0.0,0.0,0.0
34,27,September,34,fast,medium,12.75582137227008,382.6746411681024,0.0,0.0,0.0
34,42,April,19,fast,medium,2.8291724999999994,84.87517499999998,0.0,0.0,0.0
34,42,February,26,fast,medium,1.3235083035714283,37.058232499999995,0.0,0.0,0.0
34,42,July,19,medium,medium,2.055513709677419,63.72092499999999,0.0,0.0,0.0
34,42,June,19,medium,medium,2.8457938333333335,85.37381500000001,0.0,0.0,0.0
34,42,September,19,medium,medium,1.4558175833333333,43.674527499999996,0.0,0.0,0.0
36,28,April,29,fast,fast,2.8728349736559693,86.18504920967908,0.0,0.0,0.0
36,28,July,20,fast,fast,0.21531210788497646,6.67467534443427,0.0,0.0,0.0
36,28,May,19,medium,medium,15.696168160084127,486.58121296260794,0.0,0.0,0.0
36,28,May,20,fast,fast,25.0,775.0,0.0,0.0,0.0
36,29,April,20,fast,fast,1.696047090785683,50.88141272357049,0.0,0.0,0.0
36,29,August,20,fast,fast,0.4700258402379234,14.570801047375625,0.0,0.0,0.0
36,29,December,20,fast,fast,0.4700258402379234,14.570801047375625,0.0,0.0,0.0
36,29,February,20,fast,fast,0.4700258402379234,13.160723526661855,0.0,0.0,0.0
36,29,January,20,fast,fast,0.4700258402379234,14.570801047375625,0.0,0.0,0.0
36,29,July,20,fast,fast,0.2547137323529469,7.8961257029413545,0.0,0.0,0.0
36,29,June,20,fast,fast,1.696047090785683,50.88141272357049,0.0,0.0,0.0
36,29,March,20,fast,fast,0.4700258402379234,14.570801047375625,0.0,0.0,0.0
36,29,May,20,fast,fast,1.696047090785683,52.577459814356175,0.0,0.0,0.0
36,29,November,20,fast,fast,0.4700258402379234,14.100775207137701,0.0,0.0,0.0
36,29,October,20,fast,fast,0.4700258402379234,14.570801047375625,0.0,0.0,0.0
36,29,September,20,fast,fast,0.4700258402379234,14.100775207137701,0.0,0.0,0.0
38,30,April,18,medium,medium,4.506063772361912,135.18191317085737,0.0,0.0,0.0
38,30,August,18,medium,medium,4.506063772361912,139.68797694321927,0.0,0.0,0.0
38,30,December,18,fast,medium,4.506063772361912,139.68797694321927,0.0,0.0,0.0
38,30,February,18,fast,medium,4.506063772361912,126.16978562613355,0.0,0.0,0.0
38,30,January,18,medium,medium,4.506063772361912,139.68797694321927,0.0,0.0,0.0
38,30,July,18,medium,medium,4.506063772361912,139.68797694321927,0.0,0.0,0.0
38,30,June,18,medium,medium,4.506063772361912,135.18191317085737,0.0,0.0,0.0
38,30,March,18,fast,medium,4.506063772361912,139.68797694321927,0.0,0.0,0.0
38,30,May,18,fast,medium,4.506063772361912,139.68797694321927,0.0,0.0,0.0
38,30,November,18,fast,medium,4.506063772361912,135.18191317085737,0.0,0.0,0.0
38,30,October,18,medium,medium,4.506063772361912,139.68797694321927,0.0,0.0,0.0
38,30,September,18,medium,medium,4.506063772361912,135.18191317085737,0.0,0.0,0.0
39,40,April,20,fast,fast,15.785553837242325,473.56661511726975,0.0,0.0,0.0
39,40,April,21,fast,fast,1.3713506477564152,41.14051943269246,0.0,0.0,0.0
39,40,April,34,fast,fast,1.6448609317889336,49.34582795366801,0.0,0.0,0.0
39,40,August,21,fast,fast,0.10165576289952938,3.1513286498854107,0.0,0.0,0.0
39,40,August,34,fast,fast,1.6669949784251639,51.67684433118008,0.0,0.0,0.0
39,40,July,20,fast,medium,4.140962117903911,128.36982565502123,0.0,0.0,0.0
39,40,July,20,fast,fast,0.9584795589681789,29.712866328013547,0.0,0.0,0.0
39,40,July,21,fast,fast,12.219679633867276,378.8100686498856,0.0,0.0,0.0
39,40,June,19,medium,medium,0.34630185037904226,10.389055511371268,0.0,0.0,0.0
39,40,June,20,fast,fast,15.483479170575649,464.50437511726943,0.0,0.0,0.0
39,40,March,20,fast,fast,0.9584795589681789,29.712866328013547,0.0,0.0,0.0
39,40,September,20,fast,fast,0.9584795589681789,28.754386769045368,0.0,0.0,0.0
39,40,September,21,fast,fast,2.4275726338672747,72.82717901601825,0.0,0.0,0.0
39,48,April,16,fast,medium,10.936688471155549,328.10065413466646,0.0,0.0,0.0
39,48,August,16,medium,medium,10.936688471155549,339.037342605822,0.0,0.0,0.0
39,48,December,16,medium,medium,10.936688471155549,339.037342605822,0.0,0.0,0.0
39,48,February,16,fast,medium,10.936688471155549,306.22727719235536,0.0,0.0,0.0
39,48,January,16,fast,medium,10.936688471155549,339.037342605822,0.0,0.0,0.0
39,48,July,16,fast,medium,10.936688471155549,339.037342605822,0.0,0.0,0.0
39,48,June,16,fast,medium,10.936688471155549,328.10065413466646,0.0,0.0,0.0
39,48,March,16,medium,medium,10.936688471155549,339.037342605822,0.0,0.0,0.0
39,48,May,16,medium,medium,10.936688471155549,339.037342605822,0.0,0.0,0.0
39,48,November,16,fast,medium,10.936688471155549,328.10065413466646,0.0,0.0,0.0
39,48,October,16,fast,medium,10.936688471155549,339.037342605822,0.0,0.0,0.0
39,48,September,16,medium,medium,10.936688471155549,328.10065413466646,0.0,0.0,0.0
40,39,August,25,medium,medium,7.048277754716821,218.49661039622146,0.0,0.0,0.0
40,39,August,25,fast,fast,1.3287343161334917,41.19076380013824,0.0,0.0,0.0
40,39,September,25,fast,fast,1.1809252007519504,35.42775602255851,0.0,0.0,0.0
40,39,September,26,fast,fast,5.35240701874363,160.5722105623089,0.0,0.0,0.0
40,39,September,27,fast,fast,1.612802854226679,48.38408562680037,0.0,0.0,0.0
40,39,September,28,fast,fast,0.1,3.0,0.0,0.0,0.0
40,48,April,16,fast,medium,5.479473000188875,164.38419000566626,0.0,0.0,0.0
40,48,August,16,fast,medium,5.479473000188875,169.86366300585513,0.0,0.0,0.0
40,48,December,16,fast,medium,5.479473000188875,169.86366300585513,0.0,0.0,0.0
40,48,February,16,medium,medium,5.479473000188875,153.4252440052885,0.0,0.0,0.0
40,48,January,16,medium,medium,5.479473000188875,169.86366300585513,0.0,0.0,0.0
40,48,July,16,fast,medium,5.479473000188875,169.86366300585513,0.0,0.0,0.0
40,48,June,16,fast,medium,5.479473000188875,164.38419000566626,0.0,0.0,0.0
40,48,March,16,medium,medium,5.479473000188875,169.86366300585513,0.0,0.0,0.0
40,48,May,16,fast,medium,5.479473000188875,169.86366300585513,0.0,0.0,0.0
40,48,November,16,medium,medium,5.479473000188875,164.38419000566626,0.0,0.0,0.0
40,48,October,16,medium,medium,5.479473000188875,169.86366300585513,0.0,0.0,0.0
40,48,September,16,fast,medium,5.479473000188875,164.38419000566626,0.0,0.0,0.0
41,42,April,18,medium,medium,7.213328569205231,216.39985707615693,0.0,0.0,0.0
41,42,April,20,fast,medium,2.8291724999999994,84.87517499999998,0.0,0.0,0.0
41,42,April,21,fast,medium,2.2321166162483372,66.96349848745012,0.0,0.0,0.0
41,42,April,22,fast,medium,3.1837328333333326,95.51198499999998,0.0,0.0,0.0
41,42,August,18,medium,medium,7.213328569205231,223.61318564536217,0.0,0.0,0.0
41,42,December,18,fast,medium,7.213328569205082,223.61318564535753,0.0,0.0,0.0
41,42,February,18,fast,medium,7.213328569205231,201.97319993774647,0.0,0.0,0.0
41,42,January,18,fast,medium,7.213328569205082,223.61318564535753,0.0,0.0,0.0
41,42,July,18,medium,medium,7.213328569205231,223.61318564536217,0.0,0.0,0.0
41,42,June,18,medium,medium,7.213328569205231,216.39985707615693,0.0,0.0,0.0
41,42,June,20,fast,medium,2.8457938333333335,85.37381500000001,0.0,0.0,0.0
41,42,June,21,fast,medium,3.3662627499999993,100.98788249999998,0.0,0.0,0.0
41,42,March,18,medium,medium,7.213328569205231,223.61318564536217,0.0,0.0,0.0
41,42,May,18,fast,medium,7.213328569205231,223.61318564536217,0.0,0.0,0.0
41,42,May,19,medium,medium,3.5923885483870963,111.36404499999999,0.0,0.0,0.0
41,42,May,20,medium,medium,3.5923885483870963,111.36404499999999,0.0,0.0,0.0
41,42,November,18,medium,medium,7.213328569205231,216.39985707615693,0.0,0.0,0.0
41,42,October,18,medium,medium,7.213328569205231,223.61318564536217,0.0,0.0,0.0
41,42,September,18,medium,medium,7.213328569205231,216.39985707615693,0.0,0.0,0.0
43,44,April,28,fast,fast,5.813695132479625,174.41085397438874,0.0,0.0,0.0
43,44,April,29,fast,fast,32.989364385851935,989.680931575558,0.0,0.0,0.0
43,44,April,30,fast,fast,5.715500708890744,171.46502126672232,0.0,0.0,0.0
43,44,August,29,fast,fast,20.601529342524373,638.6474096182556,0.0,0.0,0.0
43,44,July,29,fast,fast,20.601529342524373,638.6474096182556,0.0,0.0,0.0
43,44,June,29,fast,fast,23.625809655823495,708.7742896747048,0.0,0.0,0.0
43,44,May,29,fast,fast,16.73489305220179,518.7816846182556,0.0,0.0,0.0
43,44,September,29,fast,fast,20.601529342524373,618.0458802757312,0.0,0.0,0.0
43,50,April,16,fast,fast,0.12568135896836224,3.7704407690508672,0.0,0.0,0.0
43,50,April,17,fast,fast,2.506715844364386,75.20147533093159,0.0,0.0,0.0
43,50,April,18,fast,fast,0.9508416666666668,28.525250000000003,0.0,0.0,0.0
43,50,April,28,fast,fast,1.902113006249999,57.06339018749997,0.0,0.0,0.0
43,50,April,29,fast,fast,1.1361083333333333,34.08325,0.0,0.0,0.0
43,50,April,30,fast,fast,1.1361083333333333,34.08325,0.0,0.0,0.0
43,50,August,17,fast,fast,2.506715844364386,77.70819117529598,0.0,0.0,0.0
43,50,December,17,fast,fast,2.506715844364386,77.70819117529598,0.0,0.0,0.0
43,50,December,29,fast,fast,20.601529342524373,638.6474096182556,0.0,0.0,0.0
43,50,February,17,fast,fast,2.8469464285714285,79.7145,0.0,0.0,0.0
43,50,February,29,fast,fast,20.601529342524373,576.8428215906824,0.0,0.0,0.0
43,50,January,17,fast,fast,2.506715844364386,77.70819117529598,0.0,0.0,0.0
43,50,January,29,fast,fast,20.601529342524373,638.6474096182556,0.0,0.0,0.0
43,50,July,17,fast,fast,2.506715844364386,77.70819117529598,0.0,0.0,0.0
43,50,June,15,fast,fast,0.40397279017796583,12.119183705338974,0.0,0.0,0.0
43,50,June,16,fast,fast,0.7401066666666667,22.203200000000002,0.0,0.0,0.0
43,50,June,17,fast,fast,2.506715844364386,75.20147533093159,0.0,0.0,0.0
43,50,June,18,fast,fast,1.0914675000000003,32.74402500000001,0.0,0.0,0.0
43,50,March,15,fast,fast,0.2862685483870968,8.874325,0.0,0.0,0.0
43,50,March,16,fast,fast,0.2862685483870968,8.874325,0.0,0.0,0.0
43,50,March,17,fast,fast,2.506715844364386,77.70819117529598,0.0,0.0,0.0
43,50,March,18,fast,fast,0.5156790322580646,15.98605,0.0,0.0,0.0
43,50,March,29,fast,fast,20.601529342524373,638.6474096182556,0.0,0.0,0.0
43,50,May,15,fast,fast,0.7300076114629266,22.630235955350724,0.0,0.0,0.0
43,50,May,16,fast,fast,0.8441451612903226,26.1685,0.0,0.0,0.0
43,50,May,17,fast,fast,2.506715844364386,77.70819117529598,0.0,0.0,0.0
43,50,May,18,fast,fast,1.2462024193548387,38.632275,0.0,0.0,0.0
43,50,May,29,fast,fast,3.866636290322581,119.86572500000001,0.0,0.0,0.0
43,50,November,17,fast,fast,2.506715844364386,75.20147533093159,0.0,0.0,0.0
43,50,November,29,fast,fast,20.601529342524373,618.0458802757312,0.0,0.0,0.0
43,50,October,17,fast,fast,2.506715844364386,77.70819117529598,0.0,0.0,0.0
43,50,October,29,fast,fast,20.601529342524373,638.6474096182556,0.0,0.0,0.0
43,50,September,17,fast,fast,3.0082,90.246,0.0,0.0,0.0
43,51,March,19,fast,medium,0.35999170203735087,11.159742763157876,0.0,0.0,0.0
44,43,April,35,fast,fast,3.299074864944984,98.97224594834952,0.0,0.0,0.0
44,43,August,35,fast,fast,3.299074864944984,102.27132081329451,0.0,0.0,0.0
44,43,December,35,fast,fast,3.299074864944984,102.27132081329451,0.0,0.0,0.0
44,43,February,35,fast,fast,3.299074864944984,92.37409621845956,0.0,0.0,0.0
44,43,January,35,fast,fast,3.299074864944984,102.27132081329451,0.0,0.0,0.0
44,43,July,35,fast,fast,3.299074864944984,102.27132081329451,0.0,0.0,0.0
44,43,June,35,fast,fast,3.299074864944984,98.97224594834952,0.0,0.0,0.0
44,43,March,20,fast,fast,4.387042483308344,135.99831698255866,0.0,0.0,0.0
44,43,March,21,fast,fast,5.405652826943754,167.57523763525637,0.0,0.0,0.0
44,43,March,35,fast,fast,3.299074864944984,102.27132081329451,0.0,0.0,0.0
44,43,May,35,fast,fast,3.299074864944984,102.27132081329451,0.0,0.0,0.0
44,43,November,35,fast,fast,3.299074864944984,98.97224594834952,0.0,0.0,0.0
44,43,October,35,fast,fast,3.299074864944984,102.27132081329451,0.0,0.0,0.0
44,43,September,20,fast,fast,3.372853816641678,101.18561449925033,0.0,0.0,0.0
44,43,September,35,fast,fast,3.299074864944984,98.97224594834952,0.0,0.0,0.0
44,52,April,19,fast,fast,10.943882670396498,328.3164801118949,0.0,0.0,0.0
45,44,April,28,fast,fast,4.262270179230768,127.86810537692304,0.0,0.0,0.0
45,44,August,28,fast,fast,4.262270179230768,132.1303755561538,0.0,0.0,0.0
45,44,December,28,fast,fast,4.262270179230768,132.1303755561538,0.0,0.0,0.0
45,44,February,28,fast,fast,4.262270179230768,119.3435650184615,0.0,0.0,0.0
45,44,January,28,fast,fast,4.262270179230768,132.1303755561538,0.0,0.0,0.0
45,44,July,28,fast,fast,4.262270179230768,132.1303755561538,0.0,0.0,0.0
45,44,June,27,fast,fast,16.546575128418084,496.3972538525425,0.0,0.0,0.0
45,44,June,28,fast,fast,36.615521113251724,1098.4656333975518,0.0,0.0,0.0
45,44,June,30,fast,fast,24.318906671556427,729.5672001466928,0.0,0.0,0.0
45,44,June,31,fast,fast,8.706732057011035,261.20196171033103,0.0,0.0,0.0
45,44,June,32,fast,fast,6.816393791881474,204.49181375644423,0.0,0.0,0.0
45,44,June,33,fast,fast,0.625561483164077,18.76684449492231,0.0,0.0,0.0
45,44,March,28,fast,fast,4.262270179230768,132.1303755561538,0.0,0.0,0.0
45,44,May,28,fast,fast,4.262270179230768,132.1303755561538,0.0,0.0,0.0
45,44,November,28,fast,fast,4.262270179230768,127.86810537692304,0.0,0.0,0.0
45,44,October,28,fast,fast,4.262270179230768,132.1303755561538,0.0,0.0,0.0
45,44,September,28,fast,fast,4.262270179230768,127.86810537692304,0.0,0.0,0.0
45,53,April,3,fast,fast,1.187102510764852,35.61307532294556,0.0,0.0,0.0
45,53,April,4,fast,fast,4.356889244334958,130.70667733004876,0.0,0.0,0.0
45,53,April,13,fast,fast,10.104685495,303.14056485,0.0,0.0,0.0
45,53,April,17,fast,fast,4.793038640369087,143.7911592110726,0.0,0.0,0.0
45,53,April,18,fast,fast,4.859656639377135,145.78969918131406,0.0,0.0,0.0
45,53,August,3,fast,fast,1.187102510764852,36.800177833710414,0.0,0.0,0.0
45,53,August,4,fast,fast,4.356889244334958,135.0635665743837,0.0,0.0,0.0
45,53,December,3,fast,fast,1.187102510764852,36.800177833710414,0.0,0.0,0.0
45,53,December,4,fast,fast,4.356889244334958,135.0635665743837,0.0,0.0,0.0
45,53,February,3,fast,fast,1.187102510764852,33.23887030141586,0.0,0.0,0.0
45,53,February,4,fast,fast,4.356889244334958,121.99289884137883,0.0,0.0,0.0
45,53,January,3,fast,fast,1.187102510764852,36.800177833710414,0.0,0.0,0.0
45,53,January,4,fast,fast,4.356889244334958,135.0635665743837,0.0,0.0,0.0
45,53,July,3,fast,fast,1.187102510764852,36.800177833710414,0.0,0.0,0.0
45,53,July,4,fast,fast,4.356889244334958,135.0635665743837,0.0,0.0,0.0
45,53,June,3,fast,fast,1.187102510764852,35.61307532294556,0.0,0.0,0.0
45,53,June,4,fast,fast,4.356889244334958,130.70667733004876,0.0,0.0,0.0
45,53,June,7,fast,fast,0.17005241666666665,5.1015725,0.0,0.0,0.0
45,53,June,13,fast,fast,23.576263911900526,707.2879173570158,0.0,0.0,0.0
45,53,June,17,fast,fast,3.1058211609991346,93.17463482997404,0.0,0.0,0.0
45,53,June,34,fast,fast,0.5928251820957899,17.784755462873697,0.0,0.0,0.0
45,53,March,3,fast,fast,1.187102510764852,36.800177833710414,0.0,0.0,0.0
45,53,March,4,fast,fast,4.356889244334958,135.0635665743837,0.0,0.0,0.0
45,53,May,3,fast,fast,1.187102510764852,36.800177833710414,0.0,0.0,0.0
45,53,May,4,fast,fast,4.356889244334958,135.0635665743837,0.0,0.0,0.0
45,53,November,3,fast,fast,1.187102510764852,35.61307532294556,0.0,0.0,0.0
45,53,November,4,fast,fast,4.356889244334958,130.70667733004876,0.0,0.0,0.0
45,53,October,3,fast,fast,1.187102510764852,36.800177833710414,0.0,0.0,0.0
45,53,October,4,fast,fast,4.356889244334958,135.0635665743837,0.0,0.0,0.0
45,53,September,3,fast,fast,1.187102510764852,35.61307532294556,0.0,0.0,0.0
45,53,September,4,fast,fast,4.356889244334958,130.70667733004876,0.0,0.0,0.0
47,46,April,15,fast,fast,6.8878441543703435,206.6353246311103,0.0,0.0,0.0
47,46,April,17,medium,medium,8.855377440273614,265.6613232082084,0.0,0.0,0.0
47,46,August,17,medium,medium,8.855377440273614,274.516700648482,0.0,0.0,0.0
47,46,December,17,fast,medium,8.855377440273614,274.516700648482,0.0,0.0,0.0
47,46,February,17,fast,medium,8.855377440273614,247.9505683276612,0.0,0.0,0.0
47,46,January,17,medium,medium,8.855377440273614,274.516700648482,0.0,0.0,0.0
47,46,July,17,fast,medium,8.855377440273614,274.516700648482,0.0,0.0,0.0
47,46,June,14,fast,fast,7.500102541864713,225.00307625594138,0.0,0.0,0.0
47,46,June,15,fast,fast,9.282388154416957,278.4716446325087,0.0,0.0,0.0
47,46,June,16,fast,fast,7.032269095226155,210.96807285678466,0.0,0.0,0.0
47,46,June,17,medium,medium,8.855377440273614,265.6613232082084,0.0,0.0,0.0
47,46,March,17,fast,medium,8.855377440273614,274.516700648482,0.0,0.0,0.0
47,46,May,15,fast,fast,6.40052185334169,198.41617745359238,0.0,0.0,0.0
47,46,May,16,fast,fast,36.362781998451965,1127.246241952011,0.0,0.0,0.0
47,46,May,17,medium,medium,17.83535796684454,552.8960969721808,0.0,0.0,0.0
47,46,November,17,fast,medium,8.855377440273614,265.6613232082084,0.0,0.0,0.0
47,46,October,17,medium,medium,8.855377440273614,274.516700648482,0.0,0.0,0.0
47,46,September,17,medium,medium,8.855377440273614,265.6613232082084,0.0,0.0,0.0
48,39,April,25,fast,fast,1.4374645490640958,43.123936471922875,0.0,0.0,0.0
48,39,August,25,fast,fast,1.4374645490640958,44.56140102098697,0.0,0.0,0.0
48,39,December,25,fast,fast,1.4374645490640958,44.56140102098697,0.0,0.0,0.0
48,39,February,25,fast,fast,1.4374645490640958,40.24900737379468,0.0,0.0,0.0
48,39,January,25,fast,fast,1.4374645490640958,44.56140102098697,0.0,0.0,0.0
48,39,July,25,fast,fast,1.4374645490640958,44.56140102098697,0.0,0.0,0.0
48,39,June,25,fast,fast,2.7661988651975875,82.98596595592763,0.0,0.0,0.0
48,39,March,25,fast,fast,1.4374645490640958,44.56140102098697,0.0,0.0,0.0
48,39,May,25,fast,fast,1.4374645490640958,44.56140102098697,0.0,0.0,0.0
48,39,November,25,fast,fast,1.4374645490640958,43.123936471922875,0.0,0.0,0.0
48,39,October,25,fast,fast,1.4374645490640958,44.56140102098697,0.0,0.0,0.0
48,39,September,25,fast,fast,1.4374645490640958,43.123936471922875,0.0,0.0,0.0
48,40,April,24,fast,fast,1.4374645490640958,43.123936471922875,0.0,0.0,0.0
48,40,August,24,fast,fast,1.4374645490640958,44.56140102098697,0.0,0.0,0.0
48,40,December,24,fast,fast,1.4374645490640958,44.56140102098697,0.0,0.0,0.0
48,40,February,24,fast,fast,1.4374645490640958,40.24900737379468,0.0,0.0,0.0
48,40,January,24,fast,fast,1.4374645490640958,44.56140102098697,0.0,0.0,0.0
48,40,July,24,fast,fast,1.4374645490640958,44.56140102098697,0.0,0.0,0.0
48,40,June,24,fast,fast,6.244042799064097,187.32128397192292,0.0,0.0,0.0
48,40,June,25,fast,fast,3.682679517199844,110.48038551599532,0.0,0.0,0.0
48,40,March,24,fast,fast,1.4374645490640958,44.56140102098697,0.0,0.0,0.0
48,40,May,24,fast,fast,1.4374645490640958,44.56140102098697,0.0,0.0,0.0
48,40,November,24,fast,fast,1.4374645490640958,43.123936471922875,0.0,0.0,0.0
48,40,October,24,fast,fast,1.4374645490640958,44.56140102098697,0.0,0.0,0.0
48,40,September,24,fast,fast,1.4374645490640958,43.123936471922875,0.0,0.0,0.0
50,43,April,2,fast,medium,1.002375122423004,30.07125367269012,0.0,0.0,0.0
50,43,April,3,fast,medium,0.7557997298061849,22.673991894185548,0.0,0.0,0.0
50,43,April,34,fast,fast,1.9037130270610447,57.11139081183134,0.0,0.0,0.0
50,43,August,2,medium,medium,1.002375122423004,31.073628795113123,0.0,0.0,0.0
50,43,August,3,fast,medium,0.7557997298061849,23.429791623991733,0.0,0.0,0.0
50,43,August,34,fast,fast,1.9037130270610447,59.01510383889239,0.0,0.0,0.0
50,43,December,2,medium,medium,1.002375122423004,31.073628795113123,0.0,0.0,0.0
50,43,December,3,medium,medium,0.7557997298061849,23.429791623991733,0.0,0.0,0.0
50,43,December,34,fast,fast,1.9037130270610447,59.01510383889239,0.0,0.0,0.0
50,43,February,2,medium,medium,1.002375122423004,28.06650342784411,0.0,0.0,0.0
50,43,February,3,fast,medium,0.7557997298061849,21.162392434573178,0.0,0.0,0.0
50,43,February,34,fast,fast,1.9037130270610447,53.30396475770925,0.0,0.0,0.0
50,43,January,2,fast,medium,1.002375122423004,31.073628795113123,0.0,0.0,0.0
50,43,January,3,fast,medium,0.7557997298061849,23.429791623991733,0.0,0.0,0.0
50,43,January,34,fast,fast,1.9037130270610447,59.01510383889239,0.0,0.0,0.0
50,43,July,2,fast,medium,1.002375122423004,31.073628795113123,0.0,0.0,0.0
50,43,July,3,fast,medium,0.7557997298061849,23.429791623991733,0.0,0.0,0.0
50,43,July,34,fast,fast,1.9037130270610447,59.01510383889239,0.0,0.0,0.0
50,43,June,2,medium,medium,1.002375122423004,30.07125367269012,0.0,0.0,0.0
50,43,June,3,fast,medium,0.7557997298061849,22.673991894185548,0.0,0.0,0.0
50,43,June,34,fast,fast,1.9037130270610447,57.11139081183134,0.0,0.0,0.0
50,43,March,2,fast,medium,1.002375122423004,31.073628795113123,0.0,0.0,0.0
50,43,March,3,medium,medium,0.7557997298061849,23.429791623991733,0.0,0.0,0.0
50,43,March,25,fast,fast,1.6072964260489755,49.82618920751824,0.0,0.0,0.0
50,43,March,26,fast,fast,0.8013668367346939,24.84237193877551,0.0,0.0,0.0
50,43,March,34,fast,fast,1.9037130270610447,59.01510383889239,0.0,0.0,0.0
50,43,May,2,medium,medium,1.002375122423004,31.073628795113123,0.0,0.0,0.0
50,43,May,3,medium,medium,0.7557997298061849,23.429791623991733,0.0,0.0,0.0
50,43,May,34,fast,fast,1.9037130270610447,59.01510383889239,0.0,0.0,0.0
50,43,November,2,fast,medium,1.002375122423004,30.07125367269012,0.0,0.0,0.0
50,43,November,3,fast,fast,0.7557997298061849,22.673991894185548,0.0,0.0,0.0
50,43,November,34,fast,fast,1.9037130270610447,57.11139081183134,0.0,0.0,0.0
50,43,October,2,fast,medium,1.002375122423004,31.073628795113123,0.0,0.0,0.0
50,43,October,3,fast,fast,0.7557997298061849,23.429791623991733,0.0,0.0,0.0
50,43,October,34,fast,fast,1.9037130270610447,59.01510383889239,0.0,0.0,0.0
50,43,September,2,medium,medium,1.002375122423004,30.07125367269012,0.0,0.0,0.0
50,43,September,3,fast,fast,0.7557997298061849,22.673991894185548,0.0,0.0,0.0
50,43,September,34,fast,fast,1.9037130270610447,57.11139081183134,0.0,0.0,0.0
50,51,April,3,medium,medium,2.5949446983592495,77.84834095077748,0.0,0.0,0.0
50,51,August,3,medium,medium,2.5949446983592495,80.44328564913673,0.0,0.0,0.0
50,51,December,3,medium,medium,2.5949446983592495,80.44328564913673,0.0,0.0,0.0
50,51,February,3,fast,medium,2.5949446983592495,72.65845155405898,0.0,0.0,0.0
50,51,January,3,fast,medium,2.5949446983592495,80.44328564913673,0.0,0.0,0.0
50,51,July,3,fast,medium,2.5949446983592495,80.44328564913673,0.0,0.0,0.0
50,51,June,3,medium,medium,2.5949446983592495,77.84834095077748,0.0,0.0,0.0
50,51,March,3,medium,medium,2.5949446983592495,80.44328564913673,0.0,0.0,0.0
50,51,May,3,fast,medium,2.5949446983592495,80.44328564913673,0.0,0.0,0.0
50,51,November,3,fast,medium,2.5949446983592495,77.84834095077748,0.0,0.0,0.0
50,51,October,3,medium,medium,2.5949446983592495,80.44328564913673,0.0,0.0,0.0
50,51,September,3,medium,medium,2.5949446983592495,77.84834095077748,0.0,0.0,0.0
51,43,April,39,fast,fast,2.074027928666169,62.22083785998507,0.0,0.0,0.0
51,43,August,39,fast,fast,2.074027928666169,64.29486578865124,0.0,0.0,0.0
51,43,December,39,fast,fast,2.074027928666169,64.29486578865124,0.0,0.0,0.0
51,43,February,39,fast,fast,2.074027928666169,58.07278200265273,0.0,0.0,0.0
51,43,January,39,fast,fast,2.074027928666169,64.29486578865124,0.0,0.0,0.0
51,43,July,39,fast,fast,2.074027928666169,64.29486578865124,0.0,0.0,0.0
51,43,June,39,fast,fast,2.074027928666169,62.22083785998507,0.0,0.0,0.0
51,43,March,39,fast,fast,2.074027928666169,64.29486578865124,0.0,0.0,0.0
51,43,May,36,fast,fast,3.5374471872677873,109.6608628053014,0.0,0.0,0.0
51,43,May,38,fast,fast,1.1344,35.1664,0.0,0.0,0.0
51,43,May,39,fast,fast,2.074027928666169,64.29486578865124,0.0,0.0,0.0
51,43,November,39,fast,fast,2.074027928666169,62.22083785998507,0.0,0.0,0.0
51,43,October,39,fast,fast,2.074027928666169,64.29486578865124,0.0,0.0,0.0
51,43,September,39,fast,fast,2.074027928666169,62.22083785998507,0.0,0.0,0.0
51,50,June,28,fast,fast,1.6169294208333325,48.50788262499997,0.0,0.0,0.0
51,50,June,29,fast,fast,1.2090541666666668,36.271625,0.0,0.0,0.0
51,50,June,30,fast,fast,1.2090541666666668,36.271625,0.0,0.0,0.0
51,50,June,32,fast,fast,0.9712758333333333,29.138275,0.0,0.0,0.0
52,44,April,23,fast,fast,12.062127433278171,361.86382299834514,0.0,0.0,0.0
52,44,April,32,fast,fast,2.5217750182737007,75.65325054821102,0.0,0.0,0.0
52,44,August,23,fast,fast,18.057448756019852,559.7809114366154,0.0,0.0,0.0
52,44,December,23,fast,fast,12.062127433278171,373.9259504316233,0.0,0.0,0.0
52,44,February,23,fast,fast,15.170067076135311,424.7618781317887,0.0,0.0,0.0
52,44,January,23,fast,fast,12.062127433278171,373.9259504316233,0.0,0.0,0.0
52,44,July,23,fast,fast,12.062127433278171,373.9259504316233,0.0,0.0,0.0
52,44,June,23,fast,fast,12.062127433278171,361.86382299834514,0.0,0.0,0.0
52,44,June,32,fast,fast,2.5649449763922343,76.94834929176703,0.0,0.0,0.0
52,44,March,23,fast,fast,12.062127433278171,373.9259504316233,0.0,0.0,0.0
52,44,May,23,fast,fast,12.062127433278171,373.9259504316233,0.0,0.0,0.0
52,44,November,23,fast,fast,12.062127433278171,361.86382299834514,0.0,0.0,0.0
52,44,October,23,fast,fast,12.062127433278171,373.9259504316233,0.0,0.0,0.0
52,44,September,23,fast,fast,18.057448756019852,541.7234626805955,0.0,0.0,0.0
52,53,April,16,fast,fast,7.234889686478354,217.04669059435062,0.0,0.0,0.0
52,53,April,18,fast,fast,12.66743798829949,380.0231396489847,0.0,0.0,0.0
52,53,April,23,fast,fast,5.995321322741681,179.85963968225042,0.0,0.0,0.0
52,53,December,23,fast,fast,5.995321322741681,185.8549610049921,0.0,0.0,0.0
52,53,February,23,fast,fast,2.887381679884541,80.84668703676715,0.0,0.0,0.0
52,53,January,23,fast,fast,5.995321322741681,185.8549610049921,0.0,0.0,0.0
52,53,July,23,fast,fast,5.995321322741681,185.8549610049921,0.0,0.0,0.0
52,53,June,23,fast,fast,5.995321322741681,179.85963968225042,0.0,0.0,0.0
52,53,March,23,fast,fast,5.995321322741681,185.8549610049921,0.0,0.0,0.0
52,53,March,24,fast,fast,0.11330310297216428,3.5123961921370928,0.0,0.0,0.0
52,53,May,23,fast,fast,5.995321322741681,185.8549610049921,0.0,0.0,0.0
52,53,November,23,fast,fast,5.995321322741681,179.85963968225042,0.0,0.0,0.0
52,53,October,23,fast,fast,5.995321322741681,185.8549610049921,0.0,0.0,0.0
53,45,February,24,fast,fast,0.4533800000000028,12.694640000000078,0.0,0.0,0.0
53,52,April,27,fast,fast,1.5137171627962296,45.41151488388689,0.0,0.0,0.0
53,52,April,30,fast,fast,11.879958097810324,356.3987429343097,0.0,0.0,0.0
53,52,April,31,fast,fast,1.001522871559633,30.045686146788988,0.0,0.0,0.0
53,52,August,30,fast,fast,0.1,3.1,0.0,0.0,0.0
53,52,December,30,fast,fast,0.1,3.1,0.0,0.0,0.0
53,52,February,30,fast,fast,0.1,2.8000000000000003,0.0,0.0,0.0
53,52,January,30,fast,fast,0.1,3.1,0.0,0.0,0.0
53,52,July,30,fast,fast,0.1,3.1,0.0,0.0,0.0
53,52,June,30,fast,fast,13.254146435382726,397.6243930614818,0.0,0.0,0.0
53,52,June,31,fast,fast,5.2398141215596326,157.19442364678898,0.0,0.0,0.0
53,52,March,30,fast,fast,0.1,3.1,0.0,0.0,0.0
53,52,May,30,fast,fast,0.1,3.1,0.0,0.0,0.0
53,52,November,30,fast,fast,0.1,3.0,0.0,0.0,0.0
53,52,October,30,fast,fast,0.1,3.1,0.0,0.0,0.0
53,52,September,30,fast,fast,0.1,3.0,0.0,0.0,0.0
54,55,April,30,fast,fast,7.0625216737972565,211.8756502139177,0.0,0.0,0.0
54,55,April,31,fast,medium,5.684137666666668,170.52413000000004,0.0,0.0,0.0
54,55,April,31,fast,fast,14.61498084615715,438.4494253847145,0.0,0.0,0.0
54,55,April,32,fast,fast,0.6358719349729789,19.076158049189367,0.0,0.0,0.0
54,55,April,34,fast,fast,8.935325333333333,268.05976,0.0,0.0,0.0
54,55,April,35,fast,fast,2.037412063958333,61.122361918749995,0.0,0.0,0.0
54,55,April,36,fast,fast,1.9984701666666667,59.954105,0.0,0.0,0.0
54,55,August,32,fast,fast,0.6290479349729807,19.500485984162403,0.0,0.0,0.0
54,55,July,32,fast,fast,0.6290479349729807,19.500485984162403,0.0,0.0,0.0
54,55,July,34,fast,fast,3.4294496933764536,106.31294049467006,0.0,0.0,0.0
54,55,July,35,fast,fast,0.22887146262789315,7.095015341464688,0.0,0.0,0.0
54,55,June,30,fast,medium,14.373010977130583,431.1903293139175,0.0,0.0,0.0
54,55,June,31,medium,medium,9.547961416666666,286.43884249999996,0.0,0.0,0.0
54,55,June,31,fast,fast,14.61498084615715,438.4494253847145,0.0,0.0,0.0
54,55,June,32,fast,fast,0.6290479349729807,18.871438049189422,0.0,0.0,0.0
54,55,June,34,fast,fast,10.861076667043427,325.83230001130283,0.0,0.0,0.0
54,55,June,35,fast,fast,2.2441154626278923,67.32346387883678,0.0,0.0,0.0
54,55,June,36,fast,fast,5.555346569119424,166.66039707358271,0.0,0.0,0.0
54,55,May,31,fast,fast,14.61498084615715,453.06440623087167,0.0,0.0,0.0
54,55,May,32,fast,fast,0.6290479349729807,19.500485984162403,0.0,0.0,0.0
54,55,May,34,fast,fast,6.2815992621099745,194.7295771254092,0.0,0.0,0.0
54,55,May,35,fast,fast,8.444141397487217,261.7683833221037,0.0,0.0,0.0
55,54,April,17,fast,fast,6.740277979710459,202.20833939131379,0.0,0.0,0.0
55,54,April,18,fast,fast,1.3172169074353377,39.51650722306013,0.0,0.0,0.0
55,54,April,23,fast,fast,9.064498908936862,271.9349672681059,0.0,0.0,0.0
55,54,August,23,fast,fast,8.28428957560353,256.81297684370946,0.0,0.0,0.0
55,54,December,23,fast,fast,8.28428957560353,256.81297684370946,0.0,0.0,0.0
55,54,February,18,fast,fast,1.3172169074353377,36.882073408189456,0.0,0.0,0.0
55,54,February,23,medium,medium,8.28428957560353,231.96010811689885,0.0,0.0,0.0
55,54,February,28,fast,fast,0.2579730607397357,7.223245700712599,0.0,0.0,0.0
55,54,January,23,medium,medium,8.28428957560353,256.81297684370946,0.0,0.0,0.0
55,54,July,17,fast,fast,1.603632958125262,49.71262170188312,0.0,0.0,0.0
55,54,July,18,fast,fast,0.4843813250766136,15.015821077375021,0.0,0.0,0.0
55,54,July,23,fast,medium,8.28428957560353,256.81297684370946,0.0,0.0,0.0
55,54,June,7,fast,fast,0.1317799191481716,3.953397574445148,0.0,0.0,0.0
55,54,June,9,fast,fast,2.2763143329687754,68.28942998906327,0.0,0.0,0.0
55,54,June,10,fast,fast,2.083302,62.49906000000001,0.0,0.0,0.0
55,54,June,23,fast,medium,8.347878825603537,250.4363647681061,0.0,0.0,0.0
55,54,March,17,fast,fast,1.2613422741991567,39.101610500173855,0.0,0.0,0.0
55,54,March,18,fast,fast,1.3172169074353377,40.83372413049547,0.0,0.0,0.0
55,54,March,23,fast,fast,8.28428957560353,256.81297684370946,0.0,0.0,0.0
55,54,May,23,medium,medium,8.28428957560353,256.81297684370946,0.0,0.0,0.0
55,54,November,23,medium,medium,8.28428957560353,248.5286872681059,0.0,0.0,0.0
55,54,October,23,fast,fast,8.28428957560353,256.81297684370946,0.0,0.0,0.0
55,54,September,17,fast,fast,3.3341785593527433,100.0253567805823,0.0,0.0,0.0
55,54,September,18,fast,fast,1.3172169074353377,39.51650722306013,0.0,0.0,0.0
55,54,September,23,medium,medium,8.28428957560353,248.5286872681059,0.0,0.0,0.0
