from_HexID,to_HexID,distance,euclidean_m,from_node_x,from_node_y,to_node_x,to_node_y
0,2,1753.4449359895905,866.025403784476,317343.6083247441,6386415.441099871,316875.1232668031,6387245.391654129
0,3,1203.7605472170144,866.0254037844178,317343.6083247441,6386415.441099871,317759.5814901553,6387262.278382194
1,2,1323.336750280088,866.0254037843551,316080.0342018077,6387263.32587171,316875.1232668031,6387245.391654129
2,0,1753.4449359895912,866.025403784476,316875.1232668031,6387245.391654129,317343.6083247441,6386415.441099871
2,1,1323.3367502800872,866.0254037843551,316875.1232668031,6387245.391654129,316080.0342018077,6387263.32587171
2,3,1412.9596893927512,866.0254037844716,316875.1232668031,6387245.391654129,317759.5814901553,6387262.278382194
2,12,1041.8286327392566,866.0254037836695,316875.1232668031,6387245.391654129,317295.5990820731,6387954.341172809
3,0,1203.7605472170137,866.0254037844178,317759.5814901553,6387262.278382194,317343.6083247441,6386415.441099871
3,2,1412.9596893927512,866.0254037844716,317759.5814901553,6387262.278382194,316875.1232668031,6387245.391654129
3,12,1544.0391098636692,866.0254037836113,317759.5814901553,6387262.278382194,317295.5990820731,6387954.341172809
3,27,1789.375256454644,1499.9999999990687,317759.5814901553,6387262.278382194,317742.1182636041,6388774.574691502
4,16,770.3135422709017,866.0254037835821,324629.8480409187,6387379.244643182,324207.1175806147,6387994.443082834
5,18,1336.269551382838,866.0254037836113,326384.1741012376,6387251.948258231,326023.94701821747,6388044.677061324
5,19,1340.5307401630646,866.0254037836695,326384.1741012376,6387251.948258231,326832.02308214904,6387985.0096655665
7,8,1125.9959499597928,866.0254037844134,331594.7507498299,6387233.436932578,332435.34241783374,6387227.50454318
7,20,1831.1820639737987,1499.9999999994764,331594.7507498299,6387233.436932578,330417.4017338912,6387959.002769465
8,7,1125.995949959793,866.0254037844134,332435.34241783374,6387227.50454318,331594.7507498299,6387233.436932578
8,22,1689.5726646156756,866.0254037836403,332435.34241783374,6387227.50454318,332804.9312113002,6387948.425571442
9,10,1289.30087670658,866.0254037844716,313503.1677784956,6390338.208645984,313640.4822846325,6390070.13614964
9,23,124.80498655096001,866.0254037844178,313503.1677784956,6390338.208645984,313469.4151835079,6390432.268634575
9,24,0.0,866.0254037844469,313503.1677784956,6390338.208645984,313503.1677784956,6390338.208645984
9,37,1910.0432276127283,1500.0,313503.1677784956,6390338.208645984,313242.3060945079,6391032.46820971
9,49,20.7439869594442,5267.82687642627,313503.1677784956,6390338.208645984,313516.4305683987,6390322.858442024
9,50,1216.448574973635,6062.177826490945,313503.1677784956,6390338.208645984,314231.13800630294,6390341.8419710025
9,61,1215.9607319665608,5999.999999999919,313503.1677784956,6390338.208645984,313842.8623026933,6391005.971571843
9,62,1713.3545998537554,6763.874629234235,313503.1677784956,6390338.208645984,314710.1458469591,6390986.899903767
10,9,1289.30087670658,866.0254037844716,313640.4822846325,6390070.13614964,313503.1677784956,6390338.208645984
10,23,1371.7595653170986,1499.9999999999923,313640.4822846325,6390070.13614964,313469.4151835079,6390432.268634575
10,24,1289.30087670658,866.0254037844469,313640.4822846325,6390070.13614964,313503.1677784956,6390338.208645984
10,49,1268.556889747136,4499.999999999876,313640.4822846325,6390070.13614964,313516.4305683987,6390322.858442024
10,50,1249.827993901026,5267.8268764262175,313640.4822846325,6390070.13614964,314231.13800630294,6390341.8419710025
10,61,1327.637610837033,5267.826876426266,313640.4822846325,6390070.13614964,313842.8623026933,6391005.971571843
10,62,1766.8853951071333,5999.999999999868,313640.4822846325,6390070.13614964,314710.1458469591,6390986.899903767
11,25,1116.3860368586015,866.0254037844469,316435.7603725268,6387998.101122923,316083.1477320188,6388748.758043326
11,26,1307.201579493716,866.0254037843887,316435.7603725268,6387998.101122923,316860.5236434561,6388818.153156084
12,2,1041.8286327392564,866.0254037836695,317295.5990820731,6387954.341172809,316875.1232668031,6387245.391654129
12,3,1544.0391098636692,866.0254037836113,317295.5990820731,6387954.341172809,317759.5814901553,6387262.278382194
12,27,1567.3319193921236,866.0254037844178,317295.5990820731,6387954.341172809,317742.1182636041,6388774.574691502
13,27,1475.2860817178519,866.0254037844469,318145.2947186731,6387981.610043854,317742.1182636041,6388774.574691502
13,28,1287.0700325375783,866.0254037844178,318145.2947186731,6387981.610043854,318604.10529742076,6388670.43910369
14,15,715.5873741615093,866.0254037844716,322780.38398780505,6388101.503662127,323373.33535676985,6387961.715686159
14,16,1982.2916914554137,1732.050807568885,322780.38398780505,6388101.503662127,324207.1175806147,6387994.443082834
14,41,1896.491999751463,1732.0508075688938,322780.38398780505,6388101.503662127,323351.5572121304,6389513.444290645
15,14,715.5873741615093,866.0254037844716,323373.33535676985,6387961.715686159,322780.38398780505,6388101.503662127
15,16,1266.7043172939052,866.0254037844134,323373.33535676985,6387961.715686159,324207.1175806147,6387994.443082834
15,41,1942.2325633158089,1500.0,323373.33535676985,6387961.715686159,323351.5572121304,6389513.444290645
16,4,770.3135422709021,866.0254037835821,324207.1175806147,6387994.443082834,324629.8480409187,6387379.244643182
16,14,1982.2916914554137,1732.050807568885,324207.1175806147,6387994.443082834,322780.38398780505,6388101.503662127
16,15,1266.7043172939048,866.0254037844134,324207.1175806147,6387994.443082834,323373.33535676985,6387961.715686159
16,31,1507.6370186041331,866.0254037844178,324207.1175806147,6387994.443082834,323784.979504857,6388735.600314166
16,32,1323.69478228695,866.0254037843887,324207.1175806147,6387994.443082834,324672.70007529296,6388737.519093723
16,42,1860.4053198311901,1500.0,324207.1175806147,6387994.443082834,324237.53133266757,6389493.273286024
18,5,1336.2695513828376,866.0254037836113,326023.94701821747,6388044.677061324,326384.1741012376,6387251.948258231
18,19,1057.9940028674985,866.0254037844716,326023.94701821747,6388044.677061324,326832.02308214904,6387985.0096655665
18,33,1228.0960010156198,866.0254037844178,326023.94701821747,6388044.677061324,325561.37126121426,6388730.740042619
18,34,1002.2082056310778,866.0254037844178,326023.94701821747,6388044.677061324,326410.8126072489,6388739.759196354
19,5,1340.5307401630646,866.0254037836695,326832.02308214904,6387985.0096655665,326384.1741012376,6387251.948258231
19,18,1057.9940028674982,866.0254037844716,326832.02308214904,6387985.0096655665,326023.94701821747,6388044.677061324
19,34,1424.723316408102,866.025403784476,326832.02308214904,6387985.0096655665,326410.8126072489,6388739.759196354
20,7,1831.182063973797,1499.9999999994764,330417.4017338912,6387959.002769465,331594.7507498299,6387233.436932578
20,21,1983.9293982045888,1732.0508075688267,330417.4017338912,6387959.002769465,331944.5396350204,6388035.396330043
20,35,1363.9524291702685,866.0254037844469,330417.4017338912,6387959.002769465,329906.38715738844,6388720.8118684795
21,20,1983.9293982045886,1732.0508075688267,331944.5396350204,6388035.396330043,330417.4017338912,6387959.002769465
21,36,1114.5350776662242,866.0254037844178,331944.5396350204,6388035.396330043,332448.88141867716,6388712.667905452
22,8,1689.572664615676,866.0254037836403,332804.9312113002,6387948.425571442,332435.34241783374,6387227.50454318
23,9,124.80498655096004,866.0254037844178,313469.4151835079,6390432.268634575,313503.1677784956,6390338.208645984
23,10,1371.7595653170993,1499.9999999999923,313469.4151835079,6390432.268634575,313640.4822846325,6390070.13614964
23,24,124.80498655096004,866.0254037844134,313469.4151835079,6390432.268634575,313503.1677784956,6390338.208645984
23,37,1846.2319999551953,866.0254037844178,313469.4151835079,6390432.268634575,313242.3060945079,6391032.46820971
23,49,145.54897351040424,5408.326913195839,313469.4151835079,6390432.268634575,313516.4305683987,6390322.858442024
23,50,1298.907263584154,6244.997998398227,313469.4151835079,6390432.268634575,314231.13800630294,6390341.8419710025
23,61,1152.1495043090279,6062.177826490945,313469.4151835079,6390432.268634575,313842.8623026933,6391005.971571843
23,62,1795.8132884642744,6873.863542433608,313469.4151835079,6390432.268634575,314710.1458469591,6390986.899903767
24,9,0.0,866.0254037844469,313503.1677784956,6390338.208645984,313503.1677784956,6390338.208645984
24,10,1289.30087670658,866.0254037844469,313503.1677784956,6390338.208645984,313640.4822846325,6390070.13614964
24,23,124.80498655096001,866.0254037844134,313503.1677784956,6390338.208645984,313469.4151835079,6390432.268634575
24,37,1910.0432276127283,866.0254037844469,313503.1677784956,6390338.208645984,313242.3060945079,6391032.46820971
24,49,20.7439869594442,4582.575694955721,313503.1677784956,6390338.208645984,313516.4305683987,6390322.858442024
24,50,1216.448574973635,5408.326913195839,313503.1677784956,6390338.208645984,314231.13800630294,6390341.8419710025
24,61,1215.9607319665608,5267.82687642627,313503.1677784956,6390338.208645984,313842.8623026933,6391005.971571843
24,62,1713.3545998537554,6062.177826490945,313503.1677784956,6390338.208645984,314710.1458469591,6390986.899903767
25,11,1116.3860368586013,866.0254037844469,316083.1477320188,6388748.758043326,316435.7603725268,6387998.101122923
25,26,1437.7724771567907,866.0254037843551,316083.1477320188,6388748.758043326,316860.5236434561,6388818.153156084
25,38,1359.2678317840384,866.0254037844469,316083.1477320188,6388748.758043326,316451.6343885838,6389490.853601636
26,11,1307.2015794937158,866.0254037843887,316860.5236434561,6388818.153156084,316435.7603725268,6387998.101122923
26,25,1437.7724771567903,866.0254037843551,316860.5236434561,6388818.153156084,316083.1477320188,6388748.758043326
26,27,1008.7972125278809,866.0254037844716,316860.5236434561,6388818.153156084,317742.1182636041,6388774.574691502
26,38,1052.8824129104987,866.0254037843887,316860.5236434561,6388818.153156084,316451.6343885838,6389490.853601636
26,39,1606.1770464518747,866.025403784476,316860.5236434561,6388818.153156084,317339.31508575135,6389504.941444842
27,3,1789.3752564546442,1499.9999999990687,317742.1182636041,6388774.574691502,317759.5814901553,6387262.278382194
27,12,1567.331919392124,866.0254037844178,317742.1182636041,6388774.574691502,317295.5990820731,6387954.341172809
27,13,1475.2860817178514,866.0254037844469,317742.1182636041,6388774.574691502,318145.2947186731,6387981.610043854
27,26,1008.7972125278808,866.0254037844716,317742.1182636041,6388774.574691502,316860.5236434561,6388818.153156084
27,28,1418.7518231547845,866.0254037844134,317742.1182636041,6388774.574691502,318604.10529742076,6388670.43910369
27,39,1054.9158265904007,866.0254037844178,317742.1182636041,6388774.574691502,317339.31508575135,6389504.941444842
28,13,1287.0700325375776,866.0254037844178,318604.10529742076,6388670.43910369,318145.2947186731,6387981.610043854
28,27,1418.7518231547838,866.0254037844134,318604.10529742076,6388670.43910369,317742.1182636041,6388774.574691502
29,30,1147.3096634156727,866.0254037844134,322158.0050440576,6388750.83835221,322992.13441330974,6388768.35430858
29,40,1615.9551173495986,866.0254037844469,322158.0050440576,6388750.83835221,322509.8625844213,6389495.169982658
30,29,1147.3096634156725,866.0254037844134,322992.13441330974,6388768.35430858,322158.0050440576,6388750.83835221
30,31,1583.6099989114675,866.0254037845298,322992.13441330974,6388768.35430858,323784.979504857,6388735.600314166
30,40,1230.3416943050545,866.0254037844178,322992.13441330974,6388768.35430858,322509.8625844213,6389495.169982658
30,41,1163.7234420152906,866.025403784476,322992.13441330974,6388768.35430858,323351.5572121304,6389513.444290645
30,42,1929.2756113229996,1500.0000000000427,322992.13441330974,6388768.35430858,324237.53133266757,6389493.273286024
31,16,1507.6370186041327,866.0254037844178,323784.979504857,6388735.600314166,324207.1175806147,6387994.443082834
31,30,1583.609998911468,866.0254037845298,323784.979504857,6388735.600314166,322992.13441330974,6388768.35430858
31,32,1496.716633293364,866.0254037842969,323784.979504857,6388735.600314166,324672.70007529296,6388737.519093723
31,41,1298.817763127848,866.0254037844469,323784.979504857,6388735.600314166,323351.5572121304,6389513.444290645
31,42,1212.7331535026465,866.0254037844178,323784.979504857,6388735.600314166,324237.53133266757,6389493.273286024
31,57,1558.8101681249375,1500.0,323784.979504857,6388735.600314166,323555.3605822207,6390180.261503438
32,16,1323.6947822869504,866.0254037843887,324672.70007529296,6388737.519093723,324207.1175806147,6387994.443082834
32,31,1496.7166332933646,866.0254037842969,324672.70007529296,6388737.519093723,323784.979504857,6388735.600314166
32,33,1230.9711680055173,866.0254037845298,324672.70007529296,6388737.519093723,325561.37126121426,6388730.740042619
32,42,1158.838686290984,866.0254037843887,324672.70007529296,6388737.519093723,324237.53133266757,6389493.273286024
32,43,1184.548364431862,866.025403784476,324672.70007529296,6388737.519093723,325078.17546168563,6389487.159149004
33,18,1228.0960010156202,866.0254037844178,325561.37126121426,6388730.740042619,326023.94701821747,6388044.677061324
33,32,1230.971168005518,866.0254037845298,325561.37126121426,6388730.740042619,324672.70007529296,6388737.519093723
33,34,1334.3808716486615,866.0254037843551,325561.37126121426,6388730.740042619,326410.8126072489,6388739.759196354
33,42,1968.39913082621,1499.9999999999923,325561.37126121426,6388730.740042619,324237.53133266757,6389493.273286024
33,43,1238.2313789261132,866.0254037844469,325561.37126121426,6388730.740042619,325078.17546168563,6389487.159149004
33,44,1552.2177778949665,866.0254037844178,325561.37126121426,6388730.740042619,325885.3428454938,6389574.878069813
34,18,1002.2082056310778,866.0254037844178,326410.8126072489,6388739.759196354,326023.94701821747,6388044.677061324
34,19,1424.7233164081015,866.025403784476,326410.8126072489,6388739.759196354,326832.02308214904,6387985.0096655665
34,33,1334.3808716486608,866.0254037843551,326410.8126072489,6388739.759196354,325561.37126121426,6388730.740042619
34,45,1487.4590595298187,866.025403784476,326410.8126072489,6388739.759196354,326826.1550202852,6389401.695138208
35,20,1363.9524291702685,866.0254037844469,329906.38715738844,6388720.8118684795,330417.4017338912,6387959.002769465
35,59,1932.290493118574,1500.0,329906.38715738844,6388720.8118684795,329678.61647940945,6390294.485295166
36,21,1114.5350776662242,866.0254037844178,332448.88141867716,6388712.667905452,331944.5396350204,6388035.396330043
36,46,1469.380559933556,866.0254037844469,332448.88141867716,6388712.667905452,332893.1282711602,6389426.746529009
37,9,1910.0432276127299,1500.0,313242.3060945079,6391032.46820971,313503.1677784956,6390338.208645984
37,23,1846.2319999551964,866.0254037844178,313242.3060945079,6391032.46820971,313469.4151835079,6390432.268634575
37,24,1910.0432276127299,866.0254037844469,313242.3060945079,6391032.46820971,313503.1677784956,6390338.208645984
37,49,1889.2992406532858,4821.825380496369,313242.3060945079,6391032.46820971,313516.4305683987,6390322.858442024
37,50,1831.2370580212796,5678.90834580014,313242.3060945079,6391032.46820971,314231.13800630294,6390341.8419710025
37,61,694.0824956461684,5408.326913195894,313242.3060945079,6391032.46820971,313842.8623026933,6391005.971571843
37,62,1802.8387959872537,6244.997998398283,313242.3060945079,6391032.46820971,314710.1458469591,6390986.899903767
38,25,1359.2678317840378,866.0254037844469,316451.6343885838,6389490.853601636,316083.1477320188,6388748.758043326
38,26,1052.8824129104992,866.0254037843887,316451.6343885838,6389490.853601636,316860.5236434561,6388818.153156084
38,39,1925.9637333580065,866.0254037844134,316451.6343885838,6389490.853601636,317339.31508575135,6389504.941444842
39,26,1606.1770464518745,866.025403784476,317339.31508575135,6389504.941444842,316860.5236434561,6388818.153156084
39,27,1054.9158265904011,866.0254037844178,317339.31508575135,6389504.941444842,317742.1182636041,6388774.574691502
39,38,1925.9637333580074,866.0254037844134,317339.31508575135,6389504.941444842,316451.6343885838,6389490.853601636
39,53,1829.9016753518533,866.025403784476,317339.31508575135,6389504.941444842,316905.1084366471,6390246.0095990095
39,54,1584.0538484021738,866.0254037844178,317339.31508575135,6389504.941444842,317736.3729309534,6390234.84332671
39,65,1954.9132651733867,1500.0,317339.31508575135,6389504.941444842,317223.8176006817,6391012.586103777
40,29,1615.9551173495986,866.0254037844469,322509.8625844213,6389495.169982658,322158.0050440576,6388750.83835221
40,30,1230.3416943050536,866.0254037844178,322509.8625844213,6389495.169982658,322992.13441330974,6388768.35430858
40,41,1271.679090370911,866.0254037844716,322509.8625844213,6389495.169982658,323351.5572121304,6389513.444290645
40,55,1756.4912409965332,866.0254037844469,322509.8625844213,6389495.169982658,322073.64241300576,6390203.308769785
40,56,1428.1741210735443,866.0254037844178,322509.8625844213,6389495.169982658,322978.09467654437,6390255.024443072
40,57,1642.6393646086835,1500.0000000000427,322509.8625844213,6389495.169982658,323555.3605822207,6390180.261503438
41,14,1896.4919997514623,1732.0508075688938,323351.5572121304,6389513.444290645,322780.38398780505,6388101.503662127
41,15,1942.2325633158096,1500.0,323351.5572121304,6389513.444290645,323373.33535676985,6387961.715686159
41,30,1163.7234420152909,866.025403784476,323351.5572121304,6389513.444290645,322992.13441330974,6388768.35430858
41,31,1298.817763127848,866.0254037844469,323351.5572121304,6389513.444290645,323784.979504857,6388735.600314166
41,40,1271.679090370911,866.0254037844716,323351.5572121304,6389513.444290645,322509.8625844213,6389495.169982658
41,42,1644.4833755393802,866.0254037844134,323351.5572121304,6389513.444290645,324237.53133266757,6389493.273286024
41,56,910.3800642628224,866.025403784476,323351.5572121304,6389513.444290645,322978.09467654437,6390255.024443072
41,57,1124.845307797961,866.0254037844469,323351.5572121304,6389513.444290645,323555.3605822207,6390180.261503438
41,70,1932.6955625564206,1500.0,323351.5572121304,6389513.444290645,323372.45480427076,6390986.108679111
42,16,1860.40531983119,1500.0,324237.53133266757,6389493.273286024,324207.1175806147,6387994.443082834
42,30,1929.275611323,1500.0000000000427,324237.53133266757,6389493.273286024,322992.13441330974,6388768.35430858
42,31,1212.7331535026467,866.0254037844178,324237.53133266757,6389493.273286024,323784.979504857,6388735.600314166
42,32,1158.838686290984,866.0254037843887,324237.53133266757,6389493.273286024,324672.70007529296,6388737.519093723
42,33,1968.3991308262107,1499.9999999999923,324237.53133266757,6389493.273286024,325561.37126121426,6388730.740042619
42,41,1644.4833755393802,866.0254037844134,324237.53133266757,6389493.273286024,323351.5572121304,6389513.444290645
42,43,1430.981461286578,866.0254037844134,324237.53133266757,6389493.273286024,325078.17546168563,6389487.159149004
42,57,1696.041778171746,866.0254037844178,324237.53133266757,6389493.273286024,323555.3605822207,6390180.261503438
43,32,1184.548364431862,866.025403784476,325078.17546168563,6389487.159149004,324672.70007529296,6388737.519093723
43,33,1238.231378926113,866.0254037844469,325078.17546168563,6389487.159149004,325561.37126121426,6388730.740042619
43,42,1430.9814612865785,866.0254037844134,325078.17546168563,6389487.159149004,324237.53133266757,6389493.273286024
43,44,1947.4660674418517,866.0254037844134,325078.17546168563,6389487.159149004,325885.3428454938,6389574.878069813
44,33,1552.2177778949663,866.0254037844178,325885.3428454938,6389574.878069813,325561.37126121426,6388730.740042619
44,43,1947.466067441853,866.0254037844134,325885.3428454938,6389574.878069813,325078.17546168563,6389487.159149004
44,58,1023.2001275043835,866.0254037844178,325885.3428454938,6389574.878069813,326453.1979061328,6390105.028689704
45,34,1487.4590595298184,866.025403784476,326826.1550202852,6389401.695138208,326410.8126072489,6388739.759196354
46,36,1469.380559933556,866.0254037844469,332893.1282711602,6389426.746529009,332448.88141867716,6388712.667905452
47,48,0.0,866.0254037844134,312097.28436295985,6393516.523587583,312097.28436295985,6393516.523587583
47,60,428.3991425801334,866.0254037844178,312097.28436295985,6393516.523587583,311967.9916332533,6393720.984218447
47,85,414.35951459788674,2291.2878474788267,312097.28436295985,6393516.523587583,311962.47489320236,6393733.862050809
47,105,414.35951459788674,2999.9999999990687,312097.28436295985,6393516.523587583,311962.47489320236,6393733.862050809
47,106,414.35951459788674,3122.498999198297,312097.28436295985,6393516.523587583,311962.47489320236,6393733.862050809
47,129,682.2140941602446,3968.626966596864,312097.28436295985,6393516.523587583,311944.82352984924,6393966.158865679
47,130,682.2140941602446,4330.127018922176,312097.28436295985,6393516.523587583,311944.82352984924,6393966.158865679
47,131,580.3418373757977,6062.177826490984,312097.28436295985,6393516.523587583,312115.47356200335,6393991.707324323
47,153,1129.0990568738341,4821.82538049646,312097.28436295985,6393516.523587583,311966.18437224627,6394458.689555883
48,47,0.0,866.0254037844134,312097.28436295985,6393516.523587583,312097.28436295985,6393516.523587583
48,60,428.3991425801334,866.0254037844469,312097.28436295985,6393516.523587583,311967.9916332533,6393720.984218447
48,85,414.35951459788674,2291.2878474788376,312097.28436295985,6393516.523587583,311962.47489320236,6393733.862050809
48,105,414.35951459788674,3122.498999198297,312097.28436295985,6393516.523587583,311962.47489320236,6393733.862050809
48,106,414.35951459788674,2999.9999999990687,312097.28436295985,6393516.523587583,311962.47489320236,6393733.862050809
48,129,682.2140941602446,3774.91721763537,312097.28436295985,6393516.523587583,311944.82352984924,6393966.158865679
48,130,682.2140941602446,3968.626966596883,312097.28436295985,6393516.523587583,311944.82352984924,6393966.158865679
48,131,580.3418373757977,5408.326913195923,312097.28436295985,6393516.523587583,312115.47356200335,6393991.707324323
48,153,1129.0990568738341,4582.575694955835,312097.28436295985,6393516.523587583,311966.18437224627,6394458.689555883
49,9,20.7439869594442,5267.82687642627,313516.4305683987,6390322.858442024,313503.1677784956,6390338.208645984
49,10,1268.556889747136,4499.999999999876,313516.4305683987,6390322.858442024,313640.4822846325,6390070.13614964
49,23,145.5489735104042,5408.326913195839,313516.4305683987,6390322.858442024,313469.4151835079,6390432.268634575
49,24,20.7439869594442,4582.575694955721,313516.4305683987,6390322.858442024,313503.1677784956,6390338.208645984
49,37,1889.2992406532842,4821.825380496369,313516.4305683987,6390322.858442024,313242.3060945079,6391032.46820971
49,50,1195.7045880141907,866.0254037844134,313516.4305683987,6390322.858442024,314231.13800630294,6390341.8419710025
49,61,1195.2167450071167,866.0254037844469,313516.4305683987,6390322.858442024,313842.8623026933,6391005.971571843
49,62,1692.6106128943113,1499.9999999999923,313516.4305683987,6390322.858442024,314710.1458469591,6390986.899903767
50,9,1216.4485749736352,6062.177826490945,314231.13800630294,6390341.8419710025,313503.1677784956,6390338.208645984
50,10,1249.8279939010263,5267.8268764262175,314231.13800630294,6390341.8419710025,313640.4822846325,6390070.13614964
50,23,1298.9072635841535,6244.997998398227,314231.13800630294,6390341.8419710025,313469.4151835079,6390432.268634575
50,24,1216.4485749736352,5408.326913195839,314231.13800630294,6390341.8419710025,313503.1677784956,6390338.208645984
50,37,1831.2370580212787,5678.90834580014,314231.13800630294,6390341.8419710025,313242.3060945079,6391032.46820971
50,49,1195.7045880141911,866.0254037844134,314231.13800630294,6390341.8419710025,313516.4305683987,6390322.858442024
50,51,1487.8941412637892,866.0254037844134,314231.13800630294,6390341.8419710025,315130.68448726885,6390259.534846709
50,61,1137.1545623751113,866.0254037844178,314231.13800630294,6390341.8419710025,313842.8623026933,6391005.971571843
50,62,984.0148475395785,866.0254037844469,314231.13800630294,6390341.8419710025,314710.1458469591,6390986.899903767
50,63,1823.1896145517155,1499.9999999999923,314231.13800630294,6390341.8419710025,315431.23915629357,6391196.696583137
50,75,1892.4855413695284,1499.9999999990687,314231.13800630294,6390341.8419710025,314270.50516398996,6391721.863195854
51,50,1487.894141263789,866.0254037844134,315130.68448726885,6390259.534846709,314231.13800630294,6390341.8419710025
51,62,1287.57581604632,866.0254037844178,315130.68448726885,6390259.534846709,314710.1458469591,6390986.899903767
51,63,1372.5997475630431,866.0254037844469,315130.68448726885,6390259.534846709,315431.23915629357,6391196.696583137
51,76,1792.7601183811546,1499.9999999990687,315130.68448726885,6390259.534846709,315146.24489779817,6391746.759266345
52,53,915.975603643073,866.0254037843551,316136.52022941987,6390249.917093911,316905.1084366471,6390246.0095990095
52,64,1224.7007799489231,866.0254037844469,316136.52022941987,6390249.917093911,316546.13626295363,6391033.4029904315
52,65,1919.8718466476696,1499.9999999999923,316136.52022941987,6390249.917093911,317223.8176006817,6391012.586103777
53,39,1829.9016753518547,866.025403784476,316905.1084366471,6390246.0095990095,317339.31508575135,6389504.941444842
53,52,915.9756036430732,866.0254037843551,316905.1084366471,6390246.0095990095,316136.52022941987,6390249.917093911
53,54,1721.4629776337526,866.0254037844716,316905.1084366471,6390246.0095990095,317736.3729309534,6390234.84332671
53,64,1339.4862582934693,866.0254037843887,316905.1084366471,6390246.0095990095,316546.13626295363,6391033.4029904315
53,65,1381.9465630669788,866.025403784476,316905.1084366471,6390246.0095990095,317223.8176006817,6391012.586103777
54,39,1584.0538484021743,866.0254037844178,317736.3729309534,6390234.84332671,317339.31508575135,6389504.941444842
54,53,1721.4629776337517,866.0254037844716,317736.3729309534,6390234.84332671,316905.1084366471,6390246.0095990095
54,65,1522.836509342243,866.0254037844178,317736.3729309534,6390234.84332671,317223.8176006817,6391012.586103777
55,40,1756.4912409965332,866.0254037844469,322073.64241300576,6390203.308769785,322509.8625844213,6389495.169982658
55,68,1819.2439292825202,866.0254037843596,322073.64241300576,6390203.308769785,321634.13543411146,6391020.920416384
55,69,1414.0853122007206,866.0254037844469,322073.64241300576,6390203.308769785,322500.19207144924,6390982.666669561
56,40,1428.1741210735443,866.0254037844178,322978.09467654437,6390255.024443072,322509.8625844213,6389495.169982658
56,41,910.3800642628221,866.025403784476,322978.09467654437,6390255.024443072,323351.5572121304,6389513.444290645
56,57,794.0925830924308,866.0254037845298,322978.09467654437,6390255.024443072,323555.3605822207,6390180.261503438
56,70,1460.1135688416919,866.025403784476,322978.09467654437,6390255.024443072,323372.45480427076,6390986.108679111
56,82,1758.1162204084997,1499.9999999990687,322978.09467654437,6390255.024443072,322935.7063889293,6391751.746933497
57,31,1558.810168124938,1500.0,323555.3605822207,6390180.261503438,323784.979504857,6388735.600314166
57,40,1642.6393646086842,1500.0000000000427,323555.3605822207,6390180.261503438,322509.8625844213,6389495.169982658
57,41,1124.8453077979614,866.0254037844469,323555.3605822207,6390180.261503438,323351.5572121304,6389513.444290645
57,42,1696.0417781717465,866.0254037844178,323555.3605822207,6390180.261503438,324237.53133266757,6389493.273286024
57,56,794.0925830924313,866.0254037845298,323555.3605822207,6390180.261503438,322978.09467654437,6390255.024443072
57,70,871.7100701678139,866.0254037844469,323555.3605822207,6390180.261503438,323372.45480427076,6390986.108679111
57,82,1907.8875171630136,1732.0508075681164,323555.3605822207,6390180.261503438,322935.7063889293,6391751.746933497
58,44,1023.2001275043838,866.0254037844178,326453.1979061328,6390105.028689704,325885.3428454938,6389574.878069813
59,35,1932.2904931185737,1500.0,329678.61647940945,6390294.485295166,329906.38715738844,6388720.8118684795
59,71,512.868501500178,866.0254037844178,329678.61647940945,6390294.485295166,329602.9856474059,6390746.0127400085
60,47,428.3991425801334,866.0254037844178,311967.9916332533,6393720.984218447,312097.28436295985,6393516.523587583
60,48,428.3991425801334,866.0254037844469,311967.9916332533,6393720.984218447,312097.28436295985,6393516.523587583
60,85,14.039627982246659,1500.0000000009313,311967.9916332533,6393720.984218447,311962.47489320236,6393733.862050809
60,105,14.039627982246659,2291.2878474769977,311967.9916332533,6393720.984218447,311962.47489320236,6393733.862050809
60,106,14.039627982246659,2291.2878474770087,311967.9916332533,6393720.984218447,311962.47489320236,6393733.862050809
60,129,452.913247531814,3122.498999199192,311967.9916332533,6393720.984218447,311944.82352984924,6393966.158865679
60,130,452.913247531814,3464.1016151377585,311967.9916332533,6393720.984218447,311944.82352984924,6393966.158865679
60,131,351.04099074736706,5267.826876426313,311967.9916332533,6393720.984218447,312115.47356200335,6393991.707324323
60,153,899.7982102454035,3968.626966596883,311967.9916332533,6393720.984218447,311966.18437224627,6394458.689555883
60,175,1799.9636919819588,6244.99799839835,311967.9916332533,6393720.984218447,312318.27354690945,6395336.641498859
61,9,1215.9607319665613,5999.999999999919,313842.8623026933,6391005.971571843,313503.1677784956,6390338.208645984
61,10,1327.6376108370332,5267.826876426266,313842.8623026933,6391005.971571843,313640.4822846325,6390070.13614964
61,23,1152.149504309028,6062.177826490945,313842.8623026933,6391005.971571843,313469.4151835079,6390432.268634575
61,24,1215.9607319665613,5267.82687642627,313842.8623026933,6391005.971571843,313503.1677784956,6390338.208645984
61,37,694.0824956461676,5408.326913195894,313842.8623026933,6391005.971571843,313242.3060945079,6391032.46820971
61,49,1195.2167450071172,866.0254037844469,313842.8623026933,6391005.971571843,313516.4305683987,6390322.858442024
61,50,1137.154562375111,866.0254037844178,313842.8623026933,6391005.971571843,314231.13800630294,6390341.8419710025
61,62,1108.7563003410858,866.0254037844134,313842.8623026933,6391005.971571843,314710.1458469591,6390986.899903767
61,63,1785.7256051426084,1732.0508075688267,313842.8623026933,6391005.971571843,315431.23915629357,6391196.696583137
61,75,1447.9935689153206,866.0254037836113,313842.8623026933,6391005.971571843,314270.50516398996,6391721.863195854
62,9,1713.3545998537554,6763.874629234235,314710.1458469591,6390986.899903767,313503.1677784956,6390338.208645984
62,10,1766.8853951071324,5999.999999999868,314710.1458469591,6390986.899903767,313640.4822846325,6390070.13614964
62,23,1795.813288464274,6873.863542433608,314710.1458469591,6390986.899903767,313469.4151835079,6390432.268634575
62,24,1713.3545998537554,6062.177826490945,314710.1458469591,6390986.899903767,313503.1677784956,6390338.208645984
62,37,1802.838795987253,6244.997998398283,314710.1458469591,6390986.899903767,313242.3060945079,6391032.46820971
62,49,1692.6106128943113,1499.9999999999923,314710.1458469591,6390986.899903767,313516.4305683987,6390322.858442024
62,50,984.0148475395785,866.0254037844469,314710.1458469591,6390986.899903767,314231.13800630294,6390341.8419710025
62,51,1287.5758160463192,866.0254037844178,314710.1458469591,6390986.899903767,315130.68448726885,6390259.534846709
62,61,1108.7563003410855,866.0254037844134,314710.1458469591,6390986.899903767,313842.8623026933,6391005.971571843
62,63,952.0474043005964,866.0254037844134,314710.1458469591,6390986.899903767,315431.23915629357,6391196.696583137
62,74,1601.0578567237828,1499.9999999995266,314710.1458469591,6390986.899903767,313751.24421195075,6391823.775427045
62,75,1047.1347580811962,866.0254037836403,314710.1458469591,6390986.899903767,314270.50516398996,6391721.863195854
62,76,1203.2445180124926,866.0254037836113,314710.1458469591,6390986.899903767,315146.24489779817,6391746.759266345
62,88,1973.452773289072,1500.0000000009313,314710.1458469591,6390986.899903767,314747.3355243168,6392553.651260628
63,50,1823.189614551715,1499.9999999999923,315431.23915629357,6391196.696583137,314231.13800630294,6390341.8419710025
63,51,1372.599747563044,866.0254037844469,315431.23915629357,6391196.696583137,315130.68448726885,6390259.534846709
63,61,1785.7256051426086,1732.0508075688267,315431.23915629357,6391196.696583137,313842.8623026933,6391005.971571843
63,62,952.0474043005961,866.0254037844134,315431.23915629357,6391196.696583137,314710.1458469591,6390986.899903767
63,75,1645.4225530184042,1499.9999999995266,315431.23915629357,6391196.696583137,314270.50516398996,6391721.863195854
63,76,742.9990027241885,866.0254037836403,315431.23915629357,6391196.696583137,315146.24489779817,6391746.759266345
63,88,1932.1804057540965,1732.0508075696712,315431.23915629357,6391196.696583137,314747.3355243168,6392553.651260628
63,89,1955.761941581672,1500.0000000009313,315431.23915629357,6391196.696583137,315573.10019748204,6392494.490623136
64,52,1224.7007799489222,866.0254037844469,316546.13626295363,6391033.4029904315,316136.52022941987,6390249.917093911
64,53,1339.4862582934695,866.0254037843887,316546.13626295363,6391033.4029904315,316905.1084366471,6390246.0095990095
64,65,1453.8522618440784,866.0254037844134,316546.13626295363,6391033.4029904315,317223.8176006817,6391012.586103777
64,77,1006.851537150044,866.0254037836403,316546.13626295363,6391033.4029904315,316034.0841988829,6391749.753943082
64,78,1155.8183683525863,866.0254037835821,316546.13626295363,6391033.4029904315,316873.9008200252,6391752.284065787
64,90,1874.8743414463347,1500.0000000009313,316546.13626295363,6391033.4029904315,316423.79893007234,6392480.144614132
65,39,1954.9132651733873,1500.0,317223.8176006817,6391012.586103777,317339.31508575135,6389504.941444842
65,52,1919.8718466476687,1499.9999999999923,317223.8176006817,6391012.586103777,316136.52022941987,6390249.917093911
65,53,1381.9465630669793,866.025403784476,317223.8176006817,6391012.586103777,316905.1084366471,6390246.0095990095
65,54,1522.8365093422435,866.0254037844178,317223.8176006817,6391012.586103777,317736.3729309534,6390234.84332671
65,64,1453.8522618440788,866.0254037844134,317223.8176006817,6391012.586103777,316546.13626295363,6391033.4029904315
66,67,1063.4365148601435,866.0254037843551,318156.62612335535,6390980.8801902775,318970.84973515314,6390989.240230901
66,79,1426.7929711620527,866.0254037836403,318156.62612335535,6390980.8801902775,317704.84034968994,6391756.524912517
66,80,1519.4358255370682,866.0254037836113,318156.62612335535,6390980.8801902775,318601.7082376577,6391748.938199995
67,66,1063.4365148601435,866.0254037843551,318970.84973515314,6390989.240230901,318156.62612335535,6390980.8801902775
67,80,1053.7443745791234,866.0254037836113,318970.84973515314,6390989.240230901,318601.7082376577,6391748.938199995
68,55,1819.2439292825197,866.0254037843596,321634.13543411146,6391020.920416384,322073.64241300576,6390203.308769785
68,69,1560.8154375001648,866.0254037842969,321634.13543411146,6391020.920416384,322500.19207144924,6390982.666669561
68,81,1185.0084284383959,866.0254037835531,321634.13543411146,6391020.920416384,322070.8785601797,6391750.846499555
68,96,1879.9905587043093,1500.0000000009313,321634.13543411146,6391020.920416384,321627.3414653154,6392495.831463852
69,55,1414.085312200721,866.0254037844469,322500.19207144924,6390982.666669561,322073.64241300576,6390203.308769785
69,68,1560.8154375001643,866.0254037842969,322500.19207144924,6390982.666669561,321634.13543411146,6391020.920416384
69,70,1835.0802665504577,866.0254037844716,322500.19207144924,6390982.666669561,323372.45480427076,6390986.108679111
69,81,1120.3494514763838,866.0254037836403,322500.19207144924,6390982.666669561,322070.8785601797,6391750.846499555
70,41,1932.6955625564212,1500.0,323372.45480427076,6390986.108679111,323351.5572121304,6389513.444290645
70,56,1460.1135688416916,866.025403784476,323372.45480427076,6390986.108679111,322978.09467654437,6390255.024443072
70,57,871.7100701678138,866.0254037844469,323372.45480427076,6390986.108679111,323555.3605822207,6390180.261503438
70,69,1835.0802665504561,866.0254037844716,323372.45480427076,6390986.108679111,322500.19207144924,6390982.666669561
70,98,1957.6963635000914,1500.0000000009313,323372.45480427076,6390986.108679111,323362.44253017806,6392451.6096499255
71,59,512.868501500178,866.0254037844178,329602.9856474059,6390746.0127400085,329678.61647940945,6390294.485295166
72,73,1442.6817685569065,866.0254037844134,331262.98400371196,6391006.285585306,332097.6693023824,6390991.199464317
72,83,1655.3985587371067,866.0254037836113,331262.98400371196,6391006.285585306,330863.3779939848,6391919.730032325
72,84,1185.3169473651303,866.0254037836113,331262.98400371196,6391006.285585306,331673.1366916805,6391835.15499501
72,103,1892.7194970396752,1500.0000000009313,331262.98400371196,6391006.285585306,331096.12032479723,6392488.030329096
73,72,1442.6817685569065,866.0254037844134,332097.6693023824,6390991.199464317,331262.98400371196,6391006.285585306
73,84,1341.8943215143374,866.0254037836403,332097.6693023824,6390991.199464317,331673.1366916805,6391835.15499501
74,62,1601.0578567237824,1499.9999999995266,313751.24421195075,6391823.775427045,314710.1458469591,6390986.899903767
74,75,662.7332825523869,866.0254037844134,313751.24421195075,6391823.775427045,314270.50516398996,6391721.863195854
74,76,1825.62796553454,1732.0508075688267,313751.24421195075,6391823.775427045,315146.24489779817,6391746.759266345
74,88,1767.3791021734755,1500.0000000009236,313751.24421195075,6391823.775427045,314747.3355243168,6392553.651260628
75,50,1892.4855413695284,1499.9999999990687,314270.50516398996,6391721.863195854,314231.13800630294,6390341.8419710025
75,61,1447.9935689153203,866.0254037836113,314270.50516398996,6391721.863195854,313842.8623026933,6391005.971571843
75,62,1047.1347580811964,866.0254037836403,314270.50516398996,6391721.863195854,314710.1458469591,6390986.899903767
75,63,1645.4225530184037,1499.9999999995266,314270.50516398996,6391721.863195854,315431.23915629357,6391196.696583137
75,74,662.7332825523868,866.0254037844134,314270.50516398996,6391721.863195854,313751.24421195075,6391823.775427045
75,76,1521.792387519841,866.0254037844134,314270.50516398996,6391721.863195854,315146.24489779817,6391746.759266345
75,87,1824.7986894143917,866.0254037860309,314270.50516398996,6391721.863195854,313856.9690198974,6392512.110204819
75,88,1589.1764749702656,866.02540378606,314270.50516398996,6391721.863195854,314747.3355243168,6392553.651260628
76,51,1792.7601183811548,1499.9999999990687,315146.24489779817,6391746.759266345,315130.68448726885,6390259.534846709
76,62,1203.2445180124923,866.0254037836113,315146.24489779817,6391746.759266345,314710.1458469591,6390986.899903767
76,63,742.9990027241884,866.0254037836403,315146.24489779817,6391746.759266345,315431.23915629357,6391196.696583137
76,74,1825.627965534541,1732.0508075688267,315146.24489779817,6391746.759266345,313751.24421195075,6391823.775427045
76,75,1521.792387519841,866.0254037844134,315146.24489779817,6391746.759266345,314270.50516398996,6391721.863195854
76,88,1364.2493916985056,866.0254037860309,315146.24489779817,6391746.759266345,314747.3355243168,6392553.651260628
76,89,1212.762938857484,866.02540378606,315146.24489779817,6391746.759266345,315573.10019748204,6392494.490623136
77,64,1006.8515371500444,866.0254037836403,316034.0841988829,6391749.753943082,316546.13626295363,6391033.4029904315
77,78,1491.6528543116015,866.0254037843551,316034.0841988829,6391749.753943082,316873.9008200252,6391752.284065787
77,90,1295.1011544854293,866.02540378606,316034.0841988829,6391749.753943082,316423.79893007234,6392480.144614132
78,64,1155.8183683525858,866.0254037835821,316873.9008200252,6391752.284065787,316546.13626295363,6391033.4029904315
78,77,1491.6528543116017,866.0254037843551,316873.9008200252,6391752.284065787,316034.0841988829,6391749.753943082
78,79,1249.7795880594283,866.0254037844716,316873.9008200252,6391752.284065787,317704.84034968994,6391756.524912517
78,90,1275.2280329661007,866.0254037860018,316873.9008200252,6391752.284065787,316423.79893007234,6392480.144614132
78,91,1442.064861720782,866.0254037860891,316873.9008200252,6391752.284065787,317307.2589547945,6392507.575671146
78,112,1615.1753801791258,1500.0,316873.9008200252,6391752.284065787,316877.314604139,6393234.722193807
79,66,1426.7929711620518,866.0254037836403,317704.84034968994,6391756.524912517,318156.62612335535,6390980.8801902775
79,78,1249.7795880594283,866.0254037844716,317704.84034968994,6391756.524912517,316873.9008200252,6391752.284065787
79,80,1244.9201808709167,866.0254037844134,317704.84034968994,6391756.524912517,318601.7082376577,6391748.938199995
79,90,1939.0548578182722,1500.0000000008733,317704.84034968994,6391756.524912517,316423.79893007234,6392480.144614132
79,91,1566.7517357143092,866.0254037860309,317704.84034968994,6391756.524912517,317307.2589547945,6392507.575671146
80,66,1519.435825537068,866.0254037836113,318601.7082376577,6391748.938199995,318156.62612335535,6390980.8801902775
80,67,1053.7443745791234,866.0254037836113,318601.7082376577,6391748.938199995,318970.84973515314,6390989.240230901
80,79,1244.9201808709176,866.0254037844134,318601.7082376577,6391748.938199995,317704.84034968994,6391756.524912517
80,92,1297.5335507487414,866.0254037860309,318601.7082376577,6391748.938199995,318168.17460961035,6392474.192870369
80,93,1153.851452752972,866.0254037860309,318601.7082376577,6391748.938199995,319040.28434066987,6392452.733608724
81,68,1185.0084284383959,866.0254037835531,322070.8785601797,6391750.846499555,321634.13543411146,6391020.920416384
81,69,1120.3494514763845,866.0254037836403,322070.8785601797,6391750.846499555,322500.19207144924,6390982.666669561
81,95,1720.203625161991,1500.0000000008733,322070.8785601797,6391750.846499555,320858.3864017964,6392409.18000558
81,96,1317.85626460646,866.0254037859727,322070.8785601797,6391750.846499555,321627.3414653154,6392495.831463852
82,56,1758.116220408499,1499.9999999990687,322935.7063889293,6391751.746933497,322978.09467654437,6390255.024443072
82,57,1907.8875171630143,1732.0508075681164,322935.7063889293,6391751.746933497,323555.3605822207,6390180.261503438
83,72,1655.3985587371067,866.0254037836113,330863.3779939848,6391919.730032325,331262.98400371196,6391006.285585306
83,84,1551.6022307171786,866.0254037843551,330863.3779939848,6391919.730032325,331673.1366916805,6391835.15499501
83,102,1645.6561476657173,866.02540378606,330863.3779939848,6391919.730032325,330275.46128791745,6392477.193419049
83,103,838.2998138447157,866.0254037860309,330863.3779939848,6391919.730032325,331096.12032479723,6392488.030329096
83,127,1727.1604114103282,1500.0,330863.3779939848,6391919.730032325,330654.5593064791,6393254.357114428
84,72,1185.3169473651299,866.0254037836113,331673.1366916805,6391835.15499501,331262.98400371196,6391006.285585306
84,73,1341.894321514337,866.0254037836403,331673.1366916805,6391835.15499501,332097.6693023824,6390991.199464317
84,83,1551.6022307171777,866.0254037843551,331673.1366916805,6391835.15499501,330863.3779939848,6391919.730032325
84,103,1225.9291550510693,866.0254037860309,331673.1366916805,6391835.15499501,331096.12032479723,6392488.030329096
85,47,414.35951459788674,2291.2878474788267,311962.47489320236,6393733.862050809,312097.28436295985,6393516.523587583
85,48,414.35951459788674,2291.2878474788376,311962.47489320236,6393733.862050809,312097.28436295985,6393516.523587583
85,60,14.039627982246659,1500.0000000009313,311962.47489320236,6393733.862050809,311967.9916332533,6393720.984218447
85,105,0.0,866.0254037828047,311962.47489320236,6393733.862050809,311962.47489320236,6393733.862050809
85,106,0.0,866.0254037828338,311962.47489320236,6393733.862050809,311962.47489320236,6393733.862050809
85,129,438.8736195495674,1732.0508075680582,311962.47489320236,6393733.862050809,311944.82352984924,6393966.158865679
85,130,438.8736195495674,2291.287847477316,311962.47489320236,6393733.862050809,311944.82352984924,6393966.158865679
85,131,337.00136276512046,4582.575694955471,311962.47489320236,6393733.862050809,312115.47356200335,6393991.707324323
85,153,885.758582263157,2598.0762113525047,311962.47489320236,6393733.862050809,311966.18437224627,6394458.689555883
85,175,1785.9240639997122,5267.826876425783,311962.47489320236,6393733.862050809,312318.27354690945,6395336.641498859
86,87,1262.5596259497754,866.0254037844134,313159.6603077285,6392649.462430158,313856.9690198974,6392512.110204819
86,107,1605.1263981890852,866.0254037828338,313159.6603077285,6392649.462430158,312577.6869094288,6393199.3270988865
86,108,943.7639980505779,866.0254037828047,313159.6603077285,6392649.462430158,313419.66668562265,6393218.226622629
86,109,1763.6438531528265,1499.9999999990107,313159.6603077285,6392649.462430158,314251.22021462524,6393240.454967705
86,133,1898.1124539236007,1732.0508075680582,313159.6603077285,6392649.462430158,313840.3723362164,6393993.945439112
87,75,1824.7986894143917,866.0254037860309,313856.9690198974,6392512.110204819,314270.50516398996,6391721.863195854
87,86,1262.559625949775,866.0254037844134,313856.9690198974,6392512.110204819,313159.6603077285,6392649.462430158
87,88,1468.080563851645,866.0254037844134,313856.9690198974,6392512.110204819,314747.3355243168,6392553.651260628
87,108,1310.4387964577973,866.0254037828338,313856.9690198974,6392512.110204819,313419.66668562265,6393218.226622629
87,109,1087.2653444345658,866.0254037828047,313856.9690198974,6392512.110204819,314251.22021462524,6393240.454967705
87,133,1712.110350393003,1499.9999999990687,313856.9690198974,6392512.110204819,313840.3723362164,6393993.945439112
88,62,1973.452773289073,1500.0000000009313,314747.3355243168,6392553.651260628,314710.1458469591,6390986.899903767
88,63,1932.1804057540976,1732.0508075696712,314747.3355243168,6392553.651260628,315431.23915629357,6391196.696583137
88,74,1767.3791021734771,1500.0000000009236,314747.3355243168,6392553.651260628,313751.24421195075,6391823.775427045
88,75,1589.1764749702659,866.02540378606,314747.3355243168,6392553.651260628,314270.50516398996,6391721.863195854
88,76,1364.249391698506,866.0254037860309,314747.3355243168,6392553.651260628,315146.24489779817,6391746.759266345
88,87,1468.0805638516442,866.0254037844134,314747.3355243168,6392553.651260628,313856.9690198974,6392512.110204819
88,89,1258.4501643793317,866.0254037844134,314747.3355243168,6392553.651260628,315573.10019748204,6392494.490623136
88,109,1104.022398225174,866.0254037828338,314747.3355243168,6392553.651260628,314251.22021462524,6393240.454967705
88,110,1057.8272548014668,866.0254037828047,314747.3355243168,6392553.651260628,315143.91715695127,6393259.712193158
88,134,1626.4387905573335,1499.9999999990687,314747.3355243168,6392553.651260628,314719.42281604256,6393974.794611147
89,63,1955.761941581673,1500.0000000009313,315573.10019748204,6392494.490623136,315431.23915629357,6391196.696583137
89,76,1212.7629388574842,866.02540378606,315573.10019748204,6392494.490623136,315146.24489779817,6391746.759266345
89,88,1258.450164379332,866.0254037844134,315573.10019748204,6392494.490623136,314747.3355243168,6392553.651260628
89,90,1531.6463109585895,866.0254037844134,315573.10019748204,6392494.490623136,316423.79893007234,6392480.144614132
89,109,1806.8044853339495,1499.999999999061,315573.10019748204,6392494.490623136,314251.22021462524,6393240.454967705
89,110,1119.066112249362,866.0254037828338,315573.10019748204,6392494.490623136,315143.91715695127,6393259.712193158
89,134,1974.1869894735617,1732.0508075680582,315573.10019748204,6392494.490623136,314719.42281604256,6393974.794611147
90,64,1874.8743414463343,1500.0000000009313,316423.79893007234,6392480.144614132,316546.13626295363,6391033.4029904315
90,77,1295.1011544854287,866.02540378606,316423.79893007234,6392480.144614132,316034.0841988829,6391749.753943082
90,78,1275.228032966101,866.0254037860018,316423.79893007234,6392480.144614132,316873.9008200252,6391752.284065787
90,79,1939.0548578182734,1500.0000000008733,316423.79893007234,6392480.144614132,317704.84034968994,6391756.524912517
90,89,1531.646310958589,866.0254037844134,316423.79893007234,6392480.144614132,315573.10019748204,6392494.490623136
90,91,1418.9143912923685,866.0254037844134,316423.79893007234,6392480.144614132,317307.2589547945,6392507.575671146
90,112,1673.806410818463,866.0254037827756,316423.79893007234,6392480.144614132,316877.314604139,6393234.722193807
91,78,1442.0648617207823,866.0254037860891,317307.2589547945,6392507.575671146,316873.9008200252,6391752.284065787
91,79,1566.7517357143095,866.0254037860309,317307.2589547945,6392507.575671146,317704.84034968994,6391756.524912517
91,90,1418.9143912923687,866.0254037844134,317307.2589547945,6392507.575671146,316423.79893007234,6392480.144614132
92,80,1297.5335507487403,866.0254037860309,318168.17460961035,6392474.192870369,318601.7082376577,6391748.938199995
92,93,923.4899988960334,866.0254037843551,318168.17460961035,6392474.192870369,319040.28434066987,6392452.733608724
92,114,1671.657600849782,866.0254037828047,318168.17460961035,6392474.192870369,318587.4588113381,6393234.248521427
93,80,1153.8514527529705,866.0254037860309,319040.28434066987,6392452.733608724,318601.7082376577,6391748.938199995
93,92,923.4899988960333,866.0254037843551,319040.28434066987,6392452.733608724,318168.17460961035,6392474.192870369
93,94,1296.723754660016,866.0254037845298,319040.28434066987,6392452.733608724,319920.16829536983,6392511.605721196
93,114,1906.7113222645196,866.0254037828047,319040.28434066987,6392452.733608724,318587.4588113381,6393234.248521427
94,93,1296.7237546600154,866.0254037845298,319920.16829536983,6392511.605721196,319040.28434066987,6392452.733608724
94,95,1418.8778734692282,866.0254037842969,319920.16829536983,6392511.605721196,320858.3864017964,6392409.18000558
95,81,1720.203625161991,1500.0000000008733,320858.3864017964,6392409.18000558,322070.8785601797,6391750.846499555
95,94,1418.877873469228,866.0254037842969,320858.3864017964,6392409.18000558,319920.16829536983,6392511.605721196
95,96,1278.8256533911574,866.0254037845298,320858.3864017964,6392409.18000558,321627.3414653154,6392495.831463852
95,117,1580.108827440055,866.0254037828338,320858.3864017964,6392409.18000558,321211.2911171291,6393246.461066373
96,68,1879.990558704309,1500.0000000009313,321627.3414653154,6392495.831463852,321634.13543411146,6391020.920416384
96,81,1317.8562646064595,866.0254037859727,321627.3414653154,6392495.831463852,322070.8785601797,6391750.846499555
96,95,1278.8256533911572,866.0254037845298,321627.3414653154,6392495.831463852,320858.3864017964,6392409.18000558
96,97,1328.9927264451724,866.0254037842969,321627.3414653154,6392495.831463852,322503.9107740328,6392496.848176199
96,117,1136.0135576732437,866.0254037828629,321627.3414653154,6392495.831463852,321211.2911171291,6393246.461066373
97,96,1328.9927264451724,866.0254037842969,322503.9107740328,6392496.848176199,321627.3414653154,6392495.831463852
98,70,1957.6963635000911,1500.0000000009313,323362.44253017806,6392451.6096499255,323372.45480427076,6390986.108679111
98,119,1007.0848221799516,866.0254037828629,323362.44253017806,6392451.6096499255,322936.1064917807,6393247.494618048
98,120,1348.651487837606,866.0254037828338,323362.44253017806,6392451.6096499255,323853.9631743557,6393262.502843232
99,100,1070.1279385839046,866.0254037844716,325993.5591655157,6392417.835643498,326805.8596630702,6392488.849805371
99,121,1695.2809291007109,866.0254037828047,325993.5591655157,6392417.835643498,325532.2678813607,6393235.397849094
99,122,1241.6129745150265,866.0254037828047,325993.5591655157,6392417.835643498,326363.7516309982,6393130.321725484
100,99,1070.1279385839043,866.0254037844716,326805.8596630702,6392488.849805371,325993.5591655157,6392417.835643498
100,122,993.1232815560495,866.0254037828629,326805.8596630702,6392488.849805371,326363.7516309982,6393130.321725484
101,123,1816.8376655183386,866.0254037828629,327700.68112591887,6392615.87703191,327274.80341396277,6393280.862149427
101,124,1527.0099256379362,866.0254037827756,327700.68112591887,6392615.87703191,328137.52567529684,6393282.12766956
102,83,1645.6561476657164,866.02540378606,330275.46128791745,6392477.193419049,330863.3779939848,6391919.730032325
102,103,1311.9091733310734,866.0254037844134,330275.46128791745,6392477.193419049,331096.12032479723,6392488.030329096
102,127,1298.735015850477,866.0254037828338,330275.46128791745,6392477.193419049,330654.5593064791,6393254.357114428
103,72,1892.7194970396752,1500.0000000009313,331096.12032479723,6392488.030329096,331262.98400371196,6391006.285585306
103,83,838.2998138447159,866.0254037860309,331096.12032479723,6392488.030329096,330863.3779939848,6391919.730032325
103,84,1225.9291550510698,866.0254037860309,331096.12032479723,6392488.030329096,331673.1366916805,6391835.15499501
103,102,1311.909173331074,866.0254037844134,331096.12032479723,6392488.030329096,330275.46128791745,6392477.193419049
103,127,1049.4416713478106,866.0254037828047,331096.12032479723,6392488.030329096,330654.5593064791,6393254.357114428
105,47,414.35951459788674,2999.9999999990687,311962.47489320236,6393733.862050809,312097.28436295985,6393516.523587583
105,48,414.35951459788674,3122.498999198297,311962.47489320236,6393733.862050809,312097.28436295985,6393516.523587583
105,60,14.039627982246659,2291.2878474769977,311962.47489320236,6393733.862050809,311967.9916332533,6393720.984218447
105,85,0.0,866.0254037828047,311962.47489320236,6393733.862050809,311962.47489320236,6393733.862050809
105,106,0.0,866.0254037844134,311962.47489320236,6393733.862050809,311962.47489320236,6393733.862050809
105,129,438.8736195495674,1500.0000000004077,311962.47489320236,6393733.862050809,311944.82352984924,6393966.158865679
105,130,438.8736195495674,2291.2878474781924,311962.47489320236,6393733.862050809,311944.82352984924,6393966.158865679
105,131,337.00136276512046,4821.825380496513,311962.47489320236,6393733.862050809,312115.47356200335,6393991.707324323
105,153,885.758582263157,2291.2878474784916,311962.47489320236,6393733.862050809,311966.18437224627,6394458.689555883
105,175,1785.9240639997122,5267.826876426668,311962.47489320236,6393733.862050809,312318.27354690945,6395336.641498859
106,47,414.35951459788674,3122.498999198297,311962.47489320236,6393733.862050809,312097.28436295985,6393516.523587583
106,48,414.35951459788674,2999.9999999990687,311962.47489320236,6393733.862050809,312097.28436295985,6393516.523587583
106,60,14.039627982246659,2291.2878474770087,311962.47489320236,6393733.862050809,311967.9916332533,6393720.984218447
106,85,0.0,866.0254037828338,311962.47489320236,6393733.862050809,311962.47489320236,6393733.862050809
106,105,0.0,866.0254037844134,311962.47489320236,6393733.862050809,311962.47489320236,6393733.862050809
106,129,438.8736195495674,866.0254037852244,311962.47489320236,6393733.862050809,311944.82352984924,6393966.158865679
106,130,438.8736195495674,1500.000000000458,311962.47489320236,6393733.862050809,311944.82352984924,6393966.158865679
106,131,337.00136276512046,3968.626966596979,311962.47489320236,6393733.862050809,312115.47356200335,6393991.707324323
106,153,885.758582263157,1732.0508075696712,311962.47489320236,6393733.862050809,311966.18437224627,6394458.689555883
106,175,1785.9240639997122,4500.000000000392,311962.47489320236,6393733.862050809,312318.27354690945,6395336.641498859
107,86,1605.1263981890859,866.0254037828338,312577.6869094288,6393199.3270988865,313159.6603077285,6392649.462430158
107,108,1036.996442616634,866.0254037844134,312577.6869094288,6393199.3270988865,313419.66668562265,6393218.226622629
107,132,1160.602514588805,866.0254037852534,312577.6869094288,6393199.3270988865,312980.08028609876,6393994.914995255
107,133,1821.8084193357845,1500.000000000458,312577.6869094288,6393199.3270988865,313840.3723362164,6393993.945439112
108,86,943.7639980505778,866.0254037828047,313419.66668562265,6393218.226622629,313159.6603077285,6392649.462430158
108,87,1310.4387964577963,866.0254037828338,313419.66668562265,6393218.226622629,313856.9690198974,6392512.110204819
108,107,1036.9964426166343,866.0254037844134,313419.66668562265,6393218.226622629,312577.6869094288,6393199.3270988865
108,109,1395.1675291752374,866.0254037844134,313419.66668562265,6393218.226622629,314251.22021462524,6393240.454967705
108,132,1140.2230556310774,866.0254037852244,313419.66668562265,6393218.226622629,312980.08028609876,6393994.914995255
108,133,1191.137032024852,866.0254037852534,313419.66668562265,6393218.226622629,313840.3723362164,6393993.945439112
108,155,1977.2166848770664,1500.0000000009313,313419.66668562265,6393218.226622629,313361.77330925316,6394723.255870592
109,86,1763.6438531528265,1499.9999999990107,314251.22021462524,6393240.454967705,313159.6603077285,6392649.462430158
109,87,1087.2653444345658,866.0254037828047,314251.22021462524,6393240.454967705,313856.9690198974,6392512.110204819
109,88,1104.0223982251744,866.0254037828338,314251.22021462524,6393240.454967705,314747.3355243168,6392553.651260628
109,89,1806.8044853339497,1499.999999999061,314251.22021462524,6393240.454967705,315573.10019748204,6392494.490623136
109,108,1395.167529175238,866.0254037844134,314251.22021462524,6393240.454967705,313419.66668562265,6393218.226622629
109,110,1466.9056803316216,866.0254037844134,314251.22021462524,6393240.454967705,315143.91715695127,6393259.712193158
109,132,1897.6092943885972,1500.0000000004077,314251.22021462524,6393240.454967705,312980.08028609876,6393994.914995255
109,133,1132.9512710655786,866.0254037852244,314251.22021462524,6393240.454967705,313840.3723362164,6393993.945439112
109,134,1058.4801380507,866.0254037852534,314251.22021462524,6393240.454967705,314719.42281604256,6393974.794611147
109,156,1899.5128598909657,1500.0000000009313,314251.22021462524,6393240.454967705,314287.9072332403,6394722.743355548
110,88,1057.8272548014668,866.0254037828047,315143.91715695127,6393259.712193158,314747.3355243168,6392553.651260628
110,89,1119.0661122493618,866.0254037828338,315143.91715695127,6393259.712193158,315573.10019748204,6392494.490623136
110,109,1466.9056803316219,866.0254037844134,315143.91715695127,6393259.712193158,314251.22021462524,6393240.454967705
110,134,1049.874598625431,866.0254037852244,315143.91715695127,6393259.712193158,314719.42281604256,6393974.794611147
110,135,1584.7371668397657,866.0254037852534,315143.91715695127,6393259.712193158,315585.5270165375,6393992.358197168
111,135,1548.0949459564174,866.0254037852244,316021.7116184882,6393239.963839129,315585.5270165375,6393992.358197168
111,136,1366.2838945508217,866.0254037852534,316021.7116184882,6393239.963839129,316483.71996901825,6393979.818866429
112,78,1615.1753801791265,1500.0,316877.314604139,6393234.722193807,316873.9008200252,6391752.284065787
112,90,1673.8064108184626,866.0254037827756,316877.314604139,6393234.722193807,316423.79893007234,6392480.144614132
112,135,1932.486950680581,1500.0000000003572,316877.314604139,6393234.722193807,315585.5270165375,6393992.358197168
112,136,1693.222241000585,866.0254037851952,316877.314604139,6393234.722193807,316483.71996901825,6393979.818866429
112,137,1569.2911643715456,866.0254037852826,316877.314604139,6393234.722193807,317312.52139374265,6393987.080080749
113,114,1617.4887326630785,866.0254037844134,317759.1180967061,6393372.719892927,318587.4588113381,6393234.248521427
114,92,1671.6576008497823,866.0254037828047,318587.4588113381,6393234.248521427,318168.17460961035,6392474.192870369
114,93,1906.7113222645198,866.0254037828047,318587.4588113381,6393234.248521427,319040.28434066987,6392452.733608724
114,113,1617.488732663079,866.0254037844134,318587.4588113381,6393234.248521427,317759.1180967061,6393372.719892927
116,117,1077.2702902646008,866.0254037844134,320330.9917628742,6393218.6645278735,321211.2911171291,6393246.461066373
116,140,1868.5131783157187,866.0254037851952,320330.9917628742,6393218.6645278735,319897.7493478771,6393989.544368822
116,141,1308.4781838685783,866.0254037852244,320330.9917628742,6393218.6645278735,320778.66602794663,6394005.336748937
116,142,1882.6112386835548,1500.0000000005084,320330.9917628742,6393218.6645278735,321616.3703412282,6394012.691637298
117,95,1580.1088274400547,866.0254037828338,321211.2911171291,6393246.461066373,320858.3864017964,6392409.18000558
117,96,1136.0135576732437,866.0254037828629,321211.2911171291,6393246.461066373,321627.3414653154,6392495.831463852
117,116,1077.270290264601,866.0254037844134,321211.2911171291,6393246.461066373,320330.9917628742,6393218.6645278735
117,141,1501.3681352746178,866.0254037852534,321211.2911171291,6393246.461066373,320778.66602794663,6394005.336748937
117,142,1147.1359662015236,866.0254037852826,321211.2911171291,6393246.461066373,321616.3703412282,6394012.691637298
119,98,1007.0848221799513,866.0254037828629,322936.1064917807,6393247.494618048,323362.44253017806,6392451.6096499255
119,120,1502.007566810629,866.0254037845298,322936.1064917807,6393247.494618048,323853.9631743557,6393262.502843232
119,143,1554.3517950489065,866.0254037852244,322936.1064917807,6393247.494618048,322503.6301484776,6393992.961064167
119,144,1553.248448537651,866.0254037852826,322936.1064917807,6393247.494618048,323358.18321049574,6393959.537163866
120,98,1348.651487837607,866.0254037828338,323853.9631743557,6393262.502843232,323362.44253017806,6392451.6096499255
120,119,1502.0075668106292,866.0254037845298,323853.9631743557,6393262.502843232,322936.1064917807,6393247.494618048
120,144,1190.4348177084266,866.0254037852534,323853.9631743557,6393262.502843232,323358.18321049574,6393959.537163866
120,145,1150.137260887777,866.0254037852244,323853.9631743557,6393262.502843232,324216.69616605935,6393996.272833408
121,99,1695.2809291007104,866.0254037828047,325532.2678813607,6393235.397849094,325993.5591655157,6392417.835643498
121,145,1652.7018009221042,1500.000000000458,325532.2678813607,6393235.397849094,324216.69616605935,6393996.272833408
121,146,1455.3866435628768,866.0254037852244,325532.2678813607,6393235.397849094,326005.7001327382,6394158.750812277
122,99,1241.612974515026,866.0254037828047,326363.7516309982,6393130.321725484,325993.5591655157,6392417.835643498
122,100,993.1232815560494,866.0254037828629,326363.7516309982,6393130.321725484,326805.8596630702,6392488.849805371
123,101,1816.837665518339,866.0254037828629,327274.80341396277,6393280.862149427,327700.68112591887,6392615.87703191
123,124,1139.9620397103333,866.0254037844134,327274.80341396277,6393280.862149427,328137.52567529684,6393282.12766956
123,147,1729.4812057192805,866.0254037851952,327274.80341396277,6393280.862149427,326970.50578961853,6394009.695987195
123,148,1089.087029324252,866.0254037852826,327274.80341396277,6393280.862149427,327690.8894319254,6393989.251512538
123,149,1988.2127713365985,1500.000000000458,327274.80341396277,6393280.862149427,328572.8277720408,6393991.888473916
124,101,1527.0099256379356,866.0254037827756,328137.52567529684,6393282.12766956,327700.68112591887,6392615.87703191
124,123,1139.9620397103336,866.0254037844134,328137.52567529684,6393282.12766956,327274.80341396277,6393280.862149427
124,149,1667.331348282549,866.0254037852534,328137.52567529684,6393282.12766956,328572.8277720408,6393991.888473916
125,149,1385.3338264442425,866.0254037852534,329005.7422338374,6393249.135310148,328572.8277720408,6393991.888473916
125,150,1129.2488828278317,866.0254037852244,329005.7422338374,6393249.135310148,329425.22199174424,6393993.7899725335
127,83,1727.1604114103277,1500.0,330654.5593064791,6393254.357114428,330863.3779939848,6391919.730032325
127,102,1298.7350158504776,866.0254037828338,330654.5593064791,6393254.357114428,330275.46128791745,6392477.193419049
127,103,1049.4416713478106,866.0254037828047,330654.5593064791,6393254.357114428,331096.12032479723,6392488.030329096
127,152,1655.3354648856723,866.0254037852244,330654.5593064791,6393254.357114428,331088.4419032463,6393983.448351995
129,47,682.2140941602446,3968.626966596864,311944.82352984924,6393966.158865679,312097.28436295985,6393516.523587583
129,48,682.2140941602446,3774.91721763537,311944.82352984924,6393966.158865679,312097.28436295985,6393516.523587583
129,60,452.9132475318142,3122.498999199192,311944.82352984924,6393966.158865679,311967.9916332533,6393720.984218447
129,85,438.87361954956754,1732.0508075680582,311944.82352984924,6393966.158865679,311962.47489320236,6393733.862050809
129,105,438.87361954956754,1500.0000000004077,311944.82352984924,6393966.158865679,311962.47489320236,6393733.862050809
129,106,438.87361954956754,866.0254037852244,311944.82352984924,6393966.158865679,311962.47489320236,6393733.862050809
129,130,0.0,866.0254037844716,311944.82352984924,6393966.158865679,311944.82352984924,6393966.158865679
129,131,210.9846637056126,3464.1016151377116,311944.82352984924,6393966.158865679,312115.47356200335,6393991.707324323
129,132,1854.146605509943,4330.127018922125,311944.82352984924,6393966.158865679,312980.08028609876,6393994.914995255
129,153,688.6379488846509,866.0254037844469,311944.82352984924,6393966.158865679,311966.18437224627,6394458.689555883
129,175,1588.803430621206,3774.9172176353354,311944.82352984924,6393966.158865679,312318.27354690945,6395336.641498859
130,47,682.2140941602446,4330.127018922176,311944.82352984924,6393966.158865679,312097.28436295985,6393516.523587583
130,48,682.2140941602446,3968.626966596883,311944.82352984924,6393966.158865679,312097.28436295985,6393516.523587583
130,60,452.9132475318142,3464.1016151377585,311944.82352984924,6393966.158865679,311967.9916332533,6393720.984218447
130,85,438.87361954956754,2291.287847477316,311944.82352984924,6393966.158865679,311962.47489320236,6393733.862050809
130,105,438.87361954956754,2291.2878474781924,311944.82352984924,6393966.158865679,311962.47489320236,6393733.862050809
130,106,438.87361954956754,1500.000000000458,311944.82352984924,6393966.158865679,311962.47489320236,6393733.862050809
130,129,0.0,866.0254037844716,311944.82352984924,6393966.158865679,311944.82352984924,6393966.158865679
130,131,210.9846637056126,2598.07621135324,311944.82352984924,6393966.158865679,312115.47356200335,6393991.707324323
130,132,1854.146605509943,3464.1016151376534,311944.82352984924,6393966.158865679,312980.08028609876,6393994.914995255
130,153,688.6379488846509,866.0254037844469,311944.82352984924,6393966.158865679,311966.18437224627,6394458.689555883
130,175,1588.803430621206,2999.999999999934,311944.82352984924,6393966.158865679,312318.27354690945,6395336.641498859
131,47,580.3418373757976,6062.177826490984,312115.47356200335,6393991.707324323,312097.28436295985,6393516.523587583
131,48,580.3418373757976,5408.326913195923,312115.47356200335,6393991.707324323,312097.28436295985,6393516.523587583
131,60,351.0409907473672,5267.826876426313,312115.47356200335,6393991.707324323,311967.9916332533,6393720.984218447
131,85,337.0013627651205,4582.575694955471,312115.47356200335,6393991.707324323,311962.47489320236,6393733.862050809
131,105,337.0013627651205,4821.825380496513,312115.47356200335,6393991.707324323,311962.47489320236,6393733.862050809
131,106,337.0013627651205,3968.626966596979,312115.47356200335,6393991.707324323,311962.47489320236,6393733.862050809
131,129,210.9846637056126,3464.1016151377116,312115.47356200335,6393991.707324323,311944.82352984924,6393966.158865679
131,130,210.9846637056126,2598.07621135324,312115.47356200335,6393991.707324323,311944.82352984924,6393966.158865679
131,132,1740.1886125794895,866.0254037844134,312115.47356200335,6393991.707324323,312980.08028609876,6393994.914995255
131,153,574.6799559541972,3122.4989991991415,312115.47356200335,6393991.707324323,311966.18437224627,6394458.689555883
131,175,1474.8454376907525,1500.0,312115.47356200335,6393991.707324323,312318.27354690945,6395336.641498859
132,107,1160.6025145888054,866.0254037852534,312980.08028609876,6393994.914995255,312577.6869094288,6393199.3270988865
132,108,1140.2230556310778,866.0254037852244,312980.08028609876,6393994.914995255,313419.66668562265,6393218.226622629
132,109,1897.6092943885972,1500.0000000004077,312980.08028609876,6393994.914995255,314251.22021462524,6393240.454967705
132,129,1854.1466055099431,4330.127018922125,312980.08028609876,6393994.914995255,311944.82352984924,6393966.158865679
132,130,1854.1466055099431,3464.1016151376534,312980.08028609876,6393994.914995255,311944.82352984924,6393966.158865679
132,131,1740.18861257949,866.0254037844134,312980.08028609876,6393994.914995255,312115.47356200335,6393991.707324323
132,133,1186.64547687932,866.0254037844134,312980.08028609876,6393994.914995255,313840.3723362164,6393993.945439112
132,153,1406.8123575002799,3968.626966596803,312980.08028609876,6393994.914995255,311966.18437224627,6394458.689555883
132,154,1593.822890376229,866.0254037844469,312980.08028609876,6393994.914995255,312601.4666493811,6394702.530053791
132,155,1037.5257255110132,866.0254037844178,312980.08028609876,6393994.914995255,313361.77330925316,6394723.255870592
132,156,1897.1347281616495,1499.999999999942,312980.08028609876,6393994.914995255,314287.9072332403,6394722.743355548
132,176,1941.6087780327148,1500.0,312980.08028609876,6393994.914995255,312975.42646515364,6395498.469946277
133,86,1898.1124539236012,1732.0508075680582,313840.3723362164,6393993.945439112,313159.6603077285,6392649.462430158
133,87,1712.1103503930035,1499.9999999990687,313840.3723362164,6393993.945439112,313856.9690198974,6392512.110204819
133,107,1821.8084193357847,1500.000000000458,313840.3723362164,6393993.945439112,312577.6869094288,6393199.3270988865
133,108,1191.1370320248525,866.0254037852534,313840.3723362164,6393993.945439112,313419.66668562265,6393218.226622629
133,109,1132.9512710655783,866.0254037852244,313840.3723362164,6393993.945439112,314251.22021462524,6393240.454967705
133,132,1186.6454768793199,866.0254037844134,313840.3723362164,6393993.945439112,312980.08028609876,6393994.914995255
133,134,1165.2989101779633,866.0254037844134,313840.3723362164,6393993.945439112,314719.42281604256,6393974.794611147
133,155,1207.5812580863376,866.0254037844469,313840.3723362164,6393993.945439112,313361.77330925316,6394723.255870592
133,156,1078.5256975994394,866.0254037844178,313840.3723362164,6393993.945439112,314287.9072332403,6394722.743355548
134,88,1626.4387905573335,1499.9999999990687,314719.42281604256,6393974.794611147,314747.3355243168,6392553.651260628
134,89,1974.1869894735619,1732.0508075680582,314719.42281604256,6393974.794611147,315573.10019748204,6392494.490623136
134,109,1058.4801380507,866.0254037852534,314719.42281604256,6393974.794611147,314251.22021462524,6393240.454967705
134,110,1049.8745986254314,866.0254037852244,314719.42281604256,6393974.794611147,315143.91715695127,6393259.712193158
134,133,1165.2989101779638,866.0254037844134,314719.42281604256,6393974.794611147,313840.3723362164,6393993.945439112
134,135,1548.7171365448721,866.0254037844134,314719.42281604256,6393974.794611147,315585.5270165375,6393992.358197168
134,155,1962.9026122617524,1499.9999999999923,314719.42281604256,6393974.794611147,313361.77330925316,6394723.255870592
134,156,1090.5576586333357,866.0254037844469,314719.42281604256,6393974.794611147,314287.9072332403,6394722.743355548
134,157,1447.7261530422431,866.0254037844178,314719.42281604256,6393974.794611147,315150.5435141684,6394740.998832168
134,178,1999.6444621665098,1500.0,314719.42281604256,6393974.794611147,314762.5687291904,6395515.448654717
135,110,1584.7371668397657,866.0254037852534,315585.5270165375,6393992.358197168,315143.91715695127,6393259.712193158
135,111,1548.0949459564176,866.0254037852244,315585.5270165375,6393992.358197168,316021.7116184882,6393239.963839129
135,112,1932.486950680582,1500.0000000003572,315585.5270165375,6393992.358197168,316877.314604139,6393234.722193807
135,134,1548.717136544872,866.0254037844134,315585.5270165375,6393992.358197168,314719.42281604256,6393974.794611147
135,136,1166.1455092710346,866.0254037844134,315585.5270165375,6393992.358197168,316483.71996901825,6393979.818866429
135,156,1955.5201998763657,1499.9999999999923,315585.5270165375,6393992.358197168,314287.9072332403,6394722.743355548
135,157,951.3953767619975,866.0254037844469,315585.5270165375,6393992.358197168,315150.5435141684,6394740.998832168
135,158,1104.2020178610949,866.0254037844178,315585.5270165375,6393992.358197168,316012.27198969666,6394755.152835912
135,178,1995.1247110565923,1732.0508075688647,315585.5270165375,6393992.358197168,314762.5687291904,6395515.448654717
135,179,1691.1224265782557,1500.0,315585.5270165375,6393992.358197168,315579.22818412445,6395513.181807715
136,111,1366.2838945508217,866.0254037852534,316483.71996901825,6393979.818866429,316021.7116184882,6393239.963839129
136,112,1693.222241000585,866.0254037851952,316483.71996901825,6393979.818866429,316877.314604139,6393234.722193807
136,135,1166.1455092710346,866.0254037844134,316483.71996901825,6393979.818866429,315585.5270165375,6393992.358197168
136,137,1227.3857357779232,866.0254037844134,316483.71996901825,6393979.818866429,317312.52139374265,6393987.080080749
136,157,1945.029297633878,1499.9999999999923,316483.71996901825,6393979.818866429,315150.5435141684,6394740.998832168
136,158,1166.6162034838358,866.0254037844469,316483.71996901825,6393979.818866429,316012.27198969666,6394755.152835912
136,159,1241.0894663260683,866.0254037843887,316483.71996901825,6393979.818866429,316875.33407107205,6394744.57864612
136,180,1864.6151462445537,1500.0,316483.71996901825,6393979.818866429,316441.493923487,6395506.710947715
137,112,1569.2911643715456,866.0254037852826,317312.52139374265,6393987.080080749,316877.314604139,6393234.722193807
137,136,1227.385735777923,866.0254037844134,317312.52139374265,6393987.080080749,316483.71996901825,6393979.818866429
137,138,1435.1574689031286,866.0254037844134,317312.52139374265,6393987.080080749,318196.5313667827,6393980.633787177
137,159,1495.7018041568588,866.025403784476,317312.52139374265,6393987.080080749,316875.33407107205,6394744.57864612
137,160,1164.8361968462616,866.0254037844178,317312.52139374265,6393987.080080749,317735.8174581034,6394744.3495224975
138,137,1435.1574689031286,866.0254037844134,318196.5313667827,6393980.633787177,317312.52139374265,6393987.080080749
138,139,1468.4882381494058,866.0254037843551,318196.5313667827,6393980.633787177,319041.68981399445,6393989.062202502
138,160,1401.7050670103824,866.0254037844469,318196.5313667827,6393980.633787177,317735.8174581034,6394744.3495224975
138,161,1078.6345156583818,866.0254037844178,318196.5313667827,6393980.633787177,318617.7348184066,6394741.624226653
138,182,1817.9269207015773,1500.0,318196.5313667827,6393980.633787177,318168.8965223741,6395494.9933272
139,138,1468.4882381494053,866.0254037843551,319041.68981399445,6393989.062202502,318196.5313667827,6393980.633787177
139,140,1353.6343619256945,866.0254037845298,319041.68981399445,6393989.062202502,319897.7493478771,6393989.544368822
139,161,1080.2020450259852,866.0254037844178,319041.68981399445,6393989.062202502,318617.7348184066,6394741.624226653
139,162,1356.6895031713007,866.0254037844469,319041.68981399445,6393989.062202502,319477.30447376234,6394741.214775945
140,116,1868.5131783157178,866.0254037851952,319897.7493478771,6393989.544368822,320330.9917628742,6393218.6645278735
140,139,1353.6343619256954,866.0254037845298,319897.7493478771,6393989.544368822,319041.68981399445,6393989.062202502
140,141,1181.7289948355392,866.0254037842969,319897.7493478771,6393989.544368822,320778.66602794663,6394005.336748937
140,162,1443.8573766381976,866.025403784476,319897.7493478771,6393989.544368822,319477.30447376234,6394741.214775945
140,163,1351.725464561788,866.0254037843887,319897.7493478771,6393989.544368822,320327.69299786875,6394743.859358551
141,116,1308.4781838685778,866.0254037852244,320778.66602794663,6394005.336748937,320330.9917628742,6393218.6645278735
141,117,1501.3681352746173,866.0254037852534,320778.66602794663,6394005.336748937,321211.2911171291,6393246.461066373
141,140,1181.728994835539,866.0254037842969,320778.66602794663,6394005.336748937,319897.7493478771,6393989.544368822
141,142,1077.5509583166313,866.0254037845298,320778.66602794663,6394005.336748937,321616.3703412282,6394012.691637298
141,163,1562.4091643004124,866.0254037844178,320778.66602794663,6394005.336748937,320327.69299786875,6394743.859358551
141,164,1516.4835982874665,866.0254037844469,320778.66602794663,6394005.336748937,321209.78941401944,6394771.633315486
142,116,1882.611238683554,1500.0000000005084,321616.3703412282,6394012.691637298,320330.9917628742,6393218.6645278735
142,117,1147.135966201524,866.0254037852826,321616.3703412282,6394012.691637298,321211.2911171291,6393246.461066373
142,141,1077.5509583166313,866.0254037845298,321616.3703412282,6394012.691637298,320778.66602794663,6394005.336748937
142,143,1512.3219368406428,866.0254037842969,321616.3703412282,6394012.691637298,322503.6301484776,6393992.961064167
142,164,1174.3782559941474,866.025403784476,321616.3703412282,6394012.691637298,321209.78941401944,6394771.633315486
142,166,1962.5724429311285,1499.999999999841,321616.3703412282,6394012.691637298,322946.83148385363,6394738.6588960225
143,119,1554.351795048906,866.0254037852244,322503.6301484776,6393992.961064167,322936.1064917807,6393247.494618048
143,142,1512.3219368406428,866.0254037842969,322503.6301484776,6393992.961064167,321616.3703412282,6394012.691637298
144,119,1553.2484485376508,866.0254037852826,323358.18321049574,6393959.537163866,322936.1064917807,6393247.494618048
144,120,1190.4348177084266,866.0254037852534,323358.18321049574,6393959.537163866,323853.9631743557,6393262.502843232
144,145,1884.8345247608827,866.0254037844134,323358.18321049574,6393959.537163866,324216.69616605935,6393996.272833408
145,120,1150.1372608877768,866.0254037852244,324216.69616605935,6393996.272833408,323853.9631743557,6393262.502843232
145,121,1652.7018009221051,1500.000000000458,324216.69616605935,6393996.272833408,325532.2678813607,6393235.397849094
145,144,1884.834524760882,866.0254037844134,324216.69616605935,6393996.272833408,323358.18321049574,6393959.537163866
145,167,1338.235897554139,866.0254037844178,324216.69616605935,6393996.272833408,324007.2578044616,6394793.957277007
145,168,1317.760966137802,866.0254037843887,324216.69616605935,6393996.272833408,324712.0933420167,6394803.726905322
146,121,1455.3866435628759,866.0254037852244,326005.7001327382,6394158.750812277,325532.2678813607,6393235.397849094
146,147,1671.101045945533,866.0254037844716,326005.7001327382,6394158.750812277,326970.50578961853,6394009.695987195
146,168,1574.1410012870633,1500.0000000000427,326005.7001327382,6394158.750812277,324712.0933420167,6394803.726905322
147,123,1729.4812057192805,866.0254037851952,326970.50578961853,6394009.695987195,327274.80341396277,6393280.862149427
147,146,1671.101045945533,866.0254037844716,326970.50578961853,6394009.695987195,326005.7001327382,6394158.750812277
147,148,1021.4434507561515,866.0254037844134,326970.50578961853,6394009.695987195,327690.8894319254,6393989.251512538
148,123,1089.0870293242522,866.0254037852826,327690.8894319254,6393989.251512538,327274.80341396277,6393280.862149427
148,147,1021.4434507561515,866.0254037844134,327690.8894319254,6393989.251512538,326970.50578961853,6394009.695987195
148,149,1079.207465646129,866.0254037843551,327690.8894319254,6393989.251512538,328572.8277720408,6393991.888473916
148,171,1590.210895452606,866.025403784476,327690.8894319254,6393989.251512538,327278.6275082105,6394739.219217596
148,172,1473.7936803408224,866.0254037843887,327690.8894319254,6393989.251512538,328149.24475002626,6394722.55289067
148,173,1703.6841787467154,1499.999999999942,327690.8894319254,6393989.251512538,328991.17738254054,6394739.690817372
149,123,1988.2127713365994,1500.000000000458,328572.8277720408,6393991.888473916,327274.80341396277,6393280.862149427
149,124,1667.3313482825495,866.0254037852534,328572.8277720408,6393991.888473916,328137.52567529684,6393282.12766956
149,125,1385.3338264442436,866.0254037852534,328572.8277720408,6393991.888473916,329005.7422338374,6393249.135310148
149,148,1079.2074656461293,866.0254037843551,328572.8277720408,6393991.888473916,327690.8894319254,6393989.251512538
149,150,1092.2151695400037,866.0254037844134,328572.8277720408,6393991.888473916,329425.22199174424,6393993.7899725335
149,171,1912.596572786149,1499.9999999999923,328572.8277720408,6393991.888473916,327278.6275082105,6394739.219217596
149,172,1483.9513743293323,866.0254037844469,328572.8277720408,6393991.888473916,328149.24475002626,6394722.55289067
149,173,1713.8418727352253,866.0254037844469,328572.8277720408,6393991.888473916,328991.17738254054,6394739.690817372
150,125,1129.2488828278313,866.0254037852244,329425.22199174424,6393993.7899725335,329005.7422338374,6393249.135310148
150,149,1092.2151695400034,866.0254037844134,329425.22199174424,6393993.7899725335,328572.8277720408,6393991.888473916
150,151,1751.1966422216858,866.0254037844134,329425.22199174424,6393993.7899725335,330293.31408414175,6393997.329464245
150,173,1696.5470924298168,866.0254037844178,329425.22199174424,6393993.7899725335,328991.17738254054,6394739.690817372
150,174,996.4456236526723,866.0254037844178,329425.22199174424,6393993.7899725335,329849.161295306,6394747.621993714
151,150,1751.1966422216856,866.0254037844134,330293.31408414175,6393997.329464245,329425.22199174424,6393993.7899725335
151,174,1094.7988039703473,866.0254037844469,330293.31408414175,6393997.329464245,329849.161295306,6394747.621993714
151,194,1667.6551255455474,1500.0,330293.31408414175,6393997.329464245,330359.728126423,6395483.507055926
152,127,1655.3354648856737,866.0254037852244,331088.4419032463,6393983.448351995,330654.5593064791,6393254.357114428
153,47,1129.0990568738341,4821.82538049646,311966.18437224627,6394458.689555883,312097.28436295985,6393516.523587583
153,48,1129.0990568738341,4582.575694955835,311966.18437224627,6394458.689555883,312097.28436295985,6393516.523587583
153,60,899.7982102454035,3968.626966596883,311966.18437224627,6394458.689555883,311967.9916332533,6393720.984218447
153,85,885.7585822631569,2598.0762113525047,311966.18437224627,6394458.689555883,311962.47489320236,6393733.862050809
153,105,885.7585822631569,2291.2878474784916,311966.18437224627,6394458.689555883,311962.47489320236,6393733.862050809
153,106,885.7585822631569,1732.0508075696712,311966.18437224627,6394458.689555883,311962.47489320236,6393733.862050809
153,129,688.6379488846509,866.0254037844469,311966.18437224627,6394458.689555883,311944.82352984924,6393966.158865679
153,130,688.6379488846509,866.0254037844469,311966.18437224627,6394458.689555883,311944.82352984924,6393966.158865679
153,131,574.6799559541971,3122.4989991991415,311966.18437224627,6394458.689555883,312115.47356200335,6393991.707324323
153,132,1406.8123575002792,3968.626966596803,311966.18437224627,6394458.689555883,312980.08028609876,6393994.914995255
153,154,1723.201675037065,3464.1016151376534,311966.18437224627,6394458.689555883,312601.4666493811,6394702.530053791
153,175,1125.243348208277,3122.4989991991415,311966.18437224627,6394458.689555883,312318.27354690945,6395336.641498859
154,132,1593.8228903762283,866.0254037844469,312601.4666493811,6394702.530053791,312980.08028609876,6393994.914995255
154,153,1723.2016750370633,3464.1016151376534,312601.4666493811,6394702.530053791,311966.18437224627,6394458.689555883
154,155,1226.320310597958,866.0254037844134,312601.4666493811,6394702.530053791,313361.77330925316,6394723.255870592
154,175,1731.62632614848,866.0254037844178,312601.4666493811,6394702.530053791,312318.27354690945,6395336.641498859
154,176,1208.9093700138428,866.0254037844469,312601.4666493811,6394702.530053791,312975.42646515364,6395498.469946277
155,108,1977.216684877065,1500.0000000009313,313361.77330925316,6394723.255870592,313419.66668562265,6393218.226622629
155,132,1037.5257255110125,866.0254037844178,313361.77330925316,6394723.255870592,312980.08028609876,6393994.914995255
155,133,1207.5812580863374,866.0254037844469,313361.77330925316,6394723.255870592,313840.3723362164,6393993.945439112
155,134,1962.9026122617522,1499.9999999999923,313361.77330925316,6394723.255870592,314719.42281604256,6393974.794611147
155,154,1226.320310597958,866.0254037844134,313361.77330925316,6394723.255870592,312601.4666493811,6394702.530053791
155,156,1208.0296296442311,866.0254037844134,313361.77330925316,6394723.255870592,314287.9072332403,6394722.743355548
155,176,1535.9309859597008,866.0254037844178,313361.77330925316,6394723.255870592,312975.42646515364,6395498.469946277
155,177,1800.7790616277953,866.0254037844469,313361.77330925316,6394723.255870592,313846.13805544784,6395492.316146336
156,109,1899.5128598909657,1500.0000000009313,314287.9072332403,6394722.743355548,314251.22021462524,6393240.454967705
156,132,1897.13472816165,1499.999999999942,314287.9072332403,6394722.743355548,312980.08028609876,6393994.914995255
156,133,1078.52569759944,866.0254037844178,314287.9072332403,6394722.743355548,313840.3723362164,6393993.945439112
156,134,1090.5576586333364,866.0254037844469,314287.9072332403,6394722.743355548,314719.42281604256,6393974.794611147
156,135,1955.5201998763646,1499.9999999999923,314287.9072332403,6394722.743355548,315585.5270165375,6393992.358197168
156,155,1208.0296296442314,866.0254037844134,314287.9072332403,6394722.743355548,313361.77330925316,6394723.255870592
156,157,1146.5724209770874,866.0254037844134,314287.9072332403,6394722.743355548,315150.5435141684,6394740.998832168
156,177,1354.2110667526722,866.0254037844178,314287.9072332403,6394722.743355548,313846.13805544784,6395492.316146336
156,178,1335.04328023022,866.0254037844469,314287.9072332403,6394722.743355548,314762.5687291904,6395515.448654717
156,199,1941.6316091284489,1500.0,314287.9072332403,6394722.743355548,314211.8177980656,6396277.627880187
157,134,1447.7261530422427,866.0254037844178,315150.5435141684,6394740.998832168,314719.42281604256,6393974.794611147
157,135,951.395376761997,866.0254037844469,315150.5435141684,6394740.998832168,315585.5270165375,6393992.358197168
157,136,1945.0292976338771,1499.9999999999923,315150.5435141684,6394740.998832168,316483.71996901825,6393979.818866429
157,156,1146.5724209770874,866.0254037844134,315150.5435141684,6394740.998832168,314287.9072332403,6394722.743355548
157,158,1300.8893873615807,866.0254037844134,315150.5435141684,6394740.998832168,316012.27198969666,6394755.152835912
157,177,1913.3914419069201,1499.999999999942,315150.5435141684,6394740.998832168,313846.13805544784,6395492.316146336
157,178,1280.5658461482285,866.0254037844178,315150.5435141684,6394740.998832168,314762.5687291904,6395515.448654717
157,179,1146.0090900672474,866.0254037844469,315150.5435141684,6394740.998832168,315579.22818412445,6395513.181807715
157,180,1945.0536266386398,1499.9999999999923,315150.5435141684,6394740.998832168,316441.493923487,6395506.710947715
158,135,1104.2020178610953,866.0254037844178,316012.27198969666,6394755.152835912,315585.5270165375,6393992.358197168
158,136,1166.6162034838364,866.0254037844469,316012.27198969666,6394755.152835912,316483.71996901825,6393979.818866429
158,157,1300.8893873615812,866.0254037844134,316012.27198969666,6394755.152835912,315150.5435141684,6394740.998832168
158,159,1190.0422074966646,866.0254037843551,316012.27198969666,6394755.152835912,316875.33407107205,6394744.57864612
158,178,1998.1210436629824,1499.999999999942,316012.27198969666,6394755.152835912,314762.5687291904,6395515.448654717
158,179,1151.6204587846464,866.0254037844178,316012.27198969666,6394755.152835912,315579.22818412445,6395513.181807715
158,180,1094.5932592812678,866.0254037844469,316012.27198969666,6394755.152835912,316441.493923487,6395506.710947715
158,201,1962.1412316050207,1500.0,316012.27198969666,6394755.152835912,316014.23392399645,6396258.679064999
159,136,1241.0894663260676,866.0254037843887,316875.33407107205,6394744.57864612,316483.71996901825,6393979.818866429
159,137,1495.70180415686,866.025403784476,316875.33407107205,6394744.57864612,317312.52139374265,6393987.080080749
159,158,1190.0422074966648,866.0254037843551,316875.33407107205,6394744.57864612,316012.27198969666,6394755.152835912
159,160,1283.6124405628245,866.0254037844716,316875.33407107205,6394744.57864612,317735.8174581034,6394744.3495224975
159,180,1351.8896178262844,866.0254037843887,316875.33407107205,6394744.57864612,316441.493923487,6395506.710947715
159,181,1428.5476048482456,866.025403784476,316875.33407107205,6394744.57864612,317332.18004263006,6395489.896584129
160,137,1164.8361968462618,866.0254037844178,317735.8174581034,6394744.3495224975,317312.52139374265,6393987.080080749
160,138,1401.7050670103822,866.0254037844469,317735.8174581034,6394744.3495224975,318196.5313667827,6393980.633787177
160,159,1283.6124405628243,866.0254037844716,317735.8174581034,6394744.3495224975,316875.33407107205,6394744.57864612
160,181,1911.3868551223754,866.0254037844178,317735.8174581034,6394744.3495224975,317332.18004263006,6395489.896584129
161,138,1078.6345156583825,866.0254037844178,318617.7348184066,6394741.624226653,318196.5313667827,6393980.633787177
161,139,1080.2020450259852,866.0254037844178,318617.7348184066,6394741.624226653,319041.68981399445,6393989.062202502
161,162,1502.8414600805804,866.0254037844134,318617.7348184066,6394741.624226653,319477.30447376234,6394741.214775945
161,182,1346.1899223481525,866.0254037844178,318617.7348184066,6394741.624226653,318168.8965223741,6395494.9933272
162,139,1356.6895031713013,866.0254037844469,319477.30447376234,6394741.214775945,319041.68981399445,6393989.062202502
162,140,1443.8573766381987,866.025403784476,319477.30447376234,6394741.214775945,319897.7493478771,6393989.544368822
162,161,1502.8414600805797,866.0254037844134,319477.30447376234,6394741.214775945,318617.7348184066,6394741.624226653
162,163,1473.4375539403118,866.0254037844134,319477.30447376234,6394741.214775945,320327.69299786875,6394743.859358551
162,183,1997.4507617914308,866.025403784476,319477.30447376234,6394741.214775945,319902.7001866487,6395479.401461375
163,140,1351.7254645617882,866.0254037843887,320327.69299786875,6394743.859358551,319897.7493478771,6393989.544368822
163,141,1562.4091643004126,866.0254037844178,320327.69299786875,6394743.859358551,320778.66602794663,6394005.336748937
163,162,1473.437553940311,866.0254037844134,320327.69299786875,6394743.859358551,319477.30447376234,6394741.214775945
163,183,1246.5424840215956,866.0254037843887,320327.69299786875,6394743.859358551,319902.7001866487,6395479.401461375
163,184,1548.471419138384,866.0254037844178,320327.69299786875,6394743.859358551,320802.8078928411,6395502.651385711
164,141,1516.4835982874667,866.0254037844469,321209.78941401944,6394771.633315486,320778.66602794663,6394005.336748937
164,142,1174.3782559941476,866.025403784476,321209.78941401944,6394771.633315486,321616.3703412282,6394012.691637298
164,184,1056.6632092374718,866.0254037844469,321209.78941401944,6394771.633315486,320802.8078928411,6395502.651385711
164,185,1592.0045894174484,866.025403784476,321209.78941401944,6394771.633315486,321608.46372928395,6395506.891957769
164,205,1989.0855287226964,1732.0508075688647,321209.78941401944,6394771.633315486,320313.98191174713,6396242.209393096
165,186,1609.7641412858022,866.0254037844469,322049.50817174907,6394748.489469012,322505.97154633154,6395526.085526884
166,142,1962.5724429311297,1499.999999999841,322946.83148385363,6394738.6588960225,321616.3703412282,6394012.691637298
166,186,1115.336050515641,866.0254037844178,322946.83148385363,6394738.6588960225,322505.97154633154,6395526.085526884
166,187,1456.800634807177,866.025403784476,322946.83148385363,6394738.6588960225,323356.7048959573,6395480.46880065
167,145,1338.2358975541392,866.0254037844178,324007.2578044616,6394793.957277007,324216.69616605935,6393996.272833408
167,168,1334.225624331758,866.0254037842969,324007.2578044616,6394793.957277007,324712.0933420167,6394803.726905322
168,145,1317.7609661378024,866.0254037843887,324712.0933420167,6394803.726905322,324216.69616605935,6393996.272833408
168,146,1574.141001287063,1500.0000000000427,324712.0933420167,6394803.726905322,326005.7001327382,6394158.750812277
168,167,1334.2256243317581,866.0254037842969,324712.0933420167,6394803.726905322,324007.2578044616,6394793.957277007
169,170,1030.8934706823063,866.0254037843551,325599.8924228806,6394843.34200209,326391.58172678546,6394709.72665038
169,171,1940.2989095933915,1732.0508075687685,325599.8924228806,6394843.34200209,327278.6275082105,6394739.219217596
170,169,1030.8934706823063,866.0254037843551,326391.58172678546,6394709.72665038,325599.8924228806,6394843.34200209
170,171,1071.513230991343,866.0254037844134,326391.58172678546,6394709.72665038,327278.6275082105,6394739.219217596
170,190,1385.4452482949669,866.025403784476,326391.58172678546,6394709.72665038,326847.62916409026,6395495.191852091
171,148,1590.2108954526063,866.025403784476,327278.6275082105,6394739.219217596,327690.8894319254,6393989.251512538
171,149,1912.59657278615,1499.9999999999923,327278.6275082105,6394739.219217596,328572.8277720408,6393991.888473916
171,169,1940.2989095933906,1732.0508075687685,327278.6275082105,6394739.219217596,325599.8924228806,6394843.34200209
171,170,1071.5132309913427,866.0254037844134,327278.6275082105,6394739.219217596,326391.58172678546,6394709.72665038
171,172,1898.0359464132127,866.0254037844134,327278.6275082105,6394739.219217596,328149.24475002626,6394722.55289067
171,190,1431.4134587600797,866.0254037843887,327278.6275082105,6394739.219217596,326847.62916409026,6395495.191852091
171,191,1023.6225012766716,866.025403784476,327278.6275082105,6394739.219217596,327699.7321952882,6395484.585339933
172,148,1473.793680340822,866.0254037843887,328149.24475002626,6394722.55289067,327690.8894319254,6393989.251512538
172,149,1483.951374329332,866.0254037844469,328149.24475002626,6394722.55289067,328572.8277720408,6393991.888473916
172,171,1898.0359464132137,866.0254037844134,328149.24475002626,6394722.55289067,327278.6275082105,6394739.219217596
172,173,995.5436633639467,866.0254037844716,328149.24475002626,6394722.55289067,328991.17738254054,6394739.690817372
172,191,1175.5970857956743,866.0254037843887,328149.24475002626,6394722.55289067,327699.7321952882,6395484.585339933
172,192,947.7524715334523,866.0254037844469,328149.24475002626,6394722.55289067,328524.8865603849,6395426.757561622
173,148,1703.6841787467151,1499.999999999942,328991.17738254054,6394739.690817372,327690.8894319254,6393989.251512538
173,149,1713.8418727352257,866.0254037844469,328991.17738254054,6394739.690817372,328572.8277720408,6393991.888473916
173,150,1696.5470924298174,866.0254037844178,328991.17738254054,6394739.690817372,329425.22199174424,6393993.7899725335
173,172,995.5436633639463,866.0254037844716,328991.17738254054,6394739.690817372,328149.24475002626,6394722.55289067
173,174,1231.414990745831,866.0254037843551,328991.17738254054,6394739.690817372,329849.161295306,6394747.621993714
173,191,1908.0517365789508,1499.999999999942,328991.17738254054,6394739.690817372,327699.7321952882,6395484.585339933
173,192,1680.20712231673,866.0254037844469,328991.17738254054,6394739.690817372,328524.8865603849,6395426.757561622
173,194,1622.381530644213,1499.999999999942,328991.17738254054,6394739.690817372,330359.728126423,6395483.507055926
174,150,996.4456236526723,866.0254037844178,329849.161295306,6394747.621993714,329425.22199174424,6393993.7899725335
174,151,1094.7988039703473,866.0254037844469,329849.161295306,6394747.621993714,330293.31408414175,6393997.329464245
174,173,1231.414990745831,866.0254037843551,329849.161295306,6394747.621993714,328991.17738254054,6394739.690817372
174,194,1070.3410044344978,866.0254037844469,329849.161295306,6394747.621993714,330359.728126423,6395483.507055926
175,60,1799.963691981959,6244.99799839835,312318.27354690945,6395336.641498859,311967.9916332533,6393720.984218447
175,85,1785.9240639997124,5267.826876425783,312318.27354690945,6395336.641498859,311962.47489320236,6393733.862050809
175,105,1785.9240639997124,5267.826876426668,312318.27354690945,6395336.641498859,311962.47489320236,6393733.862050809
175,106,1785.9240639997124,4500.000000000392,312318.27354690945,6395336.641498859,311962.47489320236,6393733.862050809
175,129,1588.803430621206,3774.9172176353354,312318.27354690945,6395336.641498859,311944.82352984924,6393966.158865679
175,130,1588.803430621206,2999.999999999934,312318.27354690945,6395336.641498859,311944.82352984924,6393966.158865679
175,131,1474.8454376907528,1500.0,312318.27354690945,6395336.641498859,312115.47356200335,6393991.707324323
175,153,1125.243348208277,3122.4989991991415,312318.27354690945,6395336.641498859,311966.18437224627,6394458.689555883
175,154,1731.6263261484805,866.0254037844178,312318.27354690945,6395336.641498859,312601.4666493811,6394702.530053791
175,176,1038.66923222179,866.0254037844134,312318.27354690945,6395336.641498859,312975.42646515364,6395498.469946277
176,132,1941.6087780327157,1500.0,312975.42646515364,6395498.469946277,312980.08028609876,6393994.914995255
176,154,1208.9093700138426,866.0254037844469,312975.42646515364,6395498.469946277,312601.4666493811,6394702.530053791
176,155,1535.9309859597017,866.0254037844178,312975.42646515364,6395498.469946277,313361.77330925316,6394723.255870592
176,175,1038.6692322217905,866.0254037844134,312975.42646515364,6395498.469946277,312318.27354690945,6395336.641498859
176,177,1157.7259042938042,866.0254037844134,312975.42646515364,6395498.469946277,313846.13805544784,6395492.316146336
176,199,1964.1428295274666,1499.999999999942,312975.42646515364,6395498.469946277,314211.8177980656,6396277.627880187
177,155,1800.779061627796,866.0254037844469,313846.13805544784,6395492.316146336,313361.77330925316,6394723.255870592
177,156,1354.211066752672,866.0254037844178,313846.13805544784,6395492.316146336,314287.9072332403,6394722.743355548
177,157,1913.3914419069206,1499.999999999942,313846.13805544784,6395492.316146336,315150.5435141684,6394740.998832168
177,176,1157.7259042938047,866.0254037844134,313846.13805544784,6395492.316146336,312975.42646515364,6395498.469946277
177,178,1276.2782558017518,866.0254037844134,313846.13805544784,6395492.316146336,314762.5687291904,6395515.448654717
177,199,1347.793241864383,866.0254037844178,313846.13805544784,6395492.316146336,314211.8177980656,6396277.627880187
178,134,1999.6444621665084,1500.0,314762.5687291904,6395515.448654717,314719.42281604256,6393974.794611147
178,135,1995.1247110565928,1732.0508075688647,314762.5687291904,6395515.448654717,315585.5270165375,6393992.358197168
178,156,1335.0432802302203,866.0254037844469,314762.5687291904,6395515.448654717,314287.9072332403,6394722.743355548
178,157,1280.5658461482285,866.0254037844178,314762.5687291904,6395515.448654717,315150.5435141684,6394740.998832168
178,158,1998.1210436629815,1499.999999999942,314762.5687291904,6395515.448654717,316012.27198969666,6394755.152835912
178,177,1276.2782558017516,866.0254037844134,314762.5687291904,6395515.448654717,313846.13805544784,6395492.316146336
178,179,1168.335538199374,866.0254037844134,314762.5687291904,6395515.448654717,315579.22818412445,6395513.181807715
178,199,1472.7953020087507,866.0254037844469,314762.5687291904,6395515.448654717,314211.8177980656,6396277.627880187
178,200,1099.897215995839,866.0254037844178,314762.5687291904,6395515.448654717,315148.71129181655,6396237.6835223725
178,201,1816.5046971896818,1499.999999999942,314762.5687291904,6395515.448654717,316014.23392399645,6396258.679064999
178,217,1766.3738717484173,1500.0,314762.5687291904,6395515.448654717,314736.61438332836,6396995.870099632
179,135,1691.1224265782555,1500.0,315579.22818412445,6395513.181807715,315585.5270165375,6393992.358197168
179,157,1146.0090900672478,866.0254037844469,315579.22818412445,6395513.181807715,315150.5435141684,6394740.998832168
179,158,1151.6204587846462,866.0254037844178,315579.22818412445,6395513.181807715,316012.27198969666,6394755.152835912
179,178,1168.3355381993742,866.0254037844134,315579.22818412445,6395513.181807715,314762.5687291904,6395515.448654717
179,180,1616.7043073058758,866.0254037844134,315579.22818412445,6395513.181807715,316441.493923487,6395506.710947715
179,200,1060.0653065023905,866.0254037844469,315579.22818412445,6395513.181807715,315148.71129181655,6396237.6835223725
179,201,1184.1669177927265,866.0254037844178,315579.22818412445,6395513.181807715,316014.23392399645,6396258.679064999
179,218,1847.9067471285944,1500.0,315579.22818412445,6395513.181807715,315578.64607170265,6396998.1509346785
180,136,1864.6151462445528,1500.0,316441.493923487,6395506.710947715,316483.71996901825,6393979.818866429
180,157,1945.0536266386391,1499.9999999999923,316441.493923487,6395506.710947715,315150.5435141684,6394740.998832168
180,158,1094.5932592812671,866.0254037844469,316441.493923487,6395506.710947715,316012.27198969666,6394755.152835912
180,159,1351.8896178262844,866.0254037843887,316441.493923487,6395506.710947715,316875.33407107205,6394744.57864612
180,179,1616.7043073058765,866.0254037844134,316441.493923487,6395506.710947715,315579.22818412445,6395513.181807715
180,181,1454.5031441585174,866.0254037844134,316441.493923487,6395506.710947715,317332.18004263006,6395489.896584129
180,200,1835.7236777247927,1499.9999999999923,316441.493923487,6395506.710947715,315148.71129181655,6396237.6835223725
180,201,1159.8750831198163,866.0254037844469,316441.493923487,6395506.710947715,316014.23392399645,6396258.679064999
180,202,1281.36880540688,866.0254037843887,316441.493923487,6395506.710947715,316905.9328355077,6396270.701048852
180,203,1926.7792937380884,1499.999999999942,316441.493923487,6395506.710947715,317680.7927215586,6396243.885528639
180,219,1775.5110638060282,1500.0,316441.493923487,6395506.710947715,316501.5074951456,6396861.330351377
181,159,1428.5476048482453,866.025403784476,317332.18004263006,6395489.896584129,316875.33407107205,6394744.57864612
181,160,1911.3868551223761,866.0254037844178,317332.18004263006,6395489.896584129,317735.8174581034,6394744.3495224975
181,180,1454.5031441585165,866.0254037844134,317332.18004263006,6395489.896584129,316441.493923487,6395506.710947715
181,182,1487.8333267607027,866.0254037844134,317332.18004263006,6395489.896584129,318168.8965223741,6395494.9933272
181,202,1431.1164524771207,866.025403784476,317332.18004263006,6395489.896584129,316905.9328355077,6396270.701048852
181,203,1006.7825306245106,866.0254037844178,317332.18004263006,6395489.896584129,317680.7927215586,6396243.885528639
181,220,1895.611321234039,1500.0,317332.18004263006,6395489.896584129,317314.4522395412,6396991.453555763
182,138,1817.926920701576,1500.0,318168.8965223741,6395494.9933272,318196.5313667827,6393980.633787177
182,161,1346.1899223481525,866.0254037844178,318168.8965223741,6395494.9933272,318617.7348184066,6394741.624226653
182,181,1487.833326760703,866.0254037844134,318168.8965223741,6395494.9933272,317332.18004263006,6395489.896584129
182,203,1794.8896393938173,866.0254037844469,318168.8965223741,6395494.9933272,317680.7927215586,6396243.885528639
182,221,1779.6515591160683,1500.0,318168.8965223741,6395494.9933272,318153.92928408436,6396948.386077539
183,162,1997.4507617914303,866.025403784476,319902.7001866487,6395479.401461375,319477.30447376234,6394741.214775945
183,163,1246.5424840215965,866.0254037843887,319902.7001866487,6395479.401461375,320327.69299786875,6394743.859358551
183,184,1600.2974339357695,866.0254037842969,319902.7001866487,6395479.401461375,320802.8078928411,6395502.651385711
183,204,1104.918216854913,866.025403784476,319902.7001866487,6395479.401461375,319480.38878315024,6396249.773199787
183,205,1522.5386123567432,866.0254037843887,319902.7001866487,6395479.401461375,320313.98191174713,6396242.209393096
183,223,1989.4500189221112,1500.0,319902.7001866487,6395479.401461375,319896.9427687244,6396994.534200854
184,163,1548.4714191383841,866.0254037844178,320802.8078928411,6395502.651385711,320327.69299786875,6394743.859358551
184,164,1056.6632092374718,866.0254037844469,320802.8078928411,6395502.651385711,321209.78941401944,6394771.633315486
184,183,1600.297433935769,866.0254037842969,320802.8078928411,6395502.651385711,319902.7001866487,6395479.401461375
184,185,1295.6218252143149,866.0254037845298,320802.8078928411,6395502.651385711,321608.46372928395,6395506.891957769
184,204,1845.8601349203313,1499.999999999942,320802.8078928411,6395502.651385711,319480.38878315024,6396249.773199787
184,205,1036.5128806630407,866.0254037844178,320802.8078928411,6395502.651385711,320313.98191174713,6396242.209393096
184,206,1440.0610984860305,866.0254037844469,320802.8078928411,6395502.651385711,321219.7085112452,6396237.923031221
185,164,1592.0045894174477,866.025403784476,321608.46372928395,6395506.891957769,321209.78941401944,6394771.633315486
185,184,1295.6218252143146,866.0254037845298,321608.46372928395,6395506.891957769,320802.8078928411,6395502.651385711
185,205,1817.7621239198734,1500.0000000000427,321608.46372928395,6395506.891957769,320313.98191174713,6396242.209393096
185,206,1177.17709661437,866.025403784476,321608.46372928395,6395506.891957769,321219.7085112452,6396237.923031221
186,165,1609.764141285802,866.0254037844469,322505.97154633154,6395526.085526884,322049.50817174907,6394748.489469012
186,166,1115.3360505156415,866.0254037844178,322505.97154633154,6395526.085526884,322946.83148385363,6394738.6588960225
186,187,1318.8670873505473,866.0254037844716,322505.97154633154,6395526.085526884,323356.7048959573,6395480.46880065
186,207,964.0063903604707,866.0254037844469,322505.97154633154,6395526.085526884,322082.86566814187,6396270.260906902
186,208,1033.7313692721611,866.0254037844178,322505.97154633154,6395526.085526884,322900.67336001946,6396272.296284597
186,225,1868.4257752312776,1732.0508075688065,322505.97154633154,6395526.085526884,321642.3557237227,6397011.458269834
186,226,1654.2514988940889,1500.0,322505.97154633154,6395526.085526884,322525.0304807073,6397003.711039012
187,166,1456.8006348071772,866.025403784476,323356.7048959573,6395480.46880065,322946.83148385363,6394738.6588960225
187,186,1318.8670873505464,866.0254037844716,323356.7048959573,6395480.46880065,322505.97154633154,6395526.085526884
187,207,1795.3159591790916,1500.0000000000427,323356.7048959573,6395480.46880065,322082.86566814187,6396270.260906902
187,208,1077.4163229350975,866.025403784476,323356.7048959573,6395480.46880065,322900.67336001946,6396272.296284597
188,189,1035.7412751145425,866.0254037844134,324235.4922217689,6395481.990831391,324882.8985619097,6395494.883171114
188,208,1862.2688639820246,1500.0000000000427,324235.4922217689,6395481.990831391,322900.67336001946,6396272.296284597
189,188,1035.741275114542,866.0254037844134,324882.8985619097,6395494.883171114,324235.4922217689,6395481.990831391
190,170,1385.4452482949664,866.025403784476,326847.62916409026,6395495.191852091,326391.58172678546,6394709.72665038
190,171,1431.4134587600802,866.0254037843887,326847.62916409026,6395495.191852091,327278.6275082105,6394739.219217596
190,191,1115.2639759423653,866.0254037844134,326847.62916409026,6395495.191852091,327699.7321952882,6395484.585339933
190,210,1182.4072580339364,866.025403784476,326847.62916409026,6395495.191852091,326393.4092470156,6396212.133892134
191,171,1023.6225012766716,866.025403784476,327699.7321952882,6395484.585339933,327278.6275082105,6394739.219217596
191,172,1175.597085795674,866.0254037843887,327699.7321952882,6395484.585339933,328149.24475002626,6394722.55289067
191,173,1908.05173657895,1499.999999999942,327699.7321952882,6395484.585339933,328991.17738254054,6394739.690817372
191,190,1115.2639759423646,866.0254037844134,327699.7321952882,6395484.585339933,326847.62916409026,6395495.191852091
191,192,1354.8503971038417,866.0254037843551,327699.7321952882,6395484.585339933,328524.8865603849,6395426.757561622
192,172,947.7524715334528,866.0254037844469,328524.8865603849,6395426.757561622,328149.24475002626,6394722.55289067
192,173,1680.207122316729,866.0254037844469,328524.8865603849,6395426.757561622,328991.17738254054,6394739.690817372
192,191,1354.8503971038415,866.0254037843551,328524.8865603849,6395426.757561622,327699.7321952882,6395484.585339933
193,212,1769.7004270318919,1499.9999999999923,329218.60030664783,6395674.318524294,330719.7566869731,6396298.381969094
194,151,1667.6551255455486,1500.0,330359.728126423,6395483.507055926,330293.31408414175,6393997.329464245
194,173,1622.3815306442127,1499.999999999942,330359.728126423,6395483.507055926,328991.17738254054,6394739.690817372
194,174,1070.3410044344976,866.0254037844469,330359.728126423,6395483.507055926,329849.161295306,6394747.621993714
196,197,637.0974977322918,866.0254037844134,312003.867582066,6396215.950625964,312537.5346682783,6396241.292080713
196,198,1940.5770670729744,1732.0508075688267,312003.867582066,6396215.950625964,313415.00930709695,6396235.535447836
196,214,1290.509829773898,866.0254037844469,312003.867582066,6396215.950625964,312315.46036986145,6396932.193993832
196,215,1574.414252706023,1499.9999999999923,312003.867582066,6396215.950625964,312941.2637496127,6396962.40004776
197,196,637.0974977322918,866.0254037844134,312537.5346682783,6396241.292080713,312003.867582066,6396215.950625964
197,198,1303.4795693406836,866.0254037844134,312537.5346682783,6396241.292080713,313415.00930709695,6396235.535447836
197,214,918.3841195956644,866.0254037844178,312537.5346682783,6396241.292080713,312315.46036986145,6396932.193993832
197,215,1202.2885425277889,866.0254037844469,312537.5346682783,6396241.292080713,312941.2637496127,6396962.40004776
197,216,1918.271781902255,1499.9999999999923,312537.5346682783,6396241.292080713,313842.68996855186,6396993.780780124
198,196,1940.5770670729753,1732.0508075688267,313415.00930709695,6396235.535447836,312003.867582066,6396215.950625964
198,197,1303.479569340683,866.0254037844134,313415.00930709695,6396235.535447836,312537.5346682783,6396241.292080713
198,214,1799.7864801934318,1499.999999999942,313415.00930709695,6396235.535447836,312315.46036986145,6396932.193993832
198,215,1057.403760224301,866.0254037844178,313415.00930709695,6396235.535447836,312941.2637496127,6396962.40004776
198,216,943.9361175193119,866.0254037844469,313415.00930709695,6396235.535447836,313842.68996855186,6396993.780780124
199,156,1941.6316091284489,1500.0,314211.8177980656,6396277.627880187,314287.9072332403,6394722.743355548
199,176,1964.1428295274666,1499.999999999942,314211.8177980656,6396277.627880187,312975.42646515364,6395498.469946277
199,177,1347.7932418643825,866.0254037844178,314211.8177980656,6396277.627880187,313846.13805544784,6395492.316146336
199,178,1472.7953020087507,866.0254037844469,314211.8177980656,6396277.627880187,314762.5687291904,6395515.448654717
199,217,1849.3017352835952,866.0254037844469,314211.8177980656,6396277.627880187,314736.61438332836,6396995.870099632
200,178,1099.897215995839,866.0254037844178,315148.71129181655,6396237.6835223725,314762.5687291904,6395515.448654717
200,179,1060.06530650239,866.0254037844469,315148.71129181655,6396237.6835223725,315579.22818412445,6395513.181807715
200,180,1835.7236777247917,1499.9999999999923,315148.71129181655,6396237.6835223725,316441.493923487,6395506.710947715
200,201,1225.4541690760661,866.0254037844134,315148.71129181655,6396237.6835223725,316014.23392399645,6396258.679064999
200,217,1083.4904641329083,866.0254037844178,315148.71129181655,6396237.6835223725,314736.61438332836,6396995.870099632
200,218,1337.2270124099246,866.0254037844469,315148.71129181655,6396237.6835223725,315578.64607170265,6396998.1509346785
201,158,1962.1412316050198,1500.0,316014.23392399645,6396258.679064999,316012.27198969666,6394755.152835912
201,178,1816.504697189682,1499.999999999942,316014.23392399645,6396258.679064999,314762.5687291904,6395515.448654717
201,179,1184.1669177927265,866.0254037844178,316014.23392399645,6396258.679064999,315579.22818412445,6395513.181807715
201,180,1159.8750831198163,866.0254037844469,316014.23392399645,6396258.679064999,316441.493923487,6395506.710947715
201,200,1225.4541690760666,866.0254037844134,316014.23392399645,6396258.679064999,315148.71129181655,6396237.6835223725
201,202,1839.1421607785987,866.0254037843551,316014.23392399645,6396258.679064999,316905.9328355077,6396270.701048852
201,218,1341.9915660928193,866.0254037844178,316014.23392399645,6396258.679064999,315578.64607170265,6396998.1509346785
201,219,1813.570755182626,866.0254037844469,316014.23392399645,6396258.679064999,316501.5074951456,6396861.330351377
202,180,1281.3688054068796,866.0254037843887,316905.9328355077,6396270.701048852,316441.493923487,6395506.710947715
202,181,1431.1164524771211,866.025403784476,316905.9328355077,6396270.701048852,317332.18004263006,6395489.896584129
202,201,1839.1421607785987,866.0254037843551,316905.9328355077,6396270.701048852,316014.23392399645,6396258.679064999
202,203,1508.9698730849548,866.0254037844716,316905.9328355077,6396270.701048852,317680.7927215586,6396243.885528639
202,219,1414.7045415358093,866.0254037843887,316905.9328355077,6396270.701048852,316501.5074951456,6396861.330351377
202,220,1131.071818681423,866.025403784476,316905.9328355077,6396270.701048852,317314.4522395412,6396991.453555763
202,221,1927.4282265327922,1500.0000000000427,316905.9328355077,6396270.701048852,318153.92928408436,6396948.386077539
203,180,1926.779293738088,1499.999999999942,317680.7927215586,6396243.885528639,316441.493923487,6395506.710947715
203,181,1006.7825306245109,866.0254037844178,317680.7927215586,6396243.885528639,317332.18004263006,6395489.896584129
203,182,1794.889639393817,866.0254037844469,317680.7927215586,6396243.885528639,318168.8965223741,6395494.9933272
203,202,1508.9698730849548,866.0254037844716,317680.7927215586,6396243.885528639,316905.9328355077,6396270.701048852
203,220,1909.922809006694,866.0254037844178,317680.7927215586,6396243.885528639,317314.4522395412,6396991.453555763
204,183,1104.9182168549137,866.025403784476,319480.38878315024,6396249.773199787,319902.7001866487,6395479.401461375
204,184,1845.8601349203313,1499.999999999942,319480.38878315024,6396249.773199787,320802.8078928411,6395502.651385711
204,205,1366.1654459538001,866.0254037844134,319480.38878315024,6396249.773199787,320313.98191174713,6396242.209393096
204,222,1288.937805514785,866.0254037844469,319480.38878315024,6396249.773199787,318969.84941628523,6396980.57474561
204,223,984.6159642320446,866.025403784476,319480.38878315024,6396249.773199787,319896.9427687244,6396994.534200854
204,237,1927.4893668786324,1500.0,319480.38878315024,6396249.773199787,319473.12521385413,6397739.668399804
205,164,1989.0855287226964,1732.0508075688647,320313.98191174713,6396242.209393096,321209.78941401944,6394771.633315486
205,183,1522.5386123567434,866.0254037843887,320313.98191174713,6396242.209393096,319902.7001866487,6395479.401461375
205,184,1036.5128806630405,866.0254037844178,320313.98191174713,6396242.209393096,320802.8078928411,6395502.651385711
205,185,1817.7621239198727,1500.0000000000427,320313.98191174713,6396242.209393096,321608.46372928395,6395506.891957769
205,204,1366.1654459537997,866.0254037844134,320313.98191174713,6396242.209393096,319480.38878315024,6396249.773199787
205,206,1166.7509108764987,866.0254037844134,320313.98191174713,6396242.209393096,321219.7085112452,6396237.923031221
205,223,1583.0757560791435,866.0254037843887,320313.98191174713,6396242.209393096,319896.9427687244,6396994.534200854
205,224,1246.30316050713,866.0254037844178,320313.98191174713,6396242.209393096,320776.6340818131,6396978.791240614
205,238,1858.3543262973344,1500.0,320313.98191174713,6396242.209393096,320360.4087405676,6397770.664544964
206,184,1440.0610984860298,866.0254037844469,321219.7085112452,6396237.923031221,320802.8078928411,6395502.651385711
206,185,1177.17709661437,866.025403784476,321219.7085112452,6396237.923031221,321608.46372928395,6395506.891957769
206,205,1166.7509108764984,866.0254037844134,321219.7085112452,6396237.923031221,320313.98191174713,6396242.209393096
206,224,1416.5011002161327,866.0254037844469,321219.7085112452,6396237.923031221,320776.6340818131,6396978.791240614
207,186,964.0063903604708,866.0254037844469,322082.86566814187,6396270.260906902,322505.97154633154,6395526.085526884
207,187,1795.315959179092,1500.0000000000427,322082.86566814187,6396270.260906902,323356.7048959573,6395480.46880065
207,208,1365.8101263318167,866.0254037844134,322082.86566814187,6396270.260906902,322900.67336001946,6396272.296284597
207,225,904.4193848708065,866.0254037843596,322082.86566814187,6396270.260906902,321642.3557237227,6397011.458269834
207,226,1678.1631146337022,866.0254037844469,322082.86566814187,6396270.260906902,322525.0304807073,6397003.711039012
207,240,1869.4784365174246,1500.0,322082.86566814187,6396270.260906902,322046.3461024191,6397741.683167556
208,186,1033.7313692721611,866.0254037844178,322900.67336001946,6396272.296284597,322505.97154633154,6395526.085526884
208,187,1077.4163229350977,866.025403784476,322900.67336001946,6396272.296284597,323356.7048959573,6395480.46880065
208,188,1862.2688639820242,1500.0000000000427,322900.67336001946,6396272.296284597,324235.4922217689,6395481.990831391
208,207,1365.8101263318167,866.0254037844134,322900.67336001946,6396272.296284597,322082.86566814187,6396270.260906902
208,225,1967.0715293119474,1499.999999999841,322900.67336001946,6396272.296284597,321642.3557237227,6397011.458269834
208,226,987.8984323300621,866.0254037844178,322900.67336001946,6396272.296284597,322525.0304807073,6397003.711039012
208,241,1936.6921421057637,1500.0,322900.67336001946,6396272.296284597,322855.5367738117,6397695.979577785
209,210,1338.2863997391644,866.0254037843551,325535.45903103246,6396229.865002343,326393.4092470156,6396212.133892134
209,228,1104.968766351319,866.0254037844178,325535.45903103246,6396229.865002343,325976.7527429068,6396988.05940911
210,190,1182.4072580339362,866.025403784476,326393.4092470156,6396212.133892134,326847.62916409026,6395495.191852091
210,209,1338.2863997391642,866.0254037843551,326393.4092470156,6396212.133892134,325535.45903103246,6396229.865002343
210,228,1463.1270448515747,866.0254037844178,326393.4092470156,6396212.133892134,325976.7527429068,6396988.05940911
212,193,1769.7004270318923,1499.9999999999923,330719.7566869731,6396298.381969094,329218.60030664783,6395674.318524294
214,196,1290.509829773899,866.0254037844469,312315.46036986145,6396932.193993832,312003.867582066,6396215.950625964
214,197,918.3841195956644,866.0254037844178,312315.46036986145,6396932.193993832,312537.5346682783,6396241.292080713
214,198,1799.7864801934315,1499.999999999942,312315.46036986145,6396932.193993832,313415.00930709695,6396235.535447836
214,215,924.1399788969625,866.0254037844134,312315.46036986145,6396932.193993832,312941.2637496127,6396962.40004776
215,196,1574.4142527060224,1499.9999999999923,312941.2637496127,6396962.40004776,312003.867582066,6396215.950625964
215,197,1202.2885425277889,866.0254037844469,312941.2637496127,6396962.40004776,312537.5346682783,6396241.292080713
215,198,1057.4037602243013,866.0254037844178,312941.2637496127,6396962.40004776,313415.00930709695,6396235.535447836
215,214,924.1399788969629,866.0254037844134,312941.2637496127,6396962.40004776,312315.46036986145,6396932.193993832
215,216,1672.1959727858725,866.0254037844134,312941.2637496127,6396962.40004776,313842.68996855186,6396993.780780124
216,197,1918.2717819022544,1499.9999999999923,313842.68996855186,6396993.780780124,312537.5346682783,6396241.292080713
216,198,943.9361175193123,866.0254037844469,313842.68996855186,6396993.780780124,313415.00930709695,6396235.535447836
216,215,1672.1959727858737,866.0254037844134,313842.68996855186,6396993.780780124,312941.2637496127,6396962.40004776
217,178,1766.3738717484182,1500.0,314736.61438332836,6396995.870099632,314762.5687291904,6395515.448654717
217,199,1849.3017352835946,866.0254037844469,314736.61438332836,6396995.870099632,314211.8177980656,6396277.627880187
217,200,1083.4904641329078,866.0254037844178,314736.61438332836,6396995.870099632,315148.71129181655,6396237.6835223725
217,218,1655.8974484570858,866.0254037844134,314736.61438332836,6396995.870099632,315578.64607170265,6396998.1509346785
218,179,1847.9067471285935,1500.0,315578.64607170265,6396998.1509346785,315579.22818412445,6395513.181807715
218,200,1337.2270124099236,866.0254037844469,315578.64607170265,6396998.1509346785,315148.71129181655,6396237.6835223725
218,201,1341.9915660928198,866.0254037844178,315578.64607170265,6396998.1509346785,316014.23392399645,6396258.679064999
218,217,1655.8974484570838,866.0254037844134,315578.64607170265,6396998.1509346785,314736.61438332836,6396995.870099632
218,232,1526.4880127807892,866.0254037844469,315578.64607170265,6396998.1509346785,315135.65715809807,6397758.422586738
219,180,1775.5110638060303,1500.0,316501.5074951456,6396861.330351377,316441.493923487,6395506.710947715
219,201,1813.5707551826267,866.0254037844469,316501.5074951456,6396861.330351377,316014.23392399645,6396258.679064999
219,202,1414.704541535809,866.0254037843887,316501.5074951456,6396861.330351377,316905.9328355077,6396270.701048852
219,220,1236.5636433319003,866.0254037844134,316501.5074951456,6396861.330351377,317314.4522395412,6396991.453555763
220,181,1895.611321234039,1500.0,317314.4522395412,6396991.453555763,317332.18004263006,6395489.896584129
220,202,1131.0718186814233,866.025403784476,317314.4522395412,6396991.453555763,316905.9328355077,6396270.701048852
220,203,1909.9228090066938,866.0254037844178,317314.4522395412,6396991.453555763,317680.7927215586,6396243.885528639
220,219,1236.5636433319012,866.0254037844134,317314.4522395412,6396991.453555763,316501.5074951456,6396861.330351377
220,221,1297.2573580105106,866.0254037844134,317314.4522395412,6396991.453555763,318153.92928408436,6396948.386077539
220,234,1339.6991158891738,866.025403784476,317314.4522395412,6396991.453555763,316878.8363157932,6397733.398018628
220,235,1597.838735384427,866.0254037844178,317314.4522395412,6396991.453555763,317737.91479811596,6397747.552416549
221,182,1779.6515591160678,1500.0,318153.92928408436,6396948.386077539,318168.8965223741,6395494.9933272
221,202,1927.428226532792,1500.0000000000427,318153.92928408436,6396948.386077539,316905.9328355077,6396270.701048852
221,220,1297.2573580105109,866.0254037844134,318153.92928408436,6396948.386077539,317314.4522395412,6396991.453555763
221,222,1314.1792395503023,866.0254037843551,318153.92928408436,6396948.386077539,318969.84941628523,6396980.57474561
221,234,1883.7814712298298,1500.0000000000427,318153.92928408436,6396948.386077539,316878.8363157932,6397733.398018628
221,235,1436.1742682872846,866.0254037844469,318153.92928408436,6396948.386077539,317737.91479811596,6397747.552416549
222,204,1288.9378055147847,866.0254037844469,318969.84941628523,6396980.57474561,319480.38878315024,6396249.773199787
222,221,1314.1792395503023,866.0254037843551,318969.84941628523,6396980.57474561,318153.92928408436,6396948.386077539
222,223,1475.7790707081738,866.0254037845298,318969.84941628523,6396980.57474561,319896.9427687244,6396994.534200854
222,237,1968.0841072017695,866.0254037844469,318969.84941628523,6396980.57474561,319473.12521385413,6397739.668399804
223,183,1989.4500189221117,1500.0,319896.9427687244,6396994.534200854,319902.7001866487,6395479.401461375
223,204,984.6159642320454,866.025403784476,319896.9427687244,6396994.534200854,319480.38878315024,6396249.773199787
223,205,1583.0757560791426,866.0254037843887,319896.9427687244,6396994.534200854,320313.98191174713,6396242.209393096
223,222,1475.7790707081735,866.0254037845298,319896.9427687244,6396994.534200854,318969.84941628523,6396980.57474561
223,224,1241.7658983382257,866.0254037842969,319896.9427687244,6396994.534200854,320776.6340818131,6396978.791240614
223,237,1031.8781705455362,866.025403784476,319896.9427687244,6396994.534200854,319473.12521385413,6397739.668399804
223,238,1327.1410803174113,866.0254037843887,319896.9427687244,6396994.534200854,320360.4087405676,6397770.664544964
224,205,1246.3031605071294,866.0254037844178,320776.6340818131,6396978.791240614,320313.98191174713,6396242.209393096
224,206,1416.5011002161316,866.0254037844469,320776.6340818131,6396978.791240614,321219.7085112452,6396237.923031221
224,223,1241.7658983382255,866.0254037842969,320776.6340818131,6396978.791240614,319896.9427687244,6396994.534200854
224,237,1876.483061185244,1499.999999999942,320776.6340818131,6396978.791240614,319473.12521385413,6397739.668399804
224,238,1117.106885849545,866.0254037844178,320776.6340818131,6396978.791240614,320360.4087405676,6397770.664544964
224,239,1455.2874990772573,866.0254037844469,320776.6340818131,6396978.791240614,321203.3050131965,6397749.272145224
224,256,1843.562218570231,1500.0,320776.6340818131,6396978.791240614,320790.16142436466,6398422.338650233
225,186,1868.425775231278,1732.0508075688065,321642.3557237227,6397011.458269834,322505.97154633154,6395526.085526884
225,207,904.4193848708071,866.0254037843596,321642.3557237227,6397011.458269834,322082.86566814187,6396270.260906902
225,208,1967.0715293119479,1499.999999999841,321642.3557237227,6397011.458269834,322900.67336001946,6396272.296284597
225,226,1308.2669098717854,866.0254037842969,321642.3557237227,6397011.458269834,322525.0304807073,6397003.711039012
225,239,1838.612154916006,866.025403784476,321642.3557237227,6397011.458269834,321203.3050131965,6397749.272145224
225,240,1499.5822317555073,866.0254037843596,321642.3557237227,6397011.458269834,322046.3461024191,6397741.683167556
225,257,1864.6904847807943,1500.0,321642.3557237227,6397011.458269834,321654.68488327437,6398498.475038263
226,186,1654.2514988940884,1500.0,322525.0304807073,6397003.711039012,322505.97154633154,6395526.085526884
226,207,1678.163114633702,866.0254037844469,322525.0304807073,6397003.711039012,322082.86566814187,6396270.260906902
226,208,987.8984323300623,866.0254037844178,322525.0304807073,6397003.711039012,322900.67336001946,6396272.296284597
226,225,1308.2669098717847,866.0254037842969,322525.0304807073,6397003.711039012,321642.3557237227,6397011.458269834
226,240,1074.0247962771373,866.0254037844469,322525.0304807073,6397003.711039012,322046.3461024191,6397741.683167556
226,241,1037.328208418857,866.0254037844178,322525.0304807073,6397003.711039012,322855.5367738117,6397695.979577785
226,257,1952.1177979302402,1732.0508075688065,322525.0304807073,6397003.711039012,321654.68488327437,6398498.475038263
228,209,1104.9687663513187,866.0254037844178,325976.7527429068,6396988.05940911,325535.45903103246,6396229.865002343
228,210,1463.1270448515745,866.0254037844178,325976.7527429068,6396988.05940911,326393.4092470156,6396212.133892134
228,229,1268.4784118612736,866.0254037844716,325976.7527429068,6396988.05940911,326853.6014059044,6397000.167218804
229,228,1268.4784118612738,866.0254037844716,326853.6014059044,6397000.167218804,325976.7527429068,6396988.05940911
229,242,1588.6585857948564,1499.9999999998915,326853.6014059044,6397000.167218804,328120.04992200586,6397763.338540324
230,245,1163.2956399289944,866.0254037844469,332908.1387631164,6397152.539783482,332464.3785736635,6397750.536822828
232,218,1526.4880127807894,866.0254037844469,315135.65715809807,6397758.422586738,315578.64607170265,6396998.1509346785
232,233,1920.70095825219,866.0254037844134,315135.65715809807,6397758.422586738,316015.23976430495,6397743.8467307845
232,250,1144.40363304831,866.0254037844469,315135.65715809807,6397758.422586738,315596.9102424284,6398448.025238013
232,269,1862.055537881434,1500.0000000009313,315135.65715809807,6397758.422586738,315154.6636201718,6399251.487144058
233,232,1920.700958252191,866.0254037844134,316015.23976430495,6397743.8467307845,315135.65715809807,6397758.422586738
234,220,1339.6991158891728,866.025403784476,316878.8363157932,6397733.398018628,317314.4522395412,6396991.453555763
234,221,1883.7814712298289,1500.0000000000427,316878.8363157932,6397733.398018628,318153.92928408436,6396948.386077539
234,235,1004.4785276271351,866.0254037844716,316878.8363157932,6397733.398018628,317737.91479811596,6397747.552416549
234,252,1652.551410993953,866.025403784476,316878.8363157932,6397733.398018628,317292.6434372703,6398482.342095501
235,220,1597.8387353844257,866.0254037844178,317737.91479811596,6397747.552416549,317314.4522395412,6396991.453555763
235,221,1436.174268287284,866.0254037844469,317737.91479811596,6397747.552416549,318153.92928408436,6396948.386077539
235,234,1004.4785276271349,866.0254037844716,317737.91479811596,6397747.552416549,316878.8363157932,6397733.398018628
235,236,1975.505295223417,866.0254037844134,317737.91479811596,6397747.552416549,318607.16290038347,6397748.209626287
235,252,1587.4544167539668,866.0254037844178,317737.91479811596,6397747.552416549,317292.6434372703,6398482.342095501
235,253,1574.2067283738338,866.0254037844469,317737.91479811596,6397747.552416549,318170.19290796196,6398501.037690997
235,272,1994.048311620038,1500.0000000009313,317737.91479811596,6397747.552416549,317729.53323937993,6399254.001768905
236,235,1975.5052952234162,866.0254037844134,318607.16290038347,6397748.209626287,317737.91479811596,6397747.552416549
236,254,1344.0962141103337,866.0254037844178,318607.16290038347,6397748.209626287,319040.63083047885,6398488.379503151
237,204,1927.4893668786326,1500.0,319473.12521385413,6397739.668399804,319480.38878315024,6396249.773199787
237,222,1968.0841072017697,866.0254037844469,319473.12521385413,6397739.668399804,318969.84941628523,6396980.57474561
237,223,1031.8781705455358,866.025403784476,319473.12521385413,6397739.668399804,319896.9427687244,6396994.534200854
237,224,1876.483061185244,1499.999999999942,319473.12521385413,6397739.668399804,320776.6340818131,6396978.791240614
237,238,1143.464834781756,866.0254037844134,319473.12521385413,6397739.668399804,320360.4087405676,6397770.664544964
237,254,1744.1577866159555,866.0254037844469,319473.12521385413,6397739.668399804,319040.63083047885,6398488.379503151
237,255,1954.0182126544785,866.025403784476,319473.12521385413,6397739.668399804,319883.87143313227,6398532.272665394
238,205,1858.3543262973358,1500.0,320360.4087405676,6397770.664544964,320313.98191174713,6396242.209393096
238,223,1327.1410803174115,866.0254037843887,320360.4087405676,6397770.664544964,319896.9427687244,6396994.534200854
238,224,1117.106885849545,866.0254037844178,320360.4087405676,6397770.664544964,320776.6340818131,6396978.791240614
238,237,1143.4648347817556,866.0254037844134,320360.4087405676,6397770.664544964,319473.12521385413,6397739.668399804
238,239,1663.4572654309297,866.0254037844134,320360.4087405676,6397770.664544964,321203.3050131965,6397749.272145224
238,255,1476.7679873429288,866.0254037843887,320360.4087405676,6397770.664544964,319883.87143313227,6398532.272665394
238,256,1363.0299066464531,866.0254037844178,320360.4087405676,6397770.664544964,320790.16142436466,6398422.338650233
239,224,1455.287499077258,866.0254037844469,321203.3050131965,6397749.272145224,320776.6340818131,6396978.791240614
239,225,1838.612154916006,866.025403784476,321203.3050131965,6397749.272145224,321642.3557237227,6397011.458269834
239,238,1663.457265430929,866.0254037844134,321203.3050131965,6397749.272145224,320360.4087405676,6397770.664544964
239,256,1010.3553206730473,866.0254037844469,321203.3050131965,6397749.272145224,320790.16142436466,6398422.338650233
239,257,1794.7173730564994,866.025403784476,321203.3050131965,6397749.272145224,321654.68488327437,6398498.475038263
240,207,1869.478436517424,1500.0,322046.3461024191,6397741.683167556,322082.86566814187,6396270.260906902
240,225,1499.582231755507,866.0254037843596,322046.3461024191,6397741.683167556,321642.3557237227,6397011.458269834
240,226,1074.0247962771375,866.0254037844469,322046.3461024191,6397741.683167556,322525.0304807073,6397003.711039012
240,241,1743.421661276563,866.0254037844134,322046.3461024191,6397741.683167556,322855.5367738117,6397695.979577785
240,257,948.3199047365372,866.0254037843596,322046.3461024191,6397741.683167556,321654.68488327437,6398498.475038263
240,277,1768.9896311920206,1500.0000000009313,322046.3461024191,6397741.683167556,322074.32748614706,6399238.304749112
241,208,1936.6921421057634,1500.0,322855.5367738117,6397695.979577785,322900.67336001946,6396272.296284597
241,226,1037.3282084188563,866.0254037844178,322855.5367738117,6397695.979577785,322525.0304807073,6397003.711039012
241,240,1743.4216612765633,866.0254037844134,322855.5367738117,6397695.979577785,322046.3461024191,6397741.683167556
242,229,1588.658585794856,1499.9999999998915,328120.04992200586,6397763.338540324,326853.6014059044,6397000.167218804
242,243,1949.2099464599157,866.0254037844716,328120.04992200586,6397763.338540324,328997.26843695925,6397745.28649011
242,258,1137.7467066556924,866.0254037844469,328120.04992200586,6397763.338540324,328623.2161483675,6398464.787685228
243,242,1949.209946459915,866.0254037844716,328997.26843695925,6397745.28649011,328120.04992200586,6397763.338540324
243,258,1111.2601862226143,866.0254037844469,328997.26843695925,6397745.28649011,328623.2161483675,6398464.787685228
243,259,1890.995806602958,866.0254037844178,328997.26843695925,6397745.28649011,329438.69255146803,6398516.814585237
244,245,1183.3771392333947,866.0254037844134,331576.66330977157,6397710.514600742,332464.3785736635,6397750.536822828
244,261,1121.6328876946677,866.0254037844469,331576.66330977157,6397710.514600742,331978.18316602375,6398554.021526381
244,281,1829.778987499959,1500.0000000009313,331576.66330977157,6397710.514600742,331627.6251666376,6399211.092632464
245,230,1163.295639928995,866.0254037844469,332464.3785736635,6397750.536822828,332908.1387631164,6397152.539783482
245,244,1183.3771392333945,866.0254037844134,332464.3785736635,6397750.536822828,331576.66330977157,6397710.514600742
245,261,1135.3510822996682,866.0254037844178,332464.3785736635,6397750.536822828,331978.18316602375,6398554.021526381
245,262,1685.5117958113642,866.0254037844469,332464.3785736635,6397750.536822828,332891.87699243403,6398487.246257975
245,281,1845.757127782551,1732.0508075696712,332464.3785736635,6397750.536822828,331627.6251666376,6399211.092632464
246,262,1912.2593058723053,866.0254037844178,333479.8116338442,6397806.15909893,332891.87699243403,6398487.246257975
247,263,1784.8243575873307,866.0254037852534,306917.9004709863,6398706.978780834,306544.15369144524,6399357.182874299
248,266,1057.1455346992302,866.0254037852534,311248.11504174763,6398681.013469173,310762.300586452,6399280.588052832
248,290,1667.8899030980638,1500.0000000009313,311248.11504174763,6398681.013469173,311239.0802361992,6400000.124644968
249,267,1293.2175865196282,866.0254037852534,313042.2747224042,6398548.850701347,312573.85461063526,6399245.2213191595
249,268,913.8214099990187,866.0254037852244,313042.2747224042,6398548.850701347,313299.0076360357,6399176.020836082
250,232,1144.40363304831,866.0254037844469,315596.9102424284,6398448.025238013,315135.65715809807,6397758.422586738
250,251,1739.1523289583718,866.0254037844134,315596.9102424284,6398448.025238013,316456.5324120249,6398481.696464564
251,250,1739.1523289583702,866.0254037844134,316456.5324120249,6398481.696464564,315596.9102424284,6398448.025238013
251,252,1284.2348404686852,866.0254037844134,316456.5324120249,6398481.696464564,317292.6434372703,6398482.342095501
251,271,1203.9136105902082,866.0254037851952,316456.5324120249,6398481.696464564,316864.72381342575,6399247.298033291
252,234,1652.5514109939536,866.025403784476,317292.6434372703,6398482.342095501,316878.8363157932,6397733.398018628
252,235,1587.454416753967,866.0254037844178,317292.6434372703,6398482.342095501,317737.91479811596,6397747.552416549
252,251,1284.2348404686852,866.0254037844134,317292.6434372703,6398482.342095501,316456.5324120249,6398481.696464564
252,253,1636.3050381914493,866.0254037844134,317292.6434372703,6398482.342095501,318170.19290796196,6398501.037690997
252,271,1323.5727102591295,866.0254037852826,317292.6434372703,6398482.342095501,316864.72381342575,6399247.298033291
252,272,1360.8666142925322,866.0254037852244,317292.6434372703,6398482.342095501,317729.53323937993,6399254.001768905
253,235,1574.206728373833,866.0254037844469,318170.19290796196,6398501.037690997,317737.91479811596,6397747.552416549
253,252,1636.3050381914484,866.0254037844134,318170.19290796196,6398501.037690997,317292.6434372703,6398482.342095501
253,272,1145.5470364714251,866.0254037852534,318170.19290796196,6398501.037690997,317729.53323937993,6399254.001768905
253,273,1129.3077929984686,866.0254037852244,318170.19290796196,6398501.037690997,318621.67243920243,6399250.285729319
254,236,1344.0962141103325,866.0254037844178,319040.63083047885,6398488.379503151,318607.16290038347,6397748.209626287
254,237,1744.1577866159562,866.0254037844469,319040.63083047885,6398488.379503151,319473.12521385413,6397739.668399804
254,255,1243.0916573588363,866.0254037845298,319040.63083047885,6398488.379503151,319883.87143313227,6398532.272665394
254,273,1294.3760673579336,866.0254037852244,319040.63083047885,6398488.379503151,318621.67243920243,6399250.285729319
254,274,1143.2730474436682,866.0254037852534,319040.63083047885,6398488.379503151,319473.91725360043,6399243.823804782
254,275,1862.0405494101656,1500.000000000458,319040.63083047885,6398488.379503151,320357.4772360006,6399258.733647474
255,237,1954.0182126544796,866.025403784476,319883.87143313227,6398532.272665394,319473.12521385413,6397739.668399804
255,238,1476.767987342929,866.0254037843887,319883.87143313227,6398532.272665394,320360.4087405676,6397770.664544964
255,254,1243.0916573588368,866.0254037845298,319883.87143313227,6398532.272665394,319040.63083047885,6398488.379503151
255,256,1580.520620740844,866.0254037842969,319883.87143313227,6398532.272665394,320790.16142436466,6398422.338650233
255,274,1086.2169352116182,866.0254037852826,319883.87143313227,6398532.272665394,319473.91725360043,6399243.823804782
255,275,1139.1333800395416,866.0254037851952,319883.87143313227,6398532.272665394,320357.4772360006,6399258.733647474
255,276,1994.8770803258358,1500.0000000003572,319883.87143313227,6398532.272665394,321192.8128428246,6399255.816562043
256,224,1843.5622185702312,1500.0,320790.16142436466,6398422.338650233,320776.6340818131,6396978.791240614
256,238,1363.029906646453,866.0254037844178,320790.16142436466,6398422.338650233,320360.4087405676,6397770.664544964
256,239,1010.3553206730476,866.0254037844469,320790.16142436466,6398422.338650233,321203.3050131965,6397749.272145224
256,255,1580.520620740844,866.0254037842969,320790.16142436466,6398422.338650233,319883.87143313227,6398532.272665394
256,257,1425.9860391066504,866.0254037845298,320790.16142436466,6398422.338650233,321654.68488327437,6398498.475038263
256,275,1397.5429532396333,866.0254037852244,320790.16142436466,6398422.338650233,320357.4772360006,6399258.733647474
256,276,1633.6697801645555,866.0254037852534,320790.16142436466,6398422.338650233,321192.8128428246,6399255.816562043
257,225,1864.6904847807948,1500.0,321654.68488327437,6398498.475038263,321642.3557237227,6397011.458269834
257,226,1952.1177979302402,1732.0508075688065,321654.68488327437,6398498.475038263,322525.0304807073,6397003.711039012
257,239,1794.7173730564998,866.025403784476,321654.68488327437,6398498.475038263,321203.3050131965,6397749.272145224
257,240,948.3199047365371,866.0254037843596,321654.68488327437,6398498.475038263,322046.3461024191,6397741.683167556
257,256,1425.9860391066502,866.0254037845298,321654.68488327437,6398498.475038263,320790.16142436466,6398422.338650233
257,275,1918.1643909600061,1500.0000000005084,321654.68488327437,6398498.475038263,320357.4772360006,6399258.733647474
257,276,1689.840716560418,866.0254037852826,321654.68488327437,6398498.475038263,321192.8128428246,6399255.816562043
257,277,1053.2128196297886,866.0254037851662,321654.68488327437,6398498.475038263,322074.32748614706,6399238.304749112
258,242,1137.746706655692,866.0254037844469,328623.2161483675,6398464.787685228,328120.04992200586,6397763.338540324
258,243,1111.260186222614,866.0254037844469,328623.2161483675,6398464.787685228,328997.26843695925,6397745.28649011
258,279,1861.7034570452354,866.0254037852534,328623.2161483675,6398464.787685228,329007.2497399091,6399237.960158617
259,243,1890.9958066029585,866.0254037844178,329438.69255146803,6398516.814585237,328997.26843695925,6397745.28649011
259,279,1242.632744536373,866.0254037852244,329438.69255146803,6398516.814585237,329007.2497399091,6399237.960158617
261,244,1121.6328876946675,866.0254037844469,331978.18316602375,6398554.021526381,331576.66330977157,6397710.514600742
261,245,1135.3510822996682,866.0254037844178,331978.18316602375,6398554.021526381,332464.3785736635,6397750.536822828
261,262,1643.5049458123403,866.0254037844134,331978.18316602375,6398554.021526381,332891.87699243403,6398487.246257975
261,281,850.035546149028,866.0254037852534,331978.18316602375,6398554.021526381,331627.6251666376,6399211.092632464
261,282,951.5887408652704,866.0254037852244,331978.18316602375,6398554.021526381,332478.45455934433,6399227.280400458
262,245,1685.5117958113644,866.0254037844469,332891.87699243403,6398487.246257975,332464.3785736635,6397750.536822828
262,246,1912.259305872305,866.0254037844178,332891.87699243403,6398487.246257975,333479.8116338442,6397806.15909893
262,261,1643.5049458123406,866.0254037844134,332891.87699243403,6398487.246257975,331978.18316602375,6398554.021526381
262,282,1418.3637823916013,866.0254037852534,332891.87699243403,6398487.246257975,332478.45455934433,6399227.280400458
263,247,1784.824357587331,866.0254037852534,306544.15369144524,6399357.182874299,306917.9004709863,6398706.978780834
263,287,1841.273391405993,1499.999999999942,306544.15369144524,6399357.182874299,307878.5406491732,6399927.285262286
264,287,1017.1903734641778,866.0254037844469,308216.5649834139,6399334.752625344,307878.5406491732,6399927.285262286
265,288,1616.3574999592793,866.0254037844178,309886.35164412035,6399231.017507113,309525.44655063807,6400065.573439948
265,289,1880.8613451441242,866.0254037844469,309886.35164412035,6399231.017507113,310405.1887652813,6400025.497931143
265,290,1987.9854535660274,1499.9999999999923,309886.35164412035,6399231.017507113,311239.0802361992,6400000.124644968
266,248,1057.1455346992304,866.0254037852534,310762.300586452,6399280.588052832,311248.11504174763,6398681.013469173
266,290,1684.8545092822944,866.0254037844469,310762.300586452,6399280.588052832,311239.0802361992,6400000.124644968
267,249,1293.2175865196284,866.0254037852534,312573.85461063526,6399245.2213191595,313042.2747224042,6398548.850701347
267,268,1635.7385700660964,866.0254037844134,312573.85461063526,6399245.2213191595,313299.0076360357,6399176.020836082
268,249,913.8214099990186,866.0254037852244,313299.0076360357,6399176.020836082,313042.2747224042,6398548.850701347
268,267,1635.7385700660957,866.0254037844134,313299.0076360357,6399176.020836082,312573.85461063526,6399245.2213191595
269,232,1862.0555378814345,1500.0000000009313,315154.6636201718,6399251.487144058,315135.65715809807,6397758.422586738
269,270,964.367675682623,866.0254037844134,315154.6636201718,6399251.487144058,315980.71367844177,6399324.546868879
269,293,1305.333724426276,866.0254037844178,315154.6636201718,6399251.487144058,314719.7045296031,6400025.141021072
269,294,1266.7388844507448,866.0254037844469,315154.6636201718,6399251.487144058,315613.9343705395,6400002.103278143
269,318,1926.4929139302358,1500.0,315154.6636201718,6399251.487144058,315154.8986387353,6400736.407345128
270,269,964.3676756826229,866.0254037844134,315980.71367844177,6399324.546868879,315154.6636201718,6399251.487144058
270,294,1375.5966224475228,866.0254037844178,315980.71367844177,6399324.546868879,315613.9343705395,6400002.103278143
270,295,1178.053655477111,866.0254037844469,315980.71367844177,6399324.546868879,316425.3935505965,6399979.88480587
270,296,1864.3177648312594,1499.9999999999923,315980.71367844177,6399324.546868879,317326.1510324908,6400006.195848802
271,251,1203.9136105902078,866.0254037851952,316864.72381342575,6399247.298033291,316456.5324120249,6398481.696464564
271,252,1323.5727102591297,866.0254037852826,316864.72381342575,6399247.298033291,317292.6434372703,6398482.342095501
271,272,1188.366145489414,866.0254037844716,316864.72381342575,6399247.298033291,317729.53323937993,6399254.001768905
272,235,1994.0483116200362,1500.0000000009313,317729.53323937993,6399254.001768905,317737.91479811596,6397747.552416549
272,252,1360.866614292532,866.0254037852244,317729.53323937993,6399254.001768905,317292.6434372703,6398482.342095501
272,253,1145.5470364714254,866.0254037852534,317729.53323937993,6399254.001768905,318170.19290796196,6398501.037690997
272,271,1188.3661454894147,866.0254037844716,317729.53323937993,6399254.001768905,316864.72381342575,6399247.298033291
272,273,1453.5465221598718,866.0254037844134,317729.53323937993,6399254.001768905,318621.67243920243,6399250.285729319
273,253,1129.307792998469,866.0254037852244,318621.67243920243,6399250.285729319,318170.19290796196,6398501.037690997
273,254,1294.3760673579347,866.0254037852244,318621.67243920243,6399250.285729319,319040.63083047885,6398488.379503151
273,272,1453.546522159873,866.0254037844134,318621.67243920243,6399250.285729319,317729.53323937993,6399254.001768905
273,274,1330.3401085060432,866.0254037844134,318621.67243920243,6399250.285729319,319473.91725360043,6399243.823804782
274,254,1143.2730474436682,866.0254037852534,319473.91725360043,6399243.823804782,319040.63083047885,6398488.379503151
274,255,1086.2169352116186,866.0254037852826,319473.91725360043,6399243.823804782,319883.87143313227,6398532.272665394
274,273,1330.3401085060432,866.0254037844134,319473.91725360043,6399243.823804782,318621.67243920243,6399250.285729319
274,275,1217.1093491103836,866.0254037844134,319473.91725360043,6399243.823804782,320357.4772360006,6399258.733647474
274,298,1046.8032978273154,866.0254037844469,319473.91725360043,6399243.823804782,319032.62650804664,6399993.621833308
274,299,1116.6055159273706,866.025403784476,319473.91725360043,6399243.823804782,319900.31201903755,6399996.525129196
275,254,1862.040549410166,1500.000000000458,320357.4772360006,6399258.733647474,319040.63083047885,6398488.379503151
275,255,1139.133380039542,866.0254037851952,320357.4772360006,6399258.733647474,319883.87143313227,6398532.272665394
275,256,1397.5429532396336,866.0254037852244,320357.4772360006,6399258.733647474,320790.16142436466,6398422.338650233
275,257,1918.164390960006,1500.0000000005084,320357.4772360006,6399258.733647474,321654.68488327437,6398498.475038263
275,274,1217.1093491103838,866.0254037844134,320357.4772360006,6399258.733647474,319473.91725360043,6399243.823804782
275,276,1216.7547795641797,866.0254037844134,320357.4772360006,6399258.733647474,321192.8128428246,6399255.816562043
275,299,1409.510792420205,866.0254037843887,320357.4772360006,6399258.733647474,319900.31201903755,6399996.525129196
275,300,1191.1830572710546,866.0254037844178,320357.4772360006,6399258.733647474,320767.69274524803,6399994.522013579
276,255,1994.8770803258355,1500.0000000003572,321192.8128428246,6399255.816562043,319883.87143313227,6398532.272665394
276,256,1633.6697801645546,866.0254037852534,321192.8128428246,6399255.816562043,320790.16142436466,6398422.338650233
276,257,1689.8407165604176,866.0254037852826,321192.8128428246,6399255.816562043,321654.68488327437,6398498.475038263
276,275,1216.7547795641788,866.0254037844134,321192.8128428246,6399255.816562043,320357.4772360006,6399258.733647474
276,277,1342.5888209270238,866.0254037843551,321192.8128428246,6399255.816562043,322074.32748614706,6399238.304749112
276,300,1350.3267148776147,866.0254037844469,321192.8128428246,6399255.816562043,320767.69274524803,6399994.522013579
276,301,942.805339376169,866.025403784476,321192.8128428246,6399255.816562043,321644.26916184183,6399994.973818417
276,302,1870.2661638316265,1499.999999999942,321192.8128428246,6399255.816562043,322510.8881427625,6399993.623234542
277,240,1768.9896311920213,1500.0000000009313,322074.32748614706,6399238.304749112,322046.3461024191,6397741.683167556
277,257,1053.212819629788,866.0254037851662,322074.32748614706,6399238.304749112,321654.68488327437,6398498.475038263
277,276,1342.5888209270252,866.0254037843551,322074.32748614706,6399238.304749112,321192.8128428246,6399255.816562043
277,278,1283.1896007996847,866.0254037844134,322074.32748614706,6399238.304749112,322940.09676513635,6399234.797034214
277,301,1525.980141161191,866.0254037843596,322074.32748614706,6399238.304749112,321644.26916184183,6399994.973818417
278,277,1283.1896007996852,866.0254037844134,322940.09676513635,6399234.797034214,322074.32748614706,6399238.304749112
278,303,1162.644961754245,866.025403784476,322940.09676513635,6399234.797034214,323361.22869953746,6399975.936503472
278,327,1885.2746130323892,1500.0,322940.09676513635,6399234.797034214,322921.5150491782,6400758.546185524
279,258,1861.7034570452356,866.0254037852534,329007.2497399091,6399237.960158617,328623.2161483675,6398464.787685228
279,259,1242.6327445363727,866.0254037852244,329007.2497399091,6399237.960158617,329438.69255146803,6398516.814585237
280,306,1087.229574998819,866.0254037844469,329878.8476056269,6399243.581568021,330297.6083565731,6400002.832840891
281,244,1829.7789874999592,1500.0000000009313,331627.6251666376,6399211.092632464,331576.66330977157,6397710.514600742
281,245,1845.757127782551,1732.0508075696712,331627.6251666376,6399211.092632464,332464.3785736635,6397750.536822828
281,261,850.0355461490279,866.0254037852534,331627.6251666376,6399211.092632464,331978.18316602375,6398554.021526381
281,282,1416.2406569024713,866.0254037844134,331627.6251666376,6399211.092632464,332478.45455934433,6399227.280400458
282,261,951.5887408652707,866.0254037852244,332478.45455934433,6399227.280400458,331978.18316602375,6398554.021526381
282,262,1418.3637823916024,866.0254037852534,332478.45455934433,6399227.280400458,332891.87699243403,6398487.246257975
282,281,1416.240656902471,866.0254037844134,332478.45455934433,6399227.280400458,331627.6251666376,6399211.092632464
282,307,1065.1874690695865,866.0254037844469,332478.45455934433,6399227.280400458,332894.0769957043,6400011.568749858
283,284,1601.8612341042308,866.0254037844134,304345.7590014233,6400049.355683786,305157.73632061743,6400043.950945503
283,309,1296.5639959313464,866.0254037844178,304345.7590014233,6400049.355683786,304771.0743325333,6400749.58944256
284,283,1601.8612341042324,866.0254037844134,305157.73632061743,6400043.950945503,304345.7590014233,6400049.355683786
284,309,1152.1479878968885,866.0254037844469,305157.73632061743,6400043.950945503,304771.0743325333,6400749.58944256
284,310,1109.625244040488,866.0254037844178,305157.73632061743,6400043.950945503,305695.9930331353,6400712.4468821
284,311,1713.0856654523732,1499.999999999942,305157.73632061743,6400043.950945503,306566.79761017475,6400768.04165046
285,286,989.1198524408204,866.0254037844134,306003.5494259591,6399900.797223375,306891.5877855773,6400004.272455495
286,285,989.1198524408205,866.0254037844134,306891.5877855773,6400004.272455495,306003.5494259591,6399900.797223375
286,287,1831.374636531586,866.0254037843551,306891.5877855773,6400004.272455495,307878.5406491732,6399927.285262286
286,312,1355.8363227422442,866.0254037844178,306891.5877855773,6400004.272455495,307355.6754584202,6400741.517924415
287,263,1841.2733914059932,1499.999999999942,307878.5406491732,6399927.285262286,306544.15369144524,6399357.182874299
287,264,1017.1903734641779,866.0254037844469,307878.5406491732,6399927.285262286,308216.5649834139,6399334.752625344
287,286,1831.374636531587,866.0254037843551,307878.5406491732,6399927.285262286,306891.5877855773,6400004.272455495
287,312,1389.2095583636856,866.0254037844178,307878.5406491732,6399927.285262286,307355.6754584202,6400741.517924415
288,265,1616.35749995928,866.0254037844178,309525.44655063807,6400065.573439948,309886.35164412035,6399231.017507113
288,289,1817.6747847052402,866.0254037844134,309525.44655063807,6400065.573439948,310405.1887652813,6400025.497931143
289,265,1880.8613451441254,866.0254037844469,310405.1887652813,6400025.497931143,309886.35164412035,6399231.017507113
289,288,1817.6747847052407,866.0254037844134,310405.1887652813,6400025.497931143,309525.44655063807,6400065.573439948
290,248,1667.8899030980633,1500.0000000009313,311239.0802361992,6400000.124644968,311248.11504174763,6398681.013469173
290,265,1987.985453566028,1499.9999999999923,311239.0802361992,6400000.124644968,309886.35164412035,6399231.017507113
290,266,1684.854509282294,866.0254037844469,311239.0802361992,6400000.124644968,310762.300586452,6399280.588052832
290,291,1304.0812443128382,866.0254037844134,311239.0802361992,6400000.124644968,312097.7874919627,6399994.617896608
290,315,1395.811977814203,866.0254037844469,311239.0802361992,6400000.124644968,310723.8815166438,6400800.173314094
290,316,1115.190427923426,866.0254037844178,311239.0802361992,6400000.124644968,311710.55543137377,6400764.297655706
291,290,1304.0812443128382,866.0254037844134,312097.7874919627,6399994.617896608,311239.0802361992,6400000.124644968
291,316,1332.494905558248,866.0254037844469,312097.7874919627,6399994.617896608,311710.55543137377,6400764.297655706
292,293,1014.2573297114076,866.0254037844134,313864.2275206107,6399999.126064276,314719.7045296031,6400025.141021072
292,317,1282.471742155539,866.0254037844178,313864.2275206107,6399999.126064276,314213.50636769715,6400676.637457506
292,318,1982.8847920108808,1499.999999999942,313864.2275206107,6399999.126064276,315154.8986387353,6400736.407345128
293,269,1305.3337244262768,866.0254037844178,314719.7045296031,6400025.141021072,315154.6636201718,6399251.487144058
293,292,1014.2573297114079,866.0254037844134,314719.7045296031,6400025.141021072,313864.2275206107,6399999.126064276
293,294,1474.273531629921,866.0254037844134,314719.7045296031,6400025.141021072,315613.9343705395,6400002.103278143
293,317,1380.6168024260758,866.0254037844469,314719.7045296031,6400025.141021072,314213.50636769715,6400676.637457506
293,318,1047.6444511969917,866.0254037844178,314719.7045296031,6400025.141021072,315154.8986387353,6400736.407345128
293,319,1742.9984258058244,1499.999999999942,314719.7045296031,6400025.141021072,316013.18475964793,6400748.575593849
294,269,1266.7388844507443,866.0254037844469,315613.9343705395,6400002.103278143,315154.6636201718,6399251.487144058
294,270,1375.5966224475221,866.0254037844178,315613.9343705395,6400002.103278143,315980.71367844177,6399324.546868879
294,293,1474.2735316299213,866.0254037844134,315613.9343705395,6400002.103278143,314719.7045296031,6400025.141021072
294,295,1496.2409025792556,866.0254037844134,315613.9343705395,6400002.103278143,316425.3935505965,6399979.88480587
294,318,1491.431078966297,866.0254037844469,315613.9343705395,6400002.103278143,315154.8986387353,6400736.407345128
294,319,1010.5561741116248,866.0254037844178,315613.9343705395,6400002.103278143,316013.18475964793,6400748.575593849
294,320,1691.3701121469467,1499.9999999998915,315613.9343705395,6400002.103278143,316817.8231289303,6400746.080766485
295,270,1178.0536554771113,866.0254037844469,316425.3935505965,6399979.88480587,315980.71367844177,6399324.546868879
295,294,1496.2409025792554,866.0254037844134,316425.3935505965,6399979.88480587,315613.9343705395,6400002.103278143
295,296,1545.8170964596095,866.0254037844134,316425.3935505965,6399979.88480587,317326.1510324908,6400006.195848802
295,319,1363.8418775726427,866.0254037844469,316425.3935505965,6399979.88480587,316013.18475964793,6400748.575593849
295,320,1124.2606911024739,866.0254037843887,316425.3935505965,6399979.88480587,316817.8231289303,6400746.080766485
296,270,1864.3177648312585,1499.9999999999923,317326.1510324908,6400006.195848802,315980.71367844177,6399324.546868879
296,295,1545.817096459609,866.0254037844134,317326.1510324908,6400006.195848802,316425.3935505965,6399979.88480587
296,297,1221.893949080458,866.0254037844134,317326.1510324908,6400006.195848802,318081.53851170896,6400126.295902286
296,319,1962.4155358024148,1499.9999999999923,317326.1510324908,6400006.195848802,316013.18475964793,6400748.575593849
296,320,1400.5268781398472,866.025403784476,317326.1510324908,6400006.195848802,316817.8231289303,6400746.080766485
296,321,987.7272059174672,866.0254037844178,317326.1510324908,6400006.195848802,317720.35366816056,6400711.2040129155
297,296,1221.893949080457,866.0254037844134,318081.53851170896,6400126.295902286,317326.1510324908,6400006.195848802
297,321,934.9073088515852,866.0254037844469,318081.53851170896,6400126.295902286,317720.35366816056,6400711.2040129155
297,345,1834.2685066214995,1499.9999999990687,318081.53851170896,6400126.295902286,318174.56821979897,6401495.702210581
298,274,1046.8032978273156,866.0254037844469,319032.62650804664,6399993.621833308,319473.91725360043,6399243.823804782
298,299,1387.2442648276287,866.0254037845298,319032.62650804664,6399993.621833308,319900.31201903755,6399996.525129196
299,274,1116.60551592737,866.025403784476,319900.31201903755,6399996.525129196,319473.91725360043,6399243.823804782
299,275,1409.5107924202055,866.0254037843887,319900.31201903755,6399996.525129196,320357.4772360006,6399258.733647474
299,298,1387.2442648276283,866.0254037845298,319900.31201903755,6399996.525129196,319032.62650804664,6399993.621833308
299,300,1999.0620883988045,866.0254037842969,319900.31201903755,6399996.525129196,320767.69274524803,6399994.522013579
300,275,1191.1830572710548,866.0254037844178,320767.69274524803,6399994.522013579,320357.4772360006,6399258.733647474
300,276,1350.3267148776144,866.0254037844469,320767.69274524803,6399994.522013579,321192.8128428246,6399255.816562043
300,299,1999.0620883988038,866.0254037842969,320767.69274524803,6399994.522013579,319900.31201903755,6399996.525129196
300,325,1493.1607922029893,866.0254037844469,320767.69274524803,6399994.522013579,321160.7884493482,6400746.442657621
300,348,1956.9581255682672,1499.9999999990687,320767.69274524803,6399994.522013579,320774.56394846307,6401505.06246865
301,276,942.8053393761687,866.025403784476,321644.26916184183,6399994.973818417,321192.8128428246,6399255.816562043
301,277,1525.980141161191,866.0254037843596,321644.26916184183,6399994.973818417,322074.32748614706,6399238.304749112
301,325,1673.3064983540046,866.025403784476,321644.26916184183,6399994.973818417,321160.7884493482,6400746.442657621
301,326,1611.1869164504233,866.0254037843596,321644.26916184183,6399994.973818417,322069.9154937336,6400741.977329767
302,276,1870.2661638316274,1499.999999999942,322510.8881427625,6399993.623234542,321192.8128428246,6399255.816562043
302,326,962.4857722752434,866.0254037844469,322510.8881427625,6399993.623234542,322069.9154937336,6400741.977329767
303,278,1162.644961754245,866.025403784476,323361.22869953746,6399975.936503472,322940.09676513635,6399234.797034214
303,327,1344.9873630096238,866.025403784476,323361.22869953746,6399975.936503472,322921.5150491782,6400758.546185524
303,328,1169.1210076426535,866.0254037844469,323361.22869953746,6399975.936503472,323782.4025677097,6400726.663235251
303,329,1941.494524266712,1499.9999999998915,323361.22869953746,6399975.936503472,324673.63451372285,6400736.685768442
304,330,1429.373613164264,866.0254037844178,325976.676762694,6399997.563909415,325558.46200046176,6400746.37869894
304,331,1121.6450452984784,866.0254037844178,325976.676762694,6399997.563909415,326393.62467697635,6400772.938179149
304,354,1917.7663705781492,1499.9999999990687,325976.676762694,6399997.563909415,325958.00907543174,6401488.284548118
305,332,1351.8838649570012,866.0254037844178,329430.76246346545,6400001.80111515,328964.08117206616,6400773.922787057
305,333,1426.1988585743968,866.0254037844178,329430.76246346545,6400001.80111515,329764.1942790135,6400740.531161374
306,280,1087.2295749988195,866.0254037844469,330297.6083565731,6400002.832840891,329878.8476056269,6399243.581568021
306,333,1047.9125369090216,866.0254037844469,330297.6083565731,6400002.832840891,329764.1942790135,6400740.531161374
307,282,1065.1874690695865,866.0254037844469,332894.0769957043,6400011.568749858,332478.45455934433,6399227.280400458
309,283,1296.5639959313473,866.0254037844178,304771.0743325333,6400749.58944256,304345.7590014233,6400049.355683786
309,284,1152.1479878968885,866.0254037844469,304771.0743325333,6400749.58944256,305157.73632061743,6400043.950945503
309,310,1269.7707397710271,866.0254037844134,304771.0743325333,6400749.58944256,305695.9930331353,6400712.4468821
309,334,1251.2421997264748,866.0254037836113,304771.0743325333,6400749.58944256,304408.9252942003,6401524.2824195605
309,335,1877.156816317711,866.0254037836403,304771.0743325333,6400749.58944256,305184.32218569424,6401470.580625771
309,359,1937.1814735248565,1500.0,304771.0743325333,6400749.58944256,304749.14124676073,6402224.608719907
310,284,1109.6252440404883,866.0254037844178,305695.9930331353,6400712.4468821,305157.73632061743,6400043.950945503
310,309,1269.7707397710276,866.0254037844134,305695.9930331353,6400712.4468821,304771.0743325333,6400749.58944256
310,311,1394.0412307938498,866.0254037844134,305695.9930331353,6400712.4468821,306566.79761017475,6400768.04165046
311,284,1713.0856654523718,1499.999999999942,306566.79761017475,6400768.04165046,305157.73632061743,6400043.950945503
311,310,1394.041230793849,866.0254037844134,306566.79761017475,6400768.04165046,305695.9930331353,6400712.4468821
311,312,1031.4852429835985,866.0254037844134,306566.79761017475,6400768.04165046,307355.6754584202,6400741.517924415
311,313,1982.4610578727388,1732.0508075688267,306566.79761017475,6400768.04165046,308223.6198388841,6400804.706469264
311,335,1956.3003528993934,1499.9999999994764,306566.79761017475,6400768.04165046,305184.32218569424,6401470.580625771
311,336,1564.8888054473503,866.0254037836113,306566.79761017475,6400768.04165046,306018.23264899163,6401488.0099023115
311,337,1783.86596075735,866.0254037836403,306566.79761017475,6400768.04165046,306870.8444538566,6401519.567495286
311,338,1830.9042375085778,1499.9999999994764,306566.79761017475,6400768.04165046,307781.1987826306,6401501.696633308
312,286,1355.836322742244,866.0254037844178,307355.6754584202,6400741.517924415,306891.5877855773,6400004.272455495
312,287,1389.2095583636851,866.0254037844178,307355.6754584202,6400741.517924415,307878.5406491732,6399927.285262286
312,311,1031.4852429835978,866.0254037844134,307355.6754584202,6400741.517924415,306566.79761017475,6400768.04165046
312,313,1087.692451026636,866.0254037844134,307355.6754584202,6400741.517924415,308223.6198388841,6400804.706469264
312,337,1231.2151718038301,866.0254037836113,307355.6754584202,6400741.517924415,306870.8444538566,6401519.567495286
312,338,1243.9401044118365,866.0254037836113,307355.6754584202,6400741.517924415,307781.1987826306,6401501.696633308
312,339,1974.441135209656,1499.9999999994764,307355.6754584202,6400741.517924415,308647.6050324948,6401526.669914767
313,311,1982.461057872739,1732.0508075688267,308223.6198388841,6400804.706469264,306566.79761017475,6400768.04165046
313,312,1087.6924510266367,866.0254037844134,308223.6198388841,6400804.706469264,307355.6754584202,6400741.517924415
313,338,1864.9919204600835,866.0254037836403,308223.6198388841,6400804.706469264,307781.1987826306,6401501.696633308
314,315,1192.7349348280281,866.0254037844134,309987.2227198699,6400688.485524907,310723.8815166438,6400800.173314094
315,290,1395.8119778142034,866.0254037844469,310723.8815166438,6400800.173314094,311239.0802361992,6400000.124644968
315,314,1192.7349348280284,866.0254037844134,310723.8815166438,6400800.173314094,309987.2227198699,6400688.485524907
315,340,1376.576569119469,866.0254037836113,310723.8815166438,6400800.173314094,310381.593461083,6401499.087550725
316,290,1115.1904279234261,866.0254037844178,311710.55543137377,6400764.297655706,311239.0802361992,6400000.124644968
316,291,1332.494905558248,866.0254037844469,311710.55543137377,6400764.297655706,312097.7874919627,6399994.617896608
317,292,1282.4717421555392,866.0254037844178,314213.50636769715,6400676.637457506,313864.2275206107,6399999.126064276
317,293,1380.6168024260758,866.0254037844469,314213.50636769715,6400676.637457506,314719.7045296031,6400025.141021072
317,318,1419.9423344561826,866.0254037844134,314213.50636769715,6400676.637457506,315154.8986387353,6400736.407345128
317,341,1466.6287421237225,866.0254037836403,314213.50636769715,6400676.637457506,314706.7814591896,6401484.1766926795
318,269,1926.4929139302349,1500.0,315154.8986387353,6400736.407345128,315154.6636201718,6399251.487144058
318,292,1982.8847920108803,1499.999999999942,315154.8986387353,6400736.407345128,313864.2275206107,6399999.126064276
318,293,1047.6444511969917,866.0254037844178,315154.8986387353,6400736.407345128,314719.7045296031,6400025.141021072
318,294,1491.4310789662961,866.0254037844469,315154.8986387353,6400736.407345128,315613.9343705395,6400002.103278143
318,317,1419.9423344561822,866.0254037844134,315154.8986387353,6400736.407345128,314213.50636769715,6400676.637457506
318,319,1760.1559731421994,866.0254037844134,315154.8986387353,6400736.407345128,316013.18475964793,6400748.575593849
318,341,1314.082115835979,866.0254037836113,315154.8986387353,6400736.407345128,314706.7814591896,6401484.1766926795
318,342,1332.4025859204478,866.0254037836403,315154.8986387353,6400736.407345128,315562.7558363684,6401494.26073383
318,343,1730.8371571423236,1499.9999999995266,315154.8986387353,6400736.407345128,316442.0827216217,6401497.051878357
319,293,1742.998425805824,1499.999999999942,316013.18475964793,6400748.575593849,314719.7045296031,6400025.141021072
319,294,1010.5561741116242,866.0254037844178,316013.18475964793,6400748.575593849,315613.9343705395,6400002.103278143
319,295,1363.841877572642,866.0254037844469,316013.18475964793,6400748.575593849,316425.3935505965,6399979.88480587
319,296,1962.415535802414,1499.9999999999923,316013.18475964793,6400748.575593849,317326.1510324908,6400006.195848802
319,318,1760.1559731421999,866.0254037844134,316013.18475964793,6400748.575593849,315154.8986387353,6400736.407345128
319,320,1071.8322520267309,866.0254037843551,316013.18475964793,6400748.575593849,316817.8231289303,6400746.080766485
319,342,1316.1964647455493,866.0254037836113,316013.18475964793,6400748.575593849,315562.7558363684,6401494.26073383
319,343,1291.7725963858256,866.0254037836403,316013.18475964793,6400748.575593849,316442.0827216217,6401497.051878357
320,294,1691.370112146946,1499.9999999998915,316817.8231289303,6400746.080766485,315613.9343705395,6400002.103278143
320,295,1124.2606911024739,866.0254037843887,316817.8231289303,6400746.080766485,316425.3935505965,6399979.88480587
320,296,1400.5268781398472,866.025403784476,316817.8231289303,6400746.080766485,317326.1510324908,6400006.195848802
320,319,1071.832252026731,866.0254037843551,316817.8231289303,6400746.080766485,316013.18475964793,6400748.575593849
320,321,1501.8000702700158,866.0254037844716,316817.8231289303,6400746.080766485,317720.35366816056,6400711.2040129155
320,342,1949.6069481028137,1499.9999999994259,316817.8231289303,6400746.080766485,315562.7558363684,6401494.26073383
320,343,1909.8892047146346,866.0254037835821,316817.8231289303,6400746.080766485,316442.0827216217,6401497.051878357
321,296,987.7272059174669,866.0254037844178,317720.35366816056,6400711.2040129155,317326.1510324908,6400006.195848802
321,297,934.907308851585,866.0254037844469,317720.35366816056,6400711.2040129155,318081.53851170896,6400126.295902286
321,320,1501.8000702700162,866.0254037844716,317720.35366816056,6400711.2040129155,316817.8231289303,6400746.080766485
321,344,1623.5306705327616,866.0254037836113,317720.35366816056,6400711.2040129155,317311.2870242053,6401482.320066249
321,345,1089.0720737826928,866.0254037836403,317720.35366816056,6400711.2040129155,318174.56821979897,6401495.702210581
321,346,1763.3257263732085,1499.9999999994764,317720.35366816056,6400711.2040129155,319043.3804247729,6401495.586043738
322,346,1267.8907989088875,866.0254037836113,318541.54741237365,6400757.302241424,319043.3804247729,6401495.586043738
323,324,1355.622174531927,866.0254037844134,319488.60753884225,6400715.633630508,320343.5984399376,6400728.989710568
324,323,1355.6221745319272,866.0254037844134,320343.5984399376,6400728.989710568,319488.60753884225,6400715.633630508
324,325,1605.871794372558,866.0254037844134,320343.5984399376,6400728.989710568,321160.7884493482,6400746.442657621
325,300,1493.1607922029884,866.0254037844469,321160.7884493482,6400746.442657621,320767.69274524803,6399994.522013579
325,301,1673.3064983540032,866.025403784476,321160.7884493482,6400746.442657621,321644.26916184183,6399994.973818417
325,324,1605.8717943725578,866.0254037844134,321160.7884493482,6400746.442657621,320343.5984399376,6400728.989710568
325,326,1203.9142450645381,866.0254037843551,321160.7884493482,6400746.442657621,322069.9154937336,6400741.977329767
325,348,1304.8262358430402,866.0254037836403,321160.7884493482,6400746.442657621,320774.56394846307,6401505.06246865
325,349,1336.624935884739,866.0254037836695,321160.7884493482,6400746.442657621,321657.78558457317,6401481.8799199555
326,301,1611.1869164504242,866.0254037843596,322069.9154937336,6400741.977329767,321644.26916184183,6399994.973818417
326,302,962.4857722752436,866.0254037844469,322069.9154937336,6400741.977329767,322510.8881427625,6399993.623234542
326,325,1203.9142450645386,866.0254037843551,322069.9154937336,6400741.977329767,321160.7884493482,6400746.442657621
326,349,1895.5979561146391,866.0254037835531,322069.9154937336,6400741.977329767,321657.78558457317,6401481.8799199555
327,278,1885.2746130323883,1500.0,322921.5150491782,6400758.546185524,322940.09676513635,6399234.797034214
327,303,1344.987363009624,866.025403784476,322921.5150491782,6400758.546185524,323361.22869953746,6399975.936503472
327,328,1129.8048229971332,866.0254037845298,322921.5150491782,6400758.546185524,323782.4025677097,6400726.663235251
327,350,1664.207058160188,866.0254037836113,322921.5150491782,6400758.546185524,322510.3106976496,6401484.2654955145
327,351,1634.6865233008843,866.0254037836695,322921.5150491782,6400758.546185524,323371.5515340605,6401495.166441065
327,376,1981.2439035539248,1500.0,322921.5150491782,6400758.546185524,322944.0592251386,6402238.50079207
328,303,1169.1210076426532,866.0254037844469,323782.4025677097,6400726.663235251,323361.22869953746,6399975.936503472
328,327,1129.8048229971328,866.0254037845298,323782.4025677097,6400726.663235251,322921.5150491782,6400758.546185524
328,329,1199.9569298178164,866.0254037842969,323782.4025677097,6400726.663235251,324673.63451372285,6400736.685768442
328,352,1609.6060981560986,866.0254037836113,323782.4025677097,6400726.663235251,324237.17846158694,6401496.672990407
329,303,1941.494524266711,1499.9999999998915,324673.63451372285,6400736.685768442,323361.22869953746,6399975.936503472
329,328,1199.956929817817,866.0254037842969,324673.63451372285,6400736.685768442,323782.4025677097,6400726.663235251
329,352,1479.3828882413238,866.0254037835821,324673.63451372285,6400736.685768442,324237.17846158694,6401496.672990407
329,353,1600.8450601299899,866.0254037836695,324673.63451372285,6400736.685768442,325103.6786302336,6401503.922884451
330,304,1429.373613164264,866.0254037844178,325558.46200046176,6400746.37869894,325976.676762694,6399997.563909415
330,331,1068.0898045085291,866.0254037843551,325558.46200046176,6400746.37869894,326393.62467697635,6400772.938179149
330,353,1154.715214658516,866.0254037836403,325558.46200046176,6400746.37869894,325103.6786302336,6401503.922884451
330,354,1065.1157770433463,866.0254037836113,325558.46200046176,6400746.37869894,325958.00907543174,6401488.284548118
330,379,1928.0502626720245,1500.0,325558.46200046176,6400746.37869894,325536.71022358484,6402244.637274688
331,304,1121.6450452984789,866.0254037844178,326393.62467697635,6400772.938179149,325976.676762694,6399997.563909415
331,330,1068.0898045085296,866.0254037843551,326393.62467697635,6400772.938179149,325558.46200046176,6400746.37869894
331,353,1841.404704063473,1499.9999999994764,326393.62467697635,6400772.938179149,325103.6786302336,6401503.922884451
331,354,1143.615420916253,866.0254037836113,326393.62467697635,6400772.938179149,325958.00907543174,6401488.284548118
331,355,1071.546720405409,866.0254037836695,326393.62467697635,6400772.938179149,326873.16311540094,6401490.135261925
332,305,1351.8838649570014,866.0254037844178,328964.08117206616,6400773.922787057,329430.76246346545,6400001.80111515
332,333,1113.6523420838987,866.0254037843551,328964.08117206616,6400773.922787057,329764.1942790135,6400740.531161374
332,356,1049.9910912511011,866.0254037836403,328964.08117206616,6400773.922787057,328621.5371722322,6401505.362868517
333,305,1426.198858574397,866.0254037844178,329764.1942790135,6400740.531161374,329430.76246346545,6400001.80111515
333,306,1047.9125369090214,866.0254037844469,329764.1942790135,6400740.531161374,330297.6083565731,6400002.832840891
333,332,1113.6523420838987,866.0254037843551,329764.1942790135,6400740.531161374,328964.08117206616,6400773.922787057
333,356,1741.5223870583736,1499.9999999994764,329764.1942790135,6400740.531161374,328621.5371722322,6401505.362868517
334,309,1251.2421997264746,866.0254037836113,304408.9252942003,6401524.2824195605,304771.0743325333,6400749.58944256
334,335,1496.5518398123393,866.0254037844134,304408.9252942003,6401524.2824195605,305184.32218569424,6401470.580625771
334,358,1480.7285464867468,866.0254037852244,304408.9252942003,6401524.2824195605,303934.2279064398,6402208.946673404
334,359,1059.1122838453084,866.0254037852244,304408.9252942003,6401524.2824195605,304749.14124676073,6402224.608719907
334,360,1967.2641697392012,1500.0000000004077,304408.9252942003,6401524.2824195605,305607.1125748202,6402237.510623812
335,309,1877.1568163177108,866.0254037836403,305184.32218569424,6401470.580625771,304771.0743325333,6400749.58944256
335,311,1956.3003528993931,1499.9999999994764,305184.32218569424,6401470.580625771,306566.79761017475,6400768.04165046
335,334,1496.5518398123374,866.0254037844134,305184.32218569424,6401470.580625771,304408.9252942003,6401524.2824195605
335,336,1118.5885448958145,866.0254037844134,305184.32218569424,6401470.580625771,306018.23264899163,6401488.0099023115
335,359,1418.4842652645075,866.0254037852534,305184.32218569424,6401470.580625771,304749.14124676073,6402224.608719907
335,360,1572.2451162287095,866.0254037852244,305184.32218569424,6401470.580625771,305607.1125748202,6402237.510623812
336,311,1564.8888054473505,866.0254037836113,306018.23264899163,6401488.0099023115,306566.79761017475,6400768.04165046
336,335,1118.5885448958145,866.0254037844134,306018.23264899163,6401488.0099023115,305184.32218569424,6401470.580625771
336,337,1150.5535804957065,866.0254037844134,306018.23264899163,6401488.0099023115,306870.8444538566,6401519.567495286
336,360,1635.6770417511996,866.0254037852534,306018.23264899163,6401488.0099023115,305607.1125748202,6402237.510623812
336,361,1042.814587669098,866.0254037852244,306018.23264899163,6401488.0099023115,306466.65757415915,6402219.363283089
336,362,1715.5541431372612,1500.0000000004077,306018.23264899163,6401488.0099023115,307348.40692868375,6402248.263188596
337,311,1783.8659607573497,866.0254037836403,306870.8444538566,6401519.567495286,306566.79761017475,6400768.04165046
337,312,1231.2151718038301,866.0254037836113,306870.8444538566,6401519.567495286,307355.6754584202,6400741.517924415
337,336,1150.553580495706,866.0254037844134,306870.8444538566,6401519.567495286,306018.23264899163,6401488.0099023115
337,338,1093.4599723571714,866.0254037843551,306870.8444538566,6401519.567495286,307781.1987826306,6401501.696633308
337,361,1116.3158211297027,866.0254037852534,306870.8444538566,6401519.567495286,306466.65757415915,6402219.363283089
337,362,1131.2747049470304,866.0254037852244,306870.8444538566,6401519.567495286,307348.40692868375,6402248.263188596
337,363,1785.1178078084374,1500.0000000004077,306870.8444538566,6401519.567495286,308227.897847702,6402239.316164326
337,387,1903.3161100423247,1500.0000000009313,306870.8444538566,6401519.567495286,306921.7973814631,6403025.702183324
338,311,1830.9042375085776,1499.9999999994764,307781.1987826306,6401501.696633308,306566.79761017475,6400768.04165046
338,312,1243.9401044118363,866.0254037836113,307781.1987826306,6401501.696633308,307355.6754584202,6400741.517924415
338,313,1864.9919204600822,866.0254037836403,307781.1987826306,6401501.696633308,308223.6198388841,6400804.706469264
338,337,1093.4599723571716,866.0254037843551,307781.1987826306,6401501.696633308,306870.8444538566,6401519.567495286
338,339,1108.8930854644896,866.0254037844134,307781.1987826306,6401501.696633308,308647.6050324948,6401526.669914767
338,361,1802.386355137016,1500.0000000004077,307781.1987826306,6401501.696633308,306466.65757415915,6402219.363283089
338,362,1142.7090739633531,866.0254037852244,307781.1987826306,6401501.696633308,307348.40692868375,6402248.263188596
338,363,1455.9507685662468,866.0254037852534,307781.1987826306,6401501.696633308,308227.897847702,6402239.316164326
339,312,1974.4411352096556,1499.9999999994764,308647.6050324948,6401526.669914767,307355.6754584202,6400741.517924415
339,338,1108.89308546449,866.0254037844134,308647.6050324948,6401526.669914767,307781.1987826306,6401501.696633308
339,362,1810.4158791259429,1500.0000000004077,308647.6050324948,6401526.669914767,307348.40692868375,6402248.263188596
339,363,1666.7935226857483,866.0254037852244,308647.6050324948,6401526.669914767,308227.897847702,6402239.316164326
340,315,1376.5765691194688,866.0254037836113,310381.593461083,6401499.087550725,310723.8815166438,6400800.173314094
341,317,1466.6287421237223,866.0254037836403,314706.7814591896,6401484.1766926795,314213.50636769715,6400676.637457506
341,318,1314.0821158359795,866.0254037836113,314706.7814591896,6401484.1766926795,315154.8986387353,6400736.407345128
341,342,1875.9103204780326,866.0254037844134,314706.7814591896,6401484.1766926795,315562.7558363684,6401494.26073383
341,366,1659.351766555717,866.0254037852534,314706.7814591896,6401484.1766926795,314285.82140704885,6402239.229910816
341,367,1656.4461241529946,866.0254037852244,314706.7814591896,6401484.1766926795,315134.99681575596,6402251.923586321
342,318,1332.4025859204485,866.0254037836403,315562.7558363684,6401494.26073383,315154.8986387353,6400736.407345128
342,319,1316.19646474555,866.0254037836113,315562.7558363684,6401494.26073383,316013.18475964793,6400748.575593849
342,320,1949.6069481028128,1499.9999999994259,315562.7558363684,6401494.26073383,316817.8231289303,6400746.080766485
342,341,1875.9103204780322,866.0254037844134,315562.7558363684,6401494.26073383,314706.7814591896,6401484.1766926795
342,343,1097.9780292898497,866.0254037844134,315562.7558363684,6401494.26073383,316442.0827216217,6401497.051878357
342,367,1165.141910477103,866.0254037852534,315562.7558363684,6401494.26073383,315134.99681575596,6402251.923586321
342,368,1229.9748779278173,866.0254037852244,315562.7558363684,6401494.26073383,316035.8485052283,6402226.525733983
342,396,1695.7596942148284,1500.0000000009313,315562.7558363684,6401494.26073383,315580.3078358495,6402989.156225019
343,318,1730.837157142325,1499.9999999995266,316442.0827216217,6401497.051878357,315154.8986387353,6400736.407345128
343,319,1291.772596385826,866.0254037836403,316442.0827216217,6401497.051878357,316013.18475964793,6400748.575593849
343,320,1909.8892047146344,866.0254037835821,316442.0827216217,6401497.051878357,316817.8231289303,6400746.080766485
343,342,1097.9780292898492,866.0254037844134,316442.0827216217,6401497.051878357,315562.7558363684,6401494.26073383
343,344,1219.3018356753441,866.0254037844134,316442.0827216217,6401497.051878357,317311.2870242053,6401482.320066249
343,368,1023.093674065851,866.0254037852534,316442.0827216217,6401497.051878357,316035.8485052283,6402226.525733983
343,369,1278.4704214431322,866.0254037851952,316442.0827216217,6401497.051878357,316879.110279439,6402225.406203392
343,370,1935.590127211277,1500.0000000004077,316442.0827216217,6401497.051878357,317736.63675987243,6402251.4218311235
344,321,1623.5306705327614,866.0254037836113,317311.2870242053,6401482.320066249,317720.35366816056,6400711.2040129155
344,343,1219.3018356753437,866.0254037844134,317311.2870242053,6401482.320066249,316442.0827216217,6401497.051878357
344,345,1316.6671072614326,866.0254037844134,317311.2870242053,6401482.320066249,318174.56821979897,6401495.702210581
344,369,1434.899868131826,866.0254037852826,317311.2870242053,6401482.320066249,316879.110279439,6402225.406203392
344,370,1673.9982431835833,866.0254037852244,317311.2870242053,6401482.320066249,317736.63675987243,6402251.4218311235
345,297,1834.2685066214992,1499.9999999990687,318174.56821979897,6401495.702210581,318081.53851170896,6400126.295902286
345,321,1089.0720737826928,866.0254037836403,318174.56821979897,6401495.702210581,317720.35366816056,6400711.2040129155
345,344,1316.667107261433,866.0254037844134,318174.56821979897,6401495.702210581,317311.2870242053,6401482.320066249
345,346,1078.300455120038,866.0254037843551,318174.56821979897,6401495.702210581,319043.3804247729,6401495.586043738
345,370,1174.693076894964,866.0254037852534,318174.56821979897,6401495.702210581,317736.63675987243,6402251.4218311235
345,371,1289.684348173122,866.0254037852244,318174.56821979897,6401495.702210581,318588.6384661356,6402242.5595661625
345,372,1750.8924781869623,1500.0000000004077,318174.56821979897,6401495.702210581,319472.27918850794,6402245.05783571
345,399,1542.1581494715597,1500.0000000009313,318174.56821979897,6401495.702210581,318049.89153867133,6402859.11240853
346,321,1763.3257263732085,1499.9999999994764,319043.3804247729,6401495.586043738,317720.35366816056,6400711.2040129155
346,322,1267.8907989088873,866.0254037836113,319043.3804247729,6401495.586043738,318541.54741237365,6400757.302241424
346,345,1078.3004551200377,866.0254037843551,319043.3804247729,6401495.586043738,318174.56821979897,6401495.702210581
346,347,1332.2327057328241,866.0254037845298,319043.3804247729,6401495.586043738,319894.3607989503,6401527.144217758
347,346,1332.232705732824,866.0254037845298,319894.3607989503,6401527.144217758,319043.3804247729,6401495.586043738
347,372,1917.4548177114557,866.0254037852826,319894.3607989503,6401527.144217758,319472.27918850794,6402245.05783571
348,300,1956.9581255682651,1499.9999999990687,320774.56394846307,6401505.06246865,320767.69274524803,6399994.522013579
348,325,1304.8262358430393,866.0254037836403,320774.56394846307,6401505.06246865,321160.7884493482,6400746.442657621
348,373,880.3695079069835,866.0254037852244,320774.56394846307,6401505.06246865,320252.16035128105,6402205.238920493
348,374,1316.4572092371377,866.0254037852534,320774.56394846307,6401505.06246865,321223.4908697307,6402238.157610369
349,325,1336.6249358847394,866.0254037836695,321657.78558457317,6401481.8799199555,321160.7884493482,6400746.442657621
349,326,1895.5979561146385,866.0254037835531,321657.78558457317,6401481.8799199555,322069.9154937336,6400741.977329767
349,350,1175.9954724857062,866.0254037842969,321657.78558457317,6401481.8799199555,322510.3106976496,6401484.2654955145
349,375,1321.1079378336908,866.0254037851662,321657.78558457317,6401481.8799199555,322105.3446368829,6402229.682942425
350,327,1664.2070581601886,866.0254037836113,322510.3106976496,6401484.2654955145,322921.5150491782,6400758.546185524
350,349,1175.9954724857066,866.0254037842969,322510.3106976496,6401484.2654955145,321657.78558457317,6401481.8799199555
350,351,1456.780686545111,866.0254037844716,322510.3106976496,6401484.2654955145,323371.5515340605,6401495.166441065
350,375,1694.0794415187227,866.0254037852534,322510.3106976496,6401484.2654955145,322105.3446368829,6402229.682942425
350,376,1275.36289315468,866.0254037852244,322510.3106976496,6401484.2654955145,322944.0592251386,6402238.50079207
350,377,1728.215119184673,1500.0000000005084,322510.3106976496,6401484.2654955145,323795.597762714,6402241.592076187
351,327,1634.6865233008841,866.0254037836695,323371.5515340605,6401495.166441065,322921.5150491782,6400758.546185524
351,350,1456.78068654511,866.0254037844716,323371.5515340605,6401495.166441065,322510.3106976496,6401484.2654955145
351,352,1535.476610877716,866.0254037844134,323371.5515340605,6401495.166441065,324237.17846158694,6401496.672990407
351,376,1590.0729614087788,866.0254037852826,323371.5515340605,6401495.166441065,322944.0592251386,6402238.50079207
351,377,1139.5089600638507,866.0254037852534,323371.5515340605,6401495.166441065,323795.597762714,6402241.592076187
351,378,1984.8718549318419,1500.0000000003572,323371.5515340605,6401495.166441065,324666.4147600207,6402258.270657589
352,328,1609.6060981560977,866.0254037836113,324237.17846158694,6401496.672990407,323782.4025677097,6400726.663235251
352,329,1479.382888241324,866.0254037835821,324237.17846158694,6401496.672990407,324673.63451372285,6400736.685768442
352,351,1535.476610877717,866.0254037844134,324237.17846158694,6401496.672990407,323371.5515340605,6401495.166441065
352,353,1549.765589636377,866.0254037844134,324237.17846158694,6401496.672990407,325103.6786302336,6401503.922884451
352,377,1689.8011944511866,866.0254037852244,324237.17846158694,6401496.672990407,323795.597762714,6402241.592076187
353,329,1600.8450601299905,866.0254037836695,325103.6786302336,6401503.922884451,324673.63451372285,6400736.685768442
353,330,1154.715214658516,866.0254037836403,325103.6786302336,6401503.922884451,325558.46200046176,6400746.37869894
353,331,1841.404704063472,1499.9999999994764,325103.6786302336,6401503.922884451,326393.62467697635,6400772.938179149
353,352,1549.7655896363774,866.0254037844134,325103.6786302336,6401503.922884451,324237.17846158694,6401496.672990407
353,354,1061.3000156574249,866.0254037844134,325103.6786302336,6401503.922884451,325958.00907543174,6401488.284548118
353,378,1184.8133210473818,866.0254037852826,325103.6786302336,6401503.922884451,324666.4147600207,6402258.270657589
353,379,1080.9656201432094,866.0254037852534,325103.6786302336,6401503.922884451,325536.71022358484,6402244.637274688
354,304,1917.7663705781506,1499.9999999990687,325958.00907543174,6401488.284548118,325976.676762694,6399997.563909415
354,330,1065.1157770433465,866.0254037836113,325958.00907543174,6401488.284548118,325558.46200046176,6400746.37869894
354,331,1143.6154209162535,866.0254037836113,325958.00907543174,6401488.284548118,326393.62467697635,6400772.938179149
354,353,1061.3000156574249,866.0254037844134,325958.00907543174,6401488.284548118,325103.6786302336,6401503.922884451
354,355,1154.0417439998391,866.0254037844716,325958.00907543174,6401488.284548118,326873.16311540094,6401490.135261925
354,378,1974.4534848386968,1500.0000000005084,325958.00907543174,6401488.284548118,324666.4147600207,6402258.270657589
354,379,1585.3031317550874,866.0254037852244,325958.00907543174,6401488.284548118,325536.71022358484,6402244.637274688
354,380,1908.1833542004108,866.0254037852244,325958.00907543174,6401488.284548118,326387.9939837648,6402256.367002154
354,381,1942.733785024702,1500.0000000004077,325958.00907543174,6401488.284548118,327267.3630633701,6402240.787254702
355,331,1071.546720405409,866.0254037836695,326873.16311540094,6401490.135261925,326393.62467697635,6400772.938179149
355,354,1154.041743999839,866.0254037844716,326873.16311540094,6401490.135261925,325958.00907543174,6401488.284548118
355,380,1573.182409678175,866.0254037852826,326873.16311540094,6401490.135261925,326387.9939837648,6402256.367002154
355,381,1230.4865272870677,866.0254037851952,326873.16311540094,6401490.135261925,327267.3630633701,6402240.787254702
355,382,1829.3053774266803,1500.0000000003572,326873.16311540094,6401490.135261925,328168.1903630382,6402234.539045883
356,332,1049.9910912511014,866.0254037836403,328621.5371722322,6401505.362868517,328964.08117206616,6400773.922787057
356,333,1741.5223870583734,1499.9999999994764,328621.5371722322,6401505.362868517,329764.1942790135,6400740.531161374
356,382,1488.2045533920093,866.0254037852534,328621.5371722322,6401505.362868517,328168.1903630382,6402234.539045883
357,383,1135.0319049390268,866.0254037852244,329383.87693476665,6401478.319297899,328995.66816074075,6402250.362475045
358,334,1480.7285464867475,866.0254037852244,303934.2279064398,6402208.946673404,304408.9252942003,6401524.2824195605
358,359,1301.1700885336431,866.0254037843551,303934.2279064398,6402208.946673404,304749.14124676073,6402224.608719907
358,384,886.9188487204872,866.0254037844178,303934.2279064398,6402208.946673404,304308.3555718476,6402904.85723975
359,309,1937.1814735248572,1500.0,304749.14124676073,6402224.608719907,304771.0743325333,6400749.58944256
359,334,1059.1122838453086,866.0254037852244,304749.14124676073,6402224.608719907,304408.9252942003,6401524.2824195605
359,335,1418.4842652645082,866.0254037852534,304749.14124676073,6402224.608719907,305184.32218569424,6401470.580625771
359,358,1301.1700885336431,866.0254037843551,304749.14124676073,6402224.608719907,303934.2279064398,6402208.946673404
359,360,1243.0707344131006,866.0254037844134,304749.14124676073,6402224.608719907,305607.1125748202,6402237.510623812
359,385,1043.1366678411046,866.0254037844469,304749.14124676073,6402224.608719907,305138.4748982339,6403036.634561156
360,334,1967.2641697392014,1500.0000000004077,305607.1125748202,6402237.510623812,304408.9252942003,6401524.2824195605
360,335,1572.24511622871,866.0254037852244,305607.1125748202,6402237.510623812,305184.32218569424,6401470.580625771
360,336,1635.6770417511993,866.0254037852534,305607.1125748202,6402237.510623812,306018.23264899163,6401488.0099023115
360,359,1243.0707344131,866.0254037844134,305607.1125748202,6402237.510623812,304749.14124676073,6402224.608719907
360,385,1505.5045407529276,866.0254037844178,305607.1125748202,6402237.510623812,305138.4748982339,6403036.634561156
360,386,1667.9732034720928,866.0254037844469,305607.1125748202,6402237.510623812,306050.67349094,6402983.939517669
361,336,1042.8145876690978,866.0254037852244,306466.65757415915,6402219.363283089,306018.23264899163,6401488.0099023115
361,337,1116.3158211297023,866.0254037852534,306466.65757415915,6402219.363283089,306870.8444538566,6401519.567495286
361,338,1802.386355137016,1500.0000000004077,306466.65757415915,6402219.363283089,307781.1987826306,6401501.696633308
361,362,1117.4668973350217,866.0254037844134,306466.65757415915,6402219.363283089,307348.40692868375,6402248.263188596
361,386,1465.2303202355845,866.0254037844178,306466.65757415915,6402219.363283089,306050.67349094,6402983.939517669
361,387,1211.479704329877,866.0254037844469,306466.65757415915,6402219.363283089,306921.7973814631,6403025.702183324
362,336,1715.5541431372603,1500.0000000004077,307348.40692868375,6402248.263188596,306018.23264899163,6401488.0099023115
362,337,1131.2747049470306,866.0254037852244,307348.40692868375,6402248.263188596,306870.8444538566,6401519.567495286
362,338,1142.7090739633536,866.0254037852244,307348.40692868375,6402248.263188596,307781.1987826306,6401501.696633308
362,339,1810.4158791259426,1500.0000000004077,307348.40692868375,6402248.263188596,308647.6050324948,6401526.669914767
362,361,1117.4668973350215,866.0254037844134,307348.40692868375,6402248.263188596,306466.65757415915,6402219.363283089
362,363,1228.3682652913242,866.0254037844134,307348.40692868375,6402248.263188596,308227.897847702,6402239.316164326
362,386,1973.8798808067256,1499.999999999942,307348.40692868375,6402248.263188596,306050.67349094,6402983.939517669
362,387,1132.6632493468678,866.0254037844178,307348.40692868375,6402248.263188596,306921.7973814631,6403025.702183324
362,388,1232.9241857481095,866.0254037844178,307348.40692868375,6402248.263188596,307781.73872399115,6403031.309681142
362,389,1902.2824999848674,1499.999999999942,307348.40692868375,6402248.263188596,308620.58215995936,6402972.336583568
363,337,1785.1178078084374,1500.0000000004077,308227.897847702,6402239.316164326,306870.8444538566,6401519.567495286
363,338,1455.9507685662475,866.0254037852534,308227.897847702,6402239.316164326,307781.1987826306,6401501.696633308
363,339,1666.7935226857476,866.0254037852244,308227.897847702,6402239.316164326,308647.6050324948,6401526.669914767
363,362,1228.3682652913242,866.0254037844134,308227.897847702,6402239.316164326,307348.40692868375,6402248.263188596
363,388,1150.5253754744012,866.0254037844469,308227.897847702,6402239.316164326,307781.73872399115,6403031.309681142
363,389,1248.2691001199644,866.0254037844178,308227.897847702,6402239.316164326,308620.58215995936,6402972.336583568
363,390,1693.0757634418721,1499.9999999999923,308227.897847702,6402239.316164326,309556.88157511124,6402888.517224508
363,417,1926.4642206332662,1500.0,308227.897847702,6402239.316164326,308171.80431361205,6403750.006585979
364,365,1603.063066047205,866.0254037844134,312477.4811691878,6402306.837117523,313393.2784251348,6402241.911060797
365,364,1603.063066047205,866.0254037844134,313393.2784251348,6402241.911060797,312477.4811691878,6402306.837117523
366,341,1659.3517665557172,866.0254037852534,314285.82140704885,6402239.229910816,314706.7814591896,6401484.1766926795
366,367,1208.950891860128,866.0254037844134,314285.82140704885,6402239.229910816,315134.99681575596,6402251.923586321
366,395,1273.4695347511565,866.0254037844469,314285.82140704885,6402239.229910816,314714.94349249057,6403065.559353673
367,341,1656.4461241529946,866.0254037852244,315134.99681575596,6402251.923586321,314706.7814591896,6401484.1766926795
367,342,1165.1419104771028,866.0254037852534,315134.99681575596,6402251.923586321,315562.7558363684,6401494.26073383
367,366,1208.9508918601282,866.0254037844134,315134.99681575596,6402251.923586321,314285.82140704885,6402239.229910816
367,368,1703.3927254751745,866.0254037844134,315134.99681575596,6402251.923586321,316035.8485052283,6402226.525733983
367,395,1213.5043922102395,866.0254037844178,315134.99681575596,6402251.923586321,314714.94349249057,6403065.559353673
367,396,1085.2520818808111,866.0254037844469,315134.99681575596,6402251.923586321,315580.3078358495,6402989.156225019
367,423,1769.0689865121226,1500.0,315134.99681575596,6402251.923586321,315153.1070586609,6403732.978901602
368,342,1229.9748779278173,866.0254037852244,316035.8485052283,6402226.525733983,315562.7558363684,6401494.26073383
368,343,1023.0936740658515,866.0254037852534,316035.8485052283,6402226.525733983,316442.0827216217,6401497.051878357
368,367,1703.3927254751745,866.0254037844134,316035.8485052283,6402226.525733983,315134.99681575596,6402251.923586321
368,369,1993.079087047139,866.0254037843551,316035.8485052283,6402226.525733983,316879.110279439,6402225.406203392
368,396,1579.9682346688214,866.0254037844178,316035.8485052283,6402226.525733983,315580.3078358495,6402989.156225019
368,397,1141.2427150377705,866.0254037844469,316035.8485052283,6402226.525733983,316426.632623482,6402992.028711644
369,343,1278.4704214431326,866.0254037851952,316879.110279439,6402225.406203392,316442.0827216217,6401497.051878357
369,344,1434.8998681318271,866.0254037852826,316879.110279439,6402225.406203392,317311.2870242053,6401482.320066249
369,368,1993.079087047137,866.0254037843551,316879.110279439,6402225.406203392,316035.8485052283,6402226.525733983
370,343,1935.590127211277,1500.0000000004077,317736.63675987243,6402251.4218311235,316442.0827216217,6401497.051878357
370,344,1673.998243183584,866.0254037852244,317736.63675987243,6402251.4218311235,317311.2870242053,6401482.320066249
370,345,1174.6930768949637,866.0254037852534,317736.63675987243,6402251.4218311235,318174.56821979897,6401495.702210581
370,371,1152.2788861207273,866.0254037844134,317736.63675987243,6402251.4218311235,318588.6384661356,6402242.5595661625
370,399,1206.1118153986881,866.0254037844469,317736.63675987243,6402251.4218311235,318049.89153867133,6402859.11240853
371,345,1289.6843481731219,866.0254037852244,318588.6384661356,6402242.5595661625,318174.56821979897,6401495.702210581
371,370,1152.278886120727,866.0254037844134,318588.6384661356,6402242.5595661625,317736.63675987243,6402251.4218311235
371,399,1464.5585680920856,866.0254037844178,318588.6384661356,6402242.5595661625,318049.89153867133,6402859.11240853
372,345,1750.8924781869628,1500.0000000004077,319472.27918850794,6402245.05783571,318174.56821979897,6401495.702210581
372,347,1917.4548177114555,866.0254037852826,319472.27918850794,6402245.05783571,319894.3607989503,6401527.144217758
372,373,1603.13425742162,866.0254037844134,319472.27918850794,6402245.05783571,320252.16035128105,6402205.238920493
372,400,1800.7323545092188,866.0254037844469,319472.27918850794,6402245.05783571,318941.72836101335,6402979.458170378
372,401,1924.984678412488,866.025403784476,319472.27918850794,6402245.05783571,319910.56834745954,6402989.943835951
373,348,880.3695079069836,866.0254037852244,320252.16035128105,6402205.238920493,320774.56394846307,6401505.06246865
373,372,1603.1342574216205,866.0254037844134,320252.16035128105,6402205.238920493,319472.27918850794,6402245.05783571
373,401,1602.5097512621378,866.0254037843887,320252.16035128105,6402205.238920493,319910.56834745954,6402989.943835951
373,402,1385.3023799021016,866.0254037844178,320252.16035128105,6402205.238920493,320702.70720489684,6403030.491309218
374,348,1316.4572092371372,866.0254037852534,321223.4908697307,6402238.157610369,320774.56394846307,6401505.06246865
375,349,1321.1079378336901,866.0254037851662,322105.3446368829,6402229.682942425,321657.78558457317,6401481.8799199555
375,350,1694.0794415187218,866.0254037852534,322105.3446368829,6402229.682942425,322510.3106976496,6401484.2654955145
375,376,1059.0758074869043,866.0254037844134,322105.3446368829,6402229.682942425,322944.0592251386,6402238.50079207
375,403,1306.1742190854518,866.0254037843596,322105.3446368829,6402229.682942425,321652.38531539065,6403005.245236226
375,404,1438.189120041638,866.0254037844469,322105.3446368829,6402229.682942425,322499.61073621956,6402991.0991086885
376,327,1981.2439035539257,1500.0,322944.0592251386,6402238.50079207,322921.5150491782,6400758.546185524
376,350,1275.3628931546805,866.0254037852244,322944.0592251386,6402238.50079207,322510.3106976496,6401484.2654955145
376,351,1590.0729614087795,866.0254037852826,322944.0592251386,6402238.50079207,323371.5515340605,6401495.166441065
376,375,1059.075807486904,866.0254037844134,322944.0592251386,6402238.50079207,322105.3446368829,6402229.682942425
376,377,1509.8144550167035,866.0254037845298,322944.0592251386,6402238.50079207,323795.597762714,6402241.592076187
376,404,1460.3956336704478,866.0254037844178,322944.0592251386,6402238.50079207,322499.61073621956,6402991.0991086885
376,405,1714.5130469470266,866.025403784476,322944.0592251386,6402238.50079207,323380.94659714267,6403006.0471268315
377,350,1728.2151191846724,1500.0000000005084,323795.597762714,6402241.592076187,322510.3106976496,6401484.2654955145
377,351,1139.5089600638505,866.0254037852534,323795.597762714,6402241.592076187,323371.5515340605,6401495.166441065
377,352,1689.8011944511861,866.0254037852244,323795.597762714,6402241.592076187,324237.17846158694,6401496.672990407
377,376,1509.814455016703,866.0254037845298,323795.597762714,6402241.592076187,322944.0592251386,6402238.50079207
377,378,1035.2332821381565,866.0254037842969,323795.597762714,6402241.592076187,324666.4147600207,6402258.270657589
378,351,1984.8718549318417,1500.0000000003572,324666.4147600207,6402258.270657589,323371.5515340605,6401495.166441065
378,353,1184.8133210473825,866.0254037852826,324666.4147600207,6402258.270657589,325103.6786302336,6401503.922884451
378,354,1974.4534848386984,1500.0000000005084,324666.4147600207,6402258.270657589,325958.00907543174,6401488.284548118
378,377,1035.233282138157,866.0254037842969,324666.4147600207,6402258.270657589,323795.597762714,6402241.592076187
378,379,980.6396239876885,866.0254037845298,324666.4147600207,6402258.270657589,325536.71022358484,6402244.637274688
379,330,1928.0502626720238,1500.0,325536.71022358484,6402244.637274688,325558.46200046176,6400746.37869894
379,353,1080.9656201432094,866.0254037852534,325536.71022358484,6402244.637274688,325103.6786302336,6401503.922884451
379,354,1585.3031317550876,866.0254037852244,325536.71022358484,6402244.637274688,325958.00907543174,6401488.284548118
379,378,980.6396239876887,866.0254037845298,325536.71022358484,6402244.637274688,324666.4147600207,6402258.270657589
379,408,1327.8105658466666,866.0254037844178,325536.71022358484,6402244.637274688,325967.38130418805,6402982.325673973
380,354,1908.183354200411,866.0254037852244,326387.9939837648,6402256.367002154,325958.00907543174,6401488.284548118
380,355,1573.1824096781754,866.0254037852826,326387.9939837648,6402256.367002154,326873.16311540094,6401490.135261925
380,381,1418.4870342433003,866.0254037844134,326387.9939837648,6402256.367002154,327267.3630633701,6402240.787254702
381,354,1942.7337850247025,1500.0000000004077,327267.3630633701,6402240.787254702,325958.00907543174,6401488.284548118
381,355,1230.4865272870684,866.0254037851952,327267.3630633701,6402240.787254702,326873.16311540094,6401490.135261925
381,380,1418.4870342432998,866.0254037844134,327267.3630633701,6402240.787254702,326387.9939837648,6402256.367002154
381,382,1200.8500749225814,866.0254037844134,327267.3630633701,6402240.787254702,328168.1903630382,6402234.539045883
381,410,1275.1022709888828,866.025403784476,327267.3630633701,6402240.787254702,327704.39937919774,6402985.815197513
382,355,1829.3053774266807,1500.0000000003572,328168.1903630382,6402234.539045883,326873.16311540094,6401490.135261925
382,356,1488.204553392009,866.0254037852534,328168.1903630382,6402234.539045883,328621.5371722322,6401505.362868517
382,381,1200.8500749225825,866.0254037844134,328168.1903630382,6402234.539045883,327267.3630633701,6402240.787254702
382,383,1150.4645683149752,866.0254037844716,328168.1903630382,6402234.539045883,328995.66816074075,6402250.362475045
382,410,1249.5416117015582,866.0254037843887,328168.1903630382,6402234.539045883,327704.39937919774,6402985.815197513
382,411,1557.6332750547585,866.0254037844469,328168.1903630382,6402234.539045883,328568.9423692135,6402968.256106926
383,357,1135.0319049390264,866.0254037852244,328995.66816074075,6402250.362475045,329383.87693476665,6401478.319297899
383,382,1150.4645683149745,866.0254037844716,328995.66816074075,6402250.362475045,328168.1903630382,6402234.539045883
383,411,1496.9280934717203,866.0254037844469,328995.66816074075,6402250.362475045,328568.9423692135,6402968.256106926
383,412,1299.9712258088396,866.0254037844178,328995.66816074075,6402250.362475045,329433.01376130333,6403018.005963318
384,358,886.918848720487,866.0254037844178,304308.3555718476,6402904.85723975,303934.2279064398,6402208.946673404
385,359,1043.1366678411048,866.0254037844469,305138.4748982339,6403036.634561156,304749.14124676073,6402224.608719907
385,360,1505.5045407529283,866.0254037844178,305138.4748982339,6403036.634561156,305607.1125748202,6402237.510623812
385,386,1288.6858475568893,866.0254037844134,305138.4748982339,6403036.634561156,306050.67349094,6402983.939517669
386,360,1667.9732034720926,866.0254037844469,306050.67349094,6402983.939517669,305607.1125748202,6402237.510623812
386,361,1465.2303202355847,866.0254037844178,306050.67349094,6402983.939517669,306466.65757415915,6402219.363283089
386,362,1973.8798808067247,1499.999999999942,306050.67349094,6402983.939517669,307348.40692868375,6402248.263188596
386,385,1288.685847556889,866.0254037844134,306050.67349094,6402983.939517669,305138.4748982339,6403036.634561156
386,387,1219.5341773662235,866.0254037844134,306050.67349094,6402983.939517669,306921.7973814631,6403025.702183324
387,337,1903.3161100423254,1500.0000000009313,306921.7973814631,6403025.702183324,306870.8444538566,6401519.567495286
387,361,1211.4797043298768,866.0254037844469,306921.7973814631,6403025.702183324,306466.65757415915,6402219.363283089
387,362,1132.6632493468683,866.0254037844178,306921.7973814631,6403025.702183324,307348.40692868375,6402248.263188596
387,386,1219.5341773662235,866.0254037844134,306921.7973814631,6403025.702183324,306050.67349094,6402983.939517669
387,388,951.2168574426407,866.0254037843551,306921.7973814631,6403025.702183324,307781.73872399115,6403031.309681142
387,415,1909.9272103571143,866.0254037844469,306921.7973814631,6403025.702183324,306498.6551174739,6403718.921560891
387,416,1341.4818193067515,866.0254037844178,306921.7973814631,6403025.702183324,307349.72258738586,6403756.331791476
387,417,1708.349458074329,1499.999999999942,306921.7973814631,6403025.702183324,308171.80431361205,6403750.006585979
388,362,1232.9241857481093,866.0254037844178,307781.73872399115,6403031.309681142,307348.40692868375,6402248.263188596
388,363,1150.5253754744015,866.0254037844469,307781.73872399115,6403031.309681142,308227.897847702,6402239.316164326
388,387,951.2168574426406,866.0254037843551,307781.73872399115,6403031.309681142,306921.7973814631,6403025.702183324
388,389,1082.6007396177163,866.0254037844134,307781.73872399115,6403031.309681142,308620.58215995936,6402972.336583568
388,416,1393.4837871514383,866.0254037844178,307781.73872399115,6403031.309681142,307349.72258738586,6403756.331791476
388,417,1279.253084822831,866.0254037844469,307781.73872399115,6403031.309681142,308171.80431361205,6403750.006585979
388,418,1909.1573481711127,1499.9999999999923,307781.73872399115,6403031.309681142,309059.8685323042,6403744.122364303
389,362,1902.2824999848692,1499.999999999942,308620.58215995936,6402972.336583568,307348.40692868375,6402248.263188596
389,363,1248.2691001199646,866.0254037844178,308620.58215995936,6402972.336583568,308227.897847702,6402239.316164326
389,388,1082.6007396177163,866.0254037844134,308620.58215995936,6402972.336583568,307781.73872399115,6403031.309681142
389,390,1298.3840461453683,866.0254037844716,308620.58215995936,6402972.336583568,309556.88157511124,6402888.517224508
389,416,1856.5118741779115,1499.999999999942,308620.58215995936,6402972.336583568,307349.72258738586,6403756.331791476
389,417,1088.9428505487967,866.0254037844178,308620.58215995936,6402972.336583568,308171.80431361205,6403750.006585979
389,418,1591.553494165606,866.0254037844469,308620.58215995936,6402972.336583568,309059.8685323042,6403744.122364303
389,419,1944.4483217308095,1499.9999999999923,308620.58215995936,6402972.336583568,309948.5890441435,6403755.350586181
390,363,1693.0757634418721,1499.9999999999923,309556.88157511124,6402888.517224508,308227.897847702,6402239.316164326
390,389,1298.384046145368,866.0254037844716,309556.88157511124,6402888.517224508,308620.58215995936,6402972.336583568
390,418,1976.592116949012,866.0254037844469,309556.88157511124,6402888.517224508,309059.8685323042,6403744.122364303
390,419,1701.7467980687636,866.0254037844178,309556.88157511124,6402888.517224508,309948.5890441435,6403755.350586181
393,422,1793.1879592641208,866.0254037844178,312909.5615864679,6403049.985856607,313410.971638383,6403734.592067654
395,366,1273.4695347511565,866.0254037844469,314714.94349249057,6403065.559353673,314285.82140704885,6402239.229910816
395,367,1213.5043922102402,866.0254037844178,314714.94349249057,6403065.559353673,315134.99681575596,6402251.923586321
395,396,1667.9990287391006,866.0254037844134,314714.94349249057,6403065.559353673,315580.3078358495,6402989.156225019
395,423,955.8159767883905,866.0254037844178,314714.94349249057,6403065.559353673,315153.1070586609,6403732.978901602
395,424,1974.0461357436836,1499.999999999942,314714.94349249057,6403065.559353673,315980.9767500619,6403745.547564
395,450,1956.2071897965866,1499.9999999990687,314714.94349249057,6403065.559353673,314658.6546656708,6404507.468063751
396,342,1695.7596942148277,1500.0000000009313,315580.3078358495,6402989.156225019,315562.7558363684,6401494.26073383
396,367,1085.2520818808114,866.0254037844469,315580.3078358495,6402989.156225019,315134.99681575596,6402251.923586321
396,368,1579.9682346688217,866.0254037844178,315580.3078358495,6402989.156225019,316035.8485052283,6402226.525733983
396,395,1667.9990287391015,866.0254037844134,315580.3078358495,6402989.156225019,314714.94349249057,6403065.559353673
396,397,1310.4786244097595,866.0254037844134,315580.3078358495,6402989.156225019,316426.632623482,6402992.028711644
396,423,1555.3580482240995,866.0254037844469,315580.3078358495,6402989.156225019,315153.1070586609,6403732.978901602
396,424,1049.7100133514984,866.0254037844178,315580.3078358495,6402989.156225019,315980.9767500619,6403745.547564
396,451,1806.5434458315892,1499.9999999990687,315580.3078358495,6402989.156225019,315632.65598111995,6404490.646603427
397,368,1141.2427150377707,866.0254037844469,316426.632623482,6402992.028711644,316035.8485052283,6402226.525733983
397,396,1310.4786244097597,866.0254037844134,316426.632623482,6402992.028711644,315580.3078358495,6402989.156225019
397,424,1199.88855872596,866.0254037844469,316426.632623482,6402992.028711644,315980.9767500619,6403745.547564
397,425,1744.0172554863252,866.0254037843887,316426.632623482,6402992.028711644,316873.8396361597,6403759.456223712
398,399,1698.1100241698678,866.0254037844134,317306.51131134987,6403000.41368671,318049.89153867133,6402859.11240853
398,425,1167.2331536965753,866.025403784476,317306.51131134987,6403000.41368671,316873.8396361597,6403759.456223712
398,426,1430.9393873527274,866.0254037844178,317306.51131134987,6403000.41368671,317727.2625255614,6403752.780444585
398,453,1664.6902954891746,1499.9999999990687,317306.51131134987,6403000.41368671,317377.4680406762,6404388.438676944
399,345,1542.15814947156,1500.0000000009313,318049.89153867133,6402859.11240853,318174.56821979897,6401495.702210581
399,370,1206.1118153986883,866.0254037844469,318049.89153867133,6402859.11240853,317736.63675987243,6402251.4218311235
399,371,1464.5585680920847,866.0254037844178,318049.89153867133,6402859.11240853,318588.6384661356,6402242.5595661625
399,398,1698.1100241698664,866.0254037844134,318049.89153867133,6402859.11240853,317306.51131134987,6403000.41368671
399,400,1244.0324842889786,866.0254037843551,318049.89153867133,6402859.11240853,318941.72836101335,6402979.458170378
399,427,1940.821710908505,866.0254037844178,318049.89153867133,6402859.11240853,318587.97213911574,6403729.278571505
400,372,1800.7323545092183,866.0254037844469,318941.72836101335,6402979.458170378,319472.27918850794,6402245.05783571
400,399,1244.0324842889786,866.0254037843551,318941.72836101335,6402979.458170378,318049.89153867133,6402859.11240853
400,401,1855.0113980689518,866.0254037845298,318941.72836101335,6402979.458170378,319910.56834745954,6402989.943835951
400,427,1427.6033685630719,866.0254037844178,318941.72836101335,6402979.458170378,318587.97213911574,6403729.278571505
401,372,1924.9846784124866,866.025403784476,319910.56834745954,6402989.943835951,319472.27918850794,6402245.05783571
401,373,1602.5097512621362,866.0254037843887,319910.56834745954,6402989.943835951,320252.16035128105,6402205.238920493
401,400,1855.011398068952,866.0254037845298,319910.56834745954,6402989.943835951,318941.72836101335,6402979.458170378
401,402,1227.4487377573228,866.0254037842969,319910.56834745954,6402989.943835951,320702.70720489684,6403030.491309218
401,428,1344.8768384553323,866.025403784476,319910.56834745954,6402989.943835951,319494.7003318324,6403769.931215462
401,429,1350.045257450327,866.0254037843887,319910.56834745954,6402989.943835951,320260.84816141933,6403791.7367490735
402,373,1385.3023799021014,866.0254037844178,320702.70720489684,6403030.491309218,320252.16035128105,6402205.238920493
402,401,1227.4487377573225,866.0254037842969,320702.70720489684,6403030.491309218,319910.56834745954,6402989.943835951
402,430,1735.7515311720451,866.0254037844469,320702.70720489684,6403030.491309218,321222.369684822,6403775.78312648
403,375,1306.1742190854516,866.0254037843596,321652.38531539065,6403005.245236226,322105.3446368829,6402229.682942425
403,404,1696.023011139483,866.0254037842969,321652.38531539065,6403005.245236226,322499.61073621956,6402991.0991086885
404,375,1438.189120041638,866.0254037844469,322499.61073621956,6402991.0991086885,322105.3446368829,6402229.682942425
404,376,1460.3956336704468,866.0254037844178,322499.61073621956,6402991.0991086885,322944.0592251386,6402238.50079207
404,403,1696.0230111394835,866.0254037842969,322499.61073621956,6402991.0991086885,321652.38531539065,6403005.245236226
404,405,1609.1881098349747,866.0254037844716,322499.61073621956,6402991.0991086885,323380.94659714267,6403006.0471268315
404,431,1358.4416574956729,866.0254037844469,322499.61073621956,6402991.0991086885,322063.24600682827,6403744.72725994
404,432,1109.1139076496424,866.0254037844178,322499.61073621956,6402991.0991086885,322811.8151466828,6403723.768920868
404,459,1934.3893441629225,1499.9999999990687,322499.61073621956,6402991.0991086885,322495.1871966922,6404497.215513062
405,376,1714.5130469470275,866.025403784476,323380.94659714267,6403006.0471268315,322944.0592251386,6402238.50079207
405,404,1609.1881098349759,866.0254037844716,323380.94659714267,6403006.0471268315,322499.61073621956,6402991.0991086885
405,406,1117.28292198488,866.0254037844134,323380.94659714267,6403006.0471268315,324259.970436906,6402940.823999175
405,433,1331.8978712708831,866.0254037844469,323380.94659714267,6403006.0471268315,323805.5281994428,6403750.525505028
406,405,1117.2829219848802,866.0254037844134,324259.970436906,6402940.823999175,323380.94659714267,6403006.0471268315
406,407,914.7170793397261,866.0254037844134,324259.970436906,6402940.823999175,325093.0012989271,6402973.557488211
406,408,1814.3783020842575,1732.0508075688267,324259.970436906,6402940.823999175,325967.38130418805,6402982.325673973
406,433,1512.371444464941,866.0254037844178,324259.970436906,6402940.823999175,323805.5281994428,6403750.525505028
406,434,1612.2396317304028,866.0254037843887,324259.970436906,6402940.823999175,324685.56606693636,6403725.706444748
406,435,1957.7388765564485,1499.9999999999923,324259.970436906,6402940.823999175,325534.30264439667,6403746.28885343
407,406,914.7170793397262,866.0254037844134,325093.0012989271,6402973.557488211,324259.970436906,6402940.823999175
407,408,899.6612227445308,866.0254037844134,325093.0012989271,6402973.557488211,325967.38130418805,6402982.325673973
407,409,1954.2179997118246,1732.050807568885,325093.0012989271,6402973.557488211,326853.81922956655,6402994.889175678
407,434,1352.0659796832851,866.025403784476,325093.0012989271,6402973.557488211,324685.56606693636,6403725.706444748
407,435,1207.0079801725676,866.0254037844469,325093.0012989271,6402973.557488211,325534.30264439667,6403746.28885343
407,436,1807.770663841067,1499.999999999942,325093.0012989271,6402973.557488211,326366.59749613085,6403741.605861831
408,379,1327.810565846667,866.0254037844178,325967.38130418805,6402982.325673973,325536.71022358484,6402244.637274688
408,406,1814.378302084258,1732.0508075688267,325967.38130418805,6402982.325673973,324259.970436906,6402940.823999175
408,407,899.6612227445313,866.0254037844134,325967.38130418805,6402982.325673973,325093.0012989271,6402973.557488211
408,409,1054.5567769672944,866.0254037844716,325967.38130418805,6402982.325673973,326853.81922956655,6402994.889175678
408,435,1558.5639428138352,866.0254037844178,325967.38130418805,6402982.325673973,325534.30264439667,6403746.28885343
408,436,1201.534834033924,866.0254037844178,325967.38130418805,6402982.325673973,326366.59749613085,6403741.605861831
408,437,1868.0619507853569,1499.999999999942,325967.38130418805,6402982.325673973,327283.2459296249,6403764.689731385
408,463,1789.0443921547221,1499.9999999990687,325967.38130418805,6402982.325673973,325990.33720420464,6404498.536052982
409,407,1954.2179997118262,1732.050807568885,326853.81922956655,6402994.889175678,325093.0012989271,6402973.557488211
409,408,1054.5567769672948,866.0254037844716,326853.81922956655,6402994.889175678,325967.38130418805,6402982.325673973
409,410,1435.0751131145978,866.0254037844134,326853.81922956655,6402994.889175678,327704.39937919774,6402985.815197513
409,436,1897.1965556694602,866.025403784476,326853.81922956655,6402994.889175678,326366.59749613085,6403741.605861831
409,437,1626.68896175669,866.0254037843887,326853.81922956655,6402994.889175678,327283.2459296249,6403764.689731385
409,438,1652.5395159801838,1499.9999999998915,326853.81922956655,6402994.889175678,328130.67317437375,6403714.475547113
410,381,1275.1022709888823,866.025403784476,327704.39937919774,6402985.815197513,327267.3630633701,6402240.787254702
410,382,1249.5416117015575,866.0254037843887,327704.39937919774,6402985.815197513,328168.1903630382,6402234.539045883
410,409,1435.075113114598,866.0254037844134,327704.39937919774,6402985.815197513,326853.81922956655,6402994.889175678
410,411,1105.9996104160905,866.0254037843551,327704.39937919774,6402985.815197513,328568.9423692135,6402968.256106926
410,437,1863.0077238297877,866.025403784476,327704.39937919774,6402985.815197513,327283.2459296249,6403764.689731385
410,438,1502.8743604154504,866.0254037843887,327704.39937919774,6402985.815197513,328130.67317437375,6403714.475547113
411,382,1557.6332750547588,866.0254037844469,328568.9423692135,6402968.256106926,328168.1903630382,6402234.539045883
411,383,1496.9280934717208,866.0254037844469,328568.9423692135,6402968.256106926,328995.66816074075,6402250.362475045
411,410,1105.999610416091,866.0254037843551,328568.9423692135,6402968.256106926,327704.39937919774,6402985.815197513
411,412,1491.01613947927,866.0254037844134,328568.9423692135,6402968.256106926,329433.01376130333,6403018.005963318
411,438,1974.0445286939869,866.0254037844469,328568.9423692135,6402968.256106926,328130.67317437375,6403714.475547113
412,383,1299.9712258088398,866.0254037844178,329433.01376130333,6403018.005963318,328995.66816074075,6402250.362475045
412,411,1491.0161394792701,866.0254037844134,329433.01376130333,6403018.005963318,328568.9423692135,6402968.256106926
412,413,1264.0568888229031,866.0254037844134,329433.01376130333,6403018.005963318,330119.35227144393,6403160.420476699
412,439,1578.3820152574451,866.0254037844178,329433.01376130333,6403018.005963318,328988.76328594016,6403729.1969700875
412,440,1145.2650785371397,866.0254037844178,329433.01376130333,6403018.005963318,329987.39756252524,6403664.844568
412,441,1875.1420778289844,1499.9999999999923,329433.01376130333,6403018.005963318,330723.1842354776,6403760.737415021
413,412,1264.0568888229034,866.0254037844134,330119.35227144393,6403160.420476699,329433.01376130333,6403018.005963318
413,414,1911.466488763728,866.0254037844134,330119.35227144393,6403160.420476699,330981.7951536162,6402929.495449985
413,440,730.3842991668841,866.0254037844469,330119.35227144393,6403160.420476699,329987.39756252524,6403664.844568
413,441,1628.7084984231153,866.0254037844469,330119.35227144393,6403160.420476699,330723.1842354776,6403760.737415021
413,442,1912.0684918985844,1499.999999999942,330119.35227144393,6403160.420476699,331593.6688114251,6403743.388323461
414,413,1911.466488763728,866.0254037844134,330981.7951536162,6402929.495449985,330119.35227144393,6403160.420476699
414,441,1613.7745824052129,866.0254037844178,330981.7951536162,6402929.495449985,330723.1842354776,6403760.737415021
414,442,1897.134575880682,866.0254037844178,330981.7951536162,6402929.495449985,331593.6688114251,6403743.388323461
415,387,1909.9272103571143,866.0254037844469,306498.6551174739,6403718.921560891,306921.7973814631,6403025.702183324
415,416,1080.1199232604645,866.0254037844134,306498.6551174739,6403718.921560891,307349.72258738586,6403756.331791476
416,387,1341.4818193067517,866.0254037844178,307349.72258738586,6403756.331791476,306921.7973814631,6403025.702183324
416,388,1393.4837871514378,866.0254037844178,307349.72258738586,6403756.331791476,307781.73872399115,6403031.309681142
416,389,1856.5118741779113,1499.999999999942,307349.72258738586,6403756.331791476,308620.58215995936,6402972.336583568
416,415,1080.119923260464,866.0254037844134,307349.72258738586,6403756.331791476,306498.6551174739,6403718.921560891
416,417,1041.649715408234,866.0254037844134,307349.72258738586,6403756.331791476,308171.80431361205,6403750.006585979
417,363,1926.4642206332649,1500.0,308171.80431361205,6403750.006585979,308227.897847702,6402239.316164326
417,387,1708.3494580743277,1499.999999999942,308171.80431361205,6403750.006585979,306921.7973814631,6403025.702183324
417,388,1279.2530848228307,866.0254037844469,308171.80431361205,6403750.006585979,307781.73872399115,6403031.309681142
417,389,1088.942850548797,866.0254037844178,308171.80431361205,6403750.006585979,308620.58215995936,6402972.336583568
417,416,1041.6497154082342,866.0254037844134,308171.80431361205,6403750.006585979,307349.72258738586,6403756.331791476
417,418,1153.7161191109071,866.0254037844134,308171.80431361205,6403750.006585979,309059.8685323042,6403744.122364303
418,388,1909.157348171112,1499.9999999999923,309059.8685323042,6403744.122364303,307781.73872399115,6403031.309681142
418,389,1591.5534941656053,866.0254037844469,309059.8685323042,6403744.122364303,308620.58215995936,6402972.336583568
418,390,1976.592116949012,866.0254037844469,309059.8685323042,6403744.122364303,309556.88157511124,6402888.517224508
418,417,1153.716119110907,866.0254037844134,309059.8685323042,6403744.122364303,308171.80431361205,6403750.006585979
418,419,1207.1862807022198,866.0254037844134,309059.8685323042,6403744.122364303,309948.5890441435,6403755.350586181
418,445,1498.0311728930976,866.0254037836403,309059.8685323042,6403744.122364303,309534.3557988615,6404494.434192034
418,446,1714.1236897263348,1499.9999999995266,309059.8685323042,6403744.122364303,310427.1284668704,6404405.481892359
419,389,1944.4483217308093,1499.9999999999923,309948.5890441435,6403755.350586181,308620.58215995936,6402972.336583568
419,390,1701.746798068763,866.0254037844178,309948.5890441435,6403755.350586181,309556.88157511124,6402888.517224508
419,418,1207.1862807022196,866.0254037844134,309948.5890441435,6403755.350586181,309059.8685323042,6403744.122364303
419,445,1344.1517317824666,866.0254037836113,309948.5890441435,6403755.350586181,309534.3557988615,6404494.434192034
419,446,1081.5755052316847,866.0254037836403,309948.5890441435,6403755.350586181,310427.1284668704,6404405.481892359
420,447,1175.787428743119,866.0254037836113,311679.42705161194,6403756.58636521,311236.4645005393,6404495.5580760585
420,448,1298.3439373951753,866.0254037836403,311679.42705161194,6403756.58636521,312130.0125711402,6404510.027593323
421,448,1033.7505601002879,866.0254037836113,312550.19523514743,6403731.159624135,312130.0125711402,6404510.027593323
421,449,1753.0886096372076,866.0254037836403,312550.19523514743,6403731.159624135,312984.20186185546,6404720.491322793
422,393,1793.1879592641208,866.0254037844178,313410.971638383,6403734.592067654,312909.5615864679,6403049.985856607
423,367,1769.0689865121221,1500.0,315153.1070586609,6403732.978901602,315134.99681575596,6402251.923586321
423,395,955.8159767883905,866.0254037844178,315153.1070586609,6403732.978901602,314714.94349249057,6403065.559353673
423,396,1555.3580482241007,866.0254037844469,315153.1070586609,6403732.978901602,315580.3078358495,6402989.156225019
423,424,1084.5270866830544,866.0254037844134,315153.1070586609,6403732.978901602,315980.9767500619,6403745.547564
423,450,1327.837442830557,866.0254037836113,315153.1070586609,6403732.978901602,314658.6546656708,6404507.468063751
423,451,1319.3113743941396,866.0254037836403,315153.1070586609,6403732.978901602,315632.65598111995,6404490.646603427
424,395,1974.0461357436839,1499.999999999942,315980.9767500619,6403745.547564,314714.94349249057,6403065.559353673
424,396,1049.710013351499,866.0254037844178,315980.9767500619,6403745.547564,315580.3078358495,6402989.156225019
424,397,1199.8885587259595,866.0254037844469,315980.9767500619,6403745.547564,316426.632623482,6402992.028711644
424,423,1084.5270866830544,866.0254037844134,315980.9767500619,6403745.547564,315153.1070586609,6403732.978901602
424,425,1353.2642289526757,866.0254037843551,315980.9767500619,6403745.547564,316873.8396361597,6403759.456223712
424,450,1832.3523164219093,1499.9999999994764,315980.9767500619,6403745.547564,314658.6546656708,6404507.468063751
424,451,1009.2174420774627,866.0254037836113,315980.9767500619,6403745.547564,315632.65598111995,6404490.646603427
424,452,1334.298302896901,866.0254037836403,315980.9767500619,6403745.547564,316451.1162807639,6404500.811170999
425,397,1744.0172554863248,866.0254037843887,316873.8396361597,6403759.456223712,316426.632623482,6402992.028711644
425,398,1167.2331536965753,866.025403784476,316873.8396361597,6403759.456223712,317306.51131134987,6403000.41368671
425,424,1353.2642289526764,866.0254037843551,316873.8396361597,6403759.456223712,315980.9767500619,6403745.547564
425,426,1230.9842156467482,866.0254037844716,316873.8396361597,6403759.456223712,317727.2625255614,6403752.780444585
425,452,1203.1108529752905,866.0254037835821,316873.8396361597,6403759.456223712,316451.1162807639,6404500.811170999
425,453,1407.5260781713296,866.0254037836695,316873.8396361597,6403759.456223712,317377.4680406762,6404388.438676944
426,398,1430.9393873527274,866.0254037844178,317727.2625255614,6403752.780444585,317306.51131134987,6403000.41368671
426,425,1230.984215646748,866.0254037844716,317727.2625255614,6403752.780444585,316873.8396361597,6403759.456223712
426,452,1829.7870637546587,1499.9999999994764,317727.2625255614,6403752.780444585,316451.1162807639,6404500.811170999
426,453,907.0938354322849,866.0254037836113,317727.2625255614,6403752.780444585,317377.4680406762,6404388.438676944
426,454,1455.1806601254164,866.0254037836403,317727.2625255614,6403752.780444585,318165.68962848117,6404497.037413714
426,480,1723.1300465279671,1499.9999999990687,317727.2625255614,6403752.780444585,317737.4311181328,6405244.7310048705
427,399,1940.821710908507,866.0254037844178,318587.97213911574,6403729.278571505,318049.89153867133,6402859.11240853
427,400,1427.6033685630728,866.0254037844178,318587.97213911574,6403729.278571505,318941.72836101335,6402979.458170378
428,401,1344.8768384553314,866.025403784476,319494.7003318324,6403769.931215462,319910.56834745954,6402989.943835951
428,429,1263.3144452864667,866.0254037844134,319494.7003318324,6403769.931215462,320260.84816141933,6403791.7367490735
428,455,1833.6359177005222,866.0254037836403,319494.7003318324,6403769.931215462,319096.9848207351,6404540.015638662
428,456,1057.4174165573518,866.0254037836695,319494.7003318324,6403769.931215462,319904.1957490179,6404492.675845494
429,401,1350.0452574503267,866.0254037843887,320260.84816141933,6403791.7367490735,319910.56834745954,6402989.943835951
429,428,1263.314445286467,866.0254037844134,320260.84816141933,6403791.7367490735,319494.7003318324,6403769.931215462
429,457,1534.0918646972252,866.0254037836113,320260.84816141933,6403791.7367490735,320771.4573217103,6404493.4059747895
430,402,1735.7515311720458,866.0254037844469,321222.369684822,6403775.78312648,320702.70720489684,6403030.491309218
430,457,1450.8985398471063,866.0254037836403,321222.369684822,6403775.78312648,320771.4573217103,6404493.4059747895
431,404,1358.4416574956733,866.0254037844469,322063.24600682827,6403744.72725994,322499.61073621956,6402991.0991086885
431,432,1244.1353323575327,866.0254037844134,322063.24600682827,6403744.72725994,322811.8151466828,6403723.768920868
431,459,1133.2405682138124,866.0254037836403,322063.24600682827,6403744.72725994,322495.1871966922,6404497.215513062
432,404,1109.1139076496424,866.0254037844178,322811.8151466828,6403723.768920868,322499.61073621956,6402991.0991086885
432,431,1244.1353323575327,866.0254037844134,322811.8151466828,6403723.768920868,322063.24600682827,6403744.72725994
432,459,1150.959056302353,866.0254037836113,322811.8151466828,6403723.768920868,322495.1871966922,6404497.215513062
432,460,1711.8504540925398,866.0254037836695,322811.8151466828,6403723.768920868,323368.3321877483,6404497.162227439
433,405,1331.8978712708836,866.0254037844469,323805.5281994428,6403750.525505028,323380.94659714267,6403006.0471268315
433,406,1512.371444464942,866.0254037844178,323805.5281994428,6403750.525505028,324259.970436906,6402940.823999175
433,460,1233.5911245463071,866.0254037836403,323805.5281994428,6403750.525505028,323368.3321877483,6404497.162227439
433,461,1353.8413920214266,866.0254037836113,323805.5281994428,6403750.525505028,324233.2083686869,6404502.028268458
434,406,1612.239631730403,866.0254037843887,324685.56606693636,6403725.706444748,324259.970436906,6402940.823999175
434,407,1352.0659796832854,866.025403784476,324685.56606693636,6403725.706444748,325093.0012989271,6402973.557488211
434,435,1381.5537089595684,866.0254037845298,324685.56606693636,6403725.706444748,325534.30264439667,6403746.28885343
434,461,1100.3190662625127,866.0254037835821,324685.56606693636,6403725.706444748,324233.2083686869,6404502.028268458
434,462,1752.1324754745795,866.0254037836695,324685.56606693636,6403725.706444748,325113.8613203326,6404425.708476159
435,406,1957.7388765564483,1499.9999999999923,325534.30264439667,6403746.28885343,324259.970436906,6402940.823999175
435,407,1207.0079801725678,866.0254037844469,325534.30264439667,6403746.28885343,325093.0012989271,6402973.557488211
435,408,1558.5639428138352,866.0254037844178,325534.30264439667,6403746.28885343,325967.38130418805,6402982.325673973
435,434,1381.5537089595684,866.0254037845298,325534.30264439667,6403746.28885343,324685.56606693636,6403725.706444748
435,436,1047.382175087926,866.0254037843551,325534.30264439667,6403746.28885343,326366.59749613085,6403741.605861831
435,461,1746.9068024075184,1499.9999999995266,325534.30264439667,6403746.28885343,324233.2083686869,6404502.028268458
435,462,1326.517820606531,866.0254037836403,325534.30264439667,6403746.28885343,325113.8613203326,6404425.708476159
435,463,1225.3018445992489,866.0254037836113,325534.30264439667,6403746.28885343,325990.33720420464,6404498.536052982
435,464,1977.8036692552284,1499.9999999995266,325534.30264439667,6403746.28885343,326677.74084621953,6404263.557261577
436,407,1807.7706638410664,1499.999999999942,326366.59749613085,6403741.605861831,325093.0012989271,6402973.557488211
436,408,1201.5348340339237,866.0254037844178,326366.59749613085,6403741.605861831,325967.38130418805,6402982.325673973
436,409,1897.1965556694595,866.025403784476,326366.59749613085,6403741.605861831,326853.81922956655,6402994.889175678
436,435,1047.382175087926,866.0254037843551,326366.59749613085,6403741.605861831,325534.30264439667,6403746.28885343
436,437,1253.264232005071,866.0254037844134,326366.59749613085,6403741.605861831,327283.2459296249,6403764.689731385
436,462,1874.7869283282391,1499.9999999994764,326366.59749613085,6403741.605861831,325113.8613203326,6404425.708476159
436,463,1267.917695541452,866.0254037836113,326366.59749613085,6403741.605861831,325990.33720420464,6404498.536052982
436,464,1025.7816800285352,866.0254037836695,326366.59749613085,6403741.605861831,326677.74084621953,6404263.557261577
437,408,1868.0619507853567,1499.999999999942,327283.2459296249,6403764.689731385,325967.38130418805,6402982.325673973
437,409,1626.6889617566908,866.0254037843887,327283.2459296249,6403764.689731385,326853.81922956655,6402994.889175678
437,410,1863.0077238297886,866.025403784476,327283.2459296249,6403764.689731385,327704.39937919774,6402985.815197513
437,436,1253.2642320050713,866.0254037844134,327283.2459296249,6403764.689731385,326366.59749613085,6403741.605861831
437,438,1700.8171556536415,866.0254037844134,327283.2459296249,6403764.689731385,328130.67317437375,6403714.475547113
437,464,1614.1845156235584,866.0254037835821,327283.2459296249,6403764.689731385,326677.74084621953,6404263.557261577
437,465,877.1983462785078,866.0254037836695,327283.2459296249,6403764.689731385,327513.3295198779,6404486.50880668
438,409,1652.5395159801847,1499.9999999998915,328130.67317437375,6403714.475547113,326853.81922956655,6402994.889175678
438,410,1502.87436041545,866.0254037843887,328130.67317437375,6403714.475547113,327704.39937919774,6402985.815197513
438,411,1974.044528693986,866.0254037844469,328130.67317437375,6403714.475547113,328568.9423692135,6402968.256106926
438,437,1700.8171556536417,866.0254037844134,328130.67317437375,6403714.475547113,327283.2459296249,6403764.689731385
438,439,899.305973369485,866.0254037844716,328130.67317437375,6403714.475547113,328988.76328594016,6403729.1969700875
438,465,1638.0330189513202,866.0254037835821,328130.67317437375,6403714.475547113,327513.3295198779,6404486.50880668
438,466,1131.4386493372253,866.0254037836403,328130.67317437375,6403714.475547113,328419.2803472203,6404413.999179637
439,412,1578.3820152574451,866.0254037844178,328988.76328594016,6403729.1969700875,329433.01376130333,6403018.005963318
439,438,899.305973369485,866.0254037844716,328988.76328594016,6403729.1969700875,328130.67317437375,6403714.475547113
439,440,1617.6127743078357,866.0254037843551,328988.76328594016,6403729.1969700875,329987.39756252524,6403664.844568
439,466,1884.7688161701917,866.0254037836403,328988.76328594016,6403729.1969700875,328419.2803472203,6404413.999179637
439,468,1897.5723185886588,1499.9999999994764,328988.76328594016,6403729.1969700875,330309.4114760719,6404471.776997172
440,412,1145.26507853714,866.0254037844178,329987.39756252524,6403664.844568,329433.01376130333,6403018.005963318
440,413,730.3842991668841,866.0254037844469,329987.39756252524,6403664.844568,330119.35227144393,6403160.420476699
440,439,1617.612774307836,866.0254037843551,329987.39756252524,6403664.844568,328988.76328594016,6403729.1969700875
440,441,1342.4436252297726,866.0254037844716,329987.39756252524,6403664.844568,330723.1842354776,6403760.737415021
440,442,1784.7245686148708,1732.0508075688267,329987.39756252524,6403664.844568,331593.6688114251,6403743.388323461
440,468,1915.9018854888318,866.0254037836403,329987.39756252524,6403664.844568,330309.4114760719,6404471.776997172
441,412,1875.1420778289844,1499.9999999999923,330723.1842354776,6403760.737415021,329433.01376130333,6403018.005963318
441,413,1628.7084984231158,866.0254037844469,330723.1842354776,6403760.737415021,330119.35227144393,6403160.420476699
441,414,1613.7745824052129,866.0254037844178,330723.1842354776,6403760.737415021,330981.7951536162,6402929.495449985
441,440,1342.443625229773,866.0254037844716,330723.1842354776,6403760.737415021,329987.39756252524,6403664.844568
441,442,1097.6242986500145,866.0254037843551,330723.1842354776,6403760.737415021,331593.6688114251,6403743.388323461
441,468,1322.6372312265764,866.0254037836403,330723.1842354776,6403760.737415021,330309.4114760719,6404471.776997172
441,469,1999.9908954954853,866.0254037836113,330723.1842354776,6403760.737415021,331365.11662335135,6404596.414115699
442,413,1912.0684918985846,1499.999999999942,331593.6688114251,6403743.388323461,330119.35227144393,6403160.420476699
442,414,1897.1345758806813,866.0254037844178,331593.6688114251,6403743.388323461,330981.7951536162,6402929.495449985
442,440,1784.7245686148703,1732.0508075688267,331593.6688114251,6403743.388323461,329987.39756252524,6403664.844568
442,441,1097.6242986500145,866.0254037843551,331593.6688114251,6403743.388323461,330723.1842354776,6403760.737415021
442,468,1764.9181746116742,1499.9999999994764,331593.6688114251,6403743.388323461,330309.4114760719,6404471.776997172
442,469,1436.4651471940897,866.0254037836113,331593.6688114251,6403743.388323461,331365.11662335135,6404596.414115699
442,470,1193.773525946645,866.0254037836403,331593.6688114251,6403743.388323461,332006.2379810762,6404566.314404367
443,471,1589.6314893698393,866.0254037844178,306047.3691840342,6404503.661148472,306573.50010551035,6405072.836514349
444,445,1436.202791825009,866.0254037844716,308641.93859092705,6404494.733992631,309534.3557988615,6404494.434192034
444,472,1830.1160116765845,866.0254037844178,308641.93859092705,6404494.733992631,308182.44057780516,6405114.253926825
444,473,1862.4982152277628,866.0254037844469,308641.93859092705,6404494.733992631,309092.2334632366,6405252.61121241
445,418,1498.0311728930978,866.0254037836403,309534.3557988615,6404494.434192034,309059.8685323042,6403744.122364303
445,419,1344.1517317824669,866.0254037836113,309534.3557988615,6404494.434192034,309948.5890441435,6403755.350586181
445,444,1436.2027918250087,866.0254037844716,309534.3557988615,6404494.434192034,308641.93859092705,6404494.733992631
445,446,1489.9846263210757,866.0254037844134,309534.3557988615,6404494.434192034,310427.1284668704,6404405.481892359
445,472,1955.8023220436348,1499.9999999999923,309534.3557988615,6404494.434192034,308182.44057780516,6405114.253926825
445,473,1078.8960402863456,866.0254037844469,309534.3557988615,6404494.434192034,309092.2334632366,6405252.61121241
445,474,1308.0157596596785,866.0254037844178,309534.3557988615,6404494.434192034,309910.71316408424,6405239.21929225
446,418,1714.1236897263345,1499.9999999995266,310427.1284668704,6404405.481892359,309059.8685323042,6403744.122364303
446,419,1081.575505231685,866.0254037836403,310427.1284668704,6404405.481892359,309948.5890441435,6403755.350586181
446,445,1489.9846263210752,866.0254037844134,310427.1284668704,6404405.481892359,309534.3557988615,6404494.434192034
447,420,1175.7874287431189,866.0254037836113,311236.4645005393,6404495.5580760585,311679.42705161194,6403756.58636521
447,448,1366.9384179442322,866.0254037844134,311236.4645005393,6404495.5580760585,312130.0125711402,6404510.027593323
448,420,1298.3439373951753,866.0254037836403,312130.0125711402,6404510.027593323,311679.42705161194,6403756.58636521
448,421,1033.7505601002877,866.0254037836113,312130.0125711402,6404510.027593323,312550.19523514743,6403731.159624135
448,447,1366.9384179442327,866.0254037844134,312130.0125711402,6404510.027593323,311236.4645005393,6404495.5580760585
448,449,1588.4781371436143,866.0254037844134,312130.0125711402,6404510.027593323,312984.20186185546,6404720.491322793
449,421,1753.0886096372067,866.0254037836403,312984.20186185546,6404720.491322793,312550.19523514743,6403731.159624135
449,448,1588.478137143614,866.0254037844134,312984.20186185546,6404720.491322793,312130.0125711402,6404510.027593323
449,476,1935.1670338256436,1499.9999999999923,312984.20186185546,6404720.491322793,311685.0806600886,6405258.699043693
450,395,1956.207189796587,1499.9999999990687,314658.6546656708,6404507.468063751,314714.94349249057,6403065.559353673
450,423,1327.8374428305574,866.0254037836113,314658.6546656708,6404507.468063751,315153.1070586609,6403732.978901602
450,424,1832.3523164219098,1499.9999999994764,314658.6546656708,6404507.468063751,315980.9767500619,6403745.547564
450,451,1347.5954304612446,866.0254037844134,314658.6546656708,6404507.468063751,315632.65598111995,6404490.646603427
450,477,1202.8234647607649,866.0254037844469,314658.6546656708,6404507.468063751,314277.27137300494,6405247.65960188
450,478,1368.6930121140624,866.0254037844178,314658.6546656708,6404507.468063751,315143.82066184806,6405249.613001411
451,396,1806.5434458315906,1499.9999999990687,315632.65598111995,6404490.646603427,315580.3078358495,6402989.156225019
451,423,1319.311374394139,866.0254037836403,315632.65598111995,6404490.646603427,315153.1070586609,6403732.978901602
451,424,1009.2174420774625,866.0254037836113,315632.65598111995,6404490.646603427,315980.9767500619,6403745.547564
451,450,1347.5954304612446,866.0254037844134,315632.65598111995,6404490.646603427,314658.6546656708,6404507.468063751
451,452,1172.245007749247,866.0254037844134,315632.65598111995,6404490.646603427,316451.1162807639,6404500.811170999
451,478,1436.8014783321364,866.0254037844469,315632.65598111995,6404490.646603427,315143.82066184806,6405249.613001411
451,479,1943.6631036532326,1499.9999999998915,315632.65598111995,6404490.646603427,316874.1527431032,6405243.499832029
452,424,1334.2983028969013,866.0254037836403,316451.1162807639,6404500.811170999,315980.9767500619,6403745.547564
452,425,1203.1108529752903,866.0254037835821,316451.1162807639,6404500.811170999,316873.8396361597,6403759.456223712
452,426,1829.7870637546578,1499.9999999994764,316451.1162807639,6404500.811170999,317727.2625255614,6403752.780444585
452,451,1172.245007749247,866.0254037844134,316451.1162807639,6404500.811170999,315632.65598111995,6404490.646603427
452,453,1353.9062182313112,866.0254037844134,316451.1162807639,6404500.811170999,317377.4680406762,6404388.438676944
452,478,1928.9209551874264,1499.9999999999923,316451.1162807639,6404500.811170999,315143.82066184806,6405249.613001411
452,479,1431.3250664073857,866.0254037843887,316451.1162807639,6404500.811170999,316874.1527431032,6405243.499832029
453,398,1664.690295489175,1499.9999999990687,317377.4680406762,6404388.438676944,317306.51131134987,6403000.41368671
453,425,1407.5260781713291,866.0254037836695,317377.4680406762,6404388.438676944,316873.8396361597,6403759.456223712
453,426,907.0938354322852,866.0254037836113,317377.4680406762,6404388.438676944,317727.2625255614,6403752.780444585
453,452,1353.9062182313114,866.0254037844134,317377.4680406762,6404388.438676944,316451.1162807639,6404500.811170999
453,454,1609.013884715285,866.0254037844134,317377.4680406762,6404388.438676944,318165.68962848117,6404497.037413714
453,480,1876.9632711178358,866.0254037844178,317377.4680406762,6404388.438676944,317737.4311181328,6405244.7310048705
454,426,1455.1806601254154,866.0254037836403,318165.68962848117,6404497.037413714,317727.2625255614,6403752.780444585
454,453,1609.0138847152855,866.0254037844134,318165.68962848117,6404497.037413714,317377.4680406762,6404388.438676944
454,455,1939.4512005359645,866.0254037843551,318165.68962848117,6404497.037413714,319096.9848207351,6404540.015638662
454,480,1167.9095018445723,866.0254037844469,318165.68962848117,6404497.037413714,317737.4311181328,6405244.7310048705
454,481,1564.929599152215,866.0254037844178,318165.68962848117,6404497.037413714,318597.27980477264,6405236.568265399
454,500,1980.718301052299,1500.0,318165.68962848117,6404497.037413714,318261.07516916347,6406022.370483111
455,428,1833.6359177005222,866.0254037836403,319096.9848207351,6404540.015638662,319494.7003318324,6403769.931215462
455,454,1939.451200535964,866.0254037843551,319096.9848207351,6404540.015638662,318165.68962848117,6404497.037413714
455,456,1223.0888114991476,866.0254037845298,319096.9848207351,6404540.015638662,319904.1957490179,6404492.675845494
455,481,1051.164681252491,866.0254037844178,319096.9848207351,6404540.015638662,318597.27980477264,6405236.568265399
455,482,1299.6279439964308,866.0254037844469,319096.9848207351,6404540.015638662,319518.72110847745,6405258.08063618
456,428,1057.4174165573513,866.0254037836695,319904.1957490179,6404492.675845494,319494.7003318324,6403769.931215462
456,455,1223.0888114991474,866.0254037845298,319904.1957490179,6404492.675845494,319096.9848207351,6404540.015638662
456,457,1449.6292703801605,866.0254037842969,319904.1957490179,6404492.675845494,320771.4573217103,6404493.4059747895
456,481,1969.3640596472233,1500.0000000000427,319904.1957490179,6404492.675845494,318597.27980477264,6405236.568265399
456,482,1270.1526154273172,866.025403784476,319904.1957490179,6404492.675845494,319518.72110847745,6405258.08063618
456,483,1622.421866952751,866.0254037843887,319904.1957490179,6404492.675845494,320358.2561461688,6405251.024663692
457,429,1534.0918646972261,866.0254037836113,320771.4573217103,6404493.4059747895,320260.84816141933,6403791.7367490735
457,430,1450.8985398471066,866.0254037836403,320771.4573217103,6404493.4059747895,321222.369684822,6403775.78312648
457,456,1449.6292703801612,866.0254037842969,320771.4573217103,6404493.4059747895,319904.1957490179,6404492.675845494
457,458,1180.5690426127676,866.0254037845298,320771.4573217103,6404493.4059747895,321611.2653549836,6404505.258988345
457,482,1894.3527245279297,1499.999999999942,320771.4573217103,6404493.4059747895,319518.72110847745,6405258.08063618
457,483,1234.5194861301907,866.0254037844178,320771.4573217103,6404493.4059747895,320358.2561461688,6405251.024663692
457,484,1306.7857015164427,866.0254037844469,320771.4573217103,6404493.4059747895,321238.76765486,6405275.423281755
457,503,1727.821690281978,1500.0,320771.4573217103,6404493.4059747895,320750.84232805704,6406057.0234372495
458,457,1180.5690426127671,866.0254037845298,321611.2653549836,6404505.258988345,320771.4573217103,6404493.4059747895
458,484,1068.8267465111721,866.025403784476,321611.2653549836,6404505.258988345,321238.76765486,6405275.423281755
459,404,1934.3893441629227,1499.9999999990687,322495.1871966922,6404497.215513062,322499.61073621956,6402991.0991086885
459,431,1133.2405682138128,866.0254037836403,322495.1871966922,6404497.215513062,322063.24600682827,6403744.72725994
459,432,1150.959056302352,866.0254037836113,322495.1871966922,6404497.215513062,322811.8151466828,6403723.768920868
459,460,1572.1558091294057,866.0254037844716,322495.1871966922,6404497.215513062,323368.3321877483,6404497.162227439
459,486,1438.309180551677,866.0254037844178,322495.1871966922,6404497.215513062,322897.09099218226,6405275.5763296345
459,487,1758.3979098179582,1500.0000000000427,322495.1871966922,6404497.215513062,323789.85582510266,6405281.931399791
460,432,1711.8504540925405,866.0254037836695,323368.3321877483,6404497.162227439,322811.8151466828,6403723.768920868
460,433,1233.5911245463076,866.0254037836403,323368.3321877483,6404497.162227439,323805.5281994428,6403750.525505028
460,459,1572.1558091294053,866.0254037844716,323368.3321877483,6404497.162227439,322495.1871966922,6404497.215513062
460,461,1254.2804295702438,866.0254037844134,323368.3321877483,6404497.162227439,324233.2083686869,6404502.028268458
460,486,1712.7063869487886,866.025403784476,323368.3321877483,6404497.162227439,322897.09099218226,6405275.5763296345
460,487,1333.0748329762064,866.0254037844469,323368.3321877483,6404497.162227439,323789.85582510266,6405281.931399791
460,506,1796.9774635579163,1500.0,323368.3321877483,6404497.162227439,323324.18934829824,6406000.111518023
461,433,1353.8413920214266,866.0254037836113,324233.2083686869,6404502.028268458,323805.5281994428,6403750.525505028
461,434,1100.319066262513,866.0254037835821,324233.2083686869,6404502.028268458,324685.56606693636,6403725.706444748
461,435,1746.906802407518,1499.9999999995266,324233.2083686869,6404502.028268458,325534.30264439667,6403746.28885343
461,460,1254.2804295702435,866.0254037844134,324233.2083686869,6404502.028268458,323368.3321877483,6404497.162227439
461,462,1806.8918554471195,866.0254037844134,324233.2083686869,6404502.028268458,325113.8613203326,6404425.708476159
461,488,1072.2893737868797,866.0254037843887,324233.2083686869,6404502.028268458,324654.6549497525,6405259.268093934
462,434,1752.1324754745795,866.0254037836695,325113.8613203326,6404425.708476159,324685.56606693636,6403725.706444748
462,435,1326.5178206065304,866.0254037836403,325113.8613203326,6404425.708476159,325534.30264439667,6403746.28885343
462,436,1874.7869283282384,1499.9999999994764,325113.8613203326,6404425.708476159,326366.59749613085,6403741.605861831
462,461,1806.8918554471204,866.0254037844134,325113.8613203326,6404425.708476159,324233.2083686869,6404502.028268458
462,463,1084.1793188584138,866.0254037844134,325113.8613203326,6404425.708476159,325990.33720420464,6404498.536052982
462,489,1547.8321490526355,866.0254037844469,325113.8613203326,6404425.708476159,325518.31251977716,6405240.050430868
463,408,1789.0443921547221,1499.9999999990687,325990.33720420464,6404498.536052982,325967.38130418805,6402982.325673973
463,435,1225.3018445992489,866.0254037836113,325990.33720420464,6404498.536052982,325534.30264439667,6403746.28885343
463,436,1267.917695541452,866.0254037836113,325990.33720420464,6404498.536052982,326366.59749613085,6403741.605861831
463,462,1084.1793188584134,866.0254037844134,325990.33720420464,6404498.536052982,325113.8613203326,6404425.708476159
463,489,1218.254871287021,866.0254037844178,325990.33720420464,6404498.536052982,325518.31251977716,6405240.050430868
463,509,1860.8639703775514,1500.0,325990.33720420464,6404498.536052982,325922.25070945383,6405993.079966837
464,435,1977.8036692552287,1499.9999999995266,326677.74084621953,6404263.557261577,325534.30264439667,6403746.28885343
464,436,1025.7816800285357,866.0254037836695,326677.74084621953,6404263.557261577,326366.59749613085,6403741.605861831
464,437,1614.184515623558,866.0254037835821,326677.74084621953,6404263.557261577,327283.2459296249,6403764.689731385
464,490,1183.6728250468527,866.025403784476,326677.74084621953,6404263.557261577,326425.9476608514,6405229.957451071
465,437,877.1983462785081,866.0254037836695,327513.3295198779,6404486.50880668,327283.2459296249,6403764.689731385
465,438,1638.0330189513202,866.0254037835821,327513.3295198779,6404486.50880668,328130.67317437375,6403714.475547113
466,438,1131.4386493372256,866.0254037836403,328419.2803472203,6404413.999179637,328130.67317437375,6403714.475547113
466,439,1884.7688161701922,866.0254037836403,328419.2803472203,6404413.999179637,328988.76328594016,6403729.1969700875
466,467,1836.6102862343641,866.0254037844134,328419.2803472203,6404413.999179637,329477.7908228081,6404520.204192808
467,466,1836.6102862343646,866.0254037844134,329477.7908228081,6404520.204192808,328419.2803472203,6404413.999179637
467,468,1913.080270064402,866.0254037844134,329477.7908228081,6404520.204192808,330309.4114760719,6404471.776997172
468,439,1897.5723185886588,1499.9999999994764,330309.4114760719,6404471.776997172,328988.76328594016,6403729.1969700875
468,440,1915.9018854888325,866.0254037836403,330309.4114760719,6404471.776997172,329987.39756252524,6403664.844568
468,441,1322.6372312265764,866.0254037836403,330309.4114760719,6404471.776997172,330723.1842354776,6403760.737415021
468,442,1764.9181746116747,1499.9999999994764,330309.4114760719,6404471.776997172,331593.6688114251,6403743.388323461
468,467,1913.0802700644022,866.0254037844134,330309.4114760719,6404471.776997172,329477.7908228081,6404520.204192808
468,469,1381.5287194253092,866.0254037844134,330309.4114760719,6404471.776997172,331365.11662335135,6404596.414115699
469,441,1999.9908954954844,866.0254037836113,331365.11662335135,6404596.414115699,330723.1842354776,6403760.737415021
469,442,1436.46514719409,866.0254037836113,331365.11662335135,6404596.414115699,331593.6688114251,6403743.388323461
469,468,1381.5287194253096,866.0254037844134,331365.11662335135,6404596.414115699,330309.4114760719,6404471.776997172
469,470,1142.4459201199422,866.0254037844134,331365.11662335135,6404596.414115699,332006.2379810762,6404566.314404367
470,442,1193.773525946645,866.0254037836403,332006.2379810762,6404566.314404367,331593.6688114251,6403743.388323461
470,469,1142.4459201199418,866.0254037844134,332006.2379810762,6404566.314404367,331365.11662335135,6404596.414115699
471,443,1589.6314893698398,866.0254037844178,306573.50010551035,6405072.836514349,306047.3691840342,6404503.661148472
472,444,1830.116011676585,866.0254037844178,308182.44057780516,6405114.253926825,308641.93859092705,6404494.733992631
472,445,1955.8023220436355,1499.9999999999923,308182.44057780516,6405114.253926825,309534.3557988615,6404494.434192034
472,473,1408.4712250640034,866.0254037844134,308182.44057780516,6405114.253926825,309092.2334632366,6405252.61121241
473,444,1862.498215227762,866.0254037844469,309092.2334632366,6405252.61121241,308641.93859092705,6404494.733992631
473,445,1078.8960402863456,866.0254037844469,309092.2334632366,6405252.61121241,309534.3557988615,6404494.434192034
473,472,1408.4712250640032,866.0254037844134,309092.2334632366,6405252.61121241,308182.44057780516,6405114.253926825
473,474,1136.2084011889417,866.0254037844134,309092.2334632366,6405252.61121241,309910.71316408424,6405239.21929225
474,445,1308.0157596596794,866.0254037844178,309910.71316408424,6405239.21929225,309534.3557988615,6404494.434192034
474,473,1136.2084011889417,866.0254037844134,309910.71316408424,6405239.21929225,309092.2334632366,6405252.61121241
474,475,986.185013796288,866.0254037844134,309910.71316408424,6405239.21929225,310723.8163554416,6405444.162792283
474,491,1959.8688972630391,866.0254037844178,309910.71316408424,6405239.21929225,309557.9845569256,6406116.293970017
474,492,1101.992677400658,866.0254037844469,309910.71316408424,6405239.21929225,310445.0607815087,6405905.787303564
474,493,1729.4011777186954,1499.9999999999923,309910.71316408424,6405239.21929225,311201.93193148583,6405840.301028768
475,474,986.1850137962881,866.0254037844134,310723.8163554416,6405444.162792283,309910.71316408424,6405239.21929225
475,492,1063.0465220828924,866.0254037844178,310723.8163554416,6405444.162792283,310445.0607815087,6405905.787303564
475,493,760.3806270775611,866.0254037844469,310723.8163554416,6405444.162792283,311201.93193148583,6405840.301028768
475,513,1953.237050027349,1732.0508075688647,310723.8163554416,6405444.162792283,311726.56749590836,6406714.629776309
476,449,1935.1670338256442,1499.9999999999923,311685.0806600886,6405258.699043693,312984.20186185546,6404720.491322793
477,450,1202.823464760765,866.0254037844469,314277.27137300494,6405247.65960188,314658.6546656708,6404507.468063751
477,478,1024.531764702392,866.0254037844134,314277.27137300494,6405247.65960188,315143.82066184806,6405249.613001411
478,450,1368.6930121140617,866.0254037844178,315143.82066184806,6405249.613001411,314658.6546656708,6404507.468063751
478,451,1436.8014783321369,866.0254037844469,315143.82066184806,6405249.613001411,315632.65598111995,6404490.646603427
478,452,1928.920955187428,1499.9999999999923,315143.82066184806,6405249.613001411,316451.1162807639,6404500.811170999
478,477,1024.5317647023924,866.0254037844134,315143.82066184806,6405249.613001411,314277.27137300494,6405247.65960188
478,497,1265.859781272979,866.0254037844469,315143.82066184806,6405249.613001411,315544.32483663806,6405970.698261501
478,498,1868.5952617350029,1499.9999999999923,315143.82066184806,6405249.613001411,316457.8212957458,6405996.047939135
479,451,1943.6631036532322,1499.9999999998915,316874.1527431032,6405243.499832029,315632.65598111995,6404490.646603427
479,452,1431.3250664073864,866.0254037843887,316874.1527431032,6405243.499832029,316451.1162807639,6404500.811170999
479,480,1512.9992992125688,866.0254037844716,316874.1527431032,6405243.499832029,317737.4311181328,6405244.7310048705
479,497,1967.8859133093863,1499.9999999998915,316874.1527431032,6405243.499832029,315544.32483663806,6405970.698261501
479,498,1507.5801160505232,866.0254037843887,316874.1527431032,6405243.499832029,316457.8212957458,6405996.047939135
479,499,1365.1980535727748,866.025403784476,316874.1527431032,6405243.499832029,317273.7998700447,6406011.456341927
480,426,1723.1300465279653,1499.9999999990687,317737.4311181328,6405244.7310048705,317727.2625255614,6403752.780444585
480,453,1876.9632711178353,866.0254037844178,317737.4311181328,6405244.7310048705,317377.4680406762,6404388.438676944
480,454,1167.9095018445717,866.0254037844469,317737.4311181328,6405244.7310048705,318165.68962848117,6404497.037413714
480,479,1512.9992992125678,866.0254037844716,317737.4311181328,6405244.7310048705,316874.1527431032,6405243.499832029
480,499,1238.08580591534,866.0254037844178,317737.4311181328,6405244.7310048705,317273.7998700447,6406011.456341927
480,500,1463.5010517391818,866.0254037844469,317737.4311181328,6405244.7310048705,318261.07516916347,6406022.370483111
480,518,1660.725167163032,1500.0,317737.4311181328,6405244.7310048705,317779.6681276915,6406744.922366643
481,454,1564.9295991522145,866.0254037844178,318597.27980477264,6405236.568265399,318165.68962848117,6404497.037413714
481,455,1051.1646812524914,866.0254037844178,318597.27980477264,6405236.568265399,319096.9848207351,6404540.015638662
481,456,1969.364059647223,1500.0000000000427,318597.27980477264,6405236.568265399,319904.1957490179,6404492.675845494
481,482,1209.5116768339597,866.0254037844134,318597.27980477264,6405236.568265399,319518.72110847745,6405258.08063618
481,500,1727.0023882179448,866.0254037844178,318597.27980477264,6405236.568265399,318261.07516916347,6406022.370483111
481,501,1696.6372239044342,866.0254037844178,318597.27980477264,6405236.568265399,319028.01376099186,6406001.705239901
482,455,1299.6279439964308,866.0254037844469,319518.72110847745,6405258.08063618,319096.9848207351,6404540.015638662
482,456,1270.1526154273176,866.025403784476,319518.72110847745,6405258.08063618,319904.1957490179,6404492.675845494
482,457,1894.3527245279297,1499.999999999942,319518.72110847745,6405258.08063618,320771.4573217103,6404493.4059747895
482,481,1209.5116768339594,866.0254037844134,319518.72110847745,6405258.08063618,318597.27980477264,6405236.568265399
482,483,1130.913747656284,866.0254037844134,319518.72110847745,6405258.08063618,320358.2561461688,6405251.024663692
482,501,1476.7551444450075,866.0254037844469,319518.72110847745,6405258.08063618,319028.01376099186,6406001.705239901
482,502,1182.3144090837093,866.025403784476,319518.72110847745,6405258.08063618,319914.1731872796,6405985.41724776
482,503,1912.4607011297471,1499.999999999942,319518.72110847745,6405258.08063618,320750.84232805704,6406057.0234372495
483,456,1622.421866952751,866.0254037843887,320358.2561461688,6405251.024663692,319904.1957490179,6404492.675845494
483,457,1234.5194861301898,866.0254037844178,320358.2561461688,6405251.024663692,320771.4573217103,6404493.4059747895
483,482,1130.9137476562835,866.0254037844134,320358.2561461688,6405251.024663692,319518.72110847745,6405258.08063618
483,484,1765.6697848909616,866.0254037844134,320358.2561461688,6405251.024663692,321238.76765486,6405275.423281755
483,501,1886.3594005955235,1499.9999999999923,320358.2561461688,6405251.024663692,319028.01376099186,6406001.705239901
483,502,1407.4487598953724,866.0254037843887,320358.2561461688,6405251.024663692,319914.1731872796,6405985.41724776
483,503,1245.6125523609865,866.0254037844178,320358.2561461688,6405251.024663692,320750.84232805704,6406057.0234372495
484,457,1306.7857015164423,866.0254037844469,321238.76765486,6405275.423281755,320771.4573217103,6404493.4059747895
484,458,1068.826746511172,866.025403784476,321238.76765486,6405275.423281755,321611.2653549836,6404505.258988345
484,483,1765.6697848909625,866.0254037844134,321238.76765486,6405275.423281755,320358.2561461688,6405251.024663692
484,503,1310.4751080074595,866.0254037844469,321238.76765486,6405275.423281755,320750.84232805704,6406057.0234372495
484,521,1696.1299940064828,1500.0,321238.76765486,6405275.423281755,321227.66551865765,6406734.415981051
485,505,1590.9320758713866,866.0254037844469,322154.58843883045,6405163.807556125,322303.9416237022,6405983.607446977
486,459,1438.3091805516772,866.0254037844178,322897.09099218226,6405275.5763296345,322495.1871966922,6404497.215513062
486,460,1712.706386948789,866.025403784476,322897.09099218226,6405275.5763296345,323368.3321877483,6404497.162227439
486,487,1898.948487637342,866.0254037845298,322897.09099218226,6405275.5763296345,323789.85582510266,6405281.931399791
487,459,1758.397909817959,1500.0000000000427,323789.85582510266,6405281.931399791,322495.1871966922,6404497.215513062
487,460,1333.0748329762064,866.0254037844469,323789.85582510266,6405281.931399791,323368.3321877483,6404497.162227439
487,486,1898.9484876373415,866.0254037845298,323789.85582510266,6405281.931399791,322897.09099218226,6405275.5763296345
487,506,1482.2445927721076,866.0254037844469,323789.85582510266,6405281.931399791,323324.18934829824,6406000.111518023
488,461,1072.28937378688,866.0254037843887,324654.6549497525,6405259.268093934,324233.2083686869,6404502.028268458
488,489,1926.6196423767392,866.0254037845298,324654.6549497525,6405259.268093934,325518.31251977716,6405240.050430868
488,508,1924.1216111503877,866.025403784476,324654.6549497525,6405259.268093934,325086.3341975751,6405996.791332385
489,462,1547.8321490526362,866.0254037844469,325518.31251977716,6405240.050430868,325113.8613203326,6404425.708476159
489,463,1218.2548712870205,866.0254037844178,325518.31251977716,6405240.050430868,325990.33720420464,6404498.536052982
489,488,1926.619642376739,866.0254037845298,325518.31251977716,6405240.050430868,324654.6549497525,6405259.268093934
489,508,1638.8996623830217,866.0254037844469,325518.31251977716,6405240.050430868,325086.3341975751,6405996.791332385
489,509,1305.850399733742,866.0254037844178,325518.31251977716,6405240.050430868,325922.25070945383,6405993.079966837
490,464,1183.6728250468518,866.025403784476,326425.9476608514,6405229.957451071,326677.74084621953,6404263.557261577
491,474,1959.8688972630391,866.0254037844178,309557.9845569256,6406116.293970017,309910.71316408424,6405239.21929225
491,492,1195.2821334790506,866.0254037844134,309557.9845569256,6406116.293970017,310445.0607815087,6405905.787303564
491,511,1294.1206678868393,866.0254037844178,309557.9845569256,6406116.293970017,310071.21457244654,6406762.066274404
491,512,1740.5294622951772,1499.999999999942,309557.9845569256,6406116.293970017,310821.06361113716,6406747.862819652
492,474,1101.992677400658,866.0254037844469,310445.0607815087,6405905.787303564,309910.71316408424,6405239.21929225
492,475,1063.0465220828926,866.0254037844178,310445.0607815087,6405905.787303564,310723.8163554416,6405444.162792283
492,491,1195.2821334790501,866.0254037844134,310445.0607815087,6405905.787303564,309557.9845569256,6406116.293970017
492,493,1134.7833790050302,866.0254037844134,310445.0607815087,6405905.787303564,311201.93193148583,6405840.301028768
492,511,1421.7758876813775,866.0254037844469,310445.0607815087,6405905.787303564,310071.21457244654,6406762.066274404
492,512,1868.1846820897156,866.0254037844178,310445.0607815087,6405905.787303564,310821.06361113716,6406747.862819652
493,474,1729.4011777186952,1499.9999999999923,311201.93193148583,6405840.301028768,309910.71316408424,6405239.21929225
493,475,760.380627077561,866.0254037844469,311201.93193148583,6405840.301028768,310723.8163554416,6405444.162792283
493,492,1134.7833790050304,866.0254037844134,311201.93193148583,6405840.301028768,310445.0607815087,6405905.787303564
493,494,1552.3529909990216,866.0254037844134,311201.93193148583,6405840.301028768,312101.47461463953,6405964.133473213
493,513,1465.708829368059,866.0254037844178,311201.93193148583,6405840.301028768,311726.56749590836,6406714.629776309
494,493,1552.352990999021,866.0254037844134,312101.47461463953,6405964.133473213,311201.93193148583,6405840.301028768
494,513,1309.729040942418,866.0254037844469,312101.47461463953,6405964.133473213,311726.56749590836,6406714.629776309
495,514,1900.4372472581554,1499.9999999999923,313782.3698170554,6405997.940182546,312746.2533367645,6406564.545002775
495,515,1489.3773062595171,866.0254037844469,313782.3698170554,6405997.940182546,313453.32335918676,6406776.997010155
496,497,1054.6607839316455,866.0254037844134,314718.15363701,6405843.342664558,315544.32483663806,6405970.698261501
497,478,1265.8597812729788,866.0254037844469,315544.32483663806,6405970.698261501,315143.82066184806,6405249.613001411
497,479,1967.8859133093858,1499.9999999998915,315544.32483663806,6405970.698261501,316874.1527431032,6405243.499832029
497,496,1054.6607839316455,866.0254037844134,315544.32483663806,6405970.698261501,314718.15363701,6405843.342664558
497,498,1504.4384424591815,866.0254037844134,315544.32483663806,6405970.698261501,316457.8212957458,6405996.047939135
497,516,1576.1470804647688,866.0254037844178,315544.32483663806,6405970.698261501,316003.33968897193,6406746.948614368
497,517,1727.1898988322216,1499.9999999998915,315544.32483663806,6405970.698261501,316870.2381936896,6406716.346203289
498,478,1868.5952617350013,1499.9999999999923,316457.8212957458,6405996.047939135,315143.82066184806,6405249.613001411
498,479,1507.580116050524,866.0254037843887,316457.8212957458,6405996.047939135,316874.1527431032,6405243.499832029
498,497,1504.438442459181,866.0254037844134,316457.8212957458,6405996.047939135,315544.32483663806,6405970.698261501
498,499,1291.205171898811,866.0254037844134,316457.8212957458,6405996.047939135,317273.7998700447,6406011.456341927
498,516,1363.0010549359636,866.0254037844469,316457.8212957458,6405996.047939135,316003.33968897193,6406746.948614368
498,517,993.788530285369,866.0254037843887,316457.8212957458,6405996.047939135,316870.2381936896,6406716.346203289
499,479,1365.1980535727755,866.025403784476,317273.7998700447,6406011.456341927,316874.1527431032,6405243.499832029
499,480,1238.0858059153395,866.0254037844178,317273.7998700447,6406011.456341927,317737.4311181328,6405244.7310048705
499,498,1291.2051718988107,866.0254037844134,317273.7998700447,6406011.456341927,316457.8212957458,6405996.047939135
499,500,1271.5713602701633,866.0254037844134,317273.7998700447,6406011.456341927,318261.07516916347,6406022.370483111
499,516,1975.4681701994596,1499.9999999999923,317273.7998700447,6406011.456341927,316003.33968897193,6406746.948614368
499,517,1128.6732222212356,866.025403784476,317273.7998700447,6406011.456341927,316870.2381936896,6406716.346203289
499,518,1468.7954756940137,866.0254037844178,317273.7998700447,6406011.456341927,317779.6681276915,6406744.922366643
499,533,1616.4788944925122,1500.0000000009313,317273.7998700447,6406011.456341927,317280.4472352773,6407373.853993495
500,454,1980.7183010522983,1500.0,318261.07516916347,6406022.370483111,318165.68962848117,6404497.037413714
500,480,1463.5010517391815,866.0254037844469,318261.07516916347,6406022.370483111,317737.4311181328,6405244.7310048705
500,481,1727.0023882179448,866.0254037844178,318261.07516916347,6406022.370483111,318597.27980477264,6405236.568265399
500,499,1271.571360270163,866.0254037844134,318261.07516916347,6406022.370483111,317273.7998700447,6406011.456341927
500,518,1158.2688048176817,866.0254037844469,318261.07516916347,6406022.370483111,317779.6681276915,6406744.922366643
500,519,1578.0689776271338,866.0254037844178,318261.07516916347,6406022.370483111,318562.2480516613,6406724.667057187
501,481,1696.6372239044335,866.0254037844178,319028.01376099186,6406001.705239901,318597.27980477264,6405236.568265399
501,482,1476.7551444450078,866.0254037844469,319028.01376099186,6406001.705239901,319518.72110847745,6405258.08063618
501,483,1886.359400595523,1499.9999999999923,319028.01376099186,6406001.705239901,320358.2561461688,6405251.024663692
501,502,1229.6358694750925,866.0254037845298,319028.01376099186,6406001.705239901,319914.1731872796,6405985.41724776
501,520,1037.1239282372499,866.0254037844469,319028.01376099186,6406001.705239901,319486.94181400235,6406714.487470253
502,482,1182.314409083709,866.025403784476,319914.1731872796,6405985.41724776,319518.72110847745,6405258.08063618
502,483,1407.4487598953722,866.0254037843887,319914.1731872796,6405985.41724776,320358.2561461688,6405251.024663692
502,501,1229.6358694750927,866.0254037845298,319914.1731872796,6405985.41724776,319028.01376099186,6406001.705239901
502,503,1755.7027326407317,866.0254037842969,319914.1731872796,6405985.41724776,320750.84232805704,6406057.0234372495
502,520,1022.3022549975311,866.025403784476,319914.1731872796,6405985.41724776,319486.94181400235,6406714.487470253
503,457,1727.8216902819775,1500.0,320750.84232805704,6406057.0234372495,320771.4573217103,6404493.4059747895
503,482,1912.460701129748,1499.999999999942,320750.84232805704,6406057.0234372495,319518.72110847745,6405258.08063618
503,483,1245.6125523609855,866.0254037844178,320750.84232805704,6406057.0234372495,320358.2561461688,6405251.024663692
503,484,1310.4751080074593,866.0254037844469,320750.84232805704,6406057.0234372495,321238.76765486,6405275.423281755
503,502,1755.7027326407306,866.0254037842969,320750.84232805704,6406057.0234372495,319914.1731872796,6405985.41724776
503,521,1570.513241943232,866.0254037844469,320750.84232805704,6406057.0234372495,321227.66551865765,6406734.415981051
504,522,1838.7648238632073,866.0254037843596,321748.4954651316,6405976.488227482,322099.4769244137,6406703.126232103
505,485,1590.9320758713864,866.0254037844469,322303.9416237022,6405983.607446977,322154.58843883045,6405163.807556125
505,522,1727.5732929239177,866.0254037844469,322303.9416237022,6405983.607446977,322099.4769244137,6406703.126232103
505,523,1670.2000157766606,866.0254037844178,322303.9416237022,6405983.607446977,322927.93432591273,6406765.089236205
505,536,1883.4549399883247,1500.0000000009313,322303.9416237022,6405983.607446977,322503.4256093243,6407497.160203733
506,460,1796.977463557917,1500.0,323324.18934829824,6406000.111518023,323368.3321877483,6404497.162227439
506,487,1482.2445927721083,866.0254037844469,323324.18934829824,6406000.111518023,323789.85582510266,6405281.931399791
506,524,1860.9042822484319,866.0254037844469,323324.18934829824,6406000.111518023,323754.4370782571,6406725.849990652
508,488,1924.1216111503882,866.025403784476,325086.3341975751,6405996.791332385,324654.6549497525,6405259.268093934
508,489,1638.8996623830226,866.0254037844469,325086.3341975751,6405996.791332385,325518.31251977716,6405240.050430868
508,509,1364.5546312220117,866.0254037844134,325086.3341975751,6405996.791332385,325922.25070945383,6405993.079966837
509,463,1860.8639703775505,1500.0,325922.25070945383,6405993.079966837,325990.33720420464,6404498.536052982
509,489,1305.8503997337418,866.0254037844178,325922.25070945383,6405993.079966837,325518.31251977716,6405240.050430868
509,508,1364.5546312220113,866.0254037844134,325922.25070945383,6405993.079966837,325086.3341975751,6405996.791332385
509,540,1626.6997522373952,1500.0000000009313,325922.25070945383,6405993.079966837,325945.50410060014,6407503.824413753
511,491,1294.120667886839,866.0254037844178,310071.21457244654,6406762.066274404,309557.9845569256,6406116.293970017
511,492,1421.7758876813775,866.0254037844469,310071.21457244654,6406762.066274404,310445.0607815087,6405905.787303564
511,512,1009.6810256509755,866.0254037844134,310071.21457244654,6406762.066274404,310821.06361113716,6406747.862819652
511,527,1523.790414732753,866.0254037852534,310071.21457244654,6406762.066274404,310361.7899786541,6407515.999450937
511,597,1811.5186681159507,4821.825380496403,310071.21457244654,6406762.066274404,309614.0010102383,6407886.597686479
511,610,1811.5186681159507,5678.908345800212,310071.21457244654,6406762.066274404,309614.0010102383,6407886.597686479
512,491,1740.5294622951778,1499.999999999942,310821.06361113716,6406747.862819652,309557.9845569256,6406116.293970017
512,492,1868.1846820897156,866.0254037844178,310821.06361113716,6406747.862819652,310445.0607815087,6405905.787303564
512,511,1009.6810256509755,866.0254037844134,310821.06361113716,6406747.862819652,310071.21457244654,6406762.066274404
512,527,1957.9714712647456,866.0254037852244,310821.06361113716,6406747.862819652,310361.7899786541,6407515.999450937
512,528,1228.8550293489857,866.0254037852534,310821.06361113716,6406747.862819652,311193.93145313684,6407513.288036961
512,529,1614.1218059280811,1500.000000000458,310821.06361113716,6406747.862819652,311984.7229960039,6407524.297998001
513,475,1953.2370500273512,1732.0508075688647,311726.56749590836,6406714.629776309,310723.8163554416,6405444.162792283
513,493,1465.7088293680597,866.0254037844178,311726.56749590836,6406714.629776309,311201.93193148583,6405840.301028768
513,494,1309.7290409424181,866.0254037844469,311726.56749590836,6406714.629776309,312101.47461463953,6405964.133473213
513,514,1315.7173301226396,866.0254037844134,311726.56749590836,6406714.629776309,312746.2533367645,6406564.545002775
513,530,1646.6625985896317,1500.000000000458,311726.56749590836,6406714.629776309,312984.7918530307,6407530.079801842
514,495,1900.437247258156,1499.9999999999923,312746.2533367645,6406564.545002775,313782.3698170554,6405997.940182546
514,513,1315.7173301226394,866.0254037844134,312746.2533367645,6406564.545002775,311726.56749590836,6406714.629776309
514,515,1914.4970721236743,866.0254037844134,312746.2533367645,6406564.545002775,313453.32335918676,6406776.997010155
515,495,1489.3773062595167,866.0254037844469,313453.32335918676,6406776.997010155,313782.3698170554,6405997.940182546
515,514,1914.4970721236755,866.0254037844134,313453.32335918676,6406776.997010155,312746.2533367645,6406564.545002775
516,497,1576.1470804647677,866.0254037844178,316003.33968897193,6406746.948614368,315544.32483663806,6405970.698261501
516,498,1363.0010549359638,866.0254037844469,316003.33968897193,6406746.948614368,316457.8212957458,6405996.047939135
516,499,1975.468170199459,1499.9999999999923,316003.33968897193,6406746.948614368,317273.7998700447,6406011.456341927
516,517,878.6908909922225,866.0254037843551,316003.33968897193,6406746.948614368,316870.2381936896,6406716.346203289
517,497,1727.1898988322218,1499.9999999998915,316870.2381936896,6406716.346203289,315544.32483663806,6405970.698261501
517,498,993.788530285369,866.0254037843887,316870.2381936896,6406716.346203289,316457.8212957458,6405996.047939135
517,499,1128.6732222212365,866.025403784476,316870.2381936896,6406716.346203289,317273.7998700447,6406011.456341927
517,516,878.6908909922223,866.0254037843551,316870.2381936896,6406716.346203289,316003.33968897193,6406746.948614368
517,518,1392.4536787430873,866.0254037844716,316870.2381936896,6406716.346203289,317779.6681276915,6406744.922366643
517,532,1716.799316274901,866.0254037851952,316870.2381936896,6406716.346203289,316535.30677237676,6407592.985611191
517,533,1133.9706757502352,866.0254037852826,316870.2381936896,6406716.346203289,317280.4472352773,6407373.853993495
518,480,1660.725167163032,1500.0,317779.6681276915,6406744.922366643,317737.4311181328,6405244.7310048705
518,499,1468.795475694014,866.0254037844178,317779.6681276915,6406744.922366643,317273.7998700447,6406011.456341927
518,500,1158.2688048176822,866.0254037844469,317779.6681276915,6406744.922366643,318261.07516916347,6406022.370483111
518,517,1392.4536787430868,866.0254037844716,317779.6681276915,6406744.922366643,316870.2381936896,6406716.346203289
518,519,1221.999951051893,866.0254037844134,317779.6681276915,6406744.922366643,318562.2480516613,6406724.667057187
518,532,1758.8966025951265,1500.0000000004077,317779.6681276915,6406744.922366643,316535.30677237676,6407592.985611191
518,533,1121.393221258397,866.0254037852244,317779.6681276915,6406744.922366643,317280.4472352773,6407373.853993495
518,549,1936.420781569032,1500.0,317779.6681276915,6406744.922366643,317733.2549325834,6408249.767759496
519,500,1578.068977627134,866.0254037844178,318562.2480516613,6406724.667057187,318261.07516916347,6406022.370483111
519,518,1221.999951051893,866.0254037844134,318562.2480516613,6406724.667057187,317779.6681276915,6406744.922366643
519,533,1789.5576257302043,1500.0000000004077,318562.2480516613,6406724.667057187,317280.4472352773,6407373.853993495
520,501,1037.1239282372496,866.0254037844469,319486.94181400235,6406714.487470253,319028.01376099186,6406001.705239901
520,502,1022.3022549975315,866.025403784476,319486.94181400235,6406714.487470253,319914.1731872796,6405985.41724776
521,484,1696.1299940064823,1500.0,321227.66551865765,6406734.415981051,321238.76765486,6405275.423281755
521,503,1570.5132419432314,866.0254037844469,321227.66551865765,6406734.415981051,320750.84232805704,6406057.0234372495
522,504,1838.7648238632082,866.0254037843596,322099.4769244137,6406703.126232103,321748.4954651316,6405976.488227482
522,505,1727.5732929239175,866.0254037844469,322099.4769244137,6406703.126232103,322303.9416237022,6405983.607446977
522,523,1836.9788407732854,866.0254037844134,322099.4769244137,6406703.126232103,322927.93432591273,6406765.089236205
523,505,1670.2000157766608,866.0254037844178,322927.93432591273,6406765.089236205,322303.9416237022,6405983.607446977
523,522,1836.9788407732851,866.0254037844134,322927.93432591273,6406765.089236205,322099.4769244137,6406703.126232103
523,536,1318.33020179726,866.0254037852244,322927.93432591273,6406765.089236205,322503.4256093243,6407497.160203733
523,537,1052.8037087968432,866.0254037852826,322927.93432591273,6406765.089236205,323352.48704526963,6407496.576515613
523,538,1709.8856783734739,1500.0000000005084,322927.93432591273,6406765.089236205,324262.5799120008,6407480.496231038
524,506,1860.904282248431,866.0254037844469,323754.4370782571,6406725.849990652,323324.18934829824,6406000.111518023
524,525,1591.372080274074,866.0254037842969,323754.4370782571,6406725.849990652,324695.8551905152,6406831.465275123
524,538,1936.814921719552,866.0254037852244,323754.4370782571,6406725.849990652,324262.5799120008,6407480.496231038
525,524,1591.3720802740743,866.0254037842969,324695.8551905152,6406831.465275123,323754.4370782571,6406725.849990652
525,538,1648.104718025717,866.0254037851952,324695.8551905152,6406831.465275123,324262.5799120008,6407480.496231038
525,539,1054.2501542523632,866.0254037852826,324695.8551905152,6406831.465275123,325123.45799016824,6407496.490624974
527,511,1523.790414732753,866.0254037852534,310361.7899786541,6407515.999450937,310071.21457244654,6406762.066274404
527,512,1957.9714712647447,866.0254037852244,310361.7899786541,6407515.999450937,310821.06361113716,6406747.862819652
527,528,1056.790161205775,866.0254037844134,310361.7899786541,6407515.999450937,311193.93145313684,6407513.288036961
527,597,1488.8526131004464,4582.575694955154,310361.7899786541,6407515.999450937,309614.0010102383,6407886.597686479
527,610,1488.8526131004464,5408.3269131952775,310361.7899786541,6407515.999450937,309614.0010102383,6407886.597686479
528,512,1228.8550293489861,866.0254037852534,311193.93145313684,6407513.288036961,310821.06361113716,6406747.862819652
528,527,1056.790161205775,866.0254037844134,311193.93145313684,6407513.288036961,310361.7899786541,6407515.999450937
528,529,1816.7856629892724,866.0254037844134,311193.93145313684,6407513.288036961,311984.7229960039,6407524.297998001
528,542,1427.9172466950681,866.0254037836403,311193.93145313684,6407513.288036961,311058.38393093564,6408417.998878431
528,543,1332.7094655574215,866.0254037836113,311193.93145313684,6407513.288036961,311681.01425888925,6408250.668261786
529,512,1614.1218059280816,1500.000000000458,311984.7229960039,6407524.297998001,310821.06361113716,6406747.862819652
529,528,1816.7856629892722,866.0254037844134,311984.7229960039,6407524.297998001,311193.93145313684,6407513.288036961
529,530,1591.382136797234,866.0254037844134,311984.7229960039,6407524.297998001,312984.7918530307,6407530.079801842
529,542,1817.58825442831,1499.9999999995266,311984.7229960039,6407524.297998001,311058.38393093564,6408417.998878431
529,543,1303.800226507083,866.0254037836403,311984.7229960039,6407524.297998001,311681.01425888925,6408250.668261786
529,544,1053.949545613713,866.0254037836113,311984.7229960039,6407524.297998001,312552.56677508284,6408230.2709785625
530,513,1646.6625985896317,1500.000000000458,312984.7918530307,6407530.079801842,311726.56749590836,6406714.629776309
530,529,1591.3821367972348,866.0254037844134,312984.7918530307,6407530.079801842,311984.7229960039,6407524.297998001
530,544,1068.6136681057296,866.0254037836403,312984.7918530307,6407530.079801842,312552.56677508284,6408230.2709785625
531,547,1318.503847925562,866.0254037836403,315591.2077105894,6407484.588150161,315152.88561244565,6408206.280337183
531,548,793.7714703816159,866.0254037836113,315591.2077105894,6407484.588150161,315735.9298942323,6408139.587092324
532,517,1716.7993162749008,866.0254037851952,316535.30677237676,6407592.985611191,316870.2381936896,6406716.346203289
532,518,1758.896602595126,1500.0000000004077,316535.30677237676,6407592.985611191,317779.6681276915,6406744.922366643
532,533,776.8082736766861,866.0254037844134,316535.30677237676,6407592.985611191,317280.4472352773,6407373.853993495
532,549,1930.6853903317078,1499.9999999994764,316535.30677237676,6407592.985611191,317733.2549325834,6408249.767759496
533,499,1616.4788944925115,1500.0000000009313,317280.4472352773,6407373.853993495,317273.7998700447,6406011.456341927
533,517,1133.9706757502352,866.0254037852826,317280.4472352773,6407373.853993495,316870.2381936896,6406716.346203289
533,518,1121.393221258397,866.0254037852244,317280.4472352773,6407373.853993495,317779.6681276915,6406744.922366643
533,519,1789.5576257302046,1500.0000000004077,317280.4472352773,6407373.853993495,318562.2480516613,6406724.667057187
533,532,776.8082736766862,866.0254037844134,317280.4472352773,6407373.853993495,316535.30677237676,6407592.985611191
533,549,1153.8771166550216,866.0254037836113,317280.4472352773,6407373.853993495,317733.2549325834,6408249.767759496
534,550,1798.5542751660812,1499.9999999994764,320779.8766272146,6407498.289942302,319472.3117481705,6408263.82359072
534,551,1518.2262936453833,866.0254037836403,320779.8766272146,6407498.289942302,321273.1723224287,6408252.5038196165
536,505,1883.4549399883253,1500.0000000009313,322503.4256093243,6407497.160203733,322303.9416237022,6405983.607446977
536,523,1318.3302017972608,866.0254037852244,322503.4256093243,6407497.160203733,322927.93432591273,6406765.089236205
537,523,1052.8037087968435,866.0254037852826,323352.48704526963,6407496.576515613,322927.93432591273,6406765.089236205
537,538,1453.6550735711596,866.0254037844134,323352.48704526963,6407496.576515613,324262.5799120008,6407480.496231038
537,553,1207.539582342933,866.0254037836695,323352.48704526963,6407496.576515613,322964.9260400601,6408403.528528167
537,554,1094.450635289194,866.0254037836403,323352.48704526963,6407496.576515613,323803.22988850233,6408238.033990393
537,573,1964.499999505168,1500.0,323352.48704526963,6407496.576515613,323364.62412354874,6409002.7177421795
538,523,1709.8856783734745,1500.0000000005084,324262.5799120008,6407480.496231038,322927.93432591273,6406765.089236205
538,524,1936.8149217195505,866.0254037852244,324262.5799120008,6407480.496231038,323754.4370782571,6406725.849990652
538,525,1648.1047180257167,866.0254037851952,324262.5799120008,6407480.496231038,324695.8551905152,6406831.465275123
538,537,1453.6550735711596,866.0254037844134,324262.5799120008,6407480.496231038,323352.48704526963,6407496.576515613
538,539,1469.8368583154318,866.0254037844134,324262.5799120008,6407480.496231038,325123.45799016824,6407496.490624974
538,574,1767.2197464228198,1500.0,324262.5799120008,6407480.496231038,324255.3999766357,6408919.2613252485
539,525,1054.250154252364,866.0254037852826,325123.45799016824,6407496.490624974,324695.8551905152,6406831.465275123
539,538,1469.8368583154313,866.0254037844134,325123.45799016824,6407496.490624974,324262.5799120008,6407480.496231038
539,555,1234.07867853628,866.0254037836695,325123.45799016824,6407496.490624974,324737.00171292265,6408246.017861213
540,509,1626.6997522373956,1500.0000000009313,325945.50410060014,6407503.824413753,325922.25070945383,6405993.079966837
540,541,1787.3069182809072,866.0254037844716,325945.50410060014,6407503.824413753,326723.2950836641,6407446.6254953
541,540,1787.3069182809072,866.0254037844716,326723.2950836641,6407446.6254953,325945.50410060014,6407503.824413753
541,558,1799.0734623700798,866.0254037835821,326723.2950836641,6407446.6254953,327274.7971768211,6408243.197787848
542,528,1427.9172466950683,866.0254037836403,311058.38393093564,6408417.998878431,311193.93145313684,6407513.288036961
542,529,1817.58825442831,1499.9999999995266,311058.38393093564,6408417.998878431,311984.7229960039,6407524.297998001
542,543,799.0567505827049,866.0254037844134,311058.38393093564,6408417.998878431,311681.01425888925,6408250.668261786
542,544,1892.9504547995518,1732.0508075688267,311058.38393093564,6408417.998878431,312552.56677508284,6408230.2709785625
542,561,742.1299277377967,866.0254037852534,311058.38393093564,6408417.998878431,311217.7594097029,6408959.043467992
542,581,1945.6526512967407,1732.0508075696712,311058.38393093564,6408417.998878431,311727.8163486206,6409717.306968918
543,528,1332.7094655574213,866.0254037836113,311681.01425888925,6408250.668261786,311193.93145313684,6407513.288036961
543,529,1303.800226507082,866.0254037836403,311681.01425888925,6408250.668261786,311984.7229960039,6407524.297998001
543,542,799.0567505827045,866.0254037844134,311681.01425888925,6408250.668261786,311058.38393093564,6408417.998878431
543,544,1093.893704216848,866.0254037844134,311681.01425888925,6408250.668261786,312552.56677508284,6408230.2709785625
543,561,1393.7195695012997,866.0254037852244,311681.01425888925,6408250.668261786,311217.7594097029,6408959.043467992
544,529,1053.9495456137136,866.0254037836113,312552.56677508284,6408230.2709785625,311984.7229960039,6407524.297998001
544,530,1068.6136681057294,866.0254037836403,312552.56677508284,6408230.2709785625,312984.7918530307,6407530.079801842
544,542,1892.950454799552,1732.0508075688267,312552.56677508284,6408230.2709785625,311058.38393093564,6408417.998878431
544,543,1093.8937042168475,866.0254037844134,312552.56677508284,6408230.2709785625,311681.01425888925,6408250.668261786
545,546,1803.5678643437668,866.0254037844134,313436.75230096513,6408199.843277541,314453.82749594277,6408085.923670732
545,563,1333.177365417073,866.0254037852244,313436.75230096513,6408199.843277541,312985.1099926903,6409022.321185352
545,583,1981.1699168240707,1500.0000000009313,313436.75230096513,6408199.843277541,313361.3964304062,6409786.424175596
546,545,1803.5678643437664,866.0254037844134,314453.82749594277,6408085.923670732,313436.75230096513,6408199.843277541
547,531,1318.5038479255616,866.0254037836403,315152.88561244565,6408206.280337183,315591.2077105894,6407484.588150161
547,548,1574.4838691001517,866.0254037844134,315152.88561244565,6408206.280337183,315735.9298942323,6408139.587092324
548,531,793.771470381616,866.0254037836113,315735.9298942323,6408139.587092324,315591.2077105894,6407484.588150161
548,547,1574.4838691001512,866.0254037844134,315735.9298942323,6408139.587092324,315152.88561244565,6408206.280337183
549,518,1936.4207815690327,1500.0,317733.2549325834,6408249.767759496,317779.6681276915,6406744.922366643
549,532,1930.6853903317085,1499.9999999994764,317733.2549325834,6408249.767759496,316535.30677237676,6407592.985611191
549,533,1153.877116655022,866.0254037836113,317733.2549325834,6408249.767759496,317280.4472352773,6407373.853993495
549,567,1399.104329458995,866.0254037852244,317733.2549325834,6408249.767759496,317357.4067253922,6409019.166800355
550,534,1798.5542751660803,1499.9999999994764,319472.3117481705,6408263.82359072,320779.8766272146,6407498.289942302
550,569,1147.0499371603833,866.0254037852826,319472.3117481705,6408263.82359072,320043.73068423657,6409049.810861406
551,534,1518.2262936453833,866.0254037836403,321273.1723224287,6408252.5038196165,320779.8766272146,6407498.289942302
551,570,1654.2462128932007,866.0254037852534,321273.1723224287,6408252.5038196165,320769.9301777568,6409021.275008013
551,571,1651.054344765952,866.0254037852826,321273.1723224287,6408252.5038196165,321675.5233367133,6409000.408808657
552,572,1461.5232399699023,866.0254037852534,322063.9330122726,6408243.572101061,322511.87294570985,6408989.557183865
553,537,1207.5395823429333,866.0254037836695,322964.9260400601,6408403.528528167,323352.48704526963,6407496.576515613
553,554,920.7142091188939,866.0254037845298,322964.9260400601,6408403.528528167,323803.22988850233,6408238.033990393
553,573,991.3413123855962,866.0254037852826,322964.9260400601,6408403.528528167,323364.62412354874,6409002.7177421795
553,589,1995.9660819175056,1732.0508075697294,322964.9260400601,6408403.528528167,323806.95695756585,6409745.518010256
554,537,1094.4506352891942,866.0254037836403,323803.22988850233,6408238.033990393,323352.48704526963,6407496.576515613
554,553,920.7142091188938,866.0254037845298,323803.22988850233,6408238.033990393,322964.9260400601,6408403.528528167
554,573,1211.9543747990583,866.0254037852534,323803.22988850233,6408238.033990393,323364.62412354874,6409002.7177421795
554,574,1217.9586267833472,866.0254037852244,323803.22988850233,6408238.033990393,324255.3999766357,6408919.2613252485
554,575,1961.0467269502294,1500.0000000004077,323803.22988850233,6408238.033990393,325106.96630504867,6409003.886334823
555,539,1234.0786785362807,866.0254037836695,324737.00171292265,6408246.017861213,325123.45799016824,6407496.490624974
555,556,1862.3892468112326,866.0254037845298,324737.00171292265,6408246.017861213,325621.621842633,6408216.762837291
555,574,1791.212232502983,866.0254037851952,324737.00171292265,6408246.017861213,324255.3999766357,6408919.2613252485
555,575,1234.2343167396534,866.0254037852826,324737.00171292265,6408246.017861213,325106.96630504867,6409003.886334823
556,555,1862.3892468112304,866.0254037845298,325621.621842633,6408216.762837291,324737.00171292265,6408246.017861213
556,575,1099.9438078589494,866.0254037852534,325621.621842633,6408216.762837291,325106.96630504867,6409003.886334823
558,541,1799.0734623700796,866.0254037835821,327274.7971768211,6408243.197787848,326723.2950836641,6407446.6254953
558,576,1550.1939049724033,866.0254037851952,327274.7971768211,6408243.197787848,326843.7911096973,6408961.99048706
558,577,1303.2158759944946,866.0254037852826,327274.7971768211,6408243.197787848,327705.852421648,6409010.078679513
560,578,1617.926114163259,866.0254037852244,329814.749522213,6408274.899579357,329435.3862440259,6409106.797487654
560,579,1097.1621954803936,866.0254037852534,329814.749522213,6408274.899579357,330302.31025053945,6409011.236495769
560,593,1966.311677366683,1500.0000000009313,329814.749522213,6408274.899579357,330021.48214510083,6409619.150001144
561,542,742.1299277377962,866.0254037852534,311217.7594097029,6408959.043467992,311058.38393093564,6408417.998878431
561,543,1393.7195695013002,866.0254037852244,311217.7594097029,6408959.043467992,311681.01425888925,6408250.668261786
561,581,1435.2968382166282,866.0254037844178,311217.7594097029,6408959.043467992,311727.8163486206,6409717.306968918
561,623,1910.7416431783367,2999.9999999990687,311217.7594097029,6408959.043467992,312021.9492604282,6410017.383466144
561,632,1910.7416431783367,3774.917217635377,311217.7594097029,6408959.043467992,312021.9492604282,6410017.383466144
562,582,1687.9457809465928,866.0254037844178,312065.5647054729,6409060.86725574,312568.47251052305,6409748.468759813
563,545,1333.1773654170718,866.0254037852244,312985.1099926903,6409022.321185352,313436.75230096513,6408199.843277541
563,582,1858.712381941373,866.0254037844469,312985.1099926903,6409022.321185352,312568.47251052305,6409748.468759813
563,583,1091.0608250909984,866.0254037844178,312985.1099926903,6409022.321185352,313361.3964304062,6409786.424175596
564,584,1784.572035627016,1499.999999999942,314504.258183807,6409202.780866844,316015.18783362914,6409822.577897693
565,566,954.6879447736117,866.0254037844134,315653.45642500935,6409064.315782534,316324.27289958834,6409100.687636738
565,584,1236.976505015811,866.0254037844178,315653.45642500935,6409064.315782534,316015.18783362914,6409822.577897693
566,565,954.6879447736118,866.0254037844134,316324.27289958834,6409100.687636738,315653.45642500935,6409064.315782534
566,567,1327.415776325652,866.0254037844134,316324.27289958834,6409100.687636738,317357.4067253922,6409019.166800355
566,584,1415.4647081432518,866.0254037844469,316324.27289958834,6409100.687636738,316015.18783362914,6409822.577897693
567,549,1399.1043294589942,866.0254037852244,317357.4067253922,6409019.166800355,317733.2549325834,6408249.767759496
567,566,1327.415776325652,866.0254037844134,317357.4067253922,6409019.166800355,316324.27289958834,6409100.687636738
569,550,1147.0499371603837,866.0254037852826,320043.73068423657,6409049.810861406,319472.3117481705,6408263.82359072
569,585,1430.969039775909,866.0254037843887,320043.73068423657,6409049.810861406,320329.9364059246,6409800.673623461
569,586,1796.8089522238702,1499.9999999998915,320043.73068423657,6409049.810861406,321204.5872137247,6409748.241611061
570,551,1654.2462128932011,866.0254037852534,320769.9301777568,6409021.275008013,321273.1723224287,6408252.5038196165
571,551,1651.054344765952,866.0254037852826,321675.5233367133,6409000.408808657,321273.1723224287,6408252.5038196165
571,586,1965.79523390647,866.025403784476,321675.5233367133,6409000.408808657,321204.5872137247,6409748.241611061
572,552,1461.5232399699023,866.0254037852534,322511.87294570985,6408989.557183865,322063.9330122726,6408243.572101061
572,573,1181.0050568978754,866.0254037844716,322511.87294570985,6408989.557183865,323364.62412354874,6409002.7177421795
572,588,1144.720417356803,866.0254037844178,322511.87294570985,6408989.557183865,323018.09614526504,6409694.445156908
572,589,1891.2454210347842,1500.0000000000427,322511.87294570985,6408989.557183865,323806.95695756585,6409745.518010256
573,537,1964.4999995051692,1500.0,323364.62412354874,6409002.7177421795,323352.48704526963,6407496.576515613
573,553,991.3413123855961,866.0254037852826,323364.62412354874,6409002.7177421795,322964.9260400601,6408403.528528167
573,554,1211.954374799058,866.0254037852534,323364.62412354874,6409002.7177421795,323803.22988850233,6408238.033990393
573,572,1181.0050568978752,866.0254037844716,323364.62412354874,6409002.7177421795,322511.87294570985,6408989.557183865
573,588,1225.7249246882366,866.025403784476,323364.62412354874,6409002.7177421795,323018.09614526504,6409694.445156908
573,589,1004.6247695319092,866.0254037844469,323364.62412354874,6409002.7177421795,323806.95695756585,6409745.518010256
574,538,1767.2197464228188,1500.0,324255.3999766357,6408919.2613252485,324262.5799120008,6407480.496231038
574,554,1217.958626783347,866.0254037852244,324255.3999766357,6408919.2613252485,323803.22988850233,6408238.033990393
574,555,1791.212232502983,866.0254037851952,324255.3999766357,6408919.2613252485,324737.00171292265,6408246.017861213
574,575,1148.7621017026468,866.0254037844134,324255.3999766357,6408919.2613252485,325106.96630504867,6409003.886334823
574,590,1645.3465208600505,866.0254037843887,324255.3999766357,6408919.2613252485,324656.25745218724,6409740.331152971
575,554,1961.0467269502299,1500.0000000004077,325106.96630504867,6409003.886334823,323803.22988850233,6408238.033990393
575,555,1234.2343167396532,866.0254037852826,325106.96630504867,6409003.886334823,324737.00171292265,6408246.017861213
575,556,1099.9438078589496,866.0254037852534,325106.96630504867,6409003.886334823,325621.621842633,6408216.762837291
575,574,1148.762101702646,866.0254037844134,325106.96630504867,6409003.886334823,324255.3999766357,6408919.2613252485
575,590,1347.456991342228,866.025403784476,325106.96630504867,6409003.886334823,324656.25745218724,6409740.331152971
576,558,1550.1939049724035,866.0254037851952,326843.7911096973,6408961.99048706,327274.7971768211,6408243.197787848
576,577,1611.2953198911018,866.0254037844134,326843.7911096973,6408961.99048706,327705.852421648,6409010.078679513
577,558,1303.2158759944953,866.0254037852826,327705.852421648,6409010.078679513,327274.7971768211,6408243.197787848
577,576,1611.2953198911018,866.0254037844134,327705.852421648,6409010.078679513,326843.7911096973,6408961.99048706
578,560,1617.926114163259,866.0254037852244,329435.3862440259,6409106.797487654,329814.749522213,6408274.899579357
578,579,1402.1633538676545,866.0254037844134,329435.3862440259,6409106.797487654,330302.31025053945,6409011.236495769
578,593,1206.8764208326775,866.0254037844178,329435.3862440259,6409106.797487654,330021.48214510083,6409619.150001144
578,594,1879.4598803684491,1499.9999999999923,329435.3862440259,6409106.797487654,330713.0449751648,6409747.156050771
579,560,1097.1621954803936,866.0254037852534,330302.31025053945,6409011.236495769,329814.749522213,6408274.899579357
579,578,1402.1633538676542,866.0254037844134,330302.31025053945,6409011.236495769,329435.3862440259,6409106.797487654
579,593,1468.3831725638222,866.0254037844469,330302.31025053945,6409011.236495769,330021.48214510083,6409619.150001144
579,594,1048.464390042803,866.0254037844469,330302.31025053945,6409011.236495769,330713.0449751648,6409747.156050771
580,594,1905.6484352624598,1499.999999999942,332023.3794507389,6408985.023369962,330713.0449751648,6409747.156050771
580,595,1030.0844129603533,866.0254037844469,332023.3794507389,6408985.023369962,331625.1479595633,6409725.645346159
580,596,1564.8601271021191,866.0254037844178,332023.3794507389,6408985.023369962,332467.08980404155,6409771.523446788
581,542,1945.6526512967414,1732.0508075696712,311727.8163486206,6409717.306968918,311058.38393093564,6408417.998878431
581,561,1435.296838216628,866.0254037844178,311727.8163486206,6409717.306968918,311217.7594097029,6408959.043467992
581,623,475.44480496170934,2291.2878474769977,311727.8163486206,6409717.306968918,312021.9492604282,6410017.383466144
581,632,475.44480496170934,3122.498999199192,311727.8163486206,6409717.306968918,312021.9492604282,6410017.383466144
582,562,1687.9457809465928,866.0254037844178,312568.47251052305,6409748.468759813,312065.5647054729,6409060.86725574
582,563,1858.7123819413732,866.0254037844469,312568.47251052305,6409748.468759813,312985.1099926903,6409022.321185352
582,583,1070.638155517555,866.0254037844134,312568.47251052305,6409748.468759813,313361.3964304062,6409786.424175596
583,545,1981.1699168240696,1500.0000000009313,313361.3964304062,6409786.424175596,313436.75230096513,6408199.843277541
583,563,1091.0608250909982,866.0254037844178,313361.3964304062,6409786.424175596,312985.1099926903,6409022.321185352
583,582,1070.6381555175553,866.0254037844134,313361.3964304062,6409786.424175596,312568.47251052305,6409748.468759813
583,611,1414.212127017133,1732.0508075680582,313361.3964304062,6409786.424175596,313065.8163149141,6410599.312989678
583,624,1332.9099252091137,2291.2878474769977,313361.3964304062,6409786.424175596,313135.00336564693,6410639.91476636
583,637,1347.8172803152074,4330.127018920534,313361.3964304062,6409786.424175596,313120.9635228432,6410634.992563055
584,564,1784.5720356270158,1499.999999999942,316015.18783362914,6409822.577897693,314504.258183807,6409202.780866844
584,565,1236.9765050158114,866.0254037844178,316015.18783362914,6409822.577897693,315653.45642500935,6409064.315782534
584,566,1415.4647081432515,866.0254037844469,316015.18783362914,6409822.577897693,316324.27289958834,6409100.687636738
584,598,1785.5904216987108,866.0254037836403,316015.18783362914,6409822.577897693,316505.60529345507,6410492.986897269
584,599,1922.3838191842399,1499.9999999995266,316015.18783362914,6409822.577897693,317345.26383400406,6410615.728949423
585,569,1430.9690397759086,866.0254037843887,320329.9364059246,6409800.673623461,320043.73068423657,6409049.810861406
585,600,1652.0623680636293,866.0254037836113,320329.9364059246,6409800.673623461,320731.14071364107,6410459.965241704
586,569,1796.8089522238706,1499.9999999998915,321204.5872137247,6409748.241611061,320043.73068423657,6409049.810861406
586,571,1965.79523390647,866.025403784476,321204.5872137247,6409748.241611061,321675.5233367133,6409000.408808657
586,600,1259.9866861366902,866.0254037836403,321204.5872137247,6409748.241611061,320731.14071364107,6410459.965241704
586,601,1956.43531863585,866.0254037836695,321204.5872137247,6409748.241611061,321619.74305861606,6410507.438361903
588,572,1144.720417356803,866.0254037844178,323018.09614526504,6409694.445156908,322511.87294570985,6408989.557183865
588,573,1225.7249246882368,866.025403784476,323018.09614526504,6409694.445156908,323364.62412354874,6409002.7177421795
588,589,1989.9632571150764,866.0254037845298,323018.09614526504,6409694.445156908,323806.95695756585,6409745.518010256
588,602,1269.463570609161,866.0254037836695,323018.09614526504,6409694.445156908,323390.5971865505,6410470.430276842
588,617,1839.112615257851,1499.9999999990687,323018.09614526504,6409694.445156908,323006.70112771634,6411234.778958758
589,553,1995.9660819175047,1732.0508075697294,323806.95695756585,6409745.518010256,322964.9260400601,6408403.528528167
589,572,1891.245421034784,1500.0000000000427,323806.95695756585,6409745.518010256,322511.87294570985,6408989.557183865
589,573,1004.6247695319089,866.0254037844469,323806.95695756585,6409745.518010256,323364.62412354874,6409002.7177421795
589,588,1989.9632571150757,866.0254037845298,323806.95695756585,6409745.518010256,323018.09614526504,6409694.445156908
590,574,1645.3465208600508,866.0254037843887,324656.25745218724,6409740.331152971,324255.3999766357,6408919.2613252485
590,575,1347.4569913422279,866.025403784476,324656.25745218724,6409740.331152971,325106.96630504867,6409003.886334823
590,591,1410.3060567300527,866.0254037845298,324656.25745218724,6409740.331152971,325476.4021154436,6409725.764289624
590,603,1469.5261995473466,866.0254037835821,324656.25745218724,6409740.331152971,324251.9433318676,6410493.303091477
590,604,1468.1424160216613,866.0254037836695,324656.25745218724,6409740.331152971,325024.90881351545,6410455.637891087
591,590,1410.3060567300527,866.0254037845298,325476.4021154436,6409725.764289624,324656.25745218724,6409740.331152971
591,592,1553.6164206227809,866.0254037843551,325476.4021154436,6409725.764289624,326337.55563485326,6409711.956468951
591,604,1561.363584459961,866.0254037836403,325476.4021154436,6409725.764289624,325024.90881351545,6410455.637891087
591,605,1371.432041783048,866.0254037836113,325476.4021154436,6409725.764289624,325990.5337269347,6410491.489073044
591,620,1879.0560069914527,1499.9999999990687,325476.4021154436,6409725.764289624,325511.0341943678,6411258.093743495
592,591,1553.6164206227809,866.0254037843551,326337.55563485326,6409711.956468951,325476.4021154436,6409725.764289624
593,560,1966.3116773666832,1500.0000000009313,330021.48214510083,6409619.150001144,329814.749522213,6408274.899579357
593,578,1206.8764208326775,866.0254037844178,330021.48214510083,6409619.150001144,329435.3862440259,6409106.797487654
593,579,1468.3831725638217,866.0254037844469,330021.48214510083,6409619.150001144,330302.31025053945,6409011.236495769
593,594,822.8052950488964,866.0254037844716,330021.48214510083,6409619.150001144,330713.0449751648,6409747.156050771
593,607,1416.8296089646617,1499.9999999995266,330021.48214510083,6409619.150001144,331169.6517474292,6410352.951584842
594,578,1879.4598803684498,1499.9999999999923,330713.0449751648,6409747.156050771,329435.3862440259,6409106.797487654
594,579,1048.4643900428032,866.0254037844469,330713.0449751648,6409747.156050771,330302.31025053945,6409011.236495769
594,580,1905.64843526246,1499.999999999942,330713.0449751648,6409747.156050771,332023.3794507389,6408985.023369962
594,593,822.8052950488966,866.0254037844716,330713.0449751648,6409747.156050771,330021.48214510083,6409619.150001144
594,595,1826.339415752756,866.0254037843551,330713.0449751648,6409747.156050771,331625.1479595633,6409725.645346159
594,607,1402.9029514113133,866.0254037836113,330713.0449751648,6409747.156050771,331169.6517474292,6410352.951584842
595,580,1030.0844129603533,866.0254037844469,331625.1479595633,6409725.645346159,332023.3794507389,6408985.023369962
595,594,1826.3394157527562,866.0254037843551,331625.1479595633,6409725.645346159,330713.0449751648,6409747.156050771
595,596,1252.9423311528496,866.0254037844134,331625.1479595633,6409725.645346159,332467.08980404155,6409771.523446788
595,608,1309.9339420515482,866.0254037836403,331625.1479595633,6409725.645346159,332033.31672028603,6410489.410663248
596,580,1564.8601271021184,866.0254037844178,332467.08980404155,6409771.523446788,332023.3794507389,6408985.023369962
596,595,1252.94233115285,866.0254037844134,332467.08980404155,6409771.523446788,331625.1479595633,6409725.645346159
596,608,1142.6788092238664,866.0254037836113,332467.08980404155,6409771.523446788,332033.31672028603,6410489.410663248
597,511,1811.5186681159503,4821.825380496403,309614.0010102383,6407886.597686479,310071.21457244654,6406762.066274404
597,527,1488.852613100447,4582.575694955154,309614.0010102383,6407886.597686479,310361.7899786541,6407515.999450937
597,610,0.0,866.0254037844469,309614.0010102383,6407886.597686479,309614.0010102383,6407886.597686479
598,584,1785.5904216987121,866.0254037836403,316505.60529345507,6410492.986897269,316015.18783362914,6409822.577897693
598,599,1553.4442334138982,866.0254037844134,316505.60529345507,6410492.986897269,317345.26383400406,6410615.728949423
598,612,1821.960674712351,866.0254037844469,316505.60529345507,6410492.986897269,316018.7602448769,6411241.344178766
598,613,1098.0862175367165,866.0254037843887,316505.60529345507,6410492.986897269,316817.8114142597,6411276.622792204
598,625,1488.7907354817892,1500.0,316505.60529345507,6410492.986897269,316266.9071920526,6411929.605532826
599,584,1922.3838191842406,1499.9999999995266,317345.26383400406,6410615.728949423,316015.18783362914,6409822.577897693
599,598,1553.4442334138978,866.0254037844134,317345.26383400406,6410615.728949423,316505.60529345507,6410492.986897269
599,613,1528.2889231028146,866.025403784476,317345.26383400406,6410615.728949423,316817.8114142597,6411276.622792204
600,585,1652.0623680636293,866.0254037836113,320731.14071364107,6410459.965241704,320329.9364059246,6409800.673623461
600,586,1259.9866861366893,866.0254037836403,320731.14071364107,6410459.965241704,321204.5872137247,6409748.241611061
600,614,1681.8923960388352,866.0254037844178,320731.14071364107,6410459.965241704,320340.24778083665,6411255.257131446
601,586,1956.4353186358508,866.0254037836695,321619.74305861606,6410507.438361903,321204.5872137247,6409748.241611061
601,616,1421.2915607765303,866.0254037843596,321619.74305861606,6410507.438361903,322136.1224122436,6411261.240677174
602,588,1269.4635706091615,866.0254037836695,323390.5971865505,6410470.430276842,323018.09614526504,6409694.445156908
602,617,1535.0118370396374,866.025403784476,323390.5971865505,6410470.430276842,323006.70112771634,6411234.778958758
602,618,1303.6491173622608,866.0254037844469,323390.5971865505,6410470.430276842,323803.67167103203,6411247.8515675645
602,628,1941.7218974606722,1500.0,323390.5971865505,6410470.430276842,323383.21761712,6412017.146605207
603,590,1469.5261995473472,866.0254037835821,324251.9433318676,6410493.303091477,324656.25745218724,6409740.331152971
603,619,1614.0285144535057,866.0254037843887,324251.9433318676,6410493.303091477,324675.927064192,6411260.103956883
603,629,1713.7596238469162,1500.0,324251.9433318676,6410493.303091477,324230.28860419895,6411991.025425251
604,590,1468.1424160216611,866.0254037836695,325024.90881351545,6410455.637891087,324656.25745218724,6409740.331152971
604,591,1561.3635844599607,866.0254037836403,325024.90881351545,6410455.637891087,325476.4021154436,6409725.764289624
604,605,1699.1412712341987,866.0254037844134,325024.90881351545,6410455.637891087,325990.5337269347,6410491.489073044
604,620,1965.2910076609924,866.0254037844469,325024.90881351545,6410455.637891087,325511.0341943678,6411258.093743495
605,591,1371.432041783048,866.0254037836113,325990.5337269347,6410491.489073044,325476.4021154436,6409725.764289624
605,604,1699.1412712341992,866.0254037844134,325990.5337269347,6410491.489073044,325024.90881351545,6410455.637891087
605,606,1470.314468913522,866.0254037844716,325990.5337269347,6410491.489073044,326881.1540325035,6410465.877575454
605,619,1790.225675234679,1500.0000000000427,325990.5337269347,6410491.489073044,324675.927064192,6411260.103956883
605,620,1450.9872505208639,866.0254037844178,325990.5337269347,6410491.489073044,325511.0341943678,6411258.093743495
605,621,1817.129408281127,866.0254037844178,325990.5337269347,6410491.489073044,326377.3755652313,6411252.410029236
606,605,1470.3144689135224,866.0254037844716,326881.1540325035,6410465.877575454,325990.5337269347,6410491.489073044
606,621,1533.298500272833,866.025403784476,326881.1540325035,6410465.877575454,326377.3755652313,6411252.410029236
607,593,1416.8296089646617,1499.9999999995266,331169.6517474292,6410352.951584842,330021.48214510083,6409619.150001144
607,594,1402.9029514113133,866.0254037836113,331169.6517474292,6410352.951584842,330713.0449751648,6409747.156050771
608,595,1309.9339420515485,866.0254037836403,332033.31672028603,6410489.410663248,331625.1479595633,6409725.645346159
608,596,1142.6788092238662,866.0254037836113,332033.31672028603,6410489.410663248,332467.08980404155,6409771.523446788
610,511,1811.5186681159503,5678.908345800212,309614.0010102383,6407886.597686479,310071.21457244654,6406762.066274404
610,527,1488.852613100447,5408.3269131952775,309614.0010102383,6407886.597686479,310361.7899786541,6407515.999450937
610,597,0.0,866.0254037844469,309614.0010102383,6407886.597686479,309614.0010102383,6407886.597686479
611,583,1414.2121270171324,1732.0508075680582,313065.8163149141,6410599.312989678,313361.3964304062,6409786.424175596
611,624,81.30220180801913,866.0254037844469,313065.8163149141,6410599.312989678,313135.00336564693,6410639.91476636
611,637,66.3948467019255,2598.076211352476,313065.8163149141,6410599.312989678,313120.9635228432,6410634.992563055
612,598,1821.9606747123514,866.0254037844469,316018.7602448769,6411241.344178766,316505.60529345507,6410492.986897269
612,613,1634.1924095707773,866.0254037843551,316018.7602448769,6411241.344178766,316817.8114142597,6411276.622792204
612,625,1404.57886780757,866.0254037844469,316018.7602448769,6411241.344178766,316266.9071920526,6411929.605532826
613,598,1098.086217536717,866.0254037843887,316817.8114142597,6411276.622792204,316505.60529345507,6410492.986897269
613,599,1528.2889231028144,866.025403784476,316817.8114142597,6411276.622792204,317345.26383400406,6410615.728949423
613,612,1634.1924095707775,866.0254037843551,316817.8114142597,6411276.622792204,316018.7602448769,6411241.344178766
613,625,1269.1712831727411,866.0254037843887,316817.8114142597,6411276.622792204,316266.9071920526,6411929.605532826
614,600,1681.892396038835,866.0254037844178,320340.24778083665,6411255.257131446,320731.14071364107,6410459.965241704
614,615,1510.7662921381552,866.0254037844134,320340.24778083665,6411255.257131446,321283.20485918573,6411273.560426204
614,626,1227.6577262728736,866.0254037844178,320340.24778083665,6411255.257131446,320769.36220057844,6411999.263259391
615,614,1510.766292138154,866.0254037844134,321283.20485918573,6411273.560426204,320340.24778083665,6411255.257131446
615,616,1690.1143291699768,866.0254037843551,321283.20485918573,6411273.560426204,322136.1224122436,6411261.240677174
615,626,1264.2260699648948,866.0254037844469,321283.20485918573,6411273.560426204,320769.36220057844,6411999.263259391
615,627,1272.2576372493386,866.025403784476,321283.20485918573,6411273.560426204,321791.3146848255,6411953.939668888
616,601,1421.2915607765303,866.0254037843596,322136.1224122436,6411261.240677174,321619.74305861606,6410507.438361903
616,615,1690.114329169977,866.0254037843551,322136.1224122436,6411261.240677174,321283.20485918573,6411273.560426204
616,627,1357.3912427824046,866.0254037843596,322136.1224122436,6411261.240677174,321791.3146848255,6411953.939668888
617,588,1839.1126152578533,1499.9999999990687,323006.70112771634,6411234.778958758,323018.09614526504,6409694.445156908
617,602,1535.0118370396376,866.025403784476,323006.70112771634,6411234.778958758,323390.5971865505,6410470.430276842
617,618,1490.3087997018938,866.0254037845298,323006.70112771634,6411234.778958758,323803.67167103203,6411247.8515675645
617,628,1340.3939805041152,866.025403784476,323006.70112771634,6411234.778958758,323383.21761712,6412017.146605207
618,602,1303.6491173622608,866.0254037844469,323803.67167103203,6411247.8515675645,323390.5971865505,6410470.430276842
618,617,1490.3087997018933,866.0254037845298,323803.67167103203,6411247.8515675645,323006.70112771634,6411234.778958758
618,628,1658.7944515616662,866.0254037844469,323803.67167103203,6411247.8515675645,323383.21761712,6412017.146605207
619,603,1614.0285144535064,866.0254037843887,324675.927064192,6411260.103956883,324251.9433318676,6410493.303091477
619,605,1790.2256752346796,1500.0000000000427,324675.927064192,6411260.103956883,325990.5337269347,6410491.489073044
619,620,1330.2937838808698,866.0254037845298,324675.927064192,6411260.103956883,325511.0341943678,6411258.093743495
619,628,1811.3948650164887,1499.9999999998915,324675.927064192,6411260.103956883,323383.21761712,6412017.146605207
619,629,1036.4999405918597,866.0254037843887,324675.927064192,6411260.103956883,324230.28860419895,6411991.025425251
619,630,1216.8671628003522,866.025403784476,324675.927064192,6411260.103956883,325006.8340156082,6412039.5662934035
619,635,1950.5366999247692,1732.050807569613,324675.927064192,6411260.103956883,323827.900735761,6412681.471227433
620,591,1879.0560069914516,1499.9999999990687,325511.0341943678,6411258.093743495,325476.4021154436,6409725.764289624
620,604,1965.2910076609921,866.0254037844469,325511.0341943678,6411258.093743495,325024.90881351545,6410455.637891087
620,605,1450.9872505208643,866.0254037844178,325511.0341943678,6411258.093743495,325990.5337269347,6410491.489073044
620,619,1330.29378388087,866.0254037845298,325511.0341943678,6411258.093743495,324675.927064192,6411260.103956883
620,629,1932.2679646176337,1499.9999999999923,325511.0341943678,6411258.093743495,324230.28860419895,6411991.025425251
620,630,1367.80142409993,866.0254037844469,325511.0341943678,6411258.093743495,325006.8340156082,6412039.5662934035
621,605,1817.1294082811273,866.0254037844178,326377.3755652313,6411252.410029236,325990.5337269347,6410491.489073044
621,606,1533.2985002728328,866.025403784476,326377.3755652313,6411252.410029236,326881.1540325035,6410465.877575454
623,561,1910.741643178336,2999.9999999990687,312021.9492604282,6410017.383466144,311217.7594097029,6408959.043467992
623,581,475.4448049617095,2291.2878474769977,312021.9492604282,6410017.383466144,311727.8163486206,6409717.306968918
623,632,0.0,866.0254037852534,312021.9492604282,6410017.383466144,312021.9492604282,6410017.383466144
624,583,1332.9099252091132,2291.2878474769977,313135.00336564693,6410639.91476636,313361.3964304062,6409786.424175596
624,611,81.30220180801913,866.0254037844469,313135.00336564693,6410639.91476636,313065.8163149141,6410599.312989678
624,637,14.907355106093632,2291.287847477272,313135.00336564693,6410639.91476636,313120.9635228432,6410634.992563055
625,598,1488.7907354817894,1500.0,316266.9071920526,6411929.605532826,316505.60529345507,6410492.986897269
625,612,1404.5788678075703,866.0254037844469,316266.9071920526,6411929.605532826,316018.7602448769,6411241.344178766
625,613,1269.1712831727418,866.0254037843887,316266.9071920526,6411929.605532826,316817.8114142597,6411276.622792204
626,614,1227.6577262728727,866.0254037844178,320769.36220057844,6411999.263259391,320340.24778083665,6411255.257131446
626,615,1264.2260699648946,866.0254037844469,320769.36220057844,6411999.263259391,321283.20485918573,6411273.560426204
626,627,1632.9278883183686,866.0254037845298,320769.36220057844,6411999.263259391,321791.3146848255,6411953.939668888
627,615,1272.2576372493386,866.025403784476,321791.3146848255,6411953.939668888,321283.20485918573,6411273.560426204
627,616,1357.3912427824048,866.0254037843596,321791.3146848255,6411953.939668888,322136.1224122436,6411261.240677174
627,626,1632.9278883183686,866.0254037845298,321791.3146848255,6411953.939668888,320769.36220057844,6411999.263259391
628,602,1941.721897460673,1500.0,323383.21761712,6412017.146605207,323390.5971865505,6410470.430276842
628,617,1340.3939805041155,866.025403784476,323383.21761712,6412017.146605207,323006.70112771634,6411234.778958758
628,618,1658.7944515616668,866.0254037844469,323383.21761712,6412017.146605207,323803.67167103203,6411247.8515675645
628,619,1811.3948650164896,1499.9999999998915,323383.21761712,6412017.146605207,324675.927064192,6411260.103956883
628,629,1195.9501029365108,866.0254037844134,323383.21761712,6412017.146605207,324230.28860419895,6411991.025425251
628,634,1105.7475337036472,866.0254037852826,323383.21761712,6412017.146605207,322957.3407895031,6412752.243389466
628,635,1340.929500678061,866.0254037852534,323383.21761712,6412017.146605207,323827.900735761,6412681.471227433
629,603,1713.7596238469168,1500.0,324230.28860419895,6411991.025425251,324251.9433318676,6410493.303091477
629,619,1036.49994059186,866.0254037843887,324230.28860419895,6411991.025425251,324675.927064192,6411260.103956883
629,620,1932.267964617633,1499.9999999999923,324230.28860419895,6411991.025425251,325511.0341943678,6411258.093743495
629,628,1195.9501029365103,866.0254037844134,324230.28860419895,6411991.025425251,323383.21761712,6412017.146605207
629,630,1048.2514528344698,866.0254037844134,324230.28860419895,6411991.025425251,325006.8340156082,6412039.5662934035
629,634,1988.8106159087934,1500.0000000005084,324230.28860419895,6411991.025425251,322957.3407895031,6412752.243389466
629,635,1066.741567540071,866.0254037852244,324230.28860419895,6411991.025425251,323827.900735761,6412681.471227433
630,619,1216.867162800352,866.025403784476,325006.8340156082,6412039.5662934035,324675.927064192,6411260.103956883
630,620,1367.8014240999303,866.0254037844469,325006.8340156082,6412039.5662934035,325511.0341943678,6411258.093743495
630,629,1048.25145283447,866.0254037844134,325006.8340156082,6412039.5662934035,324230.28860419895,6411991.025425251
630,635,1855.0934649835624,1500.0000000004077,325006.8340156082,6412039.5662934035,323827.900735761,6412681.471227433
631,636,1563.4143907595417,866.0254037852534,331983.96453668235,6411995.3559324425,331550.2172760612,6412828.806837827
632,561,1910.741643178336,3774.917217635377,312021.9492604282,6410017.383466144,311217.7594097029,6408959.043467992
632,581,475.4448049617095,3122.498999199192,312021.9492604282,6410017.383466144,311727.8163486206,6409717.306968918
632,623,0.0,866.0254037852534,312021.9492604282,6410017.383466144,312021.9492604282,6410017.383466144
634,628,1105.7475337036472,866.0254037852826,322957.3407895031,6412752.243389466,323383.21761712,6412017.146605207
634,629,1988.8106159087945,1500.0000000005084,322957.3407895031,6412752.243389466,324230.28860419895,6411991.025425251
635,619,1950.5366999247703,1732.050807569613,323827.900735761,6412681.471227433,324675.927064192,6411260.103956883
635,628,1340.929500678062,866.0254037852534,323827.900735761,6412681.471227433,323383.21761712,6412017.146605207
635,629,1066.7415675400707,866.0254037852244,323827.900735761,6412681.471227433,324230.28860419895,6411991.025425251
635,630,1855.0934649835642,1500.0000000004077,323827.900735761,6412681.471227433,325006.8340156082,6412039.5662934035
636,631,1563.4143907595412,866.0254037852534,331550.2172760612,6412828.806837827,331983.96453668235,6411995.3559324425
637,583,1347.817280315207,4330.127018920534,313120.9635228432,6410634.992563055,313361.3964304062,6409786.424175596
637,611,66.3948467019255,2598.076211352476,313120.9635228432,6410634.992563055,313065.8163149141,6410599.312989678
637,624,14.907355106093632,2291.287847477272,313120.9635228432,6410634.992563055,313135.00336564693,6410639.91476636
