from_HexID,to_HexID,Month,TimeIndex,OriginType,DestinationType,Energy_kWh_day,Energy_kWh_annual,DeltaPrice_SEK_per_kWh,PriceComp_SEK_day,PriceComp_SEK_annual
1,2,April,17,medium,medium,0.27029344225709906,8.108803267712972,0.0,0.0,0.0
1,2,August,17,medium,medium,0.27029344225709906,8.37909670997007,0.0,0.0,0.0
1,2,December,17,medium,medium,0.27029344225709906,8.37909670997007,0.0,0.0,0.0
1,2,February,17,fast,medium,0.27029344225709906,7.568216383198774,0.0,0.0,0.0
1,2,January,17,medium,medium,0.27029344225709906,8.37909670997007,0.0,0.0,0.0
1,2,July,17,medium,medium,0.27029344225709906,8.37909670997007,0.0,0.0,0.0
1,2,June,17,medium,medium,0.27029344225709906,8.108803267712972,0.0,0.0,0.0
1,2,March,17,fast,medium,0.27029344225709906,8.37909670997007,0.0,0.0,0.0
1,2,May,17,fast,medium,0.27029344225709906,8.37909670997007,0.0,0.0,0.0
1,2,November,17,fast,medium,0.27029344225709906,8.108803267712972,0.0,0.0,0.0
1,2,October,17,medium,medium,0.27029344225709906,8.37909670997007,0.0,0.0,0.0
1,2,September,17,medium,medium,0.27029344225709906,8.108803267712972,0.0,0.0,0.0
1,9,April,17,medium,medium,3.4113217965985356,102.33965389795607,0.0,0.0,0.0
1,9,April,20,fast,fast,1.8586115171105533,55.7583455133166,0.0,0.0,0.0
1,9,August,17,fast,fast,3.4113217965985356,105.7509756945546,0.0,0.0,0.0
1,9,December,17,fast,medium,3.4113217965985356,105.7509756945546,0.0,0.0,0.0
1,9,February,17,fast,fast,3.4113217965985356,95.517010304759,0.0,0.0,0.0
1,9,January,17,fast,fast,3.4113217965985356,105.7509756945546,0.0,0.0,0.0
1,9,July,17,fast,medium,3.4113217965985356,105.7509756945546,0.0,0.0,0.0
1,9,June,17,fast,fast,3.4113217965985356,102.33965389795607,0.0,0.0,0.0
1,9,June,20,medium,medium,7.843758727349014,235.31276182047043,0.0,0.0,0.0
1,9,June,20,fast,fast,1.8586115171244941,55.758345513734824,0.0,0.0,0.0
1,9,March,17,fast,medium,3.4113217965985356,105.7509756945546,0.0,0.0,0.0
1,9,May,17,fast,medium,3.4113217965985356,105.7509756945546,0.0,0.0,0.0
1,9,May,19,medium,medium,0.9190756486101748,28.491345106915418,0.0,0.0,0.0
1,9,May,20,medium,medium,4.417813133604824,136.95220714174954,0.0,0.0,0.0
1,9,November,17,fast,fast,3.4113217965985356,102.33965389795607,0.0,0.0,0.0
1,9,October,17,fast,fast,3.4113217965985356,105.7509756945546,0.0,0.0,0.0
1,9,September,17,fast,medium,3.4113217965985356,102.33965389795607,0.0,0.0,0.0
2,9,April,19,fast,medium,3.347948824440593,100.43846473321778,0.0,0.0,0.0
2,9,April,20,fast,fast,8.815846756653466,264.475402699604,0.0,0.0,0.0
2,9,April,21,fast,fast,1.8225303349381505,54.675910048144516,0.0,0.0,0.0
2,9,June,19,medium,medium,3.5857061577739344,107.57118473321803,0.0,0.0,0.0
2,9,June,20,fast,fast,8.815846756639525,264.47540269918574,0.0,0.0,0.0
2,9,June,21,fast,medium,4.245710849215093,127.37132547645278,0.0,0.0,0.0
2,9,June,21,fast,fast,1.8225303349381505,54.675910048144516,0.0,0.0,0.0
2,9,May,19,medium,medium,7.615912059207663,236.09327383543754,0.0,0.0,0.0
2,9,May,20,fast,medium,1.2233779628331316,37.92471684782708,0.0,0.0,0.0
2,9,May,20,fast,fast,7.592468793805963,235.36653260798488,0.0,0.0,0.0
2,9,May,21,medium,medium,4.245710849213274,131.61703632561148,0.0,0.0,0.0
2,9,May,21,fast,fast,1.8225303349399695,56.498440383139055,0.0,0.0,0.0
4,11,April,38,fast,fast,0.6994932056428098,20.984796169284294,0.0,0.0,0.0
4,11,August,38,fast,fast,0.6994932056428098,21.684289374927104,0.0,0.0,0.0
4,11,December,38,fast,fast,0.6994932056428098,21.684289374927104,0.0,0.0,0.0
4,11,February,38,fast,fast,0.6994932056428098,19.585809757998675,0.0,0.0,0.0
4,11,January,38,fast,fast,0.6994932056428098,21.684289374927104,0.0,0.0,0.0
4,11,July,38,fast,fast,0.6994932056428098,21.684289374927104,0.0,0.0,0.0
4,11,June,38,fast,fast,0.6994932056428098,20.984796169284294,0.0,0.0,0.0
4,11,March,38,fast,fast,0.6994932056428098,21.684289374927104,0.0,0.0,0.0
4,11,May,38,fast,fast,0.6994932056428098,21.684289374927104,0.0,0.0,0.0
4,11,November,38,fast,fast,0.6994932056428098,20.984796169284294,0.0,0.0,0.0
4,11,October,38,fast,fast,0.6994932056428098,21.684289374927104,0.0,0.0,0.0
4,11,September,38,fast,fast,0.6994932056428098,20.984796169284294,0.0,0.0,0.0
7,8,April,24,slow,slow,1.153809322852176,34.61427968556528,0.0,0.0,0.0
7,8,August,24,fast,fast,1.153809322852176,35.768089008417455,0.0,0.0,0.0
7,8,December,24,fast,fast,1.153809322852176,35.768089008417455,0.0,0.0,0.0
7,8,February,24,fast,fast,1.153809322852176,32.30666103986093,0.0,0.0,0.0
7,8,January,24,fast,fast,1.153809322852176,35.768089008417455,0.0,0.0,0.0
7,8,July,24,fast,fast,1.153809322852176,35.768089008417455,0.0,0.0,0.0
7,8,June,24,fast,fast,1.153809322852176,34.61427968556528,0.0,0.0,0.0
7,8,March,24,fast,fast,1.153809322852176,35.768089008417455,0.0,0.0,0.0
7,8,May,24,fast,fast,1.153809322852176,35.768089008417455,0.0,0.0,0.0
7,8,November,24,fast,fast,1.153809322852176,34.61427968556528,0.0,0.0,0.0
7,8,October,24,fast,fast,1.153809322852176,35.768089008417455,0.0,0.0,0.0
7,8,September,24,fast,fast,1.153809322852176,34.61427968556528,0.0,0.0,0.0
8,1,April,21,fast,medium,6.705008401120384,201.15025203361154,0.0,0.0,0.0
8,1,June,21,medium,medium,7.9985899844616775,239.95769953385033,0.0,0.0,0.0
8,1,May,21,fast,medium,8.760569597540112,271.5776575237435,0.0,0.0,0.0
9,1,June,23,medium,medium,7.6683667490385545,230.05100247115664,0.0,0.0,0.0
9,1,June,29,fast,medium,1.9194504850372027,57.58351455111608,0.0,0.0,0.0
10,9,April,34,fast,fast,8.033498168468917,241.0049450540675,0.0,0.0,0.0
10,9,August,34,fast,fast,5.620918173845261,174.2484633892031,0.0,0.0,0.0
10,9,January,34,fast,fast,7.158180835135584,221.90360588920308,0.0,0.0,0.0
10,9,July,34,fast,fast,9.455763194440486,293.1286590276551,0.0,0.0,0.0
10,9,June,34,fast,fast,9.455763194440486,283.67289583321457,0.0,0.0,0.0
10,9,March,34,fast,fast,9.455763194440486,293.1286590276551,0.0,0.0,0.0
10,9,May,20,fast,fast,3.0819894799585086,95.54167387871377,0.0,0.0,0.0
10,9,May,34,fast,fast,9.455763194440486,293.1286590276551,0.0,0.0,0.0
10,9,November,34,fast,fast,9.455763194440486,283.67289583321457,0.0,0.0,0.0
10,9,September,34,fast,fast,0.912704418468917,27.381132554067513,0.0,0.0,0.0
10,11,April,34,fast,fast,1.4222650259715692,42.66795077914708,0.0,0.0,0.0
10,11,August,34,medium,medium,3.8348450205952247,118.88019563845197,0.0,0.0,0.0
10,11,December,34,fast,fast,9.455763194440486,293.1286590276551,0.0,0.0,0.0
10,11,February,34,fast,fast,9.455763194440486,264.7613694443336,0.0,0.0,0.0
10,11,January,34,medium,medium,2.2975823593049025,71.22505313845198,0.0,0.0,0.0
10,11,October,34,fast,fast,9.455763194440486,293.1286590276551,0.0,0.0,0.0
10,11,September,34,medium,medium,8.54305877597157,256.2917632791471,0.0,0.0,0.0
11,4,April,17,fast,fast,0.6301340393079968,18.904021179239905,0.0,0.0,0.0
11,4,April,18,fast,fast,0.09999999999822151,2.9999999999466453,0.0,0.0,0.0
11,4,April,25,fast,fast,5.767072320077226,173.01216960231676,0.0,0.0,0.0
11,4,April,26,fast,fast,0.0999999999999801,2.999999999999403,0.0,0.0,0.0
11,4,April,27,fast,fast,23.18271164991257,695.4813494973771,0.0,0.0,0.0
11,4,April,33,fast,fast,11.878964693614122,356.36894080842364,0.0,0.0,0.0
11,4,August,27,fast,fast,2.1478233999125678,66.5825253972896,0.0,0.0,0.0
11,4,August,33,fast,fast,11.878964693614122,368.2479055020378,0.0,0.0,0.0
11,4,December,27,fast,fast,2.1478233999125678,66.5825253972896,0.0,0.0,0.0
11,4,December,33,fast,fast,11.878964693614122,368.2479055020378,0.0,0.0,0.0
11,4,February,27,fast,fast,2.1478233999125678,60.1390551975519,0.0,0.0,0.0
11,4,February,33,fast,fast,11.878964693614122,332.6110114211954,0.0,0.0,0.0
11,4,January,27,fast,fast,2.1478233999125678,66.5825253972896,0.0,0.0,0.0
11,4,January,33,fast,fast,11.878964693614122,368.2479055020378,0.0,0.0,0.0
11,4,July,27,fast,fast,2.1478233999125678,66.5825253972896,0.0,0.0,0.0
11,4,July,33,fast,fast,11.878964693614122,368.2479055020378,0.0,0.0,0.0
11,4,June,17,fast,fast,18.23659003966067,547.0977011898201,0.0,0.0,0.0
11,4,June,18,fast,fast,12.357640229604446,370.7292068881334,0.0,0.0,0.0
11,4,June,19,fast,fast,1.4968896726600107,44.90669017980032,0.0,0.0,0.0
11,4,June,25,fast,fast,0.0999999999999801,2.999999999999403,0.0,0.0,0.0
11,4,June,26,fast,fast,1.7408758532022333,52.226275596067,0.0,0.0,0.0
11,4,June,27,fast,fast,21.088360649912605,632.6508194973782,0.0,0.0,0.0
11,4,June,33,fast,fast,11.878964693614122,356.36894080842364,0.0,0.0,0.0
11,4,March,27,fast,fast,2.1478233999125678,66.5825253972896,0.0,0.0,0.0
11,4,March,33,fast,fast,11.878964693614122,368.2479055020378,0.0,0.0,0.0
11,4,May,15,fast,fast,4.356509499206588,135.05179447540422,0.0,0.0,0.0
11,4,May,16,fast,fast,14.76874434181525,457.83107459627274,0.0,0.0,0.0
11,4,May,17,fast,fast,19.999999000000024,619.9999690000008,0.0,0.0,0.0
11,4,May,18,fast,fast,19.999999000000024,619.9999690000008,0.0,0.0,0.0
11,4,May,19,fast,fast,16.88800345035125,523.5281069608887,0.0,0.0,0.0
11,4,May,20,fast,fast,6.06601862390788,188.04657734114426,0.0,0.0,0.0
11,4,May,27,fast,fast,2.1478233999125678,66.5825253972896,0.0,0.0,0.0
11,4,May,33,fast,fast,11.878964693614122,368.2479055020378,0.0,0.0,0.0
11,4,November,27,fast,fast,2.1478233999125678,64.43470199737703,0.0,0.0,0.0
11,4,November,33,fast,fast,11.878964693614122,356.36894080842364,0.0,0.0,0.0
11,4,October,27,fast,fast,2.1478233999125678,66.5825253972896,0.0,0.0,0.0
11,4,October,33,fast,fast,11.878964693614122,368.2479055020378,0.0,0.0,0.0
11,4,September,17,fast,fast,1.3972280105333024,41.91684031599907,0.0,0.0,0.0
11,4,September,27,fast,fast,2.1478233999125678,64.43470199737703,0.0,0.0,0.0
11,4,September,33,fast,fast,11.878964693614122,356.36894080842364,0.0,0.0,0.0
11,10,April,21,fast,fast,4.5185072195733795,135.5552165872014,0.0,0.0,0.0
11,10,April,32,fast,fast,11.02209827133599,330.6629481400797,0.0,0.0,0.0
11,10,April,33,medium,medium,12.023109517448049,360.69328552344143,0.0,0.0,0.0
11,10,August,33,fast,medium,12.023109517448049,372.7163950408895,0.0,0.0,0.0
11,10,December,33,medium,medium,12.023109517448049,372.7163950408895,0.0,0.0,0.0
11,10,February,33,medium,medium,12.023109517448049,336.64706648854536,0.0,0.0,0.0
11,10,January,33,medium,medium,12.023109517448049,372.7163950408895,0.0,0.0,0.0
11,10,July,33,medium,medium,12.023109517448049,372.7163950408895,0.0,0.0,0.0
11,10,June,21,fast,fast,4.206648161476849,126.19944484430548,0.0,0.0,0.0
11,10,June,32,medium,medium,23.27669627821156,698.3008883463468,0.0,0.0,0.0
11,10,June,32,fast,fast,11.022098271297352,330.66294813892057,0.0,0.0,0.0
11,10,June,33,medium,medium,12.023109517448049,360.69328552344143,0.0,0.0,0.0
11,10,March,33,medium,medium,12.023109517448049,372.7163950408895,0.0,0.0,0.0
11,10,May,32,fast,fast,11.022098271295988,341.68504641017563,0.0,0.0,0.0
11,10,May,33,medium,medium,12.023109517448049,372.7163950408895,0.0,0.0,0.0
11,10,November,33,medium,medium,12.023109517448049,360.69328552344143,0.0,0.0,0.0
11,10,October,33,medium,medium,12.023109517448049,372.7163950408895,0.0,0.0,0.0
11,10,September,33,medium,medium,12.023109517448049,360.69328552344143,0.0,0.0,0.0
12,19,December,23,medium,medium,1.2274635483870968,38.05137,0.0,0.0,0.0
12,19,June,22,medium,medium,1.241149184827945,37.23447554483835,0.0,0.0,0.0
12,19,June,23,medium,medium,0.8724821848279465,26.174465544838394,0.0,0.0,0.0
12,19,March,23,fast,medium,0.19138970489944018,5.933080851882646,0.0,0.0,0.0
13,21,April,16,fast,medium,1.3379891547825977,40.13967464347793,0.0,0.0,0.0
13,21,August,16,medium,medium,1.337989154782596,41.47766379826047,0.0,0.0,0.0
13,21,December,16,fast,medium,1.3379891547825977,41.47766379826053,0.0,0.0,0.0
13,21,February,16,fast,medium,1.3379891547825977,37.463696333912736,0.0,0.0,0.0
13,21,January,16,fast,fast,1.3379891547825977,41.47766379826053,0.0,0.0,0.0
13,21,July,16,fast,medium,1.3379891547825977,41.47766379826053,0.0,0.0,0.0
13,21,June,16,medium,medium,1.337989154782596,40.139674643477875,0.0,0.0,0.0
13,21,March,16,fast,medium,1.3379891547825977,41.47766379826053,0.0,0.0,0.0
13,21,May,16,fast,fast,1.3379891547825977,41.47766379826053,0.0,0.0,0.0
13,21,November,16,medium,medium,1.337989154782596,40.139674643477875,0.0,0.0,0.0
13,21,October,16,fast,medium,1.3379891547825977,41.47766379826053,0.0,0.0,0.0
13,21,September,16,fast,medium,1.3379891547825977,40.13967464347793,0.0,0.0,0.0
14,13,April,19,fast,fast,11.021320714688766,330.639621440663,0.0,0.0,0.0
14,13,April,26,fast,fast,2.744034106816663,82.3210232044999,0.0,0.0,0.0
14,13,April,28,fast,fast,12.905228764308678,387.15686292926034,0.0,0.0,0.0
14,13,April,29,medium,medium,3.1754866666666732,95.2646000000002,0.0,0.0,0.0
14,13,April,29,fast,fast,15.661333586725595,469.84000760176787,0.0,0.0,0.0
14,13,April,30,fast,fast,11.101933169833075,333.05799509499224,0.0,0.0,0.0
14,13,April,33,fast,fast,9.761941333333333,292.85823999999997,0.0,0.0,0.0
14,13,April,34,fast,fast,9.761941333333333,292.85823999999997,0.0,0.0,0.0
14,13,April,35,fast,fast,23.784007173279633,713.520215198389,0.0,0.0,0.0
14,13,April,36,fast,fast,15.095364459885054,452.86093379655165,0.0,0.0,0.0
14,13,August,26,fast,fast,2.744034106816663,85.06505731131656,0.0,0.0,0.0
14,13,August,29,fast,fast,8.583453586725598,266.0870611884935,0.0,0.0,0.0
14,13,August,30,fast,fast,0.8485665031664027,26.305561598158484,0.0,0.0,0.0
14,13,August,33,fast,fast,6.092405335628229,188.8645654044751,0.0,0.0,0.0
14,13,August,34,fast,fast,6.1606889214344385,190.9813565644676,0.0,0.0,0.0
14,13,August,35,fast,fast,23.784007173279633,737.3042223716686,0.0,0.0,0.0
14,13,August,36,fast,fast,15.095364459885062,467.9562982564369,0.0,0.0,0.0
14,13,December,35,fast,fast,23.784007173279633,737.3042223716686,0.0,0.0,0.0
14,13,December,36,fast,fast,15.095364459885062,467.9562982564369,0.0,0.0,0.0
14,13,February,26,fast,fast,0.21650485370744477,6.0621359038084535,0.0,0.0,0.0
14,13,February,35,fast,fast,23.78400717327964,665.95220085183,0.0,0.0,0.0
14,13,February,36,fast,fast,15.095364459885062,422.6702048767817,0.0,0.0,0.0
14,13,January,35,fast,fast,23.784007173279633,737.3042223716686,0.0,0.0,0.0
14,13,January,36,fast,fast,15.095364459885062,467.9562982564369,0.0,0.0,0.0
14,13,July,19,fast,fast,2.6792607146887697,83.05708215535186,0.0,0.0,0.0
14,13,July,26,fast,fast,2.744034106816663,85.06505731131656,0.0,0.0,0.0
14,13,July,29,fast,fast,11.754173586725594,364.3793811884934,0.0,0.0,0.0
14,13,July,30,fast,fast,4.0192865031663985,124.59788159815835,0.0,0.0,0.0
14,13,July,33,fast,fast,10.004079999999998,310.12647999999996,0.0,0.0,0.0
14,13,July,34,fast,fast,9.088507996674846,281.74374789692024,0.0,0.0,0.0
14,13,July,35,fast,fast,23.784007173279633,737.3042223716686,0.0,0.0,0.0
14,13,July,36,fast,fast,15.095364459885062,467.9562982564369,0.0,0.0,0.0
14,13,June,19,fast,fast,11.200542048022104,336.01626144066313,0.0,0.0,0.0
14,13,June,26,fast,fast,2.744034106816663,82.3210232044999,0.0,0.0,0.0
14,13,June,28,fast,fast,13.78848176430867,413.6544529292601,0.0,0.0,0.0
14,13,June,29,fast,medium,4.984543333333336,149.5363000000001,0.0,0.0,0.0
14,13,June,29,fast,fast,15.661333586725595,469.84000760176787,0.0,0.0,0.0
14,13,June,30,fast,fast,12.910989836499738,387.32969509499213,0.0,0.0,0.0
14,13,June,33,fast,fast,15.749529333333333,472.48588,0.0,0.0,0.0
14,13,June,34,fast,fast,15.749529333333333,472.48588,0.0,0.0,0.0
14,13,June,35,fast,fast,23.784007173279633,713.520215198389,0.0,0.0,0.0
14,13,June,36,fast,fast,15.095364459885062,452.8609337965519,0.0,0.0,0.0
14,13,March,26,fast,fast,2.744034106816663,85.06505731131656,0.0,0.0,0.0
14,13,March,29,fast,fast,4.0992335867255925,127.07624118849337,0.0,0.0,0.0
14,13,March,33,fast,fast,1.3354483114155433,41.398897653881846,0.0,0.0,0.0
14,13,March,35,fast,fast,23.784007173279633,737.3042223716686,0.0,0.0,0.0
14,13,March,36,fast,fast,15.095364459885062,467.9562982564369,0.0,0.0,0.0
14,13,May,18,medium,medium,0.9474071006190208,29.369620119189644,0.0,0.0,0.0
14,13,May,19,fast,fast,15.916597008464855,493.4145072624105,0.0,0.0,0.0
14,13,May,21,fast,fast,11.267105938812012,349.2802841031724,0.0,0.0,0.0
14,13,May,26,fast,fast,2.744034106816663,85.06505731131656,0.0,0.0,0.0
14,13,May,28,fast,fast,14.369533774891416,445.4555470216339,0.0,0.0,0.0
14,13,May,29,fast,fast,15.661333586725595,485.5013411884934,0.0,0.0,0.0
14,13,May,30,fast,fast,7.9264465031663995,245.71984159815838,0.0,0.0,0.0
14,13,May,33,fast,fast,14.62118,453.25658000000004,0.0,0.0,0.0
14,13,May,34,fast,fast,14.62118,453.25658000000004,0.0,0.0,0.0
14,13,May,35,fast,fast,23.784007173279633,737.3042223716686,0.0,0.0,0.0
14,13,May,36,fast,fast,15.095364459885062,467.9562982564369,0.0,0.0,0.0
14,13,May,37,fast,fast,1.1344,35.1664,0.0,0.0,0.0
14,13,November,35,fast,fast,23.784007173279633,713.520215198389,0.0,0.0,0.0
14,13,November,36,fast,fast,15.095364459885062,452.8609337965519,0.0,0.0,0.0
14,13,October,35,fast,fast,23.784007173279633,737.3042223716686,0.0,0.0,0.0
14,13,October,36,fast,fast,15.095364459885062,467.9562982564369,0.0,0.0,0.0
14,13,September,19,fast,fast,5.515460714688775,165.46382144066325,0.0,0.0,0.0
14,13,September,26,fast,fast,2.744034106816663,82.3210232044999,0.0,0.0,0.0
14,13,September,29,fast,fast,7.8687722533922635,236.0631676017679,0.0,0.0,0.0
14,13,September,30,fast,fast,0.1338851698330643,4.016555094991929,0.0,0.0,0.0
14,13,September,35,fast,fast,23.784007173279633,713.520215198389,0.0,0.0,0.0
14,13,September,36,fast,fast,15.095364459885062,452.8609337965519,0.0,0.0,0.0
14,21,April,29,fast,fast,5.095305618741502,152.85916856224506,0.0,0.0,0.0
14,21,June,29,fast,fast,6.765765202074839,202.97295606224515,0.0,0.0,0.0
14,21,May,29,fast,fast,4.078424785408178,126.43116834765351,0.0,0.0,0.0
15,7,April,16,medium,medium,6.481363411250925,194.44090233752775,0.0,0.0,0.0
15,7,April,17,medium,medium,31.508617657384328,945.2585297215298,0.0,0.0,0.0
15,7,April,18,medium,medium,33.0,990.0,0.0,0.0,0.0
15,7,April,19,medium,medium,33.0,990.0,0.0,0.0,0.0
15,7,April,20,fast,medium,6.645862499999989,199.37587499999967,0.0,0.0,0.0
15,7,April,26,medium,medium,3.9438035437047425,118.31410631114227,0.0,0.0,0.0
15,7,April,27,medium,medium,8.588375416666654,257.65126249999963,0.0,0.0,0.0
15,7,April,28,medium,medium,8.588375416666654,257.65126249999963,0.0,0.0,0.0
15,7,April,29,medium,medium,10.302087938596523,309.0626381578957,0.0,0.0,0.0
15,7,April,30,medium,medium,5.5652458333333215,166.95737499999964,0.0,0.0,0.0
15,7,April,31,medium,medium,9.212228333333334,276.36685,0.0,0.0,0.0
15,7,April,32,medium,medium,9.212228333333334,276.36685,0.0,0.0,0.0
15,7,April,33,fast,medium,8.385808105049577,251.5742431514873,0.0,0.0,0.0
15,7,April,34,medium,medium,0.2506939925581815,7.520819776745444,0.0,0.0,0.0
15,7,April,35,medium,medium,1.0124408333333335,30.373225000000005,0.0,0.0,0.0
15,7,April,36,medium,medium,1.0124408333333335,30.373225000000005,0.0,0.0,0.0
15,7,April,37,medium,medium,7.521859583333334,225.6557875,0.0,0.0,0.0
15,7,April,38,medium,medium,5.833158875672046,174.9947662701614,0.0,0.0,0.0
15,7,August,16,medium,medium,6.481363411250925,200.92226574877867,0.0,0.0,0.0
15,7,August,17,medium,medium,31.508617657384328,976.7671473789142,0.0,0.0,0.0
15,7,August,18,medium,medium,33.0,1023.0,0.0,0.0,0.0
15,7,August,19,medium,medium,33.0,1023.0,0.0,0.0,0.0
15,7,August,20,fast,medium,0.9557181451612795,29.627262499999667,0.0,0.0,0.0
15,7,August,23,medium,medium,4.132427433800416,128.1052504478129,0.0,0.0,0.0
15,7,August,27,medium,medium,9.511501612903219,294.8565499999998,0.0,0.0,0.0
15,7,August,28,medium,medium,9.511501612903237,294.8565500000003,0.0,0.0,0.0
15,7,August,29,medium,medium,0.8106604838709579,25.130474999999695,0.0,0.0,0.0
15,7,August,30,medium,medium,0.8106604838709579,25.130474999999695,0.0,0.0,0.0
15,7,August,31,medium,medium,3.240568718166408,100.45763026315865,0.0,0.0,0.0
15,7,August,33,medium,medium,8.385808105049577,259.9600512565369,0.0,0.0,0.0
15,7,August,34,medium,medium,1.0395160602167168,32.22499786671822,0.0,0.0,0.0
15,7,August,35,medium,medium,1.3991326612903228,43.373112500000005,0.0,0.0,0.0
15,7,August,36,fast,medium,1.3991326612903228,43.373112500000005,0.0,0.0,0.0
15,7,December,16,medium,medium,6.481363411250925,200.92226574877867,0.0,0.0,0.0
15,7,December,17,medium,medium,31.508617657384328,976.7671473789142,0.0,0.0,0.0
15,7,December,18,medium,medium,33.0,1023.0,0.0,0.0,0.0
15,7,December,19,medium,medium,33.0,1023.0,0.0,0.0,0.0
15,7,December,23,medium,medium,4.132427433800416,128.1052504478129,0.0,0.0,0.0
15,7,December,27,medium,medium,7.523338611870301,233.22349696797932,0.0,0.0,0.0
15,7,December,28,medium,medium,7.996436940162042,247.8895451450233,0.0,0.0,0.0
15,7,February,16,medium,medium,6.481363411250925,181.4781755150259,0.0,0.0,0.0
15,7,February,17,medium,medium,31.508617657384328,882.2412944067612,0.0,0.0,0.0
15,7,February,18,medium,medium,33.0,924.0,0.0,0.0,0.0
15,7,February,19,medium,medium,33.0,924.0,0.0,0.0,0.0
15,7,February,23,medium,medium,4.13242743380043,115.70796814641204,0.0,0.0,0.0
15,7,February,27,medium,medium,7.523338611870301,210.65348113236843,0.0,0.0,0.0
15,7,February,28,medium,medium,7.996436940162042,223.90023432453717,0.0,0.0,0.0
15,7,February,33,medium,medium,6.422983193908438,179.84352942943627,0.0,0.0,0.0
15,7,January,16,medium,medium,6.481363411250925,200.92226574877867,0.0,0.0,0.0
15,7,January,17,medium,medium,31.508617657384328,976.7671473789142,0.0,0.0,0.0
15,7,January,18,medium,medium,33.0,1023.0,0.0,0.0,0.0
15,7,January,19,medium,medium,33.0,1023.0,0.0,0.0,0.0
15,7,January,23,medium,medium,4.132427433800416,128.1052504478129,0.0,0.0,0.0
15,7,January,27,medium,medium,7.523338611870301,233.22349696797932,0.0,0.0,0.0
15,7,January,28,medium,medium,7.996436940162042,247.8895451450233,0.0,0.0,0.0
15,7,July,16,medium,medium,6.481363411250925,200.92226574877867,0.0,0.0,0.0
15,7,July,17,medium,medium,31.508617657384328,976.7671473789142,0.0,0.0,0.0
15,7,July,18,medium,medium,33.0,1023.0,0.0,0.0,0.0
15,7,July,19,medium,medium,33.0,1023.0,0.0,0.0,0.0
15,7,July,20,fast,medium,2.7775685483870856,86.10462499999966,0.0,0.0,0.0
15,7,July,23,medium,medium,0.9771380789617155,30.29128044781318,0.0,0.0,0.0
15,7,July,27,medium,medium,11.213789112903209,347.62746249999947,0.0,0.0,0.0
15,7,July,28,medium,medium,11.213789112903195,347.627462499999,0.0,0.0,0.0
15,7,July,33,medium,medium,8.385808105049577,259.9600512565369,0.0,0.0,0.0
15,7,July,35,medium,medium,2.3691020161290326,73.44216250000001,0.0,0.0,0.0
15,7,July,36,medium,medium,2.3691020161290326,73.44216250000001,0.0,0.0,0.0
15,7,July,37,medium,medium,7.592306331180439,235.3614962665936,0.0,0.0,0.0
15,7,July,38,medium,medium,0.7467951612903228,23.150650000000006,0.0,0.0,0.0
15,7,June,16,medium,medium,6.481363411250925,194.44090233752775,0.0,0.0,0.0
15,7,June,17,medium,medium,31.508617657384328,945.2585297215298,0.0,0.0,0.0
15,7,June,18,medium,medium,33.0,990.0,0.0,0.0,0.0
15,7,June,19,medium,medium,33.0,990.0,0.0,0.0,0.0
15,7,June,20,fast,medium,6.7289691666666585,201.86907499999975,0.0,0.0,0.0
15,7,June,26,medium,medium,4.006171877038081,120.18515631114244,0.0,0.0,0.0
15,7,June,27,medium,medium,16.53193041666667,495.9579125,0.0,0.0,0.0
15,7,June,28,medium,medium,16.531930416666665,495.95791249999996,0.0,0.0,0.0
15,7,June,29,medium,medium,13.90412291666667,417.12368750000013,0.0,0.0,0.0
15,7,June,30,medium,medium,13.90412291666667,417.12368750000013,0.0,0.0,0.0
15,7,June,31,medium,medium,10.624138371975633,318.724151159269,0.0,0.0,0.0
15,7,June,32,medium,medium,11.169672083333335,335.0901625000001,0.0,0.0,0.0
15,7,June,33,medium,medium,7.795553341166993,233.8666002350098,0.0,0.0,0.0
15,7,June,35,medium,medium,1.9681330223665825,59.043990670997474,0.0,0.0,0.0
15,7,June,36,medium,medium,0.0999999999999801,2.999999999999403,0.0,0.0,0.0
15,7,June,37,medium,medium,0.8100312500000003,24.30093750000001,0.0,0.0,0.0
15,7,June,38,medium,medium,0.8100312500000003,24.30093750000001,0.0,0.0,0.0
15,7,March,15,medium,medium,1.1148107826954385,34.5591342635586,0.0,0.0,0.0
15,7,March,16,medium,medium,6.481363411250925,200.92226574877867,0.0,0.0,0.0
15,7,March,17,medium,medium,31.508617657384328,976.7671473789142,0.0,0.0,0.0
15,7,March,18,medium,medium,33.0,1023.0,0.0,0.0,0.0
15,7,March,19,medium,medium,33.0,1023.0,0.0,0.0,0.0
15,7,March,20,fast,medium,0.24937701612902163,7.730687499999671,0.0,0.0,0.0
15,7,March,23,medium,medium,4.132427433800416,128.1052504478129,0.0,0.0,0.0
15,7,March,27,medium,medium,7.523338611870301,233.22349696797932,0.0,0.0,0.0
15,7,March,28,medium,medium,7.996436940162042,247.8895451450233,0.0,0.0,0.0
15,7,March,33,fast,medium,8.385808105049577,259.9600512565369,0.0,0.0,0.0
15,7,March,34,medium,medium,1.099975,34.099225,0.0,0.0,0.0
15,7,March,38,medium,medium,0.2383150096658392,7.387765299641016,0.0,0.0,0.0
15,7,May,15,medium,medium,7.530391831082534,233.44214676355855,0.0,0.0,0.0
15,7,May,16,medium,medium,6.481363411250925,200.92226574877867,0.0,0.0,0.0
15,7,May,17,medium,medium,31.508617657384328,976.7671473789142,0.0,0.0,0.0
15,7,May,18,medium,medium,33.0,1023.0,0.0,0.0,0.0
15,7,May,19,medium,medium,33.0,1023.0,0.0,0.0,0.0
15,7,May,20,medium,medium,10.461942741935474,324.3202249999997,0.0,0.0,0.0
15,7,May,25,medium,medium,2.5611069520757077,79.39431551434694,0.0,0.0,0.0
15,7,May,26,medium,medium,6.740408785640231,208.95267235484715,0.0,0.0,0.0
15,7,May,27,medium,medium,11.298317338709662,350.24783749999955,0.0,0.0,0.0
15,7,May,28,medium,medium,16.035159443972866,497.08994276315883,0.0,0.0,0.0
15,7,May,29,medium,medium,8.216317338709667,254.70583749999966,0.0,0.0,0.0
15,7,May,30,medium,medium,8.216317338709667,254.70583749999966,0.0,0.0,0.0
15,7,May,31,medium,medium,11.36664637096774,352.36603749999995,0.0,0.0,0.0
15,7,May,32,medium,medium,11.36664637096774,352.36603749999995,0.0,0.0,0.0
15,7,May,33,fast,medium,8.385808105049577,259.9600512565369,0.0,0.0,0.0
15,7,May,34,medium,medium,5.000674690365943,155.02091540134424,0.0,0.0,0.0
15,7,May,35,medium,medium,2.2048931451612908,68.35168750000001,0.0,0.0,0.0
15,7,May,36,medium,medium,5.71707851243045,177.22943388534395,0.0,0.0,0.0
15,7,May,37,medium,medium,8.026032258064516,248.80700000000002,0.0,0.0,0.0
15,7,May,38,medium,medium,8.026032258064516,248.80700000000002,0.0,0.0,0.0
15,7,November,16,medium,medium,6.481363411250925,194.44090233752775,0.0,0.0,0.0
15,7,November,17,medium,medium,31.508617657384328,945.2585297215298,0.0,0.0,0.0
15,7,November,18,medium,medium,33.0,990.0,0.0,0.0,0.0
15,7,November,19,medium,medium,33.0,990.0,0.0,0.0,0.0
15,7,November,23,medium,medium,4.13242743380043,123.9728230140129,0.0,0.0,0.0
15,7,November,27,medium,medium,7.523338611870301,225.70015835610903,0.0,0.0,0.0
15,7,November,28,medium,medium,7.996436940162042,239.89310820486125,0.0,0.0,0.0
15,7,October,16,medium,medium,6.481363411250925,200.92226574877867,0.0,0.0,0.0
15,7,October,17,medium,medium,31.508617657384328,976.7671473789142,0.0,0.0,0.0
15,7,October,18,medium,medium,33.0,1023.0,0.0,0.0,0.0
15,7,October,19,medium,medium,33.0,1023.0,0.0,0.0,0.0
15,7,October,23,medium,medium,4.132427433800416,128.1052504478129,0.0,0.0,0.0
15,7,October,27,medium,medium,7.523338611870301,233.22349696797932,0.0,0.0,0.0
15,7,October,28,medium,medium,7.996436940162042,247.8895451450233,0.0,0.0,0.0
15,7,September,15,medium,medium,1.411910809577158,42.35732428731474,0.0,0.0,0.0
15,7,September,16,medium,medium,6.481363411250925,194.44090233752775,0.0,0.0,0.0
15,7,September,17,medium,medium,31.508617657384328,945.2585297215298,0.0,0.0,0.0
15,7,September,18,medium,medium,33.0,990.0,0.0,0.0,0.0
15,7,September,19,medium,medium,33.0,990.0,0.0,0.0,0.0
15,7,September,23,medium,medium,4.13242743380043,123.9728230140129,0.0,0.0,0.0
15,7,September,27,medium,medium,9.272239166666647,278.1671749999994,0.0,0.0,0.0
15,7,September,28,medium,medium,9.27223916666672,278.16717500000163,0.0,0.0,0.0
15,7,September,29,medium,medium,0.47925583333332167,14.37767499999965,0.0,0.0,0.0
15,7,September,30,medium,medium,0.47925583333332167,14.37767499999965,0.0,0.0,0.0
15,7,September,33,medium,medium,3.895724532022868,116.87173596068604,0.0,0.0,0.0
15,8,April,16,fast,fast,13.976217278848981,419.2865183654694,0.0,0.0,0.0
15,8,April,22,fast,fast,10.352883555754575,310.58650667263726,0.0,0.0,0.0
15,8,April,23,fast,fast,17.098212489476918,512.9463746843076,0.0,0.0,0.0
15,8,April,24,slow,slow,2.3788775411394383,71.36632623418315,0.0,0.0,0.0
15,8,April,24,fast,fast,25.000000000000007,750.0000000000002,0.0,0.0,0.0
15,8,April,25,fast,fast,25.000000000000007,750.0000000000002,0.0,0.0,0.0
15,8,April,26,fast,fast,25.000000000000007,750.0000000000002,0.0,0.0,0.0
15,8,April,27,fast,fast,23.93496319520365,718.0488958561095,0.0,0.0,0.0
15,8,April,28,fast,fast,24.40806152349539,732.2418457048617,0.0,0.0,0.0
15,8,April,29,fast,fast,17.83633916666666,535.0901749999998,0.0,0.0,0.0
15,8,April,30,fast,fast,19.75851898305532,592.7555694916597,0.0,0.0,0.0
15,8,April,31,fast,fast,9.057599259040707,271.7279777712212,0.0,0.0,0.0
15,8,April,32,fast,fast,1.0616845972159226,31.850537916477677,0.0,0.0,0.0
15,8,April,34,fast,fast,3.8820498798607916,116.46149639582374,0.0,0.0,0.0
15,8,April,35,fast,fast,1.5758861666666668,47.276585000000004,0.0,0.0,0.0
15,8,April,36,fast,fast,1.5758861666666668,47.276585000000004,0.0,0.0,0.0
15,8,April,37,fast,fast,2.5340249166666666,76.0207475,0.0,0.0,0.0
15,8,April,38,fast,fast,0.591487257185239,17.74461771555717,0.0,0.0,0.0
15,8,August,16,fast,fast,13.976217278848981,433.2627356443184,0.0,0.0,0.0
15,8,August,23,fast,fast,17.66158640710383,547.5091786202187,0.0,0.0,0.0
15,8,August,24,fast,fast,23.84619067714783,739.2319109915827,0.0,0.0,0.0
15,8,August,25,fast,fast,12.065114516129025,374.0185499999998,0.0,0.0,0.0
15,8,August,26,fast,fast,12.065114516129025,374.0185499999998,0.0,0.0,0.0
15,8,August,27,fast,fast,23.011836998967084,713.3669469679796,0.0,0.0,0.0
15,8,August,28,fast,fast,23.48493532725881,728.0329951450232,0.0,0.0,0.0
15,8,August,29,fast,fast,10.435723709677417,323.50743499999993,0.0,0.0,0.0
15,8,August,30,fast,fast,10.435723709677417,323.50743499999993,0.0,0.0,0.0
15,8,August,31,fast,fast,2.7279876085030654,84.56761586359502,0.0,0.0,0.0
15,8,August,34,fast,fast,2.5694303691081046,79.65234144235124,0.0,0.0,0.0
15,8,August,35,fast,fast,0.7630242279510473,23.653751066482467,0.0,0.0,0.0
15,8,December,16,fast,fast,13.976217278848981,433.2627356443184,0.0,0.0,0.0
15,8,December,23,fast,fast,17.66158640710383,547.5091786202187,0.0,0.0,0.0
15,8,December,24,fast,fast,23.84619067714783,739.2319109915827,0.0,0.0,0.0
15,8,December,25,fast,fast,0.742844838709674,23.028189999999896,0.0,0.0,0.0
15,8,December,26,fast,fast,10.17217941954739,315.3375620059691,0.0,0.0,0.0
15,8,December,27,fast,fast,25.000000000000007,775.0000000000002,0.0,0.0,0.0
15,8,December,28,fast,fast,25.000000000000007,775.0000000000002,0.0,0.0,0.0
15,8,December,33,fast,fast,8.385808105049577,259.9600512565369,0.0,0.0,0.0
15,8,February,16,fast,fast,13.976217278848981,391.3340838077715,0.0,0.0,0.0
15,8,February,23,fast,fast,17.66158640710383,494.52441939890724,0.0,0.0,0.0
15,8,February,24,fast,fast,23.84619067714783,667.6933389601393,0.0,0.0,0.0
15,8,February,25,fast,fast,7.800347232142853,218.40972249999987,0.0,0.0,0.0
15,8,February,26,fast,fast,10.17217941954739,284.82102374732693,0.0,0.0,0.0
15,8,February,27,fast,fast,25.000000000000007,700.0000000000002,0.0,0.0,0.0
15,8,February,28,fast,fast,25.000000000000007,700.0000000000002,0.0,0.0,0.0
15,8,February,29,fast,fast,6.4367508035714245,180.22902249999987,0.0,0.0,0.0
15,8,February,30,fast,fast,6.4367508035714245,180.22902249999987,0.0,0.0,0.0
15,8,February,33,fast,fast,1.9628249111411407,54.95909751195194,0.0,0.0,0.0
15,8,January,16,fast,fast,13.976217278848981,433.2627356443184,0.0,0.0,0.0
15,8,January,23,fast,fast,17.66158640710383,547.5091786202187,0.0,0.0,0.0
15,8,January,24,fast,fast,23.84619067714783,739.2319109915827,0.0,0.0,0.0
15,8,January,25,fast,fast,3.5552812903225774,110.2137199999999,0.0,0.0,0.0
15,8,January,26,fast,fast,10.17217941954739,315.3375620059691,0.0,0.0,0.0
15,8,January,27,fast,fast,25.000000000000007,775.0000000000002,0.0,0.0,0.0
15,8,January,28,fast,fast,25.000000000000007,775.0000000000002,0.0,0.0,0.0
15,8,January,33,fast,fast,8.385808105049577,259.9600512565369,0.0,0.0,0.0
15,8,July,16,fast,fast,13.976217278848981,433.2627356443184,0.0,0.0,0.0
15,8,July,22,fast,fast,0.6458200288728531,20.020420895058443,0.0,0.0,0.0
15,8,July,23,fast,fast,17.66158640710383,547.5091786202187,0.0,0.0,0.0
15,8,July,24,fast,fast,23.84619067714783,739.2319109915827,0.0,0.0,0.0
15,8,July,25,fast,fast,15.704328870967739,486.8341949999999,0.0,0.0,0.0
15,8,July,26,fast,fast,15.704328870967739,486.8341949999999,0.0,0.0,0.0
15,8,July,27,fast,fast,21.309549498967087,660.5960344679797,0.0,0.0,0.0
15,8,July,28,fast,fast,21.78264782725884,675.2620826450241,0.0,0.0,0.0
15,8,July,29,fast,fast,12.724267580645156,394.4522949999998,0.0,0.0,0.0
15,8,July,30,fast,fast,12.724267580645156,394.4522949999998,0.0,0.0,0.0
15,8,July,31,fast,fast,3.658614382696612,113.41704586359498,0.0,0.0,0.0
15,8,July,34,fast,fast,4.056819320721006,125.76139894235119,0.0,0.0,0.0
15,8,July,35,fast,fast,2.9606332732830776,91.7796314717754,0.0,0.0,0.0
15,8,July,36,fast,fast,1.1875587903225773,36.814322499999896,0.0,0.0,0.0
15,8,July,37,fast,fast,1.1624029032258065,36.034490000000005,0.0,0.0,0.0
15,8,July,38,fast,fast,1.9706116181395332,61.08896016232553,0.0,0.0,0.0
15,8,June,16,fast,fast,13.976217278848981,419.2865183654694,0.0,0.0,0.0
15,8,June,22,fast,fast,10.57513672242125,317.2541016726375,0.0,0.0,0.0
15,8,June,23,fast,fast,17.66158640710383,529.8475922131149,0.0,0.0,0.0
15,8,June,24,slow,slow,2.5792980306582933,77.3789409197488,0.0,0.0,0.0
15,8,June,24,fast,fast,23.84619067714783,715.3857203144349,0.0,0.0,0.0
15,8,June,25,fast,fast,25.000000000000007,750.0000000000002,0.0,0.0,0.0
15,8,June,26,fast,fast,25.000000000000007,750.0000000000002,0.0,0.0,0.0
15,8,June,27,fast,fast,25.000000000000007,750.0000000000002,0.0,0.0,0.0
15,8,June,28,fast,fast,25.000000000000007,750.0000000000002,0.0,0.0,0.0
15,8,June,29,fast,fast,22.0907469668898,662.722409006694,0.0,0.0,0.0
15,8,June,30,fast,fast,21.642069583333335,649.2620875,0.0,0.0,0.0
15,8,June,31,fast,fast,12.104403009040704,363.1320902712211,0.0,0.0,0.0
15,8,June,32,fast,fast,4.108488347215923,123.25465041647769,0.0,0.0,0.0
15,8,June,33,fast,fast,0.5902547638825872,17.707642916477617,0.0,0.0,0.0
15,8,June,34,fast,fast,10.703736379860798,321.11209139582394,0.0,0.0,0.0
15,8,June,35,fast,fast,4.580997833333333,137.429935,0.0,0.0,0.0
15,8,June,36,fast,fast,4.580997833333333,137.429935,0.0,0.0,0.0
15,8,June,37,fast,fast,1.2608312500000003,37.82493750000001,0.0,0.0,0.0
15,8,June,38,fast,fast,1.26083125,37.824937500000004,0.0,0.0,0.0
15,8,March,16,fast,fast,13.976217278848981,433.2627356443184,0.0,0.0,0.0
15,8,March,23,fast,fast,17.66158640710383,547.5091786202187,0.0,0.0,0.0
15,8,March,24,fast,fast,23.84619067714783,739.2319109915827,0.0,0.0,0.0
15,8,March,25,fast,fast,11.430227499999997,354.3370524999999,0.0,0.0,0.0
15,8,March,26,fast,fast,11.430227499999997,354.3370524999999,0.0,0.0,0.0
15,8,March,27,fast,fast,25.000000000000007,775.0000000000002,0.0,0.0,0.0
15,8,March,28,fast,fast,25.000000000000007,775.0000000000002,0.0,0.0,0.0
15,8,March,29,fast,fast,7.199129435483865,223.17301249999983,0.0,0.0,0.0
15,8,March,30,fast,fast,7.199129435483865,223.17301249999983,0.0,0.0,0.0
15,8,March,31,fast,fast,1.8880641407611352,58.52998836359519,0.0,0.0,0.0
15,8,March,34,fast,fast,1.048267546527463,32.49629394235135,0.0,0.0,0.0
15,8,March,37,fast,fast,2.5,77.5,0.0,0.0,0.0
15,8,March,38,fast,fast,0.11988076491935519,3.716303712500011,0.0,0.0,0.0
15,8,May,16,fast,fast,13.976217278848981,433.2627356443184,0.0,0.0,0.0
15,8,May,22,fast,fast,16.067093819195435,498.0799083950585,0.0,0.0,0.0
15,8,May,23,fast,fast,17.66158640710383,547.5091786202187,0.0,0.0,0.0
15,8,May,24,fast,fast,23.84619067714783,739.2319109915827,0.0,0.0,0.0
15,8,May,25,fast,fast,25.000000000000007,775.0000000000002,0.0,0.0,0.0
15,8,May,26,fast,fast,25.000000000000007,775.0000000000002,0.0,0.0,0.0
15,8,May,27,fast,fast,25.000000000000007,775.0000000000002,0.0,0.0,0.0
15,8,May,28,fast,fast,25.000000000000007,775.0000000000002,0.0,0.0,0.0
15,8,May,29,fast,fast,24.4627895967742,758.3464775000002,0.0,0.0,0.0
15,8,May,30,fast,fast,24.462789596774194,758.3464775,0.0,0.0,0.0
15,8,May,31,fast,fast,12.410997769793388,384.74093086359505,0.0,0.0,0.0
15,8,May,32,fast,fast,4.4150831079686075,136.86757634702684,0.0,0.0,0.0
15,8,May,34,fast,fast,7.389322949753266,229.06901144235124,0.0,0.0,0.0
15,8,May,35,fast,fast,3.4319641129032257,106.39088749999999,0.0,0.0,0.0
15,8,May,36,fast,fast,5.78821411290323,179.43463750000012,0.0,0.0,0.0
15,8,May,37,fast,fast,3.3187806451612905,102.8822,0.0,0.0,0.0
15,8,May,38,fast,fast,3.3187806451612905,102.8822,0.0,0.0,0.0
15,8,November,16,fast,fast,13.976217278848981,419.2865183654694,0.0,0.0,0.0
15,8,November,23,fast,fast,17.66158640710383,529.8475922131149,0.0,0.0,0.0
15,8,November,24,fast,fast,23.84619067714783,715.3857203144349,0.0,0.0,0.0
15,8,November,25,fast,fast,3.6034226666666633,108.1026799999999,0.0,0.0,0.0
15,8,November,26,fast,fast,10.17217941954739,305.16538258642174,0.0,0.0,0.0
15,8,November,27,fast,fast,25.000000000000007,750.0000000000002,0.0,0.0,0.0
15,8,November,28,fast,fast,25.000000000000007,750.0000000000002,0.0,0.0,0.0
15,8,November,33,fast,fast,8.385808105049577,251.5742431514873,0.0,0.0,0.0
15,8,October,16,fast,fast,13.976217278848981,433.2627356443184,0.0,0.0,0.0
15,8,October,23,fast,fast,17.66158640710383,547.5091786202187,0.0,0.0,0.0
15,8,October,24,fast,fast,23.84619067714783,739.2319109915827,0.0,0.0,0.0
15,8,October,25,fast,fast,6.726251854838704,208.51380749999984,0.0,0.0,0.0
15,8,October,26,fast,fast,10.17217941954739,315.3375620059691,0.0,0.0,0.0
15,8,October,27,fast,fast,25.000000000000007,775.0000000000002,0.0,0.0,0.0
15,8,October,28,fast,fast,25.000000000000007,775.0000000000002,0.0,0.0,0.0
15,8,October,29,fast,fast,2.9184743548387058,90.47270499999988,0.0,0.0,0.0
15,8,October,30,fast,fast,2.9184743548387058,90.47270499999988,0.0,0.0,0.0
15,8,October,33,fast,fast,8.385808105049577,259.9600512565369,0.0,0.0,0.0
15,8,September,16,fast,fast,13.976217278848981,419.2865183654694,0.0,0.0,0.0
15,8,September,23,fast,fast,17.66158640710383,529.8475922131149,0.0,0.0,0.0
15,8,September,24,fast,fast,23.84619067714783,715.3857203144349,0.0,0.0,0.0
15,8,September,25,fast,fast,15.61590383333333,468.4771149999999,0.0,0.0,0.0
15,8,September,26,fast,fast,15.61590383333333,468.4771149999999,0.0,0.0,0.0
15,8,September,27,fast,fast,23.25109944520365,697.5329833561095,0.0,0.0,0.0
15,8,September,28,fast,fast,23.72419777349532,711.7259332048595,0.0,0.0,0.0
15,8,September,29,fast,fast,9.919885166666662,297.59655499999985,0.0,0.0,0.0
15,8,September,30,fast,fast,9.919885166666662,297.59655499999985,0.0,0.0,0.0
15,8,September,33,fast,fast,4.490083573026709,134.70250719080127,0.0,0.0,0.0
15,22,April,18,medium,medium,32.10362366722492,963.1087100167476,0.0,0.0,0.0
15,22,April,19,medium,medium,2.4217736513851236,72.65320954155371,0.0,0.0,0.0
15,22,April,22,medium,medium,2.451018914426051,73.53056743278152,0.0,0.0,0.0
15,22,April,23,fast,medium,7.711462416452347,231.34387249357042,0.0,0.0,0.0
15,22,April,23,fast,fast,25.000000000000014,750.0000000000005,0.0,0.0,0.0
15,22,April,24,medium,medium,14.497183780783878,434.91551342351636,0.0,0.0,0.0
15,22,April,25,fast,medium,14.87195707483448,446.1587122450344,0.0,0.0,0.0
15,22,August,18,medium,medium,32.10362366722492,995.2123336839726,0.0,0.0,0.0
15,22,August,19,medium,medium,2.4217736513851236,75.07498319293883,0.0,0.0,0.0
15,22,August,23,fast,fast,15.350771749785704,475.87392424335684,0.0,0.0,0.0
15,22,December,18,medium,medium,32.10362366722492,995.2123336839726,0.0,0.0,0.0
15,22,December,19,medium,medium,2.4217736513851236,75.07498319293883,0.0,0.0,0.0
15,22,December,23,fast,fast,15.350771749785704,475.87392424335684,0.0,0.0,0.0
15,22,February,18,medium,medium,32.10362366722492,898.9014626822978,0.0,0.0,0.0
15,22,February,19,medium,medium,2.4217736513851236,67.80966223878346,0.0,0.0,0.0
15,22,February,23,fast,fast,15.350771749785682,429.8216089939991,0.0,0.0,0.0
15,22,January,18,medium,medium,32.10362366722494,995.212333683973,0.0,0.0,0.0
15,22,January,19,medium,medium,2.4217736513851236,75.07498319293883,0.0,0.0,0.0
15,22,January,23,fast,fast,15.350771749785704,475.87392424335684,0.0,0.0,0.0
15,22,July,18,medium,medium,32.10362366722492,995.2123336839726,0.0,0.0,0.0
15,22,July,19,medium,medium,2.4217736513851236,75.07498319293883,0.0,0.0,0.0
15,22,July,23,fast,medium,3.1552893548387004,97.81396999999971,0.0,0.0,0.0
15,22,July,23,fast,fast,15.350771749785704,475.87392424335684,0.0,0.0,0.0
15,22,June,11,fast,fast,1.3437804999999958,40.31341499999988,0.0,0.0,0.0
15,22,June,18,medium,medium,32.10362366722492,963.1087100167476,0.0,0.0,0.0
15,22,June,19,medium,medium,2.4217736513851236,72.65320954155371,0.0,0.0,0.0
15,22,June,22,medium,medium,4.84771608109272,145.4314824327816,0.0,0.0,0.0
15,22,June,23,fast,medium,8.664851249785668,259.94553749357004,0.0,0.0,0.0
15,22,June,23,fast,fast,25.000000000000014,750.0000000000005,0.0,0.0,0.0
15,22,June,24,medium,medium,15.450572614117206,463.51717842351616,0.0,0.0,0.0
15,22,June,25,fast,medium,15.035741741501152,451.0722522450346,0.0,0.0,0.0
15,22,March,18,medium,medium,32.10362366722492,995.2123336839726,0.0,0.0,0.0
15,22,March,19,medium,medium,2.4217736513851236,75.07498319293883,0.0,0.0,0.0
15,22,March,23,fast,fast,15.350771749785704,475.87392424335684,0.0,0.0,0.0
15,22,May,18,medium,medium,32.10362366722492,995.2123336839726,0.0,0.0,0.0
15,22,May,19,medium,medium,2.4217736513851236,75.07498319293883,0.0,0.0,0.0
15,22,May,22,medium,medium,13.67070091725573,423.7917284349276,0.0,0.0,0.0
15,22,May,23,fast,medium,4.132427433800416,128.1052504478129,0.0,0.0,0.0
15,22,May,23,fast,fast,15.350771749785704,475.87392424335684,0.0,0.0,0.0
15,22,May,24,medium,medium,18.0298706447755,558.9259899880404,0.0,0.0,0.0
15,22,November,18,medium,medium,32.10362366722492,963.1087100167476,0.0,0.0,0.0
15,22,November,19,medium,medium,2.4217736513851236,72.65320954155371,0.0,0.0,0.0
15,22,November,23,fast,fast,15.350771749785682,460.5231524935705,0.0,0.0,0.0
15,22,October,18,medium,medium,32.10362366722492,995.2123336839726,0.0,0.0,0.0
15,22,October,19,medium,medium,2.4217736513851236,75.07498319293883,0.0,0.0,0.0
15,22,October,23,fast,fast,15.350771749785704,475.87392424335684,0.0,0.0,0.0
15,22,September,18,medium,medium,32.10362366722492,963.1087100167476,0.0,0.0,0.0
15,22,September,19,medium,medium,2.4217736513851236,72.65320954155371,0.0,0.0,0.0
15,22,September,23,fast,fast,15.350771749785682,460.5231524935705,0.0,0.0,0.0
15,23,April,17,medium,medium,33.35543024852552,1000.6629074557657,0.0,0.0,0.0
15,23,April,18,medium,medium,22.06399785036829,661.9199355110486,0.0,0.0,0.0
15,23,August,17,medium,medium,33.35543024852552,1034.0183377042913,0.0,0.0,0.0
15,23,August,18,medium,medium,22.06399785036829,683.9839333614169,0.0,0.0,0.0
15,23,August,24,medium,medium,18.0298706447755,558.9259899880404,0.0,0.0,0.0
15,23,December,17,medium,medium,33.35543024852552,1034.0183377042913,0.0,0.0,0.0
15,23,December,18,medium,medium,22.06399785036829,683.9839333614169,0.0,0.0,0.0
15,23,December,24,medium,medium,18.0298706447755,558.9259899880404,0.0,0.0,0.0
15,23,February,17,medium,medium,33.35543024852552,933.9520469587146,0.0,0.0,0.0
15,23,February,18,medium,medium,22.06399785036829,617.7919398103121,0.0,0.0,0.0
15,23,February,24,medium,medium,18.0298706447755,504.836378053714,0.0,0.0,0.0
15,23,January,17,medium,medium,33.35543024852552,1034.0183377042913,0.0,0.0,0.0
15,23,January,18,medium,medium,22.06399785036828,683.9839333614167,0.0,0.0,0.0
15,23,January,24,medium,medium,18.0298706447755,558.9259899880404,0.0,0.0,0.0
15,23,July,17,medium,medium,33.35543024852552,1034.0183377042913,0.0,0.0,0.0
15,23,July,18,medium,medium,22.06399785036829,683.9839333614169,0.0,0.0,0.0
15,23,July,24,medium,medium,18.0298706447755,558.9259899880404,0.0,0.0,0.0
15,23,June,9,fast,fast,0.6253052399049881,18.759157197149644,0.0,0.0,0.0
15,23,June,10,fast,fast,1.736085,52.082550000000005,0.0,0.0,0.0
15,23,June,11,fast,fast,1.373227451447259,41.19682354341777,0.0,0.0,0.0
15,23,June,17,medium,medium,33.35543024852552,1000.6629074557657,0.0,0.0,0.0
15,23,June,18,medium,medium,22.06399785036829,661.9199355110486,0.0,0.0,0.0
15,23,March,17,medium,medium,33.35543024852552,1034.0183377042913,0.0,0.0,0.0
15,23,March,18,medium,medium,22.06399785036829,683.9839333614169,0.0,0.0,0.0
15,23,March,24,medium,medium,18.0298706447755,558.9259899880404,0.0,0.0,0.0
15,23,May,17,medium,medium,33.35543024852552,1034.0183377042913,0.0,0.0,0.0
15,23,May,18,medium,medium,22.06399785036829,683.9839333614169,0.0,0.0,0.0
15,23,November,17,medium,medium,33.35543024852552,1000.6629074557657,0.0,0.0,0.0
15,23,November,18,medium,medium,22.06399785036829,661.9199355110486,0.0,0.0,0.0
15,23,November,24,medium,medium,18.0298706447755,540.896119343265,0.0,0.0,0.0
15,23,October,17,medium,medium,33.35543024852552,1034.0183377042913,0.0,0.0,0.0
15,23,October,18,medium,medium,22.06399785036829,683.9839333614169,0.0,0.0,0.0
15,23,October,24,medium,medium,18.0298706447755,558.9259899880404,0.0,0.0,0.0
15,23,September,17,medium,medium,33.35543024852552,1000.6629074557657,0.0,0.0,0.0
15,23,September,18,medium,medium,22.06399785036829,661.9199355110486,0.0,0.0,0.0
15,23,September,24,medium,medium,18.0298706447755,540.896119343265,0.0,0.0,0.0
16,24,April,17,fast,medium,13.503823654091171,405.1147096227351,0.0,0.0,0.0
16,24,August,17,fast,medium,13.503823654091171,418.6185332768263,0.0,0.0,0.0
16,24,December,17,fast,medium,13.503823654091171,418.6185332768263,0.0,0.0,0.0
16,24,February,17,fast,medium,13.503823654091171,378.10706231455276,0.0,0.0,0.0
16,24,January,17,fast,medium,13.503823654091171,418.6185332768263,0.0,0.0,0.0
16,24,July,17,fast,medium,13.503823654091171,418.6185332768263,0.0,0.0,0.0
16,24,June,17,fast,medium,13.503823654091171,405.1147096227351,0.0,0.0,0.0
16,24,March,17,medium,medium,13.503823654091178,418.6185332768265,0.0,0.0,0.0
16,24,May,17,medium,medium,13.503823654091178,418.6185332768265,0.0,0.0,0.0
16,24,November,17,fast,medium,13.503823654091171,405.1147096227351,0.0,0.0,0.0
16,24,October,17,fast,medium,13.503823654091171,418.6185332768263,0.0,0.0,0.0
16,24,September,17,fast,medium,13.503823654091171,405.1147096227351,0.0,0.0,0.0
17,9,April,26,fast,fast,14.434377176872918,433.03131530618754,0.0,0.0,0.0
17,9,April,27,fast,fast,8.039150630364219,241.17451891092657,0.0,0.0,0.0
17,9,April,28,fast,fast,4.690420966318527,140.7126289895558,0.0,0.0,0.0
17,9,August,28,fast,fast,4.690420966283057,145.40304995477476,0.0,0.0,0.0
17,9,December,28,fast,fast,4.6904209663176175,145.40304995584614,0.0,0.0,0.0
17,9,February,28,fast,fast,4.690420966318527,131.33178705691876,0.0,0.0,0.0
17,9,January,28,fast,fast,4.6904209663176175,145.40304995584614,0.0,0.0,0.0
17,9,June,26,fast,fast,14.434377176919302,433.03131530757906,0.0,0.0,0.0
17,9,June,27,fast,fast,8.039150630364219,241.17451891092657,0.0,0.0,0.0
17,9,June,28,fast,fast,4.690420966285785,140.71262898857356,0.0,0.0,0.0
17,9,March,28,fast,fast,4.690420966323984,145.4030499560435,0.0,0.0,0.0
17,9,May,19,fast,medium,5.730268939203395,177.63833711530523,0.0,0.0,0.0
17,9,May,20,medium,medium,4.163389551785478,129.06507610534982,0.0,0.0,0.0
17,9,May,28,fast,fast,4.690420966283057,145.40304995477476,0.0,0.0,0.0
17,9,November,28,fast,fast,4.690420966283057,140.7126289884917,0.0,0.0,0.0
17,9,October,28,fast,fast,4.690420966323984,145.4030499560435,0.0,0.0,0.0
17,9,September,28,fast,fast,4.690420966318527,140.7126289895558,0.0,0.0,0.0
17,10,April,22,fast,fast,4.38116631374843,131.43498941245292,0.0,0.0,0.0
17,10,April,28,fast,medium,29.038567222713922,871.1570166814176,0.0,0.0,0.0
17,10,April,28,fast,fast,25.00000000004512,750.0000000013536,0.0,0.0,0.0
17,10,April,29,fast,fast,13.827971449260378,414.8391434778113,0.0,0.0,0.0
17,10,August,28,fast,fast,21.737999260404436,673.8779770725375,0.0,0.0,0.0
17,10,December,28,fast,fast,4.060305066856053,125.86945707253764,0.0,0.0,0.0
17,10,February,28,fast,medium,9.398679285714273,263.1630199999996,0.0,0.0,0.0
17,10,February,28,fast,fast,4.060305066856053,113.68854187196948,0.0,0.0,0.0
17,10,January,28,fast,fast,4.060305066856053,125.86945707253764,0.0,0.0,0.0
17,10,July,28,fast,medium,33.728988189032464,1045.5986338600064,0.0,0.0,0.0
17,10,July,28,fast,fast,25.00000000004512,775.0000000013987,0.0,0.0,0.0
17,10,June,21,medium,medium,31.15673619052631,934.7020857157893,0.0,0.0,0.0
17,10,June,21,fast,fast,0.31185905809653036,9.35577174289591,0.0,0.0,0.0
17,10,June,22,medium,medium,41.32950750606581,1239.8852251819742,0.0,0.0,0.0
17,10,June,22,fast,fast,4.381166313748423,131.4349894124527,0.0,0.0,0.0
17,10,June,23,medium,medium,12.628614077922922,378.85842233768767,0.0,0.0,0.0
17,10,June,25,fast,medium,1.2364877381586936,37.09463214476081,0.0,0.0,0.0
17,10,June,25,fast,fast,25.000000000000007,750.0000000000002,0.0,0.0,0.0
17,10,June,26,fast,fast,18.12104774357679,543.6314323073036,0.0,0.0,0.0
17,10,June,27,fast,medium,36.17118946716295,1085.1356840148883,0.0,0.0,0.0
17,10,June,28,fast,medium,29.038567222746664,871.1570166823999,0.0,0.0,0.0
17,10,June,28,fast,fast,25.00000000004512,750.0000000013536,0.0,0.0,0.0
17,10,June,29,medium,medium,26.215166449260376,786.4549934778113,0.0,0.0,0.0
17,10,June,29,fast,fast,25.000000000000007,750.0000000000002,0.0,0.0,0.0
17,10,June,30,medium,medium,0.2106922762311818,6.320768286935454,0.0,0.0,0.0
17,10,June,30,fast,fast,25.000000000000007,750.0000000000002,0.0,0.0,0.0
17,10,March,28,fast,fast,4.060305066856053,125.86945707253764,0.0,0.0,0.0
17,10,May,21,fast,medium,19.44219489195268,602.7080416505331,0.0,0.0,0.0
17,10,May,21,fast,fast,4.5185072195733795,140.07372380677475,0.0,0.0,0.0
17,10,May,22,medium,medium,33.821614368969044,1048.4700454380404,0.0,0.0,0.0
17,10,May,22,fast,fast,4.38116631374843,135.81615572620134,0.0,0.0,0.0
17,10,May,28,fast,medium,29.038567222749393,900.1955839052312,0.0,0.0,0.0
17,10,May,28,fast,fast,25.00000000004512,775.0000000013987,0.0,0.0,0.0
17,10,May,29,fast,fast,13.827971449260378,428.66711492707174,0.0,0.0,0.0
17,10,November,28,fast,fast,4.060305066856053,121.80915200568158,0.0,0.0,0.0
17,10,October,28,fast,fast,4.060305066856053,125.86945707253764,0.0,0.0,0.0
17,10,September,28,medium,medium,1.8231824332054956,54.69547299616487,0.0,0.0,0.0
17,10,September,28,fast,fast,25.000000000000007,750.0000000000002,0.0,0.0,0.0
17,24,August,28,fast,medium,32.300567962390076,1001.3176068340923,0.0,0.0,0.0
17,24,December,28,fast,medium,49.9782621559039,1549.326126833021,0.0,0.0,0.0
17,24,February,28,medium,medium,40.57958287018871,1136.228320365284,0.0,0.0,0.0
17,24,January,28,medium,medium,49.978262155903906,1549.3261268330211,0.0,0.0,0.0
17,24,March,28,fast,medium,49.97826215589753,1549.3261268328235,0.0,0.0,0.0
17,24,November,28,medium,medium,49.97826215593847,1499.347864678154,0.0,0.0,0.0
17,24,October,28,medium,medium,49.97826215589754,1549.3261268328238,0.0,0.0,0.0
17,24,September,28,medium,medium,27.215384789553546,816.4615436866064,0.0,0.0,0.0
18,10,April,30,medium,medium,12.176502723768806,365.2950817130642,0.0,0.0,0.0
18,10,April,30,fast,fast,13.827971449260374,414.83914347781126,0.0,0.0,0.0
18,10,April,31,fast,medium,25.97924973551321,779.3774920653963,0.0,0.0,0.0
18,10,April,31,fast,fast,7.9205501103661184,237.61650331098355,0.0,0.0,0.0
18,10,August,30,fast,fast,13.827971449260378,428.66711492707174,0.0,0.0,0.0
18,10,August,31,fast,fast,7.9205501103661184,245.53705342134967,0.0,0.0,0.0
18,10,December,30,fast,fast,13.827971449260378,428.66711492707174,0.0,0.0,0.0
18,10,December,31,fast,fast,7.9205501103661184,245.53705342134967,0.0,0.0,0.0
18,10,February,30,fast,fast,13.827971449260378,387.1832005792906,0.0,0.0,0.0
18,10,February,31,fast,fast,7.9205501103661184,221.7754030902513,0.0,0.0,0.0
18,10,January,30,fast,fast,13.827971449260378,428.66711492707174,0.0,0.0,0.0
18,10,January,31,fast,fast,7.9205501103661184,245.53705342134967,0.0,0.0,0.0
18,10,July,30,fast,medium,12.176502723768802,377.47158443683287,0.0,0.0,0.0
18,10,July,30,fast,fast,13.827971449260378,428.66711492707174,0.0,0.0,0.0
18,10,July,31,medium,medium,25.979249735513207,805.3567418009094,0.0,0.0,0.0
18,10,July,31,fast,fast,7.920550110366122,245.53705342134978,0.0,0.0,0.0
18,10,June,30,fast,medium,26.00447417302918,780.1342251908754,0.0,0.0,0.0
18,10,June,31,fast,medium,25.979249735513225,779.3774920653967,0.0,0.0,0.0
18,10,June,31,fast,fast,7.9205501103661184,237.61650331098355,0.0,0.0,0.0
18,10,March,30,fast,fast,13.827971449260378,428.66711492707174,0.0,0.0,0.0
18,10,March,31,fast,fast,7.9205501103661184,245.53705342134967,0.0,0.0,0.0
18,10,May,30,medium,medium,12.176502723768778,377.47158443683213,0.0,0.0,0.0
18,10,May,30,fast,fast,13.827971449260389,428.667114927072,0.0,0.0,0.0
18,10,May,31,fast,medium,25.97924973551321,805.3567418009095,0.0,0.0,0.0
18,10,May,31,fast,fast,7.9205501103661184,245.53705342134967,0.0,0.0,0.0
18,10,November,30,fast,fast,13.827971449260378,414.8391434778113,0.0,0.0,0.0
18,10,November,31,fast,fast,7.92055011032636,237.6165033097908,0.0,0.0,0.0
18,10,October,30,fast,fast,13.827971449260378,428.66711492707174,0.0,0.0,0.0
18,10,October,31,fast,fast,7.9205501103661184,245.53705342134967,0.0,0.0,0.0
18,10,September,30,fast,fast,13.827971449260378,414.8391434778113,0.0,0.0,0.0
18,10,September,31,fast,fast,7.9205501103661184,237.61650331098355,0.0,0.0,0.0
18,25,August,30,medium,medium,12.176502723768806,377.471584436833,0.0,0.0,0.0
18,25,August,31,medium,medium,25.979249735515026,805.3567418009658,0.0,0.0,0.0
18,25,December,30,medium,medium,12.176502723768806,377.471584436833,0.0,0.0,0.0
18,25,December,31,medium,medium,25.979249735515026,805.3567418009658,0.0,0.0,0.0
18,25,February,30,medium,medium,12.176502723768806,340.94207626552657,0.0,0.0,0.0
18,25,February,31,medium,medium,25.979249735515026,727.4189925944207,0.0,0.0,0.0
18,25,January,30,fast,fast,12.176502723768806,377.471584436833,0.0,0.0,0.0
18,25,January,31,medium,medium,25.979249735515026,805.3567418009658,0.0,0.0,0.0
18,25,March,30,medium,medium,12.176502723768806,377.471584436833,0.0,0.0,0.0
18,25,March,31,medium,medium,25.979249735515026,805.3567418009658,0.0,0.0,0.0
18,25,November,30,fast,fast,12.176502723768802,365.29508171306406,0.0,0.0,0.0
18,25,November,31,medium,medium,25.979249735514845,779.3774920654454,0.0,0.0,0.0
18,25,October,30,medium,medium,12.176502723768806,377.471584436833,0.0,0.0,0.0
18,25,October,31,medium,medium,25.979249735515026,805.3567418009658,0.0,0.0,0.0
18,25,September,30,medium,medium,12.176502723768806,365.2950817130642,0.0,0.0,0.0
18,25,September,31,medium,medium,25.97924973551497,779.3774920654491,0.0,0.0,0.0
19,12,June,14,medium,medium,1.4495544358518329,43.486633075554984,0.0,0.0,0.0
19,12,May,21,medium,medium,0.41394546839786095,12.83230952033369,0.0,0.0,0.0
21,13,April,20,fast,fast,14.798431193452092,443.95293580356275,0.0,0.0,0.0
21,13,April,21,fast,fast,19.999999000000003,599.9999700000001,0.0,0.0,0.0
21,13,April,22,medium,medium,11.000000000000002,330.00000000000006,0.0,0.0,0.0
21,13,April,22,fast,fast,13.075047699809206,392.2514309942762,0.0,0.0,0.0
21,13,April,23,medium,medium,11.000000000000002,330.00000000000006,0.0,0.0,0.0
21,13,April,23,fast,fast,13.075047699809206,392.2514309942762,0.0,0.0,0.0
21,13,April,24,medium,medium,11.000000000000002,330.00000000000006,0.0,0.0,0.0
21,13,April,24,fast,fast,12.428595012230742,372.85785036692226,0.0,0.0,0.0
21,13,April,25,fast,fast,14.735652934561266,442.06958803683796,0.0,0.0,0.0
21,13,April,26,fast,fast,10.244179093291303,307.32537279873907,0.0,0.0,0.0
21,13,April,27,fast,fast,15.711336932359487,471.34010797078463,0.0,0.0,0.0
21,13,April,28,fast,fast,7.894231381764374,236.82694145293124,0.0,0.0,0.0
21,13,April,31,fast,fast,1.1629878093008799,34.889634279026396,0.0,0.0,0.0
21,13,April,32,fast,fast,6.2626525219185645,187.87957565755693,0.0,0.0,0.0
21,13,August,20,fast,fast,2.5275111934520957,78.35284699701496,0.0,0.0,0.0
21,13,August,21,fast,fast,8.512967699809197,263.9019986940851,0.0,0.0,0.0
21,13,August,22,fast,fast,8.512967699809197,263.9019986940851,0.0,0.0,0.0
21,13,August,23,fast,fast,9.725987699809197,301.5056186940851,0.0,0.0,0.0
21,13,August,24,fast,fast,2.2560660575165965,69.9380477830145,0.0,0.0,0.0
21,13,August,28,fast,fast,3.811220146078119,118.1478245284217,0.0,0.0,0.0
21,13,July,20,fast,fast,6.456371193452092,200.14750699701486,0.0,0.0,0.0
21,13,July,21,fast,fast,12.418787699809203,384.98241869408525,0.0,0.0,0.0
21,13,July,22,fast,fast,12.41878769980921,384.9824186940855,0.0,0.0,0.0
21,13,July,23,fast,fast,13.075047699809206,405.3264786940854,0.0,0.0,0.0
21,13,July,24,fast,fast,12.428595012230742,385.286445379153,0.0,0.0,0.0
21,13,July,25,fast,fast,4.785274112926405,148.34349750071857,0.0,0.0,0.0
21,13,July,26,fast,fast,0.0999999999999801,3.0999999999993832,0.0,0.0,0.0
21,13,July,27,fast,fast,2.394116932359477,74.21762490314379,0.0,0.0,0.0
21,13,July,28,fast,fast,7.482240146078118,231.94944452842165,0.0,0.0,0.0
21,13,June,20,fast,fast,14.977652526785437,449.3295758035631,0.0,0.0,0.0
21,13,June,21,fast,fast,18.300937059384296,549.0281117815289,0.0,0.0,0.0
21,13,June,22,fast,medium,11.000000000026994,330.0000000008098,0.0,0.0,0.0
21,13,June,22,fast,fast,13.075047699809206,392.2514309942762,0.0,0.0,0.0
21,13,June,23,fast,fast,17.346233679374585,520.3870103812376,0.0,0.0,0.0
21,13,June,24,fast,fast,12.550753012230734,376.52259036692203,0.0,0.0,0.0
21,13,June,25,fast,fast,21.955318177558183,658.6595453267455,0.0,0.0,0.0
21,13,June,26,fast,fast,19.543491262867363,586.3047378860209,0.0,0.0,0.0
21,13,June,27,fast,medium,1.3628042656928088,40.88412797078426,0.0,0.0,0.0
21,13,June,27,fast,fast,25.000000000000007,750.0000000000002,0.0,0.0,0.0
21,13,June,28,fast,fast,7.010978381764382,210.32935145293146,0.0,0.0,0.0
21,13,June,31,fast,fast,5.47691860884219,164.3075582652657,0.0,0.0,0.0
21,13,June,32,fast,fast,10.381251275889419,311.4375382766826,0.0,0.0,0.0
21,13,March,20,fast,fast,1.0042711934520945,31.13240699701493,0.0,0.0,0.0
21,13,March,21,fast,fast,7.163507699809196,222.06873869408508,0.0,0.0,0.0
21,13,March,22,fast,fast,7.163507699809196,222.06873869408508,0.0,0.0,0.0
21,13,March,23,fast,fast,0.0999999999999801,3.0999999999993832,0.0,0.0,0.0
21,13,March,24,fast,fast,4.035033903403933,125.08605100552194,0.0,0.0,0.0
21,13,May,19,fast,fast,0.5988637062239235,18.564774892941628,0.0,0.0,0.0
21,13,May,20,fast,fast,20.292571193452105,629.0697069970153,0.0,0.0,0.0
21,13,May,21,fast,fast,12.807941760997196,397.04619459091305,0.0,0.0,0.0
21,13,May,22,fast,medium,11.000000000000002,341.00000000000006,0.0,0.0,0.0
21,13,May,22,fast,fast,13.075047699809206,405.3264786940854,0.0,0.0,0.0
21,13,May,23,fast,fast,13.075047699809206,405.3264786940854,0.0,0.0,0.0
21,13,May,24,fast,fast,12.428595012230742,385.286445379153,0.0,0.0,0.0
21,13,May,25,fast,fast,10.95531817752984,339.61486350342506,0.0,0.0,0.0
21,13,May,26,fast,fast,10.244179093291303,317.5695518920304,0.0,0.0,0.0
21,13,May,27,fast,fast,15.711336932359487,487.0514449031441,0.0,0.0,0.0
21,13,May,28,fast,fast,2.4979122500490263,77.43527975151981,0.0,0.0,0.0
21,13,May,31,fast,fast,6.285061290508841,194.83690000577405,0.0,0.0,0.0
21,13,May,32,fast,fast,10.381251275889419,321.81878955257196,0.0,0.0,0.0
21,13,September,21,fast,fast,9.95865036647587,298.7595109942761,0.0,0.0,0.0
21,13,September,22,fast,fast,9.958650366475867,298.759510994276,0.0,0.0,0.0
21,13,September,23,fast,fast,10.56279903314253,316.8839709942759,0.0,0.0,0.0
21,13,September,24,fast,fast,9.916346345564067,297.490390366922,0.0,0.0,0.0
21,13,September,25,fast,fast,2.499615045285875,74.98845135857624,0.0,0.0,0.0
21,13,September,28,fast,fast,3.295245479411454,98.85736438234362,0.0,0.0,0.0
21,14,April,13,fast,fast,3.4674999377619455,104.02499813285837,0.0,0.0,0.0
21,14,July,13,fast,fast,4.0452259780845266,125.40200532062032,0.0,0.0,0.0
21,14,June,13,fast,fast,9.076945687761942,272.30837063285827,0.0,0.0,0.0
21,14,June,22,medium,medium,2.9269320107387387,87.80796032216216,0.0,0.0,0.0
21,14,June,24,fast,fast,1.883916051270596,56.51748153811788,0.0,0.0,0.0
22,21,April,30,fast,fast,7.719048575644877,231.5714572693463,0.0,0.0,0.0
22,21,August,30,fast,medium,7.719048575644891,239.29050584499163,0.0,0.0,0.0
22,21,December,30,fast,medium,7.719048575644891,239.29050584499163,0.0,0.0,0.0
22,21,February,30,medium,medium,7.719048575644891,216.13336011805694,0.0,0.0,0.0
22,21,January,30,medium,medium,7.719048575644891,239.29050584499163,0.0,0.0,0.0
22,21,July,30,fast,medium,7.719048575644877,239.29050584499117,0.0,0.0,0.0
22,21,June,7,fast,fast,0.12684691666666667,3.8054075000000003,0.0,0.0,0.0
22,21,June,8,fast,fast,0.12684691666666667,3.8054075000000003,0.0,0.0,0.0
22,21,June,30,fast,fast,7.719048575644891,231.57145726934672,0.0,0.0,0.0
22,21,March,30,medium,medium,7.719048575644891,239.29050584499163,0.0,0.0,0.0
22,21,May,30,fast,fast,7.719048575644891,239.29050584499163,0.0,0.0,0.0
22,21,November,30,medium,medium,7.719048575644891,231.57145726934672,0.0,0.0,0.0
22,21,October,30,medium,medium,7.719048575644891,239.29050584499163,0.0,0.0,0.0
22,21,September,30,fast,fast,7.719048575644877,231.5714572693463,0.0,0.0,0.0
23,15,June,13,medium,medium,4.880911502008031,146.42734506024092,0.0,0.0,0.0
23,16,April,19,medium,medium,23.554753565712033,706.642606971361,0.0,0.0,0.0
23,16,April,19,fast,fast,25.000000000000007,750.0000000000002,0.0,0.0,0.0
23,16,April,20,fast,fast,18.80107634919539,564.0322904758617,0.0,0.0,0.0
23,16,August,19,fast,medium,23.554753565712033,730.197360537073,0.0,0.0,0.0
23,16,August,19,fast,fast,25.000000000000007,775.0000000000002,0.0,0.0,0.0
23,16,August,20,fast,fast,18.80107634919539,582.8333668250572,0.0,0.0,0.0
23,16,December,19,medium,medium,23.554753565712033,730.197360537073,0.0,0.0,0.0
23,16,December,19,fast,fast,25.000000000000007,775.0000000000002,0.0,0.0,0.0
23,16,December,20,fast,fast,18.80107634919539,582.8333668250572,0.0,0.0,0.0
23,16,February,19,fast,medium,23.554753565712033,659.533099839937,0.0,0.0,0.0
23,16,February,19,fast,fast,25.000000000000007,700.0000000000002,0.0,0.0,0.0
23,16,February,20,fast,fast,18.80107634919539,526.4301377774709,0.0,0.0,0.0
23,16,January,19,medium,medium,23.554753565712033,730.197360537073,0.0,0.0,0.0
23,16,January,19,fast,fast,25.000000000000007,775.0000000000002,0.0,0.0,0.0
23,16,January,20,fast,fast,18.80107634919539,582.8333668250572,0.0,0.0,0.0
23,16,July,19,medium,medium,23.554753565712033,730.197360537073,0.0,0.0,0.0
23,16,July,19,fast,fast,25.000000000000007,775.0000000000002,0.0,0.0,0.0
23,16,July,20,fast,fast,18.80107634919539,582.8333668250572,0.0,0.0,0.0
23,16,June,19,fast,medium,23.554753565712033,706.642606971361,0.0,0.0,0.0
23,16,June,19,fast,fast,25.000000000000007,750.0000000000002,0.0,0.0,0.0
23,16,June,20,fast,fast,18.80107634919539,564.0322904758617,0.0,0.0,0.0
23,16,March,19,fast,medium,23.554753565712033,730.197360537073,0.0,0.0,0.0
23,16,March,19,fast,fast,25.000000000000007,775.0000000000002,0.0,0.0,0.0
23,16,March,20,fast,fast,18.80107634919539,582.8333668250572,0.0,0.0,0.0
23,16,May,19,medium,medium,23.554753565712033,730.197360537073,0.0,0.0,0.0
23,16,May,19,fast,fast,25.000000000000007,775.0000000000002,0.0,0.0,0.0
23,16,May,20,fast,fast,18.80107634919539,582.8333668250572,0.0,0.0,0.0
23,16,November,19,medium,medium,23.554753565712033,706.642606971361,0.0,0.0,0.0
23,16,November,19,fast,fast,25.000000000000007,750.0000000000002,0.0,0.0,0.0
23,16,November,20,fast,fast,18.80107634919539,564.0322904758617,0.0,0.0,0.0
23,16,October,19,medium,medium,23.554753565712033,730.197360537073,0.0,0.0,0.0
23,16,October,19,fast,fast,25.000000000000007,775.0000000000002,0.0,0.0,0.0
23,16,October,20,fast,fast,18.80107634919539,582.8333668250572,0.0,0.0,0.0
23,16,September,19,medium,medium,23.554753565712033,706.642606971361,0.0,0.0,0.0
23,16,September,19,fast,fast,25.000000000000007,750.0000000000002,0.0,0.0,0.0
23,16,September,20,fast,fast,18.80107634919539,564.0322904758617,0.0,0.0,0.0
24,16,April,11,fast,fast,0.99294,29.7882,0.0,0.0,0.0
24,16,April,34,fast,medium,6.490744640496644,194.7223392148993,0.0,0.0,0.0
24,16,August,11,fast,fast,1.2414508064516128,38.484975,0.0,0.0,0.0
24,16,August,34,medium,medium,6.490744640496644,201.21308385539595,0.0,0.0,0.0
24,16,December,34,fast,medium,6.490744640496644,201.21308385539595,0.0,0.0,0.0
24,16,February,34,fast,medium,6.490744640496644,181.74084993390602,0.0,0.0,0.0
24,16,January,34,medium,medium,6.490744640496644,201.21308385539595,0.0,0.0,0.0
24,16,July,11,fast,fast,3.2902100806451613,101.9965125,0.0,0.0,0.0
24,16,July,34,fast,medium,6.490744640496644,201.21308385539595,0.0,0.0,0.0
24,16,June,11,fast,fast,3.6274087499999994,108.82226249999998,0.0,0.0,0.0
24,16,June,34,fast,medium,6.490744640496644,194.7223392148993,0.0,0.0,0.0
24,16,March,34,medium,medium,6.490744640496644,201.21308385539595,0.0,0.0,0.0
24,16,May,11,fast,fast,3.6688463709677417,113.73423749999999,0.0,0.0,0.0
24,16,May,34,medium,medium,6.490744640496644,201.21308385539595,0.0,0.0,0.0
24,16,November,34,medium,medium,6.490744640496644,194.7223392148993,0.0,0.0,0.0
24,16,October,34,fast,medium,6.490744640496644,201.21308385539595,0.0,0.0,0.0
24,16,September,11,fast,fast,0.13487625,4.0462875,0.0,0.0,0.0
24,16,September,34,medium,medium,6.490744640496644,194.7223392148993,0.0,0.0,0.0
24,17,June,7,fast,medium,0.17337591666666666,5.2012775,0.0,0.0,0.0
24,17,June,8,fast,medium,0.17337591666666666,5.2012775,0.0,0.0,0.0
24,17,June,9,fast,medium,0.8176514292452828,24.529542877358484,0.0,0.0,0.0
24,17,June,10,medium,medium,2.08997925,62.6993775,0.0,0.0,0.0
24,17,June,11,medium,medium,3.983785749999999,119.51357249999998,0.0,0.0,0.0
24,17,June,12,fast,medium,3.983785749999999,119.51357249999998,0.0,0.0,0.0
24,23,June,7,fast,fast,0.14401833333333333,4.32055,0.0,0.0,0.0
24,23,June,8,fast,fast,0.14401833333333333,4.32055,0.0,0.0,0.0
24,25,June,7,fast,fast,0.24870858333333332,7.461257499999999,0.0,0.0,0.0
24,25,June,8,fast,fast,0.24870858333333332,7.461257499999999,0.0,0.0,0.0
25,18,April,17,medium,medium,16.13723892910332,484.11716787309956,0.0,0.0,0.0
25,18,April,21,medium,medium,4.288694050060322,128.66082150180966,0.0,0.0,0.0
25,18,August,17,medium,medium,16.13723892910332,500.2544068022029,0.0,0.0,0.0
25,18,December,17,medium,medium,16.13723892910332,500.2544068022029,0.0,0.0,0.0
25,18,February,17,medium,medium,16.13723892910332,451.8426900148929,0.0,0.0,0.0
25,18,January,17,medium,medium,16.13723892910332,500.2544068022029,0.0,0.0,0.0
25,18,July,17,medium,medium,16.13723892910332,500.2544068022029,0.0,0.0,0.0
25,18,June,9,fast,fast,0.14419099999999663,4.325729999999899,0.0,0.0,0.0
25,18,June,10,fast,fast,0.14419099999999663,4.325729999999899,0.0,0.0,0.0
25,18,June,11,fast,fast,4.119136368421062,123.57409105263186,0.0,0.0,0.0
25,18,June,17,medium,medium,7.122584173082259,213.67752519246778,0.0,0.0,0.0
25,18,June,21,medium,medium,7.431383050060312,222.94149150180937,0.0,0.0,0.0
25,18,March,17,medium,medium,16.13723892910332,500.2544068022029,0.0,0.0,0.0
25,18,May,21,medium,medium,16.93018714683452,524.8358015518701,0.0,0.0,0.0
25,18,November,17,medium,medium,16.13723892910332,484.11716787309956,0.0,0.0,0.0
25,18,October,17,medium,medium,16.13723892910332,500.2544068022029,0.0,0.0,0.0
25,18,September,17,medium,medium,16.13723892910332,484.11716787309956,0.0,0.0,0.0
25,26,June,23,medium,medium,15.416353462472323,462.49060387416966,0.0,0.0,0.0
25,33,April,25,fast,fast,5.501226965828803,165.03680897486407,0.0,0.0,0.0
25,33,August,25,fast,fast,1.5478511593771778,47.983385940692514,0.0,0.0,0.0
25,33,June,24,fast,fast,3.5775938739995894,107.32781621998768,0.0,0.0,0.0
25,33,June,25,medium,medium,25.033207609228974,750.9962282768693,0.0,0.0,0.0
25,33,June,26,medium,medium,15.4360144768603,463.08043430580904,0.0,0.0,0.0
25,33,May,25,fast,fast,5.501226965828806,170.538035940693,0.0,0.0,0.0
25,33,September,25,fast,fast,5.501226965828803,165.03680897486407,0.0,0.0,0.0
26,33,June,25,fast,fast,7.037555523266491,211.12666569799472,0.0,0.0,0.0
26,34,April,17,fast,fast,3.5965715685851336,107.89714705755401,0.0,0.0,0.0
26,34,April,21,medium,medium,6.964797284174434,208.94391852523302,0.0,0.0,0.0
26,34,April,21,fast,fast,15.195287008843877,455.8586102653163,0.0,0.0,0.0
26,34,April,22,fast,fast,13.360421624374695,400.81264873124087,0.0,0.0,0.0
26,34,April,24,fast,fast,17.047492178254558,511.4247653476367,0.0,0.0,0.0
26,34,April,29,fast,fast,30.555538128797224,916.6661438639167,0.0,0.0,0.0
26,34,April,31,fast,fast,15.502761903156767,465.082857094703,0.0,0.0,0.0
26,34,August,17,fast,fast,3.5965715685851336,111.49371862613914,0.0,0.0,0.0
26,34,August,30,fast,fast,5.424244032258066,168.15156500000006,0.0,0.0,0.0
26,34,December,17,fast,fast,3.5965715685851336,111.49371862613914,0.0,0.0,0.0
26,34,February,17,fast,fast,3.5965715685851336,100.70400392038374,0.0,0.0,0.0
26,34,January,17,fast,fast,3.5965715685851336,111.49371862613914,0.0,0.0,0.0
26,34,July,17,fast,fast,3.5965715685851336,111.49371862613914,0.0,0.0,0.0
26,34,June,17,fast,fast,12.611226324606193,378.33678973818576,0.0,0.0,0.0
26,34,June,21,medium,medium,7.795691131045526,233.87073393136578,0.0,0.0,0.0
26,34,June,21,fast,fast,15.195287008843877,455.8586102653163,0.0,0.0,0.0
26,34,June,22,fast,fast,9.868544957708025,296.05634873124075,0.0,0.0,0.0
26,34,June,24,fast,fast,19.230011752787732,576.900352583632,0.0,0.0,0.0
26,34,June,27,medium,medium,24.29041070425132,728.7123211275397,0.0,0.0,0.0
26,34,June,29,fast,fast,22.609079356867348,678.2723807060204,0.0,0.0,0.0
26,34,June,31,fast,fast,12.750254008419972,382.50762025259917,0.0,0.0,0.0
26,34,June,32,fast,fast,4.87981091325716,146.3943273977148,0.0,0.0,0.0
26,34,March,17,fast,fast,3.5965715685851336,111.49371862613914,0.0,0.0,0.0
26,34,May,17,medium,medium,16.137238929103333,500.25440680220333,0.0,0.0,0.0
26,34,May,17,fast,fast,3.5965715685851336,111.49371862613914,0.0,0.0,0.0
26,34,May,20,medium,medium,3.2550975208005255,100.9080231448163,0.0,0.0,0.0
26,34,May,21,fast,fast,15.195287008843877,471.0538972741602,0.0,0.0,0.0
26,34,May,24,fast,fast,5.363364502787746,166.26429958642012,0.0,0.0,0.0
26,34,May,29,fast,fast,15.675465916007134,485.9394433962212,0.0,0.0,0.0
26,34,May,31,fast,fast,11.996613255731802,371.89501092768586,0.0,0.0,0.0
26,34,May,32,fast,fast,2.5529673940762176,79.14198921636275,0.0,0.0,0.0
26,34,November,17,fast,fast,3.5965715685851336,107.89714705755401,0.0,0.0,0.0
26,34,October,17,fast,fast,3.5965715685851336,111.49371862613914,0.0,0.0,0.0
26,34,September,17,fast,fast,3.5965715685851336,107.89714705755401,0.0,0.0,0.0
26,34,September,30,fast,fast,4.21101483333333,126.3304449999999,0.0,0.0,0.0
27,34,April,14,fast,fast,8.028540684501955,240.85622053505864,0.0,0.0,0.0
27,34,April,15,fast,fast,9.252288883145752,277.56866649437256,0.0,0.0,0.0
27,34,April,21,medium,medium,1.3113558824922187,39.34067647476656,0.0,0.0,0.0
27,34,April,32,fast,fast,1.533958927710259,46.01876783130777,0.0,0.0,0.0
27,34,August,14,fast,fast,8.028540684501955,248.8847612195606,0.0,0.0,0.0
27,34,August,15,fast,fast,9.252288883145752,286.8209553775183,0.0,0.0,0.0
27,34,December,14,fast,fast,8.028540684501955,248.8847612195606,0.0,0.0,0.0
27,34,December,15,fast,fast,9.252288883145752,286.8209553775183,0.0,0.0,0.0
27,34,February,14,fast,fast,8.028540684501955,224.79913916605474,0.0,0.0,0.0
27,34,February,15,fast,fast,9.252288883145752,259.06408872808106,0.0,0.0,0.0
27,34,January,14,fast,fast,8.028540684501955,248.8847612195606,0.0,0.0,0.0
27,34,January,15,fast,fast,9.252288883145752,286.8209553775183,0.0,0.0,0.0
27,34,July,14,fast,fast,8.028540684501955,248.8847612195606,0.0,0.0,0.0
27,34,July,15,fast,fast,9.252288883145752,286.8209553775183,0.0,0.0,0.0
27,34,June,14,fast,fast,8.028540684501955,240.85622053505864,0.0,0.0,0.0
27,34,June,15,fast,fast,9.252288883145752,277.56866649437256,0.0,0.0,0.0
27,34,June,32,fast,fast,3.8200942644530897,114.60282793359269,0.0,0.0,0.0
27,34,March,14,fast,fast,8.028540684501955,248.8847612195606,0.0,0.0,0.0
27,34,March,15,fast,fast,9.252288883145752,286.8209553775183,0.0,0.0,0.0
27,34,May,14,fast,fast,8.028540684501955,248.8847612195606,0.0,0.0,0.0
27,34,May,15,fast,fast,25.33029856056511,785.2392553775185,0.0,0.0,0.0
27,34,May,16,fast,fast,4.947001750675312,153.35705427093467,0.0,0.0,0.0
27,34,May,32,fast,fast,6.868034958365209,212.9090837093215,0.0,0.0,0.0
27,34,November,14,fast,fast,8.028540684501955,240.85622053505864,0.0,0.0,0.0
27,34,November,15,fast,fast,9.252288883145752,277.56866649437256,0.0,0.0,0.0
27,34,October,14,fast,fast,8.028540684501955,248.8847612195606,0.0,0.0,0.0
27,34,October,15,fast,fast,9.252288883145752,286.8209553775183,0.0,0.0,0.0
27,34,September,14,fast,fast,8.028540684501955,240.85622053505864,0.0,0.0,0.0
27,34,September,15,fast,fast,9.252288883145752,277.56866649437256,0.0,0.0,0.0
29,30,April,27,fast,fast,2.4441465667301756,73.32439700190527,0.0,0.0,0.0
29,30,April,28,fast,fast,8.277050810505486,248.31152431516458,0.0,0.0,0.0
29,30,April,33,fast,fast,5.212750878516404,156.38252635549213,0.0,0.0,0.0
29,30,April,34,fast,fast,0.1,3.0,0.0,0.0,0.0
29,30,April,35,fast,fast,8.491703611274382,254.75110833823146,0.0,0.0,0.0
29,30,August,33,fast,fast,2.73491640067121,84.78240842080751,0.0,0.0,0.0
29,30,August,35,fast,fast,8.491703611274382,263.24281194950584,0.0,0.0,0.0
29,30,December,33,fast,fast,2.73491640067121,84.78240842080751,0.0,0.0,0.0
29,30,December,35,fast,fast,8.491703611274382,263.24281194950584,0.0,0.0,0.0
29,30,February,33,fast,fast,2.73491640067121,76.57765921879388,0.0,0.0,0.0
29,30,February,35,fast,fast,8.491703611274382,237.76770111568268,0.0,0.0,0.0
29,30,January,33,fast,fast,2.73491640067121,84.78240842080751,0.0,0.0,0.0
29,30,January,35,fast,fast,8.491703611274382,263.24281194950584,0.0,0.0,0.0
29,30,July,33,fast,fast,2.73491640067121,84.78240842080751,0.0,0.0,0.0
29,30,July,35,fast,fast,8.491703611274382,263.24281194950584,0.0,0.0,0.0
29,30,June,27,fast,fast,0.9669155667301723,29.00746700190517,0.0,0.0,0.0
29,30,June,28,fast,fast,9.499719810505482,284.99159431516443,0.0,0.0,0.0
29,30,June,30,fast,fast,5.198126330653658,155.94378991960974,0.0,0.0,0.0
29,30,June,32,fast,fast,12.525812252946974,375.77436758840923,0.0,0.0,0.0
29,30,June,33,fast,fast,17.338613494521265,520.158404835638,0.0,0.0,0.0
29,30,June,34,fast,fast,1.806149229295709,54.18447687887127,0.0,0.0,0.0
29,30,June,35,fast,fast,8.491703611274382,254.75110833823146,0.0,0.0,0.0
29,30,March,33,fast,fast,2.73491640067121,84.78240842080751,0.0,0.0,0.0
29,30,March,35,fast,fast,8.491703611274382,263.24281194950584,0.0,0.0,0.0
29,30,May,33,fast,fast,15.896328257962123,492.7861759968258,0.0,0.0,0.0
29,30,May,34,fast,fast,10.711011548707047,332.04135800991844,0.0,0.0,0.0
29,30,May,35,fast,fast,8.491703611274382,263.24281194950584,0.0,0.0,0.0
29,30,November,33,fast,fast,2.73491640067121,82.0474920201363,0.0,0.0,0.0
29,30,November,35,fast,fast,8.491703611274382,254.75110833823146,0.0,0.0,0.0
29,30,October,33,fast,fast,2.73491640067121,84.78240842080751,0.0,0.0,0.0
29,30,October,35,fast,fast,8.491703611274382,263.24281194950584,0.0,0.0,0.0
29,30,September,33,fast,fast,2.73491640067121,82.0474920201363,0.0,0.0,0.0
29,30,September,35,fast,fast,8.491703611274382,254.75110833823146,0.0,0.0,0.0
30,29,April,18,fast,fast,9.38957679782936,281.6873039348808,0.0,0.0,0.0
30,29,April,19,fast,fast,7.758710501915218,232.76131505745653,0.0,0.0,0.0
30,29,August,18,fast,fast,7.771322627283709,240.91100144579497,0.0,0.0,0.0
30,29,December,18,fast,fast,7.771322627283709,240.91100144579497,0.0,0.0,0.0
30,29,February,18,fast,fast,7.771322627283709,217.59703356394385,0.0,0.0,0.0
30,29,January,18,fast,fast,7.771322627283709,240.91100144579497,0.0,0.0,0.0
30,29,July,18,fast,fast,7.771322627283709,240.91100144579497,0.0,0.0,0.0
30,29,July,19,fast,fast,4.487482276108764,139.11195055937168,0.0,0.0,0.0
30,29,June,15,fast,fast,3.417552427027312,102.52657281081936,0.0,0.0,0.0
30,29,June,18,medium,medium,16.803205250000005,504.0961575000001,0.0,0.0,0.0
30,29,June,18,fast,fast,9.38957679782936,281.6873039348808,0.0,0.0,0.0
30,29,June,19,medium,medium,5.608562791406676,168.25688374220027,0.0,0.0,0.0
30,29,June,19,fast,fast,7.758710501915218,232.76131505745653,0.0,0.0,0.0
30,29,March,18,fast,fast,7.771322627283709,240.91100144579497,0.0,0.0,0.0
30,29,May,15,fast,fast,8.61400532658253,267.03416512405846,0.0,0.0,0.0
30,29,May,18,medium,medium,22.729552661290327,704.6161325000002,0.0,0.0,0.0
30,29,May,18,fast,fast,9.38957679782936,291.07688073271015,0.0,0.0,0.0
30,29,May,19,fast,fast,13.367273293321894,414.3854720929787,0.0,0.0,0.0
30,29,November,18,fast,fast,7.771322627283709,233.13967881851127,0.0,0.0,0.0
30,29,October,18,fast,fast,7.771322627283709,240.91100144579497,0.0,0.0,0.0
30,29,September,18,fast,fast,9.38957679782936,281.6873039348808,0.0,0.0,0.0
30,38,April,16,fast,fast,0.3027530047000795,9.082590141002385,0.0,0.0,0.0
30,38,August,16,fast,fast,0.3027530047000795,9.385343145702464,0.0,0.0,0.0
30,38,December,16,fast,fast,0.3027530047000795,9.385343145702464,0.0,0.0,0.0
30,38,February,16,fast,fast,0.3027530047000795,8.477084131602226,0.0,0.0,0.0
30,38,January,16,fast,fast,0.3027530047000795,9.385343145702464,0.0,0.0,0.0
30,38,July,16,fast,fast,0.3027530047000795,9.385343145702464,0.0,0.0,0.0
30,38,June,16,fast,fast,0.3027530047000795,9.082590141002385,0.0,0.0,0.0
30,38,June,37,fast,fast,0.4363637663475295,13.090912990425885,0.0,0.0,0.0
30,38,March,16,fast,fast,0.3027530047000795,9.385343145702464,0.0,0.0,0.0
30,38,May,15,fast,fast,1.0295522556054666,31.916119923769465,0.0,0.0,0.0
30,38,May,16,fast,fast,0.3027530047000795,9.385343145702464,0.0,0.0,0.0
30,38,May,37,fast,fast,1.2192131615088222,37.79560800677349,0.0,0.0,0.0
30,38,November,16,fast,fast,0.3027530047000795,9.082590141002385,0.0,0.0,0.0
30,38,October,16,fast,fast,0.3027530047000795,9.385343145702464,0.0,0.0,0.0
30,38,September,16,fast,fast,0.3027530047000795,9.082590141002385,0.0,0.0,0.0
32,24,April,17,medium,medium,4.451795910624298,133.55387731872895,0.0,0.0,0.0
32,24,August,17,fast,medium,4.451795910624298,138.00567322935325,0.0,0.0,0.0
32,24,December,17,fast,medium,4.451795910624298,138.00567322935325,0.0,0.0,0.0
32,24,February,17,fast,medium,4.451795910624298,124.65028549748035,0.0,0.0,0.0
32,24,January,17,fast,medium,4.451795910624298,138.00567322935325,0.0,0.0,0.0
32,24,July,17,fast,medium,4.451795910624298,138.00567322935325,0.0,0.0,0.0
32,24,June,17,medium,medium,4.451795910624298,133.55387731872895,0.0,0.0,0.0
32,24,March,17,fast,medium,4.451795910624298,138.00567322935325,0.0,0.0,0.0
32,24,May,17,fast,medium,4.451795910624298,138.00567322935325,0.0,0.0,0.0
32,24,November,17,fast,medium,4.451795910624298,133.55387731872895,0.0,0.0,0.0
32,24,October,17,medium,medium,4.451795910624298,138.00567322935325,0.0,0.0,0.0
32,24,September,17,medium,medium,4.451795910624298,133.55387731872895,0.0,0.0,0.0
32,25,June,12,fast,fast,0.30263377635259125,9.079013290577738,0.0,0.0,0.0
32,25,June,13,fast,fast,5.975199642115648,179.25598926346942,0.0,0.0,0.0
32,25,May,12,fast,fast,0.367916203771947,11.405402316930356,0.0,0.0,0.0
32,25,May,13,fast,fast,8.24005702921242,255.441767905585,0.0,0.0,0.0
33,25,April,16,fast,fast,7.478117850832994,224.34353552498982,0.0,0.0,0.0
33,25,April,17,fast,fast,17.47560140245772,524.2680420737316,0.0,0.0,0.0
33,25,August,16,fast,fast,7.478117850832994,231.82165337582282,0.0,0.0,0.0
33,25,August,17,fast,fast,17.47560140245772,541.7436434761893,0.0,0.0,0.0
33,25,December,16,fast,fast,7.478117850832994,231.82165337582282,0.0,0.0,0.0
33,25,December,17,fast,fast,17.47560140245772,541.7436434761893,0.0,0.0,0.0
33,25,February,16,fast,fast,7.478117850832994,209.38729982332384,0.0,0.0,0.0
33,25,February,17,fast,fast,17.47560140245772,489.3168392688161,0.0,0.0,0.0
33,25,January,16,fast,fast,7.478117850832994,231.82165337582282,0.0,0.0,0.0
33,25,January,17,fast,fast,17.47560140245772,541.7436434761893,0.0,0.0,0.0
33,25,July,16,fast,fast,7.478117850832994,231.82165337582282,0.0,0.0,0.0
33,25,July,17,fast,fast,17.47560140245772,541.7436434761893,0.0,0.0,0.0
33,25,June,16,fast,fast,7.478117850832994,224.34353552498982,0.0,0.0,0.0
33,25,June,17,fast,fast,8.46094664643666,253.8283993930998,0.0,0.0,0.0
33,25,March,16,fast,fast,7.478117850832994,231.82165337582282,0.0,0.0,0.0
33,25,March,17,fast,fast,17.47560140245772,541.7436434761893,0.0,0.0,0.0
33,25,May,16,fast,fast,7.478117850832994,231.82165337582282,0.0,0.0,0.0
33,25,May,17,fast,medium,1.3383624733543797,41.48923667398577,0.0,0.0,0.0
33,25,November,16,fast,fast,7.478117850832994,224.34353552498982,0.0,0.0,0.0
33,25,November,17,fast,fast,17.47560140245772,524.2680420737316,0.0,0.0,0.0
33,25,October,16,fast,fast,7.478117850832994,231.82165337582282,0.0,0.0,0.0
33,25,October,17,fast,fast,17.47560140245772,541.7436434761893,0.0,0.0,0.0
33,25,September,16,fast,fast,7.478117850832994,224.34353552498982,0.0,0.0,0.0
33,25,September,17,medium,medium,17.475601402457727,524.2680420737317,0.0,0.0,0.0
33,26,April,17,fast,medium,21.33129133045756,639.9387399137267,0.0,0.0,0.0
33,26,August,17,fast,medium,21.33129133045756,661.2700312441843,0.0,0.0,0.0
33,26,December,17,medium,medium,21.33129133045756,661.2700312441843,0.0,0.0,0.0
33,26,February,17,fast,medium,21.33129133045756,597.2761572528117,0.0,0.0,0.0
33,26,January,17,medium,medium,21.33129133045756,661.2700312441843,0.0,0.0,0.0
33,26,July,17,fast,medium,21.33129133045756,661.2700312441843,0.0,0.0,0.0
33,26,June,17,fast,medium,30.34594608647862,910.3783825943585,0.0,0.0,0.0
33,26,June,28,fast,fast,6.443624930700331,193.3087479210099,0.0,0.0,0.0
33,26,June,30,fast,fast,10.441527609865211,313.24582829595636,0.0,0.0,0.0
33,26,March,17,medium,medium,21.33129133045756,661.2700312441843,0.0,0.0,0.0
33,26,May,17,fast,medium,12.468530259560893,386.5244380463877,0.0,0.0,0.0
33,26,May,17,fast,fast,25.000000000000007,775.0000000000002,0.0,0.0,0.0
33,26,May,22,fast,fast,0.685681816485527,21.256136311051335,0.0,0.0,0.0
33,26,November,17,medium,medium,21.33129133045756,639.9387399137267,0.0,0.0,0.0
33,26,October,17,medium,medium,21.33129133045756,661.2700312441843,0.0,0.0,0.0
33,26,September,17,medium,medium,21.33129133045756,639.9387399137267,0.0,0.0,0.0
34,27,April,26,fast,medium,6.872848918686252,206.18546756058754,0.0,0.0,0.0
34,27,April,33,fast,medium,1.802282537839126,54.06847613517378,0.0,0.0,0.0
34,27,April,34,medium,medium,12.755821372270681,382.67464116812044,0.0,0.0,0.0
34,27,August,26,medium,medium,11.90812641868623,369.15191897927315,0.0,0.0,0.0
34,27,August,33,fast,medium,1.802282537839126,55.87075867301291,0.0,0.0,0.0
34,27,August,34,fast,medium,12.755821372270681,395.4304625403911,0.0,0.0,0.0
34,27,December,26,medium,medium,6.40812641868623,198.65191897927312,0.0,0.0,0.0
34,27,December,33,medium,medium,1.802282537839126,55.87075867301291,0.0,0.0,0.0
34,27,December,34,medium,medium,12.755821372270681,395.4304625403911,0.0,0.0,0.0
34,27,February,26,medium,medium,5.084618115114801,142.36930722321443,0.0,0.0,0.0
34,27,February,33,medium,medium,1.802282537839126,50.46391105949553,0.0,0.0,0.0
34,27,February,34,fast,medium,12.755821372270681,357.1629984235791,0.0,0.0,0.0
34,27,January,26,medium,medium,6.40812641868623,198.65191897927312,0.0,0.0,0.0
34,27,January,33,medium,medium,1.802282537839126,55.87075867301291,0.0,0.0,0.0
34,27,January,34,fast,medium,12.755821372270681,395.4304625403911,0.0,0.0,0.0
34,27,July,26,medium,medium,11.90812641868623,369.15191897927315,0.0,0.0,0.0
34,27,July,33,fast,medium,1.802282537839126,55.87075867301291,0.0,0.0,0.0
34,27,July,34,fast,medium,12.755821372270681,395.4304625403911,0.0,0.0,0.0
34,27,June,19,medium,medium,1.539323243340256,46.17969730020768,0.0,0.0,0.0
34,27,June,26,fast,medium,6.644526585352914,199.33579756058742,0.0,0.0,0.0
34,27,June,33,medium,medium,1.802282537839126,54.06847613517378,0.0,0.0,0.0
34,27,June,34,medium,medium,12.755821372270681,382.67464116812044,0.0,0.0,0.0
34,27,March,26,fast,medium,6.40812641868623,198.65191897927312,0.0,0.0,0.0
34,27,March,33,fast,medium,1.802282537839126,55.87075867301291,0.0,0.0,0.0
34,27,March,34,medium,medium,12.755821372270681,395.4304625403911,0.0,0.0,0.0
34,27,May,19,medium,medium,4.406590389341609,136.6043020695899,0.0,0.0,0.0
34,27,May,26,fast,medium,6.40812641868623,198.65191897927312,0.0,0.0,0.0
34,27,May,33,fast,medium,1.802282537839126,55.87075867301291,0.0,0.0,0.0
34,27,May,34,fast,medium,12.755821372270681,395.4304625403911,0.0,0.0,0.0
34,27,November,26,fast,medium,6.40812641868623,192.24379256058688,0.0,0.0,0.0
34,27,November,33,medium,medium,1.802282537839126,54.06847613517378,0.0,0.0,0.0
34,27,November,34,fast,medium,12.755821372270681,382.67464116812044,0.0,0.0,0.0
34,27,October,26,medium,medium,6.40812641868623,198.65191897927312,0.0,0.0,0.0
34,27,October,33,medium,medium,1.802282537839126,55.87075867301291,0.0,0.0,0.0
34,27,October,34,medium,medium,12.755821372270681,395.4304625403911,0.0,0.0,0.0
34,27,September,19,medium,medium,2.950772806008274,88.52318418024822,0.0,0.0,0.0
34,27,September,26,medium,medium,11.90812641868623,357.2437925605869,0.0,0.0,0.0
34,27,September,33,medium,medium,1.802282537839126,54.06847613517378,0.0,0.0,0.0
34,27,September,34,medium,medium,12.755821372270681,382.67464116812044,0.0,0.0,0.0
34,42,April,19,medium,medium,2.8291725,84.875175,0.0,0.0,0.0
34,42,February,26,fast,medium,1.3235083035714286,37.0582325,0.0,0.0,0.0
34,42,July,19,fast,medium,2.05551370967742,63.720925000000015,0.0,0.0,0.0
34,42,June,19,fast,medium,2.8457938333333344,85.37381500000004,0.0,0.0,0.0
34,42,September,19,fast,medium,1.4558175833333336,43.6745275,0.0,0.0,0.0
36,28,April,29,fast,fast,2.8728349736559693,86.18504920967908,0.0,0.0,0.0
36,28,July,20,fast,fast,0.30468226917529506,9.445150344434147,0.0,0.0,0.0
36,28,May,19,fast,medium,15.696168160084113,486.58121296260754,0.0,0.0,0.0
36,28,May,20,fast,fast,25.0,775.0,0.0,0.0,0.0
36,29,April,20,fast,fast,1.696047090785683,50.88141272357049,0.0,0.0,0.0
36,29,August,20,fast,fast,0.4700258402379234,14.570801047375625,0.0,0.0,0.0
36,29,December,20,fast,fast,0.4700258402379234,14.570801047375625,0.0,0.0,0.0
36,29,February,20,fast,fast,0.4700258402379234,13.160723526661855,0.0,0.0,0.0
36,29,January,20,fast,fast,0.4700258402379234,14.570801047375625,0.0,0.0,0.0
36,29,July,20,fast,fast,0.16534357106262831,5.125650702941478,0.0,0.0,0.0
36,29,June,20,fast,fast,1.696047090785683,50.88141272357049,0.0,0.0,0.0
36,29,March,20,fast,fast,0.4700258402379234,14.570801047375625,0.0,0.0,0.0
36,29,May,20,fast,fast,1.696047090785683,52.577459814356175,0.0,0.0,0.0
36,29,November,20,fast,fast,0.4700258402379234,14.100775207137701,0.0,0.0,0.0
36,29,October,20,fast,fast,0.4700258402379234,14.570801047375625,0.0,0.0,0.0
36,29,September,20,fast,fast,0.4700258402379234,14.100775207137701,0.0,0.0,0.0
38,30,April,18,medium,medium,4.506063772361912,135.18191317085737,0.0,0.0,0.0
38,30,August,18,fast,medium,4.506063772361912,139.68797694321927,0.0,0.0,0.0
38,30,December,18,medium,medium,4.506063772361912,139.68797694321927,0.0,0.0,0.0
38,30,February,18,fast,medium,4.506063772361912,126.16978562613355,0.0,0.0,0.0
38,30,January,18,fast,medium,4.506063772361912,139.68797694321927,0.0,0.0,0.0
38,30,July,18,fast,medium,4.506063772361912,139.68797694321927,0.0,0.0,0.0
38,30,June,18,fast,medium,4.506063772361912,135.18191317085737,0.0,0.0,0.0
38,30,March,18,fast,medium,4.506063772361912,139.68797694321927,0.0,0.0,0.0
38,30,May,18,medium,medium,4.506063772361912,139.68797694321927,0.0,0.0,0.0
38,30,November,18,fast,medium,4.506063772361912,135.18191317085737,0.0,0.0,0.0
38,30,October,18,medium,medium,4.506063772361912,139.68797694321927,0.0,0.0,0.0
38,30,September,18,fast,medium,4.506063772361912,135.18191317085737,0.0,0.0,0.0
39,40,April,20,medium,medium,14.827074278274146,444.8122283482244,0.0,0.0,0.0
39,40,April,20,fast,fast,0.9584795589681789,28.754386769045368,0.0,0.0,0.0
39,40,April,21,fast,fast,1.3713506477564152,41.14051943269246,0.0,0.0,0.0
39,40,April,34,fast,fast,1.6448609317889336,49.34582795366801,0.0,0.0,0.0
39,40,August,21,fast,fast,0.10165576289950096,3.1513286498845297,0.0,0.0,0.0
39,40,August,34,fast,fast,1.6669949784252083,51.67684433118146,0.0,0.0,0.0
39,40,July,20,fast,fast,5.09944167687209,158.08269198303478,0.0,0.0,0.0
39,40,July,21,fast,fast,12.219679633867276,378.8100686498856,0.0,0.0,0.0
39,40,June,19,fast,medium,0.34630185037904226,10.389055511371268,0.0,0.0,0.0
39,40,June,20,fast,fast,15.483479170575649,464.50437511726943,0.0,0.0,0.0
39,40,March,20,fast,fast,0.9584795589681789,29.712866328013547,0.0,0.0,0.0
39,40,September,20,fast,fast,0.9584795589681789,28.754386769045368,0.0,0.0,0.0
39,40,September,21,fast,fast,2.4275726338672463,72.8271790160174,0.0,0.0,0.0
39,48,April,16,medium,medium,10.936688471155549,328.10065413466646,0.0,0.0,0.0
39,48,August,16,fast,medium,10.936688471155549,339.037342605822,0.0,0.0,0.0
39,48,December,16,medium,medium,10.936688471155549,339.037342605822,0.0,0.0,0.0
39,48,February,16,fast,medium,10.936688471155549,306.22727719235536,0.0,0.0,0.0
39,48,January,16,medium,medium,10.936688471155549,339.037342605822,0.0,0.0,0.0
39,48,July,16,medium,medium,10.936688471155549,339.037342605822,0.0,0.0,0.0
39,48,June,16,fast,medium,10.936688471155549,328.10065413466646,0.0,0.0,0.0
39,48,March,16,medium,medium,10.936688471155549,339.037342605822,0.0,0.0,0.0
39,48,May,16,medium,medium,10.936688471155549,339.037342605822,0.0,0.0,0.0
39,48,November,16,medium,medium,10.936688471155549,328.10065413466646,0.0,0.0,0.0
39,48,October,16,fast,medium,10.936688471155549,339.037342605822,0.0,0.0,0.0
39,48,September,16,fast,medium,10.936688471155549,328.10065413466646,0.0,0.0,0.0
40,39,August,25,medium,medium,7.048277754716821,218.49661039622146,0.0,0.0,0.0
40,39,August,25,fast,fast,1.3287343161334917,41.19076380013824,0.0,0.0,0.0
40,39,September,25,fast,fast,0.46212415149546615,13.863724544863985,0.0,0.0,0.0
40,39,September,27,fast,fast,1.612802854226679,48.38408562680037,0.0,0.0,0.0
40,39,September,28,fast,fast,6.171208068000077,185.1362420400023,0.0,0.0,0.0
40,48,April,16,medium,medium,5.479473000188875,164.38419000566626,0.0,0.0,0.0
40,48,August,16,fast,medium,5.479473000188875,169.86366300585513,0.0,0.0,0.0
40,48,December,16,medium,medium,5.479473000188875,169.86366300585513,0.0,0.0,0.0
40,48,February,16,fast,medium,5.479473000188875,153.4252440052885,0.0,0.0,0.0
40,48,January,16,medium,medium,5.479473000188875,169.86366300585513,0.0,0.0,0.0
40,48,July,16,fast,medium,5.479473000188875,169.86366300585513,0.0,0.0,0.0
40,48,June,16,fast,medium,5.479473000188875,164.38419000566626,0.0,0.0,0.0
40,48,March,16,fast,medium,5.479473000188875,169.86366300585513,0.0,0.0,0.0
40,48,May,16,fast,medium,5.479473000188875,169.86366300585513,0.0,0.0,0.0
40,48,November,16,fast,medium,5.479473000188875,164.38419000566626,0.0,0.0,0.0
40,48,October,16,medium,medium,5.479473000188875,169.86366300585513,0.0,0.0,0.0
40,48,September,16,medium,medium,5.479473000188875,164.38419000566626,0.0,0.0,0.0
41,42,April,18,medium,medium,7.213328569205203,216.39985707615608,0.0,0.0,0.0
41,42,April,20,fast,medium,2.8291725,84.875175,0.0,0.0,0.0
41,42,April,21,fast,medium,2.2321166162483395,66.96349848745018,0.0,0.0,0.0
41,42,April,22,fast,medium,3.183732833333333,95.511985,0.0,0.0,0.0
41,42,August,18,medium,medium,7.213328569205203,223.61318564536128,0.0,0.0,0.0
41,42,December,18,fast,medium,7.213328569205196,223.61318564536106,0.0,0.0,0.0
41,42,February,18,fast,medium,7.213328569205196,201.97319993774548,0.0,0.0,0.0
41,42,January,18,medium,medium,7.213328569205203,223.61318564536128,0.0,0.0,0.0
41,42,July,18,medium,medium,7.213328569205203,223.61318564536128,0.0,0.0,0.0
41,42,June,18,fast,medium,7.213328569205196,216.39985707615585,0.0,0.0,0.0
41,42,June,20,fast,medium,2.8457938333333344,85.37381500000004,0.0,0.0,0.0
41,42,June,21,medium,medium,3.3662627500000006,100.98788250000001,0.0,0.0,0.0
41,42,March,18,fast,medium,7.213328569205196,223.61318564536106,0.0,0.0,0.0
41,42,May,18,medium,medium,7.213328569205203,223.61318564536128,0.0,0.0,0.0
41,42,May,19,medium,medium,3.5923885483870976,111.36404500000003,0.0,0.0,0.0
41,42,May,20,medium,medium,3.5923885483870976,111.36404500000003,0.0,0.0,0.0
41,42,November,18,fast,medium,7.213328569205196,216.39985707615585,0.0,0.0,0.0
41,42,October,18,medium,medium,7.213328569205203,223.61318564536128,0.0,0.0,0.0
41,42,September,18,medium,medium,7.213328569205203,216.39985707615608,0.0,0.0,0.0
43,44,April,28,fast,fast,8.87286866227601,266.1860598682803,0.0,0.0,0.0
43,44,April,29,fast,fast,35.645691564946276,1069.3707469483884,0.0,0.0,0.0
43,44,August,29,fast,fast,20.601529342524373,638.6474096182556,0.0,0.0,0.0
43,44,July,29,fast,fast,20.601529342524373,638.6474096182556,0.0,0.0,0.0
43,44,June,28,fast,fast,2.9242803132991178,87.72840939897353,0.0,0.0,0.0
43,44,June,29,fast,fast,20.601529342524373,618.0458802757312,0.0,0.0,0.0
43,44,June,30,fast,fast,0.1,3.0,0.0,0.0,0.0
43,44,May,29,fast,fast,16.73489305220179,518.7816846182556,0.0,0.0,0.0
43,44,September,29,fast,fast,20.601529342524373,618.0458802757312,0.0,0.0,0.0
43,50,April,15,fast,fast,0.1256813589683627,3.7704407690508805,0.0,0.0,0.0
43,50,April,17,fast,fast,2.506715844364386,75.20147533093159,0.0,0.0,0.0
43,50,April,18,fast,fast,0.9508416666666668,28.525250000000003,0.0,0.0,0.0
43,50,April,28,fast,fast,1.902113006249999,57.06339018749997,0.0,0.0,0.0
43,50,April,29,fast,fast,1.1361083333333333,34.08325,0.0,0.0,0.0
43,50,April,30,fast,fast,1.1361083333333333,34.08325,0.0,0.0,0.0
43,50,August,17,fast,fast,2.506715844364386,77.70819117529598,0.0,0.0,0.0
43,50,December,17,fast,fast,2.506715844364386,77.70819117529598,0.0,0.0,0.0
43,50,December,29,fast,fast,20.601529342524373,638.6474096182556,0.0,0.0,0.0
43,50,February,17,fast,fast,2.8469464285714285,79.7145,0.0,0.0,0.0
43,50,February,29,fast,fast,20.601529342524373,576.8428215906824,0.0,0.0,0.0
43,50,January,17,fast,fast,2.506715844364386,77.70819117529598,0.0,0.0,0.0
43,50,January,29,fast,fast,20.601529342524373,638.6474096182556,0.0,0.0,0.0
43,50,July,17,fast,fast,2.506715844364386,77.70819117529598,0.0,0.0,0.0
43,50,June,15,fast,fast,0.7401066666666667,22.203200000000002,0.0,0.0,0.0
43,50,June,16,fast,fast,0.40397279017796583,12.119183705338974,0.0,0.0,0.0
43,50,June,17,fast,fast,2.506715844364386,75.20147533093159,0.0,0.0,0.0
43,50,June,18,fast,fast,1.0914675000000003,32.74402500000001,0.0,0.0,0.0
43,50,March,15,fast,fast,0.2862685483870968,8.874325,0.0,0.0,0.0
43,50,March,16,fast,fast,0.2862685483870968,8.874325,0.0,0.0,0.0
43,50,March,17,fast,fast,2.506715844364386,77.70819117529598,0.0,0.0,0.0
43,50,March,18,fast,fast,0.5156790322580646,15.98605,0.0,0.0,0.0
43,50,March,29,fast,fast,20.601529342524373,638.6474096182556,0.0,0.0,0.0
43,50,May,15,fast,fast,0.8441451612903226,26.1685,0.0,0.0,0.0
43,50,May,16,fast,fast,0.7300076114629266,22.630235955350724,0.0,0.0,0.0
43,50,May,17,fast,fast,2.506715844364386,77.70819117529598,0.0,0.0,0.0
43,50,May,18,fast,fast,1.2462024193548387,38.632275,0.0,0.0,0.0
43,50,May,29,fast,fast,3.866636290322581,119.86572500000001,0.0,0.0,0.0
43,50,November,17,fast,fast,2.506715844364386,75.20147533093159,0.0,0.0,0.0
43,50,November,29,fast,fast,20.601529342524373,618.0458802757312,0.0,0.0,0.0
43,50,October,17,fast,fast,2.506715844364386,77.70819117529598,0.0,0.0,0.0
43,50,October,29,fast,fast,20.601529342524373,638.6474096182556,0.0,0.0,0.0
43,50,September,17,fast,fast,3.0082,90.246,0.0,0.0,0.0
43,51,March,19,fast,medium,0.35999170203735087,11.159742763157876,0.0,0.0,0.0
44,43,April,35,fast,fast,3.299074864944984,98.97224594834952,0.0,0.0,0.0
44,43,August,35,fast,fast,3.299074864944984,102.27132081329451,0.0,0.0,0.0
44,43,December,35,fast,fast,3.299074864944984,102.27132081329451,0.0,0.0,0.0
44,43,February,35,fast,fast,3.299074864944984,92.37409621845956,0.0,0.0,0.0
44,43,January,35,fast,fast,3.299074864944984,102.27132081329451,0.0,0.0,0.0
44,43,July,35,fast,fast,3.299074864944984,102.27132081329451,0.0,0.0,0.0
44,43,June,35,fast,fast,3.299074864944984,98.97224594834952,0.0,0.0,0.0
44,43,March,20,fast,fast,4.387042483308344,135.99831698255866,0.0,0.0,0.0
44,43,March,21,fast,fast,5.482622423717949,169.96129513525642,0.0,0.0,0.0
44,43,March,35,fast,fast,3.299074864944984,102.27132081329451,0.0,0.0,0.0
44,43,May,35,fast,fast,3.299074864944984,102.27132081329451,0.0,0.0,0.0
44,43,November,35,fast,fast,3.299074864944984,98.97224594834952,0.0,0.0,0.0
44,43,October,35,fast,fast,3.299074864944984,102.27132081329451,0.0,0.0,0.0
44,43,September,20,fast,fast,3.372853816641678,101.18561449925033,0.0,0.0,0.0
44,43,September,35,fast,fast,3.299074864944984,98.97224594834952,0.0,0.0,0.0
44,52,April,19,fast,fast,10.943882670396498,328.3164801118949,0.0,0.0,0.0
45,44,April,28,fast,fast,4.262270179230768,127.86810537692304,0.0,0.0,0.0
45,44,August,28,fast,fast,4.262270179230768,132.1303755561538,0.0,0.0,0.0
45,44,December,28,fast,fast,4.262270179230768,132.1303755561538,0.0,0.0,0.0
45,44,February,28,fast,fast,4.262270179230768,119.3435650184615,0.0,0.0,0.0
45,44,January,28,fast,fast,4.262270179230768,132.1303755561538,0.0,0.0,0.0
45,44,July,28,fast,fast,4.262270179230768,132.1303755561538,0.0,0.0,0.0
45,44,June,27,fast,fast,16.546575128418084,496.3972538525425,0.0,0.0,0.0
45,44,June,28,fast,fast,36.615521113251724,1098.4656333975518,0.0,0.0,0.0
45,44,June,30,fast,fast,24.318906671556427,729.5672001466928,0.0,0.0,0.0
45,44,June,31,fast,fast,8.609604473677695,258.28813421033084,0.0,0.0,0.0
45,44,June,32,fast,fast,6.7192662085481345,201.57798625644404,0.0,0.0,0.0
45,44,June,33,fast,fast,0.5620553164974105,16.861659494922314,0.0,0.0,0.0
45,44,March,28,fast,fast,4.262270179230768,132.1303755561538,0.0,0.0,0.0
45,44,May,28,fast,fast,4.262270179230768,132.1303755561538,0.0,0.0,0.0
45,44,November,28,fast,fast,4.262270179230768,127.86810537692304,0.0,0.0,0.0
45,44,October,28,fast,fast,4.262270179230768,132.1303755561538,0.0,0.0,0.0
45,44,September,28,fast,fast,4.262270179230768,127.86810537692304,0.0,0.0,0.0
45,53,April,3,fast,fast,1.187102510764852,35.61307532294556,0.0,0.0,0.0
45,53,April,4,fast,fast,4.356889244334958,130.70667733004876,0.0,0.0,0.0
45,53,April,13,fast,fast,10.137599780000002,304.12799340000004,0.0,0.0,0.0
45,53,April,17,fast,fast,4.793038640369087,143.7911592110726,0.0,0.0,0.0
45,53,April,18,fast,fast,4.859656639377135,145.78969918131406,0.0,0.0,0.0
45,53,August,3,fast,fast,1.187102510764852,36.800177833710414,0.0,0.0,0.0
45,53,August,4,fast,fast,4.356889244334958,135.0635665743837,0.0,0.0,0.0
45,53,December,3,fast,fast,1.187102510764852,36.800177833710414,0.0,0.0,0.0
45,53,December,4,fast,fast,4.356889244334958,135.0635665743837,0.0,0.0,0.0
45,53,February,3,fast,fast,1.187102510764852,33.23887030141586,0.0,0.0,0.0
45,53,February,4,fast,fast,4.356889244334958,121.99289884137883,0.0,0.0,0.0
45,53,January,3,fast,fast,1.187102510764852,36.800177833710414,0.0,0.0,0.0
45,53,January,4,fast,fast,4.356889244334958,135.0635665743837,0.0,0.0,0.0
45,53,July,3,fast,fast,1.187102510764852,36.800177833710414,0.0,0.0,0.0
45,53,July,4,fast,fast,4.356889244334958,135.0635665743837,0.0,0.0,0.0
45,53,June,3,fast,fast,1.187102510764852,35.61307532294556,0.0,0.0,0.0
45,53,June,4,fast,fast,4.356889244334958,130.70667733004876,0.0,0.0,0.0
45,53,June,7,fast,fast,0.17060633333333333,5.11819,0.0,0.0,0.0
45,53,June,13,fast,fast,23.576263911900526,707.2879173570158,0.0,0.0,0.0
45,53,June,17,fast,fast,3.1058211609991346,93.17463482997404,0.0,0.0,0.0
45,53,June,34,fast,fast,0.6563313487624209,19.689940462872627,0.0,0.0,0.0
45,53,March,3,fast,fast,1.187102510764852,36.800177833710414,0.0,0.0,0.0
45,53,March,4,fast,fast,4.356889244334958,135.0635665743837,0.0,0.0,0.0
45,53,May,3,fast,fast,1.187102510764852,36.800177833710414,0.0,0.0,0.0
45,53,May,4,fast,fast,4.356889244334958,135.0635665743837,0.0,0.0,0.0
45,53,November,3,fast,fast,1.187102510764852,35.61307532294556,0.0,0.0,0.0
45,53,November,4,fast,fast,4.356889244334958,130.70667733004876,0.0,0.0,0.0
45,53,October,3,fast,fast,1.187102510764852,36.800177833710414,0.0,0.0,0.0
45,53,October,4,fast,fast,4.356889244334958,135.0635665743837,0.0,0.0,0.0
45,53,September,3,fast,fast,1.187102510764852,35.61307532294556,0.0,0.0,0.0
45,53,September,4,fast,fast,4.356889244334958,130.70667733004876,0.0,0.0,0.0
47,46,April,15,fast,fast,6.8878441543703435,206.6353246311103,0.0,0.0,0.0
47,46,April,17,medium,medium,8.855377440273614,265.6613232082084,0.0,0.0,0.0
47,46,August,17,fast,medium,8.855377440273614,274.516700648482,0.0,0.0,0.0
47,46,December,17,fast,medium,8.855377440273614,274.516700648482,0.0,0.0,0.0
47,46,February,17,medium,medium,8.855377440273614,247.9505683276612,0.0,0.0,0.0
47,46,January,17,medium,medium,8.855377440273614,274.516700648482,0.0,0.0,0.0
47,46,July,17,fast,medium,8.855377440273614,274.516700648482,0.0,0.0,0.0
47,46,June,14,fast,fast,7.416819541864713,222.5045862559414,0.0,0.0,0.0
47,46,June,15,fast,fast,9.134366821083624,274.0310046325087,0.0,0.0,0.0
47,46,June,16,fast,fast,7.032269095226155,210.96807285678466,0.0,0.0,0.0
47,46,June,17,fast,medium,8.855377440273614,265.6613232082084,0.0,0.0,0.0
47,46,March,17,fast,medium,8.855377440273614,274.516700648482,0.0,0.0,0.0
47,46,May,15,fast,fast,6.231692821083627,193.1824774535924,0.0,0.0,0.0
47,46,May,16,fast,fast,12.684014421443564,393.20444706475047,0.0,0.0,0.0
47,46,May,17,medium,medium,19.999999,619.999969,0.0,0.0,0.0
47,46,May,18,medium,medium,3.0119528486303153,93.37053830753977,0.0,0.0,0.0
47,46,May,20,fast,fast,17.210100469416183,533.5131145519017,0.0,0.0,0.0
47,46,November,17,medium,medium,8.855377440273614,265.6613232082084,0.0,0.0,0.0
47,46,October,17,fast,medium,8.855377440273614,274.516700648482,0.0,0.0,0.0
47,46,September,17,fast,medium,8.855377440273614,265.6613232082084,0.0,0.0,0.0
48,39,April,25,fast,fast,1.4374645490640958,43.123936471922875,0.0,0.0,0.0
48,39,August,25,fast,fast,1.4374645490640958,44.56140102098697,0.0,0.0,0.0
48,39,December,25,fast,fast,1.4374645490640958,44.56140102098697,0.0,0.0,0.0
48,39,February,25,fast,fast,1.4374645490640958,40.24900737379468,0.0,0.0,0.0
48,39,January,25,fast,fast,1.4374645490640958,44.56140102098697,0.0,0.0,0.0
48,39,July,25,fast,fast,1.4374645490640958,44.56140102098697,0.0,0.0,0.0
48,39,June,25,fast,fast,2.7661988651975875,82.98596595592763,0.0,0.0,0.0
48,39,March,25,fast,fast,1.4374645490640958,44.56140102098697,0.0,0.0,0.0
48,39,May,25,fast,fast,1.4374645490640958,44.56140102098697,0.0,0.0,0.0
48,39,November,25,fast,fast,1.4374645490640958,43.123936471922875,0.0,0.0,0.0
48,39,October,25,fast,fast,1.4374645490640958,44.56140102098697,0.0,0.0,0.0
48,39,September,25,fast,fast,1.4374645490640958,43.123936471922875,0.0,0.0,0.0
48,40,April,24,fast,fast,1.4374645490640958,43.123936471922875,0.0,0.0,0.0
48,40,August,24,fast,fast,1.4374645490640958,44.56140102098697,0.0,0.0,0.0
48,40,December,24,fast,fast,1.4374645490640958,44.56140102098697,0.0,0.0,0.0
48,40,February,24,fast,fast,1.4374645490640958,40.24900737379468,0.0,0.0,0.0
48,40,January,24,fast,fast,1.4374645490640958,44.56140102098697,0.0,0.0,0.0
48,40,July,24,fast,medium,1.4374645490640958,44.56140102098697,0.0,0.0,0.0
48,40,June,24,fast,fast,6.244042799064097,187.32128397192292,0.0,0.0,0.0
48,40,June,25,fast,fast,3.682679517199844,110.48038551599532,0.0,0.0,0.0
48,40,March,24,medium,medium,1.4374645490640958,44.56140102098697,0.0,0.0,0.0
48,40,May,24,fast,fast,1.4374645490640958,44.56140102098697,0.0,0.0,0.0
48,40,November,24,fast,fast,1.4374645490640958,43.123936471922875,0.0,0.0,0.0
48,40,October,24,fast,fast,1.4374645490640958,44.56140102098697,0.0,0.0,0.0
48,40,September,24,fast,fast,1.4374645490640958,43.123936471922875,0.0,0.0,0.0
50,43,April,2,fast,fast,1.002375122423004,30.07125367269012,0.0,0.0,0.0
50,43,April,3,medium,medium,0.7557997298061849,22.673991894185548,0.0,0.0,0.0
50,43,April,34,fast,fast,1.9037130270610447,57.11139081183134,0.0,0.0,0.0
50,43,August,2,fast,fast,1.002375122423004,31.073628795113123,0.0,0.0,0.0
50,43,August,3,medium,medium,0.7557997298061849,23.429791623991733,0.0,0.0,0.0
50,43,August,34,fast,fast,1.9037130270610447,59.01510383889239,0.0,0.0,0.0
50,43,December,2,medium,medium,1.002375122423004,31.073628795113123,0.0,0.0,0.0
50,43,December,3,fast,medium,0.7557997298061849,23.429791623991733,0.0,0.0,0.0
50,43,December,34,fast,fast,1.9037130270610447,59.01510383889239,0.0,0.0,0.0
50,43,February,2,medium,medium,1.002375122423004,28.06650342784411,0.0,0.0,0.0
50,43,February,3,fast,fast,0.7557997298061849,21.162392434573178,0.0,0.0,0.0
50,43,February,34,fast,fast,1.9037130270610447,53.30396475770925,0.0,0.0,0.0
50,43,January,2,fast,medium,1.002375122423004,31.073628795113123,0.0,0.0,0.0
50,43,January,3,fast,medium,0.7557997298061849,23.429791623991733,0.0,0.0,0.0
50,43,January,34,fast,fast,1.9037130270610447,59.01510383889239,0.0,0.0,0.0
50,43,July,2,fast,medium,1.002375122423004,31.073628795113123,0.0,0.0,0.0
50,43,July,3,medium,medium,0.7557997298061849,23.429791623991733,0.0,0.0,0.0
50,43,July,34,fast,fast,1.9037130270610447,59.01510383889239,0.0,0.0,0.0
50,43,June,2,medium,medium,1.002375122423004,30.07125367269012,0.0,0.0,0.0
50,43,June,3,fast,fast,0.7557997298061849,22.673991894185548,0.0,0.0,0.0
50,43,June,34,fast,fast,1.9037130270610447,57.11139081183134,0.0,0.0,0.0
50,43,March,2,medium,medium,1.002375122423004,31.073628795113123,0.0,0.0,0.0
50,43,March,3,fast,medium,0.7557997298061849,23.429791623991733,0.0,0.0,0.0
50,43,March,25,fast,fast,2.3316936660094747,72.28250364629372,0.0,0.0,0.0
50,43,March,34,fast,fast,1.9037130270610447,59.01510383889239,0.0,0.0,0.0
50,43,May,2,fast,fast,1.002375122423004,31.073628795113123,0.0,0.0,0.0
50,43,May,3,medium,medium,0.7557997298061849,23.429791623991733,0.0,0.0,0.0
50,43,May,34,fast,fast,1.9037130270610447,59.01510383889239,0.0,0.0,0.0
50,43,November,2,medium,medium,1.002375122423004,30.07125367269012,0.0,0.0,0.0
50,43,November,3,fast,medium,0.7557997298061849,22.673991894185548,0.0,0.0,0.0
50,43,November,34,fast,fast,1.9037130270610447,57.11139081183134,0.0,0.0,0.0
50,43,October,2,fast,medium,1.002375122423004,31.073628795113123,0.0,0.0,0.0
50,43,October,3,medium,medium,0.7557997298061849,23.429791623991733,0.0,0.0,0.0
50,43,October,34,fast,fast,1.9037130270610447,59.01510383889239,0.0,0.0,0.0
50,43,September,2,fast,medium,1.002375122423004,30.07125367269012,0.0,0.0,0.0
50,43,September,3,medium,medium,0.7557997298061849,22.673991894185548,0.0,0.0,0.0
50,43,September,34,fast,fast,1.9037130270610447,57.11139081183134,0.0,0.0,0.0
50,51,April,3,medium,medium,2.5949446983592495,77.84834095077748,0.0,0.0,0.0
50,51,August,3,medium,medium,2.5949446983592495,80.44328564913673,0.0,0.0,0.0
50,51,December,3,medium,medium,2.5949446983592495,80.44328564913673,0.0,0.0,0.0
50,51,February,3,fast,medium,2.5949446983592495,72.65845155405898,0.0,0.0,0.0
50,51,January,3,fast,medium,2.5949446983592495,80.44328564913673,0.0,0.0,0.0
50,51,July,3,fast,medium,2.5949446983592495,80.44328564913673,0.0,0.0,0.0
50,51,June,3,medium,medium,2.5949446983592495,77.84834095077748,0.0,0.0,0.0
50,51,March,3,fast,medium,2.5949446983592495,80.44328564913673,0.0,0.0,0.0
50,51,May,3,fast,medium,2.5949446983592495,80.44328564913673,0.0,0.0,0.0
50,51,November,3,fast,medium,2.5949446983592495,77.84834095077748,0.0,0.0,0.0
50,51,October,3,fast,medium,2.5949446983592495,80.44328564913673,0.0,0.0,0.0
50,51,September,3,fast,medium,2.5949446983592495,77.84834095077748,0.0,0.0,0.0
51,43,April,39,fast,fast,2.074027928666169,62.22083785998507,0.0,0.0,0.0
51,43,August,39,fast,fast,2.074027928666169,64.29486578865124,0.0,0.0,0.0
51,43,December,39,fast,fast,2.074027928666169,64.29486578865124,0.0,0.0,0.0
51,43,February,39,fast,fast,2.074027928666169,58.07278200265273,0.0,0.0,0.0
51,43,January,39,fast,fast,2.074027928666169,64.29486578865124,0.0,0.0,0.0
51,43,July,39,fast,fast,2.074027928666169,64.29486578865124,0.0,0.0,0.0
51,43,June,39,fast,fast,2.074027928666169,62.22083785998507,0.0,0.0,0.0
51,43,March,39,fast,fast,2.074027928666169,64.29486578865124,0.0,0.0,0.0
51,43,May,36,fast,fast,3.5374471872677873,109.6608628053014,0.0,0.0,0.0
51,43,May,38,fast,fast,1.1344,35.1664,0.0,0.0,0.0
51,43,May,39,fast,fast,2.074027928666169,64.29486578865124,0.0,0.0,0.0
51,43,November,39,fast,fast,2.074027928666169,62.22083785998507,0.0,0.0,0.0
51,43,October,39,fast,fast,2.074027928666169,64.29486578865124,0.0,0.0,0.0
51,43,September,39,fast,fast,2.074027928666169,62.22083785998507,0.0,0.0,0.0
51,50,June,28,fast,fast,1.6169294208333325,48.50788262499997,0.0,0.0,0.0
51,50,June,29,fast,fast,1.2090541666666668,36.271625,0.0,0.0,0.0
51,50,June,30,fast,fast,1.2090541666666668,36.271625,0.0,0.0,0.0
51,50,June,32,fast,fast,0.9712758333333333,29.138275,0.0,0.0,0.0
52,44,April,23,fast,fast,12.062127433278171,361.86382299834514,0.0,0.0,0.0
52,44,April,32,fast,fast,2.4416686849403675,73.25006054821102,0.0,0.0,0.0
52,44,August,23,fast,fast,17.528318383775705,543.3778698970468,0.0,0.0,0.0
52,44,December,23,fast,fast,12.062127433278171,373.9259504316233,0.0,0.0,0.0
52,44,February,23,fast,fast,15.09875743327817,422.76520813178877,0.0,0.0,0.0
52,44,January,23,fast,fast,12.062127433278171,373.9259504316233,0.0,0.0,0.0
52,44,July,23,fast,fast,12.062127433278171,373.9259504316233,0.0,0.0,0.0
52,44,June,23,fast,fast,12.062127433278171,361.86382299834514,0.0,0.0,0.0
52,44,June,32,fast,fast,2.5649449763922334,76.948349291767,0.0,0.0,0.0
52,44,March,23,fast,fast,12.062127433278171,373.9259504316233,0.0,0.0,0.0
52,44,May,23,fast,fast,12.062127433278171,373.9259504316233,0.0,0.0,0.0
52,44,November,23,fast,fast,12.062127433278171,361.86382299834514,0.0,0.0,0.0
52,44,October,23,fast,fast,12.062127433278171,373.9259504316233,0.0,0.0,0.0
52,44,September,23,fast,fast,18.057448756019852,541.7234626805955,0.0,0.0,0.0
52,53,April,16,fast,fast,7.234889686478354,217.04669059435062,0.0,0.0,0.0
52,53,April,18,fast,fast,12.66743798829949,380.0231396489847,0.0,0.0,0.0
52,53,April,23,fast,fast,5.995321322741681,179.85963968225042,0.0,0.0,0.0
52,53,August,23,fast,fast,0.5291303722441469,16.403041539568555,0.0,0.0,0.0
52,53,December,23,fast,fast,5.995321322741681,185.8549610049921,0.0,0.0,0.0
52,53,February,23,fast,fast,2.9586913227416822,82.8433570367671,0.0,0.0,0.0
52,53,January,23,fast,fast,5.995321322741681,185.8549610049921,0.0,0.0,0.0
52,53,July,23,fast,fast,5.995321322741681,185.8549610049921,0.0,0.0,0.0
52,53,June,23,fast,fast,5.995321322741681,179.85963968225042,0.0,0.0,0.0
52,53,March,23,fast,fast,5.995321322741681,185.8549610049921,0.0,0.0,0.0
52,53,March,24,fast,fast,0.11330310297216428,3.5123961921370928,0.0,0.0,0.0
52,53,May,23,fast,fast,5.995321322741681,185.8549610049921,0.0,0.0,0.0
52,53,November,23,fast,fast,5.995321322741681,179.85963968225042,0.0,0.0,0.0
52,53,October,23,fast,fast,5.995321322741681,185.8549610049921,0.0,0.0,0.0
53,45,February,24,fast,fast,0.45337999999994594,12.694639999998486,0.0,0.0,0.0
53,52,April,27,fast,fast,1.0978319738378985,32.934959215136956,0.0,0.0,0.0
53,52,April,30,fast,fast,11.879958097810324,356.3987429343097,0.0,0.0,0.0
53,52,April,31,fast,fast,1.001522871559633,30.045686146788988,0.0,0.0,0.0
53,52,August,30,fast,fast,0.1,3.1,0.0,0.0,0.0
53,52,December,30,fast,fast,0.1,3.1,0.0,0.0,0.0
53,52,February,30,fast,fast,0.1,2.8000000000000003,0.0,0.0,0.0
53,52,January,30,fast,fast,0.1,3.1,0.0,0.0,0.0
53,52,July,30,fast,fast,0.1,3.1,0.0,0.0,0.0
53,52,June,30,fast,fast,13.254146435382726,397.6243930614818,0.0,0.0,0.0
53,52,June,31,fast,fast,5.2398141215596326,157.19442364678898,0.0,0.0,0.0
53,52,March,30,fast,fast,0.1,3.1,0.0,0.0,0.0
53,52,May,30,fast,fast,0.1,3.1,0.0,0.0,0.0
53,52,November,30,fast,fast,0.1,3.0,0.0,0.0,0.0
53,52,October,30,fast,fast,0.1,3.1,0.0,0.0,0.0
53,52,September,30,fast,fast,0.1,3.0,0.0,0.0,0.0
54,55,April,30,fast,medium,7.062521673797255,211.87565021391765,0.0,0.0,0.0
54,55,April,31,fast,medium,5.684137666666668,170.52413000000004,0.0,0.0,0.0
54,55,April,31,fast,fast,14.61498084615715,438.4494253847145,0.0,0.0,0.0
54,55,April,32,fast,fast,0.6358719349729789,19.076158049189367,0.0,0.0,0.0
54,55,April,34,fast,fast,8.935325333333333,268.05976,0.0,0.0,0.0
54,55,April,35,fast,fast,2.037412063958333,61.122361918749995,0.0,0.0,0.0
54,55,April,36,fast,fast,1.9984701666666667,59.954105,0.0,0.0,0.0
54,55,August,32,fast,fast,0.6290479349729807,19.500485984162403,0.0,0.0,0.0
54,55,July,32,fast,fast,0.6290479349729807,19.500485984162403,0.0,0.0,0.0
54,55,July,34,fast,fast,3.429449693376455,106.3129404946701,0.0,0.0,0.0
54,55,July,35,fast,fast,0.22887146262789315,7.095015341464688,0.0,0.0,0.0
54,55,June,30,fast,medium,14.373010977130583,431.1903293139175,0.0,0.0,0.0
54,55,June,31,medium,medium,9.547961416666666,286.43884249999996,0.0,0.0,0.0
54,55,June,31,fast,fast,14.61498084615715,438.4494253847145,0.0,0.0,0.0
54,55,June,32,fast,fast,0.6290479349729807,18.871438049189422,0.0,0.0,0.0
54,55,June,34,fast,fast,10.861076667043427,325.83230001130283,0.0,0.0,0.0
54,55,June,35,fast,fast,7.799462031747282,233.98386095241847,0.0,0.0,0.0
54,55,May,31,fast,fast,14.61498084615715,453.06440623087167,0.0,0.0,0.0
54,55,May,32,fast,fast,0.6290479349729807,19.500485984162403,0.0,0.0,0.0
54,55,May,34,fast,fast,10.478840164711233,324.8440451060482,0.0,0.0,0.0
54,55,May,35,fast,fast,4.246900494885956,131.65391534146465,0.0,0.0,0.0
55,54,April,17,fast,fast,4.908411725276631,147.25235175829891,0.0,0.0,0.0
55,54,April,18,fast,fast,3.1490831618691715,94.47249485607514,0.0,0.0,0.0
55,54,April,23,fast,fast,9.064498908936862,271.9349672681059,0.0,0.0,0.0
55,54,August,23,fast,medium,8.28428957560353,256.81297684370946,0.0,0.0,0.0
55,54,December,23,fast,fast,8.28428957560353,256.81297684370946,0.0,0.0,0.0
55,54,February,18,fast,fast,1.3172169074353377,36.882073408189456,0.0,0.0,0.0
55,54,February,23,fast,fast,8.28428957560353,231.96010811689885,0.0,0.0,0.0
55,54,February,28,fast,fast,0.25797306073970017,7.223245700711605,0.0,0.0,0.0
55,54,January,23,medium,medium,8.28428957560353,256.81297684370946,0.0,0.0,0.0
55,54,July,17,fast,fast,1.603632958125333,49.712621701885325,0.0,0.0,0.0
55,54,July,18,fast,fast,0.48438132507657805,15.01582107737392,0.0,0.0,0.0
55,54,July,23,fast,medium,8.28428957560353,256.81297684370946,0.0,0.0,0.0
55,54,June,8,fast,fast,0.1317799191481716,3.953397574445148,0.0,0.0,0.0
55,54,June,9,fast,fast,2.2763143329687754,68.28942998906327,0.0,0.0,0.0
55,54,June,10,fast,fast,2.083302,62.49906000000001,0.0,0.0,0.0
55,54,June,23,fast,fast,8.347878825603537,250.4363647681061,0.0,0.0,0.0
55,54,March,17,fast,fast,1.2613422741991567,39.101610500173855,0.0,0.0,0.0
55,54,March,18,fast,fast,1.3172169074353377,40.83372413049547,0.0,0.0,0.0
55,54,March,23,fast,fast,8.28428957560353,256.81297684370946,0.0,0.0,0.0
55,54,May,23,fast,fast,8.28428957560353,256.81297684370946,0.0,0.0,0.0
55,54,November,23,fast,fast,8.28428957560353,248.5286872681059,0.0,0.0,0.0
55,54,October,23,fast,fast,8.28428957560353,256.81297684370946,0.0,0.0,0.0
55,54,September,17,fast,fast,3.3341785593527433,100.0253567805823,0.0,0.0,0.0
55,54,September,18,fast,fast,1.3172169074353377,39.51650722306013,0.0,0.0,0.0
55,54,September,23,fast,fast,8.28428957560353,248.5286872681059,0.0,0.0,0.0
