from_HexID,to_HexID,Month,TimeIndex,Distance_km,Energy_kWh_day,Energy_kWh_annual,Yarc,Trips,Tail_kWh
1,2,April,17,1.284,0.2702934422562109,8.108803267686326,1.0,-0.0,0.2702934422562109
1,2,August,17,1.284,0.2702934422565093,8.379096709951789,1.0,-0.0,0.2702934422565093
1,2,December,17,1.284,0.27029344225606877,8.379096709938132,1.0,-0.0,0.27029344225606877
1,2,February,17,1.284,0.27029344225631036,7.56821638317669,1.0,-0.0,0.27029344225631036
1,2,January,17,1.284,0.2702934422563743,8.379096709947603,1.0,-0.0,0.2702934422563743
1,2,July,17,1.284,0.27029344225642404,8.379096709949145,1.0,-0.0,0.27029344225642404
1,2,June,17,1.284,0.2702934422563956,8.108803267691869,1.0,-0.0,0.2702934422563956
1,2,March,17,1.284,0.27029344225589824,8.379096709932845,1.0,-0.0,0.27029344225589824
1,2,May,17,1.284,0.2702934422563672,8.379096709947383,1.0,-0.0,0.2702934422563672
1,2,November,17,1.284,0.270293442256353,8.10880326769059,1.0,-0.0,0.270293442256353
1,2,October,17,1.284,0.2702934422564809,8.379096709950907,1.0,-0.0,0.2702934422564809
1,2,September,17,1.284,0.2702934422563672,8.108803267691016,1.0,-0.0,0.2702934422563672
1,9,April,17,1.236,3.4113217965989264,102.33965389796779,1.0,-0.0,3.4113217965989264
1,9,April,20,1.236,1.8586115171456878,55.75834551437063,1.0,-0.0,1.8586115171456878
1,9,August,17,1.236,3.411321796598699,105.75097569455967,1.0,-0.0,3.411321796598699
1,9,December,17,1.236,3.4113217965989406,105.75097569456716,1.0,-0.0,3.4113217965989406
1,9,February,17,1.236,3.4113217965988127,95.51701030476676,1.0,-0.0,3.4113217965988127
1,9,January,17,1.236,3.411321796598834,105.75097569456386,1.0,-0.0,3.411321796598834
1,9,July,17,1.236,3.411321796598699,105.75097569455967,1.0,-0.0,3.411321796598699
1,9,June,17,1.236,3.4113217965988127,102.33965389796438,1.0,-0.0,3.4113217965988127
1,9,June,20,1.236,9.702370244473506,291.0711073342052,1.0,-0.0,9.702370244473506
1,9,March,17,1.236,3.411321796599225,105.75097569457597,1.0,-0.0,3.411321796599225
1,9,May,17,1.236,3.4113217965988127,105.7509756945632,1.0,-0.0,3.4113217965988127
1,9,May,19,1.236,0.9190756485963067,28.49134510648551,1.0,-0.0,0.9190756485963067
1,9,May,20,1.236,4.41781313351937,136.9522071391005,1.0,-0.0,4.41781313351937
1,9,November,17,1.236,3.4113217965987985,102.33965389796396,1.0,-0.0,3.4113217965987985
1,9,October,17,1.236,3.4113217965986964,105.75097569455959,1.0,-0.0,3.4113217965986964
1,9,September,17,1.236,3.4113217965988127,102.33965389796438,1.0,-0.0,3.4113217965988127
2,9,April,19,1.124,3.347948824440593,100.43846473321778,1.0,0.0,3.347948824440593
2,9,April,20,1.124,8.815846756639097,264.4754026991729,1.0,0.0,8.815846756639097
2,9,April,21,1.124,1.8225303349580422,54.675910048741265,1.0,0.0,1.8225303349580422
2,9,June,19,1.124,3.5857061577739344,107.57118473321803,1.0,0.0,3.5857061577739344
2,9,June,20,1.124,8.815846756639097,264.4754026991729,1.0,0.0,8.815846756639097
2,9,June,21,1.124,6.068241184153244,182.04723552459734,1.0,0.0,6.068241184153244
2,9,May,19,1.124,7.615912059207663,236.09327383543754,1.0,0.0,7.615912059207663
2,9,May,20,1.124,8.815846756639097,273.291249455812,1.0,0.0,8.815846756639097
2,9,May,21,1.124,6.068241184153244,188.11547670875058,1.0,0.0,6.068241184153244
4,11,April,23,1.2756,0.30868813681642315,9.260644104492695,1.0,-0.0,0.30868813681642315
4,11,April,38,1.2756,0.6994932056427352,20.984796169282056,1.0,-0.0,0.6994932056427352
4,11,August,38,1.2756,0.6994932056427352,21.68428937492479,1.0,-0.0,0.6994932056427352
4,11,December,38,1.2756,0.6994932056427352,21.68428937492479,1.0,-0.0,0.6994932056427352
4,11,February,38,1.2756,0.6994932056427352,19.585809757996586,1.0,-0.0,0.6994932056427352
4,11,January,38,1.2756,0.699493205642824,21.684289374927545,1.0,-0.0,0.699493205642824
4,11,July,38,1.2756,0.699493205642824,21.684289374927545,1.0,-0.0,0.699493205642824
4,11,June,38,1.2756,0.699493205642824,20.98479616928472,1.0,-0.0,0.699493205642824
4,11,March,38,1.2756,0.699493205642824,21.684289374927545,1.0,-0.0,0.699493205642824
4,11,May,38,1.2756,0.699493205642824,21.684289374927545,1.0,-0.0,0.699493205642824
4,11,November,38,1.2756,0.699493205642824,20.98479616928472,1.0,-0.0,0.699493205642824
4,11,October,38,1.2756,0.6994932056427352,21.68428937492479,1.0,-0.0,0.6994932056427352
4,11,September,38,1.2756,0.699493205642824,20.98479616928472,1.0,-0.0,0.699493205642824
7,8,April,24,1.1712,1.153809322852183,34.61427968556549,1.0,-0.0,1.153809322852183
7,8,August,24,1.1712,1.153809322852183,35.768089008417675,1.0,-0.0,1.153809322852183
7,8,December,24,1.1712,1.153809322852183,35.768089008417675,1.0,-0.0,1.153809322852183
7,8,February,24,1.1712,1.1538093228521618,32.30666103986053,1.0,-0.0,1.1538093228521618
7,8,January,24,1.1712,1.1538093228521618,35.768089008417014,1.0,-0.0,1.1538093228521618
7,8,July,24,1.1712,1.153809322852183,35.768089008417675,1.0,-0.0,1.153809322852183
7,8,June,24,1.1712,1.153809322852183,34.61427968556549,1.0,-0.0,1.153809322852183
7,8,March,24,1.1712,1.1538093228521618,35.768089008417014,1.0,-0.0,1.1538093228521618
7,8,May,24,1.1712,1.153809322852183,35.768089008417675,1.0,-0.0,1.153809322852183
7,8,November,24,1.1712,1.153809322852183,34.61427968556549,1.0,-0.0,1.153809322852183
7,8,October,24,1.1712,1.1538093228521618,35.768089008417014,1.0,-0.0,1.1538093228521618
7,8,September,24,1.1712,1.153809322852183,34.61427968556549,1.0,-0.0,1.153809322852183
8,1,April,21,1.1788,6.705008401144934,201.150252034348,1.0,-0.0,6.705008401144934
8,1,June,21,1.1788,7.998589984478269,239.95769953434805,1.0,-0.0,7.998589984478269
8,1,May,21,1.1788,8.760569597540105,271.57765752374326,1.0,-0.0,8.760569597540105
9,1,June,23,1.236,7.6683667490385545,230.05100247115664,1.0,-0.0,7.6683667490385545
9,1,June,29,1.236,1.9194504850372027,57.58351455111608,1.0,-0.0,1.9194504850372027
10,9,April,34,1.4594,8.033498168468917,241.0049450540675,1.0,-0.0,8.033498168468917
10,9,August,34,1.4594,5.620918173845261,174.2484633892031,1.0,-0.0,5.620918173845261
10,9,January,34,1.4594,7.158180835135584,221.90360588920308,1.0,-0.0,7.158180835135584
10,9,July,34,1.4594,9.455763194440323,293.12865902765,1.0,-0.0,9.455763194440323
10,9,June,34,1.4594,9.455763194440323,283.6728958332097,1.0,-0.0,9.455763194440323
10,9,March,34,1.4594,9.455763194440323,293.12865902765,1.0,-0.0,9.455763194440323
10,9,May,20,1.4594,3.0819894799584944,95.54167387871333,1.0,-0.0,3.0819894799584944
10,9,May,34,1.4594,9.455763194440323,293.12865902765,1.0,-0.0,9.455763194440323
10,9,November,34,1.4594,9.455763194440323,283.6728958332097,1.0,-0.0,9.455763194440323
10,9,September,34,1.4594,0.912704418468917,27.381132554067513,1.0,-0.0,0.912704418468917
10,11,April,34,1.1045,1.4222650259714058,42.667950779142174,1.0,-0.0,1.4222650259714058
10,11,August,34,1.1045,3.8348450205950613,118.8801956384469,1.0,-0.0,3.8348450205950613
10,11,December,34,1.1045,9.455763194440323,293.12865902765,1.0,-0.0,9.455763194440323
10,11,February,34,1.1045,9.455763194440323,264.76136944432903,1.0,-0.0,9.455763194440323
10,11,January,34,1.1045,2.297582359304739,71.22505313844691,1.0,-0.0,2.297582359304739
10,11,October,34,1.1045,9.455763194440323,293.12865902765,1.0,-0.0,9.455763194440323
10,11,September,34,1.1045,8.543058775971407,256.2917632791422,1.0,-0.0,8.543058775971407
11,4,April,26,1.2756,5.86707232007721,176.0121696023163,1.0,-0.0,5.86707232007721
11,4,April,27,1.2756,23.18271164991259,695.4813494973778,1.0,1.0,3.1827116499125907
11,4,April,33,1.2756,11.878964693614108,356.36894080842325,1.0,-0.0,11.878964693614108
11,4,August,27,1.2756,2.147823399912596,66.58252539729048,1.0,-0.0,2.147823399912596
11,4,August,33,1.2756,11.878964693614108,368.2479055020374,1.0,-0.0,11.878964693614108
11,4,December,27,1.2756,2.147823399912525,66.58252539728828,1.0,-0.0,2.147823399912525
11,4,December,33,1.2756,11.878964693614108,368.2479055020374,1.0,-0.0,11.878964693614108
11,4,February,27,1.2756,2.147823399912596,60.13905519755269,1.0,-0.0,2.147823399912596
11,4,February,33,1.2756,11.878964693614108,332.61101142119503,1.0,-0.0,11.878964693614108
11,4,January,27,1.2756,2.147823399912596,66.58252539729048,1.0,-0.0,2.147823399912596
11,4,January,33,1.2756,11.878964693614105,368.24790550203727,1.0,-0.0,11.878964693614105
11,4,July,27,1.2756,2.147823399912596,66.58252539729048,1.0,-0.0,2.147823399912596
11,4,July,33,1.2756,11.878964693614108,368.2479055020374,1.0,-0.0,11.878964693614108
11,4,June,17,1.2756,18.12744328966066,543.8232986898198,1.0,-0.0,18.12744328966066
11,4,June,18,1.2756,12.248493479604438,367.45480438813314,1.0,-0.0,12.248493479604438
11,4,June,19,1.2756,0.47103221767369874,14.130966530210962,1.0,-0.0,0.47103221767369874
11,4,June,26,1.2756,0.1,3.0,1.0,-0.0,0.1
11,4,June,27,1.2756,22.829236503114853,684.8770950934456,1.0,1.0,2.8292365031148528
11,4,June,33,1.2756,11.878964693614112,356.36894080842336,1.0,-0.0,11.878964693614112
11,4,March,27,1.2756,2.147823399912596,66.58252539729048,1.0,-0.0,2.147823399912596
11,4,March,33,1.2756,11.878964693614108,368.2479055020374,1.0,-0.0,11.878964693614108
11,4,May,15,1.2756,4.356509499206602,135.05179447540468,1.0,-0.0,4.356509499206602
11,4,May,16,1.2756,20.0,620.0,1.0,1.0,0.0
11,4,May,17,1.2756,22.08865722514453,684.7483739794804,1.0,1.0,2.08865722514453
11,4,May,18,1.2756,18.746103740578622,581.1292159579373,1.0,-0.0,18.746103740578622
11,4,May,19,1.2756,16.888003450351235,523.5281069608883,1.0,-0.0,16.888003450351235
11,4,May,27,1.2756,2.147823399912596,66.58252539729048,1.0,-0.0,2.147823399912596
11,4,May,33,1.2756,11.878964693614108,368.2479055020374,1.0,-0.0,11.878964693614108
11,4,November,27,1.2756,2.147823399912596,64.43470199737789,1.0,-0.0,2.147823399912596
11,4,November,33,1.2756,11.878964693614108,356.36894080842325,1.0,-0.0,11.878964693614108
11,4,October,27,1.2756,2.147823399912596,66.58252539729048,1.0,-0.0,2.147823399912596
11,4,October,33,1.2756,11.878964693614108,368.2479055020374,1.0,-0.0,11.878964693614108
11,4,September,17,1.2756,1.3118259237373433,39.354777712120296,1.0,-0.0,1.3118259237373433
11,4,September,27,1.2756,2.147823399912596,64.43470199737789,1.0,-0.0,2.147823399912596
11,4,September,33,1.2756,11.878964693614108,356.36894080842325,1.0,-0.0,11.878964693614108
11,10,April,21,1.1045,4.518507219573372,135.5552165872012,1.0,-0.0,4.518507219573372
11,10,April,32,1.1045,11.022098271335983,330.6629481400795,1.0,-0.0,11.022098271335983
11,10,April,33,1.1045,12.02310951744802,360.69328552344064,1.0,-0.0,12.02310951744802
11,10,August,33,1.1045,12.023109517448091,372.7163950408908,1.0,-0.0,12.023109517448091
11,10,December,33,1.1045,12.023109517448091,372.7163950408908,1.0,-0.0,12.023109517448091
11,10,February,33,1.1045,12.023109517448091,336.64706648854656,1.0,-0.0,12.023109517448091
11,10,January,33,1.1045,12.023109517448024,372.71639504088876,1.0,-0.0,12.023109517448024
11,10,July,33,1.1045,12.023109517448091,372.7163950408908,1.0,-0.0,12.023109517448091
11,10,June,21,1.1045,4.206648161476835,126.19944484430505,1.0,-0.0,4.206648161476835
11,10,June,32,1.1045,34.29879454957666,1028.9638364873,1.0,1.0,14.298794549576662
11,10,June,33,1.1045,12.023109517448017,360.6932855234405,1.0,-0.0,12.023109517448017
11,10,March,33,1.1045,12.023109517448091,372.7163950408908,1.0,-0.0,12.023109517448091
11,10,May,32,1.1045,11.022098271335983,341.68504641141544,1.0,-0.0,11.022098271335983
11,10,May,33,1.1045,12.023109517448091,372.7163950408908,1.0,-0.0,12.023109517448091
11,10,November,33,1.1045,12.023109517448091,360.69328552344274,1.0,-0.0,12.023109517448091
11,10,October,33,1.1045,12.023109517448091,372.7163950408908,1.0,-0.0,12.023109517448091
11,10,September,33,1.1045,12.023109517448091,360.69328552344274,1.0,-0.0,12.023109517448091
12,19,December,23,1.113,1.20798,37.44738,1.0,0.0,1.20798
12,19,June,22,1.113,1.0947899348279453,32.84369804483836,1.0,0.0,1.0947899348279453
12,19,June,23,1.113,0.7207799348279469,21.623398044838407,1.0,0.0,0.7207799348279469
13,21,April,16,1.0012,1.3379891547826048,40.139674643478145,1.0,-0.0,1.3379891547826048
13,21,August,16,1.0012,1.3379891547826048,41.47766379826075,1.0,-0.0,1.3379891547826048
13,21,December,16,1.0012,1.3379891547826048,41.47766379826075,1.0,-0.0,1.3379891547826048
13,21,February,16,1.0012,1.3379891547826048,37.463696333912935,1.0,-0.0,1.3379891547826048
13,21,January,16,1.0012,1.3379891547826048,41.47766379826075,1.0,-0.0,1.3379891547826048
13,21,July,16,1.0012,1.3379891547826048,41.47766379826075,1.0,-0.0,1.3379891547826048
13,21,June,16,1.0012,1.3379891547826048,40.139674643478145,1.0,-0.0,1.3379891547826048
13,21,March,16,1.0012,1.3379891547826048,41.47766379826075,1.0,-0.0,1.3379891547826048
13,21,May,16,1.0012,1.3379891547826048,41.47766379826075,1.0,-0.0,1.3379891547826048
13,21,November,16,1.0012,1.3379891547826048,40.139674643478145,1.0,-0.0,1.3379891547826048
13,21,October,16,1.0012,1.3379891547826048,41.47766379826075,1.0,-0.0,1.3379891547826048
13,21,September,16,1.0012,1.3379891547825196,40.13967464347559,1.0,-0.0,1.3379891547825196
14,13,April,19,1.1531,10.898313214688766,326.949396440663,1.0,0.0,10.898313214688766
14,13,April,26,1.1531,2.744034106816663,82.3210232044999,1.0,-0.0,2.744034106816663
14,13,April,28,1.1531,12.905228764308674,387.1568629292602,1.0,-0.0,12.905228764308674
14,13,April,29,1.1531,18.72320942005893,561.6962826017678,1.0,-0.0,18.72320942005893
14,13,April,30,1.1531,10.988322336499735,329.6496700949921,1.0,0.0,10.988322336499735
14,13,April,33,1.1531,9.722578666666665,291.67735999999996,1.0,-0.0,9.722578666666665
14,13,April,34,1.1531,9.722578666666665,291.67735999999996,1.0,-0.0,9.722578666666665
14,13,April,35,1.1531,23.784007173279633,713.520215198389,1.0,1.0,3.784007173279633
14,13,April,36,1.1531,15.095364459885062,452.8609337965519,1.0,-0.0,15.095364459885062
14,13,August,26,1.1531,2.744034106816663,85.06505731131656,1.0,-0.0,2.744034106816663
14,13,August,29,1.1531,8.51118697382237,263.8467961884935,1.0,-0.0,8.51118697382237
14,13,August,30,1.1531,0.7762998902631786,24.065296598158536,1.0,0.0,0.7762998902631786
14,13,August,33,1.1531,4.153958118647862,128.7727016780837,1.0,-0.0,4.153958118647862
14,13,August,34,1.1531,7.911310403225807,245.25062250000002,1.0,-0.0,7.911310403225807
14,13,August,35,1.1531,23.784007173279633,737.3042223716686,1.0,1.0,3.784007173279633
14,13,August,36,1.1531,15.095364459885062,467.9562982564369,1.0,-0.0,15.095364459885062
14,13,December,35,1.1531,23.784007173279633,737.3042223716686,1.0,1.0,3.784007173279633
14,13,December,36,1.1531,15.095364459885062,467.9562982564369,1.0,-0.0,15.095364459885062
14,13,February,35,1.1531,23.784007173279633,665.9522008518297,1.0,1.0,3.784007173279633
14,13,February,36,1.1531,15.095364459885062,422.6702048767817,1.0,-0.0,15.095364459885062
14,13,January,35,1.1531,23.784007173279633,737.3042223716686,1.0,1.0,3.784007173279633
14,13,January,36,1.1531,15.095364459885062,467.9562982564369,1.0,-0.0,15.095364459885062
14,13,July,19,1.1531,2.589890553398444,80.28660715535176,1.0,0.0,2.589890553398444
14,13,July,26,1.1531,2.744034106816663,85.06505731131656,1.0,-0.0,2.744034106816663
14,13,July,29,1.1531,11.669121812532046,361.7427761884934,1.0,-0.0,11.669121812532046
14,13,July,30,1.1531,3.9342347289728536,121.96127659815846,1.0,0.0,3.9342347289728536
14,13,July,33,1.1531,8.913442689955154,276.3167233886098,1.0,-0.0,8.913442689955154
14,13,July,34,1.1531,9.963740967741934,308.87596999999994,1.0,-0.0,9.963740967741934
14,13,July,35,1.1531,23.784007173279633,737.3042223716686,1.0,1.0,3.784007173279633
14,13,July,36,1.1531,15.095364459885062,467.9562982564369,1.0,-0.0,15.095364459885062
14,13,June,19,1.1531,11.07681188135544,332.3043564406632,1.0,0.0,11.07681188135544
14,13,June,26,1.1531,2.744034106816663,82.3210232044999,1.0,-0.0,2.744034106816663
14,13,June,28,1.1531,13.78848176430867,413.6544529292601,1.0,-0.0,13.78848176430867
14,13,June,29,1.1531,20.524971503392266,615.7491451017679,1.0,1.0,0.5249715033922655
14,13,June,30,1.1531,12.790084419833072,383.70253259499214,1.0,0.0,12.790084419833072
14,13,June,33,1.1531,15.686023166666667,470.580695,1.0,-0.0,15.686023166666667
14,13,June,34,1.1531,15.686023166666667,470.580695,1.0,-0.0,15.686023166666667
14,13,June,35,1.1531,23.784007173279633,713.520215198389,1.0,1.0,3.784007173279633
14,13,June,36,1.1531,15.095364459885062,452.8609337965519,1.0,-0.0,15.095364459885062
14,13,March,26,1.1531,2.744034106816663,85.06505731131656,1.0,-0.0,2.744034106816663
14,13,March,29,1.1531,4.045048506080432,125.3965036884934,1.0,-0.0,4.045048506080432
14,13,March,33,1.1531,0.1,3.1,1.0,-0.0,0.1
14,13,March,34,1.1531,1.0675191871192526,33.09309480069683,1.0,-0.0,1.0675191871192526
14,13,March,35,1.1531,23.784007173279633,737.3042223716686,1.0,1.0,3.784007173279633
14,13,March,36,1.1531,15.095364459885062,467.9562982564369,1.0,-0.0,15.095364459885062
14,13,May,18,1.1531,0.8227868586835356,25.506392619189604,1.0,-0.0,0.8227868586835356
14,13,May,19,1.1531,15.916597008464876,493.4145072624112,1.0,-0.0,15.916597008464876
14,13,May,21,1.1531,11.267105938812648,349.2802841031921,1.0,-0.0,11.267105938812648
14,13,May,26,1.1531,2.744034106816663,85.06505731131656,1.0,-0.0,2.744034106816663
14,13,May,28,1.1531,14.369533774891416,445.4555470216339,1.0,-0.0,14.369533774891416
14,13,May,29,1.1531,15.661333586725595,485.5013411884934,1.0,-0.0,15.661333586725595
14,13,May,30,1.1531,7.926446503166403,245.7198415981585,1.0,0.0,7.926446503166403
14,13,May,33,1.1531,14.562223629032259,451.42893250000003,1.0,-0.0,14.562223629032259
14,13,May,34,1.1531,14.562223629032259,451.42893250000003,1.0,-0.0,14.562223629032259
14,13,May,35,1.1531,23.784007173279633,737.3042223716686,1.0,1.0,3.784007173279633
14,13,May,36,1.1531,15.095364459885062,467.9562982564369,1.0,-0.0,15.095364459885062
14,13,May,37,1.1531,1.129825806451613,35.0246,1.0,-0.0,1.129825806451613
14,13,November,35,1.1531,23.784007173279633,713.520215198389,1.0,1.0,3.784007173279633
14,13,November,36,1.1531,15.095364459885062,452.8609337965519,1.0,-0.0,15.095364459885062
14,13,October,35,1.1531,23.784007173279633,737.3042223716686,1.0,1.0,3.784007173279633
14,13,October,36,1.1531,15.095364459885062,467.9562982564369,1.0,-0.0,15.095364459885062
14,13,September,19,1.1531,5.515460714688768,165.46382144066303,1.0,0.0,5.515460714688768
14,13,September,26,1.1531,2.744034106816663,82.3210232044999,1.0,-0.0,2.744034106816663
14,13,September,29,1.1531,7.857598973749938,235.72796921249812,1.0,-0.0,7.857598973749938
14,13,September,35,1.1531,23.784007173279633,713.520215198389,1.0,1.0,3.784007173279633
14,13,September,36,1.1531,15.095364459885062,452.8609337965519,1.0,-0.0,15.095364459885062
14,21,April,29,1.2286,5.095305618741509,152.8591685622453,1.0,-0.0,5.095305618741509
14,21,June,29,1.2286,6.765765202074846,202.97295606224537,1.0,-0.0,6.765765202074846
14,21,May,29,1.2286,4.0784247854081705,126.43116834765328,1.0,-0.0,4.0784247854081705
15,7,April,16,1.0885,6.481363411250856,194.44090233752567,1.0,-0.0,6.481363411250856
15,7,April,17,1.0885,31.50861765740416,945.2585297221248,1.0,1.0,11.508617657404159
15,7,April,18,1.0885,33.0,990.0,1.0,1.0,13.0
15,7,April,19,1.0885,33.0,990.0,1.0,1.0,13.0
15,7,April,20,1.0885,6.645862499999884,199.37587499999654,1.0,-0.0,6.645862499999884
15,7,April,26,1.0885,3.943803543723556,118.31410631170668,1.0,-0.0,3.943803543723556
15,7,April,27,1.0885,8.829856433614005,264.89569300842015,1.0,-0.0,8.829856433614005
15,7,April,28,1.0885,8.58837541666655,257.6512624999965,1.0,-0.0,8.58837541666655
15,7,April,29,1.0885,5.565245833333217,166.9573749999965,1.0,-0.0,5.565245833333217
15,7,April,30,1.0885,10.060606921646503,301.8182076493951,1.0,-0.0,10.060606921646503
15,7,April,31,1.0885,9.212228333333336,276.36685000000006,1.0,-0.0,9.212228333333336
15,7,April,32,1.0885,9.212228333333334,276.36685,1.0,-0.0,9.212228333333334
15,7,April,33,1.0885,8.385808105049488,251.57424315148464,1.0,-0.0,8.385808105049488
15,7,April,34,1.0885,0.2506939925582792,7.520819776748375,1.0,-0.0,0.2506939925582792
15,7,April,35,1.0885,1.0124408333333335,30.373225000000005,1.0,-0.0,1.0124408333333335
15,7,April,36,1.0885,1.0124408333333335,30.373225000000005,1.0,-0.0,1.0124408333333335
15,7,April,37,1.0885,5.833158875671928,174.99476627015784,1.0,-0.0,5.833158875671928
15,7,April,38,1.0885,7.521859583333449,225.65578750000347,1.0,-0.0,7.521859583333449
15,7,August,16,1.0885,6.481363411250856,200.9222657487765,1.0,-0.0,6.481363411250856
15,7,August,17,1.0885,31.50861765740415,976.7671473795288,1.0,1.0,11.508617657404152
15,7,August,18,1.0885,33.0,1023.0,1.0,1.0,13.0
15,7,August,19,1.0885,33.0,1023.0,1.0,1.0,13.0
15,7,August,20,1.0885,0.9557181451611747,29.627262499996416,1.0,-0.0,0.9557181451611747
15,7,August,23,1.0885,4.132427433800327,128.10525044781014,1.0,-0.0,4.132427433800327
15,7,August,27,1.0885,9.511501612903226,294.85655,1.0,-0.0,9.511501612903226
15,7,August,28,1.0885,9.511501612903226,294.85655,1.0,-0.0,9.511501612903226
15,7,August,29,1.0885,0.8106604838708531,25.130474999996444,1.0,-0.0,0.8106604838708531
15,7,August,30,1.0885,0.8106604838708913,25.13047499999763,1.0,-0.0,0.8106604838708913
15,7,August,31,1.0885,3.2405687181636966,100.45763026307459,1.0,-0.0,3.2405687181636966
15,7,August,33,1.0885,8.385808105049488,259.96005125653414,1.0,-0.0,8.385808105049488
15,7,August,34,1.0885,1.039516060216814,32.22499786672124,1.0,-0.0,1.039516060216814
15,7,August,35,1.0885,1.399132661290323,43.37311250000001,1.0,-0.0,1.399132661290323
15,7,August,36,1.0885,1.399132661290323,43.37311250000001,1.0,-0.0,1.399132661290323
15,7,December,16,1.0885,6.481363411250856,200.9222657487765,1.0,-0.0,6.481363411250856
15,7,December,17,1.0885,31.50861765740415,976.7671473795288,1.0,1.0,11.508617657404152
15,7,December,18,1.0885,33.0,1023.0,1.0,1.0,13.0
15,7,December,19,1.0885,33.0,1023.0,1.0,1.0,13.0
15,7,December,23,1.0885,4.132427433800327,128.10525044781014,1.0,-0.0,4.132427433800327
15,7,December,27,1.0885,7.52333861187023,233.22349696797713,1.0,-0.0,7.52333861187023
15,7,December,28,1.0885,7.996436940161942,247.8895451450202,1.0,-0.0,7.996436940161942
15,7,February,16,1.0885,6.481363411250868,181.4781755150243,1.0,-0.0,6.481363411250868
15,7,February,17,1.0885,31.50861765740416,882.2412944073164,1.0,1.0,11.508617657404159
15,7,February,18,1.0885,33.0,924.0,1.0,1.0,13.0
15,7,February,19,1.0885,33.0,924.0,1.0,1.0,13.0
15,7,February,23,1.0885,4.132427433800327,115.70796814640916,1.0,-0.0,4.132427433800327
15,7,February,27,1.0885,7.52333861187023,210.65348113236644,1.0,-0.0,7.52333861187023
15,7,February,28,1.0885,7.996436940161942,223.90023432453438,1.0,-0.0,7.996436940161942
15,7,February,33,1.0885,6.422983193906023,179.84352942936866,1.0,-0.0,6.422983193906023
15,7,January,16,1.0885,6.481363411250856,200.9222657487765,1.0,-0.0,6.481363411250856
15,7,January,17,1.0885,31.50861765740415,976.7671473795288,1.0,1.0,11.508617657404152
15,7,January,18,1.0885,33.0,1023.0,1.0,1.0,13.0
15,7,January,19,1.0885,33.0,1023.0,1.0,1.0,13.0
15,7,January,23,1.0885,4.132427433800327,128.10525044781014,1.0,-0.0,4.132427433800327
15,7,January,27,1.0885,7.52333861187023,233.22349696797713,1.0,-0.0,7.52333861187023
15,7,January,28,1.0885,7.996436940161942,247.8895451450202,1.0,-0.0,7.996436940161942
15,7,July,16,1.0885,6.481363411250856,200.9222657487765,1.0,-0.0,6.481363411250856
15,7,July,17,1.0885,31.50861765740415,976.7671473795288,1.0,1.0,11.508617657404152
15,7,July,18,1.0885,33.0,1023.0,1.0,1.0,13.0
15,7,July,19,1.0885,33.0,1023.0,1.0,1.0,13.0
15,7,July,20,1.0885,2.7775685483869808,86.1046249999964,1.0,-0.0,2.7775685483869808
15,7,July,23,1.0885,0.9771380789617297,30.29128044781362,1.0,-0.0,0.9771380789617297
15,7,July,27,1.0885,11.213789112903227,347.62746250000004,1.0,-0.0,11.213789112903227
15,7,July,28,1.0885,11.213789112903227,347.62746250000004,1.0,-0.0,11.213789112903227
15,7,July,33,1.0885,8.385808105049488,259.96005125653414,1.0,-0.0,8.385808105049488
15,7,July,35,1.0885,2.369102016129033,73.44216250000002,1.0,-0.0,2.369102016129033
15,7,July,36,1.0885,2.369102016129033,73.44216250000002,1.0,-0.0,2.369102016129033
15,7,July,37,1.0885,7.59230633119292,235.3614962669805,1.0,-0.0,7.59230633119292
15,7,July,38,1.0885,0.7467951612903226,23.150650000000002,1.0,-0.0,0.7467951612903226
15,7,June,16,1.0885,6.481363411250856,194.44090233752567,1.0,-0.0,6.481363411250856
15,7,June,17,1.0885,31.50861765740416,945.2585297221248,1.0,1.0,11.508617657404159
15,7,June,18,1.0885,33.0,990.0,1.0,1.0,13.0
15,7,June,19,1.0885,33.0,990.0,1.0,1.0,13.0
15,7,June,20,1.0885,6.728969166666554,201.8690749999966,1.0,-0.0,6.728969166666554
15,7,June,26,1.0885,4.006171877056888,120.18515631170663,1.0,-0.0,4.006171877056888
15,7,June,27,1.0885,16.531930416666665,495.95791249999996,1.0,-0.0,16.531930416666665
15,7,June,28,1.0885,16.531930416666665,495.95791249999996,1.0,-0.0,16.531930416666665
15,7,June,29,1.0885,13.90412291666667,417.12368750000013,1.0,-0.0,13.90412291666667
15,7,June,30,1.0885,13.90412291666667,417.12368750000013,1.0,-0.0,13.90412291666667
15,7,June,31,1.0885,10.624138371975842,318.72415115927527,1.0,-0.0,10.624138371975842
15,7,June,32,1.0885,11.169672083333333,335.0901625,1.0,-0.0,11.169672083333333
15,7,June,33,1.0885,7.795553341166805,233.86660023500414,1.0,-0.0,7.795553341166805
15,7,June,35,1.0885,0.1,3.0,1.0,-0.0,0.1
15,7,June,36,1.0885,1.9681330223774869,59.04399067132461,1.0,-0.0,1.9681330223774869
15,7,June,37,1.0885,0.8100312500000003,24.30093750000001,1.0,-0.0,0.8100312500000003
15,7,June,38,1.0885,0.8100312500000003,24.30093750000001,1.0,-0.0,0.8100312500000003
15,7,March,15,1.0885,1.1148107827090876,34.55913426398172,1.0,-0.0,1.1148107827090876
15,7,March,16,1.0885,6.481363411250856,200.9222657487765,1.0,-0.0,6.481363411250856
15,7,March,17,1.0885,31.50861765740415,976.7671473795288,1.0,1.0,11.508617657404152
15,7,March,18,1.0885,33.0,1023.0,1.0,1.0,13.0
15,7,March,19,1.0885,33.0,1023.0,1.0,1.0,13.0
15,7,March,20,1.0885,0.24937701612891683,7.730687499996422,1.0,-0.0,0.24937701612891683
15,7,March,23,1.0885,4.132427433800327,128.10525044781014,1.0,-0.0,4.132427433800327
15,7,March,27,1.0885,7.52333861187023,233.22349696797713,1.0,-0.0,7.52333861187023
15,7,March,28,1.0885,7.996436940161942,247.8895451450202,1.0,-0.0,7.996436940161942
15,7,March,33,1.0885,8.385808105049492,259.96005125653426,1.0,-0.0,8.385808105049492
15,7,March,34,1.0885,1.099975,34.099225,1.0,-0.0,1.099975
15,7,March,38,1.0885,0.23831500967577882,7.387765299949144,1.0,-0.0,0.23831500967577882
15,7,May,15,1.0885,7.5303918310961855,233.44214676398175,1.0,-0.0,7.5303918310961855
15,7,May,16,1.0885,6.481363411250856,200.9222657487765,1.0,-0.0,6.481363411250856
15,7,May,17,1.0885,31.50861765740415,976.7671473795288,1.0,1.0,11.508617657404152
15,7,May,18,1.0885,33.0,1023.0,1.0,1.0,13.0
15,7,May,19,1.0885,33.0,1023.0,1.0,1.0,13.0
15,7,May,20,1.0885,10.461942741935369,324.3202249999964,1.0,-0.0,10.461942741935369
15,7,May,25,1.0885,2.5611069520906327,79.39431551480962,1.0,-0.0,2.5611069520906327
15,7,May,26,1.0885,6.7404087856590404,208.95267235543025,1.0,-0.0,6.7404087856590404
15,7,May,27,1.0885,16.035159443970294,497.0899427630791,1.0,-0.0,16.035159443970294
15,7,May,28,1.0885,11.298317338709557,350.24783749999625,1.0,-0.0,11.298317338709557
15,7,May,29,1.0885,8.216317338709562,254.70583749999642,1.0,-0.0,8.216317338709562
15,7,May,30,1.0885,8.216317338709562,254.70583749999642,1.0,-0.0,8.216317338709562
15,7,May,31,1.0885,11.36664637096774,352.36603749999995,1.0,-0.0,11.36664637096774
15,7,May,32,1.0885,11.366646370967741,352.3660375,1.0,-0.0,11.366646370967741
15,7,May,33,1.0885,8.385808105049492,259.96005125653426,1.0,-0.0,8.385808105049492
15,7,May,34,1.0885,5.000674690366036,155.02091540134714,1.0,-0.0,5.000674690366036
15,7,May,35,1.0885,5.2921540796619055,164.05677646951906,1.0,-0.0,5.2921540796619055
15,7,May,36,1.0885,2.629817577942047,81.52434491620346,1.0,-0.0,2.629817577942047
15,7,May,37,1.0885,8.026032258064632,248.8070000000036,1.0,-0.0,8.026032258064632
15,7,May,38,1.0885,8.026032258064632,248.8070000000036,1.0,-0.0,8.026032258064632
15,7,November,16,1.0885,6.481363411250856,194.44090233752567,1.0,-0.0,6.481363411250856
15,7,November,17,1.0885,31.508617657404173,945.2585297221252,1.0,1.0,11.508617657404173
15,7,November,18,1.0885,33.0,990.0,1.0,1.0,13.0
15,7,November,19,1.0885,33.0,990.0,1.0,1.0,13.0
15,7,November,23,1.0885,4.132427433800327,123.9728230140098,1.0,-0.0,4.132427433800327
15,7,November,27,1.0885,7.52333861187023,225.7001583561069,1.0,-0.0,7.52333861187023
15,7,November,28,1.0885,7.996436940161942,239.89310820485827,1.0,-0.0,7.996436940161942
15,7,October,16,1.0885,6.481363411250941,200.92226574877915,1.0,-0.0,6.481363411250941
15,7,October,17,1.0885,31.50861765740415,976.7671473795288,1.0,1.0,11.508617657404152
15,7,October,18,1.0885,33.0,1023.0,1.0,1.0,13.0
15,7,October,19,1.0885,33.0,1023.0,1.0,1.0,13.0
15,7,October,23,1.0885,4.132427433800327,128.10525044781014,1.0,-0.0,4.132427433800327
15,7,October,27,1.0885,7.52333861187023,233.22349696797713,1.0,-0.0,7.52333861187023
15,7,October,28,1.0885,7.996436940161942,247.8895451450202,1.0,-0.0,7.996436940161942
15,7,September,15,1.0885,1.4119108095908088,42.35732428772427,1.0,-0.0,1.4119108095908088
15,7,September,16,1.0885,6.481363411250856,194.44090233752567,1.0,-0.0,6.481363411250856
15,7,September,17,1.0885,31.508617657404173,945.2585297221252,1.0,1.0,11.508617657404173
15,7,September,18,1.0885,33.0,990.0,1.0,1.0,13.0
15,7,September,19,1.0885,33.0,990.0,1.0,1.0,13.0
15,7,September,23,1.0885,4.132427433800327,123.9728230140098,1.0,-0.0,4.132427433800327
15,7,September,27,1.0885,9.272239166666667,278.167175,1.0,-0.0,9.272239166666667
15,7,September,28,1.0885,9.272239166666669,278.16717500000004,1.0,-0.0,9.272239166666669
15,7,September,29,1.0885,0.47925583333321686,14.377674999996506,1.0,-0.0,0.47925583333321686
15,7,September,30,1.0885,0.47925583333321686,14.377674999996506,1.0,-0.0,0.47925583333321686
15,7,September,33,1.0885,3.8957245320204583,116.87173596061375,1.0,-0.0,3.8957245320204583
15,8,April,16,1.082,13.976217278848976,419.2865183654693,1.0,-0.0,13.976217278848976
15,8,April,22,1.082,10.352883555754575,310.58650667263726,1.0,-0.0,10.352883555754575
15,8,April,23,1.082,17.098212489474196,512.9463746842259,1.0,-0.0,17.098212489474196
15,8,April,24,1.082,27.378877541141897,821.3663262342569,1.0,1.0,7.378877541141897
15,8,April,25,1.082,25.0,750.0,1.0,1.0,5.0
15,8,April,26,1.082,25.0,750.0,1.0,1.0,5.0
15,8,April,27,1.082,23.693482178256225,710.8044653476868,1.0,1.0,3.6934821782562253
15,8,April,28,1.082,24.40806152349539,732.2418457048617,1.0,1.0,4.408061523495391
15,8,April,29,1.082,17.83633916666655,535.0901749999965,1.0,-0.0,17.83633916666655
15,8,April,30,1.082,20.0,600.0,1.0,1.0,0.0
15,8,April,31,1.082,9.057599259040707,271.7279777712212,1.0,-0.0,9.057599259040707
15,8,April,32,1.082,1.061684597215919,31.85053791647757,1.0,-0.0,1.061684597215919
15,8,April,34,1.082,3.8820498798606806,116.46149639582042,1.0,-0.0,3.8820498798606806
15,8,April,35,1.082,1.5758861666666668,47.276585000000004,1.0,-0.0,1.5758861666666668
15,8,April,36,1.082,1.5758861666666668,47.276585000000004,1.0,-0.0,1.5758861666666668
15,8,April,37,1.082,0.591487257184997,17.744617715549907,1.0,-0.0,0.591487257184997
15,8,April,38,1.082,2.5340249166667808,76.02074750000342,1.0,-0.0,2.5340249166667808
15,8,August,16,1.082,13.976217278848976,433.26273564431824,1.0,-0.0,13.976217278848976
15,8,August,23,1.082,17.661586407103826,547.5091786202186,1.0,-0.0,17.661586407103826
15,8,August,24,1.082,23.846190677147817,739.2319109915824,1.0,1.0,3.846190677147817
15,8,August,25,1.082,12.065114516128915,374.01854999999637,1.0,-0.0,12.065114516128915
15,8,August,26,1.082,12.065114516128915,374.01854999999637,1.0,-0.0,12.065114516128915
15,8,August,27,1.082,23.011836998967006,713.3669469679771,1.0,1.0,3.0118369989670057
15,8,August,28,1.082,23.484935327258718,728.0329951450202,1.0,1.0,3.484935327258718
15,8,August,29,1.082,10.435723709677307,323.5074349999965,1.0,-0.0,10.435723709677307
15,8,August,30,1.082,10.435723709677307,323.5074349999965,1.0,-0.0,10.435723709677307
15,8,August,31,1.082,2.7279876085029553,84.56761586359161,1.0,-0.0,2.7279876085029553
15,8,August,34,1.082,2.569430369107994,79.65234144234782,1.0,-0.0,2.569430369107994
15,8,August,35,1.082,0.7630242279483621,23.653751066399224,1.0,-0.0,0.7630242279483621
15,8,December,16,1.082,13.976217278848976,433.26273564431824,1.0,-0.0,13.976217278848976
15,8,December,23,1.082,17.661586407103826,547.5091786202186,1.0,-0.0,17.661586407103826
15,8,December,24,1.082,23.846190677147817,739.2319109915824,1.0,1.0,3.846190677147817
15,8,December,25,1.082,0.7428448387091846,23.028189999984722,1.0,-0.0,0.7428448387091846
15,8,December,26,1.082,10.172179419547291,315.337562005966,1.0,-0.0,10.172179419547291
15,8,December,27,1.082,25.0,775.0,1.0,1.0,5.0
15,8,December,28,1.082,25.0,775.0,1.0,1.0,5.0
15,8,December,33,1.082,8.385808105049506,259.9600512565347,1.0,-0.0,8.385808105049506
15,8,February,16,1.082,13.976217278848976,391.3340838077713,1.0,-0.0,13.976217278848976
15,8,February,23,1.082,17.661586407103826,494.5244193989071,1.0,-0.0,17.661586407103826
15,8,February,24,1.082,23.84619067714784,667.6933389601395,1.0,1.0,3.8461906771478382
15,8,February,25,1.082,7.800347232142743,218.4097224999968,1.0,-0.0,7.800347232142743
15,8,February,26,1.082,10.17217941954727,284.8210237473236,1.0,-0.0,10.17217941954727
15,8,February,27,1.082,25.0,700.0,1.0,1.0,5.0
15,8,February,28,1.082,25.0,700.0,1.0,1.0,5.0
15,8,February,29,1.082,6.436750803571314,180.2290224999968,1.0,-0.0,6.436750803571314
15,8,February,30,1.082,6.436750803571314,180.2290224999968,1.0,-0.0,6.436750803571314
15,8,February,33,1.082,1.9628249111434828,54.95909751201752,1.0,-0.0,1.9628249111434828
15,8,January,16,1.082,13.976217278848976,433.26273564431824,1.0,-0.0,13.976217278848976
15,8,January,23,1.082,17.661586407103826,547.5091786202186,1.0,-0.0,17.661586407103826
15,8,January,24,1.082,23.84619067714784,739.2319109915829,1.0,1.0,3.8461906771478382
15,8,January,25,1.082,3.555281290322467,110.21371999999647,1.0,-0.0,3.555281290322467
15,8,January,26,1.082,10.17217941954727,315.33756200596537,1.0,-0.0,10.17217941954727
15,8,January,27,1.082,25.0,775.0,1.0,1.0,5.0
15,8,January,28,1.082,25.0,775.0,1.0,1.0,5.0
15,8,January,33,1.082,8.385808105049506,259.9600512565347,1.0,-0.0,8.385808105049506
15,8,July,16,1.082,13.976217278848976,433.26273564431824,1.0,-0.0,13.976217278848976
15,8,July,22,1.082,0.6458200288727429,20.020420895055032,1.0,-0.0,0.6458200288727429
15,8,July,23,1.082,17.661586407103826,547.5091786202186,1.0,-0.0,17.661586407103826
15,8,July,24,1.082,23.846190677147817,739.2319109915824,1.0,1.0,3.846190677147817
15,8,July,25,1.082,15.704328870967629,486.8341949999965,1.0,-0.0,15.704328870967629
15,8,July,26,1.082,15.704328870967629,486.8341949999965,1.0,-0.0,15.704328870967629
15,8,July,27,1.082,21.309549498967,660.596034467977,1.0,1.0,1.3095494989670016
15,8,July,28,1.082,21.782647827258714,675.2620826450201,1.0,1.0,1.7826478272587138
15,8,July,29,1.082,12.724267580645046,394.4522949999964,1.0,-0.0,12.724267580645046
15,8,July,30,1.082,12.724267580645046,394.4522949999964,1.0,-0.0,12.724267580645046
15,8,July,31,1.082,3.658614382696502,113.41704586359157,1.0,-0.0,3.658614382696502
15,8,July,34,1.082,4.056819320720896,125.76139894234778,1.0,-0.0,4.056819320720896
15,8,July,35,1.082,1.1875587903224667,36.814322499996464,1.0,-0.0,1.1875587903224667
15,8,July,36,1.082,2.9606332732806306,91.77963147169955,1.0,-0.0,2.9606332732806306
15,8,July,37,1.082,1.9706116181395363,61.08896016232563,1.0,-0.0,1.9706116181395363
15,8,July,38,1.082,1.1624029032258067,36.03449000000001,1.0,-0.0,1.1624029032258067
15,8,June,16,1.082,13.976217278848976,419.2865183654693,1.0,-0.0,13.976217278848976
15,8,June,22,1.082,10.575136722421243,317.2541016726373,1.0,-0.0,10.575136722421243
15,8,June,23,1.082,17.661586407103826,529.8475922131148,1.0,-0.0,17.661586407103826
15,8,June,24,1.082,26.42548870780857,792.7646612342571,1.0,1.0,6.425488707808569
15,8,June,25,1.082,25.0,750.0,1.0,1.0,5.0
15,8,June,26,1.082,25.0,750.0,1.0,1.0,5.0
15,8,June,27,1.082,25.0,750.0,1.0,1.0,5.0
15,8,June,28,1.082,25.0,750.0,1.0,1.0,5.0
15,8,June,29,1.082,22.09074696688468,662.7224090065404,1.0,1.0,2.09074696688468
15,8,June,30,1.082,21.64206958333334,649.2620875000001,1.0,1.0,1.6420695833333383
15,8,June,31,1.082,12.104403009040707,363.1320902712212,1.0,-0.0,12.104403009040707
15,8,June,32,1.082,4.1084883472159195,123.25465041647759,1.0,-0.0,4.1084883472159195
15,8,June,33,1.082,0.5902547638827009,17.707642916481028,1.0,-0.0,0.5902547638827009
15,8,June,34,1.082,10.703736379860796,321.1120913958239,1.0,-0.0,10.703736379860796
15,8,June,35,1.082,4.580997833333334,137.42993500000003,1.0,-0.0,4.580997833333334
15,8,June,36,1.082,4.580997833333333,137.429935,1.0,-0.0,4.580997833333333
15,8,June,37,1.082,1.26083125,37.824937500000004,1.0,-0.0,1.26083125
15,8,June,38,1.082,1.26083125,37.824937500000004,1.0,-0.0,1.26083125
15,8,March,16,1.082,13.976217278848976,433.26273564431824,1.0,-0.0,13.976217278848976
15,8,March,23,1.082,17.661586407103826,547.5091786202186,1.0,-0.0,17.661586407103826
15,8,March,24,1.082,23.84619067714784,739.2319109915829,1.0,1.0,3.8461906771478382
15,8,March,25,1.082,11.430227499999887,354.3370524999965,1.0,-0.0,11.430227499999887
15,8,March,26,1.082,11.430227499999887,354.3370524999965,1.0,-0.0,11.430227499999887
15,8,March,27,1.082,25.0,775.0,1.0,1.0,5.0
15,8,March,28,1.082,25.0,775.0,1.0,1.0,5.0
15,8,March,29,1.082,7.199129435483755,223.1730124999964,1.0,-0.0,7.199129435483755
15,8,March,30,1.082,7.199129435483755,223.1730124999964,1.0,-0.0,7.199129435483755
15,8,March,31,1.082,1.8880641407611352,58.52998836359519,1.0,-0.0,1.8880641407611352
15,8,March,34,1.082,1.0482675465274625,32.496293942351336,1.0,-0.0,1.0482675465274625
15,8,March,37,1.082,2.5,77.5,1.0,-0.0,2.5
15,8,March,38,1.082,0.11988076492160636,3.7163037125697973,1.0,-0.0,0.11988076492160636
15,8,May,16,1.082,13.976217278848976,433.26273564431824,1.0,-0.0,13.976217278848976
15,8,May,22,1.082,16.067093819195442,498.0799083950587,1.0,-0.0,16.067093819195442
15,8,May,23,1.082,17.661586407103826,547.5091786202186,1.0,-0.0,17.661586407103826
15,8,May,24,1.082,23.846190677147817,739.2319109915824,1.0,1.0,3.846190677147817
15,8,May,25,1.082,25.0,775.0,1.0,1.0,5.0
15,8,May,26,1.082,25.0,775.0,1.0,1.0,5.0
15,8,May,27,1.082,25.0,775.0,1.0,1.0,5.0
15,8,May,28,1.082,25.0,775.0,1.0,1.0,5.0
15,8,May,29,1.082,24.462789596774194,758.3464775,1.0,1.0,4.4627895967741935
15,8,May,30,1.082,24.4627895967742,758.3464775000002,1.0,1.0,4.462789596774201
15,8,May,31,1.082,12.410997769793388,384.74093086359505,1.0,-0.0,12.410997769793388
15,8,May,32,1.082,4.4150831079686075,136.86757634702684,1.0,-0.0,4.4150831079686075
15,8,May,34,1.082,7.389322949753156,229.06901144234783,1.0,-0.0,7.389322949753156
15,8,May,35,1.082,3.4319641129032266,106.39088750000002,1.0,-0.0,3.4319641129032266
15,8,May,36,1.082,5.78821411290558,179.43463750007297,1.0,-0.0,5.78821411290558
15,8,May,37,1.082,3.3187806451614046,102.88220000000354,1.0,-0.0,3.3187806451614046
15,8,May,38,1.082,3.3187806451614046,102.88220000000354,1.0,-0.0,3.3187806451614046
15,8,November,16,1.082,13.976217278848976,419.2865183654693,1.0,-0.0,13.976217278848976
15,8,November,23,1.082,17.661586407103826,529.8475922131148,1.0,-0.0,17.661586407103826
15,8,November,24,1.082,23.846190677147817,715.3857203144345,1.0,1.0,3.846190677147817
15,8,November,25,1.082,3.6034226666665528,108.10267999999658,1.0,-0.0,3.6034226666665528
15,8,November,26,1.082,10.17217941954727,305.1653825864181,1.0,-0.0,10.17217941954727
15,8,November,27,1.082,25.0,750.0,1.0,1.0,5.0
15,8,November,28,1.082,25.0,750.0,1.0,1.0,5.0
15,8,November,33,1.082,8.385808105049506,251.57424315148518,1.0,-0.0,8.385808105049506
15,8,October,16,1.082,13.976217278848976,433.26273564431824,1.0,-0.0,13.976217278848976
15,8,October,23,1.082,17.661586407103826,547.5091786202186,1.0,-0.0,17.661586407103826
15,8,October,24,1.082,23.84619067714784,739.2319109915829,1.0,1.0,3.8461906771478382
15,8,October,25,1.082,6.726251854838594,208.5138074999964,1.0,-0.0,6.726251854838594
15,8,October,26,1.082,10.172179419547291,315.337562005966,1.0,-0.0,10.172179419547291
15,8,October,27,1.082,25.0,775.0,1.0,1.0,5.0
15,8,October,28,1.082,25.0,775.0,1.0,1.0,5.0
15,8,October,29,1.082,2.918474354838595,90.47270499999645,1.0,-0.0,2.918474354838595
15,8,October,30,1.082,2.9184743548383603,90.47270499998916,1.0,-0.0,2.9184743548383603
15,8,October,33,1.082,8.385808105049506,259.9600512565347,1.0,-0.0,8.385808105049506
15,8,September,16,1.082,13.976217278848976,419.2865183654693,1.0,-0.0,13.976217278848976
15,8,September,23,1.082,17.661586407103826,529.8475922131148,1.0,-0.0,17.661586407103826
15,8,September,24,1.082,23.846190677147817,715.3857203144345,1.0,1.0,3.846190677147817
15,8,September,25,1.082,15.61590383333322,468.4771149999966,1.0,-0.0,15.61590383333322
15,8,September,26,1.082,15.61590383333322,468.4771149999966,1.0,-0.0,15.61590383333322
15,8,September,27,1.082,23.251099445203565,697.5329833561069,1.0,1.0,3.2510994452035646
15,8,September,28,1.082,23.724197773495273,711.7259332048582,1.0,1.0,3.7241977734952734
15,8,September,29,1.082,9.919885166666552,297.59655499999656,1.0,-0.0,9.919885166666552
15,8,September,30,1.082,9.919885166666552,297.59655499999656,1.0,-0.0,9.919885166666552
15,8,September,33,1.082,4.490083573029048,134.70250719087142,1.0,-0.0,4.490083573029048
15,22,April,18,1.3667,32.103623667224724,963.1087100167417,1.0,1.0,12.103623667224724
15,22,April,19,1.3667,2.4217736513850525,72.65320954155158,1.0,-0.0,2.4217736513850525
15,22,April,22,1.3667,2.451018914425944,73.53056743277833,1.0,-0.0,2.451018914425944
15,22,April,23,1.3667,32.71146241645225,981.3438724935675,1.0,1.0,12.71146241645225
15,22,April,24,1.3667,14.497183780781334,434.91551342344,1.0,-0.0,14.497183780781334
15,22,April,25,1.3667,14.871957074834366,446.158712245031,1.0,-0.0,14.871957074834366
15,22,August,18,1.3667,32.103623667224724,995.2123336839664,1.0,1.0,12.103623667224724
15,22,August,19,1.3667,2.4217736513850383,75.07498319293619,1.0,-0.0,2.4217736513850383
15,22,August,23,1.3667,15.350771749785697,475.8739242433566,1.0,-0.0,15.350771749785697
15,22,December,18,1.3667,32.10362366722468,995.2123336839651,1.0,1.0,12.103623667224682
15,22,December,19,1.3667,2.4217736513850348,75.07498319293607,1.0,0.0,2.4217736513850348
15,22,December,23,1.3667,15.350771749785697,475.8739242433566,1.0,-0.0,15.350771749785697
15,22,February,18,1.3667,32.103623667224724,898.9014626822923,1.0,1.0,12.103623667224724
15,22,February,19,1.3667,2.4217736513850525,67.80966223878147,1.0,-0.0,2.4217736513850525
15,22,February,23,1.3667,15.350771749785697,429.8216089939995,1.0,-0.0,15.350771749785697
15,22,January,18,1.3667,32.103623667224724,995.2123336839664,1.0,1.0,12.10362366722472
15,22,January,19,1.3667,2.4217736513850525,75.07498319293663,1.0,-0.0,2.4217736513850525
15,22,January,23,1.3667,15.350771749785697,475.8739242433566,1.0,-0.0,15.350771749785697
15,22,July,18,1.3667,32.10362366722471,995.212333683966,1.0,1.0,12.10362366722471
15,22,July,19,1.3667,2.4217736513850525,75.07498319293663,1.0,-0.0,2.4217736513850525
15,22,July,23,1.3667,18.506061104624294,573.6878942433531,1.0,-0.0,18.506061104624294
15,22,June,11,1.3667,1.3437804999998804,40.31341499999641,1.0,0.0,1.3437804999998804
15,22,June,18,1.3667,32.103623667224724,963.1087100167417,1.0,1.0,12.103623667224724
15,22,June,19,1.3667,2.4217736513850525,72.65320954155158,1.0,-0.0,2.4217736513850525
15,22,June,22,1.3667,4.847716081092614,145.4314824327784,1.0,-0.0,4.847716081092614
15,22,June,23,1.3667,33.66485124978558,1009.9455374935674,1.0,1.0,13.664851249785578
15,22,June,24,1.3667,15.450572614114662,463.5171784234399,1.0,-0.0,15.450572614114662
15,22,June,25,1.3667,15.035741741501038,451.07225224503117,1.0,-0.0,15.035741741501038
15,22,March,18,1.3667,32.10362366722472,995.2123336839662,1.0,1.0,12.103623667224717
15,22,March,19,1.3667,2.4217736513850383,75.07498319293619,1.0,0.0,2.4217736513850383
15,22,March,23,1.3667,15.350771749785697,475.8739242433566,1.0,-0.0,15.350771749785697
15,22,May,18,1.3667,32.103623667224724,995.2123336839664,1.0,1.0,12.103623667224724
15,22,May,19,1.3667,2.4217736513850525,75.07498319293663,1.0,-0.0,2.4217736513850525
15,22,May,22,1.3667,13.670700917253185,423.7917284348488,1.0,-0.0,13.670700917253185
15,22,May,23,1.3667,19.483199183586024,603.9791746911667,1.0,-0.0,19.483199183586024
15,22,May,24,1.3667,18.029870644775414,558.9259899880378,1.0,-0.0,18.029870644775414
15,22,November,18,1.3667,32.103623667224724,963.1087100167417,1.0,1.0,12.103623667224724
15,22,November,19,1.3667,2.4217736513850525,72.65320954155158,1.0,-0.0,2.4217736513850525
15,22,November,23,1.3667,15.350771749785697,460.5231524935709,1.0,-0.0,15.350771749785697
15,22,October,18,1.3667,32.103623667224724,995.2123336839664,1.0,1.0,12.103623667224724
15,22,October,19,1.3667,2.4217736513850383,75.07498319293619,1.0,0.0,2.4217736513850383
15,22,October,23,1.3667,15.350771749785697,475.8739242433566,1.0,-0.0,15.350771749785697
15,22,September,18,1.3667,32.103623667224724,963.1087100167417,1.0,1.0,12.103623667224724
15,22,September,19,1.3667,2.4217736513850525,72.65320954155158,1.0,-0.0,2.4217736513850525
15,22,September,23,1.3667,15.350771749785697,460.5231524935709,1.0,-0.0,15.350771749785697
15,23,April,17,1.2323,33.35543024852538,1000.6629074557613,1.0,1.0,13.35543024852538
15,23,April,18,1.2323,22.063997850368395,661.9199355110518,1.0,1.0,2.063997850368395
15,23,August,17,1.2323,33.35543024852539,1034.018337704287,1.0,1.0,13.355430248525387
15,23,August,18,1.2323,22.063997850368395,683.9839333614202,1.0,1.0,2.063997850368395
15,23,August,24,1.2323,18.029870644775414,558.9259899880378,1.0,-0.0,18.029870644775414
15,23,December,17,1.2323,33.35543024852539,1034.018337704287,1.0,1.0,13.355430248525387
15,23,December,18,1.2323,22.063997850368406,683.9839333614206,1.0,1.0,2.0639978503684056
15,23,December,24,1.2323,18.029870644775414,558.9259899880378,1.0,-0.0,18.029870644775414
15,23,February,17,1.2323,33.35543024852538,933.9520469587106,1.0,1.0,13.35543024852538
15,23,February,18,1.2323,22.063997850368395,617.7919398103151,1.0,1.0,2.063997850368395
15,23,February,24,1.2323,18.0298706447754,504.8363780537112,1.0,-0.0,18.0298706447754
15,23,January,17,1.2323,33.35543024852539,1034.018337704287,1.0,1.0,13.355430248525387
15,23,January,18,1.2323,22.063997850368395,683.9839333614202,1.0,1.0,2.0639978503683967
15,23,January,24,1.2323,18.029870644775393,558.9259899880371,1.0,-0.0,18.029870644775393
15,23,July,17,1.2323,33.35543024852539,1034.018337704287,1.0,1.0,13.355430248525387
15,23,July,18,1.2323,22.063997850368388,683.98393336142,1.0,1.0,2.063997850368388
15,23,July,24,1.2323,18.029870644775414,558.9259899880378,1.0,-0.0,18.029870644775414
15,23,June,9,1.2323,0.6253052399049879,18.759157197149637,1.0,0.0,0.6253052399049879
15,23,June,10,1.2323,1.7360850000000005,52.08255000000002,1.0,0.0,1.7360850000000005
15,23,June,11,1.2323,1.3732274514472604,41.196823543417814,1.0,0.0,1.3732274514472604
15,23,June,17,1.2323,33.35543024852538,1000.6629074557613,1.0,1.0,13.35543024852538
15,23,June,18,1.2323,22.063997850368395,661.9199355110518,1.0,1.0,2.063997850368395
15,23,March,17,1.2323,33.35543024852539,1034.018337704287,1.0,1.0,13.355430248525387
15,23,March,18,1.2323,22.063997850368395,683.9839333614202,1.0,1.0,2.063997850368393
15,23,March,24,1.2323,18.0298706447754,558.9259899880374,1.0,-0.0,18.0298706447754
15,23,May,17,1.2323,33.35543024852539,1034.018337704287,1.0,1.0,13.355430248525387
15,23,May,18,1.2323,22.063997850368395,683.9839333614202,1.0,1.0,2.063997850368395
15,23,November,17,1.2323,33.355430248525366,1000.662907455761,1.0,1.0,13.355430248525366
15,23,November,18,1.2323,22.063997850368395,661.9199355110518,1.0,1.0,2.063997850368395
15,23,November,24,1.2323,18.029870644775414,540.8961193432624,1.0,-0.0,18.029870644775414
15,23,October,17,1.2323,33.35543024852539,1034.018337704287,1.0,1.0,13.355430248525387
15,23,October,18,1.2323,22.063997850368395,683.9839333614202,1.0,1.0,2.063997850368395
15,23,October,24,1.2323,18.029870644775393,558.9259899880371,1.0,-0.0,18.029870644775393
15,23,September,17,1.2323,33.355430248525366,1000.662907455761,1.0,1.0,13.355430248525366
15,23,September,18,1.2323,22.063997850368395,661.9199355110518,1.0,1.0,2.063997850368395
15,23,September,24,1.2323,18.029870644775414,540.8961193432624,1.0,-0.0,18.029870644775414
16,24,April,17,1.041,13.503823654090723,405.1147096227217,1.0,-0.0,13.503823654090723
16,24,August,17,1.041,13.503823654090723,418.6185332768124,1.0,-0.0,13.503823654090723
16,24,December,17,1.041,13.503823654090723,418.6185332768124,1.0,-0.0,13.503823654090723
16,24,February,17,1.041,13.503823654090723,378.10706231454026,1.0,-0.0,13.503823654090723
16,24,January,17,1.041,13.503823654090723,418.6185332768124,1.0,-0.0,13.503823654090723
16,24,July,17,1.041,13.503823654090723,418.6185332768124,1.0,-0.0,13.503823654090723
16,24,June,17,1.041,13.503823654090723,405.1147096227217,1.0,-0.0,13.503823654090723
16,24,March,17,1.041,13.50382365409078,418.6185332768142,1.0,-0.0,13.50382365409078
16,24,May,17,1.041,13.503823654090723,418.6185332768124,1.0,-0.0,13.503823654090723
16,24,November,17,1.041,13.50382365409084,405.11470962272523,1.0,-0.0,13.50382365409084
16,24,October,17,1.041,13.50382365409083,418.61853327681575,1.0,-0.0,13.50382365409083
16,24,September,17,1.041,13.50382365409083,405.1147096227249,1.0,-0.0,13.50382365409083
17,9,April,26,1.3851,14.43437717693756,433.03131530812675,1.0,-0.0,14.43437717693756
17,9,April,27,1.3851,8.039150630391504,241.1745189117451,1.0,-0.0,8.039150630391504
17,9,April,28,1.3851,4.690420966346931,140.71262899040792,1.0,-0.0,4.690420966346931
17,9,August,28,1.3851,4.690420966346931,145.40304995675487,1.0,-0.0,4.690420966346931
17,9,December,28,1.3851,4.690420966346931,145.40304995675487,1.0,-0.0,4.690420966346931
17,9,February,28,1.3851,4.690420966346931,131.33178705771405,1.0,-0.0,4.690420966346931
17,9,January,28,1.3851,4.690420966346931,145.40304995675487,1.0,-0.0,4.690420966346931
17,9,June,26,1.3851,14.43437717693756,433.03131530812675,1.0,-0.0,14.43437717693756
17,9,June,27,1.3851,8.039150630391504,241.1745189117451,1.0,-0.0,8.039150630391504
17,9,June,28,1.3851,4.690420966346931,140.71262899040792,1.0,-0.0,4.690420966346931
17,9,March,28,1.3851,4.690420966346931,145.40304995675487,1.0,-0.0,4.690420966346931
17,9,May,19,1.3851,5.730268939216629,177.6383371157155,1.0,-0.0,5.730268939216629
17,9,May,20,1.3851,4.163389551785464,129.0650761053494,1.0,-0.0,4.163389551785464
17,9,May,28,1.3851,4.690420966346931,145.40304995675487,1.0,-0.0,4.690420966346931
17,9,November,28,1.3851,4.690420966346931,140.71262899040792,1.0,-0.0,4.690420966346931
17,9,October,28,1.3851,4.690420966346931,145.40304995675487,1.0,-0.0,4.690420966346931
17,9,September,28,1.3851,4.690420966346931,140.71262899040792,1.0,-0.0,4.690420966346931
17,10,April,22,1.1152,4.381166313748423,131.4349894124527,1.0,-0.0,4.381166313748423
17,10,April,28,1.1152,54.038567222730634,1621.157016681919,1.0,2.0,14.038567222730634
17,10,April,29,1.1152,13.827971449260371,414.83914347781115,1.0,-0.0,13.827971449260371
17,10,August,28,1.1152,21.737999260404436,673.8779770725375,1.0,1.0,1.737999260404436
17,10,December,28,1.1152,4.060305066856046,125.86945707253741,1.0,-0.0,4.060305066856046
17,10,February,28,1.1152,13.458984352570333,376.85156187196935,1.0,-0.0,13.458984352570333
17,10,January,28,1.1152,4.060305066856046,125.86945707253741,1.0,-0.0,4.060305066856046
17,10,July,28,1.1152,58.72898818907757,1820.5986338614046,1.0,2.0,18.72898818907757
17,10,June,21,1.1152,31.468595248622826,944.0578574586848,1.0,1.0,11.468595248622826
17,10,June,22,1.1152,45.710673819814225,1371.3202145944267,1.0,2.0,5.710673819814225
17,10,June,23,1.1152,10.128614077922805,303.85842233768415,1.0,-0.0,10.128614077922805
17,10,June,25,1.1152,19.999999000000038,599.9999700000011,1.0,-0.0,19.999999
17,10,June,26,1.1152,18.43648385015325,553.0945155045976,1.0,-0.0,18.43648385015325
17,10,June,27,1.1152,36.17118946716293,1085.135684014888,1.0,1.0,16.171189467162932
17,10,June,28,1.1152,54.038567222730634,1621.157016681919,1.0,2.0,14.038567222730634
17,10,June,29,1.1152,51.21516644926038,1536.4549934778115,1.0,2.0,11.21516644926038
17,10,June,30,1.1152,25.210692276231182,756.3207682869355,1.0,1.0,5.210692276231182
17,10,March,28,1.1152,4.060305066856046,125.86945707253741,1.0,-0.0,4.060305066856046
17,10,May,21,1.1152,23.960702111526054,742.7817654573076,1.0,1.0,3.9607021115260537
17,10,May,22,1.1152,38.202780682717446,1184.2862011642408,1.0,1.0,18.202780682717446
17,10,May,28,1.1152,54.038567222730634,1675.1955839046498,1.0,2.0,14.038567222730634
17,10,May,29,1.1152,13.827971449260371,428.6671149270715,1.0,-0.0,13.827971449260371
17,10,November,28,1.1152,4.060305066856046,121.80915200568137,1.0,-0.0,4.060305066856046
17,10,October,28,1.1152,4.060305066856046,125.86945707253741,1.0,-0.0,4.060305066856046
17,10,September,28,1.1152,20.664439066856055,619.9331720056816,1.0,1.0,0.6644390668560547
17,24,August,28,1.0749,32.30056796232623,1001.317606832113,1.0,1.0,12.300567962326227
17,24,December,28,1.0749,49.97826215587459,1549.3261268321123,1.0,2.0,9.978262155874589
17,24,February,28,1.0749,40.57958287016031,1136.2283203644886,1.0,2.0,0.5795828701603085
17,24,January,28,1.0749,49.978262155874646,1549.326126832114,1.0,2.0,9.978262155874646
17,24,March,28,1.0749,49.97826215587459,1549.3261268321123,1.0,2.0,9.978262155874589
17,24,November,28,1.0749,49.97826215587462,1499.3478646762385,1.0,2.0,9.978262155874617
17,24,October,28,1.0749,49.97826215587459,1549.3261268321123,1.0,2.0,9.978262155874589
17,24,September,28,1.0749,33.37412815587459,1001.2238446762376,1.0,1.0,13.374128155874587
18,10,April,30,1.2157,26.004474173029188,780.1342251908757,1.0,1.0,6.0044741730291875
18,10,April,31,1.2157,33.899799845879336,1016.9939953763801,1.0,1.0,13.899799845879336
18,10,August,30,1.2157,13.827971449260371,428.6671149270715,1.0,-0.0,13.827971449260371
18,10,August,31,1.2157,7.920550110366111,245.53705342134944,1.0,-0.0,7.920550110366111
18,10,December,30,1.2157,13.827971449260371,428.6671149270715,1.0,-0.0,13.827971449260371
18,10,December,31,1.2157,7.920550110366111,245.53705342134944,1.0,-0.0,7.920550110366111
18,10,February,30,1.2157,13.827971449260371,387.18320057929037,1.0,-0.0,13.827971449260371
18,10,February,31,1.2157,7.920550110366111,221.77540309025113,1.0,-0.0,7.920550110366111
18,10,January,30,1.2157,13.827971449260371,428.6671149270715,1.0,-0.0,13.827971449260371
18,10,January,31,1.2157,7.920550110366111,245.53705342134944,1.0,-0.0,7.920550110366111
18,10,July,30,1.2157,26.004474173029188,806.1386993639048,1.0,1.0,6.0044741730291875
18,10,July,31,1.2157,30.736100804420733,952.8191249370427,1.0,1.0,10.736100804420733
18,10,June,30,1.2157,26.004474173029184,780.1342251908756,1.0,1.0,6.004474173029184
18,10,June,31,1.2157,33.899799845879336,1016.9939953763801,1.0,1.0,13.899799845879336
18,10,March,30,1.2157,13.827971449260371,428.6671149270715,1.0,-0.0,13.827971449260371
18,10,March,31,1.2157,7.920550110366111,245.53705342134944,1.0,-0.0,7.920550110366111
18,10,May,30,1.2157,26.004474173029184,806.1386993639047,1.0,1.0,6.004474173029184
18,10,May,31,1.2157,33.899799845879336,1050.8937952222593,1.0,1.0,13.899799845879336
18,10,November,30,1.2157,13.827971449260371,414.83914347781115,1.0,-0.0,13.827971449260371
18,10,November,31,1.2157,7.920550110366111,237.61650331098335,1.0,-0.0,7.920550110366111
18,10,October,30,1.2157,13.827971449260371,428.6671149270715,1.0,-0.0,13.827971449260371
18,10,October,31,1.2157,7.920550110366111,245.53705342134944,1.0,-0.0,7.920550110366111
18,10,September,30,1.2157,13.827971449260371,414.83914347781115,1.0,-0.0,13.827971449260371
18,10,September,31,1.2157,7.920550110366111,237.61650331098335,1.0,-0.0,7.920550110366111
18,25,August,30,0.9638,12.176502723768813,377.4715844368332,1.0,-0.0,12.176502723768813
18,25,August,31,0.9638,25.97924973551322,805.3567418009098,1.0,1.0,5.979249735513221
18,25,December,30,0.9638,12.176502723768817,377.4715844368333,1.0,-0.0,12.176502723768817
18,25,December,31,0.9638,25.979249735513218,805.3567418009097,1.0,1.0,5.979249735513218
18,25,February,30,0.9638,12.176502723768813,340.9420762655268,1.0,-0.0,12.176502723768813
18,25,February,31,0.9638,25.97924973551322,727.4189925943701,1.0,1.0,5.979249735513221
18,25,January,30,0.9638,12.176502723768813,377.4715844368332,1.0,-0.0,12.176502723768813
18,25,January,31,0.9638,25.97924973551322,805.3567418009098,1.0,1.0,5.979249735513221
18,25,July,31,0.9638,3.163699041458596,98.07467028521647,1.0,-0.0,3.163699041458596
18,25,March,30,0.9638,12.176502723768813,377.4715844368332,1.0,-0.0,12.176502723768813
18,25,March,31,0.9638,25.97924973551322,805.3567418009098,1.0,1.0,5.979249735513221
18,25,November,30,0.9638,12.176502723768817,365.2950817130645,1.0,-0.0,12.176502723768817
18,25,November,31,0.9638,25.979249735513225,779.3774920653967,1.0,1.0,5.979249735513225
18,25,October,30,0.9638,12.176502723768817,377.4715844368333,1.0,-0.0,12.176502723768817
18,25,October,31,0.9638,25.979249735513225,805.35674180091,1.0,1.0,5.979249735513225
18,25,September,30,0.9638,12.176502723768817,365.2950817130645,1.0,-0.0,12.176502723768817
18,25,September,31,0.9638,25.97924973551322,779.3774920653966,1.0,1.0,5.979249735513221
19,12,June,14,1.113,1.4911959358518325,44.73587807555498,1.0,0.0,1.4911959358518325
19,12,May,17,1.113,0.5767948742997397,17.880641103291932,1.0,-0.0,0.5767948742997397
19,12,May,21,1.113,0.5842915974301182,18.113039520333665,1.0,0.0,0.5842915974301182
21,13,April,20,1.0012,14.675423693452093,440.26271080356275,1.0,-0.0,14.675423693452093
21,13,April,21,1.0012,20.118300142717622,603.5490042815287,1.0,1.0,0.11830014271762224
21,13,April,22,1.0012,24.075047699809197,722.2514309942759,1.0,1.0,4.075047699809197
21,13,April,23,1.0012,24.075047699809893,722.2514309942968,1.0,1.0,4.075047699809893
21,13,April,24,1.0012,23.428595012230737,702.8578503669221,1.0,1.0,3.428595012230737
21,13,April,25,1.0012,13.449207655211644,403.47622965634935,1.0,-0.0,13.449207655211644
21,13,April,26,1.0012,10.244179093291296,307.32537279873884,1.0,-0.0,10.244179093291296
21,13,April,27,1.0012,15.71133693235948,471.3401079707844,1.0,-0.0,15.71133693235948
21,13,April,28,1.0012,7.894231381769444,236.82694145308332,1.0,-0.0,7.894231381769444
21,13,April,31,1.0012,1.0828814759675467,32.4864442790264,1.0,-0.0,1.0828814759675467
21,13,April,32,1.0012,6.182546188585235,185.47638565755705,1.0,-0.0,6.182546188585235
21,13,August,20,1.0012,2.453983209581125,76.07347949701487,1.0,-0.0,2.453983209581125
21,13,August,21,1.0012,8.430556732067261,261.3472586940851,1.0,-0.0,8.430556732067261
21,13,August,22,1.0012,8.430556732067261,261.3472586940851,1.0,-0.0,8.430556732067261
21,13,August,23,1.0012,2.5697691483208462,79.66284359794624,1.0,-0.0,2.5697691483208462
21,13,August,24,1.0012,8.99223283481138,278.7592178791528,1.0,-0.0,8.99223283481138
21,13,August,28,1.0012,3.7285114364006997,115.5838545284217,1.0,-0.0,3.7285114364006997
21,13,July,20,1.0012,6.36700103216177,197.37703199701488,1.0,-0.0,6.36700103216177
21,13,July,21,1.0012,12.320627457873718,381.9394511940852,1.0,-0.0,12.320627457873718
21,13,July,22,1.0012,12.320627457873718,381.9394511940852,1.0,-0.0,12.320627457873718
21,13,July,23,1.0012,13.075047699809199,405.32647869408515,1.0,-0.0,13.075047699809199
21,13,July,24,1.0012,12.428595012230735,385.2864453791528,1.0,-0.0,12.428595012230735
21,13,July,25,1.0012,0.1,3.1,1.0,-0.0,0.1
21,13,July,26,1.0012,4.378858629055459,135.74461750071924,1.0,-0.0,4.378858629055459
21,13,July,27,1.0012,2.296605722682056,71.19477740314373,1.0,-0.0,2.296605722682056
21,13,July,28,1.0012,7.3847289364006965,228.92659702842158,1.0,-0.0,7.3847289364006965
21,13,June,20,1.0012,14.853922360118766,445.617670803563,1.0,-0.0,14.853922360118766
21,13,June,21,1.0012,18.30093705938429,549.0281117815287,1.0,-0.0,18.30093705938429
21,13,June,22,1.0012,24.075047699809822,722.2514309942947,1.0,1.0,4.075047699809822
21,13,June,23,1.0012,13.075047699809199,392.25143099427595,1.0,-0.0,13.075047699809199
21,13,June,24,1.0012,15.781520408516618,473.44561225549853,1.0,-0.0,15.781520408516618
21,13,June,25,1.0012,21.95531817753075,658.6595453259225,1.0,1.0,1.9553181775307493
21,13,June,26,1.0012,19.543491262867356,586.3047378860207,1.0,-0.0,19.543491262867356
21,13,June,27,1.0012,26.219048349026146,786.5714504707844,1.0,1.0,6.219048349026146
21,13,June,28,1.0012,7.010978381769448,210.32935145308343,1.0,-0.0,7.010978381769448
21,13,June,31,1.0012,5.29213338155051,158.7640014465153,1.0,-0.0,5.29213338155051
21,13,June,32,1.0012,10.381251275889426,311.43753827668274,1.0,-0.0,10.381251275889426
21,13,March,20,1.0012,0.9368853063553182,29.043444497014864,1.0,-0.0,0.9368853063553182
21,13,March,21,1.0012,7.086538103035005,219.68268119408518,1.0,-0.0,7.086538103035005
21,13,March,22,1.0012,7.086538103035005,219.68268119408518,1.0,-0.0,7.086538103035005
21,13,March,23,1.0012,3.6792824517910017,114.05775600552106,1.0,-0.0,3.6792824517910017
21,13,May,19,1.0012,0.5988637062246802,18.564774892965087,1.0,-0.0,0.5988637062246802
21,13,May,20,1.0012,20.292571193452094,629.0697069970149,1.0,1.0,0.29257119345209404
21,13,May,21,1.0012,12.807941760997188,397.0461945909128,1.0,-0.0,12.807941760997188
21,13,May,22,1.0012,24.075047699809197,746.3264786940852,1.0,1.0,4.075047699809197
21,13,May,23,1.0012,13.075047699809199,405.32647869408515,1.0,-0.0,13.075047699809199
21,13,May,24,1.0012,12.428595012230735,385.2864453791528,1.0,-0.0,12.428595012230735
21,13,May,25,1.0012,10.955318177529833,339.61486350342483,1.0,-0.0,10.955318177529833
21,13,May,26,1.0012,10.244179093291296,317.5695518920302,1.0,-0.0,10.244179093291296
21,13,May,27,1.0012,15.71133693235948,487.0514449031439,1.0,-0.0,15.71133693235948
21,13,May,28,1.0012,2.497912250049019,77.4352797515196,1.0,-0.0,2.497912250049019
21,13,May,31,1.0012,6.097017423371739,189.0075401245239,1.0,-0.0,6.097017423371739
21,13,May,32,1.0012,10.381251275889426,321.8187895525722,1.0,-0.0,10.381251275889426
21,13,September,21,1.0012,9.870410033142532,296.112300994276,1.0,-0.0,9.870410033142532
21,13,September,22,1.0012,9.870410033142532,296.112300994276,1.0,-0.0,9.870410033142532
21,13,September,23,1.0012,10.472122616475863,314.16367849427587,1.0,-0.0,10.472122616475863
21,13,September,24,1.0012,9.8256699288974,294.77009786692196,1.0,-0.0,9.8256699288974
21,13,September,25,1.0012,2.216574545285866,66.49723635857598,1.0,-0.0,2.216574545285866
21,13,September,28,1.0012,3.214617312744787,96.43851938234361,1.0,-0.0,3.214617312744787
21,14,April,13,1.2286,3.467499937761831,104.02499813285493,1.0,-0.0,3.467499937761831
21,14,July,13,1.2286,4.045225978084412,125.40200532061677,1.0,-0.0,4.045225978084412
21,14,June,13,1.2286,9.076945687761826,272.3083706328548,1.0,-0.0,9.076945687761826
21,14,June,22,1.2286,2.926932010738625,87.80796032215875,1.0,-0.0,2.926932010738625
21,14,June,24,1.2286,1.8839160512704822,56.51748153811447,1.0,-0.0,1.8839160512704822
22,21,April,30,1.0533,7.719048575644891,231.57145726934672,1.0,-0.0,7.719048575644891
22,21,August,30,1.0533,7.719048575644891,239.29050584499163,1.0,0.0,7.719048575644891
22,21,December,30,1.0533,7.719048575644891,239.29050584499163,1.0,0.0,7.719048575644891
22,21,February,30,1.0533,7.719048575644905,216.13336011805734,1.0,-0.0,7.719048575644905
22,21,January,30,1.0533,7.719048575644891,239.29050584499163,1.0,-0.0,7.719048575644891
22,21,July,30,1.0533,7.719048575644891,239.29050584499163,1.0,0.0,7.719048575644891
22,21,June,7,1.0533,0.1268469166666666,3.8054074999999976,1.0,0.0,0.1268469166666666
22,21,June,8,1.0533,0.1268469166666667,3.805407500000001,1.0,0.0,0.1268469166666667
22,21,June,30,1.0533,7.719048575644891,231.57145726934672,1.0,-0.0,7.719048575644891
22,21,March,30,1.0533,7.719048575644891,239.29050584499163,1.0,-0.0,7.719048575644891
22,21,May,30,1.0533,7.719048575644891,239.29050584499163,1.0,0.0,7.719048575644891
22,21,November,30,1.0533,7.719048575644891,231.57145726934672,1.0,0.0,7.719048575644891
22,21,October,30,1.0533,7.719048575644905,239.29050584499205,1.0,-0.0,7.719048575644905
22,21,September,30,1.0533,7.719048575644905,231.57145726934715,1.0,0.0,7.719048575644905
23,15,June,13,1.2323,4.880911502008033,146.42734506024098,1.0,-0.0,4.880911502008033
23,16,April,19,1.1232,48.55475356571159,1456.6426069713477,1.0,2.0,8.554753565711593
23,16,April,20,1.1232,18.801076349194943,564.0322904758483,1.0,-0.0,18.801076349194943
23,16,August,19,1.1232,48.55475356571159,1505.1973605370595,1.0,2.0,8.554753565711593
23,16,August,20,1.1232,18.801076349194943,582.8333668250432,1.0,-0.0,18.801076349194943
23,16,December,19,1.1232,48.55475356571159,1505.1973605370595,1.0,2.0,8.554753565711593
23,16,December,20,1.1232,18.801076349194943,582.8333668250432,1.0,-0.0,18.801076349194943
23,16,February,19,1.1232,48.55475356571159,1359.5330998399245,1.0,2.0,8.554753565711593
23,16,February,20,1.1232,18.801076349194943,526.4301377774584,1.0,-0.0,18.801076349194943
23,16,January,19,1.1232,48.55475356571159,1505.1973605370595,1.0,2.0,8.554753565711593
23,16,January,20,1.1232,18.801076349194943,582.8333668250432,1.0,-0.0,18.801076349194943
23,16,July,19,1.1232,48.554753565711565,1505.1973605370586,1.0,2.0,8.554753565711565
23,16,July,20,1.1232,18.801076349194943,582.8333668250432,1.0,-0.0,18.801076349194943
23,16,June,19,1.1232,48.554753565711565,1456.642606971347,1.0,2.0,8.554753565711565
23,16,June,20,1.1232,18.801076349194943,564.0322904758483,1.0,-0.0,18.801076349194943
23,16,March,19,1.1232,48.55475356571159,1505.1973605370595,1.0,2.0,8.554753565711593
23,16,March,20,1.1232,18.801076349194943,582.8333668250432,1.0,-0.0,18.801076349194943
23,16,May,19,1.1232,48.554753565711565,1505.1973605370586,1.0,2.0,8.554753565711565
23,16,May,20,1.1232,18.801076349194943,582.8333668250432,1.0,-0.0,18.801076349194943
23,16,November,19,1.1232,48.55475356571159,1456.6426069713477,1.0,2.0,8.554753565711593
23,16,November,20,1.1232,18.801076349194943,564.0322904758483,1.0,-0.0,18.801076349194943
23,16,October,19,1.1232,48.55475356571159,1505.1973605370595,1.0,2.0,8.554753565711593
23,16,October,20,1.1232,18.801076349194943,582.8333668250432,1.0,-0.0,18.801076349194943
23,16,September,19,1.1232,48.55475356571159,1456.6426069713477,1.0,2.0,8.554753565711593
23,16,September,20,1.1232,18.801076349194943,564.0322904758483,1.0,-0.0,18.801076349194943
24,16,April,11,1.041,0.9929400000000003,29.788200000000007,1.0,0.0,0.9929400000000003
24,16,April,34,1.041,6.490744640496665,194.72233921489993,1.0,-0.0,6.490744640496665
24,16,August,11,1.041,1.241450806451613,38.484975000000006,1.0,0.0,1.241450806451613
24,16,August,34,1.041,6.490744640496665,201.2130838553966,1.0,-0.0,6.490744640496665
24,16,December,34,1.041,6.490744640496665,201.2130838553966,1.0,-0.0,6.490744640496665
24,16,February,34,1.041,6.490744640496665,181.74084993390662,1.0,-0.0,6.490744640496665
24,16,January,34,1.041,6.490744640496665,201.2130838553966,1.0,-0.0,6.490744640496665
24,16,July,11,1.041,3.290210080645162,101.99651250000002,1.0,0.0,3.290210080645162
24,16,July,34,1.041,6.490744640496665,201.2130838553966,1.0,-0.0,6.490744640496665
24,16,June,11,1.041,3.6274087500000003,108.82226250000001,1.0,0.0,3.6274087500000003
24,16,June,34,1.041,6.490744640496665,194.72233921489993,1.0,-0.0,6.490744640496665
24,16,March,34,1.041,6.490744640496665,201.2130838553966,1.0,-0.0,6.490744640496665
24,16,May,11,1.041,3.6688463709677426,113.73423750000002,1.0,0.0,3.6688463709677426
24,16,May,34,1.041,6.490744640496665,201.2130838553966,1.0,-0.0,6.490744640496665
24,16,November,34,1.041,6.490744640496665,194.72233921489993,1.0,-0.0,6.490744640496665
24,16,October,34,1.041,6.490744640496665,201.2130838553966,1.0,-0.0,6.490744640496665
24,16,September,11,1.041,0.13487625000000003,4.046287500000001,1.0,0.0,0.13487625000000003
24,16,September,34,1.041,6.490744640496665,194.72233921489993,1.0,-0.0,6.490744640496665
24,17,June,7,1.0749,0.17337591666666674,5.201277500000002,1.0,0.0,0.17337591666666674
24,17,June,8,1.0749,0.17337591666666669,5.201277500000001,1.0,0.0,0.17337591666666669
24,17,June,9,1.0749,0.8176514292452826,24.529542877358477,1.0,0.0,0.8176514292452826
24,17,June,10,1.0749,2.089979250000006,62.69937750000018,1.0,0.0,2.089979250000006
24,17,June,11,1.0749,3.98378575,119.5135725,1.0,0.0,3.98378575
24,17,June,12,1.0749,3.98378575,119.5135725,1.0,-0.0,3.98378575
24,23,June,7,1.4545,0.14401833333333336,4.320550000000001,1.0,0.0,0.14401833333333336
24,23,June,8,1.4545,0.14401833333333336,4.320550000000001,1.0,0.0,0.14401833333333336
24,25,June,7,1.2938,0.24870858333333337,7.461257500000001,1.0,0.0,0.24870858333333337
24,25,June,8,1.2938,0.24870858333333337,7.461257500000001,1.0,0.0,0.24870858333333337
25,18,April,17,0.9638,16.137238929102722,484.11716787308166,1.0,-0.0,16.137238929102722
25,18,April,21,0.9638,4.288694050060208,128.66082150180625,1.0,-0.0,4.288694050060208
25,18,August,17,0.9638,16.137238929102715,500.2544068021842,1.0,-0.0,16.137238929102715
25,18,December,17,0.9638,16.137238929102722,500.25440680218435,1.0,-0.0,16.137238929102722
25,18,February,17,0.9638,16.137238929102715,451.842690014876,1.0,-0.0,16.137238929102715
25,18,January,17,0.9638,16.13723892910295,500.2544068021914,1.0,-0.0,16.13723892910295
25,18,July,17,0.9638,16.137238929102715,500.2544068021842,1.0,-0.0,16.137238929102715
25,18,June,9,0.9638,0.1441909999998856,4.325729999996568,1.0,0.0,0.1441909999998856
25,18,June,10,0.9638,0.14419099999988605,4.3257299999965815,1.0,-0.0,0.14419099999988605
25,18,June,11,0.9638,4.11913636841852,123.57409105255559,1.0,0.0,4.11913636841852
25,18,June,17,0.9638,7.122584173081535,213.67752519244604,1.0,-0.0,7.122584173081535
25,18,June,21,0.9638,7.431383050060205,222.94149150180615,1.0,-0.0,7.431383050060205
25,18,March,17,0.9638,16.137238929102722,500.25440680218435,1.0,-0.0,16.137238929102722
25,18,May,21,0.9638,16.930187146834406,524.8358015518666,1.0,-0.0,16.930187146834406
25,18,November,17,0.9638,16.137238929102722,484.11716787308166,1.0,-0.0,16.137238929102722
25,18,October,17,0.9638,16.137238929102722,500.25440680218435,1.0,-0.0,16.137238929102722
25,18,September,17,0.9638,16.137238929102715,484.1171678730814,1.0,-0.0,16.137238929102715
25,26,June,23,1.1451,15.416353462472223,462.4906038741667,1.0,-0.0,15.416353462472223
25,33,April,25,1.079,5.501226965828799,165.03680897486396,1.0,-0.0,5.501226965828799
25,33,August,25,1.079,1.5478511593770643,47.98338594068899,1.0,-0.0,1.5478511593770643
25,33,June,24,1.079,3.5775938739994757,107.32781621998427,1.0,-0.0,3.5775938739994757
25,33,June,25,1.079,25.033207609228967,750.996228276869,1.0,1.0,5.033207609228967
25,33,June,26,1.079,15.43601447685765,463.0804343057295,1.0,-0.0,15.43601447685765
25,33,May,25,1.079,5.501226965828799,170.53803594069277,1.0,-0.0,5.501226965828799
25,33,September,25,1.079,5.501226965828799,165.03680897486396,1.0,-0.0,5.501226965828799
26,33,June,25,1.0994,7.037555523266384,211.12666569799154,1.0,-0.0,7.037555523266384
26,34,April,17,1.0655,3.5965715685851194,107.89714705755358,1.0,-0.0,3.5965715685851194
26,34,April,21,1.0655,22.1600842930209,664.8025287906271,1.0,1.0,2.160084293020901
26,34,April,22,1.0655,13.360421624374801,400.81264873124405,1.0,-0.0,13.360421624374801
26,34,April,24,1.0655,17.047492178251773,511.42476534755315,1.0,-0.0,17.047492178251773
26,34,April,29,1.0655,30.555538128797323,916.6661438639197,1.0,1.0,10.555538128797323
26,34,April,31,1.0655,15.502761903159339,465.08285709478014,1.0,-0.0,15.502761903159339
26,34,August,17,1.0655,3.5965715685851265,111.49371862613893,1.0,-0.0,3.5965715685851265
26,34,August,30,1.0655,5.424244032258066,168.15156500000006,1.0,-0.0,5.424244032258066
26,34,December,17,1.0655,3.5965715685851194,111.4937186261387,1.0,-0.0,3.5965715685851194
26,34,February,17,1.0655,3.5965715685851265,100.70400392038354,1.0,-0.0,3.5965715685851265
26,34,January,17,1.0655,3.5965715685851194,111.4937186261387,1.0,-0.0,3.5965715685851194
26,34,July,17,1.0655,3.5965715685851265,111.49371862613893,1.0,-0.0,3.5965715685851265
26,34,June,17,1.0655,12.611226324606193,378.33678973818576,1.0,-0.0,12.611226324606193
26,34,June,21,1.0655,22.99097813988938,689.7293441966814,1.0,1.0,2.9909781398893784
26,34,June,22,1.0655,9.868544957708124,296.0563487312437,1.0,-0.0,9.868544957708124
26,34,June,24,1.0655,19.230011752787746,576.9003525836324,1.0,-0.0,19.230011752787746
26,34,June,27,1.0655,24.290410704251347,728.7123211275403,1.0,1.0,4.290410704251347
26,34,June,29,1.0655,22.60907935686992,678.2723807060976,1.0,1.0,2.6090793568699198
26,34,June,31,1.0655,12.750254008420072,382.5076202526021,1.0,-0.0,12.750254008420072
26,34,June,32,1.0655,4.879810913259654,146.3943273977896,1.0,-0.0,4.879810913259654
26,34,March,17,1.0655,3.5965715685851194,111.4937186261387,1.0,-0.0,3.5965715685851194
26,34,May,17,1.0655,19.73381049768767,611.7481254283177,1.0,-0.0,19.73381049768767
26,34,May,20,1.0655,3.2550975208005255,100.9080231448163,1.0,-0.0,3.2550975208005255
26,34,May,21,1.0655,15.195287008843863,471.05389727415974,1.0,-0.0,15.195287008843863
26,34,May,24,1.0655,5.363364502787363,166.26429958640824,1.0,-0.0,5.363364502787363
26,34,May,29,1.0655,20.41230802127044,632.7815486593837,1.0,1.0,0.41230802127044086
26,34,May,31,1.0655,7.259771150471174,225.05290566460639,1.0,-0.0,7.259771150471174
26,34,May,32,1.0655,2.5529673940762834,79.14198921636478,1.0,-0.0,2.5529673940762834
26,34,November,17,1.0655,3.5965715685851194,107.89714705755358,1.0,-0.0,3.5965715685851194
26,34,October,17,1.0655,3.5965715685851194,111.4937186261387,1.0,-0.0,3.5965715685851194
26,34,September,17,1.0655,3.5965715685851265,107.8971470575538,1.0,-0.0,3.5965715685851265
26,34,September,30,1.0655,4.21101483333333,126.3304449999999,1.0,-0.0,4.21101483333333
27,34,April,14,0.9431,8.028540684501884,240.85622053505654,1.0,-0.0,8.028540684501884
27,34,April,15,0.9431,9.252288883145631,277.5686664943689,1.0,-0.0,9.252288883145631
27,34,April,21,0.9431,1.3113558824896443,39.34067647468933,1.0,0.0,1.3113558824896443
27,34,April,32,0.9431,1.5339589277102519,46.01876783130756,1.0,0.0,1.5339589277102519
27,34,August,14,0.9431,8.02854068450187,248.88476121955796,1.0,-0.0,8.02854068450187
27,34,August,15,0.9431,9.252288883145738,286.82095537751786,1.0,-0.0,9.252288883145738
27,34,December,14,0.9431,8.028540684501884,248.8847612195584,1.0,-0.0,8.028540684501884
27,34,December,15,0.9431,9.252288883145631,286.82095537751457,1.0,-0.0,9.252288883145631
27,34,February,14,0.9431,8.028540684501884,224.79913916605275,1.0,-0.0,8.028540684501884
27,34,February,15,0.9431,9.252288883145653,259.0640887280783,1.0,-0.0,9.252288883145653
27,34,January,14,0.9431,8.028540684501884,248.8847612195584,1.0,-0.0,8.028540684501884
27,34,January,15,0.9431,9.252288883145653,286.82095537751525,1.0,-0.0,9.252288883145653
27,34,July,14,0.9431,8.028540684501884,248.8847612195584,1.0,-0.0,8.028540684501884
27,34,July,15,0.9431,9.252288883145631,286.82095537751457,1.0,-0.0,9.252288883145631
27,34,June,14,0.9431,8.028540684501884,240.85622053505654,1.0,-0.0,8.028540684501884
27,34,June,15,0.9431,9.25228888314576,277.5686664943728,1.0,-0.0,9.25228888314576
27,34,June,32,0.9431,3.820094264450603,114.60282793351809,1.0,0.0,3.820094264450603
27,34,March,14,0.9431,8.02854068450187,248.88476121955796,1.0,-0.0,8.02854068450187
27,34,March,15,0.9431,9.252288883145653,286.82095537751525,1.0,-0.0,9.252288883145653
27,34,May,14,0.9431,8.028540684501877,248.8847612195582,1.0,-0.0,8.028540684501877
27,34,May,15,0.9431,25.330298560564998,785.239255377515,1.0,1.0,5.330298560564998
27,34,May,16,0.9431,4.9470017506751995,153.35705427093117,1.0,-0.0,4.9470017506751995
27,34,May,32,0.9431,6.8680349583651505,212.90908370931967,1.0,0.0,6.8680349583651505
27,34,November,14,0.9431,8.02854068450187,240.85622053505608,1.0,-0.0,8.02854068450187
27,34,November,15,0.9431,9.252288883145653,277.5686664943696,1.0,-0.0,9.252288883145653
27,34,October,14,0.9431,8.028540684501884,248.8847612195584,1.0,-0.0,8.028540684501884
27,34,October,15,0.9431,9.252288883145631,286.82095537751457,1.0,-0.0,9.252288883145631
27,34,September,14,0.9431,8.02854068450187,240.85622053505608,1.0,-0.0,8.02854068450187
27,34,September,15,0.9431,9.252288883145653,277.5686664943696,1.0,-0.0,9.252288883145653
29,30,April,27,1.1769,2.4441465667301614,73.32439700190484,1.0,-0.0,2.4441465667301614
29,30,April,28,1.1769,8.277050810505493,248.31152431516477,1.0,-0.0,8.277050810505493
29,30,April,33,1.1769,5.212750878516449,156.38252635549347,1.0,-0.0,5.212750878516449
29,30,April,34,1.1769,0.1,3.0,1.0,-0.0,0.1
29,30,April,35,1.1769,8.491703611274396,254.75110833823186,1.0,-0.0,8.491703611274396
29,30,August,33,1.1769,2.734916400671217,84.78240842080774,1.0,-0.0,2.734916400671217
29,30,August,35,1.1769,8.491703611274396,263.2428119495063,1.0,-0.0,8.491703611274396
29,30,December,33,1.1769,2.734916400671217,84.78240842080774,1.0,-0.0,2.734916400671217
29,30,December,35,1.1769,8.491703611274417,263.2428119495069,1.0,-0.0,8.491703611274417
29,30,February,33,1.1769,2.734916400671187,76.57765921879323,1.0,-0.0,2.734916400671187
29,30,February,35,1.1769,8.491703611274382,237.76770111568268,1.0,-0.0,8.491703611274382
29,30,January,33,1.1769,2.73491640067121,84.78240842080751,1.0,-0.0,2.73491640067121
29,30,January,35,1.1769,8.491703611274382,263.24281194950584,1.0,-0.0,8.491703611274382
29,30,July,33,1.1769,2.73491640067121,84.78240842080751,1.0,-0.0,2.73491640067121
29,30,July,35,1.1769,8.491703611274396,263.2428119495063,1.0,-0.0,8.491703611274396
29,30,June,27,1.1769,0.9669155667301581,29.007467001904743,1.0,-0.0,0.9669155667301581
29,30,June,28,1.1769,9.49971981050549,284.99159431516466,1.0,-0.0,9.49971981050549
29,30,June,30,1.1769,5.198126330653665,155.94378991960994,1.0,-0.0,5.198126330653665
29,30,June,32,1.1769,12.52581225294698,375.7743675884094,1.0,-0.0,12.52581225294698
29,30,June,33,1.1769,6.991465938550785,209.74397815652355,1.0,-0.0,6.991465938550785
29,30,June,34,1.1769,12.15329678526619,364.59890355798575,1.0,-0.0,12.15329678526619
29,30,June,35,1.1769,8.491703611274396,254.75110833823186,1.0,-0.0,8.491703611274396
29,30,March,33,1.1769,2.73491640067121,84.78240842080751,1.0,-0.0,2.73491640067121
29,30,March,35,1.1769,8.491703611274396,263.2428119495063,1.0,-0.0,8.491703611274396
29,30,May,33,1.1769,15.896328257962127,492.78617599682593,1.0,-0.0,15.896328257962127
29,30,May,34,1.1769,10.71101154870705,332.04135800991855,1.0,-0.0,10.71101154870705
29,30,May,35,1.1769,8.491703611274396,263.2428119495063,1.0,-0.0,8.491703611274396
29,30,November,33,1.1769,2.73491640067121,82.0474920201363,1.0,-0.0,2.73491640067121
29,30,November,35,1.1769,8.491703611274396,254.75110833823186,1.0,-0.0,8.491703611274396
29,30,October,33,1.1769,2.73491640067121,84.78240842080751,1.0,-0.0,2.73491640067121
29,30,October,35,1.1769,8.491703611274396,263.2428119495063,1.0,-0.0,8.491703611274396
29,30,September,33,1.1769,2.7349164006711884,82.04749202013565,1.0,-0.0,2.7349164006711884
29,30,September,35,1.1769,8.491703611274396,254.75110833823186,1.0,-0.0,8.491703611274396
30,29,April,18,1.1769,9.38957679782936,281.6873039348808,1.0,-0.0,9.38957679782936
30,29,April,19,1.1769,7.758710501915218,232.76131505745653,1.0,-0.0,7.758710501915218
30,29,August,18,1.1769,7.771322627283709,240.91100144579497,1.0,-0.0,7.771322627283709
30,29,December,18,1.1769,7.771322627283709,240.91100144579497,1.0,-0.0,7.771322627283709
30,29,February,18,1.1769,7.771322627283709,217.59703356394385,1.0,-0.0,7.771322627283709
30,29,January,18,1.1769,7.771322627283709,240.91100144579497,1.0,-0.0,7.771322627283709
30,29,July,18,1.1769,7.771322627283709,240.91100144579497,1.0,-0.0,7.771322627283709
30,29,July,19,1.1769,4.487482276108647,139.11195055936807,1.0,-0.0,4.487482276108647
30,29,June,15,1.1769,3.4175524270271946,102.52657281081584,1.0,-0.0,3.4175524270271946
30,29,June,18,1.1769,26.192782047829372,785.7834614348811,1.0,1.0,6.192782047829372
30,29,June,19,1.1769,13.367273293321894,401.01819879965683,1.0,-0.0,13.367273293321894
30,29,March,18,1.1769,7.771322627283709,240.91100144579497,1.0,-0.0,7.771322627283709
30,29,May,15,1.1769,8.614005326582403,267.0341651240545,1.0,-0.0,8.614005326582403
30,29,May,18,1.1769,32.11912945911969,995.6930132327104,1.0,1.0,12.11912945911969
30,29,May,19,1.1769,13.367273293321894,414.3854720929787,1.0,-0.0,13.367273293321894
30,29,November,18,1.1769,7.771322627283709,233.13967881851127,1.0,-0.0,7.771322627283709
30,29,October,18,1.1769,7.771322627283709,240.91100144579497,1.0,-0.0,7.771322627283709
30,29,September,18,1.1769,9.38957679782936,281.6873039348808,1.0,-0.0,9.38957679782936
30,38,April,16,1.0958,0.3027530047000795,9.082590141002385,1.0,-0.0,0.3027530047000795
30,38,August,16,1.0958,0.3027530047000795,9.385343145702464,1.0,-0.0,0.3027530047000795
30,38,December,16,1.0958,0.3027530047000795,9.385343145702464,1.0,-0.0,0.3027530047000795
30,38,February,16,1.0958,0.3027530047000795,8.477084131602226,1.0,-0.0,0.3027530047000795
30,38,January,16,1.0958,0.3027530047000795,9.385343145702464,1.0,-0.0,0.3027530047000795
30,38,July,16,1.0958,0.3027530047000795,9.385343145702464,1.0,-0.0,0.3027530047000795
30,38,June,16,1.0958,0.3027530047000795,9.082590141002385,1.0,-0.0,0.3027530047000795
30,38,June,37,1.0958,0.43636376634741225,13.090912990422368,1.0,-0.0,0.43636376634741225
30,38,March,16,1.0958,0.3027530047000795,9.385343145702464,1.0,-0.0,0.3027530047000795
30,38,May,15,1.0958,1.0295522556054808,31.916119923769905,1.0,-0.0,1.0295522556054808
30,38,May,16,1.0958,0.3027530047000795,9.385343145702464,1.0,-0.0,0.3027530047000795
30,38,May,37,1.0958,1.219213161508705,37.795608006769854,1.0,-0.0,1.219213161508705
30,38,November,16,1.0958,0.3027530047000795,9.082590141002385,1.0,-0.0,0.3027530047000795
30,38,October,16,1.0958,0.3027530047000795,9.385343145702464,1.0,-0.0,0.3027530047000795
30,38,September,16,1.0958,0.3027530047000795,9.082590141002385,1.0,-0.0,0.3027530047000795
32,24,April,17,1.4092,4.451795910624402,133.55387731873208,1.0,-0.0,4.451795910624402
32,24,August,17,1.4092,4.451795910624402,138.00567322935646,1.0,-0.0,4.451795910624402
32,24,December,17,1.4092,4.451795910624408,138.00567322935663,1.0,-0.0,4.451795910624408
32,24,February,17,1.4092,4.451795910624402,124.65028549748327,1.0,-0.0,4.451795910624402
32,24,January,17,1.4092,4.451795910624355,138.005673229355,1.0,-0.0,4.451795910624355
32,24,July,17,1.4092,4.451795910624402,138.00567322935646,1.0,-0.0,4.451795910624402
32,24,June,17,1.4092,4.451795910624388,133.55387731873165,1.0,-0.0,4.451795910624388
32,24,March,17,1.4092,4.451795910624355,138.005673229355,1.0,-0.0,4.451795910624355
32,24,May,17,1.4092,4.451795910624402,138.00567322935646,1.0,-0.0,4.451795910624402
32,24,November,17,1.4092,4.451795910624355,133.55387731873066,1.0,-0.0,4.451795910624355
32,24,October,17,1.4092,4.451795910624355,138.005673229355,1.0,-0.0,4.451795910624355
32,24,September,17,1.4092,4.451795910624355,133.55387731873066,1.0,-0.0,4.451795910624355
32,25,June,12,1.0655,0.30263377635259214,9.079013290577764,1.0,-0.0,0.30263377635259214
32,25,June,13,1.0655,5.975199642115648,179.25598926346942,1.0,-0.0,5.975199642115648
32,25,May,12,1.0655,0.3679162037719479,11.405402316930385,1.0,-0.0,0.3679162037719479
32,25,May,13,1.0655,8.240057029212423,255.4417679055851,1.0,-0.0,8.240057029212423
33,25,April,16,1.079,7.478117850832689,224.34353552498067,1.0,-0.0,7.478117850832689
33,25,April,17,1.079,17.475601402457272,524.2680420737181,1.0,-0.0,17.475601402457272
33,25,August,16,1.079,7.478117850832689,231.82165337581336,1.0,-0.0,7.478117850832689
33,25,August,17,1.079,17.475601402457265,541.7436434761752,1.0,-0.0,17.475601402457265
33,25,December,16,1.079,7.478117850832689,231.82165337581336,1.0,-0.0,7.478117850832689
33,25,December,17,1.079,17.475601402457272,541.7436434761754,1.0,-0.0,17.475601402457272
33,25,February,16,1.079,7.478117850832888,209.38729982332086,1.0,-0.0,7.478117850832689
33,25,February,17,1.079,17.475601402457265,489.3168392688034,1.0,-0.0,17.475601402457265
33,25,January,16,1.079,7.478117850832689,231.82165337581336,1.0,-0.0,7.478117850832689
33,25,January,17,1.079,17.475601402457272,541.7436434761754,1.0,0.0,17.475601402457272
33,25,July,16,1.079,7.478117850832689,231.82165337581336,1.0,-0.0,7.478117850832689
33,25,July,17,1.079,17.475601402457265,541.7436434761752,1.0,-0.0,17.475601402457265
33,25,June,16,1.079,7.478117850832689,224.34353552498067,1.0,-0.0,7.478117850832689
33,25,June,17,1.079,8.460946646436199,253.82839939308596,1.0,-0.0,8.460946646436199
33,25,March,16,1.079,7.478117850832689,231.82165337581336,1.0,-0.0,7.478117850832689
33,25,March,17,1.079,17.475601402457272,541.7436434761754,1.0,-0.0,17.475601402457272
33,25,May,16,1.079,7.478117850832689,231.82165337581336,1.0,-0.0,7.478117850832689
33,25,May,17,1.079,1.338362473354664,41.48923667399458,1.0,-0.0,1.338362473354664
33,25,November,16,1.079,7.478117850832888,224.34353552498663,1.0,-0.0,7.478117850832689
33,25,November,17,1.079,17.475601402457272,524.2680420737181,1.0,-0.0,17.475601402457272
33,25,October,16,1.079,7.478117850832689,231.82165337581336,1.0,-0.0,7.478117850832689
33,25,October,17,1.079,17.475601402457272,541.7436434761754,1.0,-0.0,17.475601402457272
33,25,September,16,1.079,7.478117850832888,224.34353552498663,1.0,-0.0,7.478117850832689
33,25,September,17,1.079,17.475601402457265,524.268042073718,1.0,-0.0,17.475601402457265
33,26,April,17,1.0994,21.331291330457702,639.9387399137311,1.0,1.0,1.3312913304577023
33,26,August,17,1.0994,21.33129133045771,661.270031244189,1.0,1.0,1.3312913304577094
33,26,December,17,1.0994,21.331291330457702,661.2700312441888,1.0,1.0,1.3312913304577023
33,26,February,17,1.0994,21.33129133045771,597.2761572528159,1.0,1.0,1.3312913304577094
33,26,January,17,1.0994,21.331291330457702,661.2700312441888,1.0,1.0,1.3312913304577023
33,26,July,17,1.0994,21.33129133045771,661.270031244189,1.0,1.0,1.3312913304577094
33,26,June,17,1.0994,30.345946086478776,910.3783825943633,1.0,1.0,10.345946086478776
33,26,June,28,1.0994,6.443624930700231,193.30874792100695,1.0,-0.0,6.443624930700231
33,26,June,30,1.0994,10.441527609865105,313.2458282959532,1.0,-0.0,10.441527609865105
33,26,March,17,1.0994,21.331291330457702,661.2700312441888,1.0,1.0,1.3312913304577023
33,26,May,17,1.0994,37.468530259560254,1161.5244380463678,1.0,1.0,17.468530259560254
33,26,May,22,1.0994,0.6856818164854275,21.25613631104825,1.0,-0.0,0.6856818164854275
33,26,November,17,1.0994,21.331291330457702,639.9387399137311,1.0,1.0,1.3312913304577023
33,26,October,17,1.0994,21.331291330457702,661.2700312441888,1.0,1.0,1.3312913304577023
33,26,September,17,1.0994,21.33129133045771,639.9387399137313,1.0,1.0,1.3312913304577094
34,27,April,26,0.9431,6.872848918686245,206.18546756058734,1.0,-0.0,6.872848918686245
34,27,April,33,0.9431,1.8022825378390621,54.06847613517186,1.0,-0.0,1.8022825378390621
34,27,April,34,0.9431,12.755821372270617,382.6746411681185,1.0,-0.0,12.755821372270617
34,27,August,26,0.9431,11.908126418686251,369.1519189792738,1.0,-0.0,11.908126418686251
34,27,August,33,0.9431,1.8022825378390621,55.870758673010926,1.0,-0.0,1.8022825378390621
34,27,August,34,0.9431,12.755821372270617,395.43046254038916,1.0,-0.0,12.755821372270617
34,27,December,26,0.9431,6.408126418686166,198.65191897927116,1.0,-0.0,6.408126418686166
34,27,December,33,0.9431,1.8022825378390621,55.870758673010926,1.0,-0.0,1.8022825378390621
34,27,December,34,0.9431,12.755821372270553,395.43046254038717,1.0,-0.0,12.755821372270553
34,27,February,26,0.9431,5.084618115114737,142.36930722321264,1.0,-0.0,5.084618115114737
34,27,February,33,0.9431,1.8022825378390621,50.46391105949374,1.0,-0.0,1.8022825378390621
34,27,February,34,0.9431,12.755821372270553,357.16299842357546,1.0,-0.0,12.755821372270553
34,27,January,26,0.9431,6.408126418686166,198.65191897927116,1.0,-0.0,6.408126418686166
34,27,January,33,0.9431,1.8022825378390621,55.870758673010926,1.0,-0.0,1.8022825378390621
34,27,January,34,0.9431,12.755821372270553,395.43046254038717,1.0,-0.0,12.755821372270553
34,27,July,26,0.9431,11.908126418686251,369.1519189792738,1.0,-0.0,11.908126418686251
34,27,July,33,0.9431,1.8022825378390621,55.870758673010926,1.0,-0.0,1.8022825378390621
34,27,July,34,0.9431,12.755821372270617,395.43046254038916,1.0,-0.0,12.755821372270617
34,27,June,19,0.9431,1.5393232433436932,46.17969730031079,1.0,-0.0,1.5393232433436932
34,27,June,26,0.9431,6.6445265853529065,199.3357975605872,1.0,-0.0,6.6445265853529065
34,27,June,33,0.9431,1.8022825378390621,54.06847613517186,1.0,-0.0,1.8022825378390621
34,27,June,34,0.9431,12.755821372270617,382.6746411681185,1.0,-0.0,12.755821372270617
34,27,March,26,0.9431,6.408126418686166,198.65191897927116,1.0,-0.0,6.408126418686166
34,27,March,33,0.9431,1.8022825378390621,55.870758673010926,1.0,-0.0,1.8022825378390621
34,27,March,34,0.9431,12.755821372270617,395.43046254038916,1.0,-0.0,12.755821372270617
34,27,May,19,0.9431,4.4065903893416305,136.60430206959055,1.0,-0.0,4.4065903893416305
34,27,May,26,0.9431,6.408126418686166,198.65191897927116,1.0,-0.0,6.408126418686166
34,27,May,33,0.9431,1.8022825378390621,55.870758673010926,1.0,-0.0,1.8022825378390621
34,27,May,34,0.9431,12.755821372270617,395.43046254038916,1.0,-0.0,12.755821372270617
34,27,November,26,0.9431,6.408126418686166,192.24379256058498,1.0,-0.0,6.408126418686166
34,27,November,33,0.9431,1.8022825378390621,54.06847613517186,1.0,-0.0,1.8022825378390621
34,27,November,34,0.9431,12.755821372270553,382.6746411681166,1.0,-0.0,12.755821372270553
34,27,October,26,0.9431,6.408126418686166,198.65191897927116,1.0,-0.0,6.408126418686166
34,27,October,33,0.9431,1.8022825378390621,55.870758673010926,1.0,-0.0,1.8022825378390621
34,27,October,34,0.9431,12.755821372270617,395.43046254038916,1.0,-0.0,12.755821372270617
34,27,September,19,0.9431,2.950772806008297,88.52318418024892,1.0,-0.0,2.950772806008297
34,27,September,26,0.9431,11.908126418686251,357.2437925605875,1.0,-0.0,11.908126418686251
34,27,September,33,0.9431,1.8022825378390621,54.06847613517186,1.0,-0.0,1.8022825378390621
34,27,September,34,0.9431,12.755821372270617,382.6746411681185,1.0,-0.0,12.755821372270617
34,42,April,19,1.096,2.8291725,84.875175,1.0,-0.0,2.8291725
34,42,February,26,1.096,1.3235083035714286,37.0582325,1.0,-0.0,1.3235083035714286
34,42,July,19,1.096,2.0555137096774194,63.720925,1.0,-0.0,2.0555137096774194
34,42,June,19,1.096,2.845793833333334,85.37381500000002,1.0,-0.0,2.845793833333334
34,42,September,19,1.096,1.4558175833333336,43.6745275,1.0,-0.0,1.4558175833333336
36,28,April,29,1.3396,2.87283497365598,86.18504920967939,1.0,-0.0,2.87283497365598
36,28,May,19,1.3396,9.695740055790454,300.56794172950407,1.0,-0.0,9.695740055790454
36,28,May,20,1.3396,31.00042810429092,961.0132712330185,1.0,1.0,11.000428104290918
36,29,April,20,1.3576,1.696047090785683,50.88141272357049,1.0,-0.0,1.696047090785683
36,29,August,20,1.3576,0.4700258402379234,14.570801047375625,1.0,-0.0,0.4700258402379234
36,29,December,20,1.3576,0.4700258402379234,14.570801047375625,1.0,-0.0,0.4700258402379234
36,29,February,20,1.3576,0.4700258402379234,13.160723526661855,1.0,-0.0,0.4700258402379234
36,29,January,20,1.3576,0.4700258402379234,14.570801047375625,1.0,-0.0,0.4700258402379234
36,29,July,20,1.3576,0.4700258402379234,14.570801047375625,1.0,-0.0,0.4700258402379234
36,29,June,20,1.3576,1.696047090785683,50.88141272357049,1.0,-0.0,1.696047090785683
36,29,March,20,1.3576,0.4700258402379234,14.570801047375625,1.0,-0.0,0.4700258402379234
36,29,May,20,1.3576,1.696047090785683,52.577459814356175,1.0,-0.0,1.696047090785683
36,29,November,20,1.3576,0.4700258402379234,14.100775207137701,1.0,-0.0,0.4700258402379234
36,29,October,20,1.3576,0.4700258402379234,14.570801047375625,1.0,-0.0,0.4700258402379234
36,29,September,20,1.3576,0.4700258402379234,14.100775207137701,1.0,-0.0,0.4700258402379234
38,30,April,18,1.0958,4.506063772361912,135.18191317085737,1.0,-0.0,4.506063772361912
38,30,August,18,1.0958,4.506063772361912,139.68797694321927,1.0,-0.0,4.506063772361912
38,30,December,18,1.0958,4.506063772361912,139.68797694321927,1.0,-0.0,4.506063772361912
38,30,February,18,1.0958,4.506063772361912,126.16978562613355,1.0,-0.0,4.506063772361912
38,30,January,18,1.0958,4.506063772361912,139.68797694321927,1.0,-0.0,4.506063772361912
38,30,July,18,1.0958,4.506063772361912,139.68797694321927,1.0,0.0,4.506063772361912
38,30,June,18,1.0958,4.506063772361912,135.18191317085737,1.0,-0.0,4.506063772361912
38,30,March,18,1.0958,4.506063772361912,139.68797694321927,1.0,-0.0,4.506063772361912
38,30,May,18,1.0958,4.506063772361912,139.68797694321927,1.0,-0.0,4.506063772361912
38,30,November,18,1.0958,4.506063772361912,135.18191317085737,1.0,0.0,4.506063772361912
38,30,October,18,1.0958,4.506063772361912,139.68797694321927,1.0,-0.0,4.506063772361912
38,30,September,18,1.0958,4.506063772361912,135.18191317085737,1.0,-0.0,4.506063772361912
39,40,April,20,0.8239,15.785553837242311,473.56661511726935,1.0,-0.0,15.785553837242311
39,40,April,21,0.8239,1.371350647756401,41.14051943269203,1.0,-0.0,1.371350647756401
39,40,April,34,0.8239,1.64486093178893,49.3458279536679,1.0,0.0,1.64486093178893
39,40,August,21,0.8239,0.10165576289952938,3.1513286498854107,1.0,-0.0,0.10165576289952938
39,40,August,34,0.8239,1.666994978425178,51.67684433118052,1.0,0.0,1.666994978425178
39,40,July,20,0.8239,5.09944167687226,158.08269198304006,1.0,-0.0,5.09944167687226
39,40,July,21,0.8239,12.219679633867276,378.8100686498856,1.0,-0.0,12.219679633867276
39,40,June,19,0.8239,0.3463018503790707,10.38905551137212,1.0,-0.0,0.3463018503790707
39,40,June,20,0.8239,15.483479170575634,464.50437511726903,1.0,-0.0,15.483479170575634
39,40,March,20,0.8239,0.9584795589681789,29.712866328013547,1.0,-0.0,0.9584795589681789
39,40,September,20,0.8239,0.9584795589681789,28.754386769045368,1.0,-0.0,0.9584795589681789
39,40,September,21,0.8239,2.4275726338672747,72.82717901601825,1.0,-0.0,2.4275726338672747
39,48,April,16,1.4229,10.936688471155549,328.10065413466646,1.0,-0.0,10.936688471155549
39,48,August,16,1.4229,10.936688471155549,339.037342605822,1.0,-0.0,10.936688471155549
39,48,December,16,1.4229,10.936688471155549,339.037342605822,1.0,-0.0,10.936688471155549
39,48,February,16,1.4229,10.936688471155477,306.22727719235337,1.0,-0.0,10.936688471155477
39,48,January,16,1.4229,10.936688471155477,339.0373426058198,1.0,-0.0,10.936688471155477
39,48,July,16,1.4229,10.936688471155477,339.0373426058198,1.0,-0.0,10.936688471155477
39,48,June,16,1.4229,10.936688471155549,328.10065413466646,1.0,-0.0,10.936688471155549
39,48,March,16,1.4229,10.936688471155549,339.037342605822,1.0,-0.0,10.936688471155549
39,48,May,16,1.4229,10.936688471155549,339.037342605822,1.0,-0.0,10.936688471155549
39,48,November,16,1.4229,10.936688471155549,328.10065413466646,1.0,-0.0,10.936688471155549
39,48,October,16,1.4229,10.936688471155549,339.037342605822,1.0,-0.0,10.936688471155549
39,48,September,16,1.4229,10.936688471155549,328.10065413466646,1.0,-0.0,10.936688471155549
40,39,August,25,0.8239,8.377012070850292,259.68737419635903,1.0,-0.0,8.377012070850292
40,39,September,25,0.8239,0.46212415149544483,13.863724544863345,1.0,-0.0,0.46212415149544483
40,39,September,26,0.8239,0.1,3.0,1.0,-0.0,0.1
40,39,September,27,0.8239,1.612802854226679,48.38408562680037,1.0,-0.0,1.612802854226679
40,39,September,28,0.8239,6.071208068000107,182.13624204000322,1.0,-0.0,6.071208068000107
40,48,April,16,1.1288,5.479473000188733,164.384190005662,1.0,-0.0,5.479473000188733
40,48,August,16,1.1288,5.479473000188733,169.86366300585073,1.0,-0.0,5.479473000188733
40,48,December,16,1.1288,5.479473000188733,169.86366300585073,1.0,-0.0,5.479473000188733
40,48,February,16,1.1288,5.479473000188733,153.42524400528453,1.0,-0.0,5.479473000188733
40,48,January,16,1.1288,5.479473000188733,169.86366300585073,1.0,-0.0,5.479473000188733
40,48,July,16,1.1288,5.479473000188733,169.86366300585073,1.0,-0.0,5.479473000188733
40,48,June,16,1.1288,5.479473000188733,164.384190005662,1.0,-0.0,5.479473000188733
40,48,March,16,1.1288,5.479473000188648,169.86366300584808,1.0,-0.0,5.479473000188648
40,48,May,16,1.1288,5.479473000188733,169.86366300585073,1.0,-0.0,5.479473000188733
40,48,November,16,1.1288,5.479473000188733,164.384190005662,1.0,-0.0,5.479473000188733
40,48,October,16,1.1288,5.479473000188733,169.86366300585073,1.0,-0.0,5.479473000188733
40,48,September,16,1.1288,5.479473000188733,164.384190005662,1.0,-0.0,5.479473000188733
41,42,April,18,0.9809,7.213328569205231,216.39985707615693,1.0,-0.0,7.213328569205231
41,42,April,20,0.9809,2.8291725,84.875175,1.0,-0.0,2.8291725
41,42,April,21,0.9809,2.232116616248338,66.96349848745014,1.0,-0.0,2.232116616248338
41,42,April,22,0.9809,3.183732833333333,95.511985,1.0,-0.0,3.183732833333333
41,42,August,18,0.9809,7.213328569205231,223.61318564536217,1.0,-0.0,7.213328569205231
41,42,December,18,0.9809,7.213328569205231,223.61318564536217,1.0,-0.0,7.213328569205231
41,42,February,18,0.9809,7.213328569205231,201.97319993774647,1.0,-0.0,7.213328569205231
41,42,January,18,0.9809,7.213328569205174,223.6131856453604,1.0,-0.0,7.213328569205174
41,42,July,18,0.9809,7.213328569205231,223.61318564536217,1.0,-0.0,7.213328569205231
41,42,June,18,0.9809,7.213328569205231,216.39985707615693,1.0,-0.0,7.213328569205231
41,42,June,20,0.9809,2.845793833333334,85.37381500000002,1.0,-0.0,2.845793833333334
41,42,June,21,0.9809,3.3662627499999997,100.9878825,1.0,-0.0,3.3662627499999997
41,42,March,18,0.9809,7.213328569205231,223.61318564536217,1.0,-0.0,7.213328569205231
41,42,May,18,0.9809,7.213328569205231,223.61318564536217,1.0,-0.0,7.213328569205231
41,42,May,19,0.9809,3.5923885483870968,111.364045,1.0,-0.0,3.5923885483870968
41,42,May,20,0.9809,3.5923885483870968,111.364045,1.0,-0.0,3.5923885483870968
41,42,November,18,0.9809,7.213328569205231,216.39985707615693,1.0,-0.0,7.213328569205231
41,42,October,18,0.9809,7.213328569205231,223.61318564536217,1.0,-0.0,7.213328569205231
41,42,September,18,0.9809,7.213328569205231,216.39985707615693,1.0,-0.0,7.213328569205231
43,44,April,28,1.3113,9.375992501859344,281.2797750557803,1.0,-0.0,9.375992501859344
43,44,April,29,1.3113,29.427067016475416,882.8120104942625,1.0,1.0,9.427067016475416
43,44,April,30,1.3113,5.715500708890744,171.46502126672232,1.0,-0.0,5.715500708890744
43,44,August,29,1.3113,20.601529342524373,638.6474096182556,1.0,1.0,0.6015293425243726
43,44,July,29,1.3113,20.601529342524373,638.6474096182556,1.0,1.0,0.6015293425243726
43,44,June,29,1.3113,23.625809655824362,708.7742896747309,1.0,1.0,3.625809655824362
43,44,May,29,1.3113,16.734893052201677,518.781684618252,1.0,-0.0,16.734893052201677
43,44,September,29,1.3113,20.601529342524373,618.0458802757312,1.0,1.0,0.6015293425243726
43,50,April,15,1.1113,0.12568135896836224,3.7704407690508672,1.0,-0.0,0.12568135896836224
43,50,April,17,1.1113,2.506715844364386,75.20147533093159,1.0,-0.0,2.506715844364386
43,50,April,18,1.1113,0.9508416666666668,28.525250000000003,1.0,-0.0,0.9508416666666668
43,50,April,28,1.1113,1.3989891666666665,41.969674999999995,1.0,-0.0,1.3989891666666665
43,50,April,29,1.1113,1.6392321729140618,49.17696518742185,1.0,-0.0,1.6392321729140618
43,50,April,30,1.1113,1.1361083333333333,34.08325,1.0,-0.0,1.1361083333333333
43,50,August,17,1.1113,2.506715844364386,77.70819117529598,1.0,-0.0,2.506715844364386
43,50,December,17,1.1113,2.506715844364386,77.70819117529598,1.0,-0.0,2.506715844364386
43,50,December,29,1.1113,20.601529342524344,638.6474096182546,1.0,1.0,0.6015293425243442
43,50,February,17,1.1113,2.8469464285715427,79.7145000000032,1.0,-0.0,2.8469464285715427
43,50,February,29,1.1113,20.601529342524373,576.8428215906824,1.0,1.0,0.6015293425243726
43,50,January,17,1.1113,2.5067158443643542,77.70819117529498,1.0,-0.0,2.5067158443643542
43,50,January,29,1.1113,20.601529342524344,638.6474096182546,1.0,1.0,0.6015293425243442
43,50,July,17,1.1113,2.506715844364386,77.70819117529598,1.0,-0.0,2.506715844364386
43,50,June,15,1.1113,0.7401066666666667,22.203200000000002,1.0,-0.0,0.7401066666666667
43,50,June,16,1.1113,0.40397279017796534,12.11918370533896,1.0,-0.0,0.40397279017796534
43,50,June,17,1.1113,2.506715844364386,75.20147533093159,1.0,-0.0,2.506715844364386
43,50,June,18,1.1113,1.0914675000000003,32.74402500000001,1.0,-0.0,1.0914675000000003
43,50,March,15,1.1113,0.2862685483870968,8.874325,1.0,-0.0,0.2862685483870968
43,50,March,16,1.1113,0.2862685483870968,8.874325,1.0,-0.0,0.2862685483870968
43,50,March,17,1.1113,2.506715844364386,77.70819117529598,1.0,-0.0,2.506715844364386
43,50,March,18,1.1113,0.5156790322580646,15.98605,1.0,-0.0,0.5156790322580646
43,50,March,29,1.1113,20.601529342524373,638.6474096182556,1.0,1.0,0.6015293425243726
43,50,May,15,1.1113,0.7300076114629275,22.630235955350752,1.0,-0.0,0.7300076114629275
43,50,May,16,1.1113,0.8441451612903226,26.1685,1.0,-0.0,0.8441451612903226
43,50,May,17,1.1113,2.506715844364386,77.70819117529598,1.0,-0.0,2.506715844364386
43,50,May,18,1.1113,1.2462024193548387,38.632275,1.0,-0.0,1.2462024193548387
43,50,May,29,1.1113,3.8666362903226945,119.86572500000354,1.0,-0.0,3.8666362903226945
43,50,November,17,1.1113,2.506715844364386,75.20147533093159,1.0,-0.0,2.506715844364386
43,50,November,29,1.1113,20.601529342524344,618.0458802757303,1.0,1.0,0.6015293425243442
43,50,October,17,1.1113,2.506715844364386,77.70819117529598,1.0,-0.0,2.506715844364386
43,50,October,29,1.1113,20.601529342524344,638.6474096182546,1.0,1.0,0.6015293425243442
43,50,September,17,1.1113,3.008200000000114,90.24600000000342,1.0,-0.0,3.008200000000114
43,51,March,19,1.2236,0.35999170203735087,11.159742763157876,1.0,-0.0,0.35999170203735087
44,43,April,35,1.3113,3.299074864944984,98.97224594834952,1.0,-0.0,3.299074864944984
44,43,August,35,1.3113,3.299074864944984,102.27132081329451,1.0,-0.0,3.299074864944984
44,43,December,35,1.3113,3.299074864944984,102.27132081329451,1.0,-0.0,3.299074864944984
44,43,February,35,1.3113,3.299074864944984,92.37409621845956,1.0,-0.0,3.299074864944984
44,43,January,35,1.3113,3.299074864944984,102.27132081329451,1.0,-0.0,3.299074864944984
44,43,July,35,1.3113,3.299074864944984,102.27132081329451,1.0,-0.0,3.299074864944984
44,43,June,35,1.3113,3.299074864944984,98.97224594834952,1.0,-0.0,3.299074864944984
44,43,March,20,1.3113,4.387042483308344,135.99831698255866,1.0,-0.0,4.387042483308344
44,43,March,21,1.3113,5.405652826943754,167.57523763525637,1.0,-0.0,5.405652826943754
44,43,March,35,1.3113,3.299074864944984,102.27132081329451,1.0,-0.0,3.299074864944984
44,43,May,35,1.3113,3.299074864944984,102.27132081329451,1.0,-0.0,3.299074864944984
44,43,November,35,1.3113,3.299074864944984,98.97224594834952,1.0,-0.0,3.299074864944984
44,43,October,35,1.3113,3.2990748649448918,102.27132081329165,1.0,-0.0,3.2990748649448918
44,43,September,20,1.3113,3.372853816641678,101.18561449925033,1.0,-0.0,3.372853816641678
44,43,September,35,1.3113,3.299074864944984,98.97224594834952,1.0,-0.0,3.299074864944984
44,52,April,19,1.3985,10.943882670396498,328.3164801118949,1.0,-0.0,10.943882670396498
45,44,April,28,1.4524,4.26227017923064,127.8681053769192,1.0,-0.0,4.26227017923064
45,44,August,28,1.4524,4.26227017923064,132.13037555614983,1.0,-0.0,4.26227017923064
45,44,December,28,1.4524,4.26227017923064,132.13037555614983,1.0,-0.0,4.26227017923064
45,44,February,28,1.4524,4.26227017923064,119.34356501845792,1.0,-0.0,4.26227017923064
45,44,January,28,1.4524,4.26227017923064,132.13037555614983,1.0,-0.0,4.26227017923064
45,44,July,28,1.4524,4.26227017923064,132.13037555614983,1.0,-0.0,4.26227017923064
45,44,June,27,1.4524,16.54657512841807,496.3972538525421,1.0,-0.0,16.54657512841807
45,44,June,28,1.4524,36.61552111325171,1098.4656333975513,1.0,1.0,16.61552111325171
45,44,June,30,1.4524,24.31890667155642,729.5672001466926,1.0,1.0,4.3189066715564195
45,44,June,31,1.4524,8.706732057011035,261.20196171033103,1.0,-0.0,8.706732057011035
45,44,June,32,1.4524,6.81639379188146,204.49181375644378,1.0,-0.0,6.81639379188146
45,44,June,33,1.4524,0.625561483164077,18.76684449492231,1.0,-0.0,0.625561483164077
45,44,March,28,1.4524,4.26227017923064,132.13037555614983,1.0,-0.0,4.26227017923064
45,44,May,28,1.4524,4.26227017923064,132.13037555614983,1.0,-0.0,4.26227017923064
45,44,November,28,1.4524,4.26227017923064,127.8681053769192,1.0,-0.0,4.26227017923064
45,44,October,28,1.4524,4.26227017923064,132.13037555614983,1.0,-0.0,4.26227017923064
45,44,September,28,1.4524,4.26227017923064,127.8681053769192,1.0,-0.0,4.26227017923064
45,53,April,3,1.3256,1.187102510764852,35.61307532294556,1.0,-0.0,1.187102510764852
45,53,April,4,1.3256,4.356889244334958,130.70667733004876,1.0,-0.0,4.356889244334958
45,53,April,13,1.3256,10.104685495000002,303.14056485000003,1.0,-0.0,10.104685495000002
45,53,April,17,1.3256,4.793038640369083,143.7911592110725,1.0,-0.0,4.793038640369083
45,53,April,18,1.3256,4.859656639377128,145.78969918131384,1.0,-0.0,4.859656639377128
45,53,August,3,1.3256,1.187102510764852,36.800177833710414,1.0,-0.0,1.187102510764852
45,53,August,4,1.3256,4.356889244334958,135.0635665743837,1.0,-0.0,4.356889244334958
45,53,December,3,1.3256,1.187102510764852,36.800177833710414,1.0,-0.0,1.187102510764852
45,53,December,4,1.3256,4.356889244334958,135.0635665743837,1.0,-0.0,4.356889244334958
45,53,February,3,1.3256,1.1871025107648663,33.238870301416256,1.0,-0.0,1.1871025107648663
45,53,February,4,1.3256,4.3568892443349725,121.99289884137923,1.0,-0.0,4.3568892443349725
45,53,January,3,1.3256,1.187102510764852,36.800177833710414,1.0,-0.0,1.187102510764852
45,53,January,4,1.3256,4.356889244334958,135.0635665743837,1.0,-0.0,4.356889244334958
45,53,July,3,1.3256,1.187102510764852,36.800177833710414,1.0,-0.0,1.187102510764852
45,53,July,4,1.3256,4.356889244334958,135.0635665743837,1.0,-0.0,4.356889244334958
45,53,June,3,1.3256,1.1871025107648663,35.61307532294599,1.0,-0.0,1.1871025107648663
45,53,June,4,1.3256,4.3568892443349725,130.70667733004916,1.0,-0.0,4.3568892443349725
45,53,June,7,1.3256,0.17005241666666665,5.1015725,1.0,0.0,0.17005241666666665
45,53,June,13,1.3256,23.576263911900526,707.2879173570158,1.0,1.0,3.5762639119005257
45,53,June,17,1.3256,3.105821160999133,93.17463482997398,1.0,-0.0,3.105821160999133
45,53,June,34,1.3256,0.5928251820956727,17.78475546287018,1.0,-0.0,0.5928251820956727
45,53,March,3,1.3256,1.187102510764852,36.800177833710414,1.0,-0.0,1.187102510764852
45,53,March,4,1.3256,4.356889244334958,135.0635665743837,1.0,-0.0,4.356889244334958
45,53,May,3,1.3256,1.187102510764852,36.800177833710414,1.0,-0.0,1.187102510764852
45,53,May,4,1.3256,4.3568892443349725,135.06356657438414,1.0,-0.0,4.3568892443349725
45,53,November,3,1.3256,1.187102510764852,35.61307532294556,1.0,-0.0,1.187102510764852
45,53,November,4,1.3256,4.356889244334958,130.70667733004876,1.0,-0.0,4.356889244334958
45,53,October,3,1.3256,1.187102510764852,36.800177833710414,1.0,-0.0,1.187102510764852
45,53,October,4,1.3256,4.356889244334958,135.0635665743837,1.0,-0.0,4.356889244334958
45,53,September,3,1.3256,1.1871025107648663,35.61307532294599,1.0,-0.0,1.1871025107648663
45,53,September,4,1.3256,4.356889244334958,130.70667733004876,1.0,-0.0,4.356889244334958
47,46,April,15,1.3839,6.887844154370308,206.63532463110923,1.0,-0.0,6.887844154370308
47,46,April,17,1.3839,8.85537744027355,265.6613232082065,1.0,-0.0,8.85537744027355
47,46,August,17,1.3839,8.85537744027338,274.51670064847474,1.0,-0.0,8.85537744027338
47,46,December,17,1.3839,8.855377440273415,274.5167006484759,1.0,-0.0,8.855377440273415
47,46,February,17,1.3839,8.855377440273415,247.95056832765562,1.0,-0.0,8.855377440273415
47,46,January,17,1.3839,8.855377440273571,274.5167006484807,1.0,-0.0,8.855377440273571
47,46,July,17,1.3839,8.85537744027355,274.51670064848,1.0,-0.0,8.85537744027355
47,46,June,14,1.3839,7.500102541864713,225.00307625594138,1.0,0.0,7.500102541864713
47,46,June,15,1.3839,9.282388154416957,278.4716446325087,1.0,-0.0,9.282388154416957
47,46,June,16,1.3839,7.032269095226155,210.96807285678466,1.0,-0.0,7.032269095226155
47,46,June,17,1.3839,8.855377440273415,265.6613232082025,1.0,-0.0,8.855377440273415
47,46,March,17,1.3839,8.855377440273614,274.516700648482,1.0,-0.0,8.855377440273614
47,46,May,15,1.3839,6.400521853341692,198.41617745359244,1.0,-0.0,6.400521853341692
47,46,May,16,1.3839,7.032269095226155,218.0003419520108,1.0,-0.0,7.032269095226155
47,46,May,17,1.3839,12.33557042414445,382.40268314847793,1.0,-0.0,12.33557042414445
47,46,May,18,1.3839,0.1,3.1,1.0,-0.0,0.1
47,46,May,19,1.3839,17.207818363603902,533.442369271721,1.0,-0.0,17.207818363603902
47,46,May,20,1.3839,17.522482082319414,543.1969445519019,1.0,-0.0,17.522482082319414
47,46,November,17,1.3839,8.855377440273571,265.66132320820714,1.0,-0.0,8.855377440273571
47,46,October,17,1.3839,8.855377440273571,274.5167006484807,1.0,-0.0,8.855377440273571
47,46,September,17,1.3839,8.855377440273571,265.66132320820714,1.0,-0.0,8.855377440273571
48,39,April,25,1.4229,1.4374645490638471,43.123936471915414,1.0,-0.0,1.4374645490638471
48,39,August,25,1.4229,1.4374645490636269,44.56140102097243,1.0,-0.0,1.4374645490636269
48,39,December,25,1.4229,1.4374645490634137,44.561401020965825,1.0,-0.0,1.4374645490634137
48,39,February,25,1.4229,1.4374645490634492,40.24900737377658,1.0,-0.0,1.4374645490634492
48,39,January,25,1.4229,1.4374645490640319,44.56140102098499,1.0,-0.0,1.4374645490640319
48,39,July,25,1.4229,1.4374645490640319,44.56140102098499,1.0,-0.0,1.4374645490640319
48,39,June,25,1.4229,2.7661988651975875,82.98596595592763,1.0,-0.0,2.7661988651975875
48,39,March,25,1.4229,1.4374645490640319,44.56140102098499,1.0,-0.0,1.4374645490640319
48,39,May,25,1.4229,1.4374645490636695,44.561401020973754,1.0,-0.0,1.4374645490636695
48,39,November,25,1.4229,1.4374645490640319,43.123936471920956,1.0,-0.0,1.4374645490640319
48,39,October,25,1.4229,1.4374645490635487,44.56140102097001,1.0,-0.0,1.4374645490635487
48,39,September,25,1.4229,1.4374645490636198,43.12393647190859,1.0,-0.0,1.4374645490636198
48,40,April,24,1.1288,1.4374645490640319,43.123936471920956,1.0,-0.0,1.4374645490640319
48,40,August,24,1.1288,1.4374645490640319,44.56140102098499,1.0,-0.0,1.4374645490640319
48,40,December,24,1.1288,1.4374645490636695,44.561401020973754,1.0,-0.0,1.4374645490636695
48,40,February,24,1.1288,1.4374645490640319,40.24900737379289,1.0,-0.0,1.4374645490640319
48,40,January,24,1.1288,1.4374645490635771,44.56140102097089,1.0,-0.0,1.4374645490635771
48,40,July,24,1.1288,1.4374645490640319,44.56140102098499,1.0,-0.0,1.4374645490640319
48,40,June,24,1.1288,6.244042799064097,187.32128397192292,1.0,-0.0,6.244042799064097
48,40,June,25,1.1288,3.682679517199844,110.48038551599532,1.0,-0.0,3.682679517199844
48,40,March,24,1.1288,1.4374645490636908,44.561401020974415,1.0,-0.0,1.4374645490636908
48,40,May,24,1.1288,1.4374645490634705,44.56140102096759,1.0,-0.0,1.4374645490634705
48,40,November,24,1.1288,1.4374645490636695,43.123936471910085,1.0,-0.0,1.4374645490636695
48,40,October,24,1.1288,1.4374645490636695,44.561401020973754,1.0,-0.0,1.4374645490636695
48,40,September,24,1.1288,1.4374645490636695,43.123936471910085,1.0,-0.0,1.4374645490636695
50,43,April,2,1.1113,1.002375122423004,30.07125367269012,1.0,-0.0,1.002375122423004
50,43,April,3,1.1113,0.7557997298062527,22.67399189418758,1.0,-0.0,0.7557997298062527
50,43,April,34,1.1113,1.9037130270610447,57.11139081183134,1.0,-0.0,1.9037130270610447
50,43,August,2,1.1113,1.002375122423004,31.073628795113123,1.0,-0.0,1.002375122423004
50,43,August,3,1.1113,0.7557997298062737,23.429791623994486,1.0,-0.0,0.7557997298062737
50,43,August,34,1.1113,1.9037130270610447,59.01510383889239,1.0,-0.0,1.9037130270610447
50,43,December,2,1.1113,1.002375122423004,31.073628795113123,1.0,-0.0,1.002375122423004
50,43,December,3,1.1113,0.7557997298062733,23.429791623994472,1.0,-0.0,0.7557997298062733
50,43,December,34,1.1113,1.9037130270610447,59.01510383889239,1.0,-0.0,1.9037130270610447
50,43,February,2,1.1113,1.002375122423004,28.06650342784411,1.0,-0.0,1.002375122423004
50,43,February,3,1.1113,0.7557997298062683,21.162392434575512,1.0,-0.0,0.7557997298062683
50,43,February,34,1.1113,1.9037130270610447,53.30396475770925,1.0,-0.0,1.9037130270610447
50,43,January,2,1.1113,1.002375122423004,31.073628795113123,1.0,-0.0,1.002375122423004
50,43,January,3,1.1113,0.7557997298062654,23.429791623994227,1.0,-0.0,0.7557997298062654
50,43,January,34,1.1113,1.9037130270610447,59.01510383889239,1.0,-0.0,1.9037130270610447
50,43,July,2,1.1113,1.002375122423004,31.073628795113123,1.0,-0.0,1.002375122423004
50,43,July,3,1.1113,0.7557997298062169,23.429791623992724,1.0,-0.0,0.7557997298062169
50,43,July,34,1.1113,1.9037130270610447,59.01510383889239,1.0,-0.0,1.9037130270610447
50,43,June,2,1.1113,1.002375122423004,30.07125367269012,1.0,-0.0,1.002375122423004
50,43,June,3,1.1113,0.7557997298061849,22.673991894185548,1.0,-0.0,0.7557997298061849
50,43,June,34,1.1113,1.9037130270610447,57.11139081183134,1.0,-0.0,1.9037130270610447
50,43,March,2,1.1113,1.002375122423004,31.073628795113123,1.0,-0.0,1.002375122423004
50,43,March,3,1.1113,0.7557997298062153,23.429791623992674,1.0,-0.0,0.7557997298062153
50,43,March,25,1.1113,2.308663262780758,71.5685611462035,1.0,0.0,2.308663262780758
50,43,March,26,1.1113,0.1,3.1,1.0,0.0,0.1
50,43,March,34,1.1113,1.9037130270610447,59.01510383889239,1.0,-0.0,1.9037130270610447
50,43,May,2,1.1113,1.002375122423004,31.073628795113123,1.0,-0.0,1.002375122423004
50,43,May,3,1.1113,0.7557997298062797,23.42979162399467,1.0,-0.0,0.7557997298062797
50,43,May,34,1.1113,1.9037130270610447,59.01510383889239,1.0,-0.0,1.9037130270610447
50,43,November,2,1.1113,1.002375122423004,30.07125367269012,1.0,-0.0,1.002375122423004
50,43,November,3,1.1113,0.7557997298063022,22.673991894189065,1.0,-0.0,0.7557997298063022
50,43,November,34,1.1113,1.9037130270610447,57.11139081183134,1.0,-0.0,1.9037130270610447
50,43,October,2,1.1113,1.002375122423004,31.073628795113123,1.0,-0.0,1.002375122423004
50,43,October,3,1.1113,0.7557997298062804,23.429791623994692,1.0,-0.0,0.7557997298062804
50,43,October,34,1.1113,1.9037130270610447,59.01510383889239,1.0,-0.0,1.9037130270610447
50,43,September,2,1.1113,1.002375122423004,30.07125367269012,1.0,-0.0,1.002375122423004
50,43,September,3,1.1113,0.7557997298062737,22.673991894188212,1.0,-0.0,0.7557997298062737
50,43,September,34,1.1113,1.9037130270610447,57.11139081183134,1.0,-0.0,1.9037130270610447
50,51,April,3,1.3007,2.594944698359182,77.84834095077545,1.0,-0.0,2.594944698359182
50,51,August,3,1.3007,2.5949446983591606,80.44328564913398,1.0,-0.0,2.5949446983591606
50,51,December,3,1.3007,2.594944698359161,80.443285649134,1.0,-0.0,2.594944698359161
50,51,February,3,1.3007,2.594944698359166,72.65845155405665,1.0,-0.0,2.594944698359166
50,51,January,3,1.3007,2.594944698359169,80.44328564913424,1.0,-0.0,2.594944698359169
50,51,July,3,1.3007,2.5949446983592175,80.44328564913575,1.0,-0.0,2.5949446983592175
50,51,June,3,1.3007,2.5949446983592495,77.84834095077748,1.0,-0.0,2.5949446983592495
50,51,March,3,1.3007,2.5949446983592193,80.4432856491358,1.0,-0.0,2.5949446983592193
50,51,May,3,1.3007,2.5949446983591544,80.44328564913378,1.0,-0.0,2.5949446983591544
50,51,November,3,1.3007,2.594944698359132,77.84834095077397,1.0,-0.0,2.594944698359132
50,51,October,3,1.3007,2.594944698359154,80.44328564913377,1.0,-0.0,2.594944698359154
50,51,September,3,1.3007,2.5949446983591606,77.84834095077483,1.0,-0.0,2.5949446983591606
51,43,April,39,1.2236,2.0740279286661547,62.22083785998464,1.0,-0.0,2.0740279286661547
51,43,August,39,1.2236,2.0740279286661547,64.2948657886508,1.0,-0.0,2.0740279286661547
51,43,December,39,1.2236,2.0740279286661547,64.2948657886508,1.0,-0.0,2.0740279286661547
51,43,February,39,1.2236,2.0740279286661547,58.07278200265233,1.0,-0.0,2.0740279286661547
51,43,January,39,1.2236,2.0740279286661547,64.2948657886508,1.0,-0.0,2.0740279286661547
51,43,July,39,1.2236,2.0740279286661547,64.2948657886508,1.0,-0.0,2.0740279286661547
51,43,June,39,1.2236,2.0740279286661547,62.22083785998464,1.0,-0.0,2.0740279286661547
51,43,March,39,1.2236,2.0740279286661547,64.2948657886508,1.0,-0.0,2.0740279286661547
51,43,May,36,1.2236,3.5374471872677873,109.6608628053014,1.0,0.0,3.5374471872677873
51,43,May,38,1.2236,1.1344,35.1664,1.0,-0.0,1.1344
51,43,May,39,1.2236,2.0740279286661547,64.2948657886508,1.0,-0.0,2.0740279286661547
51,43,November,39,1.2236,2.0740279286661547,62.22083785998464,1.0,-0.0,2.0740279286661547
51,43,October,39,1.2236,2.0740279286661547,64.2948657886508,1.0,-0.0,2.0740279286661547
51,43,September,39,1.2236,2.0740279286661547,62.22083785998464,1.0,-0.0,2.0740279286661547
51,50,June,28,1.3007,1.6169294208333223,48.50788262499967,1.0,-0.0,1.6169294208333223
51,50,June,29,1.3007,1.2090541666666663,36.271624999999986,1.0,0.0,1.2090541666666663
51,50,June,30,1.3007,1.2090541666666668,36.271625,1.0,0.0,1.2090541666666668
51,50,June,32,1.3007,0.9712758333333333,29.138275,1.0,0.0,0.9712758333333333
52,44,April,23,1.3985,12.062127433278173,361.8638229983452,1.0,-0.0,12.062127433278173
52,44,April,32,1.3985,2.5217750182737007,75.65325054821102,1.0,-0.0,2.5217750182737007
52,44,August,23,1.3985,18.057448756019852,559.7809114366154,1.0,-0.0,18.057448756019852
52,44,December,23,1.3985,12.062127433278174,373.9259504316234,1.0,-0.0,12.062127433278174
52,44,February,23,1.3985,15.170067076135311,424.7618781317887,1.0,-0.0,15.170067076135311
52,44,January,23,1.3985,12.062127433278174,373.9259504316234,1.0,-0.0,12.062127433278174
52,44,July,23,1.3985,12.062127433278174,373.9259504316234,1.0,-0.0,12.062127433278174
52,44,June,23,1.3985,12.062127433278174,361.86382299834526,1.0,-0.0,12.062127433278174
52,44,June,32,1.3985,2.5649449763922476,76.94834929176743,1.0,-0.0,2.5649449763922476
52,44,March,23,1.3985,12.062127433278174,373.9259504316234,1.0,-0.0,12.062127433278174
52,44,May,23,1.3985,12.062127433278174,373.9259504316234,1.0,-0.0,12.062127433278174
52,44,November,23,1.3985,12.062127433278174,361.86382299834526,1.0,-0.0,12.062127433278174
52,44,October,23,1.3985,12.062127433278174,373.9259504316234,1.0,-0.0,12.062127433278174
52,44,September,23,1.3985,18.057448756019852,541.7234626805955,1.0,-0.0,18.057448756019852
52,53,April,16,1.3386,7.234889686478354,217.04669059435062,1.0,-0.0,7.234889686478354
52,53,April,18,1.3386,12.667437988299497,380.0231396489849,1.0,-0.0,12.667437988299497
52,53,April,23,1.3386,5.995321322741679,179.8596396822504,1.0,-0.0,5.995321322741679
52,53,December,23,1.3386,5.9953213227416775,185.854961004992,1.0,-0.0,5.9953213227416775
52,53,February,23,1.3386,2.887381679884541,80.84668703676715,1.0,-0.0,2.887381679884541
52,53,January,23,1.3386,5.9953213227416775,185.854961004992,1.0,-0.0,5.9953213227416775
52,53,July,23,1.3386,5.9953213227416775,185.854961004992,1.0,-0.0,5.9953213227416775
52,53,June,23,1.3386,5.9953213227416775,179.85963968225033,1.0,-0.0,5.9953213227416775
52,53,March,23,1.3386,5.9953213227416775,185.854961004992,1.0,-0.0,5.9953213227416775
52,53,March,24,1.3386,0.11330310297216428,3.5123961921370928,1.0,-0.0,0.11330310297216428
52,53,May,23,1.3386,5.9953213227416775,185.854961004992,1.0,-0.0,5.9953213227416775
52,53,November,23,1.3386,5.9953213227416775,179.85963968225033,1.0,-0.0,5.9953213227416775
52,53,October,23,1.3386,5.9953213227416775,185.854961004992,1.0,-0.0,5.9953213227416775
53,52,April,27,1.3386,1.513717162796231,45.41151488388693,1.0,-0.0,1.513717162796231
53,52,April,30,1.3386,11.879958097810324,356.3987429343097,1.0,-0.0,11.879958097810324
53,52,April,31,1.3386,1.001522871559633,30.045686146788988,1.0,-0.0,1.001522871559633
53,52,August,30,1.3386,0.1,3.1,1.0,-0.0,0.1
53,52,December,30,1.3386,0.1,3.1,1.0,-0.0,0.1
53,52,February,30,1.3386,0.1,2.8000000000000003,1.0,-0.0,0.1
53,52,January,30,1.3386,0.1,3.1,1.0,-0.0,0.1
53,52,July,30,1.3386,0.1,3.1,1.0,-0.0,0.1
53,52,June,30,1.3386,13.254146435382726,397.6243930614818,1.0,-0.0,13.254146435382726
53,52,June,31,1.3386,5.2398141215596326,157.19442364678898,1.0,-0.0,5.2398141215596326
53,52,March,30,1.3386,0.1,3.1,1.0,-0.0,0.1
53,52,May,30,1.3386,0.1,3.1,1.0,-0.0,0.1
53,52,November,30,1.3386,0.1,3.0,1.0,-0.0,0.1
53,52,October,30,1.3386,0.1,3.1,1.0,-0.0,0.1
53,52,September,30,1.3386,0.1,3.0,1.0,-0.0,0.1
54,55,April,30,1.0452,7.0625216737972565,211.8756502139177,1.0,-0.0,7.0625216737972565
54,55,April,31,1.0452,20.299118512823817,608.9735553847145,1.0,1.0,0.2991185128238172
54,55,April,32,1.0452,0.6358719349729789,19.076158049189367,1.0,-0.0,0.6358719349729789
54,55,April,34,1.0452,8.935325333333333,268.05976,1.0,-0.0,8.935325333333333
54,55,April,35,1.0452,1.9984701666666667,59.954105,1.0,-0.0,1.9984701666666667
54,55,April,36,1.0452,2.0374120639583335,61.12236191875,1.0,0.0,2.0374120639583335
54,55,August,32,1.0452,0.6290479349729665,19.500485984161962,1.0,-0.0,0.6290479349729665
54,55,July,32,1.0452,0.6290479349729807,19.500485984162403,1.0,-0.0,0.6290479349729807
54,55,July,34,1.0452,3.429449693376455,106.3129404946701,1.0,-0.0,3.429449693376455
54,55,July,35,1.0452,0.22887146262789315,7.095015341464688,1.0,-0.0,0.22887146262789315
54,55,June,30,1.0452,14.373010977130583,431.1903293139175,1.0,-0.0,14.373010977130583
54,55,June,31,1.0452,24.162942262823815,724.8882678847144,1.0,1.0,4.162942262823815
54,55,June,32,1.0452,0.6290479349729807,18.871438049189422,1.0,-0.0,0.6290479349729807
54,55,June,34,1.0452,10.861076667043427,325.83230001130283,1.0,-0.0,10.861076667043427
54,55,June,35,1.0452,5.809421833333333,174.282655,1.0,-0.0,5.809421833333333
54,55,June,36,1.0452,1.990040198413977,59.701205952419315,1.0,0.0,1.990040198413977
54,55,May,31,1.0452,14.614980846157149,453.0644062308716,1.0,-0.0,14.614980846157149
54,55,May,32,1.0452,0.6290479349729807,19.500485984162403,1.0,-0.0,0.6290479349729807
54,55,May,34,1.0452,10.478840164711235,324.84404510604827,1.0,-0.0,10.478840164711235
54,55,May,35,1.0452,4.246900494885957,131.65391534146468,1.0,-0.0,4.246900494885957
55,54,April,17,1.0452,6.740277979710463,202.20833939131387,1.0,-0.0,6.740277979710463
55,54,April,18,1.0452,1.3172169074353377,39.51650722306013,1.0,-0.0,1.3172169074353377
55,54,April,23,1.0452,9.064498908936862,271.9349672681059,1.0,-0.0,9.064498908936862
55,54,August,23,1.0452,8.28428957560353,256.81297684370946,1.0,-0.0,8.28428957560353
55,54,December,23,1.0452,8.28428957560353,256.81297684370946,1.0,-0.0,8.28428957560353
55,54,February,18,1.0452,1.3172169074353377,36.882073408189456,1.0,-0.0,1.3172169074353377
55,54,February,23,1.0452,8.28428957560353,231.96010811689885,1.0,-0.0,8.28428957560353
55,54,February,28,1.0452,0.2579730607397357,7.223245700712599,1.0,-0.0,0.2579730607397357
55,54,January,23,1.0452,8.28428957560353,256.81297684370946,1.0,-0.0,8.28428957560353
55,54,July,17,1.0452,0.7707973757665362,23.89471864876262,1.0,-0.0,0.7707973757665362
55,54,July,18,1.0452,1.3172169074353377,40.83372413049547,1.0,-0.0,1.3172169074353377
55,54,July,23,1.0452,8.28428957560353,256.81297684370946,1.0,-0.0,8.28428957560353
55,54,June,8,1.0452,0.13177991914817253,3.9533975744451757,1.0,0.0,0.13177991914817253
55,54,June,9,1.0452,2.2763143329687745,68.28942998906324,1.0,0.0,2.2763143329687745
55,54,June,10,1.0452,2.083302,62.49906000000001,1.0,0.0,2.083302
55,54,June,23,1.0452,8.347878825603537,250.4363647681061,1.0,-0.0,8.347878825603537
55,54,March,17,1.0452,1.2613422741991567,39.101610500173855,1.0,-0.0,1.2613422741991567
55,54,March,18,1.0452,1.3172169074353377,40.83372413049547,1.0,-0.0,1.3172169074353377
55,54,March,23,1.0452,8.28428957560353,256.81297684370946,1.0,-0.0,8.28428957560353
55,54,May,23,1.0452,8.28428957560353,256.81297684370946,1.0,-0.0,8.28428957560353
55,54,November,23,1.0452,8.28428957560353,248.5286872681059,1.0,-0.0,8.28428957560353
55,54,October,23,1.0452,8.28428957560353,256.81297684370946,1.0,-0.0,8.28428957560353
55,54,September,17,1.0452,3.3341785593527433,100.0253567805823,1.0,-0.0,3.3341785593527433
55,54,September,18,1.0452,1.3172169074353377,39.51650722306013,1.0,-0.0,1.3172169074353377
55,54,September,23,1.0452,8.28428957560353,248.5286872681059,1.0,-0.0,8.28428957560353
