from_HexID,to_HexID,Month,TimeIndex,OriginType,DestinationType,Energy_kWh_day,Energy_kWh_annual,DeltaPrice_SEK_per_kWh,PriceComp_SEK_day,PriceComp_SEK_annual
50,43,January,2,fast,medium,1.002375122423004,31.073628795113123,0.0,0.0,0.0
45,53,January,3,fast,fast,1.187102510764852,36.800177833710414,0.0,0.0,0.0
50,43,January,3,fast,medium,0.7557997298062654,23.429791623994227,0.0,0.0,0.0
50,51,January,3,fast,medium,2.594944698359169,80.44328564913424,0.0,0.0,0.0
45,53,January,4,fast,fast,4.356889244334958,135.0635665743837,0.0,0.0,0.0
27,34,January,14,fast,fast,8.028540684501884,248.8847612195584,0.0,0.0,0.0
27,34,January,15,fast,fast,9.252288883145091,286.82095537749785,0.0,0.0,0.0
13,21,January,16,fast,fast,1.3379891547826048,41.47766379826075,0.0,0.0,0.0
15,7,January,16,fast,medium,6.481363411250856,200.9222657487765,0.0,0.0,0.0
15,8,January,16,fast,fast,13.976217278848976,433.26273564431824,0.0,0.0,0.0
30,38,January,16,fast,fast,0.3027530047000795,9.385343145702464,0.0,0.0,0.0
33,25,January,16,fast,medium,7.478117850832689,231.82165337581336,0.0,0.0,0.0
39,48,January,16,medium,medium,10.936688471155477,339.0373426058198,0.0,0.0,0.0
40,48,January,16,fast,medium,5.479473000188733,169.86366300585073,0.0,0.0,0.0
1,2,January,17,fast,medium,0.2702934422563743,8.379096709947603,0.0,0.0,0.0
1,9,January,17,fast,medium,3.411321796598834,105.75097569456386,0.0,0.0,0.0
15,7,January,17,fast,medium,31.50861765740415,976.7671473795288,0.0,0.0,0.0
15,23,January,17,fast,medium,33.35543024852539,1034.018337704287,0.0,0.0,0.0
16,24,January,17,medium,medium,13.503823654090723,418.6185332768124,0.0,0.0,0.0
25,18,January,17,fast,medium,16.13723892910295,500.2544068021914,0.0,0.0,0.0
26,34,January,17,fast,fast,3.5965715685851194,111.4937186261387,0.0,0.0,0.0
32,24,January,17,fast,medium,4.451795910624355,138.005673229355,0.0,0.0,0.0
33,25,January,17,fast,medium,17.475601402457272,541.7436434761754,0.0,0.0,0.0
33,26,January,17,fast,medium,21.331291330457702,661.2700312441888,0.0,0.0,0.0
43,50,January,17,fast,fast,2.5067158443643542,77.70819117529498,0.0,0.0,0.0
47,46,January,17,fast,fast,8.855377440273571,274.5167006484807,0.0,0.0,0.0
15,7,January,18,fast,medium,33.0,1023.0,0.0,0.0,0.0
15,22,January,18,fast,medium,32.103623667224724,995.2123336839664,0.0,0.0,0.0
15,23,January,18,fast,medium,22.063997850368395,683.9839333614202,0.0,0.0,0.0
30,29,January,18,fast,fast,7.771322627283709,240.91100144579497,0.0,0.0,0.0
38,30,January,18,fast,medium,4.506063772361912,139.68797694321927,0.0,0.0,0.0
41,42,January,18,medium,medium,7.213328569205174,223.6131856453604,0.0,0.0,0.0
15,7,January,19,medium,medium,33.0,1023.0,0.0,0.0,0.0
15,22,January,19,medium,medium,2.4217736513850525,75.07498319293663,0.0,0.0,0.0
23,16,January,19,fast,medium,48.55475356571159,1505.1973605370595,0.0,0.0,0.0
23,16,January,20,fast,medium,18.801076349194943,582.8333668250432,0.0,0.0,0.0
36,29,January,20,fast,fast,0.4700258402379234,14.570801047375625,0.0,0.0,0.0
15,7,January,23,fast,medium,4.132427433800327,128.10525044781014,0.0,0.0,0.0
15,8,January,23,fast,fast,17.661586407103826,547.5091786202186,0.0,0.0,0.0
15,22,January,23,fast,fast,15.350771749785697,475.8739242433566,0.0,0.0,0.0
52,44,January,23,fast,fast,12.062127433278174,373.9259504316234,0.0,0.0,0.0
52,53,January,23,fast,fast,5.9953213227416775,185.854961004992,0.0,0.0,0.0
55,54,January,23,fast,medium,8.28428957560353,256.81297684370946,0.0,0.0,0.0
7,8,January,24,fast,fast,1.1538093228521618,35.768089008417014,0.0,0.0,0.0
15,8,January,24,fast,fast,23.84619067714784,739.2319109915829,0.0,0.0,0.0
15,23,January,24,fast,medium,18.029870644775393,558.9259899880371,0.0,0.0,0.0
48,40,January,24,fast,medium,1.4374645490635771,44.56140102097089,0.0,0.0,0.0
15,8,January,25,fast,fast,3.555281290322467,110.21371999999647,0.0,0.0,0.0
48,39,January,25,fast,fast,1.4374645490640319,44.56140102098499,0.0,0.0,0.0
15,8,January,26,fast,fast,10.172179419547263,315.33756200596514,0.0,0.0,0.0
34,27,January,26,fast,medium,6.408126418686166,198.65191897927116,0.0,0.0,0.0
11,4,January,27,fast,fast,2.147823399912596,66.58252539729048,0.0,0.0,0.0
15,7,January,27,fast,medium,7.52333861187023,233.22349696797713,0.0,0.0,0.0
15,8,January,27,fast,fast,25.0,775.0,0.0,0.0,0.0
15,7,January,28,fast,medium,7.996436940161942,247.8895451450202,0.0,0.0,0.0
15,8,January,28,fast,fast,25.0,775.0,0.0,0.0,0.0
17,9,January,28,fast,fast,4.690420966346931,145.40304995675487,0.0,0.0,0.0
17,10,January,28,fast,fast,4.060305066856046,125.86945707253741,0.0,0.0,0.0
17,24,January,28,fast,medium,49.978262155874646,1549.326126832114,0.0,0.0,0.0
45,44,January,28,fast,fast,4.26227017923064,132.13037555614983,0.0,0.0,0.0
43,50,January,29,fast,fast,20.601529342524344,638.6474096182546,0.0,0.0,0.0
18,10,January,30,fast,fast,13.827971449260371,428.6671149270715,0.0,0.0,0.0
18,25,January,30,fast,medium,12.176502723768813,377.4715844368332,0.0,0.0,0.0
22,21,January,30,medium,medium,7.719048575644891,239.29050584499163,0.0,0.0,0.0
53,52,January,30,fast,fast,0.1,3.1,0.0,0.0,0.0
18,10,January,31,fast,fast,7.920550110366111,245.53705342134944,0.0,0.0,0.0
18,25,January,31,fast,medium,25.97924973551322,805.3567418009098,0.0,0.0,0.0
11,4,January,33,fast,fast,11.878964693614105,368.24790550203727,0.0,0.0,0.0
11,10,January,33,fast,medium,12.023109517448024,372.71639504088876,0.0,0.0,0.0
15,8,January,33,fast,fast,8.385808105049506,259.9600512565347,0.0,0.0,0.0
29,30,January,33,fast,fast,2.7349164006712106,84.78240842080753,0.0,0.0,0.0
34,27,January,33,medium,medium,1.8022825378390621,55.870758673010926,0.0,0.0,0.0
10,9,January,34,fast,fast,7.158180835135584,221.90360588920308,0.0,0.0,0.0
10,11,January,34,fast,medium,2.297582359304739,71.22505313844691,0.0,0.0,0.0
24,16,January,34,fast,fast,6.490744640496665,201.2130838553966,0.0,0.0,0.0
34,27,January,34,medium,medium,12.755821372270553,395.43046254038717,0.0,0.0,0.0
50,43,January,34,fast,fast,1.9037130270610447,59.01510383889239,0.0,0.0,0.0
14,13,January,35,fast,fast,23.784007173279633,737.3042223716686,0.0,0.0,0.0
29,30,January,35,fast,fast,8.491703611274382,263.24281194950584,0.0,0.0,0.0
44,43,January,35,fast,fast,3.2990748649449855,102.27132081329455,0.0,0.0,0.0
14,13,January,36,fast,fast,15.095364459885062,467.9562982564369,0.0,0.0,0.0
4,11,January,38,fast,fast,0.699493205642824,21.684289374927545,0.0,0.0,0.0
51,43,January,39,fast,fast,2.0740279286661547,64.2948657886508,0.0,0.0,0.0
50,43,February,2,fast,medium,1.002375122423004,28.06650342784411,0.0,0.0,0.0
45,53,February,3,fast,fast,1.1871025107648663,33.238870301416256,0.0,0.0,0.0
50,43,February,3,fast,medium,0.7557997298062683,21.162392434575512,0.0,0.0,0.0
50,51,February,3,fast,medium,2.594944698359166,72.65845155405665,0.0,0.0,0.0
45,53,February,4,fast,fast,4.3568892443349725,121.99289884137923,0.0,0.0,0.0
27,34,February,14,fast,fast,8.028540684501884,224.79913916605275,0.0,0.0,0.0
27,34,February,15,fast,fast,9.252288883145653,259.0640887280783,0.0,0.0,0.0
13,21,February,16,fast,fast,1.3379891547826048,37.463696333912935,0.0,0.0,0.0
15,7,February,16,fast,medium,6.481363411250868,181.4781755150243,0.0,0.0,0.0
15,8,February,16,fast,fast,13.976217278848976,391.3340838077713,0.0,0.0,0.0
30,38,February,16,fast,fast,0.3027530047000795,8.477084131602226,0.0,0.0,0.0
33,25,February,16,fast,medium,7.478117850832888,209.38729982332086,0.0,0.0,0.0
39,48,February,16,medium,medium,10.936688471155477,306.22727719235337,0.0,0.0,0.0
40,48,February,16,medium,medium,5.479473000188733,153.42524400528453,0.0,0.0,0.0
1,2,February,17,fast,medium,0.27029344225631036,7.56821638317669,0.0,0.0,0.0
1,9,February,17,fast,medium,3.4113217965988127,95.51701030476676,0.0,0.0,0.0
15,7,February,17,fast,medium,31.50861765740416,882.2412944073164,0.0,0.0,0.0
15,23,February,17,fast,medium,33.35543024852538,933.9520469587106,0.0,0.0,0.0
16,24,February,17,medium,medium,13.503823654090723,378.10706231454026,0.0,0.0,0.0
25,18,February,17,fast,medium,16.137238929102715,451.842690014876,0.0,0.0,0.0
26,34,February,17,fast,fast,3.5965715685851265,100.70400392038354,0.0,0.0,0.0
32,24,February,17,fast,medium,4.451795910624402,124.65028549748327,0.0,0.0,0.0
33,25,February,17,fast,medium,17.475601402457265,489.3168392688034,0.0,0.0,0.0
33,26,February,17,fast,medium,21.33129133045771,597.2761572528159,0.0,0.0,0.0
43,50,February,17,fast,fast,2.8469464285715427,79.7145000000032,0.0,0.0,0.0
47,46,February,17,fast,medium,8.855377440273415,247.95056832765562,0.0,0.0,0.0
15,7,February,18,fast,medium,33.0,924.0,0.0,0.0,0.0
15,22,February,18,fast,medium,32.103623667224724,898.9014626822923,0.0,0.0,0.0
15,23,February,18,fast,fast,22.063997850368395,617.7919398103151,0.0,0.0,0.0
30,29,February,18,fast,fast,7.771322627283709,217.59703356394385,0.0,0.0,0.0
38,30,February,18,fast,fast,4.506063772361912,126.16978562613355,0.0,0.0,0.0
41,42,February,18,medium,medium,7.213328569205231,201.97319993774647,0.0,0.0,0.0
55,54,February,18,fast,fast,1.3172169074353377,36.882073408189456,0.0,0.0,0.0
15,7,February,19,fast,medium,33.0,924.0,0.0,0.0,0.0
15,22,February,19,fast,medium,2.4217736513850525,67.80966223878147,0.0,0.0,0.0
23,16,February,19,fast,medium,48.55475356571159,1359.5330998399245,0.0,0.0,0.0
23,16,February,20,fast,fast,18.801076349194943,526.4301377774584,0.0,0.0,0.0
36,29,February,20,fast,fast,0.4700258402379234,13.160723526661855,0.0,0.0,0.0
15,7,February,23,fast,medium,4.132427433800327,115.70796814640916,0.0,0.0,0.0
15,8,February,23,fast,fast,17.661586407103826,494.5244193989071,0.0,0.0,0.0
15,22,February,23,fast,fast,15.350771749785697,429.8216089939995,0.0,0.0,0.0
52,44,February,23,fast,fast,15.170067076135311,424.7618781317887,0.0,0.0,0.0
52,53,February,23,fast,fast,2.887381679884541,80.84668703676715,0.0,0.0,0.0
55,54,February,23,fast,medium,8.28428957560353,231.96010811689885,0.0,0.0,0.0
7,8,February,24,fast,fast,1.1538093228521618,32.30666103986053,0.0,0.0,0.0
15,8,February,24,fast,fast,23.84619067714784,667.6933389601395,0.0,0.0,0.0
15,23,February,24,fast,medium,18.0298706447754,504.8363780537112,0.0,0.0,0.0
48,40,February,24,fast,medium,1.4374645490640319,40.24900737379289,0.0,0.0,0.0
15,8,February,25,fast,fast,7.800347232142743,218.4097224999968,0.0,0.0,0.0
48,39,February,25,fast,fast,1.4374645490634492,40.24900737377658,0.0,0.0,0.0
15,8,February,26,fast,fast,10.17217941954727,284.8210237473236,0.0,0.0,0.0
34,27,February,26,medium,medium,5.084618115114737,142.36930722321264,0.0,0.0,0.0
34,42,February,26,medium,medium,1.3235083035714286,37.0582325,0.0,0.0,0.0
11,4,February,27,fast,fast,2.147823399912596,60.13905519755269,0.0,0.0,0.0
15,7,February,27,fast,medium,7.52333861187023,210.65348113236644,0.0,0.0,0.0
15,8,February,27,fast,fast,25.0,700.0,0.0,0.0,0.0
15,7,February,28,fast,medium,7.996436940161942,223.90023432453438,0.0,0.0,0.0
15,8,February,28,fast,fast,25.0,700.0,0.0,0.0,0.0
17,9,February,28,fast,fast,4.690420966346931,131.33178705771405,0.0,0.0,0.0
17,10,February,28,fast,medium,9.398679285714287,263.1630200000001,0.0,0.0,0.0
17,10,February,28,fast,fast,4.060305066856046,113.68854187196928,0.0,0.0,0.0
17,24,February,28,fast,medium,40.57958287016031,1136.2283203644886,0.0,0.0,0.0
45,44,February,28,fast,fast,4.26227017923064,119.34356501845792,0.0,0.0,0.0
55,54,February,28,fast,fast,0.2579730607397357,7.223245700712599,0.0,0.0,0.0
15,8,February,29,fast,fast,6.436750803571314,180.2290224999968,0.0,0.0,0.0
43,50,February,29,fast,fast,20.601529342524373,576.8428215906824,0.0,0.0,0.0
15,8,February,30,fast,fast,6.436750803571314,180.2290224999968,0.0,0.0,0.0
18,10,February,30,fast,fast,13.827971449260371,387.18320057929037,0.0,0.0,0.0
18,25,February,30,fast,fast,12.176502723768813,340.9420762655268,0.0,0.0,0.0
22,21,February,30,fast,medium,7.719048575644905,216.13336011805734,0.0,0.0,0.0
53,52,February,30,fast,fast,0.1,2.8000000000000003,0.0,0.0,0.0
18,10,February,31,fast,fast,7.920550110366111,221.77540309025113,0.0,0.0,0.0
18,25,February,31,fast,medium,25.97924973551322,727.4189925943701,0.0,0.0,0.0
11,4,February,33,fast,fast,11.878964693614108,332.61101142119503,0.0,0.0,0.0
11,10,February,33,fast,medium,12.023109517448091,336.64706648854656,0.0,0.0,0.0
15,7,February,33,fast,medium,6.422983193906023,179.84352942936866,0.0,0.0,0.0
15,8,February,33,fast,fast,1.9628249111434837,54.95909751201754,0.0,0.0,0.0
29,30,February,33,fast,fast,2.734916400671187,76.57765921879323,0.0,0.0,0.0
34,27,February,33,medium,medium,1.8022825378390621,50.46391105949374,0.0,0.0,0.0
10,11,February,34,fast,fast,9.455763194440323,264.76136944432903,0.0,0.0,0.0
24,16,February,34,fast,fast,6.490744640496665,181.74084993390662,0.0,0.0,0.0
34,27,February,34,medium,medium,12.755821372270553,357.16299842357546,0.0,0.0,0.0
50,43,February,34,fast,fast,1.9037130270610447,53.30396475770925,0.0,0.0,0.0
14,13,February,35,fast,fast,23.784007173279633,665.9522008518297,0.0,0.0,0.0
29,30,February,35,fast,fast,8.491703611274382,237.76770111568268,0.0,0.0,0.0
44,43,February,35,fast,fast,3.299074864944984,92.37409621845956,0.0,0.0,0.0
14,13,February,36,fast,fast,15.095364459885062,422.6702048767817,0.0,0.0,0.0
4,11,February,38,fast,fast,0.6994932056427352,19.585809757996586,0.0,0.0,0.0
51,43,February,39,fast,fast,2.0740279286661547,58.07278200265233,0.0,0.0,0.0
50,43,March,2,fast,fast,1.002375122423004,31.073628795113123,0.0,0.0,0.0
45,53,March,3,fast,fast,1.187102510764852,36.800177833710414,0.0,0.0,0.0
50,43,March,3,fast,medium,0.7557997298062153,23.429791623992674,0.0,0.0,0.0
50,51,March,3,fast,medium,2.5949446983592193,80.4432856491358,0.0,0.0,0.0
45,53,March,4,fast,fast,4.356889244334958,135.0635665743837,0.0,0.0,0.0
27,34,March,14,fast,fast,8.02854068450187,248.88476121955796,0.0,0.0,0.0
15,7,March,15,fast,medium,1.1148107827090876,34.55913426398172,0.0,0.0,0.0
27,34,March,15,fast,fast,9.252288883145653,286.82095537751525,0.0,0.0,0.0
43,50,March,15,fast,fast,0.2862685483870968,8.874325,0.0,0.0,0.0
13,21,March,16,fast,medium,1.3379891547826048,41.47766379826075,0.0,0.0,0.0
15,7,March,16,fast,medium,6.481363411250856,200.9222657487765,0.0,0.0,0.0
15,8,March,16,fast,fast,13.976217278848976,433.26273564431824,0.0,0.0,0.0
30,38,March,16,fast,fast,0.3027530047000795,9.385343145702464,0.0,0.0,0.0
33,25,March,16,fast,medium,7.478117850832689,231.82165337581336,0.0,0.0,0.0
39,48,March,16,fast,medium,10.936688471155549,339.037342605822,0.0,0.0,0.0
40,48,March,16,medium,medium,5.479473000188648,169.86366300584808,0.0,0.0,0.0
43,50,March,16,fast,fast,0.2862685483870968,8.874325,0.0,0.0,0.0
1,2,March,17,fast,medium,0.27029344225589824,8.379096709932845,0.0,0.0,0.0
1,9,March,17,fast,medium,3.411321796599225,105.75097569457597,0.0,0.0,0.0
15,7,March,17,fast,medium,31.50861765740415,976.7671473795288,0.0,0.0,0.0
15,23,March,17,fast,medium,33.35543024852539,1034.018337704287,0.0,0.0,0.0
16,24,March,17,fast,medium,13.50382365409078,418.6185332768142,0.0,0.0,0.0
25,18,March,17,fast,medium,16.137238929102722,500.25440680218435,0.0,0.0,0.0
26,34,March,17,fast,fast,3.5965715685851194,111.4937186261387,0.0,0.0,0.0
32,24,March,17,medium,medium,4.451795910624355,138.005673229355,0.0,0.0,0.0
33,25,March,17,fast,medium,17.475601402457272,541.7436434761754,0.0,0.0,0.0
33,26,March,17,fast,medium,21.331291330457702,661.2700312441888,0.0,0.0,0.0
43,50,March,17,fast,fast,2.506715844364386,77.70819117529598,0.0,0.0,0.0
47,46,March,17,fast,fast,8.855377440273614,274.516700648482,0.0,0.0,0.0
55,54,March,17,fast,fast,1.2613422741991567,39.101610500173855,0.0,0.0,0.0
15,7,March,18,fast,medium,33.0,1023.0,0.0,0.0,0.0
15,22,March,18,fast,medium,32.10362366722472,995.2123336839662,0.0,0.0,0.0
15,23,March,18,fast,medium,22.063997850368395,683.9839333614202,0.0,0.0,0.0
30,29,March,18,fast,fast,7.771322627283709,240.91100144579497,0.0,0.0,0.0
38,30,March,18,fast,medium,4.506063772361912,139.68797694321927,0.0,0.0,0.0
41,42,March,18,medium,medium,7.213328569205231,223.61318564536217,0.0,0.0,0.0
43,50,March,18,fast,fast,0.5156790322580646,15.98605,0.0,0.0,0.0
55,54,March,18,fast,fast,1.3172169074353377,40.83372413049547,0.0,0.0,0.0
15,7,March,19,fast,medium,33.0,1023.0,0.0,0.0,0.0
15,22,March,19,fast,medium,2.4217736513850383,75.07498319293619,0.0,0.0,0.0
23,16,March,19,fast,medium,48.55475356571159,1505.1973605370595,0.0,0.0,0.0
43,51,March,19,medium,medium,0.35999170203735087,11.159742763157876,0.0,0.0,0.0
15,7,March,20,medium,medium,0.24937701612891683,7.730687499996422,0.0,0.0,0.0
21,13,March,20,fast,fast,0.9368853063553182,29.043444497014864,0.0,0.0,0.0
23,16,March,20,fast,fast,18.801076349194943,582.8333668250432,0.0,0.0,0.0
36,29,March,20,fast,fast,0.4700258402379234,14.570801047375625,0.0,0.0,0.0
39,40,March,20,fast,fast,0.9584795589681789,29.712866328013547,0.0,0.0,0.0
44,43,March,20,fast,fast,4.387042483308344,135.99831698255866,0.0,0.0,0.0
21,13,March,21,fast,fast,7.086538103035005,219.68268119408518,0.0,0.0,0.0
44,43,March,21,fast,fast,5.405652826943754,167.57523763525637,0.0,0.0,0.0
21,13,March,22,fast,fast,7.086538103035005,219.68268119408518,0.0,0.0,0.0
15,7,March,23,fast,medium,4.132427433800327,128.10525044781014,0.0,0.0,0.0
15,8,March,23,fast,fast,17.661586407103826,547.5091786202186,0.0,0.0,0.0
15,22,March,23,fast,fast,15.350771749785697,475.8739242433566,0.0,0.0,0.0
21,13,March,23,fast,fast,3.6792824517910017,114.05775600552106,0.0,0.0,0.0
52,44,March,23,fast,fast,12.062127433278174,373.9259504316234,0.0,0.0,0.0
52,53,March,23,fast,fast,5.9953213227416775,185.854961004992,0.0,0.0,0.0
55,54,March,23,fast,medium,8.28428957560353,256.81297684370946,0.0,0.0,0.0
7,8,March,24,fast,fast,1.1538093228521618,35.768089008417014,0.0,0.0,0.0
15,8,March,24,fast,fast,23.84619067714784,739.2319109915829,0.0,0.0,0.0
15,23,March,24,fast,medium,18.0298706447754,558.9259899880374,0.0,0.0,0.0
48,40,March,24,fast,fast,1.4374645490636908,44.561401020974415,0.0,0.0,0.0
52,53,March,24,fast,fast,0.11330310297216428,3.5123961921370928,0.0,0.0,0.0
15,8,March,25,fast,fast,11.430227499999887,354.3370524999965,0.0,0.0,0.0
48,39,March,25,fast,fast,1.4374645490640319,44.56140102098499,0.0,0.0,0.0
50,43,March,25,fast,fast,2.308663262780758,71.5685611462035,0.0,0.0,0.0
14,13,March,26,fast,fast,2.744034106816663,85.06505731131656,0.0,0.0,0.0
15,8,March,26,fast,fast,11.430227499999887,354.3370524999965,0.0,0.0,0.0
34,27,March,26,fast,medium,6.408126418686166,198.65191897927116,0.0,0.0,0.0
50,43,March,26,fast,fast,0.1,3.1,0.0,0.0,0.0
11,4,March,27,fast,fast,2.147823399912596,66.58252539729048,0.0,0.0,0.0
15,7,March,27,fast,medium,7.52333861187023,233.22349696797713,0.0,0.0,0.0
15,8,March,27,fast,fast,25.0,775.0,0.0,0.0,0.0
15,7,March,28,fast,medium,7.996436940161942,247.8895451450202,0.0,0.0,0.0
15,8,March,28,fast,fast,25.0,775.0,0.0,0.0,0.0
17,9,March,28,fast,fast,4.690420966346931,145.40304995675487,0.0,0.0,0.0
17,10,March,28,fast,fast,4.060305066856046,125.86945707253741,0.0,0.0,0.0
17,24,March,28,fast,medium,49.97826215587459,1549.3261268321123,0.0,0.0,0.0
45,44,March,28,fast,fast,4.26227017923064,132.13037555614983,0.0,0.0,0.0
14,13,March,29,fast,fast,4.045048506080432,125.3965036884934,0.0,0.0,0.0
15,8,March,29,fast,fast,7.199129435483755,223.1730124999964,0.0,0.0,0.0
43,50,March,29,fast,fast,20.601529342524373,638.6474096182556,0.0,0.0,0.0
15,8,March,30,fast,fast,7.199129435483755,223.1730124999964,0.0,0.0,0.0
18,10,March,30,fast,fast,13.827971449260371,428.6671149270715,0.0,0.0,0.0
18,25,March,30,fast,medium,12.176502723768813,377.4715844368332,0.0,0.0,0.0
22,21,March,30,fast,fast,7.719048575644891,239.29050584499163,0.0,0.0,0.0
53,52,March,30,fast,fast,0.1,3.1,0.0,0.0,0.0
15,8,March,31,fast,fast,1.8880641407611352,58.52998836359519,0.0,0.0,0.0
18,10,March,31,fast,fast,7.920550110366111,245.53705342134944,0.0,0.0,0.0
18,25,March,31,fast,medium,25.97924973551322,805.3567418009098,0.0,0.0,0.0
11,4,March,33,fast,fast,11.878964693614108,368.2479055020374,0.0,0.0,0.0
11,10,March,33,fast,medium,12.023109517448091,372.7163950408908,0.0,0.0,0.0
14,13,March,33,fast,fast,0.1,3.1,0.0,0.0,0.0
15,7,March,33,medium,medium,8.385808105049492,259.96005125653426,0.0,0.0,0.0
29,30,March,33,fast,fast,2.73491640067121,84.78240842080751,0.0,0.0,0.0
34,27,March,33,fast,medium,1.8022825378390621,55.870758673010926,0.0,0.0,0.0
10,9,March,34,fast,fast,9.455763194440323,293.12865902765,0.0,0.0,0.0
14,13,March,34,fast,fast,1.0675191871192526,33.09309480069683,0.0,0.0,0.0
15,7,March,34,fast,medium,1.099975,34.099225,0.0,0.0,0.0
15,8,March,34,fast,fast,1.0482675465274625,32.496293942351336,0.0,0.0,0.0
24,16,March,34,fast,fast,6.490744640496665,201.2130838553966,0.0,0.0,0.0
34,27,March,34,fast,medium,12.755821372270617,395.43046254038916,0.0,0.0,0.0
50,43,March,34,fast,fast,1.9037130270610447,59.01510383889239,0.0,0.0,0.0
14,13,March,35,fast,fast,23.784007173279633,737.3042223716686,0.0,0.0,0.0
29,30,March,35,fast,fast,8.491703611274396,263.2428119495063,0.0,0.0,0.0
44,43,March,35,fast,fast,3.299074864944984,102.27132081329451,0.0,0.0,0.0
14,13,March,36,fast,fast,15.095364459885062,467.9562982564369,0.0,0.0,0.0
15,8,March,37,fast,fast,2.5,77.5,0.0,0.0,0.0
4,11,March,38,fast,fast,0.699493205642824,21.684289374927545,0.0,0.0,0.0
15,7,March,38,fast,medium,0.23831500967577882,7.387765299949144,0.0,0.0,0.0
15,8,March,38,fast,fast,0.11988076492160636,3.7163037125697973,0.0,0.0,0.0
51,43,March,39,fast,fast,2.0740279286661547,64.2948657886508,0.0,0.0,0.0
50,43,April,2,fast,medium,1.002375122423004,30.07125367269012,0.0,0.0,0.0
45,53,April,3,fast,fast,1.187102510764852,35.61307532294556,0.0,0.0,0.0
50,43,April,3,fast,fast,0.7557997298062527,22.67399189418758,0.0,0.0,0.0
50,51,April,3,fast,medium,2.594944698359182,77.84834095077545,0.0,0.0,0.0
45,53,April,4,fast,fast,4.356889244334958,130.70667733004876,0.0,0.0,0.0
24,16,April,11,fast,fast,0.9929400000000003,29.788200000000007,0.0,0.0,0.0
21,14,April,13,fast,fast,3.467499937761831,104.02499813285493,0.0,0.0,0.0
45,53,April,13,fast,fast,10.104685495000002,303.14056485000003,0.0,0.0,0.0
27,34,April,14,fast,fast,8.028540684501884,240.85622053505654,0.0,0.0,0.0
27,34,April,15,fast,fast,9.252288883145631,277.5686664943689,0.0,0.0,0.0
43,50,April,15,fast,fast,0.12568135896836224,3.7704407690508672,0.0,0.0,0.0
47,46,April,15,fast,fast,6.887844154370308,206.63532463110923,0.0,0.0,0.0
13,21,April,16,fast,medium,1.3379891547826048,40.139674643478145,0.0,0.0,0.0
15,7,April,16,fast,medium,6.481363411250856,194.44090233752567,0.0,0.0,0.0
15,8,April,16,fast,fast,13.976217278848976,419.2865183654693,0.0,0.0,0.0
30,38,April,16,fast,fast,0.3027530047000795,9.082590141002385,0.0,0.0,0.0
33,25,April,16,fast,fast,7.478117850832689,224.34353552498067,0.0,0.0,0.0
39,48,April,16,medium,medium,10.936688471155549,328.10065413466646,0.0,0.0,0.0
40,48,April,16,fast,medium,5.479473000188733,164.384190005662,0.0,0.0,0.0
52,53,April,16,fast,fast,7.234889686478354,217.04669059435062,0.0,0.0,0.0
1,2,April,17,fast,medium,0.2702934422562109,8.108803267686326,0.0,0.0,0.0
1,9,April,17,fast,medium,3.4113217965989264,102.33965389796779,0.0,0.0,0.0
15,7,April,17,fast,medium,31.50861765740416,945.2585297221248,0.0,0.0,0.0
15,23,April,17,fast,medium,33.35543024852538,1000.6629074557613,0.0,0.0,0.0
16,24,April,17,medium,medium,13.503823654090723,405.1147096227217,0.0,0.0,0.0
25,18,April,17,fast,medium,16.137238929102722,484.11716787308166,0.0,0.0,0.0
26,34,April,17,fast,fast,3.5965715685851194,107.89714705755358,0.0,0.0,0.0
32,24,April,17,fast,medium,4.451795910624402,133.55387731873208,0.0,0.0,0.0
33,25,April,17,fast,medium,17.475601402457272,524.2680420737181,0.0,0.0,0.0
33,26,April,17,fast,medium,21.331291330457702,639.9387399137311,0.0,0.0,0.0
43,50,April,17,fast,fast,2.506715844364386,75.20147533093159,0.0,0.0,0.0
45,53,April,17,fast,fast,4.793038640369083,143.7911592110725,0.0,0.0,0.0
47,46,April,17,fast,fast,8.85537744027355,265.6613232082065,0.0,0.0,0.0
55,54,April,17,fast,fast,6.740277979710463,202.20833939131387,0.0,0.0,0.0
15,7,April,18,fast,medium,33.0,990.0,0.0,0.0,0.0
15,22,April,18,fast,medium,32.103623667224724,963.1087100167417,0.0,0.0,0.0
15,23,April,18,fast,medium,22.063997850368395,661.9199355110518,0.0,0.0,0.0
30,29,April,18,slow,fast,2.253031886180956,67.59095658542869,1.0,2.253031886180956,67.59095658542869
30,29,April,18,fast,fast,7.136544911648404,214.09634734945212,0.0,0.0,0.0
38,30,April,18,fast,medium,4.506063772361912,135.18191317085737,0.0,0.0,0.0
41,42,April,18,fast,medium,7.213328569205231,216.39985707615693,0.0,0.0,0.0
43,50,April,18,fast,fast,0.9508416666666668,28.525250000000003,0.0,0.0,0.0
45,53,April,18,fast,fast,4.859656639377128,145.78969918131384,0.0,0.0,0.0
52,53,April,18,fast,fast,12.667437988299497,380.0231396489849,0.0,0.0,0.0
55,54,April,18,fast,fast,1.3172169074353377,39.51650722306013,0.0,0.0,0.0
2,9,April,19,fast,medium,3.347948824440593,100.43846473321778,0.0,0.0,0.0
14,13,April,19,fast,fast,10.898313214688766,326.949396440663,0.0,0.0,0.0
15,7,April,19,fast,medium,33.0,990.0,0.0,0.0,0.0
15,22,April,19,fast,medium,2.4217736513850525,72.65320954155158,0.0,0.0,0.0
23,16,April,19,fast,medium,48.55475356571159,1456.6426069713477,0.0,0.0,0.0
30,29,April,19,fast,fast,7.758710501915218,232.76131505745653,0.0,0.0,0.0
34,42,April,19,fast,medium,2.8291725,84.875175,0.0,0.0,0.0
44,52,April,19,fast,fast,10.943882670396498,328.3164801118949,0.0,0.0,0.0
1,9,April,20,fast,fast,1.8586115171456878,55.75834551437063,0.0,0.0,0.0
2,9,April,20,fast,fast,8.815846756639097,264.4754026991729,0.0,0.0,0.0
15,7,April,20,medium,medium,6.645862499999884,199.37587499999654,0.0,0.0,0.0
21,13,April,20,fast,fast,14.675423693452093,440.26271080356275,0.0,0.0,0.0
23,16,April,20,fast,fast,18.801076349194943,564.0322904758483,0.0,0.0,0.0
36,29,April,20,fast,fast,1.696047090785683,50.88141272357049,0.0,0.0,0.0
39,40,April,20,fast,fast,15.785553837242311,473.56661511726935,0.0,0.0,0.0
41,42,April,20,medium,medium,2.8291725,84.875175,0.0,0.0,0.0
2,9,April,21,fast,fast,1.8225303349580422,54.675910048741265,0.0,0.0,0.0
8,1,April,21,fast,medium,6.705008401144934,201.150252034348,0.0,0.0,0.0
11,10,April,21,fast,fast,4.518507219573372,135.5552165872012,0.0,0.0,0.0
21,13,April,21,fast,medium,7.043252442908424,211.2975732872527,0.0,0.0,0.0
21,13,April,21,fast,fast,13.075047699809199,392.25143099427595,0.0,0.0,0.0
25,18,April,21,fast,medium,4.288694050060208,128.66082150180625,0.0,0.0,0.0
26,34,April,21,fast,fast,22.1600842930209,664.8025287906271,0.0,0.0,0.0
27,34,April,21,fast,fast,1.3113558824896443,39.34067647468933,0.0,0.0,0.0
39,40,April,21,fast,fast,1.371350647756401,41.14051943269203,0.0,0.0,0.0
41,42,April,21,fast,medium,2.232116616248338,66.96349848745014,0.0,0.0,0.0
15,8,April,22,fast,fast,10.352883555754575,310.58650667263726,0.0,0.0,0.0
15,22,April,22,fast,medium,2.451018914425944,73.53056743277833,0.0,0.0,0.0
17,10,April,22,fast,fast,4.381166313748423,131.4349894124527,0.0,0.0,0.0
21,13,April,22,fast,medium,11.0,330.0,0.0,0.0,0.0
21,13,April,22,fast,fast,13.075047699809197,392.2514309942759,0.0,0.0,0.0
26,34,April,22,fast,fast,13.360421624374801,400.81264873124405,0.0,0.0,0.0
41,42,April,22,fast,medium,3.183732833333333,95.511985,0.0,0.0,0.0
4,11,April,23,fast,fast,0.30868813681642315,9.260644104492695,0.0,0.0,0.0
15,8,April,23,fast,fast,17.098212489474196,512.9463746842259,0.0,0.0,0.0
15,22,April,23,fast,medium,7.71146241645225,231.3438724935675,0.0,0.0,0.0
15,22,April,23,fast,fast,25.0,750.0,0.0,0.0,0.0
21,13,April,23,fast,medium,11.0,330.0,0.0,0.0,0.0
21,13,April,23,fast,fast,13.075047699809199,392.25143099427595,0.0,0.0,0.0
52,44,April,23,fast,fast,12.062127433278173,361.8638229983452,0.0,0.0,0.0
52,53,April,23,fast,fast,5.9953213227416775,179.85963968225033,0.0,0.0,0.0
55,54,April,23,fast,medium,9.064498908936862,271.9349672681059,0.0,0.0,0.0
7,8,April,24,fast,slow,1.153809322852183,34.61427968556549,0.0,0.0,0.0
15,8,April,24,fast,slow,2.3788775411418968,71.3663262342569,0.0,0.0,0.0
15,8,April,24,fast,fast,25.0,750.0,0.0,0.0,0.0
15,22,April,24,fast,medium,14.497183780781334,434.91551342344,0.0,0.0,0.0
21,13,April,24,fast,medium,11.0,330.0,0.0,0.0,0.0
21,13,April,24,fast,fast,12.428595012230737,372.8578503669221,0.0,0.0,0.0
26,34,April,24,fast,fast,17.047492178251773,511.42476534755315,0.0,0.0,0.0
48,40,April,24,fast,fast,1.4374645490640319,43.123936471920956,0.0,0.0,0.0
15,8,April,25,fast,fast,25.0,750.0,0.0,0.0,0.0
15,22,April,25,fast,medium,14.871957074834366,446.158712245031,0.0,0.0,0.0
21,13,April,25,fast,medium,2.4938894776818117,74.81668433045435,0.0,0.0,0.0
21,13,April,25,fast,fast,10.955318177529833,328.659545325895,0.0,0.0,0.0
25,33,April,25,fast,fast,5.501226965828799,165.03680897486396,0.0,0.0,0.0
48,39,April,25,fast,fast,1.4374645490638471,43.123936471915414,0.0,0.0,0.0
11,4,April,26,fast,fast,5.86707232007721,176.0121696023163,0.0,0.0,0.0
14,13,April,26,fast,fast,2.744034106816663,82.3210232044999,0.0,0.0,0.0
15,7,April,26,fast,medium,3.943803543723556,118.31410631170668,0.0,0.0,0.0
15,8,April,26,fast,fast,25.0,750.0,0.0,0.0,0.0
17,9,April,26,fast,fast,14.43437717693756,433.03131530812675,0.0,0.0,0.0
21,13,April,26,fast,fast,10.244179093291296,307.32537279873884,0.0,0.0,0.0
34,27,April,26,medium,medium,6.872848918686245,206.18546756058734,0.0,0.0,0.0
11,4,April,27,fast,fast,23.18271164991259,695.4813494973778,0.0,0.0,0.0
15,7,April,27,fast,medium,8.829856433614005,264.89569300842015,0.0,0.0,0.0
15,8,April,27,fast,fast,23.693482178256225,710.8044653476868,0.0,0.0,0.0
17,9,April,27,fast,fast,8.039150630391504,241.1745189117451,0.0,0.0,0.0
21,13,April,27,fast,fast,15.71133693235948,471.3401079707844,0.0,0.0,0.0
29,30,April,27,fast,fast,2.4441465667301614,73.32439700190484,0.0,0.0,0.0
53,52,April,27,fast,fast,1.5137171627962296,45.41151488388689,0.0,0.0,0.0
14,13,April,28,fast,fast,12.905228764308674,387.1568629292602,0.0,0.0,0.0
15,7,April,28,fast,medium,8.58837541666655,257.6512624999965,0.0,0.0,0.0
15,8,April,28,fast,fast,24.40806152349539,732.2418457048617,0.0,0.0,0.0
17,9,April,28,fast,fast,4.690420966346931,140.71262899040792,0.0,0.0,0.0
17,10,April,28,fast,medium,49.97826215587459,1499.3478646762376,0.0,0.0,0.0
17,10,April,28,fast,fast,4.060305066856046,121.80915200568137,0.0,0.0,0.0
21,13,April,28,fast,fast,7.894231381769444,236.82694145308332,0.0,0.0,0.0
29,30,April,28,fast,fast,8.277050810505493,248.31152431516477,0.0,0.0,0.0
43,44,April,28,fast,fast,9.375992501859344,281.2797750557803,0.0,0.0,0.0
43,50,April,28,fast,fast,1.3989891666666665,41.969674999999995,0.0,0.0,0.0
45,44,April,28,fast,fast,4.26227017923064,127.8681053769192,0.0,0.0,0.0
14,13,April,29,fast,fast,18.72320942005893,561.6962826017678,0.0,0.0,0.0
14,21,April,29,fast,medium,1.0168808333333388,30.506425000000164,0.0,0.0,0.0
14,21,April,29,fast,fast,4.0784247854081705,122.35274356224511,0.0,0.0,0.0
15,7,April,29,fast,medium,5.565245833333217,166.9573749999965,0.0,0.0,0.0
15,8,April,29,fast,fast,17.83633916666655,535.0901749999965,0.0,0.0,0.0
17,10,April,29,fast,fast,13.827971449260371,414.83914347781115,0.0,0.0,0.0
26,34,April,29,fast,fast,30.555538128797323,916.6661438639197,0.0,0.0,0.0
36,28,April,29,fast,fast,2.87283497365598,86.18504920967939,0.0,0.0,0.0
43,44,April,29,fast,fast,29.427067016475416,882.8120104942625,0.0,0.0,0.0
43,50,April,29,fast,fast,1.6392321729140618,49.17696518742185,0.0,0.0,0.0
14,13,April,30,fast,medium,3.061875833333332,91.85627499999995,0.0,0.0,0.0
14,13,April,30,fast,fast,7.926446503166403,237.7933950949921,0.0,0.0,0.0
15,7,April,30,fast,medium,10.060606921646503,301.8182076493951,0.0,0.0,0.0
15,8,April,30,fast,fast,20.0,600.0,0.0,0.0,0.0
18,10,April,30,fast,medium,6.17202855073954,185.1608565221862,0.0,0.0,0.0
18,10,April,30,fast,fast,19.832445622289647,594.9733686686894,0.0,0.0,0.0
22,21,April,30,fast,medium,7.719048575644891,231.57145726934672,0.0,0.0,0.0
43,44,April,30,fast,fast,5.715500708890744,171.46502126672232,0.0,0.0,0.0
43,50,April,30,fast,fast,1.1361083333333333,34.08325,0.0,0.0,0.0
53,52,April,30,fast,fast,11.879958097810324,356.3987429343097,0.0,0.0,0.0
54,55,April,30,fast,medium,7.0625216737972565,211.8756502139177,0.0,0.0,0.0
15,7,April,31,fast,medium,9.212228333333336,276.36685000000006,0.0,0.0,0.0
15,8,April,31,fast,fast,9.057599259040707,271.7279777712212,0.0,0.0,0.0
18,10,April,31,fast,medium,25.979249735513225,779.3774920653967,0.0,0.0,0.0
18,10,April,31,fast,fast,7.920550110366111,237.61650331098335,0.0,0.0,0.0
21,13,April,31,fast,fast,1.0828814759675467,32.4864442790264,0.0,0.0,0.0
26,34,April,31,fast,fast,15.502761903159339,465.08285709478014,0.0,0.0,0.0
53,52,April,31,fast,fast,1.001522871559633,30.045686146788988,0.0,0.0,0.0
54,55,April,31,fast,fast,20.299118512823817,608.9735553847145,0.0,0.0,0.0
11,10,April,32,fast,fast,11.022098271335983,330.6629481400795,0.0,0.0,0.0
15,7,April,32,fast,medium,9.212228333333334,276.36685,0.0,0.0,0.0
15,8,April,32,fast,fast,1.061684597215919,31.85053791647757,0.0,0.0,0.0
21,13,April,32,fast,fast,6.182546188585235,185.47638565755705,0.0,0.0,0.0
27,34,April,32,fast,fast,1.5339589277102519,46.01876783130756,0.0,0.0,0.0
52,44,April,32,fast,fast,2.5217750182737007,75.65325054821102,0.0,0.0,0.0
54,55,April,32,fast,fast,0.6358719349729789,19.076158049189367,0.0,0.0,0.0
11,4,April,33,fast,fast,11.878964693614108,356.36894080842325,0.0,0.0,0.0
11,10,April,33,fast,medium,12.02310951744802,360.69328552344064,0.0,0.0,0.0
14,13,April,33,fast,fast,9.722578666666665,291.67735999999996,0.0,0.0,0.0
15,7,April,33,medium,medium,8.385808105049488,251.57424315148464,0.0,0.0,0.0
29,30,April,33,fast,fast,5.212750878516449,156.38252635549347,0.0,0.0,0.0
34,27,April,33,medium,medium,1.8022825378390621,54.06847613517186,0.0,0.0,0.0
10,9,April,34,fast,fast,8.033498168468917,241.0049450540675,0.0,0.0,0.0
10,11,April,34,fast,medium,1.4222650259714058,42.667950779142174,0.0,0.0,0.0
14,13,April,34,fast,fast,9.722578666666665,291.67735999999996,0.0,0.0,0.0
15,7,April,34,fast,medium,0.2506939925582792,7.520819776748375,0.0,0.0,0.0
15,8,April,34,fast,fast,3.8820498798606806,116.46149639582042,0.0,0.0,0.0
24,16,April,34,fast,fast,6.490744640496665,194.72233921489993,0.0,0.0,0.0
29,30,April,34,fast,fast,0.1,3.0,0.0,0.0,0.0
34,27,April,34,medium,medium,12.755821372270617,382.6746411681185,0.0,0.0,0.0
39,40,April,34,fast,fast,1.64486093178893,49.3458279536679,0.0,0.0,0.0
50,43,April,34,fast,fast,1.9037130270610447,57.11139081183134,0.0,0.0,0.0
54,55,April,34,fast,fast,8.935325333333333,268.05976,0.0,0.0,0.0
14,13,April,35,fast,fast,23.784007173279633,713.520215198389,0.0,0.0,0.0
15,7,April,35,fast,medium,1.0124408333333335,30.373225000000005,0.0,0.0,0.0
15,8,April,35,fast,fast,1.5758861666666668,47.276585000000004,0.0,0.0,0.0
29,30,April,35,fast,fast,8.491703611274396,254.75110833823186,0.0,0.0,0.0
44,43,April,35,fast,fast,3.299074864944984,98.97224594834952,0.0,0.0,0.0
54,55,April,35,fast,fast,1.9984701666666667,59.954105,0.0,0.0,0.0
14,13,April,36,fast,fast,15.095364459885062,452.8609337965519,0.0,0.0,0.0
15,7,April,36,fast,medium,1.0124408333333335,30.373225000000005,0.0,0.0,0.0
15,8,April,36,fast,fast,1.5758861666666668,47.276585000000004,0.0,0.0,0.0
54,55,April,36,fast,fast,2.0374120639583335,61.12236191875,0.0,0.0,0.0
15,7,April,37,fast,medium,5.833158875671928,174.99476627015784,0.0,0.0,0.0
15,8,April,37,fast,fast,0.591487257184997,17.744617715549907,0.0,0.0,0.0
4,11,April,38,fast,fast,0.6994932056427352,20.984796169282056,0.0,0.0,0.0
15,7,April,38,fast,medium,7.521859583333449,225.65578750000347,0.0,0.0,0.0
15,8,April,38,fast,fast,2.5340249166667808,76.02074750000342,0.0,0.0,0.0
51,43,April,39,fast,fast,2.0740279286661547,62.22083785998464,0.0,0.0,0.0
50,43,May,2,fast,medium,1.002375122423004,31.073628795113123,0.0,0.0,0.0
45,53,May,3,fast,fast,1.187102510764852,36.800177833710414,0.0,0.0,0.0
50,43,May,3,fast,medium,0.7557997298062797,23.42979162399467,0.0,0.0,0.0
50,51,May,3,fast,medium,2.5949446983591544,80.44328564913378,0.0,0.0,0.0
45,53,May,4,fast,fast,4.3568892443349725,135.06356657438414,0.0,0.0,0.0
24,16,May,11,fast,fast,3.6688463709677426,113.73423750000002,0.0,0.0,0.0
32,25,May,12,fast,fast,0.3679162037719479,11.405402316930385,0.0,0.0,0.0
32,25,May,13,fast,fast,8.240057029212423,255.4417679055851,0.0,0.0,0.0
27,34,May,14,fast,fast,8.028540684501877,248.8847612195582,0.0,0.0,0.0
11,4,May,15,fast,fast,4.356509499206602,135.05179447540468,0.0,0.0,0.0
15,7,May,15,fast,medium,7.5303918310961855,233.44214676398175,0.0,0.0,0.0
27,34,May,15,fast,fast,25.330298560564998,785.239255377515,0.0,0.0,0.0
30,29,May,15,fast,fast,8.614005326582403,267.0341651240545,0.0,0.0,0.0
30,38,May,15,fast,fast,1.0295522556054808,31.916119923769905,0.0,0.0,0.0
43,50,May,15,fast,fast,0.7300076114629275,22.630235955350752,0.0,0.0,0.0
47,46,May,15,fast,fast,6.400521853341692,198.41617745359244,0.0,0.0,0.0
11,4,May,16,fast,fast,20.0,620.0,0.0,0.0,0.0
13,21,May,16,fast,medium,1.3379891547826048,41.47766379826075,0.0,0.0,0.0
15,7,May,16,fast,medium,6.481363411250856,200.9222657487765,0.0,0.0,0.0
15,8,May,16,fast,fast,13.976217278848976,433.26273564431824,0.0,0.0,0.0
27,34,May,16,fast,fast,4.9470017506751995,153.35705427093117,0.0,0.0,0.0
30,38,May,16,fast,fast,0.3027530047000795,9.385343145702464,0.0,0.0,0.0
33,25,May,16,fast,fast,7.478117850832689,231.82165337581336,0.0,0.0,0.0
39,48,May,16,medium,medium,10.936688471155549,339.037342605822,0.0,0.0,0.0
40,48,May,16,medium,medium,5.479473000188733,169.86366300585073,0.0,0.0,0.0
43,50,May,16,fast,fast,0.8441451612903226,26.1685,0.0,0.0,0.0
47,46,May,16,fast,fast,7.032269095226155,218.0003419520108,0.0,0.0,0.0
1,2,May,17,fast,medium,0.2702934422563672,8.379096709947383,0.0,0.0,0.0
1,9,May,17,fast,medium,3.4113217965988127,105.7509756945632,0.0,0.0,0.0
11,4,May,17,fast,fast,22.08865722514453,684.7483739794804,0.0,0.0,0.0
15,7,May,17,medium,medium,31.50861765740415,976.7671473795288,0.0,0.0,0.0
15,23,May,17,medium,medium,33.35543024852539,1034.018337704287,0.0,0.0,0.0
16,24,May,17,medium,medium,13.503823654090723,418.6185332768124,0.0,0.0,0.0
19,12,May,17,fast,medium,0.5767948742997397,17.880641103291932,0.0,0.0,0.0
26,34,May,17,fast,medium,16.13723892910255,500.2544068021791,0.0,0.0,0.0
26,34,May,17,fast,fast,3.5965715685851194,111.4937186261387,0.0,0.0,0.0
32,24,May,17,fast,medium,4.451795910624402,138.00567322935646,0.0,0.0,0.0
33,25,May,17,fast,medium,1.338362473354664,41.48923667399458,0.0,0.0,0.0
33,26,May,17,fast,medium,37.468530259560254,1161.5244380463678,0.0,0.0,0.0
43,50,May,17,fast,fast,2.506715844364386,77.70819117529598,0.0,0.0,0.0
47,46,May,17,fast,fast,12.33557042414445,382.40268314847793,0.0,0.0,0.0
11,4,May,18,fast,fast,18.746103740578622,581.1292159579373,0.0,0.0,0.0
14,13,May,18,fast,fast,0.8227868586835356,25.506392619189604,0.0,0.0,0.0
15,7,May,18,fast,medium,33.0,1023.0,0.0,0.0,0.0
15,22,May,18,fast,medium,32.103623667224724,995.2123336839664,0.0,0.0,0.0
15,23,May,18,fast,fast,22.063997850368395,683.9839333614202,0.0,0.0,0.0
30,29,May,18,fast,medium,7.119129459119691,220.69301323271043,0.0,0.0,0.0
30,29,May,18,fast,fast,25.0,775.0,0.0,0.0,0.0
38,30,May,18,fast,medium,4.506063772361912,139.68797694321927,0.0,0.0,0.0
41,42,May,18,fast,medium,7.213328569205231,223.61318564536217,0.0,0.0,0.0
43,50,May,18,fast,fast,1.2462024193548387,38.632275,0.0,0.0,0.0
47,46,May,18,fast,medium,0.1,3.1,0.0,0.0,0.0
1,9,May,19,fast,medium,0.9190756485963067,28.49134510648551,0.0,0.0,0.0
2,9,May,19,fast,medium,7.615912059208313,236.0932738354577,0.0,0.0,0.0
11,4,May,19,fast,fast,16.888003450351235,523.5281069608883,0.0,0.0,0.0
14,13,May,19,fast,fast,15.916597008464876,493.4145072624112,0.0,0.0,0.0
15,7,May,19,fast,medium,33.0,1023.0,0.0,0.0,0.0
15,22,May,19,fast,medium,2.4217736513850525,75.07498319293663,0.0,0.0,0.0
17,9,May,19,fast,medium,5.730268939216627,177.63833711571544,0.0,0.0,0.0
21,13,May,19,fast,fast,0.5988637062246802,18.564774892965087,0.0,0.0,0.0
23,16,May,19,fast,medium,48.554753565711565,1505.1973605370586,0.0,0.0,0.0
30,29,May,19,fast,fast,13.367273293321894,414.3854720929787,0.0,0.0,0.0
34,27,May,19,medium,medium,4.4065903893416305,136.60430206959055,0.0,0.0,0.0
36,28,May,19,fast,medium,9.695740055790454,300.56794172950407,0.0,0.0,0.0
41,42,May,19,medium,medium,3.5923885483870968,111.364045,0.0,0.0,0.0
47,46,May,19,fast,fast,17.207818363603902,533.442369271721,0.0,0.0,0.0
1,9,May,20,fast,fast,4.41781313351937,136.9522071391005,0.0,0.0,0.0
2,9,May,20,fast,fast,8.815846756639985,273.29124945583953,0.0,0.0,0.0
10,9,May,20,fast,fast,3.0819894799584944,95.54167387871333,0.0,0.0,0.0
15,7,May,20,medium,medium,10.461942741935369,324.3202249999964,0.0,0.0,0.0
17,9,May,20,fast,fast,4.163389551785464,129.0650761053494,0.0,0.0,0.0
21,13,May,20,fast,medium,11.0,341.0,0.0,0.0,0.0
21,13,May,20,fast,fast,9.292571193452094,288.0697069970149,0.0,0.0,0.0
23,16,May,20,medium,medium,18.801076349194943,582.8333668250432,0.0,0.0,0.0
26,34,May,20,fast,medium,3.2550975208005255,100.9080231448163,0.0,0.0,0.0
36,28,May,20,fast,medium,6.000428104290918,186.0132712330185,0.0,0.0,0.0
36,28,May,20,fast,fast,25.0,775.0,0.0,0.0,0.0
36,29,May,20,fast,fast,1.696047090785683,52.577459814356175,0.0,0.0,0.0
41,42,May,20,fast,medium,3.5923885483870968,111.364045,0.0,0.0,0.0
47,46,May,20,fast,fast,17.522482082319414,543.1969445519019,0.0,0.0,0.0
2,9,May,21,fast,medium,4.245710849195202,131.61703632505126,0.0,0.0,0.0
2,9,May,21,fast,fast,1.8225303349580422,56.498440383699304,0.0,0.0,0.0
8,1,May,21,fast,medium,8.760569597540105,271.57765752374326,0.0,0.0,0.0
14,13,May,21,fast,fast,11.267105938812648,349.2802841031921,0.0,0.0,0.0
17,10,May,21,fast,medium,15.481492780426585,479.9262761932241,0.0,0.0,0.0
17,10,May,21,fast,fast,8.479209331099469,262.85548926408353,0.0,0.0,0.0
19,12,May,21,medium,medium,0.5842915974301182,18.113039520333665,0.0,0.0,0.0
21,13,May,21,fast,fast,12.807941760997188,397.0461945909128,0.0,0.0,0.0
25,18,May,21,fast,medium,16.930187146834406,524.8358015518666,0.0,0.0,0.0
26,34,May,21,fast,fast,15.195287008843863,471.05389727415974,0.0,0.0,0.0
15,8,May,22,fast,slow,5.491957096774199,170.25067000000016,0.0,0.0,0.0
15,8,May,22,fast,fast,10.575136722421243,327.82923839505855,0.0,0.0,0.0
15,22,May,22,fast,medium,13.670700917253185,423.7917284348488,0.0,0.0,0.0
17,10,May,22,fast,medium,33.82161436896902,1048.4700454380397,0.0,0.0,0.0
17,10,May,22,fast,fast,4.381166313748423,135.81615572620112,0.0,0.0,0.0
21,13,May,22,fast,medium,11.0,341.0,0.0,0.0,0.0
21,13,May,22,fast,fast,13.075047699809197,405.3264786940851,0.0,0.0,0.0
33,26,May,22,fast,medium,0.6856818164854275,21.25613631104825,0.0,0.0,0.0
15,8,May,23,fast,fast,17.661586407103826,547.5091786202186,0.0,0.0,0.0
15,22,May,23,fast,fast,19.483199183586024,603.9791746911667,0.0,0.0,0.0
21,13,May,23,fast,fast,13.075047699809199,405.32647869408515,0.0,0.0,0.0
52,44,May,23,fast,fast,12.062127433278174,373.9259504316234,0.0,0.0,0.0
52,53,May,23,fast,fast,5.9953213227416775,185.854961004992,0.0,0.0,0.0
55,54,May,23,fast,medium,8.28428957560353,256.81297684370946,0.0,0.0,0.0
7,8,May,24,fast,fast,1.153809322852183,35.768089008417675,0.0,0.0,0.0
15,8,May,24,fast,fast,23.846190677147817,739.2319109915824,0.0,0.0,0.0
15,22,May,24,fast,medium,18.029870644775414,558.9259899880378,0.0,0.0,0.0
21,13,May,24,fast,fast,12.428595012230735,385.2864453791528,0.0,0.0,0.0
26,34,May,24,fast,fast,5.363364502787363,166.26429958640824,0.0,0.0,0.0
48,40,May,24,fast,medium,1.4374645490634705,44.56140102096759,0.0,0.0,0.0
15,7,May,25,fast,medium,2.5611069520906327,79.39431551480962,0.0,0.0,0.0
15,8,May,25,fast,fast,25.0,775.0,0.0,0.0,0.0
21,13,May,25,fast,fast,10.955318177529833,339.61486350342483,0.0,0.0,0.0
25,33,May,25,fast,fast,5.501226965828799,170.53803594069277,0.0,0.0,0.0
48,39,May,25,fast,fast,1.4374645490636695,44.561401020973754,0.0,0.0,0.0
14,13,May,26,fast,fast,2.744034106816663,85.06505731131656,0.0,0.0,0.0
15,7,May,26,fast,medium,6.7404087856590404,208.95267235543025,0.0,0.0,0.0
15,8,May,26,fast,fast,25.0,775.0,0.0,0.0,0.0
21,13,May,26,fast,fast,10.244179093291296,317.5695518920302,0.0,0.0,0.0
34,27,May,26,fast,medium,6.408126418686166,198.65191897927116,0.0,0.0,0.0
11,4,May,27,fast,fast,2.147823399912596,66.58252539729048,0.0,0.0,0.0
15,7,May,27,fast,medium,16.035159443970294,497.0899427630791,0.0,0.0,0.0
15,8,May,27,fast,fast,25.0,775.0,0.0,0.0,0.0
21,13,May,27,fast,fast,15.71133693235948,487.0514449031439,0.0,0.0,0.0
14,13,May,28,fast,fast,14.369533774891416,445.4555470216339,0.0,0.0,0.0
15,7,May,28,fast,medium,11.298317338709557,350.24783749999625,0.0,0.0,0.0
15,8,May,28,fast,fast,25.0,775.0,0.0,0.0,0.0
17,9,May,28,fast,fast,4.690420966346931,145.40304995675487,0.0,0.0,0.0
17,10,May,28,fast,medium,49.97826215587459,1549.3261268321123,0.0,0.0,0.0
17,10,May,28,fast,fast,4.060305066856046,125.86945707253741,0.0,0.0,0.0
21,13,May,28,fast,fast,2.497912250049019,77.4352797515196,0.0,0.0,0.0
45,44,May,28,fast,fast,4.26227017923064,132.13037555614983,0.0,0.0,0.0
14,13,May,29,fast,fast,15.661333586725595,485.5013411884934,0.0,0.0,0.0
14,21,May,29,fast,fast,4.0784247854081705,126.43116834765328,0.0,0.0,0.0
15,7,May,29,fast,medium,8.216317338709562,254.70583749999642,0.0,0.0,0.0
15,8,May,29,fast,fast,24.462789596774194,758.3464775,0.0,0.0,0.0
17,10,May,29,fast,fast,13.827971449260371,428.6671149270715,0.0,0.0,0.0
26,34,May,29,fast,fast,20.41230802127044,632.7815486593837,0.0,0.0,0.0
43,44,May,29,fast,fast,16.734893052201677,518.781684618252,0.0,0.0,0.0
43,50,May,29,fast,fast,3.8666362903226945,119.86572500000354,0.0,0.0,0.0
14,13,May,30,fast,fast,7.926446503166403,245.7198415981585,0.0,0.0,0.0
15,7,May,30,fast,medium,8.216317338709562,254.70583749999642,0.0,0.0,0.0
15,8,May,30,fast,fast,24.4627895967742,758.3464775000002,0.0,0.0,0.0
18,10,May,30,fast,medium,12.176502723768813,377.4715844368332,0.0,0.0,0.0
18,10,May,30,fast,fast,13.827971449260371,428.6671149270715,0.0,0.0,0.0
22,21,May,30,fast,fast,7.719048575644891,239.29050584499163,0.0,0.0,0.0
53,52,May,30,fast,fast,0.1,3.1,0.0,0.0,0.0
15,7,May,31,fast,medium,11.36664637096774,352.36603749999995,0.0,0.0,0.0
15,8,May,31,fast,fast,12.410997769793388,384.74093086359505,0.0,0.0,0.0
18,10,May,31,fast,medium,8.899799845879336,275.8937952222594,0.0,0.0,0.0
18,10,May,31,fast,fast,25.0,775.0,0.0,0.0,0.0
21,13,May,31,fast,fast,6.097017423371739,189.0075401245239,0.0,0.0,0.0
26,34,May,31,fast,fast,7.259771150471174,225.05290566460639,0.0,0.0,0.0
54,55,May,31,fast,fast,14.614980846157149,453.0644062308716,0.0,0.0,0.0
11,10,May,32,fast,fast,11.022098271335983,341.68504641141544,0.0,0.0,0.0
15,7,May,32,fast,medium,11.366646370967741,352.3660375,0.0,0.0,0.0
15,8,May,32,fast,fast,4.4150831079686075,136.86757634702684,0.0,0.0,0.0
21,13,May,32,fast,fast,10.381251275889426,321.8187895525722,0.0,0.0,0.0
26,34,May,32,fast,fast,2.5529673940762834,79.14198921636478,0.0,0.0,0.0
27,34,May,32,fast,fast,6.8680349583651505,212.90908370931967,0.0,0.0,0.0
54,55,May,32,fast,fast,0.6290479349729807,19.500485984162403,0.0,0.0,0.0
11,4,May,33,fast,fast,11.878964693614108,368.2479055020374,0.0,0.0,0.0
11,10,May,33,fast,medium,12.023109517448091,372.7163950408908,0.0,0.0,0.0
14,13,May,33,fast,fast,14.562223629032259,451.42893250000003,0.0,0.0,0.0
15,7,May,33,fast,medium,8.385808105049492,259.96005125653426,0.0,0.0,0.0
29,30,May,33,fast,fast,15.896328257962127,492.78617599682593,0.0,0.0,0.0
34,27,May,33,fast,medium,1.8022825378390621,55.870758673010926,0.0,0.0,0.0
10,9,May,34,fast,fast,9.455763194440323,293.12865902765,0.0,0.0,0.0
14,13,May,34,fast,fast,14.562223629032259,451.42893250000003,0.0,0.0,0.0
15,7,May,34,fast,medium,5.000674690366036,155.02091540134714,0.0,0.0,0.0
15,8,May,34,fast,fast,7.389322949753156,229.06901144234783,0.0,0.0,0.0
24,16,May,34,fast,medium,6.490744640496665,201.2130838553966,0.0,0.0,0.0
29,30,May,34,fast,fast,10.71101154870705,332.04135800991855,0.0,0.0,0.0
34,27,May,34,fast,medium,12.755821372270617,395.43046254038916,0.0,0.0,0.0
50,43,May,34,fast,fast,1.9037130270610447,59.01510383889239,0.0,0.0,0.0
54,55,May,34,fast,fast,10.478840164711235,324.84404510604827,0.0,0.0,0.0
14,13,May,35,fast,fast,23.784007173279633,737.3042223716686,0.0,0.0,0.0
15,7,May,35,fast,medium,5.2921540796619055,164.05677646951906,0.0,0.0,0.0
15,8,May,35,fast,fast,3.4319641129032266,106.39088750000002,0.0,0.0,0.0
29,30,May,35,fast,fast,8.491703611274396,263.2428119495063,0.0,0.0,0.0
44,43,May,35,fast,fast,3.299074864944984,102.27132081329451,0.0,0.0,0.0
54,55,May,35,fast,fast,4.246900494885957,131.65391534146468,0.0,0.0,0.0
14,13,May,36,fast,fast,15.095364459885062,467.9562982564369,0.0,0.0,0.0
15,7,May,36,fast,medium,2.629817577942047,81.52434491620346,0.0,0.0,0.0
15,8,May,36,fast,fast,5.78821411290558,179.43463750007297,0.0,0.0,0.0
51,43,May,36,fast,fast,3.5374471872677873,109.6608628053014,0.0,0.0,0.0
14,13,May,37,fast,fast,1.129825806451613,35.0246,0.0,0.0,0.0
15,7,May,37,fast,medium,8.026032258064632,248.8070000000036,0.0,0.0,0.0
15,8,May,37,fast,fast,3.3187806451614046,102.88220000000354,0.0,0.0,0.0
30,38,May,37,fast,fast,1.219213161508705,37.795608006769854,0.0,0.0,0.0
4,11,May,38,fast,fast,0.699493205642824,21.684289374927545,0.0,0.0,0.0
15,7,May,38,fast,medium,8.026032258064632,248.8070000000036,0.0,0.0,0.0
15,8,May,38,fast,fast,3.3187806451614046,102.88220000000354,0.0,0.0,0.0
51,43,May,38,fast,fast,1.1344,35.1664,0.0,0.0,0.0
51,43,May,39,fast,fast,2.0740279286661547,64.2948657886508,0.0,0.0,0.0
50,43,June,2,fast,medium,1.002375122423004,30.07125367269012,0.0,0.0,0.0
45,53,June,3,fast,fast,1.1871025107648663,35.61307532294599,0.0,0.0,0.0
50,43,June,3,fast,medium,0.7557997298061849,22.673991894185548,0.0,0.0,0.0
50,51,June,3,fast,medium,2.5949446983592495,77.84834095077748,0.0,0.0,0.0
45,53,June,4,fast,fast,4.3568892443349725,130.70667733004916,0.0,0.0,0.0
22,21,June,7,fast,fast,0.1268469166666666,3.8054074999999976,0.0,0.0,0.0
24,17,June,7,fast,medium,0.17337591666666674,5.201277500000002,0.0,0.0,0.0
24,23,June,7,fast,fast,0.14401833333333336,4.320550000000001,0.0,0.0,0.0
24,25,June,7,fast,fast,0.24870858333333337,7.461257500000001,0.0,0.0,0.0
45,53,June,7,fast,fast,0.17005241666666665,5.1015725,0.0,0.0,0.0
22,21,June,8,fast,fast,0.1268469166666667,3.805407500000001,0.0,0.0,0.0
24,17,June,8,fast,medium,0.17337591666666669,5.201277500000001,0.0,0.0,0.0
24,23,June,8,fast,fast,0.14401833333333336,4.320550000000001,0.0,0.0,0.0
24,25,June,8,fast,fast,0.24870858333333337,7.461257500000001,0.0,0.0,0.0
55,54,June,8,fast,fast,0.13177991914817253,3.9533975744451757,0.0,0.0,0.0
15,23,June,9,fast,fast,0.6253052399049879,18.759157197149637,0.0,0.0,0.0
24,17,June,9,fast,medium,0.8176514292452826,24.529542877358477,0.0,0.0,0.0
25,18,June,9,fast,fast,0.1441909999998856,4.325729999996568,0.0,0.0,0.0
55,54,June,9,fast,fast,2.2763143329687745,68.28942998906324,0.0,0.0,0.0
15,23,June,10,fast,fast,1.7360850000000005,52.08255000000002,0.0,0.0,0.0
24,17,June,10,medium,medium,2.089979250000006,62.69937750000018,0.0,0.0,0.0
25,18,June,10,fast,fast,0.14419099999988605,4.3257299999965815,0.0,0.0,0.0
55,54,June,10,fast,fast,2.083302,62.49906000000001,0.0,0.0,0.0
15,22,June,11,fast,fast,1.3437804999998804,40.31341499999641,0.0,0.0,0.0
15,23,June,11,fast,fast,1.3732274514472604,41.196823543417814,0.0,0.0,0.0
24,16,June,11,fast,fast,3.6274087500000003,108.82226250000001,0.0,0.0,0.0
24,17,June,11,fast,medium,3.98378575,119.5135725,0.0,0.0,0.0
25,18,June,11,fast,fast,4.11913636841852,123.57409105255559,0.0,0.0,0.0
24,17,June,12,medium,medium,3.98378575,119.5135725,0.0,0.0,0.0
32,25,June,12,fast,fast,0.30263377635259214,9.079013290577764,0.0,0.0,0.0
21,14,June,13,fast,fast,9.076945687761826,272.3083706328548,0.0,0.0,0.0
23,15,June,13,medium,medium,4.880911502008033,146.42734506024098,0.0,0.0,0.0
32,25,June,13,fast,fast,5.975199642115648,179.25598926346942,0.0,0.0,0.0
45,53,June,13,fast,fast,23.576263911900526,707.2879173570158,0.0,0.0,0.0
19,12,June,14,medium,medium,1.4911959358518325,44.73587807555498,0.0,0.0,0.0
27,34,June,14,fast,fast,8.028540684501884,240.85622053505654,0.0,0.0,0.0
47,46,June,14,fast,fast,7.500102541864712,225.00307625594138,0.0,0.0,0.0
27,34,June,15,fast,fast,9.25228888314576,277.5686664943728,0.0,0.0,0.0
30,29,June,15,fast,fast,3.4175524270271946,102.52657281081584,0.0,0.0,0.0
43,50,June,15,fast,fast,0.7401066666666667,22.203200000000002,0.0,0.0,0.0
47,46,June,15,fast,fast,9.282388154416957,278.4716446325087,0.0,0.0,0.0
13,21,June,16,fast,medium,1.3379891547826048,40.139674643478145,0.0,0.0,0.0
15,7,June,16,fast,medium,6.481363411250856,194.44090233752567,0.0,0.0,0.0
15,8,June,16,fast,fast,13.976217278848976,419.2865183654693,0.0,0.0,0.0
30,38,June,16,fast,fast,0.3027530047000795,9.082590141002385,0.0,0.0,0.0
33,25,June,16,fast,medium,7.478117850832689,224.34353552498067,0.0,0.0,0.0
39,48,June,16,fast,medium,10.936688471155549,328.10065413466646,0.0,0.0,0.0
40,48,June,16,medium,medium,5.479473000188733,164.384190005662,0.0,0.0,0.0
43,50,June,16,fast,fast,0.40397279017796534,12.11918370533896,0.0,0.0,0.0
47,46,June,16,fast,fast,7.032269095226155,210.96807285678466,0.0,0.0,0.0
1,2,June,17,fast,medium,0.2702934422563956,8.108803267691869,0.0,0.0,0.0
1,9,June,17,fast,fast,3.4113217965988127,102.33965389796438,0.0,0.0,0.0
11,4,June,17,fast,fast,18.12744328966066,543.8232986898198,0.0,0.0,0.0
15,7,June,17,fast,medium,31.50861765740416,945.2585297221248,0.0,0.0,0.0
15,23,June,17,fast,medium,33.35543024852538,1000.6629074557613,0.0,0.0,0.0
16,24,June,17,fast,medium,13.503823654090723,405.1147096227217,0.0,0.0,0.0
25,18,June,17,fast,medium,7.122584173081535,213.67752519244604,0.0,0.0,0.0
26,34,June,17,fast,fast,12.611226324606193,378.33678973818576,0.0,0.0,0.0
32,24,June,17,medium,medium,4.451795910624388,133.55387731873165,0.0,0.0,0.0
33,25,June,17,fast,medium,8.460946646436199,253.82839939308596,0.0,0.0,0.0
33,26,June,17,fast,medium,30.345946086478776,910.3783825943633,0.0,0.0,0.0
43,50,June,17,fast,fast,2.506715844364386,75.20147533093159,0.0,0.0,0.0
45,53,June,17,fast,fast,3.105821160999133,93.17463482997398,0.0,0.0,0.0
47,46,June,17,fast,medium,8.855377440273415,265.6613232082025,0.0,0.0,0.0
11,4,June,18,fast,fast,12.248493479604438,367.45480438813314,0.0,0.0,0.0
15,7,June,18,fast,medium,33.0,990.0,0.0,0.0,0.0
15,22,June,18,fast,medium,32.103623667224724,963.1087100167417,0.0,0.0,0.0
15,23,June,18,fast,medium,22.063997850368395,661.9199355110518,0.0,0.0,0.0
30,29,June,18,fast,medium,16.803205250000012,504.09615750000034,0.0,0.0,0.0
30,29,June,18,fast,fast,9.38957679782936,281.6873039348808,0.0,0.0,0.0
38,30,June,18,fast,fast,4.506063772361912,135.18191317085737,0.0,0.0,0.0
41,42,June,18,medium,medium,7.213328569205231,216.39985707615693,0.0,0.0,0.0
43,50,June,18,fast,fast,1.0914675000000003,32.74402500000001,0.0,0.0,0.0
2,9,June,19,fast,medium,3.5857061577739344,107.57118473321803,0.0,0.0,0.0
11,4,June,19,fast,fast,0.47103221767369874,14.130966530210962,0.0,0.0,0.0
14,13,June,19,fast,medium,5.561351166666672,166.84053500000016,0.0,0.0,0.0
14,13,June,19,fast,fast,5.515460714688768,165.46382144066303,0.0,0.0,0.0
15,7,June,19,fast,medium,33.0,990.0,0.0,0.0,0.0
15,22,June,19,fast,medium,2.4217736513850525,72.65320954155158,0.0,0.0,0.0
23,16,June,19,fast,medium,48.554753565711565,1456.642606971347,0.0,0.0,0.0
30,29,June,19,fast,medium,5.608562791406676,168.25688374220027,0.0,0.0,0.0
30,29,June,19,fast,fast,7.758710501915218,232.76131505745653,0.0,0.0,0.0
34,27,June,19,fast,medium,1.5393232433436932,46.17969730031079,0.0,0.0,0.0
34,42,June,19,fast,medium,2.845793833333334,85.37381500000002,0.0,0.0,0.0
39,40,June,19,fast,medium,0.3463018503790707,10.38905551137212,0.0,0.0,0.0
1,9,June,20,fast,medium,7.843758727327819,235.31276181983455,0.0,0.0,0.0
1,9,June,20,fast,fast,1.8586115171456878,55.75834551437063,0.0,0.0,0.0
2,9,June,20,fast,fast,8.815846756639097,264.4754026991729,0.0,0.0,0.0
15,7,June,20,slow,medium,6.728969166666554,201.8690749999966,0.5,3.364484583333277,100.9345374999983
21,13,June,20,fast,medium,5.561351166666672,166.84053500000016,0.0,0.0,0.0
21,13,June,20,fast,fast,9.292571193452094,278.7771358035628,0.0,0.0,0.0
23,16,June,20,fast,fast,18.801076349194943,564.0322904758483,0.0,0.0,0.0
36,29,June,20,fast,fast,1.696047090785683,50.88141272357049,0.0,0.0,0.0
39,40,June,20,fast,fast,15.483479170575634,464.50437511726903,0.0,0.0,0.0
41,42,June,20,fast,medium,2.845793833333334,85.37381500000002,0.0,0.0,0.0
2,9,June,21,fast,medium,4.245710849195202,127.37132547585605,0.0,0.0,0.0
2,9,June,21,fast,fast,1.8225303349580422,54.675910048741265,0.0,0.0,0.0
8,1,June,21,fast,medium,7.998589984478269,239.95769953434805,0.0,0.0,0.0
11,10,June,21,fast,medium,4.206648161476835,126.19944484430505,0.0,0.0,0.0
17,10,June,21,fast,medium,26.950088029049454,808.5026408714837,0.0,0.0,0.0
17,10,June,21,fast,fast,4.518507219573372,135.5552165872012,0.0,0.0,0.0
21,13,June,21,fast,medium,5.22588935957509,156.7766807872527,0.0,0.0,0.0
21,13,June,21,fast,fast,13.075047699809199,392.25143099427595,0.0,0.0,0.0
25,18,June,21,fast,medium,7.431383050060205,222.94149150180615,0.0,0.0,0.0
26,34,June,21,fast,medium,7.7956911310455155,233.87073393136546,0.0,0.0,0.0
26,34,June,21,fast,fast,15.195287008843863,455.85861026531586,0.0,0.0,0.0
41,42,June,21,fast,medium,3.3662627499999997,100.9878825,0.0,0.0,0.0
12,19,June,22,fast,medium,1.0947899348279453,32.84369804483836,0.0,0.0,0.0
15,8,June,22,fast,fast,10.575136722421243,317.2541016726373,0.0,0.0,0.0
15,22,June,22,fast,medium,4.847716081092614,145.4314824327784,0.0,0.0,0.0
17,10,June,22,fast,medium,41.3295075060658,1239.885225181974,0.0,0.0,0.0
17,10,June,22,fast,fast,4.381166313748423,131.4349894124527,0.0,0.0,0.0
21,13,June,22,fast,fast,24.075047699809822,722.2514309942947,0.0,0.0,0.0
21,14,June,22,fast,medium,2.926932010738625,87.80796032215875,0.0,0.0,0.0
26,34,June,22,fast,fast,9.868544957708124,296.0563487312437,0.0,0.0,0.0
9,1,June,23,fast,medium,7.6683667490385545,230.05100247115664,0.0,0.0,0.0
12,19,June,23,medium,medium,0.7207799348279469,21.623398044838407,0.0,0.0,0.0
15,8,June,23,fast,fast,17.661586407103826,529.8475922131148,0.0,0.0,0.0
15,22,June,23,fast,medium,8.664851249785578,259.9455374935673,0.0,0.0,0.0
15,22,June,23,fast,fast,25.0,750.0,0.0,0.0,0.0
17,10,June,23,medium,medium,10.128614077922805,303.85842233768415,0.0,0.0,0.0
21,13,June,23,fast,fast,13.075047699809199,392.25143099427595,0.0,0.0,0.0
25,26,June,23,fast,medium,15.416353462472223,462.4906038741667,0.0,0.0,0.0
52,44,June,23,fast,fast,12.062127433278174,361.86382299834526,0.0,0.0,0.0
52,53,June,23,fast,fast,5.9953213227416775,179.85963968225033,0.0,0.0,0.0
55,54,June,23,fast,medium,8.347878825603537,250.4363647681061,0.0,0.0,0.0
7,8,June,24,fast,slow,1.153809322852183,34.61427968556549,0.0,0.0,0.0
15,8,June,24,fast,slow,1.4254887078085687,42.76466123425706,0.0,0.0,0.0
15,8,June,24,fast,fast,25.0,750.0,0.0,0.0,0.0
15,22,June,24,fast,medium,15.450572614114662,463.5171784234399,0.0,0.0,0.0
21,13,June,24,fast,fast,15.781520408516618,473.44561225549853,0.0,0.0,0.0
21,14,June,24,fast,medium,1.8839160512704822,56.51748153811447,0.0,0.0,0.0
25,33,June,24,fast,fast,3.5775938739994757,107.32781621998427,0.0,0.0,0.0
26,34,June,24,fast,fast,19.230011752787746,576.9003525836324,0.0,0.0,0.0
48,40,June,24,fast,fast,6.244042799064097,187.32128397192292,0.0,0.0,0.0
15,8,June,25,fast,fast,25.0,750.0,0.0,0.0,0.0
15,22,June,25,fast,medium,15.035741741501038,451.07225224503117,0.0,0.0,0.0
17,10,June,25,fast,medium,19.99999900000057,599.9999700000171,0.0,0.0,0.0
21,13,June,25,fast,medium,11.0,330.0,0.0,0.0,0.0
21,13,June,25,fast,fast,10.955318177529833,328.659545325895,0.0,0.0,0.0
25,33,June,25,fast,medium,19.531980643400168,585.959419302005,0.0,0.0,0.0
25,33,June,25,fast,fast,5.501226965828799,165.03680897486396,0.0,0.0,0.0
26,33,June,25,medium,medium,7.037555523266384,211.12666569799154,0.0,0.0,0.0
48,39,June,25,fast,fast,2.7661988651975875,82.98596595592763,0.0,0.0,0.0
48,40,June,25,fast,medium,3.682679517199844,110.48038551599532,0.0,0.0,0.0
11,4,June,26,fast,fast,0.1,3.0,0.0,0.0,0.0
14,13,June,26,fast,fast,2.744034106816663,82.3210232044999,0.0,0.0,0.0
15,7,June,26,fast,medium,4.006171877056888,120.18515631170663,0.0,0.0,0.0
15,8,June,26,fast,fast,25.0,750.0,0.0,0.0,0.0
17,9,June,26,fast,fast,14.43437717693756,433.03131530812675,0.0,0.0,0.0
17,10,June,26,fast,medium,18.43648385015325,553.0945155045976,0.0,0.0,0.0
21,13,June,26,fast,fast,19.543491262867356,586.3047378860207,0.0,0.0,0.0
25,33,June,26,fast,medium,15.43601447685765,463.0804343057295,0.0,0.0,0.0
34,27,June,26,fast,medium,6.6445265853529065,199.3357975605872,0.0,0.0,0.0
11,4,June,27,fast,fast,22.82923650311485,684.8770950934455,0.0,0.0,0.0
15,7,June,27,fast,medium,16.531930416666665,495.95791249999996,0.0,0.0,0.0
15,8,June,27,fast,fast,25.0,750.0,0.0,0.0,0.0
17,9,June,27,fast,fast,8.039150630391504,241.1745189117451,0.0,0.0,0.0
17,10,June,27,fast,medium,36.17118946716293,1085.135684014888,0.0,0.0,0.0
21,13,June,27,fast,medium,1.2190483490261457,36.57145047078437,0.0,0.0,0.0
21,13,June,27,fast,fast,25.0,750.0,0.0,0.0,0.0
26,34,June,27,fast,fast,24.290410704251347,728.7123211275403,0.0,0.0,0.0
29,30,June,27,fast,fast,0.9669155667301581,29.007467001904743,0.0,0.0,0.0
45,44,June,27,fast,fast,16.54657512841807,496.3972538525421,0.0,0.0,0.0
14,13,June,28,fast,fast,13.78848176430867,413.6544529292601,0.0,0.0,0.0
15,7,June,28,fast,medium,16.531930416666665,495.95791249999996,0.0,0.0,0.0
15,8,June,28,fast,fast,25.0,750.0,0.0,0.0,0.0
17,9,June,28,fast,fast,4.690420966346931,140.71262899040792,0.0,0.0,0.0
17,10,June,28,fast,medium,49.97826215587459,1499.3478646762376,0.0,0.0,0.0
17,10,June,28,fast,fast,4.060305066856046,121.80915200568137,0.0,0.0,0.0
21,13,June,28,fast,fast,7.010978381769448,210.32935145308343,0.0,0.0,0.0
29,30,June,28,fast,fast,9.49971981050549,284.99159431516466,0.0,0.0,0.0
33,26,June,28,fast,medium,6.443624930700231,193.30874792100695,0.0,0.0,0.0
45,44,June,28,fast,fast,36.61552111325171,1098.4656333975513,0.0,0.0,0.0
51,50,June,28,fast,fast,1.6169294208333223,48.50788262499967,0.0,0.0,0.0
9,1,June,29,fast,medium,1.9194504850372027,57.58351455111608,0.0,0.0,0.0
14,13,June,29,fast,medium,4.86363791666667,145.9091375000001,0.0,0.0,0.0
14,13,June,29,fast,fast,15.661333586725595,469.84000760176787,0.0,0.0,0.0
14,21,June,29,fast,medium,2.6873404166666752,80.62021250000026,0.0,0.0,0.0
14,21,June,29,fast,fast,4.0784247854081705,122.35274356224511,0.0,0.0,0.0
15,7,June,29,fast,medium,13.90412291666667,417.12368750000013,0.0,0.0,0.0
15,8,June,29,fast,fast,22.09074696688468,662.7224090065404,0.0,0.0,0.0
17,10,June,29,fast,medium,26.215166449260384,786.4549934778115,0.0,0.0,0.0
17,10,June,29,fast,fast,25.0,750.0,0.0,0.0,0.0
26,34,June,29,fast,fast,22.60907935686992,678.2723807060976,0.0,0.0,0.0
43,44,June,29,fast,fast,23.625809655824362,708.7742896747309,0.0,0.0,0.0
51,50,June,29,fast,fast,1.2090541666666663,36.271624999999986,0.0,0.0,0.0
14,13,June,30,fast,fast,12.790084419833072,383.70253259499214,0.0,0.0,0.0
15,7,June,30,fast,medium,13.90412291666667,417.12368750000013,0.0,0.0,0.0
15,8,June,30,fast,fast,21.64206958333334,649.2620875000001,0.0,0.0,0.0
17,10,June,30,fast,medium,25.210692276231182,756.3207682869355,0.0,0.0,0.0
18,10,June,30,fast,medium,12.17650272376881,365.2950817130643,0.0,0.0,0.0
18,10,June,30,fast,fast,13.827971449260374,414.83914347781126,0.0,0.0,0.0
22,21,June,30,medium,fast,7.719048575644891,231.57145726934672,0.5,3.8595242878224454,115.78572863467336
29,30,June,30,fast,fast,5.198126330653665,155.94378991960994,0.0,0.0,0.0
33,26,June,30,fast,medium,10.441527609865105,313.2458282959532,0.0,0.0,0.0
45,44,June,30,fast,fast,24.31890667155642,729.5672001466926,0.0,0.0,0.0
51,50,June,30,fast,fast,1.2090541666666668,36.271625,0.0,0.0,0.0
53,52,June,30,fast,fast,13.254146435382726,397.6243930614818,0.0,0.0,0.0
54,55,June,30,fast,medium,14.373010977130583,431.1903293139175,0.0,0.0,0.0
15,7,June,31,fast,medium,10.624138371975842,318.72415115927527,0.0,0.0,0.0
15,8,June,31,fast,fast,12.104403009040707,363.1320902712212,0.0,0.0,0.0
18,10,June,31,fast,medium,8.899799845879336,266.9939953763801,0.0,0.0,0.0
18,10,June,31,fast,fast,25.0,750.0,0.0,0.0,0.0
21,13,June,31,fast,fast,5.29213338155051,158.7640014465153,0.0,0.0,0.0
26,34,June,31,fast,fast,12.750254008420072,382.5076202526021,0.0,0.0,0.0
45,44,June,31,fast,fast,8.706732057011035,261.20196171033103,0.0,0.0,0.0
53,52,June,31,fast,fast,5.2398141215596326,157.19442364678898,0.0,0.0,0.0
54,55,June,31,fast,medium,9.547961416666666,286.43884249999996,0.0,0.0,0.0
54,55,June,31,fast,fast,14.614980846157149,438.44942538471446,0.0,0.0,0.0
11,10,June,32,fast,medium,23.276696278240678,698.3008883472203,0.0,0.0,0.0
11,10,June,32,fast,fast,11.022098271335983,330.6629481400795,0.0,0.0,0.0
15,7,June,32,fast,medium,11.169672083333333,335.0901625,0.0,0.0,0.0
15,8,June,32,fast,fast,4.1084883472159195,123.25465041647759,0.0,0.0,0.0
21,13,June,32,fast,fast,10.381251275889426,311.43753827668274,0.0,0.0,0.0
26,34,June,32,fast,fast,4.879810913259654,146.3943273977896,0.0,0.0,0.0
27,34,June,32,fast,fast,3.820094264450603,114.60282793351809,0.0,0.0,0.0
29,30,June,32,fast,fast,12.52581225294698,375.7743675884094,0.0,0.0,0.0
45,44,June,32,fast,fast,6.81639379188146,204.49181375644378,0.0,0.0,0.0
51,50,June,32,fast,fast,0.9712758333333333,29.138275,0.0,0.0,0.0
52,44,June,32,fast,fast,2.5649449763922476,76.94834929176743,0.0,0.0,0.0
54,55,June,32,fast,fast,0.6290479349729807,18.871438049189422,0.0,0.0,0.0
11,4,June,33,fast,fast,11.878964693614112,356.36894080842336,0.0,0.0,0.0
11,10,June,33,fast,medium,12.023109517448017,360.6932855234405,0.0,0.0,0.0
14,13,June,33,fast,fast,15.686023166666667,470.580695,0.0,0.0,0.0
15,7,June,33,fast,medium,7.795553341166805,233.86660023500414,0.0,0.0,0.0
15,8,June,33,fast,fast,0.5902547638827009,17.707642916481028,0.0,0.0,0.0
29,30,June,33,fast,fast,6.991465938550785,209.74397815652355,0.0,0.0,0.0
34,27,June,33,medium,medium,1.8022825378390621,54.06847613517186,0.0,0.0,0.0
45,44,June,33,fast,fast,0.625561483164077,18.76684449492231,0.0,0.0,0.0
10,9,June,34,fast,fast,9.455763194440323,283.6728958332097,0.0,0.0,0.0
14,13,June,34,fast,fast,15.686023166666667,470.580695,0.0,0.0,0.0
15,8,June,34,fast,fast,10.703736379860796,321.1120913958239,0.0,0.0,0.0
24,16,June,34,fast,fast,6.490744640496665,194.72233921489993,0.0,0.0,0.0
29,30,June,34,fast,fast,12.15329678526619,364.59890355798575,0.0,0.0,0.0
34,27,June,34,fast,medium,12.755821372270617,382.6746411681185,0.0,0.0,0.0
45,53,June,34,fast,fast,0.5928251820956727,17.78475546287018,0.0,0.0,0.0
50,43,June,34,fast,fast,1.9037130270610447,57.11139081183134,0.0,0.0,0.0
54,55,June,34,fast,fast,10.861076667043427,325.83230001130283,0.0,0.0,0.0
14,13,June,35,fast,fast,23.784007173279633,713.520215198389,0.0,0.0,0.0
15,7,June,35,fast,medium,0.1,3.0,0.0,0.0,0.0
15,8,June,35,fast,fast,4.580997833333334,137.42993500000003,0.0,0.0,0.0
29,30,June,35,fast,fast,8.491703611274396,254.75110833823186,0.0,0.0,0.0
44,43,June,35,fast,fast,3.299074864944984,98.97224594834952,0.0,0.0,0.0
54,55,June,35,fast,fast,5.809421833333333,174.282655,0.0,0.0,0.0
14,13,June,36,fast,fast,15.095364459885062,452.8609337965519,0.0,0.0,0.0
15,7,June,36,fast,medium,1.9681330223774869,59.04399067132461,0.0,0.0,0.0
15,8,June,36,fast,fast,4.580997833333333,137.429935,0.0,0.0,0.0
54,55,June,36,fast,fast,1.990040198413977,59.701205952419315,0.0,0.0,0.0
15,7,June,37,fast,medium,0.8100312500000003,24.30093750000001,0.0,0.0,0.0
15,8,June,37,fast,fast,1.26083125,37.824937500000004,0.0,0.0,0.0
30,38,June,37,fast,fast,0.43636376634741225,13.090912990422368,0.0,0.0,0.0
4,11,June,38,fast,fast,0.699493205642824,20.98479616928472,0.0,0.0,0.0
15,7,June,38,fast,medium,0.8100312500000003,24.30093750000001,0.0,0.0,0.0
15,8,June,38,fast,fast,1.26083125,37.824937500000004,0.0,0.0,0.0
51,43,June,39,fast,fast,2.0740279286661547,62.22083785998464,0.0,0.0,0.0
50,43,July,2,fast,medium,1.002375122423004,31.073628795113123,0.0,0.0,0.0
45,53,July,3,fast,fast,1.187102510764852,36.800177833710414,0.0,0.0,0.0
50,43,July,3,fast,fast,0.7557997298062169,23.429791623992724,0.0,0.0,0.0
50,51,July,3,fast,medium,2.5949446983592175,80.44328564913575,0.0,0.0,0.0
45,53,July,4,fast,fast,4.356889244334958,135.0635665743837,0.0,0.0,0.0
24,16,July,11,fast,fast,3.290210080645162,101.99651250000002,0.0,0.0,0.0
21,14,July,13,fast,fast,4.045225978084412,125.40200532061677,0.0,0.0,0.0
27,34,July,14,fast,fast,8.028540684501884,248.8847612195584,0.0,0.0,0.0
27,34,July,15,fast,fast,9.252288883145631,286.82095537751457,0.0,0.0,0.0
13,21,July,16,fast,fast,1.3379891547826048,41.47766379826075,0.0,0.0,0.0
15,7,July,16,fast,medium,6.481363411250856,200.9222657487765,0.0,0.0,0.0
15,8,July,16,fast,fast,13.976217278848976,433.26273564431824,0.0,0.0,0.0
30,38,July,16,fast,fast,0.3027530047000795,9.385343145702464,0.0,0.0,0.0
33,25,July,16,fast,medium,7.478117850832689,231.82165337581336,0.0,0.0,0.0
39,48,July,16,fast,medium,10.936688471155477,339.0373426058198,0.0,0.0,0.0
40,48,July,16,fast,medium,5.479473000188733,169.86366300585073,0.0,0.0,0.0
1,2,July,17,fast,medium,0.27029344225642404,8.379096709949145,0.0,0.0,0.0
1,9,July,17,fast,medium,3.411321796598699,105.75097569455967,0.0,0.0,0.0
15,7,July,17,fast,medium,31.50861765740415,976.7671473795288,0.0,0.0,0.0
15,23,July,17,fast,medium,33.35543024852539,1034.018337704287,0.0,0.0,0.0
16,24,July,17,fast,medium,13.503823654090723,418.6185332768124,0.0,0.0,0.0
25,18,July,17,fast,medium,16.137238929102715,500.2544068021842,0.0,0.0,0.0
26,34,July,17,fast,fast,3.5965715685851265,111.49371862613893,0.0,0.0,0.0
32,24,July,17,fast,medium,4.451795910624402,138.00567322935646,0.0,0.0,0.0
33,25,July,17,fast,medium,17.475601402457265,541.7436434761752,0.0,0.0,0.0
33,26,July,17,fast,medium,21.33129133045771,661.270031244189,0.0,0.0,0.0
43,50,July,17,fast,fast,2.506715844364386,77.70819117529598,0.0,0.0,0.0
47,46,July,17,fast,medium,8.85537744027355,274.51670064848,0.0,0.0,0.0
55,54,July,17,fast,fast,0.7707973757665362,23.89471864876262,0.0,0.0,0.0
15,7,July,18,fast,medium,33.0,1023.0,0.0,0.0,0.0
15,22,July,18,fast,medium,32.10362366722471,995.212333683966,0.0,0.0,0.0
15,23,July,18,fast,medium,22.063997850368388,683.98393336142,0.0,0.0,0.0
30,29,July,18,fast,fast,7.771322627283709,240.91100144579497,0.0,0.0,0.0
38,30,July,18,fast,fast,4.506063772361912,139.68797694321927,0.0,0.0,0.0
41,42,July,18,medium,medium,7.213328569205231,223.61318564536217,0.0,0.0,0.0
55,54,July,18,fast,fast,1.3172169074353377,40.83372413049547,0.0,0.0,0.0
14,13,July,19,fast,fast,2.589890553398444,80.28660715535176,0.0,0.0,0.0
15,7,July,19,fast,medium,33.0,1023.0,0.0,0.0,0.0
15,22,July,19,fast,medium,2.4217736513850525,75.07498319293663,0.0,0.0,0.0
23,16,July,19,fast,medium,48.554753565711565,1505.1973605370586,0.0,0.0,0.0
30,29,July,19,fast,fast,4.487482276108647,139.11195055936807,0.0,0.0,0.0
34,42,July,19,medium,medium,2.0555137096774203,63.72092500000003,0.0,0.0,0.0
15,7,July,20,medium,medium,2.7775685483869808,86.1046249999964,0.0,0.0,0.0
21,13,July,20,fast,fast,6.36700103216177,197.37703199701488,0.0,0.0,0.0
23,16,July,20,fast,fast,18.801076349194943,582.8333668250432,0.0,0.0,0.0
36,29,July,20,fast,fast,0.4700258402379234,14.570801047375625,0.0,0.0,0.0
39,40,July,20,fast,medium,4.140962117904081,128.36982565502652,0.0,0.0,0.0
39,40,July,20,fast,fast,0.9584795589681789,29.712866328013547,0.0,0.0,0.0
21,13,July,21,fast,fast,12.320627457873718,381.9394511940852,0.0,0.0,0.0
39,40,July,21,fast,fast,12.219679633867276,378.8100686498856,0.0,0.0,0.0
15,8,July,22,fast,fast,0.6458200288727429,20.020420895055032,0.0,0.0,0.0
21,13,July,22,fast,fast,12.320627457873718,381.9394511940852,0.0,0.0,0.0
15,7,July,23,fast,medium,0.9771380789617297,30.29128044781362,0.0,0.0,0.0
15,8,July,23,fast,fast,17.661586407103826,547.5091786202186,0.0,0.0,0.0
15,22,July,23,fast,medium,3.1552893548385974,97.81396999999652,0.0,0.0,0.0
15,22,July,23,fast,fast,15.350771749785697,475.8739242433566,0.0,0.0,0.0
21,13,July,23,fast,fast,13.075047699809199,405.32647869408515,0.0,0.0,0.0
52,44,July,23,fast,fast,12.062127433278174,373.9259504316234,0.0,0.0,0.0
52,53,July,23,fast,fast,5.9953213227416775,185.854961004992,0.0,0.0,0.0
55,54,July,23,fast,medium,8.28428957560353,256.81297684370946,0.0,0.0,0.0
7,8,July,24,fast,fast,1.153809322852183,35.768089008417675,0.0,0.0,0.0
15,8,July,24,fast,fast,23.846190677147817,739.2319109915824,0.0,0.0,0.0
15,23,July,24,fast,medium,18.029870644775414,558.9259899880378,0.0,0.0,0.0
21,13,July,24,fast,fast,12.428595012230735,385.2864453791528,0.0,0.0,0.0
48,40,July,24,fast,fast,1.4374645490640319,44.56140102098499,0.0,0.0,0.0
15,8,July,25,fast,fast,15.704328870967629,486.8341949999965,0.0,0.0,0.0
21,13,July,25,fast,fast,0.1,3.1,0.0,0.0,0.0
48,39,July,25,fast,fast,1.4374645490640319,44.56140102098499,0.0,0.0,0.0
14,13,July,26,fast,fast,2.744034106816663,85.06505731131656,0.0,0.0,0.0
15,8,July,26,fast,fast,15.704328870967629,486.8341949999965,0.0,0.0,0.0
21,13,July,26,fast,fast,4.378858629055459,135.74461750071924,0.0,0.0,0.0
34,27,July,26,medium,medium,11.908126418686251,369.1519189792738,0.0,0.0,0.0
11,4,July,27,fast,fast,2.147823399912596,66.58252539729048,0.0,0.0,0.0
15,7,July,27,fast,medium,11.213789112903227,347.62746250000004,0.0,0.0,0.0
15,8,July,27,fast,fast,21.309549498967,660.596034467977,0.0,0.0,0.0
21,13,July,27,fast,fast,2.296605722682056,71.19477740314373,0.0,0.0,0.0
15,7,July,28,fast,medium,11.213789112903227,347.62746250000004,0.0,0.0,0.0
15,8,July,28,fast,fast,21.782647827258714,675.2620826450201,0.0,0.0,0.0
17,10,July,28,fast,medium,54.66868312222152,1694.7291767888673,0.0,0.0,0.0
17,10,July,28,fast,fast,4.060305066856046,125.86945707253741,0.0,0.0,0.0
21,13,July,28,fast,fast,7.3847289364006965,228.92659702842158,0.0,0.0,0.0
45,44,July,28,fast,fast,4.26227017923064,132.13037555614983,0.0,0.0,0.0
14,13,July,29,fast,fast,11.669121812532046,361.7427761884934,0.0,0.0,0.0
15,8,July,29,fast,fast,12.724267580645046,394.4522949999964,0.0,0.0,0.0
43,44,July,29,fast,fast,20.601529342524373,638.6474096182556,0.0,0.0,0.0
14,13,July,30,fast,fast,3.9342347289728536,121.96127659815846,0.0,0.0,0.0
15,8,July,30,fast,fast,12.724267580645046,394.4522949999964,0.0,0.0,0.0
18,10,July,30,fast,medium,12.176502723768817,377.4715844368333,0.0,0.0,0.0
18,10,July,30,fast,fast,13.827971449260371,428.6671149270715,0.0,0.0,0.0
22,21,July,30,fast,fast,7.719048575644891,239.29050584499163,0.0,0.0,0.0
53,52,July,30,fast,fast,0.1,3.1,0.0,0.0,0.0
15,8,July,31,fast,fast,3.658614382696502,113.41704586359157,0.0,0.0,0.0
18,10,July,31,fast,medium,22.81555069405462,707.2820715156932,0.0,0.0,0.0
18,10,July,31,fast,fast,7.920550110366111,245.53705342134944,0.0,0.0,0.0
18,25,July,31,fast,medium,3.163699041458596,98.07467028521647,0.0,0.0,0.0
54,55,July,32,fast,fast,0.6290479349729807,19.500485984162403,0.0,0.0,0.0
11,4,July,33,fast,fast,11.878964693614108,368.2479055020374,0.0,0.0,0.0
11,10,July,33,fast,medium,12.023109517448091,372.7163950408908,0.0,0.0,0.0
14,13,July,33,fast,fast,8.913442689955154,276.3167233886098,0.0,0.0,0.0
15,7,July,33,fast,medium,8.385808105049488,259.96005125653414,0.0,0.0,0.0
29,30,July,33,fast,fast,2.7349164006712106,84.78240842080753,0.0,0.0,0.0
34,27,July,33,fast,medium,1.8022825378390621,55.870758673010926,0.0,0.0,0.0
10,9,July,34,fast,fast,9.455763194440323,293.12865902765,0.0,0.0,0.0
14,13,July,34,fast,fast,9.963740967741934,308.87596999999994,0.0,0.0,0.0
15,8,July,34,fast,fast,4.056819320720896,125.76139894234778,0.0,0.0,0.0
24,16,July,34,fast,fast,6.490744640496665,201.2130838553966,0.0,0.0,0.0
34,27,July,34,fast,medium,12.755821372270617,395.43046254038916,0.0,0.0,0.0
50,43,July,34,fast,fast,1.9037130270610447,59.01510383889239,0.0,0.0,0.0
54,55,July,34,fast,fast,3.429449693376455,106.3129404946701,0.0,0.0,0.0
14,13,July,35,fast,fast,23.784007173279633,737.3042223716686,0.0,0.0,0.0
15,7,July,35,fast,medium,2.369102016129033,73.44216250000002,0.0,0.0,0.0
15,8,July,35,fast,fast,1.1875587903224667,36.814322499996464,0.0,0.0,0.0
29,30,July,35,fast,fast,8.491703611274396,263.2428119495063,0.0,0.0,0.0
44,43,July,35,fast,fast,3.299074864944984,102.27132081329451,0.0,0.0,0.0
54,55,July,35,fast,fast,0.22887146262789315,7.095015341464688,0.0,0.0,0.0
14,13,July,36,fast,fast,15.095364459885062,467.9562982564369,0.0,0.0,0.0
15,7,July,36,fast,medium,2.369102016129033,73.44216250000002,0.0,0.0,0.0
15,8,July,36,fast,fast,2.9606332732806306,91.77963147169955,0.0,0.0,0.0
15,7,July,37,fast,medium,7.59230633119292,235.3614962669805,0.0,0.0,0.0
15,8,July,37,fast,fast,1.9706116181395363,61.08896016232563,0.0,0.0,0.0
4,11,July,38,fast,fast,0.699493205642824,21.684289374927545,0.0,0.0,0.0
15,7,July,38,fast,medium,0.7467951612903226,23.150650000000002,0.0,0.0,0.0
15,8,July,38,fast,fast,1.1624029032258067,36.03449000000001,0.0,0.0,0.0
51,43,July,39,fast,fast,2.0740279286661547,64.2948657886508,0.0,0.0,0.0
50,43,August,2,fast,medium,1.002375122423004,31.073628795113123,0.0,0.0,0.0
45,53,August,3,fast,fast,1.187102510764852,36.800177833710414,0.0,0.0,0.0
50,43,August,3,fast,fast,0.7557997298062737,23.429791623994486,0.0,0.0,0.0
50,51,August,3,fast,medium,2.5949446983591606,80.44328564913398,0.0,0.0,0.0
45,53,August,4,fast,fast,4.356889244334958,135.0635665743837,0.0,0.0,0.0
24,16,August,11,fast,fast,1.241450806451613,38.484975000000006,0.0,0.0,0.0
27,34,August,14,fast,fast,8.02854068450187,248.88476121955796,0.0,0.0,0.0
27,34,August,15,fast,fast,9.252288883145738,286.82095537751786,0.0,0.0,0.0
13,21,August,16,fast,medium,1.3379891547826048,41.47766379826075,0.0,0.0,0.0
15,7,August,16,fast,medium,6.481363411250856,200.9222657487765,0.0,0.0,0.0
15,8,August,16,fast,fast,13.976217278848976,433.26273564431824,0.0,0.0,0.0
30,38,August,16,fast,fast,0.3027530047000795,9.385343145702464,0.0,0.0,0.0
33,25,August,16,fast,medium,7.478117850832689,231.82165337581336,0.0,0.0,0.0
39,48,August,16,medium,medium,10.936688471155549,339.037342605822,0.0,0.0,0.0
40,48,August,16,medium,medium,5.479473000188733,169.86366300585073,0.0,0.0,0.0
1,2,August,17,fast,medium,0.2702934422565093,8.379096709951789,0.0,0.0,0.0
1,9,August,17,fast,medium,3.411321796598699,105.75097569455967,0.0,0.0,0.0
15,7,August,17,medium,medium,31.50861765740415,976.7671473795288,0.0,0.0,0.0
15,23,August,17,medium,medium,33.35543024852539,1034.018337704287,0.0,0.0,0.0
16,24,August,17,medium,medium,13.503823654090723,418.6185332768124,0.0,0.0,0.0
25,18,August,17,fast,medium,16.137238929102715,500.2544068021842,0.0,0.0,0.0
26,34,August,17,fast,fast,3.5965715685851265,111.49371862613893,0.0,0.0,0.0
32,24,August,17,medium,medium,4.451795910624402,138.00567322935646,0.0,0.0,0.0
33,25,August,17,fast,medium,17.475601402457265,541.7436434761752,0.0,0.0,0.0
33,26,August,17,fast,medium,21.33129133045771,661.270031244189,0.0,0.0,0.0
43,50,August,17,fast,fast,2.506715844364386,77.70819117529598,0.0,0.0,0.0
47,46,August,17,fast,fast,8.85537744027338,274.51670064847474,0.0,0.0,0.0
15,7,August,18,fast,medium,33.0,1023.0,0.0,0.0,0.0
15,22,August,18,fast,medium,32.103623667224724,995.2123336839664,0.0,0.0,0.0
15,23,August,18,fast,medium,22.063997850368395,683.9839333614202,0.0,0.0,0.0
30,29,August,18,fast,fast,7.771322627283709,240.91100144579497,0.0,0.0,0.0
38,30,August,18,fast,medium,4.506063772361912,139.68797694321927,0.0,0.0,0.0
41,42,August,18,medium,medium,7.213328569205231,223.61318564536217,0.0,0.0,0.0
15,7,August,19,fast,medium,33.0,1023.0,0.0,0.0,0.0
15,22,August,19,fast,fast,2.4217736513850383,75.07498319293619,0.0,0.0,0.0
23,16,August,19,fast,medium,48.55475356571159,1505.1973605370595,0.0,0.0,0.0
15,7,August,20,medium,medium,0.9557181451611747,29.627262499996416,0.0,0.0,0.0
21,13,August,20,fast,fast,2.453983209581125,76.07347949701487,0.0,0.0,0.0
23,16,August,20,fast,fast,18.801076349194943,582.8333668250432,0.0,0.0,0.0
36,29,August,20,fast,fast,0.4700258402379234,14.570801047375625,0.0,0.0,0.0
21,13,August,21,fast,fast,8.430556732067261,261.3472586940851,0.0,0.0,0.0
39,40,August,21,fast,fast,0.10165576289952938,3.1513286498854107,0.0,0.0,0.0
21,13,August,22,fast,fast,8.430556732067261,261.3472586940851,0.0,0.0,0.0
15,7,August,23,fast,medium,4.132427433800327,128.10525044781014,0.0,0.0,0.0
15,8,August,23,fast,fast,17.661586407103826,547.5091786202186,0.0,0.0,0.0
15,22,August,23,fast,fast,15.350771749785697,475.8739242433566,0.0,0.0,0.0
21,13,August,23,fast,fast,2.5697691483208462,79.66284359794624,0.0,0.0,0.0
52,44,August,23,fast,fast,18.057448756019852,559.7809114366154,0.0,0.0,0.0
55,54,August,23,fast,medium,8.28428957560353,256.81297684370946,0.0,0.0,0.0
7,8,August,24,fast,fast,1.153809322852183,35.768089008417675,0.0,0.0,0.0
15,8,August,24,fast,fast,23.846190677147817,739.2319109915824,0.0,0.0,0.0
15,23,August,24,fast,medium,18.029870644775414,558.9259899880378,0.0,0.0,0.0
21,13,August,24,fast,fast,8.99223283481138,278.7592178791528,0.0,0.0,0.0
48,40,August,24,fast,medium,1.4374645490640319,44.56140102098499,0.0,0.0,0.0
15,8,August,25,fast,fast,12.065114516128915,374.01854999999637,0.0,0.0,0.0
25,33,August,25,fast,fast,1.547851159377064,47.98338594068899,0.0,0.0,0.0
40,39,August,25,fast,medium,7.048277754716331,218.49661039620625,0.0,0.0,0.0
40,39,August,25,fast,fast,1.3287343161339606,41.19076380015278,0.0,0.0,0.0
48,39,August,25,fast,fast,1.4374645490636269,44.56140102097243,0.0,0.0,0.0
14,13,August,26,fast,fast,2.744034106816663,85.06505731131656,0.0,0.0,0.0
15,8,August,26,fast,fast,12.065114516128915,374.01854999999637,0.0,0.0,0.0
34,27,August,26,fast,medium,11.908126418686251,369.1519189792738,0.0,0.0,0.0
11,4,August,27,fast,fast,2.147823399912596,66.58252539729048,0.0,0.0,0.0
15,7,August,27,fast,medium,9.511501612903226,294.85655,0.0,0.0,0.0
15,8,August,27,fast,fast,23.011836998967006,713.3669469679771,0.0,0.0,0.0
15,7,August,28,fast,medium,9.511501612903226,294.85655,0.0,0.0,0.0
15,8,August,28,fast,fast,23.484935327258718,728.0329951450202,0.0,0.0,0.0
17,9,August,28,fast,fast,4.690420966346931,145.40304995675487,0.0,0.0,0.0
17,10,August,28,fast,medium,17.67769419354839,548.0085200000001,0.0,0.0,0.0
17,10,August,28,fast,fast,4.060305066856046,125.86945707253741,0.0,0.0,0.0
17,24,August,28,fast,medium,32.30056796232623,1001.317606832113,0.0,0.0,0.0
21,13,August,28,fast,fast,3.7285114364006997,115.5838545284217,0.0,0.0,0.0
45,44,August,28,fast,fast,4.26227017923064,132.13037555614983,0.0,0.0,0.0
14,13,August,29,fast,fast,8.51118697382237,263.8467961884935,0.0,0.0,0.0
15,7,August,29,fast,medium,0.8106604838708531,25.130474999996444,0.0,0.0,0.0
15,8,August,29,fast,fast,10.435723709677307,323.5074349999965,0.0,0.0,0.0
43,44,August,29,fast,fast,20.601529342524373,638.6474096182556,0.0,0.0,0.0
14,13,August,30,fast,fast,0.7762998902631786,24.065296598158536,0.0,0.0,0.0
15,7,August,30,fast,medium,0.8106604838708913,25.13047499999763,0.0,0.0,0.0
15,8,August,30,fast,fast,10.435723709677307,323.5074349999965,0.0,0.0,0.0
18,10,August,30,fast,fast,13.827971449260371,428.6671149270715,0.0,0.0,0.0
18,25,August,30,fast,medium,12.176502723768813,377.4715844368332,0.0,0.0,0.0
22,21,August,30,fast,fast,7.719048575644891,239.29050584499163,0.0,0.0,0.0
26,34,August,30,fast,fast,5.424244032258066,168.15156500000006,0.0,0.0,0.0
53,52,August,30,fast,fast,0.1,3.1,0.0,0.0,0.0
15,7,August,31,fast,medium,3.2405687181636966,100.45763026307459,0.0,0.0,0.0
15,8,August,31,fast,fast,2.7279876085029553,84.56761586359161,0.0,0.0,0.0
18,10,August,31,fast,fast,7.920550110366111,245.53705342134944,0.0,0.0,0.0
18,25,August,31,fast,medium,25.97924973551322,805.3567418009098,0.0,0.0,0.0
54,55,August,32,fast,fast,0.6290479349729665,19.500485984161962,0.0,0.0,0.0
11,4,August,33,fast,fast,11.878964693614108,368.2479055020374,0.0,0.0,0.0
11,10,August,33,fast,fast,12.023109517448091,372.7163950408908,0.0,0.0,0.0
14,13,August,33,fast,fast,4.153958118647862,128.7727016780837,0.0,0.0,0.0
15,7,August,33,fast,medium,8.385808105049488,259.96005125653414,0.0,0.0,0.0
29,30,August,33,fast,fast,2.7349164006712177,84.78240842080774,0.0,0.0,0.0
34,27,August,33,medium,medium,1.8022825378390621,55.870758673010926,0.0,0.0,0.0
10,9,August,34,fast,fast,5.620918173845261,174.2484633892031,0.0,0.0,0.0
10,11,August,34,fast,medium,3.8348450205950613,118.8801956384469,0.0,0.0,0.0
14,13,August,34,fast,fast,7.911310403225807,245.25062250000002,0.0,0.0,0.0
15,7,August,34,fast,medium,1.039516060216814,32.22499786672124,0.0,0.0,0.0
15,8,August,34,fast,fast,2.569430369107994,79.65234144234782,0.0,0.0,0.0
24,16,August,34,fast,medium,6.490744640496665,201.2130838553966,0.0,0.0,0.0
34,27,August,34,fast,medium,12.755821372270617,395.43046254038916,0.0,0.0,0.0
39,40,August,34,fast,fast,1.666994978425178,51.67684433118052,0.0,0.0,0.0
50,43,August,34,fast,fast,1.9037130270610447,59.01510383889239,0.0,0.0,0.0
14,13,August,35,fast,fast,23.784007173279633,737.3042223716686,0.0,0.0,0.0
15,7,August,35,fast,medium,1.399132661290323,43.37311250000001,0.0,0.0,0.0
15,8,August,35,fast,fast,0.7630242279483621,23.653751066399224,0.0,0.0,0.0
29,30,August,35,fast,fast,8.491703611274396,263.2428119495063,0.0,0.0,0.0
44,43,August,35,fast,fast,3.299074864944984,102.27132081329451,0.0,0.0,0.0
14,13,August,36,fast,fast,15.095364459885062,467.9562982564369,0.0,0.0,0.0
15,7,August,36,fast,medium,1.399132661290323,43.37311250000001,0.0,0.0,0.0
4,11,August,38,fast,fast,0.6994932056427352,21.68428937492479,0.0,0.0,0.0
51,43,August,39,fast,fast,2.0740279286661547,64.2948657886508,0.0,0.0,0.0
50,43,September,2,fast,medium,1.002375122423004,30.07125367269012,0.0,0.0,0.0
45,53,September,3,fast,fast,1.1871025107648663,35.61307532294599,0.0,0.0,0.0
50,43,September,3,fast,fast,0.7557997298062737,22.673991894188212,0.0,0.0,0.0
50,51,September,3,fast,medium,2.5949446983591606,77.84834095077483,0.0,0.0,0.0
45,53,September,4,fast,fast,4.356889244334958,130.70667733004876,0.0,0.0,0.0
24,16,September,11,fast,fast,0.13487625000000003,4.046287500000001,0.0,0.0,0.0
27,34,September,14,fast,fast,8.02854068450187,240.85622053505608,0.0,0.0,0.0
15,7,September,15,medium,medium,1.4119108095908088,42.35732428772427,0.0,0.0,0.0
27,34,September,15,fast,fast,9.252288883145653,277.5686664943696,0.0,0.0,0.0
13,21,September,16,fast,medium,1.3379891547825196,40.13967464347559,0.0,0.0,0.0
15,7,September,16,fast,medium,6.481363411250856,194.44090233752567,0.0,0.0,0.0
15,8,September,16,fast,fast,13.976217278848976,419.2865183654693,0.0,0.0,0.0
30,38,September,16,fast,fast,0.3027530047000795,9.082590141002385,0.0,0.0,0.0
33,25,September,16,fast,medium,7.478117850832888,224.34353552498663,0.0,0.0,0.0
39,48,September,16,fast,medium,10.936688471155549,328.10065413466646,0.0,0.0,0.0
40,48,September,16,medium,medium,5.479473000188733,164.384190005662,0.0,0.0,0.0
1,2,September,17,fast,medium,0.2702934422563672,8.108803267691016,0.0,0.0,0.0
1,9,September,17,fast,medium,3.4113217965988127,102.33965389796438,0.0,0.0,0.0
11,4,September,17,fast,fast,1.3118259237373433,39.354777712120296,0.0,0.0,0.0
15,7,September,17,fast,medium,31.508617657404173,945.2585297221252,0.0,0.0,0.0
15,23,September,17,fast,medium,33.355430248525366,1000.662907455761,0.0,0.0,0.0
16,24,September,17,medium,medium,13.50382365409083,405.1147096227249,0.0,0.0,0.0
25,18,September,17,fast,medium,16.137238929102715,484.1171678730814,0.0,0.0,0.0
26,34,September,17,fast,fast,3.5965715685851265,107.8971470575538,0.0,0.0,0.0
32,24,September,17,medium,medium,4.451795910624355,133.55387731873066,0.0,0.0,0.0
33,25,September,17,fast,medium,17.475601402457265,524.268042073718,0.0,0.0,0.0
33,26,September,17,fast,medium,21.33129133045771,639.9387399137313,0.0,0.0,0.0
43,50,September,17,fast,fast,3.008200000000114,90.24600000000342,0.0,0.0,0.0
47,46,September,17,fast,fast,8.855377440273571,265.66132320820714,0.0,0.0,0.0
55,54,September,17,fast,fast,3.3341785593527433,100.0253567805823,0.0,0.0,0.0
15,7,September,18,fast,medium,33.0,990.0,0.0,0.0,0.0
15,22,September,18,fast,medium,32.103623667224724,963.1087100167417,0.0,0.0,0.0
15,23,September,18,fast,medium,22.063997850368395,661.9199355110518,0.0,0.0,0.0
30,29,September,18,fast,fast,9.38957679782936,281.6873039348808,0.0,0.0,0.0
38,30,September,18,fast,medium,4.506063772361912,135.18191317085737,0.0,0.0,0.0
41,42,September,18,fast,medium,7.213328569205231,216.39985707615693,0.0,0.0,0.0
55,54,September,18,fast,fast,1.3172169074353377,39.51650722306013,0.0,0.0,0.0
14,13,September,19,fast,fast,5.515460714688768,165.46382144066303,0.0,0.0,0.0
15,7,September,19,fast,medium,33.0,990.0,0.0,0.0,0.0
15,22,September,19,fast,medium,2.4217736513850525,72.65320954155158,0.0,0.0,0.0
23,16,September,19,fast,medium,48.55475356571159,1456.6426069713477,0.0,0.0,0.0
34,27,September,19,fast,medium,2.950772806008297,88.52318418024892,0.0,0.0,0.0
34,42,September,19,fast,medium,1.4558175833333336,43.6745275,0.0,0.0,0.0
23,16,September,20,fast,medium,18.801076349194943,564.0322904758483,0.0,0.0,0.0
36,29,September,20,fast,fast,0.4700258402379234,14.100775207137701,0.0,0.0,0.0
39,40,September,20,fast,fast,0.9584795589681789,28.754386769045368,0.0,0.0,0.0
44,43,September,20,fast,fast,3.372853816641678,101.18561449925033,0.0,0.0,0.0
21,13,September,21,fast,fast,9.870410033142532,296.112300994276,0.0,0.0,0.0
39,40,September,21,fast,fast,2.4275726338672747,72.82717901601825,0.0,0.0,0.0
21,13,September,22,fast,fast,9.870410033142532,296.112300994276,0.0,0.0,0.0
15,7,September,23,fast,medium,4.132427433800327,123.9728230140098,0.0,0.0,0.0
15,8,September,23,fast,fast,17.661586407103826,529.8475922131148,0.0,0.0,0.0
15,22,September,23,fast,fast,15.350771749785697,460.5231524935709,0.0,0.0,0.0
21,13,September,23,fast,fast,10.472122616475863,314.16367849427587,0.0,0.0,0.0
52,44,September,23,fast,fast,18.057448756019852,541.7234626805955,0.0,0.0,0.0
55,54,September,23,fast,fast,8.28428957560353,248.5286872681059,0.0,0.0,0.0
7,8,September,24,fast,fast,1.153809322852183,34.61427968556549,0.0,0.0,0.0
15,8,September,24,fast,fast,23.846190677147817,715.3857203144345,0.0,0.0,0.0
15,23,September,24,fast,fast,18.029870644775414,540.8961193432624,0.0,0.0,0.0
21,13,September,24,fast,fast,9.8256699288974,294.77009786692196,0.0,0.0,0.0
48,40,September,24,fast,medium,1.4374645490636695,43.123936471910085,0.0,0.0,0.0
15,8,September,25,fast,fast,15.61590383333322,468.4771149999966,0.0,0.0,0.0
21,13,September,25,fast,fast,2.216574545285866,66.49723635857598,0.0,0.0,0.0
25,33,September,25,fast,fast,5.501226965828799,165.03680897486396,0.0,0.0,0.0
40,39,September,25,fast,fast,0.46212415149544483,13.863724544863345,0.0,0.0,0.0
48,39,September,25,fast,fast,1.4374645490636198,43.12393647190859,0.0,0.0,0.0
14,13,September,26,fast,fast,2.744034106816663,82.3210232044999,0.0,0.0,0.0
15,8,September,26,fast,fast,15.61590383333322,468.4771149999966,0.0,0.0,0.0
34,27,September,26,fast,medium,11.908126418686251,357.2437925605875,0.0,0.0,0.0
40,39,September,26,fast,fast,0.1,3.0,0.0,0.0,0.0
11,4,September,27,fast,fast,2.147823399912596,64.43470199737789,0.0,0.0,0.0
15,7,September,27,fast,medium,9.272239166666667,278.167175,0.0,0.0,0.0
15,8,September,27,fast,fast,23.251099445203565,697.5329833561069,0.0,0.0,0.0
40,39,September,27,fast,fast,1.612802854226679,48.38408562680037,0.0,0.0,0.0
15,7,September,28,fast,medium,9.272239166666669,278.16717500000004,0.0,0.0,0.0
15,8,September,28,fast,fast,23.724197773495273,711.7259332048582,0.0,0.0,0.0
17,9,September,28,fast,fast,4.690420966346931,140.71262899040792,0.0,0.0,0.0
17,10,September,28,fast,medium,16.60413400000001,498.12402000000026,0.0,0.0,0.0
17,10,September,28,fast,fast,4.060305066856046,121.80915200568137,0.0,0.0,0.0
17,24,September,28,fast,medium,33.37412815587459,1001.2238446762376,0.0,0.0,0.0
21,13,September,28,fast,fast,3.214617312744787,96.43851938234361,0.0,0.0,0.0
40,39,September,28,fast,fast,6.071208068000107,182.13624204000322,0.0,0.0,0.0
45,44,September,28,fast,fast,4.26227017923064,127.8681053769192,0.0,0.0,0.0
14,13,September,29,fast,fast,7.857598973749937,235.72796921249812,0.0,0.0,0.0
15,7,September,29,fast,medium,0.47925583333321686,14.377674999996506,0.0,0.0,0.0
15,8,September,29,fast,fast,9.919885166666552,297.59655499999656,0.0,0.0,0.0
43,44,September,29,fast,fast,20.601529342524373,618.0458802757312,0.0,0.0,0.0
15,7,September,30,fast,medium,0.47925583333321686,14.377674999996506,0.0,0.0,0.0
15,8,September,30,fast,fast,9.919885166666552,297.59655499999656,0.0,0.0,0.0
18,10,September,30,fast,fast,13.827971449260371,414.83914347781115,0.0,0.0,0.0
18,25,September,30,fast,medium,12.176502723768817,365.2950817130645,0.0,0.0,0.0
22,21,September,30,medium,fast,7.719048575644905,231.57145726934715,0.5,3.8595242878224525,115.78572863467357
26,34,September,30,fast,fast,4.21101483333333,126.3304449999999,0.0,0.0,0.0
53,52,September,30,fast,fast,0.1,3.0,0.0,0.0,0.0
18,10,September,31,fast,fast,7.920550110366111,237.61650331098335,0.0,0.0,0.0
18,25,September,31,fast,medium,25.97924973551322,779.3774920653966,0.0,0.0,0.0
11,4,September,33,fast,fast,11.878964693614108,356.36894080842325,0.0,0.0,0.0
11,10,September,33,fast,medium,12.023109517448091,360.69328552344274,0.0,0.0,0.0
15,7,September,33,fast,medium,3.8957245320204583,116.87173596061375,0.0,0.0,0.0
15,8,September,33,fast,fast,4.4900835730290485,134.70250719087144,0.0,0.0,0.0
29,30,September,33,fast,fast,2.7349164006711884,82.04749202013565,0.0,0.0,0.0
34,27,September,33,fast,medium,1.8022825378390621,54.06847613517186,0.0,0.0,0.0
10,9,September,34,fast,fast,0.912704418468917,27.381132554067513,0.0,0.0,0.0
10,11,September,34,fast,medium,8.543058775971407,256.2917632791422,0.0,0.0,0.0
24,16,September,34,fast,fast,6.490744640496665,194.72233921489993,0.0,0.0,0.0
34,27,September,34,medium,medium,12.755821372270617,382.6746411681185,0.0,0.0,0.0
50,43,September,34,fast,fast,1.9037130270610447,57.11139081183134,0.0,0.0,0.0
14,13,September,35,fast,fast,23.784007173279633,713.520215198389,0.0,0.0,0.0
29,30,September,35,fast,fast,8.491703611274396,254.75110833823186,0.0,0.0,0.0
44,43,September,35,fast,fast,3.299074864944984,98.97224594834952,0.0,0.0,0.0
14,13,September,36,fast,fast,15.095364459885062,452.8609337965519,0.0,0.0,0.0
4,11,September,38,fast,fast,0.699493205642824,20.98479616928472,0.0,0.0,0.0
51,43,September,39,fast,fast,2.0740279286661547,62.22083785998464,0.0,0.0,0.0
50,43,October,2,fast,medium,1.002375122423004,31.073628795113123,0.0,0.0,0.0
45,53,October,3,fast,fast,1.187102510764852,36.800177833710414,0.0,0.0,0.0
50,43,October,3,fast,medium,0.7557997298062804,23.429791623994692,0.0,0.0,0.0
50,51,October,3,fast,medium,2.594944698359154,80.44328564913377,0.0,0.0,0.0
45,53,October,4,fast,fast,4.356889244334958,135.0635665743837,0.0,0.0,0.0
27,34,October,14,fast,fast,8.028540684501884,248.8847612195584,0.0,0.0,0.0
27,34,October,15,fast,fast,9.252288883145631,286.82095537751457,0.0,0.0,0.0
13,21,October,16,fast,fast,1.3379891547826048,41.47766379826075,0.0,0.0,0.0
15,7,October,16,fast,medium,6.481363411250941,200.92226574877915,0.0,0.0,0.0
15,8,October,16,fast,fast,13.976217278848976,433.26273564431824,0.0,0.0,0.0
30,38,October,16,fast,fast,0.3027530047000795,9.385343145702464,0.0,0.0,0.0
33,25,October,16,fast,medium,7.478117850832689,231.82165337581336,0.0,0.0,0.0
39,48,October,16,medium,medium,10.936688471155549,339.037342605822,0.0,0.0,0.0
40,48,October,16,fast,medium,5.479473000188733,169.86366300585073,0.0,0.0,0.0
1,2,October,17,fast,medium,0.2702934422564809,8.379096709950907,0.0,0.0,0.0
1,9,October,17,fast,medium,3.4113217965986964,105.75097569455959,0.0,0.0,0.0
15,7,October,17,medium,medium,31.50861765740415,976.7671473795288,0.0,0.0,0.0
15,23,October,17,medium,medium,33.35543024852539,1034.018337704287,0.0,0.0,0.0
16,24,October,17,fast,medium,13.50382365409083,418.61853327681575,0.0,0.0,0.0
25,18,October,17,fast,medium,16.137238929102722,500.25440680218435,0.0,0.0,0.0
26,34,October,17,fast,fast,3.5965715685851194,111.4937186261387,0.0,0.0,0.0
32,24,October,17,medium,medium,4.451795910624355,138.005673229355,0.0,0.0,0.0
33,25,October,17,fast,medium,17.475601402457272,541.7436434761754,0.0,0.0,0.0
33,26,October,17,fast,medium,21.331291330457702,661.2700312441888,0.0,0.0,0.0
43,50,October,17,fast,fast,2.506715844364386,77.70819117529598,0.0,0.0,0.0
47,46,October,17,fast,fast,8.855377440273571,274.5167006484807,0.0,0.0,0.0
15,7,October,18,fast,medium,33.0,1023.0,0.0,0.0,0.0
15,22,October,18,fast,medium,32.103623667224724,995.2123336839664,0.0,0.0,0.0
15,23,October,18,fast,medium,22.063997850368395,683.9839333614202,0.0,0.0,0.0
30,29,October,18,fast,fast,7.771322627283709,240.91100144579497,0.0,0.0,0.0
38,30,October,18,fast,medium,4.506063772361912,139.68797694321927,0.0,0.0,0.0
41,42,October,18,medium,medium,7.213328569205231,223.61318564536217,0.0,0.0,0.0
15,7,October,19,fast,medium,33.0,1023.0,0.0,0.0,0.0
15,22,October,19,fast,medium,2.4217736513850383,75.07498319293619,0.0,0.0,0.0
23,16,October,19,fast,medium,48.55475356571159,1505.1973605370595,0.0,0.0,0.0
23,16,October,20,fast,fast,18.801076349194943,582.8333668250432,0.0,0.0,0.0
36,29,October,20,fast,fast,0.4700258402379234,14.570801047375625,0.0,0.0,0.0
15,7,October,23,fast,medium,4.132427433800327,128.10525044781014,0.0,0.0,0.0
15,8,October,23,fast,fast,17.661586407103826,547.5091786202186,0.0,0.0,0.0
15,22,October,23,fast,fast,15.350771749785697,475.8739242433566,0.0,0.0,0.0
52,44,October,23,fast,fast,12.062127433278174,373.9259504316234,0.0,0.0,0.0
52,53,October,23,fast,fast,5.9953213227416775,185.854961004992,0.0,0.0,0.0
55,54,October,23,fast,fast,8.28428957560353,256.81297684370946,0.0,0.0,0.0
7,8,October,24,fast,fast,1.1538093228521618,35.768089008417014,0.0,0.0,0.0
15,8,October,24,fast,fast,23.84619067714784,739.2319109915829,0.0,0.0,0.0
15,23,October,24,fast,medium,18.029870644775393,558.9259899880371,0.0,0.0,0.0
48,40,October,24,fast,fast,1.4374645490636695,44.561401020973754,0.0,0.0,0.0
15,8,October,25,fast,fast,6.726251854838594,208.5138074999964,0.0,0.0,0.0
48,39,October,25,fast,fast,1.4374645490635487,44.56140102097001,0.0,0.0,0.0
15,8,October,26,fast,fast,10.172179419547291,315.337562005966,0.0,0.0,0.0
34,27,October,26,fast,medium,6.408126418686166,198.65191897927116,0.0,0.0,0.0
11,4,October,27,fast,fast,2.147823399912596,66.58252539729048,0.0,0.0,0.0
15,7,October,27,fast,medium,7.52333861187023,233.22349696797713,0.0,0.0,0.0
15,8,October,27,fast,fast,25.0,775.0,0.0,0.0,0.0
15,7,October,28,fast,medium,7.996436940161942,247.8895451450202,0.0,0.0,0.0
15,8,October,28,fast,fast,25.0,775.0,0.0,0.0,0.0
17,9,October,28,fast,fast,4.690420966346931,145.40304995675487,0.0,0.0,0.0
17,10,October,28,fast,fast,4.060305066856046,125.86945707253741,0.0,0.0,0.0
17,24,October,28,fast,medium,49.97826215587459,1549.3261268321123,0.0,0.0,0.0
45,44,October,28,fast,fast,4.26227017923064,132.13037555614983,0.0,0.0,0.0
15,8,October,29,fast,fast,2.918474354838595,90.47270499999645,0.0,0.0,0.0
43,50,October,29,fast,fast,20.601529342524344,638.6474096182546,0.0,0.0,0.0
15,8,October,30,fast,fast,2.9184743548383603,90.47270499998916,0.0,0.0,0.0
18,10,October,30,fast,fast,13.827971449260371,428.6671149270715,0.0,0.0,0.0
18,25,October,30,fast,medium,12.176502723768817,377.4715844368333,0.0,0.0,0.0
22,21,October,30,medium,medium,7.719048575644905,239.29050584499205,0.0,0.0,0.0
53,52,October,30,fast,fast,0.1,3.1,0.0,0.0,0.0
18,10,October,31,fast,fast,7.920550110366111,245.53705342134944,0.0,0.0,0.0
18,25,October,31,fast,medium,25.979249735513225,805.35674180091,0.0,0.0,0.0
11,4,October,33,fast,fast,11.878964693614108,368.2479055020374,0.0,0.0,0.0
11,10,October,33,fast,medium,12.023109517448091,372.7163950408908,0.0,0.0,0.0
15,8,October,33,fast,fast,8.385808105049506,259.9600512565347,0.0,0.0,0.0
29,30,October,33,fast,fast,2.7349164006712106,84.78240842080753,0.0,0.0,0.0
34,27,October,33,fast,medium,1.8022825378390621,55.870758673010926,0.0,0.0,0.0
10,11,October,34,fast,medium,9.455763194440323,293.12865902765,0.0,0.0,0.0
24,16,October,34,fast,fast,6.490744640496664,201.21308385539658,0.0,0.0,0.0
34,27,October,34,fast,medium,12.755821372270617,395.43046254038916,0.0,0.0,0.0
50,43,October,34,fast,fast,1.9037130270610447,59.01510383889239,0.0,0.0,0.0
14,13,October,35,fast,fast,23.784007173279633,737.3042223716686,0.0,0.0,0.0
29,30,October,35,fast,fast,8.491703611274396,263.2428119495063,0.0,0.0,0.0
44,43,October,35,fast,fast,3.2990748649448918,102.27132081329165,0.0,0.0,0.0
14,13,October,36,fast,fast,15.095364459885062,467.9562982564369,0.0,0.0,0.0
4,11,October,38,fast,fast,0.6994932056427352,21.68428937492479,0.0,0.0,0.0
51,43,October,39,fast,fast,2.0740279286661547,64.2948657886508,0.0,0.0,0.0
50,43,November,2,fast,fast,1.002375122423004,30.07125367269012,0.0,0.0,0.0
45,53,November,3,fast,fast,1.187102510764852,35.61307532294556,0.0,0.0,0.0
50,43,November,3,fast,medium,0.7557997298063022,22.673991894189065,0.0,0.0,0.0
50,51,November,3,fast,medium,2.594944698359132,77.84834095077397,0.0,0.0,0.0
45,53,November,4,fast,fast,4.356889244334958,130.70667733004876,0.0,0.0,0.0
27,34,November,14,fast,fast,8.02854068450187,240.85622053505608,0.0,0.0,0.0
27,34,November,15,fast,fast,9.252288883145653,277.5686664943696,0.0,0.0,0.0
13,21,November,16,fast,fast,1.3379891547826048,40.139674643478145,0.0,0.0,0.0
15,7,November,16,fast,medium,6.481363411250856,194.44090233752567,0.0,0.0,0.0
15,8,November,16,fast,fast,13.976217278848976,419.2865183654693,0.0,0.0,0.0
30,38,November,16,fast,fast,0.3027530047000795,9.082590141002385,0.0,0.0,0.0
33,25,November,16,fast,medium,7.478117850832888,224.34353552498663,0.0,0.0,0.0
39,48,November,16,fast,medium,10.936688471155549,328.10065413466646,0.0,0.0,0.0
40,48,November,16,medium,medium,5.479473000188733,164.384190005662,0.0,0.0,0.0
1,2,November,17,fast,medium,0.270293442256353,8.10880326769059,0.0,0.0,0.0
1,9,November,17,fast,medium,3.4113217965987985,102.33965389796396,0.0,0.0,0.0
15,7,November,17,fast,medium,31.508617657404173,945.2585297221252,0.0,0.0,0.0
15,23,November,17,fast,medium,33.355430248525366,1000.662907455761,0.0,0.0,0.0
16,24,November,17,fast,medium,13.50382365409084,405.11470962272523,0.0,0.0,0.0
25,18,November,17,fast,medium,16.137238929102722,484.11716787308166,0.0,0.0,0.0
26,34,November,17,fast,fast,3.5965715685851194,107.89714705755358,0.0,0.0,0.0
32,24,November,17,medium,medium,4.451795910624355,133.55387731873066,0.0,0.0,0.0
33,25,November,17,fast,medium,17.475601402457272,524.2680420737181,0.0,0.0,0.0
33,26,November,17,fast,medium,21.331291330457702,639.9387399137311,0.0,0.0,0.0
43,50,November,17,fast,fast,2.506715844364386,75.20147533093159,0.0,0.0,0.0
47,46,November,17,medium,medium,8.855377440273571,265.66132320820714,0.0,0.0,0.0
15,7,November,18,fast,medium,33.0,990.0,0.0,0.0,0.0
15,22,November,18,fast,medium,32.103623667224724,963.1087100167417,0.0,0.0,0.0
15,23,November,18,fast,medium,22.063997850368395,661.9199355110518,0.0,0.0,0.0
30,29,November,18,fast,fast,7.771322627283709,233.13967881851127,0.0,0.0,0.0
38,30,November,18,fast,fast,4.506063772361912,135.18191317085737,0.0,0.0,0.0
41,42,November,18,fast,medium,7.213328569205231,216.39985707615693,0.0,0.0,0.0
15,7,November,19,fast,medium,33.0,990.0,0.0,0.0,0.0
15,22,November,19,fast,medium,2.4217736513850525,72.65320954155158,0.0,0.0,0.0
23,16,November,19,fast,medium,48.55475356571159,1456.6426069713477,0.0,0.0,0.0
23,16,November,20,fast,fast,18.801076349194943,564.0322904758483,0.0,0.0,0.0
36,29,November,20,fast,fast,0.4700258402379234,14.100775207137701,0.0,0.0,0.0
15,7,November,23,fast,medium,4.132427433800327,123.9728230140098,0.0,0.0,0.0
15,8,November,23,fast,fast,17.661586407103826,529.8475922131148,0.0,0.0,0.0
15,22,November,23,fast,fast,15.350771749785697,460.5231524935709,0.0,0.0,0.0
52,44,November,23,fast,fast,12.062127433278174,361.86382299834526,0.0,0.0,0.0
52,53,November,23,fast,fast,5.9953213227416775,179.85963968225033,0.0,0.0,0.0
55,54,November,23,fast,medium,8.28428957560353,248.5286872681059,0.0,0.0,0.0
7,8,November,24,fast,fast,1.153809322852183,34.61427968556549,0.0,0.0,0.0
15,8,November,24,fast,fast,23.846190677147817,715.3857203144345,0.0,0.0,0.0
15,23,November,24,fast,medium,18.029870644775414,540.8961193432624,0.0,0.0,0.0
48,40,November,24,fast,fast,1.4374645490636695,43.123936471910085,0.0,0.0,0.0
15,8,November,25,fast,fast,3.6034226666665528,108.10267999999658,0.0,0.0,0.0
48,39,November,25,fast,fast,1.4374645490640319,43.123936471920956,0.0,0.0,0.0
15,8,November,26,fast,fast,10.172179419547263,305.1653825864179,0.0,0.0,0.0
34,27,November,26,medium,medium,6.408126418686166,192.24379256058498,0.0,0.0,0.0
11,4,November,27,fast,fast,2.147823399912596,64.43470199737789,0.0,0.0,0.0
15,7,November,27,fast,medium,7.52333861187023,225.7001583561069,0.0,0.0,0.0
15,8,November,27,fast,fast,25.0,750.0,0.0,0.0,0.0
15,7,November,28,fast,medium,7.996436940161942,239.89310820485827,0.0,0.0,0.0
15,8,November,28,fast,fast,25.0,750.0,0.0,0.0,0.0
17,9,November,28,fast,fast,4.690420966346931,140.71262899040792,0.0,0.0,0.0
17,10,November,28,fast,fast,4.060305066856046,121.80915200568137,0.0,0.0,0.0
17,24,November,28,fast,medium,49.97826215587462,1499.3478646762385,0.0,0.0,0.0
45,44,November,28,fast,fast,4.26227017923064,127.8681053769192,0.0,0.0,0.0
43,50,November,29,fast,fast,20.601529342524344,618.0458802757303,0.0,0.0,0.0
18,10,November,30,fast,fast,13.827971449260371,414.83914347781115,0.0,0.0,0.0
18,25,November,30,fast,medium,12.176502723768817,365.2950817130645,0.0,0.0,0.0
22,21,November,30,fast,fast,7.719048575644891,231.57145726934672,0.0,0.0,0.0
53,52,November,30,fast,fast,0.1,3.0,0.0,0.0,0.0
18,10,November,31,fast,fast,7.920550110366111,237.61650331098335,0.0,0.0,0.0
18,25,November,31,fast,medium,25.979249735513225,779.3774920653967,0.0,0.0,0.0
11,4,November,33,fast,fast,11.878964693614108,356.36894080842325,0.0,0.0,0.0
11,10,November,33,fast,medium,12.023109517448091,360.69328552344274,0.0,0.0,0.0
15,8,November,33,fast,fast,8.385808105049508,251.57424315148523,0.0,0.0,0.0
29,30,November,33,fast,fast,2.73491640067121,82.0474920201363,0.0,0.0,0.0
34,27,November,33,medium,medium,1.8022825378390621,54.06847613517186,0.0,0.0,0.0
10,9,November,34,fast,fast,9.455763194440323,283.6728958332097,0.0,0.0,0.0
24,16,November,34,fast,fast,6.490744640496665,194.72233921489993,0.0,0.0,0.0
34,27,November,34,medium,medium,12.755821372270553,382.6746411681166,0.0,0.0,0.0
50,43,November,34,fast,fast,1.9037130270610447,57.11139081183134,0.0,0.0,0.0
14,13,November,35,fast,fast,23.784007173279633,713.520215198389,0.0,0.0,0.0
29,30,November,35,fast,fast,8.491703611274398,254.75110833823192,0.0,0.0,0.0
44,43,November,35,fast,fast,3.299074864944984,98.97224594834952,0.0,0.0,0.0
14,13,November,36,fast,fast,15.095364459885062,452.8609337965519,0.0,0.0,0.0
4,11,November,38,fast,fast,0.699493205642824,20.98479616928472,0.0,0.0,0.0
51,43,November,39,fast,fast,2.0740279286661547,62.22083785998464,0.0,0.0,0.0
50,43,December,2,fast,fast,1.002375122423004,31.073628795113123,0.0,0.0,0.0
45,53,December,3,fast,fast,1.187102510764852,36.800177833710414,0.0,0.0,0.0
50,43,December,3,fast,medium,0.7557997298062733,23.429791623994472,0.0,0.0,0.0
50,51,December,3,fast,medium,2.594944698359161,80.443285649134,0.0,0.0,0.0
45,53,December,4,fast,fast,4.356889244334958,135.0635665743837,0.0,0.0,0.0
27,34,December,14,fast,fast,8.028540684501884,248.8847612195584,0.0,0.0,0.0
27,34,December,15,fast,fast,9.25228888314507,286.82095537749717,0.0,0.0,0.0
13,21,December,16,fast,medium,1.3379891547826048,41.47766379826075,0.0,0.0,0.0
15,7,December,16,fast,medium,6.481363411250856,200.9222657487765,0.0,0.0,0.0
15,8,December,16,fast,fast,13.976217278848976,433.26273564431824,0.0,0.0,0.0
30,38,December,16,fast,fast,0.3027530047000795,9.385343145702464,0.0,0.0,0.0
33,25,December,16,fast,medium,7.478117850832689,231.82165337581336,0.0,0.0,0.0
39,48,December,16,fast,medium,10.936688471155549,339.037342605822,0.0,0.0,0.0
40,48,December,16,medium,medium,5.479473000188733,169.86366300585073,0.0,0.0,0.0
1,2,December,17,fast,medium,0.27029344225606877,8.379096709938132,0.0,0.0,0.0
1,9,December,17,fast,medium,3.4113217965989406,105.75097569456716,0.0,0.0,0.0
15,7,December,17,fast,medium,31.50861765740415,976.7671473795288,0.0,0.0,0.0
15,23,December,17,fast,medium,33.35543024852539,1034.018337704287,0.0,0.0,0.0
16,24,December,17,fast,medium,13.503823654090723,418.6185332768124,0.0,0.0,0.0
25,18,December,17,fast,medium,16.137238929102722,500.25440680218435,0.0,0.0,0.0
26,34,December,17,fast,fast,3.5965715685851194,111.4937186261387,0.0,0.0,0.0
32,24,December,17,fast,medium,4.451795910624408,138.00567322935663,0.0,0.0,0.0
33,25,December,17,fast,medium,17.475601402457272,541.7436434761754,0.0,0.0,0.0
33,26,December,17,fast,medium,21.331291330457702,661.2700312441888,0.0,0.0,0.0
43,50,December,17,fast,fast,2.506715844364386,77.70819117529598,0.0,0.0,0.0
47,46,December,17,fast,fast,8.855377440273415,274.5167006484759,0.0,0.0,0.0
15,7,December,18,fast,medium,33.0,1023.0,0.0,0.0,0.0
15,22,December,18,fast,medium,32.10362366722468,995.2123336839651,0.0,0.0,0.0
15,23,December,18,fast,medium,22.063997850368406,683.9839333614206,0.0,0.0,0.0
30,29,December,18,fast,fast,7.771322627283709,240.91100144579497,0.0,0.0,0.0
38,30,December,18,fast,fast,4.506063772361912,139.68797694321927,0.0,0.0,0.0
41,42,December,18,medium,medium,7.213328569205231,223.61318564536217,0.0,0.0,0.0
15,7,December,19,fast,medium,33.0,1023.0,0.0,0.0,0.0
15,22,December,19,fast,medium,2.4217736513850348,75.07498319293607,0.0,0.0,0.0
23,16,December,19,fast,medium,48.55475356571159,1505.1973605370595,0.0,0.0,0.0
23,16,December,20,fast,fast,18.801076349194943,582.8333668250432,0.0,0.0,0.0
36,29,December,20,fast,fast,0.4700258402379234,14.570801047375625,0.0,0.0,0.0
12,19,December,23,fast,medium,1.20798,37.44738,0.0,0.0,0.0
15,7,December,23,fast,medium,4.132427433800327,128.10525044781014,0.0,0.0,0.0
15,8,December,23,fast,fast,17.661586407103826,547.5091786202186,0.0,0.0,0.0
15,22,December,23,fast,fast,15.350771749785697,475.8739242433566,0.0,0.0,0.0
52,44,December,23,fast,fast,12.062127433278174,373.9259504316234,0.0,0.0,0.0
52,53,December,23,fast,fast,5.9953213227416775,185.854961004992,0.0,0.0,0.0
55,54,December,23,fast,fast,8.28428957560353,256.81297684370946,0.0,0.0,0.0
7,8,December,24,fast,fast,1.153809322852183,35.768089008417675,0.0,0.0,0.0
15,8,December,24,fast,fast,23.846190677147817,739.2319109915824,0.0,0.0,0.0
15,23,December,24,fast,fast,18.029870644775414,558.9259899880378,0.0,0.0,0.0
48,40,December,24,fast,fast,1.4374645490636695,44.561401020973754,0.0,0.0,0.0
15,8,December,25,fast,fast,0.7428448387091846,23.028189999984722,0.0,0.0,0.0
48,39,December,25,fast,fast,1.4374645490634137,44.561401020965825,0.0,0.0,0.0
15,8,December,26,fast,fast,10.172179419547291,315.337562005966,0.0,0.0,0.0
34,27,December,26,medium,medium,6.408126418686166,198.65191897927116,0.0,0.0,0.0
11,4,December,27,fast,fast,2.147823399912525,66.58252539728828,0.0,0.0,0.0
15,7,December,27,fast,medium,7.52333861187023,233.22349696797713,0.0,0.0,0.0
15,8,December,27,fast,fast,25.0,775.0,0.0,0.0,0.0
15,7,December,28,fast,medium,7.996436940161942,247.8895451450202,0.0,0.0,0.0
15,8,December,28,fast,fast,25.0,775.0,0.0,0.0,0.0
17,9,December,28,fast,fast,4.690420966346931,145.40304995675487,0.0,0.0,0.0
17,10,December,28,fast,fast,4.060305066856046,125.86945707253741,0.0,0.0,0.0
17,24,December,28,fast,medium,49.97826215587459,1549.3261268321123,0.0,0.0,0.0
45,44,December,28,fast,fast,4.26227017923064,132.13037555614983,0.0,0.0,0.0
43,50,December,29,fast,fast,20.601529342524344,638.6474096182546,0.0,0.0,0.0
18,10,December,30,fast,fast,13.827971449260371,428.6671149270715,0.0,0.0,0.0
18,25,December,30,fast,medium,12.176502723768817,377.4715844368333,0.0,0.0,0.0
22,21,December,30,fast,fast,7.719048575644891,239.29050584499163,0.0,0.0,0.0
53,52,December,30,fast,fast,0.1,3.1,0.0,0.0,0.0
18,10,December,31,fast,fast,7.920550110366111,245.53705342134944,0.0,0.0,0.0
18,25,December,31,fast,medium,25.979249735513218,805.3567418009097,0.0,0.0,0.0
11,4,December,33,fast,fast,11.878964693614108,368.2479055020374,0.0,0.0,0.0
11,10,December,33,fast,medium,12.023109517448091,372.7163950408908,0.0,0.0,0.0
15,8,December,33,fast,fast,8.385808105049508,259.9600512565347,0.0,0.0,0.0
29,30,December,33,fast,fast,2.734916400671217,84.78240842080774,0.0,0.0,0.0
34,27,December,33,fast,medium,1.8022825378390621,55.870758673010926,0.0,0.0,0.0
10,11,December,34,fast,fast,9.455763194440323,293.12865902765,0.0,0.0,0.0
24,16,December,34,fast,fast,6.490744640496665,201.2130838553966,0.0,0.0,0.0
34,27,December,34,fast,medium,12.755821372270553,395.43046254038717,0.0,0.0,0.0
50,43,December,34,fast,fast,1.9037130270610447,59.01510383889239,0.0,0.0,0.0
14,13,December,35,fast,fast,23.784007173279633,737.3042223716686,0.0,0.0,0.0
29,30,December,35,fast,fast,8.491703611274417,263.2428119495069,0.0,0.0,0.0
44,43,December,35,fast,fast,3.2990748649449855,102.27132081329455,0.0,0.0,0.0
14,13,December,36,fast,fast,15.095364459885062,467.9562982564369,0.0,0.0,0.0
4,11,December,38,fast,fast,0.6994932056427352,21.68428937492479,0.0,0.0,0.0
51,43,December,39,fast,fast,2.0740279286661547,64.2948657886508,0.0,0.0,0.0
