
Gurobi 13.0.1 (win64) logging started Wed Sep 30 05:50:40 2026

Set parameter LogFile to value "C:/Users/omkarp/Downloads/Large-scale-LBBD-Optimization/runs/2026-09-25_130129_full_with_redirection_LBBD_withPV_withBESS/logs/lbbd_master_004.log"
Set parameter MIPGap to value 2e-05
Set parameter MIPFocus to value 3
Set parameter Method to value 1
Set parameter NodeMethod to value 1
Gurobi Optimizer version 13.0.1 build v13.0.1rc0 (win64 - Windows 11+.0 (26200.2))

CPU model: Intel(R) Xeon(R) w5-2465X, instruction set [SSE2|AVX|AVX2|AVX512]
Thread count: 16 physical cores, 32 logical processors, using up to 10 threads

Non-default parameters:
Cutoff  5.0368724756085515e+08
TimeLimit  172800
SoftMemLimit  180
BestBdStop  5.0378800112420750e+08
MIPGap  2e-05
Method  1
MIPFocus  3
NodefileStart  0.5
NodeMethod  1
PumpPasses  20
StartNodeLimit  5000
StartTimeLimit  7200
SubMIPNodes  3000
Cuts  2
AggFill  0
NumericFocus  1
Presolve  2
PreSparsify  1
Threads  10

Optimize a model with 5177837 rows, 5098153 columns and 18460695 nonzeros (Max)
Model fingerprint: 0x45a70803
Model has 1 linear objective coefficients
Variable types: 5077081 continuous, 21072 integer (17882 binary)
Coefficient statistics:
  Matrix range     [4e-05, 1e+09]
  Objective range  [1e+00, 1e+00]
  Bounds range     [1e+00, 1e+03]
  RHS range        [2e-02, 4e+12]
Warning: Model contains large matrix coefficient range
Warning: Model contains large rhs

Processing user MIP start: 0 nodes explored in subMIP, total elapsed time 5s
Processing user MIP start: 0 nodes explored in subMIP, total elapsed time 10s
Processing user MIP start: 0 nodes explored in subMIP, total elapsed time 15s
Processing user MIP start: 0 nodes explored in subMIP, total elapsed time 20s
Processing user MIP start: 0 nodes explored in subMIP, total elapsed time 25s
Processing user MIP start: 0 nodes explored in subMIP, total elapsed time 30s
Processing user MIP start: 0 nodes explored in subMIP, total elapsed time 35s
Processing user MIP start: 0 nodes explored in subMIP, total elapsed time 40s
Processing user MIP start: 0 nodes explored in subMIP, total elapsed time 45s
Processing user MIP start: 0 nodes explored in subMIP, total elapsed time 50s
User MIP start did not produce a new incumbent solution
Processed MIP start in 53.88 seconds (38.66 work units)

Presolve removed 2218541 rows and 2696586 columns (presolve time = 5s)...
Presolve removed 2371439 rows and 2839645 columns (presolve time = 10s)...
Presolve removed 2406785 rows and 2839645 columns (presolve time = 15s)...
Presolve removed 2406785 rows and 2839645 columns (presolve time = 20s)...
Presolve removed 2406785 rows and 2839645 columns (presolve time = 25s)...
Presolve removed 2406785 rows and 2839645 columns (presolve time = 30s)...
Presolve removed 2406785 rows and 2839645 columns (presolve time = 35s)...
Presolve removed 2406785 rows and 2839645 columns (presolve time = 40s)...
Presolve removed 2406785 rows and 2839645 columns (presolve time = 45s)...
Presolve removed 2406785 rows and 2839645 columns (presolve time = 50s)...
Presolve removed 2406785 rows and 2839645 columns (presolve time = 55s)...
Presolve removed 2406785 rows and 2839645 columns (presolve time = 60s)...
Presolve removed 2406785 rows and 2839645 columns (presolve time = 65s)...
Presolve removed 2406785 rows and 2839645 columns (presolve time = 70s)...
Presolve removed 2406785 rows and 2839645 columns (presolve time = 75s)...
Presolve removed 2406785 rows and 2839645 columns (presolve time = 80s)...
Presolve removed 2406785 rows and 2839645 columns (presolve time = 85s)...
Presolve removed 2406785 rows and 2839645 columns (presolve time = 90s)...
Presolve removed 2406785 rows and 2839645 columns (presolve time = 95s)...
Presolve removed 2406785 rows and 2839645 columns (presolve time = 100s)...
Presolve removed 2406785 rows and 2839645 columns (presolve time = 105s)...
Presolve removed 2406785 rows and 2839645 columns (presolve time = 110s)...
Presolve removed 2406785 rows and 2839645 columns (presolve time = 115s)...
Presolve removed 2406785 rows and 2839645 columns (presolve time = 120s)...
Presolve removed 2406785 rows and 2839645 columns (presolve time = 125s)...
Presolve removed 2406785 rows and 2839645 columns (presolve time = 130s)...
Presolve removed 2406785 rows and 2839645 columns (presolve time = 135s)...
Presolve removed 2406785 rows and 2839645 columns (presolve time = 140s)...
Presolve removed 2406785 rows and 2839645 columns (presolve time = 145s)...
Presolve removed 2406785 rows and 2839645 columns (presolve time = 150s)...
Presolve removed 2406785 rows and 2839645 columns (presolve time = 155s)...
Presolve removed 2406785 rows and 2839645 columns (presolve time = 160s)...
Presolve removed 2406785 rows and 2839645 columns (presolve time = 165s)...
Presolve removed 2406785 rows and 2839645 columns (presolve time = 170s)...
Presolve removed 2406785 rows and 2839645 columns (presolve time = 175s)...
Presolve removed 2406785 rows and 2839645 columns (presolve time = 180s)...
Presolve removed 2406785 rows and 2839645 columns (presolve time = 185s)...
Presolve removed 2406785 rows and 2839645 columns (presolve time = 190s)...
Presolve removed 2406785 rows and 2839645 columns (presolve time = 195s)...
Presolve removed 2406785 rows and 2839645 columns (presolve time = 200s)...
Presolve removed 2406785 rows and 2839645 columns (presolve time = 205s)...
Presolve removed 2406785 rows and 2839645 columns (presolve time = 210s)...
Presolve removed 2406785 rows and 2839645 columns (presolve time = 215s)...
Presolve removed 2406785 rows and 2839645 columns (presolve time = 220s)...
Presolve removed 2406785 rows and 2839645 columns (presolve time = 225s)...
Presolve removed 2406785 rows and 2839645 columns (presolve time = 230s)...
Presolve removed 2406785 rows and 2839645 columns (presolve time = 235s)...
Presolve removed 2406785 rows and 2839645 columns (presolve time = 240s)...
Presolve removed 2406785 rows and 2839645 columns (presolve time = 245s)...
Presolve removed 2406785 rows and 2839645 columns (presolve time = 250s)...
Presolve removed 2406785 rows and 2839645 columns (presolve time = 255s)...
Presolve removed 2406785 rows and 2839645 columns (presolve time = 260s)...
Presolve removed 2406785 rows and 2839645 columns (presolve time = 265s)...
Presolve removed 2406785 rows and 2839645 columns (presolve time = 270s)...
Presolve removed 2406785 rows and 2839645 columns (presolve time = 275s)...
Presolve removed 2406785 rows and 2839645 columns (presolve time = 280s)...
Presolve removed 2406785 rows and 2839645 columns (presolve time = 285s)...
Presolve removed 2406785 rows and 2839645 columns (presolve time = 290s)...
Presolve removed 2505955 rows and 2849942 columns (presolve time = 295s)...
Presolve removed 2507437 rows and 2850839 columns (presolve time = 300s)...
Presolve removed 2507437 rows and 2850839 columns (presolve time = 305s)...
Presolve removed 2508420 rows and 2850839 columns (presolve time = 310s)...
Presolve removed 2508420 rows and 2850839 columns (presolve time = 315s)...
Presolve removed 2508420 rows and 2850839 columns (presolve time = 320s)...
Presolve removed 2508420 rows and 2850839 columns (presolve time = 325s)...
Presolve removed 2508420 rows and 2850839 columns (presolve time = 331s)...
Presolve removed 2508420 rows and 2850839 columns (presolve time = 335s)...
Presolve removed 2508420 rows and 2850839 columns (presolve time = 340s)...
Presolve removed 2508420 rows and 2850839 columns (presolve time = 446s)...
Presolve removed 2508420 rows and 2850839 columns (presolve time = 526s)...
Presolve removed 2508420 rows and 2850839 columns (presolve time = 552s)...
Presolve removed 2508648 rows and 2851068 columns (presolve time = 555s)...
Presolve removed 2508648 rows and 2851068 columns (presolve time = 560s)...
Presolve removed 2508648 rows and 2851068 columns (presolve time = 565s)...
Presolve removed 2508648 rows and 2851068 columns (presolve time = 570s)...
Presolve removed 2508648 rows and 2851068 columns (presolve time = 577s)...
Presolve removed 2508648 rows and 2851068 columns (presolve time = 580s)...
Presolve removed 2508648 rows and 2851068 columns (presolve time = 585s)...
Presolve removed 2508648 rows and 2851068 columns (presolve time = 590s)...
Presolve removed 2508648 rows and 2851068 columns (presolve time = 698s)...
Presolve removed 2508648 rows and 2851068 columns (presolve time = 778s)...
Presolve removed 2508648 rows and 2851068 columns (presolve time = 829s)...
Presolve removed 2508648 rows and 2851068 columns (presolve time = 830s)...
Presolve removed 2508648 rows and 2851068 columns (presolve time = 835s)...
Presolve removed 2508648 rows and 2851068 columns (presolve time = 840s)...
Presolve removed 2508648 rows and 2851068 columns (presolve time = 845s)...
Presolve removed 2508648 rows and 2851068 columns (presolve time = 850s)...
Sparsify removed 19381 nonzeros (0%)
Presolve removed 2508648 rows and 2851066 columns
Presolve time: 852.34s
Presolved: 2669189 rows, 2247087 columns, 9959215 nonzeros
Variable types: 2226616 continuous, 20471 integer (17881 binary)
Root relaxation presolve removed 138 rows and 138 columns (presolve time = 5s)...
Root relaxation presolve removed 138 rows and 138 columns (presolve time = 10s)...
Root relaxation presolve removed 138 rows and 138 columns (presolve time = 15s)...
Root relaxation presolve removed 138 rows and 138 columns (presolve time = 20s)...
Root relaxation presolve removed 138 rows and 138 columns (presolve time = 25s)...
Root relaxation presolve removed 138 rows and 138 columns (presolve time = 30s)...
Root relaxation presolve removed 138 rows and 138 columns (presolve time = 35s)...
Root relaxation presolve removed 138 rows and 138 columns (presolve time = 40s)...
Root relaxation presolve removed 138 rows and 138 columns (presolve time = 45s)...
Root relaxation presolve removed 260 rows and 382 columns (presolve time = 50s)...
Root relaxation presolve removed 260 rows and 382 columns (presolve time = 55s)...
Root relaxation presolve removed 260 rows and 382 columns (presolve time = 60s)...
Root relaxation presolve removed 260 rows and 382 columns (presolve time = 65s)...
Root relaxation presolve removed 260 rows and 382 columns (presolve time = 70s)...
Root relaxation presolve removed 260 rows and 382 columns (presolve time = 75s)...
Root relaxation presolve removed 260 rows and 382 columns (presolve time = 80s)...
Root relaxation presolve removed 260 rows and 382 columns (presolve time = 85s)...
Root relaxation presolve removed 260 rows and 382 columns (presolve time = 90s)...
Root relaxation presolve removed 504 rows and 382 columns (presolve time = 95s)...
Root relaxation presolve removed 504 rows and 382 columns (presolve time = 100s)...
Root relaxation presolve removed 504 rows and 382 columns (presolve time = 105s)...
Root relaxation presolve removed 504 rows and 382 columns (presolve time = 110s)...
Root relaxation presolve removed 504 rows and 382 columns (presolve time = 115s)...
Root relaxation presolve removed 504 rows and 382 columns (presolve time = 120s)...
Root relaxation presolve removed 504 rows and 382 columns (presolve time = 125s)...
Root relaxation presolve removed 504 rows and 382 columns (presolve time = 130s)...
Root relaxation presolve removed 504 rows and 382 columns
Root relaxation presolved: 2668685 rows, 2246705 columns, 9957199 nonzeros


Root simplex log...

Iteration    Objective       Primal Inf.    Dual Inf.      Time
       0    7.4927587e+08   3.817062e+08   0.000000e+00   1046s
    8833    7.4927587e+08   6.106777e+08   0.000000e+00   1050s
   13838    7.4927584e+08   1.199219e+09   0.000000e+00   1057s
   13938    7.4927584e+08   6.300883e+08   0.000000e+00   1060s
   14208    7.4927584e+08   8.627286e+08   0.000000e+00   1066s
   14468    7.4927584e+08   1.822225e+09   0.000000e+00   1072s
   14748    7.4927583e+08   6.209077e+08   0.000000e+00   1077s
   14968    7.4927583e+08   6.225607e+08   0.000000e+00   1083s
   15138    7.4927583e+08   6.168703e+08   0.000000e+00   1085s
   15368    7.4927583e+08   6.149275e+08   0.000000e+00   1091s
   15578    7.4927583e+08   8.443255e+08   0.000000e+00   1097s
   15748    7.4927583e+08   8.402614e+08   0.000000e+00   1100s
   15998    7.4927583e+08   5.632038e+08   0.000000e+00   1106s
   16308    7.4927582e+08   6.068647e+08   0.000000e+00   1112s
   16568    7.4927582e+08   8.310166e+08   0.000000e+00   1118s
   16678    7.4927582e+08   6.103511e+08   0.000000e+00   1120s
   16948    7.4927582e+08   8.414116e+08   0.000000e+00   1126s
   17188    7.4927582e+08   6.000017e+08   0.000000e+00   1132s
   17408    7.4927582e+08   5.993331e+08   0.000000e+00   1137s
   17528    7.4927582e+08   8.173579e+08   0.000000e+00   1140s
   17828    7.4927581e+08   5.949448e+08   0.000000e+00   1146s
   18048    7.4927581e+08   5.473932e+08   0.000000e+00   1151s
   18268    7.4927581e+08   5.907254e+08   0.000000e+00   1157s
   18488    7.4927581e+08   8.051768e+08   0.000000e+00   1163s
   18588    7.4927581e+08   5.903568e+08   0.000000e+00   1165s
   19108    7.4927581e+08   7.997012e+08   0.000000e+00   1171s
   19388    7.4927580e+08   8.124430e+08   0.000000e+00   1177s
   19498    7.4927580e+08   1.103074e+09   0.000000e+00   1180s
   19818    7.4927580e+08   5.800059e+08   0.000000e+00   1186s
   20038    7.4927580e+08   9.346258e+09   0.000000e+00   1192s
   20268    7.4927580e+08   5.758247e+08   0.000000e+00   1198s
   20398    7.4927580e+08   5.744725e+08   0.000000e+00   1200s
   20688    7.4927579e+08   5.723233e+08   0.000000e+00   1206s
   20908    7.4927579e+08   5.696167e+08   0.000000e+00   1212s
   21118    7.4927579e+08   5.986266e+08   0.000000e+00   1217s
   21338    7.4927579e+08   7.851556e+08   0.000000e+00   1223s
   21448    7.4927579e+08   5.676816e+08   0.000000e+00   1226s
   21688    7.4927579e+08   7.740112e+08   0.000000e+00   1231s
   21938    7.4927579e+08   5.649277e+08   0.000000e+00   1237s
   22218    7.4927579e+08   5.700407e+08   0.000000e+00   1243s
   22428    7.4927578e+08   5.592462e+08   0.000000e+00   1246s
   22648    7.4927578e+08   5.171498e+08   0.000000e+00   1252s
   23088    7.4927578e+08   5.537896e+08   0.000000e+00   1258s
   23208    7.4927578e+08   5.520111e+08   0.000000e+00   1260s
   23408    7.4927578e+08   1.311865e+09   0.000000e+00   1266s
   23688    7.4927578e+08   5.486134e+08   0.000000e+00   1272s
   23798    7.4927578e+08   5.512579e+08   0.000000e+00   1275s
   24048    7.4927577e+08   1.015334e+09   0.000000e+00   1281s
   24288    7.4927577e+08   5.434326e+08   0.000000e+00   1287s
   24518    7.4927577e+08   5.406643e+08   0.000000e+00   1292s
   24628    7.4927577e+08   7.320784e+08   0.000000e+00   1295s
   25128    7.4927577e+08   5.372297e+08   0.000000e+00   1301s
   25378    7.4927577e+08   5.339306e+08   0.000000e+00   1307s
   25598    7.4927576e+08   5.320444e+08   0.000000e+00   1312s
   25718    7.4927576e+08   5.326354e+08   0.000000e+00   1315s
   25968    7.4927576e+08   5.302120e+08   0.000000e+00   1321s
   26218    7.4927576e+08   4.895139e+08   0.000000e+00   1327s
   26448    7.4927576e+08   5.283271e+08   0.000000e+00   1332s
   26748    7.4927576e+08   5.241081e+08   0.000000e+00   1338s
   26868    7.4927576e+08   5.232543e+08   0.000000e+00   1341s
   27078    7.4927576e+08   4.819416e+08   0.000000e+00   1346s
   27288    7.4927576e+08   7.022438e+08   0.000000e+00   1352s
   27558    7.4927575e+08   7.092874e+08   0.000000e+00   1358s
   27678    7.4927575e+08   5.144802e+08   0.000000e+00   1361s
   28178    7.4927575e+08   5.145741e+08   0.000000e+00   1366s
   28458    7.4927575e+08   5.124950e+08   0.000000e+00   1372s
   28728    7.4927575e+08   5.078465e+08   0.000000e+00   1377s
   28938    7.4927575e+08   6.960874e+08   0.000000e+00   1382s
   29038    7.4927575e+08   6.989114e+08   0.000000e+00   1385s
   29278    7.4927574e+08   5.031684e+08   0.000000e+00   1391s
   29548    7.4927574e+08   4.996714e+08   0.000000e+00   1397s
   29758    7.4927574e+08   6.700000e+08   0.000000e+00   1403s
   29858    7.4927574e+08   6.678953e+08   0.000000e+00   1406s
   30088    7.4927574e+08   4.977686e+08   0.000000e+00   1411s
   30378    7.4927574e+08   2.906189e+10   0.000000e+00   1417s
   30488    7.4927574e+08   4.953549e+08   0.000000e+00   1420s
   30798    7.4927574e+08   6.740553e+08   0.000000e+00   1426s
   30988    7.4927574e+08   4.913666e+08   0.000000e+00   1431s
   31248    7.4927574e+08   4.896609e+08   0.000000e+00   1437s
   31428    7.4927574e+08   4.863393e+08   0.000000e+00   1440s
   31638    7.4927573e+08   4.846471e+08   0.000000e+00   1446s
   31878    7.4927573e+08   4.826228e+08   0.000000e+00   1451s
   32118    7.4927573e+08   6.559467e+08   0.000000e+00   1457s
   32358    7.4927573e+08   4.855797e+08   0.000000e+00   1463s
   32528    7.4927573e+08   6.403611e+08   0.000000e+00   1466s
   32728    7.4927573e+08   6.438730e+08   0.000000e+00   1471s
   32998    7.4927573e+08   4.413745e+08   0.000000e+00   1477s
   33228    7.4927573e+08   4.728090e+08   0.000000e+00   1483s
   33338    7.4927573e+08   6.335083e+08   0.000000e+00   1486s
   33558    7.4927573e+08   4.706394e+08   0.000000e+00   1491s
   33888    7.4927572e+08   4.666550e+08   0.000000e+00   1500s
   33998    7.4927572e+08   4.659514e+08   0.000000e+00   1503s
   34128    7.4927572e+08   6.205791e+08   0.000000e+00   1506s
   34348    7.4927572e+08   4.649844e+08   0.000000e+00   1511s
   34648    7.4927572e+08   6.152617e+08   0.000000e+00   1517s
   34898    7.4927572e+08   4.272626e+08   0.000000e+00   1523s
   35158    7.4927572e+08   6.087957e+08   0.000000e+00   1529s
   35268    7.4927572e+08   4.558029e+08   0.000000e+00   1532s
   35528    7.4927572e+08   8.179285e+08   0.000000e+00   1537s
   35638    7.4927572e+08   6.155103e+08   0.000000e+00   1540s
   35878    7.4927572e+08   6.145054e+08   0.000000e+00   1546s
   36128    7.4927571e+08   4.518591e+08   0.000000e+00   1552s
   36508    7.4927571e+08   4.488553e+08   0.000000e+00   1560s
   36778    7.4927571e+08   4.449186e+08   0.000000e+00   1566s
   36988    7.4927571e+08   6.006626e+08   0.000000e+00   1571s
   37228    7.4927571e+08   5.876636e+08   0.000000e+00   1577s
   37458    7.4927571e+08   7.912731e+08   0.000000e+00   1582s
   37558    7.4927571e+08   2.016572e+09   0.000000e+00   1585s
   37818    7.4927571e+08   7.879511e+08   0.000000e+00   1591s
   38438    7.4927571e+08   5.761449e+08   0.000000e+00   1596s
   38718    7.4927571e+08   5.839952e+08   0.000000e+00   1603s
   38818    7.4927571e+08   5.726319e+08   0.000000e+00   1606s
   39098    7.4927570e+08   7.732035e+08   0.000000e+00   1612s
   39328    7.4927570e+08   5.756342e+08   0.000000e+00   1617s
   39448    7.4927570e+08   4.255217e+08   0.000000e+00   1620s
   39828    7.4927570e+08   7.587448e+08   0.000000e+00   1629s
   39948    7.4927570e+08   4.207163e+08   0.000000e+00   1632s
   40078    7.4927570e+08   4.199483e+08   0.000000e+00   1635s
   40298    7.4927570e+08   4.180037e+08   0.000000e+00   1641s
   40538    7.4927570e+08   4.157135e+08   0.000000e+00   1647s
   40678    7.4927570e+08   4.141417e+08   0.000000e+00   1650s
   40908    7.4927570e+08   4.117300e+08   0.000000e+00   1656s
   41128    7.4927570e+08   7.306029e+08   0.000000e+00   1662s
   41348    7.4927569e+08   4.081535e+08   0.000000e+00   1668s
   41478    7.4927569e+08   5.377843e+08   0.000000e+00   1671s
   41698    7.4927569e+08   5.337119e+08   0.000000e+00   1677s
   41928    7.4927569e+08   4.039675e+08   0.000000e+00   1683s
   42058    7.4927569e+08   5.298240e+08   0.000000e+00   1686s
   42288    7.4927569e+08   3.986945e+08   0.000000e+00   1691s
   42548    7.4927569e+08   5.232360e+08   0.000000e+00   1697s
   42658    7.4927569e+08   3.955448e+08   0.000000e+00   1700s
   42878    7.4927569e+08   5.187379e+08   0.000000e+00   1706s
   43118    7.4927569e+08   6.980396e+08   0.000000e+00   1713s
   43228    7.4927569e+08   2.338102e+10   0.000000e+00   1716s
   43488    7.4927569e+08   3.903421e+08   0.000000e+00   1722s
   43728    7.4927569e+08   5.188900e+08   0.000000e+00   1728s
   43848    7.4927569e+08   5.082010e+08   0.000000e+00   1731s
   44098    7.4927568e+08   3.853547e+08   0.000000e+00   1737s
   44238    7.4927568e+08   5.193267e+08   0.000000e+00   1740s
   44478    7.4927568e+08   3.838286e+08   0.000000e+00   1745s
   44728    7.4927568e+08   4.978065e+08   0.000000e+00   1750s
   44958    7.4927568e+08   4.954228e+08   0.000000e+00   1756s
   45188    7.4927568e+08   3.517235e+08   0.000000e+00   1761s
   45418    7.4927568e+08   1.655334e+09   0.000000e+00   1766s
   45648    7.4927568e+08   6.458177e+08   0.000000e+00   1771s
   45898    7.4927568e+08   4.904252e+08   0.000000e+00   1776s
   46118    7.4927568e+08   3.682425e+08   0.000000e+00   1781s
   46378    7.4927568e+08   3.658297e+08   0.000000e+00   1787s
   46668    7.4927568e+08   6.368657e+08   0.000000e+00   1792s
   46918    7.4927568e+08   3.467211e+08   0.000000e+00   1797s
   47228    7.4927567e+08   4.691427e+08   0.000000e+00   1802s
   47448    7.4927567e+08   3.590528e+08   0.000000e+00   1807s
   47688    7.4927567e+08   3.579264e+08   0.000000e+00   1812s
   47958    7.4927567e+08   3.539289e+08   0.000000e+00   1817s
   48198    7.4927567e+08   4.608946e+08   0.000000e+00   1822s
   48568    7.4927567e+08   3.526072e+08   0.000000e+00   1827s
   48858    7.4927567e+08   3.313437e+08   0.000000e+00   1832s
   49158    7.4927567e+08   3.471406e+08   0.000000e+00   1838s
   49308    7.4927567e+08   3.453970e+08   0.000000e+00   1840s
   49538    7.4927567e+08   3.434430e+08   0.000000e+00   1845s
   49748    7.4927567e+08   2.029118e+10   0.000000e+00   1850s
   50028    7.4927567e+08   3.413057e+08   0.000000e+00   1855s
   50298    7.4927567e+08   3.392897e+08   0.000000e+00   1860s
   50548    7.4927567e+08   3.366193e+08   0.000000e+00   1865s
   50818    7.4927567e+08   3.344348e+08   0.000000e+00   1870s
   51098    7.4927566e+08   3.327380e+08   0.000000e+00   1876s
   51358    7.4927566e+08   3.291232e+08   0.000000e+00   1881s
   51598    7.4927566e+08   3.268082e+08   0.000000e+00   1885s
   51858    7.4927566e+08   3.242805e+08   0.000000e+00   1891s
   52068    7.4927566e+08   4.139964e+08   0.000000e+00   1896s
   52318    7.4927566e+08   4.186556e+08   0.000000e+00   1901s
   52538    7.4927566e+08   3.069313e+08   0.000000e+00   1906s
   52798    7.4927566e+08   4.088299e+08   0.000000e+00   1911s
   53788    7.4927566e+08   4.157669e+08   0.000000e+00   1916s
   54168    7.4927566e+08   3.134874e+08   0.000000e+00   1921s
   54388    7.4927566e+08   3.109152e+08   0.000000e+00   1926s
   54688    7.4927566e+08   5.150231e+08   0.000000e+00   1934s
   54788    7.4927566e+08   3.935246e+08   0.000000e+00   1936s
   55168    7.4927565e+08   3.048497e+08   0.000000e+00   1941s
   55398    7.4927565e+08   3.867380e+08   0.000000e+00   1946s
   55598    7.4927565e+08   3.017614e+08   0.000000e+00   1951s
   55818    7.4927565e+08   3.056425e+08   0.000000e+00   1957s
   56168    7.4927565e+08   2.970298e+08   0.000000e+00   1962s
   56548    7.4927565e+08   2.936429e+08   0.000000e+00   1970s
   56658    7.4927565e+08   3.776261e+08   0.000000e+00   1972s
   56758    7.4927565e+08   3.705580e+08   0.000000e+00   1975s
   57028    7.4927565e+08   3.690690e+08   0.000000e+00   1980s
   57268    7.4927565e+08   2.883832e+08   0.000000e+00   1985s
   57488    7.4927565e+08   1.645795e+09   0.000000e+00   1990s
   57738    7.4927565e+08   1.580486e+10   0.000000e+00   1996s
   58038    7.4927565e+08   2.836979e+08   0.000000e+00   2001s
   58298    7.4927565e+08   3.553555e+08   0.000000e+00   2006s
   58548    7.4927565e+08   2.812384e+08   0.000000e+00   2011s
   58788    7.4927565e+08   4.493518e+08   0.000000e+00   2016s
   59068    7.4927565e+08   2.759955e+08   0.000000e+00   2022s
   59308    7.4927565e+08   2.745308e+08   0.000000e+00   2027s
   59548    7.4927565e+08   3.478624e+08   0.000000e+00   2032s
   59798    7.4927565e+08   3.391231e+08   0.000000e+00   2037s
   60028    7.4927565e+08   2.684144e+08   0.000000e+00   2042s
   60158    7.4927565e+08   3.391462e+08   0.000000e+00   2045s
   60398    7.4927565e+08   3.317004e+08   0.000000e+00   2050s
   60648    7.4927564e+08   3.299391e+08   0.000000e+00   2056s
   60888    7.4927564e+08   3.328382e+08   0.000000e+00   2061s
   61138    7.4927564e+08   1.097079e+10   0.000000e+00   2066s
   61388    7.4927564e+08   2.595274e+08   0.000000e+00   2071s
   61668    7.4927564e+08   2.568893e+08   0.000000e+00   2076s
   61898    7.4927564e+08   2.574469e+08   0.000000e+00   2081s
   62278    7.4927564e+08   2.548628e+08   0.000000e+00   2089s
   62448    7.4927564e+08   3.115476e+08   0.000000e+00   2091s
   62678    7.4927564e+08   3.075677e+08   0.000000e+00   2097s
   62908    7.4927564e+08   3.858509e+08   0.000000e+00   2102s
   63178    7.4927564e+08   2.486005e+08   0.000000e+00   2107s
   63438    7.4927564e+08   2.456093e+08   0.000000e+00   2112s
   63668    7.4927564e+08   3.019056e+08   0.000000e+00   2118s
   63788    7.4927564e+08   2.417491e+08   0.000000e+00   2120s
   64058    7.4927564e+08   2.935922e+08   0.000000e+00   2125s
   64368    7.4927564e+08   2.923011e+08   0.000000e+00   2133s
   64538    7.4927564e+08   2.365149e+08   0.000000e+00   2136s
   64878    7.4927564e+08   3.612929e+08   0.000000e+00   2141s
   65228    7.4927564e+08   2.897382e+08   0.000000e+00   2146s
   65458    7.4927564e+08   2.249767e+08   0.000000e+00   2151s
   65718    7.4927564e+08   1.761197e+08   0.000000e+00   2156s
   66048    7.4927564e+08   2.835190e+08   0.000000e+00   2162s
   66568    7.4927564e+08   2.813474e+08   0.000000e+00   2167s
   66828    7.4927563e+08   2.758580e+08   0.000000e+00   2172s
   67118    7.4927563e+08   2.777779e+08   0.000000e+00   2177s
   67698    7.4927563e+08   3.404291e+08   0.000000e+00   2182s
   68048    7.4927563e+08   2.706887e+08   0.000000e+00   2187s
   68498    7.4927563e+08   2.706317e+08   0.000000e+00   2190s
   68878    7.4927563e+08   2.738911e+08   0.000000e+00   2195s
   69268    7.4927563e+08   2.712178e+08   0.000000e+00   2201s
   69558    7.4927563e+08   2.698361e+08   0.000000e+00   2206s
   70779    7.4927563e+08   2.670837e+08   0.000000e+00   2211s
   71179    7.4927563e+08   2.649131e+08   0.000000e+00   2216s
   71419    7.4927563e+08   2.619571e+08   0.000000e+00   2222s
   71729    7.4927563e+08   2.608245e+08   0.000000e+00   2227s
   71979    7.4927563e+08   2.082874e+08   0.000000e+00   2232s
   72199    7.4927563e+08   2.617368e+08   0.000000e+00   2237s
   72359    7.4927563e+08   2.566648e+08   0.000000e+00   2240s
   72659    7.4927563e+08   6.129692e+09   0.000000e+00   2246s
   72949    7.4927563e+08   2.547381e+08   0.000000e+00   2251s
   73239    7.4927563e+08   2.526907e+08   0.000000e+00   2256s
   74049    7.4927562e+08   2.509169e+08   0.000000e+00   2261s
   74959    7.4927562e+08   2.526427e+08   0.000000e+00   2267s
   75489    7.4927562e+08   2.488968e+08   0.000000e+00   2272s
   75689    7.4927562e+08   2.469975e+08   0.000000e+00   2275s
   75959    7.4927562e+08   1.992383e+08   0.000000e+00   2280s
   76689    7.4927562e+08   2.442703e+08   0.000000e+00   2286s
   77519    7.4927562e+08   2.459574e+08   0.000000e+00   2291s
   77869    7.4927562e+08   2.968132e+08   0.000000e+00   2296s
   79860    7.4927562e+08   2.396525e+08   0.000000e+00   2301s
   81031    7.4927562e+08   1.908783e+08   0.000000e+00   2306s
   82212    7.4927562e+08   3.563516e+08   0.000000e+00   2311s
   82892    7.4927562e+08   1.882494e+08   0.000000e+00   2317s
   84723    7.4927562e+08   2.328397e+08   0.000000e+00   2322s
   84873    7.4927562e+08   2.310120e+08   0.000000e+00   2325s
   86104    7.4927562e+08   2.335891e+08   0.000000e+00   2330s
   87345    7.4927562e+08   2.302434e+08   0.000000e+00   2336s
   87695    7.4927561e+08   2.267899e+08   0.000000e+00   2342s
   88125    7.4927561e+08   2.241759e+08   0.000000e+00   2348s
   89376    7.4927561e+08   2.232147e+08   0.000000e+00   2353s
   89676    7.4927561e+08   2.231177e+08   0.000000e+00   2355s
   90086    7.4927561e+08   2.220837e+08   0.000000e+00   2361s
   90406    7.4927561e+08   2.715597e+08   0.000000e+00   2367s
   91016    7.4927561e+08   2.217944e+08   0.000000e+00   2372s
   91196    7.4927561e+08   2.196715e+08   0.000000e+00   2375s
   92397    7.4927561e+08   2.170532e+08   0.000000e+00   2381s
   92757    7.4927561e+08   1.145095e+09   0.000000e+00   2387s
   93627    7.4927561e+08   2.169222e+08   0.000000e+00   2392s
   93847    7.4927561e+08   2.137391e+08   0.000000e+00   2395s
   95068    7.4927561e+08   2.152256e+08   0.000000e+00   2400s
   95528    7.4927561e+08   2.125152e+08   0.000000e+00   2406s
   95898    7.4927561e+08   3.156949e+08   0.000000e+00   2412s
   96198    7.4927561e+08   2.545464e+08   0.000000e+00   2417s
   97679    7.4927561e+08   2.090973e+08   0.000000e+00   2420s
   98789    7.4927561e+08   2.068867e+08   0.000000e+00   2426s
   99019    7.4927561e+08   1.681761e+08   0.000000e+00   2432s
   99189    7.4927561e+08   2.059478e+08   0.000000e+00   2438s
  100190    7.4927561e+08   2.060441e+08   0.000000e+00   2440s
  100680    7.4927561e+08   2.034461e+08   0.000000e+00   2446s
  101130    7.4927561e+08   2.041039e+08   0.000000e+00   2452s
  103132    7.4927561e+08   2.016935e+08   0.000000e+00   2455s
  104353    7.4927560e+08   2.024793e+08   0.000000e+00   2460s
  104713    7.4927560e+08   2.012425e+08   0.000000e+00   2466s
  104933    7.4927560e+08   1.982745e+08   0.000000e+00   2472s
  105593    7.4927560e+08   1.971718e+08   0.000000e+00   2478s
  105823    7.4927560e+08   1.960179e+08   0.000000e+00   2481s
  107614    7.4927560e+08   1.947404e+08   0.000000e+00   2487s
  109505    7.4927560e+08   2.003007e+08   0.000000e+00   2490s
  110666    7.4927560e+08   1.933451e+08   0.000000e+00   2495s
  111977    7.4927560e+08   1.951656e+08   0.000000e+00   2501s
  113218    7.4927560e+08   1.918807e+08   0.000000e+00   2506s
  114489    7.4927560e+08   1.914171e+08   0.000000e+00   2511s
  115860    7.4927560e+08   1.905739e+08   0.000000e+00   2518s
  116030    7.4927560e+08   1.903596e+08   0.000000e+00   2521s
  117161    7.4927560e+08   1.901939e+08   0.000000e+00   2526s
  118342    7.4927560e+08   1.890493e+08   0.000000e+00   2531s
  119603    7.4927560e+08   1.898886e+08   0.000000e+00   2535s
  120744    7.4927560e+08   1.886762e+08   0.000000e+00   2540s
  122916    7.4927560e+08   1.883941e+08   0.000000e+00   2546s
  124087    7.4927560e+08   1.880773e+08   0.000000e+00   2551s
  124487    7.4927560e+08   1.869937e+08   0.000000e+00   2558s
  124667    7.4927560e+08   1.863198e+08   0.000000e+00   2561s
  125047    7.4927560e+08   4.665329e+08   0.000000e+00   2567s
  126198    7.4927559e+08   1.860385e+08   0.000000e+00   2573s
  126368    7.4927559e+08   1.857932e+08   0.000000e+00   2576s
  126958    7.4927559e+08   1.858443e+08   0.000000e+00   2582s
  128960    7.4927559e+08   1.843164e+08   0.000000e+00   2587s
  129160    7.4927559e+08   1.845561e+08   0.000000e+00   2590s
  130351    7.4927559e+08   1.837168e+08   0.000000e+00   2596s
  130751    7.4927559e+08   1.835267e+08   0.000000e+00   2602s
  130991    7.4927559e+08   1.836406e+08   0.000000e+00   2606s
  131271    7.4927559e+08   2.104936e+08   0.000000e+00   2612s
  131631    7.4927559e+08   1.813348e+08   0.000000e+00   2618s
  131821    7.4927559e+08   1.805537e+08   0.000000e+00   2621s
  132131    7.4927559e+08   1.795469e+08   0.000000e+00   2627s
  132251    7.4927559e+08   1.794744e+08   0.000000e+00   2630s
  132581    7.4927559e+08   1.774655e+08   0.000000e+00   2637s
  132851    7.4927559e+08   1.763025e+08   0.000000e+00   2643s
  132961    7.4927559e+08   1.757336e+08   0.000000e+00   2646s
  133271    7.4927559e+08   1.744529e+08   0.000000e+00   2652s
  133431    7.4927559e+08   1.743947e+08   0.000000e+00   2655s
  134582    7.4927559e+08   1.731241e+08   0.000000e+00   2662s
  134742    7.4927559e+08   1.724615e+08   0.000000e+00   2665s
  135112    7.4927559e+08   1.726630e+08   0.000000e+00   2671s
  136283    7.4927559e+08   1.711862e+08   0.000000e+00   2677s
  136593    7.4927559e+08   1.697210e+08   0.000000e+00   2683s
  136693    7.4927559e+08   1.691620e+08   0.000000e+00   2686s
  136963    7.4927559e+08   1.682105e+08   0.000000e+00   2692s
  137113    7.4927559e+08   1.677684e+08   0.000000e+00   2696s
  137423    7.4927559e+08   1.667465e+08   0.000000e+00   2702s
  137583    7.4927559e+08   1.666151e+08   0.000000e+00   2705s
  138914    7.4927559e+08   1.651800e+08   0.000000e+00   2712s
  139134    7.4927559e+08   1.645683e+08   0.000000e+00   2715s
  139494    7.4927559e+08   1.650694e+08   0.000000e+00   2722s
  140625    7.4927559e+08   1.635259e+08   0.000000e+00   2726s
  141045    7.4927559e+08   1.628164e+08   0.000000e+00   2733s
  141245    7.4927559e+08   2.553508e+08   0.000000e+00   2736s
  141605    7.4927559e+08   1.631134e+08   0.000000e+00   2742s
  141805    7.4927559e+08   1.631200e+08   0.000000e+00   2746s
  142625    7.4927559e+08   1.619983e+08   0.000000e+00   2752s
  142825    7.4927559e+08   1.606327e+08   0.000000e+00   2755s
  144036    7.4927559e+08   1.609964e+08   0.000000e+00   2761s
  145227    7.4927559e+08   1.600706e+08   0.000000e+00   2767s
  146378    7.4927559e+08   1.596963e+08   0.000000e+00   2771s
  147609    7.4927559e+08   1.589092e+08   0.000000e+00   2777s
  147959    7.4927559e+08   1.583712e+08   0.000000e+00   2783s
  148729    7.4927559e+08   1.575636e+08   0.000000e+00   2786s
  149930    7.4927559e+08   1.561126e+08   0.000000e+00   2790s
  151151    7.4927559e+08   1.647941e+08   0.000000e+00   2797s
  152342    7.4927558e+08   1.559589e+08   0.000000e+00   2803s
  152582    7.4927558e+08   1.534880e+08   0.000000e+00   2806s
  153002    7.4927558e+08   1.548177e+08   0.000000e+00   2813s
  153202    7.4927558e+08   1.528442e+08   0.000000e+00   2816s
  154383    7.4927558e+08   1.520926e+08   0.000000e+00   2822s
  154553    7.4927558e+08   1.568443e+08   0.000000e+00   2825s
  155493    7.4927558e+08   1.527945e+08   0.000000e+00   2832s
  156674    7.4927558e+08   1.516587e+08   0.000000e+00   2838s
  156874    7.4927558e+08   1.811743e+08   0.000000e+00   2841s
  157214    7.4927558e+08   1.491101e+08   0.000000e+00   2848s
  157394    7.4927558e+08   1.494164e+08   0.000000e+00   2851s
  158575    7.4927558e+08   1.495251e+08   0.000000e+00   2857s
  159686    7.4927558e+08   1.486547e+08   0.000000e+00   2861s
  161858    7.4927558e+08   1.476985e+08   0.000000e+00   2866s
  162999    7.4927558e+08   1.460543e+08   0.000000e+00   2871s
  163339    7.4927558e+08   1.468831e+08   0.000000e+00   2878s
  163539    7.4927558e+08   1.541409e+08   0.000000e+00   2882s
  163959    7.4927558e+08   1.433381e+08   0.000000e+00   2888s
  165100    7.4927558e+08   2.166302e+08   0.000000e+00   2893s
  165310    7.4927558e+08   1.421747e+08   0.000000e+00   2896s
  166471    7.4927558e+08   1.413139e+08   0.000000e+00   2902s
  166601    7.4927558e+08   1.412957e+08   0.000000e+00   2905s
  166891    7.4927558e+08   1.410069e+08   0.000000e+00   2912s
  167041    7.4927558e+08   1.415316e+08   0.000000e+00   2915s
  167341    7.4927558e+08   1.413607e+08   0.000000e+00   2922s
  169343    7.4927558e+08   1.410449e+08   0.000000e+00   2927s
  169493    7.4927558e+08   1.445859e+08   0.000000e+00   2931s
  171454    7.4927558e+08   1.398864e+08   0.000000e+00   2937s
  171654    7.4927558e+08   1.377577e+08   0.000000e+00   2940s
  172204    7.4927558e+08   1.376745e+08   0.000000e+00   2947s
  172354    7.4927558e+08   1.372596e+08   0.000000e+00   2950s
  173535    7.4927558e+08   1.370094e+08   0.000000e+00   2956s
  174365    7.4927558e+08   1.367207e+08   0.000000e+00   2963s
  175335    7.4927558e+08   1.360352e+08   0.000000e+00   2966s
  176536    7.4927558e+08   1.348964e+08   0.000000e+00   2972s
  179539    7.4927558e+08   1.338526e+08   0.000000e+00   2978s
  180540    7.4927558e+08   1.337393e+08   0.000000e+00   2981s
  180990    7.4927557e+08   1.051070e+09   0.000000e+00   2988s
  181130    7.4927557e+08   1.667151e+10   0.000000e+00   2991s
  181430    7.4927556e+08   1.327505e+08   0.000000e+00   2998s
  181630    7.4927556e+08   7.657241e+08   0.000000e+00   3002s
  181770    7.4927556e+08   9.459639e+08   0.000000e+00   3005s
  182040    7.4927555e+08   1.300627e+08   0.000000e+00   3012s
  182260    7.4927555e+08   6.134095e+08   0.000000e+00   3016s
  182570    7.4927554e+08   2.314681e+09   0.000000e+00   3023s
  182720    7.4927554e+08   4.761635e+09   0.000000e+00   3026s
  182880    7.4927554e+08   1.290179e+08   0.000000e+00   3030s
  183220    7.4927553e+08   3.291381e+10   0.000000e+00   3037s
  183630    7.4927553e+08   1.101259e+09   0.000000e+00   3041s
  184040    7.4927552e+08   1.689403e+09   0.000000e+00   3048s
  184190    7.4927552e+08   6.216852e+08   0.000000e+00   3051s
  184350    7.4927552e+08   7.679474e+08   0.000000e+00   3055s
  185000    7.4927551e+08   1.291933e+08   0.000000e+00   3062s
  186181    7.4927551e+08   1.280809e+08   0.000000e+00   3068s
  186381    7.4927551e+08   1.278944e+08   0.000000e+00   3071s
  187261    7.4927551e+08   1.269450e+08   0.000000e+00   3078s
  187461    7.4927551e+08   1.272074e+08   0.000000e+00   3082s
  187601    7.4927551e+08   1.264693e+08   0.000000e+00   3085s
  188812    7.4927551e+08   1.262694e+08   0.000000e+00   3091s
  189172    7.4927551e+08   1.260977e+08   0.000000e+00   3098s
  189362    7.4927551e+08   1.257239e+08   0.000000e+00   3102s
  189612    7.4927551e+08   1.250830e+08   0.000000e+00   3106s
  190773    7.4927551e+08   1.245231e+08   0.000000e+00   3112s
  190903    7.4927551e+08   1.244000e+08   0.000000e+00   3116s
  191073    7.4927551e+08   1.239351e+08   0.000000e+00   3122s
  191233    7.4927551e+08   1.238873e+08   0.000000e+00   3129s
  191443    7.4927551e+08   1.233318e+08   0.000000e+00   3136s
  191543    7.4927551e+08   1.228279e+08   0.000000e+00   3140s
  192213    7.4927551e+08   1.216521e+08   0.000000e+00   3147s
  193354    7.4927551e+08   1.207680e+08   0.000000e+00   3153s
  194355    7.4927550e+08   1.205332e+08   0.000000e+00   3156s
  195486    7.4927550e+08   1.198499e+08   0.000000e+00   3160s
  195776    7.4927550e+08   1.191252e+08   0.000000e+00   3167s
  195926    7.4927550e+08   3.493709e+08   0.000000e+00   3171s
  196266    7.4927550e+08   1.257795e+08   0.000000e+00   3178s
  196426    7.4927550e+08   1.176788e+08   0.000000e+00   3182s
  196586    7.4927550e+08   1.174745e+08   0.000000e+00   3185s
  196876    7.4927550e+08   1.166666e+08   0.000000e+00   3193s
  197716    7.4927550e+08   1.164144e+08   0.000000e+00   3196s
  198847    7.4927550e+08   1.155248e+08   0.000000e+00   3202s
  198997    7.4927550e+08   1.152254e+08   0.000000e+00   3206s
  199287    7.4927550e+08   1.139192e+08   0.000000e+00   3213s
  199417    7.4927550e+08   1.136029e+08   0.000000e+00   3217s
  199557    7.4927550e+08   1.137300e+08   0.000000e+00   3221s
  199947    7.4927550e+08   1.129642e+08   0.000000e+00   3228s
  201949    7.4927550e+08   1.116198e+08   0.000000e+00   3233s
  202079    7.4927550e+08   1.117117e+08   0.000000e+00   3236s
  204241    7.4927549e+08   1.110689e+08   0.000000e+00   3242s
  204441    7.4927549e+08   1.681634e+08   0.000000e+00   3246s
  204771    7.4927549e+08   1.105124e+08   0.000000e+00   3253s
  204921    7.4927549e+08   3.746892e+08   0.000000e+00   3257s
  205051    7.4927549e+08   1.101806e+08   0.000000e+00   3261s
  205331    7.4927549e+08   1.106089e+08   0.000000e+00   3268s
  207333    7.4927549e+08   1.101460e+08   0.000000e+00   3273s
  207563    7.4927549e+08   1.099414e+08   0.000000e+00   3276s
  208804    7.4927549e+08   1.100996e+08   0.000000e+00   3281s
  210005    7.4927549e+08   1.091240e+08   0.000000e+00   3286s
  210995    7.4927549e+08   1.088546e+08   0.000000e+00   3293s
  211996    7.4927549e+08   1.085156e+08   0.000000e+00   3295s
  212376    7.4927549e+08   1.077115e+08   0.000000e+00   3303s
  212596    7.4927549e+08   1.069891e+08   0.000000e+00   3306s
  212906    7.4927549e+08   1.062129e+08   0.000000e+00   3314s
  213066    7.4927549e+08   1.058925e+08   0.000000e+00   3318s
  213226    7.4927549e+08   1.059481e+08   0.000000e+00   3321s
  214427    7.4927549e+08   1.050300e+08   0.000000e+00   3328s
  214617    7.4927549e+08   1.051869e+08   0.000000e+00   3332s
  214807    7.4927549e+08   1.043365e+08   0.000000e+00   3336s
  215217    7.4927549e+08   1.124349e+08   0.000000e+00   3343s
  216218    7.4927549e+08   1.041929e+08   0.000000e+00   3346s
  217389    7.4927548e+08   1.039957e+08   0.000000e+00   3352s
  217559    7.4927548e+08   1.036075e+08   0.000000e+00   3356s
  217969    7.4927548e+08   1.122606e+08   0.000000e+00   3363s
  218169    7.4927548e+08   1.033202e+08   0.000000e+00   3366s
  219350    7.4927548e+08   1.023339e+08   0.000000e+00   3372s
  219530    7.4927548e+08   1.025651e+08   0.000000e+00   3376s
  220731    7.4927548e+08   1.022170e+08   0.000000e+00   3383s
  220941    7.4927548e+08   1.023670e+08   0.000000e+00   3386s
  221071    7.4927548e+08   1.022900e+08   0.000000e+00   3390s
  221411    7.4927548e+08   1.014076e+08   0.000000e+00   3398s
  221571    7.4927548e+08   1.011817e+08   0.000000e+00   3402s
  221691    7.4927548e+08   1.006431e+08   0.000000e+00   3406s
  222091    7.4927548e+08   1.004436e+08   0.000000e+00   3413s
  222261    7.4927548e+08   1.002395e+08   0.000000e+00   3417s
  222401    7.4927548e+08   9.974505e+07   0.000000e+00   3421s
  222681    7.4927548e+08   9.940004e+07   0.000000e+00   3432s
  222811    7.4927548e+08   9.894852e+07   0.000000e+00   3435s
  223972    7.4927548e+08   9.797319e+07   0.000000e+00   3442s
  224102    7.4927548e+08   1.039101e+08   0.000000e+00   3445s
  225253    7.4927548e+08   9.707766e+07   0.000000e+00   3452s
  225383    7.4927548e+08   9.675003e+07   0.000000e+00   3455s
  226554    7.4927548e+08   9.591206e+07   0.000000e+00   3461s
  227665    7.4927548e+08   9.551432e+07   0.000000e+00   3467s
  228666    7.4927548e+08   9.462637e+07   0.000000e+00   3471s
  229016    7.4927548e+08   9.438250e+07   0.000000e+00   3478s
  229186    7.4927548e+08   9.416553e+07   0.000000e+00   3482s
  229346    7.4927548e+08   9.348642e+07   0.000000e+00   3486s
  229586    7.4927548e+08   9.319368e+07   0.000000e+00   3493s
  229726    7.4927548e+08   9.240714e+07   0.000000e+00   3496s
  229986    7.4927548e+08   9.189664e+07   0.000000e+00   3504s
  230987    7.4927547e+08   9.119214e+07   0.000000e+00   3506s
  231247    7.4927547e+08   8.993304e+07   0.000000e+00   3513s
  231367    7.4927547e+08   9.372138e+07   0.000000e+00   3518s
  231537    7.4927547e+08   8.910659e+07   0.000000e+00   3521s
  231717    7.4927547e+08   8.883858e+07   0.000000e+00   3525s
  231997    7.4927547e+08   8.730520e+07   0.000000e+00   3532s
  232107    7.4927547e+08   8.677240e+07   0.000000e+00   3536s
  233288    7.4927547e+08   8.610539e+07   0.000000e+00   3543s
  233408    7.4927547e+08   8.561221e+07   0.000000e+00   3547s
  234098    7.4927547e+08   8.549952e+07   0.000000e+00   3551s
  235489    7.4927547e+08   8.454719e+07   0.000000e+00   3557s
  236199    7.4927547e+08   8.454850e+07   0.000000e+00   3561s
  237340    7.4927547e+08   8.364531e+07   0.000000e+00   3567s
  237510    7.4927547e+08   8.342507e+07   0.000000e+00   3571s
  238621    7.4927547e+08   1.661101e+09   0.000000e+00   3576s
  239151    7.4927547e+08   3.605546e+09   0.000000e+00   3584s
  240152    7.4927546e+08   8.285938e+07   0.000000e+00   3587s
  240332    7.4927546e+08   8.267344e+07   0.000000e+00   3590s
  242334    7.4927546e+08   8.189156e+07   0.000000e+00   3596s
  242574    7.4927546e+08   8.103309e+07   0.000000e+00   3604s
  242724    7.4927546e+08   8.076246e+07   0.000000e+00   3607s
  242864    7.4927546e+08   8.049595e+07   0.000000e+00   3611s
  244866    7.4927546e+08   7.992694e+07   0.000000e+00   3617s
  245226    7.4927546e+08   3.765086e+10   0.000000e+00   3620s
  245626    7.4927546e+08   7.924783e+07   0.000000e+00   3628s
  245896    7.4927546e+08   7.924360e+07   0.000000e+00   3632s
  246066    7.4927546e+08   8.759654e+07   0.000000e+00   3635s
  247126    7.4927546e+08   7.832779e+07   0.000000e+00   3642s
  247356    7.4927546e+08   7.842416e+07   0.000000e+00   3646s
  247746    7.4927545e+08   3.865350e+08   0.000000e+00   3654s
  247916    7.4927545e+08   7.242197e+08   0.000000e+00   3657s
  248286    7.4927545e+08   7.847325e+07   0.000000e+00   3661s
  248616    7.4927545e+08   6.117407e+08   0.000000e+00   3668s
  248756    7.4927545e+08   3.838002e+09   0.000000e+00   3672s
  248926    7.4927545e+08   1.605147e+10   0.000000e+00   3676s
  249116    7.4927544e+08   1.413153e+09   0.000000e+00   3680s
  249476    7.4927544e+08   7.845273e+07   0.000000e+00   3688s
  249756    7.4927544e+08   7.763005e+07   0.000000e+00   3692s
  249886    7.4927544e+08   7.773633e+07   0.000000e+00   3695s
  250246    7.4927544e+08   8.753165e+08   0.000000e+00   3703s
  250426    7.4927543e+08   8.264787e+08   0.000000e+00   3707s
  250636    7.4927543e+08   2.963441e+10   0.000000e+00   3711s
  251026    7.4927542e+08   3.992780e+08   0.000000e+00   3718s
  251406    7.4927542e+08   7.768832e+07   0.000000e+00   3722s
  251636    7.4927542e+08   7.743085e+07   0.000000e+00   3726s
  252787    7.4927542e+08   1.230159e+08   0.000000e+00   3731s
  252997    7.4927542e+08   5.027118e+10   0.000000e+00   3735s
  253377    7.4927541e+08   1.030327e+09   0.000000e+00   3743s
  253677    7.4927541e+08   7.727734e+07   0.000000e+00   3747s
  254678    7.4927541e+08   7.705310e+07   0.000000e+00   3750s
  256680    7.4927541e+08   7.642692e+07   0.000000e+00   3756s
  257660    7.4927541e+08   7.629281e+07   0.000000e+00   3763s
  258020    7.4927541e+08   6.320953e+08   0.000000e+00   3767s
  258230    7.4927541e+08   5.340713e+08   0.000000e+00   3771s
  258560    7.4927540e+08   6.641652e+08   0.000000e+00   3779s
  258780    7.4927540e+08   1.016582e+09   0.000000e+00   3783s
  259030    7.4927540e+08   3.896858e+08   0.000000e+00   3787s
  259190    7.4927540e+08   4.995960e+08   0.000000e+00   3791s
  259340    7.4927539e+08   4.667670e+08   0.000000e+00   3795s
  259600    7.4927539e+08   9.997286e+08   0.000000e+00   3803s
  259790    7.4927539e+08   9.012654e+07   0.000000e+00   3807s
  259910    7.4927539e+08   8.868092e+07   0.000000e+00   3811s
  260130    7.4927539e+08   8.669995e+07   0.000000e+00   3818s
  260330    7.4927539e+08   8.515158e+07   0.000000e+00   3822s
  260560    7.4927539e+08   8.368655e+07   0.000000e+00   3826s
  260840    7.4927539e+08   1.713257e+09   0.000000e+00   3834s
  261060    7.4927539e+08   8.255323e+07   0.000000e+00   3837s
  261220    7.4927539e+08   1.416588e+10   0.000000e+00   3841s
  262381    7.4927538e+08   1.454077e+09   0.000000e+00   3847s
  263582    7.4927538e+08   5.220175e+08   0.000000e+00   3853s
  263932    7.4927538e+08   8.138631e+07   0.000000e+00   3857s
  265934    7.4927538e+08   7.903408e+07   0.000000e+00   3861s
  268937    7.4927538e+08   7.644190e+07   0.000000e+00   3866s
  270888    7.4927537e+08   7.385221e+07   0.000000e+00   3874s
  271138    7.4927537e+08   7.908538e+08   0.000000e+00   3878s
  271328    7.4927537e+08   7.432279e+08   0.000000e+00   3882s
  272439    7.4927536e+08   7.232802e+07   0.000000e+00   3886s
  273329    7.4927536e+08   9.723461e+08   0.000000e+00   3890s
  274480    7.4927535e+08   3.308050e+08   0.000000e+00   3897s
  274690    7.4927535e+08   1.497077e+09   0.000000e+00   3901s
  277863    7.4927535e+08   3.086143e+08   0.000000e+00   3908s
  278203    7.4927535e+08   1.245851e+10   0.000000e+00   3912s
  278493    7.4927535e+08   6.033246e+08   0.000000e+00   3916s
  278723    7.4927534e+08   4.436194e+09   0.000000e+00   3920s
  279073    7.4927534e+08   6.705433e+08   0.000000e+00   3928s
  279233    7.4927534e+08   7.265969e+07   0.000000e+00   3932s
  279403    7.4927534e+08   5.686628e+08   0.000000e+00   3936s
  281405    7.4927533e+08   4.326292e+09   0.000000e+00   3941s
  281525    7.4927533e+08   7.253394e+07   0.000000e+00   3945s
  282746    7.4927533e+08   7.192556e+07   0.000000e+00   3952s
  282976    7.4927533e+08   5.028869e+08   0.000000e+00   3956s
  283216    7.4927532e+08   4.924195e+08   0.000000e+00   3961s
  283746    7.4927532e+08   7.255549e+07   0.000000e+00   3969s
  284747    7.4927532e+08   7.224470e+07   0.000000e+00   3972s
  285898    7.4927532e+08   9.588050e+09   0.000000e+00   3978s
  286208    7.4927531e+08   7.463703e+08   0.000000e+00   3981s
  286518    7.4927531e+08   7.371324e+07   0.000000e+00   3986s
  287809    7.4927531e+08   7.032718e+07   0.000000e+00   3993s
  288039    7.4927531e+08   7.055134e+07   0.000000e+00   3997s
  289040    7.4927531e+08   7.049931e+07   0.000000e+00   4000s
  289600    7.4927531e+08   7.042600e+07   0.000000e+00   4008s
  289830    7.4927531e+08   7.655663e+07   0.000000e+00   4012s
  290100    7.4927531e+08   6.961664e+07   0.000000e+00   4016s
  292102    7.4927531e+08   7.013423e+07   0.000000e+00   4021s
  292242    7.4927531e+08   1.360566e+09   0.000000e+00   4025s
  292642    7.4927530e+08   3.932298e+08   0.000000e+00   4033s
  292862    7.4927530e+08   7.000123e+07   0.000000e+00   4038s
  293863    7.4927530e+08   7.003120e+07   0.000000e+00   4041s
  294043    7.4927530e+08   7.066688e+07   0.000000e+00   4046s
  294213    7.4927530e+08   6.949391e+07   0.000000e+00   4050s
  294603    7.4927530e+08   6.961115e+07   0.000000e+00   4059s
  294883    7.4927530e+08   6.875799e+07   0.000000e+00   4064s
  295283    7.4927530e+08   6.878116e+07   0.000000e+00   4068s
  295483    7.4927530e+08   8.652344e+07   0.000000e+00   4072s
  295693    7.4927530e+08   7.076115e+07   0.000000e+00   4076s
  295893    7.4927530e+08   6.857470e+07   0.000000e+00   4080s
  296323    7.4927530e+08   8.143139e+09   0.000000e+00   4089s
  296563    7.4927530e+08   6.852550e+07   0.000000e+00   4093s
  296933    7.4927530e+08   7.256359e+07   0.000000e+00   4097s
  297093    7.4927530e+08   7.664409e+07   0.000000e+00   4101s
  297373    7.4927530e+08   6.924546e+08   0.000000e+00   4105s
  297853    7.4927529e+08   4.406581e+08   0.000000e+00   4113s
  298173    7.4927529e+08   6.864517e+07   0.000000e+00   4117s
  298363    7.4927529e+08   6.797791e+07   0.000000e+00   4122s
  298583    7.4927529e+08   9.252000e+07   0.000000e+00   4126s
  299013    7.4927529e+08   8.021762e+08   0.000000e+00   4134s
  299273    7.4927529e+08   7.406292e+07   0.000000e+00   4138s
  299443    7.4927529e+08   6.775183e+07   0.000000e+00   4143s
  300624    7.4927528e+08   6.804118e+07   0.000000e+00   4149s
  300944    7.4927528e+08   6.743085e+07   0.000000e+00   4153s
  301945    7.4927528e+08   6.738023e+07   0.000000e+00   4156s
  302275    7.4927528e+08   6.678434e+07   0.000000e+00   4164s
  302495    7.4927528e+08   6.672091e+07   0.000000e+00   4168s
  302805    7.4927528e+08   7.155875e+07   0.000000e+00   4172s
  303015    7.4927528e+08   6.599133e+07   0.000000e+00   4176s
  304146    7.4927528e+08   1.032624e+08   0.000000e+00   4182s
  304396    7.4927527e+08   6.533847e+07   0.000000e+00   4187s
  305587    7.4927527e+08   6.531743e+07   0.000000e+00   4194s
  305757    7.4927527e+08   6.526416e+07   0.000000e+00   4198s
  306007    7.4927527e+08   6.463902e+07   0.000000e+00   4202s
  306147    7.4927527e+08   6.437124e+07   0.000000e+00   4206s
  306287    7.4927527e+08   7.134774e+07   0.000000e+00   4210s
  306627    7.4927527e+08   6.399965e+07   0.000000e+00   4219s
  306797    7.4927527e+08   6.359188e+07   0.000000e+00   4223s
  307017    7.4927527e+08   6.308529e+07   0.000000e+00   4226s
  307127    7.4927527e+08   9.412158e+07   0.000000e+00   4230s
  307377    7.4927527e+08   6.237373e+07   0.000000e+00   4238s
  307507    7.4927527e+08   6.158156e+07   0.000000e+00   4242s
  307687    7.4927527e+08   6.092311e+07   0.000000e+00   4246s
  307857    7.4927527e+08   6.120514e+07   0.000000e+00   4250s
  309058    7.4927527e+08   6.101970e+07   0.000000e+00   4258s
  309208    7.4927527e+08   6.076947e+07   0.000000e+00   4262s
  309348    7.4927527e+08   6.009814e+07   0.000000e+00   4266s
  309468    7.4927527e+08   5.960817e+07   0.000000e+00   4270s
  309678    7.4927527e+08   5.915028e+07   0.000000e+00   4279s
  309858    7.4927527e+08   8.076378e+08   0.000000e+00   4283s
  310859    7.4927527e+08   5.840048e+07   0.000000e+00   4286s
  310969    7.4927527e+08   5.762810e+07   0.000000e+00   4290s
  311319    7.4927527e+08   5.722424e+07   0.000000e+00   4299s
  311489    7.4927527e+08   5.681354e+07   0.000000e+00   4303s
  312490    7.4927527e+08   5.636946e+07   0.000000e+00   4305s
  312700    7.4927527e+08   1.150708e+09   0.000000e+00   4314s
  312840    7.4927527e+08   9.262283e+08   0.000000e+00   4318s
  312990    7.4927527e+08   4.134644e+08   0.000000e+00   4322s
  313120    7.4927527e+08   9.415775e+08   0.000000e+00   4326s
  313250    7.4927527e+08   5.465910e+08   0.000000e+00   4330s
  313540    7.4927527e+08   5.507588e+08   0.000000e+00   4339s
  314210    7.4927526e+08   1.999485e+10   0.000000e+00   4343s
  314660    7.4927526e+08   3.586856e+07   0.000000e+00   4346s
  314770    7.4927526e+08   3.494853e+07   0.000000e+00   4351s
  315020    7.4927526e+08   4.416936e+08   0.000000e+00   4358s
  315180    7.4927526e+08   3.078652e+08   0.000000e+00   4362s
  315350    7.4927526e+08   4.191086e+07   0.000000e+00   4366s
  315670    7.4927526e+08   3.386721e+07   0.000000e+00   4374s
  315850    7.4927525e+08   8.488115e+08   0.000000e+00   4378s
  316060    7.4927525e+08   3.326547e+07   0.000000e+00   4381s
  317161    7.4927525e+08   1.268149e+09   0.000000e+00   4387s
  317341    7.4927525e+08   1.326716e+09   0.000000e+00   4391s
  318722    7.4927524e+08   3.143700e+07   0.000000e+00   4397s
  320724    7.4927524e+08   3.717175e+07   0.000000e+00   4402s
  321194    7.4927524e+08   2.553911e+09   0.000000e+00   4406s
  321304    7.4927524e+08   3.103186e+07   0.000000e+00   4410s
  323655    7.4927523e+08   3.536672e+07   0.000000e+00   4419s
  324656    7.4927523e+08   1.677088e+09   0.000000e+00   4422s
  324846    7.4927523e+08   2.156019e+08   0.000000e+00   4426s
  325186    7.4927523e+08   4.298501e+09   0.000000e+00   4434s
  326066    7.4927523e+08   2.809120e+07   0.000000e+00   4438s
  327067    7.4927522e+08   2.811300e+07   0.000000e+00   4441s
  327617    7.4927522e+08   2.589697e+08   0.000000e+00   4449s
  328618    7.4927522e+08   2.752475e+07   0.000000e+00   4450s
  329468    7.4927522e+08   2.674092e+07   0.000000e+00   4458s
  330358    7.4927521e+08   2.618463e+07   0.000000e+00   4462s
  330808    7.4927521e+08   2.557273e+07   0.000000e+00   4466s
  331939    7.4927521e+08   3.052793e+07   0.000000e+00   4473s
  332709    7.4927520e+08   2.979919e+07   0.000000e+00   4477s
  333039    7.4927520e+08   2.336686e+07   0.000000e+00   4481s
  333939    7.4927520e+08   2.185433e+08   0.000000e+00   4488s
  334940    7.4927520e+08   2.214998e+07   0.000000e+00   4490s
  337292    7.4927519e+08   2.058746e+07   0.000000e+00   4498s
  337462    7.4927519e+08   2.473512e+07   0.000000e+00   4502s
  338463    7.4927519e+08   1.920931e+07   0.000000e+00   4506s
  339333    7.4927518e+08   2.264219e+07   0.000000e+00   4514s
  339473    7.4927518e+08   3.096218e+08   0.000000e+00   4517s
  339583    7.4927518e+08   3.736069e+08   0.000000e+00   4521s
  340413    7.4927518e+08   2.698239e+07   0.000000e+00   4525s
  341774    7.4927518e+08   1.069236e+09   0.000000e+00   4530s
  342034    7.4927518e+08   9.170210e+08   0.000000e+00   4538s
  342174    7.4927518e+08   4.222712e+08   0.000000e+00   4542s
  342324    7.4927518e+08   1.724172e+07   0.000000e+00   4546s
  342784    7.4927518e+08   1.698583e+07   0.000000e+00   4550s
  343854    7.4927517e+08   1.628542e+07   0.000000e+00   4558s
  343974    7.4927517e+08   1.993258e+08   0.000000e+00   4562s
  344134    7.4927517e+08   1.602014e+07   0.000000e+00   4567s
  344524    7.4927517e+08   2.012724e+07   0.000000e+00   4571s
  344814    7.4927516e+08   1.508299e+07   0.000000e+00   4579s
  344924    7.4927516e+08   5.276296e+08   0.000000e+00   4583s
  346175    7.4927516e+08   1.778738e+07   0.000000e+00   4592s
  346315    7.4927516e+08   1.123665e+08   0.000000e+00   4597s
  346815    7.4927516e+08   1.658236e+07   0.000000e+00   4601s
  347785    7.4927515e+08   1.256751e+08   0.000000e+00   4608s
  347915    7.4927515e+08   7.646935e+07   0.000000e+00   4612s
  348055    7.4927515e+08   3.099842e+08   0.000000e+00   4616s
  348425    7.4927515e+08   8.931915e+08   0.000000e+00   4624s
  348615    7.4927515e+08   7.797409e+07   0.000000e+00   4628s
  349425    7.4927515e+08   1.507086e+07   0.000000e+00   4632s
  349605    7.4927515e+08   1.375619e+07   0.000000e+00   4636s
  350565    7.4927515e+08   1.279733e+07   0.000000e+00   4640s
  351865    7.4927514e+08   1.006739e+07   0.000000e+00   4648s
  352866    7.4927514e+08   9.426314e+06   0.000000e+00   4652s
  353426    7.4927514e+08   1.066889e+07   0.000000e+00   4656s
  354977    7.4927514e+08   8.001719e+06   0.000000e+00   4661s
  355707    7.4927514e+08   1.078410e+08   0.000000e+00   4673s
  355827    7.4927514e+08   2.401046e+08   0.000000e+00   4677s
  355977    7.4927514e+08   3.800232e+07   0.000000e+00   4681s
  356367    7.4927514e+08   9.803238e+07   0.000000e+00   4689s
  358068    7.4927514e+08   6.876060e+06   0.000000e+00   4694s
  358238    7.4927514e+08   6.037667e+06   0.000000e+00   4698s
  361241    7.4927514e+08   4.845639e+06   0.000000e+00   4701s
  365245    7.4927514e+08   4.967303e+07   0.000000e+00   4705s
  366476    7.4927513e+08   3.523247e+06   0.000000e+00   4710s
  375485    7.4927513e+08   2.955501e+07   0.000000e+00   4717s
  377617    7.4927513e+08   5.878727e+08   0.000000e+00   4724s
  378618    7.4927513e+08   2.232448e+06   0.000000e+00   4727s
  381621    7.4927513e+08   2.871390e+06   0.000000e+00   4733s
  385625    7.4927513e+08   1.910342e+06   0.000000e+00   4735s
  388628    7.4927513e+08   7.784585e+07   0.000000e+00   4741s
  390770    7.4927513e+08   3.905612e+07   0.000000e+00   4748s
  392772    7.4927513e+08   1.878607e+06   0.000000e+00   4751s
  394013    7.4927513e+08   1.976206e+06   0.000000e+00   4757s
  397016    7.4927513e+08   2.094435e+06   0.000000e+00   4760s
  402021    7.4927513e+08   1.538602e+06   0.000000e+00   4765s
  404023    7.4927513e+08   2.689744e+06   0.000000e+00   4772s
  405944    7.4927513e+08   2.537086e+08   0.000000e+00   4777s
  406454    7.4927513e+08   1.005156e+09   0.000000e+00   4781s
  406804    7.4927513e+08   1.140220e+07   0.000000e+00   4785s
  409807    7.4927513e+08   1.642231e+06   0.000000e+00   4790s
  411809    7.4927513e+08   1.624742e+06   0.000000e+00   4797s
  414812    7.4927513e+08   1.194475e+06   0.000000e+00   4800s
  418816    7.4927513e+08   1.090640e+06   0.000000e+00   4806s
  419056    7.4927513e+08   5.912949e+07   0.000000e+00   4811s
  419366    7.4927513e+08   3.572619e+07   0.000000e+00   4816s
  422369    7.4927513e+08   3.509077e+07   0.000000e+00   4822s
  424371    7.4927513e+08   1.289146e+06   0.000000e+00   4829s
  424901    7.4927513e+08   2.071816e+06   0.000000e+00   4834s
  425902    7.4927513e+08   5.825731e+06   0.000000e+00   4835s
  427223    7.4927513e+08   1.393211e+08   0.000000e+00   4842s
  428224    7.4927513e+08   4.367561e+07   0.000000e+00   4845s
  430085    7.4927513e+08   2.853366e+07   0.000000e+00   4850s
  430415    7.4927513e+08   7.070007e+07   0.000000e+00   4855s
  432046    7.4927513e+08   2.019257e+07   0.000000e+00   4864s
  432266    7.4927513e+08   2.685026e+07   0.000000e+00   4868s
  432476    7.4927513e+08   1.259068e+08   0.000000e+00   4873s
  432716    7.4927513e+08   2.174027e+08   0.000000e+00   4878s
  433046    7.4927513e+08   8.013036e+07   0.000000e+00   4882s
  433236    7.4927513e+08   1.314834e+07   0.000000e+00   4887s
  433426    7.4927513e+08   3.367915e+07   0.000000e+00   4892s
  433586    7.4927513e+08   4.064021e+07   0.000000e+00   4897s
  433756    7.4927513e+08   6.701753e+07   0.000000e+00   4902s
  433926    7.4927513e+08   6.674487e+08   0.000000e+00   4906s
  434146    7.4927513e+08   8.085580e+08   0.000000e+00   4911s
  434376    7.4927513e+08   3.186764e+07   0.000000e+00   4916s
  434646    7.4927513e+08   6.120099e+07   0.000000e+00   4920s
  434846    7.4927513e+08   1.662952e+08   0.000000e+00   4925s
  435276    7.4927513e+08   1.690054e+07   0.000000e+00   4935s
  435526    7.4927513e+08   5.041180e+07   0.000000e+00   4939s
  435776    7.4927513e+08   1.155280e+07   0.000000e+00   4944s
  435996    7.4927513e+08   4.571627e+07   0.000000e+00   4949s
  436206    7.4927513e+08   7.451260e+06   0.000000e+00   4954s
  436456    7.4927513e+08   7.968433e+07   0.000000e+00   4958s
  436676    7.4927513e+08   9.764795e+06   0.000000e+00   4963s
  436916    7.4927513e+08   5.027277e+06   0.000000e+00   4968s
  437146    7.4927513e+08   1.434806e+07   0.000000e+00   4972s
  437336    7.4927513e+08   2.424625e+07   0.000000e+00   4977s
  437496    7.4927513e+08   3.872336e+07   0.000000e+00   4982s
  437656    7.4927513e+08   3.718256e+07   0.000000e+00   4986s
  437796    7.4927513e+08   1.480037e+08   0.000000e+00   4992s
  438426    7.4927513e+08   1.959314e+09   0.000000e+00   4997s
  438656    7.4927513e+08   4.490359e+07   0.000000e+00   5002s
  438856    7.4927513e+08   6.016682e+07   0.000000e+00   5006s
  439066    7.4927513e+08   4.439361e+07   0.000000e+00   5011s
  439226    7.4927513e+08   1.574676e+07   0.000000e+00   5016s
  439366    7.4927513e+08   7.598792e+07   0.000000e+00   5021s
  439486    7.4927513e+08   4.285839e+07   0.000000e+00   5026s
  439636    7.4927513e+08   2.472165e+08   0.000000e+00   5031s
  439816    7.4927513e+08   7.209684e+07   0.000000e+00   5035s
  441037    7.4927513e+08   7.021564e+07   0.000000e+00   5044s
  441247    7.4927513e+08   5.476779e+07   0.000000e+00   5049s
  441427    7.4927513e+08   5.186082e+07   0.000000e+00   5053s
  441567    7.4927513e+08   1.855285e+06   0.000000e+00   5058s
  441707    7.4927513e+08   1.624939e+07   0.000000e+00   5063s
  441847    7.4927513e+08   2.955604e+07   0.000000e+00   5068s
  442848    7.4927513e+08   1.077220e+07   0.000000e+00   5071s
  443028    7.4927513e+08   3.783833e+08   0.000000e+00   5076s
  444169    7.4927513e+08   3.106643e+08   0.000000e+00   5084s
  444379    7.4927513e+08   2.200558e+07   0.000000e+00   5089s
  444599    7.4927513e+08   4.365127e+07   0.000000e+00   5093s
  444779    7.4927513e+08   1.911284e+07   0.000000e+00   5098s
  445780    7.4927513e+08   8.961217e+07   0.000000e+00   5101s
  445980    7.4927513e+08   4.232505e+07   0.000000e+00   5106s
  447131    7.4927513e+08   9.181889e+07   0.000000e+00   5114s
  447331    7.4927513e+08   2.880617e+07   0.000000e+00   5118s
  448332    7.4927513e+08   2.297001e+07   0.000000e+00   5122s
  449453    7.4927513e+08   4.951569e+07   0.000000e+00   5129s
  449643    7.4927513e+08   9.508457e+07   0.000000e+00   5134s
  449833    7.4927513e+08   3.565499e+07   0.000000e+00   5139s
  450013    7.4927513e+08   3.192432e+07   0.000000e+00   5144s
  450203    7.4927513e+08   4.344566e+07   0.000000e+00   5149s
  450393    7.4927513e+08   1.634603e+08   0.000000e+00   5154s
  450583    7.4927513e+08   2.363985e+07   0.000000e+00   5158s
  450803    7.4927513e+08   2.685994e+07   0.000000e+00   5163s
  450953    7.4927513e+08   3.470155e+07   0.000000e+00   5168s
  451093    7.4927513e+08   3.276051e+07   0.000000e+00   5173s
  451293    7.4927513e+08   3.072247e+07   0.000000e+00   5178s
  451483    7.4927513e+08   6.353098e+07   0.000000e+00   5183s
  451643    7.4927513e+08   6.827167e+06   0.000000e+00   5188s
  451773    7.4927513e+08   5.894929e+07   0.000000e+00   5192s
  451963    7.4927513e+08   4.864007e+07   0.000000e+00   5197s
  452113    7.4927513e+08   4.152708e+07   0.000000e+00   5202s
  452273    7.4927513e+08   1.155371e+07   0.000000e+00   5207s
  452403    7.4927513e+08   4.974566e+07   0.000000e+00   5212s
  452553    7.4927513e+08   6.691347e+06   0.000000e+00   5217s
  453814    7.4927513e+08   4.156405e+07   0.000000e+00   5227s
  453944    7.4927513e+08   1.996756e+06   0.000000e+00   5232s
  454084    7.4927513e+08   9.200702e+06   0.000000e+00   5237s
  454224    7.4927513e+08   1.857002e+07   0.000000e+00   5242s
  454374    7.4927513e+08   2.200112e+07   0.000000e+00   5247s
  454524    7.4927513e+08   2.663207e+07   0.000000e+00   5252s
  455074    7.4927513e+08   3.039570e+07   0.000000e+00   5257s
  455254    7.4927513e+08   2.153275e+08   0.000000e+00   5261s
  455404    7.4927513e+08   7.030399e+07   0.000000e+00   5266s
  455574    7.4927513e+08   3.231055e+07   0.000000e+00   5270s
  455854    7.4927513e+08   6.724476e+07   0.000000e+00   5280s
  456014    7.4927513e+08   1.537382e+07   0.000000e+00   5284s
  456184    7.4927513e+08   3.094489e+07   0.000000e+00   5289s
  456314    7.4927513e+08   4.447219e+08   0.000000e+00   5294s
  456454    7.4927513e+08   1.895671e+07   0.000000e+00   5299s
  456614    7.4927513e+08   9.044209e+06   0.000000e+00   5304s
  456774    7.4927513e+08   2.187428e+08   0.000000e+00   5308s
  456944    7.4927513e+08   2.293798e+06   0.000000e+00   5313s
  457114    7.4927513e+08   2.675966e+07   0.000000e+00   5317s
  457274    7.4927513e+08   3.047784e+07   0.000000e+00   5322s
  457444    7.4927513e+08   3.085426e+07   0.000000e+00   5327s
  457554    7.4927513e+08   1.578258e+07   0.000000e+00   5331s
  457694    7.4927513e+08   3.691032e+07   0.000000e+00   5336s
  457834    7.4927513e+08   9.024747e+07   0.000000e+00   5340s
  458164    7.4927513e+08   3.621351e+07   0.000000e+00   5349s
  458354    7.4927513e+08   4.491109e+07   0.000000e+00   5354s
  458474    7.4927513e+08   2.670831e+07   0.000000e+00   5358s
  458614    7.4927513e+08   2.188741e+08   0.000000e+00   5363s
  458784    7.4927513e+08   1.007198e+08   0.000000e+00   5368s
  458934    7.4927513e+08   2.886411e+07   0.000000e+00   5372s
  459104    7.4927513e+08   9.607185e+07   0.000000e+00   5377s
  460105    7.4927513e+08   3.565508e+07   0.000000e+00   5380s
  460265    7.4927513e+08   1.262566e+07   0.000000e+00   5385s
  460465    7.4927513e+08   2.774538e+07   0.000000e+00   5390s
  460705    7.4927513e+08   1.672071e+07   0.000000e+00   5399s
  460835    7.4927512e+08   3.004012e+07   0.000000e+00   5404s
  460995    7.4927512e+08   3.453778e+07   0.000000e+00   5409s
  461165    7.4927512e+08   2.407738e+06   0.000000e+00   5414s
  461335    7.4927512e+08   3.934181e+07   0.000000e+00   5419s
  461475    7.4927512e+08   2.842108e+06   0.000000e+00   5424s
  461645    7.4927512e+08   2.920261e+07   0.000000e+00   5428s
  461755    7.4927512e+08   2.173078e+07   0.000000e+00   5433s
  461925    7.4927512e+08   3.081865e+07   0.000000e+00   5437s
  462055    7.4927512e+08   3.058027e+06   0.000000e+00   5442s
  462275    7.4927512e+08   3.029468e+08   0.000000e+00   5452s
  463376    7.4927512e+08   2.353391e+06   0.000000e+00   5457s
  463536    7.4927512e+08   2.652772e+07   0.000000e+00   5462s
  463696    7.4927512e+08   4.450590e+07   0.000000e+00   5466s
  463796    7.4927512e+08   2.692033e+06   0.000000e+00   5471s
  463976    7.4927512e+08   1.562654e+07   0.000000e+00   5475s
  464256    7.4927512e+08   1.158284e+07   0.000000e+00   5484s
  464416    7.4927512e+08   2.368279e+08   0.000000e+00   5489s
  464586    7.4927512e+08   2.590281e+07   0.000000e+00   5494s
  464766    7.4927512e+08   2.980256e+07   0.000000e+00   5498s
  464886    7.4927512e+08   2.704096e+09   0.000000e+00   5503s
  465046    7.4927512e+08   6.651409e+07   0.000000e+00   5508s
  466047    7.4927512e+08   6.311946e+07   0.000000e+00   5511s
  466157    7.4927512e+08   4.730702e+07   0.000000e+00   5515s
  466457    7.4927512e+08   1.228081e+08   0.000000e+00   5524s
  466587    7.4927512e+08   3.207705e+07   0.000000e+00   5529s
  466747    7.4927512e+08   2.630863e+06   0.000000e+00   5533s
  466907    7.4927512e+08   9.810097e+06   0.000000e+00   5538s
  467067    7.4927512e+08   1.688294e+07   0.000000e+00   5542s
  467247    7.4927512e+08   2.909976e+07   0.000000e+00   5547s
  467417    7.4927512e+08   6.626295e+08   0.000000e+00   5552s
  467597    7.4927512e+08   2.600458e+07   0.000000e+00   5557s
  467737    7.4927512e+08   2.496718e+07   0.000000e+00   5561s
  467927    7.4927512e+08   2.642591e+07   0.000000e+00   5566s
  468037    7.4927512e+08   2.383841e+07   0.000000e+00   5570s
  468337    7.4927512e+08   6.604430e+07   0.000000e+00   5580s
  468447    7.4927512e+08   2.164129e+07   0.000000e+00   5584s
  468597    7.4927512e+08   3.070895e+07   0.000000e+00   5589s
  468737    7.4927512e+08   5.455246e+07   0.000000e+00   5593s
  469267    7.4927512e+08   2.230736e+08   0.000000e+00   5598s
  470268    7.4927512e+08   5.053142e+07   0.000000e+00   5601s
  470398    7.4927512e+08   1.566506e+07   0.000000e+00   5606s
  470578    7.4927512e+08   3.290681e+07   0.000000e+00   5611s
  470728    7.4927512e+08   3.672333e+06   0.000000e+00   5616s
  470888    7.4927512e+08   6.030696e+07   0.000000e+00   5621s
  471038    7.4927512e+08   4.222565e+06   0.000000e+00   5626s
  471178    7.4927512e+08   5.259933e+07   0.000000e+00   5630s
  471468    7.4927512e+08   2.346950e+07   0.000000e+00   5640s
  471628    7.4927512e+08   3.135584e+07   0.000000e+00   5644s
  471778    7.4927512e+08   2.606827e+07   0.000000e+00   5649s
  471928    7.4927512e+08   8.736092e+07   0.000000e+00   5654s
  472088    7.4927512e+08   6.560523e+07   0.000000e+00   5658s
  472228    7.4927512e+08   9.028197e+08   0.000000e+00   5663s
  472388    7.4927512e+08   2.724705e+07   0.000000e+00   5668s
  472518    7.4927512e+08   3.503805e+06   0.000000e+00   5673s
  472668    7.4927512e+08   2.561282e+07   0.000000e+00   5677s
  472898    7.4927512e+08   9.618287e+07   0.000000e+00   5682s
  473038    7.4927512e+08   4.311409e+07   0.000000e+00   5686s
  473168    7.4927512e+08   1.942788e+07   0.000000e+00   5691s
  473318    7.4927512e+08   2.872870e+07   0.000000e+00   5695s
  473468    7.4927512e+08   8.460516e+06   0.000000e+00   5700s
  473728    7.4927512e+08   5.950786e+07   0.000000e+00   5709s
  473868    7.4927512e+08   3.930489e+07   0.000000e+00   5714s
  474018    7.4927512e+08   2.850207e+07   0.000000e+00   5719s
  474168    7.4927512e+08   2.926635e+07   0.000000e+00   5723s
  474318    7.4927512e+08   3.015214e+07   0.000000e+00   5728s
  474458    7.4927512e+08   2.977844e+06   0.000000e+00   5732s
  474618    7.4927512e+08   3.158945e+07   0.000000e+00   5737s
  474728    7.4927512e+08   1.477475e+08   0.000000e+00   5742s
  474868    7.4927512e+08   3.153680e+07   0.000000e+00   5747s
  475008    7.4927512e+08   2.296230e+06   0.000000e+00   5751s
  475148    7.4927511e+08   9.388701e+06   0.000000e+00   5756s
  475298    7.4927511e+08   2.303538e+06   0.000000e+00   5760s
  475568    7.4927511e+08   7.077058e+06   0.000000e+00   5769s
  475698    7.4927511e+08   3.087634e+07   0.000000e+00   5774s
  475838    7.4927511e+08   1.902370e+08   0.000000e+00   5778s
  475988    7.4927511e+08   3.253975e+07   0.000000e+00   5783s
  476158    7.4927511e+08   3.104327e+06   0.000000e+00   5788s
  476308    7.4927511e+08   4.154580e+07   0.000000e+00   5793s
  476458    7.4927511e+08   3.736965e+07   0.000000e+00   5797s
  476598    7.4927511e+08   4.302467e+07   0.000000e+00   5802s
  476728    7.4927511e+08   4.088893e+07   0.000000e+00   5807s
  476858    7.4927511e+08   6.788410e+06   0.000000e+00   5811s
  476958    7.4927511e+08   9.000387e+06   0.000000e+00   5816s
  477188    7.4927511e+08   1.188537e+08   0.000000e+00   5821s
  477328    7.4927511e+08   2.807098e+07   0.000000e+00   5826s
  477478    7.4927511e+08   2.789186e+07   0.000000e+00   5830s
  477618    7.4927511e+08   2.104760e+07   0.000000e+00   5835s
  477898    7.4927511e+08   3.381265e+07   0.000000e+00   5844s
  478028    7.4927511e+08   2.464229e+07   0.000000e+00   5849s
  478158    7.4927511e+08   3.529710e+07   0.000000e+00   5853s
  478298    7.4927511e+08   5.798055e+07   0.000000e+00   5858s
  478428    7.4927511e+08   1.678758e+07   0.000000e+00   5863s
  478568    7.4927511e+08   1.564396e+07   0.000000e+00   5867s
  478708    7.4927511e+08   1.571036e+08   0.000000e+00   5872s
  478878    7.4927511e+08   3.001214e+07   0.000000e+00   5876s
  478998    7.4927511e+08   6.275050e+07   0.000000e+00   5881s
  479148    7.4927511e+08   6.942150e+07   0.000000e+00   5886s
  479298    7.4927511e+08   1.931035e+08   0.000000e+00   5890s
  479448    7.4927511e+08   2.999445e+07   0.000000e+00   5895s
  479748    7.4927511e+08   4.245544e+06   0.000000e+00   5905s
  479888    7.4927511e+08   2.662185e+07   0.000000e+00   5909s
  480028    7.4927511e+08   2.125348e+07   0.000000e+00   5914s
  480168    7.4927511e+08   1.051813e+07   0.000000e+00   5918s
  480308    7.4927511e+08   3.303045e+06   0.000000e+00   5923s
  480468    7.4927511e+08   8.580656e+07   0.000000e+00   5928s
  480608    7.4927511e+08   3.609301e+07   0.000000e+00   5932s
  480758    7.4927511e+08   4.528769e+07   0.000000e+00   5937s
  480888    7.4927511e+08   6.910974e+07   0.000000e+00   5942s
  481018    7.4927511e+08   3.077235e+07   0.000000e+00   5946s
  481278    7.4927511e+08   7.022151e+07   0.000000e+00   5951s
  481428    7.4927511e+08   2.631714e+07   0.000000e+00   5956s
  481588    7.4927511e+08   6.190316e+07   0.000000e+00   5960s
  481888    7.4927511e+08   3.094315e+07   0.000000e+00   5969s
  482889    7.4927511e+08   5.335566e+07   0.000000e+00   5972s
  483019    7.4927511e+08   3.207506e+07   0.000000e+00   5977s
  483139    7.4927511e+08   3.080880e+07   0.000000e+00   5981s
  483289    7.4927511e+08   2.521549e+07   0.000000e+00   5986s
  483429    7.4927511e+08   1.102652e+07   0.000000e+00   5991s
  483559    7.4927511e+08   3.057536e+06   0.000000e+00   5996s
  483709    7.4927511e+08   8.486310e+08   0.000000e+00   6000s
  483849    7.4927511e+08   2.940646e+08   0.000000e+00   6005s
  484139    7.4927511e+08   3.246775e+07   0.000000e+00   6014s
  484299    7.4927511e+08   3.127861e+07   0.000000e+00   6019s
  484439    7.4927511e+08   4.716854e+07   0.000000e+00   6024s
  484579    7.4927511e+08   1.198527e+08   0.000000e+00   6029s
  484729    7.4927511e+08   3.262523e+07   0.000000e+00   6033s
  484879    7.4927511e+08   9.984908e+06   0.000000e+00   6038s
  484989    7.4927511e+08   3.634929e+06   0.000000e+00   6043s
  485129    7.4927511e+08   3.524061e+06   0.000000e+00   6047s
  485269    7.4927511e+08   2.557299e+08   0.000000e+00   6052s
  485389    7.4927511e+08   2.893645e+07   0.000000e+00   6056s
  485549    7.4927511e+08   2.328486e+07   0.000000e+00   6061s
  485709    7.4927511e+08   4.487099e+07   0.000000e+00   6066s
  485869    7.4927511e+08   3.075752e+07   0.000000e+00   6071s
  486019    7.4927511e+08   5.339293e+07   0.000000e+00   6075s
  486329    7.4927511e+08   1.275510e+07   0.000000e+00   6084s
  486479    7.4927511e+08   1.149535e+08   0.000000e+00   6089s
  486639    7.4927511e+08   2.911790e+07   0.000000e+00   6094s
  486799    7.4927511e+08   3.667302e+06   0.000000e+00   6099s
  486939    7.4927511e+08   3.867223e+07   0.000000e+00   6103s
  487039    7.4927511e+08   2.319206e+06   0.000000e+00   6108s
  487179    7.4927511e+08   1.825482e+07   0.000000e+00   6112s
  487289    7.4927511e+08   3.709451e+07   0.000000e+00   6117s
  487449    7.4927511e+08   9.578739e+07   0.000000e+00   6122s
  487599    7.4927511e+08   1.569183e+08   0.000000e+00   6126s
  487749    7.4927511e+08   5.750978e+07   0.000000e+00   6131s
  487889    7.4927511e+08   4.337658e+06   0.000000e+00   6136s
  488019    7.4927511e+08   2.596803e+07   0.000000e+00   6141s
  488149    7.4927511e+08   1.379482e+07   0.000000e+00   6145s
  488309    7.4927511e+08   2.500669e+07   0.000000e+00   6150s
  488419    7.4927511e+08   2.910231e+06   0.000000e+00   6155s
  488689    7.4927511e+08   2.779236e+07   0.000000e+00   6164s
  488849    7.4927511e+08   2.218171e+07   0.000000e+00   6169s
  488989    7.4927511e+08   3.120590e+07   0.000000e+00   6174s
  489129    7.4927511e+08   2.550399e+07   0.000000e+00   6178s
  489269    7.4927511e+08   3.130959e+06   0.000000e+00   6183s
  489409    7.4927511e+08   3.865892e+07   0.000000e+00   6187s
  489529    7.4927511e+08   2.792374e+07   0.000000e+00   6192s
  489679    7.4927511e+08   7.288899e+07   0.000000e+00   6197s
  489829    7.4927511e+08   3.119878e+07   0.000000e+00   6201s
  489969    7.4927511e+08   2.322873e+08   0.000000e+00   6206s
  490109    7.4927511e+08   4.630752e+06   0.000000e+00   6211s
  490269    7.4927511e+08   2.124813e+07   0.000000e+00   6215s
  490619    7.4927510e+08   4.637380e+08   0.000000e+00   6225s
  490769    7.4927510e+08   2.968316e+07   0.000000e+00   6229s
  491669    7.4927510e+08   1.565537e+07   0.000000e+00   6234s
  491799    7.4927510e+08   2.236727e+07   0.000000e+00   6238s
  491929    7.4927510e+08   1.928680e+07   0.000000e+00   6243s
  492059    7.4927510e+08   3.270025e+07   0.000000e+00   6248s
  492209    7.4927510e+08   4.879747e+07   0.000000e+00   6253s
  492369    7.4927510e+08   3.656530e+07   0.000000e+00   6257s
  492559    7.4927510e+08   3.251304e+06   0.000000e+00   6262s
  492699    7.4927510e+08   2.884299e+08   0.000000e+00   6267s
  492839    7.4927510e+08   5.291917e+08   0.000000e+00   6271s
  492959    7.4927510e+08   4.903883e+07   0.000000e+00   6276s
  493109    7.4927510e+08   3.111847e+07   0.000000e+00   6281s
  493249    7.4927510e+08   5.415755e+07   0.000000e+00   6286s
  493399    7.4927510e+08   2.687689e+07   0.000000e+00   6290s
  493679    7.4927510e+08   3.554648e+07   0.000000e+00   6299s
  493829    7.4927510e+08   4.068624e+07   0.000000e+00   6304s
  493959    7.4927510e+08   4.329542e+07   0.000000e+00   6309s
  494079    7.4927510e+08   5.854412e+07   0.000000e+00   6314s
  494229    7.4927510e+08   2.815082e+06   0.000000e+00   6318s
  494379    7.4927510e+08   6.801497e+07   0.000000e+00   6323s
  494529    7.4927510e+08   5.435571e+07   0.000000e+00   6328s
  494659    7.4927510e+08   3.293077e+06   0.000000e+00   6332s
  494789    7.4927510e+08   3.080403e+07   0.000000e+00   6337s
  494929    7.4927510e+08   1.624878e+08   0.000000e+00   6342s
  495079    7.4927510e+08   2.821131e+07   0.000000e+00   6347s
  495229    7.4927510e+08   7.545360e+08   0.000000e+00   6351s
  495379    7.4927510e+08   3.365249e+07   0.000000e+00   6355s
  495529    7.4927510e+08   3.345220e+07   0.000000e+00   6360s
  495809    7.4927510e+08   3.569838e+06   0.000000e+00   6369s
  495939    7.4927510e+08   6.818845e+07   0.000000e+00   6374s
  496069    7.4927510e+08   1.362138e+08   0.000000e+00   6379s
  496219    7.4927510e+08   5.562384e+07   0.000000e+00   6384s
  496359    7.4927510e+08   5.443138e+07   0.000000e+00   6389s
  496499    7.4927510e+08   3.171011e+07   0.000000e+00   6394s
  496659    7.4927510e+08   2.425450e+07   0.000000e+00   6399s
  496789    7.4927510e+08   4.267461e+07   0.000000e+00   6404s
  496929    7.4927510e+08   4.321789e+07   0.000000e+00   6408s
  497079    7.4927510e+08   4.418821e+07   0.000000e+00   6413s
  497179    7.4927510e+08   1.006879e+07   0.000000e+00   6418s
  497309    7.4927510e+08   1.611459e+07   0.000000e+00   6423s
  497439    7.4927510e+08   2.905483e+07   0.000000e+00   6428s
  497599    7.4927510e+08   2.826806e+07   0.000000e+00   6432s
  497729    7.4927510e+08   3.670028e+06   0.000000e+00   6437s
  497869    7.4927510e+08   8.678187e+07   0.000000e+00   6442s
  497999    7.4927510e+08   2.767649e+07   0.000000e+00   6446s
  498139    7.4927510e+08   3.332028e+07   0.000000e+00   6451s
  498289    7.4927510e+08   7.032873e+06   0.000000e+00   6456s
  498439    7.4927510e+08   3.164434e+07   0.000000e+00   6461s
  498589    7.4927510e+08   2.654254e+07   0.000000e+00   6465s
  499169    7.4927510e+08   2.760986e+07   0.000000e+00   6475s
  499319    7.4927510e+08   2.811456e+08   0.000000e+00   6480s
  499459    7.4927510e+08   2.927632e+07   0.000000e+00   6484s
  499599    7.4927510e+08   3.693053e+07   0.000000e+00   6489s
  499739    7.4927510e+08   4.113012e+07   0.000000e+00   6494s
  499869    7.4927510e+08   4.317526e+07   0.000000e+00   6498s
  500449    7.4927510e+08   1.465702e+08   0.000000e+00   6503s
  500589    7.4927510e+08   3.261970e+07   0.000000e+00   6508s
  500719    7.4927510e+08   8.258161e+07   0.000000e+00   6513s
  500869    7.4927510e+08   1.635372e+07   0.000000e+00   6517s
  500999    7.4927510e+08   7.950864e+07   0.000000e+00   6522s
  501139    7.4927510e+08   4.893418e+07   0.000000e+00   6526s
  501419    7.4927510e+08   2.695870e+07   0.000000e+00   6531s
  501569    7.4927510e+08   2.820722e+07   0.000000e+00   6535s
  501699    7.4927510e+08   2.905991e+07   0.000000e+00   6540s
  501979    7.4927510e+08   2.205748e+07   0.000000e+00   6550s
  502109    7.4927510e+08   6.723840e+07   0.000000e+00   6554s
  502249    7.4927510e+08   6.841271e+08   0.000000e+00   6559s
  502389    7.4927510e+08   1.739839e+08   0.000000e+00   6563s
  502529    7.4927510e+08   3.164845e+07   0.000000e+00   6568s
  502669    7.4927510e+08   4.799590e+07   0.000000e+00   6573s
  502799    7.4927510e+08   2.403320e+07   0.000000e+00   6577s
  502939    7.4927510e+08   6.432228e+07   0.000000e+00   6582s
  503089    7.4927510e+08   5.725147e+06   0.000000e+00   6587s
  503219    7.4927510e+08   1.262554e+08   0.000000e+00   6591s
  503349    7.4927510e+08   1.108101e+08   0.000000e+00   6596s
  503479    7.4927510e+08   7.464726e+07   0.000000e+00   6601s
  503629    7.4927510e+08   1.177969e+08   0.000000e+00   6606s
  503769    7.4927510e+08   2.898855e+07   0.000000e+00   6610s
  503909    7.4927510e+08   1.104947e+07   0.000000e+00   6615s
  504149    7.4927510e+08   5.062107e+07   0.000000e+00   6624s
  504279    7.4927510e+08   6.435047e+07   0.000000e+00   6629s
  504409    7.4927510e+08   8.455628e+07   0.000000e+00   6633s
  504539    7.4927510e+08   3.337232e+07   0.000000e+00   6638s
  504669    7.4927510e+08   2.762626e+07   0.000000e+00   6643s
  504799    7.4927510e+08   2.561733e+08   0.000000e+00   6647s
  504939    7.4927510e+08   2.959113e+07   0.000000e+00   6652s
  505069    7.4927510e+08   4.024057e+07   0.000000e+00   6656s
  505199    7.4927510e+08   5.172665e+07   0.000000e+00   6661s
  505349    7.4927510e+08   2.282278e+06   0.000000e+00   6666s
  505489    7.4927510e+08   1.698936e+07   0.000000e+00   6671s
  505629    7.4927510e+08   3.688846e+07   0.000000e+00   6675s
  505759    7.4927510e+08   5.525036e+07   0.000000e+00   6680s
  505919    7.4927510e+08   3.847378e+07   0.000000e+00   6685s
  506179    7.4927510e+08   4.628435e+07   0.000000e+00   6694s
  506309    7.4927509e+08   1.062481e+08   0.000000e+00   6699s
  506419    7.4927509e+08   3.155297e+07   0.000000e+00   6704s
  506559    7.4927509e+08   4.980273e+07   0.000000e+00   6709s
  506689    7.4927509e+08   2.347381e+06   0.000000e+00   6713s
  506819    7.4927509e+08   8.207059e+07   0.000000e+00   6718s
  506949    7.4927509e+08   3.332241e+07   0.000000e+00   6722s
  507109    7.4927509e+08   3.157229e+07   0.000000e+00   6727s
  507249    7.4927509e+08   3.242705e+06   0.000000e+00   6732s
  507399    7.4927509e+08   7.055479e+06   0.000000e+00   6736s
  507529    7.4927509e+08   2.787981e+07   0.000000e+00   6741s
  507669    7.4927509e+08   6.833661e+07   0.000000e+00   6746s
  507809    7.4927509e+08   9.148374e+08   0.000000e+00   6751s
  507949    7.4927509e+08   1.201035e+08   0.000000e+00   6755s
  508229    7.4927509e+08   5.499638e+06   0.000000e+00   6765s
  508359    7.4927509e+08   2.072284e+07   0.000000e+00   6769s
  509019    7.4927509e+08   5.330611e+07   0.000000e+00   6774s
  509169    7.4927509e+08   2.679212e+07   0.000000e+00   6779s
  509299    7.4927509e+08   2.342020e+07   0.000000e+00   6784s
  509439    7.4927509e+08   3.149067e+07   0.000000e+00   6788s
  509569    7.4927509e+08   3.353026e+07   0.000000e+00   6793s
  509709    7.4927509e+08   1.696164e+07   0.000000e+00   6798s
  509859    7.4927509e+08   8.309344e+06   0.000000e+00   6803s
  509999    7.4927509e+08   3.235189e+07   0.000000e+00   6808s
  510149    7.4927509e+08   2.136616e+09   0.000000e+00   6813s
  510299    7.4927509e+08   4.709822e+06   0.000000e+00   6818s
  510429    7.4927509e+08   5.595292e+07   0.000000e+00   6823s
  510789    7.4927509e+08   3.963469e+07   0.000000e+00   6827s
  510939    7.4927509e+08   1.786844e+07   0.000000e+00   6832s
  511079    7.4927509e+08   2.904062e+07   0.000000e+00   6836s
  511209    7.4927509e+08   3.725202e+07   0.000000e+00   6841s
  511349    7.4927509e+08   2.913374e+07   0.000000e+00   6846s
  511479    7.4927509e+08   2.683832e+07   0.000000e+00   6851s
  511619    7.4927509e+08   1.126405e+08   0.000000e+00   6855s
  511799    7.4927509e+08   5.045130e+07   0.000000e+00   6860s
  512079    7.4927509e+08   2.683296e+07   0.000000e+00   6870s
  512209    7.4927509e+08   4.327115e+07   0.000000e+00   6874s
  512339    7.4927509e+08   1.739831e+07   0.000000e+00   6879s
  512479    7.4927509e+08   3.359022e+07   0.000000e+00   6884s
  512619    7.4927509e+08   5.710559e+08   0.000000e+00   6888s
  512739    7.4927509e+08   8.257583e+06   0.000000e+00   6893s
  512879    7.4927509e+08   3.722299e+06   0.000000e+00   6898s
  512989    7.4927509e+08   3.788035e+07   0.000000e+00   6902s
  513149    7.4927509e+08   9.029252e+07   0.000000e+00   6907s
  513289    7.4927509e+08   3.477710e+08   0.000000e+00   6912s
  513419    7.4927509e+08   3.756701e+07   0.000000e+00   6917s
  513559    7.4927509e+08   2.196107e+07   0.000000e+00   6922s
  513709    7.4927509e+08   1.072652e+08   0.000000e+00   6926s
  513859    7.4927509e+08   1.927208e+07   0.000000e+00   6931s
  513979    7.4927509e+08   4.373116e+07   0.000000e+00   6936s
  514109    7.4927509e+08   3.040711e+07   0.000000e+00   6941s
  514239    7.4927509e+08   3.172691e+07   0.000000e+00   6946s
  514379    7.4927509e+08   3.277023e+07   0.000000e+00   6950s
  514649    7.4927509e+08   2.637819e+07   0.000000e+00   6959s
  514759    7.4927509e+08   3.209648e+07   0.000000e+00   6964s
  514919    7.4927509e+08   1.076730e+09   0.000000e+00   6969s
  515059    7.4927509e+08   5.551846e+07   0.000000e+00   6974s
  515209    7.4927509e+08   3.315658e+07   0.000000e+00   6978s
  515349    7.4927509e+08   3.518528e+07   0.000000e+00   6983s
  515489    7.4927509e+08   4.103866e+07   0.000000e+00   6988s
  515629    7.4927509e+08   4.465537e+07   0.000000e+00   6992s
  515739    7.4927509e+08   4.545693e+07   0.000000e+00   6997s
  515849    7.4927509e+08   6.851296e+07   0.000000e+00   7002s
  515969    7.4927509e+08   1.024942e+07   0.000000e+00   7007s
  516079    7.4927509e+08   1.151043e+07   0.000000e+00   7012s
  516249    7.4927509e+08   5.002004e+07   0.000000e+00   7016s
  516389    7.4927587e+08   5.003488e+07   3.541177e+12   7022s
  517433    3.6494168e+08   1.436877e+05   3.994262e+11   7026s
  520496    3.6356688e+08   9.297630e+04   3.086072e+11   7030s
  524502    3.6349595e+08   9.091407e+04   3.011661e+11   7036s
  527565    3.6329220e+08   8.313291e+04   2.770927e+11   7040s
  531683    3.6309864e+08   7.708880e+04   2.662141e+11   7046s
  535842    3.6301938e+08   7.313221e+04   2.545221e+11   7051s
  539019    3.6298996e+08   7.170574e+04   2.541731e+11   7055s
  543042    3.6294949e+08   6.952184e+04   2.495779e+11   7061s
  547059    3.6290202e+08   6.811121e+04   2.444163e+11   7066s
  551139    3.6276280e+08   6.459533e+04   2.339053e+11   7071s
  555148    3.6275483e+08   6.313625e+04   2.320327e+11   7076s
  559152    3.6275571e+08   6.207394e+04   2.296532e+11   7081s
  563156    3.6275631e+08   6.112031e+04   2.272906e+11   7086s
  567160    3.6275654e+08   6.010630e+04   2.250877e+11   7091s
  571164    3.6275716e+08   5.896489e+04   2.229460e+11   7096s
  575168    3.6275755e+08   5.788179e+04   2.212104e+11   7100s
  580173    3.6275806e+08   5.647466e+04   2.182285e+11   7106s
  584177    3.6275863e+08   5.541947e+04   2.159498e+11   7110s
  588181    3.6275916e+08   5.437658e+04   2.136648e+11   7115s
  593195    3.6273783e+08   5.229842e+04   2.091044e+11   7121s
  598240    3.6270082e+08   4.832651e+04   2.020320e+11   7126s
  603246    3.6268038e+08   4.684035e+04   1.992216e+11   7131s
  607253    3.6262212e+08   4.567077e+04   1.963246e+11   7135s
  612528   -6.6971832e+08   2.207544e+04   8.332677e+10   7140s
  619655   -2.7062881e+09   1.757445e+04   7.046093e+10   7145s
  627397   -2.7063824e+09   1.008928e+04   5.282272e+10   7150s
  639456   -2.7627958e+09   5.066223e+03   2.731732e+10   7156s
  641583   -2.7628789e+09   4.300781e+03   2.396459e+10   7161s
  643588   -2.7628841e+09   4.220309e+03   2.123277e+10   7165s
  645387   -2.7628871e+09   3.917813e+03   1.832601e+10   7170s
  646399   -2.7628888e+09   3.767612e+03   1.647388e+10   7177s
  647213   -2.7628868e+09   3.614763e+03   1.543208e+10   7182s
  649680   -2.7628674e+09   2.718552e+03   1.437798e+10   7187s
  650665   -2.7628650e+09   2.583179e+03   1.203365e+10   7192s
  651341   -2.7628708e+09   2.550023e+03   1.051104e+10   7197s
  652003   -2.7628568e+09   2.407348e+03   9.917467e+09   7201s
  653219   -2.7628629e+09   2.307448e+03   8.032574e+09   7206s
  654036   -2.7628688e+09   2.200765e+03   7.586500e+09   7211s
  656313   -2.7627791e+09   1.487381e+03   7.434240e+09   7216s
  657619   -2.7627707e+09   1.326776e+03   6.669653e+09   7221s
  658714   -2.7627442e+09   1.197353e+03   6.132854e+09   7225s
  659855   -2.7626637e+09   9.949924e+02   4.509516e+09   7232s
  661734   -2.7625756e+09   5.278445e+02   3.602096e+09   7235s
  662700   -2.7612074e+09   4.112201e+02   2.860902e+09   7242s
  664583   -2.7610905e+09   1.318840e+02   2.403915e+09   7246s
  665403   -2.7610758e+09   9.241097e+01   1.663505e+09   7251s
  665924   -2.7610572e+09   7.157737e+01   1.698404e+09   7256s
  666554   -2.7610621e+09   6.407894e+01   4.053503e+09   7261s
  667044   -2.7597011e+09   4.224668e+01   3.634012e+09   7265s
  668074   -2.7597031e+09   3.456398e+01   3.244048e+09   7272s
  669119   -1.9202558e+09   1.866403e+01   3.906572e+08   7276s
  669999   -1.9000607e+09   1.199221e+01   1.736532e+08   7281s
  670829   -1.9000193e+09   1.666674e+00   1.576369e+08   7286s
  674373   -1.5745804e+09   0.000000e+00   7.762260e+07   7290s
  682228    3.3555937e+08   0.000000e+00   6.428308e+07   7295s
  690335    3.3854548e+08   0.000000e+00   8.076027e+07   7300s
  697942    3.3981200e+08   0.000000e+00   1.050202e+08   7306s
  705774    3.4113284e+08   0.000000e+00   5.614088e+08   7311s
  714830    3.4261197e+08   0.000000e+00   5.766607e+08   7315s
  721864    3.4360183e+08   0.000000e+00   5.853587e+08   7320s
  731817    3.4560925e+08   0.000000e+00   5.761571e+08   7325s
  738841    3.4617366e+08   0.000000e+00   5.765564e+08   7330s
  746647    3.4718081e+08   0.000000e+00   4.237464e+08   7336s
  753678    3.4785753e+08   0.000000e+00   4.309325e+08   7340s
  762713    3.4854880e+08   0.000000e+00   4.283803e+08   7345s
  769911    3.4951160e+08   0.000000e+00   4.470044e+08   7350s
  775038    3.5008717e+08   0.000000e+00   4.297512e+08   7355s
  780625    3.5112057e+08   0.000000e+00   9.551801e+07   7360s
  786651    3.5192133e+08   0.000000e+00   9.433539e+07   7365s
  793683    3.5263661e+08   0.000000e+00   1.565570e+08   7371s
  800721    3.5379728e+08   0.000000e+00   1.123335e+08   7376s
  806739    3.5470790e+08   0.000000e+00   1.210249e+08   7380s
  810747    3.5512385e+08   0.000000e+00   1.369877e+08   7385s
  815770    3.5583575e+08   0.000000e+00   1.195209e+08   7390s
  821787    3.5635503e+08   0.000000e+00   1.156746e+08   7396s
  826817    3.5692462e+08   0.000000e+00   1.132156e+08   7400s
  833472    3.5815011e+08   0.000000e+00   1.276488e+08   7406s
  839520    3.5918668e+08   0.000000e+00   1.243733e+08   7410s
  845560    3.6055144e+08   0.000000e+00   2.331062e+08   7416s
  849711    3.6149876e+08   0.000000e+00   2.324101e+08   7420s
  853716    3.6234416e+08   0.000000e+00   2.283972e+08   7425s
  858552    3.6297624e+08   0.000000e+00   2.204533e+08   7430s
  863199    3.6362257e+08   0.000000e+00   1.646260e+08   7435s
  868217    3.6479086e+08   0.000000e+00   1.469711e+08   7440s
  874254    3.6620471e+08   0.000000e+00   1.440935e+08   7445s
  881311    3.6743467e+08   0.000000e+00   1.396587e+08   7450s
  887335    3.6842782e+08   0.000000e+00   1.491890e+08   7456s
  891358    3.6908174e+08   0.000000e+00   1.475388e+08   7461s
  895392    3.6942735e+08   0.000000e+00   1.493314e+08   7466s
  899416    3.6997309e+08   0.000000e+00   1.324007e+08   7470s
  903439    3.7080151e+08   0.000000e+00   1.225614e+08   7475s
  908454    3.7168630e+08   0.000000e+00   1.260775e+08   7481s
  912465    3.7232108e+08   0.000000e+00   1.490366e+08   7485s
  917499    3.7313629e+08   0.000000e+00   2.094276e+08   7491s
  922518    3.7414762e+08   0.000000e+00   1.467394e+08   7496s
  926312    3.7477808e+08   0.000000e+00   1.590702e+08   7501s
  930105    3.7539443e+08   0.000000e+00   1.647729e+08   7505s
  936143    3.7678609e+08   0.000000e+00   1.489630e+08   7510s
  940941    3.7798577e+08   0.000000e+00   1.461138e+08   7515s
  946774    3.7889696e+08   0.000000e+00   1.473494e+08   7521s
  949802    3.7931910e+08   0.000000e+00   1.463717e+08   7525s
  953846    3.7981689e+08   0.000000e+00   1.471869e+08   7531s
  956893    3.8012885e+08   0.000000e+00   1.477752e+08   7535s
  960690    3.8066736e+08   0.000000e+00   1.362029e+08   7540s
  964730    3.8138115e+08   0.000000e+00   1.484031e+08   7546s
  967737    3.8221086e+08   0.000000e+00   1.374574e+08   7550s
  971523    3.8304373e+08   0.000000e+00   1.816139e+08   7556s
  975531    3.8353642e+08   0.000000e+00   1.772123e+08   7561s
  978539    3.8381030e+08   0.000000e+00   1.775733e+08   7566s
  982544    3.8422067e+08   0.000000e+00   1.786364e+08   7571s
  986564    3.8504649e+08   0.000000e+00   1.821398e+08   7576s
  990584    3.8592675e+08   0.000000e+00   2.495381e+08   7581s
  994377    3.8653150e+08   0.000000e+00   2.557657e+08   7586s
  998387    3.8730970e+08   0.000000e+00   2.078815e+08   7591s
 1002397    3.8816641e+08   0.000000e+00   2.060480e+08   7595s
 1007196    3.8889572e+08   0.000000e+00   2.051800e+08   7601s
 1010983    3.8936028e+08   0.000000e+00   1.980077e+08   7605s
 1015770    3.9020310e+08   0.000000e+00   1.912298e+08   7611s
 1020790    3.9110390e+08   0.000000e+00   1.941492e+08   7616s
 1023458    3.9167718e+08   0.000000e+00   2.207857e+08   7620s
 1026468    3.9209547e+08   0.000000e+00   1.952591e+08   7625s
 1029484    3.9257647e+08   0.000000e+00   1.960143e+08   7631s
 1031490    3.9316020e+08   0.000000e+00   1.951834e+08   7635s
 1034493    3.9353507e+08   0.000000e+00   1.981590e+08   7640s
 1037505    3.9388812e+08   0.000000e+00   2.474960e+08   7646s
 1040518    3.9427548e+08   0.000000e+00   2.262956e+08   7651s
 1043305    3.9487033e+08   0.000000e+00   3.085368e+08   7656s
 1045308    3.9527447e+08   0.000000e+00   2.295115e+08   7660s
 1048321    3.9591323e+08   0.000000e+00   2.269483e+08   7665s
 1052338    3.9678805e+08   0.000000e+00   2.269355e+08   7671s
 1055348    3.9710514e+08   0.000000e+00   2.241306e+08   7676s
 1058361    3.9755550e+08   0.000000e+00   2.222612e+08   7681s
 1061370    3.9799249e+08   0.000000e+00   2.519433e+08   7686s
 1064382    3.9839027e+08   0.000000e+00   2.556479e+08   7692s
 1067392    3.9886985e+08   0.000000e+00   2.285984e+08   7696s
 1069418    3.9913317e+08   0.000000e+00   2.254276e+08   7700s
 1072453    3.9955165e+08   0.000000e+00   2.249289e+08   7706s
 1075462    3.9996926e+08   0.000000e+00   2.258017e+08   7710s
 1078472    4.0054415e+08   0.000000e+00   2.129756e+08   7716s
 1081482    4.0097489e+08   0.000000e+00   2.131584e+08   7721s
 1084514    4.0181488e+08   0.000000e+00   2.365351e+08   7725s
 1087531    4.0235642e+08   0.000000e+00   2.382295e+08   7730s
 1091546    4.0312714e+08   0.000000e+00   2.557061e+08   7736s
 1094560    4.0363014e+08   0.000000e+00   2.506125e+08   7740s
 1098572    4.0425671e+08   0.000000e+00   2.574695e+08   7746s
 1102587    4.0490432e+08   0.000000e+00   2.623266e+08   7751s
 1106327    4.0549533e+08   0.000000e+00   2.708214e+08   7756s
 1109119    4.0597998e+08   0.000000e+00   2.690435e+08   7760s
 1113139    4.0703534e+08   0.000000e+00   2.638206e+08   7766s
 1115703    4.0762811e+08   0.000000e+00   2.037699e+08   7771s
 1119715    4.0837559e+08   0.000000e+00   2.049570e+08   7775s
 1123730    4.0892921e+08   0.000000e+00   2.177558e+08   7780s
 1127747    4.0966765e+08   0.000000e+00   2.197730e+08   7786s
 1130759    4.1009770e+08   0.000000e+00   2.182847e+08   7792s
 1132767    4.1050404e+08   0.000000e+00   2.174759e+08   7795s
 1136848    4.1156096e+08   0.000000e+00   2.178344e+08   7802s
 1138867    4.1204854e+08   0.000000e+00   2.186511e+08   7806s
 1141434    4.1228895e+08   0.000000e+00   1.449380e+08   7812s
 1143409    4.1288215e+08   0.000000e+00   1.449042e+08   7815s
 1146255    4.1344996e+08   0.000000e+00   1.452316e+08   7821s
 1149341    4.1412742e+08   0.000000e+00   1.459303e+08   7825s
 1152388    4.1472856e+08   0.000000e+00   1.451511e+08   7830s
 1156472    4.1556387e+08   0.000000e+00   1.444706e+08   7837s
 1158478    4.1580556e+08   0.000000e+00   2.286750e+08   7840s
 1161487    4.1610278e+08   0.000000e+00   1.447793e+08   7846s
 1164509    4.1652553e+08   0.000000e+00   1.451306e+08   7850s
 1167549    4.1707040e+08   0.000000e+00   4.658336e+08   7856s
 1170585    4.1773104e+08   0.000000e+00   4.632479e+08   7862s
 1173600    4.1818510e+08   0.000000e+00   4.767640e+08   7866s
 1176621    4.1900267e+08   0.000000e+00   4.723024e+08   7871s
 1179648    4.1941337e+08   0.000000e+00   4.711205e+08   7875s
 1183434    4.1996680e+08   0.000000e+00   4.476699e+08   7881s
 1186455    4.2050978e+08   0.000000e+00   4.331263e+08   7885s
 1190471    4.2129176e+08   0.000000e+00   4.343542e+08   7890s
 1194491    4.2179353e+08   0.000000e+00   4.319117e+08   7896s
 1197293    4.2233417e+08   0.000000e+00   4.365701e+08   7900s
 1200309    4.2284128e+08   0.000000e+00   5.377374e+08   7906s
 1202331    4.2314827e+08   0.000000e+00   5.378719e+08   7911s
 1205355    4.2381360e+08   0.000000e+00   7.008776e+08   7916s
 1208234    4.2407299e+08   0.000000e+00   7.011413e+08   7921s
 1211257    4.2445195e+08   0.000000e+00   6.990545e+08   7927s
 1214276    4.2480988e+08   0.000000e+00   7.175025e+08   7931s
 1217283    4.2516177e+08   0.000000e+00   7.239852e+08   7937s
 1220217    4.2550610e+08   0.000000e+00   8.403494e+08   7942s
 1222224    4.2570750e+08   0.000000e+00   8.573450e+08   7945s
 1225249    4.2617343e+08   0.000000e+00   7.687452e+08   7951s
 1228260    4.2649391e+08   0.000000e+00   7.437507e+08   7957s
 1230272    4.2674208e+08   0.000000e+00   6.728699e+08   7960s
 1234298    4.2720993e+08   0.000000e+00   6.722860e+08   7966s
 1236304    4.2755790e+08   0.000000e+00   6.504407e+08   7971s
 1239320    4.2803048e+08   0.000000e+00   6.466073e+08   7975s
 1243349    4.2863708e+08   0.000000e+00   5.920393e+08   7982s
 1246369    4.2899585e+08   0.000000e+00   6.209805e+08   7985s
 1249216    4.2944970e+08   0.000000e+00   6.365592e+08   7991s
 1251226    4.2968093e+08   0.000000e+00   6.381831e+08   7996s
 1254248    4.3044744e+08   0.000000e+00   6.371448e+08   8000s
 1258444    4.3191972e+08   0.000000e+00   6.392096e+08   8005s
 1261463    4.3271579e+08   0.000000e+00   6.294794e+08   8011s
 1265583    4.3392062e+08   0.000000e+00   6.269684e+08   8016s
 1268628    4.3460607e+08   0.000000e+00   6.269971e+08   8021s
 1271707    4.3505976e+08   0.000000e+00   6.287586e+08   8027s
 1273725    4.3527538e+08   0.000000e+00   6.309605e+08   8031s
 1276769    4.3589162e+08   0.000000e+00   5.990997e+08   8036s
 1279601    4.3634621e+08   0.000000e+00   5.990733e+08   8042s
 1281401    4.3672386e+08   0.000000e+00   5.986569e+08   8045s
 1284208    4.3720145e+08   0.000000e+00   5.329891e+08   8051s
 1286219    4.3744963e+08   0.000000e+00   5.346886e+08   8055s
 1287328    4.3766899e+08   0.000000e+00   5.720042e+08   8086s
 1287428    4.3768138e+08   0.000000e+00   5.720106e+08   8124s
 1287528    4.3770226e+08   0.000000e+00   5.718648e+08   8166s
 1287628    4.3772011e+08   0.000000e+00   5.718107e+08   8213s
 1287730    4.3773081e+08   0.000000e+00   5.717884e+08   8255s
 1288058    4.3778101e+08   0.000000e+00   5.829703e+08   8291s
 1288403    4.3790839e+08   0.000000e+00   5.826931e+08   8313s
 1288652    4.3792984e+08   0.000000e+00   5.824716e+08   8348s
 1288752    4.3793889e+08   0.000000e+00   5.824098e+08   8393s
 1289787    4.3811715e+08   0.000000e+00   5.879644e+08   8411s
 1290093    4.3816558e+08   0.000000e+00   5.877623e+08   8449s
 1290193    4.3818197e+08   0.000000e+00   5.880645e+08   8484s
 1290293    4.3818504e+08   0.000000e+00   5.799943e+08   8511s
 1290476    4.3825291e+08   0.000000e+00   5.802246e+08   8547s
 1290576    4.3826852e+08   0.000000e+00   5.801656e+08   8583s
 1290693    4.3828440e+08   0.000000e+00   5.792842e+08   8588s
 1290794    4.3829266e+08   0.000000e+00   5.793320e+08   8616s
 1290894    4.3832153e+08   0.000000e+00   5.791237e+08   8666s
 1290994    4.3834661e+08   0.000000e+00   5.790023e+08   8699s
 1291095    4.3835662e+08   0.000000e+00   5.793754e+08   8707s
 1291201    4.3836959e+08   0.000000e+00   5.794192e+08   8735s
 1291303    4.3837897e+08   0.000000e+00   5.798072e+08   8770s
 1291403    4.3839108e+08   0.000000e+00   5.797767e+08   8802s
 1291503    4.3840799e+08   0.000000e+00   5.797254e+08   8843s
 1291623    4.3841955e+08   0.000000e+00   5.796314e+08   8870s
 1291723    4.3842444e+08   0.000000e+00   5.795247e+08   8900s
 1291823    4.3844055e+08   0.000000e+00   5.795991e+08   8941s
 1291923    4.3845602e+08   0.000000e+00   6.023405e+08   8971s
 1292031    4.3846801e+08   0.000000e+00   6.021895e+08   8993s
 1292247    4.3847275e+08   0.000000e+00   6.021940e+08   8997s
 1292823    4.3855302e+08   0.000000e+00   6.022666e+08   9001s
 1292923    4.3856727e+08   0.000000e+00   6.022030e+08   9031s
 1293023    4.3858491e+08   0.000000e+00   6.021920e+08   9069s
 1293824    4.3859074e+08   0.000000e+00   6.057543e+08   9080s
 1294095    4.3860515e+08   0.000000e+00   7.705880e+08   9107s
 1294200    4.3861977e+08   0.000000e+00   6.532136e+08   9142s
 1294301    4.3863213e+08   0.000000e+00   6.532332e+08   9187s
 1294689    4.3864941e+08   0.000000e+00   6.532162e+08   9196s
 1294789    4.3866340e+08   0.000000e+00   6.532712e+08   9227s
 1294889    4.3867660e+08   0.000000e+00   6.532360e+08   9246s
 1294989    4.3869821e+08   0.000000e+00   6.532198e+08   9259s
 1295089    4.3870666e+08   0.000000e+00   6.533890e+08   9292s
 1295189    4.3872877e+08   0.000000e+00   6.529175e+08   9339s
 1295336    4.3874001e+08   0.000000e+00   6.529591e+08   9378s
 1295436    4.3875328e+08   0.000000e+00   6.527469e+08   9411s
 1295536    4.3877274e+08   0.000000e+00   6.521216e+08   9443s
 1295639    4.3879502e+08   0.000000e+00   6.522316e+08   9489s
 1295739    4.3880989e+08   0.000000e+00   6.517465e+08   9537s
 1295880    4.3881527e+08   0.000000e+00   6.514238e+08   9569s
 1295980    4.3882452e+08   0.000000e+00   6.514158e+08   9613s
 1296345    4.3892866e+08   0.000000e+00   6.512751e+08   9652s
 1296445    4.3893888e+08   0.000000e+00   6.512424e+08   9673s
 1296551    4.3895547e+08   0.000000e+00   6.512778e+08   9695s
 1296651    4.3897255e+08   0.000000e+00   6.511493e+08   9716s
 1297112    4.3900379e+08   0.000000e+00   6.508733e+08   9730s
 1297212    4.3901034e+08   0.000000e+00   6.508870e+08   9762s
 1297501    4.3902142e+08   0.000000e+00   6.508131e+08   9772s
 1297601    4.3904122e+08   0.000000e+00   6.508201e+08   9808s
 1297701    4.3905074e+08   0.000000e+00   6.507952e+08   9841s
 1297801    4.3905543e+08   0.000000e+00   6.507342e+08   9883s
 1297901    4.3906141e+08   0.000000e+00   6.504476e+08   9902s
 1298002    4.3907843e+08   0.000000e+00   6.504339e+08   9933s
 1298102    4.3909899e+08   0.000000e+00   6.507565e+08   9978s
 1298202    4.3911144e+08   0.000000e+00   6.471751e+08  10005s
 1298302    4.3912676e+08   0.000000e+00   6.471282e+08  10049s
 1298402    4.3914520e+08   0.000000e+00   6.473280e+08  10095s
 1299443    4.3930624e+08   0.000000e+00   6.962595e+08  10109s
 1300445    4.3939362e+08   0.000000e+00   6.970232e+08  10111s
 1302243    4.3962229e+08   0.000000e+00   7.218175e+08  10116s
 1304257    4.3988264e+08   0.000000e+00   6.744931e+08  10120s
 1306045    4.4013443e+08   0.000000e+00   6.958611e+08  10125s
 1309039    4.4042464e+08   0.000000e+00   9.369170e+08  10132s
 1311044    4.4055120e+08   0.000000e+00   9.370669e+08  10136s
 1314057    4.4082650e+08   0.000000e+00   9.397707e+08  10143s
 1315058    4.4091084e+08   0.000000e+00   9.047150e+08  10145s
 1318065    4.4129306e+08   0.000000e+00   9.468839e+08  10152s
 1319069    4.4140102e+08   0.000000e+00   9.458817e+08  10155s
 1322084    4.4178539e+08   0.000000e+00   9.360930e+08  10162s
 1323868    4.4200159e+08   0.000000e+00   9.430431e+08  10166s
 1325870    4.4225648e+08   0.000000e+00   9.491844e+08  10170s
 1327877    4.4253903e+08   0.000000e+00   9.491699e+08  10175s
 1330736    4.4289969e+08   0.000000e+00   9.251691e+08  10182s
 1332314    4.4302956e+08   0.000000e+00   9.266075e+08  10185s
 1335100    4.4335397e+08   0.000000e+00   8.502029e+08  10192s
 1336101    4.4350441e+08   0.000000e+00   8.007481e+08  10195s
 1338109    4.4372196e+08   0.000000e+00   7.995215e+08  10200s
 1342249    4.4522100e+08   0.000000e+00   7.999823e+08  10205s
 1346485    4.4610234e+08   0.000000e+00   7.711682e+08  10210s
 1349402    4.4645700e+08   0.000000e+00   7.701305e+08  10218s
 1351496    4.4693858e+08   0.000000e+00   7.720867e+08  10220s
 1355687    4.4814329e+08   0.000000e+00   1.025258e+09  10225s
 1358751    4.4867023e+08   0.000000e+00   1.032128e+09  10231s
 1360772    4.4894399e+08   0.000000e+00   1.024413e+09  10236s
 1363818    4.4953167e+08   0.000000e+00   1.032752e+09  10242s
 1365825    4.4977955e+08   0.000000e+00   1.031412e+09  10247s
 1367860    4.5020979e+08   0.000000e+00   1.037286e+09  10251s
 1370696    4.5062685e+08   0.000000e+00   1.043329e+09  10256s
 1374852    4.5148004e+08   0.000000e+00   1.036682e+09  10262s
 1376696    4.5164659e+08   0.000000e+00   1.060438e+09  10267s
 1378710    4.5209638e+08   0.000000e+00   1.050586e+09  10271s
 1381368    4.5248009e+08   0.000000e+00   1.063581e+09  10277s
 1383309    4.5277205e+08   0.000000e+00   1.081648e+09  10281s
 1385272    4.5320620e+08   0.000000e+00   1.084375e+09  10286s
 1388302    4.5374632e+08   0.000000e+00   1.069775e+09  10292s
 1389304    4.5386186e+08   0.000000e+00   1.065321e+09  10295s
 1392330    4.5430144e+08   0.000000e+00   1.072134e+09  10301s
 1394237    4.5453915e+08   0.000000e+00   1.073179e+09  10306s
 1396073    4.5481468e+08   0.000000e+00   1.079013e+09  10311s
 1398080    4.5509190e+08   0.000000e+00   1.072471e+09  10316s
 1400092    4.5535288e+08   0.000000e+00   1.083181e+09  10321s
 1402108    4.5562898e+08   0.000000e+00   1.103130e+09  10326s
 1404119    4.5601107e+08   0.000000e+00   1.099114e+09  10332s
 1406134    4.5619983e+08   0.000000e+00   1.105126e+09  10338s
 1408156    4.5649430e+08   0.000000e+00   8.959452e+08  10343s
 1408936    4.5658251e+08   0.000000e+00   8.983891e+08  10345s
 1411733    4.5699376e+08   0.000000e+00   8.629208e+08  10353s
 1412736    4.5720775e+08   0.000000e+00   8.601203e+08  10356s
 1414742    4.5744749e+08   0.000000e+00   8.663249e+08  10362s
 1416588    4.5766338e+08   0.000000e+00   5.732098e+08  10368s
 1417479    4.5774351e+08   0.000000e+00   1.355059e+08  10371s
 1419819    4.5787770e+08   0.000000e+00   4.953758e+08  10375s
 1422159    4.5816360e+08   0.000000e+00   3.700901e+08  10380s
 1424499    4.5834268e+08   0.000000e+00   3.613829e+08  10386s
 1427060    4.5855855e+08   0.000000e+00   3.932352e+08  10391s
 1428620    4.5867326e+08   0.000000e+00   7.650624e+08  10395s
 1432322    4.5899721e+08   0.000000e+00   7.164202e+08  10401s
 1434885    4.5922741e+08   0.000000e+00   1.150371e+09  10406s
 1437593    4.5945780e+08   0.000000e+00   1.547778e+09  10410s
 1441602    4.5989162e+08   0.000000e+00   1.516274e+09  10415s
 1445391    4.6022373e+08   0.000000e+00   1.558850e+09  10421s
 1449175    4.6054196e+08   0.000000e+00   1.549773e+09  10426s
 1451959    4.6071227e+08   0.000000e+00   6.237272e+08  10430s
 1454489    4.6089117e+08   0.000000e+00   1.409051e+09  10436s
 1458051    4.6110834e+08   0.000000e+00   1.659444e+09  10441s
 1460834    4.6134789e+08   0.000000e+00   1.627135e+09  10445s
 1463541    4.6160243e+08   0.000000e+00   2.383830e+09  10450s
 1467106    4.6187227e+08   0.000000e+00   8.857047e+08  10456s
 1470894    4.6216546e+08   0.000000e+00   7.342925e+09  10461s
 1472456    4.6227747e+08   0.000000e+00   3.590548e+09  10465s
 1476464    4.6259468e+08   0.000000e+00   3.591993e+09  10470s
 1480472    4.6294102e+08   0.000000e+00   3.548191e+09  10475s
 1484478    4.6327541e+08   0.000000e+00   3.407610e+09  10480s
 1488266    4.6369893e+08   0.000000e+00   3.313532e+09  10486s
 1489938    4.6382338e+08   0.000000e+00   3.959296e+09  10493s
 1490719    4.6388908e+08   0.000000e+00   4.609038e+09  10497s
 1493501    4.6407168e+08   0.000000e+00   4.248846e+09  10504s
 1494281    4.6412545e+08   0.000000e+00   1.647275e+09  10509s
 1495282    4.6420559e+08   0.000000e+00   1.620088e+09  10510s
 1499291    4.6457552e+08   0.000000e+00   1.593584e+09  10516s
 1503080    4.6504487e+08   0.000000e+00   1.817919e+09  10521s
 1507087    4.6535920e+08   0.000000e+00   2.124986e+09  10526s
 1511096    4.6584425e+08   0.000000e+00   2.139391e+09  10531s
 1512878    4.6609464e+08   0.000000e+00   1.215962e+10  10537s
 1513498    4.6613098e+08   0.000000e+00   2.670782e+09  10542s
 1515285    4.6638908e+08   0.000000e+00   1.592774e+09  10545s
 1517781    4.6672842e+08   0.000000e+00   2.035855e+09  10553s
 1518564    4.6681455e+08   0.000000e+00   2.512977e+09  10556s
 1520346    4.6706884e+08   0.000000e+00   2.245683e+09  10560s
 1524361    4.6740024e+08   0.000000e+00   2.227228e+09  10566s
 1526721    4.6779482e+08   0.000000e+00   2.631097e+09  10571s
 1527261    4.6783099e+08   0.000000e+00   2.042544e+09  10576s
 1527922    4.6789172e+08   0.000000e+00   2.146446e+09  10581s
 1531936    4.6841914e+08   0.000000e+00   1.592494e+09  10586s
 1534939    4.6865038e+08   0.000000e+00   1.646090e+09  10591s
 1537947    4.6892284e+08   0.000000e+00   1.629762e+09  10596s
 1539508    4.6910598e+08   0.000000e+00   1.441504e+09  10602s
 1541069    4.6928445e+08   0.000000e+00   1.546253e+09  10606s
 1544074    4.6976395e+08   0.000000e+00   1.587723e+09  10611s
 1547077    4.7017914e+08   0.000000e+00   1.534416e+09  10616s
 1550083    4.7066181e+08   0.000000e+00   1.498712e+09  10620s
 1551593    4.7077928e+08   0.000000e+00   1.435831e+09  10627s
 1553597    4.7107372e+08   0.000000e+00   1.388893e+09  10632s
 1555601    4.7126908e+08   0.000000e+00   1.388281e+09  10636s
 1558608    4.7163892e+08   0.000000e+00   1.383547e+09  10641s
 1561618    4.7199618e+08   0.000000e+00   1.364240e+09  10645s
 1565636    4.7249220e+08   0.000000e+00   1.440936e+09  10651s
 1568641    4.7298551e+08   0.000000e+00   1.531166e+09  10656s
 1571651    4.7323446e+08   0.000000e+00   1.523330e+09  10660s
 1574656    4.7353602e+08   0.000000e+00   1.538037e+09  10665s
 1578668    4.7382602e+08   0.000000e+00   1.522491e+09  10671s
 1581678    4.7423086e+08   0.000000e+00   1.501973e+09  10676s
 1584685    4.7465723e+08   0.000000e+00   1.523138e+09  10681s
 1587693    4.7514705e+08   0.000000e+00   1.519779e+09  10685s
 1590698    4.7563457e+08   0.000000e+00   1.525288e+09  10690s
 1594707    4.7608367e+08   0.000000e+00   1.684105e+09  10697s
 1596710    4.7633233e+08   0.000000e+00   1.471886e+09  10701s
 1598712    4.7651823e+08   0.000000e+00   1.553357e+09  10705s
 1600716    4.7670405e+08   0.000000e+00   1.546326e+09  10710s
 1603503    4.7698514e+08   0.000000e+00   1.516567e+09  10717s
 1605287    4.7717000e+08   0.000000e+00   1.582584e+09  10720s
 1606737    4.7726130e+08   0.000000e+00   2.429908e+09  10729s
 1607247    4.7729529e+08   0.000000e+00   1.690055e+09  10734s
 1608028    4.7735414e+08   0.000000e+00   1.714553e+09  10739s
 1608811    4.7740979e+08   0.000000e+00   1.707334e+09  10741s
 1611597    4.7772101e+08   0.000000e+00   2.015610e+09  10748s
 1612377    4.7778143e+08   0.000000e+00   1.614871e+09  10750s
 1615163    4.7807921e+08   0.000000e+00   1.767321e+09  10756s
 1618172    4.7832132e+08   0.000000e+00   1.785226e+09  10762s
 1621197    4.7864557e+08   0.000000e+00   1.762844e+09  10766s
 1624217    4.7897455e+08   0.000000e+00   1.951089e+09  10772s
 1626224    4.7918237e+08   0.000000e+00   1.935126e+09  10776s
 1629014    4.7946361e+08   0.000000e+00   2.033566e+09  10781s
 1631020    4.7959632e+08   0.000000e+00   2.028966e+09  10785s
 1633582    4.7984790e+08   0.000000e+00   1.538946e+09  10792s
 1635590    4.8003098e+08   0.000000e+00   1.542487e+09  10795s
 1638333    4.8022524e+08   0.000000e+00   1.136810e+09  10802s
 1640336    4.8033429e+08   0.000000e+00   1.135021e+09  10807s
 1642093    4.8044180e+08   0.000000e+00   1.129494e+09  10812s
 1644098    4.8055477e+08   0.000000e+00   8.053723e+08  10816s
 1646105    4.8074777e+08   0.000000e+00   8.417395e+08  10820s
 1648848    4.8087685e+08   0.000000e+00   8.499015e+08  10827s
 1650850    4.8099571e+08   0.000000e+00   9.183899e+08  10832s
 1652789    4.8114250e+08   0.000000e+00   8.715314e+08  10836s
 1654570    4.8124955e+08   0.000000e+00   9.067263e+08  10840s
 1656130    4.8136733e+08   0.000000e+00   1.086574e+09  10845s
 1658470    4.8160109e+08   0.000000e+00   1.000938e+10  10852s
 1660030    4.8173554e+08   0.000000e+00   2.045788e+09  10856s
 1662593    4.8199352e+08   0.000000e+00   3.112574e+09  10861s
 1664153    4.8211792e+08   0.000000e+00   1.138976e+10  10865s
 1667332    4.8236452e+08   0.000000e+00   1.042171e+10  10872s
 1669282    4.8248483e+08   0.000000e+00   1.120787e+10  10875s
 1673065    4.8267044e+08   0.000000e+00   1.646254e+10  10881s
 1675437    4.8279194e+08   0.000000e+00   1.437369e+10  10886s
 1678220    4.8291638e+08   0.000000e+00   2.196385e+10  10892s
 1679780    4.8301767e+08   0.000000e+00   2.283269e+10  10897s
 1681340    4.8310037e+08   0.000000e+00   1.088277e+12  10900s
 1685344    4.8340099e+08   0.000000e+00   8.838672e+09  10906s
 1688320    4.8361519e+08   0.000000e+00   9.882429e+09  10910s
 1690882    4.8384797e+08   0.000000e+00   9.810732e+09  10916s
 1693884    4.8401069e+08   0.000000e+00   9.967232e+09  10921s
 1696446    4.8417435e+08   0.000000e+00   9.808088e+09  10926s
 1699230    4.8434861e+08   0.000000e+00   9.514459e+09  10931s
 1703033    4.8454154e+08   0.000000e+00   9.277600e+10  10936s
 1703793    4.8456987e+08   0.000000e+00   3.359534e+09  10942s
 1705575    4.8463729e+08   0.000000e+00   3.922946e+09  10946s
 1708581    4.8477481e+08   0.000000e+00   2.310409e+09  10951s
 1711364    4.8490695e+08   0.000000e+00   4.975609e+09  10956s
 1714378    4.8508347e+08   0.000000e+00   4.055762e+09  10961s
 1717382    4.8526649e+08   0.000000e+00   3.460966e+09  10966s
 1720385    4.8544609e+08   0.000000e+00   4.987667e+09  10971s
 1722946    4.8561420e+08   0.000000e+00   8.798053e+10  10976s
 1725730    4.8577570e+08   0.000000e+00   4.046302e+09  10981s
 1727513    4.8590294e+08   0.000000e+00   5.647086e+10  10986s
 1729294    4.8601217e+08   0.000000e+00   2.189552e+11  10990s
 1732299    4.8621002e+08   0.000000e+00   2.183891e+11  10995s
 1735308    4.8642968e+08   0.000000e+00   2.182684e+11  11000s
 1738314    4.8667014e+08   0.000000e+00   2.112721e+11  11006s
 1741319    4.8704209e+08   0.000000e+00   2.238118e+11  11011s
 1744324    4.8730306e+08   0.000000e+00   2.240315e+11  11016s
 1747333    4.8759629e+08   0.000000e+00   2.452484e+11  11021s
 1749896    4.8782066e+08   0.000000e+00   2.206611e+11  11027s
 1751885    4.8794133e+08   0.000000e+00   1.119967e+11  11031s
 1754889    4.8809597e+08   0.000000e+00   8.363682e+10  11036s
 1756891    4.8823057e+08   0.000000e+00   7.310504e+10  11040s
 1759674    4.8838145e+08   0.000000e+00   7.261217e+10  11047s
 1762677    4.8860274e+08   0.000000e+00   7.119320e+10  11053s
 1764683    4.8875898e+08   0.000000e+00   7.044112e+10  11057s
 1766464    4.8888330e+08   0.000000e+00   6.617593e+10  11061s
 1769472    4.8908144e+08   0.000000e+00   6.766123e+10  11066s
 1771474    4.8917938e+08   0.000000e+00   7.176369e+10  11070s
 1774483    4.8933647e+08   0.000000e+00   7.370968e+10  11076s
 1777492    4.8945415e+08   0.000000e+00   7.025575e+10  11082s
 1779495    4.8958522e+08   0.000000e+00   7.953960e+10  11086s
 1781501    4.8964684e+08   0.000000e+00   7.525780e+10  11091s
 1784506    4.8980801e+08   0.000000e+00   7.486957e+10  11097s
 1786379    4.8986364e+08   0.000000e+00   4.010543e+10  11101s
 1788163    4.8991816e+08   0.000000e+00   4.012792e+10  11105s
 1791381    4.9051915e+08   0.000000e+00   4.010250e+10  11110s
 1795661    4.9105347e+08   0.000000e+00   3.961024e+10  11117s
 1798868    4.9151621e+08   0.000000e+00   3.958305e+10  11121s
 1801904    4.9164989e+08   0.000000e+00   2.711494e+10  11127s
 1803914    4.9171442e+08   0.000000e+00   2.716676e+10  11131s
 1805920    4.9177798e+08   0.000000e+00   2.524001e+10  11135s
 1808485    4.9190537e+08   0.000000e+00   1.780641e+08  11143s
 1810045    4.9202118e+08   0.000000e+00   1.886798e+08  11147s
 1811605    4.9209140e+08   0.000000e+00   2.261329e+08  11151s
 1813945    4.9219988e+08   0.000000e+00   3.559666e+08  11157s
 1814725    4.9224825e+08   0.000000e+00   4.424777e+08  11161s
 1817065    4.9240884e+08   0.000000e+00   6.377509e+09  11167s
 1819848    4.9278690e+08   0.000000e+00   3.649293e+09  11171s
 1822630    4.9290647e+08   0.000000e+00   8.847722e+08  11176s
 1825260    4.9309228e+08   0.000000e+00   8.409034e+08  11181s
 1827823    4.9319114e+08   0.000000e+00   8.343741e+08  11186s
 1830651    4.9334516e+08   0.000000e+00   3.328582e+09  11190s
 1834191    4.9347282e+08   0.000000e+00   2.457797e+09  11197s
 1836976    4.9355210e+08   0.000000e+00   1.923373e+09  11202s
 1838964    4.9362497e+08   0.000000e+00   1.229665e+09  11206s
 1841599    4.9374139e+08   0.000000e+00   3.500180e+09  11212s
 1843380    4.9380621e+08   0.000000e+00   6.209826e+08  11215s
 1847389    4.9398031e+08   0.000000e+00   5.363764e+08  11221s
 1850395    4.9411732e+08   0.000000e+00   5.469115e+08  11226s
 1853328    4.9424128e+08   0.000000e+00   5.313877e+08  11231s
 1856262    4.9440994e+08   0.000000e+00   1.019044e+10  11236s
 1857042    4.9443231e+08   0.000000e+00   1.277849e+09  11240s
 1859826    4.9459201e+08   0.000000e+00   1.395487e+09  11246s
 1862831    4.9472994e+08   0.000000e+00   8.517884e+08  11251s
 1865616    4.9492404e+08   0.000000e+00   5.162757e+08  11256s
 1868620    4.9509618e+08   0.000000e+00   5.070706e+08  11261s
 1871458    4.9525002e+08   0.000000e+00   9.321435e+08  11267s
 1873462    4.9532173e+08   0.000000e+00   3.871560e+08  11271s
 1876244    4.9541117e+08   0.000000e+00   3.301894e+08  11276s
 1878026    4.9546329e+08   0.000000e+00   4.697028e+08  11280s
 1880589    4.9560998e+08   0.000000e+00   5.217112e+08  11286s
 1882149    4.9569292e+08   0.000000e+00   5.433059e+08  11290s
 1884712    4.9575022e+08   0.000000e+00   3.999228e+08  11296s
 1887494    4.9589344e+08   0.000000e+00   8.420278e+08  11302s
 1889073    4.9593571e+08   0.000000e+00   3.745195e+08  11306s
 1891892    4.9613645e+08   0.000000e+00   2.559593e+08  11312s
 1893709    4.9621898e+08   0.000000e+00   5.779825e+08  11316s
 1895270    4.9627359e+08   0.000000e+00   2.340374e+09  11322s
 1896830    4.9649471e+08   0.000000e+00   7.255626e+09  11326s
 1898391    4.9661092e+08   0.000000e+00   1.966446e+09  11330s
 1900785    4.9673556e+08   0.000000e+00   6.430368e+09  11336s
 1903567    4.9688295e+08   0.000000e+00   7.195917e+09  11340s
 1907239    4.9698049e+08   0.000000e+00   6.530429e+09  11346s
 1910242    4.9706299e+08   0.000000e+00   6.501227e+09  11351s
 1912582    4.9715648e+08   0.000000e+00   6.536048e+09  11356s
 1914363    4.9721987e+08   0.000000e+00   6.396924e+09  11360s
 1917095    4.9732444e+08   0.000000e+00   6.015533e+09  11366s
 1919649    4.9745707e+08   0.000000e+00   5.477362e+09  11372s
 1921209    4.9752408e+08   0.000000e+00   6.054830e+09  11375s
 1923991    4.9766678e+08   0.000000e+00   5.561926e+09  11381s
 1925772    4.9774526e+08   0.000000e+00   4.702898e+09  11387s
 1927553    4.9781689e+08   0.000000e+00   2.371740e+09  11391s
 1929334    4.9787339e+08   0.000000e+00   8.305367e+08  11396s
 1931895    4.9797284e+08   0.000000e+00   2.324527e+09  11401s
 1934608    4.9807973e+08   0.000000e+00   2.805105e+09  11407s
 1936355    4.9813824e+08   0.000000e+00   2.430714e+09  11411s
 1938782    4.9818769e+08   0.000000e+00   2.036104e+09  11415s
 1941785    4.9824867e+08   0.000000e+00   2.028298e+09  11421s
 1943566    4.9849057e+08   0.000000e+00   1.860908e+09  11425s
 1946570    4.9856475e+08   0.000000e+00   2.042950e+09  11430s
 1948370    4.9865068e+08   0.000000e+00   7.324776e+09  11435s
 1949930    4.9882475e+08   0.000000e+00   4.325458e+09  11441s
 1952270    4.9893649e+08   0.000000e+00   5.109117e+08  11447s
 1953830    4.9903809e+08   0.000000e+00   6.348367e+08  11451s
 1955390    4.9920180e+08   0.000000e+00   8.198648e+08  11455s
 1957730    4.9942064e+08   0.000000e+00   3.654398e+09  11463s
 1958510    4.9954490e+08   0.000000e+00   3.841653e+08  11465s
 1960850    4.9983649e+08   0.000000e+00   1.050681e+09  11470s
 1963191    5.0062730e+08   0.000000e+00   2.241901e+08  11475s
 1965973    5.0076576e+08   0.000000e+00   2.057230e+08  11480s
 1969452    5.0087766e+08   0.000000e+00   1.936873e+08  11487s
 1972225    5.0098306e+08   0.000000e+00   1.875354e+09  11492s
 1973883    5.0103219e+08   0.000000e+00   1.855761e+09  11495s
 1976350    5.0113762e+08   0.000000e+00   1.903450e+09  11501s
 1979133    5.0129172e+08   0.000000e+00   1.848997e+09  11506s
 1981915    5.0137515e+08   0.000000e+00   1.802502e+09  11511s
 1984476    5.0148944e+08   0.000000e+00   1.593353e+09  11517s
 1985256    5.0150851e+08   0.000000e+00   3.670003e+09  11520s
 1987596    5.0163798e+08   0.000000e+00   7.375690e+08  11525s
 1990157    5.0169972e+08   0.000000e+00   7.396035e+08  11532s
 1991718    5.0175567e+08   0.000000e+00   4.372146e+08  11536s
 1993279    5.0184983e+08   0.000000e+00   2.205322e+08  11541s
 1994839    5.0192140e+08   0.000000e+00   2.643001e+09  11546s
 1997400    5.0199369e+08   0.000000e+00   3.306920e+08  11551s
 1999961    5.0213058e+08   0.000000e+00   8.645327e+08  11556s
 2002649    5.0222825e+08   0.000000e+00   3.476505e+08  11561s
 2005072    5.0229818e+08   0.000000e+00   3.019747e+09  11566s
 2007771    5.0237164e+08   0.000000e+00   1.377703e+09  11571s
 2010359    5.0244205e+08   0.000000e+00   3.204123e+08  11576s
 2013362    5.0254369e+08   0.000000e+00   3.269064e+08  11581s
 2015364    5.0259800e+08   0.000000e+00   3.521165e+08  11585s
 2018204    5.0265452e+08   0.000000e+00   3.611753e+08  11590s
 2021207    5.0272130e+08   0.000000e+00   3.563081e+08  11596s
 2023996    5.0276992e+08   0.000000e+00   2.617373e+08  11602s
 2025788    5.0280698e+08   0.000000e+00   2.608705e+08  11606s
 2027348    5.0284366e+08   0.000000e+00   1.589777e+08  11612s
 2028908    5.0287176e+08   0.000000e+00   8.667756e+07  11617s
 2030468    5.0291035e+08   0.000000e+00   3.162239e+08  11622s
 2032028    5.0293930e+08   0.000000e+00   2.810777e+08  11626s
 2033811    5.0296232e+08   0.000000e+00   1.825586e+08  11630s
 2036284    5.0299879e+08   0.000000e+00   1.497231e+08  11636s
 2038625    5.0303234e+08   0.000000e+00   9.174306e+07  11642s
 2039405    5.0303716e+08   0.000000e+00   1.035294e+08  11645s
 2041745    5.0307372e+08   0.000000e+00   1.216778e+08  11651s
 2043305    5.0309810e+08   0.000000e+00   1.886177e+08  11656s
 2045645    5.0315577e+08   0.000000e+00   1.125928e+09  11662s
 2047205    5.0318422e+08   0.000000e+00   1.192812e+08  11666s
 2048986    5.0322923e+08   0.000000e+00   1.072478e+08  11670s
 2051547    5.0327193e+08   0.000000e+00   9.241918e+07  11676s
 2053107    5.0328813e+08   0.000000e+00   1.031667e+08  11681s
 2055650    5.0332759e+08   0.000000e+00   1.538315e+09  11687s
 2057210    5.0335904e+08   0.000000e+00   1.236879e+09  11693s
 2057990    5.0337520e+08   0.000000e+00   1.676993e+09  11695s
 2060330    5.0342112e+08   0.000000e+00   2.472327e+09  11702s
 2061939    5.0344625e+08   0.000000e+00   1.451326e+09  11705s
 2064279    5.0348517e+08   0.000000e+00   1.044759e+10  11711s
 2066619    5.0352127e+08   0.000000e+00   8.922530e+09  11716s
 2068363    5.0356416e+08   0.000000e+00   8.554906e+09  11721s
 2070769    5.0362289e+08   0.000000e+00   1.113345e+12  11726s
 2072329    5.0368667e+08   0.000000e+00   1.107859e+12  11730s
 2074111    5.0371832e+08   0.000000e+00   1.706590e+11  11735s
 2076451    5.0373896e+08   0.000000e+00   7.252844e+10  11742s
 2078350    5.0375916e+08   0.000000e+00   7.286600e+10  11745s
 2081133    5.0379772e+08   0.000000e+00   7.298765e+10  11751s
 2084007    5.0384362e+08   0.000000e+00   7.346990e+10  11755s
 2088019    5.0390662e+08   0.000000e+00   7.377464e+10  11762s
 2091010    5.0394297e+08   0.000000e+00   7.414995e+10  11766s
 2093576    5.0397205e+08   0.000000e+00   4.333997e+07  11773s
 2094356    5.0398905e+08   0.000000e+00   1.210925e+10  11776s
 2096696    5.0406564e+08   0.000000e+00   4.854644e+08  11781s
 2098256    5.0408735e+08   0.000000e+00   2.709132e+08  11785s
 2100744    5.0413538e+08   0.000000e+00   3.142046e+09  11790s
 2103525    5.0417876e+08   0.000000e+00   3.980281e+08  11796s
 2106257    5.0422762e+08   0.000000e+00   4.034923e+08  11801s
 2108817    5.0427425e+08   0.000000e+00   2.348991e+08  11805s
 2111361    5.0430900e+08   0.000000e+00   1.288277e+08  11811s
 2114003    5.0433323e+08   0.000000e+00   2.369555e+08  11816s
 2115626    5.0435596e+08   0.000000e+00   1.129344e+08  11821s
 2118409    5.0439076e+08   0.000000e+00   3.636776e+07  11827s
 2119969    5.0442418e+08   0.000000e+00   3.596099e+07  11831s
 2122309    5.0446340e+08   0.000000e+00   8.065449e+08  11836s
 2124650    5.0449371e+08   0.000000e+00   3.447518e+07  11841s
 2127211    5.0453948e+08   0.000000e+00   4.206195e+07  11847s
 2129214    5.0456654e+08   0.000000e+00   4.697894e+07  11850s
 2131554    5.0461586e+08   0.000000e+00   2.313098e+08  11856s
 2134115    5.0465550e+08   0.000000e+00   4.231665e+08  11862s
 2135675    5.0467429e+08   0.000000e+00   8.217179e+08  11867s
 2137235    5.0470551e+08   0.000000e+00   3.666758e+09  11872s
 2138795    5.0472202e+08   0.000000e+00   3.890616e+07  11876s
 2140355    5.0473504e+08   0.000000e+00   1.788821e+08  11880s
 2142696    5.0476921e+08   0.000000e+00   5.561237e+07  11885s
 2145257    5.0481814e+08   0.000000e+00   7.865826e+08  11890s
 2147597    5.0486516e+08   0.000000e+00   6.011147e+07  11896s
 2149938    5.0488528e+08   0.000000e+00   5.296535e+07  11901s
 2152443    5.0492600e+08   0.000000e+00   4.283940e+07  11907s
 2155084    5.0497167e+08   0.000000e+00   4.819200e+08  11912s
 2156994    5.0499457e+08   0.000000e+00   3.033637e+07  11915s
 2159556    5.0500823e+08   0.000000e+00   7.062954e+08  11922s
 2162563    5.0504451e+08   0.000000e+00   5.235637e+07  11926s
 2164123    5.0505510e+08   0.000000e+00   9.297164e+07  11931s
 2165684    5.0508704e+08   0.000000e+00   1.083292e+07  11935s
 2168411    5.0511883e+08   0.000000e+00   1.375815e+07  11941s
 2170972    5.0516404e+08   0.000000e+00   2.438946e+07  11947s
 2172532    5.0517769e+08   0.000000e+00   2.172739e+07  11951s
 2175126    5.0519346e+08   0.000000e+00   2.305781e+07  11956s
 2177128    5.0520972e+08   0.000000e+00   2.444173e+07  11960s
 2179471    5.0523739e+08   0.000000e+00   3.638515e+07  11967s
 2181031    5.0525003e+08   0.000000e+00   2.150879e+07  11970s
 2184814    5.0528182e+08   0.000000e+00   8.692198e+07  11976s
 2187821    5.0531181e+08   0.000000e+00   8.576178e+07  11980s
 2192794    5.0537489e+08   0.000000e+00   1.259490e+08  11986s
 2195827    5.0541224e+08   0.000000e+00   1.294640e+08  11990s
 2200847    5.0545774e+08   0.000000e+00   1.270041e+08  11996s
 2203859    5.0547969e+08   0.000000e+00   1.261140e+08  12000s
 2207867    5.0550186e+08   0.000000e+00   1.237044e+08  12005s
 2212893    5.0553497e+08   0.000000e+00   1.236147e+08  12011s
 2215928    5.0555169e+08   0.000000e+00   1.247490e+08  12015s
 2219730    5.0557060e+08   0.000000e+00   1.240554e+08  12021s
 2222742    5.0558306e+08   0.000000e+00   1.248051e+08  12026s
 2225758    5.0559840e+08   0.000000e+00   1.229136e+08  12031s
 2228783    5.0560957e+08   0.000000e+00   1.196638e+08  12035s
 2232675    5.0562267e+08   0.000000e+00   1.183419e+08  12041s
 2235698    5.0563111e+08   0.000000e+00   1.193213e+08  12046s
 2237377    5.0563940e+08   0.000000e+00   9.796844e+07  12051s
 2239717    5.0565280e+08   0.000000e+00   9.146535e+06  12056s
 2242058    5.0566872e+08   0.000000e+00   2.798379e+07  12061s
 2243755    5.0567391e+08   0.000000e+00   1.407141e+07  12065s
 2247319    5.0568945e+08   0.000000e+00   7.311542e+06  12071s
 2248879    5.0569620e+08   0.000000e+00   1.020204e+07  12076s
 2251440    5.0571095e+08   0.000000e+00   3.201703e+07  12081s
 2254223    5.0572106e+08   0.000000e+00   2.102670e+06  12086s
 2257228    5.0573151e+08   0.000000e+00   1.683527e+06  12090s
 2259790    5.0573699e+08   0.000000e+00   7.260748e+07  12095s
 2264826    5.0574858e+08   0.000000e+00   1.275389e+06  12101s
 2267621    5.0575546e+08   0.000000e+00   5.535103e+05  12105s
 2269995    5.0576867e+08   0.000000e+00   1.315082e+06  12111s
 2272336    5.0577526e+08   0.000000e+00   4.784979e+05  12116s
 2273899    5.0577859e+08   0.000000e+00   1.515032e+06  12121s
 2276239    5.0578381e+08   0.000000e+00   3.409022e+05  12126s
 2277799    5.0578871e+08   0.000000e+00   1.465431e+06  12130s
 2280665    5.0579278e+08   0.000000e+00   5.877320e+03  12136s
 2285694    5.0579875e+08   0.000000e+00   5.232912e+03  12141s
 2290718    5.0580223e+08   0.000000e+00   1.573455e+06  12146s
 2294732    5.0580268e+08   0.000000e+00   0.000000e+00  12150s
 2294732    5.0580268e+08   0.000000e+00   0.000000e+00  12152s

Root relaxation: objective 5.058027e+08, 2294732 iterations, 11240.92 seconds (18736.52 work units)

    Nodes    |    Current Node    |     Objective Bounds      |     Work
 Expl Unexpl |  Obj  Depth IntInf | Incumbent    BestBd   Gap | It/Node Time

     0     0 5.0580e+08    0 2632          - 5.0580e+08      -     - 12174s
     0     0 5.0575e+08    0 2629          - 5.0575e+08      -     - 12176s
Another try with MIP start
     0     0 5.0457e+08    0 2796          - 5.0457e+08      -     - 12367s
     0     0 5.0454e+08    0 2794          - 5.0454e+08      -     - 12369s
     0     0 5.0432e+08    0 2906          - 5.0432e+08      -     - 12420s
     0     0 5.0426e+08    0 2861          - 5.0426e+08      -     - 12438s
     0     0 5.0424e+08    0 2856          - 5.0424e+08      -     - 12450s
     0     0 5.0424e+08    0 2856          - 5.0424e+08      -     - 12456s
     0     0 5.0424e+08    0 2854          - 5.0424e+08      -     - 12460s
     0     0 5.0405e+08    0 2741          - 5.0405e+08      -     - 12562s
     0     0 5.0405e+08    0 2741          - 5.0405e+08      -     - 12564s
     0     0 5.0401e+08    0 2716          - 5.0401e+08      -     - 12593s
     0     0 5.0401e+08    0 2716          - 5.0401e+08      -     - 12594s
     0     0 5.0399e+08    0 2676          - 5.0399e+08      -     - 12609s
     0     0 5.0399e+08    0 2702          - 5.0399e+08      -     - 12618s
     0     0 5.0399e+08    0 2733          - 5.0399e+08      -     - 12625s
     0     0 5.0399e+08    0 2742          - 5.0399e+08      -     - 12630s
     0     0 5.0395e+08    0 2681          - 5.0395e+08      -     - 12894s
     0     0 5.0393e+08    0 2698          - 5.0393e+08      -     - 12922s
     0     0 5.0392e+08    0 2736          - 5.0392e+08      -     - 12932s
     0     0 5.0392e+08    0 2760          - 5.0392e+08      -     - 12939s
     0     0 5.0392e+08    0 2801          - 5.0392e+08      -     - 12945s
     0     0 5.0392e+08    0 2808          - 5.0392e+08      -     - 12950s
     0     0 5.0391e+08    0 2722          - 5.0391e+08      -     - 13216s
     0     0 5.0390e+08    0 2797          - 5.0390e+08      -     - 13242s
     0     0 5.0389e+08    0 2843          - 5.0389e+08      -     - 13252s
     0     0 5.0389e+08    0 2947          - 5.0389e+08      -     - 13261s
     0     0 5.0389e+08    0 3009          - 5.0389e+08      -     - 13267s
     0     0 5.0389e+08    0 2889          - 5.0389e+08      -     - 13543s
     0     0 5.0389e+08    0 2897          - 5.0389e+08      -     - 13565s
     0     0 5.0388e+08    0 2990          - 5.0388e+08      -     - 13575s
     0     0 5.0388e+08    0 3102          - 5.0388e+08      -     - 13582s
     0     0 5.0386e+08    0 2886          - 5.0386e+08      -     - 13930s
     0     0 5.0386e+08    0 2975          - 5.0386e+08      -     - 13957s
     0     0 5.0386e+08    0 3052          - 5.0386e+08      -     - 13967s
     0     0 5.0386e+08    0 2922          - 5.0386e+08      -     - 14298s
     0     0 5.0385e+08    0 2988          - 5.0385e+08      -     - 14326s
     0     0 5.0385e+08    0 3105          - 5.0385e+08      -     - 14336s
     0     0 5.0385e+08    0 3089          - 5.0385e+08      -     - 14617s
     0     0 5.0385e+08    0 3199          - 5.0385e+08      -     - 14644s
     0     0 5.0385e+08    0 3175          - 5.0385e+08      -     - 14929s
     0     0 5.0385e+08    0 3245          - 5.0385e+08      -     - 14969s
     0     0 5.0385e+08    0 3235          - 5.0385e+08      -     - 15245s
     0     0 5.0385e+08    0 3235          - 5.0385e+08      -     - 15361s
     0     0 5.0385e+08    0 2820          - 5.0385e+08      -     - 15392s
Feasibility pump: pass 1, min int violation 3.207, total elapsed time 15690s
Feasibility pump: pass 2, min int violation 2.746, total elapsed time 15696s
Feasibility pump: pass 3, min int violation 2.069, total elapsed time 15703s
Feasibility pump: pass 4, min int violation 2.069, total elapsed time 15708s
Feasibility pump: no solution found in 5 passes
     0     2 5.0385e+08    0 2722          - 5.0385e+08      -     - 15780s
     1     4 5.0385e+08    1 2709          - 5.0385e+08      -   131 15813s
     3     8 5.0382e+08    2 2984          - 5.0385e+08      -  1260 15869s
     7    16 5.0382e+08    3 3126          - 5.0383e+08      -  3080 15929s
     9    16 5.0382e+08    3 3128          - 5.0382e+08      -  4025 15930s
    15    26 5.0381e+08    4 3383          - 5.0382e+08      -  5780 15986s
    25    36 5.0378e+08    5 3344          - 5.0381e+08      -  9301 16057s
    36    47 5.0379e+08    6 3493          - 5.0379e+08      -  8074 16152s
    47   117 5.0379e+08    7 3569          - 5.0379e+08      -  8745 16289s

Cutting planes:
  Learned: 3233
  Gomory: 394
  Cover: 250
  Implied bound: 17080
  Clique: 17
  MIR: 129522
  Mixing: 1266
  StrongCG: 62
  Flow cover: 143871
  Flow path: 404
  Zero half: 16
  Mod-K: 1
  Network: 5
  RLT: 116
  Relax-and-lift: 14371
  BQP: 2
  PSD: 10

Explored 117 nodes (3185202 simplex iterations) in 16293.37 seconds (26083.06 work units)
Thread count was 10 (of 32 available processors)

Solution count 0

Optimization achieved user objective limit
Best objective -, best bound 5.037856961048e+08, gap -
