
Gurobi 13.0.1 (win64) logging started Fri Sep 25 21:10:32 2026

Set parameter LogFile to value "C:/Users/omkarp/Downloads/Large-scale-LBBD-Optimization/runs/2026-09-25_130129_full_with_redirection_LBBD_withPV_withBESS/logs/lbbd_master_002.log"
Set parameter MIPGap to value 0.0001
Set parameter MIPFocus to value 1
Set parameter Method to value 1
Set parameter NodeMethod to value 1
Gurobi Optimizer version 13.0.1 build v13.0.1rc0 (win64 - Windows 11+.0 (26200.2))

CPU model: Intel(R) Xeon(R) w5-2465X, instruction set [SSE2|AVX|AVX2|AVX512]
Thread count: 16 physical cores, 32 logical processors, using up to 10 threads

Non-default parameters:
Cutoff  5.0159083325735235e+08
TimeLimit  172800
SoftMemLimit  180
Method  1
Heuristics  0.25
MIPFocus  1
NodefileStart  0.5
NodeMethod  1
PumpPasses  20
StartNodeLimit  5000
StartTimeLimit  7200
SubMIPNodes  3000
Cuts  1
AggFill  0
NumericFocus  1
Presolve  2
PreSparsify  1
Threads  10
ImproveStartGap  0.1

Optimize a model with 5177835 rows, 5098153 columns and 18424929 nonzeros (Max)
Model fingerprint: 0xaa8eb73a
Model has 1 linear objective coefficients
Variable types: 5077081 continuous, 21072 integer (17882 binary)
Coefficient statistics:
  Matrix range     [4e-05, 2e+08]
  Objective range  [1e+00, 1e+00]
  Bounds range     [1e+00, 1e+03]
  RHS range        [2e-02, 8e+11]
Warning: Model contains large matrix coefficient range
Warning: Model contains large rhs

Processing user MIP start: 0 nodes explored in subMIP, total elapsed time 5s
Processing user MIP start: 0 nodes explored in subMIP, total elapsed time 10s
Processing user MIP start: 0 nodes explored in subMIP, total elapsed time 15s
Processing user MIP start: 0 nodes explored in subMIP, total elapsed time 20s
Processing user MIP start: 0 nodes explored in subMIP, total elapsed time 25s
Processing user MIP start: 0 nodes explored in subMIP, total elapsed time 30s
Processing user MIP start: 0 nodes explored in subMIP, total elapsed time 36s
Processing user MIP start: 0 nodes explored in subMIP, total elapsed time 40s
Processing user MIP start: 0 nodes explored in subMIP, total elapsed time 46s
User MIP start did not produce a new incumbent solution
Processed MIP start in 50.13 seconds (41.51 work units)

Presolve removed 2218541 rows and 2696586 columns (presolve time = 5s)...
Presolve removed 2371439 rows and 2839645 columns (presolve time = 10s)...
Presolve removed 2406785 rows and 2839645 columns (presolve time = 15s)...
Presolve removed 2406785 rows and 2839645 columns (presolve time = 20s)...
Presolve removed 2406785 rows and 2839645 columns (presolve time = 25s)...
Presolve removed 2406785 rows and 2839645 columns (presolve time = 30s)...
Presolve removed 2406785 rows and 2839645 columns (presolve time = 35s)...
Presolve removed 2406785 rows and 2839645 columns (presolve time = 40s)...
Presolve removed 2406785 rows and 2839645 columns (presolve time = 45s)...
Presolve removed 2406785 rows and 2839645 columns (presolve time = 50s)...
Presolve removed 2406785 rows and 2839645 columns (presolve time = 55s)...
Presolve removed 2406785 rows and 2839645 columns (presolve time = 60s)...
Presolve removed 2406785 rows and 2839645 columns (presolve time = 65s)...
Presolve removed 2406785 rows and 2839645 columns (presolve time = 70s)...
Presolve removed 2406785 rows and 2839645 columns (presolve time = 75s)...
Presolve removed 2406785 rows and 2839645 columns (presolve time = 80s)...
Presolve removed 2406785 rows and 2839645 columns (presolve time = 85s)...
Presolve removed 2406785 rows and 2839645 columns (presolve time = 90s)...
Presolve removed 2406785 rows and 2839645 columns (presolve time = 95s)...
Presolve removed 2406785 rows and 2839645 columns (presolve time = 100s)...
Presolve removed 2406785 rows and 2839645 columns (presolve time = 105s)...
Presolve removed 2406785 rows and 2839645 columns (presolve time = 110s)...
Presolve removed 2406785 rows and 2839645 columns (presolve time = 115s)...
Presolve removed 2406785 rows and 2839645 columns (presolve time = 120s)...
Presolve removed 2406785 rows and 2839645 columns (presolve time = 125s)...
Presolve removed 2406785 rows and 2839645 columns (presolve time = 130s)...
Presolve removed 2406785 rows and 2839645 columns (presolve time = 135s)...
Presolve removed 2406785 rows and 2839645 columns (presolve time = 140s)...
Presolve removed 2406785 rows and 2839645 columns (presolve time = 145s)...
Presolve removed 2406785 rows and 2839645 columns (presolve time = 150s)...
Presolve removed 2406785 rows and 2839645 columns (presolve time = 155s)...
Presolve removed 2406785 rows and 2839645 columns (presolve time = 160s)...
Presolve removed 2406785 rows and 2839645 columns (presolve time = 165s)...
Presolve removed 2406785 rows and 2839645 columns (presolve time = 170s)...
Presolve removed 2406785 rows and 2839645 columns (presolve time = 175s)...
Presolve removed 2406785 rows and 2839645 columns (presolve time = 180s)...
Presolve removed 2406785 rows and 2839645 columns (presolve time = 185s)...
Presolve removed 2406785 rows and 2839645 columns (presolve time = 190s)...
Presolve removed 2406785 rows and 2839645 columns (presolve time = 195s)...
Presolve removed 2406785 rows and 2839645 columns (presolve time = 200s)...
Presolve removed 2406785 rows and 2839645 columns (presolve time = 205s)...
Presolve removed 2406785 rows and 2839645 columns (presolve time = 210s)...
Presolve removed 2406785 rows and 2839645 columns (presolve time = 215s)...
Presolve removed 2406785 rows and 2839645 columns (presolve time = 220s)...
Presolve removed 2406785 rows and 2839645 columns (presolve time = 225s)...
Presolve removed 2406785 rows and 2839645 columns (presolve time = 230s)...
Presolve removed 2406785 rows and 2839645 columns (presolve time = 235s)...
Presolve removed 2406785 rows and 2839645 columns (presolve time = 240s)...
Presolve removed 2406785 rows and 2839645 columns (presolve time = 245s)...
Presolve removed 2406785 rows and 2839645 columns (presolve time = 250s)...
Presolve removed 2406785 rows and 2839645 columns (presolve time = 255s)...
Presolve removed 2406785 rows and 2839645 columns (presolve time = 260s)...
Presolve removed 2406785 rows and 2839645 columns (presolve time = 265s)...
Presolve removed 2406785 rows and 2839645 columns (presolve time = 270s)...
Presolve removed 2406785 rows and 2839645 columns (presolve time = 275s)...
Presolve removed 2406785 rows and 2839645 columns (presolve time = 280s)...
Presolve removed 2406785 rows and 2839645 columns (presolve time = 285s)...
Presolve removed 2406785 rows and 2839645 columns (presolve time = 290s)...
Presolve removed 2505955 rows and 2849942 columns (presolve time = 295s)...
Presolve removed 2507437 rows and 2850839 columns (presolve time = 300s)...
Presolve removed 2507437 rows and 2850839 columns (presolve time = 305s)...
Presolve removed 2508420 rows and 2850839 columns (presolve time = 310s)...
Presolve removed 2508420 rows and 2850839 columns (presolve time = 315s)...
Presolve removed 2508420 rows and 2850839 columns (presolve time = 320s)...
Presolve removed 2508420 rows and 2850839 columns (presolve time = 325s)...
Presolve removed 2508420 rows and 2850839 columns (presolve time = 330s)...
Presolve removed 2508420 rows and 2850839 columns (presolve time = 335s)...
Presolve removed 2508420 rows and 2850839 columns (presolve time = 340s)...
Presolve removed 2508420 rows and 2850839 columns (presolve time = 420s)...
Presolve removed 2508420 rows and 2850839 columns (presolve time = 499s)...
Presolve removed 2508420 rows and 2850839 columns (presolve time = 519s)...
Presolve removed 2508648 rows and 2851068 columns (presolve time = 520s)...
Presolve removed 2508648 rows and 2851068 columns (presolve time = 525s)...
Presolve removed 2508648 rows and 2851068 columns (presolve time = 530s)...
Presolve removed 2508648 rows and 2851068 columns (presolve time = 535s)...
Presolve removed 2508648 rows and 2851068 columns (presolve time = 540s)...
Presolve removed 2508648 rows and 2851068 columns (presolve time = 546s)...
Presolve removed 2508648 rows and 2851068 columns (presolve time = 550s)...
Presolve removed 2508648 rows and 2851068 columns (presolve time = 555s)...
Presolve removed 2508648 rows and 2851068 columns (presolve time = 647s)...
Presolve removed 2508648 rows and 2851068 columns (presolve time = 727s)...
Presolve removed 2508648 rows and 2851068 columns (presolve time = 740s)...
Presolve removed 2508648 rows and 2851068 columns (presolve time = 740s)...
Presolve removed 2508648 rows and 2851068 columns (presolve time = 745s)...
Presolve removed 2508648 rows and 2851068 columns (presolve time = 750s)...
Presolve removed 2508648 rows and 2851068 columns (presolve time = 755s)...
Presolve removed 2508648 rows and 2851068 columns (presolve time = 760s)...
Presolve removed 2508648 rows and 2851068 columns
Presolve time: 762.39s
Presolved: 2669187 rows, 2247085 columns, 9891455 nonzeros
Variable types: 2226614 continuous, 20471 integer (17881 binary)
Root relaxation presolve removed 138 rows and 138 columns (presolve time = 5s)...
Root relaxation presolve removed 138 rows and 138 columns (presolve time = 10s)...
Root relaxation presolve removed 138 rows and 138 columns (presolve time = 15s)...
Root relaxation presolve removed 138 rows and 138 columns (presolve time = 20s)...
Root relaxation presolve removed 138 rows and 138 columns (presolve time = 25s)...
Root relaxation presolve removed 138 rows and 138 columns (presolve time = 30s)...
Root relaxation presolve removed 138 rows and 138 columns (presolve time = 35s)...
Root relaxation presolve removed 138 rows and 138 columns (presolve time = 40s)...
Root relaxation presolve removed 260 rows and 138 columns (presolve time = 45s)...
Root relaxation presolve removed 260 rows and 382 columns (presolve time = 50s)...
Root relaxation presolve removed 260 rows and 382 columns (presolve time = 55s)...
Root relaxation presolve removed 260 rows and 382 columns (presolve time = 60s)...
Root relaxation presolve removed 260 rows and 382 columns (presolve time = 65s)...
Root relaxation presolve removed 260 rows and 382 columns (presolve time = 70s)...
Root relaxation presolve removed 260 rows and 382 columns (presolve time = 75s)...
Root relaxation presolve removed 260 rows and 382 columns (presolve time = 80s)...
Root relaxation presolve removed 260 rows and 382 columns (presolve time = 85s)...
Root relaxation presolve removed 504 rows and 382 columns (presolve time = 90s)...
Root relaxation presolve removed 504 rows and 382 columns (presolve time = 95s)...
Root relaxation presolve removed 504 rows and 382 columns (presolve time = 100s)...
Root relaxation presolve removed 504 rows and 382 columns (presolve time = 105s)...
Root relaxation presolve removed 504 rows and 382 columns (presolve time = 110s)...
Root relaxation presolve removed 504 rows and 382 columns (presolve time = 115s)...
Root relaxation presolve removed 504 rows and 382 columns (presolve time = 120s)...
Root relaxation presolve removed 504 rows and 382 columns (presolve time = 125s)...
Root relaxation presolve removed 504 rows and 382 columns (presolve time = 130s)...
Root relaxation presolve removed 504 rows and 382 columns
Root relaxation presolved: 2668683 rows, 2246703 columns, 9889439 nonzeros


Root simplex log...

Iteration    Objective       Primal Inf.    Dual Inf.      Time
       0    7.4927587e+08   3.807037e+08   0.000000e+00    954s
    5005    7.4927587e+08   3.713404e+08   0.000000e+00    955s
   12012    7.4927586e+08   5.624297e+08   0.000000e+00    960s
   17017    7.4927583e+08   6.177338e+08   0.000000e+00    965s
   25025    7.4927583e+08   6.173392e+08   0.000000e+00    970s
   34034    7.4927583e+08   6.169728e+08   0.000000e+00    976s
   43043    7.4927583e+08   6.164307e+08   0.000000e+00    981s
   49049    7.4927583e+08   6.160699e+08   0.000000e+00    986s
   53053    7.4927582e+08   6.155740e+08   0.000000e+00    991s
   58058    7.4927582e+08   6.149042e+08   0.000000e+00    995s
   62062    7.4927582e+08   6.141207e+08   0.000000e+00   1001s
   66066    7.4927582e+08   6.136464e+08   0.000000e+00   1006s
   70070    7.4927582e+08   6.129940e+08   0.000000e+00   1010s
   74074    7.4927582e+08   6.120984e+08   0.000000e+00   1015s
   80080    7.4927582e+08   6.114786e+08   0.000000e+00   1020s
   85085    7.4927582e+08   6.107841e+08   0.000000e+00   1025s
   90090    7.4927582e+08   6.100717e+08   0.000000e+00   1030s
   94094    7.4927582e+08   6.089808e+08   0.000000e+00   1036s
   99099    7.4927582e+08   6.085214e+08   0.000000e+00   1041s
  102102    7.4927582e+08   6.075538e+08   0.000000e+00   1045s
  104904    7.4927582e+08   6.068139e+08   0.000000e+00   1051s
  107702    7.4927582e+08   3.178959e+08   0.000000e+00   1056s
  111706    7.4927582e+08   6.056979e+08   0.000000e+00   1061s
  115710    7.4927582e+08   6.049801e+08   0.000000e+00   1066s
  118713    7.4927582e+08   8.511788e+08   0.000000e+00   1072s
  121716    7.4927582e+08   6.037753e+08   0.000000e+00   1076s
  125720    7.4927582e+08   6.033149e+08   0.000000e+00   1081s
  128524    7.4927581e+08   6.027040e+08   0.000000e+00   1087s
  130526    7.4927581e+08   6.021965e+08   0.000000e+00   1090s
  134139    7.4927581e+08   8.480289e+08   0.000000e+00   1097s
  134319    7.4927581e+08   8.561565e+08   0.000000e+00   1107s
  134429    7.4927581e+08   8.500287e+08   0.000000e+00   1112s
  134539    7.4927581e+08   8.534225e+08   0.000000e+00   1118s
  134669    7.4927581e+08   6.032456e+08   0.000000e+00   1122s
  134779    7.4927581e+08   6.015615e+08   0.000000e+00   1127s
  134879    7.4927581e+08   8.478790e+08   0.000000e+00   1132s
  134979    7.4927581e+08   6.030801e+08   0.000000e+00   1137s
  135099    7.4927581e+08   8.410040e+08   0.000000e+00   1142s
  135199    7.4927581e+08   3.235008e+08   0.000000e+00   1147s
  135319    7.4927581e+08   8.437615e+08   0.000000e+00   1152s
  135449    7.4927581e+08   8.440833e+08   0.000000e+00   1157s
  135599    7.4927581e+08   6.023581e+08   0.000000e+00   1162s
  135699    7.4927581e+08   8.398287e+08   0.000000e+00   1167s
  135829    7.4927581e+08   6.016977e+08   0.000000e+00   1171s
  135929    7.4927581e+08   8.376340e+08   0.000000e+00   1176s
  136039    7.4927581e+08   1.143803e+09   0.000000e+00   1181s
  136199    7.4927581e+08   1.016182e+09   0.000000e+00   1186s
  136429    7.4927580e+08   8.379726e+08   0.000000e+00   1196s
  136599    7.4927580e+08   1.717212e+10   0.000000e+00   1201s
  136789    7.4927580e+08   8.371050e+08   0.000000e+00   1210s
  136909    7.4927580e+08   8.357274e+08   0.000000e+00   1214s
  137099    7.4927580e+08   8.400768e+08   0.000000e+00   1219s
  137269    7.4927580e+08   5.985936e+08   0.000000e+00   1224s
  137369    7.4927580e+08   8.319061e+08   0.000000e+00   1228s
  137499    7.4927580e+08   9.390383e+08   0.000000e+00   1233s
  137629    7.4927580e+08   8.355932e+08   0.000000e+00   1238s
  137779    7.4927580e+08   5.965247e+08   0.000000e+00   1243s
  137979    7.4927580e+08   8.277401e+08   0.000000e+00   1253s
  138099    7.4927580e+08   8.282827e+08   0.000000e+00   1258s
  138219    7.4927580e+08   8.309074e+08   0.000000e+00   1263s
  138359    7.4927580e+08   3.315457e+08   0.000000e+00   1268s
  138459    7.4927580e+08   8.297910e+08   0.000000e+00   1273s
  138609    7.4927580e+08   1.543019e+09   0.000000e+00   1278s
  138739    7.4927580e+08   8.246429e+08   0.000000e+00   1282s
  138879    7.4927580e+08   8.273944e+08   0.000000e+00   1287s
  139019    7.4927580e+08   5.974711e+08   0.000000e+00   1292s
  139129    7.4927580e+08   1.119290e+09   0.000000e+00   1297s
  139239    7.4927580e+08   8.198828e+08   0.000000e+00   1302s
  139369    7.4927580e+08   8.239718e+08   0.000000e+00   1307s
  139519    7.4927580e+08   8.213766e+08   0.000000e+00   1312s
  139649    7.4927580e+08   8.224265e+08   0.000000e+00   1316s
  139779    7.4927580e+08   8.214353e+08   0.000000e+00   1321s
  139959    7.4927580e+08   6.011241e+08   0.000000e+00   1325s
  140119    7.4927580e+08   8.235053e+08   0.000000e+00   1330s
  140219    7.4927580e+08   8.187962e+08   0.000000e+00   1335s
  140369    7.4927580e+08   8.161794e+08   0.000000e+00   1340s
  140689    7.4927580e+08   8.179480e+08   0.000000e+00   1350s
  140809    7.4927580e+08   8.191784e+08   0.000000e+00   1355s
  140919    7.4927580e+08   8.194636e+08   0.000000e+00   1359s
  141049    7.4927580e+08   8.215680e+08   0.000000e+00   1364s
  141169    7.4927580e+08   8.206984e+08   0.000000e+00   1369s
  141289    7.4927579e+08   8.167950e+08   0.000000e+00   1373s
  141449    7.4927579e+08   5.987892e+08   0.000000e+00   1378s
  141599    7.4927579e+08   5.951446e+08   0.000000e+00   1383s
  141829    7.4927579e+08   8.167878e+08   0.000000e+00   1393s
  141959    7.4927579e+08   9.510578e+08   0.000000e+00   1397s
  142099    7.4927579e+08   8.150570e+08   0.000000e+00   1402s
  142229    7.4927579e+08   8.140407e+08   0.000000e+00   1407s
  142369    7.4927579e+08   8.137174e+08   0.000000e+00   1411s
  142489    7.4927579e+08   8.155550e+08   0.000000e+00   1417s
  142629    7.4927579e+08   8.149402e+08   0.000000e+00   1422s
  142799    7.4927579e+08   5.968294e+08   0.000000e+00   1427s
  142929    7.4927579e+08   9.281866e+08   0.000000e+00   1431s
  143159    7.4927579e+08   1.026358e+09   0.000000e+00   1436s
  143309    7.4927579e+08   5.985781e+08   0.000000e+00   1441s
  143669    7.4927579e+08   8.088288e+08   0.000000e+00   1455s
  143799    7.4927579e+08   8.100880e+08   0.000000e+00   1460s
  143929    7.4927579e+08   8.139990e+08   0.000000e+00   1464s
  144049    7.4927579e+08   8.083219e+08   0.000000e+00   1469s
  144179    7.4927579e+08   8.902589e+08   0.000000e+00   1474s
  144309    7.4927579e+08   8.148604e+08   0.000000e+00   1479s
  144459    7.4927579e+08   5.961555e+08   0.000000e+00   1483s
  144609    7.4927579e+08   8.069830e+08   0.000000e+00   1488s
  144709    7.4927579e+08   8.085345e+08   0.000000e+00   1493s
  144859    7.4927579e+08   8.114817e+08   0.000000e+00   1498s
  145039    7.4927579e+08   5.945518e+08   0.000000e+00   1503s
  145179    7.4927579e+08   8.062877e+08   0.000000e+00   1508s
  145319    7.4927579e+08   8.054127e+08   0.000000e+00   1513s
  145469    7.4927579e+08   9.733410e+08   0.000000e+00   1517s
  145649    7.4927579e+08   5.919701e+08   0.000000e+00   1521s
  145779    7.4927579e+08   7.991740e+08   0.000000e+00   1526s
  146049    7.4927579e+08   8.041661e+08   0.000000e+00   1533s
  146169    7.4927579e+08   8.200791e+08   0.000000e+00   1537s
  146299    7.4927579e+08   9.886651e+08   0.000000e+00   1540s
  146559    7.4927579e+08   8.038228e+08   0.000000e+00   1548s
  146709    7.4927579e+08   8.031007e+08   0.000000e+00   1552s
  146849    7.4927579e+08   8.048103e+08   0.000000e+00   1556s
  147119    7.4927579e+08   5.956347e+08   0.000000e+00   1564s
  147289    7.4927579e+08   8.672775e+08   0.000000e+00   1568s
  147379    7.4927579e+08   7.974125e+08   0.000000e+00   1572s
  147509    7.4927578e+08   9.729432e+08   0.000000e+00   1576s
  147789    7.4927578e+08   5.901047e+08   0.000000e+00   1583s
  147899    7.4927578e+08   7.936805e+08   0.000000e+00   1587s
  148079    7.4927578e+08   1.691213e+09   0.000000e+00   1591s
  148229    7.4927578e+08   8.018820e+08   0.000000e+00   1595s
  148509    7.4927578e+08   5.895314e+08   0.000000e+00   1603s
  148639    7.4927578e+08   7.927136e+08   0.000000e+00   1607s
  148749    7.4927578e+08   8.583719e+08   0.000000e+00   1611s
  148979    7.4927578e+08   7.915823e+08   0.000000e+00   1618s
  149099    7.4927578e+08   7.962423e+08   0.000000e+00   1622s
  149249    7.4927578e+08   5.924161e+08   0.000000e+00   1626s
  149619    7.4927578e+08   7.932183e+08   0.000000e+00   1634s
  149729    7.4927578e+08   7.948224e+08   0.000000e+00   1638s
  149879    7.4927578e+08   7.953115e+08   0.000000e+00   1642s
  150029    7.4927578e+08   5.888877e+08   0.000000e+00   1646s
  150259    7.4927578e+08   7.918904e+08   0.000000e+00   1654s
  150399    7.4927578e+08   7.955686e+08   0.000000e+00   1658s
  150569    7.4927578e+08   7.926390e+08   0.000000e+00   1662s
  150779    7.4927578e+08   5.863415e+08   0.000000e+00   1665s
  151009    7.4927578e+08   7.896416e+08   0.000000e+00   1673s
  151489    7.4927578e+08   7.902502e+08   0.000000e+00   1677s
  151629    7.4927578e+08   7.919474e+08   0.000000e+00   1681s
  151789    7.4927578e+08   5.835159e+08   0.000000e+00   1685s
  152029    7.4927578e+08   5.852469e+08   0.000000e+00   1693s
  152179    7.4927578e+08   7.895564e+08   0.000000e+00   1697s
  152349    7.4927578e+08   1.034344e+09   0.000000e+00   1701s
  152689    7.4927578e+08   5.817456e+08   0.000000e+00   1708s
  152789    7.4927578e+08   7.813393e+08   0.000000e+00   1712s
  152959    7.4927578e+08   7.859706e+08   0.000000e+00   1720s
  153179    7.4927578e+08   5.846726e+08   0.000000e+00   1728s
  153279    7.4927578e+08   7.845323e+08   0.000000e+00   1732s
  153379    7.4927577e+08   7.882224e+08   0.000000e+00   1736s
  153639    7.4927577e+08   5.866463e+08   0.000000e+00   1743s
  153799    7.4927577e+08   7.820940e+08   0.000000e+00   1748s
  153989    7.4927577e+08   7.852840e+08   0.000000e+00   1755s
  154349    7.4927577e+08   7.954698e+08   0.000000e+00   1766s
  154469    7.4927577e+08   7.819101e+08   0.000000e+00   1770s
  154829    7.4927577e+08   5.819341e+08   0.000000e+00   1779s
  154949    7.4927577e+08   7.919823e+08   0.000000e+00   1782s
  155049    7.4927577e+08   7.787574e+08   0.000000e+00   1786s
  155279    7.4927577e+08   5.807561e+08   0.000000e+00   1794s
  155449    7.4927577e+08   7.738491e+08   0.000000e+00   1798s
  155649    7.4927577e+08   7.775719e+08   0.000000e+00   1806s
  155859    7.4927577e+08   7.803913e+08   0.000000e+00   1814s
  155979    7.4927577e+08   7.809755e+08   0.000000e+00   1818s
  156109    7.4927577e+08   5.792116e+08   0.000000e+00   1822s
  156229    7.4927577e+08   7.795410e+08   0.000000e+00   1826s
  156479    7.4927577e+08   7.781043e+08   0.000000e+00   1834s
  156629    7.4927577e+08   5.818719e+08   0.000000e+00   1838s
  156779    7.4927577e+08   5.790673e+08   0.000000e+00   1842s
  156899    7.4927577e+08   7.743720e+08   0.000000e+00   1846s
  157109    7.4927577e+08   7.751560e+08   0.000000e+00   1854s
  157249    7.4927577e+08   5.781069e+08   0.000000e+00   1857s
  157369    7.4927577e+08   5.782381e+08   0.000000e+00   1861s
  157479    7.4927577e+08   5.764831e+08   0.000000e+00   1865s
  157679    7.4927577e+08   7.827528e+08   0.000000e+00   1873s
  157809    7.4927577e+08   7.840842e+08   0.000000e+00   1877s
  157919    7.4927577e+08   7.831834e+08   0.000000e+00   1881s
  158019    7.4927577e+08   7.867336e+08   0.000000e+00   1885s
  158259    7.4927577e+08   7.675235e+08   0.000000e+00   1893s
  158469    7.4927576e+08   7.827346e+08   0.000000e+00   1901s
  158589    7.4927576e+08   6.396393e+08   0.000000e+00   1906s
  158739    7.4927576e+08   5.749373e+08   0.000000e+00   1910s
  158949    7.4927576e+08   7.672833e+08   0.000000e+00   1918s
  159089    7.4927576e+08   7.627737e+08   0.000000e+00   1922s
  159259    7.4927576e+08   7.665865e+08   0.000000e+00   1926s
  159519    7.4927576e+08   5.707265e+08   0.000000e+00   1933s
  159609    7.4927576e+08   9.470624e+08   0.000000e+00   1937s
  159709    7.4927576e+08   1.741819e+09   0.000000e+00   1941s
  160009    7.4927576e+08   9.279144e+08   0.000000e+00   1949s
  160119    7.4927576e+08   5.715746e+08   0.000000e+00   1953s
  160249    7.4927576e+08   7.736124e+08   0.000000e+00   1957s
  160459    7.4927576e+08   5.689903e+08   0.000000e+00   1964s
  160559    7.4927576e+08   7.602478e+08   0.000000e+00   1968s
  160789    7.4927576e+08   7.600160e+08   0.000000e+00   1975s
  161099    7.4927576e+08   7.579197e+08   0.000000e+00   1983s
  161279    7.4927576e+08   7.519484e+08   0.000000e+00   1991s
  161629    7.4927576e+08   7.595267e+08   0.000000e+00   1999s
  161759    7.4927576e+08   7.580424e+08   0.000000e+00   2002s
  161919    7.4927576e+08   5.667691e+08   0.000000e+00   2006s
  162159    7.4927576e+08   7.540375e+08   0.000000e+00   2014s
  162279    7.4927576e+08   5.678272e+08   0.000000e+00   2017s
  162439    7.4927576e+08   5.636002e+08   0.000000e+00   2021s
  162629    7.4927576e+08   7.555133e+08   0.000000e+00   2029s
  162769    7.4927576e+08   7.667485e+08   0.000000e+00   2033s
  162919    7.4927575e+08   7.535096e+08   0.000000e+00   2037s
  163149    7.4927575e+08   5.642481e+08   0.000000e+00   2041s
  163289    7.4927575e+08   8.170539e+08   0.000000e+00   2046s
  163639    7.4927575e+08   7.578771e+08   0.000000e+00   2057s
  163739    7.4927575e+08   7.501802e+08   0.000000e+00   2061s
  163869    7.4927575e+08   8.323886e+08   0.000000e+00   2065s
  164119    7.4927575e+08   7.511167e+08   0.000000e+00   2073s
  164289    7.4927575e+08   5.626879e+08   0.000000e+00   2077s
  164459    7.4927575e+08   5.596013e+08   0.000000e+00   2081s
  164639    7.4927575e+08   7.606438e+08   0.000000e+00   2089s
  164789    7.4927575e+08   7.603821e+08   0.000000e+00   2093s
  164969    7.4927575e+08   5.582662e+08   0.000000e+00   2097s
  165269    7.4927575e+08   7.416613e+08   0.000000e+00   2105s
  165389    7.4927575e+08   7.549422e+08   0.000000e+00   2108s
  165499    7.4927575e+08   7.416170e+08   0.000000e+00   2112s
  165609    7.4927575e+08   8.854571e+08   0.000000e+00   2116s
  165949    7.4927575e+08   5.566472e+08   0.000000e+00   2124s
  166129    7.4927575e+08   7.377401e+08   0.000000e+00   2132s
  166359    7.4927575e+08   7.379223e+08   0.000000e+00   2136s
  166599    7.4927575e+08   7.358848e+08   0.000000e+00   2143s
  166709    7.4927575e+08   7.365953e+08   0.000000e+00   2147s
  166889    7.4927575e+08   5.561872e+08   0.000000e+00   2151s
  167049    7.4927575e+08   5.537219e+08   0.000000e+00   2155s
  167219    7.4927575e+08   7.325201e+08   0.000000e+00   2163s
  167479    7.4927575e+08   7.356848e+08   0.000000e+00   2167s
  167579    7.4927575e+08   8.015233e+08   0.000000e+00   2171s
  167829    7.4927575e+08   7.331245e+08   0.000000e+00   2179s
  167989    7.4927575e+08   5.519407e+08   0.000000e+00   2182s
  168109    7.4927574e+08   7.284945e+08   0.000000e+00   2186s
  168209    7.4927574e+08   5.516162e+08   0.000000e+00   2190s
  168549    7.4927574e+08   7.311085e+08   0.000000e+00   2202s
  168659    7.4927574e+08   7.408149e+08   0.000000e+00   2206s
  168869    7.4927574e+08   7.412229e+08   0.000000e+00   2213s
  169029    7.4927574e+08   5.483758e+08   0.000000e+00   2217s
  169169    7.4927574e+08   7.265555e+08   0.000000e+00   2221s
  169449    7.4927574e+08   7.372023e+08   0.000000e+00   2229s
  169639    7.4927574e+08   5.498464e+08   0.000000e+00   2237s
  169829    7.4927574e+08   7.219717e+08   0.000000e+00   2241s
  170109    7.4927574e+08   7.369157e+08   0.000000e+00   2248s
  170319    7.4927574e+08   7.197658e+08   0.000000e+00   2256s
  170569    7.4927574e+08   7.212776e+08   0.000000e+00   2264s
  170699    7.4927574e+08   5.424758e+08   0.000000e+00   2268s
  170809    7.4927574e+08   7.179256e+08   0.000000e+00   2272s
  170919    7.4927574e+08   7.218180e+08   0.000000e+00   2276s
  171209    7.4927574e+08   7.198207e+08   0.000000e+00   2283s
  171349    7.4927574e+08   5.393054e+08   0.000000e+00   2287s
  171439    7.4927574e+08   7.129450e+08   0.000000e+00   2291s
  171539    7.4927574e+08   7.145096e+08   0.000000e+00   2295s
  171779    7.4927574e+08   5.396954e+08   0.000000e+00   2303s
  171969    7.4927574e+08   7.118425e+08   0.000000e+00   2307s
  172089    7.4927574e+08   7.112988e+08   0.000000e+00   2311s
  172299    7.4927574e+08   7.112459e+08   0.000000e+00   2319s
  172409    7.4927574e+08   7.118276e+08   0.000000e+00   2323s
  172519    7.4927573e+08   7.705606e+08   0.000000e+00   2327s
  172809    7.4927573e+08   5.377377e+08   0.000000e+00   2331s
  173099    7.4927573e+08   7.231677e+08   0.000000e+00   2339s
  173199    7.4927573e+08   7.118429e+08   0.000000e+00   2343s
  173299    7.4927573e+08   8.799514e+08   0.000000e+00   2346s
  173449    7.4927573e+08   5.377201e+08   0.000000e+00   2350s
  173679    7.4927573e+08   7.103514e+08   0.000000e+00   2357s
  173809    7.4927573e+08   5.376705e+08   0.000000e+00   2361s
  173959    7.4927573e+08   5.339778e+08   0.000000e+00   2365s
  174289    7.4927573e+08   7.070955e+08   0.000000e+00   2377s
  174399    7.4927573e+08   7.082685e+08   0.000000e+00   2381s
  174659    7.4927573e+08   7.016197e+08   0.000000e+00   2388s
  174759    7.4927573e+08   7.161028e+08   0.000000e+00   2393s
  174869    7.4927573e+08   7.053406e+08   0.000000e+00   2397s
  174979    7.4927573e+08   7.034202e+08   0.000000e+00   2401s
  175279    7.4927573e+08   7.131331e+08   0.000000e+00   2408s
  175469    7.4927573e+08   7.018783e+08   0.000000e+00   2416s
  175749    7.4927573e+08   5.334067e+08   0.000000e+00   2420s
  176049    7.4927573e+08   7.101709e+08   0.000000e+00   2431s
  176159    7.4927573e+08   7.093115e+08   0.000000e+00   2435s
  176379    7.4927573e+08   7.130156e+08   0.000000e+00   2443s
  176479    7.4927573e+08   7.123544e+08   0.000000e+00   2447s
  176599    7.4927573e+08   7.973099e+08   0.000000e+00   2451s
  176899    7.4927573e+08   5.304734e+08   0.000000e+00   2458s
  177019    7.4927573e+08   7.087703e+08   0.000000e+00   2462s
  177269    7.4927573e+08   6.923025e+08   0.000000e+00   2466s
  177359    7.4927573e+08   7.091555e+08   0.000000e+00   2470s
  177609    7.4927573e+08   7.123688e+08   0.000000e+00   2478s
  177739    7.4927573e+08   7.207448e+08   0.000000e+00   2481s
  177879    7.4927573e+08   5.299914e+08   0.000000e+00   2485s
  178129    7.4927573e+08   6.919263e+08   0.000000e+00   2493s
  178229    7.4927573e+08   6.959843e+08   0.000000e+00   2497s
  178369    7.4927573e+08   6.926499e+08   0.000000e+00   2501s
  178619    7.4927572e+08   5.296657e+08   0.000000e+00   2508s
  178799    7.4927572e+08   6.909029e+08   0.000000e+00   2512s
  178899    7.4927572e+08   5.269440e+08   0.000000e+00   2516s
  179029    7.4927572e+08   5.231929e+08   0.000000e+00   2520s
  179239    7.4927572e+08   6.977789e+08   0.000000e+00   2528s
  179359    7.4927572e+08   6.866969e+08   0.000000e+00   2532s
  179479    7.4927572e+08   7.031100e+08   0.000000e+00   2536s
  179749    7.4927572e+08   6.980796e+08   0.000000e+00   2544s
  179849    7.4927572e+08   6.885679e+08   0.000000e+00   2547s
  180009    7.4927572e+08   6.951315e+08   0.000000e+00   2551s
  180109    7.4927572e+08   6.952024e+08   0.000000e+00   2555s
  180359    7.4927572e+08   6.952354e+08   0.000000e+00   2563s
  180459    7.4927572e+08   6.956789e+08   0.000000e+00   2567s
  180579    7.4927572e+08   6.953803e+08   0.000000e+00   2571s
  180909    7.4927572e+08   5.228729e+08   0.000000e+00   2579s
  181089    7.4927572e+08   5.183420e+08   0.000000e+00   2583s
  181189    7.4927572e+08   6.803199e+08   0.000000e+00   2587s
  181369    7.4927572e+08   6.790223e+08   0.000000e+00   2594s
  181469    7.4927572e+08   7.130387e+09   0.000000e+00   2598s
  181609    7.4927572e+08   5.164144e+08   0.000000e+00   2602s
  181799    7.4927572e+08   6.908133e+08   0.000000e+00   2609s
  181929    7.4927572e+08   6.767264e+08   0.000000e+00   2614s
  182029    7.4927572e+08   6.764665e+08   0.000000e+00   2617s
  182139    7.4927572e+08   6.755295e+08   0.000000e+00   2621s
  182469    7.4927572e+08   6.994896e+08   0.000000e+00   2629s
  182829    7.4927572e+08   6.770685e+08   0.000000e+00   2636s
  182949    7.4927572e+08   6.818775e+08   0.000000e+00   2640s
  183189    7.4927572e+08   6.835953e+08   0.000000e+00   2648s
  183309    7.4927572e+08   6.862876e+08   0.000000e+00   2652s
  183429    7.4927572e+08   6.818017e+08   0.000000e+00   2656s
  183579    7.4927572e+08   6.845778e+08   0.000000e+00   2660s
  183889    7.4927572e+08   5.117449e+08   0.000000e+00   2667s
  184049    7.4927572e+08   6.794666e+08   0.000000e+00   2671s
  184279    7.4927572e+08   6.829263e+08   0.000000e+00   2679s
  184449    7.4927572e+08   5.101509e+08   0.000000e+00   2683s
  184569    7.4927572e+08   6.757416e+08   0.000000e+00   2687s
  184669    7.4927572e+08   6.769743e+08   0.000000e+00   2691s
  184929    7.4927572e+08   6.767598e+08   0.000000e+00   2698s
  185059    7.4927572e+08   6.778019e+08   0.000000e+00   2702s
  185259    7.4927572e+08   5.072156e+08   0.000000e+00   2706s
  185369    7.4927572e+08   6.734586e+08   0.000000e+00   2710s
  185669    7.4927571e+08   6.838491e+08   0.000000e+00   2718s
  185789    7.4927571e+08   6.749233e+08   0.000000e+00   2721s
  185909    7.4927571e+08   6.629311e+08   0.000000e+00   2725s
  186139    7.4927571e+08   6.734699e+08   0.000000e+00   2733s
  186299    7.4927571e+08   5.067162e+08   0.000000e+00   2737s
  186409    7.4927571e+08   9.014097e+08   0.000000e+00   2741s
  186619    7.4927571e+08   5.081206e+08   0.000000e+00   2749s
  186779    7.4927571e+08   5.034530e+08   0.000000e+00   2752s
  186869    7.4927571e+08   6.698791e+08   0.000000e+00   2757s
  186969    7.4927571e+08   6.580692e+08   0.000000e+00   2760s
  187199    7.4927571e+08   7.207680e+08   0.000000e+00   2768s
  187319    7.4927571e+08   6.624445e+08   0.000000e+00   2772s
  187439    7.4927571e+08   6.603268e+08   0.000000e+00   2775s
  187719    7.4927571e+08   3.186005e+08   0.000000e+00   2783s
  187909    7.4927571e+08   1.043233e+09   0.000000e+00   2791s
  188179    7.4927571e+08   5.025937e+08   0.000000e+00   2798s
  188299    7.4927571e+08   5.013973e+08   0.000000e+00   2802s
  188409    7.4927571e+08   4.991620e+08   0.000000e+00   2806s
  188619    7.4927571e+08   6.543178e+08   0.000000e+00   2814s
  188779    7.4927571e+08   5.002835e+08   0.000000e+00   2818s
  188899    7.4927571e+08   6.557584e+08   0.000000e+00   2821s
  189169    7.4927571e+08   5.004974e+08   0.000000e+00   2829s
  189349    7.4927571e+08   4.956364e+08   0.000000e+00   2833s
  189439    7.4927571e+08   6.493495e+08   0.000000e+00   2837s
  189539    7.4927571e+08   6.513998e+08   0.000000e+00   2840s
  189799    7.4927571e+08   4.951839e+08   0.000000e+00   2848s
  189919    7.4927571e+08   6.494216e+08   0.000000e+00   2852s
  190109    7.4927571e+08   6.474318e+08   0.000000e+00   2860s
  190269    7.4927571e+08   6.683063e+08   0.000000e+00   2863s
  190389    7.4927571e+08   4.943855e+08   0.000000e+00   2867s
  190549    7.4927571e+08   6.545775e+08   0.000000e+00   2871s
  190649    7.4927571e+08   6.460674e+08   0.000000e+00   2875s
  190859    7.4927571e+08   6.599635e+08   0.000000e+00   2883s
  190969    7.4927571e+08   6.439080e+08   0.000000e+00   2887s
  191099    7.4927570e+08   4.953685e+08   0.000000e+00   2891s
  191369    7.4927570e+08   4.929840e+08   0.000000e+00   2898s
  191499    7.4927570e+08   6.809946e+08   0.000000e+00   2902s
  191699    7.4927570e+08   6.422787e+08   0.000000e+00   2910s
  191819    7.4927570e+08   6.418130e+08   0.000000e+00   2914s
  191979    7.4927570e+08   6.426112e+08   0.000000e+00   2917s
  192089    7.4927570e+08   6.525505e+08   0.000000e+00   2922s
  192199    7.4927570e+08   9.048467e+08   0.000000e+00   2925s
  192469    7.4927570e+08   6.507342e+08   0.000000e+00   2933s
  192679    7.4927570e+08   4.888669e+08   0.000000e+00   2941s
  192869    7.4927570e+08   1.266042e+09   0.000000e+00   2948s
  193009    7.4927570e+08   4.886398e+08   0.000000e+00   2952s
  193399    7.4927570e+08   6.444975e+08   0.000000e+00   2956s
  193569    7.4927570e+08   6.475871e+08   0.000000e+00   2960s
  193789    7.4927570e+08   6.928128e+08   0.000000e+00   2968s
  193899    7.4927570e+08   6.502263e+08   0.000000e+00   2972s
  194049    7.4927570e+08   4.874126e+08   0.000000e+00   2976s
  194379    7.4927570e+08   6.860191e+08   0.000000e+00   2988s
  194539    7.4927570e+08   6.453027e+08   0.000000e+00   2991s
  194759    7.4927570e+08   6.425329e+08   0.000000e+00   2995s
  194989    7.4927570e+08   6.465230e+08   0.000000e+00   3002s
  195119    7.4927570e+08   6.430784e+08   0.000000e+00   3006s
  195369    7.4927570e+08   4.864616e+08   0.000000e+00   3014s
  195519    7.4927570e+08   4.838407e+08   0.000000e+00   3017s
  195629    7.4927570e+08   4.824910e+08   0.000000e+00   3022s
  195829    7.4927570e+08   8.827107e+08   0.000000e+00   3029s
  196089    7.4927570e+08   6.290868e+08   0.000000e+00   3033s
  196219    7.4927570e+08   6.310438e+08   0.000000e+00   3037s
  196369    7.4927570e+08   4.812543e+08   0.000000e+00   3041s
  196559    7.4927570e+08   6.407674e+08   0.000000e+00   3049s
  196699    7.4927570e+08   6.439659e+08   0.000000e+00   3053s
  196809    7.4927570e+08   6.413315e+08   0.000000e+00   3056s
  196979    7.4927570e+08   4.820516e+08   0.000000e+00   3060s
  197409    7.4927570e+08   6.324208e+08   0.000000e+00   3072s
  197579    7.4927570e+08   6.392464e+08   0.000000e+00   3076s
  197779    7.4927570e+08   6.345898e+08   0.000000e+00   3083s
  197899    7.4927570e+08   6.363404e+08   0.000000e+00   3087s
  198019    7.4927569e+08   6.362920e+08   0.000000e+00   3091s
  198259    7.4927569e+08   6.390387e+08   0.000000e+00   3099s
  198439    7.4927569e+08   4.796364e+08   0.000000e+00   3103s
  198579    7.4927569e+08   4.780409e+08   0.000000e+00   3106s
  198679    7.4927569e+08   4.771335e+08   0.000000e+00   3110s
  199169    7.4927569e+08   6.169444e+08   0.000000e+00   3118s
  199279    7.4927569e+08   6.195515e+08   0.000000e+00   3122s
  199409    7.4927569e+08   6.308582e+08   0.000000e+00   3126s
  199639    7.4927569e+08   6.288851e+08   0.000000e+00   3134s
  199789    7.4927569e+08   4.752252e+08   0.000000e+00   3138s
  199899    7.4927569e+08   6.185277e+08   0.000000e+00   3141s
  200099    7.4927569e+08   6.159560e+08   0.000000e+00   3149s
  200249    7.4927569e+08   6.147354e+08   0.000000e+00   3153s
  200419    7.4927569e+08   6.155098e+08   0.000000e+00   3157s
  200529    7.4927569e+08   4.716457e+08   0.000000e+00   3161s
  200629    7.4927569e+08   6.575973e+08   0.000000e+00   3165s
  200939    7.4927569e+08   4.729958e+08   0.000000e+00   3173s
  201079    7.4927569e+08   6.230778e+08   0.000000e+00   3177s
  201169    7.4927569e+08   6.476859e+08   0.000000e+00   3180s
  201439    7.4927569e+08   6.106213e+08   0.000000e+00   3188s
  201659    7.4927569e+08   6.207095e+08   0.000000e+00   3192s
  201779    7.4927569e+08   6.139426e+08   0.000000e+00   3196s
  202059    7.4927569e+08   4.689003e+08   0.000000e+00   3204s
  202169    7.4927569e+08   6.198398e+08   0.000000e+00   3208s
  202349    7.4927569e+08   6.194776e+08   0.000000e+00   3216s
  202539    7.4927569e+08   6.214883e+08   0.000000e+00   3224s
  202659    7.4927569e+08   6.082760e+08   0.000000e+00   3228s
  202809    7.4927569e+08   6.102178e+08   0.000000e+00   3232s
  202929    7.4927569e+08   6.202370e+08   0.000000e+00   3236s
  203159    7.4927569e+08   4.721849e+08   0.000000e+00   3243s
  203299    7.4927569e+08   4.713314e+08   0.000000e+00   3247s
  203429    7.4927569e+08   4.686734e+08   0.000000e+00   3251s
  203609    7.4927569e+08   6.046837e+08   0.000000e+00   3258s
  203709    7.4927569e+08   6.067193e+08   0.000000e+00   3263s
  203829    7.4927569e+08   4.672923e+08   0.000000e+00   3266s
  204059    7.4927569e+08   6.024782e+08   0.000000e+00   3274s
  204159    7.4927569e+08   6.119060e+08   0.000000e+00   3278s
  204269    7.4927569e+08   6.146209e+08   0.000000e+00   3282s
  204419    7.4927569e+08   4.643147e+08   0.000000e+00   3286s
  204609    7.4927569e+08   6.152422e+08   0.000000e+00   3293s
  204729    7.4927569e+08   6.154315e+08   0.000000e+00   3297s
  204879    7.4927569e+08   4.628807e+08   0.000000e+00   3301s
  205119    7.4927569e+08   6.088048e+08   0.000000e+00   3309s
  205229    7.4927569e+08   6.111598e+08   0.000000e+00   3313s
  205369    7.4927568e+08   6.080276e+08   0.000000e+00   3317s
  205539    7.4927568e+08   4.633451e+08   0.000000e+00   3320s
  205759    7.4927568e+08   6.060839e+08   0.000000e+00   3328s
  205869    7.4927568e+08   5.974642e+08   0.000000e+00   3332s
  205989    7.4927568e+08   5.962815e+08   0.000000e+00   3336s
  206299    7.4927568e+08   6.039306e+08   0.000000e+00   3347s
  206429    7.4927568e+08   4.596373e+08   0.000000e+00   3351s
  206559    7.4927568e+08   5.903111e+08   0.000000e+00   3355s
  206849    7.4927568e+08   5.901021e+08   0.000000e+00   3363s
  206959    7.4927568e+08   6.022278e+08   0.000000e+00   3367s
  207189    7.4927568e+08   4.568137e+08   0.000000e+00   3371s
  207399    7.4927568e+08   5.898776e+08   0.000000e+00   3379s
  207519    7.4927568e+08   6.038022e+08   0.000000e+00   3383s
  207689    7.4927568e+08   4.552223e+08   0.000000e+00   3386s
  207779    7.4927568e+08   5.911594e+08   0.000000e+00   3390s
  208129    7.4927568e+08   4.565550e+08   0.000000e+00   3398s
  208259    7.4927568e+08   5.862652e+08   0.000000e+00   3402s
  208349    7.4927568e+08   5.876331e+08   0.000000e+00   3406s
  208629    7.4927568e+08   4.528511e+08   0.000000e+00   3414s
  208739    7.4927568e+08   5.921045e+08   0.000000e+00   3417s
  208959    7.4927568e+08   5.909073e+08   0.000000e+00   3425s
  209299    7.4927568e+08   4.497557e+08   0.000000e+00   3433s
  209399    7.4927568e+08   5.825139e+08   0.000000e+00   3437s
  209509    7.4927568e+08   5.896898e+08   0.000000e+00   3440s
  209789    7.4927568e+08   4.481484e+08   0.000000e+00   3448s
  209909    7.4927568e+08   5.841458e+08   0.000000e+00   3452s
  210089    7.4927568e+08   5.847752e+08   0.000000e+00   3460s
  210209    7.4927568e+08   5.864752e+08   0.000000e+00   3463s
  210339    7.4927568e+08   4.460851e+08   0.000000e+00   3467s
  210439    7.4927568e+08   5.836650e+08   0.000000e+00   3471s
  210699    7.4927568e+08   5.863503e+08   0.000000e+00   3479s
  210799    7.4927568e+08   5.833266e+08   0.000000e+00   3483s
  210949    7.4927568e+08   4.457969e+08   0.000000e+00   3487s
  211099    7.4927568e+08   2.903919e+08   0.000000e+00   3490s
  211449    7.4927568e+08   5.805047e+08   0.000000e+00   3498s
  211559    7.4927568e+08   5.705596e+08   0.000000e+00   3502s
  211679    7.4927567e+08   4.412048e+08   0.000000e+00   3505s
  211889    7.4927567e+08   5.691291e+08   0.000000e+00   3514s
  212029    7.4927567e+08   5.783053e+08   0.000000e+00   3518s
  212189    7.4927567e+08   4.392095e+08   0.000000e+00   3521s
  212299    7.4927567e+08   1.201381e+09   0.000000e+00   3525s
  212629    7.4927567e+08   4.407097e+08   0.000000e+00   3533s
  212749    7.4927567e+08   5.669090e+08   0.000000e+00   3537s
  212869    7.4927567e+08   5.726902e+08   0.000000e+00   3541s
  213199    7.4927567e+08   4.380276e+08   0.000000e+00   3548s
  213319    7.4927567e+08   4.362887e+08   0.000000e+00   3552s
  213409    7.4927567e+08   5.719549e+08   0.000000e+00   3556s
  213649    7.4927567e+08   4.377746e+08   0.000000e+00   3564s
  213799    7.4927567e+08   7.843810e+08   0.000000e+00   3568s
  213899    7.4927567e+08   5.604876e+08   0.000000e+00   3572s
  214029    7.4927567e+08   4.357399e+08   0.000000e+00   3576s
  214399    7.4927567e+08   5.580425e+08   0.000000e+00   3584s
  214519    7.4927567e+08   5.585065e+08   0.000000e+00   3588s
  214629    7.4927567e+08   5.681396e+08   0.000000e+00   3592s
  214849    7.4927567e+08   4.336767e+08   0.000000e+00   3596s
  214959    7.4927567e+08   5.653406e+08   0.000000e+00   3600s
  215179    7.4927567e+08   4.328476e+08   0.000000e+00   3608s
  215309    7.4927567e+08   5.611364e+08   0.000000e+00   3612s
  215429    7.4927567e+08   4.335026e+08   0.000000e+00   3615s
  215669    7.4927567e+08   4.279663e+08   0.000000e+00   3623s
  215899    7.4927567e+08   4.307833e+08   0.000000e+00   3631s
  216139    7.4927567e+08   5.495169e+08   0.000000e+00   3638s
  216239    7.4927567e+08   5.504362e+08   0.000000e+00   3642s
  216379    7.4927567e+08   5.572906e+08   0.000000e+00   3646s
  216559    7.4927567e+08   4.257639e+08   0.000000e+00   3650s
  216769    7.4927567e+08   5.559930e+08   0.000000e+00   3658s
  216889    7.4927567e+08   5.473070e+08   0.000000e+00   3662s
  217029    7.4927567e+08   1.604693e+09   0.000000e+00   3666s
  217279    7.4927567e+08   4.246712e+08   0.000000e+00   3670s
  217559    7.4927567e+08   5.465348e+08   0.000000e+00   3678s
  217699    7.4927567e+08   4.227566e+08   0.000000e+00   3682s
  217789    7.4927566e+08   5.632841e+08   0.000000e+00   3686s
  218089    7.4927566e+08   5.435143e+08   0.000000e+00   3693s
  218199    7.4927566e+08   5.542519e+08   0.000000e+00   3697s
  218319    7.4927566e+08   5.518069e+08   0.000000e+00   3701s
  218589    7.4927566e+08   4.194192e+08   0.000000e+00   3709s
  218959    7.4927566e+08   5.386840e+08   0.000000e+00   3716s
  219109    7.4927566e+08   5.411802e+08   0.000000e+00   3720s
  219369    7.4927566e+08   5.370951e+08   0.000000e+00   3728s
  219489    7.4927566e+08   5.372052e+08   0.000000e+00   3732s
  219619    7.4927566e+08   4.193448e+08   0.000000e+00   3736s
  219859    7.4927566e+08   4.166226e+08   0.000000e+00   3744s
  219979    7.4927566e+08   5.334882e+08   0.000000e+00   3748s
  220199    7.4927566e+08   4.174081e+08   0.000000e+00   3755s
  220529    7.4927566e+08   5.346919e+08   0.000000e+00   3767s
  220679    7.4927566e+08   5.311310e+08   0.000000e+00   3771s
  220879    7.4927566e+08   5.308708e+08   0.000000e+00   3778s
  221009    7.4927566e+08   4.134091e+08   0.000000e+00   3782s
  221109    7.4927566e+08   4.137724e+08   0.000000e+00   3786s
  221409    7.4927566e+08   5.295161e+08   0.000000e+00   3793s
  221519    7.4927566e+08   5.254524e+08   0.000000e+00   3798s
  221659    7.4927566e+08   5.264210e+08   0.000000e+00   3802s
  221819    7.4927566e+08   4.082984e+08   0.000000e+00   3805s
  222069    7.4927566e+08   4.070290e+08   0.000000e+00   3813s
  222319    7.4927566e+08   5.251366e+08   0.000000e+00   3821s
  222469    7.4927566e+08   4.048365e+08   0.000000e+00   3825s
  222689    7.4927566e+08   4.084128e+08   0.000000e+00   3833s
  222959    7.4927565e+08   4.083888e+08   0.000000e+00   3837s
  223159    7.4927565e+08   4.026388e+08   0.000000e+00   3841s
  223269    7.4927565e+08   4.007821e+08   0.000000e+00   3845s
  223489    7.4927565e+08   4.005732e+08   0.000000e+00   3853s
  223609    7.4927565e+08   5.150295e+08   0.000000e+00   3857s
  223789    7.4927565e+08   5.141461e+08   0.000000e+00   3861s
  224059    7.4927565e+08   4.004984e+08   0.000000e+00   3869s
  224189    7.4927565e+08   5.119489e+08   0.000000e+00   3873s
  224429    7.4927565e+08   5.112935e+08   0.000000e+00   3881s
  224679    7.4927565e+08   5.085505e+08   0.000000e+00   3888s
  224949    7.4927565e+08   5.112801e+08   0.000000e+00   3892s
  225069    7.4927565e+08   5.107120e+08   0.000000e+00   3896s
  225229    7.4927565e+08   3.946693e+08   0.000000e+00   3900s
  225429    7.4927565e+08   5.146242e+08   0.000000e+00   3908s
  225569    7.4927565e+08   5.144741e+08   0.000000e+00   3912s
  225689    7.4927565e+08   5.062674e+08   0.000000e+00   3916s
  225929    7.4927565e+08   5.033918e+08   0.000000e+00   3924s
  226189    7.4927565e+08   3.924281e+08   0.000000e+00   3932s
  226289    7.4927565e+08   5.028230e+08   0.000000e+00   3936s
  226539    7.4927565e+08   3.900435e+08   0.000000e+00   3943s
  226799    7.4927565e+08   5.113305e+08   0.000000e+00   3951s
  226919    7.4927565e+08   4.156034e+09   0.000000e+00   3955s
  227219    7.4927565e+08   4.970532e+08   0.000000e+00   3963s
  227529    7.4927565e+08   3.874059e+08   0.000000e+00   3971s
  227729    7.4927565e+08   4.976247e+08   0.000000e+00   3979s
  227879    7.4927565e+08   4.949935e+08   0.000000e+00   3983s
  228029    7.4927565e+08   3.857980e+08   0.000000e+00   3986s
  228239    7.4927565e+08   4.929561e+08   0.000000e+00   3994s
  228439    7.4927565e+08   3.861439e+08   0.000000e+00   3998s
  228599    7.4927565e+08   5.779201e+08   0.000000e+00   4002s
  228699    7.4927565e+08   4.906525e+08   0.000000e+00   4006s
  228999    7.4927565e+08   3.817698e+08   0.000000e+00   4014s
  229159    7.4927565e+08   4.873353e+08   0.000000e+00   4018s
  229289    7.4927564e+08   4.879507e+08   0.000000e+00   4022s
  229409    7.4927564e+08   4.902132e+08   0.000000e+00   4026s
  229649    7.4927564e+08   4.862401e+08   0.000000e+00   4033s
  229769    7.4927564e+08   3.811276e+08   0.000000e+00   4037s
  229889    7.4927564e+08   4.842878e+08   0.000000e+00   4041s
  230259    7.4927564e+08   4.853836e+08   0.000000e+00   4049s
  230429    7.4927564e+08   3.765011e+08   0.000000e+00   4053s
  230519    7.4927564e+08   4.821602e+08   0.000000e+00   4057s
  230619    7.4927564e+08   3.773225e+08   0.000000e+00   4061s
  230949    7.4927564e+08   4.807615e+08   0.000000e+00   4072s
  231129    7.4927564e+08   3.746910e+08   0.000000e+00   4076s
  231269    7.4927564e+08   4.783401e+08   0.000000e+00   4080s
  231489    7.4927564e+08   4.840077e+08   0.000000e+00   4088s
  231729    7.4927564e+08   3.758253e+08   0.000000e+00   4092s
  231869    7.4927564e+08   3.727492e+08   0.000000e+00   4096s
  232089    7.4927564e+08   3.714583e+08   0.000000e+00   4103s
  232219    7.4927564e+08   4.726871e+08   0.000000e+00   4107s
  232389    7.4927564e+08   4.747165e+08   0.000000e+00   4115s
  232509    7.4927564e+08   3.693280e+08   0.000000e+00   4119s
  232639    7.4927564e+08   4.783026e+08   0.000000e+00   4122s
  232739    7.4927564e+08   4.708682e+08   0.000000e+00   4126s
  232849    7.4927564e+08   4.773950e+08   0.000000e+00   4130s
  233119    7.4927564e+08   4.697500e+08   0.000000e+00   4138s
  233239    7.4927564e+08   4.786316e+08   0.000000e+00   4142s
  233379    7.4927564e+08   3.668500e+08   0.000000e+00   4146s
  233569    7.4927564e+08   3.651335e+08   0.000000e+00   4153s
  233839    7.4927564e+08   4.667501e+08   0.000000e+00   4157s
  234099    7.4927564e+08   4.635777e+08   0.000000e+00   4161s
  234339    7.4927564e+08   3.651677e+08   0.000000e+00   4169s
  234479    7.4927564e+08   3.621681e+08   0.000000e+00   4173s
  234679    7.4927564e+08   5.387437e+08   0.000000e+00   4180s
  235109    7.4927564e+08   4.621813e+08   0.000000e+00   4188s
  235269    7.4927564e+08   4.620057e+08   0.000000e+00   4192s
  235429    7.4927564e+08   3.600956e+08   0.000000e+00   4196s
  235639    7.4927563e+08   4.669240e+08   0.000000e+00   4204s
  235819    7.4927563e+08   3.598238e+08   0.000000e+00   4207s
  235949    7.4927563e+08   4.568667e+08   0.000000e+00   4211s
  236059    7.4927563e+08   4.586272e+08   0.000000e+00   4215s
  236359    7.4927563e+08   3.583990e+08   0.000000e+00   4223s
  236479    7.4927563e+08   4.843919e+08   0.000000e+00   4227s
  236669    7.4927563e+08   5.322119e+08   0.000000e+00   4235s
  236819    7.4927563e+08   3.553686e+08   0.000000e+00   4239s
  236909    7.4927563e+08   4.560216e+08   0.000000e+00   4243s
  237009    7.4927563e+08   4.623196e+08   0.000000e+00   4247s
  237129    7.4927563e+08   3.537359e+08   0.000000e+00   4251s
  237359    7.4927563e+08   4.708355e+08   0.000000e+00   4258s
  237489    7.4927563e+08   4.564258e+08   0.000000e+00   4262s
  237779    7.4927563e+08   4.568227e+08   0.000000e+00   4266s
  238129    7.4927563e+08   4.564662e+08   0.000000e+00   4270s
  238389    7.4927563e+08   4.505381e+08   0.000000e+00   4278s
  238529    7.4927563e+08   3.521473e+08   0.000000e+00   4282s
  238649    7.4927563e+08   4.502470e+08   0.000000e+00   4286s
  238759    7.4927563e+08   3.505731e+08   0.000000e+00   4290s
  239119    7.4927563e+08   4.441305e+08   0.000000e+00   4302s
  239239    7.4927563e+08   4.461195e+08   0.000000e+00   4306s
  239649    7.4927563e+08   4.470924e+08   0.000000e+00   4314s
  239779    7.4927563e+08   3.469739e+08   0.000000e+00   4318s
  239889    7.4927563e+08   3.471095e+08   0.000000e+00   4322s
  240009    7.4927563e+08   3.447157e+08   0.000000e+00   4326s
  240199    7.4927563e+08   4.413532e+08   0.000000e+00   4333s
  240369    7.4927563e+08   4.399081e+08   0.000000e+00   4337s
  240469    7.4927563e+08   4.403417e+08   0.000000e+00   4341s
  240759    7.4927563e+08   3.434523e+08   0.000000e+00   4349s
  240849    7.4927563e+08   4.978381e+08   0.000000e+00   4353s
  240939    7.4927563e+08   4.387000e+08   0.000000e+00   4357s
  241059    7.4927563e+08   3.431984e+08   0.000000e+00   4360s
  241359    7.4927563e+08   4.426008e+08   0.000000e+00   4372s
  241469    7.4927563e+08   4.371000e+08   0.000000e+00   4376s
  241599    7.4927563e+08   4.368124e+08   0.000000e+00   4380s
  241849    7.4927563e+08   3.395222e+08   0.000000e+00   4388s
  242049    7.4927563e+08   4.346341e+08   0.000000e+00   4395s
  242499    7.4927563e+08   4.283315e+08   0.000000e+00   4403s
  242609    7.4927563e+08   4.714175e+08   0.000000e+00   4407s
  242749    7.4927563e+08   3.379674e+08   0.000000e+00   4411s
  242869    7.4927563e+08   5.283512e+08   0.000000e+00   4415s
  243259    7.4927562e+08   4.807374e+08   0.000000e+00   4423s
  243389    7.4927562e+08   4.288560e+08   0.000000e+00   4427s
  243529    7.4927562e+08   3.342307e+08   0.000000e+00   4430s
  244249    7.4927562e+08   4.284244e+08   0.000000e+00   4438s
  244389    7.4927562e+08   3.292473e+08   0.000000e+00   4442s
  244509    7.4927562e+08   4.200605e+08   0.000000e+00   4446s
  244759    7.4927562e+08   3.283327e+08   0.000000e+00   4454s
  244879    7.4927562e+08   4.180408e+08   0.000000e+00   4458s
  245009    7.4927562e+08   3.259100e+08   0.000000e+00   4462s
  245109    7.4927562e+08   4.169665e+08   0.000000e+00   4466s
  245299    7.4927562e+08   4.171360e+08   0.000000e+00   4474s
  245439    7.4927562e+08   3.238291e+08   0.000000e+00   4478s
  245529    7.4927562e+08   4.151285e+08   0.000000e+00   4482s
  245639    7.4927562e+08   4.142972e+08   0.000000e+00   4486s
  245909    7.4927562e+08   3.247766e+08   0.000000e+00   4493s
  246049    7.4927562e+08   4.118750e+08   0.000000e+00   4497s
  246329    7.4927562e+08   3.224751e+08   0.000000e+00   4506s
  246549    7.4927562e+08   4.099026e+08   0.000000e+00   4513s
  246699    7.4927562e+08   3.208082e+08   0.000000e+00   4517s
  246789    7.4927562e+08   4.092562e+08   0.000000e+00   4521s
  246889    7.4927562e+08   4.096962e+08   0.000000e+00   4525s
  247229    7.4927562e+08   3.194338e+08   0.000000e+00   4533s
  247339    7.4927562e+08   4.061014e+08   0.000000e+00   4537s
  247559    7.4927562e+08   3.174099e+08   0.000000e+00   4545s
  247759    7.4927562e+08   4.031838e+08   0.000000e+00   4553s
  247929    7.4927562e+08   3.167510e+08   0.000000e+00   4557s
  248059    7.4927562e+08   3.999959e+08   0.000000e+00   4561s
  248809    7.4927562e+08   3.984117e+08   0.000000e+00   4569s
  248949    7.4927562e+08   3.102786e+08   0.000000e+00   4573s
  249049    7.4927562e+08   3.955670e+08   0.000000e+00   4577s
  249149    7.4927562e+08   3.962517e+08   0.000000e+00   4581s
  249389    7.4927562e+08   3.948859e+08   0.000000e+00   4588s
  249629    7.4927562e+08   3.087299e+08   0.000000e+00   4596s
  249749    7.4927562e+08   3.914465e+08   0.000000e+00   4600s
  249959    7.4927561e+08   3.937198e+08   0.000000e+00   4608s
  250099    7.4927561e+08   3.058449e+08   0.000000e+00   4612s
  250199    7.4927561e+08   3.903120e+08   0.000000e+00   4616s
  250479    7.4927561e+08   3.862882e+08   0.000000e+00   4627s
  250569    7.4927561e+08   3.867144e+08   0.000000e+00   4631s
  250839    7.4927561e+08   3.033038e+08   0.000000e+00   4639s
  250959    7.4927561e+08   3.867586e+08   0.000000e+00   4643s
  251059    7.4927561e+08   3.904486e+08   0.000000e+00   4647s
  251169    7.4927561e+08   3.863746e+08   0.000000e+00   4651s
  251449    7.4927561e+08   3.001197e+08   0.000000e+00   4659s
  251669    7.4927561e+08   3.850546e+08   0.000000e+00   4667s
  251809    7.4927561e+08   3.025795e+08   0.000000e+00   4671s
  252059    7.4927561e+08   2.972218e+08   0.000000e+00   4678s
  252299    7.4927561e+08   3.785208e+08   0.000000e+00   4686s
  252449    7.4927561e+08   3.968604e+08   0.000000e+00   4690s
  252709    7.4927561e+08   2.976588e+08   0.000000e+00   4698s
  252839    7.4927561e+08   3.748546e+08   0.000000e+00   4702s
  252979    7.4927561e+08   3.753963e+08   0.000000e+00   4706s
  253099    7.4927561e+08   3.752334e+08   0.000000e+00   4710s
  253369    7.4927561e+08   3.728919e+08   0.000000e+00   4718s
  253469    7.4927561e+08   3.736726e+08   0.000000e+00   4722s
  253639    7.4927561e+08   2.931469e+08   0.000000e+00   4726s
  253999    7.4927561e+08   3.831228e+08   0.000000e+00   4737s
  254159    7.4927561e+08   2.907432e+08   0.000000e+00   4741s
  254409    7.4927561e+08   3.689991e+08   0.000000e+00   4749s
  254549    7.4927561e+08   2.896214e+08   0.000000e+00   4753s
  254649    7.4927561e+08   3.647369e+08   0.000000e+00   4757s
  254809    7.4927561e+08   3.648503e+08   0.000000e+00   4761s
  254939    7.4927561e+08   3.663245e+08   0.000000e+00   4765s
  255239    7.4927561e+08   3.632614e+08   0.000000e+00   4773s
  255389    7.4927561e+08   3.668859e+08   0.000000e+00   4777s
  256099    7.4927561e+08   3.672304e+08   0.000000e+00   4781s
  256369    7.4927561e+08   3.673345e+08   0.000000e+00   4789s
  256499    7.4927561e+08   3.662345e+08   0.000000e+00   4793s
  256609    7.4927561e+08   5.541905e+08   0.000000e+00   4797s
  256759    7.4927561e+08   3.624852e+08   0.000000e+00   4800s
  257009    7.4927561e+08   3.663672e+08   0.000000e+00   4809s
  257159    7.4927561e+08   3.596917e+08   0.000000e+00   4813s
  257259    7.4927561e+08   5.208762e+09   0.000000e+00   4817s
  257389    7.4927560e+08   3.641128e+08   0.000000e+00   4821s
  257499    7.4927560e+08   3.645322e+08   0.000000e+00   4825s
  257779    7.4927560e+08   3.584120e+08   0.000000e+00   4833s
  257909    7.4927560e+08   9.849136e+09   0.000000e+00   4837s
  258039    7.4927560e+08   3.593333e+08   0.000000e+00   4841s
  258359    7.4927560e+08   3.563732e+08   0.000000e+00   4849s
  258449    7.4927560e+08   3.584735e+08   0.000000e+00   4853s
  258569    7.4927560e+08   3.566637e+08   0.000000e+00   4857s
  258729    7.4927560e+08   3.593119e+08   0.000000e+00   4861s
  259029    7.4927560e+08   3.579327e+08   0.000000e+00   4868s
  259149    7.4927560e+08   3.549944e+08   0.000000e+00   4872s
  259259    7.4927560e+08   3.558451e+08   0.000000e+00   4876s
  259389    7.4927560e+08   3.558749e+08   0.000000e+00   4880s
  259659    7.4927560e+08   4.680801e+08   0.000000e+00   4888s
  259779    7.4927560e+08   3.555947e+08   0.000000e+00   4892s
  259919    7.4927560e+08   3.563006e+08   0.000000e+00   4896s
  260209    7.4927560e+08   1.247866e+09   0.000000e+00   4904s
  260379    7.4927560e+08   3.538401e+08   0.000000e+00   4908s
  260499    7.4927560e+08   3.547303e+08   0.000000e+00   4912s
  261169    7.4927560e+08   3.545654e+08   0.000000e+00   4916s
  261569    7.4927560e+08   5.068501e+08   0.000000e+00   4924s
  261689    7.4927560e+08   2.643430e+09   0.000000e+00   4928s
  261829    7.4927560e+08   3.519449e+08   0.000000e+00   4932s
  261969    7.4927560e+08   3.524919e+08   0.000000e+00   4936s
  262249    7.4927560e+08   3.513334e+08   0.000000e+00   4944s
  262429    7.4927560e+08   3.517335e+08   0.000000e+00   4948s
  262529    7.4927560e+08   3.805602e+08   0.000000e+00   4951s
  262669    7.4927560e+08   3.539760e+08   0.000000e+00   4955s
  262989    7.4927560e+08   3.520434e+08   0.000000e+00   4963s
  263139    7.4927560e+08   8.531308e+08   0.000000e+00   4967s
  263259    7.4927560e+08   3.497421e+08   0.000000e+00   4971s
  263579    7.4927560e+08   3.507904e+08   0.000000e+00   4979s
  263739    7.4927559e+08   3.497848e+08   0.000000e+00   4983s
  263889    7.4927559e+08   3.491429e+08   0.000000e+00   4986s
  264059    7.4927559e+08   3.507156e+08   0.000000e+00   4990s
  264389    7.4927559e+08   3.488142e+08   0.000000e+00   4999s
  264529    7.4927559e+08   3.483913e+08   0.000000e+00   5003s
  264679    7.4927559e+08   3.486694e+08   0.000000e+00   5007s
  264829    7.4927559e+08   3.474818e+08   0.000000e+00   5011s
  265059    7.4927559e+08   3.489473e+08   0.000000e+00   5019s
  265189    7.4927559e+08   3.481755e+08   0.000000e+00   5022s
  265569    7.4927559e+08   3.489736e+08   0.000000e+00   5026s
  265729    7.4927559e+08   3.639920e+08   0.000000e+00   5031s
  266059    7.4927559e+08   3.473543e+08   0.000000e+00   5039s
  266229    7.4927559e+08   3.483950e+08   0.000000e+00   5043s
  266399    7.4927559e+08   3.457753e+08   0.000000e+00   5047s
  266499    7.4927559e+08   3.462282e+08   0.000000e+00   5051s
  266729    7.4927559e+08   3.444532e+08   0.000000e+00   5058s
  266859    7.4927559e+08   3.492069e+08   0.000000e+00   5063s
  267009    7.4927559e+08   3.464128e+08   0.000000e+00   5066s
  267139    7.4927559e+08   3.467831e+08   0.000000e+00   5070s
  267429    7.4927559e+08   3.441169e+08   0.000000e+00   5078s
  267559    7.4927559e+08   3.455124e+08   0.000000e+00   5082s
  267669    7.4927559e+08   3.566144e+08   0.000000e+00   5087s
  267769    7.4927559e+08   3.449287e+08   0.000000e+00   5090s
  268069    7.4927559e+08   3.425099e+08   0.000000e+00   5098s
  268189    7.4927559e+08   3.493258e+08   0.000000e+00   5102s
  268299    7.4927559e+08   3.437816e+08   0.000000e+00   5106s
  268559    7.4927559e+08   3.476068e+08   0.000000e+00   5113s
  268719    7.4927559e+08   3.941220e+08   0.000000e+00   5118s
  268869    7.4927559e+08   3.434519e+08   0.000000e+00   5121s
  269029    7.4927559e+08   3.903791e+08   0.000000e+00   5125s
  269329    7.4927559e+08   3.410284e+08   0.000000e+00   5133s
  269459    7.4927559e+08   3.398728e+08   0.000000e+00   5137s
  269589    7.4927559e+08   3.409344e+08   0.000000e+00   5141s
  269729    7.4927559e+08   3.838579e+08   0.000000e+00   5145s
  269959    7.4927559e+08   4.885916e+08   0.000000e+00   5153s
  270099    7.4927559e+08   3.440286e+08   0.000000e+00   5157s
  270229    7.4927559e+08   3.450363e+08   0.000000e+00   5161s
  270399    7.4927559e+08   3.380259e+08   0.000000e+00   5165s
  270669    7.4927559e+08   3.439476e+08   0.000000e+00   5173s
  270819    7.4927558e+08   3.433965e+08   0.000000e+00   5178s
  271039    7.4927558e+08   3.382291e+08   0.000000e+00   5182s
  271159    7.4927558e+08   3.420430e+08   0.000000e+00   5185s
  271399    7.4927558e+08   5.260793e+08   0.000000e+00   5193s
  271529    7.4927558e+08   3.546364e+08   0.000000e+00   5197s
  271659    7.4927558e+08   3.383536e+08   0.000000e+00   5201s
  271959    7.4927558e+08   3.563160e+08   0.000000e+00   5209s
  272169    7.4927558e+08   3.418334e+08   0.000000e+00   5213s
  272339    7.4927558e+08   3.378759e+08   0.000000e+00   5217s
  272489    7.4927558e+08   3.355806e+08   0.000000e+00   5221s
  272779    7.4927558e+08   3.423626e+08   0.000000e+00   5229s
  272939    7.4927558e+08   3.571845e+08   0.000000e+00   5233s
  273059    7.4927558e+08   3.398757e+08   0.000000e+00   5237s
  273199    7.4927558e+08   3.345413e+08   0.000000e+00   5241s
  273479    7.4927558e+08   3.385447e+08   0.000000e+00   5248s
  273629    7.4927558e+08   3.332418e+08   0.000000e+00   5253s
  273819    7.4927558e+08   3.380344e+08   0.000000e+00   5256s
  273939    7.4927558e+08   3.378321e+08   0.000000e+00   5260s
  274219    7.4927558e+08   3.333369e+08   0.000000e+00   5269s
  274369    7.4927558e+08   3.322912e+08   0.000000e+00   5273s
  274529    7.4927558e+08   3.487713e+08   0.000000e+00   5277s
  274679    7.4927558e+08   3.981401e+08   0.000000e+00   5281s
  275139    7.4927558e+08   3.332593e+08   0.000000e+00   5289s
  275289    7.4927558e+08   3.318355e+08   0.000000e+00   5293s
  275429    7.4927558e+08   3.321472e+08   0.000000e+00   5297s
  275599    7.4927558e+08   3.314791e+08   0.000000e+00   5301s
  276349    7.4927558e+08   3.298348e+08   0.000000e+00   5309s
  276509    7.4927558e+08   3.288938e+08   0.000000e+00   5313s
  276629    7.4927558e+08   3.303417e+08   0.000000e+00   5316s
  276739    7.4927558e+08   3.298671e+08   0.000000e+00   5320s
  277009    7.4927558e+08   3.302590e+08   0.000000e+00   5328s
  277149    7.4927558e+08   4.511547e+08   0.000000e+00   5332s
  277309    7.4927558e+08   3.309204e+08   0.000000e+00   5337s
  277509    7.4927558e+08   3.281158e+08   0.000000e+00   5341s
  278650    7.4927558e+08   3.277171e+08   0.000000e+00   5348s
  278780    7.4927558e+08   3.280348e+08   0.000000e+00   5352s
  278900    7.4927558e+08   1.788024e+08   0.000000e+00   5356s
  279150    7.4927558e+08   3.589366e+08   0.000000e+00   5364s
  279260    7.4927558e+08   3.267030e+08   0.000000e+00   5368s
  279390    7.4927558e+08   3.319782e+08   0.000000e+00   5372s
  279510    7.4927558e+08   3.302885e+08   0.000000e+00   5376s
  279800    7.4927558e+08   3.553550e+08   0.000000e+00   5384s
  279920    7.4927558e+08   3.308193e+08   0.000000e+00   5388s
  280080    7.4927558e+08   3.312977e+08   0.000000e+00   5391s
  280220    7.4927557e+08   3.251137e+08   0.000000e+00   5395s
  280530    7.4927557e+08   3.296397e+08   0.000000e+00   5404s
  280650    7.4927557e+08   3.298883e+08   0.000000e+00   5408s
  280810    7.4927557e+08   3.257142e+08   0.000000e+00   5412s
  280990    7.4927557e+08   3.241436e+08   0.000000e+00   5416s
  281290    7.4927557e+08   3.281336e+08   0.000000e+00   5424s
  281420    7.4927557e+08   3.237588e+08   0.000000e+00   5428s
  281560    7.4927557e+08   3.252917e+08   0.000000e+00   5432s
  281730    7.4927557e+08   3.239296e+08   0.000000e+00   5436s
  281910    7.4927557e+08   3.249014e+08   0.000000e+00   5440s
  282420    7.4927557e+08   3.217233e+08   0.000000e+00   5448s
  282550    7.4927557e+08   3.223060e+08   0.000000e+00   5452s
  282670    7.4927557e+08   3.216448e+08   0.000000e+00   5456s
  282810    7.4927557e+08   3.213846e+08   0.000000e+00   5460s
  283070    7.4927557e+08   4.191995e+08   0.000000e+00   5468s
  283220    7.4927557e+08   2.136481e+09   0.000000e+00   5472s
  283390    7.4927557e+08   3.214507e+08   0.000000e+00   5476s
  283550    7.4927557e+08   3.232310e+08   0.000000e+00   5480s
  283850    7.4927557e+08   3.213350e+08   0.000000e+00   5488s
  283990    7.4927557e+08   3.744684e+08   0.000000e+00   5492s
  284140    7.4927557e+08   3.200705e+08   0.000000e+00   5497s
  284250    7.4927557e+08   3.194071e+08   0.000000e+00   5500s
  284550    7.4927557e+08   3.196989e+08   0.000000e+00   5508s
  284720    7.4927557e+08   3.237910e+08   0.000000e+00   5512s
  284850    7.4927557e+08   3.191445e+08   0.000000e+00   5516s
  285120    7.4927557e+08   3.209574e+08   0.000000e+00   5524s
  285270    7.4927557e+08   3.519683e+08   0.000000e+00   5528s
  285420    7.4927557e+08   3.177747e+08   0.000000e+00   5532s
  285770    7.4927557e+08   3.195498e+08   0.000000e+00   5536s
  286050    7.4927557e+08   3.176985e+08   0.000000e+00   5544s
  286170    7.4927557e+08   3.154749e+08   0.000000e+00   5548s
  286320    7.4927557e+08   3.216402e+08   0.000000e+00   5552s
  286440    7.4927557e+08   3.175508e+08   0.000000e+00   5556s
  286700    7.4927557e+08   3.160097e+08   0.000000e+00   5563s
  286840    7.4927557e+08   3.204885e+08   0.000000e+00   5567s
  286970    7.4927557e+08   3.214783e+08   0.000000e+00   5571s
  287130    7.4927557e+08   3.161717e+08   0.000000e+00   5575s
  287440    7.4927557e+08   3.150083e+08   0.000000e+00   5583s
  287560    7.4927557e+08   3.150520e+08   0.000000e+00   5587s
  287710    7.4927557e+08   3.158433e+08   0.000000e+00   5590s
  288020    7.4927557e+08   3.147068e+08   0.000000e+00   5599s
  288150    7.4927557e+08   3.157743e+08   0.000000e+00   5603s
  288290    7.4927557e+08   3.133418e+08   0.000000e+00   5607s
  288470    7.4927557e+08   3.160872e+08   0.000000e+00   5611s
  288800    7.4927556e+08   3.144274e+08   0.000000e+00   5618s
  288980    7.4927556e+08   3.126928e+08   0.000000e+00   5622s
  289150    7.4927556e+08   3.131201e+08   0.000000e+00   5626s
  289320    7.4927556e+08   3.127741e+08   0.000000e+00   5630s
  289590    7.4927556e+08   3.138339e+08   0.000000e+00   5639s
  289750    7.4927556e+08   3.137220e+08   0.000000e+00   5643s
  289910    7.4927556e+08   3.461730e+08   0.000000e+00   5647s
  290210    7.4927556e+08   3.133294e+08   0.000000e+00   5651s
  290570    7.4927556e+08   3.127907e+08   0.000000e+00   5659s
  290710    7.4927556e+08   3.116346e+08   0.000000e+00   5663s
  290860    7.4927556e+08   3.114669e+08   0.000000e+00   5667s
  291030    7.4927556e+08   3.099583e+08   0.000000e+00   5671s
  291310    7.4927556e+08   3.106521e+08   0.000000e+00   5679s
  291480    7.4927556e+08   3.109422e+08   0.000000e+00   5683s
  291640    7.4927556e+08   3.085526e+08   0.000000e+00   5687s
  291760    7.4927556e+08   3.342429e+08   0.000000e+00   5691s
  291880    7.4927556e+08   3.778479e+08   0.000000e+00   5695s
  292150    7.4927556e+08   4.129581e+08   0.000000e+00   5703s
  292290    7.4927556e+08   3.083112e+08   0.000000e+00   5707s
  292460    7.4927556e+08   3.092167e+08   0.000000e+00   5711s
  292770    7.4927556e+08   3.079799e+08   0.000000e+00   5719s
  292910    7.4927556e+08   3.081403e+08   0.000000e+00   5723s
  293210    7.4927556e+08   3.070459e+08   0.000000e+00   5727s
  293320    7.4927556e+08   3.073216e+08   0.000000e+00   5731s
  293680    7.4927556e+08   3.114918e+08   0.000000e+00   5739s
  293930    7.4927556e+08   3.064381e+08   0.000000e+00   5743s
  294110    7.4927556e+08   3.103682e+08   0.000000e+00   5747s
  294210    7.4927556e+08   3.100407e+08   0.000000e+00   5751s
  294460    7.4927556e+08   3.103106e+08   0.000000e+00   5759s
  294590    7.4927556e+08   3.058669e+08   0.000000e+00   5763s
  294740    7.4927556e+08   3.063768e+08   0.000000e+00   5767s
  294910    7.4927556e+08   3.051596e+08   0.000000e+00   5771s
  295230    7.4927556e+08   3.052683e+08   0.000000e+00   5779s
  295420    7.4927556e+08   3.045685e+08   0.000000e+00   5783s
  295580    7.4927556e+08   3.047969e+08   0.000000e+00   5787s
  295750    7.4927556e+08   3.028929e+08   0.000000e+00   5791s
  296140    7.4927556e+08   3.024554e+08   0.000000e+00   5799s
  296300    7.4927556e+08   3.028026e+08   0.000000e+00   5803s
  296440    7.4927556e+08   3.022832e+08   0.000000e+00   5807s
  296790    7.4927556e+08   3.022683e+08   0.000000e+00   5811s
  297080    7.4927555e+08   3.007424e+08   0.000000e+00   5819s
  297210    7.4927555e+08   3.616204e+08   0.000000e+00   5823s
  297460    7.4927555e+08   3.051422e+08   0.000000e+00   5827s
  297620    7.4927555e+08   3.050384e+08   0.000000e+00   5831s
  297870    7.4927555e+08   3.033883e+08   0.000000e+00   5839s
  298100    7.4927555e+08   3.036808e+08   0.000000e+00   5843s
  298260    7.4927555e+08   3.034961e+08   0.000000e+00   5847s
  298400    7.4927555e+08   2.998134e+08   0.000000e+00   5851s
  298550    7.4927555e+08   3.037347e+08   0.000000e+00   5855s
  298820    7.4927555e+08   3.026662e+08   0.000000e+00   5863s
  298950    7.4927555e+08   3.136283e+08   0.000000e+00   5867s
  299080    7.4927555e+08   2.982397e+08   0.000000e+00   5871s
  299350    7.4927555e+08   1.537785e+09   0.000000e+00   5879s
  299520    7.4927555e+08   3.015477e+08   0.000000e+00   5883s
  299640    7.4927555e+08   2.980559e+08   0.000000e+00   5887s
  299930    7.4927555e+08   2.957087e+08   0.000000e+00   5891s
  300200    7.4927555e+08   2.965733e+08   0.000000e+00   5899s
  300360    7.4927555e+08   2.948475e+08   0.000000e+00   5903s
  300490    7.4927555e+08   2.952412e+08   0.000000e+00   5907s
  300620    7.4927555e+08   2.949963e+08   0.000000e+00   5911s
  300930    7.4927555e+08   2.995237e+08   0.000000e+00   5919s
  301060    7.4927555e+08   3.592365e+08   0.000000e+00   5923s
  301200    7.4927555e+08   2.946788e+08   0.000000e+00   5926s
  301560    7.4927555e+08   2.941986e+08   0.000000e+00   5930s
  301850    7.4927555e+08   2.936301e+08   0.000000e+00   5938s
  302000    7.4927555e+08   2.934062e+08   0.000000e+00   5942s
  302110    7.4927555e+08   2.983077e+08   0.000000e+00   5946s
  302260    7.4927555e+08   2.935003e+08   0.000000e+00   5951s
  302500    7.4927555e+08   2.939409e+08   0.000000e+00   5958s
  302630    7.4927555e+08   2.926358e+08   0.000000e+00   5962s
  302990    7.4927555e+08   2.924119e+08   0.000000e+00   5967s
  303150    7.4927555e+08   2.927760e+08   0.000000e+00   5971s
  303400    7.4927555e+08   2.910212e+08   0.000000e+00   5978s
  303520    7.4927555e+08   2.947154e+08   0.000000e+00   5982s
  303650    7.4927555e+08   2.939051e+08   0.000000e+00   5986s
  303780    7.4927555e+08   2.908611e+08   0.000000e+00   5990s
  304060    7.4927555e+08   1.314321e+09   0.000000e+00   5999s
  304220    7.4927555e+08   2.948126e+08   0.000000e+00   6002s
  304360    7.4927555e+08   2.897894e+08   0.000000e+00   6007s
  304500    7.4927555e+08   2.907351e+08   0.000000e+00   6011s
  304800    7.4927555e+08   1.051845e+10   0.000000e+00   6019s
  304910    7.4927555e+08   2.883437e+08   0.000000e+00   6023s
  305030    7.4927555e+08   3.522673e+08   0.000000e+00   6027s
  305150    7.4927555e+08   2.891454e+08   0.000000e+00   6031s
  305430    7.4927554e+08   2.871060e+08   0.000000e+00   6039s
  305570    7.4927554e+08   2.887152e+08   0.000000e+00   6043s
  305730    7.4927554e+08   2.909063e+08   0.000000e+00   6047s
  305870    7.4927554e+08   2.916187e+08   0.000000e+00   6051s
  306020    7.4927554e+08   1.964901e+09   0.000000e+00   6055s
  306300    7.4927554e+08   2.872584e+08   0.000000e+00   6063s
  306460    7.4927554e+08   2.876202e+08   0.000000e+00   6067s
  306650    7.4927554e+08   2.867654e+08   0.000000e+00   6071s
  306930    7.4927554e+08   2.871199e+08   0.000000e+00   6079s
  307070    7.4927554e+08   2.866989e+08   0.000000e+00   6083s
  307260    7.4927554e+08   2.857065e+08   0.000000e+00   6087s
  307400    7.4927554e+08   2.867892e+08   0.000000e+00   6091s
  307560    7.4927554e+08   2.850862e+08   0.000000e+00   6095s
  307880    7.4927554e+08   2.862258e+08   0.000000e+00   6103s
  308040    7.4927554e+08   2.839555e+08   0.000000e+00   6107s
  308180    7.4927554e+08   2.845945e+08   0.000000e+00   6111s
  308310    7.4927554e+08   2.840986e+08   0.000000e+00   6115s
  308610    7.4927554e+08   2.823204e+08   0.000000e+00   6123s
  308720    7.4927554e+08   2.872077e+08   0.000000e+00   6127s
  308900    7.4927554e+08   2.826858e+08   0.000000e+00   6131s
  309040    7.4927554e+08   2.806381e+08   0.000000e+00   6135s
  309310    7.4927554e+08   2.996397e+08   0.000000e+00   6143s
  309450    7.4927554e+08   2.818049e+08   0.000000e+00   6147s
  309620    7.4927554e+08   2.808124e+08   0.000000e+00   6151s
  309790    7.4927554e+08   2.791303e+08   0.000000e+00   6156s
  310060    7.4927554e+08   2.835586e+08   0.000000e+00   6163s
  310210    7.4927554e+08   3.577231e+08   0.000000e+00   6167s
  310530    7.4927554e+08   2.851374e+08   0.000000e+00   6171s
  311060    7.4927554e+08   3.317868e+08   0.000000e+00   6179s
  311180    7.4927554e+08   2.819256e+08   0.000000e+00   6183s
  312181    7.4927554e+08   2.817059e+08   0.000000e+00   6187s
  312331    7.4927554e+08   2.791546e+08   0.000000e+00   6191s
  312611    7.4927554e+08   2.789153e+08   0.000000e+00   6199s
  312791    7.4927554e+08   5.947296e+08   0.000000e+00   6203s
  313001    7.4927554e+08   2.767472e+08   0.000000e+00   6207s
  313181    7.4927554e+08   2.757463e+08   0.000000e+00   6211s
  313501    7.4927554e+08   2.774754e+08   0.000000e+00   6219s
  313661    7.4927554e+08   2.803011e+08   0.000000e+00   6223s
  313831    7.4927554e+08   2.797535e+08   0.000000e+00   6227s
  314041    7.4927554e+08   3.069096e+08   0.000000e+00   6231s
  314371    7.4927554e+08   2.755726e+08   0.000000e+00   6239s
  314501    7.4927554e+08   2.768985e+08   0.000000e+00   6243s
  314641    7.4927554e+08   2.756107e+08   0.000000e+00   6247s
  314811    7.4927554e+08   2.786881e+08   0.000000e+00   6251s
  314951    7.4927554e+08   2.790101e+08   0.000000e+00   6255s
  315291    7.4927554e+08   2.746952e+08   0.000000e+00   6263s
  315451    7.4927554e+08   2.734329e+08   0.000000e+00   6267s
  315591    7.4927553e+08   3.355270e+08   0.000000e+00   6271s
  315781    7.4927553e+08   2.735715e+08   0.000000e+00   6275s
  316131    7.4927553e+08   2.766229e+08   0.000000e+00   6283s
  316271    7.4927553e+08   2.762636e+08   0.000000e+00   6287s
  316411    7.4927553e+08   2.760888e+08   0.000000e+00   6291s
  316551    7.4927553e+08   2.759212e+08   0.000000e+00   6295s
  316871    7.4927553e+08   2.717776e+08   0.000000e+00   6303s
  317011    7.4927553e+08   2.716654e+08   0.000000e+00   6307s
  317161    7.4927553e+08   2.767444e+08   0.000000e+00   6311s
  317321    7.4927553e+08   2.760669e+08   0.000000e+00   6315s
  317611    7.4927553e+08   2.753500e+08   0.000000e+00   6323s
  317751    7.4927553e+08   2.721415e+08   0.000000e+00   6327s
  317921    7.4927553e+08   2.704406e+08   0.000000e+00   6331s
  318181    7.4927553e+08   2.711478e+08   0.000000e+00   6339s
  318341    7.4927553e+08   2.712420e+08   0.000000e+00   6343s
  318541    7.4927553e+08   2.700966e+08   0.000000e+00   6347s
  318671    7.4927553e+08   2.703115e+08   0.000000e+00   6351s
  318911    7.4927553e+08   2.693998e+08   0.000000e+00   6359s
  319041    7.4927553e+08   2.692910e+08   0.000000e+00   6363s
  319171    7.4927553e+08   2.985616e+08   0.000000e+00   6367s
  319301    7.4927553e+08   2.693850e+08   0.000000e+00   6371s
  319601    7.4927553e+08   2.689628e+08   0.000000e+00   6379s
  319971    7.4927553e+08   2.761348e+08   0.000000e+00   6383s
  320091    7.4927553e+08   2.690826e+08   0.000000e+00   6387s
  320221    7.4927553e+08   2.672344e+08   0.000000e+00   6391s
  320481    7.4927553e+08   2.751432e+08   0.000000e+00   6399s
  320911    7.4927553e+08   2.681962e+08   0.000000e+00   6403s
  321081    7.4927553e+08   2.652624e+08   0.000000e+00   6407s
  321211    7.4927553e+08   2.687273e+08   0.000000e+00   6411s
  321541    7.4927553e+08   3.004008e+08   0.000000e+00   6419s
  321701    7.4927553e+08   2.690975e+08   0.000000e+00   6423s
  321851    7.4927553e+08   2.641740e+08   0.000000e+00   6427s
  322011    7.4927553e+08   2.643766e+08   0.000000e+00   6431s
  322231    7.4927553e+08   2.648206e+08   0.000000e+00   6435s
  322541    7.4927553e+08   2.640713e+08   0.000000e+00   6443s
  322731    7.4927553e+08   2.645834e+08   0.000000e+00   6447s
  322871    7.4927553e+08   2.641634e+08   0.000000e+00   6451s
  323011    7.4927553e+08   2.631233e+08   0.000000e+00   6455s
  323281    7.4927553e+08   2.626991e+08   0.000000e+00   6463s
  323441    7.4927553e+08   2.632672e+08   0.000000e+00   6467s
  323571    7.4927553e+08   2.628633e+08   0.000000e+00   6471s
  323711    7.4927553e+08   2.619191e+08   0.000000e+00   6475s
  323981    7.4927553e+08   2.621878e+08   0.000000e+00   6483s
  324231    7.4927553e+08   2.620984e+08   0.000000e+00   6487s
  324361    7.4927553e+08   2.613982e+08   0.000000e+00   6491s
  324641    7.4927553e+08   2.611628e+08   0.000000e+00   6499s
  324811    7.4927553e+08   2.621478e+08   0.000000e+00   6503s
  324951    7.4927553e+08   2.606056e+08   0.000000e+00   6507s
  325101    7.4927553e+08   2.601280e+08   0.000000e+00   6511s
  325261    7.4927553e+08   2.613289e+08   0.000000e+00   6515s
  325621    7.4927553e+08   2.592584e+08   0.000000e+00   6523s
  325751    7.4927553e+08   2.599739e+08   0.000000e+00   6527s
  325901    7.4927552e+08   2.602088e+08   0.000000e+00   6531s
  326051    7.4927552e+08   2.585540e+08   0.000000e+00   6535s
  326421    7.4927552e+08   2.576499e+08   0.000000e+00   6547s
  326541    7.4927552e+08   2.754424e+08   0.000000e+00   6551s
  326801    7.4927552e+08   2.578564e+08   0.000000e+00   6559s
  326961    7.4927552e+08   2.573273e+08   0.000000e+00   6563s
  327111    7.4927552e+08   2.562770e+08   0.000000e+00   6567s
  327241    7.4927552e+08   2.591028e+08   0.000000e+00   6571s
  327581    7.4927552e+08   2.569344e+08   0.000000e+00   6579s
  327731    7.4927552e+08   2.561631e+08   0.000000e+00   6583s
  328101    7.4927552e+08   2.561622e+08   0.000000e+00   6587s
  328231    7.4927552e+08   2.583029e+08   0.000000e+00   6591s
  328501    7.4927552e+08   2.557411e+08   0.000000e+00   6599s
  328651    7.4927552e+08   2.550171e+08   0.000000e+00   6603s
  328851    7.4927552e+08   2.548061e+08   0.000000e+00   6607s
  329131    7.4927552e+08   2.547410e+08   0.000000e+00   6611s
  329451    7.4927552e+08   2.530287e+08   0.000000e+00   6619s
  329581    7.4927552e+08   2.529243e+08   0.000000e+00   6623s
  329741    7.4927552e+08   2.540555e+08   0.000000e+00   6627s
  329901    7.4927552e+08   2.522992e+08   0.000000e+00   6631s
  330201    7.4927552e+08   3.467291e+08   0.000000e+00   6639s
  330331    7.4927552e+08   3.544818e+08   0.000000e+00   6643s
  330521    7.4927552e+08   2.515925e+08   0.000000e+00   6647s
  330661    7.4927552e+08   2.512638e+08   0.000000e+00   6651s
  331091    7.4927552e+08   2.514381e+08   0.000000e+00   6656s
  331421    7.4927552e+08   2.509829e+08   0.000000e+00   6663s
  331561    7.4927552e+08   2.510636e+08   0.000000e+00   6667s
  331751    7.4927552e+08   2.516922e+08   0.000000e+00   6671s
  332001    7.4927552e+08   2.508718e+08   0.000000e+00   6679s
  332151    7.4927552e+08   2.502777e+08   0.000000e+00   6683s
  332291    7.4927552e+08   2.504483e+08   0.000000e+00   6687s
  332501    7.4927552e+08   6.678142e+08   0.000000e+00   6691s
  332781    7.4927552e+08   2.497051e+08   0.000000e+00   6699s
  332961    7.4927552e+08   2.478502e+08   0.000000e+00   6703s
  333081    7.4927552e+08   2.503029e+08   0.000000e+00   6707s
  333241    7.4927552e+08   2.505962e+08   0.000000e+00   6711s
  333581    7.4927552e+08   2.510404e+08   0.000000e+00   6719s
  333711    7.4927552e+08   2.508610e+08   0.000000e+00   6723s
  333821    7.4927552e+08   2.573163e+08   0.000000e+00   6727s
  333941    7.4927552e+08   2.474728e+08   0.000000e+00   6730s
  334201    7.4927552e+08   2.504932e+08   0.000000e+00   6738s
  334371    7.4927552e+08   2.503125e+08   0.000000e+00   6742s
  334561    7.4927552e+08   2.509543e+08   0.000000e+00   6746s
  334691    7.4927552e+08   2.508094e+08   0.000000e+00   6750s
  334991    7.4927552e+08   2.482812e+08   0.000000e+00   6758s
  335141    7.4927552e+08   2.486510e+08   0.000000e+00   6763s
  336071    7.4927552e+08   2.476310e+08   0.000000e+00   6767s
  336221    7.4927552e+08   2.475958e+08   0.000000e+00   6771s
  336471    7.4927552e+08   2.475901e+08   0.000000e+00   6779s
  336631    7.4927552e+08   2.465754e+08   0.000000e+00   6783s
  336811    7.4927552e+08   3.874342e+08   0.000000e+00   6787s
  336971    7.4927552e+08   2.457354e+08   0.000000e+00   6791s
  337221    7.4927552e+08   3.367693e+08   0.000000e+00   6799s
  337361    7.4927552e+08   2.462565e+08   0.000000e+00   6803s
  337521    7.4927551e+08   2.460865e+08   0.000000e+00   6807s
  337681    7.4927551e+08   2.449044e+08   0.000000e+00   6811s
  338091    7.4927551e+08   2.447308e+08   0.000000e+00   6819s
  338281    7.4927551e+08   2.443916e+08   0.000000e+00   6823s
  338461    7.4927551e+08   2.446867e+08   0.000000e+00   6827s
  338621    7.4927551e+08   2.442107e+08   0.000000e+00   6831s
  338741    7.4927551e+08   2.437568e+08   0.000000e+00   6835s
  339021    7.4927551e+08   2.442994e+08   0.000000e+00   6843s
  339171    7.4927551e+08   2.440642e+08   0.000000e+00   6847s
  339311    7.4927551e+08   2.437158e+08   0.000000e+00   6851s
  339451    7.4927551e+08   2.429818e+08   0.000000e+00   6855s
  339761    7.4927551e+08   2.427878e+08   0.000000e+00   6863s
  339921    7.4927551e+08   3.415423e+08   0.000000e+00   6867s
  340111    7.4927551e+08   2.417934e+08   0.000000e+00   6871s
  340261    7.4927551e+08   2.396043e+08   0.000000e+00   6876s
  340581    7.4927551e+08   2.403834e+08   0.000000e+00   6888s
  340701    7.4927551e+08   2.785931e+08   0.000000e+00   6892s
  340851    7.4927551e+08   2.412577e+08   0.000000e+00   6896s
  341131    7.4927551e+08   2.384734e+08   0.000000e+00   6904s
  341321    7.4927551e+08   2.383903e+08   0.000000e+00   6912s
  341431    7.4927551e+08   2.373175e+08   0.000000e+00   6916s
  341691    7.4927551e+08   2.348514e+08   0.000000e+00   6927s
  341871    7.4927551e+08   2.341944e+08   0.000000e+00   6935s
  341991    7.4927551e+08   2.336716e+08   0.000000e+00   6939s
  342101    7.4927551e+08   2.328889e+08   0.000000e+00   6943s
  342191    7.4927551e+08   2.320476e+08   0.000000e+00   6947s
  342351    7.4927551e+08   2.317805e+08   0.000000e+00   6955s
  342461    7.4927551e+08   2.274218e+08   0.000000e+00   6959s
  342571    7.4927551e+08   2.300687e+08   0.000000e+00   6963s
  342671    7.4927551e+08   2.294094e+08   0.000000e+00   6967s
  342791    7.4927551e+08   2.296043e+08   0.000000e+00   6971s
  343601    7.4927551e+08   2.530399e+08   0.000000e+00   6978s
  343761    7.4927551e+08   2.282846e+08   0.000000e+00   6982s
  343921    7.4927551e+08   2.284461e+08   0.000000e+00   6987s
  344071    7.4927551e+08   2.289379e+08   0.000000e+00   6991s
  344341    7.4927551e+08   2.260007e+08   0.000000e+00   6999s
  344511    7.4927551e+08   2.248831e+08   0.000000e+00   7007s
  344601    7.4927551e+08   2.240621e+08   0.000000e+00   7011s
  345021    7.4927550e+08   3.620961e+08   0.000000e+00   7018s
  347023    7.4927548e+08   2.072957e+08   0.000000e+00   7020s
  348434    7.4927545e+08   1.912379e+08   0.000000e+00   7026s
  350275    7.4927544e+08   1.894345e+08   0.000000e+00   7033s
  350455    7.4927544e+08   1.916660e+08   0.000000e+00   7037s
  350645    7.4927544e+08   2.350290e+08   0.000000e+00   7041s
  350905    7.4927544e+08   2.353604e+08   0.000000e+00   7045s
  351265    7.4927544e+08   1.468218e+08   0.000000e+00   7053s
  351375    7.4927544e+08   2.351137e+08   0.000000e+00   7057s
  351475    7.4927544e+08   1.490615e+08   0.000000e+00   7061s
  351715    7.4927543e+08   1.868727e+08   0.000000e+00   7069s
  351965    7.4927542e+08   1.850484e+08   0.000000e+00   7073s
  352155    7.4927541e+08   1.840917e+08   0.000000e+00   7077s
  352315    7.4927540e+08   1.838071e+08   0.000000e+00   7081s
  352585    7.4927539e+08   1.846340e+08   0.000000e+00   7089s
  353586    7.4927539e+08   1.833072e+08   0.000000e+00   7092s
  353706    7.4927539e+08   1.823502e+08   0.000000e+00   7096s
  353956    7.4927539e+08   2.231465e+08   0.000000e+00   7103s
  354126    7.4927539e+08   2.225513e+08   0.000000e+00   7107s
  354246    7.4927539e+08   2.200198e+08   0.000000e+00   7112s
  354386    7.4927539e+08   2.184370e+08   0.000000e+00   7116s
  355106    7.4927539e+08   2.156954e+08   0.000000e+00   7123s
  355326    7.4927539e+08   1.767441e+08   0.000000e+00   7127s
  355596    7.4927539e+08   2.165907e+08   0.000000e+00   7130s
  355976    7.4927539e+08   2.884440e+08   0.000000e+00   7138s
  356136    7.4927539e+08   1.738116e+08   0.000000e+00   7142s
  356266    7.4927538e+08   2.506170e+08   0.000000e+00   7146s
  356616    7.4927538e+08   1.723287e+08   0.000000e+00   7154s
  356806    7.4927538e+08   2.178441e+09   0.000000e+00   7158s
  357006    7.4927538e+08   1.309055e+08   0.000000e+00   7165s
  357166    7.4927538e+08   1.294811e+08   0.000000e+00   7173s
  357326    7.4927538e+08   1.283129e+08   0.000000e+00   7180s
  357876    7.4927536e+08   1.754156e+08   0.000000e+00   7184s
  359147    7.4927534e+08   2.033766e+08   0.000000e+00   7188s
  359377    7.4927533e+08   1.623776e+08   0.000000e+00   7192s
  359557    7.4927532e+08   6.242822e+08   0.000000e+00   7196s
  359877    7.4927529e+08   1.996633e+08   0.000000e+00   7204s
  360007    7.4927529e+08   1.994533e+08   0.000000e+00   7208s
  360207    7.4927528e+08   1.622047e+08   0.000000e+00   7211s
  360427    7.4927527e+08   1.973824e+08   0.000000e+00   7215s
  360717    7.4927526e+08   1.965514e+08   0.000000e+00   7223s
  360857    7.4927525e+08   1.574083e+08   0.000000e+00   7227s
  360977    7.4927525e+08   1.253028e+08   0.000000e+00   7231s
  361297    7.4927524e+08   1.791786e+10   0.000000e+00   7238s
  361977    7.4927524e+08   5.584423e+09   0.000000e+00   7243s
  362247    7.4927523e+08   6.200752e+08   0.000000e+00   7247s
  362417    7.4927523e+08   1.536979e+08   0.000000e+00   7250s
  362737    7.4927521e+08   1.555417e+08   0.000000e+00   7258s
  362897    7.4927521e+08   1.893596e+08   0.000000e+00   7262s
  363027    7.4927521e+08   1.205994e+08   0.000000e+00   7266s
  363307    7.4927520e+08   1.559073e+08   0.000000e+00   7278s
  363767    7.4927520e+08   1.852896e+08   0.000000e+00   7282s
  363977    7.4927520e+08   1.188162e+08   0.000000e+00   7286s
  364847    7.4927519e+08   1.848063e+08   0.000000e+00   7293s
  365027    7.4927519e+08   1.836099e+08   0.000000e+00   7298s
  365257    7.4927519e+08   4.004229e+09   0.000000e+00   7302s
  365347    7.4927519e+08   5.911549e+09   0.000000e+00   7306s
  366087    7.4927518e+08   1.815439e+08   0.000000e+00   7310s
  366407    7.4927517e+08   1.162623e+08   0.000000e+00   7318s
  366767    7.4927517e+08   1.779906e+08   0.000000e+00   7327s
  366907    7.4927516e+08   1.761598e+08   0.000000e+00   7330s
  367227    7.4927515e+08   2.240720e+08   0.000000e+00   7338s
  367437    7.4927515e+08   1.751720e+08   0.000000e+00   7342s
  368438    7.4927513e+08   1.378077e+08   0.000000e+00   7346s
  369338    7.4927512e+08   1.382181e+08   0.000000e+00   7353s
  369488    7.4927511e+08   1.079166e+08   0.000000e+00   7357s
  369588    7.4927511e+08   1.667175e+09   0.000000e+00   7361s
  369798    7.4927511e+08   1.652377e+08   0.000000e+00   7369s
  369938    7.4927510e+08   1.352809e+08   0.000000e+00   7373s
  370078    7.4927510e+08   1.326624e+08   0.000000e+00   7377s
  370238    7.4927509e+08   1.345707e+08   0.000000e+00   7381s
  370388    7.4927508e+08   1.613486e+08   0.000000e+00   7385s
  371418    7.4927508e+08   1.605161e+08   0.000000e+00   7393s
  371588    7.4927508e+08   1.592382e+08   0.000000e+00   7397s
  372258    7.4927507e+08   1.589260e+08   0.000000e+00   7401s
  372538    7.4927506e+08   1.298600e+08   0.000000e+00   7408s
  372678    7.4927506e+08   1.295859e+08   0.000000e+00   7412s
  372798    7.4927505e+08   1.549682e+08   0.000000e+00   7416s
  373638    7.4927505e+08   1.279447e+08   0.000000e+00   7423s
  374008    7.4927504e+08   1.257205e+08   0.000000e+00   7427s
  374178    7.4927504e+08   1.538268e+08   0.000000e+00   7431s
  374458    7.4927503e+08   1.833734e+08   0.000000e+00   7439s
  374668    7.4927502e+08   1.255752e+08   0.000000e+00   7443s
  374828    7.4927502e+08   1.242703e+08   0.000000e+00   7446s
  374948    7.4927502e+08   1.495266e+08   0.000000e+00   7450s
  375928    7.4927501e+08   1.488066e+08   0.000000e+00   7458s
  376068    7.4927500e+08   1.476146e+08   0.000000e+00   7462s
  376198    7.4927500e+08   1.224923e+08   0.000000e+00   7466s
  377208    7.4927499e+08   1.196314e+08   0.000000e+00   7474s
  377368    7.4927499e+08   1.197871e+08   0.000000e+00   7477s
  377498    7.4927498e+08   1.189993e+08   0.000000e+00   7482s
  377618    7.4927498e+08   1.186693e+08   0.000000e+00   7485s
  377858    7.4927497e+08   1.178926e+08   0.000000e+00   7493s
  377978    7.4927496e+08   1.176722e+08   0.000000e+00   7497s
  378098    7.4927496e+08   1.171468e+08   0.000000e+00   7501s
  379229    7.4927496e+08   1.609839e+08   0.000000e+00   7507s
  380230    7.4927496e+08   1.357173e+08   0.000000e+00   7510s
  381431    7.4927496e+08   1.329135e+08   0.000000e+00   7517s
  381551    7.4927496e+08   2.902290e+09   0.000000e+00   7521s
  381791    7.4927496e+08   1.339690e+09   0.000000e+00   7529s
  381911    7.4927496e+08   1.607453e+09   0.000000e+00   7533s
  382031    7.4927496e+08   8.797166e+07   0.000000e+00   7537s
  382201    7.4927496e+08   8.650916e+07   0.000000e+00   7545s
  383202    7.4927494e+08   1.268822e+08   0.000000e+00   7548s
  384203    7.4927477e+08   1.196273e+08   0.000000e+00   7551s
  385714    7.4927475e+08   9.786670e+07   0.000000e+00   7556s
  386875    7.4927473e+08   1.159697e+08   0.000000e+00   7563s
  387005    7.4927473e+08   9.586586e+07   0.000000e+00   7567s
  388006    7.4927472e+08   1.135897e+08   0.000000e+00   7570s
  388256    7.4927471e+08   1.133020e+08   0.000000e+00   7578s
  388426    7.4927470e+08   9.441818e+07   0.000000e+00   7582s
  388586    7.4927469e+08   1.113361e+08   0.000000e+00   7586s
  388716    7.4927469e+08   1.046097e+09   0.000000e+00   7590s
  389887    7.4927468e+08   1.110995e+08   0.000000e+00   7597s
  390017    7.4927467e+08   8.329865e+08   0.000000e+00   7600s
  390287    7.4927466e+08   1.087035e+08   0.000000e+00   7608s
  390427    7.4927465e+08   8.962488e+07   0.000000e+00   7612s
  390547    7.4927465e+08   1.076265e+08   0.000000e+00   7617s
  390707    7.4927464e+08   7.398005e+08   0.000000e+00   7620s
  390967    7.4927463e+08   1.286493e+08   0.000000e+00   7628s
  391097    7.4927462e+08   1.057555e+08   0.000000e+00   7632s
  393099    7.4927461e+08   1.031978e+08   0.000000e+00   7637s
  395010    7.4927461e+08   1.010968e+08   0.000000e+00   7643s
  395200    7.4927460e+08   1.901216e+08   0.000000e+00   7647s
  395310    7.4927460e+08   9.236142e+08   0.000000e+00   7650s
  395830    7.4927459e+08   9.929601e+07   0.000000e+00   7658s
  395960    7.4927459e+08   9.924041e+07   0.000000e+00   7662s
  396090    7.4927458e+08   2.388752e+10   0.000000e+00   7666s
  396220    7.4927458e+08   1.330344e+09   0.000000e+00   7670s
  396480    7.4927456e+08   5.339450e+08   0.000000e+00   7678s
  396610    7.4927456e+08   8.111709e+07   0.000000e+00   7682s
  396730    7.4927455e+08   4.543578e+08   0.000000e+00   7687s
  396890    7.4927454e+08   9.498993e+07   0.000000e+00   7690s
  397170    7.4927453e+08   2.140357e+09   0.000000e+00   7698s
  397470    7.4927453e+08   9.365667e+07   0.000000e+00   7702s
  398591    7.4927452e+08   7.664638e+07   0.000000e+00   7709s
  398711    7.4927452e+08   9.092147e+07   0.000000e+00   7713s
  399712    7.4927451e+08   7.560213e+07   0.000000e+00   7716s
  401123    7.4927450e+08   7.352098e+07   0.000000e+00   7722s
  401243    7.4927450e+08   5.481206e+08   0.000000e+00   7726s
  401493    7.4927449e+08   8.635810e+07   0.000000e+00   7734s
  401633    7.4927448e+08   5.924295e+07   0.000000e+00   7738s
  401783    7.4927448e+08   8.505581e+07   0.000000e+00   7742s
  403144    7.4927447e+08   8.250620e+07   0.000000e+00   7748s
  403274    7.4927447e+08   6.947270e+07   0.000000e+00   7752s
  404275    7.4927446e+08   8.103587e+07   0.000000e+00   7755s
  405416    7.4927446e+08   7.977630e+07   0.000000e+00   7763s
  405546    7.4927445e+08   7.946924e+07   0.000000e+00   7767s
  405696    7.4927445e+08   6.612300e+07   0.000000e+00   7770s
  407157    7.4927444e+08   7.750970e+07   0.000000e+00   7777s
  407307    7.4927444e+08   6.416118e+07   0.000000e+00   7781s
  408327    7.4927443e+08   1.270138e+09   0.000000e+00   7788s
  409328    7.4927443e+08   6.279406e+07   0.000000e+00   7791s
  411330    7.4927442e+08   7.274971e+07   0.000000e+00   7796s
  411620    7.4927442e+08   6.080604e+09   0.000000e+00   7803s
  411770    7.4927441e+08   3.968156e+08   0.000000e+00   7807s
  412650    7.4927441e+08   5.891527e+07   0.000000e+00   7811s
  412830    7.4927440e+08   1.052473e+09   0.000000e+00   7815s
  413560    7.4927440e+08   5.467823e+08   0.000000e+00   7823s
  414561    7.4927440e+08   4.656305e+07   0.000000e+00   7827s
  415562    7.4927439e+08   6.728139e+07   0.000000e+00   7830s
  416983    7.4927438e+08   5.410590e+07   0.000000e+00   7838s
  417143    7.4927438e+08   6.472180e+07   0.000000e+00   7842s
  418143    7.4927437e+08   6.359828e+07   0.000000e+00   7846s
  419374    7.4927436e+08   5.750359e+07   0.000000e+00   7854s
  421376    7.4927435e+08   6.173962e+07   0.000000e+00   7857s
  422376    7.4927434e+08   5.364351e+07   0.000000e+00   7861s
  424196    7.4927431e+08   1.063066e+08   0.000000e+00   7869s
  424366    7.4927431e+08   6.982366e+07   0.000000e+00   7873s
  425367    7.4927430e+08   5.032949e+07   0.000000e+00   7875s
  425627    7.4927429e+08   4.925657e+07   0.000000e+00   7884s
  425817    7.4927429e+08   5.816673e+07   0.000000e+00   7888s
  425957    7.4927429e+08   4.281602e+08   0.000000e+00   7892s
  426097    7.4927429e+08   1.271808e+09   0.000000e+00   7896s
  427208    7.4927429e+08   5.788260e+07   0.000000e+00   7902s
  427378    7.4927428e+08   5.728456e+07   0.000000e+00   7906s
  428959    7.4927426e+08   4.709517e+07   0.000000e+00   7913s
  429960    7.4927425e+08   4.652738e+07   0.000000e+00   7916s
  430100    7.4927425e+08   3.696898e+07   0.000000e+00   7920s
  430400    7.4927424e+08   5.382903e+07   0.000000e+00   7928s
  430880    7.4927424e+08   4.425000e+07   0.000000e+00   7932s
  431020    7.4927423e+08   4.366962e+07   0.000000e+00   7936s
  433022    7.4927422e+08   6.380220e+08   0.000000e+00   7941s
  434113    7.4927421e+08   4.240049e+07   0.000000e+00   7948s
  435114    7.4927419e+08   5.144722e+07   0.000000e+00   7952s
  435244    7.4927419e+08   1.086313e+08   0.000000e+00   7956s
  435364    7.4927419e+08   1.630843e+09   0.000000e+00   7960s
  436475    7.4927418e+08   4.151855e+07   0.000000e+00   7966s
  437616    7.4927417e+08   4.108445e+07   0.000000e+00   7973s
  437746    7.4927417e+08   4.876210e+07   0.000000e+00   7977s
  438046    7.4927417e+08   4.002645e+07   0.000000e+00   7981s
  438186    7.4927416e+08   5.713592e+08   0.000000e+00   7985s
  438446    7.4927416e+08   1.514551e+09   0.000000e+00   7994s
  438696    7.4927416e+08   1.687820e+08   0.000000e+00   8002s
  438806    7.4927416e+08   1.242201e+09   0.000000e+00   8006s
  439146    7.4927416e+08   4.771597e+07   0.000000e+00   8014s
  440147    7.4927416e+08   4.747710e+07   0.000000e+00   8016s
  441288    7.4927414e+08   3.853332e+07   0.000000e+00   8023s
  441418    7.4927414e+08   3.330571e+08   0.000000e+00   8028s
  442419    7.4927413e+08   4.532448e+07   0.000000e+00   8030s
  444421    7.4927412e+08   4.519658e+07   0.000000e+00   8035s
  445532    7.4927411e+08   2.990350e+07   0.000000e+00   8042s
  445692    7.4927411e+08   4.395621e+07   0.000000e+00   8046s
  447694    7.4927410e+08   3.531531e+07   0.000000e+00   8050s
  448164    7.4927409e+08   2.819520e+07   0.000000e+00   8059s
  449165    7.4927408e+08   4.155221e+07   0.000000e+00   8061s
  449285    7.4927407e+08   3.455450e+07   0.000000e+00   8065s
  450406    7.4927406e+08   4.081740e+07   0.000000e+00   8071s
  450536    7.4927406e+08   2.661394e+07   0.000000e+00   8075s
  450826    7.4927406e+08   5.626004e+08   0.000000e+00   8083s
  450956    7.4927405e+08   3.951808e+07   0.000000e+00   8087s
  451957    7.4927405e+08   3.876589e+07   0.000000e+00   8091s
  453098    7.4927402e+08   3.813455e+07   0.000000e+00   8099s
  453268    7.4927402e+08   3.759124e+07   0.000000e+00   8103s
  453398    7.4927402e+08   7.113058e+07   0.000000e+00   8108s
  454399    7.4927401e+08   3.733617e+07   0.000000e+00   8111s
  455540    7.4927400e+08   7.698535e+07   0.000000e+00   8119s
  455650    7.4927400e+08   8.303901e+08   0.000000e+00   8123s
  455780    7.4927400e+08   2.306984e+07   0.000000e+00   8127s
  455920    7.4927400e+08   3.558247e+07   0.000000e+00   8132s
  456680    7.4927400e+08   3.475390e+07   0.000000e+00   8136s
  458682    7.4927397e+08   3.420726e+07   0.000000e+00   8142s
  459893    7.4927395e+08   2.999888e+07   0.000000e+00   8149s
  460043    7.4927395e+08   2.727652e+07   0.000000e+00   8153s
  460193    7.4927395e+08   3.418500e+08   0.000000e+00   8157s
  460313    7.4927394e+08   2.876576e+08   0.000000e+00   8161s
  460433    7.4927394e+08   2.743704e+09   0.000000e+00   8166s
  460553    7.4927394e+08   2.631387e+07   0.000000e+00   8170s
  460883    7.4927394e+08   2.102705e+07   0.000000e+00   8179s
  461043    7.4927394e+08   1.156654e+09   0.000000e+00   8183s
  461183    7.4927394e+08   5.884894e+08   0.000000e+00   8187s
  461283    7.4927394e+08   4.833587e+08   0.000000e+00   8191s
  461413    7.4927394e+08   8.757562e+08   0.000000e+00   8196s
  461663    7.4927587e+08   6.795055e+09   3.887414e+13   8205s
  463103    7.4927587e+08   3.029719e+07   3.772103e+12   8207s
  466463    7.4927587e+08   2.894472e+07   5.420477e+11   8211s
  469357    7.4927587e+08   2.856690e+07   2.359011e+11   8216s
  472422    7.4927587e+08   2.716646e+07   1.835309e+11   8222s
  475153   -1.0121467e+10   3.178185e+06   2.138687e+12   8225s
  479343   -1.0148108e+10   3.089798e+06   2.107165e+12   8230s
  484617   -1.3324182e+10   2.744004e+05   1.795803e+11   8235s
  489797   -2.6484817e+10   2.658616e+05   1.671793e+11   8240s
  496011   -2.6696377e+10   1.368578e+05   1.012686e+11   8245s
  506428   -2.6696433e+10   1.100592e+05   7.512392e+10   8250s
  519954   -2.7279155e+10   9.094075e+04   5.726597e+10   8255s
  530958   -2.7284099e+10   7.395469e+04   4.142836e+10   8260s
  536296   -2.7283795e+10   6.937074e+04   3.777116e+10   8265s
  539028   -2.7283490e+10   6.529184e+04   4.268163e+10   8271s
  541539   -2.7283603e+10   6.222824e+04   3.902650e+10   8276s
  544477   -2.7283364e+10   5.803448e+04   3.992720e+10   8282s
  547774   -2.7282333e+10   5.422545e+04   3.832130e+10   8287s
  549502   -2.7282174e+10   5.271293e+04   4.032399e+10   8291s
  552096   -2.7281741e+10   4.943114e+04   2.921535e+10   8297s
  554431   -2.7281464e+10   4.752727e+04   2.912425e+10   8302s
  555631   -2.7280962e+10   4.589877e+04   3.257830e+10   8306s
  556995   -2.7280326e+10   4.386119e+04   3.198325e+10   8310s
  560236   -2.7278798e+10   3.932539e+04   2.794443e+10   8316s
  562677   -2.7277696e+10   3.634439e+04   2.606607e+10   8321s
  565840   -2.7277099e+10   3.362267e+04   2.484324e+10   8326s
  568512   -2.7276659e+10   3.155228e+04   2.737121e+10   8330s
  570507   -2.7276473e+10   3.031458e+04   2.506760e+10   8336s
  572428   -2.7273621e+10   2.732403e+04   2.399157e+10   8340s
  574912   -2.7272125e+10   2.486012e+04   2.291035e+10   8346s
  576640   -2.7270854e+10   2.295039e+04   2.698545e+10   8350s
  579912   -2.7269040e+10   1.849874e+04   2.558499e+10   8355s
  584244   -2.7267402e+10   1.410054e+04   2.433273e+10   8360s
  588022   -2.7263301e+10   1.133847e+04   1.995068e+10   8366s
  589526   -2.7225370e+10   9.538540e+03   1.692525e+10   8372s
  591438   -2.7223611e+10   7.345833e+03   1.794704e+10   8375s
  596612   -2.7219767e+10   2.273325e+03   1.583305e+10   8380s
  598511   -2.7215885e+10   1.365731e+03   1.493432e+10   8386s
  599663   -2.7186450e+10   9.273319e+02   8.303845e+09   8391s
  603045   -2.5782829e+10   5.283135e+02   1.956945e+09   8395s
  605050   -2.5782712e+10   2.129033e+02   4.849828e+08   8401s
  606496   -2.5782582e+10   8.087300e+01   1.142577e+08   8405s
  611963   -2.3267625e+10   0.000000e+00   3.758300e+08   8410s
  623197    2.3841639e+08   0.000000e+00   1.049845e+08   8415s
  634406    3.1472960e+08   0.000000e+00   6.098724e+07   8421s
  643003    3.1727469e+08   0.000000e+00   5.949795e+07   8425s
  652184    3.1995321e+08   0.000000e+00   6.185238e+07   8430s
  662207    3.2176077e+08   0.000000e+00   6.390956e+07   8435s
  673000    3.2381854e+08   0.000000e+00   7.465456e+07   8440s
  680986    3.2483958e+08   0.000000e+00   7.437703e+07   8445s
  690009    3.2581425e+08   0.000000e+00   7.480970e+07   8450s
  703031    3.2693768e+08   0.000000e+00   8.917294e+07   8455s
  709819    3.2811019e+08   0.000000e+00   9.777711e+07   8461s
  716828    3.2896318e+08   0.000000e+00   1.185217e+08   8465s
  724259    3.3018388e+08   0.000000e+00   6.691449e+08   8470s
  732273    3.3089672e+08   0.000000e+00   6.687385e+08   8475s
  744293    3.3239123e+08   0.000000e+00   6.651934e+08   8480s
  752309    3.3340293e+08   0.000000e+00   1.973635e+08   8485s
  759316    3.3431797e+08   0.000000e+00   1.965835e+08   8491s
  764323    3.3485796e+08   0.000000e+00   1.716052e+08   8495s
  771337    3.3638953e+08   0.000000e+00   1.748338e+08   8501s
  777346    3.3699129e+08   0.000000e+00   1.781408e+08   8505s
  785140    3.3790243e+08   0.000000e+00   8.409110e+07   8510s
  793158    3.3837575e+08   0.000000e+00   8.407281e+07   8515s
  801175    3.3902571e+08   0.000000e+00   6.619378e+07   8521s
  805183    3.3928351e+08   0.000000e+00   6.321985e+07   8525s
  810201    3.3978920e+08   0.000000e+00   6.269918e+07   8530s
  815211    3.4029644e+08   0.000000e+00   6.180949e+07   8535s
  822232    3.4109240e+08   0.000000e+00   6.133478e+07   8540s
  829253    3.4229739e+08   0.000000e+00   5.503839e+07   8545s
  837284    3.4382574e+08   0.000000e+00   5.327492e+07   8550s
  843317    3.4540502e+08   0.000000e+00   5.421330e+07   8556s
  847327    3.4656556e+08   0.000000e+00   5.441803e+07   8560s
  852336    3.4764564e+08   0.000000e+00   5.424469e+07   8565s
  857358    3.4830375e+08   0.000000e+00   5.443923e+07   8570s
  862367    3.4912095e+08   0.000000e+00   5.449278e+07   8575s
  868386    3.5035599e+08   0.000000e+00   5.490257e+07   8581s
  874406    3.5150655e+08   0.000000e+00   5.823098e+07   8586s
  881431    3.5294456e+08   0.000000e+00   5.805905e+07   8591s
  888474    3.5371188e+08   0.000000e+00   5.809662e+07   8596s
  892491    3.5435083e+08   0.000000e+00   5.823382e+07   8601s
  896501    3.5536756e+08   0.000000e+00   5.863943e+07   8606s
  900520    3.5575919e+08   0.000000e+00   5.866388e+07   8610s
  905539    3.5638564e+08   0.000000e+00   5.922399e+07   8615s
  910560    3.5706566e+08   0.000000e+00   5.989622e+07   8621s
  914568    3.5749055e+08   0.000000e+00   5.992283e+07   8625s
  919586    3.5834620e+08   0.000000e+00   1.891634e+08   8630s
  924609    3.5911395e+08   0.000000e+00   6.428500e+07   8635s
  930627    3.6051765e+08   0.000000e+00   6.453801e+07   8641s
  933524    3.6133636e+08   0.000000e+00   6.474995e+07   8645s
  939546    3.6238896e+08   0.000000e+00   6.534685e+07   8651s
  944559    3.6315776e+08   0.000000e+00   6.637159e+07   8655s
  950574    3.6469668e+08   0.000000e+00   6.657793e+07   8661s
  955596    3.6600020e+08   0.000000e+00   6.633813e+07   8665s
  959607    3.6622336e+08   0.000000e+00   6.647372e+07   8671s
  963623    3.6688970e+08   0.000000e+00   6.638152e+07   8676s
  967631    3.6730772e+08   0.000000e+00   6.636064e+07   8681s
  971639    3.6805393e+08   0.000000e+00   6.641662e+07   8686s
  975648    3.6862647e+08   0.000000e+00   6.619263e+07   8691s
  978652    3.6915002e+08   0.000000e+00   5.955292e+07   8695s
  982658    3.6955443e+08   0.000000e+00   6.004346e+07   8700s
  987664    3.6976608e+08   0.000000e+00   5.985099e+07   8706s
  991669    3.7013530e+08   0.000000e+00   6.050228e+07   8711s
  995673    3.7048893e+08   0.000000e+00   5.998761e+07   8716s
  999678    3.7112237e+08   0.000000e+00   5.993491e+07   8721s
 1003689    3.7192028e+08   0.000000e+00   5.970854e+07   8726s
 1007693    3.7257434e+08   0.000000e+00   5.822173e+07   8731s
 1011702    3.7313524e+08   0.000000e+00   5.777146e+07   8735s
 1016712    3.7422420e+08   0.000000e+00   5.760908e+07   8741s
 1020718    3.7472938e+08   0.000000e+00   5.788299e+07   8745s
 1026727    3.7589117e+08   0.000000e+00   5.862751e+07   8751s
 1030735    3.7717286e+08   0.000000e+00   6.467506e+07   8755s
 1035741    3.7761216e+08   0.000000e+00   6.548521e+07   8760s
 1040749    3.7846302e+08   0.000000e+00   6.568356e+07   8766s
 1043585    3.7895173e+08   0.000000e+00   6.744748e+07   8771s
 1046591    3.7927571e+08   0.000000e+00   6.709751e+07   8776s
 1048596    3.7957242e+08   0.000000e+00   6.668647e+07   8780s
 1052384    3.8000668e+08   0.000000e+00   7.019616e+07   8786s
 1055262    3.8023870e+08   0.000000e+00   6.907240e+07   8791s
 1059047    3.8063191e+08   0.000000e+00   7.058739e+07   8797s
 1062054    3.8092835e+08   0.000000e+00   7.118445e+07   8801s
 1065060    3.8120789e+08   0.000000e+00   7.161029e+07   8805s
 1069067    3.8166876e+08   0.000000e+00   7.273895e+07   8811s
 1072073    3.8212069e+08   0.000000e+00   7.443409e+07   8816s
 1075076    3.8251403e+08   0.000000e+00   7.346624e+07   8821s
 1078080    3.8305423e+08   0.000000e+00   7.365848e+07   8826s
 1082090    3.8362594e+08   0.000000e+00   7.477329e+07   8832s
 1084093    3.8380265e+08   0.000000e+00   7.526321e+07   8835s
 1088107    3.8438776e+08   0.000000e+00   7.653062e+07   8841s
 1091116    3.8471311e+08   0.000000e+00   7.636709e+07   8846s
 1094120    3.8500852e+08   0.000000e+00   7.556043e+07   8850s
 1098100    3.8564005e+08   0.000000e+00   7.633096e+07   8856s
 1101112    3.8617433e+08   0.000000e+00   9.182119e+07   8860s
 1104119    3.8668683e+08   0.000000e+00   9.888555e+07   8865s
 1107124    3.8696718e+08   0.000000e+00   2.089484e+08   8870s
 1111138    3.8757407e+08   0.000000e+00   2.099503e+08   8876s
 1114143    3.8794434e+08   0.000000e+00   2.128178e+08   8881s
 1118147    3.8851048e+08   0.000000e+00   2.164541e+08   8886s
 1120710    3.8895078e+08   0.000000e+00   2.207663e+08   8890s
 1124726    3.8984085e+08   0.000000e+00   2.230195e+08   8896s
 1127731    3.9046492e+08   0.000000e+00   2.199923e+08   8900s
 1131752    3.9128121e+08   0.000000e+00   2.279701e+08   8906s
 1135760    3.9245401e+08   0.000000e+00   2.262110e+08   8911s
 1139768    3.9282200e+08   0.000000e+00   2.396395e+08   8916s
 1143613    3.9337552e+08   0.000000e+00   2.407781e+08   8920s
 1147618    3.9379446e+08   0.000000e+00   2.677080e+08   8925s
 1151183    3.9454573e+08   0.000000e+00   2.633784e+08   8932s
 1154052    3.9518565e+08   0.000000e+00   2.642280e+08   8935s
 1158058    3.9583021e+08   0.000000e+00   2.840839e+08   8940s
 1163067    3.9663018e+08   0.000000e+00   2.393062e+08   8945s
 1167083    3.9762344e+08   0.000000e+00   1.307143e+08   8951s
 1170090    3.9807538e+08   0.000000e+00   1.322089e+08   8957s
 1172095    3.9858038e+08   0.000000e+00   1.307185e+08   8960s
 1176108    3.9949540e+08   0.000000e+00   1.306835e+08   8966s
 1179121    4.0022670e+08   0.000000e+00   1.308868e+08   8971s
 1182142    4.0085706e+08   0.000000e+00   1.448812e+08   8976s
 1186163    4.0175436e+08   0.000000e+00   1.321044e+08   8982s
 1188166    4.0200606e+08   0.000000e+00   1.339490e+08   8985s
 1192182    4.0253003e+08   0.000000e+00   1.329496e+08   8991s
 1195187    4.0285813e+08   0.000000e+00   1.443954e+08   8996s
 1198193    4.0314264e+08   0.000000e+00   1.465763e+08   9001s
 1201198    4.0343844e+08   0.000000e+00   1.468961e+08   9006s
 1203984    4.0396452e+08   0.000000e+00   1.513184e+08   9011s
 1206776    4.0443667e+08   0.000000e+00   1.483649e+08   9016s
 1209789    4.0512318e+08   0.000000e+00   1.504015e+08   9021s
 1212798    4.0566643e+08   0.000000e+00   1.503185e+08   9025s
 1215801    4.0600914e+08   0.000000e+00   1.499014e+08   9030s
 1219808    4.0688827e+08   0.000000e+00   1.493989e+08   9036s
 1222813    4.0748922e+08   0.000000e+00   1.489528e+08   9040s
 1226823    4.0783947e+08   0.000000e+00   1.808551e+08   9045s
 1229830    4.0838044e+08   0.000000e+00   1.817572e+08   9051s
 1232834    4.0879266e+08   0.000000e+00   1.818093e+08   9055s
 1237845    4.0957101e+08   0.000000e+00   1.945107e+08   9061s
 1240631    4.0985070e+08   0.000000e+00   2.043775e+08   9065s
 1244639    4.1047952e+08   0.000000e+00   2.046502e+08   9071s
 1247645    4.1094477e+08   0.000000e+00   2.055987e+08   9076s
 1249649    4.1144767e+08   0.000000e+00   2.054403e+08   9080s
 1252662    4.1193538e+08   0.000000e+00   2.059631e+08   9086s
 1255671    4.1251652e+08   0.000000e+00   1.468108e+08   9092s
 1257674    4.1273005e+08   0.000000e+00   1.470331e+08   9096s
 1260581    4.1299167e+08   0.000000e+00   1.493513e+08   9101s
 1263587    4.1339376e+08   0.000000e+00   1.477732e+08   9106s
 1266594    4.1373773e+08   0.000000e+00   1.490547e+08   9111s
 1269401    4.1409099e+08   0.000000e+00   1.450691e+08   9115s
 1272406    4.1433714e+08   0.000000e+00   1.453828e+08   9120s
 1275417    4.1468050e+08   0.000000e+00   1.447460e+08   9126s
 1278428    4.1499589e+08   0.000000e+00   1.438403e+08   9131s
 1281433    4.1537556e+08   0.000000e+00   1.419133e+08   9136s
 1285444    4.1578353e+08   0.000000e+00   1.385950e+08   9141s
 1287446    4.1612787e+08   0.000000e+00   1.394327e+08   9145s
 1291012    4.1657322e+08   0.000000e+00   1.436426e+08   9151s
 1295025    4.1704602e+08   0.000000e+00   1.369866e+08   9156s
 1297681    4.1734415e+08   0.000000e+00   1.361445e+08   9160s
 1301245    4.1770302e+08   0.000000e+00   1.360053e+08   9166s
 1304253    4.1793296e+08   0.000000e+00   1.359262e+08   9170s
 1307036    4.1813796e+08   0.000000e+00   1.364566e+08   9175s
 1309822    4.1846498e+08   0.000000e+00   1.396013e+08   9182s
 1312874    4.1925643e+08   0.000000e+00   1.355946e+08   9186s
 1316893    4.2031658e+08   0.000000e+00   1.374165e+08   9192s
 1319935    4.2090493e+08   0.000000e+00   1.360546e+08   9196s
 1322955    4.2142696e+08   0.000000e+00   1.366329e+08   9201s
 1327001    4.2263738e+08   0.000000e+00   1.365081e+08   9207s
 1329010    4.2279584e+08   0.000000e+00   2.797977e+08   9210s
 1332022    4.2318409e+08   0.000000e+00   1.505471e+08   9217s
 1334045    4.2354394e+08   0.000000e+00   1.506408e+08   9220s
 1337847    4.2418804e+08   0.000000e+00   1.729997e+08   9227s
 1339851    4.2456506e+08   0.000000e+00   1.590143e+08   9231s
 1342861    4.2484228e+08   0.000000e+00   1.584356e+08   9236s
 1345874    4.2536810e+08   0.000000e+00   1.588161e+08   9241s
 1348883    4.2574100e+08   0.000000e+00   1.563401e+08   9247s
 1350885    4.2589108e+08   0.000000e+00   1.531155e+08   9251s
 1353807    4.2623456e+08   0.000000e+00   1.346785e+08   9256s
 1356828    4.2664124e+08   0.000000e+00   1.360081e+08   9262s
 1358701    4.2688866e+08   0.000000e+00   1.354760e+08   9266s
 1360483    4.2715012e+08   0.000000e+00   1.335213e+08   9271s
 1362491    4.2747439e+08   0.000000e+00   1.304783e+08   9275s
 1365499    4.2793147e+08   0.000000e+00   1.288667e+08   9283s
 1367516    4.2824928e+08   0.000000e+00   1.311042e+08   9287s
 1369520    4.2843393e+08   0.000000e+00   1.302969e+08   9292s
 1371523    4.2873978e+08   0.000000e+00   1.298526e+08   9296s
 1373526    4.2904224e+08   0.000000e+00   1.301822e+08   9301s
 1375531    4.2923428e+08   0.000000e+00   1.296160e+08   9305s
 1377536    4.2947623e+08   0.000000e+00   1.295956e+08   9310s
 1380544    4.2996539e+08   0.000000e+00   1.257363e+08   9317s
 1382548    4.3017521e+08   0.000000e+00   1.254456e+08   9321s
 1385331    4.3051418e+08   0.000000e+00   1.364207e+08   9327s
 1387333    4.3065387e+08   0.000000e+00   1.361533e+08   9332s
 1389193    4.3085380e+08   0.000000e+00   1.447414e+08   9336s
 1390976    4.3117060e+08   0.000000e+00   1.366606e+08   9341s
 1392987    4.3140371e+08   0.000000e+00   1.385322e+08   9346s
 1398115    4.3298200e+08   0.000000e+00   1.370118e+08   9351s
 1401201    4.3376822e+08   0.000000e+00   1.455272e+08   9356s
 1403143    4.3396082e+08   0.000000e+00   1.375148e+08   9361s
 1407254    4.3486859e+08   0.000000e+00   1.378019e+08   9365s
 1411351    4.3583086e+08   0.000000e+00   1.372687e+08   9370s
 1413358    4.3607559e+08   0.000000e+00   1.375841e+08   9375s
 1416403    4.3653909e+08   0.000000e+00   1.370795e+08   9380s
 1419413    4.3689356e+08   0.000000e+00   1.363275e+08   9387s
 1421439    4.3732182e+08   0.000000e+00   1.362419e+08   9391s
 1426633    4.3823392e+08   0.000000e+00   1.876395e+08   9397s
 1428676    4.3858272e+08   0.000000e+00   1.898862e+08   9400s
 1432782    4.3938853e+08   0.000000e+00   1.917998e+08   9407s
 1434791    4.3967116e+08   0.000000e+00   1.973015e+08   9411s
 1436800    4.3995867e+08   0.000000e+00   2.017943e+08   9416s
 1439603    4.4046320e+08   0.000000e+00   2.012057e+08   9421s
 1442625    4.4098064e+08   0.000000e+00   1.573963e+08   9427s
 1444562    4.4127639e+08   0.000000e+00   1.629052e+08   9432s
 1446565    4.4163117e+08   0.000000e+00   1.588146e+08   9437s
 1448570    4.4186734e+08   0.000000e+00   1.590592e+08   9442s
 1450488    4.4210311e+08   0.000000e+00   1.574098e+08   9446s
 1452270    4.4231154e+08   0.000000e+00   1.599314e+08   9451s
 1454280    4.4263081e+08   0.000000e+00   1.593714e+08   9457s
 1456291    4.4289535e+08   0.000000e+00   1.600443e+08   9462s
 1457295    4.4309995e+08   0.000000e+00   1.552055e+08   9465s
 1459313    4.4330056e+08   0.000000e+00   1.544590e+08   9470s
 1462100    4.4366795e+08   0.000000e+00   1.559854e+08   9477s
 1463110    4.4388588e+08   0.000000e+00   1.548902e+08   9480s
 1464896    4.4424435e+08   0.000000e+00   1.511054e+08   9486s
 1466903    4.4453545e+08   0.000000e+00   1.518375e+08   9491s
 1468686    4.4481059e+08   0.000000e+00   1.626159e+08   9497s
 1469691    4.4491988e+08   0.000000e+00   1.624598e+08   9500s
 1472533    4.4521099e+08   0.000000e+00   1.649031e+08   9507s
 1473504    4.4546742e+08   0.000000e+00   1.611114e+08   9510s
 1475519    4.4585994e+08   0.000000e+00   1.543433e+08   9516s
 1477527    4.4617140e+08   0.000000e+00   1.609010e+08   9520s
 1480070    4.4651521e+08   0.000000e+00   1.356381e+08   9525s
 1483364    4.4724790e+08   0.000000e+00   3.257905e+08   9531s
 1485704    4.4775082e+08   0.000000e+00   3.404892e+08   9535s
 1488824    4.4813203e+08   0.000000e+00   3.834932e+08   9542s
 1490384    4.4829713e+08   0.000000e+00   5.874372e+08   9546s
 1493023    4.4864886e+08   0.000000e+00   7.768217e+08   9551s
 1495585    4.4894281e+08   0.000000e+00   8.972738e+08   9556s
 1498270    4.4931004e+08   0.000000e+00   1.048652e+09   9561s
 1500610    4.4964183e+08   0.000000e+00   8.954698e+08   9566s
 1504048    4.5011058e+08   0.000000e+00   9.575095e+08   9571s
 1507174    4.5059270e+08   0.000000e+00   1.813993e+09   9576s
 1509932    4.5112758e+08   0.000000e+00   1.765083e+09   9580s
 1514945    4.5184917e+08   0.000000e+00   9.015904e+08   9585s
 1518572    4.5221114e+08   0.000000e+00   1.092405e+09   9591s
 1522209    4.5269196e+08   0.000000e+00   1.013560e+09   9596s
 1524991    4.5307892e+08   0.000000e+00   1.002732e+09   9600s
 1527428    4.5334009e+08   0.000000e+00   9.827417e+08   9605s
 1530059    4.5370430e+08   0.000000e+00   1.170055e+09   9610s
 1533791    4.5423543e+08   0.000000e+00   1.156516e+09   9615s
 1537392    4.5455717e+08   0.000000e+00   1.044816e+09   9620s
 1540514    4.5482798e+08   0.000000e+00   1.600802e+09   9626s
 1542856    4.5507622e+08   0.000000e+00   2.950732e+09   9631s
 1546641    4.5561725e+08   0.000000e+00   1.547881e+09   9636s
 1551647    4.5614503e+08   0.000000e+00   1.559495e+09   9641s
 1555435    4.5684924e+08   0.000000e+00   1.810879e+09   9646s
 1559441    4.5748648e+08   0.000000e+00   1.466134e+09   9651s
 1562179    4.5775728e+08   0.000000e+00   1.407529e+09   9655s
 1565965    4.5833788e+08   0.000000e+00   1.719766e+09   9661s
 1569974    4.5886451e+08   0.000000e+00   1.732342e+09   9665s
 1573759    4.5931914e+08   0.000000e+00   1.858727e+09   9670s
 1577549    4.5996240e+08   0.000000e+00   1.513830e+09   9676s
 1581334    4.6038752e+08   0.000000e+00   1.772234e+09   9681s
 1584123    4.6088641e+08   0.000000e+00   2.523781e+09   9685s
 1587130    4.6140526e+08   0.000000e+00   2.412518e+09   9690s
 1590139    4.6205213e+08   0.000000e+00   2.468140e+09   9695s
 1594155    4.6269027e+08   0.000000e+00   2.455133e+09   9701s
 1597166    4.6342223e+08   0.000000e+00   2.480849e+09   9706s
 1601171    4.6424804e+08   0.000000e+00   2.510722e+09   9711s
 1604120    4.6474110e+08   0.000000e+00   2.459400e+09   9716s
 1606904    4.6510715e+08   0.000000e+00   1.634565e+09   9721s
 1609911    4.6557371e+08   0.000000e+00   9.210297e+08   9726s
 1612694    4.6602884e+08   0.000000e+00   1.317752e+09   9731s
 1615649    4.6646720e+08   0.000000e+00   2.054735e+09   9735s
 1618434    4.6688868e+08   0.000000e+00   2.100461e+09   9741s
 1620436    4.6719347e+08   0.000000e+00   1.913438e+09   9745s
 1623368    4.6750694e+08   0.000000e+00   1.379234e+09   9751s
 1626376    4.6790572e+08   0.000000e+00   1.410826e+09   9755s
 1630165    4.6861011e+08   0.000000e+00   1.438700e+09   9761s
 1632950    4.6894207e+08   0.000000e+00   1.931614e+09   9767s
 1634736    4.6919813e+08   0.000000e+00   8.853595e+08   9771s
 1637742    4.6948906e+08   0.000000e+00   7.193248e+08   9775s
 1640526    4.6977468e+08   0.000000e+00   7.007241e+08   9780s
 1643871    4.7008217e+08   0.000000e+00   8.325860e+08   9786s
 1646842    4.7043451e+08   0.000000e+00   6.296733e+08   9792s
 1648847    4.7072424e+08   0.000000e+00   6.392748e+08   9795s
 1651860    4.7115910e+08   0.000000e+00   6.431140e+08   9800s
 1655750    4.7180808e+08   0.000000e+00   6.205166e+08   9806s
 1658536    4.7221695e+08   0.000000e+00   1.815940e+09   9812s
 1661545    4.7273753e+08   0.000000e+00   1.784938e+09   9816s
 1663249    4.7291628e+08   0.000000e+00   2.241613e+09   9822s
 1665203    4.7322228e+08   0.000000e+00   1.581488e+09   9826s
 1666984    4.7354612e+08   0.000000e+00   1.668557e+09   9830s
 1669768    4.7382779e+08   0.000000e+00   1.669310e+09   9836s
 1671774    4.7401960e+08   0.000000e+00   1.672158e+09   9841s
 1674565    4.7429990e+08   0.000000e+00   1.651110e+09   9846s
 1676568    4.7449725e+08   0.000000e+00   1.651283e+09   9850s
 1679573    4.7483901e+08   0.000000e+00   1.666815e+09   9856s
 1681913    4.7506616e+08   0.000000e+00   1.654945e+09   9862s
 1684917    4.7540461e+08   0.000000e+00   1.637149e+09   9866s
 1686601    4.7556142e+08   0.000000e+00   2.490303e+09   9870s
 1688941    4.7580978e+08   0.000000e+00   1.880574e+09   9876s
 1691959    4.7617157e+08   0.000000e+00   1.914697e+09   9882s
 1694992    4.7651071e+08   0.000000e+00   1.911032e+09   9887s
 1697012    4.7675893e+08   0.000000e+00   1.892603e+09   9890s
 1699580    4.7695304e+08   0.000000e+00   1.912679e+09   9897s
 1701270    4.7714888e+08   0.000000e+00   1.851256e+09   9901s
 1704210    4.7744991e+08   0.000000e+00   1.746987e+09   9907s
 1705992    4.7753962e+08   0.000000e+00   1.693239e+09   9912s
 1707774    4.7767231e+08   0.000000e+00   1.546961e+09   9917s
 1709555    4.7783468e+08   0.000000e+00   1.548985e+09   9920s
 1712561    4.7806581e+08   0.000000e+00   1.639377e+09   9927s
 1714569    4.7824682e+08   0.000000e+00   1.625503e+09   9931s
 1716129    4.7835720e+08   0.000000e+00   2.148173e+09   9936s
 1717913    4.7851471e+08   0.000000e+00   1.379980e+09   9942s
 1719694    4.7861253e+08   0.000000e+00   1.463179e+09   9946s
 1721268    4.7878666e+08   0.000000e+00   1.475522e+09   9951s
 1723271    4.7891940e+08   0.000000e+00   1.506084e+09   9955s
 1725280    4.7907262e+08   0.000000e+00   1.514496e+09   9960s
 1727286    4.7916183e+08   0.000000e+00   1.478137e+09   9965s
 1730069    4.7943300e+08   0.000000e+00   1.473135e+09   9972s
 1731895    4.7953968e+08   0.000000e+00   1.331699e+09   9977s
 1733898    4.7967550e+08   0.000000e+00   1.321185e+09   9981s
 1735839    4.7978837e+08   0.000000e+00   2.542988e+09   9985s
 1738410    4.7998777e+08   0.000000e+00   4.010701e+08   9993s
 1739190    4.8001930e+08   0.000000e+00   6.115516e+08   9995s
 1740750    4.8019583e+08   0.000000e+00   1.652628e+10  10001s
 1743090    4.8045943e+08   0.000000e+00   1.082039e+11  10007s
 1744651    4.8061672e+08   0.000000e+00   1.485903e+11  10010s
 1747771    4.8081188e+08   0.000000e+00   3.440879e+11  10016s
 1749331    4.8095984e+08   0.000000e+00   1.524370e+11  10020s
 1751892    4.8120387e+08   0.000000e+00   1.881364e+10  10025s
 1755233    4.8152138e+08   0.000000e+00   1.291833e+10  10031s
 1758015    4.8176355e+08   0.000000e+00   1.572776e+10  10036s
 1761799    4.8211141e+08   0.000000e+00   1.194523e+12  10042s
 1764741    4.8236009e+08   0.000000e+00   1.207698e+12  10046s
 1767081    4.8247754e+08   0.000000e+00   1.354539e+12  10051s
 1769864    4.8263370e+08   0.000000e+00   1.355201e+12  10055s
 1773206    4.8277605e+08   0.000000e+00   1.407349e+12  10061s
 1775899    4.8296785e+08   0.000000e+00   1.456923e+12  10065s
 1778681    4.8312822e+08   0.000000e+00   1.556881e+12  10071s
 1781244    4.8321871e+08   0.000000e+00   1.556558e+12  10075s
 1784813    4.8343560e+08   0.000000e+00   1.514032e+12  10081s
 1787155    4.8362286e+08   0.000000e+00   1.588015e+12  10086s
 1789704    4.8383525e+08   0.000000e+00   1.276852e+11  10090s
 1793271    4.8410965e+08   0.000000e+00   1.717493e+10  10096s
 1796053    4.8427683e+08   0.000000e+00   1.694849e+10  10101s
 1797614    4.8447621e+08   0.000000e+00   1.401334e+11  10105s
 1800177    4.8466377e+08   0.000000e+00   2.823257e+12  10114s
 1800959    4.8471672e+08   0.000000e+00   1.038888e+12  10116s
 1803962    4.8491927e+08   0.000000e+00   1.040595e+12  10120s
 1807667    4.8524439e+08   0.000000e+00   1.499735e+11  10127s
 1809670    4.8537454e+08   0.000000e+00   1.508738e+11  10130s
 1812250    4.8557929e+08   0.000000e+00   3.810274e+10  10135s
 1816255    4.8603333e+08   0.000000e+00   4.034975e+10  10141s
 1819260    4.8634223e+08   0.000000e+00   3.784285e+10  10145s
 1822267    4.8661800e+08   0.000000e+00   3.845766e+10  10151s
 1824875    4.8681076e+08   0.000000e+00   5.222752e+10  10156s
 1827657    4.8711785e+08   0.000000e+00   5.395689e+10  10161s
 1830662    4.8741006e+08   0.000000e+00   5.420729e+10  10166s
 1832343    4.8753303e+08   0.000000e+00   4.632257e+10  10170s
 1835348    4.8777333e+08   0.000000e+00   4.708176e+10  10176s
 1838354    4.8801263e+08   0.000000e+00   7.832625e+10  10180s
 1841358    4.8828114e+08   0.000000e+00   8.491083e+10  10185s
 1844218    4.8853001e+08   0.000000e+00   1.378347e+10  10191s
 1847230    4.8874715e+08   0.000000e+00   9.569065e+09  10196s
 1848790    4.8894477e+08   0.000000e+00   9.617321e+09  10201s
 1851578    4.8944388e+08   0.000000e+00   8.732443e+09  10206s
 1853557    4.8954382e+08   0.000000e+00   9.032370e+09  10210s
 1856343    4.8972373e+08   0.000000e+00   4.653549e+09  10215s
 1859096    4.8984621e+08   0.000000e+00   4.249278e+09  10221s
 1861100    4.8991838e+08   0.000000e+00   3.647140e+09  10225s
 1864108    4.9006094e+08   0.000000e+00   3.648836e+09  10231s
 1866113    4.9016667e+08   0.000000e+00   1.994938e+09  10235s
 1868897    4.9026867e+08   0.000000e+00   2.172763e+09  10241s
 1870902    4.9033122e+08   0.000000e+00   2.316091e+09  10246s
 1873688    4.9042256e+08   0.000000e+00   2.344991e+09  10252s
 1875537    4.9064581e+08   0.000000e+00   2.690450e+09  10256s
 1878743    4.9121039e+08   0.000000e+00   2.687473e+09  10260s
 1882929    4.9176077e+08   0.000000e+00   2.387734e+09  10267s
 1884489    4.9182457e+08   0.000000e+00   3.413911e+09  10273s
 1885269    4.9191885e+08   0.000000e+00   4.068334e+09  10275s
 1887609    4.9208039e+08   0.000000e+00   9.986141e+09  10281s
 1889169    4.9217980e+08   0.000000e+00   1.005663e+10  10286s
 1891567    4.9231093e+08   0.000000e+00   1.648841e+09  10291s
 1893911    4.9256585e+08   0.000000e+00   2.423378e+09  10297s
 1895471    4.9268491e+08   0.000000e+00   3.978321e+09  10302s
 1897031    4.9279547e+08   0.000000e+00   5.356878e+09  10306s
 1899814    4.9300729e+08   0.000000e+00   4.164779e+09  10311s
 1902376    4.9318954e+08   0.000000e+00   3.648390e+09  10315s
 1905795    4.9337466e+08   0.000000e+00   3.098278e+09  10321s
 1908135    4.9348971e+08   0.000000e+00   1.377296e+09  10326s
 1910917    4.9376359e+08   0.000000e+00   1.412620e+09  10330s
 1913481    4.9387195e+08   0.000000e+00   1.329538e+09  10336s
 1915957    4.9400160e+08   0.000000e+00   7.180708e+08  10341s
 1919677    4.9424417e+08   0.000000e+00   1.131022e+09  10347s
 1922356    4.9434434e+08   0.000000e+00   1.581572e+09  10351s
 1924696    4.9447799e+08   0.000000e+00   1.009304e+09  10356s
 1927478    4.9460820e+08   0.000000e+00   1.142160e+09  10361s
 1930483    4.9483464e+08   0.000000e+00   1.070008e+09  10366s
 1932213    4.9492669e+08   0.000000e+00   9.374184e+08  10371s
 1934996    4.9509525e+08   0.000000e+00   9.306269e+08  10376s
 1937420    4.9521130e+08   0.000000e+00   1.177989e+09  10382s
 1938980    4.9531965e+08   0.000000e+00   2.225713e+09  10386s
 1940681    4.9543453e+08   0.000000e+00   8.050937e+08  10390s
 1943226    4.9554371e+08   0.000000e+00   3.806477e+08  10397s
 1946230    4.9569244e+08   0.000000e+00   8.562141e+08  10401s
 1947923    4.9579461e+08   0.000000e+00   5.418366e+08  10405s
 1950705    4.9593505e+08   0.000000e+00   5.483966e+08  10411s
 1952311    4.9606593e+08   0.000000e+00   2.065539e+09  10416s
 1954872    4.9617232e+08   0.000000e+00   1.730467e+09  10422s
 1957655    4.9635067e+08   0.000000e+00   1.727981e+09  10426s
 1959438    4.9646326e+08   0.000000e+00   1.767255e+09  10430s
 1962429    4.9661201e+08   0.000000e+00   2.046300e+09  10436s
 1963989    4.9664721e+08   0.000000e+00   1.851743e+09  10442s
 1965549    4.9668503e+08   0.000000e+00   8.116835e+08  10445s
 1968075    4.9691346e+08   0.000000e+00   8.089798e+08  10451s
 1970857    4.9709783e+08   0.000000e+00   8.266061e+08  10456s
 1972417    4.9714818e+08   0.000000e+00   7.280420e+08  10460s
 1975218    4.9723173e+08   0.000000e+00   7.468950e+08  10467s
 1976780    4.9726898e+08   0.000000e+00   6.493785e+08  10473s
 1978478    4.9733602e+08   0.000000e+00   6.347532e+08  10477s
 1980482    4.9738903e+08   0.000000e+00   6.512190e+08  10481s
 1982042    4.9741687e+08   0.000000e+00   7.116110e+08  10486s
 1983643    4.9755664e+08   0.000000e+00   6.398389e+08  10492s
 1985635    4.9763058e+08   0.000000e+00   6.184972e+08  10496s
 1987419    4.9766924e+08   0.000000e+00   6.082561e+08  10500s
 1988979    4.9774833e+08   0.000000e+00   1.010126e+10  10506s
 1990539    4.9789632e+08   0.000000e+00   1.431158e+10  10511s
 1992879    4.9815084e+08   0.000000e+00   3.522392e+09  10517s
 1994439    4.9823538e+08   0.000000e+00   3.858566e+09  10520s
 1996779    4.9835110e+08   0.000000e+00   1.480915e+09  10526s
 1999208    4.9847549e+08   0.000000e+00   1.231668e+09  10530s
 2001684    4.9856321e+08   0.000000e+00   2.214943e+09  10535s
 2004245    4.9869898e+08   0.000000e+00   2.766901e+09  10540s
 2007747    4.9887387e+08   0.000000e+00   1.443859e+09  10546s
 2009307    4.9892623e+08   0.000000e+00   7.148627e+09  10551s
 2010867    4.9897555e+08   0.000000e+00   6.470945e+09  10556s
 2013430    4.9906207e+08   0.000000e+00   6.906312e+09  10562s
 2015211    4.9914664e+08   0.000000e+00   6.160429e+09  10565s
 2017993    4.9928778e+08   0.000000e+00   5.500105e+09  10570s
 2020554    4.9938527e+08   0.000000e+00   5.805208e+09  10575s
 2023336    4.9948541e+08   0.000000e+00   5.466452e+09  10580s
 2025939    4.9962692e+08   0.000000e+00   6.185948e+09  10585s
 2028715    4.9974658e+08   0.000000e+00   4.245789e+09  10591s
 2031404    4.9986867e+08   0.000000e+00   2.738946e+09  10596s
 2033966    4.9994475e+08   0.000000e+00   2.106161e+09  10601s
 2036527    5.0006573e+08   0.000000e+00   2.189606e+09  10607s
 2038530    5.0014235e+08   0.000000e+00   2.252857e+09  10610s
 2041313    5.0023523e+08   0.000000e+00   1.228673e+09  10616s
 2043874    5.0031339e+08   0.000000e+00   5.055928e+09  10621s
 2045656    5.0033978e+08   0.000000e+00   7.476957e+08  10626s
 2048218    5.0040716e+08   0.000000e+00   9.820116e+08  10631s
 2049999    5.0045830e+08   0.000000e+00   7.834364e+08  10636s
 2051559    5.0050624e+08   0.000000e+00   4.420491e+08  10641s
 2053119    5.0053790e+08   0.000000e+00   5.006838e+08  10646s
 2055902    5.0060330e+08   0.000000e+00   4.797342e+08  10651s
 2057473    5.0065505e+08   0.000000e+00   5.680573e+08  10655s
 2059256    5.0073796e+08   0.000000e+00   2.959449e+08  10660s
 2061596    5.0084990e+08   0.000000e+00   7.805424e+10  10666s
 2063936    5.0091190e+08   0.000000e+00   1.455141e+11  10672s
 2066372    5.0099622e+08   0.000000e+00   1.496380e+11  10676s
 2069154    5.0114436e+08   0.000000e+00   5.863735e+10  10681s
 2072495    5.0119711e+08   0.000000e+00   5.835219e+10  10687s
 2074253    5.0127514e+08   0.000000e+00   4.610080e+10  10690s
 2077730    5.0136106e+08   0.000000e+00   1.140604e+11  10697s
 2079290    5.0139686e+08   0.000000e+00   1.227533e+11  10701s
 2081770    5.0145088e+08   0.000000e+00   1.173604e+11  10705s
 2084110    5.0150537e+08   0.000000e+00   7.479565e+10  10710s
 2088031    5.0163773e+08   0.000000e+00   8.882891e+10  10717s
 2090886    5.0172915e+08   0.000000e+00   1.151374e+11  10722s
 2092497    5.0176395e+08   0.000000e+00   1.171261e+11  10726s
 2094837    5.0184599e+08   0.000000e+00   9.018330e+10  10731s
 2097748    5.0194888e+08   0.000000e+00   9.857402e+10  10736s
 2100271    5.0200739e+08   0.000000e+00   9.920264e+10  10741s
 2103081    5.0207846e+08   0.000000e+00   1.053256e+11  10747s
 2105643    5.0213903e+08   0.000000e+00   1.067756e+11  10752s
 2107424    5.0219421e+08   0.000000e+00   1.044391e+11  10755s
 2110432    5.0224299e+08   0.000000e+00   9.436614e+10  10760s
 2113246    5.0232655e+08   0.000000e+00   8.360335e+10  10766s
 2117260    5.0242329e+08   0.000000e+00   7.861755e+10  10771s
 2118821    5.0246737e+08   0.000000e+00   1.414247e+08  10776s
 2121161    5.0254964e+08   0.000000e+00   8.769626e+08  10782s
 2122721    5.0258872e+08   0.000000e+00   2.853669e+09  10786s
 2125061    5.0264836e+08   0.000000e+00   4.067725e+08  10791s
 2126621    5.0267749e+08   0.000000e+00   4.364229e+08  10795s
 2128181    5.0270804e+08   0.000000e+00   3.776758e+08  10800s
 2130742    5.0277650e+08   0.000000e+00   3.934675e+08  10806s
 2133303    5.0291533e+08   0.000000e+00   1.062345e+08  10811s
 2135880    5.0299452e+08   0.000000e+00   1.095638e+08  10815s
 2138336    5.0304795e+08   0.000000e+00   1.365642e+08  10820s
 2140867    5.0312814e+08   0.000000e+00   1.208953e+08  10825s
 2144396    5.0323371e+08   0.000000e+00   1.777948e+08  10831s
 2145956    5.0327272e+08   0.000000e+00   1.420473e+08  10836s
 2148517    5.0336572e+08   0.000000e+00   1.612518e+08  10841s
 2151299    5.0342115e+08   0.000000e+00   1.350627e+08  10846s
 2153640    5.0347450e+08   0.000000e+00   8.962168e+08  10852s
 2155200    5.0350112e+08   0.000000e+00   2.854919e+09  10857s
 2156779    5.0358421e+08   0.000000e+00   1.988394e+08  10861s
 2159340    5.0362808e+08   0.000000e+00   1.022323e+09  10866s
 2160900    5.0364998e+08   0.000000e+00   7.204758e+08  10871s
 2163240    5.0367697e+08   0.000000e+00   9.672112e+08  10876s
 2165021    5.0370410e+08   0.000000e+00   1.097766e+08  10880s
 2167361    5.0373748e+08   0.000000e+00   1.111848e+08  10887s
 2169071    5.0376610e+08   0.000000e+00   7.283047e+09  10891s
 2171498    5.0383734e+08   0.000000e+00   3.232049e+10  10897s
 2173058    5.0385900e+08   0.000000e+00   1.948353e+09  10900s
 2175623    5.0391892e+08   0.000000e+00   1.623613e+09  10905s
 2178300    5.0396703e+08   0.000000e+00   1.866687e+09  10910s
 2181303    5.0402613e+08   0.000000e+00   4.159805e+09  10915s
 2183864    5.0406511e+08   0.000000e+00   5.930563e+09  10920s
 2186612    5.0409843e+08   0.000000e+00   6.895374e+08  10925s
 2189174    5.0413590e+08   0.000000e+00   2.196440e+09  10931s
 2191957    5.0416720e+08   0.000000e+00   8.562513e+09  10935s
 2194965    5.0421340e+08   0.000000e+00   8.413982e+09  10940s
 2198753    5.0426197e+08   0.000000e+00   1.321393e+09  10946s
 2201762    5.0430212e+08   0.000000e+00   2.036770e+09  10950s
 2204658    5.0435234e+08   0.000000e+00   2.094061e+09  10955s
 2207452    5.0439246e+08   0.000000e+00   2.254955e+09  10961s
 2210021    5.0442786e+08   0.000000e+00   2.583156e+09  10966s
 2212811    5.0446160e+08   0.000000e+00   5.468110e+07  10971s
 2214371    5.0449087e+08   0.000000e+00   4.715242e+08  10976s
 2216932    5.0453029e+08   0.000000e+00   3.224799e+08  10981s
 2219570    5.0455442e+08   0.000000e+00   1.113323e+08  10986s
 2221910    5.0457800e+08   0.000000e+00   3.967678e+07  10990s
 2224471    5.0461473e+08   0.000000e+00   7.005971e+07  10995s
 2227032    5.0464330e+08   0.000000e+00   2.038086e+08  11000s
 2229372    5.0468328e+08   0.000000e+00   7.790823e+08  11006s
 2232154    5.0472012e+08   0.000000e+00   9.714112e+08  11010s
 2234538    5.0475603e+08   0.000000e+00   5.145057e+07  11016s
 2237168    5.0478467e+08   0.000000e+00   1.747219e+08  11020s
 2239730    5.0480471e+08   0.000000e+00   1.733519e+08  11027s
 2241393    5.0482296e+08   0.000000e+00   1.746549e+08  11031s
 2242954    5.0483482e+08   0.000000e+00   1.605888e+08  11035s
 2245515    5.0485635e+08   0.000000e+00   5.020957e+07  11041s
 2248162    5.0488082e+08   0.000000e+00   6.394885e+07  11046s
 2249722    5.0490112e+08   0.000000e+00   1.141140e+08  11050s
 2252062    5.0493276e+08   0.000000e+00   2.299904e+07  11056s
 2254402    5.0495112e+08   0.000000e+00   7.248109e+09  11062s
 2255962    5.0496807e+08   0.000000e+00   1.308427e+08  11066s
 2258965    5.0500410e+08   0.000000e+00   1.417020e+08  11071s
 2261606    5.0503357e+08   0.000000e+00   6.565323e+08  11076s
 2264222    5.0505751e+08   0.000000e+00   2.751333e+07  11083s
 2265782    5.0506715e+08   0.000000e+00   1.933363e+07  11087s
 2267342    5.0508011e+08   0.000000e+00   2.145316e+07  11091s
 2268902    5.0509369e+08   0.000000e+00   3.491544e+07  11095s
 2271529    5.0513441e+08   0.000000e+00   4.954393e+07  11101s
 2274306    5.0516640e+08   0.000000e+00   8.928901e+07  11106s
 2277090    5.0518860e+08   0.000000e+00   1.134417e+08  11111s
 2279873    5.0520926e+08   0.000000e+00   3.308499e+07  11116s
 2282434    5.0522335e+08   0.000000e+00   4.859696e+07  11121s
 2284442    5.0524101e+08   0.000000e+00   1.045538e+07  11125s
 2286782    5.0526226e+08   0.000000e+00   1.190607e+08  11131s
 2288342    5.0527176e+08   0.000000e+00   4.002390e+07  11135s
 2290682    5.0528396e+08   0.000000e+00   2.429686e+07  11140s
 2293022    5.0529814e+08   0.000000e+00   5.864886e+07  11146s
 2295362    5.0531243e+08   0.000000e+00   1.654711e+08  11151s
 2298145    5.0533323e+08   0.000000e+00   5.898286e+07  11158s
 2298925    5.0534198e+08   0.000000e+00   3.124370e+07  11160s
 2301265    5.0536136e+08   0.000000e+00   3.961940e+07  11166s
 2303605    5.0538554e+08   0.000000e+00   1.649381e+07  11172s
 2306163    5.0540809e+08   0.000000e+00   1.639406e+09  11177s
 2307723    5.0541616e+08   0.000000e+00   8.323029e+06  11182s
 2308503    5.0542400e+08   0.000000e+00   6.024962e+06  11185s
 2310846    5.0545880e+08   0.000000e+00   2.108445e+07  11191s
 2313407    5.0548269e+08   0.000000e+00   8.052582e+06  11196s
 2315747    5.0549640e+08   0.000000e+00   5.956843e+07  11202s
 2317528    5.0551036e+08   0.000000e+00   5.320081e+06  11205s
 2319868    5.0552651e+08   0.000000e+00   4.145584e+06  11212s
 2322871    5.0554441e+08   0.000000e+00   2.868947e+07  11216s
 2326886    5.0557424e+08   0.000000e+00   2.854768e+07  11220s
 2330898    5.0559491e+08   0.000000e+00   2.870436e+07  11225s
 2335923    5.0562929e+08   0.000000e+00   1.685988e+07  11230s
 2339739    5.0565148e+08   0.000000e+00   5.713384e+06  11237s
 2341299    5.0565588e+08   0.000000e+00   9.149856e+06  11240s
 2344751    5.0566485e+08   0.000000e+00   4.896189e+06  11247s
 2347535    5.0567489e+08   0.000000e+00   3.847014e+06  11252s
 2349095    5.0567814e+08   0.000000e+00   1.942072e+06  11256s
 2351804    5.0568740e+08   0.000000e+00   6.188642e+06  11261s
 2354365    5.0569167e+08   0.000000e+00   8.509414e+05  11266s
 2358388    5.0571287e+08   0.000000e+00   2.673179e+06  11271s
 2363415    5.0573318e+08   0.000000e+00   2.189914e+06  11276s
 2366373    5.0574401e+08   0.000000e+00   3.948078e+05  11280s
 2370109    5.0574965e+08   0.000000e+00   1.016990e+06  11286s
 2375132    5.0576557e+08   0.000000e+00   2.500558e+06  11291s
 2379165    5.0577620e+08   0.000000e+00   3.202097e+05  11295s
 2384198    5.0578689e+08   0.000000e+00   6.062824e+05  11300s
 2389235    5.0579485e+08   0.000000e+00   4.695157e+05  11305s
 2393258    5.0579903e+08   0.000000e+00   4.352256e+05  11310s
 2397051    5.0580089e+08   0.000000e+00   3.438948e+04  11316s
 2401068    5.0580258e+08   0.000000e+00   2.278282e+03  11321s
 2404810    5.0580268e+08   0.000000e+00   0.000000e+00  11325s
 2404810    5.0580268e+08   0.000000e+00   0.000000e+00  11326s

Root relaxation: objective 5.058027e+08, 2404810 iterations, 10509.18 seconds (15547.72 work units)

    Nodes    |    Current Node    |     Objective Bounds      |     Work
 Expl Unexpl |  Obj  Depth IntInf | Incumbent    BestBd   Gap | It/Node Time

     0     0 5.0580e+08    0 2649          - 5.0580e+08      -     - 11350s
     0     0 5.0575e+08    0 2647          - 5.0575e+08      -     - 11352s
Another try with MIP start
     0     0 5.0548e+08    0 3078          - 5.0548e+08      -     - 13172s
     0     0 5.0545e+08    0 3081          - 5.0545e+08      -     - 13173s
     0     0 5.0535e+08    0 3043          - 5.0535e+08      -     - 13202s
     0     0 5.0528e+08    0 3042          - 5.0528e+08      -     - 13211s
     0     0 5.0521e+08    0 3025          - 5.0521e+08      -     - 13220s
     0     0 5.0515e+08    0 3016          - 5.0515e+08      -     - 13227s
     0     0 5.0510e+08    0 3005          - 5.0510e+08      -     - 13237s
     0     0 5.0506e+08    0 2990          - 5.0506e+08      -     - 13245s
     0     0 5.0502e+08    0 2981          - 5.0502e+08      -     - 13252s
     0     0 5.0498e+08    0 2968          - 5.0498e+08      -     - 13261s
     0     0 5.0495e+08    0 2946          - 5.0495e+08      -     - 13269s
     0     0 5.0492e+08    0 2937          - 5.0492e+08      -     - 13276s
     0     0 5.0490e+08    0 2925          - 5.0490e+08      -     - 13283s
     0     0 5.0487e+08    0 2911          - 5.0487e+08      -     - 13290s
     0     0 5.0485e+08    0 2898          - 5.0485e+08      -     - 13297s
     0     0 5.0483e+08    0 2897          - 5.0483e+08      -     - 13305s
     0     0 5.0481e+08    0 2893          - 5.0481e+08      -     - 13312s
     0     0 5.0479e+08    0 2899          - 5.0479e+08      -     - 13322s
     0     0 5.0477e+08    0 2882          - 5.0477e+08      -     - 13329s
     0     0 5.0475e+08    0 2881          - 5.0475e+08      -     - 13335s
     0     0 5.0474e+08    0 2871          - 5.0474e+08      -     - 13340s
     0     0 5.0473e+08    0 2870          - 5.0473e+08      -     - 13346s
     0     0 5.0471e+08    0 2859          - 5.0471e+08      -     - 13352s
     0     0 5.0470e+08    0 2859          - 5.0470e+08      -     - 13357s
     0     0 5.0468e+08    0 2865          - 5.0468e+08      -     - 13363s
     0     0 5.0467e+08    0 2866          - 5.0467e+08      -     - 13368s
     0     0 5.0466e+08    0 2868          - 5.0466e+08      -     - 13373s
     0     0 5.0465e+08    0 2869          - 5.0465e+08      -     - 13378s
     0     0 5.0464e+08    0 2868          - 5.0464e+08      -     - 13382s
     0     0 5.0463e+08    0 2864          - 5.0463e+08      -     - 13387s
     0     0 5.0462e+08    0 2864          - 5.0462e+08      -     - 13391s
     0     0 5.0461e+08    0 2861          - 5.0461e+08      -     - 13396s
     0     0 5.0460e+08    0 2861          - 5.0460e+08      -     - 13401s
     0     0 5.0459e+08    0 2860          - 5.0459e+08      -     - 13406s
     0     0 5.0458e+08    0 2852          - 5.0458e+08      -     - 13411s
     0     0 5.0457e+08    0 2852          - 5.0457e+08      -     - 13415s
     0     0 5.0456e+08    0 2858          - 5.0456e+08      -     - 13419s
     0     0 5.0455e+08    0 2854          - 5.0455e+08      -     - 13423s
     0     0 5.0454e+08    0 2854          - 5.0454e+08      -     - 13427s
     0     0 5.0453e+08    0 2860          - 5.0453e+08      -     - 13432s
     0     0 5.0452e+08    0 2851          - 5.0452e+08      -     - 13437s
     0     0 5.0451e+08    0 2855          - 5.0451e+08      -     - 13441s
     0     0 5.0450e+08    0 2853          - 5.0450e+08      -     - 13445s
     0     0 5.0450e+08    0 2852          - 5.0450e+08      -     - 13449s
     0     0 5.0449e+08    0 2847          - 5.0449e+08      -     - 13454s
     0     0 5.0448e+08    0 2846          - 5.0448e+08      -     - 13458s
     0     0 5.0448e+08    0 2845          - 5.0448e+08      -     - 13462s
     0     0 5.0447e+08    0 2845          - 5.0447e+08      -     - 13466s
     0     0 5.0447e+08    0 2842          - 5.0447e+08      -     - 13471s
     0     0 5.0446e+08    0 2843          - 5.0446e+08      -     - 13475s
     0     0 5.0445e+08    0 2844          - 5.0445e+08      -     - 13479s
     0     0 5.0445e+08    0 2834          - 5.0445e+08      -     - 13484s
     0     0 5.0444e+08    0 2833          - 5.0444e+08      -     - 13488s
     0     0 5.0444e+08    0 2830          - 5.0444e+08      -     - 13492s
     0     0 5.0443e+08    0 2831          - 5.0443e+08      -     - 13496s
     0     0 5.0442e+08    0 2831          - 5.0442e+08      -     - 13500s
     0     0 5.0442e+08    0 2831          - 5.0442e+08      -     - 13504s
     0     0 5.0441e+08    0 2828          - 5.0441e+08      -     - 13508s
     0     0 5.0441e+08    0 2825          - 5.0441e+08      -     - 13512s
     0     0 5.0440e+08    0 2828          - 5.0440e+08      -     - 13516s
     0     0 5.0440e+08    0 2826          - 5.0440e+08      -     - 13520s
     0     0 5.0439e+08    0 2825          - 5.0439e+08      -     - 13524s
     0     0 5.0439e+08    0 2823          - 5.0439e+08      -     - 13528s
     0     0 5.0438e+08    0 2823          - 5.0438e+08      -     - 13532s
     0     0 5.0438e+08    0 2825          - 5.0438e+08      -     - 13536s
     0     0 5.0438e+08    0 2820          - 5.0438e+08      -     - 13540s
     0     0 5.0437e+08    0 2819          - 5.0437e+08      -     - 13544s
     0     0 5.0437e+08    0 2820          - 5.0437e+08      -     - 13548s
     0     0 5.0436e+08    0 2817          - 5.0436e+08      -     - 13551s
     0     0 5.0436e+08    0 2817          - 5.0436e+08      -     - 13555s
     0     0 5.0435e+08    0 2819          - 5.0435e+08      -     - 13560s
     0     0 5.0435e+08    0 2817          - 5.0435e+08      -     - 13564s
     0     0 5.0434e+08    0 2817          - 5.0434e+08      -     - 13568s
     0     0 5.0434e+08    0 2817          - 5.0434e+08      -     - 13572s
     0     0 5.0433e+08    0 2814          - 5.0433e+08      -     - 13577s
     0     0 5.0433e+08    0 2813          - 5.0433e+08      -     - 13581s
     0     0 5.0433e+08    0 2813          - 5.0433e+08      -     - 13586s
     0     0 5.0432e+08    0 2809          - 5.0432e+08      -     - 13591s
     0     0 5.0432e+08    0 2805          - 5.0432e+08      -     - 13594s
     0     0 5.0432e+08    0 2800          - 5.0432e+08      -     - 13598s
     0     0 5.0432e+08    0 2797          - 5.0432e+08      -     - 13602s
     0     0 5.0431e+08    0 2795          - 5.0431e+08      -     - 13606s
     0     0 5.0431e+08    0 2794          - 5.0431e+08      -     - 13610s
     0     0 5.0431e+08    0 2792          - 5.0431e+08      -     - 13614s
     0     0 5.0431e+08    0 2796          - 5.0431e+08      -     - 13618s
     0     0 5.0430e+08    0 2793          - 5.0430e+08      -     - 13621s
     0     0 5.0430e+08    0 2794          - 5.0430e+08      -     - 13625s
     0     0 5.0430e+08    0 2793          - 5.0430e+08      -     - 13628s
     0     0 5.0430e+08    0 2795          - 5.0430e+08      -     - 13633s
     0     0 5.0430e+08    0 2795          - 5.0430e+08      -     - 13637s
     0     0 5.0429e+08    0 2796          - 5.0429e+08      -     - 13642s
     0     0 5.0429e+08    0 2793          - 5.0429e+08      -     - 13646s
     0     0 5.0429e+08    0 2787          - 5.0429e+08      -     - 13650s
     0     0 5.0429e+08    0 2787          - 5.0429e+08      -     - 13654s
     0     0 5.0429e+08    0 2785          - 5.0429e+08      -     - 13658s
     0     0 5.0429e+08    0 2784          - 5.0429e+08      -     - 13662s
     0     0 5.0428e+08    0 2784          - 5.0428e+08      -     - 13666s
     0     0 5.0428e+08    0 2786          - 5.0428e+08      -     - 13670s
     0     0 5.0428e+08    0 2786          - 5.0428e+08      -     - 13674s
     0     0 5.0428e+08    0 2787          - 5.0428e+08      -     - 13678s
     0     0 5.0428e+08    0 2786          - 5.0428e+08      -     - 13682s
     0     0 5.0428e+08    0 2786          - 5.0428e+08      -     - 13686s
     0     0 5.0428e+08    0 2786          - 5.0428e+08      -     - 13690s
     0     0 5.0428e+08    0 2786          - 5.0428e+08      -     - 13694s
     0     0 5.0428e+08    0 2783          - 5.0428e+08      -     - 13698s
     0     0 5.0428e+08    0 2783          - 5.0428e+08      -     - 13702s
     0     0 5.0428e+08    0 2784          - 5.0428e+08      -     - 13706s
     0     0 5.0428e+08    0 2783          - 5.0428e+08      -     - 13709s
     0     0 5.0428e+08    0 2781          - 5.0428e+08      -     - 13712s
     0     0 5.0427e+08    0 2781          - 5.0427e+08      -     - 13716s
     0     0 5.0427e+08    0 2781          - 5.0427e+08      -     - 13720s
     0     0 5.0427e+08    0 2781          - 5.0427e+08      -     - 13725s
     0     0 5.0427e+08    0 2779          - 5.0427e+08      -     - 13729s
     0     0 5.0427e+08    0 2778          - 5.0427e+08      -     - 13733s
     0     0 5.0427e+08    0 2778          - 5.0427e+08      -     - 13736s
     0     0 5.0427e+08    0 2778          - 5.0427e+08      -     - 13739s
     0     0 5.0427e+08    0 2778          - 5.0427e+08      -     - 13743s
     0     0 5.0427e+08    0 2778          - 5.0427e+08      -     - 13746s
     0     0 5.0427e+08    0 2778          - 5.0427e+08      -     - 13749s
     0     0 5.0427e+08    0 2778          - 5.0427e+08      -     - 13752s
     0     0 5.0427e+08    0 2779          - 5.0427e+08      -     - 13754s
     0     0 5.0427e+08    0 2779          - 5.0427e+08      -     - 13757s
     0     0 5.0427e+08    0 2779          - 5.0427e+08      -     - 13761s
     0     0 5.0427e+08    0 2780          - 5.0427e+08      -     - 13764s
     0     0 5.0427e+08    0 2780          - 5.0427e+08      -     - 13767s
     0     0 5.0427e+08    0 2780          - 5.0427e+08      -     - 13771s
     0     0 5.0427e+08    0 2780          - 5.0427e+08      -     - 13774s
     0     0 5.0427e+08    0 2780          - 5.0427e+08      -     - 13777s
     0     0 5.0427e+08    0 2780          - 5.0427e+08      -     - 13780s
     0     0 5.0427e+08    0 2780          - 5.0427e+08      -     - 13784s
     0     0 5.0427e+08    0 2780          - 5.0427e+08      -     - 13788s
     0     0 5.0426e+08    0 2780          - 5.0426e+08      -     - 13793s
     0     0 5.0426e+08    0 2781          - 5.0426e+08      -     - 13796s
     0     0 5.0426e+08    0 2781          - 5.0426e+08      -     - 13800s
     0     0 5.0426e+08    0 2780          - 5.0426e+08      -     - 13804s
     0     0 5.0426e+08    0 2780          - 5.0426e+08      -     - 13808s
     0     0 5.0426e+08    0 2780          - 5.0426e+08      -     - 13814s
     0     0 5.0426e+08    0 2780          - 5.0426e+08      -     - 13818s
     0     0 5.0426e+08    0 2780          - 5.0426e+08      -     - 13821s
     0     0 5.0426e+08    0 2780          - 5.0426e+08      -     - 13825s
     0     0 5.0426e+08    0 2780          - 5.0426e+08      -     - 13829s
     0     0 5.0426e+08    0 2780          - 5.0426e+08      -     - 13833s
     0     0 5.0426e+08    0 2780          - 5.0426e+08      -     - 13837s
     0     0 5.0426e+08    0 2781          - 5.0426e+08      -     - 13841s
     0     0 5.0426e+08    0 2781          - 5.0426e+08      -     - 13843s
     0     0 5.0426e+08    0 2781          - 5.0426e+08      -     - 13846s
     0     0 5.0426e+08    0 2781          - 5.0426e+08      -     - 13849s
     0     0 5.0426e+08    0 2781          - 5.0426e+08      -     - 13852s
     0     0 5.0426e+08    0 2781          - 5.0426e+08      -     - 13855s
     0     0 5.0426e+08    0 2781          - 5.0426e+08      -     - 13858s
     0     0 5.0426e+08    0 2781          - 5.0426e+08      -     - 13860s
     0     0 5.0426e+08    0 2780          - 5.0426e+08      -     - 13863s
     0     0 5.0426e+08    0 2781          - 5.0426e+08      -     - 13867s
     0     0 5.0426e+08    0 2781          - 5.0426e+08      -     - 13871s
     0     0 5.0426e+08    0 2781          - 5.0426e+08      -     - 13875s
     0     0 5.0426e+08    0 2781          - 5.0426e+08      -     - 13877s
     0     0 5.0426e+08    0 2781          - 5.0426e+08      -     - 13880s
     0     0 5.0426e+08    0 2781          - 5.0426e+08      -     - 13883s
     0     0 5.0426e+08    0 2781          - 5.0426e+08      -     - 13887s
     0     0 5.0426e+08    0 2781          - 5.0426e+08      -     - 13891s
     0     0 5.0426e+08    0 2781          - 5.0426e+08      -     - 13895s
     0     0 5.0426e+08    0 2781          - 5.0426e+08      -     - 13899s
     0     0 5.0425e+08    0 2781          - 5.0425e+08      -     - 13903s
     0     0 5.0425e+08    0 2781          - 5.0425e+08      -     - 13907s
     0     0 5.0425e+08    0 2776          - 5.0425e+08      -     - 13910s
     0     0 5.0425e+08    0 2776          - 5.0425e+08      -     - 13913s
     0     0 5.0425e+08    0 2776          - 5.0425e+08      -     - 13916s
     0     0 5.0425e+08    0 2776          - 5.0425e+08      -     - 13919s
     0     0 5.0425e+08    0 2776          - 5.0425e+08      -     - 13921s
     0     0 5.0425e+08    0 2776          - 5.0425e+08      -     - 13924s
     0     0 5.0425e+08    0 2776          - 5.0425e+08      -     - 13927s
     0     0 5.0425e+08    0 2776          - 5.0425e+08      -     - 13929s
     0     0 5.0425e+08    0 2776          - 5.0425e+08      -     - 13932s
     0     0 5.0425e+08    0 2776          - 5.0425e+08      -     - 13935s
     0     0 5.0425e+08    0 2776          - 5.0425e+08      -     - 13938s
     0     0 5.0425e+08    0 2776          - 5.0425e+08      -     - 13941s
     0     0 5.0425e+08    0 2776          - 5.0425e+08      -     - 13943s
     0     0 5.0425e+08    0 2776          - 5.0425e+08      -     - 13946s
     0     0 5.0425e+08    0 2776          - 5.0425e+08      -     - 13949s
     0     0 5.0425e+08    0 2776          - 5.0425e+08      -     - 13952s
     0     0 5.0425e+08    0 2776          - 5.0425e+08      -     - 13955s
     0     0 5.0425e+08    0 2776          - 5.0425e+08      -     - 13957s
     0     0 5.0425e+08    0 2776          - 5.0425e+08      -     - 13960s
     0     0 5.0425e+08    0 2776          - 5.0425e+08      -     - 13963s
     0     0 5.0425e+08    0 2776          - 5.0425e+08      -     - 13967s
     0     0 5.0425e+08    0 2776          - 5.0425e+08      -     - 13971s
     0     0 5.0425e+08    0 2776          - 5.0425e+08      -     - 13975s
     0     0 5.0425e+08    0 2774          - 5.0425e+08      -     - 13977s
     0     0 5.0425e+08    0 2776          - 5.0425e+08      -     - 13981s
     0     0 5.0425e+08    0 2774          - 5.0425e+08      -     - 13985s
     0     0 5.0425e+08    0 2774          - 5.0425e+08      -     - 13989s
     0     0 5.0425e+08    0 2776          - 5.0425e+08      -     - 13992s
     0     0 5.0425e+08    0 2774          - 5.0425e+08      -     - 13996s
     0     0 5.0425e+08    0 2774          - 5.0425e+08      -     - 13999s
     0     0 5.0425e+08    0 2774          - 5.0425e+08      -     - 14002s
     0     0 5.0425e+08    0 2774          - 5.0425e+08      -     - 14006s
     0     0 5.0425e+08    0 2775          - 5.0425e+08      -     - 14010s
     0     0 5.0425e+08    0 2774          - 5.0425e+08      -     - 14014s
     0     0 5.0425e+08    0 2774          - 5.0425e+08      -     - 14018s
     0     0 5.0425e+08    0 2774          - 5.0425e+08      -     - 14021s
     0     0 5.0425e+08    0 2774          - 5.0425e+08      -     - 14024s
     0     0 5.0425e+08    0 2774          - 5.0425e+08      -     - 14026s
     0     0 5.0425e+08    0 2774          - 5.0425e+08      -     - 14030s
     0     0 5.0425e+08    0 2774          - 5.0425e+08      -     - 14034s
     0     0 5.0410e+08    0 2997          - 5.0410e+08      -     - 14077s
     0     0 5.0408e+08    0 2984          - 5.0408e+08      -     - 14096s
     0     0 5.0406e+08    0 2945          - 5.0406e+08      -     - 14106s
     0     0 5.0405e+08    0 2941          - 5.0405e+08      -     - 14114s
     0     0 5.0405e+08    0 2908          - 5.0405e+08      -     - 14121s
     0     0 5.0404e+08    0 2881          - 5.0404e+08      -     - 14128s
     0     0 5.0404e+08    0 2861          - 5.0404e+08      -     - 14133s
     0     0 5.0403e+08    0 2822          - 5.0403e+08      -     - 14139s
     0     0 5.0403e+08    0 2833          - 5.0403e+08      -     - 14145s
     0     0 5.0403e+08    0 2823          - 5.0403e+08      -     - 14151s
     0     0 5.0402e+08    0 2816          - 5.0402e+08      -     - 14157s
     0     0 5.0402e+08    0 2786          - 5.0402e+08      -     - 14163s
     0     0 5.0402e+08    0 2793          - 5.0402e+08      -     - 14168s
     0     0 5.0402e+08    0 2768          - 5.0402e+08      -     - 14175s
     0     0 5.0402e+08    0 2774          - 5.0402e+08      -     - 14179s
     0     0 5.0402e+08    0 2781          - 5.0402e+08      -     - 14184s
     0     0 5.0402e+08    0 2765          - 5.0402e+08      -     - 14191s
     0     0 5.0402e+08    0 2775          - 5.0402e+08      -     - 14196s
     0     0 5.0402e+08    0 2760          - 5.0402e+08      -     - 14201s
     0     0 5.0402e+08    0 2751          - 5.0402e+08      -     - 14206s
     0     0 5.0401e+08    0 2746          - 5.0401e+08      -     - 14211s
     0     0 5.0401e+08    0 2739          - 5.0401e+08      -     - 14215s
     0     0 5.0401e+08    0 2743          - 5.0401e+08      -     - 14220s
     0     0 5.0401e+08    0 2738          - 5.0401e+08      -     - 14224s
     0     0 5.0401e+08    0 2734          - 5.0401e+08      -     - 14229s
     0     0 5.0401e+08    0 2735          - 5.0401e+08      -     - 14233s
     0     0 5.0401e+08    0 2732          - 5.0401e+08      -     - 14238s
     0     0 5.0396e+08    0 2821          - 5.0396e+08      -     - 14336s
     0     0 5.0394e+08    0 2883          - 5.0394e+08      -     - 14403s
     0     0 5.0394e+08    0 2861          - 5.0394e+08      -     - 14410s
     0     0 5.0394e+08    0 2836          - 5.0394e+08      -     - 14417s
     0     0 5.0393e+08    0 2819          - 5.0393e+08      -     - 14422s
     0     0 5.0393e+08    0 2792          - 5.0393e+08      -     - 14428s
     0     0 5.0393e+08    0 2796          - 5.0393e+08      -     - 14433s
     0     0 5.0393e+08    0 2789          - 5.0393e+08      -     - 14438s
     0     0 5.0393e+08    0 2777          - 5.0393e+08      -     - 14442s
     0     0 5.0393e+08    0 2761          - 5.0393e+08      -     - 14446s
     0     0 5.0393e+08    0 2762          - 5.0393e+08      -     - 14452s
     0     0 5.0393e+08    0 2755          - 5.0393e+08      -     - 14456s
     0     0 5.0393e+08    0 2752          - 5.0393e+08      -     - 14460s
     0     0 5.0393e+08    0 2756          - 5.0393e+08      -     - 14464s
     0     0 5.0391e+08    0 2810          - 5.0391e+08      -     - 14548s
     0     0 5.0391e+08    0 2838          - 5.0391e+08      -     - 14604s
     0     0 5.0391e+08    0 2858          - 5.0391e+08      -     - 14610s
     0     0 5.0391e+08    0 2914          - 5.0391e+08      -     - 14617s
     0     0 5.0391e+08    0 2942          - 5.0391e+08      -     - 14622s
     0     0 5.0391e+08    0 2937          - 5.0391e+08      -     - 14628s
     0     0 5.0391e+08    0 2931          - 5.0391e+08      -     - 14632s
     0     0 5.0390e+08    0 2938          - 5.0390e+08      -     - 14637s
     0     0 5.0390e+08    0 2935          - 5.0390e+08      -     - 14642s
     0     0 5.0390e+08    0 2930          - 5.0390e+08      -     - 14646s
     0     0 5.0390e+08    0 2927          - 5.0390e+08      -     - 14651s
     0     0 5.0390e+08    0 2923          - 5.0390e+08      -     - 14656s
     0     0 5.0390e+08    0 2916          - 5.0390e+08      -     - 14660s
     0     0 5.0390e+08    0 2912          - 5.0390e+08      -     - 14664s
     0     0 5.0390e+08    0 2946          - 5.0390e+08      -     - 14701s
     0     0 5.0390e+08    0 2946          - 5.0390e+08      -     - 14701s
     0     0 5.0390e+08    0 2588          - 5.0390e+08      -     - 14739s
Feasibility pump: pass 1, min int violation 3.490, total elapsed time 14906s
Feasibility pump: pass 2, min int violation 2.849, total elapsed time 14915s
Feasibility pump: pass 4, min int violation 0.349, total elapsed time 14934s
Feasibility pump: pass 5, min int violation 0.187, total elapsed time 14937s
Feasibility pump: pass 6, min int violation 0.187, total elapsed time 14940s
Feasibility pump: pass 7, min int violation 0.134, total elapsed time 14947s
Feasibility pump: pass 8, min int violation 0.134, total elapsed time 14950s
Feasibility pump: pass 9, min int violation 0.115, total elapsed time 14956s
Feasibility pump: pass 11, min int violation 0.095, total elapsed time 14962s
Feasibility pump: pass 12, min int violation 0.095, total elapsed time 14965s
Feasibility pump: pass 14, min int violation 0.079, total elapsed time 14971s
Feasibility pump: pass 16, min int violation 0.064, total elapsed time 14977s
Feasibility pump: pass 17, min int violation 0.048, total elapsed time 14982s
Feasibility pump: pass 19, min int violation 0.035, total elapsed time 14990s
Feasibility pump: no solution found in 20 passes
     0     2 5.0390e+08    0 2501          - 5.0390e+08      -     - 15086s
     1     4 5.0390e+08    1 2493          - 5.0390e+08      -   336 15124s
     3     8 5.0389e+08    2 2811          - 5.0390e+08      -  1675 15178s
     7    16 5.0389e+08    3 2938          - 5.0389e+08      -  2976 15240s
    15    26 5.0386e+08    4 3025          - 5.0389e+08      -  4867 15297s
    25    46 5.0384e+08    5 3019          - 5.0386e+08      -  3953 15364s
    45    57 5.0381e+08    7 2982          - 5.0386e+08      -  2828 15398s
    56    72 5.0380e+08    8 2971          - 5.0386e+08      -  2361 15451s
    71    92 5.0379e+08   11 2945          - 5.0386e+08      -  1893 15548s
    91   107 5.0377e+08   13 2934          - 5.0386e+08      -  1521 15599s
   106   119 5.0375e+08   15 2915          - 5.0386e+08      -  1343 15641s
   118   169 5.0375e+08   16 2911          - 5.0386e+08      -  1223 15663s
   168   189 5.0375e+08   21 2876          - 5.0386e+08      -   933 15685s
   188   200 5.0374e+08   23 2857          - 5.0386e+08      -  1008 15704s
   199   217 5.0374e+08   25 2845          - 5.0386e+08      -  1008 15790s
   216   227 5.0374e+08   27 2831          - 5.0386e+08      -   984 15963s
   226   246 5.0374e+08   28 2825          - 5.0386e+08      -  1097 15985s
   245   257 5.0374e+08   30 2801          - 5.0386e+08      -  1055 16006s
   257   269 5.0374e+08   31 2800          - 5.0386e+08      -  1038 16027s
   272   302 5.0374e+08   32 2795          - 5.0386e+08      -   985 16042s
   307   351 5.0374e+08   33 2783          - 5.0386e+08      -   879 16066s
   357   371 5.0374e+08   39 2748          - 5.0386e+08      -   806 16087s
   379   380 5.0374e+08   40 2746          - 5.0386e+08      -   823 16125s
   389   409 5.0374e+08   41 2742          - 5.0386e+08      -   815 16147s
   418   463 5.0373e+08   44 2738          - 5.0386e+08      -   847 16166s
   472   523 5.0373e+08   47 2736          - 5.0386e+08      -   787 16187s
   532   588 5.0373e+08   54 2711          - 5.0386e+08      -   743 16204s
   597   628 5.0373e+08   60 2701          - 5.0386e+08      -   684 16412s
Created node file directory 'C:/Users/omkarp/Downloads/Large-scale-LBBD-Optimization/runs/gurobi_nodefiles/grbnodes0'
   637   638 5.0373e+08   64 2679          - 5.0386e+08      -   644 16606s
   647   708 5.0373e+08   65 2672          - 5.0386e+08      -   634 16634s
   717   743 5.0373e+08   72 2642          - 5.0386e+08      -   578 16662s
   752   753 5.0373e+08   73 2640          - 5.0386e+08      -   553 16713s
   762   823 5.0373e+08   74 2635          - 5.0386e+08      -   547 16735s
   832   893 5.0372e+08   81 2611          - 5.0386e+08      -   505 16752s
   902   963 5.0372e+08   88 2592          - 5.0386e+08      -   471 16770s
   972  1031 5.0372e+08   95 2568          - 5.0386e+08      -   440 16793s
  1040  1099 5.0372e+08  102 2539          - 5.0386e+08      -   422 16814s
  1108  1169 5.0372e+08  106 2520          - 5.0386e+08      -   405 16834s
  1178  1239 5.0372e+08  113 2492          - 5.0386e+08      -   385 16855s
  1248  1255 5.0372e+08  120 2474          - 5.0386e+08      -   368 16893s
  1264  1324 5.0372e+08  121 2467          - 5.0386e+08      -   364 16917s
  1333  1394 5.0372e+08  127 2442          - 5.0386e+08      -   348 16935s
  1403  1464 5.0372e+08  134 2412          - 5.0386e+08      -   333 16960s
  1473  1533 5.0372e+08  141 2389          - 5.0386e+08      -   322 16983s
  1542  1603 5.0372e+08  148 2374          - 5.0386e+08      -   311 17005s
  1612  1673 5.0372e+08  155 2348          - 5.0386e+08      -   300 17024s
  1682  1743 5.0372e+08  162 2319          - 5.0386e+08      -   290 17043s
  1752  1813 5.0371e+08  169 2304          - 5.0386e+08      -   281 17064s
  1822  1883 5.0371e+08  176 2281          - 5.0386e+08      -   273 17084s
  1892  1953 5.0371e+08  183 2257          - 5.0386e+08      -   265 17102s
  1962  2023 5.0371e+08  190 2233          - 5.0386e+08      -   257 17121s
  2032  2093 5.0371e+08  197 2201          - 5.0386e+08      -   250 17138s
  2102  2163 5.0371e+08  204 2175          - 5.0386e+08      -   243 17157s
  2172  2233 5.0371e+08  211 2140          - 5.0386e+08      -   237 17175s
  2242  2303 5.0371e+08  218 2113          - 5.0386e+08      -   230 17191s
  2312  2373 5.0371e+08  225 2086          - 5.0386e+08      -   225 17208s
  2382  2441 5.0371e+08  232 2061          - 5.0386e+08      -   219 17226s
  2450  2511 5.0371e+08  239 2032          - 5.0386e+08      -   215 17243s
  2520  2579 5.0371e+08  246 2015          - 5.0386e+08      -   210 17274s
  2588  2619 5.0371e+08  253 1985          - 5.0386e+08      -   205 17294s
  2628  2679 5.0371e+08  254 1979          - 5.0386e+08      -   203 17314s
  2688  2749 5.0371e+08  260 1956          - 5.0386e+08      -   199 17332s
  2758  2819 5.0371e+08  267 1926          - 5.0386e+08      -   195 17350s
  2828  2888 5.0371e+08  273 1915          - 5.0386e+08      -   191 17368s
  2897  2928 5.0371e+08  280 1898          - 5.0386e+08      -   188 17629s
  2937  2938 5.0371e+08  284 1883          - 5.0386e+08      -   186 17894s
  2947  3008 5.0371e+08  285 1881          - 5.0386e+08      -   185 17911s
  3017  3078 5.0371e+08  292 1858          - 5.0386e+08      -   182 17925s
  3087  3148 5.0371e+08  299 1836          - 5.0386e+08      -   178 17943s
  3157  3218 5.0371e+08  306 1815          - 5.0386e+08      -   175 17961s
  3227  3288 5.0371e+08  313 1794          - 5.0386e+08      -   172 17976s
  3297  3328 5.0371e+08  320 1776          - 5.0386e+08      -   169 18224s
  3337  3338 5.0370e+08  323 1769          - 5.0386e+08      -   167 18503s
  3347  3408 5.0370e+08  324 1768          - 5.0386e+08      -   167 18518s
  3417  3419 5.0370e+08  331 1741          - 5.0386e+08      -   164 18546s
  3428  3445 5.0370e+08  332 1739          - 5.0386e+08      -   163 18566s
  3454  3512 5.0370e+08  338 1721          - 5.0386e+08      -   162 18583s
  3521  3582 5.0370e+08  345 1690          - 5.0386e+08      -   159 18597s
  3591  3627 5.0370e+08  352 1661          - 5.0386e+08      -   157 18625s
  3636  3655 5.0370e+08  355 1646          - 5.0386e+08      -   155 18645s
  3664  3707 5.0370e+08  359 1631          - 5.0386e+08      -   154 18663s
  3722  3759 5.0370e+08  366 1617          - 5.0386e+08      -   152 18678s
  3792  3829 5.0370e+08  372 1608          - 5.0386e+08      -   150 18693s
  3862  3899 5.0370e+08  379 1597          - 5.0386e+08      -   148 18707s
  3932  3969 5.0370e+08  385 1577          - 5.0386e+08      -   145 18722s
  4002  4037 5.0370e+08  392 1549          - 5.0386e+08      -   143 18755s
  4072  4106 5.0370e+08  399 1517          - 5.0386e+08      -   141 18785s
  4141  4140 5.0370e+08  406 1496          - 5.0386e+08      -   139 18802s
  4175  4156 5.0370e+08  407 1493          - 5.0386e+08      -   138 18829s
  4178  4156 5.0359e+08  407 1459          - 5.0386e+08      -   138 18830s
  4191  4176 5.0370e+08  408 1489          - 5.0386e+08      -   137 18846s
  4211  4240 5.0370e+08  409 1488          - 5.0386e+08      -   137 18865s
  4275  4310 5.0370e+08  416 1465          - 5.0386e+08      -   135 18880s
  4345  4380 5.0370e+08  423 1438          - 5.0386e+08      -   133 18895s
  4415  4450 5.0370e+08  430 1424          - 5.0386e+08      -   131 18910s
  4485  4520 5.0370e+08  437 1410          - 5.0386e+08      -   130 18925s
  4555  4590 5.0370e+08  444 1389          - 5.0386e+08      -   128 18941s
  4625  4660 5.0370e+08  451 1369          - 5.0386e+08      -   126 18957s
  4695  4720 5.0370e+08  458 1351          - 5.0386e+08      -   124 19240s
  4755  4730 5.0370e+08  464 1345          - 5.0386e+08      -   123 19524s
  4765  4800 5.0370e+08  465 1346          - 5.0386e+08      -   123 19539s
  4835  4813 5.0370e+08  472 1327          - 5.0386e+08      -   121 19568s
  4848  4830 5.0370e+08  473 1326          - 5.0386e+08      -   121 19589s
  4865  4887 5.0370e+08  474 1319          - 5.0386e+08      -   120 19607s
  4922  4957 5.0370e+08  481 1303          - 5.0386e+08      -   119 19629s
  4978  4957 5.0370e+08  490 1274          - 5.0386e+08      -   118 19630s
  4992  5027 5.0370e+08  488 1276          - 5.0386e+08      -   117 19643s
  5062  5097 5.0370e+08  495 1258          - 5.0386e+08      -   116 19659s
  5132  5167 5.0370e+08  502 1244          - 5.0386e+08      -   115 19674s
  5202  5237 5.0370e+08  509 1228          - 5.0386e+08      -   113 19688s
  5272  5307 5.0370e+08  516 1213          - 5.0386e+08      -   112 19702s
  5342  5317 5.0370e+08  523 1199          - 5.0386e+08      -   110 19731s
  5352  5384 5.0370e+08  524 1198          - 5.0386e+08      -   110 19751s
  5419  5454 5.0370e+08  531 1192          - 5.0386e+08      -   109 19765s
  5489  5524 5.0370e+08  538 1185          - 5.0386e+08      -   107 19779s
  5559  5594 5.0370e+08  545 1174          - 5.0386e+08      -   106 19793s
  5629  5620 5.0370e+08  552 1169          - 5.0386e+08      -   105 19820s
  5655  5662 5.0370e+08  554 1166          - 5.0386e+08      -   104 19839s
  5697  5701 5.0370e+08  559 1162          - 5.0386e+08      -   104 20095s
  5736  5723 5.0370e+08  563 1157          - 5.0386e+08      -   103 20370s
  5758  5793 5.0370e+08  563 1156          - 5.0386e+08      -   103 20384s
  5828  5863 5.0370e+08  570 1151          - 5.0386e+08      -   102 20398s
  5898  5893 5.0370e+08  577 1144          - 5.0386e+08      -   100 20713s
  5928  5903 5.0370e+08  580 1138          - 5.0386e+08      -   100 20990s
  5938  5913 5.0370e+08  581 1134          - 5.0386e+08      -   100 21306s
  5948  5923 5.0370e+08  582 1133          - 5.0386e+08      -   100 21629s
  5958  5993 5.0370e+08  583 1132          - 5.0386e+08      -  99.5 21643s
  6028  6063 5.0370e+08  590 1119          - 5.0386e+08      -  98.5 21658s
  6098  6093 5.0370e+08  597 1109          - 5.0386e+08      -  97.5 21993s
  6128  6103 5.0370e+08  600 1104          - 5.0386e+08      -  97.0 22253s
  6138  6173 5.0370e+08  601 1105          - 5.0386e+08      -  96.9 22268s
  6208  6225 5.0370e+08  608 1096          - 5.0386e+08      -  95.8 22294s
  6260  6247 5.0370e+08  613 1090          - 5.0386e+08      -  95.1 22313s
  6282  6309 5.0370e+08  614 1088          - 5.0386e+08      -  94.8 22333s
  6344  6379 5.0370e+08  620 1080          - 5.0386e+08      -  94.0 22350s
  6414  6449 5.0370e+08  627 1073          - 5.0386e+08      -  93.0 22366s
  6484  6519 5.0370e+08  633 1065          - 5.0386e+08      -  92.1 22383s
  6554  6589 5.0370e+08  640 1055          - 5.0386e+08      -  91.2 22399s
  6624  6659 5.0370e+08  647 1046          - 5.0386e+08      -  90.3 22415s
  6694  6705 5.0370e+08  654 1037          - 5.0386e+08      -  89.4 22442s
  6740  6733 5.0370e+08  658 1033          - 5.0386e+08      -  88.8 22462s
  6768  6791 5.0370e+08  661 1024          - 5.0386e+08      -  88.5 22477s
  6826  6861 5.0370e+08  668 1014          - 5.0386e+08      -  87.8 22492s
  6896  6911 5.0370e+08  675 1007          - 5.0386e+08      -  86.9 22836s
  6946  6921 5.0370e+08  680 1005          - 5.0386e+08      -  86.3 23083s
  6956  6991 5.0370e+08  681 1003          - 5.0386e+08      -  86.2 23097s
  7026  7061 5.0370e+08  688  998          - 5.0386e+08      -  85.4 23109s
  7096  7111 5.0370e+08  695  987          - 5.0386e+08      -  84.6 23461s
  7146  7121 5.0370e+08  700  977          - 5.0386e+08      -  84.1 23728s
  7156  7191 5.0370e+08  701  976          - 5.0386e+08      -  83.9 23742s
  7226  7261 5.0370e+08  708  962          - 5.0386e+08      -  83.2 23756s
  7296  7311 5.0370e+08  715  957          - 5.0386e+08      -  82.4 24107s
  7346  7321 5.0370e+08  720  950          - 5.0386e+08      -  81.9 24379s
  7356  7391 5.0370e+08  721  949          - 5.0386e+08      -  81.8 24393s
  7426  7461 5.0370e+08  728  944          - 5.0386e+08      -  81.1 24406s
  7496  7511 5.0370e+08  735  933          - 5.0386e+08      -  80.4 24748s
  7546  7521 5.0370e+08  740  928          - 5.0386e+08      -  79.9 24998s
  7556  7591 5.0370e+08  741  929          - 5.0386e+08      -  79.8 25013s
  7626  7661 5.0370e+08  748  920          - 5.0386e+08      -  79.2 25027s
  7696  7711 5.0370e+08  755  912          - 5.0386e+08      -  78.5 25377s
  7746  7721 5.0370e+08  760  908          - 5.0386e+08      -  78.0 25633s
  7756  7791 5.0370e+08  761  904          - 5.0386e+08      -  78.0 25655s
  7826  7861 5.0370e+08  768  894          - 5.0386e+08      -  77.3 25667s
  7896  7911 5.0370e+08  775  880          - 5.0386e+08      -  76.7 26020s
  7946  7921 5.0370e+08  780  874          - 5.0386e+08      -  76.2 26292s
  7956  7957 5.0370e+08  781  874          - 5.0386e+08      -  76.1 26322s
  7992  8012 5.0370e+08  784  870          - 5.0386e+08      -  75.8 26340s
  8047  8070 5.0370e+08  791  863          - 5.0386e+08      -  75.3 26362s
  8106  8071 5.0371e+08  162 2588          - 5.0386e+08      -  74.8 34512s
  8108  8072 5.0371e+08  229 2636          - 5.0386e+08      -  74.8 63870s
  8109  8073 5.0352e+08  786 3054          - 5.0386e+08      -  74.8 64012s
  8110  8074 5.0372e+08  140 3149          - 5.0386e+08      -  74.8 64040s
  8111  8074 5.0372e+08   81 3292          - 5.0386e+08      -  74.8 64061s
  8112  8075 5.0370e+08  792 3319          - 5.0386e+08      -  74.7 64078s
  8113  8076 5.0375e+08    5 3360          - 5.0386e+08      -  74.7 64094s
  8114  8076 5.0352e+08  795 3360          - 5.0386e+08      -  74.7 64112s
  8115  8077 5.0374e+08   42 3312          - 5.0386e+08      -  74.7 64129s
  8116  8078 5.0371e+08  184 3314          - 5.0386e+08      -  74.7 64146s
  8117  8078 5.0372e+08  112 3273          - 5.0386e+08      -  74.7 64162s
  8118  8079 5.0371e+08  184 3239          - 5.0386e+08      -  74.7 64177s
  8119  8080 5.0357e+08  814 3226          - 5.0386e+08      -  74.7 64196s
  8120  8080 5.0373e+08   75 3200          - 5.0386e+08      -  74.7 64214s
  8121  8081 5.0359e+08  800 3176          - 5.0386e+08      -  74.7 64230s
  8122  8082 5.0370e+08  789 3144          - 5.0386e+08      -  74.6 64242s
  8123  8082 5.0372e+08  137 3158          - 5.0386e+08      -  74.6 64255s
  8124  8083 5.0372e+08   78 3164          - 5.0386e+08      -  74.6 64269s
  8125  8084 5.0373e+08   10 3132          - 5.0386e+08      -  74.6 64280s
  8126  8084 5.0372e+08  127 3144          - 5.0386e+08      -  74.6 64292s
  8127  8085 5.0371e+08  222 3148          - 5.0386e+08      -  74.6 64304s
  8128  8086 5.0371e+08  161 3129          - 5.0386e+08      -  74.6 64315s
  8129  8086 5.0364e+08  784 3101          - 5.0386e+08      -  74.6 64325s
  8130  8087 5.0357e+08  815 3100          - 5.0386e+08      -  74.6 64335s
  8131  8088 5.0372e+08  119 3100          - 5.0386e+08      -  74.6 64347s
  8132  8088 5.0371e+08  226 3082          - 5.0386e+08      -  74.6 64358s
  8133  8089 5.0372e+08  134 3079          - 5.0386e+08      -  74.5 64368s
  8134  8090 5.0371e+08  164 3100          - 5.0386e+08      -  74.5 64377s
  8135  8090 5.0371e+08  202 3101          - 5.0386e+08      -  74.5 64386s
  8136  8091 5.0371e+08  172 3074          - 5.0386e+08      -  74.5 64396s
  8137  8092 5.0371e+08  189 3078          - 5.0386e+08      -  74.5 64406s
  8138  8092 5.0372e+08   89 3078          - 5.0386e+08      -  74.5 64416s
  8139  8093 5.0372e+08  129 3079          - 5.0386e+08      -  74.5 64426s
  8140  8094 5.0373e+08   53 3063          - 5.0386e+08      -  74.5 64435s
  8141  8094 5.0372e+08  121 3076          - 5.0386e+08      -  74.5 64445s
  8142  8095 5.0370e+08  805 3079          - 5.0386e+08      -  74.5 64454s
  8143  8096 5.0372e+08  114 3055          - 5.0386e+08      -  74.5 64464s
  8144  8096 5.0372e+08  143 3067          - 5.0386e+08      -  74.4 64473s
  8145  8097 5.0373e+08   57 3061          - 5.0386e+08      -  74.4 64481s
  8146  8098 5.0381e+08    7 3050          - 5.0386e+08      -  74.4 64490s
  8147  8098 5.0371e+08  177 3042          - 5.0386e+08      -  74.4 64498s
  8148  8099 5.0371e+08  191 3032          - 5.0386e+08      -  74.4 64508s
  8149  8100 5.0370e+08  789 3039          - 5.0386e+08      -  74.4 64517s
  8150  8100 5.0373e+08   54 3019          - 5.0386e+08      -  74.4 64527s
  8151  8101 5.0384e+08    6 3012          - 5.0386e+08      -  74.4 64535s
  8152  8102 5.0372e+08  115 3006          - 5.0386e+08      -  74.4 64545s
  8153  8102 5.0372e+08  142 2996          - 5.0386e+08      -  74.4 64555s
  8154  8103 5.0375e+08   20 2999          - 5.0386e+08      -  74.4 64563s
  8155  8104 5.0373e+08   10 2993          - 5.0386e+08      -  74.3 64571s
  8156  8104 5.0374e+08    6 2993          - 5.0386e+08      -  74.3 64581s
  8157  8105 5.0372e+08  152 2993          - 5.0386e+08      -  74.3 64589s
  8158  8106 5.0371e+08  166 2992          - 5.0386e+08      -  74.3 64598s
  8159  8106 5.0373e+08   57 2995          - 5.0386e+08      -  74.3 64605s
  8160  8107 5.0375e+08   10 2997          - 5.0386e+08      -  74.3 64614s
  8161  8108 5.0372e+08   67 3000          - 5.0386e+08      -  74.3 64622s
  8162  8108 5.0375e+08    5 2991          - 5.0386e+08      -  74.3 64629s
  8163  8109 5.0371e+08  199 2994          - 5.0386e+08      -  74.3 64637s
  8164  8110 5.0372e+08   93 2988          - 5.0386e+08      -  74.3 64647s
  8165  8110 5.0375e+08   16 2991          - 5.0386e+08      -  74.3 64656s
  8166  8111 5.0374e+08   37 2987          - 5.0386e+08      -  74.2 64664s
  8167  8112 5.0371e+08  187 2987          - 5.0386e+08      -  74.2 64674s
  8168  8112 5.0381e+08    8 2984          - 5.0386e+08      -  74.2 64684s
  8169  8113 5.0372e+08  152 2990          - 5.0386e+08      -  74.2 64690s
  8170  8114 5.0363e+08  792 2996          - 5.0386e+08      -  74.2 64698s
  8171  8114 5.0371e+08   16 2991          - 5.0386e+08      -  74.2 64705s
  8172  8115 5.0372e+08   94 3002          - 5.0386e+08      -  74.2 64714s
  8173  8116 5.0363e+08  799 2997          - 5.0386e+08      -  74.2 64722s
  8174  8116 5.0371e+08  211 2988          - 5.0386e+08      -  74.2 64728s
  8175  8117 5.0372e+08  146 2985          - 5.0386e+08      -  74.2 64738s
  8176  8118 5.0375e+08   12 2995          - 5.0386e+08      -  74.2 64745s
  8177  8118 5.0365e+08  796 2995          - 5.0386e+08      -  74.1 64753s
  8178  8119 5.0357e+08  821 2988          - 5.0386e+08      -  74.1 64761s
  8179  8120 5.0373e+08   60 2985          - 5.0386e+08      -  74.1 64768s
  8180  8120 5.0372e+08   90 2980          - 5.0386e+08      -  74.1 64776s
  8181  8121 5.0359e+08  797 2974          - 5.0386e+08      -  74.1 64783s
  8182  8122 5.0372e+08  119 2969          - 5.0386e+08      -  74.1 64792s
  8183  8122 5.0372e+08  157 2981          - 5.0386e+08      -  74.1 64803s
  8184  8123 5.0372e+08  113 2961          - 5.0386e+08      -  74.1 64809s
  8185  8124 5.0372e+08  123 2969          - 5.0386e+08      -  74.1 64816s
  8186  8124 5.0372e+08  143 2971          - 5.0386e+08      -  74.1 64824s
  8187  8125 5.0372e+08   87 2965          - 5.0386e+08      -  74.1 64831s
  8188  8126 5.0374e+08   11 2971          - 5.0386e+08      -  74.0 64842s
  8189  8126 5.0372e+08   67 2975          - 5.0386e+08      -  74.0 64850s
  8190  8127 5.0374e+08   24 2971          - 5.0386e+08      -  74.0 64857s
  8191  8128 5.0372e+08  157 2976          - 5.0386e+08      -  74.0 64864s
  8192  8128 5.0372e+08  149 2979          - 5.0386e+08      -  74.0 64871s
  8193  8129 5.0372e+08  118 2983          - 5.0386e+08      -  74.0 64877s
  8194  8130 5.0371e+08  192 2980          - 5.0386e+08      -  74.0 64884s
  8195  8130 5.0371e+08  180 2984          - 5.0386e+08      -  74.0 64892s
  8196  8131 5.0371e+08  181 2982          - 5.0386e+08      -  74.0 64899s
  8197  8132 5.0373e+08   15 2991          - 5.0386e+08      -  74.0 64905s
  8198  8132 5.0371e+08  198 2977          - 5.0386e+08      -  74.0 64912s
  8199  8133 5.0371e+08  176 2963          - 5.0386e+08      -  73.9 64918s
  8200  8134 5.0372e+08   81 2961          - 5.0386e+08      -  73.9 64924s
  8201  8134 5.0364e+08  784 2963          - 5.0386e+08      -  73.9 64931s
  8202  8135 5.0372e+08   83 2959          - 5.0386e+08      -  73.9 64937s
  8203  8136 5.0373e+08   61 2954          - 5.0386e+08      -  73.9 64943s
  8204  8136 5.0375e+08   22 2948          - 5.0386e+08      -  73.9 64949s
  8205  8137 5.0359e+08  793 2947          - 5.0386e+08      -  73.9 64955s
  8206  8138 5.0371e+08  162 2949          - 5.0386e+08      -  73.9 64962s
  8207  8138 5.0375e+08   18 2952          - 5.0386e+08      -  73.9 64968s
  8208  8139 5.0371e+08  229 2947          - 5.0386e+08      -  73.9 64974s
  8209  8140 5.0352e+08  786 2950          - 5.0386e+08      -  73.9 64980s
  8210  8140 5.0372e+08  140 2945          - 5.0386e+08      -  73.8 64986s
  8211  8141 5.0372e+08   81 2947          - 5.0386e+08      -  73.8 64992s
  8212  8142 5.0370e+08  792 2941          - 5.0386e+08      -  73.8 64998s
  8213  8142 5.0375e+08    5 2934          - 5.0386e+08      -  73.8 65004s
  8214  8143 5.0352e+08  795 2935          - 5.0386e+08      -  73.8 65010s
  8215  8144 5.0374e+08   42 2936          - 5.0386e+08      -  73.8 65017s
  8216  8144 5.0371e+08  184 2933          - 5.0386e+08      -  73.8 65023s
  8217  8145 5.0372e+08  112 2940          - 5.0386e+08      -  73.8 65030s
  8218  8146 5.0371e+08  184 2934          - 5.0386e+08      -  73.8 65036s
  8219  8146 5.0357e+08  814 2938          - 5.0386e+08      -  73.8 65042s
  8220  8147 5.0373e+08   75 2933          - 5.0386e+08      -  73.8 65048s
  8221  8148 5.0359e+08  800 2933          - 5.0386e+08      -  73.8 65054s
  8222  8148 5.0370e+08  789 2942          - 5.0386e+08      -  73.7 65060s
  8223  8149 5.0372e+08  137 2943          - 5.0386e+08      -  73.7 65066s
  8224  8150 5.0372e+08   78 2941          - 5.0386e+08      -  73.7 65072s
  8225  8150 5.0373e+08   10 2944          - 5.0386e+08      -  73.7 65079s
  8226  8151 5.0372e+08  127 2941          - 5.0386e+08      -  73.7 65084s
  8227  8152 5.0371e+08  222 2941          - 5.0386e+08      -  73.7 65090s
  8228  8152 5.0371e+08  161 2935          - 5.0386e+08      -  73.7 65096s
  8229  8153 5.0364e+08  784 2940          - 5.0386e+08      -  73.7 65102s
  8230  8154 5.0357e+08  815 2940          - 5.0386e+08      -  73.7 65110s
  8231  8154 5.0372e+08  119 2940          - 5.0386e+08      -  73.7 65119s
  8232  8155 5.0371e+08  226 2941          - 5.0386e+08      -  73.7 65126s
  8233  8156 5.0372e+08  134 2942          - 5.0386e+08      -  73.6 65131s
  8234  8156 5.0371e+08  164 2945          - 5.0386e+08      -  73.6 65136s
  8235  8157 5.0371e+08  202 2945          - 5.0386e+08      -  73.6 65146s
  8236  8158 5.0371e+08  172 2943          - 5.0386e+08      -  73.6 65152s
  8237  8158 5.0371e+08  189 2943          - 5.0386e+08      -  73.6 65157s
  8238  8159 5.0372e+08   89 2935          - 5.0386e+08      -  73.6 65163s
  8239  8160 5.0372e+08  129 2942          - 5.0386e+08      -  73.6 65168s
  8240  8160 5.0373e+08   53 2939          - 5.0386e+08      -  73.6 65174s
  8241  8161 5.0372e+08  121 2941          - 5.0386e+08      -  73.6 65179s
  8242  8162 5.0370e+08  805 2942          - 5.0386e+08      -  73.6 65225s
  8243  8162 5.0372e+08  114 2896          - 5.0386e+08      -  73.6 65288s
  8244  8163 5.0372e+08  143 2969          - 5.0386e+08      -  73.5 65300s
  8245  8164 5.0373e+08   57 3011          - 5.0386e+08      -  73.5 65310s
  8246  8164 5.0381e+08    7 3098          - 5.0386e+08      -  73.5 65319s
  8247  8165 5.0371e+08  177 3093          - 5.0386e+08      -  73.5 65328s
  8248  8166 5.0371e+08  191 3102          - 5.0386e+08      -  73.5 65337s
  8249  8166 5.0370e+08  789 3098          - 5.0386e+08      -  73.5 65345s
  8250  8167 5.0373e+08   54 3119          - 5.0386e+08      -  73.5 65352s
  8251  8168 5.0384e+08    6 3127          - 5.0386e+08      -  73.5 65360s
  8252  8168 5.0372e+08  115 3129          - 5.0386e+08      -  73.5 65367s
  8253  8169 5.0372e+08  142 3128          - 5.0386e+08      -  73.5 65374s
  8254  8170 5.0375e+08   20 3136          - 5.0386e+08      -  73.5 65381s
  8255  8170 5.0373e+08   10 3134          - 5.0386e+08      -  73.4 65389s
  8256  8171 5.0374e+08    6 3133          - 5.0386e+08      -  73.4 65396s
  8257  8172 5.0372e+08  152 3136          - 5.0386e+08      -  73.4 65404s
  8258  8172 5.0371e+08  166 3131          - 5.0386e+08      -  73.4 65411s
  8259  8173 5.0373e+08   57 3133          - 5.0386e+08      -  73.4 65418s
  8260  8174 5.0375e+08   10 3134          - 5.0386e+08      -  73.4 65426s
  8261  8174 5.0372e+08   67 3134          - 5.0386e+08      -  73.4 65531s
  8262  8175 5.0375e+08    5 3126          - 5.0386e+08      -  73.4 65594s
  8263  8176 5.0371e+08  199 3152          - 5.0386e+08      -  73.4 65606s
  8264  8176 5.0372e+08   93 3227          - 5.0386e+08      -  73.4 65617s
  8265  8177 5.0375e+08   16 3250          - 5.0386e+08      -  73.4 65627s
  8266  8178 5.0374e+08   37 3286          - 5.0386e+08      -  73.3 65635s
  8267  8178 5.0371e+08  187 3321          - 5.0386e+08      -  73.3 65741s
  8268  8179 5.0381e+08    8 3272          - 5.0386e+08      -  73.3 65821s
  8269  8180 5.0372e+08  152 3312          - 5.0386e+08      -  73.3 65834s
  8270  8180 5.0363e+08  792 3362          - 5.0386e+08      -  73.3 65844s
  8271  8181 5.0371e+08   16 3393          - 5.0386e+08      -  73.3 65855s
  8272  8182 5.0372e+08   94 3437          - 5.0386e+08      -  73.3 65904s
  8273  8182 5.0363e+08  799 3386          - 5.0386e+08      -  73.3 76807s
  8274  8183 5.0371e+08  211 3386          - 5.0386e+08      -  73.3 79069s
  8275  8187 5.0386e+08   10 3376          - 5.0386e+08      -   745 79137s
  8277  8190 5.0386e+08   11 3385          - 5.0386e+08      -   745 79186s
  8281  8197 5.0384e+08   12 3476          - 5.0386e+08      -   746 79246s
  8289  8204 5.0382e+08   13 3506          - 5.0384e+08      -   747 79309s
  8297  8201 5.0381e+08   13 3511          - 5.0383e+08      -   749 79310s
  8299  8215 5.0382e+08   14 3513          - 5.0382e+08      -   750 79508s
  8313  8225 5.0377e+08   15 3498          - 5.0382e+08      -   749 79845s
  8328  8233 5.0382e+08   16 3488          - 5.0382e+08      -   749 79903s
  8341  8244 5.0382e+08   17 3469          - 5.0382e+08      -   749 79954s
  8356  8255 5.0382e+08   18 3460          - 5.0382e+08      -   749 80002s
  8372  8264 5.0382e+08   19 3446          - 5.0382e+08      -   748 80049s
  8387  8284 5.0382e+08   19 3448          - 5.0382e+08      -   747 80133s
  8412  8335 5.0374e+08   20 3433          - 5.0382e+08      -   746 80196s
  8471  8383 5.0373e+08   23 3397          - 5.0382e+08      -   745 80223s
  8541  8410 5.0378e+08   27 3366          - 5.0382e+08      -   743 80319s
  8591  8463 5.0378e+08   28 3326          - 5.0382e+08      -   745 80364s
  8661  8510 5.0378e+08   32 3282          - 5.0382e+08      -   751 80416s
  8731  8557 5.0377e+08   35 3260          - 5.0382e+08      -   749 80492s
  8801  8603 5.0378e+08   39 3235          - 5.0382e+08      -   745 80539s
  8871  8650 5.0377e+08   42 3224          - 5.0382e+08      -   741 80561s
  8941  8697 5.0377e+08   46 3216          - 5.0382e+08      -   736 80580s
  9011  8743 5.0377e+08   49 3195          - 5.0382e+08      -   731 80602s
  9081  8790 5.0377e+08   53 3173          - 5.0382e+08      -   726 80622s
  9151  8837 5.0377e+08   56 3150          - 5.0382e+08      -   721 80644s
  9221  8880 5.0377e+08   60 3120          - 5.0382e+08      -   717 80688s
  9288  8928 5.0377e+08   63 3076          - 5.0382e+08      -   712 80711s
  9358  8975 5.0377e+08   66 3058          - 5.0382e+08      -   708 80735s
  9428  9021 5.0376e+08   70 3045          - 5.0382e+08      -   703 80758s
  9498  9028 5.0376e+08   73 3037          - 5.0382e+08      -   699 81433s
  9528  9028 5.0376e+08   75 3031          - 5.0382e+08      -   697 81901s
  9538  9095 5.0376e+08   75 3029          - 5.0382e+08      -   696 81921s
  9608  9130 5.0376e+08   79 3015          - 5.0382e+08      -   692 81961s
  9667  9181 5.0376e+08   82 3008          - 5.0382e+08      -   688 81982s
  9737  9192 5.0376e+08   85 2996          - 5.0382e+08      -   684 82027s
  9772  9251 5.0376e+08   87 2986          - 5.0382e+08      -   682 82049s
  9842  9297 5.0376e+08   91 2968          - 5.0382e+08      -   678 82072s
  9912  9341 5.0376e+08   94 2945          - 5.0382e+08      -   674 82098s
  9979  9389 5.0376e+08   98 2919          - 5.0382e+08      -   671 82119s
 10049  9434 5.0376e+08  101 2910          - 5.0382e+08      -   667 82144s
 10118  9480 5.0376e+08  105 2886          - 5.0382e+08      -   663 82169s
 10187  9499 5.0376e+08  108 2868          - 5.0382e+08      -   660 82207s
 10229  9553 5.0376e+08  111 2837          - 5.0382e+08      -   657 82241s
 10297  9571 5.0376e+08  114 2811          - 5.0382e+08      -   653 82871s
 10337  9567 5.0376e+08  116 2810          - 5.0382e+08      -   651 83394s
 10344  9565 5.0365e+08  115 2763          - 5.0382e+08      -   651 83395s
 10347  9634 5.0376e+08  117 2805          - 5.0382e+08      -   651 83414s
 10417  9681 5.0376e+08  120 2798          - 5.0382e+08      -   647 83435s
 10487  9725 5.0376e+08  124 2779          - 5.0382e+08      -   643 83457s
 10557  9766 5.0376e+08  127 2763          - 5.0382e+08      -   639 83477s
 10627  9809 5.0376e+08  131 2734          - 5.0382e+08      -   636 83499s
 10697  9825 5.0376e+08  134 2718          - 5.0382e+08      -   632 84091s
 10737  9822 5.0376e+08  136 2714          - 5.0382e+08      -   630 84623s
 10747  9889 5.0376e+08  137 2713          - 5.0382e+08      -   629 84651s
 10817  9885 5.0376e+08  140 2686          - 5.0382e+08      -   626 84697s
 10837  9932 5.0376e+08  141 2684          - 5.0382e+08      -   625 84721s
 10890  9984 5.0376e+08  142 2682          - 5.0382e+08      -   622 84742s
 10960 10021 5.0376e+08  145 2673          - 5.0382e+08      -   618 84779s
 11020 10031 5.0376e+08  148 2649          - 5.0382e+08      -   615 84813s
 11050 10091 5.0376e+08  150 2641          - 5.0382e+08      -   614 84835s
 11120 10137 5.0376e+08  153 2640          - 5.0382e+08      -   610 84854s
 11190 10184 5.0376e+08  157 2622          - 5.0382e+08      -   607 84876s
 11260 10231 5.0376e+08  160 2599          - 5.0382e+08      -   603 84897s
 11330 10277 5.0376e+08  164 2569          - 5.0382e+08      -   600 84920s
 11400 10264 5.0376e+08  167 2565          - 5.0382e+08      -   597 85474s
 11410 10271 5.0376e+08  168 2560          - 5.0382e+08      -   596 85950s
 11420 10337 5.0376e+08  168 2554          - 5.0382e+08      -   596 85970s
 11490 10384 5.0376e+08  172 2540          - 5.0382e+08      -   593 85990s
 11560 10382 5.0376e+08  175 2515          - 5.0382e+08      -   590 86031s
 11581 10445 5.0376e+08  176 2519          - 5.0382e+08      -   589 86053s
 11651 10491 5.0375e+08  179 2502          - 5.0382e+08      -   586 86073s
 11721 10538 5.0375e+08  183 2473          - 5.0382e+08      -   582 86094s
 11791 10556 5.0375e+08  186 2460          - 5.0382e+08      -   579 86131s
 11832 10612 5.0375e+08  188 2449          - 5.0382e+08      -   577 86167s
 11902 10644 5.0375e+08  192 2423          - 5.0382e+08      -   575 86191s
 11957 10695 5.0375e+08  195 2403          - 5.0382e+08      -   573 86212s
 12027 10732 5.0375e+08  199 2387          - 5.0382e+08      -   570 86247s
 12087 10758 5.0375e+08  202 2370          - 5.0382e+08      -   567 86272s
 12133 10813 5.0375e+08  204 2359          - 5.0382e+08      -   565 86292s
 12203 10859 5.0375e+08  207 2335          - 5.0382e+08      -   563 86311s
 12273 10906 5.0375e+08  211 2318          - 5.0382e+08      -   560 86331s
 12343 10953 5.0375e+08  214 2287          - 5.0382e+08      -   557 86352s
 12413 10999 5.0375e+08  218 2270          - 5.0382e+08      -   554 86379s
 12483 11046 5.0375e+08  221 2252          - 5.0382e+08      -   551 86399s
 12553 11086 5.0375e+08  225 2229          - 5.0382e+08      -   548 86430s
 12616 11107 5.0375e+08  228 2225          - 5.0382e+08      -   545 86465s
 12658 11163 5.0375e+08  230 2216          - 5.0382e+08      -   544 86486s
 12728 11209 5.0375e+08  233 2201          - 5.0382e+08      -   541 86506s
 12798 11216 5.0375e+08  237 2168          - 5.0382e+08      -   538 86941s
 12828 11216 5.0375e+08  238 2162          - 5.0382e+08      -   537 87364s
 12838 11283 5.0375e+08  239 2156          - 5.0382e+08      -   537 87383s
 12908 11302 5.0375e+08  242 2142          - 5.0382e+08      -   534 87416s
 12951 11358 5.0375e+08  244 2133          - 5.0382e+08      -   533 87437s
 13021 11395 5.0375e+08  248 2114          - 5.0382e+08      -   530 87468s
 13081 11445 5.0375e+08  251 2105          - 5.0382e+08      -   528 87489s
 13151 11491 5.0375e+08  254 2100          - 5.0382e+08      -   525 87510s
 13221 11489 5.0375e+08  258 2080          - 5.0382e+08      -   523 87548s
 13242 11552 5.0375e+08  259 2078          - 5.0382e+08      -   522 87569s
 13256 11547 5.0371e+08  260 2012          - 5.0382e+08      -   522 87570s
 13312 11599 5.0375e+08  262 2069          - 5.0382e+08      -   520 87591s
 13382 11644 5.0375e+08  266 2025          - 5.0382e+08      -   518 87623s
 13451 11691 5.0375e+08  269 2001          - 5.0382e+08      -   516 87643s
 13521 11738 5.0375e+08  273 1980          - 5.0382e+08      -   513 87664s
 13591 11785 5.0375e+08  276 1967          - 5.0382e+08      -   511 87685s
 13661 11831 5.0375e+08  280 1944          - 5.0382e+08      -   509 87705s
 13731 11878 5.0375e+08  283 1923          - 5.0382e+08      -   506 87725s
 13801 11925 5.0375e+08  287 1909          - 5.0382e+08      -   504 87745s
 13871 11951 5.0375e+08  290 1901          - 5.0382e+08      -   502 87777s
 13921 11978 5.0375e+08  293 1895          - 5.0382e+08      -   500 87800s
 13964 11974 5.0375e+08  294 1890          - 5.0382e+08      -   499 87831s
 13975 12014 5.0375e+08  295 1887          - 5.0382e+08      -   498 87863s
 14018 12069 5.0375e+08  297 1878          - 5.0382e+08      -   497 87881s
 14088 12116 5.0375e+08  300 1859          - 5.0382e+08      -   495 87900s
 14158 12162 5.0375e+08  304 1837          - 5.0382e+08      -   493 87927s
 14227 12209 5.0375e+08  307 1834          - 5.0382e+08      -   490 87947s
 14297 12225 5.0375e+08  311 1803          - 5.0382e+08      -   488 88376s
 14337 12222 5.0375e+08  313 1783          - 5.0382e+08      -   487 88755s
 14347 12289 5.0375e+08  313 1783          - 5.0382e+08      -   487 88775s
 14417 12335 5.0375e+08  317 1771          - 5.0382e+08      -   485 88793s
 14487 12382 5.0375e+08  320 1759          - 5.0382e+08      -   482 88814s
 14557 12394 5.0374e+08  324 1733          - 5.0382e+08      -   480 88848s
 14592 12452 5.0374e+08  326 1729          - 5.0382e+08      -   479 88868s
 14662 12499 5.0374e+08  329 1704          - 5.0382e+08      -   477 88887s
 14732 12545 5.0374e+08  333 1680          - 5.0382e+08      -   475 88908s
 14802 12541 5.0374e+08  336 1662          - 5.0382e+08      -   473 88944s
 14821 12605 5.0374e+08  337 1662          - 5.0382e+08      -   473 88966s
 14891 12651 5.0374e+08  340 1649          - 5.0382e+08      -   471 88986s
 14961 12639 5.0374e+08  344 1622          - 5.0382e+08      -   469 89119s
 14972 12657 5.0374e+08  344 1620          - 5.0382e+08      -   469 89227s
 14994 12720 5.0374e+08  345 1621          - 5.0382e+08      -   468 89801s
 15064 12707 5.0374e+08  348 1599          - 5.0382e+08      -   466 90172s
 15074 12773 5.0374e+08  349 1595          - 5.0382e+08      -   466 90193s
 15144 12820 5.0374e+08  352 1598          - 5.0382e+08      -   464 90212s
 15214 12867 5.0374e+08  356 1560          - 5.0382e+08      -   462 90235s
 15284 12913 5.0374e+08  359 1544          - 5.0382e+08      -   460 90255s
 15354 12960 5.0374e+08  363 1517          - 5.0382e+08      -   458 90276s
 15424 12983 5.0374e+08  366 1508          - 5.0382e+08      -   456 90308s
 15470 13036 5.0374e+08  368 1498          - 5.0382e+08      -   455 90330s
 15539 13083 5.0374e+08  372 1486          - 5.0382e+08      -   453 90350s
 15609 13130 5.0374e+08  375 1469          - 5.0382e+08      -   452 90371s
 15679 13177 5.0374e+08  379 1454          - 5.0382e+08      -   450 90393s
 15749 13223 5.0374e+08  382 1451          - 5.0382e+08      -   448 90413s
 15819 13270 5.0374e+08  386 1421          - 5.0382e+08      -   446 90434s
 15833 13265 5.0370e+08  388 1336          - 5.0382e+08      -   446 90435s
 15889 13317 5.0374e+08  389 1406          - 5.0382e+08      -   445 90455s
 15959 13363 5.0374e+08  393 1376          - 5.0382e+08      -   443 90476s
 16029 13352 5.0374e+08  396 1370          - 5.0382e+08      -   441 90512s
 16041 13418 5.0374e+08  397 1363          - 5.0382e+08      -   441 90535s
 16111 13465 5.0374e+08  400 1348          - 5.0382e+08      -   439 90553s
 16181 13511 5.0374e+08  404 1334          - 5.0382e+08      -   438 90574s
 16251 13558 5.0374e+08  407 1328          - 5.0382e+08      -   436 90595s
 16321 13605 5.0374e+08  411 1320          - 5.0382e+08      -   434 90615s
 16391 13651 5.0374e+08  414 1306          - 5.0382e+08      -   433 92506s
 16461 13698 5.0374e+08  418 1281          - 5.0382e+08      -   431 92527s
 16531 13745 5.0374e+08  421 1266          - 5.0382e+08      -   429 92548s
 16601 13790 5.0374e+08  425 1241          - 5.0382e+08      -   428 92569s
 16670 13837 5.0374e+08  428 1227          - 5.0382e+08      -   426 92590s
 16740 13879 5.0374e+08  431 1211          - 5.0382e+08      -   425 92610s
 16805 13923 5.0374e+08  434 1195          - 5.0382e+08      -   423 92630s
 16871 13966 5.0374e+08  437 1180          - 5.0382e+08      -   422 92651s
 16936 14010 5.0374e+08  441 1170          - 5.0382e+08      -   421 92671s
 17001 14054 5.0374e+08  444 1160          - 5.0382e+08      -   420 92691s
 17067 14092 5.0374e+08  447 1157          - 5.0382e+08      -   419 92719s
 17127 14142 5.0374e+08  450 1135          - 5.0382e+08      -   417 92739s
 17197 14159 5.0374e+08  454 1126          - 5.0382e+08      -   416 93226s
 17237 14155 5.0374e+08  456 1122          - 5.0382e+08      -   415 93461s
 17247 14222 5.0374e+08  456 1122          - 5.0382e+08      -   415 93480s
 17317 14268 5.0374e+08  460 1112          - 5.0382e+08      -   413 93501s
 17386 14315 5.0374e+08  463 1108          - 5.0382e+08      -   411 93522s
 17456 14354 5.0374e+08  467 1101          - 5.0382e+08      -   410 93549s
 17519 14403 5.0374e+08  470 1096          - 5.0382e+08      -   408 93569s
 17589 14450 5.0374e+08  473 1090          - 5.0382e+08      -   407 93589s
 17659 14457 5.0374e+08  477 1091          - 5.0382e+08      -   405 93617s
 17689 14511 5.0374e+08  478 1083          - 5.0382e+08      -   404 93640s
 17753 14520 5.0374e+08  482 1082          - 5.0382e+08      -   403 93667s
 17784 14580 5.0374e+08  483 1081          - 5.0382e+08      -   402 93688s
 17854 14568 5.0374e+08  487 1074          - 5.0382e+08      -   401 93718s
 17865 14627 5.0374e+08  487 1075          - 5.0382e+08      -   401 93741s
 17928 14676 5.0374e+08  490 1071          - 5.0382e+08      -   399 93759s
 17998 14683 5.0374e+08  494 1063          - 5.0382e+08      -   398 94270s
 18028 14683 5.0374e+08  495 1062          - 5.0382e+08      -   397 94522s
 18038 14703 5.0374e+08  496 1056          - 5.0382e+08      -   397 94552s
 18062 14765 5.0374e+08  497 1053          - 5.0382e+08      -   396 94571s
 18132 14812 5.0374e+08  500 1048          - 5.0382e+08      -   395 94589s
 18202 14859 5.0374e+08  504 1033          - 5.0382e+08      -   393 94610s
 18272 14902 5.0374e+08  507 1027          - 5.0382e+08      -   392 94634s
 18339 14909 5.0374e+08  511 1027          - 5.0382e+08      -   391 94665s
 18368 14968 5.0374e+08  513 1023          - 5.0382e+08      -   390 94687s
 18437 14971 5.0374e+08  516 1018          - 5.0382e+08      -   389 94716s
 18463 15033 5.0374e+08  518 1017          - 5.0382e+08      -   388 94737s
 18533 15038 5.0374e+08  521 1012          - 5.0382e+08      -   387 94766s
 18562 15099 5.0374e+08  522 1015          - 5.0382e+08      -   386 94789s
 18632 15145 5.0374e+08  526 1012          - 5.0382e+08      -   385 94807s
 18702 15192 5.0374e+08  529 1008          - 5.0382e+08      -   384 94828s
 18772 15239 5.0374e+08  533 1005          - 5.0382e+08      -   382 94849s
 18842 15285 5.0374e+08  536 1000          - 5.0382e+08      -   381 94869s
 18898 15267 5.0369e+08 1071  372          - 5.0382e+08      -   380 94870s
 18912 15327 5.0374e+08  540  990          - 5.0382e+08      -   379 94898s
 18977 15375 5.0374e+08  543  988          - 5.0382e+08      -   378 94918s
 19047 15422 5.0374e+08  546  981          - 5.0382e+08      -   377 94937s
 19117 15469 5.0374e+08  550  977          - 5.0382e+08      -   375 94958s
 19187 15458 5.0374e+08  553  974          - 5.0382e+08      -   374 94988s
 19200 15464 5.0374e+08  554  973          - 5.0382e+08      -   374 95477s
 19210 15471 5.0374e+08  554  972          - 5.0382e+08      -   374 95698s
 19220 15537 5.0374e+08  555  971          - 5.0382e+08      -   374 95716s
 19290 15584 5.0374e+08  558  967          - 5.0382e+08      -   372 95735s
 19360 15631 5.0374e+08  562  948          - 5.0382e+08      -   371 95756s
 19430 15677 5.0374e+08  565  944          - 5.0382e+08      -   370 95776s
 19500 15664 5.0374e+08  569  933          - 5.0382e+08      -   368 96280s
 19510 15671 5.0374e+08  569  935          - 5.0382e+08      -   368 96518s
 19520 15737 5.0374e+08  570  932          - 5.0382e+08      -   368 96535s
 19590 15780 5.0374e+08  573  929          - 5.0382e+08      -   367 96559s
 19656 15828 5.0374e+08  577  921          - 5.0382e+08      -   365 96579s
 19726 15820 5.0374e+08  580  917          - 5.0382e+08      -   364 96609s
 19741 15881 5.0374e+08  581  916          - 5.0382e+08      -   364 96632s
 19807 15929 5.0374e+08  584  913          - 5.0382e+08      -   363 96650s
 19877 15975 5.0374e+08  588  900          - 5.0382e+08      -   362 96670s
 19947 16022 5.0374e+08  591  899          - 5.0382e+08      -   360 96691s
 20017 16069 5.0374e+08  595  886          - 5.0382e+08      -   359 96712s
 20087 16115 5.0374e+08  598  884          - 5.0382e+08      -   358 96732s
 20157 16162 5.0374e+08  602  874          - 5.0382e+08      -   357 96752s
 20227 16209 5.0374e+08  605  868          - 5.0382e+08      -   355 96774s
 20297 16225 5.0374e+08  609  858          - 5.0382e+08      -   354 97267s
 20337 16222 5.0374e+08  611  856          - 5.0382e+08      -   354 97514s
 20347 16289 5.0374e+08  611  856          - 5.0382e+08      -   353 97532s
 20417 16335 5.0374e+08  615  851          - 5.0382e+08      -   352 97550s
 20487 16382 5.0374e+08  618  848          - 5.0382e+08      -   351 97571s
 20557 16429 5.0374e+08  622  842          - 5.0382e+08      -   350 97592s
 20627 16475 5.0374e+08  625  838          - 5.0382e+08      -   349 97613s
 20697 16492 5.0374e+08  629  830          - 5.0382e+08      -   348 98106s
 20737 16489 5.0374e+08  631  827          - 5.0382e+08      -   347 98346s
 20747 16501 5.0374e+08  631  830          - 5.0382e+08      -   347 98375s
 20763 16530 5.0374e+08  632  828          - 5.0382e+08      -   347 98398s
 20797 16536 5.0374e+08  633  824          - 5.0382e+08      -   346 98520s
 20814 16581 5.0374e+08  634  822          - 5.0382e+08      -   346 98638s
 20865 16634 5.0374e+08  637  818          - 5.0382e+08      -   345 98657s
 20935 16641 5.0374e+08  640  814          - 5.0382e+08      -   344 98792s
 20965 16647 5.0374e+08  642  810          - 5.0382e+08      -   343 98906s
 20981 16705 5.0374e+08  642  809          - 5.0382e+08      -   343 98926s
 21045 16744 5.0374e+08  646  804          - 5.0382e+08      -   342 98951s
 21105 16788 5.0374e+08  649  799          - 5.0382e+08      -   341 98974s
 21169 16831 5.0374e+08  653  797          - 5.0382e+08      -   340 98997s
 21233 16873 5.0374e+08  656  794          - 5.0382e+08      -   339 99019s
 21297 16889 5.0374e+08  660  789          - 5.0382e+08      -   338 99347s
 21334 16887 5.0374e+08  662  785          - 5.0382e+08      -   338 99797s
 21344 16893 5.0374e+08  662  784          - 5.0382e+08      -   337 99829s
 21354 16903 5.0374e+08  663  785          - 5.0382e+08      -   337 99854s
 21361 16901 5.0363e+08  663  803          - 5.0382e+08      -   337 99855s
 21367 16934 5.0374e+08  663  784          - 5.0382e+08      -   337 99874s
 21402 16987 5.0374e+08  664  783          - 5.0382e+08      -   337 99901s
 21467 17035 5.0374e+08  667  780          - 5.0382e+08      -   336 99920s
 21537 17051 5.0374e+08  671  769          - 5.0382e+08      -   335 99953s
 21576 17105 5.0374e+08  673  767          - 5.0382e+08      -   334 99975s
 21643 17153 5.0374e+08  676  764          - 5.0382e+08      -   333 99994s
 21713 17199 5.0374e+08  680  760          - 5.0382e+08      -   332 100014s
 21783 17246 5.0374e+08  683  757          - 5.0382e+08      -   331 100035s
 21853 17293 5.0374e+08  687  750          - 5.0382e+08      -   330 100055s
 21923 17310 5.0374e+08  690  748          - 5.0382e+08      -   329 100084s
 21964 17365 5.0374e+08  692  746          - 5.0382e+08      -   328 100107s
 22032 17412 5.0374e+08  696  740          - 5.0382e+08      -   327 100131s
 22102 17459 5.0374e+08  699  737          - 5.0382e+08      -   326 100152s
 22172 17505 5.0374e+08  703  730          - 5.0382e+08      -   325 100172s
 22242 17552 5.0374e+08  706  722          - 5.0382e+08      -   324 100193s
 22312 17568 5.0374e+08  710  719          - 5.0382e+08      -   323 100224s
 22351 17625 5.0374e+08  712  717          - 5.0382e+08      -   323 100244s
 22421 17671 5.0374e+08  715  713          - 5.0382e+08      -   322 100263s
 22491 17718 5.0374e+08  719  705          - 5.0382e+08      -   321 100284s
 22561 17742 5.0374e+08  722  702          - 5.0382e+08      -   320 100313s
 22608 17747 5.0374e+08  725  700          - 5.0382e+08      -   319 100347s
 22629 17810 5.0374e+08  726  698          - 5.0382e+08      -   319 100369s
 22699 17807 5.0374e+08  729  695          - 5.0382e+08      -   318 100749s
 22719 17810 5.0374e+08  730  694          - 5.0382e+08      -   317 100905s
 22729 17835 5.0374e+08  731  692          - 5.0382e+08      -   317 101007s
 22757 17883 5.0374e+08  732  691          - 5.0382e+08      -   317 101137s
 22815 17928 5.0374e+08  736  685          - 5.0382e+08      -   316 101239s
 22879 17971 5.0374e+08  739  680          - 5.0382e+08      -   315 101327s
 22943 18019 5.0374e+08  743  674          - 5.0382e+08      -   315 101348s
 23013 18045 5.0374e+08  746  663          - 5.0382e+08      -   314 101377s
 23062 18097 5.0374e+08  749  657          - 5.0382e+08      -   313 101399s
 23130 18144 5.0374e+08  753  653          - 5.0382e+08      -   312 101419s
 23200 18131 5.0374e+08  756  650          - 5.0382e+08      -   311 101733s
 23210 18137 5.0374e+08  757  647          - 5.0382e+08      -   311 101919s
 23220 18204 5.0374e+08  757  648          - 5.0382e+08      -   311 101936s
 23290 18251 5.0374e+08  761  641          - 5.0382e+08      -   310 101954s
 23360 18297 5.0374e+08  764  634          - 5.0382e+08      -   309 101975s
 23430 18344 5.0374e+08  768  628          - 5.0382e+08      -   308 101996s
 23500 18331 5.0374e+08  771  624          - 5.0382e+08      -   307 102305s
 23510 18337 5.0374e+08  772  621          - 5.0382e+08      -   307 102480s
 23520 18391 5.0374e+08  772  621          - 5.0382e+08      -   307 102506s
 23577 18398 5.0374e+08  775  618          - 5.0382e+08      -   307 102536s
 23603 18451 5.0374e+08  776  619          - 5.0382e+08      -   306 102559s
 23665 18501 5.0374e+08  779  614          - 5.0382e+08      -   305 102582s
 23735 18547 5.0374e+08  783  603          - 5.0382e+08      -   305 102603s
 23805 18594 5.0374e+08  786  602          - 5.0382e+08      -   304 102623s
 23875 18641 5.0374e+08  790  594          - 5.0382e+08      -   303 102645s
 23945 18687 5.0374e+08  793  593          - 5.0382e+08      -   302 102666s
 24015 18734 5.0374e+08  797  584          - 5.0382e+08      -   301 102688s
 24085 18781 5.0374e+08  800  579          - 5.0382e+08      -   301 102711s
 24155 18797 5.0374e+08  804  563          - 5.0382e+08      -   300 102741s
 24195 18842 5.0374e+08  806  559          - 5.0382e+08      -   300 102953s
 24253 18840 5.0373e+08  809  554          - 5.0382e+08      -   299 103111s
 24270 18903 5.0374e+08  811  545          - 5.0382e+08      -   299 103133s
 24339 18933 5.0374e+08  814  544          - 5.0382e+08      -   299 103159s
 24392 18985 5.0374e+08  816  542          - 5.0382e+08      -   298 103181s
 24462 19031 5.0374e+08  820  541          - 5.0382e+08      -   298 103202s
 24531 19076 5.0374e+08  823  543          - 5.0382e+08      -   297 103225s
 24599 19073 5.0374e+08  827  531          - 5.0382e+08      -   297 103586s
 24619 19077 5.0374e+08  828  530          - 5.0382e+08      -   297 103738s
 24629 19125 5.0374e+08  828  527          - 5.0382e+08      -   297 103841s
 24681 19164 5.0374e+08  832  520          - 5.0382e+08      -   296 103920s
 24737 19177 5.0372e+08  835  510          - 5.0382e+08      -   296 103950s
 24769 19235 5.0374e+08  837  512          - 5.0382e+08      -   296 103972s
 24837 19248 5.0374e+08  840  512          - 5.0382e+08      -   295 104002s
 24873 19294 5.0373e+08  841  520          - 5.0382e+08      -   295 104025s
 24931 19285 5.0366e+08  843  519          - 5.0382e+08      -   295 104153s
 24941 19291 5.0374e+08  844  510          - 5.0382e+08      -   295 104272s
 24951 19327 5.0372e+08  844  512          - 5.0382e+08      -   295 104301s
 24990 19384 5.0374e+08  846  505          - 5.0382e+08      -   294 104322s
 25060 19430 5.0374e+08  850  500          - 5.0382e+08      -   294 104342s
 25129 19438 5.0374e+08  853  493          - 5.0382e+08      -   294 104375s
 25160 19496 5.0374e+08  855  490          - 5.0382e+08      -   293 104399s
 25229 19543 5.0374e+08  858  491          - 5.0382e+08      -   293 104419s
 25264 19532 5.0367e+08  848  508          - 5.0382e+08      -   293 104420s
 25299 19540 5.0374e+08  862  487          - 5.0382e+08      -   292 104800s
 25319 19543 5.0374e+08  863  486          - 5.0382e+08      -   292 104935s
 25329 19597 5.0374e+08  863  484          - 5.0382e+08      -   292 105025s
 25386 19648 5.0374e+08  866  485          - 5.0382e+08      -   292 105044s
 25456 19695 5.0374e+08  870  479          - 5.0382e+08      -   291 105066s
 25526 19734 5.0373e+08  873  478          - 5.0382e+08      -   291 105092s
 25589 19783 5.0374e+08  876  485          - 5.0382e+08      -   291 105114s
 25659 19829 5.0374e+08  880  466          - 5.0382e+08      -   290 105136s
 25728 19876 5.0374e+08  883  468          - 5.0382e+08      -   290 105159s
 25798 19883 5.0374e+08  886  467          - 5.0382e+08      -   289 105456s
 25828 19883 5.0374e+08  888  464          - 5.0382e+08      -   289 105628s
 25838 19919 5.0374e+08  888  466          - 5.0382e+08      -   289 105660s
 25878 19976 5.0374e+08  890  464          - 5.0382e+08      -   289 105679s
 25948 20023 5.0374e+08  894  460          - 5.0382e+08      -   288 105700s
 26018 20069 5.0367e+08  897  476          - 5.0382e+08      -   288 105722s
 26088 20114 5.0374e+08  901  443          - 5.0382e+08      -   287 105748s
 26156 20161 5.0373e+08  904  444          - 5.0382e+08      -   287 105772s
 26226 20204 5.0374e+08  908  439          - 5.0382e+08      -   286 105794s
*26289 12549            1605    5.036877e+08 5.0382e+08  0.03%   286 105797s

Resetting heuristic parameters to focus on improving solution
(using Heuristics=0.5, RINS=10 and disabling cuts)...

 26296 12502 5.0374e+08  908  437 5.0369e+08 5.0382e+08  0.03%   286 105847s
 26366 12464 5.0372e+08  912  445 5.0369e+08 5.0382e+08  0.03%   285 105884s
 26405 12487 5.0372e+08  913  455 5.0369e+08 5.0381e+08  0.03%   286 105919s
 26447 12508 5.0372e+08  917  438 5.0369e+08 5.0381e+08  0.02%   286 105955s
 26492 12529 5.0372e+08  919  440 5.0369e+08 5.0381e+08  0.02%   286 105992s
 26548 12544 5.0371e+08  921  447 5.0369e+08 5.0381e+08  0.02%   286 112015s
 26593 12574 5.0371e+08  925  440 5.0369e+08 5.0381e+08  0.02%   286 112075s
 26662 12561 5.0371e+08  926  439 5.0369e+08 5.0381e+08  0.02%   287 126335s
 26672 12563 5.0371e+08  926  441 5.0369e+08 5.0381e+08  0.02%   287 172800s

Cutting planes:
  Learned: 201
  Gomory: 269
  Cover: 224
  Implied bound: 2641
  Clique: 14
  MIR: 22630
  StrongCG: 41
  Flow cover: 12823
  Flow path: 337
  Zero half: 7
  Mod-K: 1
  Network: 1
  RLT: 90
  Relax-and-lift: 4042
  PSD: 3

Explored 26686 nodes (10332466 simplex iterations) in 172804.02 seconds (213421.32 work units)
Thread count was 10 (of 32 available processors)

Solution count 2: 5.03688e+08 5.03688e+08 

Time limit reached
Best objective 5.036876856765e+08, best bound 5.038134193575e+08, gap 0.0250%
