
Gurobi 13.0.1 (win64) logging started Sun Sep 27 22:26:15 2026

Set parameter LogFile to value "C:/Users/omkarp/Downloads/Large-scale-LBBD-Optimization/runs/2026-09-25_130129_full_with_redirection_LBBD_withPV_withBESS/logs/lbbd_master_003.log"
Set parameter MIPGap to value 2.5e-05
Set parameter MIPFocus to value 3
Set parameter Method to value 1
Set parameter NodeMethod to value 1
Gurobi Optimizer version 13.0.1 build v13.0.1rc0 (win64 - Windows 11+.0 (26200.2))

CPU model: Intel(R) Xeon(R) w5-2465X, instruction set [SSE2|AVX|AVX2|AVX512]
Thread count: 16 physical cores, 32 logical processors, using up to 10 threads

Non-default parameters:
Cutoff  5.0368724756085515e+08
TimeLimit  172800
SoftMemLimit  180
BestBdStop  5.0378800112420750e+08
MIPGap  2.5e-05
Method  1
MIPFocus  3
NodefileStart  0.5
NodeMethod  1
PumpPasses  20
StartNodeLimit  5000
StartTimeLimit  7200
SubMIPNodes  3000
Cuts  2
AggFill  0
NumericFocus  1
Presolve  2
PreSparsify  1
Threads  10

Optimize a model with 5177836 rows, 5098153 columns and 18442812 nonzeros (Max)
Model fingerprint: 0xe9a71399
Model has 1 linear objective coefficients
Variable types: 5077081 continuous, 21072 integer (17882 binary)
Coefficient statistics:
  Matrix range     [4e-05, 2e+08]
  Objective range  [1e+00, 1e+00]
  Bounds range     [1e+00, 1e+03]
  RHS range        [2e-02, 8e+11]
Warning: Model contains large matrix coefficient range
Warning: Model contains large rhs

Processing user MIP start: 0 nodes explored in subMIP, total elapsed time 5s
Processing user MIP start: 0 nodes explored in subMIP, total elapsed time 10s
Processing user MIP start: 0 nodes explored in subMIP, total elapsed time 15s
Processing user MIP start: 0 nodes explored in subMIP, total elapsed time 21s
Processing user MIP start: 0 nodes explored in subMIP, total elapsed time 25s
Processing user MIP start: 0 nodes explored in subMIP, total elapsed time 30s
Processing user MIP start: 0 nodes explored in subMIP, total elapsed time 35s
Processing user MIP start: 0 nodes explored in subMIP, total elapsed time 40s
Processing user MIP start: 0 nodes explored in subMIP, total elapsed time 45s
Processing user MIP start: 0 nodes explored in subMIP, total elapsed time 50s
Processing user MIP start: 0 nodes explored in subMIP, total elapsed time 55s
User MIP start did not produce a new incumbent solution
Processed MIP start in 55.68 seconds (38.66 work units)

Presolve removed 2218541 rows and 2696586 columns (presolve time = 5s)...
Presolve removed 2371439 rows and 2839645 columns (presolve time = 10s)...
Presolve removed 2406785 rows and 2839645 columns (presolve time = 15s)...
Presolve removed 2406785 rows and 2839645 columns (presolve time = 20s)...
Presolve removed 2406785 rows and 2839645 columns (presolve time = 25s)...
Presolve removed 2406785 rows and 2839645 columns (presolve time = 30s)...
Presolve removed 2406785 rows and 2839645 columns (presolve time = 35s)...
Presolve removed 2406785 rows and 2839645 columns (presolve time = 40s)...
Presolve removed 2406785 rows and 2839645 columns (presolve time = 45s)...
Presolve removed 2406785 rows and 2839645 columns (presolve time = 50s)...
Presolve removed 2406785 rows and 2839645 columns (presolve time = 55s)...
Presolve removed 2406785 rows and 2839645 columns (presolve time = 60s)...
Presolve removed 2406785 rows and 2839645 columns (presolve time = 65s)...
Presolve removed 2406785 rows and 2839645 columns (presolve time = 70s)...
Presolve removed 2406785 rows and 2839645 columns (presolve time = 75s)...
Presolve removed 2406785 rows and 2839645 columns (presolve time = 80s)...
Presolve removed 2406785 rows and 2839645 columns (presolve time = 85s)...
Presolve removed 2406785 rows and 2839645 columns (presolve time = 90s)...
Presolve removed 2406785 rows and 2839645 columns (presolve time = 95s)...
Presolve removed 2406785 rows and 2839645 columns (presolve time = 100s)...
Presolve removed 2406785 rows and 2839645 columns (presolve time = 105s)...
Presolve removed 2406785 rows and 2839645 columns (presolve time = 110s)...
Presolve removed 2406785 rows and 2839645 columns (presolve time = 115s)...
Presolve removed 2406785 rows and 2839645 columns (presolve time = 120s)...
Presolve removed 2406785 rows and 2839645 columns (presolve time = 125s)...
Presolve removed 2406785 rows and 2839645 columns (presolve time = 130s)...
Presolve removed 2406785 rows and 2839645 columns (presolve time = 135s)...
Presolve removed 2406785 rows and 2839645 columns (presolve time = 140s)...
Presolve removed 2406785 rows and 2839645 columns (presolve time = 145s)...
Presolve removed 2406785 rows and 2839645 columns (presolve time = 150s)...
Presolve removed 2406785 rows and 2839645 columns (presolve time = 155s)...
Presolve removed 2406785 rows and 2839645 columns (presolve time = 160s)...
Presolve removed 2406785 rows and 2839645 columns (presolve time = 165s)...
Presolve removed 2406785 rows and 2839645 columns (presolve time = 170s)...
Presolve removed 2406785 rows and 2839645 columns (presolve time = 175s)...
Presolve removed 2406785 rows and 2839645 columns (presolve time = 180s)...
Presolve removed 2406785 rows and 2839645 columns (presolve time = 185s)...
Presolve removed 2406785 rows and 2839645 columns (presolve time = 190s)...
Presolve removed 2406785 rows and 2839645 columns (presolve time = 195s)...
Presolve removed 2406785 rows and 2839645 columns (presolve time = 200s)...
Presolve removed 2406785 rows and 2839645 columns (presolve time = 205s)...
Presolve removed 2406785 rows and 2839645 columns (presolve time = 210s)...
Presolve removed 2406785 rows and 2839645 columns (presolve time = 215s)...
Presolve removed 2406785 rows and 2839645 columns (presolve time = 220s)...
Presolve removed 2406785 rows and 2839645 columns (presolve time = 225s)...
Presolve removed 2406785 rows and 2839645 columns (presolve time = 230s)...
Presolve removed 2406785 rows and 2839645 columns (presolve time = 235s)...
Presolve removed 2406785 rows and 2839645 columns (presolve time = 240s)...
Presolve removed 2406785 rows and 2839645 columns (presolve time = 245s)...
Presolve removed 2406785 rows and 2839645 columns (presolve time = 250s)...
Presolve removed 2406785 rows and 2839645 columns (presolve time = 255s)...
Presolve removed 2406785 rows and 2839645 columns (presolve time = 260s)...
Presolve removed 2406785 rows and 2839645 columns (presolve time = 265s)...
Presolve removed 2406785 rows and 2839645 columns (presolve time = 270s)...
Presolve removed 2406785 rows and 2839645 columns (presolve time = 275s)...
Presolve removed 2406785 rows and 2839645 columns (presolve time = 280s)...
Presolve removed 2406785 rows and 2839645 columns (presolve time = 285s)...
Presolve removed 2406785 rows and 2839645 columns (presolve time = 290s)...
Presolve removed 2406785 rows and 2839645 columns (presolve time = 295s)...
Presolve removed 2506852 rows and 2850839 columns (presolve time = 300s)...
Presolve removed 2507437 rows and 2850839 columns (presolve time = 305s)...
Presolve removed 2508420 rows and 2850839 columns (presolve time = 310s)...
Presolve removed 2508420 rows and 2850839 columns (presolve time = 315s)...
Presolve removed 2508420 rows and 2850839 columns (presolve time = 320s)...
Presolve removed 2508420 rows and 2850839 columns (presolve time = 325s)...
Presolve removed 2508420 rows and 2850839 columns (presolve time = 330s)...
Presolve removed 2508420 rows and 2850839 columns (presolve time = 335s)...
Presolve removed 2508420 rows and 2850839 columns (presolve time = 340s)...
Presolve removed 2508420 rows and 2850839 columns (presolve time = 345s)...
Presolve removed 2508420 rows and 2850839 columns (presolve time = 425s)...
Presolve removed 2508420 rows and 2850839 columns (presolve time = 504s)...
Presolve removed 2508420 rows and 2850839 columns (presolve time = 566s)...
Presolve removed 2508648 rows and 2851068 columns (presolve time = 570s)...
Presolve removed 2508648 rows and 2851068 columns (presolve time = 575s)...
Presolve removed 2508648 rows and 2851068 columns (presolve time = 580s)...
Presolve removed 2508648 rows and 2851068 columns (presolve time = 585s)...
Presolve removed 2508648 rows and 2851068 columns (presolve time = 590s)...
Presolve removed 2508648 rows and 2851068 columns (presolve time = 595s)...
Presolve removed 2508648 rows and 2851068 columns (presolve time = 600s)...
Presolve removed 2508648 rows and 2851068 columns (presolve time = 687s)...
Presolve removed 2508648 rows and 2851068 columns (presolve time = 806s)...
Presolve removed 2508648 rows and 2851068 columns (presolve time = 810s)...
Presolve removed 2508648 rows and 2851068 columns (presolve time = 815s)...
Presolve removed 2508648 rows and 2851068 columns (presolve time = 820s)...
Presolve removed 2508648 rows and 2851068 columns (presolve time = 825s)...
Sparsify removed 17876 nonzeros (0%)
Presolve removed 2508648 rows and 2862756 columns (presolve time = 830s)...
Presolve removed 2508648 rows and 2851066 columns
Presolve time: 830.33s
Presolved: 2669188 rows, 2247087 columns, 9969195 nonzeros
Variable types: 2226616 continuous, 20471 integer (17881 binary)
Root relaxation presolve removed 138 rows and 138 columns (presolve time = 5s)...
Root relaxation presolve removed 138 rows and 138 columns (presolve time = 10s)...
Root relaxation presolve removed 138 rows and 138 columns (presolve time = 15s)...
Root relaxation presolve removed 138 rows and 138 columns (presolve time = 20s)...
Root relaxation presolve removed 138 rows and 138 columns (presolve time = 25s)...
Root relaxation presolve removed 138 rows and 138 columns (presolve time = 30s)...
Root relaxation presolve removed 138 rows and 138 columns (presolve time = 35s)...
Root relaxation presolve removed 138 rows and 138 columns (presolve time = 40s)...
Root relaxation presolve removed 138 rows and 138 columns (presolve time = 45s)...
Root relaxation presolve removed 260 rows and 138 columns (presolve time = 50s)...
Root relaxation presolve removed 260 rows and 382 columns (presolve time = 55s)...
Root relaxation presolve removed 260 rows and 382 columns (presolve time = 60s)...
Root relaxation presolve removed 260 rows and 382 columns (presolve time = 65s)...
Root relaxation presolve removed 260 rows and 382 columns (presolve time = 70s)...
Root relaxation presolve removed 260 rows and 382 columns (presolve time = 75s)...
Root relaxation presolve removed 260 rows and 382 columns (presolve time = 80s)...
Root relaxation presolve removed 260 rows and 382 columns (presolve time = 85s)...
Root relaxation presolve removed 260 rows and 382 columns (presolve time = 90s)...
Root relaxation presolve removed 260 rows and 382 columns (presolve time = 95s)...
Root relaxation presolve removed 504 rows and 382 columns (presolve time = 100s)...
Root relaxation presolve removed 504 rows and 382 columns (presolve time = 105s)...
Root relaxation presolve removed 504 rows and 382 columns (presolve time = 110s)...
Root relaxation presolve removed 504 rows and 382 columns (presolve time = 115s)...
Root relaxation presolve removed 504 rows and 382 columns (presolve time = 120s)...
Root relaxation presolve removed 504 rows and 382 columns (presolve time = 125s)...
Root relaxation presolve removed 504 rows and 382 columns (presolve time = 130s)...
Root relaxation presolve removed 504 rows and 382 columns (presolve time = 135s)...
Root relaxation presolve removed 504 rows and 382 columns (presolve time = 140s)...
Root relaxation presolve removed 504 rows and 382 columns (presolve time = 145s)...
Root relaxation presolve removed 504 rows and 382 columns
Root relaxation presolved: 2668684 rows, 2246705 columns, 9967179 nonzeros


Root simplex log...

Iteration    Objective       Primal Inf.    Dual Inf.      Time
       0    7.4927587e+08   3.817062e+08   0.000000e+00   1039s
    2002    7.4927587e+08   3.750999e+08   0.000000e+00   1040s
   11011    7.4927587e+08   6.113378e+08   0.000000e+00   1045s
   16690    7.4927587e+08   6.184007e+08   0.000000e+00   1051s
   17460    7.4927584e+08   6.261735e+08   0.000000e+00   1057s
   17570    7.4927584e+08   6.250114e+08   0.000000e+00   1060s
   17790    7.4927584e+08   6.247108e+08   0.000000e+00   1066s
   18250    7.4927584e+08   1.180536e+09   0.000000e+00   1072s
   18420    7.4927584e+08   8.601319e+08   0.000000e+00   1076s
   18720    7.4927584e+08   3.478395e+08   0.000000e+00   1082s
   18990    7.4927583e+08   8.728478e+08   0.000000e+00   1088s
   19110    7.4927583e+08   8.670351e+08   0.000000e+00   1091s
   19570    7.4927583e+08   6.184246e+08   0.000000e+00   1097s
   19940    7.4927583e+08   6.132611e+08   0.000000e+00   1103s
   20110    7.4927583e+08   8.349423e+08   0.000000e+00   1106s
   20360    7.4927583e+08   8.323769e+08   0.000000e+00   1112s
   20480    7.4927583e+08   6.066986e+08   0.000000e+00   1115s
   21220    7.4927581e+08   5.955572e+08   0.000000e+00   1121s
   21510    7.4927581e+08   5.927664e+08   0.000000e+00   1127s
   21630    7.4927581e+08   8.214685e+08   0.000000e+00   1130s
   22670    7.4927579e+08   5.702490e+08   0.000000e+00   1136s
   23210    7.4927579e+08   5.637099e+08   0.000000e+00   1142s
   23350    7.4927579e+08   5.615612e+08   0.000000e+00   1145s
   23610    7.4927579e+08   7.621039e+08   0.000000e+00   1151s
   23910    7.4927578e+08   5.588944e+08   0.000000e+00   1158s
   24040    7.4927578e+08   7.688421e+08   0.000000e+00   1161s
   24460    7.4927578e+08   5.547109e+08   0.000000e+00   1167s
   24600    7.4927578e+08   1.035633e+09   0.000000e+00   1170s
   24870    7.4927578e+08   7.659508e+08   0.000000e+00   1177s
   25140    7.4927578e+08   5.516045e+08   0.000000e+00   1183s
   25300    7.4927578e+08   7.573514e+08   0.000000e+00   1186s
   25560    7.4927578e+08   2.085767e+10   0.000000e+00   1193s
   25680    7.4927578e+08   7.524698e+08   0.000000e+00   1196s
   25980    7.4927578e+08   5.427740e+08   0.000000e+00   1202s
   26240    7.4927577e+08   7.527798e+08   0.000000e+00   1208s
   26370    7.4927577e+08   7.445494e+08   0.000000e+00   1211s
   26610    7.4927577e+08   7.276808e+08   0.000000e+00   1218s
   26720    7.4927577e+08   4.170503e+09   0.000000e+00   1221s
   27010    7.4927577e+08   5.336690e+08   0.000000e+00   1227s
   27120    7.4927577e+08   5.331705e+08   0.000000e+00   1230s
   27350    7.4927577e+08   5.309956e+08   0.000000e+00   1236s
   27580    7.4927577e+08   5.293436e+08   0.000000e+00   1243s
   27700    7.4927576e+08   5.298434e+08   0.000000e+00   1246s
   27950    7.4927576e+08   5.262160e+08   0.000000e+00   1252s
   28200    7.4927576e+08   5.249823e+08   0.000000e+00   1258s
   28350    7.4927576e+08   5.226021e+08   0.000000e+00   1260s
   28600    7.4927576e+08   5.215607e+08   0.000000e+00   1266s
   28900    7.4927576e+08   6.994002e+08   0.000000e+00   1272s
   29020    7.4927576e+08   7.040204e+08   0.000000e+00   1276s
   29280    7.4927576e+08   5.157463e+08   0.000000e+00   1282s
   29520    7.4927576e+08   7.053718e+08   0.000000e+00   1288s
   29660    7.4927575e+08   4.727970e+09   0.000000e+00   1291s
   29930    7.4927575e+08   3.009343e+08   0.000000e+00   1298s
   30080    7.4927575e+08   6.867202e+08   0.000000e+00   1301s
   30330    7.4927575e+08   6.947842e+08   0.000000e+00   1308s
   30430    7.4927575e+08   6.937122e+08   0.000000e+00   1311s
   30760    7.4927575e+08   5.035170e+08   0.000000e+00   1317s
   30890    7.4927575e+08   5.028369e+08   0.000000e+00   1321s
   31140    7.4927575e+08   4.667044e+08   0.000000e+00   1327s
   31260    7.4927575e+08   4.641318e+08   0.000000e+00   1331s
   31530    7.4927575e+08   9.093332e+08   0.000000e+00   1337s
   31650    7.4927575e+08   6.674253e+08   0.000000e+00   1340s
   31930    7.4927574e+08   6.625990e+08   0.000000e+00   1347s
   32160    7.4927574e+08   3.377369e+10   0.000000e+00   1353s
   32310    7.4927574e+08   4.908899e+08   0.000000e+00   1356s
   32550    7.4927574e+08   4.902190e+08   0.000000e+00   1362s
   32690    7.4927574e+08   4.883574e+08   0.000000e+00   1365s
   32900    7.4927574e+08   4.866271e+08   0.000000e+00   1372s
   33160    7.4927574e+08   4.828697e+08   0.000000e+00   1377s
   33290    7.4927574e+08   4.487795e+08   0.000000e+00   1381s
   33510    7.4927574e+08   4.816395e+08   0.000000e+00   1386s
   33760    7.4927573e+08   6.400532e+08   0.000000e+00   1393s
   33890    7.4927573e+08   4.767075e+08   0.000000e+00   1396s
   34200    7.4927573e+08   6.367906e+08   0.000000e+00   1402s
   34350    7.4927573e+08   6.354213e+08   0.000000e+00   1405s
   34650    7.4927573e+08   6.421380e+08   0.000000e+00   1411s
   34880    7.4927573e+08   4.717931e+08   0.000000e+00   1418s
   35020    7.4927573e+08   2.984737e+10   0.000000e+00   1421s
   35280    7.4927573e+08   3.648597e+09   0.000000e+00   1427s
   35410    7.4927573e+08   4.688623e+08   0.000000e+00   1430s
   35730    7.4927573e+08   6.220299e+08   0.000000e+00   1436s
   35980    7.4927573e+08   4.643178e+08   0.000000e+00   1442s
   36110    7.4927573e+08   6.164159e+08   0.000000e+00   1446s
   36360    7.4927572e+08   4.633398e+08   0.000000e+00   1453s
   36530    7.4927572e+08   6.168513e+08   0.000000e+00   1456s
   36800    7.4927572e+08   4.590787e+08   0.000000e+00   1462s
   37050    7.4927572e+08   6.189797e+08   0.000000e+00   1468s
   37180    7.4927572e+08   4.564279e+08   0.000000e+00   1471s
   37410    7.4927572e+08   4.525829e+08   0.000000e+00   1477s
   37540    7.4927572e+08   5.997023e+08   0.000000e+00   1480s
   37830    7.4927572e+08   5.978329e+08   0.000000e+00   1487s
   38080    7.4927572e+08   3.672819e+10   0.000000e+00   1493s
   38210    7.4927572e+08   4.472109e+08   0.000000e+00   1496s
   38470    7.4927572e+08   4.450494e+08   0.000000e+00   1502s
   38580    7.4927572e+08   5.905985e+08   0.000000e+00   1506s
   38870    7.4927572e+08   4.435216e+08   0.000000e+00   1512s
   39030    7.4927571e+08   5.865392e+08   0.000000e+00   1515s
   39300    7.4927571e+08   4.407508e+08   0.000000e+00   1521s
   39570    7.4927571e+08   4.375174e+08   0.000000e+00   1528s
   39700    7.4927571e+08   7.766863e+08   0.000000e+00   1531s
   39970    7.4927571e+08   4.330884e+08   0.000000e+00   1537s
   40100    7.4927571e+08   5.819182e+08   0.000000e+00   1541s
   40350    7.4927571e+08   4.362733e+08   0.000000e+00   1547s
   40610    7.4927571e+08   4.292035e+08   0.000000e+00   1551s
   40840    7.4927571e+08   5.648161e+08   0.000000e+00   1557s
   40990    7.4927571e+08   5.642974e+08   0.000000e+00   1560s
   41270    7.4927571e+08   5.598869e+08   0.000000e+00   1566s
   41540    7.4927571e+08   4.244421e+08   0.000000e+00   1573s
   41720    7.4927570e+08   4.237349e+08   0.000000e+00   1576s
   41980    7.4927570e+08   5.537565e+08   0.000000e+00   1582s
   42120    7.4927570e+08   4.210691e+08   0.000000e+00   1586s
   42420    7.4927570e+08   3.992784e+08   0.000000e+00   1592s
   42520    7.4927570e+08   4.170924e+08   0.000000e+00   1595s
   42790    7.4927570e+08   4.143789e+08   0.000000e+00   1602s
   42920    7.4927570e+08   2.622002e+10   0.000000e+00   1606s
   43210    7.4927570e+08   2.603769e+10   0.000000e+00   1612s
   43320    7.4927570e+08   4.119912e+08   0.000000e+00   1615s
   43640    7.4927570e+08   5.392572e+08   0.000000e+00   1622s
   43870    7.4927570e+08   5.453080e+08   0.000000e+00   1628s
   43980    7.4927570e+08   4.062133e+08   0.000000e+00   1631s
   44250    7.4927570e+08   1.492675e+09   0.000000e+00   1637s
   44360    7.4927570e+08   5.294473e+08   0.000000e+00   1641s
   44710    7.4927569e+08   5.287522e+08   0.000000e+00   1647s
   45260    7.4927569e+08   4.021922e+08   0.000000e+00   1653s
   45410    7.4927569e+08   7.031413e+08   0.000000e+00   1656s
   45660    7.4927569e+08   3.698208e+08   0.000000e+00   1662s
   45760    7.4927569e+08   5.320656e+08   0.000000e+00   1666s
   46070    7.4927569e+08   5.222770e+08   0.000000e+00   1672s
   46330    7.4927569e+08   6.879529e+08   0.000000e+00   1677s
   46470    7.4927569e+08   5.129350e+08   0.000000e+00   1680s
   46740    7.4927569e+08   2.444250e+08   0.000000e+00   1685s
   46960    7.4927569e+08   5.160683e+08   0.000000e+00   1691s
   47210    7.4927569e+08   3.484451e+09   0.000000e+00   1696s
   47470    7.4927569e+08   5.069095e+08   0.000000e+00   1701s
   47790    7.4927568e+08   3.815976e+08   0.000000e+00   1706s
   48070    7.4927568e+08   4.955213e+08   0.000000e+00   1712s
   48330    7.4927568e+08   3.766050e+08   0.000000e+00   1717s
   48580    7.4927568e+08   4.896648e+08   0.000000e+00   1722s
   48890    7.4927568e+08   3.725491e+08   0.000000e+00   1727s
   49130    7.4927568e+08   3.715085e+08   0.000000e+00   1733s
   49260    7.4927568e+08   4.823121e+08   0.000000e+00   1735s
   49490    7.4927568e+08   2.206559e+10   0.000000e+00   1741s
   49770    7.4927568e+08   4.781967e+08   0.000000e+00   1746s
   50070    7.4927568e+08   3.644581e+08   0.000000e+00   1751s
   50300    7.4927568e+08   3.425945e+08   0.000000e+00   1756s
   50600    7.4927568e+08   3.613591e+08   0.000000e+00   1762s
   50870    7.4927568e+08   4.779298e+08   0.000000e+00   1767s
   51100    7.4927567e+08   3.584252e+08   0.000000e+00   1772s
   51410    7.4927567e+08   3.553421e+08   0.000000e+00   1777s
   51550    7.4927567e+08   4.632682e+08   0.000000e+00   1780s
   51830    7.4927567e+08   4.626205e+08   0.000000e+00   1786s
   52160    7.4927567e+08   3.500293e+08   0.000000e+00   1791s
   52440    7.4927567e+08   3.474333e+08   0.000000e+00   1796s
   52670    7.4927567e+08   4.491787e+08   0.000000e+00   1802s
   53010    7.4927567e+08   3.436936e+08   0.000000e+00   1807s
   53260    7.4927567e+08   3.416010e+08   0.000000e+00   1812s
   53550    7.4927567e+08   3.397625e+08   0.000000e+00   1817s
   53800    7.4927567e+08   3.185471e+08   0.000000e+00   1822s
   53920    7.4927567e+08   3.382641e+08   0.000000e+00   1825s
   54180    7.4927567e+08   4.343021e+08   0.000000e+00   1830s
   54490    7.4927567e+08   3.322244e+08   0.000000e+00   1836s
   54760    7.4927566e+08   4.245909e+08   0.000000e+00   1841s
   55000    7.4927566e+08   3.099026e+08   0.000000e+00   1846s
   55340    7.4927566e+08   3.260703e+08   0.000000e+00   1852s
   55760    7.4927566e+08   4.262882e+08   0.000000e+00   1859s
   55900    7.4927566e+08   3.226947e+08   0.000000e+00   1862s
   56220    7.4927566e+08   4.108750e+08   0.000000e+00   1867s
   56360    7.4927566e+08   3.196122e+08   0.000000e+00   1870s
   56670    7.4927566e+08   4.067883e+08   0.000000e+00   1875s
   56980    7.4927566e+08   4.033585e+08   0.000000e+00   1881s
   57280    7.4927566e+08   3.131599e+08   0.000000e+00   1886s
   57520    7.4927566e+08   3.114560e+08   0.000000e+00   1891s
   57810    7.4927566e+08   2.932608e+08   0.000000e+00   1897s
   58120    7.4927566e+08   1.608288e+10   0.000000e+00   1902s
   58440    7.4927566e+08   3.908735e+08   0.000000e+00   1907s
   58570    7.4927566e+08   4.000862e+08   0.000000e+00   1910s
   58870    7.4927566e+08   2.872639e+08   0.000000e+00   1915s
   59130    7.4927566e+08   3.030989e+08   0.000000e+00   1921s
   59450    7.4927565e+08   3.032688e+08   0.000000e+00   1926s
   59730    7.4927565e+08   2.979387e+08   0.000000e+00   1931s
   59990    7.4927565e+08   3.757141e+08   0.000000e+00   1937s
   60260    7.4927565e+08   4.363008e+08   0.000000e+00   1942s
   60570    7.4927565e+08   2.820897e+08   0.000000e+00   1947s
   60680    7.4927565e+08   2.913396e+08   0.000000e+00   1950s
   61020    7.4927565e+08   2.897329e+08   0.000000e+00   1955s
   61380    7.4927565e+08   3.660985e+08   0.000000e+00   1960s
   61710    7.4927565e+08   2.872514e+08   0.000000e+00   1966s
   62010    7.4927565e+08   5.134439e+08   0.000000e+00   1971s
   62300    7.4927565e+08   6.829603e+08   0.000000e+00   1977s
   62600    7.4927565e+08   2.822225e+08   0.000000e+00   1982s
   62970    7.4927565e+08   2.812951e+08   0.000000e+00   1987s
   63250    7.4927565e+08   3.490858e+08   0.000000e+00   1993s
   63390    7.4927565e+08   3.445790e+08   0.000000e+00   1995s
   63670    7.4927565e+08   4.415268e+08   0.000000e+00   2001s
   64060    7.4927565e+08   2.711565e+08   0.000000e+00   2006s
   64340    7.4927565e+08   3.373538e+08   0.000000e+00   2011s
   64670    7.4927565e+08   3.337648e+08   0.000000e+00   2017s
   64940    7.4927565e+08   2.520199e+08   0.000000e+00   2022s
   65150    7.4927565e+08   2.638864e+08   0.000000e+00   2027s
   65310    7.4927565e+08   4.022448e+08   0.000000e+00   2030s
   65640    7.4927564e+08   2.602250e+08   0.000000e+00   2036s
   65940    7.4927564e+08   2.598362e+08   0.000000e+00   2041s
   66240    7.4927564e+08   3.184076e+08   0.000000e+00   2046s
   66540    7.4927564e+08   8.479625e+08   0.000000e+00   2052s
   66920    7.4927564e+08   2.574761e+08   0.000000e+00   2057s
   67210    7.4927564e+08   2.518021e+08   0.000000e+00   2062s
   67370    7.4927564e+08   3.134530e+08   0.000000e+00   2065s
   67630    7.4927564e+08   2.480766e+08   0.000000e+00   2071s
   68000    7.4927564e+08   2.473456e+08   0.000000e+00   2076s
   68240    7.4927564e+08   2.327314e+08   0.000000e+00   2081s
   68440    7.4927564e+08   2.988741e+08   0.000000e+00   2086s
   68710    7.4927564e+08   3.001005e+08   0.000000e+00   2092s
   69030    7.4927564e+08   2.395189e+08   0.000000e+00   2098s
   69200    7.4927564e+08   2.332237e+09   0.000000e+00   2100s
   69530    7.4927564e+08   2.897348e+08   0.000000e+00   2106s
   69810    7.4927564e+08   2.340104e+08   0.000000e+00   2111s
   70250    7.4927564e+08   2.965140e+08   0.000000e+00   2117s
   70620    7.4927564e+08   2.836046e+08   0.000000e+00   2123s
   70790    7.4927564e+08   2.818731e+08   0.000000e+00   2125s
   71160    7.4927564e+08   6.342365e+09   0.000000e+00   2131s
   71500    7.4927564e+08   1.436682e+10   0.000000e+00   2136s
   71780    7.4927564e+08   2.842172e+08   0.000000e+00   2142s
   72060    7.4927564e+08   1.738428e+08   0.000000e+00   2147s
   72460    7.4927563e+08   2.758505e+08   0.000000e+00   2153s
   73461    7.4927563e+08   2.775772e+08   0.000000e+00   2155s
   73791    7.4927563e+08   2.755494e+08   0.000000e+00   2161s
   74091    7.4927563e+08   3.393927e+08   0.000000e+00   2166s
   75252    7.4927563e+08   2.706877e+08   0.000000e+00   2170s
   75622    7.4927563e+08   2.687416e+08   0.000000e+00   2176s
   75922    7.4927563e+08   2.690257e+08   0.000000e+00   2182s
   76322    7.4927563e+08   2.693640e+08   0.000000e+00   2187s
   76602    7.4927563e+08   2.746436e+08   0.000000e+00   2192s
   76762    7.4927563e+08   3.259136e+08   0.000000e+00   2195s
   77002    7.4927563e+08   2.088417e+08   0.000000e+00   2201s
   77252    7.4927563e+08   3.238134e+08   0.000000e+00   2206s
   77582    7.4927563e+08   2.069300e+08   0.000000e+00   2212s
   77902    7.4927563e+08   2.572548e+08   0.000000e+00   2217s
   78292    7.4927563e+08   3.165591e+08   0.000000e+00   2223s
   79293    7.4927562e+08   2.538613e+08   0.000000e+00   2225s
   80644    7.4927562e+08   7.975956e+09   0.000000e+00   2232s
   80784    7.4927562e+08   2.584183e+08   0.000000e+00   2235s
   81114    7.4927562e+08   2.501851e+08   0.000000e+00   2241s
   81484    7.4927562e+08   2.560448e+08   0.000000e+00   2246s
   81894    7.4927562e+08   3.028545e+08   0.000000e+00   2252s
   82284    7.4927562e+08   2.446360e+08   0.000000e+00   2257s
   82414    7.4927562e+08   2.439803e+08   0.000000e+00   2260s
   82774    7.4927562e+08   2.448162e+08   0.000000e+00   2266s
   83975    7.4927562e+08   2.419989e+08   0.000000e+00   2272s
   85146    7.4927562e+08   2.395826e+08   0.000000e+00   2276s
   85566    7.4927562e+08   2.404765e+08   0.000000e+00   2282s
   85786    7.4927562e+08   2.354337e+08   0.000000e+00   2288s
   85906    7.4927562e+08   2.349943e+08   0.000000e+00   2290s
   86306    7.4927562e+08   2.354040e+08   0.000000e+00   2296s
   86586    7.4927562e+08   2.309272e+08   0.000000e+00   2302s
   86956    7.4927562e+08   2.851671e+08   0.000000e+00   2307s
   88097    7.4927562e+08   2.288694e+08   0.000000e+00   2312s
   88507    7.4927562e+08   2.286736e+08   0.000000e+00   2317s
   88737    7.4927562e+08   2.279459e+08   0.000000e+00   2320s
   89137    7.4927562e+08   2.740739e+08   0.000000e+00   2326s
   90288    7.4927562e+08   2.257139e+08   0.000000e+00   2330s
   90678    7.4927562e+08   2.211678e+08   0.000000e+00   2336s
   91038    7.4927562e+08   1.816717e+08   0.000000e+00   2342s
   91768    7.4927561e+08   2.206468e+08   0.000000e+00   2348s
   91938    7.4927561e+08   2.203681e+08   0.000000e+00   2350s
   94249    7.4927561e+08   2.163205e+08   0.000000e+00   2356s
   97382    7.4927561e+08   2.144080e+08   0.000000e+00   2360s
   97762    7.4927561e+08   2.236139e+08   0.000000e+00   2366s
   98232    7.4927561e+08   1.733501e+08   0.000000e+00   2372s
   99373    7.4927561e+08   2.117743e+08   0.000000e+00   2377s
  100514    7.4927561e+08   2.115030e+08   0.000000e+00   2382s
  101695    7.4927561e+08   2.099598e+08   0.000000e+00   2387s
  102876    7.4927561e+08   2.113925e+08   0.000000e+00   2393s
  103066    7.4927561e+08   2.199077e+08   0.000000e+00   2396s
  103406    7.4927561e+08   2.102216e+08   0.000000e+00   2402s
  103846    7.4927561e+08   2.089623e+08   0.000000e+00   2408s
  104026    7.4927561e+08   2.078769e+08   0.000000e+00   2411s
  104446    7.4927561e+08   2.067407e+08   0.000000e+00   2417s
  104606    7.4927561e+08   2.034421e+08   0.000000e+00   2420s
  104966    7.4927561e+08   2.049790e+08   0.000000e+00   2426s
  105256    7.4927561e+08   2.032460e+08   0.000000e+00   2432s
  105486    7.4927561e+08   1.023840e+09   0.000000e+00   2438s
  105676    7.4927561e+08   1.988466e+08   0.000000e+00   2441s
  106857    7.4927561e+08   1.982196e+08   0.000000e+00   2446s
  107217    7.4927561e+08   1.970876e+08   0.000000e+00   2452s
  107427    7.4927561e+08   1.972797e+08   0.000000e+00   2455s
  108738    7.4927561e+08   1.980318e+08   0.000000e+00   2462s
  111070    7.4927561e+08   1.970173e+08   0.000000e+00   2467s
  111430    7.4927561e+08   2.877132e+08   0.000000e+00   2473s
  111580    7.4927561e+08   1.943110e+08   0.000000e+00   2476s
  112000    7.4927561e+08   2.355200e+08   0.000000e+00   2482s
  112390    7.4927560e+08   1.927983e+08   0.000000e+00   2488s
  112600    7.4927560e+08   2.323266e+08   0.000000e+00   2491s
  115132    7.4927560e+08   3.036614e+08   0.000000e+00   2498s
  115342    7.4927560e+08   2.278211e+08   0.000000e+00   2501s
  116142    7.4927560e+08   1.899297e+08   0.000000e+00   2507s
  116592    7.4927560e+08   1.533210e+08   0.000000e+00   2510s
  117823    7.4927560e+08   1.874712e+08   0.000000e+00   2519s
  117973    7.4927560e+08   1.926965e+08   0.000000e+00   2522s
  118373    7.4927560e+08   1.875947e+08   0.000000e+00   2528s
  119374    7.4927560e+08   1.856604e+08   0.000000e+00   2530s
  119744    7.4927560e+08   1.513080e+08   0.000000e+00   2536s
  120164    7.4927560e+08   1.882138e+08   0.000000e+00   2542s
  120384    7.4927560e+08   1.836538e+08   0.000000e+00   2545s
  120784    7.4927560e+08   1.855114e+08   0.000000e+00   2552s
  122986    7.4927560e+08   1.793244e+08   0.000000e+00   2558s
  123736    7.4927560e+08   1.810305e+08   0.000000e+00   2561s
  123996    7.4927560e+08   3.849372e+09   0.000000e+00   2567s
  124136    7.4927560e+08   1.768928e+08   0.000000e+00   2570s
  125347    7.4927560e+08   1.764822e+08   0.000000e+00   2575s
  125777    7.4927560e+08   1.753962e+08   0.000000e+00   2582s
  126998    7.4927560e+08   1.750450e+08   0.000000e+00   2587s
  127358    7.4927560e+08   1.734934e+08   0.000000e+00   2593s
  127518    7.4927560e+08   1.737931e+08   0.000000e+00   2596s
  127898    7.4927560e+08   1.724756e+08   0.000000e+00   2602s
  130020    7.4927560e+08   1.713097e+08   0.000000e+00   2606s
  130300    7.4927560e+08   1.993917e+08   0.000000e+00   2612s
  131441    7.4927560e+08   1.685524e+08   0.000000e+00   2618s
  131621    7.4927560e+08   1.677448e+08   0.000000e+00   2621s
  132061    7.4927560e+08   1.697941e+08   0.000000e+00   2627s
  132291    7.4927560e+08   1.754263e+08   0.000000e+00   2630s
  136324    7.4927560e+08   1.657020e+08   0.000000e+00   2638s
  136494    7.4927560e+08   1.665572e+08   0.000000e+00   2641s
  138496    7.4927560e+08   1.659363e+08   0.000000e+00   2645s
  138906    7.4927560e+08   1.643660e+08   0.000000e+00   2652s
  139056    7.4927560e+08   1.635428e+08   0.000000e+00   2655s
  139386    7.4927560e+08   1.621675e+08   0.000000e+00   2661s
  140647    7.4927560e+08   1.616457e+08   0.000000e+00   2667s
  140847    7.4927560e+08   1.900390e+08   0.000000e+00   2670s
  145011    7.4927559e+08   1.569219e+08   0.000000e+00   2678s
  145271    7.4927559e+08   1.579243e+08   0.000000e+00   2682s
  145501    7.4927559e+08   1.562110e+08   0.000000e+00   2685s
  146682    7.4927559e+08   3.367610e+08   0.000000e+00   2691s
  147873    7.4927559e+08   1.801905e+08   0.000000e+00   2697s
  148143    7.4927559e+08   2.327919e+08   0.000000e+00   2701s
  151146    7.4927559e+08   1.561529e+08   0.000000e+00   2706s
  151496    7.4927559e+08   1.536775e+08   0.000000e+00   2712s
  152667    7.4927559e+08   1.529832e+08   0.000000e+00   2718s
  152867    7.4927559e+08   1.522193e+08   0.000000e+00   2722s
  153097    7.4927559e+08   1.581872e+08   0.000000e+00   2725s
  153467    7.4927559e+08   1.524932e+08   0.000000e+00   2732s
  153867    7.4927559e+08   1.589595e+08   0.000000e+00   2739s
  154868    7.4927559e+08   1.513917e+08   0.000000e+00   2742s
  155368    7.4927559e+08   1.527221e+08   0.000000e+00   2748s
  155658    7.4927559e+08   1.615486e+08   0.000000e+00   2752s
  155878    7.4927559e+08   1.500357e+08   0.000000e+00   2755s
  156258    7.4927559e+08   1.494555e+08   0.000000e+00   2762s
  156378    7.4927559e+08   1.488371e+08   0.000000e+00   2766s
  156728    7.4927559e+08   1.478740e+08   0.000000e+00   2773s
  156908    7.4927559e+08   1.498664e+08   0.000000e+00   2776s
  157248    7.4927559e+08   1.473204e+08   0.000000e+00   2783s
  158249    7.4927559e+08   1.468031e+08   0.000000e+00   2786s
  159650    7.4927559e+08   1.456300e+08   0.000000e+00   2791s
  160821    7.4927559e+08   1.448654e+08   0.000000e+00   2796s
  161151    7.4927559e+08   1.443534e+08   0.000000e+00   2803s
  161341    7.4927559e+08   1.437348e+08   0.000000e+00   2806s
  161671    7.4927559e+08   1.422944e+08   0.000000e+00   2813s
  161821    7.4927559e+08   1.423587e+08   0.000000e+00   2817s
  162962    7.4927559e+08   1.415239e+08   0.000000e+00   2823s
  163112    7.4927559e+08   1.408345e+08   0.000000e+00   2826s
  165114    7.4927559e+08   1.406040e+08   0.000000e+00   2833s
  165264    7.4927559e+08   1.398144e+08   0.000000e+00   2836s
  165604    7.4927559e+08   1.402739e+08   0.000000e+00   2843s
  165754    7.4927559e+08   1.387195e+08   0.000000e+00   2847s
  166104    7.4927559e+08   1.390131e+08   0.000000e+00   2854s
  167105    7.4927559e+08   1.392173e+08   0.000000e+00   2856s
  169107    7.4927559e+08   1.375486e+08   0.000000e+00   2861s
  171109    7.4927559e+08   1.377232e+08   0.000000e+00   2865s
  171429    7.4927559e+08   1.355353e+08   0.000000e+00   2872s
  171589    7.4927559e+08   1.366865e+08   0.000000e+00   2876s
  172820    7.4927559e+08   1.358589e+08   0.000000e+00   2882s
  173010    7.4927559e+08   1.347043e+08   0.000000e+00   2886s
  173310    7.4927559e+08   1.402408e+08   0.000000e+00   2893s
  173540    7.4927559e+08   1.352358e+08   0.000000e+00   2896s
  174721    7.4927558e+08   1.352503e+08   0.000000e+00   2901s
  175061    7.4927558e+08   1.330863e+08   0.000000e+00   2908s
  175271    7.4927558e+08   1.335596e+08   0.000000e+00   2912s
  175461    7.4927558e+08   1.320603e+08   0.000000e+00   2916s
  175811    7.4927558e+08   1.332750e+08   0.000000e+00   2923s
  176812    7.4927558e+08   1.310936e+08   0.000000e+00   2926s
  178053    7.4927558e+08   1.319217e+08   0.000000e+00   2933s
  178263    7.4927558e+08   1.298683e+08   0.000000e+00   2936s
  178593    7.4927558e+08   1.304781e+08   0.000000e+00   2943s
  179594    7.4927558e+08   1.287652e+08   0.000000e+00   2946s
  179984    7.4927558e+08   1.285877e+08   0.000000e+00   2953s
  180144    7.4927558e+08   1.292808e+08   0.000000e+00   2957s
  180324    7.4927558e+08   1.292513e+08   0.000000e+00   2961s
  180624    7.4927558e+08   1.287220e+08   0.000000e+00   2968s
  181625    7.4927558e+08   1.278838e+08   0.000000e+00   2971s
  181935    7.4927558e+08   1.253707e+08   0.000000e+00   2978s
  182145    7.4927558e+08   1.270351e+08   0.000000e+00   2981s
  183306    7.4927558e+08   1.246090e+08   0.000000e+00   2987s
  184477    7.4927558e+08   1.239863e+08   0.000000e+00   2993s
  184707    7.4927558e+08   1.236850e+08   0.000000e+00   2996s
  184877    7.4927558e+08   1.245457e+08   0.000000e+00   3000s
  186238    7.4927558e+08   1.241813e+08   0.000000e+00   3006s
  188229    7.4927558e+08   1.228956e+08   0.000000e+00   3013s
  188459    7.4927558e+08   1.230500e+08   0.000000e+00   3016s
  189680    7.4927558e+08   1.219709e+08   0.000000e+00   3023s
  189880    7.4927558e+08   1.236733e+08   0.000000e+00   3027s
  191011    7.4927558e+08   1.217440e+08   0.000000e+00   3031s
  191251    7.4927558e+08   1.311863e+08   0.000000e+00   3035s
  191721    7.4927558e+08   1.224407e+08   0.000000e+00   3042s
  192722    7.4927558e+08   1.206719e+08   0.000000e+00   3046s
  193092    7.4927558e+08   1.271717e+08   0.000000e+00   3053s
  193232    7.4927558e+08   1.193894e+08   0.000000e+00   3056s
  193472    7.4927558e+08   1.831942e+08   0.000000e+00   3060s
  194623    7.4927558e+08   1.192192e+08   0.000000e+00   3067s
  194793    7.4927558e+08   1.184222e+08   0.000000e+00   3071s
  195924    7.4927558e+08   1.188829e+08   0.000000e+00   3075s
  196314    7.4927558e+08   1.173544e+08   0.000000e+00   3082s
  196474    7.4927558e+08   1.314571e+10   0.000000e+00   3086s
  197074    7.4927558e+08   1.168471e+08   0.000000e+00   3093s
  197354    7.4927558e+08   1.179090e+08   0.000000e+00   3097s
  197574    7.4927558e+08   1.174360e+08   0.000000e+00   3101s
  199254    7.4927558e+08   1.153059e+08   0.000000e+00   3108s
  199474    7.4927558e+08   1.163769e+08   0.000000e+00   3112s
  199654    7.4927558e+08   1.154654e+08   0.000000e+00   3115s
  200134    7.4927558e+08   1.198883e+08   0.000000e+00   3123s
  200284    7.4927558e+08   1.133461e+08   0.000000e+00   3127s
  201465    7.4927558e+08   1.135962e+08   0.000000e+00   3132s
  202466    7.4927558e+08   1.133643e+08   0.000000e+00   3135s
  203627    7.4927557e+08   1.132118e+08   0.000000e+00   3141s
  204077    7.4927557e+08   1.167264e+08   0.000000e+00   3149s
  204317    7.4927557e+08   1.117906e+08   0.000000e+00   3152s
  205478    7.4927557e+08   1.109750e+08   0.000000e+00   3159s
  206479    7.4927557e+08   1.105355e+08   0.000000e+00   3162s
  206649    7.4927557e+08   1.115147e+08   0.000000e+00   3166s
  207810    7.4927557e+08   1.112522e+08   0.000000e+00   3173s
  207990    7.4927557e+08   1.107135e+08   0.000000e+00   3176s
  208650    7.4927557e+08   1.086543e+08   0.000000e+00   3183s
  208830    7.4927557e+08   1.089322e+08   0.000000e+00   3187s
  209030    7.4927557e+08   1.083571e+08   0.000000e+00   3191s
  209410    7.4927557e+08   1.081126e+08   0.000000e+00   3198s
  210561    7.4927557e+08   1.070590e+08   0.000000e+00   3204s
  210741    7.4927557e+08   1.613442e+08   0.000000e+00   3207s
  210941    7.4927557e+08   1.081822e+08   0.000000e+00   3211s
  211821    7.4927557e+08   1.074751e+08   0.000000e+00   3218s
  212061    7.4927557e+08   1.071305e+08   0.000000e+00   3222s
  212201    7.4927557e+08   1.068486e+08   0.000000e+00   3226s
  212511    7.4927557e+08   1.067562e+08   0.000000e+00   3234s
  213512    7.4927557e+08   1.063200e+08   0.000000e+00   3235s
  213852    7.4927557e+08   1.058457e+08   0.000000e+00   3243s
  214042    7.4927557e+08   1.061885e+08   0.000000e+00   3246s
  214212    7.4927557e+08   1.049698e+08   0.000000e+00   3250s
  215423    7.4927557e+08   1.116975e+08   0.000000e+00   3257s
  215613    7.4927557e+08   1.263157e+08   0.000000e+00   3261s
  216063    7.4927557e+08   1.032099e+08   0.000000e+00   3268s
  217064    7.4927557e+08   1.029916e+08   0.000000e+00   3271s
  218205    7.4927557e+08   1.034072e+08   0.000000e+00   3278s
  218355    7.4927557e+08   1.022589e+08   0.000000e+00   3281s
  218485    7.4927557e+08   1.025524e+08   0.000000e+00   3285s
  219365    7.4927557e+08   1.020322e+08   0.000000e+00   3292s
  219515    7.4927557e+08   1.763386e+08   0.000000e+00   3296s
  220656    7.4927557e+08   1.164668e+08   0.000000e+00   3303s
  220836    7.4927557e+08   1.025102e+08   0.000000e+00   3307s
  221006    7.4927557e+08   1.099010e+08   0.000000e+00   3311s
  221436    7.4927557e+08   9.885385e+07   0.000000e+00   3318s
  221606    7.4927557e+08   9.903903e+07   0.000000e+00   3322s
  221776    7.4927557e+08   9.910357e+07   0.000000e+00   3325s
  222066    7.4927557e+08   1.085602e+08   0.000000e+00   3333s
  222216    7.4927557e+08   9.767968e+07   0.000000e+00   3337s
  223347    7.4927557e+08   9.673729e+07   0.000000e+00   3343s
  223477    7.4927557e+08   9.661084e+07   0.000000e+00   3347s
  224478    7.4927557e+08   9.521508e+07   0.000000e+00   3351s
  225649    7.4927557e+08   9.511710e+07   0.000000e+00   3357s
  225779    7.4927557e+08   9.410002e+07   0.000000e+00   3360s
  226890    7.4927557e+08   9.364540e+07   0.000000e+00   3367s
  227891    7.4927557e+08   9.282232e+07   0.000000e+00   3370s
  228541    7.4927557e+08   9.200666e+07   0.000000e+00   3378s
  228701    7.4927557e+08   9.130721e+07   0.000000e+00   3382s
  228841    7.4927557e+08   9.010856e+07   0.000000e+00   3386s
  229121    7.4927557e+08   9.060239e+07   0.000000e+00   3393s
  229271    7.4927557e+08   6.679876e+08   0.000000e+00   3397s
  229431    7.4927557e+08   9.033964e+07   0.000000e+00   3401s
  230582    7.4927557e+08   1.047059e+08   0.000000e+00   3407s
  231583    7.4927556e+08   8.689068e+07   0.000000e+00   3411s
  232724    7.4927556e+08   1.007815e+08   0.000000e+00   3418s
  234345    7.4927556e+08   9.943233e+07   0.000000e+00   3422s
  235776    7.4927556e+08   9.791141e+07   0.000000e+00   3428s
  236777    7.4927556e+08   9.688835e+07   0.000000e+00   3430s
  238779    7.4927556e+08   9.337646e+07   0.000000e+00   3435s
  241782    7.4927556e+08   9.166492e+07   0.000000e+00   3441s
  243784    7.4927556e+08   9.163725e+07   0.000000e+00   3445s
  244164    7.4927556e+08   9.061922e+07   0.000000e+00   3453s
  245165    7.4927556e+08   7.633282e+07   0.000000e+00   3455s
  245845    7.4927556e+08   8.970244e+07   0.000000e+00   3463s
  246846    7.4927556e+08   8.982000e+07   0.000000e+00   3466s
  248848    7.4927556e+08   8.974587e+07   0.000000e+00   3470s
  249238    7.4927556e+08   8.782712e+07   0.000000e+00   3478s
  250239    7.4927556e+08   8.759168e+07   0.000000e+00   3481s
  252241    7.4927556e+08   8.766760e+07   0.000000e+00   3488s
  254243    7.4927556e+08   8.713042e+07   0.000000e+00   3492s
  255244    7.4927556e+08   8.679996e+07   0.000000e+00   3495s
  256415    7.4927556e+08   7.780764e+07   0.000000e+00   3501s
  257506    7.4927556e+08   8.494319e+07   0.000000e+00   3506s
  259508    7.4927556e+08   7.010206e+07   0.000000e+00   3513s
  259698    7.4927556e+08   6.948025e+07   0.000000e+00   3517s
  259858    7.4927556e+08   6.988859e+07   0.000000e+00   3521s
  259988    7.4927556e+08   6.889709e+07   0.000000e+00   3525s
  261990    7.4927556e+08   8.382079e+07   0.000000e+00   3531s
  264152    7.4927555e+08   2.565460e+10   0.000000e+00   3539s
  264372    7.4927555e+08   5.792919e+09   0.000000e+00   3543s
  264582    7.4927555e+08   6.891432e+07   0.000000e+00   3547s
  264882    7.4927555e+08   1.135110e+10   0.000000e+00   3551s
  265102    7.4927555e+08   6.765481e+07   0.000000e+00   3556s
  265512    7.4927555e+08   6.715193e+07   0.000000e+00   3564s
  265792    7.4927555e+08   6.772945e+07   0.000000e+00   3568s
  265972    7.4927555e+08   2.291416e+10   0.000000e+00   3572s
  266262    7.4927555e+08   2.933639e+08   0.000000e+00   3576s
  266582    7.4927555e+08   3.657224e+10   0.000000e+00   3580s
  266942    7.4927554e+08   2.066669e+10   0.000000e+00   3588s
  267102    7.4927554e+08   1.493328e+09   0.000000e+00   3592s
  267252    7.4927554e+08   2.592650e+09   0.000000e+00   3596s
  267412    7.4927554e+08   7.161176e+09   0.000000e+00   3600s
  267762    7.4927554e+08   1.100799e+09   0.000000e+00   3608s
  267902    7.4927554e+08   1.498837e+10   0.000000e+00   3612s
  268072    7.4927554e+08   2.052918e+10   0.000000e+00   3616s
  269243    7.4927553e+08   6.319443e+07   0.000000e+00   3624s
  269803    7.4927553e+08   6.331147e+07   0.000000e+00   3628s
  269943    7.4927553e+08   6.367829e+07   0.000000e+00   3632s
  270253    7.4927553e+08   6.288139e+07   0.000000e+00   3636s
  270413    7.4927553e+08   1.720309e+10   0.000000e+00   3640s
  270773    7.4927553e+08   6.197443e+07   0.000000e+00   3648s
  271774    7.4927553e+08   6.178365e+07   0.000000e+00   3651s
  271904    7.4927553e+08   6.541275e+07   0.000000e+00   3655s
  272494    7.4927553e+08   6.129401e+07   0.000000e+00   3664s
  272644    7.4927553e+08   6.112218e+07   0.000000e+00   3668s
  272794    7.4927553e+08   6.060489e+07   0.000000e+00   3672s
  272914    7.4927553e+08   6.051644e+07   0.000000e+00   3676s
  274095    7.4927553e+08   5.982348e+07   0.000000e+00   3683s
  274235    7.4927553e+08   5.952912e+07   0.000000e+00   3687s
  275356    7.4927553e+08   5.862962e+07   0.000000e+00   3694s
  275906    7.4927553e+08   5.870228e+07   0.000000e+00   3698s
  276907    7.4927553e+08   5.817383e+07   0.000000e+00   3701s
  277027    7.4927553e+08   5.797892e+07   0.000000e+00   3705s
  277477    7.4927552e+08   4.363366e+08   0.000000e+00   3713s
  278478    7.4927552e+08   5.756484e+07   0.000000e+00   3716s
  278668    7.4927552e+08   5.874602e+08   0.000000e+00   3720s
  279128    7.4927552e+08   6.312972e+10   0.000000e+00   3728s
  279318    7.4927552e+08   1.559543e+09   0.000000e+00   3733s
  279548    7.4927552e+08   7.745989e+08   0.000000e+00   3737s
  279808    7.4927552e+08   1.940409e+10   0.000000e+00   3741s
  280368    7.4927551e+08   6.047506e+09   0.000000e+00   3749s
  280558    7.4927551e+08   3.815213e+08   0.000000e+00   3753s
  280748    7.4927551e+08   5.503429e+08   0.000000e+00   3757s
  282750    7.4927551e+08   1.277584e+09   0.000000e+00   3761s
  282920    7.4927551e+08   9.869868e+09   0.000000e+00   3766s
  283410    7.4927551e+08   5.747932e+07   0.000000e+00   3774s
  284411    7.4927550e+08   5.683218e+07   0.000000e+00   3777s
  284541    7.4927550e+08   5.660075e+07   0.000000e+00   3782s
  284841    7.4927550e+08   5.645214e+07   0.000000e+00   3786s
  286002    7.4927550e+08   5.566055e+07   0.000000e+00   3793s
  286172    7.4927550e+08   5.556300e+07   0.000000e+00   3798s
  287173    7.4927550e+08   5.552103e+07   0.000000e+00   3801s
  287323    7.4927550e+08   5.520736e+07   0.000000e+00   3805s
  288163    7.4927550e+08   6.378726e+07   0.000000e+00   3814s
  288373    7.4927550e+08   5.451550e+07   0.000000e+00   3818s
  288543    7.4927550e+08   5.435905e+07   0.000000e+00   3822s
  288673    7.4927550e+08   5.407090e+07   0.000000e+00   3827s
  288783    7.4927550e+08   5.371011e+07   0.000000e+00   3831s
  289904    7.4927550e+08   5.365147e+07   0.000000e+00   3838s
  290064    7.4927550e+08   3.367443e+10   0.000000e+00   3842s
  290244    7.4927550e+08   5.300167e+07   0.000000e+00   3847s
  290404    7.4927550e+08   5.306986e+07   0.000000e+00   3851s
  290554    7.4927550e+08   5.319844e+07   0.000000e+00   3855s
  291024    7.4927550e+08   5.242094e+07   0.000000e+00   3864s
  291164    7.4927550e+08   4.674278e+08   0.000000e+00   3868s
  291594    7.4927550e+08   8.918312e+08   0.000000e+00   3872s
  291744    7.4927550e+08   3.749715e+08   0.000000e+00   3877s
  291924    7.4927549e+08   2.040833e+10   0.000000e+00   3881s
  292104    7.4927549e+08   2.337937e+08   0.000000e+00   3885s
  292524    7.4927549e+08   3.979830e+08   0.000000e+00   3894s
  292694    7.4927549e+08   5.247815e+08   0.000000e+00   3898s
  292864    7.4927549e+08   6.498064e+08   0.000000e+00   3902s
  293014    7.4927549e+08   1.532747e+10   0.000000e+00   3906s
  293234    7.4927549e+08   4.289139e+09   0.000000e+00   3911s
  293564    7.4927549e+08   6.169808e+07   0.000000e+00   3919s
  293934    7.4927549e+08   3.210701e+09   0.000000e+00   3924s
  294935    7.4927549e+08   6.099399e+07   0.000000e+00   3927s
  295935    7.4927549e+08   1.193011e+10   0.000000e+00   3931s
  296475    7.4927548e+08   6.098530e+07   0.000000e+00   3939s
  296635    7.4927548e+08   6.067906e+07   0.000000e+00   3944s
  296785    7.4927548e+08   6.060301e+07   0.000000e+00   3949s
  297786    7.4927548e+08   5.986685e+07   0.000000e+00   3951s
  297906    7.4927548e+08   5.932391e+07   0.000000e+00   3956s
  299027    7.4927548e+08   1.808227e+10   0.000000e+00   3962s
  299297    7.4927548e+08   6.023132e+07   0.000000e+00   3966s
  301299    7.4927548e+08   5.866832e+07   0.000000e+00   3973s
  301439    7.4927548e+08   5.846197e+07   0.000000e+00   3977s
  302440    7.4927548e+08   5.863266e+07   0.000000e+00   3981s
  302620    7.4927548e+08   5.870483e+07   0.000000e+00   3986s
  303731    7.4927548e+08   1.170303e+09   0.000000e+00   3992s
  303891    7.4927547e+08   5.812055e+07   0.000000e+00   3996s
  304061    7.4927547e+08   5.775109e+07   0.000000e+00   4000s
  304411    7.4927547e+08   5.719464e+07   0.000000e+00   4009s
  304571    7.4927547e+08   5.716073e+07   0.000000e+00   4013s
  304761    7.4927547e+08   5.724843e+07   0.000000e+00   4017s
  304941    7.4927547e+08   5.900943e+08   0.000000e+00   4022s
  305121    7.4927547e+08   1.581345e+10   0.000000e+00   4026s
  305311    7.4927547e+08   8.504212e+08   0.000000e+00   4030s
  305751    7.4927547e+08   5.666114e+07   0.000000e+00   4039s
  305891    7.4927547e+08   6.090237e+08   0.000000e+00   4043s
  306041    7.4927547e+08   5.679548e+07   0.000000e+00   4047s
  306201    7.4927547e+08   5.652542e+07   0.000000e+00   4051s
  307332    7.4927546e+08   5.643549e+07   0.000000e+00   4057s
  308583    7.4927546e+08   2.333562e+08   0.000000e+00   4067s
  308793    7.4927546e+08   2.255020e+09   0.000000e+00   4071s
  309003    7.4927546e+08   5.618203e+07   0.000000e+00   4075s
  309403    7.4927546e+08   5.548850e+07   0.000000e+00   4084s
  309573    7.4927546e+08   3.308162e+08   0.000000e+00   4089s
  309773    7.4927546e+08   3.691137e+09   0.000000e+00   4093s
  309983    7.4927546e+08   7.733146e+08   0.000000e+00   4097s
  310233    7.4927546e+08   3.735019e+09   0.000000e+00   4101s
  310443    7.4927546e+08   5.518850e+07   0.000000e+00   4105s
  311664    7.4927545e+08   5.460742e+07   0.000000e+00   4113s
  312444    7.4927545e+08   5.449097e+07   0.000000e+00   4117s
  312684    7.4927545e+08   5.421629e+07   0.000000e+00   4122s
  313835    7.4927545e+08   5.435327e+07   0.000000e+00   4128s
  314075    7.4927545e+08   2.298101e+10   0.000000e+00   4132s
  314385    7.4927545e+08   5.528868e+07   0.000000e+00   4137s
  314605    7.4927545e+08   6.281430e+09   0.000000e+00   4141s
  315776    7.4927545e+08   8.684770e+08   0.000000e+00   4148s
  315906    7.4927545e+08   5.332401e+07   0.000000e+00   4152s
  316066    7.4927545e+08   6.313332e+08   0.000000e+00   4156s
  316206    7.4927545e+08   1.053046e+10   0.000000e+00   4160s
  316516    7.4927544e+08   2.011151e+10   0.000000e+00   4169s
  316696    7.4927544e+08   5.116835e+08   0.000000e+00   4173s
  316916    7.4927544e+08   6.538199e+09   0.000000e+00   4177s
  317106    7.4927544e+08   5.236168e+07   0.000000e+00   4181s
  317286    7.4927544e+08   9.001937e+09   0.000000e+00   4186s
  317876    7.4927544e+08   7.462715e+07   0.000000e+00   4194s
  318096    7.4927544e+08   5.153335e+07   0.000000e+00   4198s
  318806    7.4927544e+08   5.133454e+07   0.000000e+00   4202s
  319006    7.4927544e+08   5.171170e+07   0.000000e+00   4207s
  319436    7.4927544e+08   5.137461e+07   0.000000e+00   4211s
  319586    7.4927543e+08   5.150144e+07   0.000000e+00   4215s
  319946    7.4927543e+08   6.524443e+08   0.000000e+00   4224s
  320116    7.4927543e+08   1.306970e+09   0.000000e+00   4229s
  320296    7.4927543e+08   9.425835e+08   0.000000e+00   4233s
  320436    7.4927543e+08   1.403007e+09   0.000000e+00   4237s
  320546    7.4927543e+08   4.780043e+08   0.000000e+00   4241s
  320686    7.4927543e+08   5.397187e+08   0.000000e+00   4246s
  320846    7.4927543e+08   4.276490e+09   0.000000e+00   4250s
  321136    7.4927543e+08   8.512348e+08   0.000000e+00   4259s
  321276    7.4927543e+08   7.859223e+08   0.000000e+00   4263s
  321416    7.4927543e+08   1.182476e+09   0.000000e+00   4268s
  321536    7.4927543e+08   3.381976e+08   0.000000e+00   4272s
  321686    7.4927543e+08   9.391591e+08   0.000000e+00   4276s
  321816    7.4927543e+08   7.127970e+08   0.000000e+00   4280s
  322376    7.4927543e+08   3.896101e+07   0.000000e+00   4288s
  322516    7.4927542e+08   5.810988e+08   0.000000e+00   4292s
  322666    7.4927542e+08   3.084200e+07   0.000000e+00   4296s
  322826    7.4927542e+08   4.909773e+08   0.000000e+00   4300s
  323256    7.4927542e+08   3.040844e+07   0.000000e+00   4309s
  323356    7.4927542e+08   2.996393e+07   0.000000e+00   4313s
  323526    7.4927542e+08   2.935461e+07   0.000000e+00   4317s
  323676    7.4927542e+08   2.954656e+07   0.000000e+00   4321s
  323876    7.4927541e+08   2.374746e+08   0.000000e+00   4325s
  325027    7.4927541e+08   2.869880e+07   0.000000e+00   4331s
  328030    7.4927541e+08   2.753246e+07   0.000000e+00   4338s
  329391    7.4927541e+08   1.036063e+09   0.000000e+00   4343s
  330101    7.4927541e+08   2.671542e+07   0.000000e+00   4347s
  330701    7.4927540e+08   2.578759e+07   0.000000e+00   4351s
  331131    7.4927540e+08   2.683947e+09   0.000000e+00   4355s
  331531    7.4927540e+08   2.485451e+07   0.000000e+00   4363s
  332532    7.4927540e+08   2.394219e+07   0.000000e+00   4366s
  333272    7.4927539e+08   2.321118e+07   0.000000e+00   4374s
  333462    7.4927539e+08   8.489261e+08   0.000000e+00   4378s
  334042    7.4927539e+08   5.241439e+08   0.000000e+00   4382s
  334232    7.4927539e+08   2.243109e+07   0.000000e+00   4386s
  335162    7.4927539e+08   1.814686e+08   0.000000e+00   4390s
  337264    7.4927539e+08   1.566804e+08   0.000000e+00   4397s
  337404    7.4927538e+08   1.873177e+08   0.000000e+00   4402s
  337574    7.4927538e+08   1.866237e+08   0.000000e+00   4406s
  337824    7.4927538e+08   1.785836e+09   0.000000e+00   4411s
  338314    7.4927538e+08   2.506551e+08   0.000000e+00   4419s
  338644    7.4927538e+08   2.033552e+07   0.000000e+00   4424s
  338834    7.4927538e+08   1.962758e+07   0.000000e+00   4428s
  339835    7.4927538e+08   1.899619e+07   0.000000e+00   4431s
  340325    7.4927537e+08   1.846794e+07   0.000000e+00   4435s
  341736    7.4927537e+08   1.783731e+07   0.000000e+00   4442s
  343177    7.4927537e+08   2.907377e+08   0.000000e+00   4448s
  343277    7.4927537e+08   2.516521e+07   0.000000e+00   4452s
  343837    7.4927537e+08   5.866649e+08   0.000000e+00   4456s
  343977    7.4927537e+08   1.343631e+08   0.000000e+00   4460s
  344477    7.4927536e+08   1.573490e+09   0.000000e+00   4468s
  344677    7.4927536e+08   1.977318e+07   0.000000e+00   4472s
  344987    7.4927536e+08   1.521906e+07   0.000000e+00   4477s
  345317    7.4927536e+08   1.490401e+07   0.000000e+00   4481s
  345627    7.4927536e+08   1.444729e+07   0.000000e+00   4489s
  346027    7.4927536e+08   1.109967e+08   0.000000e+00   4493s
  346167    7.4927535e+08   1.743954e+07   0.000000e+00   4498s
  346747    7.4927535e+08   1.359153e+07   0.000000e+00   4502s
  347497    7.4927535e+08   1.307642e+07   0.000000e+00   4506s
  348037    7.4927535e+08   6.279334e+08   0.000000e+00   4511s
  348557    7.4927535e+08   8.104927e+08   0.000000e+00   4519s
  348697    7.4927535e+08   3.575679e+08   0.000000e+00   4524s
  348827    7.4927535e+08   6.153972e+08   0.000000e+00   4528s
  348967    7.4927535e+08   3.462109e+08   0.000000e+00   4532s
  349107    7.4927535e+08   3.585227e+07   0.000000e+00   4537s
  349237    7.4927535e+08   1.824240e+08   0.000000e+00   4541s
  349367    7.4927535e+08   7.697862e+08   0.000000e+00   4545s
  349717    7.4927535e+08   1.376348e+08   0.000000e+00   4554s
  349967    7.4927535e+08   2.010272e+08   0.000000e+00   4558s
  350097    7.4927535e+08   1.202370e+07   0.000000e+00   4563s
  350807    7.4927534e+08   1.144016e+07   0.000000e+00   4567s
  350997    7.4927534e+08   1.110596e+07   0.000000e+00   4571s
  351837    7.4927534e+08   3.064832e+08   0.000000e+00   4575s
  352737    7.4927534e+08   1.015008e+07   0.000000e+00   4584s
  353017    7.4927534e+08   1.324819e+09   0.000000e+00   4588s
  353207    7.4927534e+08   1.750497e+08   0.000000e+00   4592s
  353407    7.4927534e+08   1.192889e+07   0.000000e+00   4597s
  354408    7.4927534e+08   9.224523e+06   0.000000e+00   4601s
  357080    7.4927534e+08   7.380478e+09   0.000000e+00   4609s
  357200    7.4927533e+08   8.370856e+06   0.000000e+00   4613s
  358201    7.4927533e+08   7.624150e+06   0.000000e+00   4617s
  358811    7.4927533e+08   4.846582e+07   0.000000e+00   4621s
  359001    7.4927533e+08   6.056252e+06   0.000000e+00   4626s
  359271    7.4927533e+08   6.878902e+06   0.000000e+00   4634s
  360272    7.4927533e+08   5.854596e+06   0.000000e+00   4638s
  360932    7.4927533e+08   3.583475e+08   0.000000e+00   4642s
  362093    7.4927533e+08   1.860238e+07   0.000000e+00   4648s
  362273    7.4927533e+08   4.750459e+07   0.000000e+00   4652s
  368279    7.4927533e+08   3.244522e+06   0.000000e+00   4655s
  376287    7.4927533e+08   1.818725e+06   0.000000e+00   4660s
  385296    7.4927533e+08   1.723834e+06   0.000000e+00   4665s
  386427    7.4927533e+08   1.739468e+06   0.000000e+00   4670s
  392433    7.4927533e+08   1.683697e+06   0.000000e+00   4675s
  395646    7.4927533e+08   4.644798e+07   0.000000e+00   4681s
  395926    7.4927533e+08   3.732445e+07   0.000000e+00   4686s
  398098    7.4927533e+08   1.118960e+08   0.000000e+00   4692s
  401101    7.4927533e+08   9.559255e+06   0.000000e+00   4696s
  403493    7.4927533e+08   4.091723e+07   0.000000e+00   4701s
  403773    7.4927533e+08   2.788194e+08   0.000000e+00   4706s
  407777    7.4927533e+08   1.765369e+06   0.000000e+00   4713s
  409348    7.4927533e+08   7.970383e+07   0.000000e+00   4718s
  410138    7.4927533e+08   2.663768e+08   0.000000e+00   4722s
  410368    7.4927533e+08   1.714707e+08   0.000000e+00   4726s
  411369    7.4927533e+08   1.774930e+06   0.000000e+00   4730s
  414372    7.4927533e+08   1.642400e+06   0.000000e+00   4736s
  416654    7.4927533e+08   1.226070e+07   0.000000e+00   4743s
  417434    7.4927533e+08   1.679013e+06   0.000000e+00   4748s
  419576    7.4927533e+08   6.345003e+08   0.000000e+00   4754s
  421578    7.4927533e+08   1.744234e+06   0.000000e+00   4759s
  422749    7.4927533e+08   1.259854e+07   0.000000e+00   4764s
  423009    7.4927533e+08   6.285244e+07   0.000000e+00   4769s
  423229    7.4927533e+08   3.656845e+07   0.000000e+00   4773s
  424230    7.4927533e+08   1.319644e+06   0.000000e+00   4777s
  427233    7.4927533e+08   1.106219e+06   0.000000e+00   4780s
  427573    7.4927533e+08   1.800858e+08   0.000000e+00   4789s
  427813    7.4927533e+08   1.662637e+08   0.000000e+00   4794s
  428813    7.4927533e+08   3.121192e+07   0.000000e+00   4798s
  429103    7.4927533e+08   2.049545e+07   0.000000e+00   4803s
  429293    7.4927533e+08   1.502575e+07   0.000000e+00   4808s
  429443    7.4927533e+08   2.360141e+07   0.000000e+00   4812s
  429703    7.4927533e+08   6.275777e+08   0.000000e+00   4817s
  429933    7.4927533e+08   1.693229e+08   0.000000e+00   4821s
  431074    7.4927533e+08   2.238872e+07   0.000000e+00   4829s
  431244    7.4927533e+08   1.497593e+08   0.000000e+00   4834s
  431454    7.4927533e+08   5.484526e+06   0.000000e+00   4838s
  431624    7.4927533e+08   3.813543e+07   0.000000e+00   4842s
  431744    7.4927533e+08   8.223564e+07   0.000000e+00   4847s
  431884    7.4927533e+08   6.597829e+07   0.000000e+00   4852s
  432054    7.4927533e+08   1.822960e+07   0.000000e+00   4857s
  432224    7.4927533e+08   2.330836e+07   0.000000e+00   4861s
  432374    7.4927533e+08   5.780009e+06   0.000000e+00   4866s
  432704    7.4927533e+08   1.219013e+07   0.000000e+00   4874s
  432894    7.4927533e+08   3.748169e+07   0.000000e+00   4879s
  433024    7.4927533e+08   4.282981e+07   0.000000e+00   4884s
  433164    7.4927533e+08   2.968471e+07   0.000000e+00   4888s
  433294    7.4927533e+08   2.045134e+07   0.000000e+00   4892s
  433444    7.4927533e+08   1.527107e+07   0.000000e+00   4897s
  433564    7.4927533e+08   7.297344e+07   0.000000e+00   4902s
  433694    7.4927533e+08   3.757768e+07   0.000000e+00   4906s
  433814    7.4927533e+08   2.298038e+07   0.000000e+00   4911s
  434815    7.4927533e+08   2.681577e+07   0.000000e+00   4915s
  435165    7.4927533e+08   2.482482e+06   0.000000e+00   4924s
  435345    7.4927533e+08   5.748862e+07   0.000000e+00   4928s
  435475    7.4927533e+08   1.240888e+07   0.000000e+00   4933s
  435645    7.4927533e+08   2.743636e+07   0.000000e+00   4937s
  435835    7.4927533e+08   2.930173e+07   0.000000e+00   4941s
  436095    7.4927533e+08   2.597067e+07   0.000000e+00   4950s
  436215    7.4927533e+08   2.916284e+06   0.000000e+00   4955s
  436495    7.4927533e+08   1.361898e+08   0.000000e+00   4964s
  436665    7.4927533e+08   2.399500e+06   0.000000e+00   4969s
  436835    7.4927533e+08   3.192895e+07   0.000000e+00   4973s
  436935    7.4927533e+08   8.963095e+07   0.000000e+00   4977s
  437095    7.4927533e+08   1.815361e+07   0.000000e+00   4982s
  437235    7.4927533e+08   4.918121e+07   0.000000e+00   4986s
  437395    7.4927533e+08   3.101608e+07   0.000000e+00   4991s
  438536    7.4927533e+08   5.956088e+07   0.000000e+00   4999s
  438696    7.4927532e+08   5.550999e+08   0.000000e+00   5004s
  438846    7.4927532e+08   5.431869e+06   0.000000e+00   5008s
  439006    7.4927532e+08   1.642874e+08   0.000000e+00   5013s
  439106    7.4927532e+08   5.370333e+07   0.000000e+00   5017s
  439246    7.4927532e+08   9.478590e+06   0.000000e+00   5021s
  439406    7.4927532e+08   8.171521e+06   0.000000e+00   5026s
  439516    7.4927532e+08   2.334814e+07   0.000000e+00   5030s
  439756    7.4927532e+08   3.206000e+07   0.000000e+00   5039s
  439866    7.4927532e+08   1.831744e+07   0.000000e+00   5043s
  440036    7.4927532e+08   1.626440e+08   0.000000e+00   5048s
  440156    7.4927532e+08   2.534955e+06   0.000000e+00   5053s
  440336    7.4927532e+08   2.695197e+07   0.000000e+00   5057s
  440456    7.4927532e+08   1.644870e+08   0.000000e+00   5062s
  440576    7.4927532e+08   1.731856e+08   0.000000e+00   5066s
  440706    7.4927532e+08   3.819199e+07   0.000000e+00   5070s
  441006    7.4927532e+08   8.628107e+07   0.000000e+00   5079s
  441156    7.4927532e+08   2.538551e+08   0.000000e+00   5084s
  441296    7.4927532e+08   1.508105e+08   0.000000e+00   5089s
  441436    7.4927532e+08   2.569178e+06   0.000000e+00   5093s
  441576    7.4927532e+08   5.436300e+06   0.000000e+00   5098s
  441726    7.4927532e+08   1.204273e+07   0.000000e+00   5102s
  441866    7.4927532e+08   1.712175e+08   0.000000e+00   5107s
  442006    7.4927532e+08   3.664414e+07   0.000000e+00   5111s
  442146    7.4927532e+08   4.225419e+07   0.000000e+00   5115s
  442456    7.4927532e+08   2.739182e+07   0.000000e+00   5124s
  442566    7.4927532e+08   2.688753e+07   0.000000e+00   5128s
  442796    7.4927532e+08   1.476305e+07   0.000000e+00   5137s
  442906    7.4927532e+08   2.183921e+07   0.000000e+00   5142s
  443026    7.4927532e+08   3.097753e+07   0.000000e+00   5146s
  443126    7.4927532e+08   5.751874e+07   0.000000e+00   5150s
  443366    7.4927532e+08   9.442001e+07   0.000000e+00   5160s
  443536    7.4927532e+08   5.315934e+07   0.000000e+00   5164s
  443676    7.4927532e+08   5.134181e+08   0.000000e+00   5169s
  443836    7.4927532e+08   4.907257e+07   0.000000e+00   5173s
  443986    7.4927532e+08   2.246635e+08   0.000000e+00   5177s
  444116    7.4927532e+08   3.258115e+08   0.000000e+00   5182s
  444266    7.4927532e+08   1.680174e+08   0.000000e+00   5186s
  444386    7.4927532e+08   2.217687e+07   0.000000e+00   5191s
  444556    7.4927532e+08   9.033320e+07   0.000000e+00   5195s
  444846    7.4927532e+08   3.559793e+06   0.000000e+00   5204s
  444996    7.4927532e+08   7.233693e+07   0.000000e+00   5208s
  445116    7.4927532e+08   4.158503e+07   0.000000e+00   5212s
  445306    7.4927532e+08   3.443268e+08   0.000000e+00   5221s
  445476    7.4927532e+08   2.600399e+07   0.000000e+00   5225s
  445756    7.4927532e+08   2.615846e+07   0.000000e+00   5234s
  445886    7.4927532e+08   2.800020e+06   0.000000e+00   5239s
  446016    7.4927532e+08   1.675434e+07   0.000000e+00   5243s
  446116    7.4927532e+08   3.155911e+07   0.000000e+00   5247s
  446256    7.4927532e+08   3.160841e+07   0.000000e+00   5251s
  446366    7.4927532e+08   3.391150e+07   0.000000e+00   5256s
  446606    7.4927532e+08   3.233683e+07   0.000000e+00   5265s
  446896    7.4927532e+08   1.714596e+07   0.000000e+00   5274s
  447026    7.4927532e+08   3.153071e+07   0.000000e+00   5278s
  447166    7.4927532e+08   1.329926e+08   0.000000e+00   5283s
  447316    7.4927532e+08   1.569424e+08   0.000000e+00   5287s
  447466    7.4927532e+08   8.183397e+07   0.000000e+00   5291s
  447626    7.4927532e+08   2.186625e+08   0.000000e+00   5296s
  447766    7.4927532e+08   7.705447e+06   0.000000e+00   5300s
  448036    7.4927532e+08   2.659794e+07   0.000000e+00   5309s
  448146    7.4927532e+08   6.875660e+07   0.000000e+00   5314s
  448266    7.4927532e+08   2.927324e+07   0.000000e+00   5318s
  448376    7.4927532e+08   3.239477e+08   0.000000e+00   5323s
  448506    7.4927532e+08   2.220628e+06   0.000000e+00   5327s
  448646    7.4927532e+08   1.429756e+08   0.000000e+00   5331s
  448806    7.4927532e+08   6.138424e+07   0.000000e+00   5336s
  448976    7.4927532e+08   1.513567e+08   0.000000e+00   5341s
  449126    7.4927532e+08   4.742891e+07   0.000000e+00   5345s
  449286    7.4927532e+08   8.869117e+07   0.000000e+00   5350s
  449576    7.4927532e+08   5.556063e+08   0.000000e+00   5359s
  449736    7.4927532e+08   9.831151e+06   0.000000e+00   5363s
  449896    7.4927532e+08   3.159566e+08   0.000000e+00   5368s
  450046    7.4927532e+08   2.383231e+06   0.000000e+00   5372s
  450186    7.4927532e+08   4.448882e+07   0.000000e+00   5377s
  450316    7.4927532e+08   2.910031e+07   0.000000e+00   5381s
  450456    7.4927532e+08   1.835777e+07   0.000000e+00   5386s
  450616    7.4927532e+08   2.983522e+08   0.000000e+00   5391s
  450936    7.4927532e+08   2.438661e+06   0.000000e+00   5399s
  451286    7.4927532e+08   1.574945e+07   0.000000e+00   5403s
  451436    7.4927532e+08   2.658222e+07   0.000000e+00   5408s
  451566    7.4927532e+08   1.400108e+07   0.000000e+00   5413s
  451716    7.4927532e+08   2.712926e+07   0.000000e+00   5417s
  451856    7.4927532e+08   8.846897e+08   0.000000e+00   5421s
  452016    7.4927532e+08   2.344118e+06   0.000000e+00   5426s
  452136    7.4927532e+08   3.918167e+07   0.000000e+00   5430s
  452396    7.4927532e+08   2.608953e+07   0.000000e+00   5439s
  452526    7.4927532e+08   2.076202e+07   0.000000e+00   5443s
  452626    7.4927532e+08   2.652777e+07   0.000000e+00   5448s
  452756    7.4927532e+08   2.916445e+07   0.000000e+00   5453s
  452926    7.4927532e+08   2.387554e+07   0.000000e+00   5461s
  453086    7.4927532e+08   1.801122e+07   0.000000e+00   5466s
  453796    7.4927532e+08   1.366982e+07   0.000000e+00   5474s
  453956    7.4927532e+08   3.089691e+07   0.000000e+00   5479s
  454096    7.4927532e+08   8.083343e+07   0.000000e+00   5483s
  454246    7.4927532e+08   3.877979e+08   0.000000e+00   5487s
  454396    7.4927532e+08   3.543020e+07   0.000000e+00   5492s
  454526    7.4927532e+08   3.138835e+07   0.000000e+00   5496s
  454676    7.4927532e+08   1.059354e+08   0.000000e+00   5500s
  454946    7.4927532e+08   5.237267e+06   0.000000e+00   5509s
  455076    7.4927532e+08   1.024658e+08   0.000000e+00   5514s
  455216    7.4927532e+08   3.971861e+08   0.000000e+00   5518s
  455356    7.4927532e+08   5.915666e+07   0.000000e+00   5522s
  455486    7.4927532e+08   3.171430e+07   0.000000e+00   5527s
  455616    7.4927532e+08   3.230199e+07   0.000000e+00   5531s
  455736    7.4927532e+08   4.075245e+07   0.000000e+00   5536s
  455876    7.4927532e+08   3.839893e+07   0.000000e+00   5540s
  456146    7.4927532e+08   7.605325e+07   0.000000e+00   5549s
  456266    7.4927532e+08   1.479828e+07   0.000000e+00   5553s
  456396    7.4927532e+08   4.731383e+06   0.000000e+00   5558s
  456496    7.4927532e+08   1.737065e+07   0.000000e+00   5562s
  456636    7.4927532e+08   2.753612e+07   0.000000e+00   5566s
  456766    7.4927532e+08   4.134640e+07   0.000000e+00   5571s
  457016    7.4927532e+08   2.614869e+07   0.000000e+00   5579s
  457136    7.4927532e+08   3.050632e+07   0.000000e+00   5583s
  457266    7.4927532e+08   3.111690e+07   0.000000e+00   5587s
  457386    7.4927532e+08   2.669788e+07   0.000000e+00   5592s
  457526    7.4927531e+08   4.305501e+07   0.000000e+00   5596s
  457646    7.4927531e+08   3.700264e+06   0.000000e+00   5600s
  457886    7.4927531e+08   4.148696e+07   0.000000e+00   5609s
  458026    7.4927531e+08   3.178871e+06   0.000000e+00   5614s
  458156    7.4927531e+08   3.844776e+06   0.000000e+00   5618s
  458286    7.4927531e+08   3.070122e+07   0.000000e+00   5623s
  458416    7.4927531e+08   1.309446e+07   0.000000e+00   5627s
  458556    7.4927531e+08   2.647346e+07   0.000000e+00   5631s
  458706    7.4927531e+08   3.111012e+07   0.000000e+00   5636s
  458836    7.4927531e+08   2.721670e+07   0.000000e+00   5640s
  459096    7.4927531e+08   1.607384e+07   0.000000e+00   5648s
  459216    7.4927531e+08   3.270036e+07   0.000000e+00   5653s
  459346    7.4927531e+08   2.717194e+07   0.000000e+00   5657s
  459486    7.4927531e+08   4.436642e+07   0.000000e+00   5662s
  459606    7.4927531e+08   7.984942e+06   0.000000e+00   5666s
  459736    7.4927531e+08   9.650120e+06   0.000000e+00   5671s
  460016    7.4927531e+08   2.974195e+07   0.000000e+00   5679s
  460166    7.4927531e+08   1.500803e+07   0.000000e+00   5684s
  460296    7.4927531e+08   7.571492e+06   0.000000e+00   5688s
  460446    7.4927531e+08   2.693100e+07   0.000000e+00   5693s
  460576    7.4927531e+08   2.979183e+07   0.000000e+00   5698s
  460706    7.4927531e+08   2.771401e+07   0.000000e+00   5702s
  460826    7.4927531e+08   6.384351e+07   0.000000e+00   5707s
  460966    7.4927531e+08   2.736340e+07   0.000000e+00   5711s
  461126    7.4927531e+08   3.567471e+07   0.000000e+00   5716s
  461376    7.4927531e+08   5.330221e+07   0.000000e+00   5724s
  461496    7.4927531e+08   5.343908e+07   0.000000e+00   5729s
  461626    7.4927531e+08   9.353832e+07   0.000000e+00   5733s
  461756    7.4927531e+08   2.608498e+07   0.000000e+00   5738s
  461866    7.4927531e+08   2.769508e+07   0.000000e+00   5742s
  461996    7.4927531e+08   2.920819e+07   0.000000e+00   5746s
  462136    7.4927531e+08   5.880021e+06   0.000000e+00   5751s
  462256    7.4927531e+08   2.649518e+08   0.000000e+00   5756s
  462386    7.4927531e+08   5.451757e+06   0.000000e+00   5761s
  462506    7.4927531e+08   2.318425e+07   0.000000e+00   5765s
  462766    7.4927531e+08   7.785435e+07   0.000000e+00   5774s
  462896    7.4927531e+08   2.592961e+07   0.000000e+00   5779s
  463016    7.4927531e+08   2.319502e+07   0.000000e+00   5783s
  463156    7.4927531e+08   3.618116e+06   0.000000e+00   5787s
  463276    7.4927531e+08   4.041739e+07   0.000000e+00   5792s
  463416    7.4927531e+08   1.970687e+07   0.000000e+00   5796s
  463556    7.4927531e+08   3.267303e+07   0.000000e+00   5801s
  463686    7.4927531e+08   5.551619e+07   0.000000e+00   5805s
  463826    7.4927531e+08   1.396195e+07   0.000000e+00   5810s
  464076    7.4927531e+08   2.690047e+07   0.000000e+00   5819s
  464196    7.4927531e+08   2.044197e+07   0.000000e+00   5823s
  464336    7.4927531e+08   3.225919e+07   0.000000e+00   5828s
  464466    7.4927531e+08   4.464380e+07   0.000000e+00   5833s
  464606    7.4927531e+08   3.914690e+07   0.000000e+00   5837s
  464726    7.4927531e+08   3.251857e+08   0.000000e+00   5842s
  464856    7.4927531e+08   2.977884e+06   0.000000e+00   5846s
  464996    7.4927531e+08   2.198064e+08   0.000000e+00   5851s
  465146    7.4927531e+08   3.596298e+06   0.000000e+00   5855s
  465286    7.4927531e+08   2.048817e+07   0.000000e+00   5860s
  465556    7.4927531e+08   2.625713e+07   0.000000e+00   5869s
  465706    7.4927531e+08   4.319245e+07   0.000000e+00   5873s
  465866    7.4927531e+08   1.122747e+07   0.000000e+00   5878s
  465996    7.4927531e+08   3.987843e+07   0.000000e+00   5882s
  466126    7.4927531e+08   2.811489e+07   0.000000e+00   5887s
  466246    7.4927531e+08   1.099413e+08   0.000000e+00   5891s
  466356    7.4927531e+08   7.427086e+07   0.000000e+00   5895s
  466646    7.4927531e+08   1.628648e+08   0.000000e+00   5904s
  466786    7.4927531e+08   2.917077e+07   0.000000e+00   5908s
  466916    7.4927531e+08   6.294082e+07   0.000000e+00   5913s
  467036    7.4927531e+08   3.750340e+06   0.000000e+00   5917s
  467166    7.4927531e+08   3.017789e+07   0.000000e+00   5922s
  467296    7.4927531e+08   5.598230e+08   0.000000e+00   5926s
  467416    7.4927531e+08   1.583719e+07   0.000000e+00   5931s
  467566    7.4927531e+08   3.449021e+06   0.000000e+00   5935s
  467696    7.4927531e+08   3.836071e+06   0.000000e+00   5940s
  467916    7.4927531e+08   3.717378e+07   0.000000e+00   5949s
  468016    7.4927531e+08   6.686055e+08   0.000000e+00   5953s
  468166    7.4927531e+08   4.311685e+06   0.000000e+00   5958s
  468306    7.4927531e+08   2.329637e+07   0.000000e+00   5962s
  468416    7.4927531e+08   6.030854e+06   0.000000e+00   5967s
  468576    7.4927531e+08   1.875317e+08   0.000000e+00   5971s
  468676    7.4927531e+08   9.174924e+07   0.000000e+00   5976s
  468806    7.4927531e+08   6.704678e+07   0.000000e+00   5980s
  469046    7.4927531e+08   4.751778e+06   0.000000e+00   5989s
  469166    7.4927531e+08   2.837646e+07   0.000000e+00   5994s
  469266    7.4927531e+08   3.426201e+07   0.000000e+00   5998s
  469386    7.4927531e+08   2.485829e+08   0.000000e+00   6002s
  469516    7.4927531e+08   3.272902e+07   0.000000e+00   6006s
  469636    7.4927531e+08   3.870163e+07   0.000000e+00   6011s
  469756    7.4927531e+08   4.187177e+07   0.000000e+00   6015s
  470967    7.4927531e+08   2.857418e+08   0.000000e+00   6025s
  471117    7.4927531e+08   6.118853e+08   0.000000e+00   6030s
  471237    7.4927531e+08   4.112285e+07   0.000000e+00   6034s
  471357    7.4927531e+08   1.896965e+07   0.000000e+00   6038s
  471467    7.4927531e+08   1.842330e+06   0.000000e+00   6043s
  471597    7.4927531e+08   4.006257e+07   0.000000e+00   6047s
  471727    7.4927531e+08   2.072218e+08   0.000000e+00   6052s
  471847    7.4927531e+08   3.732490e+06   0.000000e+00   6057s
  471967    7.4927531e+08   4.783460e+07   0.000000e+00   6061s
  472077    7.4927531e+08   3.658671e+06   0.000000e+00   6066s
  472327    7.4927531e+08   1.856714e+07   0.000000e+00   6075s
  472457    7.4927531e+08   3.111088e+07   0.000000e+00   6079s
  472577    7.4927530e+08   2.629754e+07   0.000000e+00   6083s
  472717    7.4927530e+08   2.507288e+07   0.000000e+00   6088s
  472847    7.4927530e+08   4.357345e+08   0.000000e+00   6092s
  473777    7.4927530e+08   2.653571e+07   0.000000e+00   6097s
  473937    7.4927530e+08   4.933973e+07   0.000000e+00   6101s
  474037    7.4927530e+08   3.919393e+07   0.000000e+00   6106s
  474147    7.4927530e+08   3.896315e+07   0.000000e+00   6110s
  474397    7.4927530e+08   2.488643e+06   0.000000e+00   6119s
  474637    7.4927530e+08   2.213853e+07   0.000000e+00   6123s
  474757    7.4927530e+08   2.891457e+07   0.000000e+00   6127s
  474897    7.4927530e+08   3.112727e+06   0.000000e+00   6132s
  475027    7.4927530e+08   3.281593e+06   0.000000e+00   6136s
  475257    7.4927530e+08   1.659107e+07   0.000000e+00   6144s
  475387    7.4927530e+08   3.716543e+07   0.000000e+00   6149s
  475507    7.4927530e+08   3.135080e+08   0.000000e+00   6153s
  475667    7.4927530e+08   6.083611e+06   0.000000e+00   6157s
  475787    7.4927530e+08   7.307986e+07   0.000000e+00   6162s
  475917    7.4927530e+08   7.398522e+07   0.000000e+00   6166s
  476037    7.4927530e+08   2.628235e+07   0.000000e+00   6171s
  476157    7.4927530e+08   8.097009e+07   0.000000e+00   6175s
  476397    7.4927530e+08   1.984143e+08   0.000000e+00   6184s
  476517    7.4927530e+08   3.944342e+06   0.000000e+00   6189s
  476647    7.4927530e+08   1.969485e+07   0.000000e+00   6193s
  476777    7.4927530e+08   7.728908e+07   0.000000e+00   6198s
  476877    7.4927530e+08   5.376547e+07   0.000000e+00   6202s
  477007    7.4927530e+08   1.047648e+08   0.000000e+00   6207s
  477137    7.4927530e+08   3.259544e+07   0.000000e+00   6211s
  477257    7.4927530e+08   1.626377e+07   0.000000e+00   6215s
  477517    7.4927530e+08   4.224470e+07   0.000000e+00   6224s
  477657    7.4927530e+08   2.649689e+07   0.000000e+00   6229s
  478658    7.4927530e+08   5.404763e+07   0.000000e+00   6231s
  478758    7.4927530e+08   3.444584e+07   0.000000e+00   6235s
  478988    7.4927530e+08   8.549203e+07   0.000000e+00   6244s
  479118    7.4927530e+08   2.397778e+07   0.000000e+00   6249s
  479258    7.4927530e+08   2.937607e+06   0.000000e+00   6254s
  479388    7.4927530e+08   2.009823e+08   0.000000e+00   6258s
  479498    7.4927530e+08   1.659551e+08   0.000000e+00   6263s
  479618    7.4927530e+08   2.872204e+07   0.000000e+00   6267s
  480719    7.4927530e+08   6.945376e+07   0.000000e+00   6274s
  480869    7.4927530e+08   2.789895e+07   0.000000e+00   6279s
  480989    7.4927530e+08   2.929694e+07   0.000000e+00   6283s
  481119    7.4927530e+08   9.903355e+06   0.000000e+00   6287s
  481219    7.4927530e+08   2.593919e+08   0.000000e+00   6292s
  481349    7.4927530e+08   1.285076e+08   0.000000e+00   6296s
  481459    7.4927530e+08   3.647522e+06   0.000000e+00   6301s
  481589    7.4927530e+08   5.408120e+07   0.000000e+00   6306s
  481849    7.4927530e+08   1.234939e+08   0.000000e+00   6315s
  481979    7.4927530e+08   3.084068e+07   0.000000e+00   6319s
  482099    7.4927530e+08   4.802505e+07   0.000000e+00   6323s
  482229    7.4927530e+08   4.318466e+06   0.000000e+00   6328s
  482349    7.4927530e+08   2.985205e+07   0.000000e+00   6332s
  482449    7.4927530e+08   7.073838e+06   0.000000e+00   6336s
  482589    7.4927530e+08   1.874259e+07   0.000000e+00   6341s
  482709    7.4927530e+08   2.983695e+07   0.000000e+00   6345s
  482859    7.4927530e+08   3.161838e+07   0.000000e+00   6350s
  483109    7.4927530e+08   3.074057e+07   0.000000e+00   6359s
  483219    7.4927530e+08   4.014204e+06   0.000000e+00   6364s
  483349    7.4927530e+08   2.920725e+07   0.000000e+00   6368s
  483459    7.4927530e+08   3.093173e+07   0.000000e+00   6373s
  483589    7.4927530e+08   8.540790e+07   0.000000e+00   6377s
  483719    7.4927530e+08   3.843665e+07   0.000000e+00   6382s
  483849    7.4927530e+08   3.478130e+08   0.000000e+00   6386s
  483969    7.4927530e+08   6.778745e+07   0.000000e+00   6391s
  484109    7.4927530e+08   1.277079e+07   0.000000e+00   6395s
  484349    7.4927530e+08   2.418064e+07   0.000000e+00   6405s
  484469    7.4927530e+08   6.429995e+07   0.000000e+00   6409s
  484589    7.4927530e+08   1.158851e+07   0.000000e+00   6414s
  484699    7.4927530e+08   4.031061e+07   0.000000e+00   6418s
  484809    7.4927530e+08   4.306073e+07   0.000000e+00   6423s
  484909    7.4927530e+08   5.712786e+06   0.000000e+00   6428s
  485039    7.4927530e+08   3.802781e+08   0.000000e+00   6432s
  485169    7.4927530e+08   4.099056e+07   0.000000e+00   6437s
  485299    7.4927530e+08   1.897423e+07   0.000000e+00   6441s
  485419    7.4927530e+08   6.044131e+07   0.000000e+00   6446s
  485549    7.4927530e+08   2.724760e+06   0.000000e+00   6450s
  485669    7.4927530e+08   7.037170e+06   0.000000e+00   6455s
  485919    7.4927530e+08   5.542638e+07   0.000000e+00   6464s
  486039    7.4927530e+08   2.598172e+07   0.000000e+00   6468s
  486159    7.4927530e+08   2.823556e+08   0.000000e+00   6472s
  486269    7.4927530e+08   2.761935e+07   0.000000e+00   6477s
  486409    7.4927530e+08   2.469892e+07   0.000000e+00   6481s
  486539    7.4927530e+08   7.127175e+07   0.000000e+00   6486s
  486659    7.4927530e+08   3.090391e+07   0.000000e+00   6490s
  486789    7.4927530e+08   3.296998e+06   0.000000e+00   6495s
  487039    7.4927530e+08   1.829752e+07   0.000000e+00   6504s
  487179    7.4927530e+08   2.445928e+08   0.000000e+00   6508s
  487289    7.4927530e+08   3.031619e+07   0.000000e+00   6513s
  487409    7.4927530e+08   9.794335e+08   0.000000e+00   6517s
  487519    7.4927530e+08   5.959412e+07   0.000000e+00   6521s
  487639    7.4927530e+08   2.919049e+07   0.000000e+00   6525s
  487999    7.4927530e+08   1.127269e+08   0.000000e+00   6539s
  488129    7.4927530e+08   1.928609e+07   0.000000e+00   6544s
  488758    7.4927587e+08   1.913198e+07   1.446160e+12   6550s
  491451    3.7011800e+08   1.131278e+05   3.248863e+11   6555s
  495534    3.6975139e+08   9.862880e+04   2.857527e+11   6560s
  499741    3.6940603e+08   8.663989e+04   2.633795e+11   6565s
  505002    3.6926929e+08   8.211304e+04   2.488933e+11   6571s
  510044    3.6920990e+08   7.937977e+04   2.437264e+11   6576s
  514100    3.6916103e+08   7.613508e+04   2.381242e+11   6580s
  519105    3.6916147e+08   7.463467e+04   2.337124e+11   6585s
  524110    3.6916168e+08   7.305208e+04   2.289886e+11   6590s
  529115    3.6916186e+08   7.150387e+04   2.242670e+11   6595s
  534120    3.6916168e+08   7.000962e+04   2.194711e+11   6600s
  540126    3.6916258e+08   6.829462e+04   2.139721e+11   6606s
  545135    3.6915399e+08   6.643790e+04   2.084412e+11   6611s
  550227    3.6904187e+08   6.081386e+04   1.966253e+11   6615s
  556672   -3.7732283e+08   2.598235e+04   6.844607e+10   6620s
  566267   -2.9595710e+09   1.389463e+04   4.079657e+10   6626s
  578783   -3.0492715e+09   4.831340e+03   1.301407e+10   6631s
  581727   -3.0492586e+09   3.454123e+03   8.666842e+09   6637s
  583391   -3.0492033e+09   2.842584e+03   1.008998e+10   6640s
  586892   -3.0489672e+09   1.514307e+03   5.311529e+09   6646s
  588442   -3.0488918e+09   1.308008e+03   5.002696e+09   6651s
  590618   -3.0487215e+09   6.373895e+02   3.275672e+09   6655s
  594767   -3.0485462e+09   1.042154e+02   1.872060e+09   6662s
  595891   -3.0484494e+09   6.654581e+01   2.456743e+09   6666s
  597112   -3.0485358e+09   3.832450e+01   1.734749e+09   6670s
  598979   -2.5759114e+09   6.756055e-01   3.218830e+08   6676s
  603439    3.2892661e+08   0.000000e+00   5.790470e+07   6681s
  610092    3.3049580e+08   0.000000e+00   9.569060e+07   6685s
  619047    3.3350753e+08   0.000000e+00   9.438702e+07   6690s
  629419    3.3549823e+08   0.000000e+00   9.097543e+07   6695s
  639555    3.3743830e+08   0.000000e+00   9.024736e+07   6700s
  647403    3.3862448e+08   0.000000e+00   1.544484e+08   6705s
  656036    3.3974084e+08   0.000000e+00   7.220359e+08   6711s
  664678    3.4134319e+08   0.000000e+00   1.437661e+09   6716s
  669537    3.4192307e+08   0.000000e+00   2.295771e+09   6720s
  678708    3.4316284e+08   0.000000e+00   2.228203e+09   6725s
  685636    3.4396249e+08   0.000000e+00   2.246849e+09   6730s
  695493    3.4493147e+08   0.000000e+00   2.262271e+09   6735s
  701285    3.4542185e+08   0.000000e+00   2.291169e+09   6740s
  708292    3.4685140e+08   0.000000e+00   2.260597e+09   6746s
  715310    3.4741397e+08   0.000000e+00   2.332387e+09   6750s
  722324    3.4805265e+08   0.000000e+00   2.257355e+09   6755s
  730114    3.4884478e+08   0.000000e+00   2.266576e+09   6760s
  738132    3.4968216e+08   0.000000e+00   2.253181e+09   6765s
  746152    3.5027444e+08   0.000000e+00   2.233671e+09   6771s
  749156    3.5033375e+08   0.000000e+00   2.242970e+09   6775s
  754173    3.5087288e+08   0.000000e+00   2.217226e+09   6780s
  759184    3.5173952e+08   0.000000e+00   2.185210e+09   6785s
  765193    3.5281414e+08   0.000000e+00   2.169591e+09   6791s
  771221    3.5377409e+08   0.000000e+00   2.154739e+09   6796s
  776228    3.5466570e+08   0.000000e+00   2.227787e+09   6800s
  781814    3.5571870e+08   0.000000e+00   6.664667e+09   6805s
  788840    3.5719915e+08   0.000000e+00   6.812253e+09   6811s
  793635    3.5870620e+08   0.000000e+00   3.720378e+09   6816s
  797513    3.5981998e+08   0.000000e+00   3.719188e+09   6821s
  802548    3.6042750e+08   0.000000e+00   3.707692e+09   6826s
  807570    3.6099625e+08   0.000000e+00   3.678001e+09   6831s
  812584    3.6235091e+08   0.000000e+00   3.663097e+09   6836s
  817593    3.6321522e+08   0.000000e+00   3.717896e+09   6840s
  823611    3.6428869e+08   0.000000e+00   3.759759e+09   6845s
  829644    3.6473064e+08   0.000000e+00   3.722672e+09   6850s
  834655    3.6533367e+08   0.000000e+00   3.683484e+09   6856s
  838217    3.6589482e+08   0.000000e+00   3.659599e+09   6860s
  843240    3.6643491e+08   0.000000e+00   3.625670e+09   6866s
  847264    3.6667229e+08   0.000000e+00   3.666826e+09   6871s
  851281    3.6734219e+08   0.000000e+00   3.658977e+09   6875s
  855297    3.6814506e+08   0.000000e+00   3.636354e+09   6880s
  860304    3.6866402e+08   0.000000e+00   3.586418e+09   6885s
  865322    3.6932540e+08   0.000000e+00   3.594225e+09   6891s
  870343    3.7045670e+08   0.000000e+00   3.566364e+09   6896s
  874356    3.7115223e+08   0.000000e+00   3.626673e+09   6900s
  879143    3.7206628e+08   0.000000e+00   3.294227e+09   6906s
  884153    3.7283708e+08   0.000000e+00   3.275423e+09   6911s
  889173    3.7362062e+08   0.000000e+00   2.983440e+09   6915s
  894186    3.7504329e+08   0.000000e+00   3.205337e+09   6921s
  899220    3.7594060e+08   0.000000e+00   3.190025e+09   6925s
  903240    3.7629109e+08   0.000000e+00   3.342012e+09   6931s
  907279    3.7665134e+08   0.000000e+00   3.336515e+09   6936s
  911283    3.7704011e+08   0.000000e+00   3.330117e+09   6941s
  915288    3.7762961e+08   0.000000e+00   3.394334e+09   6946s
  919294    3.7833262e+08   0.000000e+00   3.277182e+09   6951s
  922298    3.7901042e+08   0.000000e+00   3.273859e+09   6955s
  925302    3.7967432e+08   0.000000e+00   3.284385e+09   6961s
  928066    3.8001577e+08   0.000000e+00   3.030664e+09   6965s
  930849    3.8048478e+08   0.000000e+00   3.694240e+09   6970s
  934854    3.8090514e+08   0.000000e+00   3.683972e+09   6976s
  937857    3.8139473e+08   0.000000e+00   4.080412e+09   6980s
  941862    3.8192719e+08   0.000000e+00   4.409213e+09   6986s
  944648    3.8253676e+08   0.000000e+00   4.310137e+09   6990s
  948632    3.8322465e+08   0.000000e+00   5.404600e+08   6996s
  951635    3.8383855e+08   0.000000e+00   5.237466e+08   7000s
  955641    3.8459523e+08   0.000000e+00   5.239255e+08   7006s
  958646    3.8527792e+08   0.000000e+00   5.292825e+08   7010s
  962651    3.8628228e+08   0.000000e+00   5.199507e+08   7015s
  966660    3.8716730e+08   0.000000e+00   4.479412e+08   7020s
  971667    3.8802727e+08   0.000000e+00   5.326215e+08   7025s
  976674    3.8848584e+08   0.000000e+00   5.658515e+08   7030s
  980679    3.8910659e+08   0.000000e+00   5.737686e+08   7036s
  983361    3.8951423e+08   0.000000e+00   6.417640e+08   7040s
  986364    3.8990379e+08   0.000000e+00   7.941129e+08   7045s
  990378    3.9046863e+08   0.000000e+00   7.155904e+08   7051s
  993387    3.9085380e+08   0.000000e+00   9.455309e+08   7057s
  996391    3.9106340e+08   0.000000e+00   8.802689e+08   7061s
  999176    3.9128462e+08   0.000000e+00   1.429158e+09   7066s
 1002181    3.9161054e+08   0.000000e+00   1.404902e+09   7070s
 1005968    3.9213240e+08   0.000000e+00   1.427222e+09   7076s
 1008976    3.9255376e+08   0.000000e+00   1.533686e+09   7082s
 1011985    3.9321002e+08   0.000000e+00   1.441183e+09   7086s
 1014994    3.9343136e+08   0.000000e+00   1.452662e+09   7091s
 1017998    3.9381388e+08   0.000000e+00   1.436446e+09   7095s
 1020785    3.9423983e+08   0.000000e+00   1.443617e+09   7101s
 1023790    3.9454483e+08   0.000000e+00   1.458770e+09   7105s
 1026800    3.9503704e+08   0.000000e+00   1.474856e+09   7111s
 1029805    3.9565886e+08   0.000000e+00   1.742482e+09   7116s
 1032814    3.9620650e+08   0.000000e+00   1.684665e+09   7122s
 1034747    3.9644365e+08   0.000000e+00   9.902857e+08   7125s
 1037756    3.9700741e+08   0.000000e+00   1.010320e+09   7130s
 1041766    3.9773434e+08   0.000000e+00   1.079135e+09   7136s
 1044774    3.9844832e+08   0.000000e+00   1.275201e+09   7141s
 1047785    3.9918465e+08   0.000000e+00   1.326899e+09   7145s
 1050798    3.9976636e+08   0.000000e+00   1.490052e+09   7150s
 1054804    4.0072838e+08   0.000000e+00   1.800476e+09   7156s
 1057787    4.0118084e+08   0.000000e+00   1.602046e+09   7161s
 1061613    4.0165885e+08   0.000000e+00   2.655943e+09   7166s
 1064399    4.0197282e+08   0.000000e+00   5.616477e+09   7170s
 1068411    4.0250119e+08   0.000000e+00   6.617205e+09   7175s
 1072418    4.0312856e+08   0.000000e+00   7.280030e+09   7181s
 1074980    4.0352074e+08   0.000000e+00   7.326246e+09   7186s
 1077990    4.0428738e+08   0.000000e+00   7.589117e+09   7190s
 1082000    4.0495352e+08   0.000000e+00   7.711859e+09   7196s
 1086010    4.0586121e+08   0.000000e+00   7.453071e+09   7200s
 1090022    4.0654363e+08   0.000000e+00   7.167490e+09   7205s
 1094008    4.0725646e+08   0.000000e+00   6.726761e+09   7211s
 1097011    4.0760901e+08   0.000000e+00   6.379457e+09   7216s
 1100015    4.0825677e+08   0.000000e+00   4.874925e+09   7222s
 1103027    4.0905669e+08   0.000000e+00   4.890249e+09   7225s
 1106044    4.0969038e+08   0.000000e+00   4.592953e+09   7230s
 1109101    4.1040423e+08   0.000000e+00   4.321504e+09   7236s
 1112134    4.1114249e+08   0.000000e+00   4.585047e+09   7240s
 1116166    4.1195053e+08   0.000000e+00   4.571896e+09   7246s
 1119176    4.1229069e+08   0.000000e+00   4.878784e+09   7251s
 1121959    4.1258663e+08   0.000000e+00   4.688168e+09   7256s
 1124717    4.1290589e+08   0.000000e+00   4.771916e+09   7261s
 1126719    4.1317428e+08   0.000000e+00   4.868716e+09   7265s
 1130731    4.1390850e+08   0.000000e+00   3.919576e+09   7272s
 1132733    4.1428337e+08   0.000000e+00   3.768304e+09   7276s
 1135750    4.1480578e+08   0.000000e+00   3.767032e+09   7281s
 1138754    4.1533398e+08   0.000000e+00   3.681488e+09   7286s
 1141758    4.1589757e+08   0.000000e+00   3.654609e+09   7291s
 1144765    4.1624191e+08   0.000000e+00   3.563440e+09   7297s
 1147773    4.1675466e+08   0.000000e+00   3.710433e+09   7301s
 1150782    4.1732282e+08   0.000000e+00   3.201395e+09   7306s
 1153789    4.1791355e+08   0.000000e+00   3.356834e+09   7311s
 1157587    4.1828942e+08   0.000000e+00   1.839751e+09   7315s
 1161604    4.1880180e+08   0.000000e+00   1.890514e+09   7321s
 1164608    4.1930352e+08   0.000000e+00   2.086204e+09   7327s
 1166614    4.1959781e+08   0.000000e+00   2.084532e+09   7331s
 1168621    4.1997505e+08   0.000000e+00   1.951227e+09   7335s
 1171626    4.2030041e+08   0.000000e+00   1.838099e+09   7341s
 1174638    4.2056766e+08   0.000000e+00   1.907665e+09   7346s
 1177647    4.2087086e+08   0.000000e+00   1.777038e+09   7351s
 1180659    4.2125055e+08   0.000000e+00   1.652943e+09   7356s
 1182671    4.2149796e+08   0.000000e+00   1.649887e+09   7360s
 1185681    4.2183940e+08   0.000000e+00   1.519157e+09   7365s
 1187686    4.2215552e+08   0.000000e+00   1.451023e+09   7371s
 1190695    4.2244944e+08   0.000000e+00   1.471348e+09   7376s
 1193710    4.2276762e+08   0.000000e+00   1.423088e+09   7381s
 1196716    4.2309719e+08   0.000000e+00   1.211983e+09   7386s
 1199740    4.2369050e+08   0.000000e+00   1.040339e+09   7391s
 1202532    4.2402962e+08   0.000000e+00   1.022121e+09   7396s
 1205550    4.2446379e+08   0.000000e+00   1.247804e+09   7402s
 1207558    4.2488086e+08   0.000000e+00   9.749441e+08   7405s
 1209560    4.2522672e+08   0.000000e+00   1.039278e+09   7410s
 1212570    4.2557600e+08   0.000000e+00   1.064984e+09   7416s
 1215578    4.2597332e+08   0.000000e+00   1.006767e+09   7422s
 1217587    4.2626034e+08   0.000000e+00   1.219778e+09   7426s
 1221633    4.2767003e+08   0.000000e+00   1.997379e+09   7431s
 1224667    4.2835687e+08   0.000000e+00   2.295554e+09   7436s
 1227686    4.2893055e+08   0.000000e+00   2.612146e+09   7441s
 1231739    4.3014020e+08   0.000000e+00   2.999905e+09   7447s
 1233745    4.3038617e+08   0.000000e+00   3.053215e+09   7451s
 1235309    4.3060786e+08   0.000000e+00   6.059761e+08   7455s
 1238317    4.3092888e+08   0.000000e+00   7.519486e+08   7462s
 1240342    4.3131575e+08   0.000000e+00   5.900106e+08   7466s
 1243357    4.3185255e+08   0.000000e+00   8.155083e+08   7472s
 1245362    4.3221476e+08   0.000000e+00   8.159194e+08   7475s
 1248150    4.3264776e+08   0.000000e+00   6.517527e+09   7482s
 1250161    4.3298613e+08   0.000000e+00   6.076370e+09   7486s
 1252166    4.3318881e+08   0.000000e+00   5.949654e+09   7490s
 1255174    4.3358421e+08   0.000000e+00   5.167337e+09   7497s
 1256956    4.3378738e+08   0.000000e+00   6.901424e+08   7501s
 1258962    4.3403912e+08   0.000000e+00   5.815885e+08   7505s
 1260966    4.3432582e+08   0.000000e+00   5.692296e+08   7511s
 1262974    4.3457938e+08   0.000000e+00   8.807844e+08   7515s
 1264977    4.3481630e+08   0.000000e+00   8.228432e+08   7521s
 1266981    4.3509935e+08   0.000000e+00   7.725188e+08   7526s
 1268956    4.3533433e+08   0.000000e+00   9.255007e+08   7531s
 1270961    4.3550334e+08   0.000000e+00   8.693787e+08   7536s
 1272967    4.3573329e+08   0.000000e+00   6.838691e+08   7541s
 1274751    4.3597713e+08   0.000000e+00   7.871765e+08   7546s
 1276755    4.3641661e+08   0.000000e+00   8.971903e+08   7552s
 1278759    4.3670750e+08   0.000000e+00   6.687807e+08   7556s
 1280763    4.3693652e+08   0.000000e+00   6.959893e+08   7562s
 1282441    4.3710328e+08   0.000000e+00   6.631616e+08   7566s
 1284419    4.3739028e+08   0.000000e+00   1.653705e+09   7571s
 1286425    4.3765379e+08   0.000000e+00   1.676733e+09   7576s
 1288429    4.3782066e+08   0.000000e+00   1.709758e+09   7580s
 1290435    4.3807230e+08   0.000000e+00   1.626364e+09   7586s
 1292438    4.3833289e+08   0.000000e+00   1.903758e+09   7590s
 1294445    4.3860002e+08   0.000000e+00   1.859350e+09   7596s
 1296448    4.3883312e+08   0.000000e+00   9.366019e+08   7601s
 1298498    4.3922864e+08   0.000000e+00   1.021759e+09   7605s
 1302604    4.4050568e+08   0.000000e+00   9.146401e+08   7611s
 1305766    4.4104128e+08   0.000000e+00   7.155148e+08   7615s
 1307783    4.4129254e+08   0.000000e+00   7.840292e+08   7621s
 1310836    4.4201420e+08   0.000000e+00   8.571690e+08   7626s
 1314998    4.4287361e+08   0.000000e+00   8.056018e+08   7631s
 1317810    4.4325016e+08   0.000000e+00   2.169127e+10   7638s
 1318812    4.4341831e+08   0.000000e+00   2.334785e+10   7641s
 1320835    4.4378407e+08   0.000000e+00   2.393195e+10   7645s
 1322841    4.4413004e+08   0.000000e+00   2.413486e+10   7651s
 1324847    4.4435751e+08   0.000000e+00   2.302045e+10   7656s
 1327911    4.4493249e+08   0.000000e+00   2.207466e+10   7661s
 1332074    4.4562566e+08   0.000000e+00   2.382391e+10   7666s
 1335003    4.4618551e+08   0.000000e+00   2.498902e+10   7671s
 1338086    4.4669525e+08   0.000000e+00   2.460990e+10   7677s
 1339876    4.4697174e+08   0.000000e+00   3.761923e+09   7681s
 1341880    4.4726877e+08   0.000000e+00   3.703570e+09   7687s
 1343678    4.4758864e+08   0.000000e+00   2.671459e+10   7692s
 1345470    4.4780412e+08   0.000000e+00   2.471073e+10   7697s
 1347495    4.4813318e+08   0.000000e+00   2.539056e+10   7701s
 1349337    4.4831142e+08   0.000000e+00   2.549693e+10   7706s
 1351341    4.4857280e+08   0.000000e+00   4.127526e+09   7712s
 1353236    4.4884853e+08   0.000000e+00   4.151472e+09   7717s
 1354241    4.4899095e+08   0.000000e+00   4.112545e+09   7720s
 1356254    4.4925705e+08   0.000000e+00   4.177893e+09   7726s
 1358223    4.4952559e+08   0.000000e+00   4.207784e+09   7731s
 1360230    4.4983216e+08   0.000000e+00   4.205638e+09   7738s
 1362237    4.5019011e+08   0.000000e+00   4.300318e+09   7743s
 1363247    4.5034182e+08   0.000000e+00   4.303829e+09   7746s
 1364808    4.5048209e+08   0.000000e+00   1.189094e+08   7750s
 1367148    4.5076926e+08   0.000000e+00   2.915421e+08   7755s
 1369502    4.5094540e+08   0.000000e+00   8.982083e+09   7760s
 1372841    4.5119660e+08   0.000000e+00   1.084293e+09   7766s
 1375367    4.5141066e+08   0.000000e+00   8.759278e+08   7771s
 1377708    4.5163682e+08   0.000000e+00   2.922190e+09   7775s
 1380048    4.5187471e+08   0.000000e+00   1.119903e+09   7781s
 1382832    4.5221801e+08   0.000000e+00   1.181727e+09   7786s
 1386619    4.5258534e+08   0.000000e+00   4.331036e+09   7791s
 1390576    4.5306746e+08   0.000000e+00   4.826756e+09   7796s
 1395588    4.5352445e+08   0.000000e+00   6.573452e+08   7801s
 1398591    4.5374512e+08   0.000000e+00   1.180778e+09   7805s
 1401373    4.5394313e+08   0.000000e+00   7.052012e+09   7810s
 1405159    4.5420310e+08   0.000000e+00   4.124260e+09   7816s
 1408163    4.5443069e+08   0.000000e+00   3.859192e+09   7820s
 1411948    4.5480345e+08   0.000000e+00   2.784197e+09   7826s
 1415734    4.5521904e+08   0.000000e+00   2.649494e+09   7830s
 1419739    4.5552636e+08   0.000000e+00   2.759732e+09   7836s
 1423524    4.5576492e+08   0.000000e+00   4.059102e+09   7841s
 1425299    4.5594659e+08   0.000000e+00   1.574151e+10   7847s
 1428305    4.5620667e+08   0.000000e+00   1.556550e+10   7851s
 1432320    4.5644712e+08   0.000000e+00   1.547566e+10   7856s
 1435323    4.5675821e+08   0.000000e+00   1.554051e+10   7860s
 1439095    4.5715089e+08   0.000000e+00   1.510361e+10   7867s
 1441657    4.5748341e+08   0.000000e+00   1.514955e+10   7871s
 1444570    4.5781705e+08   0.000000e+00   1.568010e+10   7876s
 1447576    4.5810010e+08   0.000000e+00   1.564846e+10   7881s
 1451584    4.5849587e+08   0.000000e+00   1.529452e+10   7886s
 1455594    4.5899228e+08   0.000000e+00   1.517780e+10   7891s
 1458599    4.5935407e+08   0.000000e+00   1.568953e+10   7895s
 1462607    4.5988541e+08   0.000000e+00   1.614233e+10   7901s
 1465393    4.6026279e+08   0.000000e+00   1.623108e+10   7906s
 1468408    4.6059293e+08   0.000000e+00   1.639822e+10   7910s
 1471197    4.6081820e+08   0.000000e+00   1.645964e+10   7915s
 1473910    4.6104407e+08   0.000000e+00   1.640176e+10   7920s
 1477922    4.6162125e+08   0.000000e+00   1.623080e+10   7926s
 1480932    4.6200971e+08   0.000000e+00   1.627241e+10   7930s
 1483945    4.6235104e+08   0.000000e+00   3.141470e+09   7935s
 1487956    4.6306182e+08   0.000000e+00   3.193396e+09   7941s
 1490962    4.6345451e+08   0.000000e+00   3.119120e+09   7946s
 1493968    4.6400644e+08   0.000000e+00   3.048001e+09   7950s
 1497976    4.6455016e+08   0.000000e+00   3.083014e+09   7955s
 1501982    4.6506750e+08   0.000000e+00   2.960041e+09   7961s
 1503987    4.6531834e+08   0.000000e+00   3.073622e+09   7965s
 1506995    4.6566305e+08   0.000000e+00   2.893029e+09   7972s
 1508557    4.6582736e+08   0.000000e+00   3.830467e+09   7977s
 1510560    4.6604077e+08   0.000000e+00   3.758617e+09   7980s
 1513570    4.6638738e+08   0.000000e+00   3.643490e+09   7986s
 1516578    4.6679508e+08   0.000000e+00   3.395644e+09   7990s
 1519584    4.6730089e+08   0.000000e+00   3.454717e+09   7995s
 1522595    4.6770727e+08   0.000000e+00   3.412508e+09   8001s
 1526599    4.6804578e+08   0.000000e+00   3.420204e+09   8006s
 1529605    4.6829904e+08   0.000000e+00   3.457974e+09   8011s
 1531611    4.6858162e+08   0.000000e+00   3.414505e+09   8015s
 1534622    4.6887201e+08   0.000000e+00   3.437342e+09   8021s
 1537627    4.6923095e+08   0.000000e+00   3.453806e+09   8026s
 1539410    4.6942304e+08   0.000000e+00   3.506409e+09   8030s
 1542195    4.6980808e+08   0.000000e+00   3.708001e+09   8036s
 1545201    4.7039785e+08   0.000000e+00   3.762910e+09   8041s
 1548207    4.7081024e+08   0.000000e+00   3.746703e+09   8046s
 1550211    4.7110964e+08   0.000000e+00   3.569351e+09   8051s
 1552213    4.7135719e+08   0.000000e+00   3.540345e+09   8055s
 1555220    4.7168784e+08   0.000000e+00   3.634173e+09   8062s
 1557001    4.7180912e+08   0.000000e+00   3.594621e+09   8066s
 1559005    4.7199475e+08   0.000000e+00   3.809307e+09   8070s
 1561788    4.7219543e+08   0.000000e+00   3.740028e+09   8076s
 1564570    4.7253484e+08   0.000000e+00   3.719345e+09   8081s
 1567231    4.7277878e+08   0.000000e+00   3.638155e+09   8086s
 1569014    4.7296562e+08   0.000000e+00   9.382757e+09   8091s
 1570795    4.7312715e+08   0.000000e+00   3.342022e+09   8096s
 1572335    4.7322838e+08   0.000000e+00   3.068297e+09   8104s
 1573337    4.7333454e+08   0.000000e+00   3.090064e+09   8106s
 1575349    4.7357145e+08   0.000000e+00   3.134847e+09   8111s
 1578138    4.7378718e+08   0.000000e+00   2.825703e+09   8116s
 1579935    4.7395311e+08   0.000000e+00   2.778254e+09   8120s
 1582944    4.7422940e+08   0.000000e+00   2.516064e+09   8127s
 1584954    4.7448232e+08   0.000000e+00   6.830320e+09   8131s
 1587966    4.7476359e+08   0.000000e+00   7.040956e+09   8137s
 1589750    4.7488733e+08   0.000000e+00   5.538196e+09   8141s
 1592761    4.7522397e+08   0.000000e+00   6.588375e+09   8147s
 1594766    4.7537324e+08   0.000000e+00   5.608567e+09   8151s
 1596771    4.7565137e+08   0.000000e+00   5.508925e+09   8156s
 1598776    4.7582580e+08   0.000000e+00   5.506246e+09   8161s
 1600563    4.7591873e+08   0.000000e+00   5.378903e+09   8166s
 1602467    4.7604578e+08   0.000000e+00   5.658343e+09   8172s
 1604027    4.7613150e+08   0.000000e+00   5.456237e+09   8176s
 1606031    4.7626592e+08   0.000000e+00   7.225311e+09   8182s
 1608035    4.7634570e+08   0.000000e+00   7.374583e+09   8186s
 1610043    4.7646321e+08   0.000000e+00   7.308377e+09   8191s
 1611605    4.7659545e+08   0.000000e+00   6.991458e+09   8198s
 1612606    4.7661776e+08   0.000000e+00   6.992316e+09   8200s
 1615613    4.7679009e+08   0.000000e+00   6.963349e+09   8207s
 1617173    4.7686845e+08   0.000000e+00   1.041817e+09   8212s
 1617953    4.7692174e+08   0.000000e+00   2.252325e+09   8215s
 1620293    4.7709703e+08   0.000000e+00   2.253593e+09   8221s
 1621853    4.7720665e+08   0.000000e+00   2.011588e+10   8226s
 1622633    4.7726845e+08   0.000000e+00   5.999474e+09   8230s
 1624973    4.7739864e+08   0.000000e+00   8.487659e+09   8237s
 1626567    4.7747564e+08   0.000000e+00   4.675014e+09   8241s
 1629571    4.7771837e+08   0.000000e+00   3.735772e+09   8246s
 1631324    4.7784592e+08   0.000000e+00   4.018132e+09   8250s
 1633911    4.7800770e+08   0.000000e+00   9.541645e+09   8255s
 1636448    4.7816944e+08   0.000000e+00   2.960286e+10   8260s
 1640233    4.7834967e+08   0.000000e+00   3.191605e+10   8267s
 1642037    4.7841925e+08   0.000000e+00   3.051796e+10   8270s
 1645599    4.7859056e+08   0.000000e+00   3.192426e+10   8276s
 1649605    4.7880761e+08   0.000000e+00   9.904491e+09   8281s
 1652166    4.7899388e+08   0.000000e+00   9.534388e+09   8286s
 1655171    4.7918556e+08   0.000000e+00   9.208842e+09   8291s
 1658177    4.7936614e+08   0.000000e+00   1.030161e+10   8295s
 1661746    4.7964338e+08   0.000000e+00   2.442214e+09   8301s
 1664562    4.7974082e+08   0.000000e+00   2.327001e+09   8306s
 1667566    4.7986081e+08   0.000000e+00   2.333666e+09   8311s
 1670575    4.8002721e+08   0.000000e+00   2.353002e+09   8315s
 1673580    4.8031970e+08   0.000000e+00   2.629555e+09   8321s
 1676587    4.8058934e+08   0.000000e+00   2.474938e+09   8326s
 1679301    4.8074745e+08   0.000000e+00   1.181239e+09   8331s
 1681199    4.8088539e+08   0.000000e+00   5.843532e+08   8335s
 1683983    4.8103858e+08   0.000000e+00   5.020414e+08   8341s
 1686989    4.8122814e+08   0.000000e+00   1.297080e+09   8346s
 1689992    4.8148040e+08   0.000000e+00   1.299216e+09   8351s
 1693000    4.8182654e+08   0.000000e+00   1.239477e+09   8356s
 1695004    4.8197673e+08   0.000000e+00   1.181160e+09   8360s
 1698009    4.8217035e+08   0.000000e+00   1.177410e+09   8366s
 1701015    4.8241546e+08   0.000000e+00   7.631611e+08   8370s
 1703803    4.8261845e+08   0.000000e+00   4.490325e+08   8375s
 1706806    4.8279297e+08   0.000000e+00   4.456697e+08   8381s
 1708808    4.8293373e+08   0.000000e+00   4.118548e+08   8385s
 1711593    4.8310284e+08   0.000000e+00   3.788550e+08   8391s
 1714598    4.8338756e+08   0.000000e+00   3.730900e+08   8395s
 1717604    4.8354564e+08   0.000000e+00   4.027217e+08   8400s
 1720446    4.8381580e+08   0.000000e+00   1.231614e+10   8406s
 1722230    4.8388807e+08   0.000000e+00   1.576982e+10   8411s
 1724016    4.8395928e+08   0.000000e+00   3.791727e+10   8415s
 1727020    4.8406953e+08   0.000000e+00   3.789809e+10   8421s
 1730031    4.8419184e+08   0.000000e+00   3.787191e+10   8427s
 1732036    4.8428474e+08   0.000000e+00   3.784590e+10   8431s
 1734040    4.8434463e+08   0.000000e+00   3.784093e+10   8436s
 1736827    4.8446021e+08   0.000000e+00   3.785366e+10   8442s
 1738831    4.8452265e+08   0.000000e+00   1.184838e+10   8447s
 1740617    4.8459615e+08   0.000000e+00   1.174772e+10   8450s
 1743677    4.8476762e+08   0.000000e+00   1.195189e+10   8456s
 1748070    4.8574059e+08   0.000000e+00   1.192491e+10   8461s
 1751162    4.8612308e+08   0.000000e+00   1.183239e+10   8466s
 1754139    4.8658932e+08   0.000000e+00   1.218748e+10   8472s
 1754919    4.8665337e+08   0.000000e+00   1.185559e+10   8475s
 1756702    4.8673914e+08   0.000000e+00   1.213156e+10   8480s
 1758262    4.8690894e+08   0.000000e+00   7.703141e+08   8485s
 1760602    4.8710434e+08   0.000000e+00   7.406088e+10   8492s
 1762162    4.8721155e+08   0.000000e+00   4.388376e+10   8496s
 1764502    4.8742661e+08   0.000000e+00   3.107258e+10   8501s
 1766062    4.8755310e+08   0.000000e+00   3.038211e+10   8505s
 1769845    4.8782280e+08   0.000000e+00   5.320229e+09   8512s
 1772189    4.8792707e+08   0.000000e+00   1.901248e+10   8516s
 1775192    4.8817656e+08   0.000000e+00   1.640483e+10   8521s
 1777906    4.8835040e+08   0.000000e+00   9.686763e+09   8526s
 1780909    4.8861180e+08   0.000000e+00   1.324733e+10   8530s
 1783691    4.8897433e+08   0.000000e+00   3.290995e+10   8536s
 1786336    4.8920430e+08   0.000000e+00   3.246903e+10   8541s
 1789119    4.8949335e+08   0.000000e+00   9.105792e+09   8545s
 1791902    4.8963252e+08   0.000000e+00   1.171444e+10   8551s
 1794909    4.8976714e+08   0.000000e+00   1.176948e+10   8555s
 1797693    4.8990866e+08   0.000000e+00   1.072265e+10   8561s
 1799253    4.8998476e+08   0.000000e+00   6.523567e+09   8566s
 1802028    4.9015880e+08   0.000000e+00   6.103447e+09   8571s
 1804589    4.9031779e+08   0.000000e+00   5.180054e+09   8576s
 1807373    4.9050283e+08   0.000000e+00   5.453337e+09   8581s
 1810377    4.9062591e+08   0.000000e+00   5.585720e+09   8586s
 1813244    4.9080811e+08   0.000000e+00   3.780106e+09   8591s
 1816029    4.9096038e+08   0.000000e+00   3.229684e+09   8596s
 1818812    4.9111834e+08   0.000000e+00   3.045740e+09   8601s
 1820543    4.9126667e+08   0.000000e+00   3.041269e+09   8605s
 1822106    4.9137899e+08   0.000000e+00   2.872644e+09   8610s
 1824893    4.9154734e+08   0.000000e+00   2.945456e+09   8617s
 1826896    4.9161274e+08   0.000000e+00   3.310660e+09   8621s
 1828854    4.9167611e+08   0.000000e+00   3.436259e+09   8625s
 1830414    4.9196879e+08   0.000000e+00   2.631977e+10   8630s
 1833978    4.9218475e+08   0.000000e+00   1.697703e+10   8637s
 1835982    4.9225404e+08   0.000000e+00   1.782223e+10   8640s
 1838767    4.9235804e+08   0.000000e+00   1.780384e+10   8646s
 1840769    4.9249241e+08   0.000000e+00   1.795523e+10   8650s
 1843331    4.9268881e+08   0.000000e+00   1.540983e+10   8656s
 1845675    4.9280471e+08   0.000000e+00   1.695967e+09   8662s
 1847722    4.9293471e+08   0.000000e+00   1.069382e+09   8665s
 1849507    4.9310335e+08   0.000000e+00   3.396874e+08   8671s
 1851067    4.9327444e+08   0.000000e+00   9.026188e+08   8675s
 1853407    4.9344083e+08   0.000000e+00   2.454581e+10   8682s
 1854187    4.9350410e+08   0.000000e+00   4.319059e+10   8685s
 1856631    4.9369380e+08   0.000000e+00   2.893949e+09   8692s
 1858191    4.9374923e+08   0.000000e+00   1.689369e+10   8695s
 1861694    4.9401610e+08   0.000000e+00   3.635559e+09   8701s
 1863254    4.9408105e+08   0.000000e+00   1.201523e+10   8707s
 1865256    4.9413308e+08   0.000000e+00   1.266209e+10   8710s
 1867038    4.9420902e+08   0.000000e+00   1.449532e+10   8715s
 1870824    4.9444499e+08   0.000000e+00   3.160397e+10   8721s
 1873359    4.9452572e+08   0.000000e+00   4.188852e+10   8728s
 1874923    4.9458267e+08   0.000000e+00   4.059037e+10   8731s
 1877573    4.9467065e+08   0.000000e+00   1.732904e+09   8738s
 1879578    4.9477383e+08   0.000000e+00   1.143880e+09   8741s
 1882406    4.9490201e+08   0.000000e+00   8.779804e+08   8747s
 1884189    4.9497522e+08   0.000000e+00   1.160226e+09   8751s
 1887102    4.9513534e+08   0.000000e+00   8.251360e+09   8756s
 1889104    4.9521168e+08   0.000000e+00   1.392610e+10   8760s
 1891666    4.9531759e+08   0.000000e+00   1.415808e+10   8766s
 1894608    4.9547690e+08   0.000000e+00   1.447407e+09   8772s
 1896244    4.9551953e+08   0.000000e+00   1.353053e+09   8776s
 1899026    4.9560686e+08   0.000000e+00   1.277615e+09   8780s
 1902032    4.9567959e+08   0.000000e+00   1.353392e+09   8786s
 1904816    4.9575416e+08   0.000000e+00   2.555143e+09   8792s
 1906597    4.9580548e+08   0.000000e+00   1.206505e+09   8795s
 1908950    4.9588572e+08   0.000000e+00   1.164877e+09   8802s
 1910890    4.9594769e+08   0.000000e+00   1.139565e+09   8807s
 1912450    4.9598320e+08   0.000000e+00   3.351504e+09   8814s
 1913230    4.9600871e+08   0.000000e+00   1.180389e+09   8818s
 1914010    4.9605840e+08   0.000000e+00   5.607773e+08   8823s
 1914790    4.9614612e+08   0.000000e+00   2.133585e+10   8825s
 1917130    4.9636265e+08   0.000000e+00   2.520977e+11   8831s
 1918690    4.9644771e+08   0.000000e+00   3.201528e+10   8835s
 1921031    4.9659773e+08   0.000000e+00   6.069028e+10   8841s
 1923371    4.9669610e+08   0.000000e+00   2.515763e+11   8847s
 1924931    4.9674698e+08   0.000000e+00   2.851380e+11   8851s
 1926492    4.9683737e+08   0.000000e+00   4.624163e+11   8855s
 1928871    4.9691441e+08   0.000000e+00   7.580514e+11   8861s
 1931602    4.9703611e+08   0.000000e+00   7.781510e+11   8866s
 1934385    4.9715252e+08   0.000000e+00   1.493528e+11   8871s
 1937388    4.9728189e+08   0.000000e+00   1.962015e+11   8877s
 1940216    4.9738181e+08   0.000000e+00   2.315962e+11   8882s
 1941776    4.9743019e+08   0.000000e+00   2.342861e+11   8886s
 1944558    4.9760122e+08   0.000000e+00   6.372920e+11   8892s
 1946339    4.9766893e+08   0.000000e+00   8.518861e+10   8896s
 1949121    4.9777262e+08   0.000000e+00   2.085596e+10   8901s
 1952125    4.9786988e+08   0.000000e+00   2.742738e+10   8906s
 1954686    4.9791880e+08   0.000000e+00   3.818599e+10   8911s
 1957413    4.9799208e+08   0.000000e+00   3.138111e+10   8917s
 1959427    4.9806803e+08   0.000000e+00   3.209387e+10   8920s
 1963466    4.9820919e+08   0.000000e+00   2.830247e+10   8925s
 1964838    4.9821973e+08   0.000000e+00   5.875807e+10   8934s
 1965620    4.9822711e+08   0.000000e+00   2.422202e+11   8935s
 1968409    4.9829783e+08   0.000000e+00   2.731885e+08   8942s
 1969969    4.9849497e+08   0.000000e+00   1.320631e+10   8946s
 1972309    4.9876389e+08   0.000000e+00   8.090451e+10   8953s
 1974090    4.9897133e+08   0.000000e+00   3.978007e+10   8956s
 1976651    4.9918249e+08   0.000000e+00   1.537575e+11   8963s
 1978653    4.9930860e+08   0.000000e+00   4.509914e+10   8966s
 1981377    4.9939475e+08   0.000000e+00   4.496056e+10   8971s
 1984159    4.9950147e+08   0.000000e+00   4.475055e+10   8976s
 1985885    4.9954946e+08   0.000000e+00   4.546064e+09   8982s
 1987446    4.9960334e+08   0.000000e+00   4.569752e+09   8986s
 1989227    4.9967161e+08   0.000000e+00   1.171649e+10   8991s
 1991567    4.9972187e+08   0.000000e+00   1.142919e+10   8997s
 1994351    4.9988353e+08   0.000000e+00   1.098690e+10   9002s
 1996132    4.9996072e+08   0.000000e+00   1.276948e+10   9005s
 1999139    5.0008810e+08   0.000000e+00   1.261943e+10   9011s
 2001716    5.0015066e+08   0.000000e+00   9.585875e+09   9016s
 2003497    5.0017899e+08   0.000000e+00   1.039933e+10   9020s
 2006062    5.0022321e+08   0.000000e+00   2.960732e+09   9027s
 2006842    5.0026544e+08   0.000000e+00   7.460452e+09   9031s
 2009182    5.0041644e+08   0.000000e+00   2.856440e+10   9036s
 2011524    5.0049401e+08   0.000000e+00   4.335784e+09   9042s
 2013084    5.0053993e+08   0.000000e+00   2.851312e+09   9045s
 2015424    5.0060077e+08   0.000000e+00   1.892277e+09   9052s
 2017985    5.0068598e+08   0.000000e+00   1.955331e+09   9057s
 2019987    5.0074781e+08   0.000000e+00   7.139508e+10   9061s
 2022770    5.0082583e+08   0.000000e+00   6.257976e+09   9066s
 2025588    5.0087208e+08   0.000000e+00   1.165682e+10   9071s
 2028151    5.0090788e+08   0.000000e+00   1.183497e+10   9076s
 2031157    5.0095242e+08   0.000000e+00   1.252250e+10   9081s
 2034166    5.0098305e+08   0.000000e+00   1.246028e+10   9086s
 2037176    5.0102345e+08   0.000000e+00   1.268703e+10   9091s
 2041189    5.0107148e+08   0.000000e+00   5.540784e+09   9096s
 2045204    5.0112948e+08   0.000000e+00   8.565385e+08   9102s
 2045984    5.0116391e+08   0.000000e+00   4.990431e+08   9107s
 2047544    5.0126787e+08   0.000000e+00   7.796400e+08   9111s
 2049104    5.0136922e+08   0.000000e+00   1.168318e+09   9115s
 2051444    5.0146107e+08   0.000000e+00   3.595402e+09   9120s
 2053784    5.0164252e+08   0.000000e+00   1.225226e+09   9126s
 2055344    5.0173173e+08   0.000000e+00   1.273665e+09   9130s
 2057905    5.0186603e+08   0.000000e+00   1.154595e+09   9135s
 2060468    5.0204186e+08   0.000000e+00   6.930776e+08   9141s
 2063424    5.0226686e+08   0.000000e+00   2.513238e+08   9146s
 2065768    5.0236536e+08   0.000000e+00   3.490038e+08   9151s
 2067770    5.0245564e+08   0.000000e+00   4.290592e+08   9155s
 2070377    5.0269695e+08   0.000000e+00   2.912633e+08   9161s
 2072904    5.0288980e+08   0.000000e+00   4.326937e+08   9166s
 2074464    5.0299969e+08   0.000000e+00   4.477671e+07   9170s
 2076804    5.0314894e+08   0.000000e+00   3.451650e+08   9176s
 2078364    5.0319644e+08   0.000000e+00   2.475849e+08   9182s
 2079924    5.0323035e+08   0.000000e+00   1.108434e+09   9188s
 2081484    5.0326211e+08   0.000000e+00   1.799374e+09   9193s
 2082264    5.0327905e+08   0.000000e+00   9.290685e+08   9199s
 2083044    5.0329481e+08   0.000000e+00   1.482940e+08   9204s
 2083824    5.0330669e+08   0.000000e+00   1.430397e+08   9206s
 2085384    5.0333241e+08   0.000000e+00   1.371457e+08   9210s
 2087745    5.0341166e+08   0.000000e+00   1.042552e+08   9216s
 2089305    5.0345242e+08   0.000000e+00   7.752760e+08   9221s
 2091053    5.0351025e+08   0.000000e+00   4.964754e+09   9225s
 2093841    5.0366106e+08   0.000000e+00   3.945578e+09   9231s
 2095843    5.0373037e+08   0.000000e+00   3.665319e+09   9235s
 2098628    5.0379415e+08   0.000000e+00   7.034615e+09   9242s
 2100462    5.0381982e+08   0.000000e+00   9.533628e+08   9246s
 2102247    5.0387236e+08   0.000000e+00   1.097239e+08   9251s
 2103807    5.0392008e+08   0.000000e+00   1.455410e+08   9257s
 2105367    5.0397718e+08   0.000000e+00   2.949162e+08   9262s
 2106927    5.0400038e+08   0.000000e+00   5.559195e+08   9265s
 2108503    5.0401937e+08   0.000000e+00   2.573332e+08   9270s
 2110063    5.0405892e+08   0.000000e+00   9.377674e+10   9277s
 2111623    5.0411121e+08   0.000000e+00   1.595077e+11   9282s
 2113183    5.0414363e+08   0.000000e+00   6.683531e+10   9287s
 2114743    5.0417402e+08   0.000000e+00   2.011411e+10   9290s
 2117083    5.0426328e+08   0.000000e+00   4.843980e+10   9297s
 2118643    5.0430391e+08   0.000000e+00   4.777936e+09   9302s
 2120203    5.0434121e+08   0.000000e+00   1.514574e+09   9306s
 2122764    5.0438951e+08   0.000000e+00   6.247539e+08   9312s
 2124545    5.0442703e+08   0.000000e+00   5.936624e+08   9316s
 2127551    5.0446851e+08   0.000000e+00   7.579250e+08   9321s
 2129319    5.0449487e+08   0.000000e+00   5.571136e+07   9326s
 2130879    5.0452551e+08   0.000000e+00   2.160051e+09   9331s
 2132439    5.0455501e+08   0.000000e+00   1.951853e+08   9337s
 2133999    5.0457959e+08   0.000000e+00   1.620244e+09   9341s
 2135559    5.0461159e+08   0.000000e+00   4.353776e+08   9345s
 2137949    5.0467052e+08   0.000000e+00   2.917842e+08   9354s
 2138729    5.0467889e+08   0.000000e+00   1.215187e+08   9356s
 2140289    5.0469490e+08   0.000000e+00   7.318166e+07   9361s
 2141849    5.0471081e+08   0.000000e+00   5.382957e+07   9365s
 2144631    5.0476162e+08   0.000000e+00   1.186315e+09   9372s
 2146633    5.0480419e+08   0.000000e+00   5.679223e+08   9375s
 2150378    5.0487366e+08   0.000000e+00   2.470306e+08   9382s
 2152380    5.0489692e+08   0.000000e+00   2.024850e+08   9385s
 2155162    5.0492136e+08   0.000000e+00   9.847254e+07   9391s
 2156722    5.0493931e+08   0.000000e+00   3.354616e+08   9395s
 2159062    5.0495588e+08   0.000000e+00   3.751913e+08   9402s
 2160775    5.0496807e+08   0.000000e+00   1.922565e+09   9405s
 2163336    5.0498557e+08   0.000000e+00   3.526087e+08   9413s
 2165035    5.0499759e+08   0.000000e+00   5.856058e+08   9417s
 2166721    5.0501033e+08   0.000000e+00   6.811471e+08   9421s
 2169162    5.0503294e+08   0.000000e+00   3.488869e+08   9429s
 2169942    5.0504520e+08   0.000000e+00   7.549490e+08   9430s
 2172282    5.0506595e+08   0.000000e+00   1.294417e+08   9437s
 2173842    5.0507613e+08   0.000000e+00   1.409636e+08   9442s
 2174623    5.0508113e+08   0.000000e+00   3.421264e+08   9446s
 2176143    5.0510330e+08   0.000000e+00   2.811878e+07   9452s
 2178145    5.0511979e+08   0.000000e+00   5.436105e+07   9455s
 2180490    5.0514773e+08   0.000000e+00   5.918967e+08   9463s
 2181250    5.0515439e+08   0.000000e+00   3.301069e+07   9468s
 2182031    5.0516336e+08   0.000000e+00   2.629163e+07   9471s
 2184476    5.0520173e+08   0.000000e+00   7.603825e+07   9477s
 2186873    5.0522273e+08   0.000000e+00   2.861404e+09   9482s
 2188637    5.0525370e+08   0.000000e+00   2.229197e+09   9485s
 2190977    5.0528397e+08   0.000000e+00   6.264177e+09   9491s
 2192537    5.0530033e+08   0.000000e+00   5.001122e+07   9497s
 2194097    5.0531578e+08   0.000000e+00   2.699846e+07   9503s
 2195657    5.0532535e+08   0.000000e+00   3.989905e+07   9508s
 2196437    5.0533515e+08   0.000000e+00   1.930408e+07   9510s
 2198777    5.0537936e+08   0.000000e+00   2.232946e+07   9516s
 2200337    5.0538909e+08   0.000000e+00   1.792958e+07   9520s
 2202677    5.0540219e+08   0.000000e+00   1.278302e+07   9527s
 2204237    5.0541097e+08   0.000000e+00   2.034806e+07   9531s
 2206582    5.0543808e+08   0.000000e+00   1.642772e+07   9537s
 2208142    5.0544722e+08   0.000000e+00   1.712483e+07   9541s
 2211155    5.0548333e+08   0.000000e+00   8.750141e+07   9545s
 2215123    5.0551908e+08   0.000000e+00   8.758581e+07   9550s
 2219143    5.0555040e+08   0.000000e+00   7.129502e+07   9555s
 2223163    5.0557422e+08   0.000000e+00   7.106820e+07   9560s
 2228186    5.0560603e+08   0.000000e+00   8.678264e+07   9566s
 2230976    5.0561991e+08   0.000000e+00   7.464503e+06   9571s
 2232536    5.0562617e+08   0.000000e+00   5.117068e+06   9575s
 2235091    5.0563500e+08   0.000000e+00   7.526260e+06   9581s
 2237578    5.0564153e+08   0.000000e+00   3.986345e+06   9586s
 2240143    5.0565494e+08   0.000000e+00   1.040880e+08   9592s
 2241703    5.0565771e+08   0.000000e+00   3.589266e+07   9597s
 2243263    5.0566231e+08   0.000000e+00   2.091759e+07   9600s
 2245603    5.0566881e+08   0.000000e+00   1.657098e+06   9606s
 2248264    5.0567571e+08   0.000000e+00   1.222373e+06   9611s
 2249867    5.0568104e+08   0.000000e+00   1.070016e+06   9615s
 2252435    5.0569041e+08   0.000000e+00   2.323128e+06   9621s
 2254831    5.0569492e+08   0.000000e+00   5.129013e+05   9626s
 2258624    5.0571103e+08   0.000000e+00   9.055435e+05   9630s
 2263648    5.0573161e+08   0.000000e+00   4.861942e+05   9635s
 2267678    5.0574967e+08   0.000000e+00   4.385880e+05   9640s
 2271712    5.0576141e+08   0.000000e+00   4.952208e+05   9645s
 2275738    5.0577128e+08   0.000000e+00   3.825229e+05   9650s
 2279538    5.0577845e+08   0.000000e+00   3.769380e+05   9657s
 2282331    5.0578403e+08   0.000000e+00   3.827322e+05   9661s
 2285125    5.0578797e+08   0.000000e+00   1.646627e+05   9666s
 2287888    5.0579048e+08   0.000000e+00   1.273126e+05   9671s
 2290464    5.0579300e+08   0.000000e+00   1.344818e+06   9676s
 2293475    5.0579610e+08   0.000000e+00   1.429904e+05   9680s
 2298510    5.0580072e+08   0.000000e+00   1.018496e+05   9685s
 2302391    5.0580222e+08   0.000000e+00   6.608368e+02   9691s
 2306511    5.0580268e+08   0.000000e+00   0.000000e+00   9696s
 2306511    5.0580268e+08   0.000000e+00   0.000000e+00   9698s

Root relaxation: objective 5.058027e+08, 2306511 iterations, 8806.90 seconds (13848.33 work units)

    Nodes    |    Current Node    |     Objective Bounds      |     Work
 Expl Unexpl |  Obj  Depth IntInf | Incumbent    BestBd   Gap | It/Node Time

     0     0 5.0580e+08    0 2647          - 5.0580e+08      -     - 9724s
     0     0 5.0575e+08    0 2644          - 5.0575e+08      -     - 9726s
Another try with MIP start
     0     0 5.0464e+08    0 2900          - 5.0464e+08      -     - 9918s
     0     0 5.0460e+08    0 2898          - 5.0460e+08      -     - 9919s
     0     0 5.0434e+08    0 2967          - 5.0434e+08      -     - 9971s
     0     0 5.0426e+08    0 2922          - 5.0426e+08      -     - 9991s
     0     0 5.0424e+08    0 2883          - 5.0424e+08      -     - 10007s
     0     0 5.0423e+08    0 2879          - 5.0423e+08      -     - 10013s
     0     0 5.0423e+08    0 2878          - 5.0423e+08      -     - 10019s
     0     0 5.0406e+08    0 2671          - 5.0406e+08      -     - 10122s
     0     0 5.0402e+08    0 2694          - 5.0402e+08      -     - 10152s
     0     0 5.0402e+08    0 2694          - 5.0402e+08      -     - 10153s
     0     0 5.0400e+08    0 2643          - 5.0400e+08      -     - 10166s
     0     0 5.0400e+08    0 2643          - 5.0400e+08      -     - 10168s
     0     0 5.0399e+08    0 2680          - 5.0399e+08      -     - 10176s
     0     0 5.0399e+08    0 2685          - 5.0399e+08      -     - 10181s
     0     0 5.0399e+08    0 2689          - 5.0399e+08      -     - 10186s
     0     0 5.0395e+08    0 2707          - 5.0395e+08      -     - 10420s
     0     0 5.0395e+08    0 2707          - 5.0395e+08      -     - 10422s
     0     0 5.0393e+08    0 2690          - 5.0393e+08      -     - 10449s
     0     0 5.0392e+08    0 2759          - 5.0392e+08      -     - 10459s
     0     0 5.0392e+08    0 2783          - 5.0392e+08      -     - 10468s
     0     0 5.0392e+08    0 2833          - 5.0392e+08      -     - 10474s
     0     0 5.0392e+08    0 2854          - 5.0392e+08      -     - 10480s
     0     0 5.0391e+08    0 2810          - 5.0391e+08      -     - 10704s
     0     0 5.0390e+08    0 2826          - 5.0390e+08      -     - 10732s
     0     0 5.0389e+08    0 2895          - 5.0389e+08      -     - 10740s
     0     0 5.0389e+08    0 2953          - 5.0389e+08      -     - 10750s
     0     0 5.0389e+08    0 3000          - 5.0389e+08      -     - 10758s
     0     0 5.0389e+08    0 2938          - 5.0389e+08      -     - 10988s
     0     0 5.0388e+08    0 3023          - 5.0388e+08      -     - 11015s
     0     0 5.0388e+08    0 3084          - 5.0388e+08      -     - 11023s
     0     0 5.0388e+08    0 3159          - 5.0388e+08      -     - 11029s
     0     0 5.0386e+08    0 2959          - 5.0386e+08      -     - 11308s
     0     0 5.0386e+08    0 3003          - 5.0386e+08      -     - 11333s
     0     0 5.0385e+08    0 3121          - 5.0385e+08      -     - 11343s
     0     0 5.0385e+08    0 3174          - 5.0385e+08      -     - 11350s
     0     0 5.0385e+08    0 3021          - 5.0385e+08      -     - 11645s
     0     0 5.0385e+08    0 3097          - 5.0385e+08      -     - 11668s
     0     0 5.0385e+08    0 3190          - 5.0385e+08      -     - 11677s
     0     0 5.0385e+08    0 3127          - 5.0385e+08      -     - 11891s
     0     0 5.0385e+08    0 3208          - 5.0385e+08      -     - 11917s
     0     0 5.0385e+08    0 3293          - 5.0385e+08      -     - 11925s
     0     0 5.0385e+08    0 3286          - 5.0385e+08      -     - 12156s
     0     0 5.0385e+08    0 3348          - 5.0385e+08      -     - 12181s
     0     0 5.0385e+08    0 3397          - 5.0385e+08      -     - 12189s
     0     0 5.0385e+08    0 3366          - 5.0385e+08      -     - 12426s
     0     0 5.0385e+08    0 3366          - 5.0385e+08      -     - 12536s
     0     0 5.0385e+08    0 3366          - 5.0385e+08      -     - 12537s
     0     0 5.0385e+08    0 2927          - 5.0385e+08      -     - 12629s
Feasibility pump: pass 1, min int violation 2.650, total elapsed time 12920s
Feasibility pump: pass 2, min int violation 2.190, total elapsed time 12929s
Feasibility pump: pass 3, min int violation 1.490, total elapsed time 12936s
Feasibility pump: pass 4, min int violation 1.490, total elapsed time 12941s
Feasibility pump: no solution found in 5 passes
     0     2 5.0385e+08    0 2865          - 5.0385e+08      -     - 13010s
     1     4 5.0384e+08    1 2856          - 5.0385e+08      -   282 13040s
     3     8 5.0384e+08    2 3077          - 5.0384e+08      -  1569 13083s
     7    14 5.0382e+08    3 3158          - 5.0384e+08      -  2696 13124s
    15    20 5.0382e+08    4 3122          - 5.0382e+08      -  4707 13171s
    25    26 5.0380e+08    5 3366          - 5.0382e+08      -  3892 13219s
    31    38 5.0380e+08    6 3367          - 5.0382e+08      -  5369 13266s
    43    44 5.0378e+08    7 3582          - 5.0382e+08      -  4298 13340s
    49    61 5.0380e+08    8 3570          - 5.0382e+08      -  5167 13411s
    66    84 5.0379e+08    9 3561          - 5.0382e+08      -  5202 13502s
    91   112 5.0379e+08   10 3511          - 5.0382e+08      -  5246 13594s
    92   112 5.0379e+08   10 3516          - 5.0382e+08      -  5330 13595s
   119   161 5.0378e+08   11 3523          - 5.0382e+08      -  5024 13744s
   168   203 5.0371e+08   12 3502          - 5.0382e+08      -  4166 13876s
   210   231 5.0377e+08    9 3550          - 5.0382e+08      -  4272 14022s
   238   259 5.0374e+08   14 3418          - 5.0382e+08      -  4076 14174s
   245   259 5.0377e+08   15 3405          - 5.0382e+08      -  3988 14175s
   266   287 5.0377e+08   13 3439          - 5.0382e+08      -  3888 14359s
   294   315 5.0377e+08   13 3516          - 5.0382e+08      -  3764 14559s
   322   343 5.0374e+08   16 3417          - 5.0382e+08      -  3760 14801s
   350   371 5.0376e+08   10 3589          - 5.0382e+08      -  3734 15059s
   378   399 5.0377e+08   20 3432          - 5.0382e+08      -  3775 15323s
   406   420 5.0372e+08   18 3411          - 5.0382e+08      -  3807 15598s
   427   441 5.0370e+08   12 3524          - 5.0382e+08      -  3904 15900s
   448   462 5.0377e+08   20 3414          - 5.0382e+08      -  3963 16222s
   469   483 5.0377e+08   22 3379          - 5.0382e+08      -  4033 16553s
   490   497 5.0377e+08   20 3441          - 5.0382e+08      -  3990 16897s
   504   511 5.0377e+08   23 3355          - 5.0382e+08      -  3994 17255s
   518   525 5.0377e+08   17 3456          - 5.0382e+08      -  3972 17642s
   532   539 5.0372e+08   16 3453          - 5.0382e+08      -  4009 18030s
   546   553 5.0377e+08   20 3436          - 5.0382e+08      -  4019 18446s
   560   565 5.0377e+08   26 3316          - 5.0382e+08      -  3962 19848s
   572   579 5.0377e+08   18 3471          - 5.0382e+08      -  3963 20293s
   586   593 5.0377e+08   26 3354          - 5.0382e+08      -  3924 20749s
   600   607 5.0377e+08   19 3404          - 5.0382e+08      -  3934 21251s
   614   621 5.0377e+08   27 3322          - 5.0382e+08      -  3898 21786s
Created node file directory 'C:/Users/omkarp/Downloads/Large-scale-LBBD-Optimization/runs/gurobi_nodefiles/grbnodes0'
   628   635 5.0374e+08   15 3450          - 5.0382e+08      -  3927 22317s
   642   649 5.0376e+08   28 3299          - 5.0382e+08      -  3910 22856s
   656   663 5.0376e+08   28 3300          - 5.0382e+08      -  3866 23414s
   670   677 5.0376e+08   23 3353          - 5.0382e+08      -  3836 23997s
   684   691 5.0376e+08   28 3332          - 5.0382e+08      -  3797 24581s
   698   705 5.0377e+08   26 3356          - 5.0382e+08      -  3775 25188s
   712   719 5.0377e+08   29 3329          - 5.0382e+08      -  3749 25817s
   726   733 5.0377e+08   26 3306          - 5.0382e+08      -  3731 26469s
   740   747 5.0377e+08   28 3316          - 5.0382e+08      -  3709 27138s
   754   761 5.0377e+08   29 3316          - 5.0382e+08      -  3676 27822s
   768   775 5.0377e+08   22 3414          - 5.0382e+08      -  3721 28530s
   782   789 5.0377e+08   31 3272          - 5.0382e+08      -  3697 29256s
   796   803 5.0376e+08   27 3309          - 5.0382e+08      -  3659 29992s
   810   817 5.0377e+08   30 3302          - 5.0382e+08      -  3623 30756s
   824   831 5.0377e+08   33 3303          - 5.0382e+08      -  3589 31534s
   838   845 5.0377e+08   33 3307          - 5.0382e+08      -  3549 32331s
   852   847 5.0377e+08   34 3303          - 5.0382e+08      -  3514 36208s
   854   861 5.0376e+08   29 3301          - 5.0382e+08      -  3528 37034s
   868   875 5.0376e+08   19 3368          - 5.0382e+08      -  3510 37874s
   882   889 5.0377e+08   23 3352          - 5.0382e+08      -  3528 38739s
   896   903 5.0377e+08   29 3296          - 5.0382e+08      -  3498 39624s
   910   917 5.0377e+08   21 3363          - 5.0382e+08      -  3481 40522s
   924   931 5.0376e+08   23 3364          - 5.0382e+08      -  3473 41464s
   938   945 5.0377e+08   33 3296          - 5.0382e+08      -  3451 42419s
   952   959 5.0377e+08   30 3323          - 5.0382e+08      -  3432 43379s
   966   973 5.0377e+08   33 3284          - 5.0382e+08      -  3413 44362s
   980   987 5.0377e+08   33 3301          - 5.0382e+08      -  3396 45369s
   994  1001 5.0377e+08   32 3279          - 5.0382e+08      -  3370 46396s
  1008  1015 5.0377e+08   31 3293          - 5.0382e+08      -  3383 47430s
  1022  1029 5.0377e+08   31 3315          - 5.0382e+08      -  3359 48494s
  1036  1043 5.0377e+08   33 3286          - 5.0382e+08      -  3336 49587s
  1050  1057 5.0377e+08   34 3303          - 5.0382e+08      -  3311 50680s
  1064  1071 5.0377e+08   32 3301          - 5.0382e+08      -  3296 51817s
  1078  1085 5.0377e+08   34 3290          - 5.0382e+08      -  3267 52960s
  1092  1099 5.0377e+08   35 3299          - 5.0382e+08      -  3239 54143s
  1106  1113 5.0377e+08   35 3318          - 5.0382e+08      -  3209 55337s
  1120  1127 5.0377e+08   33 3314          - 5.0382e+08      -  3184 56550s
  1134  1141 5.0377e+08   32 3297          - 5.0382e+08      -  3161 57770s
  1148  1155 5.0377e+08   35 3309          - 5.0382e+08      -  3132 59002s
  1162  1169 5.0377e+08   35 3304          - 5.0382e+08      -  3103 60286s
  1176  1183 5.0377e+08   35 3317          - 5.0382e+08      -  3078 61586s
  1190  1197 5.0377e+08   34 3317          - 5.0382e+08      -  3051 62905s
  1204  1211 5.0377e+08   32 3290          - 5.0382e+08      -  3029 64250s
  1218  1225 5.0377e+08   35 3322          - 5.0382e+08      -  3007 65601s
  1232  1239 5.0377e+08   33 3310          - 5.0382e+08      -  2981 66970s
  1246  1253 5.0377e+08   35 3296          - 5.0382e+08      -  2955 68367s
  1260  1267 5.0377e+08   34 3303          - 5.0382e+08      -  2932 69782s
  1274  1281 5.0377e+08   34 3312          - 5.0382e+08      -  2910 71208s
  1288  1295 5.0377e+08   33 3323          - 5.0382e+08      -  2892 72677s
  1302  1309 5.0377e+08   33 3305          - 5.0382e+08      -  2876 74222s
  1316  1323 5.0377e+08   35 3300          - 5.0382e+08      -  2856 75779s
  1330  1337 5.0377e+08   32 3316          - 5.0382e+08      -  2840 77351s
  1344  1351 5.0377e+08   37 3287          - 5.0382e+08      -  2816 78946s
  1358  1365 5.0377e+08   36 3287          - 5.0382e+08      -  2792 80584s
  1372  1379 5.0377e+08   35 3312          - 5.0382e+08      -  2766 82246s
  1386  1393 5.0377e+08   34 3327          - 5.0382e+08      -  2756 83910s
  1400  1407 5.0377e+08   34 3294          - 5.0382e+08      -  2731 85574s
  1407  1407 5.0377e+08   35 3309          - 5.0382e+08      -  2721 85575s
  1414  1421 5.0377e+08   37 3282          - 5.0382e+08      -  2711 87288s
  1428  1435 5.0377e+08   36 3299          - 5.0382e+08      -  2691 89066s
  1442  1449 5.0377e+08   30 3304          - 5.0382e+08      -  2687 90848s
  1456  1463 5.0377e+08   33 3296          - 5.0382e+08      -  2670 92663s
  1470  1477 5.0377e+08   34 3312          - 5.0382e+08      -  2662 94516s
  1484  1484 5.0377e+08   31 3316          - 5.0382e+08      -  2650 96445s
  1491  1491 5.0377e+08   33 3315          - 5.0382e+08      -  2644 98357s
  1498  1498 5.0377e+08   36 3293          - 5.0382e+08      -  2632 100290s
  1505  1505 5.0377e+08   36 3286          - 5.0382e+08      -  2621 102250s
  1512  1512 5.0377e+08   35 3309          - 5.0382e+08      -  2612 104499s
  1519  1519 5.0377e+08   35 3295          - 5.0382e+08      -  2602 106866s
  1526  1526 5.0377e+08   37 3279          - 5.0382e+08      -  2591 109246s
  1533  1533 5.0377e+08   33 3308          - 5.0382e+08      -  2588 111657s
  1540  1540 5.0377e+08   31 3319          - 5.0382e+08      -  2590 114135s
  1547  1547 5.0370e+08   12 3461          - 5.0382e+08      -  2611 116692s
  1554  1554 5.0373e+08   13 3442          - 5.0382e+08      -  2632 118295s
  1561  1561 5.0377e+08   31 3299          - 5.0382e+08      -  2637 119961s
  1568  1575 5.0376e+08   11 3644          - 5.0382e+08      -  3103 122594s
  1582  1589 5.0377e+08   31 3289          - 5.0382e+08      -  3088 124951s
  1596  1603 5.0377e+08   35 3290          - 5.0382e+08      -  3064 127572s
  1610  1624 5.0375e+08   11 3622          - 5.0382e+08      -  3192 130155s

Cutting planes:
  Learned: 3953
  Gomory: 387
  Cover: 276
  Implied bound: 17728
  Projected implied bound: 108
  Clique: 17
  MIR: 180647
  Mixing: 1586
  StrongCG: 103
  Flow cover: 184056
  Flow path: 464
  Zero half: 19
  Network: 6
  RLT: 126
  Relax-and-lift: 17413
  PSD: 9

Explored 1631 nodes (7786132 simplex iterations) in 172801.14 seconds (195516.59 work units)
Thread count was 10 (of 32 available processors)

Solution count 0

Time limit reached
Best objective -, best bound 5.038169688857e+08, gap -
