
Gurobi 13.0.1 (win64) logging started Tue Sep 29 22:28:28 2026

Set parameter LogFile to value "C:/Users/omkarp/Downloads/Large-scale-LBBD-Optimization/runs/2026-09-25_130129_full_with_redirection_LBBD_withPV_withBESS/logs/lbbd_master_lp_fallback_003.log"
Set parameter Method to value 1
Gurobi Optimizer version 13.0.1 build v13.0.1rc0 (win64 - Windows 11+.0 (26200.2))

CPU model: Intel(R) Xeon(R) w5-2465X, instruction set [SSE2|AVX|AVX2|AVX512]
Thread count: 16 physical cores, 32 logical processors, using up to 10 threads

Non-default parameters:
TimeLimit  21600
SoftMemLimit  180
Method  1
Heuristics  0.25
NodefileStart  0.5
PumpPasses  20
StartNodeLimit  5000
StartTimeLimit  7200
SubMIPNodes  3000
Cuts  1
AggFill  0
NumericFocus  1
Presolve  2
PreSparsify  1
Threads  10
ImproveStartGap  0.1

Optimize a model with 5177836 rows, 5098153 columns and 18442812 nonzeros (Max)
Model fingerprint: 0xac512f94
Model has 1 linear objective coefficients
Coefficient statistics:
  Matrix range     [4e-05, 2e+08]
  Objective range  [1e+00, 1e+00]
  Bounds range     [1e+00, 1e+03]
  RHS range        [2e-02, 8e+11]
Warning: Model contains large matrix coefficient range
Warning: Model contains large rhs

Presolve removed 2346939 rows and 2839394 columns (presolve time = 5s)...
Presolve removed 2346939 rows and 2839394 columns (presolve time = 10s)...
Presolve removed 2346939 rows and 2839394 columns (presolve time = 15s)...
Presolve removed 2346939 rows and 2839394 columns (presolve time = 20s)...
Presolve removed 2346939 rows and 2839394 columns (presolve time = 25s)...
Presolve removed 2346939 rows and 2839394 columns (presolve time = 30s)...
Presolve removed 2493921 rows and 2839394 columns (presolve time = 35s)...
Presolve removed 2494839 rows and 2839658 columns (presolve time = 40s)...
Presolve removed 2494839 rows and 2839658 columns (presolve time = 45s)...
Presolve removed 2494839 rows and 2839658 columns (presolve time = 50s)...
Presolve removed 2494839 rows and 2839658 columns (presolve time = 55s)...
Presolve removed 2494839 rows and 2839658 columns (presolve time = 60s)...
Presolve removed 2494839 rows and 2839658 columns
Presolve time: 173.58s
Presolved: 2682997 rows, 2258495 columns, 9495187 nonzeros

Iteration    Objective       Primal Inf.    Dual Inf.      Time
       0    7.4927587e+08   2.388604e+08   0.000000e+00    175s
    2002    7.4927587e+08   2.600902e+08   0.000000e+00    175s
   17017    7.4927587e+08   1.335753e+08   0.000000e+00    180s
   29482    7.4927587e+08   9.247911e+07   0.000000e+00    186s
   43496    7.4927587e+08   5.404602e+07   0.000000e+00    190s
   58511    7.4927586e+08   4.202944e+07   0.000000e+00    195s
   73526    7.4927586e+08   3.897681e+07   0.000000e+00    200s
   86539    7.4927586e+08   3.456537e+07   0.000000e+00    205s
   98551    7.4927586e+08   3.512341e+07   0.000000e+00    210s
  111564    7.4927586e+08   3.252008e+07   0.000000e+00    215s
  124577    7.4927586e+08   3.113401e+07   0.000000e+00    220s
  137590    7.4927586e+08   3.019143e+07   0.000000e+00    225s
  149602    7.4927586e+08   2.929830e+07   0.000000e+00    230s
  162615    7.4927586e+08   2.861582e+07   0.000000e+00    235s
  175628    7.4927586e+08   2.745031e+07   0.000000e+00    240s
  186639    7.4927586e+08   2.456363e+07   0.000000e+00    245s
  192645    7.4927586e+08   2.431613e+07   0.000000e+00    250s
  199652    7.4927586e+08   7.544430e+06   0.000000e+00    255s
  205801    7.4927586e+08   1.356127e+09   0.000000e+00    262s
  205951    7.4927586e+08   2.234714e+07   0.000000e+00    266s
  206221    7.4927586e+08   3.264514e+07   0.000000e+00    274s
  206321    7.4927586e+08   5.068446e+07   0.000000e+00    277s
  206421    7.4927586e+08   7.551971e+07   0.000000e+00    281s
  206521    7.4927586e+08   7.139581e+07   0.000000e+00    285s
  206731    7.4927586e+08   3.252830e+07   0.000000e+00    293s
  207251    7.4927586e+08   2.282784e+09   0.000000e+00    297s
  207371    7.4927586e+08   2.008603e+09   0.000000e+00    300s
  207591    7.4927585e+08   4.208934e+07   0.000000e+00    308s
  207701    7.4927585e+08   3.299263e+07   0.000000e+00    312s
  207821    7.4927585e+08   1.831490e+09   0.000000e+00    316s
  208031    7.4927585e+08   8.666871e+07   0.000000e+00    323s
  208141    7.4927585e+08   2.181920e+07   0.000000e+00    327s
  208261    7.4927585e+08   6.571373e+07   0.000000e+00    331s
  208481    7.4927585e+08   3.729123e+07   0.000000e+00    338s
  208581    7.4927585e+08   1.803009e+08   0.000000e+00    342s
  208681    7.4927585e+08   2.624737e+07   0.000000e+00    345s
  209031    7.4927585e+08   3.256623e+07   0.000000e+00    353s
  209161    7.4927585e+08   1.173486e+08   0.000000e+00    357s
  209291    7.4927585e+08   2.099967e+09   0.000000e+00    361s
  209531    7.4927585e+08   3.823973e+07   0.000000e+00    368s
  209641    7.4927585e+08   2.830888e+07   0.000000e+00    372s
  209751    7.4927585e+08   2.047471e+07   0.000000e+00    375s
  210011    7.4927584e+08   3.590641e+07   0.000000e+00    382s
  210121    7.4927584e+08   1.874151e+08   0.000000e+00    386s
  210341    7.4927584e+08   2.199831e+09   0.000000e+00    393s
  210451    7.4927584e+08   1.672050e+09   0.000000e+00    397s
  210561    7.4927584e+08   7.097026e+07   0.000000e+00    400s
  210791    7.4927584e+08   3.591964e+07   0.000000e+00    407s
  210901    7.4927584e+08   9.054557e+07   0.000000e+00    411s
  211141    7.4927584e+08   2.457853e+09   0.000000e+00    418s
  211261    7.4927584e+08   6.727538e+07   0.000000e+00    421s
  211511    7.4927584e+08   4.201279e+07   0.000000e+00    428s
  211981    7.4927584e+08   3.349161e+07   0.000000e+00    432s
  212101    7.4927584e+08   6.104314e+07   0.000000e+00    435s
  212341    7.4927584e+08   4.166472e+07   0.000000e+00    442s
  212461    7.4927583e+08   3.831575e+07   0.000000e+00    446s
  212691    7.4927583e+08   1.193245e+08   0.000000e+00    453s
  212801    7.4927583e+08   1.824394e+09   0.000000e+00    456s
  213041    7.4927583e+08   4.153147e+07   0.000000e+00    463s
  213171    7.4927583e+08   2.878467e+07   0.000000e+00    466s
  213421    7.4927583e+08   3.097781e+07   0.000000e+00    473s
  213541    7.4927583e+08   4.176145e+07   0.000000e+00    477s
  213781    7.4927583e+08   3.197610e+07   0.000000e+00    483s
  213931    7.4927583e+08   5.129737e+07   0.000000e+00    487s
  214191    7.4927583e+08   3.273549e+09   0.000000e+00    493s
  214311    7.4927583e+08   3.187734e+09   0.000000e+00    496s
  214571    7.4927583e+08   3.535167e+07   0.000000e+00    503s
  214691    7.4927583e+08   5.171542e+07   0.000000e+00    506s
  214951    7.4927583e+08   4.140234e+07   0.000000e+00    513s
  215081    7.4927583e+08   5.403431e+07   0.000000e+00    516s
  215401    7.4927582e+08   2.420865e+07   0.000000e+00    522s
  215531    7.4927582e+08   4.946509e+07   0.000000e+00    525s
  215801    7.4927582e+08   5.063334e+07   0.000000e+00    532s
  216061    7.4927582e+08   4.263815e+07   0.000000e+00    538s
  216191    7.4927582e+08   3.881450e+07   0.000000e+00    541s
  216461    7.4927582e+08   5.008105e+07   0.000000e+00    547s
  216601    7.4927582e+08   3.352566e+07   0.000000e+00    550s
  216881    7.4927582e+08   1.577313e+08   0.000000e+00    557s
  217011    7.4927582e+08   1.213095e+08   0.000000e+00    560s
  217291    7.4927582e+08   6.246861e+07   0.000000e+00    566s
  217561    7.4927582e+08   5.681662e+07   0.000000e+00    572s
  217741    7.4927582e+08   1.520560e+08   0.000000e+00    575s
  218121    7.4927581e+08   4.401502e+07   0.000000e+00    581s
  218391    7.4927581e+08   4.060304e+07   0.000000e+00    587s
  218681    7.4927581e+08   6.235875e+07   0.000000e+00    593s
  218821    7.4927581e+08   4.169014e+07   0.000000e+00    596s
  219111    7.4927581e+08   1.200517e+09   0.000000e+00    602s
  219381    7.4927581e+08   2.678202e+07   0.000000e+00    607s
  219521    7.4927581e+08   4.986171e+07   0.000000e+00    610s
  219951    7.4927579e+08   5.004309e+07   0.000000e+00    616s
  220241    7.4927578e+08   4.217444e+07   0.000000e+00    622s
  220521    7.4927577e+08   4.420754e+07   0.000000e+00    627s
  220811    7.4927577e+08   5.178587e+07   0.000000e+00    633s
  220951    7.4927576e+08   4.625509e+07   0.000000e+00    635s
  221241    7.4927576e+08   6.523101e+07   0.000000e+00    641s
  221541    7.4927575e+08   5.595379e+07   0.000000e+00    646s
  221831    7.4927575e+08   3.014833e+07   0.000000e+00    652s
  222972    7.4927574e+08   1.105937e+08   0.000000e+00    656s
  223262    7.4927573e+08   1.275978e+08   0.000000e+00    662s
  223552    7.4927573e+08   4.424412e+07   0.000000e+00    667s
  223702    7.4927573e+08   6.718351e+07   0.000000e+00    670s
  223992    7.4927572e+08   5.713094e+07   0.000000e+00    676s
  224282    7.4927572e+08   4.521782e+07   0.000000e+00    681s
  224612    7.4927572e+08   1.464447e+09   0.000000e+00    687s
  224902    7.4927571e+08   6.135633e+07   0.000000e+00    692s
  225192    7.4927571e+08   4.785849e+07   0.000000e+00    698s
  225332    7.4927570e+08   2.023686e+09   0.000000e+00    700s
  225622    7.4927570e+08   1.435286e+09   0.000000e+00    706s
  225912    7.4927570e+08   5.916223e+07   0.000000e+00    711s
  226202    7.4927569e+08   5.624031e+07   0.000000e+00    717s
  226502    7.4927569e+08   6.015077e+07   0.000000e+00    722s
  226802    7.4927568e+08   5.931375e+07   0.000000e+00    728s
  226952    7.4927568e+08   5.939690e+07   0.000000e+00    730s
  227262    7.4927568e+08   6.213439e+07   0.000000e+00    736s
  227552    7.4927568e+08   5.872226e+07   0.000000e+00    741s
  227852    7.4927567e+08   4.906073e+07   0.000000e+00    747s
  228152    7.4927567e+08   4.710534e+07   0.000000e+00    753s
  228302    7.4927567e+08   5.712460e+07   0.000000e+00    755s
  228622    7.4927566e+08   5.710822e+07   0.000000e+00    761s
  228942    7.4927566e+08   1.286135e+08   0.000000e+00    766s
  229452    7.4927566e+08   5.248907e+08   0.000000e+00    772s
  229762    7.4927565e+08   5.531928e+07   0.000000e+00    777s
  229922    7.4927565e+08   6.604509e+07   0.000000e+00    780s
  230222    7.4927565e+08   5.065521e+07   0.000000e+00    786s
  230522    7.4927565e+08   5.977278e+07   0.000000e+00    791s
  230812    7.4927564e+08   4.520750e+07   0.000000e+00    797s
  231122    7.4927564e+08   4.073102e+07   0.000000e+00    803s
  231272    7.4927564e+08   5.997229e+07   0.000000e+00    805s
  231572    7.4927564e+08   5.143655e+07   0.000000e+00    811s
  231862    7.4927563e+08   1.411838e+08   0.000000e+00    816s
  232162    7.4927563e+08   1.082973e+08   0.000000e+00    822s
  232472    7.4927563e+08   5.807509e+07   0.000000e+00    828s
  232622    7.4927562e+08   5.838579e+08   0.000000e+00    830s
  233763    7.4927562e+08   6.469096e+08   0.000000e+00    836s
  234053    7.4927561e+08   5.003216e+07   0.000000e+00    841s
  234353    7.4927561e+08   9.038026e+07   0.000000e+00    847s
  234633    7.4927561e+08   5.624629e+07   0.000000e+00    853s
  234773    7.4927561e+08   1.925858e+09   0.000000e+00    856s
  235063    7.4927561e+08   5.907094e+08   0.000000e+00    861s
  235353    7.4927560e+08   4.667658e+07   0.000000e+00    867s
  235653    7.4927560e+08   9.226816e+07   0.000000e+00    873s
  235803    7.4927560e+08   7.712459e+07   0.000000e+00    876s
  236103    7.4927560e+08   5.344113e+07   0.000000e+00    881s
  236393    7.4927559e+08   3.894644e+07   0.000000e+00    887s
  236693    7.4927559e+08   5.005744e+07   0.000000e+00    893s
  236843    7.4927559e+08   6.966269e+07   0.000000e+00    896s
  237143    7.4927559e+08   5.697929e+07   0.000000e+00    902s
  237453    7.4927558e+08   7.597098e+07   0.000000e+00    907s
  237603    7.4927558e+08   1.293232e+08   0.000000e+00    910s
  237903    7.4927558e+08   9.097297e+07   0.000000e+00    916s
  238203    7.4927558e+08   6.161194e+07   0.000000e+00    922s
  238503    7.4927557e+08   1.072948e+08   0.000000e+00    927s
  238653    7.4927557e+08   6.174047e+07   0.000000e+00    930s
  238953    7.4927557e+08   8.083566e+07   0.000000e+00    936s
  239263    7.4927557e+08   1.422762e+09   0.000000e+00    942s
  239573    7.4927556e+08   5.818870e+07   0.000000e+00    947s
  239733    7.4927556e+08   6.993951e+07   0.000000e+00    950s
  240043    7.4927556e+08   7.937718e+07   0.000000e+00    956s
  241194    7.4927555e+08   3.874195e+07   0.000000e+00    961s
  241474    7.4927555e+08   6.807627e+07   0.000000e+00    967s
  241614    7.4927555e+08   6.289654e+07   0.000000e+00    970s
  241894    7.4927555e+08   7.525069e+07   0.000000e+00    976s
  242184    7.4927555e+08   6.805229e+07   0.000000e+00    982s
  242334    7.4927554e+08   5.780498e+07   0.000000e+00    985s
  242674    7.4927554e+08   6.149700e+07   0.000000e+00    991s
  242964    7.4927554e+08   4.710522e+07   0.000000e+00    997s
  243244    7.4927554e+08   5.700905e+07   0.000000e+00   1003s
  243384    7.4927554e+08   6.034783e+07   0.000000e+00   1006s
  243684    7.4927553e+08   5.603100e+07   0.000000e+00   1012s
  243984    7.4927553e+08   1.482103e+09   0.000000e+00   1018s
  244134    7.4927553e+08   6.011189e+07   0.000000e+00   1021s
  244434    7.4927553e+08   5.110277e+07   0.000000e+00   1027s
  244654    7.4927553e+08   1.384795e+09   0.000000e+00   1030s
  244944    7.4927552e+08   5.489140e+07   0.000000e+00   1036s
  245234    7.4927552e+08   8.015471e+07   0.000000e+00   1042s
  245384    7.4927552e+08   3.968416e+07   0.000000e+00   1045s
  245684    7.4927552e+08   5.478047e+07   0.000000e+00   1051s
  245984    7.4927552e+08   6.431114e+07   0.000000e+00   1057s
  246124    7.4927551e+08   2.244806e+08   0.000000e+00   1060s
  246424    7.4927551e+08   5.805528e+07   0.000000e+00   1066s
  246724    7.4927551e+08   4.517246e+07   0.000000e+00   1072s
  246884    7.4927551e+08   1.012330e+08   0.000000e+00   1075s
  247184    7.4927551e+08   2.359299e+08   0.000000e+00   1082s
  247484    7.4927550e+08   5.567306e+07   0.000000e+00   1088s
  247634    7.4927550e+08   5.224376e+07   0.000000e+00   1091s
  248164    7.4927550e+08   5.442242e+07   0.000000e+00   1097s
  248314    7.4927550e+08   7.949105e+07   0.000000e+00   1100s
  248594    7.4927550e+08   6.954555e+07   0.000000e+00   1106s
  248884    7.4927550e+08   7.027204e+07   0.000000e+00   1112s
  249024    7.4927549e+08   5.799907e+07   0.000000e+00   1116s
  249324    7.4927549e+08   1.068531e+08   0.000000e+00   1122s
  249604    7.4927549e+08   7.298000e+07   0.000000e+00   1128s
  249754    7.4927549e+08   4.993783e+07   0.000000e+00   1131s
  250054    7.4927549e+08   5.673086e+07   0.000000e+00   1137s
  250204    7.4927548e+08   6.608948e+07   0.000000e+00   1140s
  250514    7.4927548e+08   1.190913e+08   0.000000e+00   1146s
  250874    7.4927548e+08   5.626664e+07   0.000000e+00   1153s
  251014    7.4927548e+08   7.815576e+07   0.000000e+00   1156s
  251304    7.4927548e+08   6.124320e+07   0.000000e+00   1162s
  251604    7.4927548e+08   7.611052e+07   0.000000e+00   1168s
  251754    7.4927547e+08   5.006969e+07   0.000000e+00   1171s
  252044    7.4927547e+08   6.017177e+07   0.000000e+00   1177s
  252194    7.4927547e+08   1.157966e+08   0.000000e+00   1181s
  252554    7.4927547e+08   6.344509e+07   0.000000e+00   1187s
  252704    7.4927547e+08   5.687577e+07   0.000000e+00   1190s
  252984    7.4927547e+08   7.159001e+07   0.000000e+00   1196s
  253274    7.4927546e+08   7.475805e+07   0.000000e+00   1202s
  253424    7.4927546e+08   5.247559e+07   0.000000e+00   1206s
  253714    7.4927546e+08   6.102583e+07   0.000000e+00   1212s
  253924    7.4927546e+08   7.701905e+07   0.000000e+00   1215s
  254204    7.4927545e+08   1.615401e+08   0.000000e+00   1222s
  254514    7.4927545e+08   6.929444e+07   0.000000e+00   1228s
  254664    7.4927545e+08   1.173711e+08   0.000000e+00   1231s
  254954    7.4927587e+08   7.534783e+07   1.425335e+12   1238s
  255876    7.4927587e+08   3.215566e+07   8.462323e+11   1242s
  256940    7.4927587e+08   2.936487e+07   7.450589e+11   1246s
  259483    4.8506216e+08   5.909820e+06   4.269648e+11   1252s
  261466    4.6913780e+08   4.502550e+06   3.394462e+11   1257s
  263468    4.5920875e+08   3.825017e+06   3.156893e+11   1260s
  266471    4.3986803e+08   2.677001e+06   2.745642e+11   1266s
  269474    4.3431559e+08   2.106304e+06   5.197948e+11   1271s
  272478    4.3308065e+08   1.726832e+06   8.305985e+11   1275s
  275481    4.3035382e+08   1.547641e+06   1.970483e+11   1280s
  280486    4.2993370e+08   1.378977e+06   3.764326e+11   1286s
  284490    4.2982815e+08   1.224736e+06   6.668735e+11   1290s
  291497    4.2877570e+08   1.045240e+06   2.566634e+11   1295s
  298504    4.2494114e+08   9.369771e+05   6.498541e+11   1300s
  308515    4.2201279e+08   7.812119e+05   8.879515e+11   1305s
  310400    4.2211517e+08   7.316199e+05   5.077355e+11   1312s
  310980    4.2217595e+08   7.225442e+05   4.835071e+11   1316s
  311860    4.2212070e+08   7.056644e+05   2.633890e+11   1320s
  312920    4.2208180e+08   6.929805e+05   2.136427e+11   1327s
  313610    4.2266559e+08   6.743622e+05   3.609647e+11   1331s
  314180    4.2290428e+08   6.651191e+05   2.518128e+11   1335s
  315280    4.2296937e+08   6.582676e+05   4.426035e+11   1342s
  316040    4.2311819e+08   6.508722e+05   3.850613e+11   1346s
  316810    4.2314200e+08   6.439268e+05   3.590502e+11   1350s
  317930    4.2315106e+08   6.290597e+05   3.982482e+11   1357s
  318610    4.2319470e+08   6.201857e+05   4.091536e+11   1361s
  319370    4.2325710e+08   6.118650e+05   1.931973e+11   1365s
  320760    4.2330368e+08   6.049505e+05   2.685901e+11   1372s
  321811    4.2343236e+08   5.935660e+05   2.705304e+11   1376s
  323164    4.2385242e+08   5.761009e+05   2.923264e+11   1380s
  325128    4.2499402e+08   5.496910e+05   2.602047e+11   1386s
  326368    4.2515890e+08   5.382973e+05   1.636870e+11   1391s
  327038    4.2523753e+08   5.328587e+05   9.511433e+10   1395s
  328008    4.2504335e+08   5.199415e+05   1.022792e+11   1402s
  329098    2.9149844e+08   5.145047e+05   1.142599e+11   1406s
  331608    2.8566080e+08   5.067870e+05   1.177598e+11   1411s
  332478    2.8535253e+08   5.026082e+05   1.549536e+11   1415s
  334282    1.0009204e+08   4.963667e+05   1.831728e+11   1421s
  339033    8.6546569e+07   4.858905e+05   1.846836e+11   1425s
  342134   -3.2807197e+07   4.760888e+05   9.823753e+10   1430s
  345254   -3.4905734e+08   4.677745e+05   9.124244e+10   1436s
  349886   -3.6069609e+08   4.577647e+05   9.106021e+10   1440s
  353374   -3.7399583e+08   4.506287e+05   9.016717e+10   1446s
  358513   -3.8912735e+08   4.356556e+05   8.029678e+10   1452s
  359623   -3.8938747e+08   4.323486e+05   8.322124e+10   1456s
  360413   -3.9052294e+08   4.291959e+05   8.657044e+10   1461s
  362575   -4.0271777e+08   4.114279e+05   8.196849e+10   1466s
  365809   -4.0294568e+08   3.905571e+05   8.118144e+10   1471s
  367352   -4.0537089e+08   3.825463e+05   9.033941e+10   1475s
  369072   -4.0557005e+08   3.711377e+05   9.036234e+10   1482s
  370102   -4.0571807e+08   3.660682e+05   8.804801e+10   1486s
  372889   -4.0556385e+08   3.350231e+05   9.556329e+10   1491s
  374979   -4.0539530e+08   3.252523e+05   9.386622e+10   1497s
  376550   -4.0515941e+08   3.160199e+05   9.851032e+10   1501s
  380388   -4.0343896e+08   2.821629e+05   9.715821e+10   1506s
  383390   -4.0079697e+08   2.524973e+05   9.189328e+10   1510s
  387817   -3.9855697e+08   2.192984e+05   8.793063e+10   1517s
  390327   -3.9826675e+08   2.026310e+05   8.800329e+10   1521s
  391727   -3.9812994e+08   1.947452e+05   8.470774e+10   1526s
  392137   -3.9814042e+08   1.923070e+05   8.985697e+10   1531s
  393327   -3.9798230e+08   1.843872e+05   8.680421e+10   1537s
  394137   -3.9806395e+08   1.823349e+05   1.121360e+11   1542s
  395237   -3.9792821e+08   1.808760e+05   6.233312e+10   1546s
  398100   -4.0576918e+08   1.681763e+05   5.456236e+10   1550s
  402881   -4.2384381e+08   1.507159e+05   4.753589e+10   1557s
  403851   -4.2371480e+08   1.469817e+05   4.464471e+10   1561s
  404451   -4.2366280e+08   1.437565e+05   5.530802e+10   1566s
  405401   -4.2355089e+08   1.404834e+05   4.605370e+10   1570s
  407468   -4.2368302e+08   1.317104e+05   4.357987e+10   1576s
  407968   -4.2358449e+08   1.301018e+05   4.298638e+11   1581s
  410134   -4.2292183e+08   1.126898e+05   1.268927e+11   1587s
  411855   -4.2160704e+08   9.637499e+04   1.168772e+11   1590s
  414198   -4.2061078e+08   8.027174e+04   8.665280e+10   1595s
  415989   -4.2015441e+08   7.054989e+04   1.391914e+11   1602s
  416929   -4.1998182e+08   6.609929e+04   1.381989e+11   1606s
  417909   -4.1993053e+08   6.446585e+04   1.327751e+11   1611s
  419119   -4.1985571e+08   6.238025e+04   7.546064e+10   1617s
  419729   -4.1967545e+08   5.902197e+04   5.651679e+10   1621s
  420299   -4.1955441e+08   5.667235e+04   1.365463e+11   1626s
  420699   -4.1948101e+08   5.474060e+04   5.833990e+10   1630s
  421279   -4.1937458e+08   5.302378e+04   4.515156e+10   1637s
  421799   -4.1929448e+08   5.184166e+04   3.837726e+10   1641s
  422479   -4.1928057e+08   5.156034e+04   2.840538e+10   1646s
  423179   -4.1928057e+08   5.156034e+04   2.840538e+10   1650s
  424129   -4.1938386e+08   5.100425e+04   4.763964e+10   1657s
  424609   -4.1934457e+08   5.014294e+04   3.872510e+10   1661s
  425129   -4.1931279e+08   4.959999e+04   3.683108e+10   1665s
  426069   -4.1928977e+08   4.857187e+04   2.331726e+10   1672s
  426619   -4.1926959e+08   4.811482e+04   2.556996e+10   1676s
  427129   -4.1924864e+08   4.713718e+04   4.940240e+10   1680s
  428029   -4.1921146e+08   4.645680e+04   4.632664e+10   1687s
  428409   -4.1921690e+08   4.617979e+04   4.834182e+10   1691s
  428789   -4.1918993e+08   4.577189e+04   4.360606e+10   1696s
  429539   -3.9112878e+08   4.433361e+04   2.217408e+10   1700s
  442512   -3.4826332e+08   3.852345e+04   5.701486e+10   1705s
  453523   -3.0720515e+08   3.345807e+04   3.203813e+10   1710s
  462011   -3.1252573e+08   3.322523e+04   4.056462e+10   1715s
  462811   -3.1437303e+08   3.045648e+04   1.325809e+10   1720s
  463721   -3.1857775e+08   2.965286e+04   2.058856e+10   1726s
  464771   -3.1877029e+08   2.959017e+04   1.889109e+10   1731s
  465851   -3.1877029e+08   2.959017e+04   1.889109e+10   1736s
  466931   -3.1877029e+08   2.959017e+04   1.889109e+10   1741s
  468011   -3.1877029e+08   2.959017e+04   1.889109e+10   1746s
  469091   -3.1877029e+08   2.959017e+04   1.889109e+10   1752s
  469811   -3.1877029e+08   2.959017e+04   1.889109e+10   1755s
  470881   -3.1877029e+08   2.959017e+04   1.887192e+10   1760s
  471811   -2.7312892e+08   2.680599e+04   6.257165e+10   1767s
  472591   -2.6778599e+08   2.474204e+04   4.687925e+10   1770s
  473491   -2.6888050e+08   2.341726e+04   2.544477e+10   1775s
  474371   -2.6990886e+08   2.324197e+04   2.601945e+10   1780s
  477904   -2.7012433e+08   2.183828e+04   2.318003e+10   1785s
  481466   -1.9864546e+08   2.143768e+04   2.717435e+10   1791s
  482546   -1.9864546e+08   2.143768e+04   2.718995e+10   1796s
  483266   -1.9864546e+08   2.143768e+04   2.718995e+10   1800s
  484346   -1.9864546e+08   2.143768e+04   2.718995e+10   1805s
  485426   -1.9864546e+08   2.143768e+04   2.718995e+10   1811s
  486506   -1.9864546e+08   2.143768e+04   2.718995e+10   1816s
  487586   -1.9864546e+08   2.143768e+04   2.718995e+10   1821s
  488306   -1.9864546e+08   2.143768e+04   2.718995e+10   1825s
  489536   -1.9869078e+08   2.143585e+04   2.725640e+10   1830s
  490426   -1.9980002e+08   2.117766e+04   3.166642e+10   1835s
  491206   -1.9945030e+08   1.989435e+04   1.385945e+10   1840s
  491736   -1.9944097e+08   1.927960e+04   2.200280e+10   1845s
  492506   -1.9940626e+08   1.872707e+04   2.262333e+10   1851s
  493486   -1.9940825e+08   1.853249e+04   1.513526e+10   1856s
  493926   -1.9950397e+08   1.737744e+04   1.375367e+10   1861s
  494356   -1.9973055e+08   1.671237e+04   2.427068e+10   1866s
  494976   -1.9977233e+08   1.664362e+04   1.327130e+10   1871s
  495846   -1.9979902e+08   1.661535e+04   1.646696e+10   1876s
  496556   -1.9980528e+08   1.604601e+04   1.191753e+10   1881s
  496926   -1.9978648e+08   1.583242e+04   1.089253e+10   1887s
  497376   -1.9976160e+08   1.561935e+04   1.110118e+10   1892s
  497756   -1.9974521e+08   1.551443e+04   1.316528e+10   1897s
  498036   -1.9950689e+08   1.523050e+04   9.114092e+09   1900s
  498396   -1.9972572e+08   1.437171e+04   9.152208e+09   1906s
  498806   -1.9982420e+08   1.413856e+04   1.073699e+10   1911s
  500288   -1.9983989e+08   1.405336e+04   1.183285e+10   1916s
  511080   -2.0063038e+08   1.091805e+04   1.438460e+10   1920s
  525094   -2.0063038e+08   1.091805e+04   1.438460e+10   1925s
  534637   -1.8249617e+23   1.956019e+36   0.000000e+00   1930s
  548651   -1.9861196e+23   1.437069e+36   0.000000e+00   1935s
  561664   -2.0278279e+23   1.357745e+36   0.000000e+00   1940s
  574677   -2.0993305e+23   1.321335e+36   0.000000e+00   1945s
  588691   -2.1304907e+23   1.276888e+36   0.000000e+00   1950s
  601704   -2.1697489e+23   1.233028e+36   0.000000e+00   1955s
  614717   -2.2000053e+23   1.190915e+36   0.000000e+00   1960s
  628731   -2.2847161e+23   1.147501e+36   0.000000e+00   1965s
  641744   -2.3491636e+23   1.110255e+36   0.000000e+00   1970s
  655758   -2.3690127e+23   1.069019e+36   0.000000e+00   1975s
  668771   -2.4092776e+23   1.037941e+36   0.000000e+00   1980s
  682785   -2.4523018e+23   1.008490e+36   0.000000e+00   1985s
  693796   -2.5174908e+23   9.823723e+35   0.000000e+00   1990s
  704807   -2.5838695e+23   9.420560e+35   0.000000e+00   1995s
  716819   -2.6384382e+23   9.180837e+35   0.000000e+00   2001s
  725828   -2.6775746e+23   8.868202e+35   0.000000e+00   2005s
  733836   -2.6811037e+23   8.352589e+35   0.000000e+00   2010s
  740843   -2.6811037e+23   7.824364e+35   0.000000e+00   2015s
  750853   -2.7068351e+23   7.478639e+35   0.000000e+00   2020s
  763866   -2.9967714e+23   7.248804e+35   0.000000e+00   2025s
  773876   -8.0663334e+24   7.110415e+35   0.000000e+00   2030s
  784887   -8.3651280e+24   6.926122e+35   0.000000e+00   2035s
  796899   -8.3999899e+24   6.676420e+35   0.000000e+00   2040s
  807910   -1.0343743e+25   6.489928e+35   0.000000e+00   2045s
  816919   -1.2308542e+25   6.380313e+35   0.000000e+00   2050s
  823926   -1.7866198e+25   6.298931e+35   0.000000e+00   2055s
  831934   -3.1856669e+25   6.189181e+35   1.933749e-06   2060s
  844947   -4.6775315e+25   6.014818e+35   3.113293e-06   2065s
  852955   -4.7948446e+25   5.845629e+35   3.113839e-06   2071s
  859962   -4.9182854e+25   5.699237e+35   3.113839e-06   2075s
  869972   -4.9609634e+25   5.501550e+35   3.113839e-06   2080s
  877980   -4.9934316e+25   5.344161e+35   3.113923e-06   2085s
  887990   -5.3880899e+25   5.193261e+35   3.113923e-06   2090s
  898000   -5.4201019e+25   5.047725e+35   3.113923e-06   2095s
  904006   -5.4201019e+25   4.973522e+35   3.113923e-06   2100s
  910012   -5.4308653e+25   4.892149e+35   3.113923e-06   2105s
  916018   -5.4308652e+25   4.817901e+35   3.113923e-06   2111s
  922024   -5.4309411e+25   4.743006e+35   3.113923e-06   2116s
  928030   -5.4312015e+25   4.671173e+35   3.113923e-06   2120s
  934036   -5.4312019e+25   4.597123e+35   3.113923e-06   2125s
  940042   -5.4312019e+25   4.528821e+35   3.113923e-06   2130s
  946048   -5.4312019e+25   4.454755e+35   3.113923e-06   2135s
  952054   -5.4312019e+25   4.380631e+35   3.113923e-06   2140s
  958060   -5.4312019e+25   4.305443e+35   3.113923e-06   2145s
  965067   -5.5136910e+25   4.224356e+35   3.113923e-06   2151s
  971073   -5.5256021e+25   4.152432e+35   3.113923e-06   2155s
  979081   -5.9991065e+25   4.072067e+35   3.113923e-06   2160s
  992094   -6.2732801e+25   3.913435e+35   3.114659e-06   2165s
  998100   -6.4425159e+25   3.815004e+35   3.114659e-06   2170s
 1005107   -6.4630884e+25   3.717643e+35   3.114659e-06   2176s
 1009111   -6.5018153e+25   3.660981e+35   3.114659e-06   2180s
 1015117   -6.5047596e+25   3.569156e+35   3.114659e-06   2185s
 1020122   -6.7459876e+25   3.492423e+35   3.114659e-06   2191s
 1027129   -7.0975742e+25   3.394369e+35   1.169747e-06   2195s
 1034136   -7.1186843e+25   3.246887e+35   1.169747e-06   2200s
 1043145   -7.1663169e+25   3.071434e+35   1.169747e-06   2206s
 1049151   -7.1838068e+25   3.019612e+35   1.169748e-06   2211s
 1054156   -7.1838103e+25   2.958528e+35   1.169748e-06   2215s
 1060162   -7.1890824e+25   2.875047e+35   1.169749e-06   2220s
 1066168   -7.1938481e+25   2.800677e+35   1.169749e-06   2226s
 1072174   -7.1966729e+25   2.690622e+35   1.169749e-06   2230s
 1078180   -7.1968657e+25   2.600721e+35   1.169749e-06   2236s
 1084186   -7.1972241e+25   2.484000e+35   1.169749e-06   2240s
 1090192   -7.1989075e+25   2.386732e+35   1.169749e-06   2245s
 1096198   -7.2001498e+25   2.270543e+35   1.169749e-06   2250s
 1103205   -7.2024361e+25   2.140416e+35   1.169749e-06   2255s
 1109211   -7.2044277e+25   2.034908e+35   1.169749e-06   2260s
 1116218   -7.2054745e+25   1.902447e+35   1.169749e-06   2266s
 1122224   -7.2067149e+25   1.799011e+35   1.169749e-06   2270s
 1129231   -7.2104537e+25   1.661487e+35   1.169749e-06   2275s
 1136238   -7.2128830e+25   1.538000e+35   1.169749e-06   2280s
 1143245   -7.2145103e+25   1.418787e+35   1.169750e-06   2285s
 1147709   -7.3407199e+25   1.611853e+35   0.000000e+00   2293s
 1147879   -7.3678568e+25   1.675475e+35   0.000000e+00   2298s
 1148079   -7.3709390e+25   1.458762e+35   0.000000e+00   2308s
 1148259   -7.4725346e+25   2.073305e+35   0.000000e+00   2318s
 1148429   -9.3094345e+25   2.056641e+35   0.000000e+00   2327s
 1148659   -1.1643640e+26   1.912180e+35   0.000000e+00   2337s
 1149449   -1.2344317e+26   1.935410e+35   0.000000e+00   2341s
 1155455   -2.7197184e+26   1.439051e+35   0.000000e+00   2345s
 1159338   -4.1594351e+26   2.288130e+35   0.000000e+00   2352s
 1159438   -7.4891690e+26   1.331006e+35   0.000000e+00   2356s
 1159538   -8.0340454e+26   1.869174e+35   0.000000e+00   2362s
 1159648   -8.2252578e+26   2.255304e+35   0.000000e+00   2366s
 1159748   -8.3871030e+26   1.264166e+35   0.000000e+00   2371s
 1159958   -8.6495128e+26   2.067668e+35   0.000000e+00   2376s
 1160138   -9.1796071e+26   2.515674e+35   0.000000e+00   2385s
 1160288   -2.1357627e+27   1.268253e+35   1.171969e-05   2390s
 1160468   -2.2065342e+27   2.025986e+35   2.435870e-05   2400s
 1160628   -2.2953636e+27   1.303490e+35   3.444308e-05   2409s
 1160878   -2.4201750e+27   1.377155e+35   5.260539e-05   2419s
 1161058   -2.4661520e+27   1.278295e+35   7.068657e-05   2429s
 1162059   -3.1516608e+27   2.283368e+35   2.233584e-04   2433s
 1162229   -4.4373604e+27   1.241475e+35   5.025710e-04   2443s
 1162819   -4.4511093e+27   2.829558e+35   4.972015e-04   2452s
 1163549   -4.6728033e+27   2.730350e+35   5.412329e-04   2456s
 1167553   -7.2800295e+27   1.228252e+35   9.854722e-04   2460s
 1170996   -7.5540177e+27   1.077615e+35   8.809846e-04   2467s
 1171096   -7.5557749e+27   1.077697e+35   8.809848e-04   2472s
 1171286   -9.0519396e+27   1.077983e+35   1.281937e-03   2482s
 1171386   -9.0536071e+27   1.145489e+35   1.281954e-03   2488s
 1171486   -9.0628786e+27   1.078794e+35   1.284208e-03   2493s
 1171586   -1.0253382e+28   1.080167e+35   1.484176e-03   2497s
 1171686   -1.0258285e+28   1.080087e+35   1.484602e-03   2502s
 1171796   -1.0259982e+28   1.080864e+35   1.484635e-03   2507s
 1171986   -1.1041878e+28   1.081869e+35   1.599758e-03   2512s
 1172096   -1.1065533e+28   1.082401e+35   1.604935e-03   2517s
 1172226   -1.3330859e+28   1.081240e+35   2.026625e-03   2521s
 1172376   -1.3376554e+28   1.080175e+35   2.029750e-03   2526s
 1174378   -1.3566143e+28   1.075936e+35   2.021415e-03   2530s
 1182386   -1.4839984e+28   3.036266e+35   1.286738e-03   2535s
 1182736   -1.6957197e+28   9.717825e+34   1.858972e-03   2545s
 1182916   -1.6957306e+28   9.724189e+34   1.858985e-03   2554s
 1183086   -1.6988344e+28   9.727398e+34   1.858985e-03   2559s
 1183196   -1.6993754e+28   9.724978e+34   1.858985e-03   2564s
 1183296   -1.9223644e+28   9.732659e+34   2.858418e-03   2569s
 1183396   -1.9314009e+28   9.734857e+34   2.885170e-03   2574s
 1183496   -1.9354144e+28   4.561653e+35   2.907871e-03   2578s
 1183596   -1.9355510e+28   9.992163e+34   2.907903e-03   2583s
 1183696   -1.9372361e+28   9.993440e+34   2.921473e-03   2588s
 1183816   -1.9380311e+28   9.740967e+34   2.921473e-03   2593s
 1183926   -1.9385914e+28   9.741127e+34   2.921474e-03   2598s
 1184046   -2.0204430e+28   9.735298e+34   3.319537e-03   2603s
 1184186   -2.0224842e+28   9.995192e+34   3.304683e-03   2608s
 1185187   -2.0279149e+28   9.745826e+34   3.304683e-03   2611s
 1189191   -2.0980749e+28   1.809918e+35   2.982948e-03   2615s
 1196198   -2.3271565e+28   8.630033e+34   2.686472e-03   2620s
 1205207   -2.7023625e+28   8.297308e+34   1.209188e-03   2626s
 1208210   -2.8401391e+28   1.629040e+35   1.638855e-03   2630s
 1214216   -3.0603616e+28   5.260113e+34   1.684169e-03   2635s
 1222224   -3.0739335e+28   2.831328e+34   1.683734e-03   2640s
 1234236   -3.5444764e+28   1.313745e+33   1.293537e-04   2645s
 1240693    7.4927585e+08   7.457064e+07   0.000000e+00   2652s
 1245698    7.4927583e+08   9.007073e+07   0.000000e+00   2655s
 1252324    7.4927581e+08   7.859622e+07   0.000000e+00   2663s
 1256328    7.4927579e+08   5.775046e+07   0.000000e+00   2667s
 1263335    7.4927578e+08   9.432424e+07   0.000000e+00   2670s
 1263955    7.4927577e+08   7.928442e+07   0.000000e+00   2676s
 1271082    7.4927575e+08   7.013163e+07   0.000000e+00   2685s
 1272083    7.4927575e+08   6.751528e+07   0.000000e+00   2689s
 1275086    7.4927575e+08   6.489276e+07   0.000000e+00   2690s
 1275566    7.4927573e+08   6.231171e+07   0.000000e+00   2696s
 1279570    7.4927572e+08   5.119480e+07   0.000000e+00   2701s
 1280571    7.4927571e+08   5.331352e+07   0.000000e+00   2705s
 1281161    7.4927571e+08   6.795876e+07   0.000000e+00   2711s
 1286166    7.4927570e+08   5.694103e+07   0.000000e+00   2715s
 1287167    7.4927569e+08   5.748771e+07   0.000000e+00   2720s
 1291171    7.4927567e+08   4.956722e+07   0.000000e+00   2727s
 1292111    7.4927567e+08   6.429108e+07   0.000000e+00   2733s
 1292461    7.4927566e+08   4.541609e+07   0.000000e+00   2738s
 1293462    7.4927565e+08   4.840904e+07   0.000000e+00   2741s
 1293622    7.4927565e+08   7.534335e+07   0.000000e+00   2746s
 1294623    7.4927565e+08   4.346689e+07   0.000000e+00   2751s
 1298807    7.4927564e+08   6.800568e+07   0.000000e+00   2759s
 1301810    7.4927564e+08   4.502918e+07   0.000000e+00   2761s
 1304813    7.4927562e+08   4.527032e+07   0.000000e+00   2769s
 1305814    7.4927562e+08   5.518815e+07   0.000000e+00   2771s
 1307816    7.4927561e+08   4.624766e+07   0.000000e+00   2776s
 1310408    7.4927560e+08   5.606387e+07   0.000000e+00   2783s
 1312410    7.4927559e+08   3.848189e+07   0.000000e+00   2786s
 1314031    7.4927559e+08   5.390185e+07   0.000000e+00   2793s
 1314491    7.4927558e+08   7.317244e+08   0.000000e+00   2798s
 1315692    7.4927557e+08   5.942154e+07   0.000000e+00   2805s
 1315912    7.4927557e+08   6.054220e+07   0.000000e+00   2810s
 1316012    7.4927556e+08   6.485409e+07   0.000000e+00   2816s
 1316502    7.4927556e+08   6.734380e+07   0.000000e+00   2822s
 1316622    7.4927555e+08   3.575119e+07   0.000000e+00   2827s
 1316942    7.4927555e+08   3.623483e+07   0.000000e+00   2833s
 1317943    7.4927555e+08   5.794184e+07   0.000000e+00   2838s
 1321947    7.4927554e+08   6.852218e+07   0.000000e+00   2844s
 1322948    7.4927553e+08   4.575965e+07   0.000000e+00   2846s
 1325190    7.4927552e+08   3.213756e+07   0.000000e+00   2854s
 1326191    7.4927552e+08   4.315912e+07   0.000000e+00   2858s
 1326591    7.4927551e+08   5.072937e+07   0.000000e+00   2863s
 1327381    7.4927551e+08   3.535509e+07   0.000000e+00   2869s
 1327851    7.4927550e+08   3.605476e+07   0.000000e+00   2874s
 1328852    7.4927550e+08   4.576338e+07   0.000000e+00   2878s
 1328982    7.4927550e+08   3.770237e+07   0.000000e+00   2884s
 1329222    7.4927550e+08   3.691767e+07   0.000000e+00   2889s
 1329522    7.4927550e+08   3.705569e+07   0.000000e+00   2895s
 1329692    7.4927550e+08   7.222409e+07   0.000000e+00   2900s
 1329962    7.4927549e+08   3.719581e+07   0.000000e+00   2906s
 1333635    7.4927549e+08   6.187408e+07   0.000000e+00   2916s
 1336367    7.4927547e+08   3.511032e+07   0.000000e+00   2924s
 1336917    7.4927547e+08   3.542113e+07   0.000000e+00   2930s
 1337807    7.4927547e+08   6.237855e+07   0.000000e+00   2936s
 1338978    7.4927546e+08   3.584082e+07   0.000000e+00   2943s
 1339979    7.4927545e+08   6.726000e+07   0.000000e+00   2948s
 1340159    7.4927545e+08   3.719911e+07   0.000000e+00   2953s
 1341160    7.4927545e+08   3.514702e+07   0.000000e+00   2956s
 1341590    7.4927544e+08   4.184071e+07   0.000000e+00   2962s
 1341720    7.4927544e+08   4.049815e+07   0.000000e+00   2968s
 1341840    7.4927544e+08   4.061547e+07   0.000000e+00   2974s
 1341960    7.4927544e+08   4.067577e+07   0.000000e+00   2980s
 1342110    7.4927544e+08   4.095373e+07   0.000000e+00   2986s
 1342250    7.4927544e+08   4.079500e+07   0.000000e+00   2991s
 1343251    7.4927544e+08   4.040756e+07   0.000000e+00   2995s
 1345222    7.4927543e+08   4.359188e+07   0.000000e+00   3003s
 1347224    7.4927543e+08   4.527962e+07   0.000000e+00   3007s
 1347824    7.4927542e+08   5.674381e+07   0.000000e+00   3012s
 1349085    7.4927542e+08   3.445612e+07   0.000000e+00   3020s
 1349235    7.4927542e+08   3.382484e+07   0.000000e+00   3026s
 1349625    7.4927541e+08   3.534009e+07   0.000000e+00   3031s
 1349955    7.4927541e+08   5.563220e+07   0.000000e+00   3037s
 1350405    7.4927541e+08   1.277248e+09   0.000000e+00   3043s
 1350725    7.4927541e+08   4.165256e+07   0.000000e+00   3048s
 1351065    7.4927541e+08   4.114062e+07   0.000000e+00   3054s
 1351275    7.4927541e+08   4.113973e+07   0.000000e+00   3059s
 1351465    7.4927541e+08   5.892550e+07   0.000000e+00   3065s
 1352325    7.4927540e+08   4.094645e+08   0.000000e+00   3070s
 1353025    7.4927539e+08   3.523620e+07   0.000000e+00   3076s
 1353295    7.4927539e+08   6.524324e+07   0.000000e+00   3082s
 1353605    7.4927539e+08   9.343348e+07   0.000000e+00   3088s
 1353895    7.4927539e+08   3.629648e+07   0.000000e+00   3093s
 1354285    7.4927538e+08   3.712226e+07   0.000000e+00   3099s
 1354535    7.4927538e+08   3.668020e+07   0.000000e+00   3104s
 1354815    7.4927538e+08   3.680830e+07   0.000000e+00   3110s
 1355055    7.4927538e+08   3.669727e+07   0.000000e+00   3116s
 1355225    7.4927538e+08   3.720732e+07   0.000000e+00   3121s
 1355505    7.4927538e+08   3.644379e+07   0.000000e+00   3126s
 1355875    7.4927538e+08   7.363540e+07   0.000000e+00   3132s
 1356005    7.4927538e+08   6.837380e+07   0.000000e+00   3138s
 1356125    7.4927538e+08   3.588028e+07   0.000000e+00   3144s
 1356565    7.4927538e+08   2.930436e+09   0.000000e+00   3150s
 1357566    7.4927536e+08   6.105894e+07   0.000000e+00   3155s
 1357886    7.4927536e+08   4.033681e+07   0.000000e+00   3161s
 1359717    7.4927536e+08   2.937482e+07   0.000000e+00   3167s
 1360577    7.4927535e+08   6.000142e+07   0.000000e+00   3172s
 1360737    7.4927535e+08   3.145193e+07   0.000000e+00   3178s
 1360877    7.4927535e+08   3.107196e+07   0.000000e+00   3183s
 1361157    7.4927535e+08   3.176430e+07   0.000000e+00   3189s
 1361467    7.4927535e+08   3.028918e+07   0.000000e+00   3195s
 1361767    7.4927535e+08   2.932209e+07   0.000000e+00   3200s
 1362127    7.4927533e+08   6.397995e+07   0.000000e+00   3206s
 1362297    7.4927533e+08   3.754268e+07   0.000000e+00   3211s
 1362507    7.4927533e+08   3.601659e+07   0.000000e+00   3217s
 1362707    7.4927533e+08   3.608012e+07   0.000000e+00   3223s
 1362907    7.4927533e+08   3.614894e+07   0.000000e+00   3228s
 1363908    7.4927533e+08   3.641933e+07   0.000000e+00   3230s
 1365910    7.4927532e+08   6.446894e+07   0.000000e+00   3237s
 1367021    7.4927532e+08   3.940111e+07   0.000000e+00   3244s
 1367131    7.4927532e+08   3.942861e+07   0.000000e+00   3250s
 1367241    7.4927532e+08   3.946250e+07   0.000000e+00   3255s
 1367341    7.4927531e+08   6.203542e+07   0.000000e+00   3261s
 1367441    7.4927531e+08   4.038256e+07   0.000000e+00   3267s
 1367551    7.4927531e+08   4.042308e+07   0.000000e+00   3272s
 1367651    7.4927531e+08   4.043808e+07   0.000000e+00   3278s
 1367761    7.4927531e+08   4.032301e+07   0.000000e+00   3284s
 1368762    7.4927531e+08   5.149832e+07   0.000000e+00   3289s
 1369432    7.4927530e+08   3.520724e+08   0.000000e+00   3295s
 1371043    7.4927530e+08   6.768999e+07   0.000000e+00   3301s
 1371543    7.4927530e+08   3.313688e+07   0.000000e+00   3307s
 1373114    7.4927528e+08   4.117408e+07   0.000000e+00   3315s
 1373214    7.4927528e+08   4.032471e+07   0.000000e+00   3321s
 1373354    7.4927528e+08   3.792784e+07   0.000000e+00   3327s
 1373474    7.4927528e+08   6.108920e+07   0.000000e+00   3333s
 1373604    7.4927528e+08   3.698727e+07   0.000000e+00   3339s
 1373794    7.4927528e+08   3.864935e+07   0.000000e+00   3345s
 1374054    7.4927528e+08   3.718974e+07   0.000000e+00   3351s
 1374474    7.4927528e+08   7.493460e+07   0.000000e+00   3357s
 1374614    7.4927528e+08   3.698137e+07   0.000000e+00   3363s
 1374744    7.4927527e+08   1.031440e+08   0.000000e+00   3368s
 1374854    7.4927526e+08   8.237662e+07   0.000000e+00   3374s
 1375014    7.4927526e+08   4.105748e+07   0.000000e+00   3380s
 1375374    7.4927526e+08   2.349016e+08   0.000000e+00   3386s
 1375744    7.4927525e+08   6.166981e+07   0.000000e+00   3391s
 1375884    7.4927525e+08   6.065576e+07   0.000000e+00   3397s
 1376014    7.4927525e+08   5.747091e+07   0.000000e+00   3403s
 1376134    7.4927525e+08   4.689192e+07   0.000000e+00   3409s
 1376484    7.4927525e+08   7.329468e+07   0.000000e+00   3415s
 1376594    7.4927525e+08   8.411153e+07   0.000000e+00   3421s
 1377595    7.4927525e+08   6.685524e+07   0.000000e+00   3426s
 1377725    7.4927524e+08   7.455095e+07   0.000000e+00   3431s
 1377835    7.4927524e+08   4.594694e+07   0.000000e+00   3437s
 1377955    7.4927524e+08   1.131355e+08   0.000000e+00   3444s
 1378055    7.4927524e+08   8.799941e+07   0.000000e+00   3450s
 1378165    7.4927524e+08   8.784594e+07   0.000000e+00   3456s
 1378265    7.4927524e+08   4.789895e+07   0.000000e+00   3462s
 1378375    7.4927524e+08   5.663293e+07   0.000000e+00   3468s
 1378475    7.4927524e+08   6.860576e+07   0.000000e+00   3474s
 1378585    7.4927524e+08   6.702063e+07   0.000000e+00   3480s
 1378695    7.4927524e+08   9.511380e+07   0.000000e+00   3486s
 1378805    7.4927524e+08   5.132861e+07   0.000000e+00   3492s
 1378905    7.4927524e+08   6.987213e+07   0.000000e+00   3498s
 1379005    7.4927524e+08   6.821138e+07   0.000000e+00   3503s
 1379105    7.4927524e+08   1.494852e+08   0.000000e+00   3509s
 1379215    7.4927524e+08   6.258444e+07   0.000000e+00   3515s
 1379325    7.4927524e+08   8.704857e+07   0.000000e+00   3521s
 1379425    7.4927524e+08   4.674761e+07   0.000000e+00   3527s
 1379535    7.4927524e+08   6.160561e+07   0.000000e+00   3533s
 1379645    7.4927524e+08   6.727029e+07   0.000000e+00   3539s
 1380646    7.4927524e+08   7.103900e+07   0.000000e+00   3542s
 1380806    7.4927523e+08   4.790182e+07   0.000000e+00   3548s
 1380916    7.4927523e+08   8.906347e+07   0.000000e+00   3554s
 1381016    7.4927523e+08   1.263941e+08   0.000000e+00   3560s
 1381346    7.4927523e+08   6.575292e+07   0.000000e+00   3566s
 1382006    7.4927522e+08   1.197945e+08   0.000000e+00   3572s
 1383007    7.4927521e+08   1.068894e+08   0.000000e+00   3576s
 1383367    7.4927521e+08   7.748513e+07   0.000000e+00   3582s
 1383617    7.4927521e+08   6.363682e+07   0.000000e+00   3588s
 1383787    7.4927521e+08   5.100143e+07   0.000000e+00   3593s
 1383967    7.4927521e+08   1.362622e+08   0.000000e+00   3599s
 1384107    7.4927521e+08   7.624961e+07   0.000000e+00   3605s
 1384267    7.4927521e+08   4.977983e+07   0.000000e+00   3611s
 1384427    7.4927521e+08   5.286808e+07   0.000000e+00   3616s
 1384537    7.4927521e+08   6.037366e+07   0.000000e+00   3622s
 1384667    7.4927521e+08   6.579525e+07   0.000000e+00   3628s
 1384797    7.4927521e+08   6.959331e+07   0.000000e+00   3634s
 1384907    7.4927521e+08   8.837643e+07   0.000000e+00   3640s
 1385037    7.4927521e+08   1.075775e+08   0.000000e+00   3645s
 1386818    7.4927520e+08   5.971695e+07   0.000000e+00   3654s
 1386918    7.4927520e+08   8.115798e+07   0.000000e+00   3660s
 1387028    7.4927520e+08   7.640953e+07   0.000000e+00   3666s
 1387158    7.4927519e+08   4.749370e+07   0.000000e+00   3672s
 1387258    7.4927519e+08   1.226550e+08   0.000000e+00   3677s
 1387368    7.4927519e+08   5.944042e+07   0.000000e+00   3683s
 1387478    7.4927519e+08   6.139746e+07   0.000000e+00   3689s
 1387588    7.4927519e+08   7.910677e+07   0.000000e+00   3695s
 1387698    7.4927519e+08   6.749737e+07   0.000000e+00   3701s
 1387808    7.4927519e+08   7.130670e+07   0.000000e+00   3707s
 1387918    7.4927519e+08   6.594948e+07   0.000000e+00   3713s
 1388028    7.4927519e+08   6.558004e+07   0.000000e+00   3719s
 1389029    7.4927519e+08   6.181256e+07   0.000000e+00   3720s
 1389129    7.4927518e+08   7.167923e+07   0.000000e+00   3726s
 1389249    7.4927518e+08   3.867007e+07   0.000000e+00   3732s
 1389419    7.4927517e+08   9.263277e+07   0.000000e+00   3738s
 1389529    7.4927517e+08   7.760090e+07   0.000000e+00   3744s
 1389639    7.4927517e+08   5.997358e+07   0.000000e+00   3750s
 1389739    7.4927517e+08   5.399921e+07   0.000000e+00   3755s
 1389839    7.4927517e+08   4.431550e+07   0.000000e+00   3761s
 1389949    7.4927517e+08   7.073607e+07   0.000000e+00   3767s
 1390059    7.4927517e+08   7.189611e+07   0.000000e+00   3773s
 1390169    7.4927517e+08   6.822674e+07   0.000000e+00   3779s
 1390269    7.4927516e+08   7.327233e+07   0.000000e+00   3785s
 1390369    7.4927516e+08   8.579508e+07   0.000000e+00   3791s
 1390469    7.4927516e+08   6.379852e+07   0.000000e+00   3796s
 1390569    7.4927515e+08   6.738525e+07   0.000000e+00   3802s
 1390669    7.4927514e+08   9.176556e+07   0.000000e+00   3808s
 1390769    7.4927514e+08   7.359583e+07   0.000000e+00   3813s
 1390879    7.4927514e+08   6.180652e+07   0.000000e+00   3819s
 1390989    7.4927514e+08   6.493255e+07   0.000000e+00   3825s
 1391089    7.4927514e+08   6.497036e+07   0.000000e+00   3831s
 1391189    7.4927513e+08   7.060162e+07   0.000000e+00   3836s
 1391289    7.4927513e+08   9.139528e+07   0.000000e+00   3842s
 1391399    7.4927513e+08   1.014318e+08   0.000000e+00   3848s
 1391509    7.4927513e+08   6.735838e+07   0.000000e+00   3854s
 1391609    7.4927513e+08   7.855947e+07   0.000000e+00   3859s
 1391709    7.4927513e+08   8.151974e+07   0.000000e+00   3865s
 1391819    7.4927513e+08   1.035938e+08   0.000000e+00   3871s
 1391919    7.4927513e+08   1.223933e+08   0.000000e+00   3876s
 1392029    7.4927513e+08   9.240674e+07   0.000000e+00   3882s
 1392559    7.4927512e+08   7.788736e+07   0.000000e+00   3888s
 1393560    7.4927511e+08   3.650307e+07   0.000000e+00   3893s
 1393990    7.4927511e+08   9.158325e+07   0.000000e+00   3898s
 1394210    7.4927511e+08   6.388396e+07   0.000000e+00   3904s
 1394460    7.4927511e+08   5.889726e+07   0.000000e+00   3910s
 1394810    7.4927511e+08   3.693313e+07   0.000000e+00   3916s
 1395070    7.4927511e+08   4.587142e+07   0.000000e+00   3921s
 1395200    7.4927511e+08   3.549948e+07   0.000000e+00   3927s
 1395390    7.4927511e+08   5.500768e+07   0.000000e+00   3933s
 1395540    7.4927511e+08   3.377602e+07   0.000000e+00   3938s
 1395650    7.4927511e+08   2.361189e+08   0.000000e+00   3944s
 1396340    7.4927510e+08   7.409341e+07   0.000000e+00   3950s
 1396470    7.4927510e+08   3.513386e+07   0.000000e+00   3955s
 1396590    7.4927510e+08   4.708385e+07   0.000000e+00   3961s
 1396750    7.4927510e+08   5.751617e+07   0.000000e+00   3967s
 1396860    7.4927510e+08   7.858271e+07   0.000000e+00   3973s
 1396970    7.4927510e+08   4.727102e+07   0.000000e+00   3979s
 1397080    7.4927510e+08   9.874617e+07   0.000000e+00   3984s
 1397270    7.4927510e+08   2.357709e+08   0.000000e+00   3990s
 1397390    7.4927509e+08   1.477882e+08   0.000000e+00   3995s
 1398881    7.4927507e+08   7.520681e+07   0.000000e+00   4005s
 1399001    7.4927507e+08   8.812013e+07   0.000000e+00   4010s
 1399111    7.4927507e+08   1.243799e+08   0.000000e+00   4016s
 1399221    7.4927507e+08   6.123866e+07   0.000000e+00   4022s
 1399331    7.4927507e+08   6.349477e+07   0.000000e+00   4028s
 1399461    7.4927507e+08   7.624204e+07   0.000000e+00   4034s
 1400462    7.4927506e+08   7.747352e+07   0.000000e+00   4036s
 1401463    7.4927506e+08   1.044898e+08   0.000000e+00   4041s
 1403465    7.4927505e+08   1.028295e+08   0.000000e+00   4049s
 1403585    7.4927504e+08   5.107125e+07   0.000000e+00   4055s
 1404135    7.4927504e+08   7.926657e+07   0.000000e+00   4061s
 1405856    7.4927503e+08   3.463906e+07   0.000000e+00   4068s
 1406276    7.4927503e+08   3.113870e+07   0.000000e+00   4074s
 1406536    7.4927502e+08   3.287190e+07   0.000000e+00   4079s
 1407136    7.4927502e+08   3.300971e+07   0.000000e+00   4085s
 1407256    7.4927502e+08   6.655492e+07   0.000000e+00   4091s
 1407386    7.4927502e+08   9.993718e+07   0.000000e+00   4097s
 1407526    7.4927502e+08   3.313578e+07   0.000000e+00   4102s
 1408296    7.4927502e+08   3.204027e+07   0.000000e+00   4108s
 1408476    7.4927502e+08   6.309495e+07   0.000000e+00   4114s
 1409216    7.4927501e+08   6.191655e+07   0.000000e+00   4120s
 1409526    7.4927501e+08   1.046472e+08   0.000000e+00   4126s
 1409726    7.4927501e+08   1.061906e+08   0.000000e+00   4132s
 1410656    7.4927500e+08   9.374393e+07   0.000000e+00   4138s
 1410876    7.4927500e+08   9.680957e+07   0.000000e+00   4143s
 1410976    7.4927500e+08   7.637373e+07   0.000000e+00   4149s
 1411086    7.4927500e+08   3.830786e+07   0.000000e+00   4154s
 1411286    7.4927500e+08   5.455904e+07   0.000000e+00   4160s
 1411396    7.4927500e+08   4.848415e+07   0.000000e+00   4166s
 1411496    7.4927500e+08   6.003283e+07   0.000000e+00   4172s
 1411616    7.4927500e+08   7.061358e+07   0.000000e+00   4178s
 1411726    7.4927500e+08   6.532340e+07   0.000000e+00   4184s
 1411836    7.4927500e+08   8.912085e+07   0.000000e+00   4190s
 1411946    7.4927500e+08   7.823255e+07   0.000000e+00   4195s
 1412056    7.4927500e+08   4.987048e+07   0.000000e+00   4201s
 1412166    7.4927500e+08   5.265082e+07   0.000000e+00   4207s
 1412266    7.4927500e+08   5.003658e+07   0.000000e+00   4213s
 1412376    7.4927500e+08   6.039326e+07   0.000000e+00   4219s
 1412486    7.4927500e+08   5.195989e+07   0.000000e+00   4224s
 1412676    7.4927500e+08   6.594790e+07   0.000000e+00   4230s
 1412806    7.4927499e+08   7.444714e+07   0.000000e+00   4236s
 1412926    7.4927499e+08   1.012758e+08   0.000000e+00   4242s
 1413026    7.4927498e+08   8.716090e+07   0.000000e+00   4248s
 1413126    7.4927498e+08   1.018982e+08   0.000000e+00   4253s
 1413236    7.4927498e+08   1.009133e+08   0.000000e+00   4259s
 1413796    7.4927498e+08   9.879418e+07   0.000000e+00   4265s
 1413946    7.4927498e+08   6.368451e+07   0.000000e+00   4271s
 1414056    7.4927498e+08   6.602206e+07   0.000000e+00   4277s
 1414166    7.4927498e+08   6.736946e+07   0.000000e+00   4283s
 1414276    7.4927498e+08   6.603341e+07   0.000000e+00   4289s
 1414396    7.4927498e+08   6.603341e+07   0.000000e+00   4295s
 1414506    7.4927498e+08   5.934436e+07   0.000000e+00   4301s
 1414616    7.4927498e+08   8.220766e+07   0.000000e+00   4306s
 1414726    7.4927498e+08   7.213718e+07   0.000000e+00   4312s
 1414836    7.4927498e+08   5.039170e+07   0.000000e+00   4318s
 1415166    7.4927498e+08   6.958684e+07   0.000000e+00   4324s
 1415276    7.4927498e+08   1.120223e+08   0.000000e+00   4330s
 1415386    7.4927498e+08   5.111335e+07   0.000000e+00   4336s
 1415496    7.4927498e+08   7.265365e+07   0.000000e+00   4342s
 1415606    7.4927498e+08   1.479598e+08   0.000000e+00   4348s
 1415716    7.4927498e+08   7.273128e+07   0.000000e+00   4354s
 1416546    7.4927497e+08   7.078975e+07   0.000000e+00   4359s
 1416996    7.4927496e+08   4.100873e+07   0.000000e+00   4365s
 1417336    7.4927496e+08   3.992325e+07   0.000000e+00   4370s
 1417516    7.4927496e+08   4.724817e+07   0.000000e+00   4376s
 1417666    7.4927496e+08   4.869574e+07   0.000000e+00   4382s
 1417816    7.4927496e+08   5.020068e+07   0.000000e+00   4388s
 1418016    7.4927496e+08   5.181062e+07   0.000000e+00   4394s
 1418696    7.4927495e+08   6.144487e+07   0.000000e+00   4399s
 1418836    7.4927494e+08   3.650713e+08   0.000000e+00   4405s
 1419056    7.4927493e+08   6.071713e+07   0.000000e+00   4411s
 1419166    7.4927493e+08   5.893641e+07   0.000000e+00   4417s
 1419276    7.4927493e+08   5.893593e+07   0.000000e+00   4423s
 1419386    7.4927493e+08   6.514421e+07   0.000000e+00   4428s
 1419496    7.4927493e+08   4.456009e+07   0.000000e+00   4434s
 1419606    7.4927493e+08   6.475450e+07   0.000000e+00   4440s
 1419716    7.4927493e+08   6.614391e+07   0.000000e+00   4446s
 1419836    7.4927493e+08   6.616126e+07   0.000000e+00   4452s
 1419956    7.4927493e+08   6.616126e+07   0.000000e+00   4458s
 1420066    7.4927493e+08   7.830289e+07   0.000000e+00   4464s
 1420176    7.4927493e+08   4.514256e+07   0.000000e+00   4470s
 1420356    7.4927493e+08   8.058488e+07   0.000000e+00   4475s
 1420466    7.4927493e+08   4.410250e+07   0.000000e+00   4481s
 1420576    7.4927493e+08   1.237952e+08   0.000000e+00   4487s
 1420686    7.4927493e+08   5.862590e+07   0.000000e+00   4493s
 1420786    7.4927493e+08   4.511616e+07   0.000000e+00   4499s
 1420896    7.4927493e+08   7.254901e+07   0.000000e+00   4504s
 1421006    7.4927493e+08   4.512226e+07   0.000000e+00   4510s
 1421116    7.4927493e+08   5.906642e+07   0.000000e+00   4516s
 1421226    7.4927493e+08   4.515000e+07   0.000000e+00   4522s
 1422116    7.4927493e+08   8.741197e+07   0.000000e+00   4527s
 1422256    7.4927493e+08   8.472368e+07   0.000000e+00   4533s
 1422376    7.4927493e+08   6.438753e+07   0.000000e+00   4539s
 1422536    7.4927493e+08   6.690127e+07   0.000000e+00   4545s
 1423537    7.4927492e+08   4.629473e+07   0.000000e+00   4548s
 1423657    7.4927492e+08   5.567820e+07   0.000000e+00   4554s
 1423777    7.4927492e+08   5.896600e+07   0.000000e+00   4560s
 1423887    7.4927492e+08   7.677386e+07   0.000000e+00   4566s
 1423997    7.4927492e+08   6.481420e+07   0.000000e+00   4571s
 1424107    7.4927492e+08   8.661820e+07   0.000000e+00   4577s
 1424217    7.4927492e+08   4.381196e+07   0.000000e+00   4583s
 1424327    7.4927492e+08   5.761348e+07   0.000000e+00   4589s
 1424447    7.4927492e+08   5.936495e+07   0.000000e+00   4595s
 1424567    7.4927492e+08   5.771882e+07   0.000000e+00   4601s
 1424677    7.4927492e+08   6.518227e+07   0.000000e+00   4607s
 1424827    7.4927492e+08   8.041406e+07   0.000000e+00   4613s
 1425828    7.4927492e+08   4.162861e+07   0.000000e+00   4617s
 1425938    7.4927492e+08   4.230164e+07   0.000000e+00   4622s
 1426048    7.4927492e+08   5.488697e+07   0.000000e+00   4628s
 1426158    7.4927492e+08   8.374134e+07   0.000000e+00   4634s
 1426268    7.4927492e+08   4.184505e+07   0.000000e+00   4640s
 1426378    7.4927492e+08   6.013653e+07   0.000000e+00   4646s
 1426488    7.4927492e+08   4.462964e+07   0.000000e+00   4652s
 1426608    7.4927492e+08   8.010358e+07   0.000000e+00   4657s
 1426708    7.4927492e+08   8.499542e+07   0.000000e+00   4663s
 1426808    7.4927492e+08   6.113334e+07   0.000000e+00   4669s
 1426918    7.4927492e+08   7.197759e+07   0.000000e+00   4675s
 1427028    7.4927492e+08   2.946747e+08   0.000000e+00   4681s
 1427128    7.4927492e+08   6.998108e+07   0.000000e+00   4686s
 1427238    7.4927492e+08   6.675085e+07   0.000000e+00   4692s
 1427348    7.4927492e+08   4.491092e+07   0.000000e+00   4698s
 1428349    7.4927491e+08   7.558500e+07   0.000000e+00   4701s
 1428689    7.4927491e+08   7.721646e+07   0.000000e+00   4707s
 1428889    7.4927491e+08   4.872943e+07   0.000000e+00   4712s
 1429079    7.4927491e+08   5.472651e+07   0.000000e+00   4718s
 1429299    7.4927491e+08   4.633997e+07   0.000000e+00   4723s
 1429599    7.4927491e+08   1.054582e+08   0.000000e+00   4729s
 1429789    7.4927491e+08   6.580173e+07   0.000000e+00   4735s
 1430309    7.4927491e+08   5.745152e+07   0.000000e+00   4740s
 1430449    7.4927491e+08   4.761515e+07   0.000000e+00   4746s
 1430569    7.4927491e+08   5.652196e+07   0.000000e+00   4752s
 1430689    7.4927491e+08   7.531595e+07   0.000000e+00   4758s
 1430839    7.4927491e+08   3.169881e+07   0.000000e+00   4764s
 1430989    7.4927491e+08   4.834489e+07   0.000000e+00   4769s
 1431129    7.4927491e+08   9.403708e+07   0.000000e+00   4775s
 1431239    7.4927491e+08   3.206183e+07   0.000000e+00   4781s
 1431649    7.4927491e+08   7.915554e+07   0.000000e+00   4786s
 1432279    7.4927490e+08   1.947533e+08   0.000000e+00   4792s
 1433059    7.4927489e+08   4.362088e+08   0.000000e+00   4798s
 1433159    7.4927488e+08   8.712088e+07   0.000000e+00   4803s
 1433269    7.4927488e+08   5.651993e+07   0.000000e+00   4809s
 1433379    7.4927488e+08   5.816760e+07   0.000000e+00   4815s
 1433499    7.4927488e+08   5.651993e+07   0.000000e+00   4821s
 1433619    7.4927488e+08   5.816760e+07   0.000000e+00   4827s
 1433759    7.4927488e+08   9.075656e+07   0.000000e+00   4833s
 1433899    7.4927488e+08   5.771869e+07   0.000000e+00   4839s
 1434009    7.4927488e+08   5.981949e+07   0.000000e+00   4845s
 1434119    7.4927488e+08   6.149320e+07   0.000000e+00   4850s
 1434229    7.4927488e+08   6.316756e+07   0.000000e+00   4856s
 1434339    7.4927488e+08   5.981949e+07   0.000000e+00   4862s
 1434449    7.4927488e+08   6.343098e+07   0.000000e+00   4868s
 1434559    7.4927488e+08   6.078057e+07   0.000000e+00   4874s
 1434669    7.4927488e+08   1.401301e+08   0.000000e+00   4880s
 1434779    7.4927488e+08   8.569401e+07   0.000000e+00   4885s
 1434889    7.4927488e+08   9.970635e+07   0.000000e+00   4891s
 1434999    7.4927488e+08   4.326813e+07   0.000000e+00   4897s
 1435099    7.4927488e+08   1.344940e+08   0.000000e+00   4903s
 1435209    7.4927488e+08   1.111453e+08   0.000000e+00   4909s
 1435319    7.4927488e+08   8.806299e+07   0.000000e+00   4914s
 1435429    7.4927488e+08   6.108144e+07   0.000000e+00   4920s
 1435529    7.4927487e+08   7.347433e+07   0.000000e+00   4926s
 1435639    7.4927487e+08   7.733439e+07   0.000000e+00   4932s
 1435759    7.4927487e+08   7.257853e+07   0.000000e+00   4938s
 1435869    7.4927487e+08   7.255655e+07   0.000000e+00   4943s
 1435979    7.4927487e+08   1.417137e+08   0.000000e+00   4950s
 1436089    7.4927487e+08   6.124293e+07   0.000000e+00   4956s
 1436199    7.4927487e+08   1.188815e+08   0.000000e+00   4961s
 1436329    7.4927487e+08   8.987481e+07   0.000000e+00   4967s
 1436949    7.4927487e+08   1.124178e+08   0.000000e+00   4973s
 1437069    7.4927487e+08   6.101454e+07   0.000000e+00   4979s
 1437189    7.4927487e+08   5.895860e+07   0.000000e+00   4985s
 1437299    7.4927487e+08   1.109991e+08   0.000000e+00   4990s
 1437429    7.4927486e+08   1.003689e+08   0.000000e+00   4996s
 1437529    7.4927486e+08   4.679497e+07   0.000000e+00   5002s
 1437639    7.4927486e+08   4.683900e+07   0.000000e+00   5008s
 1437749    7.4927486e+08   6.237096e+07   0.000000e+00   5013s
 1437859    7.4927486e+08   6.285432e+07   0.000000e+00   5019s
 1437969    7.4927486e+08   1.088628e+08   0.000000e+00   5025s
 1438079    7.4927486e+08   6.090297e+07   0.000000e+00   5030s
 1438199    7.4927486e+08   1.265782e+08   0.000000e+00   5036s
 1438309    7.4927486e+08   7.396997e+07   0.000000e+00   5042s
 1438419    7.4927486e+08   6.543318e+07   0.000000e+00   5048s
 1438529    7.4927486e+08   9.136349e+07   0.000000e+00   5054s
 1438639    7.4927486e+08   1.349690e+08   0.000000e+00   5060s
 1438749    7.4927486e+08   1.390305e+08   0.000000e+00   5065s
 1438859    7.4927486e+08   6.201232e+07   0.000000e+00   5071s
 1439369    7.4927486e+08   8.816784e+07   0.000000e+00   5077s
 1439989    7.4927486e+08   5.376373e+07   0.000000e+00   5082s
 1440239    7.4927486e+08   5.637815e+07   0.000000e+00   5088s
 1440519    7.4927486e+08   1.109808e+08   0.000000e+00   5094s
 1440639    7.4927486e+08   1.121752e+08   0.000000e+00   5099s
 1440839    7.4927486e+08   1.132908e+08   0.000000e+00   5105s
 1441009    7.4927486e+08   9.589979e+07   0.000000e+00   5110s
 1441299    7.4927486e+08   8.958163e+07   0.000000e+00   5116s
 1441449    7.4927486e+08   5.331970e+07   0.000000e+00   5122s
 1441579    7.4927486e+08   5.049682e+07   0.000000e+00   5128s
 1441689    7.4927486e+08   9.236592e+07   0.000000e+00   5134s
 1441799    7.4927486e+08   5.621036e+07   0.000000e+00   5139s
 1441949    7.4927486e+08   5.383050e+07   0.000000e+00   5145s
 1442069    7.4927486e+08   5.836930e+07   0.000000e+00   5151s
 1442189    7.4927486e+08   5.391051e+07   0.000000e+00   5157s
 1442289    7.4927486e+08   5.391051e+07   0.000000e+00   5162s
 1442399    7.4927486e+08   5.391051e+07   0.000000e+00   5168s
 1442499    7.4927486e+08   5.391051e+07   0.000000e+00   5174s
 1442599    7.4927486e+08   9.488968e+07   0.000000e+00   5180s
 1442819    7.4927486e+08   4.938032e+07   0.000000e+00   5185s
 1443139    7.4927486e+08   7.434053e+07   0.000000e+00   5191s
 1443509    7.4927485e+08   5.382058e+07   0.000000e+00   5196s
 1443639    7.4927485e+08   8.892567e+07   0.000000e+00   5202s
 1443789    7.4927485e+08   5.801902e+07   0.000000e+00   5208s
 1443969    7.4927485e+08   1.011373e+08   0.000000e+00   5214s
 1444109    7.4927485e+08   5.854963e+07   0.000000e+00   5220s
 1444219    7.4927485e+08   6.111976e+07   0.000000e+00   5225s
 1444329    7.4927485e+08   5.222906e+07   0.000000e+00   5231s
 1444659    7.4927485e+08   8.072452e+08   0.000000e+00   5237s
 1444789    7.4927485e+08   6.033329e+07   0.000000e+00   5242s
 1445019    7.4927485e+08   1.672297e+08   0.000000e+00   5248s
 1445129    7.4927484e+08   8.196167e+07   0.000000e+00   5254s
 1445239    7.4927483e+08   6.750554e+07   0.000000e+00   5260s
 1445349    7.4927483e+08   7.574184e+07   0.000000e+00   5265s
 1445459    7.4927483e+08   7.574184e+07   0.000000e+00   5271s
 1445589    7.4927483e+08   6.648649e+07   0.000000e+00   5277s
 1445709    7.4927483e+08   6.648649e+07   0.000000e+00   5283s
 1445829    7.4927483e+08   6.492260e+07   0.000000e+00   5289s
 1445949    7.4927483e+08   6.487283e+07   0.000000e+00   5295s
 1446059    7.4927483e+08   7.349090e+07   0.000000e+00   5300s
 1446169    7.4927483e+08   9.068346e+07   0.000000e+00   5306s
 1446659    7.4927483e+08   5.075140e+07   0.000000e+00   5311s
 1446799    7.4927483e+08   5.019393e+07   0.000000e+00   5317s
 1447029    7.4927483e+08   5.588630e+07   0.000000e+00   5323s
 1447189    7.4927483e+08   5.145831e+07   0.000000e+00   5328s
 1447389    7.4927483e+08   3.151594e+08   0.000000e+00   5334s
 1447679    7.4927482e+08   8.241800e+07   0.000000e+00   5339s
 1447789    7.4927482e+08   5.629624e+07   0.000000e+00   5345s
 1447899    7.4927482e+08   5.791061e+07   0.000000e+00   5351s
 1448009    7.4927482e+08   6.375432e+07   0.000000e+00   5356s
 1448129    7.4927481e+08   7.394501e+07   0.000000e+00   5362s
 1448289    7.4927481e+08   6.783394e+07   0.000000e+00   5367s
 1448399    7.4927481e+08   6.453933e+07   0.000000e+00   5373s
 1448519    7.4927481e+08   6.289203e+07   0.000000e+00   5379s
 1448639    7.4927481e+08   6.453799e+07   0.000000e+00   5385s
 1448749    7.4927481e+08   8.583207e+07   0.000000e+00   5390s
 1448899    7.4927481e+08   6.509418e+07   0.000000e+00   5396s
 1448999    7.4927481e+08   5.888700e+07   0.000000e+00   5401s
 1449109    7.4927481e+08   6.328928e+07   0.000000e+00   5407s
 1449219    7.4927481e+08   6.359697e+07   0.000000e+00   5413s
 1449339    7.4927481e+08   6.359697e+07   0.000000e+00   5419s
 1449449    7.4927481e+08   8.827916e+07   0.000000e+00   5425s
 1449559    7.4927481e+08   6.892269e+07   0.000000e+00   5430s
 1449699    7.4927481e+08   6.680298e+07   0.000000e+00   5436s
 1449819    7.4927481e+08   6.920219e+07   0.000000e+00   5442s
 1449939    7.4927481e+08   6.920003e+07   0.000000e+00   5448s
 1450059    7.4927481e+08   6.679518e+07   0.000000e+00   5454s
 1450549    7.4927480e+08   1.374959e+08   0.000000e+00   5460s
 1450799    7.4927479e+08   8.745395e+07   0.000000e+00   5466s
 1450909    7.4927479e+08   9.034441e+07   0.000000e+00   5471s
 1451019    7.4927479e+08   8.899976e+07   0.000000e+00   5477s
 1451129    7.4927479e+08   8.737274e+07   0.000000e+00   5483s
 1451239    7.4927479e+08   8.313173e+07   0.000000e+00   5489s
 1451359    7.4927479e+08   8.313173e+07   0.000000e+00   5495s
 1451479    7.4927479e+08   8.938725e+07   0.000000e+00   5501s
 1451589    7.4927479e+08   8.754603e+07   0.000000e+00   5507s
 1451889    7.4927479e+08   5.862636e+07   0.000000e+00   5512s
 1452049    7.4927479e+08   5.501199e+07   0.000000e+00   5518s
 1452169    7.4927479e+08   6.036990e+07   0.000000e+00   5523s
 1452379    7.4927479e+08   6.276237e+07   0.000000e+00   5529s
 1452499    7.4927478e+08   6.413141e+07   0.000000e+00   5534s
 1452609    7.4927478e+08   6.203223e+07   0.000000e+00   5540s
 1452729    7.4927478e+08   7.823236e+07   0.000000e+00   5546s
 1452839    7.4927478e+08   6.337297e+07   0.000000e+00   5551s
 1452949    7.4927478e+08   5.464026e+07   0.000000e+00   5557s
 1453069    7.4927478e+08   7.117282e+07   0.000000e+00   5563s
 1453189    7.4927478e+08   6.110378e+07   0.000000e+00   5568s
 1453319    7.4927478e+08   6.388059e+07   0.000000e+00   5574s
 1453439    7.4927478e+08   1.008708e+08   0.000000e+00   5580s
 1453619    7.4927478e+08   5.862954e+07   0.000000e+00   5585s
 1453739    7.4927478e+08   5.861517e+07   0.000000e+00   5591s
 1453869    7.4927477e+08   7.496875e+07   0.000000e+00   5597s
 1453989    7.4927477e+08   7.667108e+07   0.000000e+00   5602s
 1454129    7.4927477e+08   6.074031e+07   0.000000e+00   5608s
 1454269    7.4927477e+08   6.523489e+07   0.000000e+00   5614s
 1454379    7.4927477e+08   6.812029e+07   0.000000e+00   5619s
 1454499    7.4927477e+08   6.932237e+07   0.000000e+00   5625s
 1454619    7.4927477e+08   7.173880e+07   0.000000e+00   5631s
 1454759    7.4927477e+08   8.879028e+07   0.000000e+00   5637s
 1454869    7.4927477e+08   6.297270e+07   0.000000e+00   5642s
 1454979    7.4927477e+08   6.055873e+07   0.000000e+00   5648s
 1455099    7.4927477e+08   6.054937e+07   0.000000e+00   5654s
 1455219    7.4927477e+08   6.880842e+07   0.000000e+00   5660s
 1455349    7.4927477e+08   6.371511e+07   0.000000e+00   5665s
 1455479    7.4927477e+08   6.282021e+07   0.000000e+00   5671s
 1455749    7.4927477e+08   2.778193e+08   0.000000e+00   5677s
 1456079    7.4927477e+08   6.263638e+07   0.000000e+00   5682s
 1456189    7.4927477e+08   7.009495e+07   0.000000e+00   5688s
 1456299    7.4927477e+08   8.413592e+07   0.000000e+00   5694s
 1456419    7.4927477e+08   6.890792e+07   0.000000e+00   5700s
 1456529    7.4927476e+08   8.645770e+07   0.000000e+00   5706s
 1456809    7.4927475e+08   7.246775e+07   0.000000e+00   5711s
 1456919    7.4927475e+08   8.182801e+07   0.000000e+00   5717s
 1457029    7.4927475e+08   8.339373e+07   0.000000e+00   5723s
 1457279    7.4927475e+08   6.894780e+07   0.000000e+00   5729s
 1457399    7.4927475e+08   6.347550e+07   0.000000e+00   5735s
 1457519    7.4927475e+08   6.347550e+07   0.000000e+00   5741s
 1457629    7.4927475e+08   7.062804e+07   0.000000e+00   5747s
 1457739    7.4927475e+08   6.837587e+07   0.000000e+00   5752s
 1457849    7.4927474e+08   6.505151e+07   0.000000e+00   5758s
 1457949    7.4927474e+08   8.844344e+07   0.000000e+00   5764s
 1458059    7.4927474e+08   8.149708e+07   0.000000e+00   5769s
 1458169    7.4927474e+08   7.404909e+07   0.000000e+00   5775s
 1458279    7.4927474e+08   7.404909e+07   0.000000e+00   5781s
 1458389    7.4927474e+08   6.944006e+07   0.000000e+00   5787s
 1458499    7.4927474e+08   6.943958e+07   0.000000e+00   5792s
 1458609    7.4927474e+08   6.201461e+07   0.000000e+00   5798s
 1458719    7.4927474e+08   7.203435e+07   0.000000e+00   5803s
 1458829    7.4927474e+08   2.492714e+08   0.000000e+00   5809s
 1458939    7.4927474e+08   7.433784e+07   0.000000e+00   5815s
 1459049    7.4927474e+08   7.119572e+07   0.000000e+00   5820s
 1459159    7.4927474e+08   7.119705e+07   0.000000e+00   5826s
 1459269    7.4927474e+08   7.119720e+07   0.000000e+00   5832s
 1459379    7.4927474e+08   6.866553e+07   0.000000e+00   5838s
 1459489    7.4927474e+08   6.107052e+07   0.000000e+00   5843s
 1459599    7.4927474e+08   6.619489e+07   0.000000e+00   5849s
 1459699    7.4927474e+08   6.649564e+07   0.000000e+00   5855s
 1459809    7.4927474e+08   1.047707e+08   0.000000e+00   5860s
 1459919    7.4927474e+08   6.721074e+07   0.000000e+00   5866s
 1460029    7.4927474e+08   6.802037e+07   0.000000e+00   5872s
 1460139    7.4927474e+08   6.519046e+07   0.000000e+00   5877s
 1460259    7.4927474e+08   6.519059e+07   0.000000e+00   5883s
 1460379    7.4927474e+08   6.250372e+07   0.000000e+00   5889s
 1460499    7.4927474e+08   6.493063e+07   0.000000e+00   5895s
 1460639    7.4927474e+08   6.995503e+07   0.000000e+00   5901s
 1460749    7.4927474e+08   7.203888e+07   0.000000e+00   5907s
 1460859    7.4927473e+08   1.283783e+08   0.000000e+00   5912s
 1460959    7.4927473e+08   9.209137e+07   0.000000e+00   5918s
 1461059    7.4927473e+08   9.209137e+07   0.000000e+00   5923s
 1461159    7.4927472e+08   1.244607e+08   0.000000e+00   5929s
 1461269    7.4927472e+08   7.363241e+07   0.000000e+00   5934s
 1461379    7.4927472e+08   8.226674e+07   0.000000e+00   5940s
 1461489    7.4927472e+08   7.350551e+07   0.000000e+00   5946s
 1461599    7.4927472e+08   7.702581e+07   0.000000e+00   5951s
 1461709    7.4927472e+08   7.946166e+07   0.000000e+00   5957s
 1461819    7.4927472e+08   7.753938e+07   0.000000e+00   5963s
 1461929    7.4927472e+08   7.755313e+07   0.000000e+00   5968s
 1462049    7.4927472e+08   8.497676e+07   0.000000e+00   5975s
 1462159    7.4927472e+08   7.755369e+07   0.000000e+00   5980s
 1462279    7.4927472e+08   8.002823e+07   0.000000e+00   5986s
 1462659    7.4927472e+08   7.403686e+07   0.000000e+00   5992s
 1463179    7.4927472e+08   6.992389e+07   0.000000e+00   5997s
 1463419    7.4927472e+08   5.994268e+08   0.000000e+00   6003s
 1463759    7.4927471e+08   7.251959e+07   0.000000e+00   6009s
 1463889    7.4927471e+08   7.071006e+07   0.000000e+00   6014s
 1464079    7.4927471e+08   6.331822e+07   0.000000e+00   6020s
 1464259    7.4927471e+08   6.412256e+07   0.000000e+00   6026s
 1464389    7.4927471e+08   6.353080e+07   0.000000e+00   6032s
 1464559    7.4927470e+08   1.151694e+08   0.000000e+00   6037s
 1464729    7.4927470e+08   7.041259e+07   0.000000e+00   6043s
 1464949    7.4927470e+08   7.388512e+07   0.000000e+00   6049s
 1465069    7.4927470e+08   7.942074e+07   0.000000e+00   6054s
 1465179    7.4927470e+08   8.921918e+07   0.000000e+00   6060s
 1465279    7.4927470e+08   6.176801e+07   0.000000e+00   6066s
 1465389    7.4927470e+08   6.177010e+07   0.000000e+00   6071s
 1465519    7.4927470e+08   6.446933e+07   0.000000e+00   6077s
 1465639    7.4927470e+08   6.449202e+07   0.000000e+00   6083s
 1465879    7.4927470e+08   1.216445e+08   0.000000e+00   6088s
 1465999    7.4927470e+08   6.810356e+07   0.000000e+00   6094s
 1466109    7.4927470e+08   5.964014e+07   0.000000e+00   6099s
 1466229    7.4927470e+08   5.963946e+07   0.000000e+00   6105s
 1466369    7.4927470e+08   1.631503e+08   0.000000e+00   6111s
 1466639    7.4927470e+08   6.974885e+07   0.000000e+00   6117s
 1466759    7.4927470e+08   6.133332e+07   0.000000e+00   6123s
 1466879    7.4927470e+08   6.098051e+07   0.000000e+00   6128s
 1466979    7.4927470e+08   7.045698e+07   0.000000e+00   6133s
 1467089    7.4927470e+08   6.498835e+07   0.000000e+00   6139s
 1467259    7.4927469e+08   8.011666e+07   0.000000e+00   6144s
 1467389    7.4927469e+08   7.237181e+07   0.000000e+00   6150s
 1467499    7.4927469e+08   7.780448e+07   0.000000e+00   6156s
 1467619    7.4927469e+08   7.780921e+07   0.000000e+00   6162s
 1467739    7.4927469e+08   5.012084e+07   0.000000e+00   6167s
 1468379    7.4927469e+08   1.235311e+08   0.000000e+00   6173s
 1468639    7.4927468e+08   5.727495e+07   0.000000e+00   6178s
 1468939    7.4927467e+08   5.735838e+07   0.000000e+00   6184s
 1469059    7.4927467e+08   6.051981e+07   0.000000e+00   6190s
 1469179    7.4927467e+08   9.284690e+07   0.000000e+00   6196s
 1469289    7.4927467e+08   1.028029e+08   0.000000e+00   6201s
 1469469    7.4927467e+08   4.223187e+07   0.000000e+00   6207s
 1469619    7.4927467e+08   5.857099e+07   0.000000e+00   6213s
 1469739    7.4927467e+08   3.569830e+08   0.000000e+00   6219s
 1470129    7.4927466e+08   5.831361e+07   0.000000e+00   6224s
 1470239    7.4927466e+08   7.608912e+07   0.000000e+00   6229s
 1470349    7.4927466e+08   7.996375e+07   0.000000e+00   6235s
 1470469    7.4927466e+08   7.617288e+07   0.000000e+00   6241s
 1470579    7.4927466e+08   8.005008e+07   0.000000e+00   6247s
 1470689    7.4927466e+08   7.617339e+07   0.000000e+00   6252s
 1470799    7.4927466e+08   7.814192e+07   0.000000e+00   6258s
 1470909    7.4927466e+08   8.000045e+07   0.000000e+00   6264s
 1471019    7.4927466e+08   7.891739e+07   0.000000e+00   6269s
 1471129    7.4927466e+08   7.814166e+07   0.000000e+00   6275s
 1471239    7.4927466e+08   7.437484e+07   0.000000e+00   6280s
 1471349    7.4927466e+08   8.262506e+07   0.000000e+00   6286s
 1471469    7.4927466e+08   7.703719e+07   0.000000e+00   6292s
 1471579    7.4927466e+08   7.168861e+07   0.000000e+00   6297s
 1471689    7.4927466e+08   7.060951e+07   0.000000e+00   6303s
 1471809    7.4927466e+08   7.586176e+07   0.000000e+00   6309s
 1471929    7.4927466e+08   9.710477e+07   0.000000e+00   6314s
 1472059    7.4927465e+08   8.607559e+07   0.000000e+00   6320s
 1472169    7.4927465e+08   7.606786e+07   0.000000e+00   6325s
 1472279    7.4927465e+08   8.398279e+07   0.000000e+00   6331s
 1472399    7.4927465e+08   7.635786e+07   0.000000e+00   6337s
 1472519    7.4927465e+08   6.980407e+07   0.000000e+00   6343s
 1472639    7.4927465e+08   7.822764e+07   0.000000e+00   6349s
 1472749    7.4927465e+08   6.517382e+07   0.000000e+00   6354s
 1472859    7.4927465e+08   6.626496e+07   0.000000e+00   6360s
 1472969    7.4927465e+08   8.738744e+07   0.000000e+00   6365s
 1473079    7.4927465e+08   8.771221e+07   0.000000e+00   6371s
 1473189    7.4927465e+08   8.771221e+07   0.000000e+00   6377s
 1473299    7.4927465e+08   8.274770e+07   0.000000e+00   6382s
 1473399    7.4927464e+08   1.011902e+08   0.000000e+00   6387s
 1473539    7.4927464e+08   8.799888e+07   0.000000e+00   6393s
 1473669    7.4927464e+08   9.063803e+07   0.000000e+00   6399s
 1473769    7.4927464e+08   8.243043e+07   0.000000e+00   6404s
 1473879    7.4927464e+08   8.608438e+07   0.000000e+00   6410s
 1473989    7.4927464e+08   7.360547e+07   0.000000e+00   6415s
 1474109    7.4927464e+08   6.807486e+07   0.000000e+00   6421s
 1474219    7.4927464e+08   6.807438e+07   0.000000e+00   6427s
 1474339    7.4927464e+08   6.431856e+07   0.000000e+00   6433s
 1474479    7.4927464e+08   9.170259e+07   0.000000e+00   6439s
 1474589    7.4927463e+08   1.023077e+08   0.000000e+00   6444s
 1474699    7.4927463e+08   9.075501e+07   0.000000e+00   6450s
 1474809    7.4927463e+08   7.494699e+07   0.000000e+00   6455s
 1474919    7.4927463e+08   9.524197e+07   0.000000e+00   6461s
 1475039    7.4927463e+08   9.265504e+07   0.000000e+00   6467s
 1475149    7.4927463e+08   9.123569e+07   0.000000e+00   6472s
 1475589    7.4927463e+08   7.413665e+07   0.000000e+00   6478s
 1475709    7.4927463e+08   7.136518e+07   0.000000e+00   6484s
 1475829    7.4927463e+08   7.136478e+07   0.000000e+00   6490s
 1475949    7.4927463e+08   7.136478e+07   0.000000e+00   6496s
 1476069    7.4927463e+08   7.434209e+07   0.000000e+00   6502s
 1476179    7.4927463e+08   7.531368e+07   0.000000e+00   6508s
 1476289    7.4927463e+08   1.085100e+08   0.000000e+00   6513s
 1476399    7.4927463e+08   8.592854e+07   0.000000e+00   6519s
 1476519    7.4927463e+08   8.876159e+07   0.000000e+00   6525s
 1476629    7.4927462e+08   1.556544e+08   0.000000e+00   6531s
 1476729    7.4927462e+08   6.969638e+07   0.000000e+00   6536s
 1476839    7.4927462e+08   7.533566e+07   0.000000e+00   6541s
 1476949    7.4927461e+08   7.819817e+07   0.000000e+00   6547s
 1477069    7.4927461e+08   8.387536e+07   0.000000e+00   6553s
 1477169    7.4927461e+08   8.875062e+07   0.000000e+00   6558s
 1477279    7.4927461e+08   8.481831e+07   0.000000e+00   6563s
 1477379    7.4927461e+08   1.255120e+08   0.000000e+00   6569s
 1477479    7.4927461e+08   8.379170e+07   0.000000e+00   6574s
 1477579    7.4927460e+08   7.603264e+07   0.000000e+00   6580s
 1477679    7.4927460e+08   8.695283e+07   0.000000e+00   6585s
 1477789    7.4927460e+08   8.850859e+07   0.000000e+00   6591s
 1477899    7.4927460e+08   1.556611e+08   0.000000e+00   6596s
 1478009    7.4927460e+08   9.415317e+07   0.000000e+00   6602s
 1478119    7.4927460e+08   8.487391e+07   0.000000e+00   6608s
 1478219    7.4927459e+08   8.059097e+07   0.000000e+00   6613s
 1478319    7.4927459e+08   7.983225e+07   0.000000e+00   6619s
 1478429    7.4927459e+08   8.538619e+07   0.000000e+00   6624s
 1478539    7.4927459e+08   8.816301e+07   0.000000e+00   6630s
 1478659    7.4927459e+08   8.816301e+07   0.000000e+00   6636s
 1478779    7.4927459e+08   8.816301e+07   0.000000e+00   6642s
 1478889    7.4927459e+08   7.444468e+07   0.000000e+00   6647s
 1478989    7.4927459e+08   7.713804e+07   0.000000e+00   6652s
 1479089    7.4927459e+08   7.153869e+07   0.000000e+00   6658s
 1479189    7.4927459e+08   1.981775e+08   0.000000e+00   6663s
 1479299    7.4927459e+08   6.057123e+07   0.000000e+00   6669s
 1479419    7.4927459e+08   1.753113e+08   0.000000e+00   6674s
 1479529    7.4927459e+08   7.773353e+07   0.000000e+00   6680s
 1479639    7.4927459e+08   6.257680e+07   0.000000e+00   6686s
 1479789    7.4927459e+08   7.233951e+07   0.000000e+00   6691s
 1479899    7.4927459e+08   1.457436e+08   0.000000e+00   6697s
 1480009    7.4927459e+08   1.456850e+08   0.000000e+00   6702s
 1480219    7.4927459e+08   5.031048e+07   0.000000e+00   6708s
 1480859    7.4927458e+08   9.453709e+07   0.000000e+00   6713s
 1481089    7.4927457e+08   6.216382e+07   0.000000e+00   6719s
 1481199    7.4927457e+08   7.523270e+07   0.000000e+00   6724s
 1481309    7.4927457e+08   7.523270e+07   0.000000e+00   6730s
 1481419    7.4927457e+08   7.523270e+07   0.000000e+00   6735s
 1481529    7.4927457e+08   7.821341e+07   0.000000e+00   6741s
 1481639    7.4927457e+08   7.358120e+07   0.000000e+00   6747s
 1481749    7.4927457e+08   6.877848e+07   0.000000e+00   6752s
 1481859    7.4927457e+08   7.044402e+07   0.000000e+00   6758s
 1482009    7.4927457e+08   9.516514e+07   0.000000e+00   6763s
 1482399    7.4927457e+08   7.406947e+07   0.000000e+00   6769s
 1482519    7.4927457e+08   7.716484e+07   0.000000e+00   6774s
 1482639    7.4927457e+08   8.309742e+07   0.000000e+00   6780s
 1482779    7.4927456e+08   6.854376e+07   0.000000e+00   6786s
 1482879    7.4927456e+08   7.433390e+07   0.000000e+00   6791s
 1482979    7.4927456e+08   7.433234e+07   0.000000e+00   6796s
 1483079    7.4927456e+08   6.641329e+07   0.000000e+00   6802s
 1483189    7.4927456e+08   6.641329e+07   0.000000e+00   6807s
 1483379    7.4927456e+08   3.701953e+07   0.000000e+00   6812s
 1483499    7.4927456e+08   6.645580e+07   0.000000e+00   6818s
 1483619    7.4927456e+08   6.632029e+07   0.000000e+00   6824s
 1483719    7.4927456e+08   6.631309e+07   0.000000e+00   6829s
 1483919    7.4927456e+08   9.083877e+07   0.000000e+00   6834s
 1484029    7.4927456e+08   8.785135e+07   0.000000e+00   6840s
 1484139    7.4927456e+08   8.180572e+07   0.000000e+00   6845s
 1484329    7.4927456e+08   1.337099e+08   0.000000e+00   6851s
 1484439    7.4927455e+08   8.081731e+07   0.000000e+00   6857s
 1484549    7.4927455e+08   9.510253e+07   0.000000e+00   6862s
 1484649    7.4927455e+08   1.216317e+08   0.000000e+00   6867s
 1484749    7.4927455e+08   7.478015e+07   0.000000e+00   6873s
 1484859    7.4927455e+08   8.446604e+07   0.000000e+00   6879s
 1484969    7.4927455e+08   8.928351e+07   0.000000e+00   6884s
 1485079    7.4927455e+08   8.341945e+07   0.000000e+00   6890s
 1485189    7.4927455e+08   8.050310e+07   0.000000e+00   6895s
 1485299    7.4927455e+08   8.932099e+07   0.000000e+00   6901s
 1485489    7.4927454e+08   1.261624e+08   0.000000e+00   6906s
 1486199    7.4927454e+08   1.073507e+08   0.000000e+00   6912s
 1486319    7.4927454e+08   7.612024e+07   0.000000e+00   6917s
 1486439    7.4927454e+08   6.972008e+07   0.000000e+00   6923s
 1486549    7.4927454e+08   9.400754e+07   0.000000e+00   6928s
 1486659    7.4927454e+08   9.099485e+07   0.000000e+00   6934s
 1486769    7.4927454e+08   9.721826e+07   0.000000e+00   6940s
 1486879    7.4927454e+08   1.321530e+08   0.000000e+00   6945s
 1487009    7.4927454e+08   6.191355e+07   0.000000e+00   6951s
 1487169    7.4927454e+08   4.308992e+07   0.000000e+00   6956s
 1487339    7.4927454e+08   6.663414e+07   0.000000e+00   6962s
 1487639    7.4927453e+08   1.820341e+08   0.000000e+00   6967s
 1487829    7.4927453e+08   6.673824e+07   0.000000e+00   6973s
 1487999    7.4927453e+08   9.115855e+07   0.000000e+00   6978s
 1488109    7.4927453e+08   9.721148e+07   0.000000e+00   6984s
 1488209    7.4927453e+08   1.419715e+08   0.000000e+00   6989s
 1488379    7.4927453e+08   1.460374e+08   0.000000e+00   6995s
 1488539    7.4927453e+08   1.242702e+08   0.000000e+00   7000s
 1489339    7.4927453e+08   7.590431e+07   0.000000e+00   7005s
 1489539    7.4927453e+08   1.364472e+08   0.000000e+00   7011s
 1491030    7.4927451e+08   8.295232e+07   0.000000e+00   7019s
 1491140    7.4927451e+08   9.039787e+07   0.000000e+00   7024s
 1491250    7.4927451e+08   8.570173e+07   0.000000e+00   7029s
 1491370    7.4927451e+08   8.269799e+07   0.000000e+00   7035s
 1491480    7.4927451e+08   1.043455e+08   0.000000e+00   7041s
 1491590    7.4927451e+08   1.042473e+08   0.000000e+00   7046s
 1491780    7.4927450e+08   9.229429e+07   0.000000e+00   7051s
 1492780    7.4927450e+08   9.173079e+07   0.000000e+00   7057s
 1492930    7.4927450e+08   3.542673e+07   0.000000e+00   7062s
 1493260    7.4927449e+08   7.198709e+07   0.000000e+00   7068s
 1493410    7.4927449e+08   7.749944e+07   0.000000e+00   7074s
 1493520    7.4927449e+08   7.106289e+07   0.000000e+00   7079s
 1493630    7.4927449e+08   8.882069e+07   0.000000e+00   7085s
 1493860    7.4927449e+08   3.776495e+07   0.000000e+00   7090s
 1494150    7.4927449e+08   8.203351e+07   0.000000e+00   7095s
 1494340    7.4927448e+08   4.398503e+07   0.000000e+00   7101s
 1495461    7.4927447e+08   4.863000e+07   0.000000e+00   7108s
 1495561    7.4927447e+08   1.426213e+08   0.000000e+00   7113s
 1495671    7.4927447e+08   9.791635e+07   0.000000e+00   7119s
 1495771    7.4927447e+08   9.861355e+07   0.000000e+00   7124s
 1495881    7.4927446e+08   8.644058e+07   0.000000e+00   7129s
 1495981    7.4927446e+08   1.399906e+08   0.000000e+00   7135s
 1496131    7.4927446e+08   4.650353e+07   0.000000e+00   7140s
 1496301    7.4927446e+08   5.245020e+07   0.000000e+00   7146s
 1496421    7.4927446e+08   6.703581e+07   0.000000e+00   7151s
 1496661    7.4927446e+08   1.341849e+08   0.000000e+00   7156s
 1496841    7.4927446e+08   5.973157e+07   0.000000e+00   7162s
 1496971    7.4927446e+08   4.762169e+07   0.000000e+00   7167s
 1497861    7.4927445e+08   1.334863e+08   0.000000e+00   7172s
 1497991    7.4927444e+08   9.344139e+07   0.000000e+00   7178s
 1498101    7.4927444e+08   9.487192e+07   0.000000e+00   7183s
 1498221    7.4927444e+08   6.480972e+07   0.000000e+00   7188s
 1498331    7.4927444e+08   1.778993e+08   0.000000e+00   7194s
 1498461    7.4927444e+08   2.940862e+08   0.000000e+00   7199s
 1498581    7.4927444e+08   6.839282e+07   0.000000e+00   7204s
 1498701    7.4927444e+08   1.942418e+08   0.000000e+00   7210s
 1498821    7.4927444e+08   1.026401e+08   0.000000e+00   7215s
 1498941    7.4927444e+08   1.033728e+08   0.000000e+00   7221s
 1499091    7.4927444e+08   7.099982e+07   0.000000e+00   7226s
 1499971    7.4927444e+08   6.246514e+07   0.000000e+00   7232s
 1500361    7.4927443e+08   9.728922e+07   0.000000e+00   7237s
 1500491    7.4927443e+08   7.275117e+07   0.000000e+00   7243s
 1500631    7.4927443e+08   1.539424e+08   0.000000e+00   7248s
 1500891    7.4927442e+08   2.195152e+08   0.000000e+00   7254s
 1501211    7.4927442e+08   5.215698e+07   0.000000e+00   7259s
 1501561    7.4927442e+08   4.700517e+07   0.000000e+00   7264s
 1501901    7.4927442e+08   1.239420e+10   0.000000e+00   7270s
 1502851    7.4927441e+08   9.753121e+07   0.000000e+00   7275s
 1503111    7.4927440e+08   7.063997e+07   0.000000e+00   7280s
 1503221    7.4927440e+08   8.207285e+07   0.000000e+00   7286s
 1503591    7.4927439e+08   1.154388e+08   0.000000e+00   7293s
 1503701    7.4927439e+08   6.681378e+07   0.000000e+00   7299s
 1503871    7.4927438e+08   7.697606e+07   0.000000e+00   7306s
 1503971    7.4927438e+08   7.746710e+07   0.000000e+00   7311s
 1504071    7.4927438e+08   8.803952e+07   0.000000e+00   7317s
 1504181    7.4927437e+08   7.048231e+07   0.000000e+00   7322s
 1504291    7.4927437e+08   5.917368e+07   0.000000e+00   7328s
 1504401    7.4927437e+08   6.653519e+07   0.000000e+00   7333s
 1504511    7.4927437e+08   5.490912e+07   0.000000e+00   7339s
 1504631    7.4927437e+08   5.518597e+07   0.000000e+00   7344s
 1504741    7.4927437e+08   5.655424e+07   0.000000e+00   7350s
 1504851    7.4927437e+08   7.127054e+07   0.000000e+00   7355s
 1504971    7.4927437e+08   7.751511e+07   0.000000e+00   7360s
 1505251    7.4927437e+08   7.097509e+07   0.000000e+00   7366s
 1505361    7.4927437e+08   1.937399e+08   0.000000e+00   7371s
 1505481    7.4927437e+08   1.443242e+08   0.000000e+00   7377s
 1505601    7.4927437e+08   1.935609e+08   0.000000e+00   7383s
 1505721    7.4927437e+08   1.441678e+08   0.000000e+00   7388s
 1505841    7.4927437e+08   1.441305e+08   0.000000e+00   7394s
 1505961    7.4927437e+08   7.055387e+07   0.000000e+00   7400s
 1506071    7.4927437e+08   8.678696e+07   0.000000e+00   7405s
 1506301    7.4927437e+08   5.546476e+07   0.000000e+00   7410s
 1506411    7.4927437e+08   1.978654e+08   0.000000e+00   7416s
 1506531    7.4927437e+08   1.468292e+08   0.000000e+00   7421s
 1506641    7.4927437e+08   1.468066e+08   0.000000e+00   7427s
 1506751    7.4927437e+08   7.230754e+07   0.000000e+00   7432s
 1506871    7.4927437e+08   8.572325e+07   0.000000e+00   7438s
 1507131    7.4927436e+08   5.287647e+07   0.000000e+00   7443s
 1507451    7.4927436e+08   5.953348e+07   0.000000e+00   7449s
 1507711    7.4927436e+08   1.459424e+08   0.000000e+00   7454s
 1507991    7.4927436e+08   4.048800e+07   0.000000e+00   7460s
 1508511    7.4927435e+08   1.123299e+08   0.000000e+00   7465s
 1508681    7.4927435e+08   1.552508e+08   0.000000e+00   7470s
 1509151    7.4927434e+08   6.378138e+07   0.000000e+00   7475s
 1509281    7.4927433e+08   8.246942e+07   0.000000e+00   7480s
 1509401    7.4927433e+08   6.457186e+07   0.000000e+00   7486s
 1509521    7.4927433e+08   1.296670e+08   0.000000e+00   7491s
 1509841    7.4927433e+08   1.161199e+09   0.000000e+00   7496s
 1510021    7.4927433e+08   4.834134e+07   0.000000e+00   7502s
 1510341    7.4927433e+08   1.924392e+08   0.000000e+00   7507s
 1511061    7.4927433e+08   7.829798e+07   0.000000e+00   7512s
 1511341    7.4927432e+08   1.361151e+08   0.000000e+00   7518s
 1511451    7.4927432e+08   7.729617e+07   0.000000e+00   7523s
 1511561    7.4927432e+08   1.014619e+08   0.000000e+00   7528s
 1511671    7.4927432e+08   8.093424e+07   0.000000e+00   7533s
 1511811    7.4927432e+08   7.003691e+07   0.000000e+00   7539s
 1511961    7.4927432e+08   5.123667e+07   0.000000e+00   7544s
 1512121    7.4927432e+08   5.177581e+07   0.000000e+00   7550s
 1512241    7.4927432e+08   2.405499e+08   0.000000e+00   7555s
 1513001    7.4927431e+08   1.932774e+08   0.000000e+00   7561s
 1513111    7.4927431e+08   4.617862e+07   0.000000e+00   7566s
 1513501    7.4927430e+08   1.631819e+08   0.000000e+00   7571s
 1513601    7.4927429e+08   1.427995e+08   0.000000e+00   7576s
 1513701    7.4927429e+08   1.028028e+09   0.000000e+00   7582s
 1513821    7.4927429e+08   7.372896e+07   0.000000e+00   7587s
 1513931    7.4927429e+08   6.518686e+07   0.000000e+00   7592s
 1514041    7.4927429e+08   6.880978e+07   0.000000e+00   7598s
 1514151    7.4927429e+08   6.550082e+07   0.000000e+00   7603s
 1514261    7.4927429e+08   6.265143e+07   0.000000e+00   7609s
 1514381    7.4927429e+08   6.585734e+07   0.000000e+00   7614s
 1514501    7.4927429e+08   6.570453e+07   0.000000e+00   7620s
 1514611    7.4927429e+08   6.626686e+07   0.000000e+00   7626s
 1514741    7.4927429e+08   9.872988e+07   0.000000e+00   7631s
 1515341    7.4927427e+08   5.842730e+07   0.000000e+00   7636s
 1515481    7.4927427e+08   5.694483e+07   0.000000e+00   7642s
 1515851    7.4927426e+08   9.668039e+07   0.000000e+00   7647s
 1515961    7.4927426e+08   7.976927e+07   0.000000e+00   7652s
 1516091    7.4927425e+08   8.543675e+07   0.000000e+00   7657s
 1516821    7.4927424e+08   2.241170e+08   0.000000e+00   7663s
 1516931    7.4927424e+08   5.067743e+07   0.000000e+00   7668s
 1517061    7.4927424e+08   5.056923e+07   0.000000e+00   7674s
 1517231    7.4927424e+08   7.563771e+07   0.000000e+00   7679s
 1517551    7.4927424e+08   6.251583e+07   0.000000e+00   7684s
 1517791    7.4927424e+08   5.173232e+07   0.000000e+00   7690s
 1518111    7.4927423e+08   1.225400e+08   0.000000e+00   7695s
 1518301    7.4927422e+08   1.943397e+08   0.000000e+00   7700s
 1519031    7.4927422e+08   1.454589e+08   0.000000e+00   7706s
 1519151    7.4927422e+08   6.400730e+07   0.000000e+00   7711s
 1519271    7.4927422e+08   5.587186e+07   0.000000e+00   7717s
 1519381    7.4927422e+08   9.317930e+07   0.000000e+00   7722s
 1519491    7.4927422e+08   2.696555e+08   0.000000e+00   7728s
 1519601    7.4927422e+08   5.481343e+07   0.000000e+00   7733s
 1519731    7.4927422e+08   5.562132e+07   0.000000e+00   7739s
 1519851    7.4927422e+08   6.621349e+07   0.000000e+00   7744s
 1519961    7.4927422e+08   5.731637e+07   0.000000e+00   7749s
 1520111    7.4927422e+08   7.242104e+07   0.000000e+00   7754s
 1520261    7.4927422e+08   5.608647e+07   0.000000e+00   7760s
 1520411    7.4927422e+08   7.027818e+07   0.000000e+00   7765s
 1521351    7.4927421e+08   6.931625e+07   0.000000e+00   7771s
 1521471    7.4927421e+08   7.948608e+07   0.000000e+00   7776s
 1521581    7.4927421e+08   1.016698e+08   0.000000e+00   7781s
 1521691    7.4927421e+08   1.052546e+08   0.000000e+00   7787s
 1521801    7.4927421e+08   6.003289e+07   0.000000e+00   7792s
 1521911    7.4927421e+08   7.594487e+07   0.000000e+00   7797s
 1522031    7.4927421e+08   9.769541e+07   0.000000e+00   7803s
 1522141    7.4927420e+08   1.302991e+08   0.000000e+00   7809s
 1522251    7.4927420e+08   6.409690e+07   0.000000e+00   7814s
 1523252    7.4927419e+08   6.245559e+07   0.000000e+00   7819s
 1523382    7.4927419e+08   6.237926e+07   0.000000e+00   7825s
 1523502    7.4927419e+08   7.225752e+07   0.000000e+00   7831s
 1523612    7.4927419e+08   7.478587e+07   0.000000e+00   7836s
 1523722    7.4927419e+08   8.860766e+07   0.000000e+00   7841s
 1523842    7.4927419e+08   6.300654e+07   0.000000e+00   7847s
 1523972    7.4927419e+08   6.316552e+07   0.000000e+00   7853s
 1524082    7.4927419e+08   1.431571e+09   0.000000e+00   7858s
 1524182    7.4927418e+08   1.265289e+08   0.000000e+00   7864s
 1524292    7.4927418e+08   6.835568e+07   0.000000e+00   7869s
 1524392    7.4927417e+08   2.484858e+08   0.000000e+00   7874s
 1524502    7.4927417e+08   6.966818e+07   0.000000e+00   7880s
 1524632    7.4927417e+08   8.052274e+07   0.000000e+00   7885s
 1524752    7.4927417e+08   6.955542e+07   0.000000e+00   7891s
 1524872    7.4927417e+08   6.972537e+07   0.000000e+00   7896s
 1524982    7.4927417e+08   6.648167e+07   0.000000e+00   7901s
 1525092    7.4927417e+08   7.641701e+07   0.000000e+00   7907s
 1525212    7.4927417e+08   7.917390e+07   0.000000e+00   7913s
 1525332    7.4927417e+08   1.045363e+08   0.000000e+00   7918s
 1525442    7.4927417e+08   1.214403e+08   0.000000e+00   7923s
 1525562    7.4927417e+08   8.219866e+07   0.000000e+00   7929s
 1525682    7.4927417e+08   8.741056e+07   0.000000e+00   7935s
 1525802    7.4927417e+08   8.749436e+07   0.000000e+00   7941s
 1525912    7.4927417e+08   1.066423e+08   0.000000e+00   7946s
 1526032    7.4927417e+08   9.007388e+07   0.000000e+00   7951s
 1526152    7.4927417e+08   6.864129e+07   0.000000e+00   7957s
 1526262    7.4927417e+08   9.733401e+07   0.000000e+00   7963s
 1526372    7.4927417e+08   6.881731e+07   0.000000e+00   7968s
 1527373    7.4927416e+08   1.030162e+08   0.000000e+00   7972s
 1527513    7.4927415e+08   4.797724e+07   0.000000e+00   7977s
 1528323    7.4927415e+08   1.119818e+08   0.000000e+00   7983s
 1528583    7.4927414e+08   5.247890e+07   0.000000e+00   7988s
 1528733    7.4927414e+08   4.938793e+07   0.000000e+00   7993s
 1529734    7.4927414e+08   4.879828e+07   0.000000e+00   7997s
 1529934    7.4927413e+08   9.660327e+07   0.000000e+00   8003s
 1530314    7.4927413e+08   7.736632e+07   0.000000e+00   8008s
 1530424    7.4927412e+08   5.277662e+07   0.000000e+00   8014s
 1530534    7.4927412e+08   1.499091e+08   0.000000e+00   8019s
 1530634    7.4927412e+08   5.402573e+07   0.000000e+00   8024s
 1530774    7.4927412e+08   9.593252e+07   0.000000e+00   8030s
 1530894    7.4927411e+08   1.219464e+08   0.000000e+00   8035s
 1531004    7.4927411e+08   1.392223e+08   0.000000e+00   8041s
 1531844    7.4927410e+08   1.059709e+08   0.000000e+00   8046s
 1531954    7.4927410e+08   1.056849e+08   0.000000e+00   8052s
 1532064    7.4927409e+08   2.090499e+08   0.000000e+00   8057s
 1532164    7.4927409e+08   7.172477e+07   0.000000e+00   8063s
 1532264    7.4927408e+08   1.702040e+08   0.000000e+00   8068s
 1532394    7.4927408e+08   6.240903e+07   0.000000e+00   8073s
 1532524    7.4927408e+08   7.760496e+07   0.000000e+00   8079s
 1532634    7.4927408e+08   6.278514e+07   0.000000e+00   8085s
 1532854    7.4927408e+08   6.247581e+07   0.000000e+00   8090s
 1533044    7.4927408e+08   6.287847e+07   0.000000e+00   8096s
 1533264    7.4927408e+08   6.322587e+07   0.000000e+00   8101s
 1533414    7.4927407e+08   1.399820e+08   0.000000e+00   8107s
 1533564    7.4927407e+08   6.392247e+07   0.000000e+00   8112s
 1533714    7.4927407e+08   1.084251e+08   0.000000e+00   8118s
 1533884    7.4927406e+08   7.629254e+07   0.000000e+00   8123s
 1534684    7.4927405e+08   8.230320e+07   0.000000e+00   8128s
 1535254    7.4927404e+08   1.274810e+08   0.000000e+00   8133s
 1535644    7.4927403e+08   1.176773e+09   0.000000e+00   8139s
 1535794    7.4927403e+08   6.560852e+07   0.000000e+00   8144s
 1536044    7.4927403e+08   9.174710e+07   0.000000e+00   8150s
 1536214    7.4927402e+08   2.072537e+08   0.000000e+00   8155s
 1536524    7.4927401e+08   8.251621e+07   0.000000e+00   8161s
 1536724    7.4927401e+08   7.767899e+07   0.000000e+00   8166s
 1536904    7.4927401e+08   1.455411e+08   0.000000e+00   8172s
 1537054    7.4927401e+08   8.435841e+07   0.000000e+00   8177s
 1537244    7.4927401e+08   5.706392e+07   0.000000e+00   8183s
 1537424    7.4927401e+08   9.971754e+07   0.000000e+00   8188s
 1537604    7.4927401e+08   1.054506e+08   0.000000e+00   8194s
 1537774    7.4927401e+08   7.387663e+07   0.000000e+00   8199s
 1538314    7.4927400e+08   7.446333e+07   0.000000e+00   8205s
 1539315    7.4927399e+08   3.644642e+08   0.000000e+00   8208s
 1539795    7.4927399e+08   4.319034e+08   0.000000e+00   8213s
 1540035    7.4927398e+08   9.828115e+07   0.000000e+00   8219s
 1541196    7.4927398e+08   8.322307e+07   0.000000e+00   8225s
 1541316    7.4927398e+08   6.415149e+07   0.000000e+00   8231s
 1541426    7.4927398e+08   6.382447e+07   0.000000e+00   8236s
 1541546    7.4927397e+08   7.164726e+07   0.000000e+00   8242s
 1541676    7.4927397e+08   1.045623e+08   0.000000e+00   8247s
 1541796    7.4927397e+08   2.655826e+08   0.000000e+00   8253s
 1541906    7.4927397e+08   8.450863e+07   0.000000e+00   8258s
 1542016    7.4927397e+08   6.828593e+08   0.000000e+00   8264s
 1542126    7.4927397e+08   9.457770e+07   0.000000e+00   8269s
 1542246    7.4927397e+08   1.018482e+08   0.000000e+00   8275s
 1542356    7.4927397e+08   9.491366e+07   0.000000e+00   8281s
 1542466    7.4927396e+08   1.223982e+08   0.000000e+00   8287s
 1542566    7.4927396e+08   1.132904e+08   0.000000e+00   8292s
 1545478    7.4927394e+08   2.373720e+08   0.000000e+00   8298s
 1545868    7.4927393e+08   5.478688e+07   0.000000e+00   8303s
 1546048    7.4927393e+08   1.482344e+08   0.000000e+00   8309s
 1546478    7.4927392e+08   7.117411e+07   0.000000e+00   8314s
 1546598    7.4927392e+08   7.782081e+07   0.000000e+00   8319s
 1547078    7.4927391e+08   7.723955e+07   0.000000e+00   8325s
 1547308    7.4927391e+08   1.012134e+08   0.000000e+00   8330s
 1547498    7.4927390e+08   5.911212e+07   0.000000e+00   8336s
 1548168    7.4927389e+08   9.386208e+07   0.000000e+00   8341s
 1548588    7.4927389e+08   9.086855e+07   0.000000e+00   8347s
 1548808    7.4927389e+08   8.227766e+07   0.000000e+00   8352s
 1548958    7.4927389e+08   7.466387e+07   0.000000e+00   8358s
 1549098    7.4927389e+08   1.353385e+08   0.000000e+00   8363s
 1549358    7.4927389e+08   7.878634e+07   0.000000e+00   8369s
 1549558    7.4927389e+08   9.164259e+07   0.000000e+00   8375s
 1549738    7.4927388e+08   5.846705e+07   0.000000e+00   8380s
 1549898    7.4927388e+08   1.366867e+08   0.000000e+00   8386s
 1550098    7.4927388e+08   8.134267e+07   0.000000e+00   8391s
 1550438    7.4927388e+08   1.403998e+08   0.000000e+00   8397s
 1550648    7.4927387e+08   1.334532e+08   0.000000e+00   8403s
 1550768    7.4927387e+08   1.049526e+08   0.000000e+00   8408s
 1550898    7.4927387e+08   1.170906e+08   0.000000e+00   8414s
 1551008    7.4927387e+08   1.263704e+08   0.000000e+00   8419s
 1551198    7.4927387e+08   1.248036e+08   0.000000e+00   8424s
 1551328    7.4927387e+08   1.219310e+08   0.000000e+00   8431s
 1551458    7.4927387e+08   7.726868e+07   0.000000e+00   8436s
 1551608    7.4927386e+08   1.190780e+08   0.000000e+00   8442s
 1551928    7.4927386e+08   1.083367e+08   0.000000e+00   8447s
 1552098    7.4927386e+08   1.098095e+08   0.000000e+00   8453s
 1552218    7.4927386e+08   8.799767e+07   0.000000e+00   8459s
 1552378    7.4927385e+08   1.094627e+08   0.000000e+00   8464s
 1552508    7.4927385e+08   2.823421e+08   0.000000e+00   8470s
 1552658    7.4927385e+08   9.265182e+07   0.000000e+00   8475s
 1552808    7.4927385e+08   9.276799e+07   0.000000e+00   8481s
 1552948    7.4927385e+08   9.279949e+07   0.000000e+00   8487s
 1553078    7.4927385e+08   9.284237e+07   0.000000e+00   8492s
 1553228    7.4927385e+08   9.158978e+07   0.000000e+00   8498s
 1553358    7.4927385e+08   3.740919e+08   0.000000e+00   8504s
 1553488    7.4927385e+08   9.276872e+07   0.000000e+00   8509s
 1553608    7.4927385e+08   9.246132e+07   0.000000e+00   8515s
 1553738    7.4927384e+08   8.775512e+07   0.000000e+00   8521s
 1553918    7.4927384e+08   1.007112e+08   0.000000e+00   8527s
 1554038    7.4927384e+08   1.049269e+08   0.000000e+00   8533s
 1554178    7.4927384e+08   8.813161e+07   0.000000e+00   8538s
 1554298    7.4927384e+08   8.585411e+07   0.000000e+00   8544s
 1554418    7.4927384e+08   7.195855e+07   0.000000e+00   8550s
 1554578    7.4927384e+08   8.401490e+07   0.000000e+00   8555s
 1554778    7.4927384e+08   7.159497e+07   0.000000e+00   8561s
 1554928    7.4927384e+08   9.266060e+07   0.000000e+00   8567s
 1555048    7.4927384e+08   9.265957e+07   0.000000e+00   8572s
 1555198    7.4927384e+08   1.012607e+08   0.000000e+00   8578s
 1555338    7.4927384e+08   9.885222e+07   0.000000e+00   8584s
 1555458    7.4927384e+08   9.464541e+07   0.000000e+00   8590s
 1555578    7.4927384e+08   1.365949e+08   0.000000e+00   8595s
 1555718    7.4927384e+08   1.542911e+08   0.000000e+00   8601s
 1555858    7.4927384e+08   9.078854e+07   0.000000e+00   8607s
 1556038    7.4927384e+08   1.035748e+08   0.000000e+00   8612s
 1556148    7.4927384e+08   1.382868e+08   0.000000e+00   8617s
 1556338    7.4927384e+08   1.168584e+08   0.000000e+00   8623s
 1556468    7.4927384e+08   1.088953e+08   0.000000e+00   8628s
 1556858    7.4927383e+08   7.444647e+07   0.000000e+00   8634s
 1556998    7.4927383e+08   7.960676e+07   0.000000e+00   8639s
 1557618    7.4927383e+08   1.283612e+08   0.000000e+00   8645s
 1557848    7.4927383e+08   1.160382e+08   0.000000e+00   8650s
 1558068    7.4927383e+08   1.100974e+08   0.000000e+00   8656s
 1558288    7.4927383e+08   1.039321e+08   0.000000e+00   8662s
 1558488    7.4927382e+08   8.784062e+07   0.000000e+00   8667s
 1558708    7.4927382e+08   1.004611e+08   0.000000e+00   8673s
 1558958    7.4927382e+08   1.109975e+08   0.000000e+00   8678s
 1559158    7.4927382e+08   9.716263e+07   0.000000e+00   8684s
 1559328    7.4927382e+08   9.697850e+07   0.000000e+00   8689s
 1559968    7.4927381e+08   1.856054e+08   0.000000e+00   8695s
 1560608    7.4927380e+08   8.925153e+07   0.000000e+00   8700s
 1560748    7.4927380e+08   2.395789e+08   0.000000e+00   8705s
 1560878    7.4927380e+08   1.182642e+08   0.000000e+00   8711s
 1560998    7.4927380e+08   9.176471e+07   0.000000e+00   8716s
 1561118    7.4927379e+08   6.949124e+07   0.000000e+00   8722s
 1561228    7.4927379e+08   1.114209e+08   0.000000e+00   8728s
 1561388    7.4927378e+08   9.113587e+07   0.000000e+00   8733s
 1561508    7.4927378e+08   9.697774e+07   0.000000e+00   8739s
 1561658    7.4927378e+08   1.025487e+08   0.000000e+00   8745s
 1561788    7.4927378e+08   1.167362e+08   0.000000e+00   8750s
 1561948    7.4927378e+08   1.136991e+08   0.000000e+00   8756s
 1562158    7.4927378e+08   7.982665e+07   0.000000e+00   8761s
 1562338    7.4927378e+08   1.074098e+08   0.000000e+00   8767s
 1562748    7.4927377e+08   9.699730e+07   0.000000e+00   8773s
 1562968    7.4927377e+08   9.260886e+07   0.000000e+00   8778s
 1563098    7.4927377e+08   9.553619e+07   0.000000e+00   8784s
 1563228    7.4927377e+08   1.083773e+08   0.000000e+00   8790s
 1563378    7.4927377e+08   8.416118e+07   0.000000e+00   8795s
 1563498    7.4927377e+08   1.613383e+08   0.000000e+00   8801s
 1564078    7.4927376e+08   9.762787e+07   0.000000e+00   8807s
 1564198    7.4927376e+08   1.361135e+08   0.000000e+00   8812s
 1564328    7.4927376e+08   1.207414e+08   0.000000e+00   8818s
 1564448    7.4927376e+08   1.224046e+08   0.000000e+00   8823s
 1564588    7.4927376e+08   1.339091e+08   0.000000e+00   8829s
 1564718    7.4927376e+08   9.222873e+07   0.000000e+00   8835s
 1564848    7.4927376e+08   9.396782e+07   0.000000e+00   8840s
 1564978    7.4927376e+08   1.044988e+08   0.000000e+00   8846s
 1565968    7.4927375e+08   2.896218e+08   0.000000e+00   8852s
 1566088    7.4927375e+08   7.220395e+07   0.000000e+00   8857s
 1566648    7.4927374e+08   4.908110e+07   0.000000e+00   8863s
 1567048    7.4927374e+08   8.725290e+07   0.000000e+00   8868s
 1567458    7.4927374e+08   8.864454e+07   0.000000e+00   8874s
 1567738    7.4927373e+08   8.954036e+07   0.000000e+00   8880s
 1568018    7.4927373e+08   6.671763e+07   0.000000e+00   8886s
 1568188    7.4927372e+08   1.845935e+08   0.000000e+00   8892s
 1568488    7.4927372e+08   1.041331e+08   0.000000e+00   8897s
 1568698    7.4927372e+08   9.699499e+07   0.000000e+00   8903s
 1568928    7.4927372e+08   1.035476e+08   0.000000e+00   8909s
 1569208    7.4927371e+08   8.835848e+08   0.000000e+00   8914s
 1569748    7.4927371e+08   7.481355e+07   0.000000e+00   8920s
 1570148    7.4927371e+08   1.115165e+08   0.000000e+00   8925s
 1570328    7.4927370e+08   1.600692e+08   0.000000e+00   8931s
 1570728    7.4927370e+08   6.947710e+07   0.000000e+00   8936s
 1570868    7.4927370e+08   7.396440e+07   0.000000e+00   8942s
 1570988    7.4927370e+08   6.991929e+07   0.000000e+00   8948s
 1571128    7.4927370e+08   1.154864e+08   0.000000e+00   8954s
 1571258    7.4927370e+08   9.437166e+07   0.000000e+00   8959s
 1571378    7.4927370e+08   9.684415e+07   0.000000e+00   8965s
 1571628    7.4927370e+08   1.172354e+08   0.000000e+00   8971s
 1572138    7.4927369e+08   2.117511e+08   0.000000e+00   8977s
 1572518    7.4927368e+08   1.089375e+08   0.000000e+00   8982s
 1573058    7.4927367e+08   1.207199e+08   0.000000e+00   8988s
 1574059    7.4927366e+08   8.032396e+07   0.000000e+00   8991s
 1583068    7.4927360e+08   8.627972e+07   0.000000e+00   8995s
 1583738    7.4927359e+08   1.303548e+08   0.000000e+00   9001s
 1583978    7.4927359e+08   1.763811e+08   0.000000e+00   9007s
 1584118    7.4927359e+08   1.394464e+08   0.000000e+00   9012s
 1584338    7.4927359e+08   1.994974e+08   0.000000e+00   9018s
 1584558    7.4927358e+08   2.576211e+08   0.000000e+00   9024s
 1585358    7.4927357e+08   1.155085e+08   0.000000e+00   9030s
 1585818    7.4927357e+08   2.130255e+08   0.000000e+00   9035s
 1586538    7.4927356e+08   4.214767e+08   0.000000e+00   9041s
 1586698    7.4927355e+08   6.341162e+07   0.000000e+00   9047s
 1586858    7.4927355e+08   7.549480e+07   0.000000e+00   9052s
 1586998    7.4927355e+08   8.509387e+07   0.000000e+00   9058s
 1587168    7.4927355e+08   7.058646e+07   0.000000e+00   9064s
 1587318    7.4927355e+08   3.762047e+08   0.000000e+00   9070s
 1587598    7.4927354e+08   1.108121e+08   0.000000e+00   9076s
 1587768    7.4927354e+08   8.548147e+07   0.000000e+00   9081s
 1588218    7.4927354e+08   6.950054e+07   0.000000e+00   9087s
 1588678    7.4927354e+08   6.121739e+07   0.000000e+00   9092s
 1588958    7.4927353e+08   6.816270e+08   0.000000e+00   9098s
 1589398    7.4927352e+08   4.185400e+08   0.000000e+00   9106s
 1589618    7.4927352e+08   7.040733e+07   0.000000e+00   9112s
 1590068    7.4927351e+08   1.003834e+08   0.000000e+00   9117s
 1590348    7.4927351e+08   8.831741e+07   0.000000e+00   9123s
 1590548    7.4927351e+08   1.104396e+08   0.000000e+00   9129s
 1590738    7.4927351e+08   1.002435e+08   0.000000e+00   9136s
 1590878    7.4927351e+08   6.480552e+07   0.000000e+00   9142s
 1591038    7.4927351e+08   6.408415e+07   0.000000e+00   9148s
 1591208    7.4927351e+08   6.287661e+07   0.000000e+00   9154s
 1591378    7.4927351e+08   1.006320e+08   0.000000e+00   9160s
 1591548    7.4927351e+08   1.054371e+08   0.000000e+00   9166s
 1591698    7.4927351e+08   9.796542e+07   0.000000e+00   9172s
 1591828    7.4927351e+08   9.913983e+07   0.000000e+00   9178s
 1592368    7.4927350e+08   1.076938e+08   0.000000e+00   9183s
 1592498    7.4927350e+08   1.207749e+08   0.000000e+00   9189s
 1592618    7.4927350e+08   9.727622e+07   0.000000e+00   9196s
 1592728    7.4927350e+08   6.756998e+07   0.000000e+00   9201s
 1592848    7.4927350e+08   8.067753e+07   0.000000e+00   9207s
 1592968    7.4927350e+08   6.731043e+07   0.000000e+00   9213s
 1593088    7.4927350e+08   7.365699e+07   0.000000e+00   9219s
 1593228    7.4927350e+08   9.419053e+07   0.000000e+00   9225s
 1593348    7.4927350e+08   6.886786e+07   0.000000e+00   9232s
 1594148    7.4927348e+08   1.426441e+08   0.000000e+00   9237s
 1594408    7.4927348e+08   9.886296e+07   0.000000e+00   9243s
 1594578    7.4927348e+08   1.041098e+08   0.000000e+00   9249s
 1595288    7.4927347e+08   7.972017e+07   0.000000e+00   9255s
 1595448    7.4927347e+08   1.019252e+08   0.000000e+00   9261s
 1595788    7.4927346e+08   6.448278e+08   0.000000e+00   9267s
 1596348    7.4927345e+08   1.901059e+08   0.000000e+00   9273s
 1596568    7.4927345e+08   8.098482e+07   0.000000e+00   9278s
 1596958    7.4927344e+08   1.096539e+08   0.000000e+00   9284s
 1597088    7.4927344e+08   6.004586e+07   0.000000e+00   9290s
 1597268    7.4927344e+08   9.306629e+07   0.000000e+00   9295s
 1597698    7.4927344e+08   1.176799e+08   0.000000e+00   9301s
 1597868    7.4927344e+08   7.704118e+07   0.000000e+00   9307s
 1598148    7.4927343e+08   1.259156e+08   0.000000e+00   9313s
 1598328    7.4927343e+08   1.014561e+08   0.000000e+00   9318s
 1598578    7.4927342e+08   3.224268e+08   0.000000e+00   9324s
 1598698    7.4927342e+08   1.583345e+08   0.000000e+00   9330s
 1598828    7.4927341e+08   8.350913e+07   0.000000e+00   9335s
 1598978    7.4927341e+08   7.180210e+08   0.000000e+00   9341s
 1599128    7.4927341e+08   1.187543e+08   0.000000e+00   9346s
 1599298    7.4927341e+08   1.117671e+08   0.000000e+00   9352s
 1599818    7.4927341e+08   8.895916e+07   0.000000e+00   9358s
 1600028    7.4927341e+08   2.602625e+08   0.000000e+00   9364s
 1600238    7.4927341e+08   8.744955e+07   0.000000e+00   9370s
 1600488    7.4927341e+08   1.085753e+08   0.000000e+00   9376s
 1600658    7.4927341e+08   6.630075e+07   0.000000e+00   9382s
 1600838    7.4927340e+08   6.672770e+07   0.000000e+00   9388s
 1601018    7.4927340e+08   9.219089e+07   0.000000e+00   9393s
 1601498    7.4927340e+08   9.546860e+07   0.000000e+00   9399s
 1601628    7.4927340e+08   1.022374e+08   0.000000e+00   9405s
 1601748    7.4927340e+08   9.655001e+07   0.000000e+00   9411s
 1601858    7.4927340e+08   1.037766e+08   0.000000e+00   9416s
 1601978    7.4927340e+08   1.020022e+08   0.000000e+00   9422s
 1602088    7.4927340e+08   9.413801e+07   0.000000e+00   9428s
 1602238    7.4927340e+08   1.290037e+08   0.000000e+00   9434s
 1602798    7.4927339e+08   1.028544e+08   0.000000e+00   9440s
 1602948    7.4927339e+08   8.032678e+07   0.000000e+00   9446s
 1603068    7.4927339e+08   7.858566e+07   0.000000e+00   9452s
 1603188    7.4927339e+08   1.006644e+08   0.000000e+00   9458s
 1603308    7.4927339e+08   6.316945e+07   0.000000e+00   9464s
 1603428    7.4927339e+08   1.030443e+08   0.000000e+00   9470s
 1603568    7.4927339e+08   1.099438e+08   0.000000e+00   9476s
 1603708    7.4927339e+08   1.045329e+08   0.000000e+00   9482s
 1603828    7.4927339e+08   9.772412e+07   0.000000e+00   9488s
 1603948    7.4927339e+08   1.118078e+08   0.000000e+00   9494s
 1604068    7.4927339e+08   1.029697e+08   0.000000e+00   9500s
 1604188    7.4927339e+08   9.960017e+07   0.000000e+00   9506s
 1604318    7.4927339e+08   6.197200e+08   0.000000e+00   9512s
 1604438    7.4927339e+08   7.226057e+07   0.000000e+00   9518s
 1604568    7.4927338e+08   2.283741e+08   0.000000e+00   9524s
 1605158    7.4927338e+08   3.739288e+08   0.000000e+00   9529s
 1605478    7.4927337e+08   9.249156e+07   0.000000e+00   9535s
 1605678    7.4927336e+08   1.462404e+08   0.000000e+00   9541s
 1605858    7.4927335e+08   1.190031e+08   0.000000e+00   9547s
 1606018    7.4927334e+08   1.270890e+08   0.000000e+00   9552s
 1606288    7.4927334e+08   9.761517e+07   0.000000e+00   9558s
 1606458    7.4927334e+08   1.232466e+08   0.000000e+00   9563s
 1606938    7.4927333e+08   1.373910e+08   0.000000e+00   9569s
 1607098    7.4927333e+08   7.193014e+07   0.000000e+00   9575s
 1607228    7.4927333e+08   6.925035e+07   0.000000e+00   9581s
 1607698    7.4927333e+08   8.923405e+07   0.000000e+00   9587s
 1607848    7.4927332e+08   5.959826e+07   0.000000e+00   9593s
 1608118    7.4927332e+08   1.041481e+08   0.000000e+00   9599s
 1608318    7.4927332e+08   9.438277e+07   0.000000e+00   9604s
 1608648    7.4927331e+08   1.134491e+08   0.000000e+00   9610s
 1608828    7.4927331e+08   8.766604e+07   0.000000e+00   9616s
 1608978    7.4927331e+08   7.738686e+07   0.000000e+00   9622s
 1609138    7.4927331e+08   7.713018e+07   0.000000e+00   9628s
 1609308    7.4927331e+08   7.807173e+07   0.000000e+00   9634s
 1609488    7.4927331e+08   1.206231e+08   0.000000e+00   9640s
 1609608    7.4927331e+08   9.513542e+07   0.000000e+00   9645s
 1609888    7.4927330e+08   8.454654e+07   0.000000e+00   9651s
 1610018    7.4927329e+08   9.283612e+07   0.000000e+00   9657s
 1610168    7.4927329e+08   9.030393e+07   0.000000e+00   9663s
 1610328    7.4927329e+08   1.245488e+08   0.000000e+00   9668s
 1610558    7.4927329e+08   6.088499e+07   0.000000e+00   9674s
 1610798    7.4927329e+08   6.003356e+07   0.000000e+00   9680s
 1611558    7.4927328e+08   1.211944e+08   0.000000e+00   9686s
 1611698    7.4927328e+08   9.070287e+07   0.000000e+00   9692s
 1612218    7.4927327e+08   8.925961e+07   0.000000e+00   9698s
 1612358    7.4927327e+08   7.670517e+07   0.000000e+00   9703s
 1612518    7.4927327e+08   8.829267e+07   0.000000e+00   9709s
 1612658    7.4927326e+08   8.703588e+07   0.000000e+00   9715s
 1612918    7.4927326e+08   6.957798e+07   0.000000e+00   9721s
 1613108    7.4927326e+08   1.213506e+08   0.000000e+00   9727s
 1613378    7.4927326e+08   1.609402e+08   0.000000e+00   9732s
 1613718    7.4927325e+08   1.549173e+08   0.000000e+00   9738s
 1613838    7.4927325e+08   9.236272e+07   0.000000e+00   9744s
 1613968    7.4927325e+08   8.649461e+07   0.000000e+00   9750s
 1614088    7.4927325e+08   9.370819e+07   0.000000e+00   9756s
 1614298    7.4927324e+08   1.480700e+08   0.000000e+00   9762s
 1614458    7.4927324e+08   9.320629e+07   0.000000e+00   9768s
 1614778    7.4927324e+08   9.509108e+07   0.000000e+00   9774s
 1614888    7.4927324e+08   7.357492e+07   0.000000e+00   9779s
 1615188    7.4927324e+08   1.590693e+08   0.000000e+00   9785s
 1615368    7.4927323e+08   1.585704e+08   0.000000e+00   9791s
 1615678    7.4927322e+08   1.499253e+08   0.000000e+00   9797s
 1615808    7.4927322e+08   8.166960e+07   0.000000e+00   9802s
 1615958    7.4927322e+08   8.349383e+07   0.000000e+00   9809s
 1616098    7.4927322e+08   7.804073e+07   0.000000e+00   9815s
 1616238    7.4927322e+08   8.320008e+07   0.000000e+00   9821s
 1616408    7.4927322e+08   6.076627e+07   0.000000e+00   9827s
 1616568    7.4927322e+08   8.320400e+07   0.000000e+00   9833s
 1616728    7.4927322e+08   7.912872e+07   0.000000e+00   9839s
 1617318    7.4927321e+08   1.129365e+08   0.000000e+00   9846s
 1617438    7.4927321e+08   6.839344e+07   0.000000e+00   9852s
 1617568    7.4927321e+08   6.947455e+07   0.000000e+00   9859s
 1617698    7.4927321e+08   6.806155e+07   0.000000e+00   9865s
 1617828    7.4927321e+08   6.766313e+07   0.000000e+00   9871s
 1617948    7.4927321e+08   1.208971e+08   0.000000e+00   9877s
 1618068    7.4927321e+08   9.078877e+07   0.000000e+00   9883s
 1618188    7.4927321e+08   9.216372e+07   0.000000e+00   9889s
 1618308    7.4927321e+08   9.213759e+07   0.000000e+00   9895s
 1618418    7.4927321e+08   1.802080e+08   0.000000e+00   9900s
 1618568    7.4927320e+08   5.899910e+08   0.000000e+00   9906s
 1618798    7.4927320e+08   1.015250e+08   0.000000e+00   9912s
 1619258    7.4927319e+08   8.633223e+07   0.000000e+00   9918s
 1619698    7.4927319e+08   1.932410e+08   0.000000e+00   9924s
 1619828    7.4927318e+08   8.596217e+07   0.000000e+00   9930s
 1619948    7.4927318e+08   6.483517e+07   0.000000e+00   9936s
 1620098    7.4927318e+08   6.241157e+07   0.000000e+00   9942s
 1620288    7.4927318e+08   6.258663e+07   0.000000e+00   9948s
 1620438    7.4927318e+08   1.241375e+08   0.000000e+00   9954s
 1620558    7.4927318e+08   9.991166e+07   0.000000e+00   9959s
 1620698    7.4927318e+08   6.984053e+07   0.000000e+00   9965s
 1620838    7.4927318e+08   1.033981e+08   0.000000e+00   9971s
 1621008    7.4927318e+08   8.843632e+07   0.000000e+00   9977s
 1621338    7.4927317e+08   9.838151e+07   0.000000e+00   9983s
 1621488    7.4927317e+08   1.044947e+08   0.000000e+00   9988s
 1621638    7.4927317e+08   9.651695e+07   0.000000e+00   9994s
 1621758    7.4927317e+08   1.097135e+08   0.000000e+00  10000s
 1621878    7.4927317e+08   8.802013e+07   0.000000e+00  10006s
 1622648    7.4927316e+08   1.127042e+08   0.000000e+00  10012s
 1622768    7.4927315e+08   1.107416e+08   0.000000e+00  10018s
 1623268    7.4927315e+08   9.756579e+07   0.000000e+00  10024s
 1623448    7.4927315e+08   8.473901e+07   0.000000e+00  10030s
 1623778    7.4927314e+08   2.078307e+08   0.000000e+00  10036s
 1624068    7.4927314e+08   9.633361e+07   0.000000e+00  10041s
 1624298    7.4927314e+08   1.110080e+08   0.000000e+00  10047s
 1624708    7.4927313e+08   3.076147e+08   0.000000e+00  10053s
 1624828    7.4927313e+08   1.088412e+08   0.000000e+00  10059s
 1624948    7.4927313e+08   1.073284e+08   0.000000e+00  10065s
 1625068    7.4927313e+08   1.040928e+08   0.000000e+00  10071s
 1625188    7.4927313e+08   1.026391e+08   0.000000e+00  10077s
 1625308    7.4927313e+08   7.050893e+07   0.000000e+00  10083s
 1625438    7.4927313e+08   7.365787e+07   0.000000e+00  10089s
 1625578    7.4927313e+08   7.694970e+07   0.000000e+00  10095s
 1625718    7.4927313e+08   1.222586e+08   0.000000e+00  10101s
 1625878    7.4927312e+08   7.554839e+07   0.000000e+00  10107s
 1626048    7.4927312e+08   9.060949e+07   0.000000e+00  10112s
 1627419    7.4927311e+08   2.090140e+08   0.000000e+00  10120s
 1627969    7.4927310e+08   1.106308e+08   0.000000e+00  10126s
 1628289    7.4927310e+08   8.375574e+07   0.000000e+00  10131s
 1628439    7.4927310e+08   1.058900e+08   0.000000e+00  10137s
 1628649    7.4927310e+08   1.005127e+08   0.000000e+00  10143s
 1628769    7.4927310e+08   7.210913e+07   0.000000e+00  10149s
 1629109    7.4927309e+08   5.883854e+07   0.000000e+00  10155s
 1629529    7.4927309e+08   3.911486e+08   0.000000e+00  10161s
 1629749    7.4927308e+08   8.374348e+07   0.000000e+00  10167s
 1629979    7.4927308e+08   9.724692e+07   0.000000e+00  10172s
 1630199    7.4927308e+08   7.275774e+07   0.000000e+00  10178s
 1630419    7.4927308e+08   6.268724e+07   0.000000e+00  10184s
 1630579    7.4927308e+08   1.143061e+08   0.000000e+00  10190s
 1630709    7.4927308e+08   9.031060e+07   0.000000e+00  10196s
 1630909    7.4927307e+08   8.649196e+07   0.000000e+00  10202s
 1631249    7.4927307e+08   6.557402e+08   0.000000e+00  10208s
 1631599    7.4927306e+08   1.047735e+08   0.000000e+00  10213s
 1631749    7.4927306e+08   1.220203e+08   0.000000e+00  10220s
 1631949    7.4927306e+08   7.576386e+07   0.000000e+00  10226s
 1632089    7.4927306e+08   1.179557e+08   0.000000e+00  10231s
 1632289    7.4927306e+08   9.932791e+07   0.000000e+00  10237s
 1632419    7.4927306e+08   7.745466e+07   0.000000e+00  10244s
 1632569    7.4927306e+08   1.003343e+08   0.000000e+00  10250s
 1632719    7.4927306e+08   2.318074e+08   0.000000e+00  10256s
 1632929    7.4927306e+08   1.167606e+08   0.000000e+00  10262s
 1633109    7.4927306e+08   1.172420e+08   0.000000e+00  10268s
 1633629    7.4927305e+08   9.201170e+07   0.000000e+00  10274s
 1633869    7.4927305e+08   8.906812e+07   0.000000e+00  10279s
 1634109    7.4927304e+08   9.079924e+07   0.000000e+00  10285s
 1634609    7.4927303e+08   9.817359e+07   0.000000e+00  10291s
 1634979    7.4927302e+08   8.949087e+07   0.000000e+00  10297s
 1635359    7.4927302e+08   2.935802e+08   0.000000e+00  10303s
 1635509    7.4927301e+08   9.745717e+07   0.000000e+00  10309s
 1636059    7.4927300e+08   9.092953e+07   0.000000e+00  10316s
 1636189    7.4927300e+08   6.535567e+07   0.000000e+00  10321s
 1636469    7.4927300e+08   9.403014e+07   0.000000e+00  10327s
 1636609    7.4927300e+08   7.720948e+07   0.000000e+00  10333s
 1636759    7.4927300e+08   7.418041e+07   0.000000e+00  10339s
 1636919    7.4927300e+08   9.325429e+07   0.000000e+00  10346s
 1637099    7.4927300e+08   1.170742e+08   0.000000e+00  10352s
 1637229    7.4927300e+08   9.263648e+07   0.000000e+00  10358s
 1637349    7.4927300e+08   8.639115e+07   0.000000e+00  10364s
 1637469    7.4927300e+08   6.098519e+07   0.000000e+00  10370s
 1637589    7.4927300e+08   2.206906e+08   0.000000e+00  10376s
 1637759    7.4927300e+08   2.683766e+08   0.000000e+00  10382s
 1638469    7.4927299e+08   1.229788e+08   0.000000e+00  10388s
 1638819    7.4927299e+08   8.818620e+07   0.000000e+00  10394s
 1639159    7.4927298e+08   1.412038e+08   0.000000e+00  10400s
 1639599    7.4927297e+08   9.331651e+07   0.000000e+00  10406s
 1639789    7.4927297e+08   6.016440e+07   0.000000e+00  10412s
 1639979    7.4927297e+08   5.878706e+07   0.000000e+00  10418s
 1640139    7.4927297e+08   6.110201e+07   0.000000e+00  10425s
 1640309    7.4927297e+08   6.978722e+07   0.000000e+00  10430s
 1640479    7.4927297e+08   8.111436e+07   0.000000e+00  10436s
 1640629    7.4927297e+08   6.743469e+07   0.000000e+00  10442s
 1640819    7.4927297e+08   7.304135e+07   0.000000e+00  10448s
 1641289    7.4927296e+08   1.095067e+08   0.000000e+00  10454s
 1641449    7.4927296e+08   7.647494e+07   0.000000e+00  10460s
 1641579    7.4927296e+08   7.393286e+07   0.000000e+00  10466s
 1642029    7.4927295e+08   2.822294e+08   0.000000e+00  10472s
 1642329    7.4927295e+08   1.261468e+08   0.000000e+00  10477s
 1642499    7.4927295e+08   8.602025e+07   0.000000e+00  10484s
 1642669    7.4927295e+08   6.854690e+07   0.000000e+00  10490s
 1642859    7.4927295e+08   6.622040e+07   0.000000e+00  10496s
 1643079    7.4927295e+08   6.524990e+07   0.000000e+00  10502s
 1643239    7.4927295e+08   1.094926e+08   0.000000e+00  10508s
 1643579    7.4927295e+08   1.095059e+08   0.000000e+00  10515s
 1643739    7.4927294e+08   1.077779e+08   0.000000e+00  10520s
 1644459    7.4927294e+08   8.356430e+07   0.000000e+00  10526s
 1644589    7.4927294e+08   1.084644e+08   0.000000e+00  10532s
 1644909    7.4927294e+08   8.804795e+07   0.000000e+00  10538s
 1645099    7.4927294e+08   1.031387e+08   0.000000e+00  10544s
 1645239    7.4927294e+08   9.614625e+07   0.000000e+00  10550s
 1645369    7.4927294e+08   7.940297e+07   0.000000e+00  10557s
 1645489    7.4927294e+08   8.153957e+07   0.000000e+00  10563s
 1645609    7.4927294e+08   7.944975e+07   0.000000e+00  10569s
 1645729    7.4927294e+08   8.364352e+07   0.000000e+00  10575s
 1645839    7.4927293e+08   8.598975e+07   0.000000e+00  10582s
 1646389    7.4927292e+08   1.039617e+08   0.000000e+00  10588s
 1646589    7.4927292e+08   9.687039e+07   0.000000e+00  10593s
 1646719    7.4927292e+08   7.386735e+07   0.000000e+00  10599s
 1646899    7.4927292e+08   6.803462e+07   0.000000e+00  10606s
 1647049    7.4927292e+08   8.822105e+07   0.000000e+00  10612s
 1647179    7.4927292e+08   8.804494e+07   0.000000e+00  10618s
 1647309    7.4927292e+08   8.641503e+07   0.000000e+00  10624s
 1647469    7.4927292e+08   9.065908e+07   0.000000e+00  10631s
 1647589    7.4927292e+08   6.673919e+07   0.000000e+00  10636s
 1647729    7.4927292e+08   6.378328e+07   0.000000e+00  10643s
 1647899    7.4927292e+08   1.113748e+08   0.000000e+00  10649s
 1648049    7.4927292e+08   9.986729e+07   0.000000e+00  10655s
 1648189    7.4927292e+08   8.682829e+07   0.000000e+00  10661s
 1648329    7.4927292e+08   1.011899e+08   0.000000e+00  10667s
 1648449    7.4927292e+08   1.034268e+08   0.000000e+00  10673s
 1648569    7.4927292e+08   7.029006e+07   0.000000e+00  10679s
 1648709    7.4927292e+08   7.028783e+07   0.000000e+00  10685s
 1648879    7.4927292e+08   6.908940e+07   0.000000e+00  10692s
 1648999    7.4927292e+08   8.812265e+07   0.000000e+00  10698s
 1649129    7.4927292e+08   1.176851e+08   0.000000e+00  10704s
 1649259    7.4927292e+08   9.598401e+07   0.000000e+00  10710s
 1649499    7.4927292e+08   8.448966e+07   0.000000e+00  10716s
 1649659    7.4927292e+08   8.242021e+07   0.000000e+00  10722s
 1649809    7.4927292e+08   7.599666e+07   0.000000e+00  10729s
 1650049    7.4927291e+08   2.986038e+08   0.000000e+00  10735s
 1650349    7.4927290e+08   1.786630e+08   0.000000e+00  10741s
 1650539    7.4927290e+08   8.544468e+07   0.000000e+00  10747s
 1650699    7.4927290e+08   9.030161e+07   0.000000e+00  10753s
 1650829    7.4927290e+08   8.874436e+07   0.000000e+00  10759s
 1650949    7.4927290e+08   8.875057e+07   0.000000e+00  10765s
 1651089    7.4927290e+08   1.059784e+08   0.000000e+00  10771s
 1651309    7.4927290e+08   6.675882e+07   0.000000e+00  10777s
 1651669    7.4927290e+08   6.947357e+08   0.000000e+00  10784s
 1652199    7.4927290e+08   8.129147e+07   0.000000e+00  10789s
 1652489    7.4927289e+08   5.987437e+07   0.000000e+00  10795s
 1652709    7.4927289e+08   1.105360e+08   0.000000e+00  10801s
 1652919    7.4927289e+08   2.375189e+08   0.000000e+00  10807s
 1653029    7.4927289e+08   1.168460e+08   0.000000e+00  10813s
 1653279    7.4927288e+08   6.919205e+07   0.000000e+00  10819s
 1653419    7.4927288e+08   9.482136e+07   0.000000e+00  10825s
 1653549    7.4927288e+08   7.351571e+08   0.000000e+00  10831s
 1653719    7.4927288e+08   9.252007e+07   0.000000e+00  10837s
 1653849    7.4927287e+08   3.057570e+09   0.000000e+00  10843s
 1654209    7.4927287e+08   7.956322e+07   0.000000e+00  10849s
 1654399    7.4927287e+08   1.154362e+08   0.000000e+00  10855s
 1654549    7.4927287e+08   9.017293e+07   0.000000e+00  10862s
 1654689    7.4927287e+08   1.221110e+08   0.000000e+00  10868s
 1654809    7.4927287e+08   1.052223e+08   0.000000e+00  10874s
 1654939    7.4927287e+08   1.075390e+08   0.000000e+00  10880s
 1655339    7.4927287e+08   1.792018e+08   0.000000e+00  10886s
 1655509    7.4927286e+08   1.025764e+08   0.000000e+00  10892s
 1655639    7.4927286e+08   1.397414e+08   0.000000e+00  10898s
 1656149    7.4927285e+08   1.098851e+08   0.000000e+00  10904s
 1656379    7.4927285e+08   1.005015e+08   0.000000e+00  10910s
 1656629    7.4927285e+08   1.032814e+08   0.000000e+00  10916s
 1657039    7.4927284e+08   1.627699e+08   0.000000e+00  10921s
 1657159    7.4927284e+08   1.123950e+08   0.000000e+00  10927s
 1657499    7.4927283e+08   1.151223e+08   0.000000e+00  10933s
 1657789    7.4927283e+08   1.669493e+08   0.000000e+00  10940s
 1657999    7.4927282e+08   3.464812e+08   0.000000e+00  10946s
 1658289    7.4927282e+08   3.763523e+08   0.000000e+00  10951s
 1658439    7.4927281e+08   8.826525e+07   0.000000e+00  10957s
 1659440    7.4927281e+08   2.525884e+08   0.000000e+00  10961s
 1662443    7.4927279e+08   1.164365e+08   0.000000e+00  10965s
 1668659    7.4927271e+08   1.767686e+08   0.000000e+00  10976s
 1670350    7.4927269e+08   1.102235e+08   0.000000e+00  10984s
 1671351    7.4927267e+08   1.733693e+08   0.000000e+00  10986s
 1672352    7.4927267e+08   1.472954e+08   0.000000e+00  10991s
 1672482    7.4927267e+08   1.165976e+08   0.000000e+00  10997s
 1672722    7.4927266e+08   9.870213e+07   0.000000e+00  11003s
 1672872    7.4927266e+08   1.059901e+08   0.000000e+00  11009s
 1673222    7.4927265e+08   9.773819e+07   0.000000e+00  11015s
 1674223    7.4927265e+08   2.298031e+08   0.000000e+00  11020s
 1674803    7.4927264e+08   2.187596e+08   0.000000e+00  11026s
 1675333    7.4927263e+08   1.300832e+08   0.000000e+00  11032s
 1675453    7.4927263e+08   1.213607e+08   0.000000e+00  11038s
 1676153    7.4927262e+08   1.078527e+08   0.000000e+00  11044s
 1677143    7.4927261e+08   8.781462e+08   0.000000e+00  11050s
 1677593    7.4927260e+08   1.129597e+08   0.000000e+00  11056s
 1677793    7.4927260e+08   1.090990e+08   0.000000e+00  11062s
 1678143    7.4927260e+08   3.030699e+08   0.000000e+00  11068s
 1678373    7.4927259e+08   9.887407e+07   0.000000e+00  11074s
 1679063    7.4927259e+08   1.234935e+08   0.000000e+00  11080s
 1679343    7.4927258e+08   1.654065e+08   0.000000e+00  11086s
 1679873    7.4927257e+08   8.730053e+07   0.000000e+00  11092s
 1680143    7.4927257e+08   9.851237e+07   0.000000e+00  11099s
 1680483    7.4927257e+08   1.007180e+08   0.000000e+00  11105s
 1680673    7.4927256e+08   1.561832e+08   0.000000e+00  11111s
 1681093    7.4927256e+08   1.408764e+08   0.000000e+00  11117s
 1682094    7.4927255e+08   1.258252e+08   0.000000e+00  11120s
 1682444    7.4927254e+08   1.171339e+08   0.000000e+00  11126s
 1683404    7.4927253e+08   1.212237e+08   0.000000e+00  11132s
 1683514    7.4927252e+08   1.072110e+08   0.000000e+00  11138s
 1684144    7.4927251e+08   8.402128e+08   0.000000e+00  11144s
 1685134    7.4927249e+08   1.719839e+08   0.000000e+00  11150s
 1685284    7.4927249e+08   3.796840e+08   0.000000e+00  11156s
 1685784    7.4927248e+08   1.477322e+09   0.000000e+00  11162s
 1686234    7.4927247e+08   1.250874e+08   0.000000e+00  11168s
 1686794    7.4927245e+08   2.440613e+08   0.000000e+00  11174s
 1687274    7.4927245e+08   1.006220e+08   0.000000e+00  11180s
 1687544    7.4927243e+08   1.673310e+08   0.000000e+00  11186s
 1688404    7.4927241e+08   1.096144e+08   0.000000e+00  11192s
 1688564    7.4927241e+08   4.238709e+08   0.000000e+00  11197s
 1689565    7.4927239e+08   9.401420e+07   0.000000e+00  11201s
 1689895    7.4927239e+08   3.333226e+08   0.000000e+00  11207s
 1690165    7.4927237e+08   1.886116e+08   0.000000e+00  11213s
 1690825    7.4927236e+08   1.105856e+08   0.000000e+00  11220s
 1691125    7.4927235e+08   1.487769e+08   0.000000e+00  11225s
 1691295    7.4927235e+08   2.108997e+08   0.000000e+00  11231s
 1691845    7.4927233e+08   8.929985e+07   0.000000e+00  11237s
 1692055    7.4927233e+08   1.301483e+08   0.000000e+00  11243s
 1692425    7.4927231e+08   1.987157e+08   0.000000e+00  11249s
 1692885    7.4927230e+08   5.127727e+08   0.000000e+00  11255s
 1693775    7.4927228e+08   1.264873e+08   0.000000e+00  11261s
 1694275    7.4927227e+08   9.319632e+07   0.000000e+00  11267s
 1694515    7.4927226e+08   1.380298e+08   0.000000e+00  11273s
 1694775    7.4927226e+08   2.322127e+08   0.000000e+00  11279s
 1694935    7.4927226e+08   1.020165e+08   0.000000e+00  11285s
 1695095    7.4927225e+08   1.263416e+08   0.000000e+00  11291s
 1695235    7.4927225e+08   1.271048e+08   0.000000e+00  11297s
 1695355    7.4927225e+08   1.074643e+08   0.000000e+00  11302s
 1695695    7.4927224e+08   6.170437e+08   0.000000e+00  11308s
 1695925    7.4927223e+08   1.167162e+08   0.000000e+00  11314s
 1696585    7.4927221e+08   1.209173e+08   0.000000e+00  11321s
 1697095    7.4927220e+08   1.076564e+08   0.000000e+00  11326s
 1697865    7.4927219e+08   1.105124e+08   0.000000e+00  11332s
 1698325    7.4927218e+08   1.668284e+08   0.000000e+00  11338s
 1698675    7.4927217e+08   2.210208e+08   0.000000e+00  11344s
 1698825    7.4927216e+08   1.259074e+08   0.000000e+00  11350s
 1699275    7.4927215e+08   2.063039e+08   0.000000e+00  11356s
 1700185    7.4927213e+08   2.522484e+08   0.000000e+00  11362s
 1700375    7.4927213e+08   1.428215e+08   0.000000e+00  11368s
 1700945    7.4927211e+08   1.314835e+08   0.000000e+00  11374s
 1701345    7.4927210e+08   6.607276e+08   0.000000e+00  11380s
 1701705    7.4927208e+08   3.208586e+08   0.000000e+00  11386s
 1701885    7.4927208e+08   2.678132e+08   0.000000e+00  11392s
 1702435    7.4927206e+08   1.155605e+08   0.000000e+00  11398s
 1703436    7.4927205e+08   1.593149e+08   0.000000e+00  11404s
 1703636    7.4927204e+08   1.267476e+08   0.000000e+00  11410s
 1704326    7.4927202e+08   1.673122e+08   0.000000e+00  11416s
 1705547    7.4927201e+08   1.286867e+08   0.000000e+00  11424s
 1706177    7.4927199e+08   2.046427e+08   0.000000e+00  11430s
 1707037    7.4927198e+08   2.050856e+08   0.000000e+00  11437s
 1707707    7.4927196e+08   1.896739e+08   0.000000e+00  11444s
 1708507    7.4927194e+08   1.599034e+08   0.000000e+00  11450s
 1708807    7.4927193e+08   1.314529e+08   0.000000e+00  11457s
 1709367    7.4927192e+08   1.184813e+08   0.000000e+00  11463s
 1709527    7.4927192e+08   9.594116e+07   0.000000e+00  11470s
 1709667    7.4927192e+08   1.940620e+08   0.000000e+00  11476s
 1709967    7.4927190e+08   1.557460e+08   0.000000e+00  11483s
 1710127    7.4927189e+08   1.364857e+08   0.000000e+00  11489s
 1711128    7.4927188e+08   1.310248e+08   0.000000e+00  11492s
 1711748    7.4927187e+08   9.626673e+07   0.000000e+00  11498s
 1712749    7.4927186e+08   1.359833e+08   0.000000e+00  11501s
 1713029    7.4927185e+08   2.230033e+08   0.000000e+00  11507s
 1713869    7.4927183e+08   1.362695e+08   0.000000e+00  11513s
 1714039    7.4927182e+08   2.314284e+08   0.000000e+00  11519s
 1714999    7.4927181e+08   1.442384e+08   0.000000e+00  11525s
 1715519    7.4927179e+08   1.270970e+08   0.000000e+00  11532s
 1715829    7.4927178e+08   1.796961e+08   0.000000e+00  11538s
 1716289    7.4927177e+08   2.061696e+08   0.000000e+00  11544s
 1716849    7.4927175e+08   2.390496e+08   0.000000e+00  11550s
 1717239    7.4927174e+08   2.877802e+08   0.000000e+00  11556s
 1717369    7.4927174e+08   1.154287e+08   0.000000e+00  11562s
 1717739    7.4927173e+08   2.877754e+08   0.000000e+00  11568s
 1718279    7.4927172e+08   1.158249e+08   0.000000e+00  11574s
 1718799    7.4927171e+08   1.666634e+08   0.000000e+00  11580s
 1718919    7.4927170e+08   1.845482e+08   0.000000e+00  11586s
 1719609    7.4927168e+08   3.274260e+08   0.000000e+00  11592s
 1720249    7.4927167e+08   1.468309e+08   0.000000e+00  11598s
 1720369    7.4927166e+08   1.223472e+08   0.000000e+00  11605s
 1720669    7.4927165e+08   1.834711e+08   0.000000e+00  11610s
 1721099    7.4927163e+08   3.735034e+08   0.000000e+00  11617s
 1721679    7.4927162e+08   1.121612e+08   0.000000e+00  11623s
 1722069    7.4927162e+08   7.374687e+07   0.000000e+00  11629s
 1722209    7.4927162e+08   9.733841e+07   0.000000e+00  11635s
 1722339    7.4927162e+08   7.254608e+07   0.000000e+00  11641s
 1722489    7.4927161e+08   1.065799e+09   0.000000e+00  11647s
 1722659    7.4927161e+08   9.719585e+07   0.000000e+00  11653s
 1722799    7.4927160e+08   1.176436e+08   0.000000e+00  11659s
 1723289    7.4927158e+08   1.838607e+08   0.000000e+00  11665s
 1723479    7.4927157e+08   1.526044e+08   0.000000e+00  11671s
 1724289    7.4927155e+08   2.011769e+08   0.000000e+00  11677s
 1724539    7.4927155e+08   1.021393e+08   0.000000e+00  11683s
 1724679    7.4927155e+08   1.251775e+08   0.000000e+00  11690s
 1724799    7.4927155e+08   1.100080e+08   0.000000e+00  11696s
 1724929    7.4927155e+08   1.040214e+08   0.000000e+00  11702s
 1725119    7.4927155e+08   9.504454e+08   0.000000e+00  11708s
 1725309    7.4927154e+08   1.208941e+08   0.000000e+00  11714s
 1725459    7.4927154e+08   1.218301e+08   0.000000e+00  11721s
 1725949    7.4927153e+08   1.415555e+08   0.000000e+00  11727s
 1726249    7.4927152e+08   1.660615e+08   0.000000e+00  11733s
 1726399    7.4927152e+08   9.487942e+07   0.000000e+00  11739s
 1726729    7.4927150e+08   1.153436e+08   0.000000e+00  11745s
 1727519    7.4927148e+08   1.578447e+08   0.000000e+00  11751s
 1727819    7.4927147e+08   1.418661e+08   0.000000e+00  11757s
 1728389    7.4927146e+08   1.405857e+08   0.000000e+00  11763s
 1728699    7.4927145e+08   1.656414e+08   0.000000e+00  11768s
 1728979    7.4927145e+08   8.811807e+07   0.000000e+00  11774s
 1729139    7.4927145e+08   9.838592e+07   0.000000e+00  11781s
 1729349    7.4927145e+08   8.839328e+07   0.000000e+00  11787s
 1729469    7.4927145e+08   9.062053e+07   0.000000e+00  11793s
 1729589    7.4927145e+08   9.922446e+07   0.000000e+00  11799s
 1729819    7.4927144e+08   1.822894e+09   0.000000e+00  11805s
 1729939    7.4927143e+08   1.352481e+08   0.000000e+00  11811s
 1730549    7.4927141e+08   1.430562e+08   0.000000e+00  11817s
 1730709    7.4927141e+08   2.355979e+08   0.000000e+00  11823s
 1731079    7.4927140e+08   1.272172e+08   0.000000e+00  11829s
 1731959    7.4927138e+08   1.652624e+08   0.000000e+00  11835s
 1732109    7.4927138e+08   1.146057e+08   0.000000e+00  11841s
 1732579    7.4927138e+08   1.861251e+08   0.000000e+00  11848s
 1732799    7.4927137e+08   1.062586e+08   0.000000e+00  11854s
 1733139    7.4927136e+08   9.280454e+07   0.000000e+00  11860s
 1733399    7.4927135e+08   9.211055e+07   0.000000e+00  11866s
 1733819    7.4927134e+08   1.035296e+08   0.000000e+00  11872s
 1734339    7.4927133e+08   1.080478e+08   0.000000e+00  11878s
 1734679    7.4927133e+08   9.202691e+07   0.000000e+00  11884s
 1735009    7.4927132e+08   8.806930e+07   0.000000e+00  11890s
 1735159    7.4927132e+08   1.070346e+08   0.000000e+00  11896s
 1735299    7.4927132e+08   9.371502e+07   0.000000e+00  11902s
 1735429    7.4927131e+08   2.659006e+08   0.000000e+00  11909s
 1735819    7.4927131e+08   1.000624e+08   0.000000e+00  11915s
 1735969    7.4927131e+08   1.157021e+08   0.000000e+00  11921s
 1736089    7.4927131e+08   8.965662e+07   0.000000e+00  11927s
 1736219    7.4927131e+08   1.181285e+08   0.000000e+00  11933s
 1736339    7.4927131e+08   9.995640e+07   0.000000e+00  11939s
 1737340    7.4927130e+08   1.269827e+08   0.000000e+00  11940s
 1738461    7.4927129e+08   1.070593e+08   0.000000e+00  11949s
 1739361    7.4927127e+08   1.113237e+08   0.000000e+00  11955s
 1739511    7.4927127e+08   1.322471e+08   0.000000e+00  11961s
 1739891    7.4927126e+08   1.123442e+08   0.000000e+00  11967s
 1740351    7.4927125e+08   1.178733e+08   0.000000e+00  11973s
 1740501    7.4927125e+08   1.111627e+08   0.000000e+00  11979s
 1740961    7.4927125e+08   1.272662e+08   0.000000e+00  11985s
 1741341    7.4927123e+08   2.125008e+08   0.000000e+00  11991s
 1741481    7.4927123e+08   1.357631e+08   0.000000e+00  11997s
 1741921    7.4927121e+08   1.643167e+08   0.000000e+00  12003s
 1742211    7.4927120e+08   4.403715e+08   0.000000e+00  12009s
 1742361    7.4927120e+08   1.132604e+08   0.000000e+00  12016s
 1742921    7.4927119e+08   5.254402e+08   0.000000e+00  12021s
 1743181    7.4927118e+08   1.316408e+08   0.000000e+00  12027s
 1743311    7.4927118e+08   1.282765e+08   0.000000e+00  12034s
 1743631    7.4927117e+08   9.558355e+07   0.000000e+00  12040s
 1743801    7.4927116e+08   2.880937e+08   0.000000e+00  12046s
 1744081    7.4927115e+08   2.620039e+08   0.000000e+00  12052s
 1744641    7.4927113e+08   1.163289e+08   0.000000e+00  12058s
 1745451    7.4927112e+08   1.811702e+08   0.000000e+00  12064s
 1745841    7.4927112e+08   1.019474e+08   0.000000e+00  12070s
 1746061    7.4927111e+08   9.686360e+07   0.000000e+00  12076s
 1746331    7.4927111e+08   9.101588e+07   0.000000e+00  12083s
 1746541    7.4927110e+08   1.349222e+08   0.000000e+00  12089s
 1746841    7.4927109e+08   2.555840e+08   0.000000e+00  12095s
 1747021    7.4927108e+08   1.079643e+08   0.000000e+00  12102s
 1747611    7.4927107e+08   9.313659e+07   0.000000e+00  12108s
 1747831    7.4927107e+08   2.052847e+09   0.000000e+00  12114s
 1748181    7.4927105e+08   1.587766e+08   0.000000e+00  12120s
 1748401    7.4927104e+08   2.444820e+08   0.000000e+00  12126s
 1748561    7.4927104e+08   1.238941e+08   0.000000e+00  12132s
 1748691    7.4927104e+08   1.098616e+08   0.000000e+00  12138s
 1748911    7.4927104e+08   1.137530e+08   0.000000e+00  12144s
 1749121    7.4927103e+08   1.954536e+08   0.000000e+00  12150s
 1749681    7.4927102e+08   1.030742e+08   0.000000e+00  12156s
 1750001    7.4927101e+08   1.110112e+08   0.000000e+00  12162s
 1750691    7.4927099e+08   2.268580e+08   0.000000e+00  12168s
 1750821    7.4927098e+08   2.005288e+08   0.000000e+00  12174s
 1751611    7.4927096e+08   1.036682e+08   0.000000e+00  12180s
 1751881    7.4927095e+08   2.151591e+08   0.000000e+00  12186s
 1752091    7.4927095e+08   8.890121e+07   0.000000e+00  12192s
 1752251    7.4927095e+08   1.055524e+08   0.000000e+00  12198s
 1752631    7.4927094e+08   9.774018e+07   0.000000e+00  12204s
 1753632    7.4927093e+08   1.277923e+08   0.000000e+00  12209s
 1753752    7.4927093e+08   9.552614e+07   0.000000e+00  12215s
 1754222    7.4927092e+08   9.313505e+07   0.000000e+00  12221s
 1754812    7.4927091e+08   8.306225e+08   0.000000e+00  12227s
 1755802    7.4927089e+08   2.951246e+08   0.000000e+00  12233s
 1755952    7.4927088e+08   1.138825e+08   0.000000e+00  12239s
 1756472    7.4927087e+08   1.203834e+08   0.000000e+00  12245s
 1757002    7.4927085e+08   2.319005e+08   0.000000e+00  12251s
 1757142    7.4927085e+08   1.047128e+08   0.000000e+00  12257s
 1757512    7.4927085e+08   6.924239e+08   0.000000e+00  12263s
 1757652    7.4927084e+08   1.058308e+08   0.000000e+00  12269s
 1757782    7.4927084e+08   9.509191e+07   0.000000e+00  12276s
 1758032    7.4927083e+08   1.044636e+08   0.000000e+00  12281s
 1758312    7.4927083e+08   7.038786e+07   0.000000e+00  12287s
 1758442    7.4927083e+08   1.016499e+08   0.000000e+00  12294s
 1758642    7.4927082e+08   9.702606e+09   0.000000e+00  12300s
 1759042    7.4927081e+08   9.130908e+08   0.000000e+00  12306s
 1759512    7.4927079e+08   3.029517e+08   0.000000e+00  12312s
 1759652    7.4927079e+08   1.503130e+08   0.000000e+00  12319s
 1760142    7.4927079e+08   9.051259e+07   0.000000e+00  12325s
 1760322    7.4927078e+08   1.014065e+08   0.000000e+00  12331s
 1760532    7.4927078e+08   2.646151e+08   0.000000e+00  12337s
 1760712    7.4927078e+08   1.025810e+08   0.000000e+00  12343s
 1760932    7.4927077e+08   1.246463e+08   0.000000e+00  12349s
 1761232    7.4927076e+08   4.340866e+08   0.000000e+00  12356s
 1762343    7.4927075e+08   1.050487e+08   0.000000e+00  12364s
 1763003    7.4927073e+08   9.728948e+07   0.000000e+00  12370s
 1763533    7.4927072e+08   2.360723e+08   0.000000e+00  12377s
 1763673    7.4927072e+08   9.712905e+07   0.000000e+00  12383s
 1764053    7.4927071e+08   9.524981e+07   0.000000e+00  12389s
 1764343    7.4927071e+08   1.046498e+08   0.000000e+00  12395s
 1764473    7.4927071e+08   1.092456e+08   0.000000e+00  12401s
 1764613    7.4927071e+08   1.130938e+08   0.000000e+00  12407s
 1764763    7.4927071e+08   9.635418e+07   0.000000e+00  12413s
 1764913    7.4927071e+08   8.641481e+07   0.000000e+00  12419s
 1765914    7.4927070e+08   1.360373e+08   0.000000e+00  12423s
 1766204    7.4927068e+08   1.470498e+08   0.000000e+00  12429s
 1766324    7.4927068e+08   2.224160e+08   0.000000e+00  12435s
 1766944    7.4927067e+08   1.804443e+08   0.000000e+00  12441s
 1767184    7.4927066e+08   1.047893e+08   0.000000e+00  12447s
 1767454    7.4927065e+08   1.257620e+08   0.000000e+00  12454s
 1767814    7.4927064e+08   6.926819e+08   0.000000e+00  12460s
 1768574    7.4927062e+08   1.164612e+08   0.000000e+00  12466s
 1768754    7.4927062e+08   9.920688e+07   0.000000e+00  12472s
 1768884    7.4927062e+08   9.470903e+07   0.000000e+00  12478s
 1769014    7.4927062e+08   9.801147e+07   0.000000e+00  12485s
 1769144    7.4927062e+08   9.712283e+07   0.000000e+00  12491s
 1769264    7.4927062e+08   9.834236e+07   0.000000e+00  12497s
 1770265    7.4927060e+08   2.512804e+08   0.000000e+00  12502s
 1773268    7.4927057e+08   1.155275e+08   0.000000e+00  12506s
 1777272    7.4927050e+08   1.613318e+08   0.000000e+00  12510s
 1777382    7.4927050e+08   1.019211e+09   0.000000e+00  12516s
 1778232    7.4927048e+08   1.830056e+08   0.000000e+00  12522s
 1779212    7.4927045e+08   2.596951e+08   0.000000e+00  12528s
 1779672    7.4927044e+08   1.832250e+08   0.000000e+00  12534s
 1779802    7.4927044e+08   1.113255e+08   0.000000e+00  12540s
 1780342    7.4927042e+08   1.910905e+08   0.000000e+00  12546s
 1781312    7.4927040e+08   1.093951e+08   0.000000e+00  12553s
 1782062    7.4927039e+08   1.154643e+08   0.000000e+00  12558s
 1782352    7.4927038e+08   1.098762e+08   0.000000e+00  12565s
 1782852    7.4927038e+08   9.621872e+07   0.000000e+00  12571s
 1783192    7.4927036e+08   2.557884e+08   0.000000e+00  12577s
 1783882    7.4927035e+08   1.170914e+08   0.000000e+00  12583s
 1784112    7.4927035e+08   1.171748e+08   0.000000e+00  12589s
 1784312    7.4927035e+08   1.175202e+08   0.000000e+00  12596s
 1784462    7.4927035e+08   1.086798e+08   0.000000e+00  12603s
 1784592    7.4927035e+08   1.473011e+08   0.000000e+00  12609s
 1784742    7.4927034e+08   1.379137e+08   0.000000e+00  12615s
 1785442    7.4927033e+08   1.350961e+08   0.000000e+00  12621s
 1785912    7.4927032e+08   1.559486e+08   0.000000e+00  12627s
 1786202    7.4927030e+08   3.182772e+08   0.000000e+00  12633s
 1786982    7.4927029e+08   1.188375e+08   0.000000e+00  12639s
 1787112    7.4927029e+08   1.068061e+08   0.000000e+00  12645s
 1787592    7.4927028e+08   1.317865e+08   0.000000e+00  12652s
 1787902    7.4927027e+08   1.033331e+08   0.000000e+00  12658s
 1788152    7.4927027e+08   9.414903e+07   0.000000e+00  12664s
 1788332    7.4927027e+08   1.202320e+08   0.000000e+00  12670s
 1788582    7.4927026e+08   2.701596e+08   0.000000e+00  12677s
 1788742    7.4927026e+08   1.086012e+08   0.000000e+00  12683s
 1789132    7.4927025e+08   9.595959e+07   0.000000e+00  12689s
 1789342    7.4927024e+08   2.130648e+08   0.000000e+00  12695s
 1789482    7.4927024e+08   1.101815e+08   0.000000e+00  12701s
 1789662    7.4927024e+08   1.212494e+08   0.000000e+00  12708s
 1789802    7.4927024e+08   9.531228e+07   0.000000e+00  12714s
 1789962    7.4927024e+08   8.694772e+07   0.000000e+00  12721s
 1790122    7.4927023e+08   8.443853e+07   0.000000e+00  12727s
 1790512    7.4927023e+08   9.123289e+07   0.000000e+00  12733s
 1790672    7.4927022e+08   1.250247e+08   0.000000e+00  12739s
 1790812    7.4927022e+08   1.242952e+08   0.000000e+00  12745s
 1791182    7.4927022e+08   1.158942e+08   0.000000e+00  12752s
 1791392    7.4927022e+08   8.105895e+07   0.000000e+00  12758s
 1791562    7.4927020e+08   3.304089e+08   0.000000e+00  12764s
 1792332    7.4927019e+08   1.234557e+08   0.000000e+00  12770s
 1792482    7.4927019e+08   1.162067e+08   0.000000e+00  12776s
 1792922    7.4927018e+08   1.809639e+08   0.000000e+00  12781s
 1793172    7.4927017e+08   1.374155e+08   0.000000e+00  12788s
 1793422    7.4927016e+08   1.197556e+08   0.000000e+00  12794s
 1793912    7.4927015e+08   9.854109e+07   0.000000e+00  12800s
 1794182    7.4927014e+08   2.111282e+08   0.000000e+00  12806s
 1794902    7.4927013e+08   1.009221e+08   0.000000e+00  12812s
 1795903    7.4927011e+08   2.494903e+08   0.000000e+00  12817s
 1796133    7.4927010e+08   1.502093e+08   0.000000e+00  12823s
 1796413    7.4927009e+08   3.667657e+08   0.000000e+00  12829s
 1796563    7.4927009e+08   1.834760e+08   0.000000e+00  12836s
 1796973    7.4927009e+08   1.348318e+08   0.000000e+00  12843s
 1797213    7.4927008e+08   1.328246e+09   0.000000e+00  12848s
 1797363    7.4927008e+08   9.765643e+07   0.000000e+00  12855s
 1798364    7.4927007e+08   1.275201e+08   0.000000e+00  12858s
 1799144    7.4927005e+08   3.968928e+08   0.000000e+00  12865s
 1799354    7.4927004e+08   1.551662e+08   0.000000e+00  12871s
 1800164    7.4927002e+08   1.442359e+08   0.000000e+00  12877s
 1800404    7.4927002e+08   1.158836e+08   0.000000e+00  12883s
 1800594    7.4927002e+08   1.110904e+08   0.000000e+00  12889s
 1800864    7.4927001e+08   1.302881e+08   0.000000e+00  12896s
 1801544    7.4926999e+08   1.030326e+08   0.000000e+00  12902s
 1802134    7.4926998e+08   4.959494e+08   0.000000e+00  12909s
 1802304    7.4926997e+08   2.572247e+08   0.000000e+00  12915s
 1802964    7.4926996e+08   1.591757e+08   0.000000e+00  12921s
 1803104    7.4926996e+08   1.399193e+08   0.000000e+00  12927s
 1803434    7.4926995e+08   1.071420e+08   0.000000e+00  12933s
 1803614    7.4926995e+08   1.162295e+08   0.000000e+00  12940s
 1803814    7.4926995e+08   1.016086e+08   0.000000e+00  12946s
 1804044    7.4926995e+08   9.342220e+07   0.000000e+00  12953s
 1804224    7.4926994e+08   1.055148e+08   0.000000e+00  12959s
 1804364    7.4926994e+08   1.682452e+08   0.000000e+00  12966s
 1804514    7.4926994e+08   8.412295e+07   0.000000e+00  12972s
 1804674    7.4926994e+08   9.238385e+07   0.000000e+00  12979s
 1804794    7.4926994e+08   1.704593e+08   0.000000e+00  12985s
 1805024    7.4926993e+08   1.702156e+08   0.000000e+00  12991s
 1805514    7.4926991e+08   1.463457e+08   0.000000e+00  12997s
 1805784    7.4926990e+08   1.096661e+08   0.000000e+00  13003s
 1806334    7.4926989e+08   1.417758e+08   0.000000e+00  13009s
 1806454    7.4926989e+08   9.368971e+07   0.000000e+00  13015s
 1806734    7.4926988e+08   1.053765e+08   0.000000e+00  13022s
 1807024    7.4926987e+08   3.764234e+09   0.000000e+00  13028s
 1807954    7.4926987e+08   1.067694e+08   0.000000e+00  13034s
 1808234    7.4926986e+08   8.718852e+07   0.000000e+00  13041s
 1808404    7.4926986e+08   1.337229e+08   0.000000e+00  13047s
 1808874    7.4926985e+08   3.529205e+08   0.000000e+00  13053s
 1809004    7.4926984e+08   1.326461e+08   0.000000e+00  13059s
 1809494    7.4926983e+08   9.917752e+07   0.000000e+00  13066s
 1809634    7.4926983e+08   9.085434e+07   0.000000e+00  13072s
 1809854    7.4926983e+08   1.332502e+08   0.000000e+00  13079s
 1810084    7.4926982e+08   1.010617e+08   0.000000e+00  13085s
 1810694    7.4926981e+08   1.171243e+08   0.000000e+00  13091s
 1810954    7.4926980e+08   1.154701e+08   0.000000e+00  13097s
 1811564    7.4926978e+08   2.029153e+08   0.000000e+00  13104s
 1811734    7.4926978e+08   9.811343e+07   0.000000e+00  13110s
 1812024    7.4926978e+08   1.796924e+08   0.000000e+00  13117s
 1812184    7.4926978e+08   8.813083e+07   0.000000e+00  13123s
 1812324    7.4926978e+08   1.089116e+08   0.000000e+00  13129s
 1812524    7.4926978e+08   1.138893e+08   0.000000e+00  13136s
 1812664    7.4926977e+08   1.392893e+09   0.000000e+00  13142s
 1812814    7.4926976e+08   3.161010e+08   0.000000e+00  13148s
 1813414    7.4926975e+08   1.257999e+08   0.000000e+00  13155s
 1813744    7.4926974e+08   1.291587e+08   0.000000e+00  13161s
 1813894    7.4926974e+08   1.154933e+08   0.000000e+00  13168s
 1814154    7.4926974e+08   1.014463e+08   0.000000e+00  13174s
 1814364    7.4926973e+08   1.537587e+08   0.000000e+00  13180s
 1814614    7.4926973e+08   1.207243e+08   0.000000e+00  13186s
 1814724    7.4926972e+08   1.331281e+08   0.000000e+00  13193s
 1815104    7.4926972e+08   9.301587e+07   0.000000e+00  13199s
 1815254    7.4926972e+08   9.299584e+07   0.000000e+00  13205s
 1815404    7.4926972e+08   9.521572e+07   0.000000e+00  13212s
 1815534    7.4926972e+08   1.147312e+08   0.000000e+00  13218s
 1815674    7.4926972e+08   1.583561e+08   0.000000e+00  13225s
 1815804    7.4926971e+08   1.216958e+08   0.000000e+00  13231s
 1815984    7.4926971e+08   1.054160e+08   0.000000e+00  13237s
 1816114    7.4926971e+08   1.072330e+08   0.000000e+00  13244s
 1816234    7.4926971e+08   1.049242e+08   0.000000e+00  13250s
 1816974    7.4926970e+08   1.020799e+08   0.000000e+00  13256s
 1817084    7.4926970e+08   1.142272e+08   0.000000e+00  13262s
 1817404    7.4926968e+08   1.173294e+08   0.000000e+00  13268s
 1818405    7.4926967e+08   3.174068e+08   0.000000e+00  13274s
 1818525    7.4926967e+08   1.342582e+08   0.000000e+00  13280s
 1818825    7.4926966e+08   8.880289e+07   0.000000e+00  13286s
 1818945    7.4926966e+08   8.139013e+07   0.000000e+00  13293s
 1819075    7.4926966e+08   1.872936e+08   0.000000e+00  13299s
 1819255    7.4926965e+08   1.216017e+09   0.000000e+00  13305s
 1819535    7.4926964e+08   1.492118e+08   0.000000e+00  13312s
 1819765    7.4926964e+08   1.176628e+08   0.000000e+00  13318s
 1820135    7.4926963e+08   1.056505e+08   0.000000e+00  13324s
 1820315    7.4926963e+08   7.318161e+08   0.000000e+00  13330s
 1820445    7.4926963e+08   9.910735e+07   0.000000e+00  13337s
 1820555    7.4926962e+08   2.604892e+08   0.000000e+00  13343s
 1820955    7.4926961e+08   1.197699e+08   0.000000e+00  13349s
 1821355    7.4926960e+08   2.934566e+08   0.000000e+00  13355s
 1821475    7.4926960e+08   1.253610e+08   0.000000e+00  13362s
 1822055    7.4926959e+08   1.555194e+08   0.000000e+00  13368s
 1822485    7.4926958e+08   1.432182e+08   0.000000e+00  13374s
 1822645    7.4926958e+08   2.245242e+08   0.000000e+00  13381s
 1822775    7.4926958e+08   9.276488e+07   0.000000e+00  13387s
 1822895    7.4926958e+08   1.741955e+08   0.000000e+00  13394s
 1823115    7.4926957e+08   7.457328e+08   0.000000e+00  13400s
 1823315    7.4926957e+08   1.279942e+08   0.000000e+00  13406s
 1823435    7.4926957e+08   9.597253e+07   0.000000e+00  13413s
 1823575    7.4926957e+08   1.829808e+08   0.000000e+00  13419s
 1823715    7.4926957e+08   9.061914e+07   0.000000e+00  13426s
 1823845    7.4926957e+08   8.885382e+07   0.000000e+00  13433s
 1823965    7.4926957e+08   4.257550e+08   0.000000e+00  13439s
 1824125    7.4926957e+08   4.361832e+08   0.000000e+00  13446s
 1824245    7.4926957e+08   1.007316e+08   0.000000e+00  13452s
 1824365    7.4926957e+08   3.488449e+08   0.000000e+00  13459s
 1824495    7.4926957e+08   1.021971e+08   0.000000e+00  13466s
 1824615    7.4926957e+08   2.611503e+08   0.000000e+00  13472s
 1824745    7.4926956e+08   2.820242e+08   0.000000e+00  13479s
 1824875    7.4926956e+08   1.924789e+08   0.000000e+00  13485s
 1825025    7.4926956e+08   1.352634e+08   0.000000e+00  13492s
 1825155    7.4926956e+08   7.091538e+08   0.000000e+00  13498s
 1825285    7.4926956e+08   1.486381e+08   0.000000e+00  13505s
 1825425    7.4926956e+08   1.517387e+08   0.000000e+00  13511s
 1825555    7.4926956e+08   1.924474e+08   0.000000e+00  13518s
 1825685    7.4926956e+08   2.023196e+08   0.000000e+00  13524s
 1825815    7.4926956e+08   1.737019e+08   0.000000e+00  13531s
 1826055    7.4926956e+08   1.785421e+08   0.000000e+00  13537s
 1827056    7.4926955e+08   1.174567e+08   0.000000e+00  13542s
 1827166    7.4926954e+08   1.900696e+08   0.000000e+00  13548s
 1828167    7.4926952e+08   1.436842e+08   0.000000e+00  13552s
 1828627    7.4926951e+08   1.671694e+08   0.000000e+00  13559s
 1828737    7.4926950e+08   2.122855e+08   0.000000e+00  13565s
 1829547    7.4926948e+08   1.564660e+08   0.000000e+00  13571s
 1829837    7.4926947e+08   1.055039e+08   0.000000e+00  13577s
 1829967    7.4926947e+08   2.485863e+08   0.000000e+00  13584s
 1830087    7.4926947e+08   1.802534e+08   0.000000e+00  13590s
 1830207    7.4926947e+08   2.131191e+08   0.000000e+00  13596s
 1831027    7.4926946e+08   1.789417e+08   0.000000e+00  13603s
 1832028    7.4926945e+08   1.327047e+08   0.000000e+00  13605s
 1832158    7.4926944e+08   2.364505e+08   0.000000e+00  13612s
 1832958    7.4926942e+08   2.818009e+08   0.000000e+00  13618s
 1833178    7.4926941e+08   3.794841e+08   0.000000e+00  13624s
 1833718    7.4926940e+08   8.524740e+09   0.000000e+00  13630s
 1834208    7.4926939e+08   3.278934e+09   0.000000e+00  13637s
 1834518    7.4926937e+08   2.536186e+08   0.000000e+00  13643s
 1835128    7.4926936e+08   3.572196e+08   0.000000e+00  13649s
 1835818    7.4926933e+08   9.050661e+09   0.000000e+00  13656s
 1836018    7.4926932e+08   1.696841e+08   0.000000e+00  13662s
 1836838    7.4926930e+08   1.516053e+08   0.000000e+00  13668s
 1837068    7.4926929e+08   2.346051e+08   0.000000e+00  13674s
 1837288    7.4926928e+08   1.657191e+08   0.000000e+00  13680s
 1837678    7.4926927e+08   3.787425e+08   0.000000e+00  13686s
 1837788    7.4926927e+08   1.163988e+08   0.000000e+00  13692s
 1837978    7.4926925e+08   2.581853e+09   0.000000e+00  13698s
 1838538    7.4926924e+08   1.377513e+08   0.000000e+00  13705s
 1838778    7.4926923e+08   1.580064e+09   0.000000e+00  13711s
 1838898    7.4926922e+08   3.820724e+08   0.000000e+00  13717s
 1839468    7.4926920e+08   2.688914e+08   0.000000e+00  13724s
 1839738    7.4926920e+08   1.416413e+08   0.000000e+00  13730s
 1839978    7.4926918e+08   9.114578e+08   0.000000e+00  13736s
 1840188    7.4926918e+08   2.764643e+08   0.000000e+00  13742s
 1840358    7.4926918e+08   1.435216e+08   0.000000e+00  13748s
 1840528    7.4926918e+08   4.029665e+08   0.000000e+00  13755s
 1840648    7.4926918e+08   5.893463e+08   0.000000e+00  13761s
 1840808    7.4926917e+08   1.577363e+08   0.000000e+00  13767s
 1840948    7.4926916e+08   1.711135e+08   0.000000e+00  13774s
 1841738    7.4926914e+08   3.612552e+08   0.000000e+00  13780s
 1841858    7.4926913e+08   1.548301e+08   0.000000e+00  13786s
 1842148    7.4926913e+08   3.329764e+08   0.000000e+00  13792s
 1842278    7.4926913e+08   3.183574e+08   0.000000e+00  13798s
 1842408    7.4926913e+08   3.317100e+08   0.000000e+00  13805s
 1842538    7.4926913e+08   1.212669e+08   0.000000e+00  13812s
 1842668    7.4926913e+08   1.212266e+08   0.000000e+00  13818s
 1842798    7.4926913e+08   1.211743e+08   0.000000e+00  13825s
 1842928    7.4926913e+08   1.211219e+08   0.000000e+00  13832s
 1843058    7.4926913e+08   1.210616e+08   0.000000e+00  13839s
 1843188    7.4926913e+08   1.210314e+08   0.000000e+00  13846s
 1843318    7.4926913e+08   1.209666e+08   0.000000e+00  13853s
 1843448    7.4926913e+08   1.480266e+08   0.000000e+00  13860s
 1843578    7.4926913e+08   1.227540e+08   0.000000e+00  13866s
 1843708    7.4926913e+08   1.227155e+08   0.000000e+00  13873s
 1843838    7.4926913e+08   1.226664e+08   0.000000e+00  13880s
 1843968    7.4926913e+08   1.226200e+08   0.000000e+00  13887s
 1844098    7.4926913e+08   1.225711e+08   0.000000e+00  13894s
 1844218    7.4926913e+08   2.405759e+08   0.000000e+00  13900s
 1844348    7.4926913e+08   1.924546e+08   0.000000e+00  13907s
 1844468    7.4926913e+08   1.196257e+09   0.000000e+00  13913s
 1844588    7.4926913e+08   6.907231e+08   0.000000e+00  13920s
 1844768    7.4926912e+08   1.749944e+08   0.000000e+00  13926s
 1845568    7.4926911e+08   2.429257e+08   0.000000e+00  13932s
 1845718    7.4926910e+08   1.731357e+08   0.000000e+00  13938s
 1846398    7.4926909e+08   2.076457e+08   0.000000e+00  13944s
 1846928    7.4926908e+08   3.352618e+09   0.000000e+00  13951s
 1847458    7.4926906e+08   1.700216e+08   0.000000e+00  13957s
 1848048    7.4926905e+08   1.759020e+08   0.000000e+00  13963s
 1848428    7.4926904e+08   2.651232e+08   0.000000e+00  13970s
 1848948    7.4926903e+08   1.763708e+08   0.000000e+00  13976s
 1849348    7.4926901e+08   1.371587e+09   0.000000e+00  13982s
 1850078    7.4926900e+08   2.029664e+08   0.000000e+00  13988s
 1850198    7.4926900e+08   1.754279e+08   0.000000e+00  13995s
 1850708    7.4926898e+08   1.703516e+08   0.000000e+00  14001s
 1851278    7.4926896e+08   1.460013e+08   0.000000e+00  14007s
 1851648    7.4926895e+08   9.983593e+08   0.000000e+00  14014s
 1852198    7.4926894e+08   3.454834e+08   0.000000e+00  14020s
 1852638    7.4926893e+08   2.006821e+08   0.000000e+00  14027s
 1852768    7.4926893e+08   6.333055e+08   0.000000e+00  14034s
 1853108    7.4926891e+08   2.312378e+08   0.000000e+00  14040s
 1853508    7.4926890e+08   1.925603e+08   0.000000e+00  14046s
 1853928    7.4926889e+08   2.216395e+08   0.000000e+00  14052s
 1854128    7.4926889e+08   2.021871e+08   0.000000e+00  14058s
 1854248    7.4926888e+08   1.760344e+08   0.000000e+00  14065s
 1854368    7.4926888e+08   1.251603e+08   0.000000e+00  14072s
 1854488    7.4926888e+08   2.223725e+08   0.000000e+00  14078s
 1854618    7.4926888e+08   2.600270e+08   0.000000e+00  14085s
 1854738    7.4926888e+08   1.576386e+08   0.000000e+00  14092s
 1855038    7.4926887e+08   6.557581e+08   0.000000e+00  14098s
 1857040    7.4926885e+08   1.951818e+08   0.000000e+00  14100s
 1860043    7.4926880e+08   2.666309e+08   0.000000e+00  14106s
 1860153    7.4926879e+08   2.360681e+08   0.000000e+00  14112s
 1861154    7.4926876e+08   3.019485e+08   0.000000e+00  14117s
 1862114    7.4926874e+08   1.794149e+08   0.000000e+00  14123s
 1862464    7.4926874e+08   2.010375e+08   0.000000e+00  14129s
 1862594    7.4926874e+08   2.135204e+08   0.000000e+00  14135s
 1863054    7.4926873e+08   3.202051e+08   0.000000e+00  14142s
 1863484    7.4926871e+08   3.652289e+08   0.000000e+00  14148s
 1864184    7.4926869e+08   2.848738e+08   0.000000e+00  14154s
 1864314    7.4926869e+08   6.807407e+08   0.000000e+00  14161s
 1864814    7.4926867e+08   1.434097e+08   0.000000e+00  14167s
 1865184    7.4926866e+08   2.543047e+08   0.000000e+00  14173s
 1865364    7.4926866e+08   2.378035e+08   0.000000e+00  14180s
 1865864    7.4926864e+08   4.384496e+09   0.000000e+00  14186s
 1866114    7.4926863e+08   1.037697e+09   0.000000e+00  14192s
 1866254    7.4926863e+08   2.549716e+08   0.000000e+00  14198s
 1866614    7.4926862e+08   2.474674e+08   0.000000e+00  14205s
 1866774    7.4926862e+08   2.485007e+08   0.000000e+00  14211s
 1866904    7.4926862e+08   1.182200e+08   0.000000e+00  14218s
 1867064    7.4926861e+08   9.118716e+08   0.000000e+00  14225s
 1867204    7.4926861e+08   2.226272e+08   0.000000e+00  14231s
 1867324    7.4926861e+08   3.655347e+08   0.000000e+00  14238s
 1867954    7.4926860e+08   2.250456e+08   0.000000e+00  14244s
 1868084    7.4926859e+08   6.211994e+08   0.000000e+00  14250s
 1868514    7.4926858e+08   2.570204e+08   0.000000e+00  14257s
 1868834    7.4926857e+08   7.880867e+08   0.000000e+00  14263s
 1869124    7.4926857e+08   5.686599e+08   0.000000e+00  14270s
 1869244    7.4926856e+08   1.739016e+09   0.000000e+00  14276s
 1869454    7.4926855e+08   2.331074e+08   0.000000e+00  14282s
 1869934    7.4926854e+08   1.480128e+09   0.000000e+00  14289s
 1870164    7.4926854e+08   1.673499e+08   0.000000e+00  14296s
 1870304    7.4926854e+08   5.718890e+08   0.000000e+00  14302s
 1870484    7.4926854e+08   1.020760e+09   0.000000e+00  14309s
 1870614    7.4926854e+08   3.207352e+08   0.000000e+00  14316s
 1870744    7.4926854e+08   3.817804e+08   0.000000e+00  14323s
 1870874    7.4926854e+08   1.548945e+08   0.000000e+00  14329s
 1871004    7.4926854e+08   1.895535e+08   0.000000e+00  14336s
 1871134    7.4926854e+08   1.895416e+08   0.000000e+00  14343s
 1871264    7.4926854e+08   1.549548e+08   0.000000e+00  14350s
 1871394    7.4926854e+08   1.894212e+08   0.000000e+00  14356s
 1871524    7.4926854e+08   1.548729e+08   0.000000e+00  14363s
 1871654    7.4926854e+08   1.892740e+08   0.000000e+00  14370s
 1871824    7.4926854e+08   2.102429e+08   0.000000e+00  14377s
 1872214    7.4926852e+08   3.053020e+08   0.000000e+00  14383s
 1872354    7.4926852e+08   1.682020e+08   0.000000e+00  14390s
 1872484    7.4926852e+08   1.891539e+08   0.000000e+00  14397s
 1872614    7.4926852e+08   1.852383e+08   0.000000e+00  14404s
 1872744    7.4926852e+08   1.850213e+08   0.000000e+00  14411s
 1872874    7.4926852e+08   1.851600e+08   0.000000e+00  14418s
 1873264    7.4926852e+08   1.583712e+08   0.000000e+00  14424s
 1873564    7.4926850e+08   1.128505e+08   0.000000e+00  14430s
 1874024    7.4926849e+08   1.623917e+08   0.000000e+00  14437s
 1874884    7.4926847e+08   1.858175e+08   0.000000e+00  14444s
 1875314    7.4926845e+08   2.273756e+08   0.000000e+00  14450s
 1876234    7.4926843e+08   2.256807e+08   0.000000e+00  14457s
 1876774    7.4926842e+08   1.051890e+09   0.000000e+00  14463s
 1877084    7.4926841e+08   2.543852e+08   0.000000e+00  14469s
 1877434    7.4926839e+08   1.825846e+08   0.000000e+00  14475s
 1877914    7.4926838e+08   2.170668e+08   0.000000e+00  14482s
 1878664    7.4926837e+08   2.840897e+08   0.000000e+00  14488s
 1879054    7.4926836e+08   2.415746e+08   0.000000e+00  14494s
 1879174    7.4926835e+08   3.761600e+08   0.000000e+00  14501s
 1879564    7.4926835e+08   1.866783e+08   0.000000e+00  14507s
 1879704    7.4926835e+08   1.477679e+08   0.000000e+00  14514s
 1879824    7.4926835e+08   1.477198e+08   0.000000e+00  14520s
 1879954    7.4926835e+08   1.860910e+08   0.000000e+00  14527s
 1880084    7.4926835e+08   1.912272e+08   0.000000e+00  14534s
 1880214    7.4926835e+08   1.861166e+08   0.000000e+00  14541s
 1880344    7.4926835e+08   1.476722e+08   0.000000e+00  14547s
 1880584    7.4926834e+08   1.041938e+09   0.000000e+00  14554s
 1880734    7.4926834e+08   1.006006e+09   0.000000e+00  14560s
 1880884    7.4926834e+08   9.972263e+08   0.000000e+00  14566s
 1881084    7.4926833e+08   1.594537e+08   0.000000e+00  14573s
 1881204    7.4926833e+08   1.919749e+08   0.000000e+00  14579s
 1881324    7.4926833e+08   5.008258e+08   0.000000e+00  14585s
 1881684    7.4926832e+08   2.768716e+08   0.000000e+00  14592s
 1882184    7.4926831e+08   2.858824e+08   0.000000e+00  14598s
 1882644    7.4926830e+08   3.428694e+08   0.000000e+00  14604s
 1882914    7.4926830e+08   4.997017e+08   0.000000e+00  14611s
 1883854    7.4926828e+08   2.224540e+08   0.000000e+00  14617s
 1885856    7.4926826e+08   1.327360e+08   0.000000e+00  14621s
 1885986    7.4926824e+08   3.067477e+08   0.000000e+00  14628s
 1886656    7.4926822e+08   1.752395e+08   0.000000e+00  14634s
 1887146    7.4926821e+08   1.229652e+09   0.000000e+00  14640s
 1887306    7.4926821e+08   3.471023e+08   0.000000e+00  14646s
 1887806    7.4926819e+08   1.581449e+08   0.000000e+00  14652s
 1888336    7.4926818e+08   1.876256e+08   0.000000e+00  14658s
 1888696    7.4926816e+08   3.072781e+08   0.000000e+00  14665s
 1889186    7.4926815e+08   3.362131e+08   0.000000e+00  14671s
 1889356    7.4926815e+08   3.917628e+08   0.000000e+00  14677s
 1889516    7.4926815e+08   5.681257e+08   0.000000e+00  14684s
 1889646    7.4926814e+08   6.713168e+08   0.000000e+00  14690s
 1889936    7.4926813e+08   2.500240e+08   0.000000e+00  14696s
 1890366    7.4926812e+08   1.470327e+08   0.000000e+00  14702s
 1890936    7.4926810e+08   1.857812e+08   0.000000e+00  14709s
 1891196    7.4926809e+08   3.732582e+08   0.000000e+00  14715s
 1891366    7.4926809e+08   5.289894e+08   0.000000e+00  14722s
 1891536    7.4926809e+08   3.000364e+08   0.000000e+00  14729s
 1891676    7.4926809e+08   4.482584e+08   0.000000e+00  14735s
 1891806    7.4926809e+08   2.352356e+08   0.000000e+00  14741s
 1891926    7.4926808e+08   4.042145e+08   0.000000e+00  14748s
 1892226    7.4926808e+08   2.485223e+08   0.000000e+00  14755s
 1892636    7.4926806e+08   2.059576e+08   0.000000e+00  14761s
 1893086    7.4926804e+08   2.159870e+08   0.000000e+00  14767s
 1893606    7.4926802e+08   1.941292e+08   0.000000e+00  14773s
 1893766    7.4926802e+08   2.578696e+08   0.000000e+00  14780s
 1894156    7.4926801e+08   2.786578e+08   0.000000e+00  14786s
 1894296    7.4926801e+08   2.759798e+08   0.000000e+00  14792s
 1894506    7.4926799e+08   9.591829e+08   0.000000e+00  14798s
 1894816    7.4926799e+08   2.374702e+08   0.000000e+00  14805s
 1894966    7.4926798e+08   3.076732e+08   0.000000e+00  14811s
 1895186    7.4926797e+08   3.351753e+08   0.000000e+00  14817s
 1895716    7.4926796e+08   3.297306e+08   0.000000e+00  14824s
 1896186    7.4926795e+08   5.372985e+08   0.000000e+00  14830s
 1896426    7.4926795e+08   4.684674e+08   0.000000e+00  14836s
 1896566    7.4926795e+08   2.762845e+08   0.000000e+00  14843s
 1896706    7.4926795e+08   5.236123e+08   0.000000e+00  14849s
 1897046    7.4926794e+08   1.864730e+08   0.000000e+00  14855s
 1897326    7.4926792e+08   1.469782e+08   0.000000e+00  14861s
 1898256    7.4926790e+08   2.096817e+08   0.000000e+00  14867s
 1898426    7.4926789e+08   3.984918e+08   0.000000e+00  14874s
 1898856    7.4926787e+08   1.332108e+08   0.000000e+00  14880s
 1899746    7.4926786e+08   2.084498e+08   0.000000e+00  14886s
 1899966    7.4926785e+08   2.031172e+08   0.000000e+00  14892s
 1900616    7.4926783e+08   3.530027e+09   0.000000e+00  14898s
 1901336    7.4926780e+08   2.709840e+08   0.000000e+00  14904s
 1901976    7.4926779e+08   1.289341e+08   0.000000e+00  14910s
 1902116    7.4926778e+08   3.278850e+08   0.000000e+00  14917s
 1902416    7.4926777e+08   3.569600e+08   0.000000e+00  14924s
 1902626    7.4926777e+08   5.424894e+08   0.000000e+00  14931s
 1902766    7.4926777e+08   1.370471e+09   0.000000e+00  14938s
 1903066    7.4926777e+08   6.244104e+08   0.000000e+00  14944s
 1903266    7.4926776e+08   6.970590e+08   0.000000e+00  14950s
 1903396    7.4926776e+08   5.765292e+08   0.000000e+00  14957s
 1903896    7.4926774e+08   2.713190e+08   0.000000e+00  14963s
 1904897    7.4926772e+08   1.814659e+08   0.000000e+00  14968s
 1905037    7.4926772e+08   1.879108e+08   0.000000e+00  14975s
 1905547    7.4926769e+08   1.956950e+08   0.000000e+00  14981s
 1906297    7.4926767e+08   1.819177e+08   0.000000e+00  14987s
 1906517    7.4926765e+08   3.319850e+08   0.000000e+00  14994s
 1907037    7.4926763e+08   3.541889e+08   0.000000e+00  15000s
 1907287    7.4926762e+08   4.512349e+09   0.000000e+00  15006s
 1907977    7.4926760e+08   6.239914e+08   0.000000e+00  15012s
 1908137    7.4926759e+08   2.134996e+08   0.000000e+00  15018s
 1908807    7.4926757e+08   2.830733e+08   0.000000e+00  15024s
 1908977    7.4926757e+08   5.203914e+08   0.000000e+00  15030s
 1909207    7.4926756e+08   8.061724e+07   0.000000e+00  15037s
 1909447    7.4926755e+08   1.646175e+08   0.000000e+00  15043s
 1909837    7.4926754e+08   4.084258e+08   0.000000e+00  15049s
 1910207    7.4926752e+08   2.088840e+08   0.000000e+00  15056s
 1911037    7.4926749e+08   1.903876e+08   0.000000e+00  15062s
 1911157    7.4926748e+08   1.735578e+08   0.000000e+00  15068s
 1911827    7.4926746e+08   7.948316e+08   0.000000e+00  15074s
 1912828    7.4926744e+08   1.365765e+08   0.000000e+00  15078s
 1912978    7.4926743e+08   2.786705e+08   0.000000e+00  15084s
 1913588    7.4926740e+08   1.435805e+08   0.000000e+00  15091s
 1913868    7.4926738e+08   3.902020e+08   0.000000e+00  15097s
 1914508    7.4926736e+08   9.487599e+08   0.000000e+00  15103s
 1915418    7.4926733e+08   2.445650e+08   0.000000e+00  15109s
 1915678    7.4926732e+08   2.526660e+08   0.000000e+00  15116s
 1916158    7.4926730e+08   2.633237e+08   0.000000e+00  15122s
 1916498    7.4926729e+08   8.333334e+08   0.000000e+00  15128s
 1917018    7.4926727e+08   8.666941e+08   0.000000e+00  15134s
 1917368    7.4926726e+08   2.457003e+08   0.000000e+00  15141s
 1917828    7.4926724e+08   1.207354e+09   0.000000e+00  15148s
 1917958    7.4926724e+08   6.925035e+08   0.000000e+00  15154s
 1918328    7.4926723e+08   1.757433e+08   0.000000e+00  15161s
 1918648    7.4926721e+08   3.225696e+08   0.000000e+00  15167s
 1919038    7.4926719e+08   1.953760e+08   0.000000e+00  15173s
 1919618    7.4926717e+08   1.523379e+09   0.000000e+00  15179s
 1919758    7.4926715e+08   1.687107e+08   0.000000e+00  15186s
 1920528    7.4926712e+08   1.780078e+08   0.000000e+00  15192s
 1920768    7.4926711e+08   2.714024e+08   0.000000e+00  15198s
 1921118    7.4926710e+08   3.876176e+08   0.000000e+00  15205s
 1921458    7.4926709e+08   2.324368e+08   0.000000e+00  15211s
 1922158    7.4926707e+08   6.740247e+08   0.000000e+00  15217s
 1922608    7.4926704e+08   1.515369e+08   0.000000e+00  15223s
 1922788    7.4926703e+08   2.240534e+08   0.000000e+00  15230s
 1923288    7.4926700e+08   1.112039e+09   0.000000e+00  15236s
 1923518    7.4926699e+08   1.473803e+08   0.000000e+00  15242s
 1924278    7.4926696e+08   2.240864e+08   0.000000e+00  15248s
 1924848    7.4926693e+08   1.496905e+08   0.000000e+00  15255s
 1925158    7.4926692e+08   2.204599e+08   0.000000e+00  15261s
 1926028    7.4926688e+08   2.337381e+08   0.000000e+00  15267s
 1926218    7.4926687e+08   3.564192e+08   0.000000e+00  15273s
 1926578    7.4926685e+08   2.803978e+08   0.000000e+00  15279s
 1927018    7.4926684e+08   1.042561e+09   0.000000e+00  15286s
 1927288    7.4926683e+08   5.553811e+08   0.000000e+00  15292s
 1927418    7.4926682e+08   2.689701e+08   0.000000e+00  15298s
 1927958    7.4926679e+08   1.185681e+08   0.000000e+00  15304s
 1928238    7.4926678e+08   4.255853e+08   0.000000e+00  15311s
 1928818    7.4926676e+08   5.430295e+08   0.000000e+00  15317s
 1928988    7.4926675e+08   7.369319e+09   0.000000e+00  15323s
 1929298    7.4926673e+08   6.901212e+08   0.000000e+00  15329s
 1929598    7.4926671e+08   2.186060e+08   0.000000e+00  15335s
 1930178    7.4926669e+08   6.037675e+08   0.000000e+00  15341s
 1930388    7.4926667e+08   5.306036e+08   0.000000e+00  15347s
 1930918    7.4926665e+08   2.764203e+08   0.000000e+00  15354s
 1931218    7.4926663e+08   1.003735e+09   0.000000e+00  15360s
 1931608    7.4926661e+08   7.624438e+08   0.000000e+00  15366s
 1931738    7.4926660e+08   3.664167e+08   0.000000e+00  15373s
 1932198    7.4926657e+08   5.324587e+08   0.000000e+00  15379s
 1932378    7.4926656e+08   2.595908e+08   0.000000e+00  15385s
 1932788    7.4926654e+08   2.943881e+08   0.000000e+00  15392s
 1933178    7.4926651e+08   3.491807e+08   0.000000e+00  15398s
 1934179    7.4926648e+08   1.296392e+08   0.000000e+00  15403s
 1934339    7.4926646e+08   3.974506e+08   0.000000e+00  15409s
 1935019    7.4926644e+08   1.832731e+08   0.000000e+00  15416s
 1935159    7.4926643e+08   3.582435e+08   0.000000e+00  15422s
 1935529    7.4926642e+08   2.100276e+08   0.000000e+00  15429s
 1935829    7.4926639e+08   3.941482e+08   0.000000e+00  15435s
 1935959    7.4926639e+08   6.666297e+08   0.000000e+00  15441s
 1936409    7.4926636e+08   2.018684e+08   0.000000e+00  15447s
 1936659    7.4926634e+08   4.962737e+08   0.000000e+00  15453s
 1936849    7.4926633e+08   3.301011e+08   0.000000e+00  15460s
 1937319    7.4926630e+08   7.245163e+08   0.000000e+00  15466s
 1937489    7.4926628e+08   2.079879e+08   0.000000e+00  15472s
 1937959    7.4926625e+08   5.129346e+08   0.000000e+00  15478s
 1938329    7.4926623e+08   2.231494e+08   0.000000e+00  15484s
 1938449    7.4926622e+08   2.491759e+08   0.000000e+00  15490s
 1938979    7.4926618e+08   3.016223e+08   0.000000e+00  15497s
 1939629    7.4926616e+08   2.772445e+08   0.000000e+00  15503s
 1939909    7.4926614e+08   2.007765e+08   0.000000e+00  15510s
 1940459    7.4926611e+08   2.827177e+08   0.000000e+00  15516s
 1940819    7.4926609e+08   3.668745e+08   0.000000e+00  15522s
 1941399    7.4926607e+08   2.495692e+08   0.000000e+00  15528s
 1942359    7.4926604e+08   6.308178e+09   0.000000e+00  15535s
 1943039    7.4926600e+08   3.504603e+08   0.000000e+00  15541s
 1943219    7.4926599e+08   3.213100e+08   0.000000e+00  15547s
 1943869    7.4926597e+08   1.785602e+09   0.000000e+00  15553s
 1944709    7.4926594e+08   1.976161e+08   0.000000e+00  15560s
 1944829    7.4926593e+08   1.151256e+09   0.000000e+00  15566s
 1945499    7.4926588e+08   2.500682e+08   0.000000e+00  15572s
 1945749    7.4926586e+08   5.196839e+08   0.000000e+00  15578s
 1946369    7.4926582e+08   2.359144e+08   0.000000e+00  15584s
 1946549    7.4926580e+08   2.851018e+08   0.000000e+00  15590s
 1946959    7.4926578e+08   1.123424e+10   0.000000e+00  15597s
 1947109    7.4926577e+08   3.583823e+08   0.000000e+00  15603s
 1947529    7.4926574e+08   2.134928e+08   0.000000e+00  15610s
 1947809    7.4926573e+08   9.769960e+08   0.000000e+00  15616s
 1948049    7.4926571e+08   2.398035e+08   0.000000e+00  15622s
 1948489    7.4926568e+08   1.795987e+09   0.000000e+00  15628s
 1949209    7.4926565e+08   2.323172e+08   0.000000e+00  15634s
 1949339    7.4926563e+08   2.901439e+08   0.000000e+00  15641s
 1949849    7.4926560e+08   4.018481e+08   0.000000e+00  15647s
 1950379    7.4926558e+08   7.252820e+08   0.000000e+00  15653s
 1950549    7.4926556e+08   5.008698e+08   0.000000e+00  15659s
 1950969    7.4926553e+08   1.653850e+08   0.000000e+00  15666s
 1951469    7.4926550e+08   2.944955e+08   0.000000e+00  15672s
 1952470    7.4926547e+08   2.250763e+08   0.000000e+00  15675s
 1952670    7.4926545e+08   2.841099e+08   0.000000e+00  15682s
 1953180    7.4926542e+08   4.554706e+09   0.000000e+00  15688s
 1953600    7.4926540e+08   2.521940e+08   0.000000e+00  15694s
 1953740    7.4926537e+08   2.352554e+08   0.000000e+00  15701s
 1954390    7.4926532e+08   1.116695e+10   0.000000e+00  15707s
 1954560    7.4926531e+08   1.060305e+09   0.000000e+00  15713s
 1954990    7.4926527e+08   3.754486e+08   0.000000e+00  15719s
 1955720    7.4926525e+08   4.044642e+08   0.000000e+00  15726s
 1955890    7.4926523e+08   1.691291e+09   0.000000e+00  15732s
 1956540    7.4926518e+08   4.506488e+08   0.000000e+00  15738s
 1956790    7.4926515e+08   2.094962e+08   0.000000e+00  15745s
 1957350    7.4926512e+08   2.217568e+08   0.000000e+00  15751s
 1957520    7.4926510e+08   1.477402e+09   0.000000e+00  15757s
 1957760    7.4926507e+08   1.170304e+08   0.000000e+00  15763s
 1958350    7.4926504e+08   2.613970e+08   0.000000e+00  15769s
 1958620    7.4926500e+08   2.455085e+08   0.000000e+00  15776s
 1959100    7.4926497e+08   4.312764e+08   0.000000e+00  15782s
 1960000    7.4926493e+08   5.985450e+08   0.000000e+00  15788s
 1960120    7.4926491e+08   8.953427e+08   0.000000e+00  15794s
 1960450    7.4926487e+08   3.811865e+08   0.000000e+00  15801s
 1960690    7.4926486e+08   3.730814e+08   0.000000e+00  15807s
 1961030    7.4926483e+08   3.812735e+08   0.000000e+00  15814s
 1961290    7.4926479e+08   9.912214e+08   0.000000e+00  15820s
 1961550    7.4926476e+08   2.615463e+08   0.000000e+00  15826s
 1962000    7.4926472e+08   3.147097e+08   0.000000e+00  15832s
 1962200    7.4926470e+08   4.480932e+08   0.000000e+00  15838s
 1962550    7.4926468e+08   7.849732e+08   0.000000e+00  15845s
 1962830    7.4926466e+08   1.860837e+09   0.000000e+00  15851s
 1963050    7.4926463e+08   6.141799e+08   0.000000e+00  15857s
 1963670    7.4926461e+08   1.486246e+09   0.000000e+00  15863s
 1964240    7.4926457e+08   4.887477e+08   0.000000e+00  15869s
 1964380    7.4926456e+08   5.493273e+08   0.000000e+00  15875s
 1964750    7.4926452e+08   4.807607e+08   0.000000e+00  15881s
 1965180    7.4926449e+08   5.731633e+08   0.000000e+00  15887s
 1965320    7.4926448e+08   2.011203e+08   0.000000e+00  15894s
 1965720    7.4926443e+08   2.072813e+08   0.000000e+00  15900s
 1966460    7.4926438e+08   8.812428e+08   0.000000e+00  15906s
 1966580    7.4926436e+08   2.312886e+08   0.000000e+00  15913s
 1967080    7.4926433e+08   3.824963e+08   0.000000e+00  15919s
 1967420    7.4926430e+08   2.626136e+08   0.000000e+00  15925s
 1967590    7.4926428e+08   8.464944e+08   0.000000e+00  15931s
 1968050    7.4926424e+08   1.367081e+09   0.000000e+00  15937s
 1968260    7.4926421e+08   3.092293e+08   0.000000e+00  15943s
 1968440    7.4926420e+08   7.837770e+08   0.000000e+00  15949s
 1968870    7.4926417e+08   1.588626e+09   0.000000e+00  15955s
 1969650    7.4926412e+08   2.368846e+09   0.000000e+00  15961s
 1969820    7.4926409e+08   6.181596e+08   0.000000e+00  15967s
 1970200    7.4926406e+08   5.530163e+08   0.000000e+00  15974s
 1970510    7.4926404e+08   5.477795e+08   0.000000e+00  15980s
 1970670    7.4926400e+08   3.467529e+08   0.000000e+00  15986s
 1970860    7.4926397e+08   3.711876e+08   0.000000e+00  15992s
 1971320    7.4926394e+08   1.935588e+08   0.000000e+00  15998s
 1971670    7.4926390e+08   4.482525e+08   0.000000e+00  16005s
 1971850    7.4926390e+08   3.197110e+09   0.000000e+00  16011s
 1972330    7.4926386e+08   5.795907e+08   0.000000e+00  16017s
 1972500    7.4926383e+08   4.170282e+08   0.000000e+00  16023s
 1972950    7.4926375e+08   3.509820e+08   0.000000e+00  16030s
 1973840    7.4926371e+08   8.452564e+08   0.000000e+00  16036s
 1973960    7.4926368e+08   8.495129e+08   0.000000e+00  16042s
 1974410    7.4926366e+08   1.200808e+09   0.000000e+00  16049s
 1974690    7.4926361e+08   4.991984e+08   0.000000e+00  16055s
 1974850    7.4926360e+08   1.968186e+09   0.000000e+00  16061s
 1975200    7.4926355e+08   2.662107e+08   0.000000e+00  16067s
 1975580    7.4926350e+08   3.708152e+08   0.000000e+00  16074s
 1975890    7.4926346e+08   2.530358e+08   0.000000e+00  16079s
 1976210    7.4926343e+08   2.548188e+08   0.000000e+00  16085s
 1976590    7.4926340e+08   3.926579e+08   0.000000e+00  16091s
 1976930    7.4926335e+08   2.081294e+08   0.000000e+00  16097s
 1977070    7.4926333e+08   4.311087e+08   0.000000e+00  16104s
 1977610    7.4926326e+08   4.399209e+08   0.000000e+00  16110s
 1977910    7.4926320e+08   6.170861e+08   0.000000e+00  16116s
 1978090    7.4926318e+08   5.586594e+08   0.000000e+00  16122s
 1978500    7.4926315e+08   1.375293e+08   0.000000e+00  16128s
 1978640    7.4926315e+08   2.929250e+09   0.000000e+00  16135s
 1978850    7.4926311e+08   2.842025e+08   0.000000e+00  16141s
 1979000    7.4926308e+08   3.055827e+08   0.000000e+00  16147s
 1979390    7.4926304e+08   4.926988e+08   0.000000e+00  16154s
 1979540    7.4926300e+08   1.341080e+09   0.000000e+00  16160s
 1979730    7.4926294e+08   1.304040e+09   0.000000e+00  16166s
 1980350    7.4926286e+08   3.958231e+08   0.000000e+00  16172s
 1980510    7.4926286e+08   6.325130e+08   0.000000e+00  16178s
 1980940    7.4926282e+08   5.742968e+08   0.000000e+00  16185s
 1981070    7.4926277e+08   5.805199e+08   0.000000e+00  16191s
 1981510    7.4926268e+08   2.050186e+08   0.000000e+00  16197s
 1981870    7.4926262e+08   5.266323e+08   0.000000e+00  16203s
 1982140    7.4926255e+08   4.995007e+08   0.000000e+00  16210s
 1982680    7.4926247e+08   3.373972e+08   0.000000e+00  16216s
 1983110    7.4926244e+08   5.919892e+08   0.000000e+00  16222s
 1983400    7.4926240e+08   6.944416e+08   0.000000e+00  16228s
 1983510    7.4926239e+08   1.492128e+10   0.000000e+00  16234s
 1983900    7.4926232e+08   6.133091e+08   0.000000e+00  16240s
 1984310    7.4926226e+08   3.101615e+08   0.000000e+00  16246s
 1984750    7.4926220e+08   5.426047e+08   0.000000e+00  16253s
 1984920    7.4926218e+08   2.742928e+08   0.000000e+00  16259s
 1985330    7.4926216e+08   1.082847e+09   0.000000e+00  16265s
 1985480    7.4926212e+08   1.908355e+08   0.000000e+00  16271s
 1985810    7.4926206e+08   1.849719e+09   0.000000e+00  16277s
 1986000    7.4926204e+08   2.948514e+08   0.000000e+00  16284s
 1986330    7.4926201e+08   2.008237e+08   0.000000e+00  16290s
 1986580    7.4926197e+08   1.093398e+09   0.000000e+00  16297s
 1986790    7.4926191e+08   5.195360e+08   0.000000e+00  16303s
 1987120    7.4926183e+08   6.070583e+08   0.000000e+00  16310s
 1987370    7.4926182e+08   5.717048e+08   0.000000e+00  16316s
 1987520    7.4926179e+08   2.770905e+08   0.000000e+00  16323s
 1987720    7.4926174e+08   5.140235e+08   0.000000e+00  16329s
 1987870    7.4926170e+08   2.154660e+08   0.000000e+00  16336s
 1988420    7.4926163e+08   3.043684e+08   0.000000e+00  16342s
 1988590    7.4926155e+08   6.189589e+08   0.000000e+00  16348s
 1988890    7.4926153e+08   9.886337e+08   0.000000e+00  16355s
 1989050    7.4926149e+08   6.079359e+08   0.000000e+00  16361s
 1989190    7.4926144e+08   4.295633e+08   0.000000e+00  16367s
 1989860    7.4926137e+08   6.403639e+08   0.000000e+00  16373s
 1990310    7.4926130e+08   3.278793e+08   0.000000e+00  16379s
 1990490    7.4926125e+08   5.485510e+08   0.000000e+00  16385s
 1990660    7.4926121e+08   3.163922e+08   0.000000e+00  16391s
 1991060    7.4926116e+08   5.747196e+08   0.000000e+00  16398s
 1991170    7.4926113e+08   3.621915e+08   0.000000e+00  16403s
 1991280    7.4926109e+08   6.207802e+08   0.000000e+00  16409s
 1991390    7.4926105e+08   3.015189e+08   0.000000e+00  16416s
 1992000    7.4926092e+08   1.173570e+08   0.000000e+00  16422s
 1992180    7.4926089e+08   6.239513e+08   0.000000e+00  16428s
 1992580    7.4926083e+08   4.651687e+08   0.000000e+00  16434s
 1992730    7.4926078e+08   4.817163e+08   0.000000e+00  16441s
 1993210    7.4926072e+08   2.475897e+08   0.000000e+00  16447s
 1993380    7.4926064e+08   2.149278e+08   0.000000e+00  16453s
 1993500    7.4926063e+08   6.471688e+08   0.000000e+00  16459s
 1993680    7.4926058e+08   4.983011e+08   0.000000e+00  16465s
 1993800    7.4926054e+08   5.492957e+08   0.000000e+00  16471s
 1993930    7.4926054e+08   7.314010e+09   0.000000e+00  16478s
 1994470    7.4926041e+08   1.037479e+09   0.000000e+00  16484s
 1994680    7.4926035e+08   1.180451e+09   0.000000e+00  16490s
 1994850    7.4926031e+08   5.532798e+08   0.000000e+00  16496s
 1995300    7.4926022e+08   9.000324e+08   0.000000e+00  16503s
 1995600    7.4926017e+08   1.804535e+08   0.000000e+00  16509s
 1995720    7.4926011e+08   7.119843e+08   0.000000e+00  16515s
 1996160    7.4926001e+08   5.635753e+08   0.000000e+00  16521s
 1996280    7.4925995e+08   3.778536e+08   0.000000e+00  16528s
 1996400    7.4925986e+08   7.253554e+08   0.000000e+00  16534s
 1996530    7.4925983e+08   7.285214e+08   0.000000e+00  16540s
 1996640    7.4925977e+08   1.863800e+08   0.000000e+00  16546s
 1996760    7.4925970e+08   3.057851e+08   0.000000e+00  16552s
 1997530    7.4925951e+08   4.656399e+08   0.000000e+00  16558s
 1997680    7.4925951e+08   3.811238e+08   0.000000e+00  16565s
 1997800    7.4925951e+08   1.306055e+09   0.000000e+00  16571s
 1998020    7.4925941e+08   5.915588e+08   0.000000e+00  16578s
 1998240    7.4925932e+08   2.840578e+08   0.000000e+00  16584s
 1998370    7.4925928e+08   2.670167e+08   0.000000e+00  16590s
 1999020    7.4925918e+08   2.824802e+08   0.000000e+00  16597s
 1999140    7.4925917e+08   4.813854e+08   0.000000e+00  16603s
 1999260    7.4925915e+08   5.216835e+08   0.000000e+00  16609s
 1999380    7.4925913e+08   6.979148e+08   0.000000e+00  16615s
 1999500    7.4925907e+08   8.839412e+08   0.000000e+00  16622s
 1999620    7.4925897e+08   3.214941e+08   0.000000e+00  16628s
 1999780    7.4925894e+08   7.016886e+08   0.000000e+00  16634s
 2000090    7.4925887e+08   1.983651e+09   0.000000e+00  16641s
 2000430    7.4925883e+08   6.538711e+08   0.000000e+00  16647s
 2000640    7.4925874e+08   7.611688e+08   0.000000e+00  16653s
 2000750    7.4925868e+08   6.238842e+08   0.000000e+00  16659s
 2000870    7.4925862e+08   7.343800e+08   0.000000e+00  16666s
 2001040    7.4925856e+08   9.965456e+08   0.000000e+00  16672s
 2002161    7.4925831e+08   7.406944e+08   0.000000e+00  16680s
 2002271    7.4925829e+08   3.550350e+08   0.000000e+00  16686s
 2002441    7.4925819e+08   7.868185e+08   0.000000e+00  16692s
 2002571    7.4925810e+08   8.475696e+08   0.000000e+00  16698s
 2002801    7.4925799e+08   1.222908e+09   0.000000e+00  16705s
 2002911    7.4925793e+08   4.524335e+08   0.000000e+00  16711s
 2003021    7.4925788e+08   4.544606e+08   0.000000e+00  16717s
 2003131    7.4925782e+08   2.905002e+08   0.000000e+00  16723s
 2003271    7.4925778e+08   3.814053e+08   0.000000e+00  16729s
 2003401    7.4925773e+08   8.186889e+09   0.000000e+00  16735s
 2003651    7.4925765e+08   1.018295e+09   0.000000e+00  16742s
 2004812    7.4925733e+08   1.399104e+08   0.000000e+00  16749s
 2005132    7.4925727e+08   2.915654e+09   0.000000e+00  16755s
 2005352    7.4925713e+08   9.958869e+08   0.000000e+00  16762s
 2005462    7.4925706e+08   5.965075e+08   0.000000e+00  16768s
 2005582    7.4925700e+08   4.847415e+08   0.000000e+00  16774s
 2006232    7.4925688e+08   6.030680e+08   0.000000e+00  16781s
 2006792    7.4925675e+08   1.424923e+09   0.000000e+00  16787s
 2006932    7.4925666e+08   4.592966e+08   0.000000e+00  16794s
 2007062    7.4925658e+08   5.916173e+08   0.000000e+00  16800s
 2007202    7.4925649e+08   5.940213e+08   0.000000e+00  16806s
 2007452    7.4925638e+08   9.565116e+08   0.000000e+00  16812s
 2007572    7.4925630e+08   4.014884e+08   0.000000e+00  16819s
 2007732    7.4925619e+08   1.387070e+09   0.000000e+00  16825s
 2007852    7.4925611e+08   8.477979e+09   0.000000e+00  16831s
 2007972    7.4925602e+08   1.198343e+09   0.000000e+00  16837s
 2008102    7.4925591e+08   5.690451e+08   0.000000e+00  16843s
 2008222    7.4925576e+08   5.237853e+08   0.000000e+00  16850s
 2008372    7.4925568e+08   6.908221e+08   0.000000e+00  16855s
 2008522    7.4925562e+08   4.585515e+08   0.000000e+00  16862s
 2010023    7.4925516e+08   3.640076e+09   0.000000e+00  16869s
 2010223    7.4925505e+08   9.150678e+08   0.000000e+00  16875s
 2010333    7.4925495e+08   2.480220e+08   0.000000e+00  16881s
 2010453    7.4925483e+08   5.395740e+08   0.000000e+00  16887s
 2010843    7.4925460e+08   5.368813e+08   0.000000e+00  16893s
 2011043    7.4925445e+08   6.907561e+08   0.000000e+00  16899s
 2011163    7.4925436e+08   5.968869e+08   0.000000e+00  16905s
 2011283    7.4925423e+08   6.468282e+08   0.000000e+00  16912s
 2011503    7.4925411e+08   1.024793e+09   0.000000e+00  16918s
 2011673    7.4925395e+08   4.576422e+08   0.000000e+00  16924s
 2011783    7.4925379e+08   3.783643e+09   0.000000e+00  16931s
 2011893    7.4925365e+08   5.643234e+08   0.000000e+00  16937s
 2012003    7.4925353e+08   6.457286e+08   0.000000e+00  16943s
 2012113    7.4925344e+08   1.117956e+09   0.000000e+00  16949s
 2012223    7.4925322e+08   3.832589e+08   0.000000e+00  16955s
 2012333    7.4925311e+08   3.702081e+08   0.000000e+00  16962s
 2012443    7.4925297e+08   2.695644e+08   0.000000e+00  16968s
 2012553    7.4925291e+08   5.223912e+08   0.000000e+00  16974s
 2012663    7.4925282e+08   1.560500e+10   0.000000e+00  16980s
 2012773    7.4925268e+08   3.953212e+08   0.000000e+00  16987s
 2012893    7.4925256e+08   8.052440e+08   0.000000e+00  16993s
 2013003    7.4925241e+08   5.725495e+08   0.000000e+00  16999s
 2013123    7.4925228e+08   5.596195e+08   0.000000e+00  17005s
 2014124    7.4925161e+08   4.323445e+08   0.000000e+00  17008s
 2015125    7.4925106e+08   6.431500e+08   0.000000e+00  17010s
 2015255    7.4925090e+08   1.068749e+09   0.000000e+00  17016s
 2015385    7.4925076e+08   1.900675e+08   0.000000e+00  17023s
 2015495    7.4925049e+08   2.397057e+08   0.000000e+00  17029s
 2015605    7.4925035e+08   1.512362e+09   0.000000e+00  17035s
 2015775    7.4925015e+08   8.125663e+08   0.000000e+00  17042s
 2015885    7.4925002e+08   2.618649e+09   0.000000e+00  17048s
 2015995    7.4924984e+08   9.364005e+09   0.000000e+00  17054s
 2016105    7.4924969e+08   2.331269e+09   0.000000e+00  17060s
 2016215    7.4924944e+08   6.491735e+08   0.000000e+00  17066s
 2016325    7.4924924e+08   5.883804e+08   0.000000e+00  17072s
 2016435    7.4924913e+08   2.702148e+09   0.000000e+00  17079s
 2016545    7.4924887e+08   4.112684e+08   0.000000e+00  17085s
 2016655    7.4924873e+08   3.639886e+09   0.000000e+00  17091s
 2016765    7.4924851e+08   7.644773e+08   0.000000e+00  17097s
 2016875    7.4924832e+08   1.904409e+09   0.000000e+00  17103s
 2016985    7.4924808e+08   1.767665e+09   0.000000e+00  17110s
 2017095    7.4924782e+08   1.056618e+09   0.000000e+00  17116s
 2017205    7.4924753e+08   1.768836e+09   0.000000e+00  17122s
 2017315    7.4924717e+08   5.020936e+08   0.000000e+00  17128s
 2017425    7.4924693e+08   6.826665e+08   0.000000e+00  17134s
 2017535    7.4924686e+08   2.893601e+09   0.000000e+00  17140s
 2017645    7.4924659e+08   3.736750e+09   0.000000e+00  17147s
 2017765    7.4924641e+08   7.311754e+08   0.000000e+00  17153s
 2017875    7.4924612e+08   8.070986e+08   0.000000e+00  17159s
 2017985    7.4924591e+08   1.214073e+09   0.000000e+00  17165s
 2018095    7.4924571e+08   7.371040e+08   0.000000e+00  17171s
 2018305    7.4924524e+08   8.055654e+08   0.000000e+00  17183s
 2018415    7.4924484e+08   1.075320e+09   0.000000e+00  17189s
 2018525    7.4924477e+08   1.679087e+09   0.000000e+00  17195s
 2018645    7.4924454e+08   1.116337e+09   0.000000e+00  17201s
 2018745    7.4924435e+08   9.451965e+08   0.000000e+00  17207s
 2018845    7.4924400e+08   1.381028e+09   0.000000e+00  17213s
 2018945    7.4924370e+08   1.099248e+09   0.000000e+00  17218s
 2019045    7.4924348e+08   7.852238e+08   0.000000e+00  17224s
 2019155    7.4924324e+08   1.401408e+09   0.000000e+00  17230s
 2019255    7.4924283e+08   7.474895e+08   0.000000e+00  17236s
 2019355    7.4924244e+08   7.993381e+08   0.000000e+00  17241s
 2019465    7.4924188e+08   1.259065e+09   0.000000e+00  17248s
 2019575    7.4924163e+08   6.247579e+08   0.000000e+00  17254s
 2019675    7.4924118e+08   1.786705e+09   0.000000e+00  17259s
 2019785    7.4924083e+08   1.644775e+09   0.000000e+00  17266s
 2019885    7.4924020e+08   8.936893e+08   0.000000e+00  17271s
 2019985    7.4923928e+08   8.590662e+08   0.000000e+00  17277s
 2020085    7.4923877e+08   1.084332e+09   0.000000e+00  17282s
 2020185    7.4923816e+08   8.369448e+08   0.000000e+00  17288s
 2020295    7.4923815e+08   9.665201e+08   0.000000e+00  17294s
 2020395    7.4923723e+08   2.085266e+09   0.000000e+00  17300s
 2020495    7.4923664e+08   2.320586e+09   0.000000e+00  17305s
 2020595    7.4923645e+08   1.447167e+09   0.000000e+00  17311s
 2020705    7.4923630e+08   3.966469e+09   0.000000e+00  17317s
 2020805    7.4923580e+08   9.879694e+08   0.000000e+00  17323s
 2020905    7.4923508e+08   7.953688e+08   0.000000e+00  17329s
 2021015    7.4923428e+08   7.787301e+09   0.000000e+00  17335s
 2021215    7.4923223e+08   7.844466e+08   0.000000e+00  17346s
 2021325    7.4923209e+08   9.309443e+09   0.000000e+00  17352s
 2021435    7.4923093e+08   1.135147e+09   0.000000e+00  17358s
 2021535    7.4922966e+08   8.087297e+09   0.000000e+00  17364s
 2021665    7.4922859e+08   1.955117e+09   0.000000e+00  17370s
 2021865    7.4922545e+08   7.572600e+08   0.000000e+00  17381s
 2022065    7.4922346e+08   2.354147e+09   0.000000e+00  17392s
 2022175    7.4922169e+08   1.914552e+09   0.000000e+00  17398s
 2022275    7.4921948e+08   2.691324e+09   0.000000e+00  17404s
 2022375    7.4921494e+08   1.142325e+09   0.000000e+00  17409s
 2022475    7.4921294e+08   1.759491e+09   0.000000e+00  17415s
 2022575    7.4920938e+08   1.748278e+09   0.000000e+00  17421s
 2022675    7.4920615e+08   1.781438e+09   0.000000e+00  17426s
 2022785    7.4920500e+08   1.579442e+09   0.000000e+00  17432s
 2022895    7.4920416e+08   2.051018e+09   0.000000e+00  17438s
 2023005    7.4920225e+08   1.031407e+10   0.000000e+00  17444s
 2023105    7.4920116e+08   2.040178e+09   0.000000e+00  17450s
 2023205    7.4919857e+08   1.798919e+09   0.000000e+00  17456s
 2023305    7.4919467e+08   6.127667e+09   0.000000e+00  17461s
 2023405    7.4918672e+08   6.572656e+09   0.000000e+00  17467s
 2023505    7.4918406e+08   1.263288e+10   0.000000e+00  17472s
 2023605    7.4917886e+08   2.616879e+09   0.000000e+00  17478s
 2023705    7.4916742e+08   1.778789e+10   0.000000e+00  17484s
 2023805    7.4916118e+08   1.988043e+10   0.000000e+00  17489s
 2023905    7.4914501e+08   6.795134e+09   0.000000e+00  17495s
 2024005    7.4913115e+08   4.634063e+09   0.000000e+00  17500s
 2024105    7.4911365e+08   4.597072e+09   0.000000e+00  17506s
 2024205    7.4905583e+08   1.283280e+10   0.000000e+00  17512s
 2024305    7.4899586e+08   1.840609e+10   0.000000e+00  17517s
 2024405    7.4885915e+08   1.109796e+10   0.000000e+00  17523s
 2024505    7.4862265e+08   5.151079e+10   0.000000e+00  17528s
 2024605    7.4800560e+08   7.291901e+10   0.000000e+00  17534s
 2024705    7.4265923e+08   1.532614e+11   0.000000e+00  17539s
 2025706    7.1424263e+08   2.575335e+08   0.000000e+00  17542s
 2032713    6.9009849e+08   7.629507e+07   0.000000e+00  17545s
 2041722    6.8586012e+08   5.256302e+07   0.000000e+00  17550s
 2050731    6.8285022e+08   4.732301e+07   0.000000e+00  17555s
 2058739    6.8107578e+08   4.445820e+07   0.000000e+00  17560s
 2067748    6.7864324e+08   4.549640e+07   0.000000e+00  17565s
 2076757    6.7642615e+08   6.827560e+07   0.000000e+00  17570s
 2085766    6.7428285e+08   5.302068e+07   0.000000e+00  17575s
 2094775    6.7180585e+08   4.205938e+07   0.000000e+00  17580s
 2102783    6.6950827e+08   4.435322e+07   0.000000e+00  17585s
 2111792    6.6717819e+08   4.652855e+07   0.000000e+00  17591s
 2119800    6.6542191e+08   4.727581e+07   0.000000e+00  17595s
 2128809    6.6296207e+08   4.258544e+07   0.000000e+00  17600s
 2137818    6.6068357e+08   4.089198e+07   0.000000e+00  17605s
 2146827    6.5835645e+08   4.004793e+07   0.000000e+00  17611s
 2154835    6.5671547e+08   3.690139e+07   0.000000e+00  17615s
 2163844    6.5426980e+08   4.167538e+07   0.000000e+00  17620s
 2172853    6.5226690e+08   4.262587e+07   0.000000e+00  17625s
 2180861    6.5026808e+08   4.372349e+07   0.000000e+00  17630s
 2188869    6.4883035e+08   4.569172e+07   0.000000e+00  17636s
 2196877    6.4718243e+08   4.162869e+07   0.000000e+00  17640s
 2205886    6.4474541e+08   3.885251e+07   0.000000e+00  17646s
 2213894    6.4277165e+08   3.472600e+07   0.000000e+00  17650s
 2221902    6.4107013e+08   4.793522e+07   0.000000e+00  17655s
 2230911    6.3927248e+08   4.169712e+07   0.000000e+00  17660s
 2237918    6.3807936e+08   3.799708e+07   0.000000e+00  17665s
 2245926    6.3668964e+08   4.162652e+07   0.000000e+00  17670s
 2253934    6.3494960e+08   4.031895e+07   0.000000e+00  17675s
 2262943    6.3245814e+08   3.375483e+07   0.000000e+00  17680s
 2270951    6.3084336e+08   3.232432e+07   0.000000e+00  17685s
 2278959    6.2932343e+08   4.197830e+07   0.000000e+00  17690s
 2287968    6.2771332e+08   4.045238e+07   0.000000e+00  17695s
 2295976    6.2633433e+08   3.672776e+07   0.000000e+00  17700s
 2303984    6.2429971e+08   3.583239e+07   0.000000e+00  17705s
 2312993    6.2266720e+08   3.592015e+07   0.000000e+00  17711s
 2321001    6.2142163e+08   5.048626e+07   0.000000e+00  17715s
 2329009    6.2025315e+08   9.506626e+07   0.000000e+00  17720s
 2337017    6.1829293e+08   3.478343e+07   0.000000e+00  17725s
 2345025    6.1723693e+08   3.496564e+07   0.000000e+00  17730s
 2353033    6.1463566e+08   3.863367e+07   0.000000e+00  17735s
 2361041    6.1354208e+08   3.307004e+07   0.000000e+00  17740s
 2369049    6.1252944e+08   3.267825e+07   0.000000e+00  17745s
 2377057    6.1099302e+08   3.012597e+07   0.000000e+00  17750s
 2385065    6.0932479e+08   3.290877e+07   0.000000e+00  17755s
 2393073    6.0822939e+08   3.318251e+07   0.000000e+00  17760s
 2400080    6.0727012e+08   3.826201e+07   0.000000e+00  17765s
 2408088    6.0619544e+08   2.724728e+07   0.000000e+00  17770s
 2416096    6.0402519e+08   3.411344e+07   0.000000e+00  17775s
 2424104    6.0273079e+08   3.713342e+07   0.000000e+00  17781s
 2431111    6.0152987e+08   2.852783e+07   0.000000e+00  17785s
 2439119    6.0054987e+08   3.086974e+07   0.000000e+00  17790s
 2447127    5.9822047e+08   3.335770e+07   0.000000e+00  17795s
 2455135    5.9713812e+08   3.602071e+07   0.000000e+00  17800s
 2462142    5.9621785e+08   3.152723e+07   0.000000e+00  17805s
 2470150    5.9449062e+08   3.028020e+07   0.000000e+00  17810s
 2478158    5.9379446e+08   3.256250e+07   0.000000e+00  17816s
 2485165    5.9215485e+08   3.780776e+07   0.000000e+00  17820s
 2493143    5.9026330e+08   2.854847e+07   0.000000e+00  17825s
 2500150    5.8942145e+08   3.074749e+07   0.000000e+00  17830s
 2508158    5.8846054e+08   3.026959e+07   0.000000e+00  17835s
 2516166    5.8743880e+08   3.464964e+07   0.000000e+00  17841s
 2523173    5.8657924e+08   2.782544e+07   0.000000e+00  17845s
 2530124    5.8581860e+08   3.448469e+07   0.000000e+00  17850s
 2538132    5.8484035e+08   3.036001e+07   0.000000e+00  17856s
 2545130    5.8398866e+08   2.628052e+07   0.000000e+00  17860s
 2553138    5.8229064e+08   2.973060e+07   0.000000e+00  17866s
 2560145    5.8083918e+08   3.790099e+07   0.000000e+00  17870s
 2566933    5.8001022e+08   2.883382e+07   0.000000e+00  17875s
 2574941    5.7891538e+08   2.925173e+07   0.000000e+00  17880s
 2581756    5.7826702e+08   2.565167e+07   0.000000e+00  17885s
 2588763    5.7724098e+08   3.069461e+07   0.000000e+00  17890s
 2597772    5.7487696e+08   3.964853e+07   0.000000e+00  17896s
 2604779    5.7421191e+08   2.876306e+07   0.000000e+00  17900s
 2612787    5.7290334e+08   2.534091e+07   0.000000e+00  17906s
 2619718    5.7240005e+08   2.496073e+07   0.000000e+00  17911s
 2626725    5.7148308e+08   2.396019e+07   0.000000e+00  17915s
 2634733    5.7042664e+08   3.450044e+07   0.000000e+00  17921s
 2641740    5.6967773e+08   2.697457e+07   0.000000e+00  17926s
 2648747    5.6842089e+08   2.410026e+07   0.000000e+00  17930s
 2656755    5.6730802e+08   2.954309e+07   0.000000e+00  17935s
 2663762    5.6661772e+08   2.573358e+07   0.000000e+00  17940s
 2671770    5.6573229e+08   2.598172e+07   0.000000e+00  17945s
 2678558    5.6502993e+08   2.798762e+07   0.000000e+00  17950s
 2685519    5.6438628e+08   2.711813e+07   0.000000e+00  17955s
 2693527    5.6258227e+08   2.263135e+07   0.000000e+00  17960s
 2700315    5.6214976e+08   2.454032e+07   0.000000e+00  17965s
 2707322    5.6171707e+08   1.973255e+07   0.000000e+00  17970s
 2714329    5.6116920e+08   6.302902e+07   0.000000e+00  17975s
 2721117    5.6071639e+08   2.777288e+07   0.000000e+00  17980s
 2728124    5.5980272e+08   1.998197e+07   0.000000e+00  17985s
 2735129    5.5918763e+08   1.762264e+07   0.000000e+00  17990s
 2742136    5.5868510e+08   2.164569e+07   0.000000e+00  17995s
 2747486    5.5841478e+08   1.804270e+07   0.000000e+00  18000s
 2756331    5.5579306e+08   2.620293e+07   0.000000e+00  18006s
 2762118    5.5510310e+08   1.743680e+07   0.000000e+00  18010s
 2768906    5.5453703e+08   1.629850e+07   0.000000e+00  18015s
 2775694    5.5384606e+08   1.696303e+07   0.000000e+00  18020s
 2783702    5.5219077e+08   2.314870e+07   0.000000e+00  18025s
 2790493    5.5131309e+08   2.010866e+07   0.000000e+00  18030s
 2797397    5.5083797e+08   1.817562e+07   0.000000e+00  18035s
 2805322    5.5001826e+08   2.129374e+07   0.000000e+00  18041s
 2812329    5.4878384e+08   1.851924e+07   0.000000e+00  18045s
 2820337    5.4810715e+08   1.977392e+07   0.000000e+00  18051s
 2826321    5.4771927e+08   1.680247e+07   0.000000e+00  18055s
 2833328    5.4734915e+08   1.484820e+07   0.000000e+00  18060s
 2838963    5.4705626e+08   1.588614e+07   0.000000e+00  18065s
 2846971    5.4613327e+08   1.590735e+07   0.000000e+00  18071s
 2853978    5.4502244e+08   2.306293e+07   0.000000e+00  18075s
 2860735    5.4449795e+08   1.637508e+07   0.000000e+00  18080s
 2868710    5.4379276e+08   1.618392e+07   0.000000e+00  18086s
 2874631    5.4341509e+08   2.140563e+07   0.000000e+00  18090s
 2881184    5.4305245e+08   1.765108e+07   0.000000e+00  18095s
 2887081    5.4275198e+08   2.781706e+07   0.000000e+00  18100s
 2894088    5.4197825e+08   2.221091e+07   0.000000e+00  18105s
 2899964    5.4162441e+08   1.656049e+07   0.000000e+00  18110s
 2906971    5.4080013e+08   3.249781e+07   0.000000e+00  18115s
 2914979    5.3914586e+08   2.018085e+07   0.000000e+00  18121s
 2921986    5.3859911e+08   2.855850e+07   0.000000e+00  18125s
 2927248    5.3829516e+08   1.403864e+07   0.000000e+00  18130s
 2935037    5.3747064e+08   1.770743e+07   0.000000e+00  18136s
 2941377    5.3708242e+08   1.436939e+07   0.000000e+00  18141s
 2947148    5.3681652e+08   1.601974e+07   0.000000e+00  18145s
 2952524    5.3653167e+08   1.264177e+07   0.000000e+00  18150s
 2959531    5.3621981e+08   1.258552e+07   0.000000e+00  18155s
 2967539    5.3509250e+08   1.471258e+07   0.000000e+00  18160s
 2975547    5.3409023e+08   1.258851e+07   0.000000e+00  18166s
 2982554    5.3359615e+08   1.582058e+07   0.000000e+00  18171s
 2989342    5.3321565e+08   1.969585e+07   0.000000e+00  18176s
 2995348    5.3292978e+08   1.310249e+07   0.000000e+00  18180s
 3003356    5.3234992e+08   1.285014e+07   0.000000e+00  18186s
 3010257    5.3133752e+08   1.388164e+07   0.000000e+00  18190s
 3017247    5.3102713e+08   1.240841e+07   0.000000e+00  18195s
 3024254    5.3064970e+08   1.281003e+07   0.000000e+00  18200s
 3031261    5.3032837e+08   1.334849e+07   0.000000e+00  18205s
 3037238    5.3009902e+08   1.235550e+07   0.000000e+00  18210s
 3044026    5.2963528e+08   1.437240e+07   0.000000e+00  18215s
 3052034    5.2889938e+08   1.376789e+07   0.000000e+00  18221s
 3057790    5.2869640e+08   1.101464e+07   0.000000e+00  18226s
 3064578    5.2829166e+08   1.171334e+07   0.000000e+00  18231s
 3070584    5.2796831e+08   1.566370e+07   0.000000e+00  18235s
 3078592    5.2706905e+08   1.776401e+07   0.000000e+00  18240s
 3086600    5.2632123e+08   9.919071e+06   0.000000e+00  18245s
 3094608    5.2583226e+08   4.022219e+07   0.000000e+00  18251s
 3100519    5.2560539e+08   1.528612e+07   0.000000e+00  18255s
 3107266    5.2537555e+08   1.592250e+07   0.000000e+00  18260s
 3112520    5.2517031e+08   2.483438e+07   0.000000e+00  18265s
 3119308    5.2494379e+08   8.727396e+06   0.000000e+00  18271s
 3127316    5.2341561e+08   1.431112e+07   0.000000e+00  18275s
 3134104    5.2311888e+08   6.178386e+07   0.000000e+00  18281s
 3140077    5.2288576e+08   1.429219e+07   0.000000e+00  18285s
 3146782    5.2264748e+08   1.278010e+07   0.000000e+00  18290s
 3152686    5.2247761e+08   9.684185e+06   0.000000e+00  18295s
 3158035    5.2233553e+08   8.382967e+06   0.000000e+00  18300s
 3166017    5.2136300e+08   1.298968e+07   0.000000e+00  18305s
 3173024    5.2110563e+08   8.830288e+06   0.000000e+00  18310s
 3179942    5.2085956e+08   8.656597e+06   0.000000e+00  18315s
 3187950    5.2049772e+08   8.746194e+06   0.000000e+00  18320s
 3194957    5.2032423e+08   8.934070e+06   0.000000e+00  18326s
 3200963    5.2019380e+08   7.999801e+06   0.000000e+00  18330s
 3206875    5.2004456e+08   9.389621e+06   0.000000e+00  18335s
 3213761    5.1987382e+08   7.882061e+06   0.000000e+00  18341s
 3220768    5.1923338e+08   9.644475e+06   0.000000e+00  18345s
 3229777    5.1833414e+08   6.393765e+06   0.000000e+00  18351s
 3236784    5.1815200e+08   8.507063e+06   0.000000e+00  18355s
 3243572    5.1795546e+08   1.002520e+07   0.000000e+00  18361s
 3248452    5.1786549e+08   5.776396e+06   0.000000e+00  18365s
 3254458    5.1768418e+08   5.493641e+06   0.000000e+00  18370s
 3261465    5.1749811e+08   4.976618e+06   0.000000e+00  18376s
 3267252    5.1730326e+08   7.910836e+06   0.000000e+00  18380s
 3274246    5.1710161e+08   7.608556e+06   0.000000e+00  18385s
 3281253    5.1673013e+08   4.722143e+06   0.000000e+00  18390s
 3288260    5.1650570e+08   6.821027e+06   0.000000e+00  18395s
 3296268    5.1570459e+08   9.348347e+06   0.000000e+00  18400s
 3304276    5.1515744e+08   5.029070e+06   0.000000e+00  18405s
 3312284    5.1489625e+08   5.001238e+06   0.000000e+00  18410s
 3320292    5.1466259e+08   5.992076e+06   0.000000e+00  18415s
 3327199    5.1447340e+08   1.043336e+07   0.000000e+00  18421s
 3332170    5.1438072e+08   4.581307e+06   0.000000e+00  18425s
 3339177    5.1419107e+08   6.030165e+06   0.000000e+00  18431s
 3346184    5.1390239e+08   8.939585e+06   0.000000e+00  18436s
 3353100    5.1368096e+08   8.129674e+06   0.000000e+00  18441s
 3359106    5.1355348e+08   3.970889e+06   0.000000e+00  18445s
 3366113    5.1343179e+08   5.193279e+06   0.000000e+00  18450s
 3372119    5.1323552e+08   4.575421e+06   0.000000e+00  18455s
 3379126    5.1304167e+08   4.173770e+06   0.000000e+00  18460s
 3387134    5.1258623e+08   4.169870e+06   0.000000e+00  18465s
 3395142    5.1220866e+08   4.185699e+06   0.000000e+00  18470s
 3403150    5.1207408e+08   3.953299e+06   0.000000e+00  18476s
 3410157    5.1189537e+08   3.075697e+06   0.000000e+00  18480s
 3418165    5.1156160e+08   2.663958e+06   0.000000e+00  18486s
 3424171    5.1143946e+08   4.246867e+06   0.000000e+00  18490s
 3432179    5.1118693e+08   3.598192e+06   0.000000e+00  18495s
 3439186    5.1104874e+08   3.017330e+06   0.000000e+00  18500s
 3446193    5.1093151e+08   2.583084e+06   0.000000e+00  18505s
 3454201    5.1061703e+08   3.060344e+06   0.000000e+00  18510s
 3462209    5.1015123e+08   4.499002e+06   0.000000e+00  18515s
 3470217    5.0998571e+08   2.239821e+06   0.000000e+00  18520s
 3478225    5.0983301e+08   2.477273e+06   0.000000e+00  18525s
 3486233    5.0969409e+08   1.428555e+06   0.000000e+00  18530s
 3494241    5.0947755e+08   3.429669e+06   0.000000e+00  18535s
 3503250    5.0928044e+08   1.645628e+06   0.000000e+00  18540s
 3510257    5.0917701e+08   2.088787e+06   0.000000e+00  18545s
 3518265    5.0898343e+08   8.022125e+05   0.000000e+00  18550s
 3526273    5.0873355e+08   2.355120e+06   0.000000e+00  18555s
 3534281    5.0858128e+08   2.641030e+06   0.000000e+00  18560s
 3542289    5.0845740e+08   1.330027e+06   0.000000e+00  18566s
 3549296    5.0832416e+08   1.046479e+06   0.000000e+00  18571s
 3557304    5.0819900e+08   9.809797e+05   0.000000e+00  18576s
 3565312    5.0799521e+08   1.417575e+06   0.000000e+00  18580s
 3573320    5.0784014e+08   1.886771e+06   0.000000e+00  18585s
 3581328    5.0773754e+08   1.148833e+06   0.000000e+00  18590s
 3589336    5.0760213e+08   6.338119e+05   0.000000e+00  18595s
 3597344    5.0749359e+08   1.344823e+06   0.000000e+00  18600s
 3605352    5.0732012e+08   7.206400e+05   0.000000e+00  18606s
 3613360    5.0720995e+08   5.394083e+05   0.000000e+00  18610s
 3621368    5.0711394e+08   5.540654e+05   0.000000e+00  18615s
 3629376    5.0703007e+08   7.170872e+05   0.000000e+00  18620s
 3637384    5.0694297e+08   6.218021e+05   0.000000e+00  18625s
 3644391    5.0683345e+08   5.218028e+05   0.000000e+00  18631s
 3650397    5.0676646e+08   5.311827e+05   0.000000e+00  18635s
 3658405    5.0669582e+08   7.466363e+05   0.000000e+00  18641s
 3665412    5.0661449e+08   2.910223e+05   0.000000e+00  18645s
 3673420    5.0653367e+08   9.180165e+05   0.000000e+00  18650s
 3681428    5.0645871e+08   3.789779e+05   0.000000e+00  18655s
 3688435    5.0640652e+08   3.174038e+05   0.000000e+00  18660s
 3696443    5.0632252e+08   2.762798e+05   0.000000e+00  18666s
 3703450    5.0624593e+08   2.261474e+05   0.000000e+00  18670s
 3710457    5.0620182e+08   1.102830e+05   0.000000e+00  18675s
 3719466    5.0615570e+08   1.761385e+05   0.000000e+00  18681s
 3727474    5.0611059e+08   1.265935e+05   0.000000e+00  18685s
 3735482    5.0607299e+08   8.993178e+04   0.000000e+00  18690s
 3743490    5.0604295e+08   1.064283e+05   0.000000e+00  18695s
 3751498    5.0601899e+08   1.704990e+04   0.000000e+00  18700s
 3759506    5.0600443e+08   8.362568e+03   0.000000e+00  18706s
 3766352    5.0600188e+08   4.615757e+01   0.000000e+00  18711s
 3766451    5.0600468e+08   0.000000e+00   0.000000e+00  18715s

Solved in 3766451 iterations and 18714.85 seconds (33226.76 work units)
Optimal objective  5.060046798e+08
