from_HexID,to_HexID,Month,TimeIndex,OriginType,DestinationType,Energy_kWh_day,Energy_kWh_annual,DeltaPrice_SEK_per_kWh,PriceComp_SEK_day,PriceComp_SEK_annual
50,43,January,2,fast,fast,1.002375122423004,31.073628795113123,0.0,0.0,0.0
45,53,January,3,fast,fast,1.1871025107648663,36.800177833710855,0.0,0.0,0.0
50,43,January,3,medium,fast,0.7557997298061849,23.429791623991733,0.5,0.37789986490309246,11.714895811995866
50,51,January,3,medium,medium,2.5949446983592495,80.44328564913673,0.0,0.0,0.0
45,53,January,4,fast,fast,4.356889244334958,135.0635665743837,0.0,0.0,0.0
27,34,January,14,fast,fast,8.028540684501877,248.8847612195582,0.0,0.0,0.0
27,34,January,15,fast,fast,9.252288883145404,286.8209553775075,0.0,0.0,0.0
13,21,January,16,fast,medium,1.3379891547826048,41.47766379826075,0.0,0.0,0.0
15,7,January,16,fast,medium,6.481363411250856,200.9222657487765,0.0,0.0,0.0
15,8,January,16,fast,fast,13.976217278848976,433.26273564431824,0.0,0.0,0.0
30,38,January,16,fast,fast,0.3027530047000795,9.385343145702464,0.0,0.0,0.0
33,25,January,16,fast,medium,7.478117850832646,231.82165337581205,0.0,0.0,0.0
39,48,January,16,fast,medium,10.936688471155477,339.0373426058198,0.0,0.0,0.0
40,48,January,16,medium,medium,5.47947300018879,169.8636630058525,0.0,0.0,0.0
1,2,January,17,fast,medium,0.2702934422565093,8.379096709951789,0.0,0.0,0.0
1,9,January,17,fast,fast,3.411321796598697,105.7509756945596,0.0,0.0,0.0
15,7,January,17,fast,medium,31.50861765740415,976.7671473795288,0.0,0.0,0.0
15,23,January,17,fast,medium,33.35543024852539,1034.018337704287,0.0,0.0,0.0
16,24,January,17,medium,medium,13.503823654090723,418.6185332768124,0.0,0.0,0.0
25,18,January,17,medium,medium,16.137238929102793,500.25440680218657,0.0,0.0,0.0
26,34,January,17,fast,fast,3.5965715685851194,111.4937186261387,0.0,0.0,0.0
32,24,January,17,medium,medium,4.451795910624524,138.00567322936024,0.0,0.0,0.0
33,25,January,17,fast,medium,17.475601402457116,541.7436434761706,0.0,0.0,0.0
33,26,January,17,fast,medium,21.331291330457816,661.2700312441923,0.0,0.0,0.0
43,50,January,17,fast,fast,2.506715844364386,77.70819117529598,0.0,0.0,0.0
47,46,January,17,fast,medium,8.855377440273415,274.5167006484759,0.0,0.0,0.0
15,7,January,18,fast,medium,33.0,1023.0,0.0,0.0,0.0
15,22,January,18,fast,medium,24.35497397464006,755.0041932138419,0.0,0.0,0.0
15,22,January,18,fast,fast,7.748649692584665,240.2081404701246,0.0,0.0,0.0
15,23,January,18,fast,medium,22.063997850368395,683.9839333614202,0.0,0.0,0.0
30,29,January,18,fast,fast,3.2652588549217967,101.2230245025757,0.0,0.0,0.0
41,42,January,18,medium,medium,7.213328569205231,223.61318564536217,0.0,0.0,0.0
15,7,January,19,fast,medium,33.0,1023.0,0.0,0.0,0.0
15,22,January,19,fast,medium,2.42177365138496,75.07498319293376,0.0,0.0,0.0
23,16,January,19,fast,medium,48.55475356571159,1505.1973605370595,0.0,0.0,0.0
23,16,January,20,medium,fast,18.801076349194943,582.8333668250432,0.5,9.400538174597472,291.4166834125216
36,29,January,20,fast,fast,0.47002584023778127,14.57080104737122,0.0,0.0,0.0
15,7,January,23,fast,medium,4.132427433800327,128.10525044781014,0.0,0.0,0.0
15,8,January,23,fast,fast,17.66158640710273,547.5091786201847,0.0,0.0,0.0
15,22,January,23,fast,fast,15.350771749785697,475.8739242433566,0.0,0.0,0.0
52,44,January,23,fast,fast,12.062127433278174,373.9259504316234,0.0,0.0,0.0
52,53,January,23,fast,fast,5.9953213227416775,185.854961004992,0.0,0.0,0.0
55,54,January,23,slow,medium,8.28428957560353,256.81297684370946,0.5,4.142144787801765,128.40648842185473
7,8,January,24,fast,fast,1.153809322851977,35.76808900841129,0.0,0.0,0.0
15,8,January,24,fast,fast,23.846190677148023,739.2319109915887,0.0,0.0,0.0
15,23,January,24,fast,medium,18.029870644775265,558.9259899880332,0.0,0.0,0.0
48,40,January,24,medium,medium,1.4374645490636624,44.561401020973534,0.0,0.0,0.0
15,8,January,25,fast,fast,3.5552812903225806,110.21372,0.0,0.0,0.0
48,39,January,25,fast,fast,1.437464549063872,44.56140102098003,0.0,0.0,0.0
15,8,January,26,fast,fast,10.172179419547273,315.3375620059655,0.0,0.0,0.0
34,27,January,26,fast,medium,6.408126418686166,198.65191897927116,0.0,0.0,0.0
11,4,January,27,fast,fast,2.147823399912596,66.58252539729048,0.0,0.0,0.0
15,7,January,27,fast,medium,7.52333861187023,233.22349696797713,0.0,0.0,0.0
15,8,January,27,fast,fast,25.0,775.0,0.0,0.0,0.0
15,7,January,28,fast,medium,7.996436940161942,247.8895451450202,0.0,0.0,0.0
15,8,January,28,fast,fast,25.0,775.0,0.0,0.0,0.0
17,9,January,28,fast,fast,4.690420966346931,145.40304995675487,0.0,0.0,0.0
17,10,January,28,fast,fast,4.060305066856046,125.86945707253741,0.0,0.0,0.0
17,24,January,28,fast,medium,49.978262155874646,1549.326126832114,0.0,0.0,0.0
45,44,January,28,fast,fast,4.26227017923064,132.13037555614983,0.0,0.0,0.0
43,50,January,29,fast,fast,20.601529342524373,638.6474096182556,0.0,0.0,0.0
18,10,January,30,fast,fast,13.827971449260371,428.6671149270715,0.0,0.0,0.0
18,25,January,30,fast,medium,12.176502723768817,377.4715844368333,0.0,0.0,0.0
53,52,January,30,fast,fast,0.1,3.1,0.0,0.0,0.0
18,10,January,31,fast,fast,7.920550110366111,245.53705342134944,0.0,0.0,0.0
18,25,January,31,fast,medium,25.97924973551322,805.3567418009098,0.0,0.0,0.0
11,4,January,33,fast,fast,11.878964693614105,368.24790550203727,0.0,0.0,0.0
11,10,January,33,fast,fast,12.023109517448024,372.71639504088876,0.0,0.0,0.0
15,8,January,33,fast,fast,8.385808105049506,259.9600512565347,0.0,0.0,0.0
29,30,January,33,fast,fast,2.73491640067121,84.78240842080751,0.0,0.0,0.0
34,27,January,33,fast,medium,1.8022825378390621,55.870758673010926,0.0,0.0,0.0
10,9,January,34,fast,fast,7.158180835135584,221.90360588920308,0.0,0.0,0.0
10,11,January,34,fast,fast,2.297582359304739,71.22505313844691,0.0,0.0,0.0
24,16,January,34,fast,fast,6.490744640496665,201.2130838553966,0.0,0.0,0.0
34,27,January,34,medium,medium,12.755821372270617,395.43046254038916,0.0,0.0,0.0
50,43,January,34,fast,fast,1.9037130270610447,59.01510383889239,0.0,0.0,0.0
14,13,January,35,fast,fast,23.784007173279633,737.3042223716686,0.0,0.0,0.0
29,30,January,35,fast,fast,8.491703611274396,263.2428119495063,0.0,0.0,0.0
44,43,January,35,fast,fast,3.2990748649449855,102.27132081329455,0.0,0.0,0.0
14,13,January,36,fast,fast,15.095364459885062,467.9562982564369,0.0,0.0,0.0
4,11,January,38,fast,fast,0.6994932056427352,21.68428937492479,0.0,0.0,0.0
51,43,January,39,fast,fast,2.0740279286661547,64.2948657886508,0.0,0.0,0.0
50,43,February,2,fast,fast,1.002375122423004,28.06650342784411,0.0,0.0,0.0
45,53,February,3,fast,fast,1.1871025107648663,33.238870301416256,0.0,0.0,0.0
50,43,February,3,fast,fast,0.7557997298061849,21.162392434573178,0.0,0.0,0.0
50,51,February,3,fast,medium,2.5949446983592495,72.65845155405898,0.0,0.0,0.0
45,53,February,4,fast,fast,4.3568892443349725,121.99289884137923,0.0,0.0,0.0
27,34,February,14,fast,fast,8.028540684501962,224.79913916605494,0.0,0.0,0.0
27,34,February,15,fast,fast,9.252288883145738,259.06408872808066,0.0,0.0,0.0
13,21,February,16,fast,medium,1.3379891547825196,37.46369633391055,0.0,0.0,0.0
15,7,February,16,fast,medium,6.481363411250856,181.47817551502396,0.0,0.0,0.0
15,8,February,16,fast,fast,13.976217278848976,391.3340838077713,0.0,0.0,0.0
30,38,February,16,fast,fast,0.3027530047000795,8.477084131602226,0.0,0.0,0.0
33,25,February,16,fast,fast,7.478117850833058,209.38729982332563,0.0,0.0,0.0
39,48,February,16,fast,medium,10.936688471155549,306.22727719235536,0.0,0.0,0.0
40,48,February,16,fast,medium,5.479473000188875,153.4252440052885,0.0,0.0,0.0
1,2,February,17,fast,medium,0.27029344225694985,7.568216383194596,0.0,0.0,0.0
1,9,February,17,fast,medium,3.4113217965987004,95.51701030476362,0.0,0.0,0.0
15,7,February,17,medium,medium,31.50861765740415,882.2412944073162,0.0,0.0,0.0
15,23,February,17,medium,medium,33.35543024852538,933.9520469587106,0.0,0.0,0.0
16,24,February,17,medium,medium,13.50382365409078,378.10706231454185,0.0,0.0,0.0
25,18,February,17,medium,medium,16.137238929103198,451.8426900148895,0.0,0.0,0.0
26,34,February,17,fast,fast,3.5965715685851265,100.70400392038354,0.0,0.0,0.0
32,24,February,17,medium,medium,4.451795910624412,124.65028549748354,0.0,0.0,0.0
33,25,February,17,medium,medium,17.475601402457528,489.3168392688108,0.0,0.0,0.0
33,26,February,17,medium,medium,21.331291330457816,597.2761572528188,0.0,0.0,0.0
43,50,February,17,fast,fast,2.8469464285715462,79.7145000000033,0.0,0.0,0.0
47,46,February,17,fast,medium,8.855377440273571,247.95056832766,0.0,0.0,0.0
15,7,February,18,fast,medium,33.0,924.0,0.0,0.0,0.0
15,22,February,18,fast,medium,32.103623667224724,898.9014626822923,0.0,0.0,0.0
15,23,February,18,fast,medium,22.06399785036839,617.791939810315,0.0,0.0,0.0
30,29,February,18,fast,fast,3.2652588549217967,91.42724793781031,0.0,0.0,0.0
41,42,February,18,medium,medium,7.213328569205231,201.97319993774647,0.0,0.0,0.0
55,54,February,18,fast,fast,1.3172169074353377,36.882073408189456,0.0,0.0,0.0
15,7,February,19,fast,medium,33.0,924.0,0.0,0.0,0.0
15,22,February,19,fast,medium,2.421773651384811,67.8096622387747,0.0,0.0,0.0
23,16,February,19,fast,medium,23.554753565711593,659.5330998399246,0.0,0.0,0.0
23,16,February,19,fast,fast,25.0,700.0,0.0,0.0,0.0
23,16,February,20,fast,medium,18.801076349194943,526.4301377774584,0.0,0.0,0.0
36,29,February,20,fast,fast,0.47002584023778127,13.160723526657875,0.0,0.0,0.0
15,7,February,23,fast,medium,4.132427433800327,115.70796814640916,0.0,0.0,0.0
15,8,February,23,fast,fast,17.661586407103826,494.5244193989071,0.0,0.0,0.0
15,22,February,23,fast,fast,15.350771749785697,429.8216089939995,0.0,0.0,0.0
52,44,February,23,fast,fast,15.170067076135307,424.7618781317886,0.0,0.0,0.0
52,53,February,23,fast,fast,2.8873816798845446,80.84668703676725,0.0,0.0,0.0
55,54,February,23,medium,fast,8.28428957560353,231.96010811689885,0.5,4.142144787801765,115.98005405844943
7,8,February,24,fast,fast,1.153809322851977,32.306661039855356,0.0,0.0,0.0
15,8,February,24,fast,fast,23.846190677148023,667.6933389601446,0.0,0.0,0.0
15,23,February,24,fast,fast,18.029870644775208,504.83637805370586,0.0,0.0,0.0
48,40,February,24,medium,medium,1.4374645490640319,40.24900737379289,0.0,0.0,0.0
53,45,February,24,fast,fast,0.4533799999999566,12.694639999998785,0.0,0.0,0.0
15,8,February,25,fast,fast,7.800347232142743,218.4097224999968,0.0,0.0,0.0
48,39,February,25,fast,fast,1.4374645490636908,40.24900737378334,0.0,0.0,0.0
15,8,February,26,fast,fast,10.172179419547273,284.82102374732364,0.0,0.0,0.0
34,27,February,26,medium,medium,5.084618115114737,142.36930722321264,0.0,0.0,0.0
34,42,February,26,medium,medium,1.3235083035714286,37.0582325,0.0,0.0,0.0
11,4,February,27,fast,fast,2.147823399912596,60.13905519755269,0.0,0.0,0.0
15,7,February,27,fast,medium,7.52333861187023,210.65348113236644,0.0,0.0,0.0
15,8,February,27,fast,fast,25.0,700.0,0.0,0.0,0.0
15,7,February,28,fast,medium,7.996436940161942,223.90023432453438,0.0,0.0,0.0
15,8,February,28,fast,fast,25.0,700.0,0.0,0.0,0.0
17,9,February,28,fast,fast,4.690420966346931,131.33178705771405,0.0,0.0,0.0
17,10,February,28,fast,medium,9.398679285714259,263.1630199999993,0.0,0.0,0.0
17,10,February,28,fast,fast,4.060305066856046,113.68854187196928,0.0,0.0,0.0
17,24,February,28,fast,medium,40.57958287016033,1136.2283203644893,0.0,0.0,0.0
21,13,February,28,fast,fast,0.1,2.8000000000000003,0.0,0.0,0.0
45,44,February,28,fast,fast,4.26227017923064,119.34356501845792,0.0,0.0,0.0
55,54,February,28,fast,fast,0.25797306073961845,7.223245700709317,0.0,0.0,0.0
15,8,February,29,fast,fast,6.436750803571314,180.2290224999968,0.0,0.0,0.0
43,50,February,29,fast,fast,20.601529342524373,576.8428215906824,0.0,0.0,0.0
15,8,February,30,fast,fast,6.436750803571314,180.2290224999968,0.0,0.0,0.0
18,10,February,30,fast,fast,13.827971449260371,387.18320057929037,0.0,0.0,0.0
18,25,February,30,fast,medium,12.176502723768817,340.94207626552685,0.0,0.0,0.0
53,52,February,30,fast,fast,0.1,2.8000000000000003,0.0,0.0,0.0
18,10,February,31,fast,fast,7.920550110366111,221.77540309025113,0.0,0.0,0.0
18,25,February,31,medium,medium,25.979249735513225,727.4189925943703,0.0,0.0,0.0
11,4,February,33,fast,fast,11.878964693614108,332.61101142119503,0.0,0.0,0.0
11,10,February,33,fast,medium,12.023109517448091,336.64706648854656,0.0,0.0,0.0
15,7,February,33,fast,medium,6.422983193906023,179.84352942936866,0.0,0.0,0.0
15,8,February,33,fast,fast,1.9628249111434837,54.95909751201754,0.0,0.0,0.0
29,30,February,33,fast,fast,2.734916400671208,76.57765921879383,0.0,0.0,0.0
34,27,February,33,fast,medium,1.8022825378390621,50.46391105949374,0.0,0.0,0.0
10,11,February,34,fast,fast,9.455763194440323,264.76136944432903,0.0,0.0,0.0
24,16,February,34,fast,fast,6.490744640496665,181.74084993390662,0.0,0.0,0.0
34,27,February,34,fast,medium,12.755821372270617,357.1629984235773,0.0,0.0,0.0
50,43,February,34,fast,fast,1.9037130270610447,53.30396475770925,0.0,0.0,0.0
14,13,February,35,fast,fast,23.784007173279633,665.9522008518297,0.0,0.0,0.0
29,30,February,35,fast,fast,8.491703611274382,237.76770111568268,0.0,0.0,0.0
44,43,February,35,fast,fast,3.299074864944984,92.37409621845956,0.0,0.0,0.0
14,13,February,36,fast,fast,15.095364459885062,422.6702048767817,0.0,0.0,0.0
4,11,February,38,fast,fast,0.6994932056427352,19.585809757996586,0.0,0.0,0.0
51,43,February,39,fast,fast,2.0740279286661547,58.07278200265233,0.0,0.0,0.0
50,43,March,2,fast,medium,1.002375122423004,31.073628795113123,0.0,0.0,0.0
45,53,March,3,fast,fast,1.187102510764852,36.800177833710414,0.0,0.0,0.0
50,43,March,3,fast,fast,0.7557997298061849,23.429791623991733,0.0,0.0,0.0
50,51,March,3,fast,medium,2.5949446983592495,80.44328564913673,0.0,0.0,0.0
45,53,March,4,fast,fast,4.356889244334958,135.0635665743837,0.0,0.0,0.0
27,34,March,14,fast,fast,8.028540684501884,248.8847612195584,0.0,0.0,0.0
15,7,March,15,medium,medium,1.1148107827090876,34.55913426398172,0.0,0.0,0.0
27,34,March,15,fast,fast,9.252288883145454,286.82095537750905,0.0,0.0,0.0
43,50,March,15,fast,fast,0.2862685483870968,8.874325,0.0,0.0,0.0
13,21,March,16,fast,medium,1.3379891547826048,41.47766379826075,0.0,0.0,0.0
15,7,March,16,fast,medium,6.481363411250868,200.9222657487769,0.0,0.0,0.0
15,8,March,16,fast,fast,13.976217278848976,433.26273564431824,0.0,0.0,0.0
30,38,March,16,fast,fast,0.3027530047000795,9.385343145702464,0.0,0.0,0.0
33,25,March,16,slow,medium,7.478117850833058,231.8216533758248,0.5,3.739058925416529,115.9108266879124
39,48,March,16,fast,medium,10.936688471155549,339.037342605822,0.0,0.0,0.0
40,48,March,16,medium,medium,5.479473000188875,169.86366300585513,0.0,0.0,0.0
43,50,March,16,fast,fast,0.2862685483870968,8.874325,0.0,0.0,0.0
1,2,March,17,fast,medium,0.27029344225694985,8.379096709965445,0.0,0.0,0.0
1,9,March,17,fast,fast,3.411321796598699,105.75097569455967,0.0,0.0,0.0
15,7,March,17,medium,medium,31.50861765740415,976.7671473795288,0.0,0.0,0.0
15,23,March,17,medium,medium,33.35543024852538,1034.0183377042868,0.0,0.0,0.0
16,24,March,17,medium,medium,13.503823654090723,418.6185332768124,0.0,0.0,0.0
25,18,March,17,fast,medium,16.13723892910286,500.25440680218867,0.0,0.0,0.0
26,34,March,17,fast,fast,3.5965715685851225,111.4937186261388,0.0,0.0,0.0
32,24,March,17,medium,medium,4.451795910624421,138.00567322935706,0.0,0.0,0.0
33,25,March,17,medium,medium,17.475601402457187,541.7436434761728,0.0,0.0,0.0
33,26,March,17,medium,medium,21.331291330458157,661.2700312442029,0.0,0.0,0.0
43,50,March,17,fast,fast,2.506715844364386,77.70819117529598,0.0,0.0,0.0
47,46,March,17,fast,fast,8.855377440273415,274.5167006484759,0.0,0.0,0.0
55,54,March,17,fast,fast,1.2613422741991567,39.101610500173855,0.0,0.0,0.0
15,7,March,18,fast,medium,33.0,1023.0,0.0,0.0,0.0
15,22,March,18,fast,medium,32.10362366722454,995.2123336839608,0.0,0.0,0.0
15,23,March,18,fast,medium,22.063997850368395,683.9839333614202,0.0,0.0,0.0
30,29,March,18,fast,fast,3.2652588549217967,101.2230245025757,0.0,0.0,0.0
41,42,March,18,fast,medium,7.213328569205231,223.61318564536217,0.0,0.0,0.0
43,50,March,18,fast,fast,0.5156790322580646,15.98605,0.0,0.0,0.0
55,54,March,18,fast,fast,1.3172169074353377,40.83372413049547,0.0,0.0,0.0
15,7,March,19,fast,medium,33.0,1023.0,0.0,0.0,0.0
15,22,March,19,fast,medium,2.421773651384761,75.07498319292759,0.0,0.0,0.0
23,16,March,19,fast,medium,48.55475356571159,1505.1973605370595,0.0,0.0,0.0
43,51,March,19,medium,medium,0.3599917020344736,11.159742763068682,0.0,0.0,0.0
15,7,March,20,fast,medium,0.249377016128987,7.730687499998597,0.0,0.0,0.0
23,16,March,20,fast,medium,18.801076349194943,582.8333668250432,0.0,0.0,0.0
36,29,March,20,fast,fast,0.47002584023778127,14.57080104737122,0.0,0.0,0.0
39,40,March,20,fast,fast,0.9584795589681789,29.712866328013547,0.0,0.0,0.0
44,43,March,20,fast,fast,4.656586031695449,144.35416698255892,0.0,0.0,0.0
21,13,March,21,fast,fast,5.162298183680166,160.03124369408513,0.0,0.0,0.0
44,43,March,21,fast,fast,1.3204421678230023,40.93370720251307,0.0,0.0,0.0
21,13,March,22,fast,fast,2.682249941915325,83.14974819937507,0.0,0.0,0.0
15,7,March,23,fast,medium,4.132427433800316,128.1052504478098,0.0,0.0,0.0
15,8,March,23,fast,fast,17.661586407103837,547.5091786202189,0.0,0.0,0.0
15,22,March,23,fast,fast,15.350771749785697,475.8739242433566,0.0,0.0,0.0
21,13,March,23,fast,fast,0.1,3.1,0.0,0.0,0.0
52,44,March,23,fast,fast,12.062127433278174,373.9259504316234,0.0,0.0,0.0
52,53,March,23,fast,fast,5.9953213227416775,185.854961004992,0.0,0.0,0.0
55,54,March,23,fast,medium,8.28428957560353,256.81297684370946,0.0,0.0,0.0
7,8,March,24,fast,fast,1.1538093228520765,35.76808900841437,0.0,0.0,0.0
15,8,March,24,fast,fast,23.846190677147924,739.2319109915857,0.0,0.0,0.0
15,23,March,24,fast,fast,18.029870644775315,558.9259899880348,0.0,0.0,0.0
21,13,March,24,fast,fast,0.1,3.1,0.0,0.0,0.0
48,40,March,24,fast,medium,1.4374645490640958,44.56140102098697,0.0,0.0,0.0
52,53,March,24,fast,fast,0.11330310297216428,3.5123961921370928,0.0,0.0,0.0
15,8,March,25,fast,fast,11.430227499999887,354.3370524999965,0.0,0.0,0.0
48,39,March,25,fast,fast,1.437464549063769,44.56140102097684,0.0,0.0,0.0
15,8,March,26,fast,fast,11.4302275,354.3370525,0.0,0.0,0.0
34,27,March,26,fast,medium,6.408126418686166,198.65191897927116,0.0,0.0,0.0
11,4,March,27,fast,fast,2.147823399912596,66.58252539729048,0.0,0.0,0.0
15,7,March,27,fast,medium,7.52333861187023,233.22349696797713,0.0,0.0,0.0
15,8,March,27,fast,fast,25.0,775.0,0.0,0.0,0.0
15,7,March,28,fast,medium,7.996436940161942,247.8895451450202,0.0,0.0,0.0
15,8,March,28,fast,fast,25.0,775.0,0.0,0.0,0.0
17,9,March,28,fast,fast,4.690420966346931,145.40304995675487,0.0,0.0,0.0
17,10,March,28,fast,fast,4.060305066856046,125.86945707253741,0.0,0.0,0.0
17,24,March,28,fast,medium,49.9782621558746,1549.3261268321128,0.0,0.0,0.0
45,44,March,28,fast,fast,4.26227017923064,132.13037555614983,0.0,0.0,0.0
15,8,March,29,fast,fast,7.199129435483755,223.1730124999964,0.0,0.0,0.0
43,50,March,29,fast,fast,20.601529342524373,638.6474096182556,0.0,0.0,0.0
15,8,March,30,fast,fast,7.199129435483755,223.1730124999964,0.0,0.0,0.0
18,10,March,30,fast,fast,13.827971449260371,428.6671149270715,0.0,0.0,0.0
18,25,March,30,fast,medium,12.176502723768817,377.4715844368333,0.0,0.0,0.0
26,34,March,30,fast,fast,0.3119189516128351,9.669487499997889,0.0,0.0,0.0
53,52,March,30,fast,fast,0.1,3.1,0.0,0.0,0.0
15,8,March,31,fast,fast,1.8880641407611352,58.52998836359519,0.0,0.0,0.0
18,10,March,31,fast,fast,7.920550110366111,245.53705342134944,0.0,0.0,0.0
18,25,March,31,fast,medium,25.97924973551322,805.3567418009098,0.0,0.0,0.0
11,4,March,33,fast,fast,11.878964693614108,368.2479055020374,0.0,0.0,0.0
11,10,March,33,fast,medium,12.023109517448091,372.7163950408908,0.0,0.0,0.0
15,7,March,33,fast,medium,8.385808105049488,259.96005125653414,0.0,0.0,0.0
29,30,March,33,fast,fast,2.734916400671217,84.78240842080774,0.0,0.0,0.0
34,27,March,33,fast,medium,1.8022825378390621,55.870758673010926,0.0,0.0,0.0
10,9,March,34,fast,fast,9.455763194440323,293.12865902765,0.0,0.0,0.0
14,13,March,34,fast,fast,0.1,3.1,0.0,0.0,0.0
15,7,March,34,fast,medium,1.0999750000000001,34.099225000000004,0.0,0.0,0.0
15,8,March,34,fast,fast,1.048267546527463,32.49629394235135,0.0,0.0,0.0
24,16,March,34,fast,medium,6.490744640496665,201.2130838553966,0.0,0.0,0.0
34,27,March,34,medium,medium,12.755821372270617,395.43046254038916,0.0,0.0,0.0
50,43,March,34,fast,fast,1.9037130270610447,59.01510383889239,0.0,0.0,0.0
14,13,March,35,fast,fast,23.784007173279633,737.3042223716686,0.0,0.0,0.0
29,30,March,35,fast,fast,8.491703611274382,263.24281194950584,0.0,0.0,0.0
44,43,March,35,fast,fast,3.299074864944984,102.27132081329451,0.0,0.0,0.0
14,13,March,36,fast,fast,20.0,620.0,0.0,0.0,0.0
15,8,March,37,fast,fast,2.5,77.5,0.0,0.0,0.0
4,11,March,38,fast,fast,0.699493205642824,21.684289374927545,0.0,0.0,0.0
15,7,March,38,fast,medium,0.23831500967576533,7.387765299948725,0.0,0.0,0.0
15,8,March,38,fast,fast,0.11988076492419843,3.7163037126501512,0.0,0.0,0.0
51,43,March,39,fast,fast,2.0740279286661547,64.2948657886508,0.0,0.0,0.0
50,43,April,2,fast,fast,1.002375122423004,30.07125367269012,0.0,0.0,0.0
45,53,April,3,fast,fast,1.187102510764852,35.61307532294556,0.0,0.0,0.0
50,43,April,3,fast,fast,0.7557997298061818,22.673991894185455,0.0,0.0,0.0
50,51,April,3,fast,medium,2.5949446983592526,77.84834095077758,0.0,0.0,0.0
45,53,April,4,fast,fast,4.3568892443349725,130.70667733004916,0.0,0.0,0.0
24,16,April,11,fast,fast,0.9929400000000003,29.788200000000007,0.0,0.0,0.0
21,14,April,13,fast,fast,3.467499937761831,104.02499813285493,0.0,0.0,0.0
45,53,April,13,fast,fast,10.104685495000002,303.14056485000003,0.0,0.0,0.0
27,34,April,14,fast,fast,8.028540684501884,240.85622053505654,0.0,0.0,0.0
27,34,April,15,fast,fast,9.252288883145654,277.5686664943696,0.0,0.0,0.0
43,50,April,15,fast,fast,0.12568135896838606,3.7704407690515818,0.0,0.0,0.0
47,46,April,15,fast,fast,6.887844154370308,206.63532463110923,0.0,0.0,0.0
13,21,April,16,fast,fast,1.3379891547826048,40.139674643478145,0.0,0.0,0.0
15,7,April,16,fast,medium,6.481363411250856,194.44090233752567,0.0,0.0,0.0
15,8,April,16,fast,fast,13.976217278848976,419.2865183654693,0.0,0.0,0.0
30,38,April,16,fast,fast,0.3027530047000937,9.082590141002811,0.0,0.0,0.0
33,25,April,16,medium,medium,7.478117850833058,224.34353552499175,0.0,0.0,0.0
39,48,April,16,fast,medium,10.936688471155549,328.10065413466646,0.0,0.0,0.0
40,48,April,16,fast,medium,5.479473000188875,164.38419000566626,0.0,0.0,0.0
52,53,April,16,fast,fast,7.234889686478354,217.04669059435062,0.0,0.0,0.0
1,2,April,17,fast,medium,0.27029344225651286,8.108803267695386,0.0,0.0,0.0
1,9,April,17,fast,medium,3.411321796598697,102.3396538979609,0.0,0.0,0.0
15,7,April,17,fast,medium,31.50861765740415,945.2585297221245,0.0,0.0,0.0
15,23,April,17,fast,medium,33.35543024852533,1000.6629074557599,0.0,0.0,0.0
16,24,April,17,medium,medium,13.503823654090723,405.1147096227217,0.0,0.0,0.0
25,18,April,17,medium,medium,16.137238929102878,484.1171678730864,0.0,0.0,0.0
26,34,April,17,fast,fast,3.5965715685851336,107.89714705755401,0.0,0.0,0.0
32,24,April,17,fast,medium,4.451795910619211,133.55387731857633,0.0,0.0,0.0
33,25,April,17,fast,medium,17.4756014024572,524.2680420737161,0.0,0.0,0.0
33,26,April,17,fast,medium,21.33129133045783,639.9387399137349,0.0,0.0,0.0
43,50,April,17,medium,fast,2.506715844364386,75.20147533093159,0.5,1.253357922182193,37.60073766546579
45,53,April,17,fast,fast,4.793038640369083,143.7911592110725,0.0,0.0,0.0
47,46,April,17,fast,fast,8.85537744027355,265.6613232082065,0.0,0.0,0.0
55,54,April,17,fast,fast,3.3341785593527433,100.0253567805823,0.0,0.0,0.0
11,4,April,18,medium,fast,0.7301340393095428,21.904021179286282,0.5,0.3650670196547714,10.952010589643141
15,7,April,18,fast,medium,33.0,990.0,0.0,0.0,0.0
15,22,April,18,fast,medium,7.103623667224724,213.10871001674172,0.0,0.0,0.0
15,22,April,18,fast,fast,25.0,750.0,0.0,0.0,0.0
15,23,April,18,fast,fast,22.063997850368395,661.9199355110518,0.0,0.0,0.0
30,29,April,18,fast,fast,9.38957679782936,281.6873039348808,0.0,0.0,0.0
41,42,April,18,fast,medium,7.213328569205231,216.39985707615693,0.0,0.0,0.0
43,50,April,18,fast,fast,0.9508416666666668,28.525250000000003,0.0,0.0,0.0
45,53,April,18,fast,fast,4.859656639377128,145.78969918131384,0.0,0.0,0.0
52,53,April,18,fast,fast,12.667437988299497,380.0231396489849,0.0,0.0,0.0
55,54,April,18,fast,fast,4.7233163277930466,141.6994898337914,0.0,0.0,0.0
2,9,April,19,fast,medium,3.3479488244397286,100.43846473319186,0.0,0.0,0.0
15,7,April,19,fast,medium,33.0,990.0,0.0,0.0,0.0
15,22,April,19,fast,medium,2.4217736513850525,72.65320954155158,0.0,0.0,0.0
21,13,April,19,fast,fast,5.515460714688768,165.46382144066303,0.0,0.0,0.0
23,16,April,19,fast,medium,23.554753565711593,706.6426069713477,0.0,0.0,0.0
23,16,April,19,fast,fast,25.0,750.0,0.0,0.0,0.0
30,29,April,19,fast,fast,7.758710501915218,232.76131505745653,0.0,0.0,0.0
34,42,April,19,fast,medium,2.8291725000000003,84.87517500000001,0.0,0.0,0.0
44,52,April,19,fast,fast,10.943882670396498,328.3164801118949,0.0,0.0,0.0
1,9,April,20,fast,fast,1.8586115171437783,55.75834551431335,0.0,0.0,0.0
2,9,April,20,fast,fast,8.815846756639097,264.4754026991729,0.0,0.0,0.0
15,7,April,20,fast,medium,6.6458625,199.375875,0.0,0.0,0.0
21,13,April,20,fast,fast,9.292571193452094,278.7771358035628,0.0,0.0,0.0
23,16,April,20,fast,medium,18.801076349194943,564.0322904758483,0.0,0.0,0.0
36,29,April,20,fast,fast,1.696047090785683,50.88141272357049,0.0,0.0,0.0
39,40,April,20,fast,fast,15.785553837242311,473.56661511726935,0.0,0.0,0.0
41,42,April,20,medium,medium,2.8291725000000003,84.87517500000001,0.0,0.0,0.0
2,9,April,21,fast,fast,1.8225303349580422,54.675910048741265,0.0,0.0,0.0
8,1,April,21,medium,medium,6.705008401144937,201.1502520343481,0.0,0.0,0.0
11,10,April,21,fast,fast,4.518507219573372,135.5552165872012,0.0,0.0,0.0
21,13,April,21,fast,medium,5.729943000000011,171.89829000000034,0.0,0.0,0.0
21,13,April,21,fast,fast,13.075047699809199,392.25143099427595,0.0,0.0,0.0
25,18,April,21,fast,medium,4.288694050060208,128.66082150180625,0.0,0.0,0.0
26,34,April,21,fast,fast,22.160084293021814,664.8025287906544,0.0,0.0,0.0
27,34,April,21,fast,fast,1.311355882488737,39.34067647466211,0.0,0.0,0.0
39,40,April,21,fast,fast,1.371350647756394,41.14051943269182,0.0,0.0,0.0
41,42,April,21,fast,medium,3.183732833333334,95.51198500000001,0.0,0.0,0.0
15,8,April,22,fast,fast,10.352883555754575,310.58650667263726,0.0,0.0,0.0
15,22,April,22,fast,medium,2.451018914425944,73.53056743277833,0.0,0.0,0.0
17,10,April,22,fast,fast,4.381166313748423,131.4349894124527,0.0,0.0,0.0
21,13,April,22,fast,medium,6.924952300190801,207.74856900572405,0.0,0.0,0.0
21,13,April,22,fast,fast,13.075047699809199,392.25143099427595,0.0,0.0,0.0
26,34,April,22,fast,fast,13.360421624374801,400.81264873124405,0.0,0.0,0.0
41,42,April,22,medium,medium,2.2321166162483395,66.96349848745018,0.0,0.0,0.0
15,8,April,23,fast,fast,17.098212489474196,512.9463746842259,0.0,0.0,0.0
15,22,April,23,fast,medium,17.360690666666557,520.8207199999968,0.0,0.0,0.0
15,22,April,23,fast,fast,15.350771749785697,460.5231524935709,0.0,0.0,0.0
21,13,April,23,fast,medium,6.924952300190801,207.74856900572405,0.0,0.0,0.0
21,13,April,23,fast,fast,13.075047699809199,392.25143099427595,0.0,0.0,0.0
52,44,April,23,fast,fast,12.062127433278174,361.86382299834526,0.0,0.0,0.0
52,53,April,23,fast,fast,5.9953213227416775,179.85963968225033,0.0,0.0,0.0
55,54,April,23,fast,medium,9.064498908936852,271.93496726810554,0.0,0.0,0.0
7,8,April,24,fast,slow,1.153809322852183,34.61427968556549,0.0,0.0,0.0
15,8,April,24,fast,slow,2.3788775411418968,71.3663262342569,0.0,0.0,0.0
15,8,April,24,fast,fast,25.0,750.0,0.0,0.0,0.0
15,22,April,24,fast,medium,14.497183780781334,434.91551342344,0.0,0.0,0.0
21,13,April,24,fast,fast,12.428595012230735,372.85785036692204,0.0,0.0,0.0
26,34,April,24,fast,fast,19.40970519741568,582.2911559224704,0.0,0.0,0.0
48,40,April,24,fast,medium,1.4374645490637263,43.12393647191179,0.0,0.0,0.0
15,8,April,25,fast,fast,25.0,750.0,0.0,0.0,0.0
15,22,April,25,fast,medium,14.871957074834366,446.158712245031,0.0,0.0,0.0
21,13,April,25,fast,fast,10.955318177529833,328.659545325895,0.0,0.0,0.0
25,33,April,25,fast,fast,5.501226965828799,165.03680897486396,0.0,0.0,0.0
48,39,April,25,fast,fast,1.4374645490638542,43.12393647191563,0.0,0.0,0.0
11,4,April,26,fast,fast,5.867072320079516,176.01216960238548,0.0,0.0,0.0
15,7,April,26,fast,medium,3.943803543723556,118.31410631170668,0.0,0.0,0.0
15,8,April,26,fast,fast,25.0,750.0,0.0,0.0,0.0
17,9,April,26,fast,fast,14.43437717693756,433.03131530812675,0.0,0.0,0.0
21,13,April,26,fast,fast,12.988213200107959,389.64639600323875,0.0,0.0,0.0
34,27,April,26,medium,medium,9.372848918686127,281.18546756058385,0.0,0.0,0.0
11,4,April,27,fast,fast,23.1827116499125,695.4813494973749,0.0,0.0,0.0
15,7,April,27,fast,medium,9.981432528537013,299.44297585611037,0.0,0.0,0.0
15,8,April,27,fast,fast,22.541906083333217,676.2571824999965,0.0,0.0,0.0
17,9,April,27,fast,fast,8.039150630391504,241.1745189117451,0.0,0.0,0.0
21,13,April,27,fast,fast,15.71133693235948,471.3401079707844,0.0,0.0,0.0
29,30,April,27,fast,fast,2.4441465667301614,73.32439700190484,0.0,0.0,0.0
53,52,April,27,fast,fast,1.5137171627962167,45.411514883886504,0.0,0.0,0.0
14,13,April,28,fast,fast,11.936095278307995,358.08285834923987,0.0,0.0,0.0
15,7,April,28,fast,medium,9.60045915507701,288.0137746523103,0.0,0.0,0.0
15,8,April,28,fast,fast,23.395977785084934,701.879333552548,0.0,0.0,0.0
17,9,April,28,fast,fast,4.690420966346931,140.71262899040792,0.0,0.0,0.0
17,10,April,28,fast,medium,49.97826215587459,1499.3478646762376,0.0,0.0,0.0
17,10,April,28,fast,fast,4.060305066856046,121.80915200568137,0.0,0.0,0.0
21,13,April,28,fast,fast,7.894231381769444,236.82694145308332,0.0,0.0,0.0
29,30,April,28,fast,fast,8.277050810505493,248.31152431516477,0.0,0.0,0.0
43,44,April,28,fast,fast,8.816396835192656,264.4919050557797,0.0,0.0,0.0
43,50,April,28,fast,fast,1.3989891666666665,41.969674999999995,0.0,0.0,0.0
45,44,April,28,fast,fast,4.26227017923064,127.8681053769192,0.0,0.0,0.0
14,13,April,29,fast,medium,0.22160500000000027,6.648150000000008,0.0,0.0,0.0
14,13,April,29,fast,fast,15.661333586725597,469.8400076017679,0.0,0.0,0.0
15,7,April,29,fast,medium,5.565245833333217,166.9573749999965,0.0,0.0,0.0
15,8,April,29,fast,fast,20.0,600.0,0.0,0.0,0.0
17,10,April,29,fast,fast,13.827971449260371,414.83914347781115,0.0,0.0,0.0
22,21,April,29,fast,fast,5.095305618741509,152.8591685622453,0.0,0.0,0.0
26,34,April,29,fast,fast,26.058301031956383,781.7490309586915,0.0,0.0,0.0
36,28,April,29,fast,fast,2.87283497365598,86.18504920967939,0.0,0.0,0.0
43,44,April,29,fast,fast,26.048671496829794,781.4601449048938,0.0,0.0,0.0
43,50,April,29,fast,fast,1.1361083333333333,34.08325,0.0,0.0,0.0
15,7,April,30,fast,medium,7.896947088313035,236.90841264939104,0.0,0.0,0.0
15,8,April,30,fast,fast,19.999999000000013,599.9999700000004,0.0,0.0,0.0
18,10,April,30,fast,medium,12.176502723768813,365.2950817130644,0.0,0.0,0.0
18,10,April,30,fast,fast,13.827971449260371,414.83914347781115,0.0,0.0,0.0
21,13,April,30,fast,fast,7.9264465031663995,237.79339509499198,0.0,0.0,0.0
43,44,April,30,fast,fast,0.1,3.0,0.0,0.0,0.0
43,50,April,30,fast,fast,1.6392321729142103,49.17696518742631,0.0,0.0,0.0
53,52,April,30,fast,fast,11.87995809781033,356.3987429343099,0.0,0.0,0.0
54,55,April,30,fast,medium,7.062521673797262,211.87565021391785,0.0,0.0,0.0
15,7,April,31,fast,medium,9.212228333333336,276.36685000000006,0.0,0.0,0.0
15,8,April,31,fast,fast,9.057599259040707,271.7279777712212,0.0,0.0,0.0
18,10,April,31,fast,medium,25.979249735513225,779.3774920653967,0.0,0.0,0.0
18,10,April,31,fast,fast,7.920550110366111,237.61650331098335,0.0,0.0,0.0
26,34,April,31,fast,fast,19.9999990000001,599.9999700000029,0.0,0.0,0.0
53,52,April,31,fast,fast,1.0015228715600488,30.045686146801465,0.0,0.0,0.0
54,55,April,31,fast,medium,5.684137666666675,170.52413000000027,0.0,0.0,0.0
54,55,April,31,fast,fast,14.614980846157149,438.44942538471446,0.0,0.0,0.0
11,10,April,32,fast,fast,11.022098271335983,330.6629481400795,0.0,0.0,0.0
15,7,April,32,fast,medium,9.212228333333336,276.36685000000006,0.0,0.0,0.0
15,8,April,32,fast,fast,1.061684597215919,31.85053791647757,0.0,0.0,0.0
21,13,April,32,fast,fast,3.1607445229920863,94.82233568976258,0.0,0.0,0.0
27,34,April,32,fast,fast,1.533958927710259,46.01876783130777,0.0,0.0,0.0
52,44,April,32,fast,fast,2.601881351607034,78.05644054821101,0.0,0.0,0.0
54,55,April,32,fast,fast,0.6358719349729718,19.076158049189154,0.0,0.0,0.0
11,4,April,33,fast,fast,11.878964693614108,356.36894080842325,0.0,0.0,0.0
11,10,April,33,fast,medium,12.023109517448091,360.69328552344274,0.0,0.0,0.0
15,7,April,33,fast,medium,8.385808105049545,251.57424315148634,0.0,0.0,0.0
21,13,April,33,fast,fast,8.738512,262.15536,0.0,0.0,0.0
29,30,April,33,fast,fast,5.312750878516358,159.38252635549074,0.0,0.0,0.0
34,27,April,33,fast,medium,1.8022825378390621,54.06847613517186,0.0,0.0,0.0
10,9,April,34,fast,fast,8.033498168468917,241.0049450540675,0.0,0.0,0.0
10,11,April,34,fast,medium,1.4222650259714058,42.667950779142174,0.0,0.0,0.0
14,13,April,34,fast,fast,8.638512000000016,259.1553600000005,0.0,0.0,0.0
15,7,April,34,fast,medium,0.25069399255837244,7.520819776751173,0.0,0.0,0.0
15,8,April,34,fast,fast,3.8820498798606806,116.46149639582042,0.0,0.0,0.0
21,13,April,34,fast,fast,0.1,3.0,0.0,0.0,0.0
24,16,April,34,fast,fast,6.490744640496665,194.72233921489993,0.0,0.0,0.0
34,27,April,34,medium,medium,12.755821372270617,382.6746411681185,0.0,0.0,0.0
39,40,April,34,fast,fast,1.64486093178893,49.3458279536679,0.0,0.0,0.0
50,43,April,34,fast,fast,1.9037130270610447,57.11139081183134,0.0,0.0,0.0
54,55,April,34,fast,fast,8.935325333333333,268.05976,0.0,0.0,0.0
14,13,April,35,fast,fast,23.784007173279633,713.520215198389,0.0,0.0,0.0
15,7,April,35,fast,medium,1.0124408333333335,30.373225000000005,0.0,0.0,0.0
15,8,April,35,fast,fast,1.5758861666666668,47.276585000000004,0.0,0.0,0.0
29,30,April,35,fast,fast,8.491703611274396,254.75110833823186,0.0,0.0,0.0
44,43,April,35,fast,fast,3.299074864944984,98.97224594834952,0.0,0.0,0.0
54,55,April,35,fast,fast,2.0374120639583335,61.12236191875,0.0,0.0,0.0
14,13,April,36,fast,fast,15.095364459885062,452.8609337965519,0.0,0.0,0.0
15,7,April,36,fast,medium,1.0124408333333337,30.373225000000012,0.0,0.0,0.0
15,8,April,36,fast,fast,1.5758861666666668,47.276585000000004,0.0,0.0,0.0
54,55,April,36,fast,fast,1.998470166666667,59.95410500000001,0.0,0.0,0.0
15,7,April,37,fast,medium,5.833158875671928,174.99476627015784,0.0,0.0,0.0
15,8,April,37,fast,fast,0.591487257186406,17.74461771559218,0.0,0.0,0.0
4,11,April,38,fast,fast,0.6994932056427352,20.984796169282056,0.0,0.0,0.0
15,7,April,38,fast,medium,7.521859583333449,225.65578750000347,0.0,0.0,0.0
15,8,April,38,fast,fast,2.5340249166667808,76.02074750000342,0.0,0.0,0.0
51,43,April,39,fast,fast,2.0740279286661547,62.22083785998464,0.0,0.0,0.0
50,43,May,2,fast,fast,1.002375122423004,31.073628795113123,0.0,0.0,0.0
45,53,May,3,fast,fast,1.187102510764852,36.800177833710414,0.0,0.0,0.0
50,43,May,3,fast,medium,0.7557997298061849,23.429791623991733,0.0,0.0,0.0
50,51,May,3,fast,medium,2.5949446983592495,80.44328564913673,0.0,0.0,0.0
45,53,May,4,fast,fast,4.3568892443349725,135.06356657438414,0.0,0.0,0.0
24,16,May,11,fast,fast,3.6688463709677426,113.73423750000002,0.0,0.0,0.0
32,25,May,12,fast,fast,0.3679162037719479,11.405402316930385,0.0,0.0,0.0
32,25,May,13,fast,fast,8.240057029212423,255.4417679055851,0.0,0.0,0.0
27,34,May,14,fast,fast,8.028540684501884,248.8847612195584,0.0,0.0,0.0
11,4,May,15,fast,fast,0.1,3.1,0.0,0.0,0.0
15,7,May,15,medium,medium,7.5303918310961855,233.44214676398175,0.0,0.0,0.0
27,34,May,15,fast,fast,25.33029856056511,785.2392553775185,0.0,0.0,0.0
30,29,May,15,fast,fast,5.843922224089313,181.16158894676872,0.0,0.0,0.0
30,38,May,15,fast,fast,1.0295522556053636,31.91611992376627,0.0,0.0,0.0
43,50,May,15,fast,fast,0.7300076114629528,22.630235955351537,0.0,0.0,0.0
47,46,May,15,fast,fast,5.640791208180396,174.86452745359227,0.0,0.0,0.0
11,4,May,16,fast,fast,19.999999000000038,619.9999690000012,0.0,0.0,0.0
13,21,May,16,medium,fast,1.3379891547826048,41.47766379826075,0.5,0.6689945773913024,20.738831899130375
15,7,May,16,fast,medium,6.481363411250856,200.9222657487765,0.0,0.0,0.0
15,8,May,16,fast,fast,13.976217278848976,433.26273564431824,0.0,0.0,0.0
27,34,May,16,fast,fast,4.947001750675312,153.35705427093467,0.0,0.0,0.0
30,38,May,16,fast,fast,0.3027530047000795,9.385343145702464,0.0,0.0,0.0
33,25,May,16,fast,medium,7.478117850832646,231.82165337581205,0.0,0.0,0.0
39,48,May,16,medium,medium,10.936688471155549,339.037342605822,0.0,0.0,0.0
40,48,May,16,fast,medium,5.479473000188875,169.86366300585513,0.0,0.0,0.0
43,50,May,16,fast,fast,0.8441451612903226,26.1685,0.0,0.0,0.0
47,46,May,16,fast,medium,12.967730904773852,401.9996580479894,0.0,0.0,0.0
47,46,May,16,fast,fast,7.032269095226148,218.0003419520106,0.0,0.0,0.0
1,2,May,17,fast,medium,0.27029344225694985,8.379096709965445,0.0,0.0,0.0
1,9,May,17,fast,fast,3.411321796598699,105.75097569455967,0.0,0.0,0.0
11,4,May,17,fast,fast,22.21327746708006,688.6116014794819,0.0,0.0,0.0
15,7,May,17,fast,medium,31.50861765740415,976.7671473795288,0.0,0.0,0.0
15,23,May,17,fast,medium,33.355430248525295,1034.018337704284,0.0,0.0,0.0
16,24,May,17,fast,medium,13.503823654090727,418.6185332768125,0.0,0.0,0.0
26,34,May,17,fast,fast,19.73381049768767,611.7481254283177,0.0,0.0,0.0
32,24,May,17,fast,medium,4.4517959106244005,138.0056732293564,0.0,0.0,0.0
33,25,May,17,fast,medium,1.338362473354323,41.48923667398401,0.0,0.0,0.0
33,26,May,17,fast,medium,37.46853025956048,1161.5244380463748,0.0,0.0,0.0
43,50,May,17,fast,fast,2.506715844364386,77.70819117529598,0.0,0.0,0.0
47,46,May,17,fast,medium,19.999999000000074,619.9999690000022,0.0,0.0,0.0
11,4,May,18,fast,fast,29.721521867982535,921.3671779074585,0.0,0.0,0.0
15,7,May,18,fast,medium,33.0,1023.0,0.0,0.0,0.0
15,22,May,18,fast,medium,7.103623667224724,220.21233368396645,0.0,0.0,0.0
15,22,May,18,fast,fast,25.0,775.0,0.0,0.0,0.0
15,23,May,18,fast,medium,22.063997850368395,683.9839333614202,0.0,0.0,0.0
19,12,May,18,fast,medium,0.5767948742997344,17.880641103291765,0.0,0.0,0.0
30,29,May,18,fast,medium,7.119129459119691,220.69301323271043,0.0,0.0,0.0
30,29,May,18,fast,fast,25.0,775.0,0.0,0.0,0.0
41,42,May,18,medium,medium,7.213328569205231,223.61318564536217,0.0,0.0,0.0
43,50,May,18,fast,fast,1.246202419354853,38.63227500000045,0.0,0.0,0.0
1,9,May,19,fast,fast,0.9190756485962712,28.49134510648441,0.0,0.0,0.0
2,9,May,19,fast,fast,7.615912059208313,236.0932738354577,0.0,0.0,0.0
11,4,May,19,fast,fast,10.044475580215765,311.37874298668874,0.0,0.0,0.0
14,13,May,19,fast,medium,8.529683382076868,264.4201848443829,0.0,0.0,0.0
14,13,May,19,fast,fast,5.415460714688798,167.87928215535274,0.0,0.0,0.0
15,7,May,19,medium,medium,33.0,1023.0,0.0,0.0,0.0
15,22,May,19,medium,medium,2.4217736513847683,75.07498319292782,0.0,0.0,0.0
17,9,May,19,fast,fast,5.730268939216662,177.63833711571652,0.0,0.0,0.0
21,13,May,19,fast,fast,0.1,3.1,0.0,0.0,0.0
23,16,May,19,medium,medium,48.55475356571159,1505.1973605370595,0.0,0.0,0.0
30,29,May,19,fast,medium,5.608562791406676,173.86544653360696,0.0,0.0,0.0
30,29,May,19,fast,fast,7.758710501915218,240.52002555937173,0.0,0.0,0.0
34,27,May,19,fast,medium,4.4065903893416305,136.60430206959055,0.0,0.0,0.0
36,28,May,19,fast,medium,17.965572250153365,556.9327397547543,0.0,0.0,0.0
41,42,May,19,medium,medium,3.5923885483870976,111.36404500000003,0.0,0.0,0.0
1,9,May,20,fast,medium,2.5592016163736755,79.33525010758395,0.0,0.0,0.0
1,9,May,20,fast,fast,1.8586115171456878,57.61695703151632,0.0,0.0,0.0
2,9,May,20,fast,fast,8.815846756639097,273.291249455812,0.0,0.0,0.0
10,9,May,20,fast,medium,3.0819894799584944,95.54167387871333,0.0,0.0,0.0
15,7,May,20,medium,medium,10.461942741935369,324.3202249999964,0.0,0.0,0.0
17,9,May,20,fast,medium,4.163389551785464,129.0650761053494,0.0,0.0,0.0
21,13,May,20,fast,medium,10.338140075546935,320.48234234195496,0.0,0.0,0.0
21,13,May,20,fast,fast,9.661859924453065,299.51765765804504,0.0,0.0,0.0
23,16,May,20,medium,medium,18.801076349194943,582.8333668250432,0.0,0.0,0.0
26,34,May,20,fast,medium,3.2550975208005255,100.9080231448163,0.0,0.0,0.0
36,28,May,20,fast,medium,22.730595909928006,704.6484732077682,0.0,0.0,0.0
36,29,May,20,fast,fast,1.696047090785683,52.577459814356175,0.0,0.0,0.0
41,42,May,20,medium,medium,3.5923885483870976,111.36404500000003,0.0,0.0,0.0
47,46,May,20,fast,fast,0.7838114491648263,24.298154924109614,0.0,0.0,0.0
2,9,May,21,fast,medium,4.245710849195195,131.61703632505103,0.0,0.0,0.0
2,9,May,21,fast,fast,1.8225303349580493,56.49844038369953,0.0,0.0,0.0
8,1,May,21,fast,medium,8.760569597540112,271.5776575237435,0.0,0.0,0.0
14,13,May,21,fast,fast,11.267105938812016,349.2802841031725,0.0,0.0,0.0
17,10,May,21,fast,medium,19.442194891952674,602.7080416505329,0.0,0.0,0.0
17,10,May,21,fast,fast,4.518507219573372,140.07372380677455,0.0,0.0,0.0
19,12,May,21,medium,medium,0.5842915974301184,18.11303952033367,0.0,0.0,0.0
21,13,May,21,fast,fast,12.80794176099718,397.0461945909126,0.0,0.0,0.0
25,18,May,21,fast,medium,16.93018714683584,524.8358015519111,0.0,0.0,0.0
26,34,May,21,fast,fast,15.195287008843863,471.05389727415974,0.0,0.0,0.0
15,8,May,22,fast,slow,5.4919570967741915,170.25066999999993,0.0,0.0,0.0
15,8,May,22,fast,fast,10.575136722421243,327.82923839505855,0.0,0.0,0.0
15,22,May,22,fast,medium,13.670700917253185,423.7917284348488,0.0,0.0,0.0
17,10,May,22,fast,medium,13.202780682717446,409.2862011642408,0.0,0.0,0.0
17,10,May,22,fast,fast,25.0,775.0,0.0,0.0,0.0
21,13,May,22,fast,medium,11.0,341.0,0.0,0.0,0.0
21,13,May,22,fast,fast,13.075047699809197,405.3264786940851,0.0,0.0,0.0
33,26,May,22,fast,medium,0.6856818164854275,21.25613631104825,0.0,0.0,0.0
15,8,May,23,fast,fast,17.661586407103826,547.5091786202186,0.0,0.0,0.0
15,22,May,23,fast,medium,4.132427433800327,128.10525044781014,0.0,0.0,0.0
15,22,May,23,fast,fast,15.350771749785697,475.8739242433566,0.0,0.0,0.0
21,13,May,23,fast,fast,13.075047699809199,405.32647869408515,0.0,0.0,0.0
52,44,May,23,fast,fast,12.062127433278174,373.9259504316234,0.0,0.0,0.0
52,53,May,23,fast,fast,5.9953213227416775,185.854961004992,0.0,0.0,0.0
55,54,May,23,fast,medium,8.28428957560353,256.81297684370946,0.0,0.0,0.0
7,8,May,24,fast,fast,1.153809322852183,35.768089008417675,0.0,0.0,0.0
15,8,May,24,fast,fast,23.846190677147817,739.2319109915824,0.0,0.0,0.0
15,22,May,24,fast,medium,18.029870644775414,558.9259899880378,0.0,0.0,0.0
21,13,May,24,fast,fast,12.428595012230735,385.2864453791528,0.0,0.0,0.0
26,34,May,24,fast,fast,5.363364502787739,166.26429958641992,0.0,0.0,0.0
48,40,May,24,fast,fast,1.4374645490636517,44.56140102097321,0.0,0.0,0.0
15,7,May,25,fast,medium,2.561106952090636,79.39431551480972,0.0,0.0,0.0
15,8,May,25,fast,fast,25.0,775.0,0.0,0.0,0.0
21,13,May,25,fast,fast,10.955318177529833,339.61486350342483,0.0,0.0,0.0
25,33,May,25,fast,fast,5.501226965828799,170.53803594069277,0.0,0.0,0.0
48,39,May,25,fast,fast,1.4374645490640958,44.56140102098697,0.0,0.0,0.0
15,7,May,26,fast,medium,6.7404087856590404,208.95267235543025,0.0,0.0,0.0
15,8,May,26,fast,fast,25.0,775.0,0.0,0.0,0.0
21,13,May,26,fast,fast,12.988213200107959,402.6346092033467,0.0,0.0,0.0
34,27,May,26,medium,medium,6.408126418686166,198.65191897927116,0.0,0.0,0.0
11,4,May,27,fast,fast,2.147823399912596,66.58252539729048,0.0,0.0,0.0
15,7,May,27,fast,medium,11.298317338709557,350.24783749999625,0.0,0.0,0.0
15,8,May,27,fast,fast,25.0,775.0,0.0,0.0,0.0
21,13,May,27,fast,fast,15.71133693235948,487.0514449031439,0.0,0.0,0.0
14,13,May,28,fast,fast,14.36953377489143,445.45554702163435,0.0,0.0,0.0
15,7,May,28,fast,medium,16.035159443970294,497.0899427630791,0.0,0.0,0.0
15,8,May,28,fast,fast,25.0,775.0,0.0,0.0,0.0
17,9,May,28,fast,fast,4.690420966346931,145.40304995675487,0.0,0.0,0.0
17,10,May,28,fast,medium,49.97826215587459,1549.3261268321123,0.0,0.0,0.0
17,10,May,28,fast,fast,4.060305066856046,125.86945707253741,0.0,0.0,0.0
21,13,May,28,fast,fast,2.497912250049019,77.4352797515196,0.0,0.0,0.0
45,44,May,28,fast,fast,4.26227017923064,132.13037555614983,0.0,0.0,0.0
15,7,May,29,fast,medium,8.216317338709562,254.70583749999642,0.0,0.0,0.0
15,8,May,29,fast,fast,24.462789596774194,758.3464775,0.0,0.0,0.0
17,10,May,29,fast,fast,13.827971449260371,428.6671149270715,0.0,0.0,0.0
22,21,May,29,fast,fast,4.0784247854081705,126.43116834765328,0.0,0.0,0.0
26,34,May,29,fast,fast,15.675465916008271,485.9394433962564,0.0,0.0,0.0
43,44,May,29,fast,fast,16.734893052201663,518.7816846182516,0.0,0.0,0.0
43,50,May,29,fast,fast,3.866636290322709,119.86572500000399,0.0,0.0,0.0
15,7,May,30,fast,medium,8.216317338709562,254.70583749999642,0.0,0.0,0.0
15,8,May,30,fast,fast,24.462789596774194,758.3464775,0.0,0.0,0.0
18,10,May,30,fast,medium,12.17650272376881,377.4715844368331,0.0,0.0,0.0
18,10,May,30,fast,fast,13.827971449260371,428.6671149270715,0.0,0.0,0.0
21,13,May,30,fast,fast,7.9264465031663995,245.71984159815838,0.0,0.0,0.0
53,52,May,30,fast,fast,0.1,3.1,0.0,0.0,0.0
15,7,May,31,fast,medium,11.36664637096774,352.36603749999995,0.0,0.0,0.0
15,8,May,31,fast,fast,12.410997769793388,384.74093086359505,0.0,0.0,0.0
18,10,May,31,fast,medium,8.899799845879336,275.8937952222594,0.0,0.0,0.0
18,10,May,31,fast,fast,25.0,775.0,0.0,0.0,0.0
21,13,May,31,fast,fast,3.2391866587619456,100.4147864216203,0.0,0.0,0.0
26,34,May,31,fast,fast,11.996613255731909,371.89501092768916,0.0,0.0,0.0
54,55,May,31,fast,fast,14.61498084615715,453.06440623087167,0.0,0.0,0.0
11,10,May,32,fast,fast,11.022098271335983,341.68504641141544,0.0,0.0,0.0
15,7,May,32,fast,medium,11.36664637096774,352.36603749999995,0.0,0.0,0.0
15,8,May,32,fast,fast,4.4150831079686075,136.86757634702684,0.0,0.0,0.0
21,13,May,32,fast,fast,8.338851371380926,258.5043925128087,0.0,0.0,0.0
26,34,May,32,fast,fast,2.552967394076285,79.14198921636483,0.0,0.0,0.0
27,34,May,32,fast,fast,6.868034958365156,212.90908370931984,0.0,0.0,0.0
54,55,May,32,fast,fast,0.6290479349729807,19.500485984162403,0.0,0.0,0.0
11,4,May,33,fast,fast,11.878964693614108,368.2479055020374,0.0,0.0,0.0
11,10,May,33,fast,medium,12.023109517448091,372.7163950408908,0.0,0.0,0.0
15,7,May,33,fast,medium,8.385808105049506,259.9600512565347,0.0,0.0,0.0
21,13,May,33,fast,fast,13.088314354838717,405.73774500000025,0.0,0.0,0.0
29,30,May,33,fast,fast,15.896328257962127,492.78617599682593,0.0,0.0,0.0
34,27,May,33,fast,medium,1.8022825378390621,55.870758673010926,0.0,0.0,0.0
10,9,May,34,fast,fast,9.455763194440323,293.12865902765,0.0,0.0,0.0
14,13,May,34,fast,fast,12.988314354840163,402.6377450000451,0.0,0.0,0.0
15,7,May,34,fast,medium,5.000674690366022,155.02091540134668,0.0,0.0,0.0
15,8,May,34,fast,fast,7.389322949753156,229.06901144234783,0.0,0.0,0.0
21,13,May,34,fast,fast,0.1,3.1,0.0,0.0,0.0
24,16,May,34,fast,fast,6.490744640496677,201.213083855397,0.0,0.0,0.0
29,30,May,34,fast,fast,10.71101154870705,332.04135800991855,0.0,0.0,0.0
34,27,May,34,fast,medium,12.755821372270617,395.43046254038916,0.0,0.0,0.0
50,43,May,34,fast,fast,1.9037130270610447,59.01510383889239,0.0,0.0,0.0
54,55,May,34,fast,fast,10.478840164710155,324.8440451060148,0.0,0.0,0.0
14,13,May,35,fast,fast,23.784007173279633,737.3042223716686,0.0,0.0,0.0
15,7,May,35,fast,medium,5.717078512442738,177.2294338857249,0.0,0.0,0.0
15,8,May,35,fast,fast,3.4319641129032266,106.39088750000002,0.0,0.0,0.0
29,30,May,35,fast,fast,8.491703611274396,263.2428119495063,0.0,0.0,0.0
44,43,May,35,fast,fast,3.299074864944984,102.27132081329451,0.0,0.0,0.0
54,55,May,35,fast,fast,4.246900494885839,131.65391534146102,0.0,0.0,0.0
14,13,May,36,fast,fast,20.0,620.0,0.0,0.0,0.0
15,7,May,36,fast,medium,2.2048931451612908,68.35168750000001,0.0,0.0,0.0
15,8,May,36,fast,fast,5.78821411290558,179.43463750007297,0.0,0.0,0.0
51,43,May,36,fast,fast,3.717413110777758,115.2398064341105,0.0,0.0,0.0
14,13,May,37,fast,fast,1.015470967741936,31.479600000000016,0.0,0.0,0.0
15,7,May,37,fast,medium,8.026032258064632,248.8070000000036,0.0,0.0,0.0
15,8,May,37,fast,fast,3.3187806451614046,102.88220000000354,0.0,0.0,0.0
30,38,May,37,fast,fast,1.219213161508705,37.795608006769854,0.0,0.0,0.0
4,11,May,38,fast,fast,0.699493205642824,21.684289374927545,0.0,0.0,0.0
15,7,May,38,fast,medium,8.026032258064632,248.8070000000036,0.0,0.0,0.0
15,8,May,38,fast,fast,3.3187806451614046,102.88220000000354,0.0,0.0,0.0
51,43,May,38,fast,fast,1.152696774193549,35.73360000000002,0.0,0.0,0.0
51,43,May,39,fast,fast,2.0740279286661547,64.2948657886508,0.0,0.0,0.0
50,43,June,2,fast,medium,1.002375122423004,30.07125367269012,0.0,0.0,0.0
45,53,June,3,fast,fast,1.1871025107648663,35.61307532294599,0.0,0.0,0.0
50,43,June,3,fast,fast,0.7557997298061849,22.673991894185548,0.0,0.0,0.0
50,51,June,3,fast,medium,2.5949446983592495,77.84834095077748,0.0,0.0,0.0
45,53,June,4,fast,fast,4.3568892443349725,130.70667733004916,0.0,0.0,0.0
22,21,June,7,fast,fast,0.1268469166666666,3.8054074999999976,0.0,0.0,0.0
24,17,June,7,fast,medium,0.17337591666666669,5.201277500000001,0.0,0.0,0.0
24,23,June,7,fast,fast,0.14401833333333336,4.320550000000001,0.0,0.0,0.0
24,25,June,7,fast,fast,0.24870858333333337,7.461257500000001,0.0,0.0,0.0
45,53,June,7,fast,fast,0.17005241666666668,5.1015725000000005,0.0,0.0,0.0
22,21,June,8,fast,fast,0.1268469166666667,3.805407500000001,0.0,0.0,0.0
24,17,June,8,fast,medium,0.17337591666666674,5.201277500000002,0.0,0.0,0.0
24,23,June,8,fast,fast,0.14401833333333336,4.320550000000001,0.0,0.0,0.0
24,25,June,8,fast,fast,0.24870858333333337,7.461257500000001,0.0,0.0,0.0
55,54,June,8,fast,fast,0.13177991914961606,3.953397574488482,0.0,0.0,0.0
15,23,June,9,fast,fast,0.6253052399049879,18.759157197149637,0.0,0.0,0.0
24,17,June,9,medium,medium,0.8176514292452819,24.529542877358455,0.0,0.0,0.0
25,18,June,9,fast,fast,0.1441909999998856,4.325729999996568,0.0,0.0,0.0
55,54,June,9,fast,fast,2.27631433296877,68.28942998906311,0.0,0.0,0.0
15,23,June,10,fast,fast,1.7360850000000005,52.08255000000002,0.0,0.0,0.0
24,17,June,10,fast,medium,2.089979250000006,62.69937750000018,0.0,0.0,0.0
25,18,June,10,fast,fast,0.1441910000026465,4.325730000079395,0.0,0.0,0.0
55,54,June,10,fast,fast,2.0833020000000007,62.49906000000002,0.0,0.0,0.0
15,22,June,11,fast,fast,1.3437804999998804,40.31341499999641,0.0,0.0,0.0
15,23,June,11,fast,fast,1.3732274514472604,41.196823543417814,0.0,0.0,0.0
24,16,June,11,fast,fast,3.6274087500000003,108.82226250000001,0.0,0.0,0.0
24,17,June,11,fast,medium,3.9837857499999996,119.51357249999998,0.0,0.0,0.0
25,18,June,11,fast,fast,4.11913636841852,123.57409105255559,0.0,0.0,0.0
24,17,June,12,fast,medium,3.98378575,119.5135725,0.0,0.0,0.0
32,25,June,12,slow,fast,0.30263377635259214,9.079013290577764,1.0,0.30263377635259214,9.079013290577764
21,14,June,13,fast,fast,9.076945687761826,272.3083706328548,0.0,0.0,0.0
23,15,June,13,medium,medium,4.880911502008033,146.42734506024098,0.0,0.0,0.0
32,25,June,13,fast,fast,5.975199642115648,179.25598926346942,0.0,0.0,0.0
45,53,June,13,fast,fast,23.576263911900526,707.2879173570158,0.0,0.0,0.0
19,12,June,14,fast,medium,1.4911959358518325,44.73587807555498,0.0,0.0,0.0
27,34,June,14,fast,fast,8.028540684501962,240.85622053505887,0.0,0.0,0.0
47,46,June,14,fast,fast,7.1253290418647115,213.75987125594133,0.0,0.0,0.0
27,34,June,15,fast,fast,9.25228888314576,277.5686664943728,0.0,0.0,0.0
30,29,June,15,fast,fast,0.9175524270271946,27.52657281081584,0.0,0.0,0.0
43,50,June,15,fast,fast,0.7401066666666667,22.203200000000002,0.0,0.0,0.0
47,46,June,15,fast,fast,8.616292154416954,258.4887646325086,0.0,0.0,0.0
13,21,June,16,fast,medium,1.3379891547826048,40.139674643478145,0.0,0.0,0.0
15,7,June,16,fast,medium,6.481363411250856,194.44090233752567,0.0,0.0,0.0
15,8,June,16,fast,fast,13.976217278847798,419.28651836543395,0.0,0.0,0.0
30,38,June,16,fast,fast,0.3027530047000795,9.082590141002385,0.0,0.0,0.0
33,25,June,16,slow,medium,3.739058925416529,112.17176776249588,0.5,1.8695294627082646,56.08588388124794
33,25,June,16,fast,fast,3.739058925416529,112.17176776249588,0.0,0.0,0.0
39,48,June,16,slow,medium,10.936688471155549,328.10065413466646,0.5,5.468344235577774,164.05032706733323
40,48,June,16,medium,medium,5.479473000188875,164.38419000566626,0.0,0.0,0.0
43,50,June,16,fast,fast,0.4039727901779925,12.119183705339774,0.0,0.0,0.0
47,46,June,16,fast,fast,7.032269095226148,210.96807285678443,0.0,0.0,0.0
1,2,June,17,fast,medium,0.27029344225694985,8.108803267708495,0.0,0.0,0.0
1,9,June,17,fast,medium,3.411321796598699,102.33965389796097,0.0,0.0,0.0
11,4,June,17,fast,fast,18.236590039660676,547.0977011898203,0.0,0.0,0.0
15,7,June,17,fast,medium,31.50861765740415,945.2585297221245,0.0,0.0,0.0
15,23,June,17,fast,medium,33.35543024852538,1000.6629074557613,0.0,0.0,0.0
16,24,June,17,fast,medium,13.503823654090723,405.1147096227217,0.0,0.0,0.0
25,18,June,17,slow,medium,11.728260481645407,351.8478144493622,0.5,5.864130240822703,175.9239072246811
26,34,June,17,fast,medium,4.408978447457397,132.2693534237219,0.0,0.0,0.0
26,34,June,17,fast,fast,3.5965715685851225,107.89714705755368,0.0,0.0,0.0
32,24,June,17,medium,medium,4.451795910616795,133.55387731850385,0.0,0.0,0.0
33,25,June,17,fast,medium,13.06662295499973,391.9986886499919,0.0,0.0,0.0
33,26,June,17,fast,medium,25.740269777915216,772.2080933374565,0.0,0.0,0.0
43,50,June,17,fast,fast,2.506715844364386,75.20147533093159,0.0,0.0,0.0
45,53,June,17,fast,fast,3.10582116099914,93.1746348299742,0.0,0.0,0.0
47,46,June,17,fast,medium,8.855377440273344,265.6613232082003,0.0,0.0,0.0
11,4,June,18,fast,fast,12.357640229604453,370.7292068881336,0.0,0.0,0.0
15,7,June,18,fast,medium,33.0,990.0,0.0,0.0,0.0
15,22,June,18,fast,medium,18.325600876155676,549.7680262846702,0.0,0.0,0.0
15,22,June,18,fast,fast,13.77802279106905,413.3406837320715,0.0,0.0,0.0
15,23,June,18,fast,medium,22.063997850368395,661.9199355110518,0.0,0.0,0.0
30,29,June,18,fast,medium,16.80320525000002,504.0961575000006,0.0,0.0,0.0
30,29,June,18,fast,fast,9.389576797829356,281.6873039348807,0.0,0.0,0.0
41,42,June,18,medium,medium,7.213328569205231,216.39985707615693,0.0,0.0,0.0
43,50,June,18,fast,fast,1.0914675000000147,32.74402500000044,0.0,0.0,0.0
2,9,June,19,fast,medium,3.5857061577739273,107.57118473321782,0.0,0.0,0.0
11,4,June,19,fast,fast,1.4968896726600533,44.9066901798016,0.0,0.0,0.0
15,7,June,19,medium,medium,33.0,990.0,0.0,0.0,0.0
15,22,June,19,medium,medium,2.4217736513850525,72.65320954155158,0.0,0.0,0.0
21,13,June,19,fast,fast,7.983557714688786,239.50673144066357,0.0,0.0,0.0
23,16,June,19,fast,medium,23.554753565711593,706.6426069713477,0.0,0.0,0.0
23,16,June,19,fast,fast,25.0,750.0,0.0,0.0,0.0
30,29,June,19,fast,fast,13.367273293321894,401.01819879965683,0.0,0.0,0.0
34,27,June,19,fast,medium,1.539323243343719,46.17969730031157,0.0,0.0,0.0
34,42,June,19,fast,medium,2.8457938333333344,85.37381500000004,0.0,0.0,0.0
39,40,June,19,fast,medium,0.3463018503790707,10.38905551137212,0.0,0.0,0.0
1,9,June,20,fast,medium,7.843758727327819,235.31276181983455,0.0,0.0,0.0
1,9,June,20,fast,fast,1.8586115171456878,55.75834551437063,0.0,0.0,0.0
2,9,June,20,fast,fast,8.815846756639097,264.4754026991729,0.0,0.0,0.0
15,7,June,20,fast,medium,6.728969166666554,201.8690749999966,0.0,0.0,0.0
21,13,June,20,fast,medium,2.4680970000000038,74.04291000000012,0.0,0.0,0.0
21,13,June,20,fast,fast,9.292571193452094,278.7771358035628,0.0,0.0,0.0
23,16,June,20,fast,medium,18.801076349194943,564.0322904758483,0.0,0.0,0.0
36,29,June,20,fast,fast,1.696047090785683,50.88141272357049,0.0,0.0,0.0
39,40,June,20,fast,fast,15.483479170575617,464.5043751172685,0.0,0.0,0.0
41,42,June,20,medium,medium,2.8457938333333344,85.37381500000004,0.0,0.0,0.0
2,9,June,21,fast,fast,6.068241184153244,182.04723552459734,0.0,0.0,0.0
8,1,June,21,fast,medium,7.998589984478272,239.95769953434817,0.0,0.0,0.0
11,10,June,21,fast,medium,4.206648161476835,126.19944484430505,0.0,0.0,0.0
17,10,June,21,fast,medium,26.950088029049454,808.5026408714837,0.0,0.0,0.0
17,10,June,21,fast,fast,4.518507219573372,135.5552165872012,0.0,0.0,0.0
21,13,June,21,fast,fast,18.30093705938429,549.0281117815287,0.0,0.0,0.0
25,18,June,21,fast,medium,7.431383050060205,222.94149150180615,0.0,0.0,0.0
26,34,June,21,fast,fast,22.990978139889364,689.7293441966809,0.0,0.0,0.0
41,42,June,21,fast,medium,3.3662627500000006,100.98788250000001,0.0,0.0,0.0
12,19,June,22,medium,medium,1.0947899348279446,32.84369804483834,0.0,0.0,0.0
15,8,June,22,fast,fast,10.575136722421243,317.2541016726373,0.0,0.0,0.0
15,22,June,22,fast,medium,4.847716081092614,145.4314824327784,0.0,0.0,0.0
17,10,June,22,fast,medium,41.32950750606579,1239.8852251819737,0.0,0.0,0.0
17,10,June,22,fast,fast,4.381166313748423,131.4349894124527,0.0,0.0,0.0
21,13,June,22,fast,medium,2.1859796426776703,65.5793892803301,0.0,0.0,0.0
21,13,June,22,fast,fast,18.38082155713153,551.4246467139459,0.0,0.0,0.0
21,14,June,22,fast,medium,2.926932010738625,87.80796032215875,0.0,0.0,0.0
26,34,June,22,fast,fast,9.868544957708124,296.0563487312437,0.0,0.0,0.0
9,1,June,23,medium,medium,7.6683667490385545,230.05100247115664,0.0,0.0,0.0
12,19,June,23,medium,medium,0.7207799348279467,21.6233980448384,0.0,0.0,0.0
15,8,June,23,fast,fast,17.661586407103826,529.8475922131148,0.0,0.0,0.0
15,22,June,23,fast,medium,8.664851249785585,259.94553749356754,0.0,0.0,0.0
15,22,June,23,fast,fast,25.0,750.0,0.0,0.0,0.0
17,10,June,23,fast,medium,10.128614077922801,303.85842233768403,0.0,0.0,0.0
21,13,June,23,fast,fast,13.075047699809199,392.25143099427595,0.0,0.0,0.0
25,26,June,23,fast,fast,15.416353462472223,462.4906038741667,0.0,0.0,0.0
52,44,June,23,fast,fast,12.062127433278135,361.86382299834406,0.0,0.0,0.0
52,53,June,23,fast,fast,5.9953213227416775,179.85963968225033,0.0,0.0,0.0
55,54,June,23,fast,medium,8.347878825603527,250.4363647681058,0.0,0.0,0.0
7,8,June,24,fast,slow,1.153809322852183,34.61427968556549,0.0,0.0,0.0
15,8,June,24,fast,slow,1.4254887078086185,42.764661234258554,0.0,0.0,0.0
15,8,June,24,fast,fast,25.0,750.0,0.0,0.0,0.0
15,22,June,24,fast,medium,15.450572614114662,463.5171784234399,0.0,0.0,0.0
21,13,June,24,fast,fast,12.428595012230735,372.85785036692204,0.0,0.0,0.0
21,14,June,24,fast,medium,1.8839160512704822,56.51748153811447,0.0,0.0,0.0
25,33,June,24,fast,medium,3.5775938739994757,107.32781621998427,0.0,0.0,0.0
26,34,June,24,fast,fast,19.230011752787732,576.900352583632,0.0,0.0,0.0
48,40,June,24,fast,medium,6.244042799063976,187.32128397191929,0.0,0.0,0.0
11,4,June,25,fast,fast,1.8408758532045528,55.22627559613659,0.0,0.0,0.0
15,8,June,25,fast,fast,25.0,750.0,0.0,0.0,0.0
15,22,June,25,fast,medium,15.035741741501038,451.07225224503117,0.0,0.0,0.0
21,13,June,25,fast,fast,12.105337660058538,363.16012980175617,0.0,0.0,0.0
25,33,June,25,fast,medium,25.033207609228967,750.996228276869,0.0,0.0,0.0
26,33,June,25,fast,medium,1.5363285574375851,46.08985672312755,0.0,0.0,0.0
26,33,June,25,fast,fast,5.501226965828799,165.03680897486396,0.0,0.0,0.0
48,39,June,25,fast,fast,2.7661988651975875,82.98596595592763,0.0,0.0,0.0
48,40,June,25,fast,fast,3.6826795171997233,110.4803855159917,0.0,0.0,0.0
15,7,June,26,fast,medium,4.006171877056891,120.18515631170673,0.0,0.0,0.0
15,8,June,26,fast,fast,25.0,750.0,0.0,0.0,0.0
17,9,June,26,fast,fast,14.43437717693756,433.03131530812675,0.0,0.0,0.0
17,10,June,26,fast,medium,38.43648285015381,1153.0944855046143,0.0,0.0,0.0
21,13,June,26,fast,fast,12.988213200107959,389.64639600323875,0.0,0.0,0.0
25,33,June,26,medium,fast,15.43601447685765,463.0804343057295,0.5,7.718007238428825,231.54021715286476
34,27,June,26,fast,medium,9.14452658535279,274.33579756058367,0.0,0.0,0.0
11,4,June,27,fast,fast,21.088360649912467,632.650819497374,0.0,0.0,0.0
15,7,June,27,fast,medium,16.531930416666683,495.9579125000005,0.0,0.0,0.0
15,8,June,27,fast,fast,25.0,750.0,0.0,0.0,0.0
17,9,June,27,fast,fast,8.039150630391504,241.1745189117451,0.0,0.0,0.0
17,10,June,27,fast,medium,36.17118946716295,1085.1356840148883,0.0,0.0,0.0
21,13,June,27,fast,fast,22.62515043235949,678.7545129707847,0.0,0.0,0.0
26,34,June,27,fast,fast,22.27791070425145,668.3373211275435,0.0,0.0,0.0
29,30,June,27,fast,fast,0.9669155667301581,29.007467001904743,0.0,0.0,0.0
45,44,June,27,fast,fast,14.252145395771006,427.56436187313017,0.0,0.0,0.0
14,13,June,28,fast,fast,13.78848176430867,413.6544529292601,0.0,0.0,0.0
15,7,June,28,fast,medium,16.53193041666667,495.9579125,0.0,0.0,0.0
15,8,June,28,fast,fast,25.0,750.0,0.0,0.0,0.0
17,9,June,28,fast,fast,4.690420966346931,140.71262899040792,0.0,0.0,0.0
17,10,June,28,fast,medium,49.97826215587459,1499.3478646762376,0.0,0.0,0.0
17,10,June,28,fast,fast,4.060305066856046,121.80915200568137,0.0,0.0,0.0
21,13,June,28,fast,fast,7.010978381769448,210.32935145308343,0.0,0.0,0.0
29,30,June,28,fast,fast,9.49971981050549,284.99159431516466,0.0,0.0,0.0
33,26,June,28,fast,medium,6.443624930700231,193.30874792100695,0.0,0.0,0.0
45,44,June,28,fast,fast,38.90995084589743,1167.2985253769227,0.0,0.0,0.0
51,50,June,28,fast,fast,1.616929420833389,48.50788262500167,0.0,0.0,0.0
9,1,June,29,medium,medium,1.9194504850372027,57.58351455111608,0.0,0.0,0.0
14,13,June,29,fast,fast,17.502336086725613,525.0700826017684,0.0,0.0,0.0
15,7,June,29,fast,medium,13.90412291666667,417.12368750000013,0.0,0.0,0.0
15,8,June,29,fast,fast,22.09074696688463,662.7224090065389,0.0,0.0,0.0
17,10,June,29,fast,medium,37.38719499999999,1121.6158499999997,0.0,0.0,0.0
17,10,June,29,fast,fast,13.827971449260371,414.83914347781115,0.0,0.0,0.0
22,21,June,29,fast,medium,2.6873404166666557,80.62021249999967,0.0,0.0,0.0
22,21,June,29,fast,fast,4.078424785408185,122.35274356224554,0.0,0.0,0.0
26,34,June,29,fast,fast,27.345921462130654,820.3776438639196,0.0,0.0,0.0
43,44,June,29,fast,fast,20.678154717490184,620.3446415247055,0.0,0.0,0.0
51,50,June,29,fast,fast,1.2090541666666812,36.271625000000434,0.0,0.0,0.0
15,7,June,30,fast,medium,13.90412291666667,417.12368750000013,0.0,0.0,0.0
15,8,June,30,fast,fast,21.64206958333334,649.2620875000001,0.0,0.0,0.0
17,10,June,30,fast,medium,0.21069227623121023,6.320768286936307,0.0,0.0,0.0
17,10,June,30,fast,fast,24.999999999999996,749.9999999999999,0.0,0.0,0.0
18,10,June,30,medium,medium,26.004474173029173,780.1342251908752,0.0,0.0,0.0
21,13,June,30,fast,fast,9.767449003167847,293.0234700950354,0.0,0.0,0.0
29,30,June,30,fast,fast,5.198126330653665,155.94378991960994,0.0,0.0,0.0
33,26,June,30,fast,medium,10.441527609865105,313.2458282959532,0.0,0.0,0.0
45,44,June,30,fast,fast,24.31890667155642,729.5672001466926,0.0,0.0,0.0
51,50,June,30,fast,fast,1.2090541666666812,36.271625000000434,0.0,0.0,0.0
53,52,June,30,fast,fast,13.254146435382726,397.6243930614818,0.0,0.0,0.0
54,55,June,30,fast,medium,14.373010977130594,431.1903293139178,0.0,0.0,0.0
15,7,June,31,fast,medium,11.169672083333335,335.0901625000001,0.0,0.0,0.0
15,8,June,31,fast,fast,12.10440300904025,363.1320902712075,0.0,0.0,0.0
18,10,June,31,fast,medium,25.979249735513225,779.3774920653967,0.0,0.0,0.0
18,10,June,31,fast,fast,7.920550110366111,237.61650331098335,0.0,0.0,0.0
21,13,June,31,fast,fast,2.8589406426191064,85.7682192785732,0.0,0.0,0.0
26,34,June,31,fast,fast,8.013411903159337,240.40235709478011,0.0,0.0,0.0
45,44,June,31,fast,fast,8.803859640344388,264.1157892103316,0.0,0.0,0.0
53,52,June,31,fast,fast,5.23981412155964,157.19442364678918,0.0,0.0,0.0
54,55,June,31,fast,medium,9.547961416666674,286.4388425000002,0.0,0.0,0.0
54,55,June,31,fast,fast,14.61498084615715,438.4494253847145,0.0,0.0,0.0
11,10,June,32,fast,medium,23.27669627824401,698.3008883473203,0.0,0.0,0.0
11,10,June,32,fast,fast,11.022098271332652,330.66294813997956,0.0,0.0,0.0
15,7,June,32,fast,medium,10.624138371975842,318.72415115927527,0.0,0.0,0.0
15,8,June,32,fast,fast,4.1084883472159195,123.25465041647759,0.0,0.0,0.0
21,13,June,32,fast,fast,7.958605355251908,238.75816065755726,0.0,0.0,0.0
26,34,June,32,fast,fast,4.8798109132581615,146.39432739774486,0.0,0.0,0.0
27,34,June,32,fast,fast,3.820094264452102,114.60282793356306,0.0,0.0,0.0
29,30,June,32,fast,fast,12.52581225294698,375.7743675884094,0.0,0.0,0.0
45,44,June,32,fast,fast,6.91352137521744,207.40564125652318,0.0,0.0,0.0
51,50,June,32,fast,fast,0.9712758333333333,29.138275,0.0,0.0,0.0
52,44,June,32,fast,fast,2.5649449763896213,76.94834929168864,0.0,0.0,0.0
54,55,June,32,fast,fast,0.6290479349729807,18.871438049189422,0.0,0.0,0.0
11,4,June,33,fast,fast,11.878964693614108,356.36894080842325,0.0,0.0,0.0
11,10,June,33,fast,fast,12.023109517448091,360.69328552344274,0.0,0.0,0.0
15,7,June,33,fast,medium,7.795553341166805,233.86660023500414,0.0,0.0,0.0
15,8,June,33,fast,fast,0.5902547638827009,17.707642916481028,0.0,0.0,0.0
21,13,June,33,fast,fast,14.098369000015303,422.9510700004591,0.0,0.0,0.0
29,30,June,33,medium,fast,17.33861349452127,520.1584048356381,0.5,8.669306747260634,260.07920241781903
34,27,June,33,fast,medium,1.8022825378390621,54.06847613517186,0.0,0.0,0.0
45,44,June,33,fast,fast,0.6890676498307435,20.672029494922306,0.0,0.0,0.0
10,9,June,34,fast,fast,9.455763194440323,283.6728958332097,0.0,0.0,0.0
14,13,June,34,fast,fast,13.998369000000006,419.9510700000002,0.0,0.0,0.0
15,8,June,34,fast,fast,10.703736379860796,321.1120913958239,0.0,0.0,0.0
21,13,June,34,fast,fast,0.1,3.0,0.0,0.0,0.0
24,16,June,34,fast,fast,6.490744640496665,194.72233921489993,0.0,0.0,0.0
29,30,June,34,fast,fast,1.806149229295709,54.18447687887127,0.0,0.0,0.0
34,27,June,34,medium,medium,12.755821372270617,382.6746411681185,0.0,0.0,0.0
45,53,June,34,fast,fast,0.5928251820956727,17.78475546287018,0.0,0.0,0.0
50,43,June,34,fast,fast,1.9037130270610447,57.11139081183134,0.0,0.0,0.0
54,55,June,34,fast,fast,10.861076667043424,325.8323000113027,0.0,0.0,0.0
14,13,June,35,fast,fast,23.784007173279633,713.520215198389,0.0,0.0,0.0
15,7,June,35,fast,medium,2.0681330223773675,62.043990671321026,0.0,0.0,0.0
15,8,June,35,fast,fast,4.580997833333333,137.429935,0.0,0.0,0.0
29,30,June,35,fast,fast,8.491703611274396,254.75110833823186,0.0,0.0,0.0
44,43,June,35,fast,fast,3.299074864945058,98.97224594835174,0.0,0.0,0.0
54,55,June,35,fast,fast,5.809421833333334,174.28265500000003,0.0,0.0,0.0
14,13,June,36,fast,fast,20.0,600.0,0.0,0.0,0.0
15,8,June,36,fast,fast,4.580997833333333,137.429935,0.0,0.0,0.0
54,55,June,36,fast,fast,1.9900401984129061,59.701205952387184,0.0,0.0,0.0
15,7,June,37,fast,medium,0.8100312500000003,24.30093750000001,0.0,0.0,0.0
15,8,June,37,fast,fast,1.26083125,37.824937500000004,0.0,0.0,0.0
30,38,June,37,fast,fast,0.43636376634741225,13.090912990422368,0.0,0.0,0.0
4,11,June,38,fast,fast,0.699493205642824,20.98479616928472,0.0,0.0,0.0
15,7,June,38,fast,medium,0.8100312500000003,24.30093750000001,0.0,0.0,0.0
15,8,June,38,fast,fast,1.26083125,37.824937500000004,0.0,0.0,0.0
51,43,June,39,fast,fast,2.0740279286661547,62.22083785998464,0.0,0.0,0.0
50,43,July,2,fast,medium,1.002375122423004,31.073628795113123,0.0,0.0,0.0
45,53,July,3,fast,fast,1.187102510764852,36.800177833710414,0.0,0.0,0.0
50,43,July,3,fast,fast,0.7557997298061849,23.429791623991733,0.0,0.0,0.0
50,51,July,3,fast,medium,2.5949446983592495,80.44328564913673,0.0,0.0,0.0
45,53,July,4,fast,fast,4.3568892443349725,135.06356657438414,0.0,0.0,0.0
24,16,July,11,fast,fast,3.290210080645162,101.99651250000002,0.0,0.0,0.0
21,14,July,13,fast,fast,4.045225978084412,125.40200532061677,0.0,0.0,0.0
27,34,July,14,fast,fast,8.028540684501941,248.88476121956018,0.0,0.0,0.0
27,34,July,15,fast,fast,9.252288883145631,286.82095537751457,0.0,0.0,0.0
13,21,July,16,fast,medium,1.337989154782525,41.47766379825827,0.0,0.0,0.0
15,7,July,16,fast,medium,6.481363411250856,200.9222657487765,0.0,0.0,0.0
15,8,July,16,fast,fast,13.976217278848976,433.26273564431824,0.0,0.0,0.0
30,38,July,16,fast,fast,0.3027530047000795,9.385343145702464,0.0,0.0,0.0
33,25,July,16,fast,medium,7.478117850832646,231.82165337581205,0.0,0.0,0.0
39,48,July,16,medium,medium,10.936688471155549,339.037342605822,0.0,0.0,0.0
40,48,July,16,fast,medium,5.479473000188875,169.86366300585513,0.0,0.0,0.0
1,2,July,17,fast,medium,0.2702934422564809,8.379096709950907,0.0,0.0,0.0
1,9,July,17,fast,medium,3.411321796598699,105.75097569455967,0.0,0.0,0.0
15,7,July,17,fast,medium,31.50861765740415,976.7671473795288,0.0,0.0,0.0
15,23,July,17,fast,medium,33.35543024852539,1034.018337704287,0.0,0.0,0.0
16,24,July,17,fast,medium,13.503823654090723,418.6185332768124,0.0,0.0,0.0
25,18,July,17,medium,medium,16.137238929102338,500.25440680217247,0.0,0.0,0.0
26,34,July,17,fast,fast,3.5965715685851194,111.4937186261387,0.0,0.0,0.0
32,24,July,17,fast,medium,4.451795910623787,138.0056732293374,0.0,0.0,0.0
33,25,July,17,fast,medium,17.47560140245666,541.7436434761565,0.0,0.0,0.0
33,26,July,17,fast,medium,21.331291330458157,661.2700312442029,0.0,0.0,0.0
43,50,July,17,fast,fast,2.506715844364386,77.70819117529598,0.0,0.0,0.0
47,46,July,17,fast,medium,8.85537744027338,274.51670064847474,0.0,0.0,0.0
55,54,July,17,fast,fast,1.603632958122608,49.71262170180085,0.0,0.0,0.0
15,7,July,18,fast,medium,33.0,1023.0,0.0,0.0,0.0
15,22,July,18,fast,medium,24.354971998832973,755.0041319638221,0.0,0.0,0.0
15,22,July,18,fast,fast,7.74865166839151,240.2082017201368,0.0,0.0,0.0
15,23,July,18,fast,medium,22.063997850368395,683.9839333614202,0.0,0.0,0.0
30,29,July,18,fast,fast,3.2652588549217967,101.2230245025757,0.0,0.0,0.0
41,42,July,18,medium,medium,7.213328569205231,223.61318564536217,0.0,0.0,0.0
55,54,July,18,fast,fast,0.48438132507649634,15.015821077371386,0.0,0.0,0.0
15,7,July,19,fast,medium,33.0,1023.0,0.0,0.0,0.0
15,22,July,19,fast,medium,2.4217736513850525,75.07498319293663,0.0,0.0,0.0
21,13,July,19,fast,fast,0.35563652114037936,11.02473215535176,0.0,0.0,0.0
23,16,July,19,fast,medium,23.554753565711593,730.1973605370594,0.0,0.0,0.0
23,16,July,19,fast,fast,25.0,775.0,0.0,0.0,0.0
30,29,July,19,fast,fast,1.987482276108647,61.611950559368054,0.0,0.0,0.0
34,42,July,19,fast,medium,2.05551370967742,63.720925000000015,0.0,0.0,0.0
15,7,July,20,medium,medium,2.777568548387096,86.10462499999998,0.0,0.0,0.0
21,13,July,20,fast,fast,4.132746999903716,128.11515699701522,0.0,0.0,0.0
23,16,July,20,fast,medium,18.80107634919497,582.8333668250441,0.0,0.0,0.0
36,29,July,20,fast,fast,0.47002584023778127,14.57080104737122,0.0,0.0,0.0
39,40,July,20,fast,medium,4.14096211790401,128.36982565502433,0.0,0.0,0.0
39,40,July,20,fast,fast,0.9584795589681789,29.712866328013547,0.0,0.0,0.0
21,13,July,21,fast,fast,9.866621409486632,305.86526369408557,0.0,0.0,0.0
39,40,July,21,fast,fast,12.219679633867276,378.8100686498856,0.0,0.0,0.0
15,8,July,22,fast,fast,0.6458200288727429,20.020420895055032,0.0,0.0,0.0
21,13,July,22,fast,fast,9.866621409487928,305.86526369412576,0.0,0.0,0.0
15,7,July,23,fast,medium,0.9771380789617972,30.291280447815712,0.0,0.0,0.0
15,8,July,23,fast,fast,17.661586407103815,547.5091786202182,0.0,0.0,0.0
15,22,July,23,fast,medium,3.1552893548385974,97.81396999999652,0.0,0.0,0.0
15,22,July,23,fast,fast,15.350771749785697,475.8739242433566,0.0,0.0,0.0
21,13,July,23,fast,fast,10.609730603035016,328.9016486940855,0.0,0.0,0.0
52,44,July,23,fast,fast,12.062127433278174,373.9259504316234,0.0,0.0,0.0
52,53,July,23,fast,fast,5.9953213227416775,185.854961004992,0.0,0.0,0.0
55,54,July,23,fast,medium,8.28428957560353,256.81297684370946,0.0,0.0,0.0
7,8,July,24,fast,fast,1.153809322851842,35.7680890084071,0.0,0.0,0.0
15,8,July,24,fast,fast,23.846190677148158,739.2319109915929,0.0,0.0,0.0
15,23,July,24,fast,medium,18.029870644775073,558.9259899880273,0.0,0.0,0.0
21,13,July,24,fast,fast,9.963277915456553,308.86161537915314,0.0,0.0,0.0
48,40,July,24,fast,medium,1.4374645490640958,44.56140102098697,0.0,0.0,0.0
15,8,July,25,fast,fast,15.704328870967629,486.8341949999965,0.0,0.0,0.0
21,13,July,25,fast,fast,8.532753983981458,264.51537350342517,0.0,0.0,0.0
48,39,July,25,fast,fast,1.4374645490638756,44.56140102098014,0.0,0.0,0.0
15,8,July,26,fast,fast,15.704328870967629,486.8341949999965,0.0,0.0,0.0
21,13,July,26,fast,fast,4.569979161237635,141.6693539983667,0.0,0.0,0.0
34,27,July,26,fast,medium,11.908126418686251,369.1519189792738,0.0,0.0,0.0
11,4,July,27,fast,fast,2.147823399912596,66.58252539729048,0.0,0.0,0.0
15,7,July,27,fast,medium,11.213789112903243,347.62746250000055,0.0,0.0,0.0
15,8,July,27,fast,fast,21.309549498967,660.596034467977,0.0,0.0,0.0
21,13,July,27,fast,fast,0.1,3.1,0.0,0.0,0.0
15,7,July,28,fast,medium,11.213789112903243,347.62746250000055,0.0,0.0,0.0
15,8,July,28,fast,fast,21.782647827258714,675.2620826450201,0.0,0.0,0.0
17,10,July,28,fast,medium,54.668683122221516,1694.729176788867,0.0,0.0,0.0
17,10,July,28,fast,fast,4.060305066856046,125.86945707253741,0.0,0.0,0.0
21,13,July,28,fast,fast,4.946948694465098,153.35540952841802,0.0,0.0,0.0
45,44,July,28,fast,fast,4.262270179230639,132.13037555614983,0.0,0.0,0.0
15,8,July,29,fast,fast,12.724267580645046,394.4522949999964,0.0,0.0,0.0
43,44,July,29,fast,fast,20.60152934252436,638.6474096182551,0.0,0.0,0.0
15,8,July,30,fast,fast,12.724267580645046,394.4522949999964,0.0,0.0,0.0
18,10,July,30,fast,medium,12.176502723768813,377.4715844368332,0.0,0.0,0.0
18,10,July,30,fast,fast,13.827971449260371,428.6671149270715,0.0,0.0,0.0
53,52,July,30,fast,fast,0.1,3.1,0.0,0.0,0.0
15,8,July,31,fast,fast,3.658614382696502,113.41704586359157,0.0,0.0,0.0
18,10,July,31,fast,medium,22.815550694065223,707.2820715160219,0.0,0.0,0.0
18,10,July,31,fast,fast,7.920550110366111,245.53705342134944,0.0,0.0,0.0
18,25,July,31,fast,fast,3.1636990414479946,98.07467028488783,0.0,0.0,0.0
54,55,July,32,fast,fast,0.6290479349729807,19.500485984162403,0.0,0.0,0.0
11,4,July,33,fast,fast,11.878964693614108,368.2479055020374,0.0,0.0,0.0
11,10,July,33,fast,fast,12.023109517448091,372.7163950408908,0.0,0.0,0.0
15,7,July,33,fast,medium,8.38580810504952,259.9600512565351,0.0,0.0,0.0
21,13,July,33,fast,fast,4.536810021963032,140.641110680854,0.0,0.0,0.0
29,30,July,33,fast,fast,2.734916400671217,84.78240842080774,0.0,0.0,0.0
34,27,July,33,fast,medium,1.8022825378390621,55.870758673010926,0.0,0.0,0.0
10,9,July,34,fast,fast,9.455763194440323,293.12865902765,0.0,0.0,0.0
14,13,July,34,fast,fast,8.855265161290331,274.5132200000003,0.0,0.0,0.0
15,8,July,34,fast,fast,4.056819320720896,125.76139894234778,0.0,0.0,0.0
21,13,July,34,fast,fast,0.1,3.1,0.0,0.0,0.0
24,16,July,34,fast,fast,6.490744640496665,201.2130838553966,0.0,0.0,0.0
34,27,July,34,fast,medium,12.755821372270617,395.43046254038916,0.0,0.0,0.0
50,43,July,34,fast,fast,1.9037130270610447,59.01510383889239,0.0,0.0,0.0
54,55,July,34,fast,fast,3.4294496933754965,106.31294049464039,0.0,0.0,0.0
14,13,July,35,fast,fast,23.784007173279633,737.3042223716686,0.0,0.0,0.0
15,7,July,35,fast,medium,2.369102016129033,73.44216250000002,0.0,0.0,0.0
15,8,July,35,fast,fast,2.9606332732806306,91.77963147169955,0.0,0.0,0.0
29,30,July,35,fast,fast,8.491703611274417,263.2428119495069,0.0,0.0,0.0
44,43,July,35,fast,fast,3.299074864944984,102.27132081329451,0.0,0.0,0.0
54,55,July,35,fast,fast,0.22887146262789315,7.095015341464688,0.0,0.0,0.0
14,13,July,36,fast,fast,15.095364459885062,467.9562982564369,0.0,0.0,0.0
15,7,July,36,fast,medium,2.369102016129033,73.44216250000002,0.0,0.0,0.0
15,8,July,36,fast,fast,1.1875587903224667,36.814322499996464,0.0,0.0,0.0
15,7,July,37,fast,medium,7.592306331192998,235.36149626698295,0.0,0.0,0.0
15,8,July,37,fast,fast,1.9706116181395363,61.08896016232563,0.0,0.0,0.0
4,11,July,38,fast,fast,0.699493205642824,21.684289374927545,0.0,0.0,0.0
15,7,July,38,fast,medium,0.7467951612903228,23.150650000000006,0.0,0.0,0.0
15,8,July,38,fast,fast,1.1624029032258065,36.034490000000005,0.0,0.0,0.0
51,43,July,39,fast,fast,2.0740279286661547,64.2948657886508,0.0,0.0,0.0
50,43,August,2,medium,fast,1.002375122423004,31.073628795113123,0.5,0.501187561211502,15.536814397556562
45,53,August,3,fast,fast,1.1871025107648663,36.800177833710855,0.0,0.0,0.0
50,43,August,3,fast,fast,0.7557997298061849,23.429791623991733,0.0,0.0,0.0
50,51,August,3,fast,medium,2.5949446983592495,80.44328564913673,0.0,0.0,0.0
45,53,August,4,fast,fast,4.3568892443349725,135.06356657438414,0.0,0.0,0.0
24,16,August,11,fast,fast,1.241450806451613,38.484975000000006,0.0,0.0,0.0
27,34,August,14,fast,fast,8.028540684501962,248.88476121956083,0.0,0.0,0.0
27,34,August,15,fast,fast,9.252288883145749,286.8209553775182,0.0,0.0,0.0
13,21,August,16,fast,medium,1.3379891547826048,41.47766379826075,0.0,0.0,0.0
15,7,August,16,fast,medium,6.481363411250856,200.9222657487765,0.0,0.0,0.0
15,8,August,16,fast,fast,13.976217278848976,433.26273564431824,0.0,0.0,0.0
30,38,August,16,fast,fast,0.3027530047000795,9.385343145702464,0.0,0.0,0.0
33,25,August,16,fast,fast,7.478117850833058,231.8216533758248,0.0,0.0,0.0
39,48,August,16,medium,medium,10.936688471155549,339.037342605822,0.0,0.0,0.0
40,48,August,16,medium,medium,5.479473000188875,169.86366300585513,0.0,0.0,0.0
1,2,August,17,fast,medium,0.27029344225694985,8.379096709965445,0.0,0.0,0.0
1,9,August,17,fast,medium,3.411321796598699,105.75097569455967,0.0,0.0,0.0
15,7,August,17,fast,medium,31.50861765740415,976.7671473795288,0.0,0.0,0.0
15,23,August,17,fast,medium,33.35543024852539,1034.018337704287,0.0,0.0,0.0
16,24,August,17,medium,medium,13.503823654090723,418.6185332768124,0.0,0.0,0.0
25,18,August,17,medium,medium,16.137238929102793,500.25440680218657,0.0,0.0,0.0
26,34,August,17,fast,fast,3.5965715685851265,111.49371862613893,0.0,0.0,0.0
32,24,August,17,fast,medium,4.451795910624071,138.0056732293462,0.0,0.0,0.0
33,25,August,17,fast,medium,17.475601402457116,541.7436434761706,0.0,0.0,0.0
33,26,August,17,fast,medium,21.331291330457816,661.2700312441923,0.0,0.0,0.0
43,50,August,17,fast,fast,2.506715844364386,77.70819117529598,0.0,0.0,0.0
47,46,August,17,medium,medium,8.855377440273614,274.516700648482,0.0,0.0,0.0
15,7,August,18,fast,medium,33.0,1023.0,0.0,0.0,0.0
15,22,August,18,fast,medium,32.10362366722478,995.2123336839682,0.0,0.0,0.0
15,23,August,18,fast,fast,22.063997850368395,683.9839333614202,0.0,0.0,0.0
30,29,August,18,fast,fast,3.2652588549217967,101.2230245025757,0.0,0.0,0.0
41,42,August,18,fast,medium,7.213328569205231,223.61318564536217,0.0,0.0,0.0
15,7,August,19,medium,medium,33.0,1023.0,0.0,0.0,0.0
15,22,August,19,medium,medium,2.421773651385031,75.07498319293597,0.0,0.0,0.0
23,16,August,19,fast,medium,23.554753565711593,730.1973605370594,0.0,0.0,0.0
23,16,August,19,fast,fast,25.0,775.0,0.0,0.0,0.0
15,7,August,20,medium,medium,0.9557181451612902,29.627262499999993,0.0,0.0,0.0
21,13,August,20,fast,fast,0.6157836128083645,19.0892919970593,0.0,0.0,0.0
23,16,August,20,fast,medium,18.801076349194943,582.8333668250432,0.0,0.0,0.0
36,29,August,20,fast,fast,0.47002584023778127,14.57080104737122,0.0,0.0,0.0
21,13,August,21,fast,fast,6.370282538518881,197.4787586940853,0.0,0.0,0.0
39,40,August,21,fast,fast,0.10165576289941214,3.1513286498817763,0.0,0.0,0.0
21,13,August,22,fast,fast,6.370282538518881,197.4787586940853,0.0,0.0,0.0
15,7,August,23,fast,medium,4.1324274338003235,128.10525044781002,0.0,0.0,0.0
15,8,August,23,fast,fast,17.66158640710383,547.5091786202187,0.0,0.0,0.0
15,22,August,23,fast,fast,15.350771749785697,475.8739242433566,0.0,0.0,0.0
21,13,August,23,fast,fast,3.699584987023096,114.68713459771597,0.0,0.0,0.0
26,34,August,23,fast,fast,0.41348026721999176,12.817888283819745,0.0,0.0,0.0
52,44,August,23,fast,fast,18.05744875601985,559.7809114366153,0.0,0.0,0.0
55,54,August,23,fast,fast,8.28428957560353,256.81297684370946,0.0,0.0,0.0
7,8,August,24,fast,fast,1.153809322852183,35.768089008417675,0.0,0.0,0.0
15,8,August,24,fast,fast,23.846190677147817,739.2319109915824,0.0,0.0,0.0
15,23,August,24,fast,medium,18.02987064477547,558.9259899880396,0.0,0.0,0.0
21,13,August,24,fast,fast,6.8096783993275185,211.10003037915308,0.0,0.0,0.0
48,40,August,24,fast,medium,1.4374645490637548,44.5614010209764,0.0,0.0,0.0
15,8,August,25,fast,fast,12.065114516129029,374.0185499999999,0.0,0.0,0.0
25,33,August,25,fast,fast,1.5478511593771804,47.98338594069259,0.0,0.0,0.0
40,39,August,25,fast,medium,7.048277754716459,218.49661039621023,0.0,0.0,0.0
40,39,August,25,fast,fast,1.3287343161338327,41.190763800148815,0.0,0.0,0.0
48,39,August,25,fast,fast,1.4374645490637548,44.5614010209764,0.0,0.0,0.0
15,8,August,26,fast,fast,12.065114516128915,374.01854999999637,0.0,0.0,0.0
34,27,August,26,medium,medium,11.908126418686251,369.1519189792738,0.0,0.0,0.0
11,4,August,27,fast,fast,2.147823399912596,66.58252539729048,0.0,0.0,0.0
15,7,August,27,fast,medium,9.511501612903242,294.8565500000005,0.0,0.0,0.0
15,8,August,27,fast,fast,23.011836998967006,713.3669469679771,0.0,0.0,0.0
15,7,August,28,fast,medium,9.511501612903226,294.85655,0.0,0.0,0.0
15,8,August,28,fast,fast,23.484935327258718,728.0329951450202,0.0,0.0,0.0
17,9,August,28,fast,fast,4.690420966346931,145.40304995675487,0.0,0.0,0.0
17,10,August,28,fast,medium,17.677694193548387,548.00852,0.0,0.0,0.0
17,10,August,28,fast,fast,4.060305066856046,125.86945707253741,0.0,0.0,0.0
17,24,August,28,fast,medium,32.300567962326205,1001.3176068321123,0.0,0.0,0.0
21,13,August,28,fast,fast,1.660793694465097,51.484604528418004,0.0,0.0,0.0
45,44,August,28,fast,fast,4.26227017923064,132.13037555614983,0.0,0.0,0.0
15,7,August,29,fast,medium,0.8106604838708531,25.130474999996444,0.0,0.0,0.0
15,8,August,29,fast,fast,10.435723709677307,323.5074349999965,0.0,0.0,0.0
43,44,August,29,fast,fast,20.601529342524373,638.6474096182556,0.0,0.0,0.0
15,7,August,30,fast,medium,0.8106604838708913,25.13047499999763,0.0,0.0,0.0
15,8,August,30,fast,fast,10.435723709677307,323.5074349999965,0.0,0.0,0.0
18,10,August,30,fast,fast,13.827971449260371,428.6671149270715,0.0,0.0,0.0
18,25,August,30,fast,fast,12.176502723768813,377.4715844368332,0.0,0.0,0.0
26,34,August,30,fast,fast,7.924244032257949,245.65156499999642,0.0,0.0,0.0
53,52,August,30,fast,fast,0.1,3.1,0.0,0.0,0.0
15,7,August,31,fast,medium,3.140568718163984,97.3576302630835,0.0,0.0,0.0
15,8,August,31,fast,fast,2.7279876085029553,84.56761586359161,0.0,0.0,0.0
18,10,August,31,fast,fast,7.920550110366111,245.53705342134944,0.0,0.0,0.0
18,25,August,31,fast,medium,25.97924973551322,805.3567418009098,0.0,0.0,0.0
15,7,August,32,medium,medium,0.1,3.1,0.0,0.0,0.0
54,55,August,32,fast,fast,0.6290479349729807,19.500485984162403,0.0,0.0,0.0
11,4,August,33,fast,fast,11.878964693614108,368.2479055020374,0.0,0.0,0.0
11,10,August,33,fast,medium,12.02310951744802,372.71639504088864,0.0,0.0,0.0
15,7,August,33,fast,medium,8.385808105049488,259.96005125653414,0.0,0.0,0.0
29,30,August,33,fast,fast,2.7349164006712012,84.78240842080724,0.0,0.0,0.0
34,27,August,33,slow,medium,1.8022825378390621,55.870758673010926,0.5,0.9011412689195311,27.935379336505463
10,9,August,34,fast,fast,5.620918173845261,174.2484633892031,0.0,0.0,0.0
10,11,August,34,fast,medium,3.8348450205950613,118.8801956384469,0.0,0.0,0.0
14,13,August,34,fast,fast,6.16640092780372,191.15842876191533,0.0,0.0,0.0
15,7,August,34,fast,medium,1.039516060216814,32.22499786672124,0.0,0.0,0.0
15,8,August,34,fast,fast,2.569430369107994,79.65234144234782,0.0,0.0,0.0
24,16,August,34,fast,fast,6.490744640496677,201.213083855397,0.0,0.0,0.0
34,27,August,34,fast,medium,12.755821372270617,395.43046254038916,0.0,0.0,0.0
39,40,August,34,fast,fast,1.6669949784225135,51.67684433109792,0.0,0.0,0.0
50,43,August,34,fast,fast,1.9037130270610447,59.01510383889239,0.0,0.0,0.0
14,13,August,35,fast,fast,23.784007173279633,737.3042223716686,0.0,0.0,0.0
15,7,August,35,fast,medium,1.3991326612903228,43.373112500000005,0.0,0.0,0.0
15,8,August,35,fast,fast,0.7630242279483621,23.653751066399224,0.0,0.0,0.0
29,30,August,35,fast,fast,8.491703611274396,263.2428119495063,0.0,0.0,0.0
44,43,August,35,fast,fast,3.299074864944984,102.27132081329451,0.0,0.0,0.0
14,13,August,36,fast,fast,20.0,620.0,0.0,0.0,0.0
15,7,August,36,fast,medium,1.3991326612903228,43.373112500000005,0.0,0.0,0.0
4,11,August,38,fast,fast,0.6994932056427352,21.68428937492479,0.0,0.0,0.0
51,43,August,39,fast,fast,2.0740279286661547,64.2948657886508,0.0,0.0,0.0
50,43,September,2,fast,fast,1.002375122423004,30.07125367269012,0.0,0.0,0.0
45,53,September,3,fast,fast,1.1871025107648663,35.61307532294599,0.0,0.0,0.0
50,43,September,3,fast,fast,0.7557997298061849,22.673991894185548,0.0,0.0,0.0
50,51,September,3,fast,medium,2.5949446983592495,77.84834095077748,0.0,0.0,0.0
45,53,September,4,fast,fast,4.3568892443349725,130.70667733004916,0.0,0.0,0.0
24,16,September,11,fast,fast,0.13487625000000003,4.046287500000001,0.0,0.0,0.0
27,34,September,14,fast,fast,8.028540684501884,240.85622053505654,0.0,0.0,0.0
15,7,September,15,medium,medium,1.4119108095908088,42.35732428772427,0.0,0.0,0.0
27,34,September,15,fast,fast,9.25228888314576,277.5686664943728,0.0,0.0,0.0
13,21,September,16,fast,fast,1.3379891547825196,40.13967464347559,0.0,0.0,0.0
15,7,September,16,fast,medium,6.481363411250868,194.44090233752604,0.0,0.0,0.0
15,8,September,16,fast,fast,13.976217278848976,419.2865183654693,0.0,0.0,0.0
30,38,September,16,fast,fast,0.3027530047000795,9.082590141002385,0.0,0.0,0.0
33,25,September,16,fast,medium,7.478117850832618,224.34353552497853,0.0,0.0,0.0
39,48,September,16,medium,medium,10.936688471155549,328.10065413466646,0.0,0.0,0.0
40,48,September,16,fast,medium,5.479473000188875,164.38419000566626,0.0,0.0,0.0
1,2,September,17,fast,medium,0.2702934422564738,8.108803267694213,0.0,0.0,0.0
1,9,September,17,fast,fast,3.4113217965987026,102.33965389796109,0.0,0.0,0.0
11,4,September,17,fast,fast,1.3972280105332882,41.91684031599864,0.0,0.0,0.0
15,7,September,17,medium,medium,31.50861765740415,945.2585297221245,0.0,0.0,0.0
15,23,September,17,medium,medium,33.35543024852534,1000.6629074557601,0.0,0.0,0.0
16,24,September,17,fast,medium,13.503823654090723,405.1147096227217,0.0,0.0,0.0
25,18,September,17,medium,medium,16.137238929102892,484.11716787308677,0.0,0.0,0.0
26,34,September,17,fast,fast,3.596571568585136,107.89714705755408,0.0,0.0,0.0
32,24,September,17,fast,medium,4.4517959106245195,133.55387731873557,0.0,0.0,0.0
33,25,September,17,fast,medium,17.475601402457215,524.2680420737165,0.0,0.0,0.0
33,26,September,17,fast,medium,21.331291330457717,639.9387399137315,0.0,0.0,0.0
43,50,September,17,fast,fast,3.0082000000001177,90.24600000000353,0.0,0.0,0.0
47,46,September,17,medium,fast,8.855377440273386,265.66132320820157,0.5,4.427688720136693,132.83066160410078
55,54,September,17,fast,fast,3.3341785593527433,100.0253567805823,0.0,0.0,0.0
15,7,September,18,slow,medium,33.0,990.0,0.5,16.5,495.0
15,22,September,18,slow,medium,32.103623667224724,963.1087100167417,0.5,16.051811833612362,481.55435500837086
15,23,September,18,slow,medium,22.063997850368395,661.9199355110518,0.5,11.031998925184197,330.9599677555259
30,29,September,18,fast,fast,9.38957679782936,281.6873039348808,0.0,0.0,0.0
41,42,September,18,fast,medium,7.213328569205231,216.39985707615693,0.0,0.0,0.0
55,54,September,18,fast,fast,1.3172169074353377,39.51650722306013,0.0,0.0,0.0
15,7,September,19,fast,medium,33.0,990.0,0.0,0.0,0.0
15,22,September,19,fast,medium,2.4217736513850525,72.65320954155158,0.0,0.0,0.0
23,16,September,19,medium,medium,23.554753565711593,706.6426069713477,0.0,0.0,0.0
23,16,September,19,medium,fast,25.0,750.0,0.5,12.5,375.0
34,27,September,19,slow,medium,2.9507728060082683,88.52318418024805,0.5,1.4753864030041342,44.261592090124026
34,42,September,19,slow,medium,1.4558175833333338,43.67452750000001,0.5,0.7279087916666669,21.837263750000005
23,16,September,20,fast,medium,18.801076349194943,564.0322904758483,0.0,0.0,0.0
36,29,September,20,fast,fast,0.47002584023778127,14.100775207133438,0.0,0.0,0.0
39,40,September,20,fast,fast,0.9584795589681789,28.754386769045368,0.0,0.0,0.0
44,43,September,20,fast,fast,3.6260394833083556,108.78118449925067,0.0,0.0,0.0
21,13,September,21,fast,fast,7.6644016998092095,229.9320509942763,0.0,0.0,0.0
39,40,September,21,fast,fast,2.4275726338671575,72.82717901601472,0.0,0.0,0.0
21,13,September,22,fast,fast,7.664401699809199,229.93205099427595,0.0,0.0,0.0
15,7,September,23,fast,medium,4.132427433800327,123.9728230140098,0.0,0.0,0.0
15,8,September,23,fast,fast,17.661586407103826,529.8475922131148,0.0,0.0,0.0
15,22,September,23,fast,fast,15.350771749785697,460.5231524935709,0.0,0.0,0.0
21,13,September,23,fast,fast,8.205212199809198,246.15636599427594,0.0,0.0,0.0
26,34,September,23,fast,fast,1.8340349903383915,55.02104971015174,0.0,0.0,0.0
52,44,September,23,fast,fast,18.057448756019852,541.7234626805955,0.0,0.0,0.0
55,54,September,23,fast,medium,8.28428957560353,248.5286872681059,0.0,0.0,0.0
7,8,September,24,fast,fast,1.153809322852183,34.61427968556549,0.0,0.0,0.0
15,8,September,24,fast,fast,23.846190677147817,715.3857203144345,0.0,0.0,0.0
15,23,September,24,fast,medium,18.02987064477543,540.8961193432629,0.0,0.0,0.0
21,13,September,24,fast,fast,7.5587595122307345,226.76278536692203,0.0,0.0,0.0
48,40,September,24,fast,medium,1.4374645490640958,43.123936471922875,0.0,0.0,0.0
15,8,September,25,fast,fast,15.61590383333322,468.4771149999966,0.0,0.0,0.0
21,13,September,25,medium,fast,0.1,3.0,0.5,0.05,1.5
25,33,September,25,fast,fast,5.501226965828799,165.03680897486396,0.0,0.0,0.0
40,39,September,25,fast,fast,1.3287343161334917,39.86202948400475,0.0,0.0,0.0
48,39,September,25,fast,fast,1.4374645490640958,43.123936471922875,0.0,0.0,0.0
15,8,September,26,fast,fast,15.615903833333334,468.477115,0.0,0.0,0.0
21,13,September,26,fast,fast,3.8493627388268514,115.48088216480554,0.0,0.0,0.0
34,27,September,26,fast,medium,11.908126418686251,357.2437925605875,0.0,0.0,0.0
40,39,September,26,fast,fast,0.1,3.0,0.0,0.0,0.0
11,4,September,27,fast,fast,2.147823399912596,64.43470199737789,0.0,0.0,0.0
15,7,September,27,fast,medium,9.272239166666669,278.16717500000004,0.0,0.0,0.0
15,8,September,27,fast,fast,23.25109944520356,697.5329833561068,0.0,0.0,0.0
40,39,September,27,fast,fast,1.612802854226679,48.38408562680037,0.0,0.0,0.0
15,7,September,28,fast,medium,9.272239166666669,278.16717500000004,0.0,0.0,0.0
15,8,September,28,fast,fast,23.724197773495273,711.7259332048582,0.0,0.0,0.0
17,9,September,28,fast,fast,4.690420966346931,140.71262899040792,0.0,0.0,0.0
17,10,September,28,fast,medium,16.604134000003675,498.12402000011025,0.0,0.0,0.0
17,10,September,28,fast,fast,4.060305066852379,121.80915200557138,0.0,0.0,0.0
17,24,September,28,fast,medium,33.37412815587456,1001.2238446762367,0.0,0.0,0.0
21,13,September,28,fast,fast,1.198913146078004,35.96739438234012,0.0,0.0,0.0
40,39,September,28,fast,fast,5.204597903364849,156.13793710094546,0.0,0.0,0.0
45,44,September,28,fast,fast,4.26227017923064,127.8681053769192,0.0,0.0,0.0
15,7,September,29,fast,medium,0.47925583333329413,14.377674999998824,0.0,0.0,0.0
15,8,September,29,fast,fast,9.919885166666552,297.59655499999656,0.0,0.0,0.0
43,44,September,29,fast,fast,20.60152934252436,618.0458802757307,0.0,0.0,0.0
15,7,September,30,fast,medium,0.47925583333321686,14.377674999996506,0.0,0.0,0.0
15,8,September,30,fast,fast,9.919885166666552,297.59655499999656,0.0,0.0,0.0
18,10,September,30,fast,fast,13.827971449256438,414.83914347769314,0.0,0.0,0.0
18,25,September,30,fast,medium,12.17650272377275,365.29508171318247,0.0,0.0,0.0
26,34,September,30,fast,fast,6.711014833333213,201.3304449999964,0.0,0.0,0.0
53,52,September,30,fast,fast,0.1,3.0,0.0,0.0,0.0
18,10,September,31,fast,fast,7.920550110362456,237.61650331087367,0.0,0.0,0.0
18,25,September,31,fast,medium,25.979249735516873,779.3774920655062,0.0,0.0,0.0
11,4,September,33,medium,fast,3.89572453202039,116.8717359606117,0.5,1.947862266010195,58.43586798030585
11,4,September,33,fast,fast,7.983240161593718,239.49720484781156,0.0,0.0,0.0
11,10,September,33,medium,medium,12.023109517448091,360.69328552344274,0.0,0.0,0.0
15,7,September,33,fast,medium,3.895724532020391,116.87173596061173,0.0,0.0,0.0
15,8,September,33,fast,fast,4.490083573029116,134.7025071908735,0.0,0.0,0.0
29,30,September,33,fast,fast,2.734916400671217,82.04749202013652,0.0,0.0,0.0
34,27,September,33,medium,medium,1.8022825378390621,54.06847613517186,0.0,0.0,0.0
10,9,September,34,fast,fast,0.912704418468917,27.381132554067513,0.0,0.0,0.0
10,11,September,34,fast,medium,8.543058775971407,256.2917632791422,0.0,0.0,0.0
24,16,September,34,fast,fast,6.490744640496689,194.72233921490067,0.0,0.0,0.0
34,27,September,34,medium,medium,12.755821372270617,382.6746411681185,0.0,0.0,0.0
50,43,September,34,medium,fast,1.9037130270610447,57.11139081183134,0.5,0.9518565135305224,28.55569540591567
14,13,September,35,fast,fast,23.784007173279633,713.520215198389,0.0,0.0,0.0
29,30,September,35,fast,fast,8.491703611274396,254.75110833823186,0.0,0.0,0.0
44,43,September,35,fast,fast,3.299074864944984,98.97224594834952,0.0,0.0,0.0
14,13,September,36,fast,fast,15.095364459885063,452.8609337965519,0.0,0.0,0.0
4,11,September,38,fast,fast,0.6994932056427352,20.984796169282056,0.0,0.0,0.0
51,43,September,39,fast,fast,2.0740279286661547,62.22083785998464,0.0,0.0,0.0
50,43,October,2,fast,fast,1.002375122423004,31.073628795113123,0.0,0.0,0.0
45,53,October,3,fast,fast,1.1871025107648663,36.800177833710855,0.0,0.0,0.0
50,43,October,3,fast,medium,0.7557997298061847,23.429791623991726,0.0,0.0,0.0
50,51,October,3,fast,medium,2.5949446983592495,80.44328564913673,0.0,0.0,0.0
45,53,October,4,fast,fast,4.3568892443349725,135.06356657438414,0.0,0.0,0.0
27,34,October,14,fast,fast,8.028540684501941,248.88476121956018,0.0,0.0,0.0
27,34,October,15,fast,fast,9.252288883145738,286.82095537751786,0.0,0.0,0.0
13,21,October,16,fast,medium,1.3379891547826048,41.47766379826075,0.0,0.0,0.0
15,7,October,16,fast,medium,6.48136341125203,200.92226574881292,0.0,0.0,0.0
15,8,October,16,fast,fast,13.976217278847797,433.2627356442817,0.0,0.0,0.0
30,38,October,16,fast,fast,0.3027530047000795,9.385343145702464,0.0,0.0,0.0
33,25,October,16,medium,medium,7.478117850833058,231.8216533758248,0.0,0.0,0.0
39,48,October,16,medium,medium,10.936688471155477,339.0373426058198,0.0,0.0,0.0
40,48,October,16,medium,medium,5.47947300018879,169.8636630058525,0.0,0.0,0.0
1,2,October,17,fast,medium,0.27029344225643825,8.379096709949586,0.0,0.0,0.0
1,9,October,17,fast,medium,3.411321796598701,105.75097569455973,0.0,0.0,0.0
15,7,October,17,fast,medium,31.50861765740415,976.7671473795288,0.0,0.0,0.0
15,23,October,17,fast,medium,33.3554302485253,1034.0183377042842,0.0,0.0,0.0
16,24,October,17,fast,medium,13.503823654090723,418.6185332768124,0.0,0.0,0.0
25,18,October,17,fast,medium,16.137238929102864,500.2544068021888,0.0,0.0,0.0
26,34,October,17,fast,fast,3.5965715685851194,111.4937186261387,0.0,0.0,0.0
32,24,October,17,medium,medium,4.451795910618273,138.00567322916646,0.0,0.0,0.0
33,25,October,17,fast,medium,17.475601402457187,541.7436434761728,0.0,0.0,0.0
33,26,October,17,fast,medium,21.331291330458157,661.2700312442029,0.0,0.0,0.0
43,50,October,17,fast,fast,2.506715844364386,77.70819117529598,0.0,0.0,0.0
47,46,October,17,fast,fast,8.855377440273605,274.51670064848173,0.0,0.0,0.0
15,7,October,18,medium,medium,33.0,1023.0,0.0,0.0,0.0
15,22,October,18,medium,medium,24.35497605018943,755.0042575558723,0.0,0.0,0.0
15,22,October,18,medium,fast,7.748647617035295,240.20807612809415,0.5,3.8743238085176475,120.10403806404707
15,23,October,18,medium,medium,22.063997850368395,683.9839333614202,0.0,0.0,0.0
30,29,October,18,fast,fast,3.2652588549217967,101.2230245025757,0.0,0.0,0.0
41,42,October,18,fast,medium,7.213328569205231,223.61318564536217,0.0,0.0,0.0
15,7,October,19,medium,medium,33.0,1023.0,0.0,0.0,0.0
15,22,October,19,medium,medium,2.4217736513850308,75.07498319293596,0.0,0.0,0.0
23,16,October,19,fast,medium,48.55475356571159,1505.1973605370595,0.0,0.0,0.0
23,16,October,20,fast,medium,18.801076349194943,582.8333668250432,0.0,0.0,0.0
36,29,October,20,fast,fast,0.47002584023778127,14.57080104737122,0.0,0.0,0.0
15,7,October,23,fast,medium,4.132427433800327,128.10525044781014,0.0,0.0,0.0
15,8,October,23,fast,fast,17.66158640710273,547.5091786201847,0.0,0.0,0.0
15,22,October,23,fast,fast,15.350771749785697,475.8739242433566,0.0,0.0,0.0
52,44,October,23,fast,fast,12.062127433278174,373.9259504316234,0.0,0.0,0.0
52,53,October,23,fast,fast,5.9953213227416775,185.854961004992,0.0,0.0,0.0
55,54,October,23,fast,medium,8.28428957560353,256.81297684370946,0.0,0.0,0.0
7,8,October,24,fast,fast,1.153809322852183,35.768089008417675,0.0,0.0,0.0
15,8,October,24,fast,fast,23.846190677147817,739.2319109915824,0.0,0.0,0.0
15,23,October,24,fast,fast,18.029870644775414,558.9259899880378,0.0,0.0,0.0
48,40,October,24,medium,fast,1.437464549063698,44.561401020974635,0.5,0.718732274531849,22.280700510487318
15,8,October,25,fast,fast,6.726251854838594,208.5138074999964,0.0,0.0,0.0
48,39,October,25,fast,fast,1.4374645490638684,44.56140102097992,0.0,0.0,0.0
15,8,October,26,fast,fast,10.17217941954727,315.33756200596537,0.0,0.0,0.0
34,27,October,26,medium,medium,6.408126418686166,198.65191897927116,0.0,0.0,0.0
11,4,October,27,fast,fast,2.147823399912596,66.58252539729048,0.0,0.0,0.0
15,7,October,27,fast,medium,7.52333861187023,233.22349696797713,0.0,0.0,0.0
15,8,October,27,fast,fast,25.0,775.0,0.0,0.0,0.0
15,7,October,28,fast,medium,7.996436940161999,247.88954514502197,0.0,0.0,0.0
15,8,October,28,fast,fast,25.0,775.0,0.0,0.0,0.0
17,9,October,28,fast,fast,4.690420966346931,145.40304995675487,0.0,0.0,0.0
17,10,October,28,fast,fast,4.060305066856046,125.86945707253741,0.0,0.0,0.0
17,24,October,28,fast,medium,49.97826215587459,1549.3261268321123,0.0,0.0,0.0
45,44,October,28,fast,fast,4.26227017923064,132.13037555614983,0.0,0.0,0.0
15,8,October,29,fast,fast,2.918474354838594,90.47270499999641,0.0,0.0,0.0
43,50,October,29,fast,fast,20.601529342524373,638.6474096182556,0.0,0.0,0.0
15,8,October,30,fast,fast,2.9184743548387093,90.47270499999999,0.0,0.0,0.0
18,10,October,30,fast,fast,13.827971449260371,428.6671149270715,0.0,0.0,0.0
18,25,October,30,fast,fast,12.176502723768817,377.4715844368333,0.0,0.0,0.0
53,52,October,30,fast,fast,0.1,3.1,0.0,0.0,0.0
18,10,October,31,fast,fast,7.920550110366111,245.53705342134944,0.0,0.0,0.0
18,25,October,31,fast,medium,25.979249735513218,805.3567418009097,0.0,0.0,0.0
11,4,October,33,medium,fast,11.878964693614108,368.2479055020374,0.5,5.939482346807054,184.1239527510187
11,10,October,33,medium,fast,12.023109517448091,372.7163950408908,0.5,6.011554758724046,186.3581975204454
15,8,October,33,fast,fast,8.385808105049506,259.9600512565347,0.0,0.0,0.0
29,30,October,33,fast,fast,2.734916400671217,84.78240842080774,0.0,0.0,0.0
34,27,October,33,fast,medium,1.8022825378390621,55.870758673010926,0.0,0.0,0.0
10,11,October,34,fast,medium,9.455763194440323,293.12865902765,0.0,0.0,0.0
24,16,October,34,fast,fast,6.490744640496665,201.2130838553966,0.0,0.0,0.0
34,27,October,34,medium,medium,12.755821372270617,395.43046254038916,0.0,0.0,0.0
50,43,October,34,fast,fast,1.9037130270610447,59.01510383889239,0.0,0.0,0.0
14,13,October,35,fast,fast,23.784007173279633,737.3042223716686,0.0,0.0,0.0
29,30,October,35,fast,fast,8.491703611274396,263.2428119495063,0.0,0.0,0.0
44,43,October,35,fast,fast,3.29907486494497,102.27132081329407,0.0,0.0,0.0
14,13,October,36,fast,fast,15.095364459885062,467.9562982564369,0.0,0.0,0.0
4,11,October,38,fast,fast,0.6994932056427352,21.68428937492479,0.0,0.0,0.0
51,43,October,39,fast,fast,2.0740279286661547,64.2948657886508,0.0,0.0,0.0
50,43,November,2,fast,fast,1.002375122423004,30.07125367269012,0.0,0.0,0.0
45,53,November,3,fast,fast,1.1871025107648663,35.61307532294599,0.0,0.0,0.0
50,43,November,3,fast,medium,0.7557997298061859,22.673991894185576,0.0,0.0,0.0
50,51,November,3,fast,medium,2.5949446983592486,77.84834095077746,0.0,0.0,0.0
45,53,November,4,fast,fast,4.3568892443349725,130.70667733004916,0.0,0.0,0.0
27,34,November,14,fast,fast,8.028540684501884,240.85622053505654,0.0,0.0,0.0
27,34,November,15,fast,fast,9.25228888314576,277.5686664943728,0.0,0.0,0.0
13,21,November,16,fast,fast,1.3379891547826048,40.139674643478145,0.0,0.0,0.0
15,7,November,16,fast,medium,6.481363411250856,194.44090233752567,0.0,0.0,0.0
15,8,November,16,fast,fast,13.976217278847798,419.28651836543395,0.0,0.0,0.0
30,38,November,16,fast,fast,0.302753004700076,9.08259014100228,0.0,0.0,0.0
33,25,November,16,fast,fast,7.478117850833058,224.34353552499175,0.0,0.0,0.0
39,48,November,16,medium,medium,10.936688471155477,328.1006541346643,0.0,0.0,0.0
40,48,November,16,fast,medium,5.47947300018879,164.3841900056637,0.0,0.0,0.0
1,2,November,17,fast,medium,0.2702934422569534,8.108803267708602,0.0,0.0,0.0
1,9,November,17,fast,medium,3.4113217965986964,102.33965389796089,0.0,0.0,0.0
15,7,November,17,medium,medium,31.50861765740415,945.2585297221245,0.0,0.0,0.0
15,23,November,17,medium,medium,33.35543024852538,1000.6629074557613,0.0,0.0,0.0
16,24,November,17,fast,medium,13.503823654090851,405.1147096227255,0.0,0.0,0.0
25,18,November,17,fast,medium,16.137238929103308,484.1171678730992,0.0,0.0,0.0
26,34,November,17,fast,fast,3.5965715685851296,107.8971470575539,0.0,0.0,0.0
32,24,November,17,fast,medium,4.451795910624412,133.55387731873236,0.0,0.0,0.0
33,25,November,17,fast,medium,17.475601402457627,524.2680420737288,0.0,0.0,0.0
33,26,November,17,fast,medium,21.331291330457717,639.9387399137315,0.0,0.0,0.0
43,50,November,17,fast,fast,2.506715844364386,75.20147533093159,0.0,0.0,0.0
47,46,November,17,fast,fast,8.855377440273415,265.6613232082025,0.0,0.0,0.0
15,7,November,18,fast,medium,33.0,990.0,0.0,0.0,0.0
15,22,November,18,fast,medium,32.103623667224724,963.1087100167417,0.0,0.0,0.0
15,23,November,18,fast,fast,22.063997850368395,661.9199355110518,0.0,0.0,0.0
30,29,November,18,fast,fast,3.2652588549217967,97.9577656476539,0.0,0.0,0.0
41,42,November,18,medium,medium,7.213328569205231,216.39985707615693,0.0,0.0,0.0
15,7,November,19,fast,medium,33.0,990.0,0.0,0.0,0.0
15,22,November,19,fast,medium,2.4217736513850525,72.65320954155158,0.0,0.0,0.0
23,16,November,19,fast,medium,48.55475356571159,1456.6426069713477,0.0,0.0,0.0
23,16,November,20,fast,medium,18.801076349195284,564.0322904758585,0.0,0.0,0.0
36,29,November,20,fast,fast,0.47002584023778127,14.100775207133438,0.0,0.0,0.0
15,7,November,23,fast,medium,4.132427433800327,123.9728230140098,0.0,0.0,0.0
15,8,November,23,fast,fast,17.661586407103826,529.8475922131148,0.0,0.0,0.0
15,22,November,23,fast,fast,15.350771749785697,460.5231524935709,0.0,0.0,0.0
52,44,November,23,medium,fast,12.062127433278173,361.8638229983452,0.5,6.031063716639086,180.9319114991726
52,53,November,23,medium,fast,5.995321322741678,179.85963968225036,0.5,2.997660661370839,89.92981984112518
55,54,November,23,fast,medium,8.28428957560353,248.5286872681059,0.0,0.0,0.0
7,8,November,24,fast,fast,1.153809322852183,34.61427968556549,0.0,0.0,0.0
15,8,November,24,fast,fast,23.846190677147817,715.3857203144345,0.0,0.0,0.0
15,23,November,24,fast,medium,18.02987064477543,540.8961193432629,0.0,0.0,0.0
48,40,November,24,fast,medium,1.4374645490640319,43.123936471920956,0.0,0.0,0.0
15,8,November,25,fast,fast,3.603422666666667,108.10268,0.0,0.0,0.0
48,39,November,25,fast,fast,1.4374645490640319,43.123936471920956,0.0,0.0,0.0
15,8,November,26,fast,fast,10.172179419547255,305.16538258641765,0.0,0.0,0.0
34,27,November,26,fast,medium,6.408126418686166,192.24379256058498,0.0,0.0,0.0
11,4,November,27,fast,fast,2.147823399912596,64.43470199737789,0.0,0.0,0.0
15,7,November,27,fast,medium,7.52333861187023,225.7001583561069,0.0,0.0,0.0
15,8,November,27,fast,fast,25.0,750.0,0.0,0.0,0.0
15,7,November,28,fast,medium,7.996436940161942,239.89310820485827,0.0,0.0,0.0
15,8,November,28,fast,fast,25.0,750.0,0.0,0.0,0.0
17,9,November,28,fast,fast,4.690420966346917,140.7126289904075,0.0,0.0,0.0
17,10,November,28,fast,fast,4.060305066856046,121.80915200568137,0.0,0.0,0.0
17,24,November,28,fast,medium,49.97826215587462,1499.3478646762385,0.0,0.0,0.0
45,44,November,28,fast,fast,4.26227017923064,127.8681053769192,0.0,0.0,0.0
43,50,November,29,fast,fast,20.601529342524373,618.0458802757312,0.0,0.0,0.0
18,10,November,30,fast,fast,13.827971449260371,414.83914347781115,0.0,0.0,0.0
18,25,November,30,fast,medium,12.176502723768817,365.2950817130645,0.0,0.0,0.0
53,52,November,30,fast,fast,0.1,3.0,0.0,0.0,0.0
18,10,November,31,fast,fast,7.920550110366111,237.61650331098335,0.0,0.0,0.0
18,25,November,31,fast,medium,25.97924973551322,779.3774920653966,0.0,0.0,0.0
11,4,November,33,fast,fast,11.878964693614108,356.36894080842325,0.0,0.0,0.0
11,10,November,33,fast,medium,12.023109517448091,360.69328552344274,0.0,0.0,0.0
15,8,November,33,fast,fast,8.385808105049508,251.57424315148523,0.0,0.0,0.0
29,30,November,33,fast,fast,2.734916400671217,82.04749202013652,0.0,0.0,0.0
34,27,November,33,fast,medium,1.8022825378390621,54.06847613517186,0.0,0.0,0.0
10,9,November,34,fast,fast,9.455763194440323,283.6728958332097,0.0,0.0,0.0
24,16,November,34,fast,fast,6.490744640496677,194.72233921490033,0.0,0.0,0.0
34,27,November,34,medium,medium,12.755821372270617,382.6746411681185,0.0,0.0,0.0
50,43,November,34,fast,fast,1.9037130270610447,57.11139081183134,0.0,0.0,0.0
14,13,November,35,fast,fast,23.784007173279633,713.520215198389,0.0,0.0,0.0
29,30,November,35,fast,fast,8.491703611274396,254.75110833823186,0.0,0.0,0.0
44,43,November,35,fast,fast,3.299074864944985,98.97224594834955,0.0,0.0,0.0
14,13,November,36,slow,fast,15.095364459885062,452.8609337965519,1.0,15.095364459885062,452.8609337965519
4,11,November,38,fast,fast,0.6994932056427352,20.984796169282056,0.0,0.0,0.0
51,43,November,39,fast,fast,2.0740279286661547,62.22083785998464,0.0,0.0,0.0
50,43,December,2,fast,medium,1.002375122423004,31.073628795113123,0.0,0.0,0.0
45,53,December,3,fast,fast,1.1871025107648663,36.800177833710855,0.0,0.0,0.0
50,43,December,3,fast,fast,0.7557997298061849,23.429791623991733,0.0,0.0,0.0
50,51,December,3,fast,medium,2.5949446983592495,80.44328564913673,0.0,0.0,0.0
45,53,December,4,fast,fast,4.356889244334958,135.0635665743837,0.0,0.0,0.0
27,34,December,14,fast,fast,8.028540684501941,248.88476121956018,0.0,0.0,0.0
27,34,December,15,fast,fast,9.252288883145653,286.82095537751525,0.0,0.0,0.0
13,21,December,16,fast,fast,1.3379891547826048,41.47766379826075,0.0,0.0,0.0
15,7,December,16,fast,medium,6.481363411250868,200.9222657487769,0.0,0.0,0.0
15,8,December,16,fast,fast,13.976217278847797,433.2627356442817,0.0,0.0,0.0
30,38,December,16,fast,fast,0.3027530047000795,9.385343145702464,0.0,0.0,0.0
33,25,December,16,fast,fast,7.478117850833051,231.82165337582458,0.0,0.0,0.0
39,48,December,16,medium,medium,10.936688471155477,339.0373426058198,0.0,0.0,0.0
40,48,December,16,fast,medium,5.47947300018879,169.8636630058525,0.0,0.0,0.0
1,2,December,17,fast,medium,0.27029344225694985,8.379096709965445,0.0,0.0,0.0
1,9,December,17,fast,fast,3.411321796598702,105.75097569455977,0.0,0.0,0.0
15,7,December,17,fast,medium,31.50861765740415,976.7671473795288,0.0,0.0,0.0
15,23,December,17,fast,medium,33.35543024852539,1034.018337704287,0.0,0.0,0.0
16,24,December,17,fast,medium,13.503823654090723,418.6185332768124,0.0,0.0,0.0
25,18,December,17,fast,medium,16.137238929103074,500.25440680219526,0.0,0.0,0.0
26,34,December,17,fast,fast,3.596571568585136,111.49371862613921,0.0,0.0,0.0
32,24,December,17,slow,medium,4.451795910624598,138.00567322936251,0.5,2.225897955312299,69.00283661468126
33,25,December,17,medium,medium,17.4756014024574,541.7436434761794,0.0,0.0,0.0
33,26,December,17,medium,medium,21.331291330457944,661.2700312441963,0.0,0.0,0.0
43,50,December,17,fast,fast,2.506715844364386,77.70819117529598,0.0,0.0,0.0
47,46,December,17,fast,medium,8.855377440273571,274.5167006484807,0.0,0.0,0.0
15,7,December,18,fast,medium,33.0,1023.0,0.0,0.0,0.0
15,22,December,18,fast,medium,32.10362366722448,995.212333683959,0.0,0.0,0.0
15,23,December,18,fast,medium,22.0639978503684,683.9839333614203,0.0,0.0,0.0
30,29,December,18,fast,fast,3.2652588549217043,101.22302450257283,0.0,0.0,0.0
41,42,December,18,medium,medium,7.213328569205231,223.61318564536217,0.0,0.0,0.0
15,7,December,19,medium,medium,33.0,1023.0,0.0,0.0,0.0
15,22,December,19,medium,medium,2.4217736513849744,75.07498319293421,0.0,0.0,0.0
23,16,December,19,slow,medium,23.554753565711593,730.1973605370594,0.5,11.777376782855796,365.0986802685297
23,16,December,19,slow,fast,1.445246434288407,44.80263946294062,1.0,1.445246434288407,44.80263946294062
23,16,December,19,medium,fast,23.554753565711593,730.1973605370594,0.5,11.777376782855796,365.0986802685297
23,16,December,20,fast,fast,18.801076349195284,582.8333668250539,0.0,0.0,0.0
36,29,December,20,fast,fast,0.47002584023778127,14.57080104737122,0.0,0.0,0.0
12,19,December,23,medium,medium,1.2079800000000005,37.44738000000002,0.0,0.0,0.0
15,7,December,23,fast,medium,4.132427433800377,128.10525044781167,0.0,0.0,0.0
15,8,December,23,fast,fast,17.66158640710273,547.5091786201847,0.0,0.0,0.0
15,22,December,23,fast,fast,15.350771749785697,475.8739242433566,0.0,0.0,0.0
52,44,December,23,fast,fast,12.062127433278174,373.9259504316234,0.0,0.0,0.0
52,53,December,23,fast,fast,5.9953213227416775,185.854961004992,0.0,0.0,0.0
55,54,December,23,fast,medium,8.28428957560353,256.81297684370946,0.0,0.0,0.0
7,8,December,24,fast,fast,1.153809322852183,35.768089008417675,0.0,0.0,0.0
15,8,December,24,fast,fast,23.846190677147817,739.2319109915824,0.0,0.0,0.0
15,23,December,24,fast,fast,18.029870644775414,558.9259899880378,0.0,0.0,0.0
48,40,December,24,fast,medium,1.4374645490635345,44.56140102096957,0.0,0.0,0.0
15,8,December,25,fast,fast,0.7428448387091846,23.028189999984722,0.0,0.0,0.0
48,39,December,25,fast,fast,1.4374645490638187,44.56140102097838,0.0,0.0,0.0
15,8,December,26,fast,fast,10.17217941954727,315.33756200596537,0.0,0.0,0.0
34,27,December,26,fast,medium,6.408126418686102,198.65191897926917,0.0,0.0,0.0
11,4,December,27,fast,fast,2.147823399912596,66.58252539729048,0.0,0.0,0.0
15,7,December,27,fast,medium,7.52333861187023,233.22349696797713,0.0,0.0,0.0
15,8,December,27,fast,fast,25.0,775.0,0.0,0.0,0.0
15,7,December,28,fast,medium,7.996436940161942,247.8895451450202,0.0,0.0,0.0
15,8,December,28,fast,fast,25.0,775.0,0.0,0.0,0.0
17,9,December,28,fast,fast,4.690420966346931,145.40304995675487,0.0,0.0,0.0
17,10,December,28,fast,fast,4.060305066856046,125.86945707253741,0.0,0.0,0.0
17,24,December,28,medium,medium,49.97826215587459,1549.3261268321123,0.0,0.0,0.0
45,44,December,28,fast,fast,4.26227017923064,132.13037555614983,0.0,0.0,0.0
43,50,December,29,fast,fast,20.601529342524373,638.6474096182556,0.0,0.0,0.0
18,10,December,30,fast,fast,13.827971449260371,428.6671149270715,0.0,0.0,0.0
18,25,December,30,fast,medium,12.176502723768813,377.4715844368332,0.0,0.0,0.0
53,52,December,30,fast,fast,0.1,3.1,0.0,0.0,0.0
18,10,December,31,fast,fast,7.920550110366111,245.53705342134944,0.0,0.0,0.0
18,25,December,31,fast,medium,25.97924973551322,805.3567418009098,0.0,0.0,0.0
11,4,December,33,fast,fast,11.878964693614108,368.2479055020374,0.0,0.0,0.0
11,10,December,33,fast,medium,12.023109517448091,372.7163950408908,0.0,0.0,0.0
15,8,December,33,fast,fast,8.385808105049506,259.9600512565347,0.0,0.0,0.0
29,30,December,33,fast,fast,2.734916400671217,84.78240842080774,0.0,0.0,0.0
34,27,December,33,fast,medium,1.8022825378390621,55.870758673010926,0.0,0.0,0.0
10,11,December,34,fast,fast,9.455763194440522,293.12865902765617,0.0,0.0,0.0
24,16,December,34,fast,fast,6.490744640496689,201.21308385539734,0.0,0.0,0.0
34,27,December,34,fast,medium,12.755821372270617,395.43046254038916,0.0,0.0,0.0
50,43,December,34,fast,fast,1.9037130270610447,59.01510383889239,0.0,0.0,0.0
14,13,December,35,fast,fast,23.784007173279633,737.3042223716686,0.0,0.0,0.0
29,30,December,35,fast,fast,8.491703611274396,263.2428119495063,0.0,0.0,0.0
44,43,December,35,fast,fast,3.299074864944977,102.2713208132943,0.0,0.0,0.0
14,13,December,36,fast,fast,15.095364459885062,467.9562982564369,0.0,0.0,0.0
4,11,December,38,fast,fast,0.6994932056427352,21.68428937492479,0.0,0.0,0.0
51,43,December,39,fast,fast,2.0740279286661547,64.2948657886508,0.0,0.0,0.0
